<?xml version="1.0" encoding="UTF-8"?>
<gpx
version="1.1"
creator="OpenTracks"
xmlns="http://www.topografix.com/GPX/1/1"
xmlns:topografix="http://www.topografix.com/GPX/Private/TopoGrafix/0/1"
xmlns:xsi="http://www.w3.org/2001/XMLSchema-instance"
xmlns:opentracks="http://opentracksapp.com/xmlschemas/v1"
xmlns:gpxtpx="http://www.garmin.com/xmlschemas/TrackPointExtension/v2"
xmlns:gpxtrkx="http://www.garmin.com/xmlschemas/TrackStatsExtension/v1"
xmlns:cluetrust="http://www.cluetrust.com/Schemas/"
xmlns:pwr="http://www.garmin.com/xmlschemas/PowerExtension/v1"
xsi:schemaLocation="http://www.topografix.com/GPX/1/1 http://www.topografix.com/GPX/1/1/gpx.xsd http://www.topografix.com/GPX/Private/TopoGrafix/0/1 http://www.topografix.com/GPX/Private/TopoGrafix/0/1/topografix.xsd http://www.garmin.com/xmlschemas/TrackPointExtension/v2 https://www8.garmin.com/xmlschemas/TrackPointExtensionv2.xsd http://www.garmin.com/xmlschemas/PowerExtension/v1 https://www8.garmin.com/xmlschemas/PowerExtensionv1.xsd http://www.garmin.com/xmlschemas/TrackStatsExtension/v1 https://www8.garmin.com/xmlschemas/TrackStatsExtension.xsd http://www.cluetrust.com/Schemas https://www.cluetrust.com/Schemas/gpxdata10.xsd http://opentracksapp.com/xmlschemas/v1 http://opentracksapp.com/xmlschemas/OpenTracks_v1.xsd">
<trk>
<name><![CDATA[2026-07-27T07:01-06]]></name>
<desc><![CDATA[]]></desc>
<type><![CDATA[cycling]]></type>
<extensions>
<topografix:color>c0c0c0</topografix:color>
<opentracks:trackid>7b7d7640-237c-4cc6-a33c-4be406cbe06f</opentracks:trackid>
<opentracks:typeTranslated><![CDATA[cycling]]></opentracks:typeTranslated>
<gpxtrkx:TrackStatsExtension>
<gpxtrkx:Distance>13413.2802734375</gpxtrkx:Distance>
<gpxtrkx:TimerTime>2596</gpxtrkx:TimerTime>
<gpxtrkx:MovingTime>2323</gpxtrkx:MovingTime>
<gpxtrkx:StoppedTime>272</gpxtrkx:StoppedTime>
<gpxtrkx:MaxSpeed>10.31046199798584</gpxtrkx:MaxSpeed>
</gpxtrkx:TrackStatsExtension>
</extensions>
<trkseg>
<trkpt lat="50.464793" lon="-104.536661">
<ele>568.8</ele>
<time>2026-07-27T07:01:50.537-06:00</time>
<extensions>
<gpxtpx:TrackPointExtension>
<gpxtpx:speed>0</gpxtpx:speed>
</gpxtpx:TrackPointExtension>
<opentracks:accuracy_horizontal>3.355</opentracks:accuracy_horizontal></extensions>
</trkpt>
<trkpt lat="50.464779" lon="-104.536651">
<ele>570.8</ele>
<time>2026-07-27T07:01:59.547-06:00</time>
<extensions>
<gpxtpx:TrackPointExtension>
<gpxtpx:speed>0</gpxtpx:speed>
</gpxtpx:TrackPointExtension>
<opentracks:accuracy_horizontal>3.225</opentracks:accuracy_horizontal></extensions>
</trkpt>
<trkpt lat="50.464677" lon="-104.536623">
<ele>568.4</ele>
<time>2026-07-27T07:02:13.56-06:00</time>
<extensions>
<gpxtpx:TrackPointExtension>
<gpxtpx:speed>2.5</gpxtpx:speed>
</gpxtpx:TrackPointExtension>
<opentracks:accuracy_horizontal>1.758</opentracks:accuracy_horizontal></extensions>
</trkpt>
<trkpt lat="50.464583" lon="-104.53658">
<ele>568.5</ele>
<time>2026-07-27T07:02:17.579-06:00</time>
<extensions>
<gpxtpx:TrackPointExtension>
<gpxtpx:speed>2.62</gpxtpx:speed>
</gpxtpx:TrackPointExtension>
<opentracks:accuracy_horizontal>2.39</opentracks:accuracy_horizontal></extensions>
</trkpt>
<trkpt lat="50.464502" lon="-104.536514">
<ele>568.1</ele>
<time>2026-07-27T07:02:21.584-06:00</time>
<extensions>
<gpxtpx:TrackPointExtension>
<gpxtpx:speed>2.5</gpxtpx:speed>
</gpxtpx:TrackPointExtension>
<opentracks:accuracy_horizontal>2.201</opentracks:accuracy_horizontal></extensions>
</trkpt>
<trkpt lat="50.464403" lon="-104.536483">
<ele>567.6</ele>
<time>2026-07-27T07:02:25.53-06:00</time>
<extensions>
<gpxtpx:TrackPointExtension>
<gpxtpx:speed>1.97</gpxtpx:speed>
</gpxtpx:TrackPointExtension>
<opentracks:accuracy_horizontal>2.764</opentracks:accuracy_horizontal></extensions>
</trkpt>
<trkpt lat="50.46437" lon="-104.536461">
<ele>567.8</ele>
<time>2026-07-27T07:02:35.536-06:00</time>
<extensions>
<gpxtpx:TrackPointExtension>
<gpxtpx:speed>2</gpxtpx:speed>
</gpxtpx:TrackPointExtension>
<opentracks:accuracy_horizontal>3.22</opentracks:accuracy_horizontal></extensions>
</trkpt>
<trkpt lat="50.464298" lon="-104.536282">
<ele>566.8</ele>
<time>2026-07-27T07:02:39.526-06:00</time>
<extensions>
<gpxtpx:TrackPointExtension>
<gpxtpx:speed>4.69</gpxtpx:speed>
</gpxtpx:TrackPointExtension>
<opentracks:accuracy_horizontal>3.007</opentracks:accuracy_horizontal></extensions>
</trkpt>
<trkpt lat="50.464292" lon="-104.53613">
<ele>566.6</ele>
<time>2026-07-27T07:02:41.527-06:00</time>
<extensions>
<gpxtpx:TrackPointExtension>
<gpxtpx:speed>4.81</gpxtpx:speed>
</gpxtpx:TrackPointExtension>
<opentracks:accuracy_horizontal>3.014</opentracks:accuracy_horizontal></extensions>
</trkpt>
<trkpt lat="50.464321" lon="-104.535948">
<ele>566.2</ele>
<time>2026-07-27T07:02:43.537-06:00</time>
<extensions>
<gpxtpx:TrackPointExtension>
<gpxtpx:speed>5.91</gpxtpx:speed>
</gpxtpx:TrackPointExtension>
<opentracks:accuracy_horizontal>2.914</opentracks:accuracy_horizontal></extensions>
</trkpt>
<trkpt lat="50.464353" lon="-104.535763">
<ele>566</ele>
<time>2026-07-27T07:02:45.536-06:00</time>
<extensions>
<gpxtpx:TrackPointExtension>
<gpxtpx:speed>6.42</gpxtpx:speed>
</gpxtpx:TrackPointExtension>
<opentracks:accuracy_horizontal>2.959</opentracks:accuracy_horizontal></extensions>
</trkpt>
<trkpt lat="50.464386" lon="-104.535573">
<ele>565.9</ele>
<time>2026-07-27T07:02:47.52-06:00</time>
<extensions>
<gpxtpx:TrackPointExtension>
<gpxtpx:speed>6.52</gpxtpx:speed>
</gpxtpx:TrackPointExtension>
<opentracks:accuracy_horizontal>2.986</opentracks:accuracy_horizontal></extensions>
</trkpt>
<trkpt lat="50.464426" lon="-104.535401">
<ele>566.3</ele>
<time>2026-07-27T07:02:49.533-06:00</time>
<extensions>
<gpxtpx:TrackPointExtension>
<gpxtpx:speed>5.81</gpxtpx:speed>
</gpxtpx:TrackPointExtension>
<opentracks:accuracy_horizontal>4.132</opentracks:accuracy_horizontal></extensions>
</trkpt>
<trkpt lat="50.464417" lon="-104.535241">
<ele>566.8</ele>
<time>2026-07-27T07:02:51.532-06:00</time>
<extensions>
<gpxtpx:TrackPointExtension>
<gpxtpx:speed>5.33</gpxtpx:speed>
</gpxtpx:TrackPointExtension>
<opentracks:accuracy_horizontal>3.928</opentracks:accuracy_horizontal></extensions>
</trkpt>
<trkpt lat="50.464314" lon="-104.535149">
<ele>565.4</ele>
<time>2026-07-27T07:02:53.532-06:00</time>
<extensions>
<gpxtpx:TrackPointExtension>
<gpxtpx:speed>5.62</gpxtpx:speed>
</gpxtpx:TrackPointExtension>
<opentracks:accuracy_horizontal>3.928</opentracks:accuracy_horizontal></extensions>
</trkpt>
<trkpt lat="50.464185" lon="-104.535121">
<ele>565.1</ele>
<time>2026-07-27T07:02:55.54-06:00</time>
<extensions>
<gpxtpx:TrackPointExtension>
<gpxtpx:speed>5.7</gpxtpx:speed>
</gpxtpx:TrackPointExtension>
<opentracks:accuracy_horizontal>4.089</opentracks:accuracy_horizontal></extensions>
</trkpt>
<trkpt lat="50.46406" lon="-104.535096">
<ele>565.3</ele>
<time>2026-07-27T07:02:57.542-06:00</time>
<extensions>
<gpxtpx:TrackPointExtension>
<gpxtpx:speed>6.21</gpxtpx:speed>
</gpxtpx:TrackPointExtension>
<opentracks:accuracy_horizontal>4.131</opentracks:accuracy_horizontal></extensions>
</trkpt>
<trkpt lat="50.463939" lon="-104.535048">
<ele>565.1</ele>
<time>2026-07-27T07:02:59.527-06:00</time>
<extensions>
<gpxtpx:TrackPointExtension>
<gpxtpx:speed>5.93</gpxtpx:speed>
</gpxtpx:TrackPointExtension>
<opentracks:accuracy_horizontal>4.131</opentracks:accuracy_horizontal></extensions>
</trkpt>
<trkpt lat="50.463836" lon="-104.535011">
<ele>565.1</ele>
<time>2026-07-27T07:03:01.543-06:00</time>
<extensions>
<gpxtpx:TrackPointExtension>
<gpxtpx:speed>5.66</gpxtpx:speed>
</gpxtpx:TrackPointExtension>
<opentracks:accuracy_horizontal>4.131</opentracks:accuracy_horizontal></extensions>
</trkpt>
<trkpt lat="50.463749" lon="-104.534966">
<ele>565.8</ele>
<time>2026-07-27T07:03:03.531-06:00</time>
<extensions>
<gpxtpx:TrackPointExtension>
<gpxtpx:speed>5.59</gpxtpx:speed>
</gpxtpx:TrackPointExtension>
<opentracks:accuracy_horizontal>4.071</opentracks:accuracy_horizontal></extensions>
</trkpt>
<trkpt lat="50.46365" lon="-104.534928">
<ele>565.6</ele>
<time>2026-07-27T07:03:05.53-06:00</time>
<extensions>
<gpxtpx:TrackPointExtension>
<gpxtpx:speed>4.92</gpxtpx:speed>
</gpxtpx:TrackPointExtension>
<opentracks:accuracy_horizontal>4.13</opentracks:accuracy_horizontal></extensions>
</trkpt>
<trkpt lat="50.463525" lon="-104.534858">
<ele>565</ele>
<time>2026-07-27T07:03:08.523-06:00</time>
<extensions>
<gpxtpx:TrackPointExtension>
<gpxtpx:speed>4.89</gpxtpx:speed>
</gpxtpx:TrackPointExtension>
<opentracks:accuracy_horizontal>4.13</opentracks:accuracy_horizontal></extensions>
</trkpt>
<trkpt lat="50.4634" lon="-104.534801">
<ele>565.6</ele>
<time>2026-07-27T07:03:11.53-06:00</time>
<extensions>
<gpxtpx:TrackPointExtension>
<gpxtpx:speed>4.48</gpxtpx:speed>
</gpxtpx:TrackPointExtension>
<opentracks:accuracy_horizontal>4.13</opentracks:accuracy_horizontal></extensions>
</trkpt>
<trkpt lat="50.463279" lon="-104.534755">
<ele>566.5</ele>
<time>2026-07-27T07:03:14.528-06:00</time>
<extensions>
<gpxtpx:TrackPointExtension>
<gpxtpx:speed>4.39</gpxtpx:speed>
</gpxtpx:TrackPointExtension>
<opentracks:accuracy_horizontal>4.13</opentracks:accuracy_horizontal></extensions>
</trkpt>
<trkpt lat="50.463171" lon="-104.534694">
<ele>566.6</ele>
<time>2026-07-27T07:03:17.529-06:00</time>
<extensions>
<gpxtpx:TrackPointExtension>
<gpxtpx:speed>3.81</gpxtpx:speed>
</gpxtpx:TrackPointExtension>
<opentracks:accuracy_horizontal>4.919</opentracks:accuracy_horizontal></extensions>
</trkpt>
<trkpt lat="50.463055" lon="-104.534699">
<ele>566.1</ele>
<time>2026-07-27T07:03:20.528-06:00</time>
<extensions>
<gpxtpx:TrackPointExtension>
<gpxtpx:speed>3.37</gpxtpx:speed>
</gpxtpx:TrackPointExtension>
<opentracks:accuracy_horizontal>3.926</opentracks:accuracy_horizontal></extensions>
</trkpt>
<trkpt lat="50.462949" lon="-104.534656">
<ele>565.9</ele>
<time>2026-07-27T07:03:24.525-06:00</time>
<extensions>
<gpxtpx:TrackPointExtension>
<gpxtpx:speed>3.04</gpxtpx:speed>
</gpxtpx:TrackPointExtension>
<opentracks:accuracy_horizontal>4.129</opentracks:accuracy_horizontal></extensions>
</trkpt>
<trkpt lat="50.46284" lon="-104.53466">
<ele>565.4</ele>
<time>2026-07-27T07:03:27.532-06:00</time>
<extensions>
<gpxtpx:TrackPointExtension>
<gpxtpx:speed>4.35</gpxtpx:speed>
</gpxtpx:TrackPointExtension>
<opentracks:accuracy_horizontal>4.129</opentracks:accuracy_horizontal></extensions>
</trkpt>
<trkpt lat="50.462744" lon="-104.534618">
<ele>565.2</ele>
<time>2026-07-27T07:03:29.519-06:00</time>
<extensions>
<gpxtpx:TrackPointExtension>
<gpxtpx:speed>4.99</gpxtpx:speed>
</gpxtpx:TrackPointExtension>
<opentracks:accuracy_horizontal>4.129</opentracks:accuracy_horizontal></extensions>
</trkpt>
<trkpt lat="50.462664" lon="-104.534539">
<ele>564.2</ele>
<time>2026-07-27T07:03:31.523-06:00</time>
<extensions>
<gpxtpx:TrackPointExtension>
<gpxtpx:speed>4.8</gpxtpx:speed>
</gpxtpx:TrackPointExtension>
<opentracks:accuracy_horizontal>4.129</opentracks:accuracy_horizontal></extensions>
</trkpt>
<trkpt lat="50.462576" lon="-104.534497">
<ele>563.6</ele>
<time>2026-07-27T07:03:33.522-06:00</time>
<extensions>
<gpxtpx:TrackPointExtension>
<gpxtpx:speed>4.83</gpxtpx:speed>
</gpxtpx:TrackPointExtension>
<opentracks:accuracy_horizontal>4.128</opentracks:accuracy_horizontal></extensions>
</trkpt>
<trkpt lat="50.462483" lon="-104.534436">
<ele>563.2</ele>
<time>2026-07-27T07:03:35.546-06:00</time>
<extensions>
<gpxtpx:TrackPointExtension>
<gpxtpx:speed>5.5</gpxtpx:speed>
</gpxtpx:TrackPointExtension>
<opentracks:accuracy_horizontal>4.128</opentracks:accuracy_horizontal></extensions>
</trkpt>
<trkpt lat="50.462385" lon="-104.534357">
<ele>562.7</ele>
<time>2026-07-27T07:03:37.529-06:00</time>
<extensions>
<gpxtpx:TrackPointExtension>
<gpxtpx:speed>5.52</gpxtpx:speed>
</gpxtpx:TrackPointExtension>
<opentracks:accuracy_horizontal>4.128</opentracks:accuracy_horizontal></extensions>
</trkpt>
<trkpt lat="50.462283" lon="-104.534285">
<ele>562.4</ele>
<time>2026-07-27T07:03:39.55-06:00</time>
<extensions>
<gpxtpx:TrackPointExtension>
<gpxtpx:speed>5.94</gpxtpx:speed>
</gpxtpx:TrackPointExtension>
<opentracks:accuracy_horizontal>4.128</opentracks:accuracy_horizontal></extensions>
</trkpt>
<trkpt lat="50.462176" lon="-104.534236">
<ele>562</ele>
<time>2026-07-27T07:03:41.527-06:00</time>
<extensions>
<gpxtpx:TrackPointExtension>
<gpxtpx:speed>6.21</gpxtpx:speed>
</gpxtpx:TrackPointExtension>
<opentracks:accuracy_horizontal>4.128</opentracks:accuracy_horizontal></extensions>
</trkpt>
<trkpt lat="50.462068" lon="-104.534186">
<ele>562.1</ele>
<time>2026-07-27T07:03:43.525-06:00</time>
<extensions>
<gpxtpx:TrackPointExtension>
<gpxtpx:speed>6.24</gpxtpx:speed>
</gpxtpx:TrackPointExtension>
<opentracks:accuracy_horizontal>4.128</opentracks:accuracy_horizontal></extensions>
</trkpt>
<trkpt lat="50.461958" lon="-104.534134">
<ele>562.2</ele>
<time>2026-07-27T07:03:45.527-06:00</time>
<extensions>
<gpxtpx:TrackPointExtension>
<gpxtpx:speed>6.01</gpxtpx:speed>
</gpxtpx:TrackPointExtension>
<opentracks:accuracy_horizontal>4.128</opentracks:accuracy_horizontal></extensions>
</trkpt>
<trkpt lat="50.461861" lon="-104.534083">
<ele>562.3</ele>
<time>2026-07-27T07:03:47.545-06:00</time>
<extensions>
<gpxtpx:TrackPointExtension>
<gpxtpx:speed>5.51</gpxtpx:speed>
</gpxtpx:TrackPointExtension>
<opentracks:accuracy_horizontal>4.127</opentracks:accuracy_horizontal></extensions>
</trkpt>
<trkpt lat="50.461732" lon="-104.534035">
<ele>564.6</ele>
<time>2026-07-27T07:03:50.514-06:00</time>
<extensions>
<gpxtpx:TrackPointExtension>
<gpxtpx:speed>5.04</gpxtpx:speed>
</gpxtpx:TrackPointExtension>
<opentracks:accuracy_horizontal>4.127</opentracks:accuracy_horizontal></extensions>
</trkpt>
<trkpt lat="50.461612" lon="-104.533956">
<ele>564.4</ele>
<time>2026-07-27T07:03:53.52-06:00</time>
<extensions>
<gpxtpx:TrackPointExtension>
<gpxtpx:speed>4.74</gpxtpx:speed>
</gpxtpx:TrackPointExtension>
<opentracks:accuracy_horizontal>4.127</opentracks:accuracy_horizontal></extensions>
</trkpt>
<trkpt lat="50.461494" lon="-104.533882">
<ele>563.7</ele>
<time>2026-07-27T07:03:56.519-06:00</time>
<extensions>
<gpxtpx:TrackPointExtension>
<gpxtpx:speed>4.24</gpxtpx:speed>
</gpxtpx:TrackPointExtension>
<opentracks:accuracy_horizontal>4.127</opentracks:accuracy_horizontal></extensions>
</trkpt>
<trkpt lat="50.461408" lon="-104.533802">
<ele>563.9</ele>
<time>2026-07-27T07:03:59.509-06:00</time>
<extensions>
<gpxtpx:TrackPointExtension>
<gpxtpx:speed>3.84</gpxtpx:speed>
</gpxtpx:TrackPointExtension>
<opentracks:accuracy_horizontal>4.127</opentracks:accuracy_horizontal></extensions>
</trkpt>
<trkpt lat="50.461312" lon="-104.533702">
<ele>563.6</ele>
<time>2026-07-27T07:04:02.519-06:00</time>
<extensions>
<gpxtpx:TrackPointExtension>
<gpxtpx:speed>3.8</gpxtpx:speed>
</gpxtpx:TrackPointExtension>
<opentracks:accuracy_horizontal>4.126</opentracks:accuracy_horizontal></extensions>
</trkpt>
<trkpt lat="50.461209" lon="-104.533679">
<ele>564.9</ele>
<time>2026-07-27T07:04:05.522-06:00</time>
<extensions>
<gpxtpx:TrackPointExtension>
<gpxtpx:speed>4.57</gpxtpx:speed>
</gpxtpx:TrackPointExtension>
<opentracks:accuracy_horizontal>4.126</opentracks:accuracy_horizontal></extensions>
</trkpt>
<trkpt lat="50.461119" lon="-104.533579">
<ele>564.7</ele>
<time>2026-07-27T07:04:08.538-06:00</time>
<extensions>
<gpxtpx:TrackPointExtension>
<gpxtpx:speed>4.29</gpxtpx:speed>
</gpxtpx:TrackPointExtension>
<opentracks:accuracy_horizontal>3.937</opentracks:accuracy_horizontal></extensions>
</trkpt>
<trkpt lat="50.461006" lon="-104.533489">
<ele>563.6</ele>
<time>2026-07-27T07:04:11.531-06:00</time>
<extensions>
<gpxtpx:TrackPointExtension>
<gpxtpx:speed>4.24</gpxtpx:speed>
</gpxtpx:TrackPointExtension>
<opentracks:accuracy_horizontal>4.126</opentracks:accuracy_horizontal></extensions>
</trkpt>
<trkpt lat="50.460901" lon="-104.533433">
<ele>563.3</ele>
<time>2026-07-27T07:04:14.52-06:00</time>
<extensions>
<gpxtpx:TrackPointExtension>
<gpxtpx:speed>4.05</gpxtpx:speed>
</gpxtpx:TrackPointExtension>
<opentracks:accuracy_horizontal>3.924</opentracks:accuracy_horizontal></extensions>
</trkpt>
<trkpt lat="50.460811" lon="-104.533355">
<ele>562.8</ele>
<time>2026-07-27T07:04:17.523-06:00</time>
<extensions>
<gpxtpx:TrackPointExtension>
<gpxtpx:speed>3.45</gpxtpx:speed>
</gpxtpx:TrackPointExtension>
<opentracks:accuracy_horizontal>3.924</opentracks:accuracy_horizontal></extensions>
</trkpt>
<trkpt lat="50.460725" lon="-104.533277">
<ele>562.2</ele>
<time>2026-07-27T07:04:21.545-06:00</time>
<extensions>
<gpxtpx:TrackPointExtension>
<gpxtpx:speed>1.68</gpxtpx:speed>
</gpxtpx:TrackPointExtension>
<opentracks:accuracy_horizontal>4.125</opentracks:accuracy_horizontal></extensions>
</trkpt>
<trkpt lat="50.460634" lon="-104.533229">
<ele>562</ele>
<time>2026-07-27T07:04:27.523-06:00</time>
<extensions>
<gpxtpx:TrackPointExtension>
<gpxtpx:speed>2.29</gpxtpx:speed>
</gpxtpx:TrackPointExtension>
<opentracks:accuracy_horizontal>3.987</opentracks:accuracy_horizontal></extensions>
</trkpt>
<trkpt lat="50.460529" lon="-104.533188">
<ele>561.2</ele>
<time>2026-07-27T07:04:32.536-06:00</time>
<extensions>
<gpxtpx:TrackPointExtension>
<gpxtpx:speed>2.51</gpxtpx:speed>
</gpxtpx:TrackPointExtension>
<opentracks:accuracy_horizontal>4.124</opentracks:accuracy_horizontal></extensions>
</trkpt>
<trkpt lat="50.460441" lon="-104.533091">
<ele>561.5</ele>
<time>2026-07-27T07:04:36.527-06:00</time>
<extensions>
<gpxtpx:TrackPointExtension>
<gpxtpx:speed>2.49</gpxtpx:speed>
</gpxtpx:TrackPointExtension>
<opentracks:accuracy_horizontal>3.923</opentracks:accuracy_horizontal></extensions>
</trkpt>
<trkpt lat="50.460344" lon="-104.533025">
<ele>561.7</ele>
<time>2026-07-27T07:04:40.531-06:00</time>
<extensions>
<gpxtpx:TrackPointExtension>
<gpxtpx:speed>2.64</gpxtpx:speed>
</gpxtpx:TrackPointExtension>
<opentracks:accuracy_horizontal>4.123</opentracks:accuracy_horizontal></extensions>
</trkpt>
<trkpt lat="50.460229" lon="-104.532974">
<ele>562.3</ele>
<time>2026-07-27T07:04:43.513-06:00</time>
<extensions>
<gpxtpx:TrackPointExtension>
<gpxtpx:speed>4.47</gpxtpx:speed>
</gpxtpx:TrackPointExtension>
<opentracks:accuracy_horizontal>4.123</opentracks:accuracy_horizontal></extensions>
</trkpt>
<trkpt lat="50.460145" lon="-104.533048">
<ele>562.6</ele>
<time>2026-07-27T07:04:45.536-06:00</time>
<extensions>
<gpxtpx:TrackPointExtension>
<gpxtpx:speed>4.25</gpxtpx:speed>
</gpxtpx:TrackPointExtension>
<opentracks:accuracy_horizontal>4.123</opentracks:accuracy_horizontal></extensions>
</trkpt>
<trkpt lat="50.460029" lon="-104.533166">
<ele>563.3</ele>
<time>2026-07-27T07:04:48.525-06:00</time>
<extensions>
<gpxtpx:TrackPointExtension>
<gpxtpx:speed>4.96</gpxtpx:speed>
</gpxtpx:TrackPointExtension>
<opentracks:accuracy_horizontal>4.168</opentracks:accuracy_horizontal></extensions>
</trkpt>
<trkpt lat="50.459942" lon="-104.533043">
<ele>564</ele>
<time>2026-07-27T07:04:50.511-06:00</time>
<extensions>
<gpxtpx:TrackPointExtension>
<gpxtpx:speed>5.5</gpxtpx:speed>
</gpxtpx:TrackPointExtension>
<opentracks:accuracy_horizontal>3.974</opentracks:accuracy_horizontal></extensions>
</trkpt>
<trkpt lat="50.459839" lon="-104.533001">
<ele>563.2</ele>
<time>2026-07-27T07:04:52.519-06:00</time>
<extensions>
<gpxtpx:TrackPointExtension>
<gpxtpx:speed>5.38</gpxtpx:speed>
</gpxtpx:TrackPointExtension>
<opentracks:accuracy_horizontal>4.122</opentracks:accuracy_horizontal></extensions>
</trkpt>
<trkpt lat="50.459731" lon="-104.533048">
<ele>562.9</ele>
<time>2026-07-27T07:04:54.541-06:00</time>
<extensions>
<gpxtpx:TrackPointExtension>
<gpxtpx:speed>5.1</gpxtpx:speed>
</gpxtpx:TrackPointExtension>
<opentracks:accuracy_horizontal>4.122</opentracks:accuracy_horizontal></extensions>
</trkpt>
<trkpt lat="50.459631" lon="-104.533004">
<ele>561.9</ele>
<time>2026-07-27T07:04:56.535-06:00</time>
<extensions>
<gpxtpx:TrackPointExtension>
<gpxtpx:speed>5.53</gpxtpx:speed>
</gpxtpx:TrackPointExtension>
<opentracks:accuracy_horizontal>4.074</opentracks:accuracy_horizontal></extensions>
</trkpt>
<trkpt lat="50.459533" lon="-104.532865">
<ele>562.3</ele>
<time>2026-07-27T07:04:58.534-06:00</time>
<extensions>
<gpxtpx:TrackPointExtension>
<gpxtpx:speed>5.99</gpxtpx:speed>
</gpxtpx:TrackPointExtension>
<opentracks:accuracy_horizontal>4.173</opentracks:accuracy_horizontal></extensions>
</trkpt>
<trkpt lat="50.459411" lon="-104.532882">
<ele>562.9</ele>
<time>2026-07-27T07:05:00.527-06:00</time>
<extensions>
<gpxtpx:TrackPointExtension>
<gpxtpx:speed>6.15</gpxtpx:speed>
</gpxtpx:TrackPointExtension>
<opentracks:accuracy_horizontal>4.122</opentracks:accuracy_horizontal></extensions>
</trkpt>
<trkpt lat="50.459326" lon="-104.532994">
<ele>562.3</ele>
<time>2026-07-27T07:05:02.544-06:00</time>
<extensions>
<gpxtpx:TrackPointExtension>
<gpxtpx:speed>4.78</gpxtpx:speed>
</gpxtpx:TrackPointExtension>
<opentracks:accuracy_horizontal>4.122</opentracks:accuracy_horizontal></extensions>
</trkpt>
<trkpt lat="50.459236" lon="-104.533049">
<ele>561.6</ele>
<time>2026-07-27T07:05:04.532-06:00</time>
<extensions>
<gpxtpx:TrackPointExtension>
<gpxtpx:speed>5.12</gpxtpx:speed>
</gpxtpx:TrackPointExtension>
<opentracks:accuracy_horizontal>3.922</opentracks:accuracy_horizontal></extensions>
</trkpt>
<trkpt lat="50.45912" lon="-104.532971">
<ele>561.5</ele>
<time>2026-07-27T07:05:07.559-06:00</time>
<extensions>
<gpxtpx:TrackPointExtension>
<gpxtpx:speed>2.9</gpxtpx:speed>
</gpxtpx:TrackPointExtension>
<opentracks:accuracy_horizontal>4.179</opentracks:accuracy_horizontal></extensions>
</trkpt>
<trkpt lat="50.459031" lon="-104.53294">
<ele>561.4</ele>
<time>2026-07-27T07:05:10.543-06:00</time>
<extensions>
<gpxtpx:TrackPointExtension>
<gpxtpx:speed>3.19</gpxtpx:speed>
</gpxtpx:TrackPointExtension>
<opentracks:accuracy_horizontal>4.19</opentracks:accuracy_horizontal></extensions>
</trkpt>
<trkpt lat="50.45895" lon="-104.533027">
<ele>562.7</ele>
<time>2026-07-27T07:05:13.532-06:00</time>
<extensions>
<gpxtpx:TrackPointExtension>
<gpxtpx:speed>3.31</gpxtpx:speed>
</gpxtpx:TrackPointExtension>
<opentracks:accuracy_horizontal>4.121</opentracks:accuracy_horizontal></extensions>
</trkpt>
<trkpt lat="50.458881" lon="-104.533191">
<ele>562.5</ele>
<time>2026-07-27T07:05:16.537-06:00</time>
<extensions>
<gpxtpx:TrackPointExtension>
<gpxtpx:speed>2.91</gpxtpx:speed>
</gpxtpx:TrackPointExtension>
<opentracks:accuracy_horizontal>4.121</opentracks:accuracy_horizontal></extensions>
</trkpt>
<trkpt lat="50.458845" lon="-104.533369">
<ele>561.9</ele>
<time>2026-07-27T07:05:19.534-06:00</time>
<extensions>
<gpxtpx:TrackPointExtension>
<gpxtpx:speed>3.3</gpxtpx:speed>
</gpxtpx:TrackPointExtension>
<opentracks:accuracy_horizontal>4.12</opentracks:accuracy_horizontal></extensions>
</trkpt>
<trkpt lat="50.458819" lon="-104.533539">
<ele>561.9</ele>
<time>2026-07-27T07:05:22.537-06:00</time>
<extensions>
<gpxtpx:TrackPointExtension>
<gpxtpx:speed>3.63</gpxtpx:speed>
</gpxtpx:TrackPointExtension>
<opentracks:accuracy_horizontal>4.12</opentracks:accuracy_horizontal></extensions>
</trkpt>
<trkpt lat="50.458799" lon="-104.53369">
<ele>561.1</ele>
<time>2026-07-27T07:05:25.54-06:00</time>
<extensions>
<gpxtpx:TrackPointExtension>
<gpxtpx:speed>3.24</gpxtpx:speed>
</gpxtpx:TrackPointExtension>
<opentracks:accuracy_horizontal>4.12</opentracks:accuracy_horizontal></extensions>
</trkpt>
<trkpt lat="50.458707" lon="-104.533779">
<ele>561</ele>
<time>2026-07-27T07:05:28.534-06:00</time>
<extensions>
<gpxtpx:TrackPointExtension>
<gpxtpx:speed>3.87</gpxtpx:speed>
</gpxtpx:TrackPointExtension>
<opentracks:accuracy_horizontal>4.119</opentracks:accuracy_horizontal></extensions>
</trkpt>
<trkpt lat="50.458586" lon="-104.533803">
<ele>562</ele>
<time>2026-07-27T07:05:31.542-06:00</time>
<extensions>
<gpxtpx:TrackPointExtension>
<gpxtpx:speed>3.87</gpxtpx:speed>
</gpxtpx:TrackPointExtension>
<opentracks:accuracy_horizontal>3.961</opentracks:accuracy_horizontal></extensions>
</trkpt>
<trkpt lat="50.458464" lon="-104.533821">
<ele>562.7</ele>
<time>2026-07-27T07:05:34.526-06:00</time>
<extensions>
<gpxtpx:TrackPointExtension>
<gpxtpx:speed>3.77</gpxtpx:speed>
</gpxtpx:TrackPointExtension>
<opentracks:accuracy_horizontal>4.119</opentracks:accuracy_horizontal></extensions>
</trkpt>
<trkpt lat="50.458353" lon="-104.533939">
<ele>563</ele>
<time>2026-07-27T07:05:37.537-06:00</time>
<extensions>
<gpxtpx:TrackPointExtension>
<gpxtpx:speed>4.47</gpxtpx:speed>
</gpxtpx:TrackPointExtension>
<opentracks:accuracy_horizontal>4.119</opentracks:accuracy_horizontal></extensions>
</trkpt>
<trkpt lat="50.458286" lon="-104.534036">
<ele>563</ele>
<time>2026-07-27T07:05:39.537-06:00</time>
<extensions>
<gpxtpx:TrackPointExtension>
<gpxtpx:speed>4.42</gpxtpx:speed>
</gpxtpx:TrackPointExtension>
<opentracks:accuracy_horizontal>4.119</opentracks:accuracy_horizontal></extensions>
</trkpt>
<trkpt lat="50.458202" lon="-104.534092">
<ele>562.7</ele>
<time>2026-07-27T07:05:41.539-06:00</time>
<extensions>
<gpxtpx:TrackPointExtension>
<gpxtpx:speed>4.94</gpxtpx:speed>
</gpxtpx:TrackPointExtension>
<opentracks:accuracy_horizontal>4.118</opentracks:accuracy_horizontal></extensions>
</trkpt>
<trkpt lat="50.458105" lon="-104.534079">
<ele>561.8</ele>
<time>2026-07-27T07:05:43.541-06:00</time>
<extensions>
<gpxtpx:TrackPointExtension>
<gpxtpx:speed>5.68</gpxtpx:speed>
</gpxtpx:TrackPointExtension>
<opentracks:accuracy_horizontal>4.118</opentracks:accuracy_horizontal></extensions>
</trkpt>
<trkpt lat="50.458009" lon="-104.533994">
<ele>562.2</ele>
<time>2026-07-27T07:05:45.527-06:00</time>
<extensions>
<gpxtpx:TrackPointExtension>
<gpxtpx:speed>4.5</gpxtpx:speed>
</gpxtpx:TrackPointExtension>
<opentracks:accuracy_horizontal>4.11</opentracks:accuracy_horizontal></extensions>
</trkpt>
<trkpt lat="50.457929" lon="-104.533925">
<ele>562.2</ele>
<time>2026-07-27T07:05:47.531-06:00</time>
<extensions>
<gpxtpx:TrackPointExtension>
<gpxtpx:speed>5.3</gpxtpx:speed>
</gpxtpx:TrackPointExtension>
<opentracks:accuracy_horizontal>4.118</opentracks:accuracy_horizontal></extensions>
</trkpt>
<trkpt lat="50.457816" lon="-104.533821">
<ele>562.8</ele>
<time>2026-07-27T07:05:49.521-06:00</time>
<extensions>
<gpxtpx:TrackPointExtension>
<gpxtpx:speed>6.55</gpxtpx:speed>
</gpxtpx:TrackPointExtension>
<opentracks:accuracy_horizontal>4.118</opentracks:accuracy_horizontal></extensions>
</trkpt>
<trkpt lat="50.457687" lon="-104.533823">
<ele>563.4</ele>
<time>2026-07-27T07:05:51.531-06:00</time>
<extensions>
<gpxtpx:TrackPointExtension>
<gpxtpx:speed>6.16</gpxtpx:speed>
</gpxtpx:TrackPointExtension>
<opentracks:accuracy_horizontal>4.24</opentracks:accuracy_horizontal></extensions>
</trkpt>
<trkpt lat="50.457581" lon="-104.533887">
<ele>562.5</ele>
<time>2026-07-27T07:05:53.529-06:00</time>
<extensions>
<gpxtpx:TrackPointExtension>
<gpxtpx:speed>5.47</gpxtpx:speed>
</gpxtpx:TrackPointExtension>
<opentracks:accuracy_horizontal>3.919</opentracks:accuracy_horizontal></extensions>
</trkpt>
<trkpt lat="50.457475" lon="-104.533832">
<ele>561.9</ele>
<time>2026-07-27T07:05:55.54-06:00</time>
<extensions>
<gpxtpx:TrackPointExtension>
<gpxtpx:speed>6.59</gpxtpx:speed>
</gpxtpx:TrackPointExtension>
<opentracks:accuracy_horizontal>4.025</opentracks:accuracy_horizontal></extensions>
</trkpt>
<trkpt lat="50.457346" lon="-104.533758">
<ele>562.2</ele>
<time>2026-07-27T07:05:57.53-06:00</time>
<extensions>
<gpxtpx:TrackPointExtension>
<gpxtpx:speed>6.71</gpxtpx:speed>
</gpxtpx:TrackPointExtension>
<opentracks:accuracy_horizontal>4.195</opentracks:accuracy_horizontal></extensions>
</trkpt>
<trkpt lat="50.457243" lon="-104.53381">
<ele>563.3</ele>
<time>2026-07-27T07:05:59.531-06:00</time>
<extensions>
<gpxtpx:TrackPointExtension>
<gpxtpx:speed>5.44</gpxtpx:speed>
</gpxtpx:TrackPointExtension>
<opentracks:accuracy_horizontal>4.057</opentracks:accuracy_horizontal></extensions>
</trkpt>
<trkpt lat="50.457152" lon="-104.533947">
<ele>562.8</ele>
<time>2026-07-27T07:06:01.525-06:00</time>
<extensions>
<gpxtpx:TrackPointExtension>
<gpxtpx:speed>5.22</gpxtpx:speed>
</gpxtpx:TrackPointExtension>
<opentracks:accuracy_horizontal>4.253</opentracks:accuracy_horizontal></extensions>
</trkpt>
<trkpt lat="50.457079" lon="-104.534082">
<ele>562.8</ele>
<time>2026-07-27T07:06:03.519-06:00</time>
<extensions>
<gpxtpx:TrackPointExtension>
<gpxtpx:speed>5.09</gpxtpx:speed>
</gpxtpx:TrackPointExtension>
<opentracks:accuracy_horizontal>4.072</opentracks:accuracy_horizontal></extensions>
</trkpt>
<trkpt lat="50.457004" lon="-104.534175">
<ele>563.5</ele>
<time>2026-07-27T07:06:05.533-06:00</time>
<extensions>
<gpxtpx:TrackPointExtension>
<gpxtpx:speed>4.89</gpxtpx:speed>
</gpxtpx:TrackPointExtension>
<opentracks:accuracy_horizontal>3.919</opentracks:accuracy_horizontal></extensions>
</trkpt>
<trkpt lat="50.456889" lon="-104.534196">
<ele>562.6</ele>
<time>2026-07-27T07:06:08.54-06:00</time>
<extensions>
<gpxtpx:TrackPointExtension>
<gpxtpx:speed>4.55</gpxtpx:speed>
</gpxtpx:TrackPointExtension>
<opentracks:accuracy_horizontal>3.919</opentracks:accuracy_horizontal></extensions>
</trkpt>
<trkpt lat="50.456809" lon="-104.534116">
<ele>562.8</ele>
<time>2026-07-27T07:06:10.538-06:00</time>
<extensions>
<gpxtpx:TrackPointExtension>
<gpxtpx:speed>4.03</gpxtpx:speed>
</gpxtpx:TrackPointExtension>
<opentracks:accuracy_horizontal>4.116</opentracks:accuracy_horizontal></extensions>
</trkpt>
<trkpt lat="50.45672" lon="-104.534015">
<ele>562.7</ele>
<time>2026-07-27T07:06:13.541-06:00</time>
<extensions>
<gpxtpx:TrackPointExtension>
<gpxtpx:speed>3.91</gpxtpx:speed>
</gpxtpx:TrackPointExtension>
<opentracks:accuracy_horizontal>4.116</opentracks:accuracy_horizontal></extensions>
</trkpt>
<trkpt lat="50.456626" lon="-104.533998">
<ele>563.5</ele>
<time>2026-07-27T07:06:15.541-06:00</time>
<extensions>
<gpxtpx:TrackPointExtension>
<gpxtpx:speed>3.93</gpxtpx:speed>
</gpxtpx:TrackPointExtension>
<opentracks:accuracy_horizontal>4.115</opentracks:accuracy_horizontal></extensions>
</trkpt>
<trkpt lat="50.45652" lon="-104.534069">
<ele>562.8</ele>
<time>2026-07-27T07:06:18.521-06:00</time>
<extensions>
<gpxtpx:TrackPointExtension>
<gpxtpx:speed>3.64</gpxtpx:speed>
</gpxtpx:TrackPointExtension>
<opentracks:accuracy_horizontal>4.115</opentracks:accuracy_horizontal></extensions>
</trkpt>
<trkpt lat="50.456426" lon="-104.534066">
<ele>562.1</ele>
<time>2026-07-27T07:06:21.546-06:00</time>
<extensions>
<gpxtpx:TrackPointExtension>
<gpxtpx:speed>3.15</gpxtpx:speed>
</gpxtpx:TrackPointExtension>
<opentracks:accuracy_horizontal>4.115</opentracks:accuracy_horizontal></extensions>
</trkpt>
<trkpt lat="50.456317" lon="-104.534013">
<ele>562.1</ele>
<time>2026-07-27T07:06:25.531-06:00</time>
<extensions>
<gpxtpx:TrackPointExtension>
<gpxtpx:speed>3.15</gpxtpx:speed>
</gpxtpx:TrackPointExtension>
<opentracks:accuracy_horizontal>4.115</opentracks:accuracy_horizontal></extensions>
</trkpt>
<trkpt lat="50.456213" lon="-104.534063">
<ele>561.7</ele>
<time>2026-07-27T07:06:28.529-06:00</time>
<extensions>
<gpxtpx:TrackPointExtension>
<gpxtpx:speed>3.48</gpxtpx:speed>
</gpxtpx:TrackPointExtension>
<opentracks:accuracy_horizontal>4.114</opentracks:accuracy_horizontal></extensions>
</trkpt>
<trkpt lat="50.456114" lon="-104.534149">
<ele>560.7</ele>
<time>2026-07-27T07:06:32.538-06:00</time>
<extensions>
<gpxtpx:TrackPointExtension>
<gpxtpx:speed>2.52</gpxtpx:speed>
</gpxtpx:TrackPointExtension>
<opentracks:accuracy_horizontal>4.114</opentracks:accuracy_horizontal></extensions>
</trkpt>
<trkpt lat="50.456036" lon="-104.534265">
<ele>561.1</ele>
<time>2026-07-27T07:06:36.511-06:00</time>
<extensions>
<gpxtpx:TrackPointExtension>
<gpxtpx:speed>3.38</gpxtpx:speed>
</gpxtpx:TrackPointExtension>
<opentracks:accuracy_horizontal>4.114</opentracks:accuracy_horizontal></extensions>
</trkpt>
<trkpt lat="50.455957" lon="-104.534395">
<ele>560.4</ele>
<time>2026-07-27T07:06:39.534-06:00</time>
<extensions>
<gpxtpx:TrackPointExtension>
<gpxtpx:speed>3.83</gpxtpx:speed>
</gpxtpx:TrackPointExtension>
<opentracks:accuracy_horizontal>4.113</opentracks:accuracy_horizontal></extensions>
</trkpt>
<trkpt lat="50.455851" lon="-104.53452">
<ele>560.4</ele>
<time>2026-07-27T07:06:42.537-06:00</time>
<extensions>
<gpxtpx:TrackPointExtension>
<gpxtpx:speed>4.61</gpxtpx:speed>
</gpxtpx:TrackPointExtension>
<opentracks:accuracy_horizontal>4.113</opentracks:accuracy_horizontal></extensions>
</trkpt>
<trkpt lat="50.455776" lon="-104.534603">
<ele>560.3</ele>
<time>2026-07-27T07:06:44.532-06:00</time>
<extensions>
<gpxtpx:TrackPointExtension>
<gpxtpx:speed>4.61</gpxtpx:speed>
</gpxtpx:TrackPointExtension>
<opentracks:accuracy_horizontal>4.113</opentracks:accuracy_horizontal></extensions>
</trkpt>
<trkpt lat="50.455731" lon="-104.534738">
<ele>560.2</ele>
<time>2026-07-27T07:06:46.552-06:00</time>
<extensions>
<gpxtpx:TrackPointExtension>
<gpxtpx:speed>4.76</gpxtpx:speed>
</gpxtpx:TrackPointExtension>
<opentracks:accuracy_horizontal>4.113</opentracks:accuracy_horizontal></extensions>
</trkpt>
<trkpt lat="50.455726" lon="-104.534898">
<ele>559.7</ele>
<time>2026-07-27T07:06:48.525-06:00</time>
<extensions>
<gpxtpx:TrackPointExtension>
<gpxtpx:speed>5.05</gpxtpx:speed>
</gpxtpx:TrackPointExtension>
<opentracks:accuracy_horizontal>4.078</opentracks:accuracy_horizontal></extensions>
</trkpt>
<trkpt lat="50.455765" lon="-104.53505">
<ele>559.3</ele>
<time>2026-07-27T07:06:50.531-06:00</time>
<extensions>
<gpxtpx:TrackPointExtension>
<gpxtpx:speed>4.73</gpxtpx:speed>
</gpxtpx:TrackPointExtension>
<opentracks:accuracy_horizontal>4.112</opentracks:accuracy_horizontal></extensions>
</trkpt>
<trkpt lat="50.455808" lon="-104.535222">
<ele>559.5</ele>
<time>2026-07-27T07:06:53.538-06:00</time>
<extensions>
<gpxtpx:TrackPointExtension>
<gpxtpx:speed>4.07</gpxtpx:speed>
</gpxtpx:TrackPointExtension>
<opentracks:accuracy_horizontal>4.112</opentracks:accuracy_horizontal></extensions>
</trkpt>
<trkpt lat="50.455843" lon="-104.535387">
<ele>560.1</ele>
<time>2026-07-27T07:06:56.535-06:00</time>
<extensions>
<gpxtpx:TrackPointExtension>
<gpxtpx:speed>4.12</gpxtpx:speed>
</gpxtpx:TrackPointExtension>
<opentracks:accuracy_horizontal>4.112</opentracks:accuracy_horizontal></extensions>
</trkpt>
<trkpt lat="50.455858" lon="-104.535563">
<ele>560.6</ele>
<time>2026-07-27T07:06:59.525-06:00</time>
<extensions>
<gpxtpx:TrackPointExtension>
<gpxtpx:speed>4.38</gpxtpx:speed>
</gpxtpx:TrackPointExtension>
<opentracks:accuracy_horizontal>4.111</opentracks:accuracy_horizontal></extensions>
</trkpt>
<trkpt lat="50.455878" lon="-104.535744">
<ele>560.8</ele>
<time>2026-07-27T07:07:02.524-06:00</time>
<extensions>
<gpxtpx:TrackPointExtension>
<gpxtpx:speed>4.35</gpxtpx:speed>
</gpxtpx:TrackPointExtension>
<opentracks:accuracy_horizontal>4.111</opentracks:accuracy_horizontal></extensions>
</trkpt>
<trkpt lat="50.455894" lon="-104.535944">
<ele>560.9</ele>
<time>2026-07-27T07:07:05.523-06:00</time>
<extensions>
<gpxtpx:TrackPointExtension>
<gpxtpx:speed>5.03</gpxtpx:speed>
</gpxtpx:TrackPointExtension>
<opentracks:accuracy_horizontal>4.111</opentracks:accuracy_horizontal></extensions>
</trkpt>
<trkpt lat="50.455892" lon="-104.536091">
<ele>560.9</ele>
<time>2026-07-27T07:07:07.534-06:00</time>
<extensions>
<gpxtpx:TrackPointExtension>
<gpxtpx:speed>5.11</gpxtpx:speed>
</gpxtpx:TrackPointExtension>
<opentracks:accuracy_horizontal>4.111</opentracks:accuracy_horizontal></extensions>
</trkpt>
<trkpt lat="50.455876" lon="-104.536238">
<ele>560.9</ele>
<time>2026-07-27T07:07:09.533-06:00</time>
<extensions>
<gpxtpx:TrackPointExtension>
<gpxtpx:speed>5.38</gpxtpx:speed>
</gpxtpx:TrackPointExtension>
<opentracks:accuracy_horizontal>4.11</opentracks:accuracy_horizontal></extensions>
</trkpt>
<trkpt lat="50.455853" lon="-104.536382">
<ele>561</ele>
<time>2026-07-27T07:07:11.517-06:00</time>
<extensions>
<gpxtpx:TrackPointExtension>
<gpxtpx:speed>5.14</gpxtpx:speed>
</gpxtpx:TrackPointExtension>
<opentracks:accuracy_horizontal>4.11</opentracks:accuracy_horizontal></extensions>
</trkpt>
<trkpt lat="50.455818" lon="-104.536591">
<ele>561.2</ele>
<time>2026-07-27T07:07:14.516-06:00</time>
<extensions>
<gpxtpx:TrackPointExtension>
<gpxtpx:speed>5.26</gpxtpx:speed>
</gpxtpx:TrackPointExtension>
<opentracks:accuracy_horizontal>3.979</opentracks:accuracy_horizontal></extensions>
</trkpt>
<trkpt lat="50.455786" lon="-104.536736">
<ele>561.4</ele>
<time>2026-07-27T07:07:16.521-06:00</time>
<extensions>
<gpxtpx:TrackPointExtension>
<gpxtpx:speed>5.13</gpxtpx:speed>
</gpxtpx:TrackPointExtension>
<opentracks:accuracy_horizontal>4.11</opentracks:accuracy_horizontal></extensions>
</trkpt>
<trkpt lat="50.455756" lon="-104.536871">
<ele>561.1</ele>
<time>2026-07-27T07:07:18.541-06:00</time>
<extensions>
<gpxtpx:TrackPointExtension>
<gpxtpx:speed>4.89</gpxtpx:speed>
</gpxtpx:TrackPointExtension>
<opentracks:accuracy_horizontal>4.11</opentracks:accuracy_horizontal></extensions>
</trkpt>
<trkpt lat="50.455724" lon="-104.537003">
<ele>561.2</ele>
<time>2026-07-27T07:07:20.538-06:00</time>
<extensions>
<gpxtpx:TrackPointExtension>
<gpxtpx:speed>5.08</gpxtpx:speed>
</gpxtpx:TrackPointExtension>
<opentracks:accuracy_horizontal>4.109</opentracks:accuracy_horizontal></extensions>
</trkpt>
<trkpt lat="50.455679" lon="-104.537133">
<ele>561.1</ele>
<time>2026-07-27T07:07:22.539-06:00</time>
<extensions>
<gpxtpx:TrackPointExtension>
<gpxtpx:speed>5.24</gpxtpx:speed>
</gpxtpx:TrackPointExtension>
<opentracks:accuracy_horizontal>4.077</opentracks:accuracy_horizontal></extensions>
</trkpt>
<trkpt lat="50.455593" lon="-104.537283">
<ele>560.9</ele>
<time>2026-07-27T07:07:25.54-06:00</time>
<extensions>
<gpxtpx:TrackPointExtension>
<gpxtpx:speed>4.62</gpxtpx:speed>
</gpxtpx:TrackPointExtension>
<opentracks:accuracy_horizontal>4.109</opentracks:accuracy_horizontal></extensions>
</trkpt>
<trkpt lat="50.455502" lon="-104.537421">
<ele>560.7</ele>
<time>2026-07-27T07:07:28.531-06:00</time>
<extensions>
<gpxtpx:TrackPointExtension>
<gpxtpx:speed>4.81</gpxtpx:speed>
</gpxtpx:TrackPointExtension>
<opentracks:accuracy_horizontal>4.109</opentracks:accuracy_horizontal></extensions>
</trkpt>
<trkpt lat="50.455408" lon="-104.53755">
<ele>560.4</ele>
<time>2026-07-27T07:07:31.536-06:00</time>
<extensions>
<gpxtpx:TrackPointExtension>
<gpxtpx:speed>3.79</gpxtpx:speed>
</gpxtpx:TrackPointExtension>
<opentracks:accuracy_horizontal>4.108</opentracks:accuracy_horizontal></extensions>
</trkpt>
<trkpt lat="50.455325" lon="-104.537618">
<ele>560.1</ele>
<time>2026-07-27T07:07:34.537-06:00</time>
<extensions>
<gpxtpx:TrackPointExtension>
<gpxtpx:speed>3.69</gpxtpx:speed>
</gpxtpx:TrackPointExtension>
<opentracks:accuracy_horizontal>3.914</opentracks:accuracy_horizontal></extensions>
</trkpt>
<trkpt lat="50.455228" lon="-104.537634">
<ele>559.6</ele>
<time>2026-07-27T07:07:37.553-06:00</time>
<extensions>
<gpxtpx:TrackPointExtension>
<gpxtpx:speed>2.82</gpxtpx:speed>
</gpxtpx:TrackPointExtension>
<opentracks:accuracy_horizontal>3.914</opentracks:accuracy_horizontal></extensions>
</trkpt>
<trkpt lat="50.455117" lon="-104.537605">
<ele>559.8</ele>
<time>2026-07-27T07:07:42.541-06:00</time>
<extensions>
<gpxtpx:TrackPointExtension>
<gpxtpx:speed>3</gpxtpx:speed>
</gpxtpx:TrackPointExtension>
<opentracks:accuracy_horizontal>4.107</opentracks:accuracy_horizontal></extensions>
</trkpt>
<trkpt lat="50.455011" lon="-104.537625">
<ele>559.6</ele>
<time>2026-07-27T07:07:45.538-06:00</time>
<extensions>
<gpxtpx:TrackPointExtension>
<gpxtpx:speed>4.07</gpxtpx:speed>
</gpxtpx:TrackPointExtension>
<opentracks:accuracy_horizontal>4.107</opentracks:accuracy_horizontal></extensions>
</trkpt>
<trkpt lat="50.454881" lon="-104.537642">
<ele>560</ele>
<time>2026-07-27T07:07:48.529-06:00</time>
<extensions>
<gpxtpx:TrackPointExtension>
<gpxtpx:speed>5.32</gpxtpx:speed>
</gpxtpx:TrackPointExtension>
<opentracks:accuracy_horizontal>4.107</opentracks:accuracy_horizontal></extensions>
</trkpt>
<trkpt lat="50.454785" lon="-104.537694">
<ele>559.8</ele>
<time>2026-07-27T07:07:50.528-06:00</time>
<extensions>
<gpxtpx:TrackPointExtension>
<gpxtpx:speed>4.94</gpxtpx:speed>
</gpxtpx:TrackPointExtension>
<opentracks:accuracy_horizontal>3.913</opentracks:accuracy_horizontal></extensions>
</trkpt>
<trkpt lat="50.454695" lon="-104.537717">
<ele>559.1</ele>
<time>2026-07-27T07:07:52.533-06:00</time>
<extensions>
<gpxtpx:TrackPointExtension>
<gpxtpx:speed>5.09</gpxtpx:speed>
</gpxtpx:TrackPointExtension>
<opentracks:accuracy_horizontal>4.073</opentracks:accuracy_horizontal></extensions>
</trkpt>
<trkpt lat="50.454582" lon="-104.537667">
<ele>559.5</ele>
<time>2026-07-27T07:07:54.528-06:00</time>
<extensions>
<gpxtpx:TrackPointExtension>
<gpxtpx:speed>7.07</gpxtpx:speed>
</gpxtpx:TrackPointExtension>
<opentracks:accuracy_horizontal>4.073</opentracks:accuracy_horizontal></extensions>
</trkpt>
<trkpt lat="50.454443" lon="-104.537648">
<ele>559.4</ele>
<time>2026-07-27T07:07:56.53-06:00</time>
<extensions>
<gpxtpx:TrackPointExtension>
<gpxtpx:speed>7.15</gpxtpx:speed>
</gpxtpx:TrackPointExtension>
<opentracks:accuracy_horizontal>4.224</opentracks:accuracy_horizontal></extensions>
</trkpt>
<trkpt lat="50.454309" lon="-104.537626">
<ele>559.3</ele>
<time>2026-07-27T07:07:58.514-06:00</time>
<extensions>
<gpxtpx:TrackPointExtension>
<gpxtpx:speed>7.23</gpxtpx:speed>
</gpxtpx:TrackPointExtension>
<opentracks:accuracy_horizontal>3.913</opentracks:accuracy_horizontal></extensions>
</trkpt>
<trkpt lat="50.454173" lon="-104.537594">
<ele>559</ele>
<time>2026-07-27T07:08:00.546-06:00</time>
<extensions>
<gpxtpx:TrackPointExtension>
<gpxtpx:speed>8.03</gpxtpx:speed>
</gpxtpx:TrackPointExtension>
<opentracks:accuracy_horizontal>3.926</opentracks:accuracy_horizontal></extensions>
</trkpt>
<trkpt lat="50.454022" lon="-104.537595">
<ele>559</ele>
<time>2026-07-27T07:08:02.533-06:00</time>
<extensions>
<gpxtpx:TrackPointExtension>
<gpxtpx:speed>7.67</gpxtpx:speed>
</gpxtpx:TrackPointExtension>
<opentracks:accuracy_horizontal>3.913</opentracks:accuracy_horizontal></extensions>
</trkpt>
<trkpt lat="50.453875" lon="-104.53761">
<ele>559.3</ele>
<time>2026-07-27T07:08:04.54-06:00</time>
<extensions>
<gpxtpx:TrackPointExtension>
<gpxtpx:speed>7.29</gpxtpx:speed>
</gpxtpx:TrackPointExtension>
<opentracks:accuracy_horizontal>3.913</opentracks:accuracy_horizontal></extensions>
</trkpt>
<trkpt lat="50.453753" lon="-104.537641">
<ele>559.5</ele>
<time>2026-07-27T07:08:06.541-06:00</time>
<extensions>
<gpxtpx:TrackPointExtension>
<gpxtpx:speed>6.01</gpxtpx:speed>
</gpxtpx:TrackPointExtension>
<opentracks:accuracy_horizontal>3.913</opentracks:accuracy_horizontal></extensions>
</trkpt>
<trkpt lat="50.453656" lon="-104.537652">
<ele>559.1</ele>
<time>2026-07-27T07:08:08.535-06:00</time>
<extensions>
<gpxtpx:TrackPointExtension>
<gpxtpx:speed>5.7</gpxtpx:speed>
</gpxtpx:TrackPointExtension>
<opentracks:accuracy_horizontal>3.913</opentracks:accuracy_horizontal></extensions>
</trkpt>
<trkpt lat="50.453558" lon="-104.537609">
<ele>558.9</ele>
<time>2026-07-27T07:08:10.497-06:00</time>
<extensions>
<gpxtpx:TrackPointExtension>
<gpxtpx:speed>5.9</gpxtpx:speed>
</gpxtpx:TrackPointExtension>
<opentracks:accuracy_horizontal>3.912</opentracks:accuracy_horizontal></extensions>
</trkpt>
<trkpt lat="50.453454" lon="-104.537545">
<ele>559.1</ele>
<time>2026-07-27T07:08:12.552-06:00</time>
<extensions>
<gpxtpx:TrackPointExtension>
<gpxtpx:speed>5.66</gpxtpx:speed>
</gpxtpx:TrackPointExtension>
<opentracks:accuracy_horizontal>3.912</opentracks:accuracy_horizontal></extensions>
</trkpt>
<trkpt lat="50.453363" lon="-104.537476">
<ele>558.9</ele>
<time>2026-07-27T07:08:14.551-06:00</time>
<extensions>
<gpxtpx:TrackPointExtension>
<gpxtpx:speed>5.71</gpxtpx:speed>
</gpxtpx:TrackPointExtension>
<opentracks:accuracy_horizontal>3.912</opentracks:accuracy_horizontal></extensions>
</trkpt>
<trkpt lat="50.453267" lon="-104.53742">
<ele>558.9</ele>
<time>2026-07-27T07:08:16.537-06:00</time>
<extensions>
<gpxtpx:TrackPointExtension>
<gpxtpx:speed>5.46</gpxtpx:speed>
</gpxtpx:TrackPointExtension>
<opentracks:accuracy_horizontal>3.912</opentracks:accuracy_horizontal></extensions>
</trkpt>
<trkpt lat="50.453172" lon="-104.537379">
<ele>559.2</ele>
<time>2026-07-27T07:08:18.538-06:00</time>
<extensions>
<gpxtpx:TrackPointExtension>
<gpxtpx:speed>5.41</gpxtpx:speed>
</gpxtpx:TrackPointExtension>
<opentracks:accuracy_horizontal>3.912</opentracks:accuracy_horizontal></extensions>
</trkpt>
<trkpt lat="50.453077" lon="-104.53736">
<ele>559.1</ele>
<time>2026-07-27T07:08:20.533-06:00</time>
<extensions>
<gpxtpx:TrackPointExtension>
<gpxtpx:speed>5.35</gpxtpx:speed>
</gpxtpx:TrackPointExtension>
<opentracks:accuracy_horizontal>3.912</opentracks:accuracy_horizontal></extensions>
</trkpt>
<trkpt lat="50.452985" lon="-104.537313">
<ele>559.2</ele>
<time>2026-07-27T07:08:22.535-06:00</time>
<extensions>
<gpxtpx:TrackPointExtension>
<gpxtpx:speed>5.62</gpxtpx:speed>
</gpxtpx:TrackPointExtension>
<opentracks:accuracy_horizontal>3.912</opentracks:accuracy_horizontal></extensions>
</trkpt>
<trkpt lat="50.452901" lon="-104.537228">
<ele>559.1</ele>
<time>2026-07-27T07:08:24.519-06:00</time>
<extensions>
<gpxtpx:TrackPointExtension>
<gpxtpx:speed>5.61</gpxtpx:speed>
</gpxtpx:TrackPointExtension>
<opentracks:accuracy_horizontal>3.912</opentracks:accuracy_horizontal></extensions>
</trkpt>
<trkpt lat="50.452848" lon="-104.537085">
<ele>559.1</ele>
<time>2026-07-27T07:08:26.523-06:00</time>
<extensions>
<gpxtpx:TrackPointExtension>
<gpxtpx:speed>5.5</gpxtpx:speed>
</gpxtpx:TrackPointExtension>
<opentracks:accuracy_horizontal>3.912</opentracks:accuracy_horizontal></extensions>
</trkpt>
<trkpt lat="50.452851" lon="-104.536926">
<ele>559.1</ele>
<time>2026-07-27T07:08:28.531-06:00</time>
<extensions>
<gpxtpx:TrackPointExtension>
<gpxtpx:speed>5.12</gpxtpx:speed>
</gpxtpx:TrackPointExtension>
<opentracks:accuracy_horizontal>4.103</opentracks:accuracy_horizontal></extensions>
</trkpt>
<trkpt lat="50.452889" lon="-104.536787">
<ele>559.1</ele>
<time>2026-07-27T07:08:30.54-06:00</time>
<extensions>
<gpxtpx:TrackPointExtension>
<gpxtpx:speed>5.1</gpxtpx:speed>
</gpxtpx:TrackPointExtension>
<opentracks:accuracy_horizontal>4.103</opentracks:accuracy_horizontal></extensions>
</trkpt>
<trkpt lat="50.452933" lon="-104.536651">
<ele>559.2</ele>
<time>2026-07-27T07:08:32.541-06:00</time>
<extensions>
<gpxtpx:TrackPointExtension>
<gpxtpx:speed>5.12</gpxtpx:speed>
</gpxtpx:TrackPointExtension>
<opentracks:accuracy_horizontal>4.102</opentracks:accuracy_horizontal></extensions>
</trkpt>
<trkpt lat="50.452957" lon="-104.536514">
<ele>559.1</ele>
<time>2026-07-27T07:08:34.545-06:00</time>
<extensions>
<gpxtpx:TrackPointExtension>
<gpxtpx:speed>4.82</gpxtpx:speed>
</gpxtpx:TrackPointExtension>
<opentracks:accuracy_horizontal>4.102</opentracks:accuracy_horizontal></extensions>
</trkpt>
<trkpt lat="50.452998" lon="-104.536349">
<ele>558.5</ele>
<time>2026-07-27T07:08:37.539-06:00</time>
<extensions>
<gpxtpx:TrackPointExtension>
<gpxtpx:speed>2.96</gpxtpx:speed>
</gpxtpx:TrackPointExtension>
<opentracks:accuracy_horizontal>4.102</opentracks:accuracy_horizontal></extensions>
</trkpt>
<trkpt lat="50.453046" lon="-104.536178">
<ele>557.8</ele>
<time>2026-07-27T07:08:41.534-06:00</time>
<extensions>
<gpxtpx:TrackPointExtension>
<gpxtpx:speed>4.41</gpxtpx:speed>
</gpxtpx:TrackPointExtension>
<opentracks:accuracy_horizontal>4.102</opentracks:accuracy_horizontal></extensions>
</trkpt>
<trkpt lat="50.453079" lon="-104.536045">
<ele>558.1</ele>
<time>2026-07-27T07:08:43.537-06:00</time>
<extensions>
<gpxtpx:TrackPointExtension>
<gpxtpx:speed>5.38</gpxtpx:speed>
</gpxtpx:TrackPointExtension>
<opentracks:accuracy_horizontal>4.101</opentracks:accuracy_horizontal></extensions>
</trkpt>
<trkpt lat="50.453103" lon="-104.535893">
<ele>558</ele>
<time>2026-07-27T07:08:45.512-06:00</time>
<extensions>
<gpxtpx:TrackPointExtension>
<gpxtpx:speed>5.41</gpxtpx:speed>
</gpxtpx:TrackPointExtension>
<opentracks:accuracy_horizontal>4.101</opentracks:accuracy_horizontal></extensions>
</trkpt>
<trkpt lat="50.453145" lon="-104.535706">
<ele>558.2</ele>
<time>2026-07-27T07:08:47.537-06:00</time>
<extensions>
<gpxtpx:TrackPointExtension>
<gpxtpx:speed>6.71</gpxtpx:speed>
</gpxtpx:TrackPointExtension>
<opentracks:accuracy_horizontal>4.101</opentracks:accuracy_horizontal></extensions>
</trkpt>
<trkpt lat="50.453223" lon="-104.53554">
<ele>558.3</ele>
<time>2026-07-27T07:08:49.535-06:00</time>
<extensions>
<gpxtpx:TrackPointExtension>
<gpxtpx:speed>7.02</gpxtpx:speed>
</gpxtpx:TrackPointExtension>
<opentracks:accuracy_horizontal>3.974</opentracks:accuracy_horizontal></extensions>
</trkpt>
<trkpt lat="50.453282" lon="-104.535347">
<ele>558.3</ele>
<time>2026-07-27T07:08:51.536-06:00</time>
<extensions>
<gpxtpx:TrackPointExtension>
<gpxtpx:speed>7.51</gpxtpx:speed>
</gpxtpx:TrackPointExtension>
<opentracks:accuracy_horizontal>4.101</opentracks:accuracy_horizontal></extensions>
</trkpt>
<trkpt lat="50.45328" lon="-104.535118">
<ele>558.4</ele>
<time>2026-07-27T07:08:53.526-06:00</time>
<extensions>
<gpxtpx:TrackPointExtension>
<gpxtpx:speed>7.64</gpxtpx:speed>
</gpxtpx:TrackPointExtension>
<opentracks:accuracy_horizontal>4.1</opentracks:accuracy_horizontal></extensions>
</trkpt>
<trkpt lat="50.453244" lon="-104.534902">
<ele>558.3</ele>
<time>2026-07-27T07:08:55.525-06:00</time>
<extensions>
<gpxtpx:TrackPointExtension>
<gpxtpx:speed>7.71</gpxtpx:speed>
</gpxtpx:TrackPointExtension>
<opentracks:accuracy_horizontal>4.1</opentracks:accuracy_horizontal></extensions>
</trkpt>
<trkpt lat="50.453211" lon="-104.534688">
<ele>557.9</ele>
<time>2026-07-27T07:08:57.538-06:00</time>
<extensions>
<gpxtpx:TrackPointExtension>
<gpxtpx:speed>8.12</gpxtpx:speed>
</gpxtpx:TrackPointExtension>
<opentracks:accuracy_horizontal>4.1</opentracks:accuracy_horizontal></extensions>
</trkpt>
<trkpt lat="50.453225" lon="-104.53446">
<ele>557.9</ele>
<time>2026-07-27T07:08:59.536-06:00</time>
<extensions>
<gpxtpx:TrackPointExtension>
<gpxtpx:speed>8.16</gpxtpx:speed>
</gpxtpx:TrackPointExtension>
<opentracks:accuracy_horizontal>4.1</opentracks:accuracy_horizontal></extensions>
</trkpt>
<trkpt lat="50.453262" lon="-104.534224">
<ele>557.9</ele>
<time>2026-07-27T07:09:01.534-06:00</time>
<extensions>
<gpxtpx:TrackPointExtension>
<gpxtpx:speed>8.36</gpxtpx:speed>
</gpxtpx:TrackPointExtension>
<opentracks:accuracy_horizontal>4.1</opentracks:accuracy_horizontal></extensions>
</trkpt>
<trkpt lat="50.453304" lon="-104.533985">
<ele>558</ele>
<time>2026-07-27T07:09:03.54-06:00</time>
<extensions>
<gpxtpx:TrackPointExtension>
<gpxtpx:speed>8.28</gpxtpx:speed>
</gpxtpx:TrackPointExtension>
<opentracks:accuracy_horizontal>4.099</opentracks:accuracy_horizontal></extensions>
</trkpt>
<trkpt lat="50.453324" lon="-104.533754">
<ele>558.2</ele>
<time>2026-07-27T07:09:05.549-06:00</time>
<extensions>
<gpxtpx:TrackPointExtension>
<gpxtpx:speed>7.78</gpxtpx:speed>
</gpxtpx:TrackPointExtension>
<opentracks:accuracy_horizontal>4.099</opentracks:accuracy_horizontal></extensions>
</trkpt>
<trkpt lat="50.453331" lon="-104.533547">
<ele>558.2</ele>
<time>2026-07-27T07:09:07.546-06:00</time>
<extensions>
<gpxtpx:TrackPointExtension>
<gpxtpx:speed>7.34</gpxtpx:speed>
</gpxtpx:TrackPointExtension>
<opentracks:accuracy_horizontal>4.058</opentracks:accuracy_horizontal></extensions>
</trkpt>
<trkpt lat="50.453317" lon="-104.533355">
<ele>557.8</ele>
<time>2026-07-27T07:09:09.52-06:00</time>
<extensions>
<gpxtpx:TrackPointExtension>
<gpxtpx:speed>6.79</gpxtpx:speed>
</gpxtpx:TrackPointExtension>
<opentracks:accuracy_horizontal>3.909</opentracks:accuracy_horizontal></extensions>
</trkpt>
<trkpt lat="50.453286" lon="-104.533179">
<ele>557.5</ele>
<time>2026-07-27T07:09:11.533-06:00</time>
<extensions>
<gpxtpx:TrackPointExtension>
<gpxtpx:speed>6.32</gpxtpx:speed>
</gpxtpx:TrackPointExtension>
<opentracks:accuracy_horizontal>3.909</opentracks:accuracy_horizontal></extensions>
</trkpt>
<trkpt lat="50.453233" lon="-104.53301">
<ele>557.5</ele>
<time>2026-07-27T07:09:13.537-06:00</time>
<extensions>
<gpxtpx:TrackPointExtension>
<gpxtpx:speed>6.05</gpxtpx:speed>
</gpxtpx:TrackPointExtension>
<opentracks:accuracy_horizontal>3.909</opentracks:accuracy_horizontal></extensions>
</trkpt>
<trkpt lat="50.45316" lon="-104.532869">
<ele>557.5</ele>
<time>2026-07-27T07:09:15.536-06:00</time>
<extensions>
<gpxtpx:TrackPointExtension>
<gpxtpx:speed>5.66</gpxtpx:speed>
</gpxtpx:TrackPointExtension>
<opentracks:accuracy_horizontal>3.909</opentracks:accuracy_horizontal></extensions>
</trkpt>
<trkpt lat="50.453077" lon="-104.532762">
<ele>557.6</ele>
<time>2026-07-27T07:09:17.546-06:00</time>
<extensions>
<gpxtpx:TrackPointExtension>
<gpxtpx:speed>5.85</gpxtpx:speed>
</gpxtpx:TrackPointExtension>
<opentracks:accuracy_horizontal>4.171</opentracks:accuracy_horizontal></extensions>
</trkpt>
<trkpt lat="50.45297" lon="-104.532682">
<ele>557.8</ele>
<time>2026-07-27T07:09:19.546-06:00</time>
<extensions>
<gpxtpx:TrackPointExtension>
<gpxtpx:speed>6.69</gpxtpx:speed>
</gpxtpx:TrackPointExtension>
<opentracks:accuracy_horizontal>4.17</opentracks:accuracy_horizontal></extensions>
</trkpt>
<trkpt lat="50.452837" lon="-104.532633">
<ele>558</ele>
<time>2026-07-27T07:09:21.54-06:00</time>
<extensions>
<gpxtpx:TrackPointExtension>
<gpxtpx:speed>6.94</gpxtpx:speed>
</gpxtpx:TrackPointExtension>
<opentracks:accuracy_horizontal>4.069</opentracks:accuracy_horizontal></extensions>
</trkpt>
<trkpt lat="50.4527" lon="-104.532654">
<ele>557.6</ele>
<time>2026-07-27T07:09:23.529-06:00</time>
<extensions>
<gpxtpx:TrackPointExtension>
<gpxtpx:speed>6.98</gpxtpx:speed>
</gpxtpx:TrackPointExtension>
<opentracks:accuracy_horizontal>3.909</opentracks:accuracy_horizontal></extensions>
</trkpt>
<trkpt lat="50.45257" lon="-104.532701">
<ele>557.5</ele>
<time>2026-07-27T07:09:25.536-06:00</time>
<extensions>
<gpxtpx:TrackPointExtension>
<gpxtpx:speed>6.82</gpxtpx:speed>
</gpxtpx:TrackPointExtension>
<opentracks:accuracy_horizontal>3.908</opentracks:accuracy_horizontal></extensions>
</trkpt>
<trkpt lat="50.452447" lon="-104.532715">
<ele>557.6</ele>
<time>2026-07-27T07:09:27.526-06:00</time>
<extensions>
<gpxtpx:TrackPointExtension>
<gpxtpx:speed>6.64</gpxtpx:speed>
</gpxtpx:TrackPointExtension>
<opentracks:accuracy_horizontal>3.908</opentracks:accuracy_horizontal></extensions>
</trkpt>
<trkpt lat="50.452329" lon="-104.532695">
<ele>557.7</ele>
<time>2026-07-27T07:09:29.537-06:00</time>
<extensions>
<gpxtpx:TrackPointExtension>
<gpxtpx:speed>6.29</gpxtpx:speed>
</gpxtpx:TrackPointExtension>
<opentracks:accuracy_horizontal>3.908</opentracks:accuracy_horizontal></extensions>
</trkpt>
<trkpt lat="50.452215" lon="-104.532686">
<ele>557.7</ele>
<time>2026-07-27T07:09:31.536-06:00</time>
<extensions>
<gpxtpx:TrackPointExtension>
<gpxtpx:speed>6.04</gpxtpx:speed>
</gpxtpx:TrackPointExtension>
<opentracks:accuracy_horizontal>3.908</opentracks:accuracy_horizontal></extensions>
</trkpt>
<trkpt lat="50.452103" lon="-104.532735">
<ele>557.8</ele>
<time>2026-07-27T07:09:33.53-06:00</time>
<extensions>
<gpxtpx:TrackPointExtension>
<gpxtpx:speed>5.89</gpxtpx:speed>
</gpxtpx:TrackPointExtension>
<opentracks:accuracy_horizontal>3.908</opentracks:accuracy_horizontal></extensions>
</trkpt>
<trkpt lat="50.451998" lon="-104.532812">
<ele>557.8</ele>
<time>2026-07-27T07:09:35.53-06:00</time>
<extensions>
<gpxtpx:TrackPointExtension>
<gpxtpx:speed>5.88</gpxtpx:speed>
</gpxtpx:TrackPointExtension>
<opentracks:accuracy_horizontal>3.908</opentracks:accuracy_horizontal></extensions>
</trkpt>
<trkpt lat="50.451901" lon="-104.53288">
<ele>558</ele>
<time>2026-07-27T07:09:37.542-06:00</time>
<extensions>
<gpxtpx:TrackPointExtension>
<gpxtpx:speed>5.51</gpxtpx:speed>
</gpxtpx:TrackPointExtension>
<opentracks:accuracy_horizontal>3.908</opentracks:accuracy_horizontal></extensions>
</trkpt>
<trkpt lat="50.451812" lon="-104.532922">
<ele>557.9</ele>
<time>2026-07-27T07:09:39.527-06:00</time>
<extensions>
<gpxtpx:TrackPointExtension>
<gpxtpx:speed>4.98</gpxtpx:speed>
</gpxtpx:TrackPointExtension>
<opentracks:accuracy_horizontal>3.908</opentracks:accuracy_horizontal></extensions>
</trkpt>
<trkpt lat="50.451708" lon="-104.532928">
<ele>558.2</ele>
<time>2026-07-27T07:09:42.536-06:00</time>
<extensions>
<gpxtpx:TrackPointExtension>
<gpxtpx:speed>3.65</gpxtpx:speed>
</gpxtpx:TrackPointExtension>
<opentracks:accuracy_horizontal>4.072</opentracks:accuracy_horizontal></extensions>
</trkpt>
<trkpt lat="50.451617" lon="-104.53293">
<ele>559.1</ele>
<time>2026-07-27T07:09:46.527-06:00</time>
<extensions>
<gpxtpx:TrackPointExtension>
<gpxtpx:speed>2.57</gpxtpx:speed>
</gpxtpx:TrackPointExtension>
<opentracks:accuracy_horizontal>4.072</opentracks:accuracy_horizontal></extensions>
</trkpt>
<trkpt lat="50.45153" lon="-104.532894">
<ele>559.3</ele>
<time>2026-07-27T07:09:50.532-06:00</time>
<extensions>
<gpxtpx:TrackPointExtension>
<gpxtpx:speed>1.54</gpxtpx:speed>
</gpxtpx:TrackPointExtension>
<opentracks:accuracy_horizontal>3.907</opentracks:accuracy_horizontal></extensions>
</trkpt>
<trkpt lat="50.451489" lon="-104.53288">
<ele>560.3</ele>
<time>2026-07-27T07:10:00.504-06:00</time>
<extensions>
<gpxtpx:TrackPointExtension>
<gpxtpx:speed>0.6</gpxtpx:speed>
</gpxtpx:TrackPointExtension>
<opentracks:accuracy_horizontal>3.907</opentracks:accuracy_horizontal></extensions>
</trkpt>
<trkpt lat="50.451499" lon="-104.532724">
<ele>559.4</ele>
<time>2026-07-27T07:10:23.526-06:00</time>
<extensions>
<gpxtpx:TrackPointExtension>
<gpxtpx:speed>2.47</gpxtpx:speed>
</gpxtpx:TrackPointExtension>
<opentracks:accuracy_horizontal>3.905</opentracks:accuracy_horizontal></extensions>
</trkpt>
<trkpt lat="50.451448" lon="-104.532589">
<ele>559.3</ele>
<time>2026-07-27T07:10:26.536-06:00</time>
<extensions>
<gpxtpx:TrackPointExtension>
<gpxtpx:speed>3.53</gpxtpx:speed>
</gpxtpx:TrackPointExtension>
<opentracks:accuracy_horizontal>3.986</opentracks:accuracy_horizontal></extensions>
</trkpt>
<trkpt lat="50.451411" lon="-104.532446">
<ele>558.9</ele>
<time>2026-07-27T07:10:29.537-06:00</time>
<extensions>
<gpxtpx:TrackPointExtension>
<gpxtpx:speed>3.6</gpxtpx:speed>
</gpxtpx:TrackPointExtension>
<opentracks:accuracy_horizontal>3.985</opentracks:accuracy_horizontal></extensions>
</trkpt>
<trkpt lat="50.45139" lon="-104.532302">
<ele>558.8</ele>
<time>2026-07-27T07:10:32.54-06:00</time>
<extensions>
<gpxtpx:TrackPointExtension>
<gpxtpx:speed>3.09</gpxtpx:speed>
</gpxtpx:TrackPointExtension>
<opentracks:accuracy_horizontal>3.985</opentracks:accuracy_horizontal></extensions>
</trkpt>
<trkpt lat="50.451311" lon="-104.532187">
<ele>558.2</ele>
<time>2026-07-27T07:10:35.506-06:00</time>
<extensions>
<gpxtpx:TrackPointExtension>
<gpxtpx:speed>5.02</gpxtpx:speed>
</gpxtpx:TrackPointExtension>
<opentracks:accuracy_horizontal>3.984</opentracks:accuracy_horizontal></extensions>
</trkpt>
<trkpt lat="50.451237" lon="-104.532066">
<ele>558.2</ele>
<time>2026-07-27T07:10:37.55-06:00</time>
<extensions>
<gpxtpx:TrackPointExtension>
<gpxtpx:speed>6.36</gpxtpx:speed>
</gpxtpx:TrackPointExtension>
<opentracks:accuracy_horizontal>3.984</opentracks:accuracy_horizontal></extensions>
</trkpt>
<trkpt lat="50.451196" lon="-104.531872">
<ele>558.3</ele>
<time>2026-07-27T07:10:39.532-06:00</time>
<extensions>
<gpxtpx:TrackPointExtension>
<gpxtpx:speed>6.83</gpxtpx:speed>
</gpxtpx:TrackPointExtension>
<opentracks:accuracy_horizontal>3.983</opentracks:accuracy_horizontal></extensions>
</trkpt>
<trkpt lat="50.451173" lon="-104.531686">
<ele>558.2</ele>
<time>2026-07-27T07:10:41.533-06:00</time>
<extensions>
<gpxtpx:TrackPointExtension>
<gpxtpx:speed>6.35</gpxtpx:speed>
</gpxtpx:TrackPointExtension>
<opentracks:accuracy_horizontal>3.983</opentracks:accuracy_horizontal></extensions>
</trkpt>
<trkpt lat="50.451139" lon="-104.531507">
<ele>558.1</ele>
<time>2026-07-27T07:10:43.534-06:00</time>
<extensions>
<gpxtpx:TrackPointExtension>
<gpxtpx:speed>6.68</gpxtpx:speed>
</gpxtpx:TrackPointExtension>
<opentracks:accuracy_horizontal>3.983</opentracks:accuracy_horizontal></extensions>
</trkpt>
<trkpt lat="50.451103" lon="-104.531332">
<ele>557.9</ele>
<time>2026-07-27T07:10:45.535-06:00</time>
<extensions>
<gpxtpx:TrackPointExtension>
<gpxtpx:speed>7.04</gpxtpx:speed>
</gpxtpx:TrackPointExtension>
<opentracks:accuracy_horizontal>4.148</opentracks:accuracy_horizontal></extensions>
</trkpt>
<trkpt lat="50.451073" lon="-104.531122">
<ele>558.3</ele>
<time>2026-07-27T07:10:47.525-06:00</time>
<extensions>
<gpxtpx:TrackPointExtension>
<gpxtpx:speed>7.79</gpxtpx:speed>
</gpxtpx:TrackPointExtension>
<opentracks:accuracy_horizontal>3.982</opentracks:accuracy_horizontal></extensions>
</trkpt>
<trkpt lat="50.451039" lon="-104.5309">
<ele>558.7</ele>
<time>2026-07-27T07:10:49.515-06:00</time>
<extensions>
<gpxtpx:TrackPointExtension>
<gpxtpx:speed>7.86</gpxtpx:speed>
</gpxtpx:TrackPointExtension>
<opentracks:accuracy_horizontal>3.982</opentracks:accuracy_horizontal></extensions>
</trkpt>
<trkpt lat="50.450998" lon="-104.530683">
<ele>559</ele>
<time>2026-07-27T07:10:51.532-06:00</time>
<extensions>
<gpxtpx:TrackPointExtension>
<gpxtpx:speed>7.75</gpxtpx:speed>
</gpxtpx:TrackPointExtension>
<opentracks:accuracy_horizontal>3.981</opentracks:accuracy_horizontal></extensions>
</trkpt>
<trkpt lat="50.450967" lon="-104.530461">
<ele>559.3</ele>
<time>2026-07-27T07:10:53.544-06:00</time>
<extensions>
<gpxtpx:TrackPointExtension>
<gpxtpx:speed>7.85</gpxtpx:speed>
</gpxtpx:TrackPointExtension>
<opentracks:accuracy_horizontal>3.981</opentracks:accuracy_horizontal></extensions>
</trkpt>
<trkpt lat="50.450927" lon="-104.530238">
<ele>560.1</ele>
<time>2026-07-27T07:10:55.539-06:00</time>
<extensions>
<gpxtpx:TrackPointExtension>
<gpxtpx:speed>8.51</gpxtpx:speed>
</gpxtpx:TrackPointExtension>
<opentracks:accuracy_horizontal>3.981</opentracks:accuracy_horizontal></extensions>
</trkpt>
<trkpt lat="50.450889" lon="-104.530012">
<ele>560</ele>
<time>2026-07-27T07:10:57.55-06:00</time>
<extensions>
<gpxtpx:TrackPointExtension>
<gpxtpx:speed>8.4</gpxtpx:speed>
</gpxtpx:TrackPointExtension>
<opentracks:accuracy_horizontal>4.199</opentracks:accuracy_horizontal></extensions>
</trkpt>
<trkpt lat="50.450851" lon="-104.52978">
<ele>560</ele>
<time>2026-07-27T07:10:59.512-06:00</time>
<extensions>
<gpxtpx:TrackPointExtension>
<gpxtpx:speed>8.28</gpxtpx:speed>
</gpxtpx:TrackPointExtension>
<opentracks:accuracy_horizontal>3.98</opentracks:accuracy_horizontal></extensions>
</trkpt>
<trkpt lat="50.450817" lon="-104.52957">
<ele>560.3</ele>
<time>2026-07-27T07:11:01.543-06:00</time>
<extensions>
<gpxtpx:TrackPointExtension>
<gpxtpx:speed>7.33</gpxtpx:speed>
</gpxtpx:TrackPointExtension>
<opentracks:accuracy_horizontal>3.98</opentracks:accuracy_horizontal></extensions>
</trkpt>
<trkpt lat="50.450785" lon="-104.529379">
<ele>560.6</ele>
<time>2026-07-27T07:11:03.544-06:00</time>
<extensions>
<gpxtpx:TrackPointExtension>
<gpxtpx:speed>7.14</gpxtpx:speed>
</gpxtpx:TrackPointExtension>
<opentracks:accuracy_horizontal>3.979</opentracks:accuracy_horizontal></extensions>
</trkpt>
<trkpt lat="50.450757" lon="-104.529195">
<ele>561</ele>
<time>2026-07-27T07:11:05.538-06:00</time>
<extensions>
<gpxtpx:TrackPointExtension>
<gpxtpx:speed>6.78</gpxtpx:speed>
</gpxtpx:TrackPointExtension>
<opentracks:accuracy_horizontal>3.979</opentracks:accuracy_horizontal></extensions>
</trkpt>
<trkpt lat="50.450727" lon="-104.529008">
<ele>561.3</ele>
<time>2026-07-27T07:11:07.537-06:00</time>
<extensions>
<gpxtpx:TrackPointExtension>
<gpxtpx:speed>7.07</gpxtpx:speed>
</gpxtpx:TrackPointExtension>
<opentracks:accuracy_horizontal>3.979</opentracks:accuracy_horizontal></extensions>
</trkpt>
<trkpt lat="50.450695" lon="-104.528816">
<ele>561.5</ele>
<time>2026-07-27T07:11:09.534-06:00</time>
<extensions>
<gpxtpx:TrackPointExtension>
<gpxtpx:speed>6.91</gpxtpx:speed>
</gpxtpx:TrackPointExtension>
<opentracks:accuracy_horizontal>3.978</opentracks:accuracy_horizontal></extensions>
</trkpt>
<trkpt lat="50.450653" lon="-104.528633">
<ele>561.6</ele>
<time>2026-07-27T07:11:11.537-06:00</time>
<extensions>
<gpxtpx:TrackPointExtension>
<gpxtpx:speed>7</gpxtpx:speed>
</gpxtpx:TrackPointExtension>
<opentracks:accuracy_horizontal>3.903</opentracks:accuracy_horizontal></extensions>
</trkpt>
<trkpt lat="50.450617" lon="-104.528445">
<ele>561.6</ele>
<time>2026-07-27T07:11:13.528-06:00</time>
<extensions>
<gpxtpx:TrackPointExtension>
<gpxtpx:speed>6.83</gpxtpx:speed>
</gpxtpx:TrackPointExtension>
<opentracks:accuracy_horizontal>3.902</opentracks:accuracy_horizontal></extensions>
</trkpt>
<trkpt lat="50.450544" lon="-104.528281">
<ele>561.2</ele>
<time>2026-07-27T07:11:15.539-06:00</time>
<extensions>
<gpxtpx:TrackPointExtension>
<gpxtpx:speed>7.01</gpxtpx:speed>
</gpxtpx:TrackPointExtension>
<opentracks:accuracy_horizontal>3.902</opentracks:accuracy_horizontal></extensions>
</trkpt>
<trkpt lat="50.450451" lon="-104.528139">
<ele>561.4</ele>
<time>2026-07-27T07:11:17.543-06:00</time>
<extensions>
<gpxtpx:TrackPointExtension>
<gpxtpx:speed>6.91</gpxtpx:speed>
</gpxtpx:TrackPointExtension>
<opentracks:accuracy_horizontal>4.178</opentracks:accuracy_horizontal></extensions>
</trkpt>
<trkpt lat="50.450341" lon="-104.528026">
<ele>561.1</ele>
<time>2026-07-27T07:11:19.543-06:00</time>
<extensions>
<gpxtpx:TrackPointExtension>
<gpxtpx:speed>7.39</gpxtpx:speed>
</gpxtpx:TrackPointExtension>
<opentracks:accuracy_horizontal>4.178</opentracks:accuracy_horizontal></extensions>
</trkpt>
<trkpt lat="50.450214" lon="-104.527934">
<ele>561.1</ele>
<time>2026-07-27T07:11:21.549-06:00</time>
<extensions>
<gpxtpx:TrackPointExtension>
<gpxtpx:speed>7.51</gpxtpx:speed>
</gpxtpx:TrackPointExtension>
<opentracks:accuracy_horizontal>4.178</opentracks:accuracy_horizontal></extensions>
</trkpt>
<trkpt lat="50.450072" lon="-104.527896">
<ele>561.2</ele>
<time>2026-07-27T07:11:23.546-06:00</time>
<extensions>
<gpxtpx:TrackPointExtension>
<gpxtpx:speed>7.64</gpxtpx:speed>
</gpxtpx:TrackPointExtension>
<opentracks:accuracy_horizontal>4.136</opentracks:accuracy_horizontal></extensions>
</trkpt>
<trkpt lat="50.449927" lon="-104.527893">
<ele>561.2</ele>
<time>2026-07-27T07:11:25.548-06:00</time>
<extensions>
<gpxtpx:TrackPointExtension>
<gpxtpx:speed>7.4</gpxtpx:speed>
</gpxtpx:TrackPointExtension>
<opentracks:accuracy_horizontal>4.135</opentracks:accuracy_horizontal></extensions>
</trkpt>
<trkpt lat="50.449788" lon="-104.527887">
<ele>561.4</ele>
<time>2026-07-27T07:11:27.537-06:00</time>
<extensions>
<gpxtpx:TrackPointExtension>
<gpxtpx:speed>7.39</gpxtpx:speed>
</gpxtpx:TrackPointExtension>
<opentracks:accuracy_horizontal>4.376</opentracks:accuracy_horizontal></extensions>
</trkpt>
<trkpt lat="50.449657" lon="-104.527883">
<ele>561.7</ele>
<time>2026-07-27T07:11:29.548-06:00</time>
<extensions>
<gpxtpx:TrackPointExtension>
<gpxtpx:speed>6.98</gpxtpx:speed>
</gpxtpx:TrackPointExtension>
<opentracks:accuracy_horizontal>4.134</opentracks:accuracy_horizontal></extensions>
</trkpt>
<trkpt lat="50.449531" lon="-104.527893">
<ele>561.3</ele>
<time>2026-07-27T07:11:31.54-06:00</time>
<extensions>
<gpxtpx:TrackPointExtension>
<gpxtpx:speed>6.78</gpxtpx:speed>
</gpxtpx:TrackPointExtension>
<opentracks:accuracy_horizontal>4.133</opentracks:accuracy_horizontal></extensions>
</trkpt>
<trkpt lat="50.449407" lon="-104.527889">
<ele>561.5</ele>
<time>2026-07-27T07:11:33.553-06:00</time>
<extensions>
<gpxtpx:TrackPointExtension>
<gpxtpx:speed>6.25</gpxtpx:speed>
</gpxtpx:TrackPointExtension>
<opentracks:accuracy_horizontal>4.207</opentracks:accuracy_horizontal></extensions>
</trkpt>
<trkpt lat="50.449295" lon="-104.52787">
<ele>560.9</ele>
<time>2026-07-27T07:11:35.53-06:00</time>
<extensions>
<gpxtpx:TrackPointExtension>
<gpxtpx:speed>5.89</gpxtpx:speed>
</gpxtpx:TrackPointExtension>
<opentracks:accuracy_horizontal>3.942</opentracks:accuracy_horizontal></extensions>
</trkpt>
<trkpt lat="50.449206" lon="-104.527795">
<ele>560.8</ele>
<time>2026-07-27T07:11:37.537-06:00</time>
<extensions>
<gpxtpx:TrackPointExtension>
<gpxtpx:speed>6.12</gpxtpx:speed>
</gpxtpx:TrackPointExtension>
<opentracks:accuracy_horizontal>3.888</opentracks:accuracy_horizontal></extensions>
</trkpt>
<trkpt lat="50.449133" lon="-104.527628">
<ele>560.9</ele>
<time>2026-07-27T07:11:39.537-06:00</time>
<extensions>
<gpxtpx:TrackPointExtension>
<gpxtpx:speed>6.63</gpxtpx:speed>
</gpxtpx:TrackPointExtension>
<opentracks:accuracy_horizontal>4.166</opentracks:accuracy_horizontal></extensions>
</trkpt>
<trkpt lat="50.449112" lon="-104.527424">
<ele>560.4</ele>
<time>2026-07-27T07:11:41.539-06:00</time>
<extensions>
<gpxtpx:TrackPointExtension>
<gpxtpx:speed>7.21</gpxtpx:speed>
</gpxtpx:TrackPointExtension>
<opentracks:accuracy_horizontal>3.996</opentracks:accuracy_horizontal></extensions>
</trkpt>
<trkpt lat="50.449125" lon="-104.527218">
<ele>559.7</ele>
<time>2026-07-27T07:11:43.543-06:00</time>
<extensions>
<gpxtpx:TrackPointExtension>
<gpxtpx:speed>7.44</gpxtpx:speed>
</gpxtpx:TrackPointExtension>
<opentracks:accuracy_horizontal>3.996</opentracks:accuracy_horizontal></extensions>
</trkpt>
<trkpt lat="50.449124" lon="-104.527013">
<ele>559.7</ele>
<time>2026-07-27T07:11:45.55-06:00</time>
<extensions>
<gpxtpx:TrackPointExtension>
<gpxtpx:speed>7.22</gpxtpx:speed>
</gpxtpx:TrackPointExtension>
<opentracks:accuracy_horizontal>3.968</opentracks:accuracy_horizontal></extensions>
</trkpt>
<trkpt lat="50.449138" lon="-104.526817">
<ele>559.6</ele>
<time>2026-07-27T07:11:47.537-06:00</time>
<extensions>
<gpxtpx:TrackPointExtension>
<gpxtpx:speed>6.65</gpxtpx:speed>
</gpxtpx:TrackPointExtension>
<opentracks:accuracy_horizontal>4.485</opentracks:accuracy_horizontal></extensions>
</trkpt>
<trkpt lat="50.44915" lon="-104.526642">
<ele>559.2</ele>
<time>2026-07-27T07:11:49.534-06:00</time>
<extensions>
<gpxtpx:TrackPointExtension>
<gpxtpx:speed>5.91</gpxtpx:speed>
</gpxtpx:TrackPointExtension>
<opentracks:accuracy_horizontal>4.063</opentracks:accuracy_horizontal></extensions>
</trkpt>
<trkpt lat="50.449138" lon="-104.526484">
<ele>559.2</ele>
<time>2026-07-27T07:11:51.543-06:00</time>
<extensions>
<gpxtpx:TrackPointExtension>
<gpxtpx:speed>5.51</gpxtpx:speed>
</gpxtpx:TrackPointExtension>
<opentracks:accuracy_horizontal>3.9</opentracks:accuracy_horizontal></extensions>
</trkpt>
<trkpt lat="50.449057" lon="-104.526382">
<ele>559</ele>
<time>2026-07-27T07:11:53.526-06:00</time>
<extensions>
<gpxtpx:TrackPointExtension>
<gpxtpx:speed>6.31</gpxtpx:speed>
</gpxtpx:TrackPointExtension>
<opentracks:accuracy_horizontal>4.063</opentracks:accuracy_horizontal></extensions>
</trkpt>
<trkpt lat="50.448912" lon="-104.526374">
<ele>559.5</ele>
<time>2026-07-27T07:11:55.535-06:00</time>
<extensions>
<gpxtpx:TrackPointExtension>
<gpxtpx:speed>6.81</gpxtpx:speed>
</gpxtpx:TrackPointExtension>
<opentracks:accuracy_horizontal>4.043</opentracks:accuracy_horizontal></extensions>
</trkpt>
<trkpt lat="50.44877" lon="-104.526382">
<ele>559.6</ele>
<time>2026-07-27T07:11:57.531-06:00</time>
<extensions>
<gpxtpx:TrackPointExtension>
<gpxtpx:speed>7.32</gpxtpx:speed>
</gpxtpx:TrackPointExtension>
<opentracks:accuracy_horizontal>3.9</opentracks:accuracy_horizontal></extensions>
</trkpt>
<trkpt lat="50.448622" lon="-104.526374">
<ele>560.2</ele>
<time>2026-07-27T07:11:59.546-06:00</time>
<extensions>
<gpxtpx:TrackPointExtension>
<gpxtpx:speed>7.9</gpxtpx:speed>
</gpxtpx:TrackPointExtension>
<opentracks:accuracy_horizontal>4.072</opentracks:accuracy_horizontal></extensions>
</trkpt>
<trkpt lat="50.448474" lon="-104.526403">
<ele>560.9</ele>
<time>2026-07-27T07:12:01.525-06:00</time>
<extensions>
<gpxtpx:TrackPointExtension>
<gpxtpx:speed>7.87</gpxtpx:speed>
</gpxtpx:TrackPointExtension>
<opentracks:accuracy_horizontal>4.123</opentracks:accuracy_horizontal></extensions>
</trkpt>
<trkpt lat="50.448322" lon="-104.5264">
<ele>561.3</ele>
<time>2026-07-27T07:12:03.54-06:00</time>
<extensions>
<gpxtpx:TrackPointExtension>
<gpxtpx:speed>7.48</gpxtpx:speed>
</gpxtpx:TrackPointExtension>
<opentracks:accuracy_horizontal>3.886</opentracks:accuracy_horizontal></extensions>
</trkpt>
<trkpt lat="50.448207" lon="-104.526357">
<ele>561.3</ele>
<time>2026-07-27T07:12:05.524-06:00</time>
<extensions>
<gpxtpx:TrackPointExtension>
<gpxtpx:speed>7.24</gpxtpx:speed>
</gpxtpx:TrackPointExtension>
<opentracks:accuracy_horizontal>4.027</opentracks:accuracy_horizontal></extensions>
</trkpt>
<trkpt lat="50.448103" lon="-104.526216">
<ele>561</ele>
<time>2026-07-27T07:12:07.552-06:00</time>
<extensions>
<gpxtpx:TrackPointExtension>
<gpxtpx:speed>7.93</gpxtpx:speed>
</gpxtpx:TrackPointExtension>
<opentracks:accuracy_horizontal>3.969</opentracks:accuracy_horizontal></extensions>
</trkpt>
<trkpt lat="50.448057" lon="-104.525983">
<ele>560.8</ele>
<time>2026-07-27T07:12:09.527-06:00</time>
<extensions>
<gpxtpx:TrackPointExtension>
<gpxtpx:speed>7.47</gpxtpx:speed>
</gpxtpx:TrackPointExtension>
<opentracks:accuracy_horizontal>4.487</opentracks:accuracy_horizontal></extensions>
</trkpt>
<trkpt lat="50.448065" lon="-104.525766">
<ele>560.4</ele>
<time>2026-07-27T07:12:11.516-06:00</time>
<extensions>
<gpxtpx:TrackPointExtension>
<gpxtpx:speed>7.27</gpxtpx:speed>
</gpxtpx:TrackPointExtension>
<opentracks:accuracy_horizontal>3.899</opentracks:accuracy_horizontal></extensions>
</trkpt>
<trkpt lat="50.448084" lon="-104.525562">
<ele>560.2</ele>
<time>2026-07-27T07:12:13.53-06:00</time>
<extensions>
<gpxtpx:TrackPointExtension>
<gpxtpx:speed>7.08</gpxtpx:speed>
</gpxtpx:TrackPointExtension>
<opentracks:accuracy_horizontal>3.968</opentracks:accuracy_horizontal></extensions>
</trkpt>
<trkpt lat="50.448082" lon="-104.525361">
<ele>559.9</ele>
<time>2026-07-27T07:12:15.547-06:00</time>
<extensions>
<gpxtpx:TrackPointExtension>
<gpxtpx:speed>7.32</gpxtpx:speed>
</gpxtpx:TrackPointExtension>
<opentracks:accuracy_horizontal>3.968</opentracks:accuracy_horizontal></extensions>
</trkpt>
<trkpt lat="50.44809" lon="-104.525159">
<ele>560.1</ele>
<time>2026-07-27T07:12:17.55-06:00</time>
<extensions>
<gpxtpx:TrackPointExtension>
<gpxtpx:speed>7.2</gpxtpx:speed>
</gpxtpx:TrackPointExtension>
<opentracks:accuracy_horizontal>3.967</opentracks:accuracy_horizontal></extensions>
</trkpt>
<trkpt lat="50.448098" lon="-104.52496">
<ele>560.3</ele>
<time>2026-07-27T07:12:19.55-06:00</time>
<extensions>
<gpxtpx:TrackPointExtension>
<gpxtpx:speed>7.05</gpxtpx:speed>
</gpxtpx:TrackPointExtension>
<opentracks:accuracy_horizontal>3.967</opentracks:accuracy_horizontal></extensions>
</trkpt>
<trkpt lat="50.448096" lon="-104.524764">
<ele>560.3</ele>
<time>2026-07-27T07:12:21.532-06:00</time>
<extensions>
<gpxtpx:TrackPointExtension>
<gpxtpx:speed>6.85</gpxtpx:speed>
</gpxtpx:TrackPointExtension>
<opentracks:accuracy_horizontal>3.967</opentracks:accuracy_horizontal></extensions>
</trkpt>
<trkpt lat="50.448103" lon="-104.52458">
<ele>560.2</ele>
<time>2026-07-27T07:12:23.536-06:00</time>
<extensions>
<gpxtpx:TrackPointExtension>
<gpxtpx:speed>6.69</gpxtpx:speed>
</gpxtpx:TrackPointExtension>
<opentracks:accuracy_horizontal>3.966</opentracks:accuracy_horizontal></extensions>
</trkpt>
<trkpt lat="50.448102" lon="-104.5244">
<ele>560.4</ele>
<time>2026-07-27T07:12:25.538-06:00</time>
<extensions>
<gpxtpx:TrackPointExtension>
<gpxtpx:speed>6.58</gpxtpx:speed>
</gpxtpx:TrackPointExtension>
<opentracks:accuracy_horizontal>3.966</opentracks:accuracy_horizontal></extensions>
</trkpt>
<trkpt lat="50.448099" lon="-104.524211">
<ele>560.4</ele>
<time>2026-07-27T07:12:27.542-06:00</time>
<extensions>
<gpxtpx:TrackPointExtension>
<gpxtpx:speed>6.55</gpxtpx:speed>
</gpxtpx:TrackPointExtension>
<opentracks:accuracy_horizontal>3.966</opentracks:accuracy_horizontal></extensions>
</trkpt>
<trkpt lat="50.448099" lon="-104.524025">
<ele>560.3</ele>
<time>2026-07-27T07:12:29.532-06:00</time>
<extensions>
<gpxtpx:TrackPointExtension>
<gpxtpx:speed>6.45</gpxtpx:speed>
</gpxtpx:TrackPointExtension>
<opentracks:accuracy_horizontal>3.965</opentracks:accuracy_horizontal></extensions>
</trkpt>
<trkpt lat="50.448101" lon="-104.523846">
<ele>560.6</ele>
<time>2026-07-27T07:12:31.522-06:00</time>
<extensions>
<gpxtpx:TrackPointExtension>
<gpxtpx:speed>6.46</gpxtpx:speed>
</gpxtpx:TrackPointExtension>
<opentracks:accuracy_horizontal>3.965</opentracks:accuracy_horizontal></extensions>
</trkpt>
<trkpt lat="50.448103" lon="-104.523672">
<ele>561.1</ele>
<time>2026-07-27T07:12:33.533-06:00</time>
<extensions>
<gpxtpx:TrackPointExtension>
<gpxtpx:speed>6.27</gpxtpx:speed>
</gpxtpx:TrackPointExtension>
<opentracks:accuracy_horizontal>3.965</opentracks:accuracy_horizontal></extensions>
</trkpt>
<trkpt lat="50.448104" lon="-104.523496">
<ele>561.4</ele>
<time>2026-07-27T07:12:35.551-06:00</time>
<extensions>
<gpxtpx:TrackPointExtension>
<gpxtpx:speed>6.12</gpxtpx:speed>
</gpxtpx:TrackPointExtension>
<opentracks:accuracy_horizontal>3.964</opentracks:accuracy_horizontal></extensions>
</trkpt>
<trkpt lat="50.448108" lon="-104.523319">
<ele>561.8</ele>
<time>2026-07-27T07:12:37.537-06:00</time>
<extensions>
<gpxtpx:TrackPointExtension>
<gpxtpx:speed>6.45</gpxtpx:speed>
</gpxtpx:TrackPointExtension>
<opentracks:accuracy_horizontal>3.964</opentracks:accuracy_horizontal></extensions>
</trkpt>
<trkpt lat="50.448106" lon="-104.523135">
<ele>561.8</ele>
<time>2026-07-27T07:12:39.541-06:00</time>
<extensions>
<gpxtpx:TrackPointExtension>
<gpxtpx:speed>6.61</gpxtpx:speed>
</gpxtpx:TrackPointExtension>
<opentracks:accuracy_horizontal>3.964</opentracks:accuracy_horizontal></extensions>
</trkpt>
<trkpt lat="50.448102" lon="-104.522949">
<ele>562</ele>
<time>2026-07-27T07:12:41.543-06:00</time>
<extensions>
<gpxtpx:TrackPointExtension>
<gpxtpx:speed>6.5</gpxtpx:speed>
</gpxtpx:TrackPointExtension>
<opentracks:accuracy_horizontal>3.963</opentracks:accuracy_horizontal></extensions>
</trkpt>
<trkpt lat="50.448105" lon="-104.522763">
<ele>562.2</ele>
<time>2026-07-27T07:12:43.538-06:00</time>
<extensions>
<gpxtpx:TrackPointExtension>
<gpxtpx:speed>6.59</gpxtpx:speed>
</gpxtpx:TrackPointExtension>
<opentracks:accuracy_horizontal>3.963</opentracks:accuracy_horizontal></extensions>
</trkpt>
<trkpt lat="50.448106" lon="-104.522578">
<ele>562.2</ele>
<time>2026-07-27T07:12:45.535-06:00</time>
<extensions>
<gpxtpx:TrackPointExtension>
<gpxtpx:speed>6.69</gpxtpx:speed>
</gpxtpx:TrackPointExtension>
<opentracks:accuracy_horizontal>3.962</opentracks:accuracy_horizontal></extensions>
</trkpt>
<trkpt lat="50.448107" lon="-104.522393">
<ele>562.5</ele>
<time>2026-07-27T07:12:47.551-06:00</time>
<extensions>
<gpxtpx:TrackPointExtension>
<gpxtpx:speed>6.39</gpxtpx:speed>
</gpxtpx:TrackPointExtension>
<opentracks:accuracy_horizontal>3.962</opentracks:accuracy_horizontal></extensions>
</trkpt>
<trkpt lat="50.44811" lon="-104.522219">
<ele>562.4</ele>
<time>2026-07-27T07:12:49.522-06:00</time>
<extensions>
<gpxtpx:TrackPointExtension>
<gpxtpx:speed>6.21</gpxtpx:speed>
</gpxtpx:TrackPointExtension>
<opentracks:accuracy_horizontal>4.071</opentracks:accuracy_horizontal></extensions>
</trkpt>
<trkpt lat="50.448113" lon="-104.522044">
<ele>562.5</ele>
<time>2026-07-27T07:12:51.538-06:00</time>
<extensions>
<gpxtpx:TrackPointExtension>
<gpxtpx:speed>6.33</gpxtpx:speed>
</gpxtpx:TrackPointExtension>
<opentracks:accuracy_horizontal>3.897</opentracks:accuracy_horizontal></extensions>
</trkpt>
<trkpt lat="50.448112" lon="-104.521862">
<ele>562.5</ele>
<time>2026-07-27T07:12:53.533-06:00</time>
<extensions>
<gpxtpx:TrackPointExtension>
<gpxtpx:speed>6.55</gpxtpx:speed>
</gpxtpx:TrackPointExtension>
<opentracks:accuracy_horizontal>3.961</opentracks:accuracy_horizontal></extensions>
</trkpt>
<trkpt lat="50.448109" lon="-104.521676">
<ele>562.6</ele>
<time>2026-07-27T07:12:55.549-06:00</time>
<extensions>
<gpxtpx:TrackPointExtension>
<gpxtpx:speed>6.37</gpxtpx:speed>
</gpxtpx:TrackPointExtension>
<opentracks:accuracy_horizontal>3.961</opentracks:accuracy_horizontal></extensions>
</trkpt>
<trkpt lat="50.448108" lon="-104.521496">
<ele>562.6</ele>
<time>2026-07-27T07:12:57.545-06:00</time>
<extensions>
<gpxtpx:TrackPointExtension>
<gpxtpx:speed>6.38</gpxtpx:speed>
</gpxtpx:TrackPointExtension>
<opentracks:accuracy_horizontal>3.96</opentracks:accuracy_horizontal></extensions>
</trkpt>
<trkpt lat="50.44811" lon="-104.521322">
<ele>562.2</ele>
<time>2026-07-27T07:12:59.535-06:00</time>
<extensions>
<gpxtpx:TrackPointExtension>
<gpxtpx:speed>5.96</gpxtpx:speed>
</gpxtpx:TrackPointExtension>
<opentracks:accuracy_horizontal>3.96</opentracks:accuracy_horizontal></extensions>
</trkpt>
<trkpt lat="50.448116" lon="-104.52116">
<ele>562.3</ele>
<time>2026-07-27T07:13:01.51-06:00</time>
<extensions>
<gpxtpx:TrackPointExtension>
<gpxtpx:speed>5.68</gpxtpx:speed>
</gpxtpx:TrackPointExtension>
<opentracks:accuracy_horizontal>3.96</opentracks:accuracy_horizontal></extensions>
</trkpt>
<trkpt lat="50.448116" lon="-104.521002">
<ele>562.7</ele>
<time>2026-07-27T07:13:03.526-06:00</time>
<extensions>
<gpxtpx:TrackPointExtension>
<gpxtpx:speed>5.84</gpxtpx:speed>
</gpxtpx:TrackPointExtension>
<opentracks:accuracy_horizontal>3.959</opentracks:accuracy_horizontal></extensions>
</trkpt>
<trkpt lat="50.448113" lon="-104.520833">
<ele>562.6</ele>
<time>2026-07-27T07:13:05.534-06:00</time>
<extensions>
<gpxtpx:TrackPointExtension>
<gpxtpx:speed>6.09</gpxtpx:speed>
</gpxtpx:TrackPointExtension>
<opentracks:accuracy_horizontal>3.959</opentracks:accuracy_horizontal></extensions>
</trkpt>
<trkpt lat="50.448111" lon="-104.520657">
<ele>562.2</ele>
<time>2026-07-27T07:13:07.532-06:00</time>
<extensions>
<gpxtpx:TrackPointExtension>
<gpxtpx:speed>6.03</gpxtpx:speed>
</gpxtpx:TrackPointExtension>
<opentracks:accuracy_horizontal>3.879</opentracks:accuracy_horizontal></extensions>
</trkpt>
<trkpt lat="50.448108" lon="-104.520488">
<ele>562.3</ele>
<time>2026-07-27T07:13:09.538-06:00</time>
<extensions>
<gpxtpx:TrackPointExtension>
<gpxtpx:speed>6.19</gpxtpx:speed>
</gpxtpx:TrackPointExtension>
<opentracks:accuracy_horizontal>4.589</opentracks:accuracy_horizontal></extensions>
</trkpt>
<trkpt lat="50.448106" lon="-104.520309">
<ele>562.5</ele>
<time>2026-07-27T07:13:11.532-06:00</time>
<extensions>
<gpxtpx:TrackPointExtension>
<gpxtpx:speed>6.38</gpxtpx:speed>
</gpxtpx:TrackPointExtension>
<opentracks:accuracy_horizontal>4.06</opentracks:accuracy_horizontal></extensions>
</trkpt>
<trkpt lat="50.448108" lon="-104.52013">
<ele>562.9</ele>
<time>2026-07-27T07:13:13.536-06:00</time>
<extensions>
<gpxtpx:TrackPointExtension>
<gpxtpx:speed>6.52</gpxtpx:speed>
</gpxtpx:TrackPointExtension>
<opentracks:accuracy_horizontal>4.06</opentracks:accuracy_horizontal></extensions>
</trkpt>
<trkpt lat="50.448109" lon="-104.519947">
<ele>563.1</ele>
<time>2026-07-27T07:13:15.543-06:00</time>
<extensions>
<gpxtpx:TrackPointExtension>
<gpxtpx:speed>6.65</gpxtpx:speed>
</gpxtpx:TrackPointExtension>
<opentracks:accuracy_horizontal>4.06</opentracks:accuracy_horizontal></extensions>
</trkpt>
<trkpt lat="50.44811" lon="-104.519762">
<ele>563.4</ele>
<time>2026-07-27T07:13:17.538-06:00</time>
<extensions>
<gpxtpx:TrackPointExtension>
<gpxtpx:speed>6.5</gpxtpx:speed>
</gpxtpx:TrackPointExtension>
<opentracks:accuracy_horizontal>3.957</opentracks:accuracy_horizontal></extensions>
</trkpt>
<trkpt lat="50.448109" lon="-104.519577">
<ele>563.5</ele>
<time>2026-07-27T07:13:19.534-06:00</time>
<extensions>
<gpxtpx:TrackPointExtension>
<gpxtpx:speed>6.53</gpxtpx:speed>
</gpxtpx:TrackPointExtension>
<opentracks:accuracy_horizontal>3.957</opentracks:accuracy_horizontal></extensions>
</trkpt>
<trkpt lat="50.448109" lon="-104.519395">
<ele>563.6</ele>
<time>2026-07-27T07:13:21.531-06:00</time>
<extensions>
<gpxtpx:TrackPointExtension>
<gpxtpx:speed>6.72</gpxtpx:speed>
</gpxtpx:TrackPointExtension>
<opentracks:accuracy_horizontal>3.956</opentracks:accuracy_horizontal></extensions>
</trkpt>
<trkpt lat="50.448107" lon="-104.519207">
<ele>563.7</ele>
<time>2026-07-27T07:13:23.525-06:00</time>
<extensions>
<gpxtpx:TrackPointExtension>
<gpxtpx:speed>6.68</gpxtpx:speed>
</gpxtpx:TrackPointExtension>
<opentracks:accuracy_horizontal>3.956</opentracks:accuracy_horizontal></extensions>
</trkpt>
<trkpt lat="50.448106" lon="-104.519033">
<ele>564.1</ele>
<time>2026-07-27T07:13:25.538-06:00</time>
<extensions>
<gpxtpx:TrackPointExtension>
<gpxtpx:speed>6.64</gpxtpx:speed>
</gpxtpx:TrackPointExtension>
<opentracks:accuracy_horizontal>3.956</opentracks:accuracy_horizontal></extensions>
</trkpt>
<trkpt lat="50.448108" lon="-104.518848">
<ele>564</ele>
<time>2026-07-27T07:13:27.51-06:00</time>
<extensions>
<gpxtpx:TrackPointExtension>
<gpxtpx:speed>6.73</gpxtpx:speed>
</gpxtpx:TrackPointExtension>
<opentracks:accuracy_horizontal>3.895</opentracks:accuracy_horizontal></extensions>
</trkpt>
<trkpt lat="50.448107" lon="-104.518664">
<ele>564.1</ele>
<time>2026-07-27T07:13:29.526-06:00</time>
<extensions>
<gpxtpx:TrackPointExtension>
<gpxtpx:speed>6.56</gpxtpx:speed>
</gpxtpx:TrackPointExtension>
<opentracks:accuracy_horizontal>3.957</opentracks:accuracy_horizontal></extensions>
</trkpt>
<trkpt lat="50.448106" lon="-104.518481">
<ele>563.9</ele>
<time>2026-07-27T07:13:31.542-06:00</time>
<extensions>
<gpxtpx:TrackPointExtension>
<gpxtpx:speed>6.44</gpxtpx:speed>
</gpxtpx:TrackPointExtension>
<opentracks:accuracy_horizontal>3.955</opentracks:accuracy_horizontal></extensions>
</trkpt>
<trkpt lat="50.448108" lon="-104.518301">
<ele>564</ele>
<time>2026-07-27T07:13:33.551-06:00</time>
<extensions>
<gpxtpx:TrackPointExtension>
<gpxtpx:speed>6.27</gpxtpx:speed>
</gpxtpx:TrackPointExtension>
<opentracks:accuracy_horizontal>3.954</opentracks:accuracy_horizontal></extensions>
</trkpt>
<trkpt lat="50.448109" lon="-104.51812">
<ele>564.4</ele>
<time>2026-07-27T07:13:35.542-06:00</time>
<extensions>
<gpxtpx:TrackPointExtension>
<gpxtpx:speed>6.32</gpxtpx:speed>
</gpxtpx:TrackPointExtension>
<opentracks:accuracy_horizontal>3.954</opentracks:accuracy_horizontal></extensions>
</trkpt>
<trkpt lat="50.448108" lon="-104.517949">
<ele>564.7</ele>
<time>2026-07-27T07:13:37.533-06:00</time>
<extensions>
<gpxtpx:TrackPointExtension>
<gpxtpx:speed>6.05</gpxtpx:speed>
</gpxtpx:TrackPointExtension>
<opentracks:accuracy_horizontal>3.954</opentracks:accuracy_horizontal></extensions>
</trkpt>
<trkpt lat="50.448109" lon="-104.517781">
<ele>564.9</ele>
<time>2026-07-27T07:13:39.539-06:00</time>
<extensions>
<gpxtpx:TrackPointExtension>
<gpxtpx:speed>5.97</gpxtpx:speed>
</gpxtpx:TrackPointExtension>
<opentracks:accuracy_horizontal>3.953</opentracks:accuracy_horizontal></extensions>
</trkpt>
<trkpt lat="50.44811" lon="-104.517613">
<ele>564.9</ele>
<time>2026-07-27T07:13:41.549-06:00</time>
<extensions>
<gpxtpx:TrackPointExtension>
<gpxtpx:speed>6.01</gpxtpx:speed>
</gpxtpx:TrackPointExtension>
<opentracks:accuracy_horizontal>3.953</opentracks:accuracy_horizontal></extensions>
</trkpt>
<trkpt lat="50.448111" lon="-104.517447">
<ele>564.9</ele>
<time>2026-07-27T07:13:43.532-06:00</time>
<extensions>
<gpxtpx:TrackPointExtension>
<gpxtpx:speed>5.85</gpxtpx:speed>
</gpxtpx:TrackPointExtension>
<opentracks:accuracy_horizontal>3.953</opentracks:accuracy_horizontal></extensions>
</trkpt>
<trkpt lat="50.448113" lon="-104.517279">
<ele>565.2</ele>
<time>2026-07-27T07:13:45.55-06:00</time>
<extensions>
<gpxtpx:TrackPointExtension>
<gpxtpx:speed>6.15</gpxtpx:speed>
</gpxtpx:TrackPointExtension>
<opentracks:accuracy_horizontal>3.952</opentracks:accuracy_horizontal></extensions>
</trkpt>
<trkpt lat="50.448118" lon="-104.5171">
<ele>565.5</ele>
<time>2026-07-27T07:13:47.55-06:00</time>
<extensions>
<gpxtpx:TrackPointExtension>
<gpxtpx:speed>6.35</gpxtpx:speed>
</gpxtpx:TrackPointExtension>
<opentracks:accuracy_horizontal>3.952</opentracks:accuracy_horizontal></extensions>
</trkpt>
<trkpt lat="50.448117" lon="-104.516914">
<ele>565.3</ele>
<time>2026-07-27T07:13:49.553-06:00</time>
<extensions>
<gpxtpx:TrackPointExtension>
<gpxtpx:speed>6.41</gpxtpx:speed>
</gpxtpx:TrackPointExtension>
<opentracks:accuracy_horizontal>3.952</opentracks:accuracy_horizontal></extensions>
</trkpt>
<trkpt lat="50.448111" lon="-104.516737">
<ele>565.4</ele>
<time>2026-07-27T07:13:51.555-06:00</time>
<extensions>
<gpxtpx:TrackPointExtension>
<gpxtpx:speed>6.33</gpxtpx:speed>
</gpxtpx:TrackPointExtension>
<opentracks:accuracy_horizontal>3.886</opentracks:accuracy_horizontal></extensions>
</trkpt>
<trkpt lat="50.448113" lon="-104.51656">
<ele>565.6</ele>
<time>2026-07-27T07:13:53.541-06:00</time>
<extensions>
<gpxtpx:TrackPointExtension>
<gpxtpx:speed>6.31</gpxtpx:speed>
</gpxtpx:TrackPointExtension>
<opentracks:accuracy_horizontal>3.886</opentracks:accuracy_horizontal></extensions>
</trkpt>
<trkpt lat="50.448115" lon="-104.516384">
<ele>565.8</ele>
<time>2026-07-27T07:13:55.525-06:00</time>
<extensions>
<gpxtpx:TrackPointExtension>
<gpxtpx:speed>6.48</gpxtpx:speed>
</gpxtpx:TrackPointExtension>
<opentracks:accuracy_horizontal>3.885</opentracks:accuracy_horizontal></extensions>
</trkpt>
<trkpt lat="50.448114" lon="-104.516201">
<ele>565.7</ele>
<time>2026-07-27T07:13:57.538-06:00</time>
<extensions>
<gpxtpx:TrackPointExtension>
<gpxtpx:speed>6.46</gpxtpx:speed>
</gpxtpx:TrackPointExtension>
<opentracks:accuracy_horizontal>3.885</opentracks:accuracy_horizontal></extensions>
</trkpt>
<trkpt lat="50.448114" lon="-104.516019">
<ele>565.7</ele>
<time>2026-07-27T07:13:59.539-06:00</time>
<extensions>
<gpxtpx:TrackPointExtension>
<gpxtpx:speed>6.32</gpxtpx:speed>
</gpxtpx:TrackPointExtension>
<opentracks:accuracy_horizontal>3.95</opentracks:accuracy_horizontal></extensions>
</trkpt>
<trkpt lat="50.448115" lon="-104.515837">
<ele>565.8</ele>
<time>2026-07-27T07:14:01.556-06:00</time>
<extensions>
<gpxtpx:TrackPointExtension>
<gpxtpx:speed>6.29</gpxtpx:speed>
</gpxtpx:TrackPointExtension>
<opentracks:accuracy_horizontal>3.95</opentracks:accuracy_horizontal></extensions>
</trkpt>
<trkpt lat="50.44812" lon="-104.51566">
<ele>565.8</ele>
<time>2026-07-27T07:14:03.541-06:00</time>
<extensions>
<gpxtpx:TrackPointExtension>
<gpxtpx:speed>6.46</gpxtpx:speed>
</gpxtpx:TrackPointExtension>
<opentracks:accuracy_horizontal>3.884</opentracks:accuracy_horizontal></extensions>
</trkpt>
<trkpt lat="50.448117" lon="-104.515476">
<ele>565.6</ele>
<time>2026-07-27T07:14:05.54-06:00</time>
<extensions>
<gpxtpx:TrackPointExtension>
<gpxtpx:speed>6.54</gpxtpx:speed>
</gpxtpx:TrackPointExtension>
<opentracks:accuracy_horizontal>3.949</opentracks:accuracy_horizontal></extensions>
</trkpt>
<trkpt lat="50.448112" lon="-104.51529">
<ele>565.3</ele>
<time>2026-07-27T07:14:07.536-06:00</time>
<extensions>
<gpxtpx:TrackPointExtension>
<gpxtpx:speed>6.46</gpxtpx:speed>
</gpxtpx:TrackPointExtension>
<opentracks:accuracy_horizontal>3.949</opentracks:accuracy_horizontal></extensions>
</trkpt>
<trkpt lat="50.448114" lon="-104.515114">
<ele>565.1</ele>
<time>2026-07-27T07:14:09.553-06:00</time>
<extensions>
<gpxtpx:TrackPointExtension>
<gpxtpx:speed>6.32</gpxtpx:speed>
</gpxtpx:TrackPointExtension>
<opentracks:accuracy_horizontal>3.948</opentracks:accuracy_horizontal></extensions>
</trkpt>
<trkpt lat="50.448118" lon="-104.514945">
<ele>565.3</ele>
<time>2026-07-27T07:14:11.545-06:00</time>
<extensions>
<gpxtpx:TrackPointExtension>
<gpxtpx:speed>6.01</gpxtpx:speed>
</gpxtpx:TrackPointExtension>
<opentracks:accuracy_horizontal>3.948</opentracks:accuracy_horizontal></extensions>
</trkpt>
<trkpt lat="50.448118" lon="-104.514785">
<ele>565.2</ele>
<time>2026-07-27T07:14:13.542-06:00</time>
<extensions>
<gpxtpx:TrackPointExtension>
<gpxtpx:speed>5.63</gpxtpx:speed>
</gpxtpx:TrackPointExtension>
<opentracks:accuracy_horizontal>3.948</opentracks:accuracy_horizontal></extensions>
</trkpt>
<trkpt lat="50.448119" lon="-104.514625">
<ele>565.5</ele>
<time>2026-07-27T07:14:15.526-06:00</time>
<extensions>
<gpxtpx:TrackPointExtension>
<gpxtpx:speed>5.94</gpxtpx:speed>
</gpxtpx:TrackPointExtension>
<opentracks:accuracy_horizontal>3.947</opentracks:accuracy_horizontal></extensions>
</trkpt>
<trkpt lat="50.448116" lon="-104.514456">
<ele>565.6</ele>
<time>2026-07-27T07:14:17.537-06:00</time>
<extensions>
<gpxtpx:TrackPointExtension>
<gpxtpx:speed>6.05</gpxtpx:speed>
</gpxtpx:TrackPointExtension>
<opentracks:accuracy_horizontal>3.947</opentracks:accuracy_horizontal></extensions>
</trkpt>
<trkpt lat="50.448116" lon="-104.514286">
<ele>565.9</ele>
<time>2026-07-27T07:14:19.548-06:00</time>
<extensions>
<gpxtpx:TrackPointExtension>
<gpxtpx:speed>6</gpxtpx:speed>
</gpxtpx:TrackPointExtension>
<opentracks:accuracy_horizontal>3.947</opentracks:accuracy_horizontal></extensions>
</trkpt>
<trkpt lat="50.448116" lon="-104.514118">
<ele>565.8</ele>
<time>2026-07-27T07:14:21.533-06:00</time>
<extensions>
<gpxtpx:TrackPointExtension>
<gpxtpx:speed>5.93</gpxtpx:speed>
</gpxtpx:TrackPointExtension>
<opentracks:accuracy_horizontal>3.946</opentracks:accuracy_horizontal></extensions>
</trkpt>
<trkpt lat="50.448118" lon="-104.513949">
<ele>565.8</ele>
<time>2026-07-27T07:14:23.545-06:00</time>
<extensions>
<gpxtpx:TrackPointExtension>
<gpxtpx:speed>5.67</gpxtpx:speed>
</gpxtpx:TrackPointExtension>
<opentracks:accuracy_horizontal>3.892</opentracks:accuracy_horizontal></extensions>
</trkpt>
<trkpt lat="50.448118" lon="-104.513786">
<ele>565.7</ele>
<time>2026-07-27T07:14:25.539-06:00</time>
<extensions>
<gpxtpx:TrackPointExtension>
<gpxtpx:speed>6.03</gpxtpx:speed>
</gpxtpx:TrackPointExtension>
<opentracks:accuracy_horizontal>3.946</opentracks:accuracy_horizontal></extensions>
</trkpt>
<trkpt lat="50.448118" lon="-104.513607">
<ele>565.5</ele>
<time>2026-07-27T07:14:27.54-06:00</time>
<extensions>
<gpxtpx:TrackPointExtension>
<gpxtpx:speed>6.38</gpxtpx:speed>
</gpxtpx:TrackPointExtension>
<opentracks:accuracy_horizontal>3.945</opentracks:accuracy_horizontal></extensions>
</trkpt>
<trkpt lat="50.448117" lon="-104.513431">
<ele>565.3</ele>
<time>2026-07-27T07:14:29.533-06:00</time>
<extensions>
<gpxtpx:TrackPointExtension>
<gpxtpx:speed>6.23</gpxtpx:speed>
</gpxtpx:TrackPointExtension>
<opentracks:accuracy_horizontal>3.945</opentracks:accuracy_horizontal></extensions>
</trkpt>
<trkpt lat="50.448118" lon="-104.513256">
<ele>565.5</ele>
<time>2026-07-27T07:14:31.551-06:00</time>
<extensions>
<gpxtpx:TrackPointExtension>
<gpxtpx:speed>6.24</gpxtpx:speed>
</gpxtpx:TrackPointExtension>
<opentracks:accuracy_horizontal>3.945</opentracks:accuracy_horizontal></extensions>
</trkpt>
<trkpt lat="50.448119" lon="-104.51308">
<ele>565.4</ele>
<time>2026-07-27T07:14:33.551-06:00</time>
<extensions>
<gpxtpx:TrackPointExtension>
<gpxtpx:speed>6.2</gpxtpx:speed>
</gpxtpx:TrackPointExtension>
<opentracks:accuracy_horizontal>3.944</opentracks:accuracy_horizontal></extensions>
</trkpt>
<trkpt lat="50.448117" lon="-104.51291">
<ele>565.4</ele>
<time>2026-07-27T07:14:35.523-06:00</time>
<extensions>
<gpxtpx:TrackPointExtension>
<gpxtpx:speed>5.97</gpxtpx:speed>
</gpxtpx:TrackPointExtension>
<opentracks:accuracy_horizontal>3.944</opentracks:accuracy_horizontal></extensions>
</trkpt>
<trkpt lat="50.448114" lon="-104.512745">
<ele>565.4</ele>
<time>2026-07-27T07:14:37.539-06:00</time>
<extensions>
<gpxtpx:TrackPointExtension>
<gpxtpx:speed>6</gpxtpx:speed>
</gpxtpx:TrackPointExtension>
<opentracks:accuracy_horizontal>3.944</opentracks:accuracy_horizontal></extensions>
</trkpt>
<trkpt lat="50.448117" lon="-104.51258">
<ele>565.5</ele>
<time>2026-07-27T07:14:39.538-06:00</time>
<extensions>
<gpxtpx:TrackPointExtension>
<gpxtpx:speed>5.79</gpxtpx:speed>
</gpxtpx:TrackPointExtension>
<opentracks:accuracy_horizontal>3.943</opentracks:accuracy_horizontal></extensions>
</trkpt>
<trkpt lat="50.448124" lon="-104.512411">
<ele>565.9</ele>
<time>2026-07-27T07:14:41.519-06:00</time>
<extensions>
<gpxtpx:TrackPointExtension>
<gpxtpx:speed>5.91</gpxtpx:speed>
</gpxtpx:TrackPointExtension>
<opentracks:accuracy_horizontal>3.943</opentracks:accuracy_horizontal></extensions>
</trkpt>
<trkpt lat="50.448126" lon="-104.512237">
<ele>565.8</ele>
<time>2026-07-27T07:14:43.504-06:00</time>
<extensions>
<gpxtpx:TrackPointExtension>
<gpxtpx:speed>6.12</gpxtpx:speed>
</gpxtpx:TrackPointExtension>
<opentracks:accuracy_horizontal>3.943</opentracks:accuracy_horizontal></extensions>
</trkpt>
<trkpt lat="50.448128" lon="-104.512063">
<ele>566</ele>
<time>2026-07-27T07:14:45.531-06:00</time>
<extensions>
<gpxtpx:TrackPointExtension>
<gpxtpx:speed>6.3</gpxtpx:speed>
</gpxtpx:TrackPointExtension>
<opentracks:accuracy_horizontal>3.942</opentracks:accuracy_horizontal></extensions>
</trkpt>
<trkpt lat="50.448128" lon="-104.511885">
<ele>566.3</ele>
<time>2026-07-27T07:14:47.544-06:00</time>
<extensions>
<gpxtpx:TrackPointExtension>
<gpxtpx:speed>6.28</gpxtpx:speed>
</gpxtpx:TrackPointExtension>
<opentracks:accuracy_horizontal>3.942</opentracks:accuracy_horizontal></extensions>
</trkpt>
<trkpt lat="50.448125" lon="-104.511709">
<ele>566.4</ele>
<time>2026-07-27T07:14:49.546-06:00</time>
<extensions>
<gpxtpx:TrackPointExtension>
<gpxtpx:speed>6.31</gpxtpx:speed>
</gpxtpx:TrackPointExtension>
<opentracks:accuracy_horizontal>3.942</opentracks:accuracy_horizontal></extensions>
</trkpt>
<trkpt lat="50.44813" lon="-104.511536">
<ele>566.3</ele>
<time>2026-07-27T07:14:51.541-06:00</time>
<extensions>
<gpxtpx:TrackPointExtension>
<gpxtpx:speed>6.17</gpxtpx:speed>
</gpxtpx:TrackPointExtension>
<opentracks:accuracy_horizontal>3.941</opentracks:accuracy_horizontal></extensions>
</trkpt>
<trkpt lat="50.448131" lon="-104.511363">
<ele>566.2</ele>
<time>2026-07-27T07:14:53.535-06:00</time>
<extensions>
<gpxtpx:TrackPointExtension>
<gpxtpx:speed>6.26</gpxtpx:speed>
</gpxtpx:TrackPointExtension>
<opentracks:accuracy_horizontal>3.941</opentracks:accuracy_horizontal></extensions>
</trkpt>
<trkpt lat="50.448121" lon="-104.511182">
<ele>566.5</ele>
<time>2026-07-27T07:14:55.54-06:00</time>
<extensions>
<gpxtpx:TrackPointExtension>
<gpxtpx:speed>6.81</gpxtpx:speed>
</gpxtpx:TrackPointExtension>
<opentracks:accuracy_horizontal>3.941</opentracks:accuracy_horizontal></extensions>
</trkpt>
<trkpt lat="50.448119" lon="-104.510991">
<ele>566.9</ele>
<time>2026-07-27T07:14:57.538-06:00</time>
<extensions>
<gpxtpx:TrackPointExtension>
<gpxtpx:speed>6.8</gpxtpx:speed>
</gpxtpx:TrackPointExtension>
<opentracks:accuracy_horizontal>3.94</opentracks:accuracy_horizontal></extensions>
</trkpt>
<trkpt lat="50.448115" lon="-104.510791">
<ele>567</ele>
<time>2026-07-27T07:14:59.547-06:00</time>
<extensions>
<gpxtpx:TrackPointExtension>
<gpxtpx:speed>7</gpxtpx:speed>
</gpxtpx:TrackPointExtension>
<opentracks:accuracy_horizontal>3.94</opentracks:accuracy_horizontal></extensions>
</trkpt>
<trkpt lat="50.448116" lon="-104.510592">
<ele>567.2</ele>
<time>2026-07-27T07:15:01.538-06:00</time>
<extensions>
<gpxtpx:TrackPointExtension>
<gpxtpx:speed>7.07</gpxtpx:speed>
</gpxtpx:TrackPointExtension>
<opentracks:accuracy_horizontal>3.94</opentracks:accuracy_horizontal></extensions>
</trkpt>
<trkpt lat="50.448114" lon="-104.510392">
<ele>567.4</ele>
<time>2026-07-27T07:15:03.537-06:00</time>
<extensions>
<gpxtpx:TrackPointExtension>
<gpxtpx:speed>6.99</gpxtpx:speed>
</gpxtpx:TrackPointExtension>
<opentracks:accuracy_horizontal>3.939</opentracks:accuracy_horizontal></extensions>
</trkpt>
<trkpt lat="50.448115" lon="-104.510198">
<ele>567.7</ele>
<time>2026-07-27T07:15:05.519-06:00</time>
<extensions>
<gpxtpx:TrackPointExtension>
<gpxtpx:speed>7.05</gpxtpx:speed>
</gpxtpx:TrackPointExtension>
<opentracks:accuracy_horizontal>3.939</opentracks:accuracy_horizontal></extensions>
</trkpt>
<trkpt lat="50.448123" lon="-104.510007">
<ele>567.6</ele>
<time>2026-07-27T07:15:07.535-06:00</time>
<extensions>
<gpxtpx:TrackPointExtension>
<gpxtpx:speed>6.67</gpxtpx:speed>
</gpxtpx:TrackPointExtension>
<opentracks:accuracy_horizontal>3.939</opentracks:accuracy_horizontal></extensions>
</trkpt>
<trkpt lat="50.448128" lon="-104.509822">
<ele>568</ele>
<time>2026-07-27T07:15:09.549-06:00</time>
<extensions>
<gpxtpx:TrackPointExtension>
<gpxtpx:speed>6.71</gpxtpx:speed>
</gpxtpx:TrackPointExtension>
<opentracks:accuracy_horizontal>3.938</opentracks:accuracy_horizontal></extensions>
</trkpt>
<trkpt lat="50.448134" lon="-104.509628">
<ele>568.6</ele>
<time>2026-07-27T07:15:11.548-06:00</time>
<extensions>
<gpxtpx:TrackPointExtension>
<gpxtpx:speed>6.74</gpxtpx:speed>
</gpxtpx:TrackPointExtension>
<opentracks:accuracy_horizontal>3.938</opentracks:accuracy_horizontal></extensions>
</trkpt>
<trkpt lat="50.448144" lon="-104.509439">
<ele>568.9</ele>
<time>2026-07-27T07:15:13.536-06:00</time>
<extensions>
<gpxtpx:TrackPointExtension>
<gpxtpx:speed>6.63</gpxtpx:speed>
</gpxtpx:TrackPointExtension>
<opentracks:accuracy_horizontal>3.938</opentracks:accuracy_horizontal></extensions>
</trkpt>
<trkpt lat="50.448149" lon="-104.509258">
<ele>568.7</ele>
<time>2026-07-27T07:15:15.539-06:00</time>
<extensions>
<gpxtpx:TrackPointExtension>
<gpxtpx:speed>6.09</gpxtpx:speed>
</gpxtpx:TrackPointExtension>
<opentracks:accuracy_horizontal>3.937</opentracks:accuracy_horizontal></extensions>
</trkpt>
<trkpt lat="50.448161" lon="-104.509096">
<ele>568.5</ele>
<time>2026-07-27T07:15:17.529-06:00</time>
<extensions>
<gpxtpx:TrackPointExtension>
<gpxtpx:speed>5.83</gpxtpx:speed>
</gpxtpx:TrackPointExtension>
<opentracks:accuracy_horizontal>3.937</opentracks:accuracy_horizontal></extensions>
</trkpt>
<trkpt lat="50.448171" lon="-104.50894">
<ele>568.3</ele>
<time>2026-07-27T07:15:19.537-06:00</time>
<extensions>
<gpxtpx:TrackPointExtension>
<gpxtpx:speed>5.49</gpxtpx:speed>
</gpxtpx:TrackPointExtension>
<opentracks:accuracy_horizontal>3.937</opentracks:accuracy_horizontal></extensions>
</trkpt>
<trkpt lat="50.448184" lon="-104.508791">
<ele>568.3</ele>
<time>2026-07-27T07:15:21.544-06:00</time>
<extensions>
<gpxtpx:TrackPointExtension>
<gpxtpx:speed>5.63</gpxtpx:speed>
</gpxtpx:TrackPointExtension>
<opentracks:accuracy_horizontal>3.936</opentracks:accuracy_horizontal></extensions>
</trkpt>
<trkpt lat="50.448204" lon="-104.508632">
<ele>568.1</ele>
<time>2026-07-27T07:15:23.544-06:00</time>
<extensions>
<gpxtpx:TrackPointExtension>
<gpxtpx:speed>5.86</gpxtpx:speed>
</gpxtpx:TrackPointExtension>
<opentracks:accuracy_horizontal>3.936</opentracks:accuracy_horizontal></extensions>
</trkpt>
<trkpt lat="50.448226" lon="-104.508466">
<ele>568</ele>
<time>2026-07-27T07:15:25.544-06:00</time>
<extensions>
<gpxtpx:TrackPointExtension>
<gpxtpx:speed>5.92</gpxtpx:speed>
</gpxtpx:TrackPointExtension>
<opentracks:accuracy_horizontal>3.936</opentracks:accuracy_horizontal></extensions>
</trkpt>
<trkpt lat="50.448254" lon="-104.508296">
<ele>568.2</ele>
<time>2026-07-27T07:15:27.543-06:00</time>
<extensions>
<gpxtpx:TrackPointExtension>
<gpxtpx:speed>6.1</gpxtpx:speed>
</gpxtpx:TrackPointExtension>
<opentracks:accuracy_horizontal>3.935</opentracks:accuracy_horizontal></extensions>
</trkpt>
<trkpt lat="50.448288" lon="-104.50813">
<ele>567.7</ele>
<time>2026-07-27T07:15:29.547-06:00</time>
<extensions>
<gpxtpx:TrackPointExtension>
<gpxtpx:speed>6</gpxtpx:speed>
</gpxtpx:TrackPointExtension>
<opentracks:accuracy_horizontal>3.935</opentracks:accuracy_horizontal></extensions>
</trkpt>
<trkpt lat="50.448318" lon="-104.507962">
<ele>567.3</ele>
<time>2026-07-27T07:15:31.547-06:00</time>
<extensions>
<gpxtpx:TrackPointExtension>
<gpxtpx:speed>6.12</gpxtpx:speed>
</gpxtpx:TrackPointExtension>
<opentracks:accuracy_horizontal>3.935</opentracks:accuracy_horizontal></extensions>
</trkpt>
<trkpt lat="50.448343" lon="-104.507795">
<ele>567.1</ele>
<time>2026-07-27T07:15:33.539-06:00</time>
<extensions>
<gpxtpx:TrackPointExtension>
<gpxtpx:speed>6.2</gpxtpx:speed>
</gpxtpx:TrackPointExtension>
<opentracks:accuracy_horizontal>3.934</opentracks:accuracy_horizontal></extensions>
</trkpt>
<trkpt lat="50.448374" lon="-104.507632">
<ele>567</ele>
<time>2026-07-27T07:15:35.54-06:00</time>
<extensions>
<gpxtpx:TrackPointExtension>
<gpxtpx:speed>6.02</gpxtpx:speed>
</gpxtpx:TrackPointExtension>
<opentracks:accuracy_horizontal>3.934</opentracks:accuracy_horizontal></extensions>
</trkpt>
<trkpt lat="50.448408" lon="-104.507469">
<ele>566.5</ele>
<time>2026-07-27T07:15:37.545-06:00</time>
<extensions>
<gpxtpx:TrackPointExtension>
<gpxtpx:speed>6.12</gpxtpx:speed>
</gpxtpx:TrackPointExtension>
<opentracks:accuracy_horizontal>3.934</opentracks:accuracy_horizontal></extensions>
</trkpt>
<trkpt lat="50.448444" lon="-104.507308">
<ele>566.3</ele>
<time>2026-07-27T07:15:39.544-06:00</time>
<extensions>
<gpxtpx:TrackPointExtension>
<gpxtpx:speed>5.94</gpxtpx:speed>
</gpxtpx:TrackPointExtension>
<opentracks:accuracy_horizontal>3.933</opentracks:accuracy_horizontal></extensions>
</trkpt>
<trkpt lat="50.448492" lon="-104.507149">
<ele>566.2</ele>
<time>2026-07-27T07:15:41.538-06:00</time>
<extensions>
<gpxtpx:TrackPointExtension>
<gpxtpx:speed>6.37</gpxtpx:speed>
</gpxtpx:TrackPointExtension>
<opentracks:accuracy_horizontal>3.933</opentracks:accuracy_horizontal></extensions>
</trkpt>
<trkpt lat="50.448539" lon="-104.506981">
<ele>566.1</ele>
<time>2026-07-27T07:15:43.539-06:00</time>
<extensions>
<gpxtpx:TrackPointExtension>
<gpxtpx:speed>6.5</gpxtpx:speed>
</gpxtpx:TrackPointExtension>
<opentracks:accuracy_horizontal>3.933</opentracks:accuracy_horizontal></extensions>
</trkpt>
<trkpt lat="50.448592" lon="-104.506815">
<ele>565.8</ele>
<time>2026-07-27T07:15:45.55-06:00</time>
<extensions>
<gpxtpx:TrackPointExtension>
<gpxtpx:speed>6.28</gpxtpx:speed>
</gpxtpx:TrackPointExtension>
<opentracks:accuracy_horizontal>3.932</opentracks:accuracy_horizontal></extensions>
</trkpt>
<trkpt lat="50.448643" lon="-104.506662">
<ele>565.8</ele>
<time>2026-07-27T07:15:47.547-06:00</time>
<extensions>
<gpxtpx:TrackPointExtension>
<gpxtpx:speed>5.98</gpxtpx:speed>
</gpxtpx:TrackPointExtension>
<opentracks:accuracy_horizontal>3.932</opentracks:accuracy_horizontal></extensions>
</trkpt>
<trkpt lat="50.448692" lon="-104.506516">
<ele>566</ele>
<time>2026-07-27T07:15:49.539-06:00</time>
<extensions>
<gpxtpx:TrackPointExtension>
<gpxtpx:speed>5.78</gpxtpx:speed>
</gpxtpx:TrackPointExtension>
<opentracks:accuracy_horizontal>3.865</opentracks:accuracy_horizontal></extensions>
</trkpt>
<trkpt lat="50.448733" lon="-104.506373">
<ele>565.8</ele>
<time>2026-07-27T07:15:51.52-06:00</time>
<extensions>
<gpxtpx:TrackPointExtension>
<gpxtpx:speed>5.53</gpxtpx:speed>
</gpxtpx:TrackPointExtension>
<opentracks:accuracy_horizontal>3.931</opentracks:accuracy_horizontal></extensions>
</trkpt>
<trkpt lat="50.448783" lon="-104.506233">
<ele>565.9</ele>
<time>2026-07-27T07:15:53.537-06:00</time>
<extensions>
<gpxtpx:TrackPointExtension>
<gpxtpx:speed>5.64</gpxtpx:speed>
</gpxtpx:TrackPointExtension>
<opentracks:accuracy_horizontal>3.931</opentracks:accuracy_horizontal></extensions>
</trkpt>
<trkpt lat="50.448836" lon="-104.506101">
<ele>566.1</ele>
<time>2026-07-27T07:15:55.544-06:00</time>
<extensions>
<gpxtpx:TrackPointExtension>
<gpxtpx:speed>5.35</gpxtpx:speed>
</gpxtpx:TrackPointExtension>
<opentracks:accuracy_horizontal>3.931</opentracks:accuracy_horizontal></extensions>
</trkpt>
<trkpt lat="50.448878" lon="-104.50597">
<ele>566.6</ele>
<time>2026-07-27T07:15:57.536-06:00</time>
<extensions>
<gpxtpx:TrackPointExtension>
<gpxtpx:speed>5.37</gpxtpx:speed>
</gpxtpx:TrackPointExtension>
<opentracks:accuracy_horizontal>3.93</opentracks:accuracy_horizontal></extensions>
</trkpt>
<trkpt lat="50.448913" lon="-104.505834">
<ele>566.4</ele>
<time>2026-07-27T07:15:59.527-06:00</time>
<extensions>
<gpxtpx:TrackPointExtension>
<gpxtpx:speed>5.3</gpxtpx:speed>
</gpxtpx:TrackPointExtension>
<opentracks:accuracy_horizontal>3.93</opentracks:accuracy_horizontal></extensions>
</trkpt>
<trkpt lat="50.448954" lon="-104.505701">
<ele>566.5</ele>
<time>2026-07-27T07:16:01.518-06:00</time>
<extensions>
<gpxtpx:TrackPointExtension>
<gpxtpx:speed>5.32</gpxtpx:speed>
</gpxtpx:TrackPointExtension>
<opentracks:accuracy_horizontal>3.93</opentracks:accuracy_horizontal></extensions>
</trkpt>
<trkpt lat="50.449009" lon="-104.505572">
<ele>566.7</ele>
<time>2026-07-27T07:16:03.539-06:00</time>
<extensions>
<gpxtpx:TrackPointExtension>
<gpxtpx:speed>5.49</gpxtpx:speed>
</gpxtpx:TrackPointExtension>
<opentracks:accuracy_horizontal>3.929</opentracks:accuracy_horizontal></extensions>
</trkpt>
<trkpt lat="50.449069" lon="-104.505442">
<ele>566.9</ele>
<time>2026-07-27T07:16:05.552-06:00</time>
<extensions>
<gpxtpx:TrackPointExtension>
<gpxtpx:speed>5.68</gpxtpx:speed>
</gpxtpx:TrackPointExtension>
<opentracks:accuracy_horizontal>3.929</opentracks:accuracy_horizontal></extensions>
</trkpt>
<trkpt lat="50.449121" lon="-104.505304">
<ele>567.1</ele>
<time>2026-07-27T07:16:07.546-06:00</time>
<extensions>
<gpxtpx:TrackPointExtension>
<gpxtpx:speed>5.63</gpxtpx:speed>
</gpxtpx:TrackPointExtension>
<opentracks:accuracy_horizontal>3.929</opentracks:accuracy_horizontal></extensions>
</trkpt>
<trkpt lat="50.449168" lon="-104.505168">
<ele>567.3</ele>
<time>2026-07-27T07:16:09.547-06:00</time>
<extensions>
<gpxtpx:TrackPointExtension>
<gpxtpx:speed>5.42</gpxtpx:speed>
</gpxtpx:TrackPointExtension>
<opentracks:accuracy_horizontal>3.928</opentracks:accuracy_horizontal></extensions>
</trkpt>
<trkpt lat="50.449222" lon="-104.505041">
<ele>567.6</ele>
<time>2026-07-27T07:16:11.55-06:00</time>
<extensions>
<gpxtpx:TrackPointExtension>
<gpxtpx:speed>5.42</gpxtpx:speed>
</gpxtpx:TrackPointExtension>
<opentracks:accuracy_horizontal>3.928</opentracks:accuracy_horizontal></extensions>
</trkpt>
<trkpt lat="50.449279" lon="-104.504915">
<ele>568.2</ele>
<time>2026-07-27T07:16:13.539-06:00</time>
<extensions>
<gpxtpx:TrackPointExtension>
<gpxtpx:speed>5.6</gpxtpx:speed>
</gpxtpx:TrackPointExtension>
<opentracks:accuracy_horizontal>3.928</opentracks:accuracy_horizontal></extensions>
</trkpt>
<trkpt lat="50.449328" lon="-104.504777">
<ele>568.3</ele>
<time>2026-07-27T07:16:15.544-06:00</time>
<extensions>
<gpxtpx:TrackPointExtension>
<gpxtpx:speed>5.53</gpxtpx:speed>
</gpxtpx:TrackPointExtension>
<opentracks:accuracy_horizontal>3.927</opentracks:accuracy_horizontal></extensions>
</trkpt>
<trkpt lat="50.449373" lon="-104.504644">
<ele>568</ele>
<time>2026-07-27T07:16:17.538-06:00</time>
<extensions>
<gpxtpx:TrackPointExtension>
<gpxtpx:speed>5.34</gpxtpx:speed>
</gpxtpx:TrackPointExtension>
<opentracks:accuracy_horizontal>3.927</opentracks:accuracy_horizontal></extensions>
</trkpt>
<trkpt lat="50.449419" lon="-104.504515">
<ele>567.9</ele>
<time>2026-07-27T07:16:19.552-06:00</time>
<extensions>
<gpxtpx:TrackPointExtension>
<gpxtpx:speed>5.37</gpxtpx:speed>
</gpxtpx:TrackPointExtension>
<opentracks:accuracy_horizontal>3.927</opentracks:accuracy_horizontal></extensions>
</trkpt>
<trkpt lat="50.449468" lon="-104.504384">
<ele>568</ele>
<time>2026-07-27T07:16:21.544-06:00</time>
<extensions>
<gpxtpx:TrackPointExtension>
<gpxtpx:speed>5.33</gpxtpx:speed>
</gpxtpx:TrackPointExtension>
<opentracks:accuracy_horizontal>3.926</opentracks:accuracy_horizontal></extensions>
</trkpt>
<trkpt lat="50.44952" lon="-104.504253">
<ele>567.7</ele>
<time>2026-07-27T07:16:23.53-06:00</time>
<extensions>
<gpxtpx:TrackPointExtension>
<gpxtpx:speed>5.37</gpxtpx:speed>
</gpxtpx:TrackPointExtension>
<opentracks:accuracy_horizontal>3.926</opentracks:accuracy_horizontal></extensions>
</trkpt>
<trkpt lat="50.449572" lon="-104.504122">
<ele>568</ele>
<time>2026-07-27T07:16:25.539-06:00</time>
<extensions>
<gpxtpx:TrackPointExtension>
<gpxtpx:speed>5.22</gpxtpx:speed>
</gpxtpx:TrackPointExtension>
<opentracks:accuracy_horizontal>3.925</opentracks:accuracy_horizontal></extensions>
</trkpt>
<trkpt lat="50.449623" lon="-104.503994">
<ele>568</ele>
<time>2026-07-27T07:16:27.55-06:00</time>
<extensions>
<gpxtpx:TrackPointExtension>
<gpxtpx:speed>5.33</gpxtpx:speed>
</gpxtpx:TrackPointExtension>
<opentracks:accuracy_horizontal>3.925</opentracks:accuracy_horizontal></extensions>
</trkpt>
<trkpt lat="50.449671" lon="-104.503874">
<ele>567.7</ele>
<time>2026-07-27T07:16:29.542-06:00</time>
<extensions>
<gpxtpx:TrackPointExtension>
<gpxtpx:speed>4.94</gpxtpx:speed>
</gpxtpx:TrackPointExtension>
<opentracks:accuracy_horizontal>3.925</opentracks:accuracy_horizontal></extensions>
</trkpt>
<trkpt lat="50.44973" lon="-104.503699">
<ele>567.3</ele>
<time>2026-07-27T07:16:32.542-06:00</time>
<extensions>
<gpxtpx:TrackPointExtension>
<gpxtpx:speed>4.36</gpxtpx:speed>
</gpxtpx:TrackPointExtension>
<opentracks:accuracy_horizontal>3.924</opentracks:accuracy_horizontal></extensions>
</trkpt>
<trkpt lat="50.449722" lon="-104.503515">
<ele>567.2</ele>
<time>2026-07-27T07:16:35.539-06:00</time>
<extensions>
<gpxtpx:TrackPointExtension>
<gpxtpx:speed>4.25</gpxtpx:speed>
</gpxtpx:TrackPointExtension>
<opentracks:accuracy_horizontal>3.924</opentracks:accuracy_horizontal></extensions>
</trkpt>
<trkpt lat="50.44961" lon="-104.503454">
<ele>566.8</ele>
<time>2026-07-27T07:16:38.554-06:00</time>
<extensions>
<gpxtpx:TrackPointExtension>
<gpxtpx:speed>4.07</gpxtpx:speed>
</gpxtpx:TrackPointExtension>
<opentracks:accuracy_horizontal>3.923</opentracks:accuracy_horizontal></extensions>
</trkpt>
<trkpt lat="50.449489" lon="-104.503476">
<ele>566.7</ele>
<time>2026-07-27T07:16:41.544-06:00</time>
<extensions>
<gpxtpx:TrackPointExtension>
<gpxtpx:speed>3.74</gpxtpx:speed>
</gpxtpx:TrackPointExtension>
<opentracks:accuracy_horizontal>3.923</opentracks:accuracy_horizontal></extensions>
</trkpt>
<trkpt lat="50.449393" lon="-104.503439">
<ele>566.7</ele>
<time>2026-07-27T07:16:44.536-06:00</time>
<extensions>
<gpxtpx:TrackPointExtension>
<gpxtpx:speed>3.31</gpxtpx:speed>
</gpxtpx:TrackPointExtension>
<opentracks:accuracy_horizontal>3.922</opentracks:accuracy_horizontal></extensions>
</trkpt>
<trkpt lat="50.449328" lon="-104.503318">
<ele>567</ele>
<time>2026-07-27T07:16:47.544-06:00</time>
<extensions>
<gpxtpx:TrackPointExtension>
<gpxtpx:speed>4.91</gpxtpx:speed>
</gpxtpx:TrackPointExtension>
<opentracks:accuracy_horizontal>3.922</opentracks:accuracy_horizontal></extensions>
</trkpt>
<trkpt lat="50.449349" lon="-104.503147">
<ele>567.3</ele>
<time>2026-07-27T07:16:49.55-06:00</time>
<extensions>
<gpxtpx:TrackPointExtension>
<gpxtpx:speed>5.89</gpxtpx:speed>
</gpxtpx:TrackPointExtension>
<opentracks:accuracy_horizontal>3.922</opentracks:accuracy_horizontal></extensions>
</trkpt>
<trkpt lat="50.449359" lon="-104.502971">
<ele>567.3</ele>
<time>2026-07-27T07:16:51.544-06:00</time>
<extensions>
<gpxtpx:TrackPointExtension>
<gpxtpx:speed>6.48</gpxtpx:speed>
</gpxtpx:TrackPointExtension>
<opentracks:accuracy_horizontal>3.921</opentracks:accuracy_horizontal></extensions>
</trkpt>
<trkpt lat="50.449295" lon="-104.50279">
<ele>566.8</ele>
<time>2026-07-27T07:16:53.552-06:00</time>
<extensions>
<gpxtpx:TrackPointExtension>
<gpxtpx:speed>7.54</gpxtpx:speed>
</gpxtpx:TrackPointExtension>
<opentracks:accuracy_horizontal>3.921</opentracks:accuracy_horizontal></extensions>
</trkpt>
<trkpt lat="50.449148" lon="-104.502705">
<ele>567.8</ele>
<time>2026-07-27T07:16:55.554-06:00</time>
<extensions>
<gpxtpx:TrackPointExtension>
<gpxtpx:speed>7.75</gpxtpx:speed>
</gpxtpx:TrackPointExtension>
<opentracks:accuracy_horizontal>3.921</opentracks:accuracy_horizontal></extensions>
</trkpt>
<trkpt lat="50.449003" lon="-104.502792">
<ele>567.4</ele>
<time>2026-07-27T07:16:57.554-06:00</time>
<extensions>
<gpxtpx:TrackPointExtension>
<gpxtpx:speed>7.47</gpxtpx:speed>
</gpxtpx:TrackPointExtension>
<opentracks:accuracy_horizontal>4.149</opentracks:accuracy_horizontal></extensions>
</trkpt>
<trkpt lat="50.448886" lon="-104.502939">
<ele>567</ele>
<time>2026-07-27T07:16:59.537-06:00</time>
<extensions>
<gpxtpx:TrackPointExtension>
<gpxtpx:speed>7.43</gpxtpx:speed>
</gpxtpx:TrackPointExtension>
<opentracks:accuracy_horizontal>3.92</opentracks:accuracy_horizontal></extensions>
</trkpt>
<trkpt lat="50.448767" lon="-104.503047">
<ele>566.5</ele>
<time>2026-07-27T07:17:01.542-06:00</time>
<extensions>
<gpxtpx:TrackPointExtension>
<gpxtpx:speed>7.46</gpxtpx:speed>
</gpxtpx:TrackPointExtension>
<opentracks:accuracy_horizontal>3.92</opentracks:accuracy_horizontal></extensions>
</trkpt>
<trkpt lat="50.448632" lon="-104.503083">
<ele>566.4</ele>
<time>2026-07-27T07:17:03.541-06:00</time>
<extensions>
<gpxtpx:TrackPointExtension>
<gpxtpx:speed>7.32</gpxtpx:speed>
</gpxtpx:TrackPointExtension>
<opentracks:accuracy_horizontal>3.919</opentracks:accuracy_horizontal></extensions>
</trkpt>
<trkpt lat="50.4485" lon="-104.503055">
<ele>566.7</ele>
<time>2026-07-27T07:17:05.545-06:00</time>
<extensions>
<gpxtpx:TrackPointExtension>
<gpxtpx:speed>7.12</gpxtpx:speed>
</gpxtpx:TrackPointExtension>
<opentracks:accuracy_horizontal>3.919</opentracks:accuracy_horizontal></extensions>
</trkpt>
<trkpt lat="50.448376" lon="-104.502973">
<ele>566.6</ele>
<time>2026-07-27T07:17:07.539-06:00</time>
<extensions>
<gpxtpx:TrackPointExtension>
<gpxtpx:speed>7.06</gpxtpx:speed>
</gpxtpx:TrackPointExtension>
<opentracks:accuracy_horizontal>3.919</opentracks:accuracy_horizontal></extensions>
</trkpt>
<trkpt lat="50.448274" lon="-104.502856">
<ele>567.5</ele>
<time>2026-07-27T07:17:09.534-06:00</time>
<extensions>
<gpxtpx:TrackPointExtension>
<gpxtpx:speed>6.58</gpxtpx:speed>
</gpxtpx:TrackPointExtension>
<opentracks:accuracy_horizontal>3.918</opentracks:accuracy_horizontal></extensions>
</trkpt>
<trkpt lat="50.448187" lon="-104.502717">
<ele>567.5</ele>
<time>2026-07-27T07:17:11.542-06:00</time>
<extensions>
<gpxtpx:TrackPointExtension>
<gpxtpx:speed>7.03</gpxtpx:speed>
</gpxtpx:TrackPointExtension>
<opentracks:accuracy_horizontal>3.918</opentracks:accuracy_horizontal></extensions>
</trkpt>
<trkpt lat="50.448124" lon="-104.502542">
<ele>567.9</ele>
<time>2026-07-27T07:17:13.546-06:00</time>
<extensions>
<gpxtpx:TrackPointExtension>
<gpxtpx:speed>7.05</gpxtpx:speed>
</gpxtpx:TrackPointExtension>
<opentracks:accuracy_horizontal>3.918</opentracks:accuracy_horizontal></extensions>
</trkpt>
<trkpt lat="50.448096" lon="-104.502344">
<ele>567.6</ele>
<time>2026-07-27T07:17:15.541-06:00</time>
<extensions>
<gpxtpx:TrackPointExtension>
<gpxtpx:speed>7.26</gpxtpx:speed>
</gpxtpx:TrackPointExtension>
<opentracks:accuracy_horizontal>3.917</opentracks:accuracy_horizontal></extensions>
</trkpt>
<trkpt lat="50.4481" lon="-104.502143">
<ele>567.8</ele>
<time>2026-07-27T07:17:17.518-06:00</time>
<extensions>
<gpxtpx:TrackPointExtension>
<gpxtpx:speed>6.76</gpxtpx:speed>
</gpxtpx:TrackPointExtension>
<opentracks:accuracy_horizontal>3.917</opentracks:accuracy_horizontal></extensions>
</trkpt>
<trkpt lat="50.44811" lon="-104.501955">
<ele>568</ele>
<time>2026-07-27T07:17:19.537-06:00</time>
<extensions>
<gpxtpx:TrackPointExtension>
<gpxtpx:speed>6.62</gpxtpx:speed>
</gpxtpx:TrackPointExtension>
<opentracks:accuracy_horizontal>3.917</opentracks:accuracy_horizontal></extensions>
</trkpt>
<trkpt lat="50.448104" lon="-104.501774">
<ele>568.1</ele>
<time>2026-07-27T07:17:21.54-06:00</time>
<extensions>
<gpxtpx:TrackPointExtension>
<gpxtpx:speed>6.27</gpxtpx:speed>
</gpxtpx:TrackPointExtension>
<opentracks:accuracy_horizontal>3.916</opentracks:accuracy_horizontal></extensions>
</trkpt>
<trkpt lat="50.448103" lon="-104.5016">
<ele>567.9</ele>
<time>2026-07-27T07:17:23.546-06:00</time>
<extensions>
<gpxtpx:TrackPointExtension>
<gpxtpx:speed>6.43</gpxtpx:speed>
</gpxtpx:TrackPointExtension>
<opentracks:accuracy_horizontal>3.916</opentracks:accuracy_horizontal></extensions>
</trkpt>
<trkpt lat="50.448092" lon="-104.501424">
<ele>568.3</ele>
<time>2026-07-27T07:17:25.555-06:00</time>
<extensions>
<gpxtpx:TrackPointExtension>
<gpxtpx:speed>6.73</gpxtpx:speed>
</gpxtpx:TrackPointExtension>
<opentracks:accuracy_horizontal>3.916</opentracks:accuracy_horizontal></extensions>
</trkpt>
<trkpt lat="50.448094" lon="-104.501224">
<ele>568.3</ele>
<time>2026-07-27T07:17:27.548-06:00</time>
<extensions>
<gpxtpx:TrackPointExtension>
<gpxtpx:speed>7.05</gpxtpx:speed>
</gpxtpx:TrackPointExtension>
<opentracks:accuracy_horizontal>3.915</opentracks:accuracy_horizontal></extensions>
</trkpt>
<trkpt lat="50.448102" lon="-104.501027">
<ele>568</ele>
<time>2026-07-27T07:17:29.533-06:00</time>
<extensions>
<gpxtpx:TrackPointExtension>
<gpxtpx:speed>6.72</gpxtpx:speed>
</gpxtpx:TrackPointExtension>
<opentracks:accuracy_horizontal>3.915</opentracks:accuracy_horizontal></extensions>
</trkpt>
<trkpt lat="50.448104" lon="-104.500842">
<ele>567.9</ele>
<time>2026-07-27T07:17:31.548-06:00</time>
<extensions>
<gpxtpx:TrackPointExtension>
<gpxtpx:speed>6.65</gpxtpx:speed>
</gpxtpx:TrackPointExtension>
<opentracks:accuracy_horizontal>3.915</opentracks:accuracy_horizontal></extensions>
</trkpt>
<trkpt lat="50.44811" lon="-104.500656">
<ele>568</ele>
<time>2026-07-27T07:17:33.549-06:00</time>
<extensions>
<gpxtpx:TrackPointExtension>
<gpxtpx:speed>6.48</gpxtpx:speed>
</gpxtpx:TrackPointExtension>
<opentracks:accuracy_horizontal>3.914</opentracks:accuracy_horizontal></extensions>
</trkpt>
<trkpt lat="50.448108" lon="-104.500461">
<ele>567.8</ele>
<time>2026-07-27T07:17:35.543-06:00</time>
<extensions>
<gpxtpx:TrackPointExtension>
<gpxtpx:speed>6.99</gpxtpx:speed>
</gpxtpx:TrackPointExtension>
<opentracks:accuracy_horizontal>3.914</opentracks:accuracy_horizontal></extensions>
</trkpt>
<trkpt lat="50.448105" lon="-104.500259">
<ele>567.7</ele>
<time>2026-07-27T07:17:37.539-06:00</time>
<extensions>
<gpxtpx:TrackPointExtension>
<gpxtpx:speed>7.07</gpxtpx:speed>
</gpxtpx:TrackPointExtension>
<opentracks:accuracy_horizontal>3.914</opentracks:accuracy_horizontal></extensions>
</trkpt>
<trkpt lat="50.4481" lon="-104.500055">
<ele>567.5</ele>
<time>2026-07-27T07:17:39.538-06:00</time>
<extensions>
<gpxtpx:TrackPointExtension>
<gpxtpx:speed>7.25</gpxtpx:speed>
</gpxtpx:TrackPointExtension>
<opentracks:accuracy_horizontal>3.913</opentracks:accuracy_horizontal></extensions>
</trkpt>
<trkpt lat="50.4481" lon="-104.499849">
<ele>567.3</ele>
<time>2026-07-27T07:17:41.544-06:00</time>
<extensions>
<gpxtpx:TrackPointExtension>
<gpxtpx:speed>7.04</gpxtpx:speed>
</gpxtpx:TrackPointExtension>
<opentracks:accuracy_horizontal>3.913</opentracks:accuracy_horizontal></extensions>
</trkpt>
<trkpt lat="50.448101" lon="-104.499653">
<ele>567.4</ele>
<time>2026-07-27T07:17:43.548-06:00</time>
<extensions>
<gpxtpx:TrackPointExtension>
<gpxtpx:speed>6.95</gpxtpx:speed>
</gpxtpx:TrackPointExtension>
<opentracks:accuracy_horizontal>3.913</opentracks:accuracy_horizontal></extensions>
</trkpt>
<trkpt lat="50.448104" lon="-104.499461">
<ele>567.4</ele>
<time>2026-07-27T07:17:45.541-06:00</time>
<extensions>
<gpxtpx:TrackPointExtension>
<gpxtpx:speed>6.82</gpxtpx:speed>
</gpxtpx:TrackPointExtension>
<opentracks:accuracy_horizontal>3.912</opentracks:accuracy_horizontal></extensions>
</trkpt>
<trkpt lat="50.448102" lon="-104.499271">
<ele>567.7</ele>
<time>2026-07-27T07:17:47.538-06:00</time>
<extensions>
<gpxtpx:TrackPointExtension>
<gpxtpx:speed>6.76</gpxtpx:speed>
</gpxtpx:TrackPointExtension>
<opentracks:accuracy_horizontal>3.912</opentracks:accuracy_horizontal></extensions>
</trkpt>
<trkpt lat="50.448101" lon="-104.499085">
<ele>567.8</ele>
<time>2026-07-27T07:17:49.555-06:00</time>
<extensions>
<gpxtpx:TrackPointExtension>
<gpxtpx:speed>6.65</gpxtpx:speed>
</gpxtpx:TrackPointExtension>
<opentracks:accuracy_horizontal>3.912</opentracks:accuracy_horizontal></extensions>
</trkpt>
<trkpt lat="50.448103" lon="-104.498899">
<ele>568</ele>
<time>2026-07-27T07:17:51.55-06:00</time>
<extensions>
<gpxtpx:TrackPointExtension>
<gpxtpx:speed>6.68</gpxtpx:speed>
</gpxtpx:TrackPointExtension>
<opentracks:accuracy_horizontal>3.911</opentracks:accuracy_horizontal></extensions>
</trkpt>
<trkpt lat="50.448106" lon="-104.498714">
<ele>568.2</ele>
<time>2026-07-27T07:17:53.542-06:00</time>
<extensions>
<gpxtpx:TrackPointExtension>
<gpxtpx:speed>6.4</gpxtpx:speed>
</gpxtpx:TrackPointExtension>
<opentracks:accuracy_horizontal>3.911</opentracks:accuracy_horizontal></extensions>
</trkpt>
<trkpt lat="50.448107" lon="-104.498536">
<ele>568.3</ele>
<time>2026-07-27T07:17:55.549-06:00</time>
<extensions>
<gpxtpx:TrackPointExtension>
<gpxtpx:speed>6.58</gpxtpx:speed>
</gpxtpx:TrackPointExtension>
<opentracks:accuracy_horizontal>3.911</opentracks:accuracy_horizontal></extensions>
</trkpt>
<trkpt lat="50.448109" lon="-104.49835">
<ele>568.8</ele>
<time>2026-07-27T07:17:57.537-06:00</time>
<extensions>
<gpxtpx:TrackPointExtension>
<gpxtpx:speed>6.61</gpxtpx:speed>
</gpxtpx:TrackPointExtension>
<opentracks:accuracy_horizontal>3.91</opentracks:accuracy_horizontal></extensions>
</trkpt>
<trkpt lat="50.448111" lon="-104.498167">
<ele>568.9</ele>
<time>2026-07-27T07:17:59.544-06:00</time>
<extensions>
<gpxtpx:TrackPointExtension>
<gpxtpx:speed>6.57</gpxtpx:speed>
</gpxtpx:TrackPointExtension>
<opentracks:accuracy_horizontal>3.91</opentracks:accuracy_horizontal></extensions>
</trkpt>
<trkpt lat="50.448119" lon="-104.497984">
<ele>569.2</ele>
<time>2026-07-27T07:18:01.534-06:00</time>
<extensions>
<gpxtpx:TrackPointExtension>
<gpxtpx:speed>6.56</gpxtpx:speed>
</gpxtpx:TrackPointExtension>
<opentracks:accuracy_horizontal>4.14</opentracks:accuracy_horizontal></extensions>
</trkpt>
<trkpt lat="50.448122" lon="-104.4978">
<ele>569.1</ele>
<time>2026-07-27T07:18:03.535-06:00</time>
<extensions>
<gpxtpx:TrackPointExtension>
<gpxtpx:speed>6.59</gpxtpx:speed>
</gpxtpx:TrackPointExtension>
<opentracks:accuracy_horizontal>4.139</opentracks:accuracy_horizontal></extensions>
</trkpt>
<trkpt lat="50.448126" lon="-104.497616">
<ele>569.1</ele>
<time>2026-07-27T07:18:05.545-06:00</time>
<extensions>
<gpxtpx:TrackPointExtension>
<gpxtpx:speed>6.55</gpxtpx:speed>
</gpxtpx:TrackPointExtension>
<opentracks:accuracy_horizontal>4.139</opentracks:accuracy_horizontal></extensions>
</trkpt>
<trkpt lat="50.448123" lon="-104.497434">
<ele>568.8</ele>
<time>2026-07-27T07:18:07.553-06:00</time>
<extensions>
<gpxtpx:TrackPointExtension>
<gpxtpx:speed>6.5</gpxtpx:speed>
</gpxtpx:TrackPointExtension>
<opentracks:accuracy_horizontal>4.139</opentracks:accuracy_horizontal></extensions>
</trkpt>
<trkpt lat="50.448129" lon="-104.497253">
<ele>569</ele>
<time>2026-07-27T07:18:09.553-06:00</time>
<extensions>
<gpxtpx:TrackPointExtension>
<gpxtpx:speed>6.58</gpxtpx:speed>
</gpxtpx:TrackPointExtension>
<opentracks:accuracy_horizontal>4.138</opentracks:accuracy_horizontal></extensions>
</trkpt>
<trkpt lat="50.44813" lon="-104.497067">
<ele>569</ele>
<time>2026-07-27T07:18:11.548-06:00</time>
<extensions>
<gpxtpx:TrackPointExtension>
<gpxtpx:speed>6.52</gpxtpx:speed>
</gpxtpx:TrackPointExtension>
<opentracks:accuracy_horizontal>4.138</opentracks:accuracy_horizontal></extensions>
</trkpt>
<trkpt lat="50.448136" lon="-104.496882">
<ele>569.1</ele>
<time>2026-07-27T07:18:13.543-06:00</time>
<extensions>
<gpxtpx:TrackPointExtension>
<gpxtpx:speed>6.68</gpxtpx:speed>
</gpxtpx:TrackPointExtension>
<opentracks:accuracy_horizontal>4.138</opentracks:accuracy_horizontal></extensions>
</trkpt>
<trkpt lat="50.448145" lon="-104.496689">
<ele>569.4</ele>
<time>2026-07-27T07:18:15.541-06:00</time>
<extensions>
<gpxtpx:TrackPointExtension>
<gpxtpx:speed>6.84</gpxtpx:speed>
</gpxtpx:TrackPointExtension>
<opentracks:accuracy_horizontal>4.137</opentracks:accuracy_horizontal></extensions>
</trkpt>
<trkpt lat="50.448148" lon="-104.4965">
<ele>569.7</ele>
<time>2026-07-27T07:18:17.543-06:00</time>
<extensions>
<gpxtpx:TrackPointExtension>
<gpxtpx:speed>6.88</gpxtpx:speed>
</gpxtpx:TrackPointExtension>
<opentracks:accuracy_horizontal>4.137</opentracks:accuracy_horizontal></extensions>
</trkpt>
<trkpt lat="50.448151" lon="-104.496309">
<ele>569.8</ele>
<time>2026-07-27T07:18:19.542-06:00</time>
<extensions>
<gpxtpx:TrackPointExtension>
<gpxtpx:speed>6.84</gpxtpx:speed>
</gpxtpx:TrackPointExtension>
<opentracks:accuracy_horizontal>4.137</opentracks:accuracy_horizontal></extensions>
</trkpt>
<trkpt lat="50.44816" lon="-104.496125">
<ele>569.8</ele>
<time>2026-07-27T07:18:21.545-06:00</time>
<extensions>
<gpxtpx:TrackPointExtension>
<gpxtpx:speed>6.36</gpxtpx:speed>
</gpxtpx:TrackPointExtension>
<opentracks:accuracy_horizontal>4.137</opentracks:accuracy_horizontal></extensions>
</trkpt>
<trkpt lat="50.448168" lon="-104.495956">
<ele>569.9</ele>
<time>2026-07-27T07:18:23.559-06:00</time>
<extensions>
<gpxtpx:TrackPointExtension>
<gpxtpx:speed>5.9</gpxtpx:speed>
</gpxtpx:TrackPointExtension>
<opentracks:accuracy_horizontal>4.136</opentracks:accuracy_horizontal></extensions>
</trkpt>
<trkpt lat="50.448174" lon="-104.4958">
<ele>569.7</ele>
<time>2026-07-27T07:18:25.539-06:00</time>
<extensions>
<gpxtpx:TrackPointExtension>
<gpxtpx:speed>5.86</gpxtpx:speed>
</gpxtpx:TrackPointExtension>
<opentracks:accuracy_horizontal>4.136</opentracks:accuracy_horizontal></extensions>
</trkpt>
<trkpt lat="50.448176" lon="-104.495638">
<ele>569.9</ele>
<time>2026-07-27T07:18:27.54-06:00</time>
<extensions>
<gpxtpx:TrackPointExtension>
<gpxtpx:speed>5.63</gpxtpx:speed>
</gpxtpx:TrackPointExtension>
<opentracks:accuracy_horizontal>4.136</opentracks:accuracy_horizontal></extensions>
</trkpt>
<trkpt lat="50.448182" lon="-104.495486">
<ele>570.4</ele>
<time>2026-07-27T07:18:29.535-06:00</time>
<extensions>
<gpxtpx:TrackPointExtension>
<gpxtpx:speed>5.41</gpxtpx:speed>
</gpxtpx:TrackPointExtension>
<opentracks:accuracy_horizontal>4.135</opentracks:accuracy_horizontal></extensions>
</trkpt>
<trkpt lat="50.448187" lon="-104.495341">
<ele>570.3</ele>
<time>2026-07-27T07:18:31.532-06:00</time>
<extensions>
<gpxtpx:TrackPointExtension>
<gpxtpx:speed>5.34</gpxtpx:speed>
</gpxtpx:TrackPointExtension>
<opentracks:accuracy_horizontal>4.135</opentracks:accuracy_horizontal></extensions>
</trkpt>
<trkpt lat="50.4482" lon="-104.495193">
<ele>570.2</ele>
<time>2026-07-27T07:18:33.521-06:00</time>
<extensions>
<gpxtpx:TrackPointExtension>
<gpxtpx:speed>5.53</gpxtpx:speed>
</gpxtpx:TrackPointExtension>
<opentracks:accuracy_horizontal>4.135</opentracks:accuracy_horizontal></extensions>
</trkpt>
<trkpt lat="50.448208" lon="-104.495032">
<ele>570.4</ele>
<time>2026-07-27T07:18:35.533-06:00</time>
<extensions>
<gpxtpx:TrackPointExtension>
<gpxtpx:speed>5.95</gpxtpx:speed>
</gpxtpx:TrackPointExtension>
<opentracks:accuracy_horizontal>4.134</opentracks:accuracy_horizontal></extensions>
</trkpt>
<trkpt lat="50.448212" lon="-104.494858">
<ele>570.3</ele>
<time>2026-07-27T07:18:37.556-06:00</time>
<extensions>
<gpxtpx:TrackPointExtension>
<gpxtpx:speed>6.22</gpxtpx:speed>
</gpxtpx:TrackPointExtension>
<opentracks:accuracy_horizontal>4.134</opentracks:accuracy_horizontal></extensions>
</trkpt>
<trkpt lat="50.448217" lon="-104.494677">
<ele>570</ele>
<time>2026-07-27T07:18:39.545-06:00</time>
<extensions>
<gpxtpx:TrackPointExtension>
<gpxtpx:speed>6.59</gpxtpx:speed>
</gpxtpx:TrackPointExtension>
<opentracks:accuracy_horizontal>4.134</opentracks:accuracy_horizontal></extensions>
</trkpt>
<trkpt lat="50.448225" lon="-104.494485">
<ele>570.1</ele>
<time>2026-07-27T07:18:41.541-06:00</time>
<extensions>
<gpxtpx:TrackPointExtension>
<gpxtpx:speed>6.88</gpxtpx:speed>
</gpxtpx:TrackPointExtension>
<opentracks:accuracy_horizontal>4.133</opentracks:accuracy_horizontal></extensions>
</trkpt>
<trkpt lat="50.448228" lon="-104.494291">
<ele>569.8</ele>
<time>2026-07-27T07:18:43.549-06:00</time>
<extensions>
<gpxtpx:TrackPointExtension>
<gpxtpx:speed>6.82</gpxtpx:speed>
</gpxtpx:TrackPointExtension>
<opentracks:accuracy_horizontal>4.133</opentracks:accuracy_horizontal></extensions>
</trkpt>
<trkpt lat="50.448224" lon="-104.494094">
<ele>569.5</ele>
<time>2026-07-27T07:18:45.55-06:00</time>
<extensions>
<gpxtpx:TrackPointExtension>
<gpxtpx:speed>6.99</gpxtpx:speed>
</gpxtpx:TrackPointExtension>
<opentracks:accuracy_horizontal>4.133</opentracks:accuracy_horizontal></extensions>
</trkpt>
<trkpt lat="50.448224" lon="-104.493892">
<ele>568.9</ele>
<time>2026-07-27T07:18:47.552-06:00</time>
<extensions>
<gpxtpx:TrackPointExtension>
<gpxtpx:speed>7.14</gpxtpx:speed>
</gpxtpx:TrackPointExtension>
<opentracks:accuracy_horizontal>4.133</opentracks:accuracy_horizontal></extensions>
</trkpt>
<trkpt lat="50.448225" lon="-104.49369">
<ele>568.6</ele>
<time>2026-07-27T07:18:49.552-06:00</time>
<extensions>
<gpxtpx:TrackPointExtension>
<gpxtpx:speed>7.16</gpxtpx:speed>
</gpxtpx:TrackPointExtension>
<opentracks:accuracy_horizontal>4.132</opentracks:accuracy_horizontal></extensions>
</trkpt>
<trkpt lat="50.448224" lon="-104.493487">
<ele>568.1</ele>
<time>2026-07-27T07:18:51.556-06:00</time>
<extensions>
<gpxtpx:TrackPointExtension>
<gpxtpx:speed>7.26</gpxtpx:speed>
</gpxtpx:TrackPointExtension>
<opentracks:accuracy_horizontal>4.132</opentracks:accuracy_horizontal></extensions>
</trkpt>
<trkpt lat="50.448224" lon="-104.493283">
<ele>567.9</ele>
<time>2026-07-27T07:18:53.532-06:00</time>
<extensions>
<gpxtpx:TrackPointExtension>
<gpxtpx:speed>7.25</gpxtpx:speed>
</gpxtpx:TrackPointExtension>
<opentracks:accuracy_horizontal>4.132</opentracks:accuracy_horizontal></extensions>
</trkpt>
<trkpt lat="50.448224" lon="-104.493079">
<ele>568.1</ele>
<time>2026-07-27T07:18:55.542-06:00</time>
<extensions>
<gpxtpx:TrackPointExtension>
<gpxtpx:speed>7.22</gpxtpx:speed>
</gpxtpx:TrackPointExtension>
<opentracks:accuracy_horizontal>4.131</opentracks:accuracy_horizontal></extensions>
</trkpt>
<trkpt lat="50.448226" lon="-104.492876">
<ele>567.9</ele>
<time>2026-07-27T07:18:57.547-06:00</time>
<extensions>
<gpxtpx:TrackPointExtension>
<gpxtpx:speed>7.21</gpxtpx:speed>
</gpxtpx:TrackPointExtension>
<opentracks:accuracy_horizontal>4.131</opentracks:accuracy_horizontal></extensions>
</trkpt>
<trkpt lat="50.448223" lon="-104.492673">
<ele>567.9</ele>
<time>2026-07-27T07:18:59.537-06:00</time>
<extensions>
<gpxtpx:TrackPointExtension>
<gpxtpx:speed>7.22</gpxtpx:speed>
</gpxtpx:TrackPointExtension>
<opentracks:accuracy_horizontal>4.131</opentracks:accuracy_horizontal></extensions>
</trkpt>
<trkpt lat="50.448227" lon="-104.492471">
<ele>567.8</ele>
<time>2026-07-27T07:19:01.541-06:00</time>
<extensions>
<gpxtpx:TrackPointExtension>
<gpxtpx:speed>6.99</gpxtpx:speed>
</gpxtpx:TrackPointExtension>
<opentracks:accuracy_horizontal>4.13</opentracks:accuracy_horizontal></extensions>
</trkpt>
<trkpt lat="50.448228" lon="-104.492281">
<ele>567.8</ele>
<time>2026-07-27T07:19:03.547-06:00</time>
<extensions>
<gpxtpx:TrackPointExtension>
<gpxtpx:speed>6.6</gpxtpx:speed>
</gpxtpx:TrackPointExtension>
<opentracks:accuracy_horizontal>4.13</opentracks:accuracy_horizontal></extensions>
</trkpt>
<trkpt lat="50.448229" lon="-104.492111">
<ele>567.9</ele>
<time>2026-07-27T07:19:05.538-06:00</time>
<extensions>
<gpxtpx:TrackPointExtension>
<gpxtpx:speed>6.32</gpxtpx:speed>
</gpxtpx:TrackPointExtension>
<opentracks:accuracy_horizontal>4.13</opentracks:accuracy_horizontal></extensions>
</trkpt>
<trkpt lat="50.448231" lon="-104.491929">
<ele>568.3</ele>
<time>2026-07-27T07:19:07.575-06:00</time>
<extensions>
<gpxtpx:TrackPointExtension>
<gpxtpx:speed>6.73</gpxtpx:speed>
</gpxtpx:TrackPointExtension>
<opentracks:accuracy_horizontal>4.13</opentracks:accuracy_horizontal></extensions>
</trkpt>
<trkpt lat="50.448227" lon="-104.491739">
<ele>568.3</ele>
<time>2026-07-27T07:19:09.552-06:00</time>
<extensions>
<gpxtpx:TrackPointExtension>
<gpxtpx:speed>6.63</gpxtpx:speed>
</gpxtpx:TrackPointExtension>
<opentracks:accuracy_horizontal>4.129</opentracks:accuracy_horizontal></extensions>
</trkpt>
<trkpt lat="50.448227" lon="-104.491545">
<ele>568.7</ele>
<time>2026-07-27T07:19:11.539-06:00</time>
<extensions>
<gpxtpx:TrackPointExtension>
<gpxtpx:speed>6.94</gpxtpx:speed>
</gpxtpx:TrackPointExtension>
<opentracks:accuracy_horizontal>4.129</opentracks:accuracy_horizontal></extensions>
</trkpt>
<trkpt lat="50.448223" lon="-104.491355">
<ele>568.6</ele>
<time>2026-07-27T07:19:13.528-06:00</time>
<extensions>
<gpxtpx:TrackPointExtension>
<gpxtpx:speed>6.93</gpxtpx:speed>
</gpxtpx:TrackPointExtension>
<opentracks:accuracy_horizontal>4.129</opentracks:accuracy_horizontal></extensions>
</trkpt>
<trkpt lat="50.448224" lon="-104.491165">
<ele>568.8</ele>
<time>2026-07-27T07:19:15.541-06:00</time>
<extensions>
<gpxtpx:TrackPointExtension>
<gpxtpx:speed>6.88</gpxtpx:speed>
</gpxtpx:TrackPointExtension>
<opentracks:accuracy_horizontal>4.128</opentracks:accuracy_horizontal></extensions>
</trkpt>
<trkpt lat="50.448225" lon="-104.490973">
<ele>568.8</ele>
<time>2026-07-27T07:19:17.546-06:00</time>
<extensions>
<gpxtpx:TrackPointExtension>
<gpxtpx:speed>6.77</gpxtpx:speed>
</gpxtpx:TrackPointExtension>
<opentracks:accuracy_horizontal>4.128</opentracks:accuracy_horizontal></extensions>
</trkpt>
<trkpt lat="50.448225" lon="-104.490785">
<ele>568.8</ele>
<time>2026-07-27T07:19:19.545-06:00</time>
<extensions>
<gpxtpx:TrackPointExtension>
<gpxtpx:speed>6.73</gpxtpx:speed>
</gpxtpx:TrackPointExtension>
<opentracks:accuracy_horizontal>4.128</opentracks:accuracy_horizontal></extensions>
</trkpt>
<trkpt lat="50.448223" lon="-104.490596">
<ele>568.6</ele>
<time>2026-07-27T07:19:21.547-06:00</time>
<extensions>
<gpxtpx:TrackPointExtension>
<gpxtpx:speed>6.64</gpxtpx:speed>
</gpxtpx:TrackPointExtension>
<opentracks:accuracy_horizontal>4.127</opentracks:accuracy_horizontal></extensions>
</trkpt>
<trkpt lat="50.448217" lon="-104.490409">
<ele>567.9</ele>
<time>2026-07-27T07:19:23.544-06:00</time>
<extensions>
<gpxtpx:TrackPointExtension>
<gpxtpx:speed>6.48</gpxtpx:speed>
</gpxtpx:TrackPointExtension>
<opentracks:accuracy_horizontal>4.127</opentracks:accuracy_horizontal></extensions>
</trkpt>
<trkpt lat="50.448214" lon="-104.490219">
<ele>568</ele>
<time>2026-07-27T07:19:25.539-06:00</time>
<extensions>
<gpxtpx:TrackPointExtension>
<gpxtpx:speed>6.38</gpxtpx:speed>
</gpxtpx:TrackPointExtension>
<opentracks:accuracy_horizontal>4.127</opentracks:accuracy_horizontal></extensions>
</trkpt>
<trkpt lat="50.448207" lon="-104.490038">
<ele>567.7</ele>
<time>2026-07-27T07:19:27.553-06:00</time>
<extensions>
<gpxtpx:TrackPointExtension>
<gpxtpx:speed>6.5</gpxtpx:speed>
</gpxtpx:TrackPointExtension>
<opentracks:accuracy_horizontal>4.126</opentracks:accuracy_horizontal></extensions>
</trkpt>
<trkpt lat="50.44821" lon="-104.489868">
<ele>567.9</ele>
<time>2026-07-27T07:19:29.55-06:00</time>
<extensions>
<gpxtpx:TrackPointExtension>
<gpxtpx:speed>5.92</gpxtpx:speed>
</gpxtpx:TrackPointExtension>
<opentracks:accuracy_horizontal>4.126</opentracks:accuracy_horizontal></extensions>
</trkpt>
<trkpt lat="50.4482" lon="-104.489711">
<ele>567.8</ele>
<time>2026-07-27T07:19:31.552-06:00</time>
<extensions>
<gpxtpx:TrackPointExtension>
<gpxtpx:speed>5.69</gpxtpx:speed>
</gpxtpx:TrackPointExtension>
<opentracks:accuracy_horizontal>4.126</opentracks:accuracy_horizontal></extensions>
</trkpt>
<trkpt lat="50.448195" lon="-104.489558">
<ele>567.7</ele>
<time>2026-07-27T07:19:33.534-06:00</time>
<extensions>
<gpxtpx:TrackPointExtension>
<gpxtpx:speed>5.31</gpxtpx:speed>
</gpxtpx:TrackPointExtension>
<opentracks:accuracy_horizontal>4.126</opentracks:accuracy_horizontal></extensions>
</trkpt>
<trkpt lat="50.448201" lon="-104.489356">
<ele>568.1</ele>
<time>2026-07-27T07:19:36.551-06:00</time>
<extensions>
<gpxtpx:TrackPointExtension>
<gpxtpx:speed>4.62</gpxtpx:speed>
</gpxtpx:TrackPointExtension>
<opentracks:accuracy_horizontal>4.125</opentracks:accuracy_horizontal></extensions>
</trkpt>
<trkpt lat="50.448194" lon="-104.489163">
<ele>568.6</ele>
<time>2026-07-27T07:19:39.538-06:00</time>
<extensions>
<gpxtpx:TrackPointExtension>
<gpxtpx:speed>5.02</gpxtpx:speed>
</gpxtpx:TrackPointExtension>
<opentracks:accuracy_horizontal>4.125</opentracks:accuracy_horizontal></extensions>
</trkpt>
<trkpt lat="50.448187" lon="-104.489018">
<ele>568.8</ele>
<time>2026-07-27T07:19:41.542-06:00</time>
<extensions>
<gpxtpx:TrackPointExtension>
<gpxtpx:speed>5.48</gpxtpx:speed>
</gpxtpx:TrackPointExtension>
<opentracks:accuracy_horizontal>4.124</opentracks:accuracy_horizontal></extensions>
</trkpt>
<trkpt lat="50.44818" lon="-104.488861">
<ele>569</ele>
<time>2026-07-27T07:19:43.531-06:00</time>
<extensions>
<gpxtpx:TrackPointExtension>
<gpxtpx:speed>5.65</gpxtpx:speed>
</gpxtpx:TrackPointExtension>
<opentracks:accuracy_horizontal>4.124</opentracks:accuracy_horizontal></extensions>
</trkpt>
<trkpt lat="50.44818" lon="-104.488698">
<ele>569.2</ele>
<time>2026-07-27T07:19:45.541-06:00</time>
<extensions>
<gpxtpx:TrackPointExtension>
<gpxtpx:speed>5.76</gpxtpx:speed>
</gpxtpx:TrackPointExtension>
<opentracks:accuracy_horizontal>4.124</opentracks:accuracy_horizontal></extensions>
</trkpt>
<trkpt lat="50.448174" lon="-104.48853">
<ele>569.1</ele>
<time>2026-07-27T07:19:47.53-06:00</time>
<extensions>
<gpxtpx:TrackPointExtension>
<gpxtpx:speed>6</gpxtpx:speed>
</gpxtpx:TrackPointExtension>
<opentracks:accuracy_horizontal>4.123</opentracks:accuracy_horizontal></extensions>
</trkpt>
<trkpt lat="50.448168" lon="-104.488356">
<ele>568.9</ele>
<time>2026-07-27T07:19:49.535-06:00</time>
<extensions>
<gpxtpx:TrackPointExtension>
<gpxtpx:speed>6.13</gpxtpx:speed>
</gpxtpx:TrackPointExtension>
<opentracks:accuracy_horizontal>4.123</opentracks:accuracy_horizontal></extensions>
</trkpt>
<trkpt lat="50.448164" lon="-104.488184">
<ele>568.9</ele>
<time>2026-07-27T07:19:51.556-06:00</time>
<extensions>
<gpxtpx:TrackPointExtension>
<gpxtpx:speed>6.12</gpxtpx:speed>
</gpxtpx:TrackPointExtension>
<opentracks:accuracy_horizontal>4.123</opentracks:accuracy_horizontal></extensions>
</trkpt>
<trkpt lat="50.448158" lon="-104.488012">
<ele>569</ele>
<time>2026-07-27T07:19:53.538-06:00</time>
<extensions>
<gpxtpx:TrackPointExtension>
<gpxtpx:speed>6.1</gpxtpx:speed>
</gpxtpx:TrackPointExtension>
<opentracks:accuracy_horizontal>4.123</opentracks:accuracy_horizontal></extensions>
</trkpt>
<trkpt lat="50.448158" lon="-104.487844">
<ele>568.8</ele>
<time>2026-07-27T07:19:55.551-06:00</time>
<extensions>
<gpxtpx:TrackPointExtension>
<gpxtpx:speed>6.02</gpxtpx:speed>
</gpxtpx:TrackPointExtension>
<opentracks:accuracy_horizontal>4.122</opentracks:accuracy_horizontal></extensions>
</trkpt>
<trkpt lat="50.44816" lon="-104.487676">
<ele>568.8</ele>
<time>2026-07-27T07:19:57.544-06:00</time>
<extensions>
<gpxtpx:TrackPointExtension>
<gpxtpx:speed>6.1</gpxtpx:speed>
</gpxtpx:TrackPointExtension>
<opentracks:accuracy_horizontal>4.122</opentracks:accuracy_horizontal></extensions>
</trkpt>
<trkpt lat="50.44815" lon="-104.487503">
<ele>568.5</ele>
<time>2026-07-27T07:19:59.54-06:00</time>
<extensions>
<gpxtpx:TrackPointExtension>
<gpxtpx:speed>6.32</gpxtpx:speed>
</gpxtpx:TrackPointExtension>
<opentracks:accuracy_horizontal>4.122</opentracks:accuracy_horizontal></extensions>
</trkpt>
<trkpt lat="50.448143" lon="-104.487318">
<ele>568.5</ele>
<time>2026-07-27T07:20:01.55-06:00</time>
<extensions>
<gpxtpx:TrackPointExtension>
<gpxtpx:speed>6.52</gpxtpx:speed>
</gpxtpx:TrackPointExtension>
<opentracks:accuracy_horizontal>4.121</opentracks:accuracy_horizontal></extensions>
</trkpt>
<trkpt lat="50.448128" lon="-104.487132">
<ele>568.3</ele>
<time>2026-07-27T07:20:03.541-06:00</time>
<extensions>
<gpxtpx:TrackPointExtension>
<gpxtpx:speed>6.48</gpxtpx:speed>
</gpxtpx:TrackPointExtension>
<opentracks:accuracy_horizontal>4.121</opentracks:accuracy_horizontal></extensions>
</trkpt>
<trkpt lat="50.448128" lon="-104.48695">
<ele>568.2</ele>
<time>2026-07-27T07:20:05.552-06:00</time>
<extensions>
<gpxtpx:TrackPointExtension>
<gpxtpx:speed>6.35</gpxtpx:speed>
</gpxtpx:TrackPointExtension>
<opentracks:accuracy_horizontal>4.121</opentracks:accuracy_horizontal></extensions>
</trkpt>
<trkpt lat="50.448136" lon="-104.486773">
<ele>568.3</ele>
<time>2026-07-27T07:20:07.542-06:00</time>
<extensions>
<gpxtpx:TrackPointExtension>
<gpxtpx:speed>6.47</gpxtpx:speed>
</gpxtpx:TrackPointExtension>
<opentracks:accuracy_horizontal>4.12</opentracks:accuracy_horizontal></extensions>
</trkpt>
<trkpt lat="50.448142" lon="-104.486593">
<ele>568.1</ele>
<time>2026-07-27T07:20:09.559-06:00</time>
<extensions>
<gpxtpx:TrackPointExtension>
<gpxtpx:speed>6.49</gpxtpx:speed>
</gpxtpx:TrackPointExtension>
<opentracks:accuracy_horizontal>4.12</opentracks:accuracy_horizontal></extensions>
</trkpt>
<trkpt lat="50.448146" lon="-104.486408">
<ele>568.2</ele>
<time>2026-07-27T07:20:11.559-06:00</time>
<extensions>
<gpxtpx:TrackPointExtension>
<gpxtpx:speed>6.65</gpxtpx:speed>
</gpxtpx:TrackPointExtension>
<opentracks:accuracy_horizontal>4.12</opentracks:accuracy_horizontal></extensions>
</trkpt>
<trkpt lat="50.448147" lon="-104.486224">
<ele>568</ele>
<time>2026-07-27T07:20:13.545-06:00</time>
<extensions>
<gpxtpx:TrackPointExtension>
<gpxtpx:speed>6.31</gpxtpx:speed>
</gpxtpx:TrackPointExtension>
<opentracks:accuracy_horizontal>4.119</opentracks:accuracy_horizontal></extensions>
</trkpt>
<trkpt lat="50.448148" lon="-104.486053">
<ele>568.3</ele>
<time>2026-07-27T07:20:15.539-06:00</time>
<extensions>
<gpxtpx:TrackPointExtension>
<gpxtpx:speed>6.04</gpxtpx:speed>
</gpxtpx:TrackPointExtension>
<opentracks:accuracy_horizontal>4.119</opentracks:accuracy_horizontal></extensions>
</trkpt>
<trkpt lat="50.448145" lon="-104.485879">
<ele>568.4</ele>
<time>2026-07-27T07:20:17.545-06:00</time>
<extensions>
<gpxtpx:TrackPointExtension>
<gpxtpx:speed>6.49</gpxtpx:speed>
</gpxtpx:TrackPointExtension>
<opentracks:accuracy_horizontal>4.119</opentracks:accuracy_horizontal></extensions>
</trkpt>
<trkpt lat="50.448142" lon="-104.48569">
<ele>568.4</ele>
<time>2026-07-27T07:20:19.551-06:00</time>
<extensions>
<gpxtpx:TrackPointExtension>
<gpxtpx:speed>6.58</gpxtpx:speed>
</gpxtpx:TrackPointExtension>
<opentracks:accuracy_horizontal>4.119</opentracks:accuracy_horizontal></extensions>
</trkpt>
<trkpt lat="50.448143" lon="-104.485501">
<ele>568.2</ele>
<time>2026-07-27T07:20:21.549-06:00</time>
<extensions>
<gpxtpx:TrackPointExtension>
<gpxtpx:speed>6.85</gpxtpx:speed>
</gpxtpx:TrackPointExtension>
<opentracks:accuracy_horizontal>4.118</opentracks:accuracy_horizontal></extensions>
</trkpt>
<trkpt lat="50.448148" lon="-104.485303">
<ele>568.1</ele>
<time>2026-07-27T07:20:23.535-06:00</time>
<extensions>
<gpxtpx:TrackPointExtension>
<gpxtpx:speed>6.86</gpxtpx:speed>
</gpxtpx:TrackPointExtension>
<opentracks:accuracy_horizontal>4.118</opentracks:accuracy_horizontal></extensions>
</trkpt>
<trkpt lat="50.448151" lon="-104.485109">
<ele>568.1</ele>
<time>2026-07-27T07:20:25.546-06:00</time>
<extensions>
<gpxtpx:TrackPointExtension>
<gpxtpx:speed>6.75</gpxtpx:speed>
</gpxtpx:TrackPointExtension>
<opentracks:accuracy_horizontal>4.118</opentracks:accuracy_horizontal></extensions>
</trkpt>
<trkpt lat="50.448147" lon="-104.484903">
<ele>568</ele>
<time>2026-07-27T07:20:27.55-06:00</time>
<extensions>
<gpxtpx:TrackPointExtension>
<gpxtpx:speed>7.3</gpxtpx:speed>
</gpxtpx:TrackPointExtension>
<opentracks:accuracy_horizontal>4.117</opentracks:accuracy_horizontal></extensions>
</trkpt>
<trkpt lat="50.448146" lon="-104.484701">
<ele>567.7</ele>
<time>2026-07-27T07:20:29.557-06:00</time>
<extensions>
<gpxtpx:TrackPointExtension>
<gpxtpx:speed>7.13</gpxtpx:speed>
</gpxtpx:TrackPointExtension>
<opentracks:accuracy_horizontal>4.117</opentracks:accuracy_horizontal></extensions>
</trkpt>
<trkpt lat="50.448148" lon="-104.4845">
<ele>567.4</ele>
<time>2026-07-27T07:20:31.537-06:00</time>
<extensions>
<gpxtpx:TrackPointExtension>
<gpxtpx:speed>7.3</gpxtpx:speed>
</gpxtpx:TrackPointExtension>
<opentracks:accuracy_horizontal>4.117</opentracks:accuracy_horizontal></extensions>
</trkpt>
<trkpt lat="50.448134" lon="-104.484291">
<ele>567.7</ele>
<time>2026-07-27T07:20:33.531-06:00</time>
<extensions>
<gpxtpx:TrackPointExtension>
<gpxtpx:speed>7.21</gpxtpx:speed>
</gpxtpx:TrackPointExtension>
<opentracks:accuracy_horizontal>4.116</opentracks:accuracy_horizontal></extensions>
</trkpt>
<trkpt lat="50.448126" lon="-104.484094">
<ele>567.6</ele>
<time>2026-07-27T07:20:35.541-06:00</time>
<extensions>
<gpxtpx:TrackPointExtension>
<gpxtpx:speed>6.92</gpxtpx:speed>
</gpxtpx:TrackPointExtension>
<opentracks:accuracy_horizontal>4.116</opentracks:accuracy_horizontal></extensions>
</trkpt>
<trkpt lat="50.448125" lon="-104.4839">
<ele>567.6</ele>
<time>2026-07-27T07:20:37.554-06:00</time>
<extensions>
<gpxtpx:TrackPointExtension>
<gpxtpx:speed>7.03</gpxtpx:speed>
</gpxtpx:TrackPointExtension>
<opentracks:accuracy_horizontal>4.116</opentracks:accuracy_horizontal></extensions>
</trkpt>
<trkpt lat="50.448121" lon="-104.483705">
<ele>567.5</ele>
<time>2026-07-27T07:20:39.543-06:00</time>
<extensions>
<gpxtpx:TrackPointExtension>
<gpxtpx:speed>6.81</gpxtpx:speed>
</gpxtpx:TrackPointExtension>
<opentracks:accuracy_horizontal>4.115</opentracks:accuracy_horizontal></extensions>
</trkpt>
<trkpt lat="50.448127" lon="-104.483519">
<ele>567.7</ele>
<time>2026-07-27T07:20:41.551-06:00</time>
<extensions>
<gpxtpx:TrackPointExtension>
<gpxtpx:speed>6.63</gpxtpx:speed>
</gpxtpx:TrackPointExtension>
<opentracks:accuracy_horizontal>4.115</opentracks:accuracy_horizontal></extensions>
</trkpt>
<trkpt lat="50.448128" lon="-104.483336">
<ele>567.6</ele>
<time>2026-07-27T07:20:43.554-06:00</time>
<extensions>
<gpxtpx:TrackPointExtension>
<gpxtpx:speed>6.39</gpxtpx:speed>
</gpxtpx:TrackPointExtension>
<opentracks:accuracy_horizontal>4.115</opentracks:accuracy_horizontal></extensions>
</trkpt>
<trkpt lat="50.448128" lon="-104.483158">
<ele>567.8</ele>
<time>2026-07-27T07:20:45.542-06:00</time>
<extensions>
<gpxtpx:TrackPointExtension>
<gpxtpx:speed>6.21</gpxtpx:speed>
</gpxtpx:TrackPointExtension>
<opentracks:accuracy_horizontal>4.115</opentracks:accuracy_horizontal></extensions>
</trkpt>
<trkpt lat="50.448133" lon="-104.482987">
<ele>568.1</ele>
<time>2026-07-27T07:20:47.545-06:00</time>
<extensions>
<gpxtpx:TrackPointExtension>
<gpxtpx:speed>5.91</gpxtpx:speed>
</gpxtpx:TrackPointExtension>
<opentracks:accuracy_horizontal>4.114</opentracks:accuracy_horizontal></extensions>
</trkpt>
<trkpt lat="50.448128" lon="-104.482822">
<ele>568.1</ele>
<time>2026-07-27T07:20:49.544-06:00</time>
<extensions>
<gpxtpx:TrackPointExtension>
<gpxtpx:speed>5.98</gpxtpx:speed>
</gpxtpx:TrackPointExtension>
<opentracks:accuracy_horizontal>4.114</opentracks:accuracy_horizontal></extensions>
</trkpt>
<trkpt lat="50.448124" lon="-104.482655">
<ele>567.9</ele>
<time>2026-07-27T07:20:51.549-06:00</time>
<extensions>
<gpxtpx:TrackPointExtension>
<gpxtpx:speed>6.08</gpxtpx:speed>
</gpxtpx:TrackPointExtension>
<opentracks:accuracy_horizontal>4.114</opentracks:accuracy_horizontal></extensions>
</trkpt>
<trkpt lat="50.448122" lon="-104.482486">
<ele>567.9</ele>
<time>2026-07-27T07:20:53.545-06:00</time>
<extensions>
<gpxtpx:TrackPointExtension>
<gpxtpx:speed>6.05</gpxtpx:speed>
</gpxtpx:TrackPointExtension>
<opentracks:accuracy_horizontal>4.113</opentracks:accuracy_horizontal></extensions>
</trkpt>
<trkpt lat="50.448128" lon="-104.482317">
<ele>568.2</ele>
<time>2026-07-27T07:20:55.543-06:00</time>
<extensions>
<gpxtpx:TrackPointExtension>
<gpxtpx:speed>6.05</gpxtpx:speed>
</gpxtpx:TrackPointExtension>
<opentracks:accuracy_horizontal>4.113</opentracks:accuracy_horizontal></extensions>
</trkpt>
<trkpt lat="50.448132" lon="-104.482147">
<ele>568.6</ele>
<time>2026-07-27T07:20:57.548-06:00</time>
<extensions>
<gpxtpx:TrackPointExtension>
<gpxtpx:speed>6.15</gpxtpx:speed>
</gpxtpx:TrackPointExtension>
<opentracks:accuracy_horizontal>4.113</opentracks:accuracy_horizontal></extensions>
</trkpt>
<trkpt lat="50.448133" lon="-104.481974">
<ele>568.8</ele>
<time>2026-07-27T07:20:59.543-06:00</time>
<extensions>
<gpxtpx:TrackPointExtension>
<gpxtpx:speed>6.14</gpxtpx:speed>
</gpxtpx:TrackPointExtension>
<opentracks:accuracy_horizontal>4.112</opentracks:accuracy_horizontal></extensions>
</trkpt>
<trkpt lat="50.448131" lon="-104.481799">
<ele>568.8</ele>
<time>2026-07-27T07:21:01.545-06:00</time>
<extensions>
<gpxtpx:TrackPointExtension>
<gpxtpx:speed>6.23</gpxtpx:speed>
</gpxtpx:TrackPointExtension>
<opentracks:accuracy_horizontal>4.112</opentracks:accuracy_horizontal></extensions>
</trkpt>
<trkpt lat="50.448134" lon="-104.481622">
<ele>568.9</ele>
<time>2026-07-27T07:21:03.541-06:00</time>
<extensions>
<gpxtpx:TrackPointExtension>
<gpxtpx:speed>6.09</gpxtpx:speed>
</gpxtpx:TrackPointExtension>
<opentracks:accuracy_horizontal>4.112</opentracks:accuracy_horizontal></extensions>
</trkpt>
<trkpt lat="50.448136" lon="-104.481444">
<ele>568.7</ele>
<time>2026-07-27T07:21:05.549-06:00</time>
<extensions>
<gpxtpx:TrackPointExtension>
<gpxtpx:speed>6.37</gpxtpx:speed>
</gpxtpx:TrackPointExtension>
<opentracks:accuracy_horizontal>4.111</opentracks:accuracy_horizontal></extensions>
</trkpt>
<trkpt lat="50.448136" lon="-104.481265">
<ele>568.8</ele>
<time>2026-07-27T07:21:07.541-06:00</time>
<extensions>
<gpxtpx:TrackPointExtension>
<gpxtpx:speed>6.39</gpxtpx:speed>
</gpxtpx:TrackPointExtension>
<opentracks:accuracy_horizontal>4.111</opentracks:accuracy_horizontal></extensions>
</trkpt>
<trkpt lat="50.448133" lon="-104.481091">
<ele>568.8</ele>
<time>2026-07-27T07:21:09.535-06:00</time>
<extensions>
<gpxtpx:TrackPointExtension>
<gpxtpx:speed>6.22</gpxtpx:speed>
</gpxtpx:TrackPointExtension>
<opentracks:accuracy_horizontal>4.111</opentracks:accuracy_horizontal></extensions>
</trkpt>
<trkpt lat="50.448133" lon="-104.480921">
<ele>569</ele>
<time>2026-07-27T07:21:11.534-06:00</time>
<extensions>
<gpxtpx:TrackPointExtension>
<gpxtpx:speed>6</gpxtpx:speed>
</gpxtpx:TrackPointExtension>
<opentracks:accuracy_horizontal>4.111</opentracks:accuracy_horizontal></extensions>
</trkpt>
<trkpt lat="50.448128" lon="-104.480753">
<ele>569.1</ele>
<time>2026-07-27T07:21:13.543-06:00</time>
<extensions>
<gpxtpx:TrackPointExtension>
<gpxtpx:speed>5.96</gpxtpx:speed>
</gpxtpx:TrackPointExtension>
<opentracks:accuracy_horizontal>4.11</opentracks:accuracy_horizontal></extensions>
</trkpt>
<trkpt lat="50.448125" lon="-104.480585">
<ele>568.9</ele>
<time>2026-07-27T07:21:15.55-06:00</time>
<extensions>
<gpxtpx:TrackPointExtension>
<gpxtpx:speed>6.06</gpxtpx:speed>
</gpxtpx:TrackPointExtension>
<opentracks:accuracy_horizontal>4.11</opentracks:accuracy_horizontal></extensions>
</trkpt>
<trkpt lat="50.448126" lon="-104.480417">
<ele>569.1</ele>
<time>2026-07-27T07:21:17.55-06:00</time>
<extensions>
<gpxtpx:TrackPointExtension>
<gpxtpx:speed>6.19</gpxtpx:speed>
</gpxtpx:TrackPointExtension>
<opentracks:accuracy_horizontal>4.11</opentracks:accuracy_horizontal></extensions>
</trkpt>
<trkpt lat="50.44813" lon="-104.480248">
<ele>569</ele>
<time>2026-07-27T07:21:19.539-06:00</time>
<extensions>
<gpxtpx:TrackPointExtension>
<gpxtpx:speed>6.15</gpxtpx:speed>
</gpxtpx:TrackPointExtension>
<opentracks:accuracy_horizontal>4.109</opentracks:accuracy_horizontal></extensions>
</trkpt>
<trkpt lat="50.448133" lon="-104.480075">
<ele>569.4</ele>
<time>2026-07-27T07:21:21.553-06:00</time>
<extensions>
<gpxtpx:TrackPointExtension>
<gpxtpx:speed>6.12</gpxtpx:speed>
</gpxtpx:TrackPointExtension>
<opentracks:accuracy_horizontal>4.109</opentracks:accuracy_horizontal></extensions>
</trkpt>
<trkpt lat="50.448139" lon="-104.479904">
<ele>569.1</ele>
<time>2026-07-27T07:21:23.548-06:00</time>
<extensions>
<gpxtpx:TrackPointExtension>
<gpxtpx:speed>5.78</gpxtpx:speed>
</gpxtpx:TrackPointExtension>
<opentracks:accuracy_horizontal>4.109</opentracks:accuracy_horizontal></extensions>
</trkpt>
<trkpt lat="50.448136" lon="-104.479744">
<ele>569.3</ele>
<time>2026-07-27T07:21:25.541-06:00</time>
<extensions>
<gpxtpx:TrackPointExtension>
<gpxtpx:speed>5.64</gpxtpx:speed>
</gpxtpx:TrackPointExtension>
<opentracks:accuracy_horizontal>4.108</opentracks:accuracy_horizontal></extensions>
</trkpt>
<trkpt lat="50.448131" lon="-104.479581">
<ele>569.9</ele>
<time>2026-07-27T07:21:27.542-06:00</time>
<extensions>
<gpxtpx:TrackPointExtension>
<gpxtpx:speed>6.01</gpxtpx:speed>
</gpxtpx:TrackPointExtension>
<opentracks:accuracy_horizontal>4.108</opentracks:accuracy_horizontal></extensions>
</trkpt>
<trkpt lat="50.448132" lon="-104.479422">
<ele>569.9</ele>
<time>2026-07-27T07:21:29.549-06:00</time>
<extensions>
<gpxtpx:TrackPointExtension>
<gpxtpx:speed>5.75</gpxtpx:speed>
</gpxtpx:TrackPointExtension>
<opentracks:accuracy_horizontal>4.108</opentracks:accuracy_horizontal></extensions>
</trkpt>
<trkpt lat="50.448132" lon="-104.479262">
<ele>569.9</ele>
<time>2026-07-27T07:21:31.54-06:00</time>
<extensions>
<gpxtpx:TrackPointExtension>
<gpxtpx:speed>5.63</gpxtpx:speed>
</gpxtpx:TrackPointExtension>
<opentracks:accuracy_horizontal>4.107</opentracks:accuracy_horizontal></extensions>
</trkpt>
<trkpt lat="50.448134" lon="-104.4791">
<ele>570.2</ele>
<time>2026-07-27T07:21:33.54-06:00</time>
<extensions>
<gpxtpx:TrackPointExtension>
<gpxtpx:speed>5.66</gpxtpx:speed>
</gpxtpx:TrackPointExtension>
<opentracks:accuracy_horizontal>4.107</opentracks:accuracy_horizontal></extensions>
</trkpt>
<trkpt lat="50.448136" lon="-104.478941">
<ele>570.3</ele>
<time>2026-07-27T07:21:35.544-06:00</time>
<extensions>
<gpxtpx:TrackPointExtension>
<gpxtpx:speed>5.72</gpxtpx:speed>
</gpxtpx:TrackPointExtension>
<opentracks:accuracy_horizontal>4.107</opentracks:accuracy_horizontal></extensions>
</trkpt>
<trkpt lat="50.448135" lon="-104.478781">
<ele>570.3</ele>
<time>2026-07-27T07:21:37.552-06:00</time>
<extensions>
<gpxtpx:TrackPointExtension>
<gpxtpx:speed>5.75</gpxtpx:speed>
</gpxtpx:TrackPointExtension>
<opentracks:accuracy_horizontal>4.106</opentracks:accuracy_horizontal></extensions>
</trkpt>
<trkpt lat="50.448136" lon="-104.478618">
<ele>570.3</ele>
<time>2026-07-27T07:21:39.543-06:00</time>
<extensions>
<gpxtpx:TrackPointExtension>
<gpxtpx:speed>5.84</gpxtpx:speed>
</gpxtpx:TrackPointExtension>
<opentracks:accuracy_horizontal>4.106</opentracks:accuracy_horizontal></extensions>
</trkpt>
<trkpt lat="50.448138" lon="-104.478447">
<ele>570.7</ele>
<time>2026-07-27T07:21:41.559-06:00</time>
<extensions>
<gpxtpx:TrackPointExtension>
<gpxtpx:speed>6.03</gpxtpx:speed>
</gpxtpx:TrackPointExtension>
<opentracks:accuracy_horizontal>4.106</opentracks:accuracy_horizontal></extensions>
</trkpt>
<trkpt lat="50.448142" lon="-104.478266">
<ele>570.7</ele>
<time>2026-07-27T07:21:43.533-06:00</time>
<extensions>
<gpxtpx:TrackPointExtension>
<gpxtpx:speed>6.61</gpxtpx:speed>
</gpxtpx:TrackPointExtension>
<opentracks:accuracy_horizontal>4.106</opentracks:accuracy_horizontal></extensions>
</trkpt>
<trkpt lat="50.448147" lon="-104.47808">
<ele>570.9</ele>
<time>2026-07-27T07:21:45.551-06:00</time>
<extensions>
<gpxtpx:TrackPointExtension>
<gpxtpx:speed>6.6</gpxtpx:speed>
</gpxtpx:TrackPointExtension>
<opentracks:accuracy_horizontal>4.105</opentracks:accuracy_horizontal></extensions>
</trkpt>
<trkpt lat="50.448139" lon="-104.477893">
<ele>570.7</ele>
<time>2026-07-27T07:21:47.543-06:00</time>
<extensions>
<gpxtpx:TrackPointExtension>
<gpxtpx:speed>6.68</gpxtpx:speed>
</gpxtpx:TrackPointExtension>
<opentracks:accuracy_horizontal>4.105</opentracks:accuracy_horizontal></extensions>
</trkpt>
<trkpt lat="50.448139" lon="-104.477704">
<ele>570.7</ele>
<time>2026-07-27T07:21:49.537-06:00</time>
<extensions>
<gpxtpx:TrackPointExtension>
<gpxtpx:speed>6.78</gpxtpx:speed>
</gpxtpx:TrackPointExtension>
<opentracks:accuracy_horizontal>4.105</opentracks:accuracy_horizontal></extensions>
</trkpt>
<trkpt lat="50.44814" lon="-104.477516">
<ele>570.8</ele>
<time>2026-07-27T07:21:51.547-06:00</time>
<extensions>
<gpxtpx:TrackPointExtension>
<gpxtpx:speed>6.76</gpxtpx:speed>
</gpxtpx:TrackPointExtension>
<opentracks:accuracy_horizontal>4.104</opentracks:accuracy_horizontal></extensions>
</trkpt>
<trkpt lat="50.448137" lon="-104.477326">
<ele>571</ele>
<time>2026-07-27T07:21:53.55-06:00</time>
<extensions>
<gpxtpx:TrackPointExtension>
<gpxtpx:speed>6.74</gpxtpx:speed>
</gpxtpx:TrackPointExtension>
<opentracks:accuracy_horizontal>4.104</opentracks:accuracy_horizontal></extensions>
</trkpt>
<trkpt lat="50.448141" lon="-104.477139">
<ele>571</ele>
<time>2026-07-27T07:21:55.545-06:00</time>
<extensions>
<gpxtpx:TrackPointExtension>
<gpxtpx:speed>6.67</gpxtpx:speed>
</gpxtpx:TrackPointExtension>
<opentracks:accuracy_horizontal>4.104</opentracks:accuracy_horizontal></extensions>
</trkpt>
<trkpt lat="50.448141" lon="-104.476952">
<ele>571</ele>
<time>2026-07-27T07:21:57.557-06:00</time>
<extensions>
<gpxtpx:TrackPointExtension>
<gpxtpx:speed>6.65</gpxtpx:speed>
</gpxtpx:TrackPointExtension>
<opentracks:accuracy_horizontal>4.103</opentracks:accuracy_horizontal></extensions>
</trkpt>
<trkpt lat="50.448136" lon="-104.476763">
<ele>570.8</ele>
<time>2026-07-27T07:21:59.537-06:00</time>
<extensions>
<gpxtpx:TrackPointExtension>
<gpxtpx:speed>6.76</gpxtpx:speed>
</gpxtpx:TrackPointExtension>
<opentracks:accuracy_horizontal>4.103</opentracks:accuracy_horizontal></extensions>
</trkpt>
<trkpt lat="50.448139" lon="-104.476573">
<ele>570.6</ele>
<time>2026-07-27T07:22:01.528-06:00</time>
<extensions>
<gpxtpx:TrackPointExtension>
<gpxtpx:speed>6.84</gpxtpx:speed>
</gpxtpx:TrackPointExtension>
<opentracks:accuracy_horizontal>4.103</opentracks:accuracy_horizontal></extensions>
</trkpt>
<trkpt lat="50.44814" lon="-104.476384">
<ele>570.4</ele>
<time>2026-07-27T07:22:03.552-06:00</time>
<extensions>
<gpxtpx:TrackPointExtension>
<gpxtpx:speed>6.58</gpxtpx:speed>
</gpxtpx:TrackPointExtension>
<opentracks:accuracy_horizontal>4.102</opentracks:accuracy_horizontal></extensions>
</trkpt>
<trkpt lat="50.448137" lon="-104.476202">
<ele>570.1</ele>
<time>2026-07-27T07:22:05.559-06:00</time>
<extensions>
<gpxtpx:TrackPointExtension>
<gpxtpx:speed>6.53</gpxtpx:speed>
</gpxtpx:TrackPointExtension>
<opentracks:accuracy_horizontal>4.102</opentracks:accuracy_horizontal></extensions>
</trkpt>
<trkpt lat="50.448141" lon="-104.476026">
<ele>570</ele>
<time>2026-07-27T07:22:07.543-06:00</time>
<extensions>
<gpxtpx:TrackPointExtension>
<gpxtpx:speed>6.14</gpxtpx:speed>
</gpxtpx:TrackPointExtension>
<opentracks:accuracy_horizontal>4.102</opentracks:accuracy_horizontal></extensions>
</trkpt>
<trkpt lat="50.448146" lon="-104.475865">
<ele>570.1</ele>
<time>2026-07-27T07:22:09.556-06:00</time>
<extensions>
<gpxtpx:TrackPointExtension>
<gpxtpx:speed>5.62</gpxtpx:speed>
</gpxtpx:TrackPointExtension>
<opentracks:accuracy_horizontal>4.102</opentracks:accuracy_horizontal></extensions>
</trkpt>
<trkpt lat="50.448143" lon="-104.475711">
<ele>570.1</ele>
<time>2026-07-27T07:22:11.56-06:00</time>
<extensions>
<gpxtpx:TrackPointExtension>
<gpxtpx:speed>5.25</gpxtpx:speed>
</gpxtpx:TrackPointExtension>
<opentracks:accuracy_horizontal>4.101</opentracks:accuracy_horizontal></extensions>
</trkpt>
<trkpt lat="50.44814" lon="-104.475569">
<ele>570</ele>
<time>2026-07-27T07:22:13.525-06:00</time>
<extensions>
<gpxtpx:TrackPointExtension>
<gpxtpx:speed>5.05</gpxtpx:speed>
</gpxtpx:TrackPointExtension>
<opentracks:accuracy_horizontal>4.101</opentracks:accuracy_horizontal></extensions>
</trkpt>
<trkpt lat="50.448144" lon="-104.475428">
<ele>570.1</ele>
<time>2026-07-27T07:22:15.541-06:00</time>
<extensions>
<gpxtpx:TrackPointExtension>
<gpxtpx:speed>5.26</gpxtpx:speed>
</gpxtpx:TrackPointExtension>
<opentracks:accuracy_horizontal>4.101</opentracks:accuracy_horizontal></extensions>
</trkpt>
<trkpt lat="50.448141" lon="-104.475282">
<ele>570.2</ele>
<time>2026-07-27T07:22:17.556-06:00</time>
<extensions>
<gpxtpx:TrackPointExtension>
<gpxtpx:speed>5.28</gpxtpx:speed>
</gpxtpx:TrackPointExtension>
<opentracks:accuracy_horizontal>4.1</opentracks:accuracy_horizontal></extensions>
</trkpt>
<trkpt lat="50.448144" lon="-104.47513">
<ele>570.4</ele>
<time>2026-07-27T07:22:19.558-06:00</time>
<extensions>
<gpxtpx:TrackPointExtension>
<gpxtpx:speed>5.45</gpxtpx:speed>
</gpxtpx:TrackPointExtension>
<opentracks:accuracy_horizontal>4.1</opentracks:accuracy_horizontal></extensions>
</trkpt>
<trkpt lat="50.448146" lon="-104.474976">
<ele>570.4</ele>
<time>2026-07-27T07:22:21.536-06:00</time>
<extensions>
<gpxtpx:TrackPointExtension>
<gpxtpx:speed>5.38</gpxtpx:speed>
</gpxtpx:TrackPointExtension>
<opentracks:accuracy_horizontal>4.1</opentracks:accuracy_horizontal></extensions>
</trkpt>
<trkpt lat="50.44815" lon="-104.474822">
<ele>570.5</ele>
<time>2026-07-27T07:22:23.543-06:00</time>
<extensions>
<gpxtpx:TrackPointExtension>
<gpxtpx:speed>5.39</gpxtpx:speed>
</gpxtpx:TrackPointExtension>
<opentracks:accuracy_horizontal>4.099</opentracks:accuracy_horizontal></extensions>
</trkpt>
<trkpt lat="50.448143" lon="-104.47468">
<ele>570.9</ele>
<time>2026-07-27T07:22:25.543-06:00</time>
<extensions>
<gpxtpx:TrackPointExtension>
<gpxtpx:speed>5.52</gpxtpx:speed>
</gpxtpx:TrackPointExtension>
<opentracks:accuracy_horizontal>4.099</opentracks:accuracy_horizontal></extensions>
</trkpt>
<trkpt lat="50.448145" lon="-104.474516">
<ele>571.3</ele>
<time>2026-07-27T07:22:27.53-06:00</time>
<extensions>
<gpxtpx:TrackPointExtension>
<gpxtpx:speed>5.77</gpxtpx:speed>
</gpxtpx:TrackPointExtension>
<opentracks:accuracy_horizontal>4.099</opentracks:accuracy_horizontal></extensions>
</trkpt>
<trkpt lat="50.448153" lon="-104.474357">
<ele>571.3</ele>
<time>2026-07-27T07:22:29.541-06:00</time>
<extensions>
<gpxtpx:TrackPointExtension>
<gpxtpx:speed>5.62</gpxtpx:speed>
</gpxtpx:TrackPointExtension>
<opentracks:accuracy_horizontal>4.098</opentracks:accuracy_horizontal></extensions>
</trkpt>
<trkpt lat="50.448153" lon="-104.474198">
<ele>571.4</ele>
<time>2026-07-27T07:22:31.557-06:00</time>
<extensions>
<gpxtpx:TrackPointExtension>
<gpxtpx:speed>5.66</gpxtpx:speed>
</gpxtpx:TrackPointExtension>
<opentracks:accuracy_horizontal>4.098</opentracks:accuracy_horizontal></extensions>
</trkpt>
<trkpt lat="50.448154" lon="-104.474035">
<ele>571.7</ele>
<time>2026-07-27T07:22:33.561-06:00</time>
<extensions>
<gpxtpx:TrackPointExtension>
<gpxtpx:speed>5.75</gpxtpx:speed>
</gpxtpx:TrackPointExtension>
<opentracks:accuracy_horizontal>4.098</opentracks:accuracy_horizontal></extensions>
</trkpt>
<trkpt lat="50.448158" lon="-104.473875">
<ele>572.2</ele>
<time>2026-07-27T07:22:35.55-06:00</time>
<extensions>
<gpxtpx:TrackPointExtension>
<gpxtpx:speed>5.71</gpxtpx:speed>
</gpxtpx:TrackPointExtension>
<opentracks:accuracy_horizontal>4.097</opentracks:accuracy_horizontal></extensions>
</trkpt>
<trkpt lat="50.44816" lon="-104.473711">
<ele>572.4</ele>
<time>2026-07-27T07:22:37.559-06:00</time>
<extensions>
<gpxtpx:TrackPointExtension>
<gpxtpx:speed>5.95</gpxtpx:speed>
</gpxtpx:TrackPointExtension>
<opentracks:accuracy_horizontal>4.097</opentracks:accuracy_horizontal></extensions>
</trkpt>
<trkpt lat="50.448162" lon="-104.473545">
<ele>572.4</ele>
<time>2026-07-27T07:22:39.546-06:00</time>
<extensions>
<gpxtpx:TrackPointExtension>
<gpxtpx:speed>5.96</gpxtpx:speed>
</gpxtpx:TrackPointExtension>
<opentracks:accuracy_horizontal>4.097</opentracks:accuracy_horizontal></extensions>
</trkpt>
<trkpt lat="50.448164" lon="-104.473381">
<ele>572.4</ele>
<time>2026-07-27T07:22:41.551-06:00</time>
<extensions>
<gpxtpx:TrackPointExtension>
<gpxtpx:speed>5.88</gpxtpx:speed>
</gpxtpx:TrackPointExtension>
<opentracks:accuracy_horizontal>4.097</opentracks:accuracy_horizontal></extensions>
</trkpt>
<trkpt lat="50.448163" lon="-104.473219">
<ele>572.4</ele>
<time>2026-07-27T07:22:43.546-06:00</time>
<extensions>
<gpxtpx:TrackPointExtension>
<gpxtpx:speed>5.88</gpxtpx:speed>
</gpxtpx:TrackPointExtension>
<opentracks:accuracy_horizontal>4.096</opentracks:accuracy_horizontal></extensions>
</trkpt>
<trkpt lat="50.448164" lon="-104.473057">
<ele>572.3</ele>
<time>2026-07-27T07:22:45.552-06:00</time>
<extensions>
<gpxtpx:TrackPointExtension>
<gpxtpx:speed>5.85</gpxtpx:speed>
</gpxtpx:TrackPointExtension>
<opentracks:accuracy_horizontal>4.096</opentracks:accuracy_horizontal></extensions>
</trkpt>
<trkpt lat="50.448167" lon="-104.472895">
<ele>572.4</ele>
<time>2026-07-27T07:22:47.555-06:00</time>
<extensions>
<gpxtpx:TrackPointExtension>
<gpxtpx:speed>5.73</gpxtpx:speed>
</gpxtpx:TrackPointExtension>
<opentracks:accuracy_horizontal>4.096</opentracks:accuracy_horizontal></extensions>
</trkpt>
<trkpt lat="50.448164" lon="-104.472736">
<ele>572.2</ele>
<time>2026-07-27T07:22:49.548-06:00</time>
<extensions>
<gpxtpx:TrackPointExtension>
<gpxtpx:speed>5.74</gpxtpx:speed>
</gpxtpx:TrackPointExtension>
<opentracks:accuracy_horizontal>4.095</opentracks:accuracy_horizontal></extensions>
</trkpt>
<trkpt lat="50.448163" lon="-104.472575">
<ele>572.1</ele>
<time>2026-07-27T07:22:51.55-06:00</time>
<extensions>
<gpxtpx:TrackPointExtension>
<gpxtpx:speed>5.88</gpxtpx:speed>
</gpxtpx:TrackPointExtension>
<opentracks:accuracy_horizontal>4.095</opentracks:accuracy_horizontal></extensions>
</trkpt>
<trkpt lat="50.448165" lon="-104.472412">
<ele>572</ele>
<time>2026-07-27T07:22:53.54-06:00</time>
<extensions>
<gpxtpx:TrackPointExtension>
<gpxtpx:speed>5.81</gpxtpx:speed>
</gpxtpx:TrackPointExtension>
<opentracks:accuracy_horizontal>4.095</opentracks:accuracy_horizontal></extensions>
</trkpt>
<trkpt lat="50.448168" lon="-104.472249">
<ele>571.9</ele>
<time>2026-07-27T07:22:55.557-06:00</time>
<extensions>
<gpxtpx:TrackPointExtension>
<gpxtpx:speed>5.87</gpxtpx:speed>
</gpxtpx:TrackPointExtension>
<opentracks:accuracy_horizontal>4.094</opentracks:accuracy_horizontal></extensions>
</trkpt>
<trkpt lat="50.448166" lon="-104.472084">
<ele>572.1</ele>
<time>2026-07-27T07:22:57.538-06:00</time>
<extensions>
<gpxtpx:TrackPointExtension>
<gpxtpx:speed>5.91</gpxtpx:speed>
</gpxtpx:TrackPointExtension>
<opentracks:accuracy_horizontal>4.094</opentracks:accuracy_horizontal></extensions>
</trkpt>
<trkpt lat="50.448168" lon="-104.471917">
<ele>572.1</ele>
<time>2026-07-27T07:22:59.544-06:00</time>
<extensions>
<gpxtpx:TrackPointExtension>
<gpxtpx:speed>5.91</gpxtpx:speed>
</gpxtpx:TrackPointExtension>
<opentracks:accuracy_horizontal>4.094</opentracks:accuracy_horizontal></extensions>
</trkpt>
<trkpt lat="50.448168" lon="-104.471751">
<ele>572</ele>
<time>2026-07-27T07:23:01.554-06:00</time>
<extensions>
<gpxtpx:TrackPointExtension>
<gpxtpx:speed>5.89</gpxtpx:speed>
</gpxtpx:TrackPointExtension>
<opentracks:accuracy_horizontal>4.093</opentracks:accuracy_horizontal></extensions>
</trkpt>
<trkpt lat="50.448171" lon="-104.471581">
<ele>572.2</ele>
<time>2026-07-27T07:23:03.547-06:00</time>
<extensions>
<gpxtpx:TrackPointExtension>
<gpxtpx:speed>6.2</gpxtpx:speed>
</gpxtpx:TrackPointExtension>
<opentracks:accuracy_horizontal>4.093</opentracks:accuracy_horizontal></extensions>
</trkpt>
<trkpt lat="50.448172" lon="-104.471407">
<ele>572</ele>
<time>2026-07-27T07:23:05.547-06:00</time>
<extensions>
<gpxtpx:TrackPointExtension>
<gpxtpx:speed>6.24</gpxtpx:speed>
</gpxtpx:TrackPointExtension>
<opentracks:accuracy_horizontal>4.093</opentracks:accuracy_horizontal></extensions>
</trkpt>
<trkpt lat="50.448174" lon="-104.471227">
<ele>572.2</ele>
<time>2026-07-27T07:23:07.541-06:00</time>
<extensions>
<gpxtpx:TrackPointExtension>
<gpxtpx:speed>6.53</gpxtpx:speed>
</gpxtpx:TrackPointExtension>
<opentracks:accuracy_horizontal>4.093</opentracks:accuracy_horizontal></extensions>
</trkpt>
<trkpt lat="50.448169" lon="-104.471039">
<ele>571.9</ele>
<time>2026-07-27T07:23:09.543-06:00</time>
<extensions>
<gpxtpx:TrackPointExtension>
<gpxtpx:speed>6.35</gpxtpx:speed>
</gpxtpx:TrackPointExtension>
<opentracks:accuracy_horizontal>4.092</opentracks:accuracy_horizontal></extensions>
</trkpt>
<trkpt lat="50.448166" lon="-104.470862">
<ele>571.8</ele>
<time>2026-07-27T07:23:11.56-06:00</time>
<extensions>
<gpxtpx:TrackPointExtension>
<gpxtpx:speed>6.75</gpxtpx:speed>
</gpxtpx:TrackPointExtension>
<opentracks:accuracy_horizontal>4.092</opentracks:accuracy_horizontal></extensions>
</trkpt>
<trkpt lat="50.448164" lon="-104.470669">
<ele>571.8</ele>
<time>2026-07-27T07:23:13.546-06:00</time>
<extensions>
<gpxtpx:TrackPointExtension>
<gpxtpx:speed>6.74</gpxtpx:speed>
</gpxtpx:TrackPointExtension>
<opentracks:accuracy_horizontal>4.092</opentracks:accuracy_horizontal></extensions>
</trkpt>
<trkpt lat="50.448162" lon="-104.470474">
<ele>571.6</ele>
<time>2026-07-27T07:23:15.552-06:00</time>
<extensions>
<gpxtpx:TrackPointExtension>
<gpxtpx:speed>6.7</gpxtpx:speed>
</gpxtpx:TrackPointExtension>
<opentracks:accuracy_horizontal>4.091</opentracks:accuracy_horizontal></extensions>
</trkpt>
<trkpt lat="50.448164" lon="-104.470284">
<ele>571.4</ele>
<time>2026-07-27T07:23:17.541-06:00</time>
<extensions>
<gpxtpx:TrackPointExtension>
<gpxtpx:speed>6.75</gpxtpx:speed>
</gpxtpx:TrackPointExtension>
<opentracks:accuracy_horizontal>4.091</opentracks:accuracy_horizontal></extensions>
</trkpt>
<trkpt lat="50.448163" lon="-104.470093">
<ele>571.4</ele>
<time>2026-07-27T07:23:19.554-06:00</time>
<extensions>
<gpxtpx:TrackPointExtension>
<gpxtpx:speed>6.76</gpxtpx:speed>
</gpxtpx:TrackPointExtension>
<opentracks:accuracy_horizontal>4.091</opentracks:accuracy_horizontal></extensions>
</trkpt>
<trkpt lat="50.448171" lon="-104.469906">
<ele>571.3</ele>
<time>2026-07-27T07:23:21.557-06:00</time>
<extensions>
<gpxtpx:TrackPointExtension>
<gpxtpx:speed>6.63</gpxtpx:speed>
</gpxtpx:TrackPointExtension>
<opentracks:accuracy_horizontal>4.09</opentracks:accuracy_horizontal></extensions>
</trkpt>
<trkpt lat="50.448182" lon="-104.469723">
<ele>571</ele>
<time>2026-07-27T07:23:23.557-06:00</time>
<extensions>
<gpxtpx:TrackPointExtension>
<gpxtpx:speed>6.63</gpxtpx:speed>
</gpxtpx:TrackPointExtension>
<opentracks:accuracy_horizontal>4.09</opentracks:accuracy_horizontal></extensions>
</trkpt>
<trkpt lat="50.448182" lon="-104.469561">
<ele>571.3</ele>
<time>2026-07-27T07:23:25.55-06:00</time>
<extensions>
<gpxtpx:TrackPointExtension>
<gpxtpx:speed>6.63</gpxtpx:speed>
</gpxtpx:TrackPointExtension>
<opentracks:accuracy_horizontal>4.09</opentracks:accuracy_horizontal></extensions>
</trkpt>
<trkpt lat="50.448175" lon="-104.469367">
<ele>571.7</ele>
<time>2026-07-27T07:23:27.55-06:00</time>
<extensions>
<gpxtpx:TrackPointExtension>
<gpxtpx:speed>6.3</gpxtpx:speed>
</gpxtpx:TrackPointExtension>
<opentracks:accuracy_horizontal>4.089</opentracks:accuracy_horizontal></extensions>
</trkpt>
<trkpt lat="50.448177" lon="-104.469189">
<ele>572</ele>
<time>2026-07-27T07:23:29.56-06:00</time>
<extensions>
<gpxtpx:TrackPointExtension>
<gpxtpx:speed>5.86</gpxtpx:speed>
</gpxtpx:TrackPointExtension>
<opentracks:accuracy_horizontal>4.089</opentracks:accuracy_horizontal></extensions>
</trkpt>
<trkpt lat="50.448177" lon="-104.469031">
<ele>572.2</ele>
<time>2026-07-27T07:23:31.53-06:00</time>
<extensions>
<gpxtpx:TrackPointExtension>
<gpxtpx:speed>5.86</gpxtpx:speed>
</gpxtpx:TrackPointExtension>
<opentracks:accuracy_horizontal>4.089</opentracks:accuracy_horizontal></extensions>
</trkpt>
<trkpt lat="50.448181" lon="-104.468869">
<ele>572.2</ele>
<time>2026-07-27T07:23:33.539-06:00</time>
<extensions>
<gpxtpx:TrackPointExtension>
<gpxtpx:speed>5.99</gpxtpx:speed>
</gpxtpx:TrackPointExtension>
<opentracks:accuracy_horizontal>4.088</opentracks:accuracy_horizontal></extensions>
</trkpt>
<trkpt lat="50.448189" lon="-104.468704">
<ele>572.3</ele>
<time>2026-07-27T07:23:35.543-06:00</time>
<extensions>
<gpxtpx:TrackPointExtension>
<gpxtpx:speed>5.84</gpxtpx:speed>
</gpxtpx:TrackPointExtension>
<opentracks:accuracy_horizontal>4.088</opentracks:accuracy_horizontal></extensions>
</trkpt>
<trkpt lat="50.448202" lon="-104.468548">
<ele>572.3</ele>
<time>2026-07-27T07:23:37.558-06:00</time>
<extensions>
<gpxtpx:TrackPointExtension>
<gpxtpx:speed>5.67</gpxtpx:speed>
</gpxtpx:TrackPointExtension>
<opentracks:accuracy_horizontal>4.088</opentracks:accuracy_horizontal></extensions>
</trkpt>
<trkpt lat="50.448222" lon="-104.468391">
<ele>572.5</ele>
<time>2026-07-27T07:23:39.543-06:00</time>
<extensions>
<gpxtpx:TrackPointExtension>
<gpxtpx:speed>5.54</gpxtpx:speed>
</gpxtpx:TrackPointExtension>
<opentracks:accuracy_horizontal>3.638</opentracks:accuracy_horizontal></extensions>
</trkpt>
<trkpt lat="50.448241" lon="-104.468235">
<ele>572.5</ele>
<time>2026-07-27T07:23:41.545-06:00</time>
<extensions>
<gpxtpx:TrackPointExtension>
<gpxtpx:speed>5.48</gpxtpx:speed>
</gpxtpx:TrackPointExtension>
<opentracks:accuracy_horizontal>3.638</opentracks:accuracy_horizontal></extensions>
</trkpt>
<trkpt lat="50.448267" lon="-104.468089">
<ele>572.7</ele>
<time>2026-07-27T07:23:43.544-06:00</time>
<extensions>
<gpxtpx:TrackPointExtension>
<gpxtpx:speed>5.34</gpxtpx:speed>
</gpxtpx:TrackPointExtension>
<opentracks:accuracy_horizontal>3.638</opentracks:accuracy_horizontal></extensions>
</trkpt>
<trkpt lat="50.448295" lon="-104.467949">
<ele>572.9</ele>
<time>2026-07-27T07:23:45.533-06:00</time>
<extensions>
<gpxtpx:TrackPointExtension>
<gpxtpx:speed>5.27</gpxtpx:speed>
</gpxtpx:TrackPointExtension>
<opentracks:accuracy_horizontal>3.638</opentracks:accuracy_horizontal></extensions>
</trkpt>
<trkpt lat="50.448326" lon="-104.467813">
<ele>573.2</ele>
<time>2026-07-27T07:23:47.553-06:00</time>
<extensions>
<gpxtpx:TrackPointExtension>
<gpxtpx:speed>5.2</gpxtpx:speed>
</gpxtpx:TrackPointExtension>
<opentracks:accuracy_horizontal>3.638</opentracks:accuracy_horizontal></extensions>
</trkpt>
<trkpt lat="50.448372" lon="-104.467621">
<ele>573</ele>
<time>2026-07-27T07:23:50.548-06:00</time>
<extensions>
<gpxtpx:TrackPointExtension>
<gpxtpx:speed>5.06</gpxtpx:speed>
</gpxtpx:TrackPointExtension>
<opentracks:accuracy_horizontal>3.638</opentracks:accuracy_horizontal></extensions>
</trkpt>
<trkpt lat="50.448408" lon="-104.467486">
<ele>572.9</ele>
<time>2026-07-27T07:23:52.556-06:00</time>
<extensions>
<gpxtpx:TrackPointExtension>
<gpxtpx:speed>5.25</gpxtpx:speed>
</gpxtpx:TrackPointExtension>
<opentracks:accuracy_horizontal>3.638</opentracks:accuracy_horizontal></extensions>
</trkpt>
<trkpt lat="50.448451" lon="-104.467355">
<ele>572.8</ele>
<time>2026-07-27T07:23:54.552-06:00</time>
<extensions>
<gpxtpx:TrackPointExtension>
<gpxtpx:speed>5.17</gpxtpx:speed>
</gpxtpx:TrackPointExtension>
<opentracks:accuracy_horizontal>3.638</opentracks:accuracy_horizontal></extensions>
</trkpt>
<trkpt lat="50.448494" lon="-104.467228">
<ele>572.9</ele>
<time>2026-07-27T07:23:56.529-06:00</time>
<extensions>
<gpxtpx:TrackPointExtension>
<gpxtpx:speed>5.08</gpxtpx:speed>
</gpxtpx:TrackPointExtension>
<opentracks:accuracy_horizontal>3.638</opentracks:accuracy_horizontal></extensions>
</trkpt>
<trkpt lat="50.448559" lon="-104.467046">
<ele>572.8</ele>
<time>2026-07-27T07:23:59.552-06:00</time>
<extensions>
<gpxtpx:TrackPointExtension>
<gpxtpx:speed>5.18</gpxtpx:speed>
</gpxtpx:TrackPointExtension>
<opentracks:accuracy_horizontal>3.638</opentracks:accuracy_horizontal></extensions>
</trkpt>
<trkpt lat="50.448609" lon="-104.466921">
<ele>572.9</ele>
<time>2026-07-27T07:24:01.563-06:00</time>
<extensions>
<gpxtpx:TrackPointExtension>
<gpxtpx:speed>5.28</gpxtpx:speed>
</gpxtpx:TrackPointExtension>
<opentracks:accuracy_horizontal>3.638</opentracks:accuracy_horizontal></extensions>
</trkpt>
<trkpt lat="50.44866" lon="-104.466796">
<ele>573.1</ele>
<time>2026-07-27T07:24:03.551-06:00</time>
<extensions>
<gpxtpx:TrackPointExtension>
<gpxtpx:speed>5.39</gpxtpx:speed>
</gpxtpx:TrackPointExtension>
<opentracks:accuracy_horizontal>3.638</opentracks:accuracy_horizontal></extensions>
</trkpt>
<trkpt lat="50.448716" lon="-104.466666">
<ele>573.2</ele>
<time>2026-07-27T07:24:05.545-06:00</time>
<extensions>
<gpxtpx:TrackPointExtension>
<gpxtpx:speed>5.64</gpxtpx:speed>
</gpxtpx:TrackPointExtension>
<opentracks:accuracy_horizontal>3.638</opentracks:accuracy_horizontal></extensions>
</trkpt>
<trkpt lat="50.448771" lon="-104.466534">
<ele>573.3</ele>
<time>2026-07-27T07:24:07.554-06:00</time>
<extensions>
<gpxtpx:TrackPointExtension>
<gpxtpx:speed>5.71</gpxtpx:speed>
</gpxtpx:TrackPointExtension>
<opentracks:accuracy_horizontal>3.638</opentracks:accuracy_horizontal></extensions>
</trkpt>
<trkpt lat="50.448827" lon="-104.4664">
<ele>573.3</ele>
<time>2026-07-27T07:24:09.546-06:00</time>
<extensions>
<gpxtpx:TrackPointExtension>
<gpxtpx:speed>5.77</gpxtpx:speed>
</gpxtpx:TrackPointExtension>
<opentracks:accuracy_horizontal>3.638</opentracks:accuracy_horizontal></extensions>
</trkpt>
<trkpt lat="50.448886" lon="-104.466269">
<ele>573</ele>
<time>2026-07-27T07:24:11.549-06:00</time>
<extensions>
<gpxtpx:TrackPointExtension>
<gpxtpx:speed>5.85</gpxtpx:speed>
</gpxtpx:TrackPointExtension>
<opentracks:accuracy_horizontal>3.638</opentracks:accuracy_horizontal></extensions>
</trkpt>
<trkpt lat="50.448947" lon="-104.466137">
<ele>573.1</ele>
<time>2026-07-27T07:24:13.55-06:00</time>
<extensions>
<gpxtpx:TrackPointExtension>
<gpxtpx:speed>6.02</gpxtpx:speed>
</gpxtpx:TrackPointExtension>
<opentracks:accuracy_horizontal>3.638</opentracks:accuracy_horizontal></extensions>
</trkpt>
<trkpt lat="50.449004" lon="-104.465991">
<ele>573.1</ele>
<time>2026-07-27T07:24:15.551-06:00</time>
<extensions>
<gpxtpx:TrackPointExtension>
<gpxtpx:speed>6.03</gpxtpx:speed>
</gpxtpx:TrackPointExtension>
<opentracks:accuracy_horizontal>3.637</opentracks:accuracy_horizontal></extensions>
</trkpt>
<trkpt lat="50.449061" lon="-104.465847">
<ele>572.9</ele>
<time>2026-07-27T07:24:17.56-06:00</time>
<extensions>
<gpxtpx:TrackPointExtension>
<gpxtpx:speed>5.92</gpxtpx:speed>
</gpxtpx:TrackPointExtension>
<opentracks:accuracy_horizontal>3.637</opentracks:accuracy_horizontal></extensions>
</trkpt>
<trkpt lat="50.449121" lon="-104.465709">
<ele>572.7</ele>
<time>2026-07-27T07:24:19.557-06:00</time>
<extensions>
<gpxtpx:TrackPointExtension>
<gpxtpx:speed>5.88</gpxtpx:speed>
</gpxtpx:TrackPointExtension>
<opentracks:accuracy_horizontal>3.637</opentracks:accuracy_horizontal></extensions>
</trkpt>
<trkpt lat="50.449185" lon="-104.465578">
<ele>572.4</ele>
<time>2026-07-27T07:24:21.546-06:00</time>
<extensions>
<gpxtpx:TrackPointExtension>
<gpxtpx:speed>5.69</gpxtpx:speed>
</gpxtpx:TrackPointExtension>
<opentracks:accuracy_horizontal>3.637</opentracks:accuracy_horizontal></extensions>
</trkpt>
<trkpt lat="50.449241" lon="-104.46545">
<ele>571.9</ele>
<time>2026-07-27T07:24:23.55-06:00</time>
<extensions>
<gpxtpx:TrackPointExtension>
<gpxtpx:speed>5.51</gpxtpx:speed>
</gpxtpx:TrackPointExtension>
<opentracks:accuracy_horizontal>3.637</opentracks:accuracy_horizontal></extensions>
</trkpt>
<trkpt lat="50.449288" lon="-104.465325">
<ele>572.5</ele>
<time>2026-07-27T07:24:25.546-06:00</time>
<extensions>
<gpxtpx:TrackPointExtension>
<gpxtpx:speed>5.23</gpxtpx:speed>
</gpxtpx:TrackPointExtension>
<opentracks:accuracy_horizontal>3.637</opentracks:accuracy_horizontal></extensions>
</trkpt>
<trkpt lat="50.449335" lon="-104.465194">
<ele>572.4</ele>
<time>2026-07-27T07:24:27.547-06:00</time>
<extensions>
<gpxtpx:TrackPointExtension>
<gpxtpx:speed>5.48</gpxtpx:speed>
</gpxtpx:TrackPointExtension>
<opentracks:accuracy_horizontal>3.637</opentracks:accuracy_horizontal></extensions>
</trkpt>
<trkpt lat="50.449399" lon="-104.465074">
<ele>572.4</ele>
<time>2026-07-27T07:24:29.547-06:00</time>
<extensions>
<gpxtpx:TrackPointExtension>
<gpxtpx:speed>5.25</gpxtpx:speed>
</gpxtpx:TrackPointExtension>
<opentracks:accuracy_horizontal>3.637</opentracks:accuracy_horizontal></extensions>
</trkpt>
<trkpt lat="50.449453" lon="-104.464953">
<ele>572.5</ele>
<time>2026-07-27T07:24:31.543-06:00</time>
<extensions>
<gpxtpx:TrackPointExtension>
<gpxtpx:speed>5.31</gpxtpx:speed>
</gpxtpx:TrackPointExtension>
<opentracks:accuracy_horizontal>3.637</opentracks:accuracy_horizontal></extensions>
</trkpt>
<trkpt lat="50.4495" lon="-104.464831">
<ele>572.9</ele>
<time>2026-07-27T07:24:33.553-06:00</time>
<extensions>
<gpxtpx:TrackPointExtension>
<gpxtpx:speed>5.26</gpxtpx:speed>
</gpxtpx:TrackPointExtension>
<opentracks:accuracy_horizontal>3.637</opentracks:accuracy_horizontal></extensions>
</trkpt>
<trkpt lat="50.449553" lon="-104.464701">
<ele>573.3</ele>
<time>2026-07-27T07:24:35.554-06:00</time>
<extensions>
<gpxtpx:TrackPointExtension>
<gpxtpx:speed>5.5</gpxtpx:speed>
</gpxtpx:TrackPointExtension>
<opentracks:accuracy_horizontal>3.637</opentracks:accuracy_horizontal></extensions>
</trkpt>
<trkpt lat="50.449613" lon="-104.464577">
<ele>573.4</ele>
<time>2026-07-27T07:24:37.548-06:00</time>
<extensions>
<gpxtpx:TrackPointExtension>
<gpxtpx:speed>5.45</gpxtpx:speed>
</gpxtpx:TrackPointExtension>
<opentracks:accuracy_horizontal>3.637</opentracks:accuracy_horizontal></extensions>
</trkpt>
<trkpt lat="50.449672" lon="-104.464455">
<ele>573.5</ele>
<time>2026-07-27T07:24:39.554-06:00</time>
<extensions>
<gpxtpx:TrackPointExtension>
<gpxtpx:speed>5.43</gpxtpx:speed>
</gpxtpx:TrackPointExtension>
<opentracks:accuracy_horizontal>3.637</opentracks:accuracy_horizontal></extensions>
</trkpt>
<trkpt lat="50.44972" lon="-104.464323">
<ele>573.6</ele>
<time>2026-07-27T07:24:41.557-06:00</time>
<extensions>
<gpxtpx:TrackPointExtension>
<gpxtpx:speed>5.46</gpxtpx:speed>
</gpxtpx:TrackPointExtension>
<opentracks:accuracy_horizontal>3.637</opentracks:accuracy_horizontal></extensions>
</trkpt>
<trkpt lat="50.449773" lon="-104.464192">
<ele>573.7</ele>
<time>2026-07-27T07:24:43.555-06:00</time>
<extensions>
<gpxtpx:TrackPointExtension>
<gpxtpx:speed>5.5</gpxtpx:speed>
</gpxtpx:TrackPointExtension>
<opentracks:accuracy_horizontal>3.637</opentracks:accuracy_horizontal></extensions>
</trkpt>
<trkpt lat="50.449826" lon="-104.464072">
<ele>574</ele>
<time>2026-07-27T07:24:45.566-06:00</time>
<extensions>
<gpxtpx:TrackPointExtension>
<gpxtpx:speed>5.2</gpxtpx:speed>
</gpxtpx:TrackPointExtension>
<opentracks:accuracy_horizontal>3.637</opentracks:accuracy_horizontal></extensions>
</trkpt>
<trkpt lat="50.449881" lon="-104.463954">
<ele>574</ele>
<time>2026-07-27T07:24:47.559-06:00</time>
<extensions>
<gpxtpx:TrackPointExtension>
<gpxtpx:speed>4.99</gpxtpx:speed>
</gpxtpx:TrackPointExtension>
<opentracks:accuracy_horizontal>3.637</opentracks:accuracy_horizontal></extensions>
</trkpt>
<trkpt lat="50.449959" lon="-104.463782">
<ele>574</ele>
<time>2026-07-27T07:24:50.552-06:00</time>
<extensions>
<gpxtpx:TrackPointExtension>
<gpxtpx:speed>4.97</gpxtpx:speed>
</gpxtpx:TrackPointExtension>
<opentracks:accuracy_horizontal>3.637</opentracks:accuracy_horizontal></extensions>
</trkpt>
<trkpt lat="50.45003" lon="-104.463603">
<ele>573.5</ele>
<time>2026-07-27T07:24:53.547-06:00</time>
<extensions>
<gpxtpx:TrackPointExtension>
<gpxtpx:speed>5.17</gpxtpx:speed>
</gpxtpx:TrackPointExtension>
<opentracks:accuracy_horizontal>3.637</opentracks:accuracy_horizontal></extensions>
</trkpt>
<trkpt lat="50.450081" lon="-104.463472">
<ele>573.4</ele>
<time>2026-07-27T07:24:55.552-06:00</time>
<extensions>
<gpxtpx:TrackPointExtension>
<gpxtpx:speed>5.36</gpxtpx:speed>
</gpxtpx:TrackPointExtension>
<opentracks:accuracy_horizontal>3.637</opentracks:accuracy_horizontal></extensions>
</trkpt>
<trkpt lat="50.450132" lon="-104.463335">
<ele>573.2</ele>
<time>2026-07-27T07:24:57.553-06:00</time>
<extensions>
<gpxtpx:TrackPointExtension>
<gpxtpx:speed>5.56</gpxtpx:speed>
</gpxtpx:TrackPointExtension>
<opentracks:accuracy_horizontal>3.637</opentracks:accuracy_horizontal></extensions>
</trkpt>
<trkpt lat="50.450183" lon="-104.463198">
<ele>573.3</ele>
<time>2026-07-27T07:24:59.541-06:00</time>
<extensions>
<gpxtpx:TrackPointExtension>
<gpxtpx:speed>5.63</gpxtpx:speed>
</gpxtpx:TrackPointExtension>
<opentracks:accuracy_horizontal>3.637</opentracks:accuracy_horizontal></extensions>
</trkpt>
<trkpt lat="50.450228" lon="-104.463054">
<ele>573.6</ele>
<time>2026-07-27T07:25:01.528-06:00</time>
<extensions>
<gpxtpx:TrackPointExtension>
<gpxtpx:speed>5.61</gpxtpx:speed>
</gpxtpx:TrackPointExtension>
<opentracks:accuracy_horizontal>3.637</opentracks:accuracy_horizontal></extensions>
</trkpt>
<trkpt lat="50.45027" lon="-104.462919">
<ele>573.7</ele>
<time>2026-07-27T07:25:03.535-06:00</time>
<extensions>
<gpxtpx:TrackPointExtension>
<gpxtpx:speed>5.31</gpxtpx:speed>
</gpxtpx:TrackPointExtension>
<opentracks:accuracy_horizontal>3.636</opentracks:accuracy_horizontal></extensions>
</trkpt>
<trkpt lat="50.45031" lon="-104.462786">
<ele>573.6</ele>
<time>2026-07-27T07:25:05.563-06:00</time>
<extensions>
<gpxtpx:TrackPointExtension>
<gpxtpx:speed>5.26</gpxtpx:speed>
</gpxtpx:TrackPointExtension>
<opentracks:accuracy_horizontal>3.636</opentracks:accuracy_horizontal></extensions>
</trkpt>
<trkpt lat="50.450345" lon="-104.462649">
<ele>573.5</ele>
<time>2026-07-27T07:25:07.547-06:00</time>
<extensions>
<gpxtpx:TrackPointExtension>
<gpxtpx:speed>5.24</gpxtpx:speed>
</gpxtpx:TrackPointExtension>
<opentracks:accuracy_horizontal>3.636</opentracks:accuracy_horizontal></extensions>
</trkpt>
<trkpt lat="50.450378" lon="-104.46251">
<ele>573.4</ele>
<time>2026-07-27T07:25:09.549-06:00</time>
<extensions>
<gpxtpx:TrackPointExtension>
<gpxtpx:speed>5.38</gpxtpx:speed>
</gpxtpx:TrackPointExtension>
<opentracks:accuracy_horizontal>3.636</opentracks:accuracy_horizontal></extensions>
</trkpt>
<trkpt lat="50.450402" lon="-104.462367">
<ele>573.7</ele>
<time>2026-07-27T07:25:11.553-06:00</time>
<extensions>
<gpxtpx:TrackPointExtension>
<gpxtpx:speed>5.45</gpxtpx:speed>
</gpxtpx:TrackPointExtension>
<opentracks:accuracy_horizontal>3.636</opentracks:accuracy_horizontal></extensions>
</trkpt>
<trkpt lat="50.450418" lon="-104.462213">
<ele>573.8</ele>
<time>2026-07-27T07:25:13.548-06:00</time>
<extensions>
<gpxtpx:TrackPointExtension>
<gpxtpx:speed>5.57</gpxtpx:speed>
</gpxtpx:TrackPointExtension>
<opentracks:accuracy_horizontal>3.636</opentracks:accuracy_horizontal></extensions>
</trkpt>
<trkpt lat="50.450437" lon="-104.46206">
<ele>573.8</ele>
<time>2026-07-27T07:25:15.537-06:00</time>
<extensions>
<gpxtpx:TrackPointExtension>
<gpxtpx:speed>5.59</gpxtpx:speed>
</gpxtpx:TrackPointExtension>
<opentracks:accuracy_horizontal>3.636</opentracks:accuracy_horizontal></extensions>
</trkpt>
<trkpt lat="50.450454" lon="-104.46191">
<ele>574.4</ele>
<time>2026-07-27T07:25:17.545-06:00</time>
<extensions>
<gpxtpx:TrackPointExtension>
<gpxtpx:speed>5.31</gpxtpx:speed>
</gpxtpx:TrackPointExtension>
<opentracks:accuracy_horizontal>3.636</opentracks:accuracy_horizontal></extensions>
</trkpt>
<trkpt lat="50.450471" lon="-104.461767">
<ele>574.7</ele>
<time>2026-07-27T07:25:19.539-06:00</time>
<extensions>
<gpxtpx:TrackPointExtension>
<gpxtpx:speed>5.2</gpxtpx:speed>
</gpxtpx:TrackPointExtension>
<opentracks:accuracy_horizontal>3.636</opentracks:accuracy_horizontal></extensions>
</trkpt>
<trkpt lat="50.450487" lon="-104.461622">
<ele>575.2</ele>
<time>2026-07-27T07:25:21.553-06:00</time>
<extensions>
<gpxtpx:TrackPointExtension>
<gpxtpx:speed>5.3</gpxtpx:speed>
</gpxtpx:TrackPointExtension>
<opentracks:accuracy_horizontal>3.636</opentracks:accuracy_horizontal></extensions>
</trkpt>
<trkpt lat="50.450493" lon="-104.461462">
<ele>575.2</ele>
<time>2026-07-27T07:25:23.557-06:00</time>
<extensions>
<gpxtpx:TrackPointExtension>
<gpxtpx:speed>5.43</gpxtpx:speed>
</gpxtpx:TrackPointExtension>
<opentracks:accuracy_horizontal>3.636</opentracks:accuracy_horizontal></extensions>
</trkpt>
<trkpt lat="50.450491" lon="-104.461311">
<ele>575.5</ele>
<time>2026-07-27T07:25:25.549-06:00</time>
<extensions>
<gpxtpx:TrackPointExtension>
<gpxtpx:speed>6.13</gpxtpx:speed>
</gpxtpx:TrackPointExtension>
<opentracks:accuracy_horizontal>3.636</opentracks:accuracy_horizontal></extensions>
</trkpt>
<trkpt lat="50.450487" lon="-104.461146">
<ele>576.1</ele>
<time>2026-07-27T07:25:27.544-06:00</time>
<extensions>
<gpxtpx:TrackPointExtension>
<gpxtpx:speed>5.73</gpxtpx:speed>
</gpxtpx:TrackPointExtension>
<opentracks:accuracy_horizontal>3.636</opentracks:accuracy_horizontal></extensions>
</trkpt>
<trkpt lat="50.450492" lon="-104.460983">
<ele>576.2</ele>
<time>2026-07-27T07:25:29.545-06:00</time>
<extensions>
<gpxtpx:TrackPointExtension>
<gpxtpx:speed>5.47</gpxtpx:speed>
</gpxtpx:TrackPointExtension>
<opentracks:accuracy_horizontal>3.636</opentracks:accuracy_horizontal></extensions>
</trkpt>
<trkpt lat="50.450498" lon="-104.460834">
<ele>576.2</ele>
<time>2026-07-27T07:25:31.541-06:00</time>
<extensions>
<gpxtpx:TrackPointExtension>
<gpxtpx:speed>5.52</gpxtpx:speed>
</gpxtpx:TrackPointExtension>
<opentracks:accuracy_horizontal>3.636</opentracks:accuracy_horizontal></extensions>
</trkpt>
<trkpt lat="50.450496" lon="-104.460684">
<ele>576.3</ele>
<time>2026-07-27T07:25:33.535-06:00</time>
<extensions>
<gpxtpx:TrackPointExtension>
<gpxtpx:speed>5.52</gpxtpx:speed>
</gpxtpx:TrackPointExtension>
<opentracks:accuracy_horizontal>3.636</opentracks:accuracy_horizontal></extensions>
</trkpt>
<trkpt lat="50.450489" lon="-104.460528">
<ele>576.4</ele>
<time>2026-07-27T07:25:35.553-06:00</time>
<extensions>
<gpxtpx:TrackPointExtension>
<gpxtpx:speed>5.15</gpxtpx:speed>
</gpxtpx:TrackPointExtension>
<opentracks:accuracy_horizontal>3.636</opentracks:accuracy_horizontal></extensions>
</trkpt>
<trkpt lat="50.450498" lon="-104.460331">
<ele>576</ele>
<time>2026-07-27T07:25:38.546-06:00</time>
<extensions>
<gpxtpx:TrackPointExtension>
<gpxtpx:speed>4.58</gpxtpx:speed>
</gpxtpx:TrackPointExtension>
<opentracks:accuracy_horizontal>3.636</opentracks:accuracy_horizontal></extensions>
</trkpt>
<trkpt lat="50.450487" lon="-104.460138">
<ele>575.6</ele>
<time>2026-07-27T07:25:41.558-06:00</time>
<extensions>
<gpxtpx:TrackPointExtension>
<gpxtpx:speed>4.61</gpxtpx:speed>
</gpxtpx:TrackPointExtension>
<opentracks:accuracy_horizontal>3.636</opentracks:accuracy_horizontal></extensions>
</trkpt>
<trkpt lat="50.450486" lon="-104.459928">
<ele>575.6</ele>
<time>2026-07-27T07:25:44.56-06:00</time>
<extensions>
<gpxtpx:TrackPointExtension>
<gpxtpx:speed>5.17</gpxtpx:speed>
</gpxtpx:TrackPointExtension>
<opentracks:accuracy_horizontal>3.636</opentracks:accuracy_horizontal></extensions>
</trkpt>
<trkpt lat="50.450491" lon="-104.459782">
<ele>575.8</ele>
<time>2026-07-27T07:25:46.525-06:00</time>
<extensions>
<gpxtpx:TrackPointExtension>
<gpxtpx:speed>5.05</gpxtpx:speed>
</gpxtpx:TrackPointExtension>
<opentracks:accuracy_horizontal>3.636</opentracks:accuracy_horizontal></extensions>
</trkpt>
<trkpt lat="50.450496" lon="-104.459635">
<ele>575.9</ele>
<time>2026-07-27T07:25:48.539-06:00</time>
<extensions>
<gpxtpx:TrackPointExtension>
<gpxtpx:speed>5.18</gpxtpx:speed>
</gpxtpx:TrackPointExtension>
<opentracks:accuracy_horizontal>3.636</opentracks:accuracy_horizontal></extensions>
</trkpt>
<trkpt lat="50.450494" lon="-104.459483">
<ele>576.1</ele>
<time>2026-07-27T07:25:50.542-06:00</time>
<extensions>
<gpxtpx:TrackPointExtension>
<gpxtpx:speed>5.27</gpxtpx:speed>
</gpxtpx:TrackPointExtension>
<opentracks:accuracy_horizontal>3.636</opentracks:accuracy_horizontal></extensions>
</trkpt>
<trkpt lat="50.450492" lon="-104.459329">
<ele>576.6</ele>
<time>2026-07-27T07:25:52.563-06:00</time>
<extensions>
<gpxtpx:TrackPointExtension>
<gpxtpx:speed>5.39</gpxtpx:speed>
</gpxtpx:TrackPointExtension>
<opentracks:accuracy_horizontal>3.635</opentracks:accuracy_horizontal></extensions>
</trkpt>
<trkpt lat="50.450491" lon="-104.459173">
<ele>577.2</ele>
<time>2026-07-27T07:25:54.544-06:00</time>
<extensions>
<gpxtpx:TrackPointExtension>
<gpxtpx:speed>5.53</gpxtpx:speed>
</gpxtpx:TrackPointExtension>
<opentracks:accuracy_horizontal>3.635</opentracks:accuracy_horizontal></extensions>
</trkpt>
<trkpt lat="50.450493" lon="-104.459016">
<ele>577.4</ele>
<time>2026-07-27T07:25:56.563-06:00</time>
<extensions>
<gpxtpx:TrackPointExtension>
<gpxtpx:speed>5.74</gpxtpx:speed>
</gpxtpx:TrackPointExtension>
<opentracks:accuracy_horizontal>3.635</opentracks:accuracy_horizontal></extensions>
</trkpt>
<trkpt lat="50.450494" lon="-104.458857">
<ele>577.4</ele>
<time>2026-07-27T07:25:58.557-06:00</time>
<extensions>
<gpxtpx:TrackPointExtension>
<gpxtpx:speed>5.58</gpxtpx:speed>
</gpxtpx:TrackPointExtension>
<opentracks:accuracy_horizontal>3.635</opentracks:accuracy_horizontal></extensions>
</trkpt>
<trkpt lat="50.450499" lon="-104.458706">
<ele>577.4</ele>
<time>2026-07-27T07:26:00.548-06:00</time>
<extensions>
<gpxtpx:TrackPointExtension>
<gpxtpx:speed>5.24</gpxtpx:speed>
</gpxtpx:TrackPointExtension>
<opentracks:accuracy_horizontal>3.635</opentracks:accuracy_horizontal></extensions>
</trkpt>
<trkpt lat="50.450501" lon="-104.458563">
<ele>577.4</ele>
<time>2026-07-27T07:26:02.546-06:00</time>
<extensions>
<gpxtpx:TrackPointExtension>
<gpxtpx:speed>5.2</gpxtpx:speed>
</gpxtpx:TrackPointExtension>
<opentracks:accuracy_horizontal>3.635</opentracks:accuracy_horizontal></extensions>
</trkpt>
<trkpt lat="50.450511" lon="-104.458356">
<ele>577.7</ele>
<time>2026-07-27T07:26:05.56-06:00</time>
<extensions>
<gpxtpx:TrackPointExtension>
<gpxtpx:speed>4.84</gpxtpx:speed>
</gpxtpx:TrackPointExtension>
<opentracks:accuracy_horizontal>3.635</opentracks:accuracy_horizontal></extensions>
</trkpt>
<trkpt lat="50.450509" lon="-104.458155">
<ele>577.5</ele>
<time>2026-07-27T07:26:08.551-06:00</time>
<extensions>
<gpxtpx:TrackPointExtension>
<gpxtpx:speed>4.6</gpxtpx:speed>
</gpxtpx:TrackPointExtension>
<opentracks:accuracy_horizontal>3.635</opentracks:accuracy_horizontal></extensions>
</trkpt>
<trkpt lat="50.4505" lon="-104.457965">
<ele>576.9</ele>
<time>2026-07-27T07:26:11.55-06:00</time>
<extensions>
<gpxtpx:TrackPointExtension>
<gpxtpx:speed>4.42</gpxtpx:speed>
</gpxtpx:TrackPointExtension>
<opentracks:accuracy_horizontal>3.635</opentracks:accuracy_horizontal></extensions>
</trkpt>
<trkpt lat="50.450504" lon="-104.457791">
<ele>576.8</ele>
<time>2026-07-27T07:26:14.556-06:00</time>
<extensions>
<gpxtpx:TrackPointExtension>
<gpxtpx:speed>4.12</gpxtpx:speed>
</gpxtpx:TrackPointExtension>
<opentracks:accuracy_horizontal>3.635</opentracks:accuracy_horizontal></extensions>
</trkpt>
<trkpt lat="50.450501" lon="-104.457615">
<ele>576.8</ele>
<time>2026-07-27T07:26:17.545-06:00</time>
<extensions>
<gpxtpx:TrackPointExtension>
<gpxtpx:speed>4.18</gpxtpx:speed>
</gpxtpx:TrackPointExtension>
<opentracks:accuracy_horizontal>3.635</opentracks:accuracy_horizontal></extensions>
</trkpt>
<trkpt lat="50.450504" lon="-104.457429">
<ele>577</ele>
<time>2026-07-27T07:26:20.513-06:00</time>
<extensions>
<gpxtpx:TrackPointExtension>
<gpxtpx:speed>4.99</gpxtpx:speed>
</gpxtpx:TrackPointExtension>
<opentracks:accuracy_horizontal>3.635</opentracks:accuracy_horizontal></extensions>
</trkpt>
<trkpt lat="50.450503" lon="-104.457276">
<ele>576.8</ele>
<time>2026-07-27T07:26:22.536-06:00</time>
<extensions>
<gpxtpx:TrackPointExtension>
<gpxtpx:speed>5.4</gpxtpx:speed>
</gpxtpx:TrackPointExtension>
<opentracks:accuracy_horizontal>3.635</opentracks:accuracy_horizontal></extensions>
</trkpt>
<trkpt lat="50.450501" lon="-104.457126">
<ele>576.6</ele>
<time>2026-07-27T07:26:24.559-06:00</time>
<extensions>
<gpxtpx:TrackPointExtension>
<gpxtpx:speed>5.34</gpxtpx:speed>
</gpxtpx:TrackPointExtension>
<opentracks:accuracy_horizontal>3.635</opentracks:accuracy_horizontal></extensions>
</trkpt>
<trkpt lat="50.4505" lon="-104.456974">
<ele>576.7</ele>
<time>2026-07-27T07:26:26.541-06:00</time>
<extensions>
<gpxtpx:TrackPointExtension>
<gpxtpx:speed>5.99</gpxtpx:speed>
</gpxtpx:TrackPointExtension>
<opentracks:accuracy_horizontal>3.635</opentracks:accuracy_horizontal></extensions>
</trkpt>
<trkpt lat="50.450497" lon="-104.4568">
<ele>576.5</ele>
<time>2026-07-27T07:26:28.548-06:00</time>
<extensions>
<gpxtpx:TrackPointExtension>
<gpxtpx:speed>5.92</gpxtpx:speed>
</gpxtpx:TrackPointExtension>
<opentracks:accuracy_horizontal>3.635</opentracks:accuracy_horizontal></extensions>
</trkpt>
<trkpt lat="50.450493" lon="-104.456636">
<ele>576.1</ele>
<time>2026-07-27T07:26:30.56-06:00</time>
<extensions>
<gpxtpx:TrackPointExtension>
<gpxtpx:speed>5.69</gpxtpx:speed>
</gpxtpx:TrackPointExtension>
<opentracks:accuracy_horizontal>3.635</opentracks:accuracy_horizontal></extensions>
</trkpt>
<trkpt lat="50.450499" lon="-104.456483">
<ele>576</ele>
<time>2026-07-27T07:26:32.553-06:00</time>
<extensions>
<gpxtpx:TrackPointExtension>
<gpxtpx:speed>5.32</gpxtpx:speed>
</gpxtpx:TrackPointExtension>
<opentracks:accuracy_horizontal>3.635</opentracks:accuracy_horizontal></extensions>
</trkpt>
<trkpt lat="50.450503" lon="-104.456337">
<ele>575.9</ele>
<time>2026-07-27T07:26:34.551-06:00</time>
<extensions>
<gpxtpx:TrackPointExtension>
<gpxtpx:speed>5.27</gpxtpx:speed>
</gpxtpx:TrackPointExtension>
<opentracks:accuracy_horizontal>3.635</opentracks:accuracy_horizontal></extensions>
</trkpt>
<trkpt lat="50.450498" lon="-104.456182">
<ele>576</ele>
<time>2026-07-27T07:26:36.558-06:00</time>
<extensions>
<gpxtpx:TrackPointExtension>
<gpxtpx:speed>5.56</gpxtpx:speed>
</gpxtpx:TrackPointExtension>
<opentracks:accuracy_horizontal>3.635</opentracks:accuracy_horizontal></extensions>
</trkpt>
<trkpt lat="50.450492" lon="-104.456021">
<ele>575.9</ele>
<time>2026-07-27T07:26:38.551-06:00</time>
<extensions>
<gpxtpx:TrackPointExtension>
<gpxtpx:speed>5.69</gpxtpx:speed>
</gpxtpx:TrackPointExtension>
<opentracks:accuracy_horizontal>3.635</opentracks:accuracy_horizontal></extensions>
</trkpt>
<trkpt lat="50.450492" lon="-104.455862">
<ele>575.9</ele>
<time>2026-07-27T07:26:40.544-06:00</time>
<extensions>
<gpxtpx:TrackPointExtension>
<gpxtpx:speed>5.6</gpxtpx:speed>
</gpxtpx:TrackPointExtension>
<opentracks:accuracy_horizontal>3.634</opentracks:accuracy_horizontal></extensions>
</trkpt>
<trkpt lat="50.450494" lon="-104.455711">
<ele>575.9</ele>
<time>2026-07-27T07:26:42.559-06:00</time>
<extensions>
<gpxtpx:TrackPointExtension>
<gpxtpx:speed>5.38</gpxtpx:speed>
</gpxtpx:TrackPointExtension>
<opentracks:accuracy_horizontal>3.634</opentracks:accuracy_horizontal></extensions>
</trkpt>
<trkpt lat="50.450497" lon="-104.455562">
<ele>576.2</ele>
<time>2026-07-27T07:26:44.55-06:00</time>
<extensions>
<gpxtpx:TrackPointExtension>
<gpxtpx:speed>5.37</gpxtpx:speed>
</gpxtpx:TrackPointExtension>
<opentracks:accuracy_horizontal>3.634</opentracks:accuracy_horizontal></extensions>
</trkpt>
<trkpt lat="50.450507" lon="-104.455411">
<ele>576.5</ele>
<time>2026-07-27T07:26:46.553-06:00</time>
<extensions>
<gpxtpx:TrackPointExtension>
<gpxtpx:speed>5.58</gpxtpx:speed>
</gpxtpx:TrackPointExtension>
<opentracks:accuracy_horizontal>3.634</opentracks:accuracy_horizontal></extensions>
</trkpt>
<trkpt lat="50.450506" lon="-104.45525">
<ele>576.3</ele>
<time>2026-07-27T07:26:48.559-06:00</time>
<extensions>
<gpxtpx:TrackPointExtension>
<gpxtpx:speed>5.62</gpxtpx:speed>
</gpxtpx:TrackPointExtension>
<opentracks:accuracy_horizontal>3.634</opentracks:accuracy_horizontal></extensions>
</trkpt>
<trkpt lat="50.450499" lon="-104.455091">
<ele>576.1</ele>
<time>2026-07-27T07:26:50.56-06:00</time>
<extensions>
<gpxtpx:TrackPointExtension>
<gpxtpx:speed>5.58</gpxtpx:speed>
</gpxtpx:TrackPointExtension>
<opentracks:accuracy_horizontal>3.634</opentracks:accuracy_horizontal></extensions>
</trkpt>
<trkpt lat="50.450494" lon="-104.454935">
<ele>576.3</ele>
<time>2026-07-27T07:26:52.545-06:00</time>
<extensions>
<gpxtpx:TrackPointExtension>
<gpxtpx:speed>5.34</gpxtpx:speed>
</gpxtpx:TrackPointExtension>
<opentracks:accuracy_horizontal>3.634</opentracks:accuracy_horizontal></extensions>
</trkpt>
<trkpt lat="50.450496" lon="-104.454792">
<ele>576.2</ele>
<time>2026-07-27T07:26:54.559-06:00</time>
<extensions>
<gpxtpx:TrackPointExtension>
<gpxtpx:speed>4.89</gpxtpx:speed>
</gpxtpx:TrackPointExtension>
<opentracks:accuracy_horizontal>3.634</opentracks:accuracy_horizontal></extensions>
</trkpt>
<trkpt lat="50.450504" lon="-104.454603">
<ele>576.6</ele>
<time>2026-07-27T07:26:57.55-06:00</time>
<extensions>
<gpxtpx:TrackPointExtension>
<gpxtpx:speed>4.27</gpxtpx:speed>
</gpxtpx:TrackPointExtension>
<opentracks:accuracy_horizontal>3.634</opentracks:accuracy_horizontal></extensions>
</trkpt>
<trkpt lat="50.450501" lon="-104.454432">
<ele>576.7</ele>
<time>2026-07-27T07:27:00.556-06:00</time>
<extensions>
<gpxtpx:TrackPointExtension>
<gpxtpx:speed>4.16</gpxtpx:speed>
</gpxtpx:TrackPointExtension>
<opentracks:accuracy_horizontal>3.634</opentracks:accuracy_horizontal></extensions>
</trkpt>
<trkpt lat="50.450499" lon="-104.454246">
<ele>576.8</ele>
<time>2026-07-27T07:27:03.562-06:00</time>
<extensions>
<gpxtpx:TrackPointExtension>
<gpxtpx:speed>4.73</gpxtpx:speed>
</gpxtpx:TrackPointExtension>
<opentracks:accuracy_horizontal>3.634</opentracks:accuracy_horizontal></extensions>
</trkpt>
<trkpt lat="50.450501" lon="-104.454041">
<ele>577</ele>
<time>2026-07-27T07:27:06.523-06:00</time>
<extensions>
<gpxtpx:TrackPointExtension>
<gpxtpx:speed>4.95</gpxtpx:speed>
</gpxtpx:TrackPointExtension>
<opentracks:accuracy_horizontal>3.634</opentracks:accuracy_horizontal></extensions>
</trkpt>
<trkpt lat="50.450495" lon="-104.453829">
<ele>577.2</ele>
<time>2026-07-27T07:27:09.562-06:00</time>
<extensions>
<gpxtpx:TrackPointExtension>
<gpxtpx:speed>5.1</gpxtpx:speed>
</gpxtpx:TrackPointExtension>
<opentracks:accuracy_horizontal>3.634</opentracks:accuracy_horizontal></extensions>
</trkpt>
<trkpt lat="50.450486" lon="-104.45368">
<ele>577.1</ele>
<time>2026-07-27T07:27:11.564-06:00</time>
<extensions>
<gpxtpx:TrackPointExtension>
<gpxtpx:speed>4.8</gpxtpx:speed>
</gpxtpx:TrackPointExtension>
<opentracks:accuracy_horizontal>3.634</opentracks:accuracy_horizontal></extensions>
</trkpt>
<trkpt lat="50.450469" lon="-104.453479">
<ele>577.2</ele>
<time>2026-07-27T07:27:14.55-06:00</time>
<extensions>
<gpxtpx:TrackPointExtension>
<gpxtpx:speed>5.35</gpxtpx:speed>
</gpxtpx:TrackPointExtension>
<opentracks:accuracy_horizontal>3.634</opentracks:accuracy_horizontal></extensions>
</trkpt>
<trkpt lat="50.450461" lon="-104.453327">
<ele>577.1</ele>
<time>2026-07-27T07:27:16.561-06:00</time>
<extensions>
<gpxtpx:TrackPointExtension>
<gpxtpx:speed>5.27</gpxtpx:speed>
</gpxtpx:TrackPointExtension>
<opentracks:accuracy_horizontal>3.634</opentracks:accuracy_horizontal></extensions>
</trkpt>
<trkpt lat="50.450445" lon="-104.453181">
<ele>577.1</ele>
<time>2026-07-27T07:27:18.56-06:00</time>
<extensions>
<gpxtpx:TrackPointExtension>
<gpxtpx:speed>5.31</gpxtpx:speed>
</gpxtpx:TrackPointExtension>
<opentracks:accuracy_horizontal>3.634</opentracks:accuracy_horizontal></extensions>
</trkpt>
<trkpt lat="50.450419" lon="-104.453033">
<ele>577.3</ele>
<time>2026-07-27T07:27:20.548-06:00</time>
<extensions>
<gpxtpx:TrackPointExtension>
<gpxtpx:speed>5.38</gpxtpx:speed>
</gpxtpx:TrackPointExtension>
<opentracks:accuracy_horizontal>3.634</opentracks:accuracy_horizontal></extensions>
</trkpt>
<trkpt lat="50.45039" lon="-104.452884">
<ele>577.2</ele>
<time>2026-07-27T07:27:22.547-06:00</time>
<extensions>
<gpxtpx:TrackPointExtension>
<gpxtpx:speed>5.47</gpxtpx:speed>
</gpxtpx:TrackPointExtension>
<opentracks:accuracy_horizontal>3.634</opentracks:accuracy_horizontal></extensions>
</trkpt>
<trkpt lat="50.450357" lon="-104.452737">
<ele>577.3</ele>
<time>2026-07-27T07:27:24.548-06:00</time>
<extensions>
<gpxtpx:TrackPointExtension>
<gpxtpx:speed>5.53</gpxtpx:speed>
</gpxtpx:TrackPointExtension>
<opentracks:accuracy_horizontal>3.634</opentracks:accuracy_horizontal></extensions>
</trkpt>
<trkpt lat="50.450324" lon="-104.452582">
<ele>577.6</ele>
<time>2026-07-27T07:27:26.546-06:00</time>
<extensions>
<gpxtpx:TrackPointExtension>
<gpxtpx:speed>5.9</gpxtpx:speed>
</gpxtpx:TrackPointExtension>
<opentracks:accuracy_horizontal>3.634</opentracks:accuracy_horizontal></extensions>
</trkpt>
<trkpt lat="50.450291" lon="-104.45242">
<ele>577.2</ele>
<time>2026-07-27T07:27:28.555-06:00</time>
<extensions>
<gpxtpx:TrackPointExtension>
<gpxtpx:speed>5.73</gpxtpx:speed>
</gpxtpx:TrackPointExtension>
<opentracks:accuracy_horizontal>3.634</opentracks:accuracy_horizontal></extensions>
</trkpt>
<trkpt lat="50.45025" lon="-104.452277">
<ele>577.3</ele>
<time>2026-07-27T07:27:30.544-06:00</time>
<extensions>
<gpxtpx:TrackPointExtension>
<gpxtpx:speed>5.58</gpxtpx:speed>
</gpxtpx:TrackPointExtension>
<opentracks:accuracy_horizontal>3.633</opentracks:accuracy_horizontal></extensions>
</trkpt>
<trkpt lat="50.450219" lon="-104.452129">
<ele>577.2</ele>
<time>2026-07-27T07:27:32.551-06:00</time>
<extensions>
<gpxtpx:TrackPointExtension>
<gpxtpx:speed>5.65</gpxtpx:speed>
</gpxtpx:TrackPointExtension>
<opentracks:accuracy_horizontal>3.633</opentracks:accuracy_horizontal></extensions>
</trkpt>
<trkpt lat="50.450187" lon="-104.451977">
<ele>577.1</ele>
<time>2026-07-27T07:27:34.54-06:00</time>
<extensions>
<gpxtpx:TrackPointExtension>
<gpxtpx:speed>5.61</gpxtpx:speed>
</gpxtpx:TrackPointExtension>
<opentracks:accuracy_horizontal>3.633</opentracks:accuracy_horizontal></extensions>
</trkpt>
<trkpt lat="50.450159" lon="-104.451827">
<ele>577.1</ele>
<time>2026-07-27T07:27:36.554-06:00</time>
<extensions>
<gpxtpx:TrackPointExtension>
<gpxtpx:speed>5.56</gpxtpx:speed>
</gpxtpx:TrackPointExtension>
<opentracks:accuracy_horizontal>3.633</opentracks:accuracy_horizontal></extensions>
</trkpt>
<trkpt lat="50.450127" lon="-104.451676">
<ele>577</ele>
<time>2026-07-27T07:27:38.533-06:00</time>
<extensions>
<gpxtpx:TrackPointExtension>
<gpxtpx:speed>5.57</gpxtpx:speed>
</gpxtpx:TrackPointExtension>
<opentracks:accuracy_horizontal>3.633</opentracks:accuracy_horizontal></extensions>
</trkpt>
<trkpt lat="50.450091" lon="-104.45153">
<ele>577</ele>
<time>2026-07-27T07:27:40.547-06:00</time>
<extensions>
<gpxtpx:TrackPointExtension>
<gpxtpx:speed>5.55</gpxtpx:speed>
</gpxtpx:TrackPointExtension>
<opentracks:accuracy_horizontal>3.633</opentracks:accuracy_horizontal></extensions>
</trkpt>
<trkpt lat="50.450059" lon="-104.451381">
<ele>577.1</ele>
<time>2026-07-27T07:27:42.542-06:00</time>
<extensions>
<gpxtpx:TrackPointExtension>
<gpxtpx:speed>5.5</gpxtpx:speed>
</gpxtpx:TrackPointExtension>
<opentracks:accuracy_horizontal>3.633</opentracks:accuracy_horizontal></extensions>
</trkpt>
<trkpt lat="50.450032" lon="-104.451233">
<ele>577.1</ele>
<time>2026-07-27T07:27:44.564-06:00</time>
<extensions>
<gpxtpx:TrackPointExtension>
<gpxtpx:speed>5.4</gpxtpx:speed>
</gpxtpx:TrackPointExtension>
<opentracks:accuracy_horizontal>3.633</opentracks:accuracy_horizontal></extensions>
</trkpt>
<trkpt lat="50.450012" lon="-104.451087">
<ele>577.4</ele>
<time>2026-07-27T07:27:46.539-06:00</time>
<extensions>
<gpxtpx:TrackPointExtension>
<gpxtpx:speed>5.59</gpxtpx:speed>
</gpxtpx:TrackPointExtension>
<opentracks:accuracy_horizontal>3.633</opentracks:accuracy_horizontal></extensions>
</trkpt>
<trkpt lat="50.449987" lon="-104.450921">
<ele>577.7</ele>
<time>2026-07-27T07:27:48.534-06:00</time>
<extensions>
<gpxtpx:TrackPointExtension>
<gpxtpx:speed>6.36</gpxtpx:speed>
</gpxtpx:TrackPointExtension>
<opentracks:accuracy_horizontal>3.633</opentracks:accuracy_horizontal></extensions>
</trkpt>
<trkpt lat="50.449965" lon="-104.45074">
<ele>577.9</ele>
<time>2026-07-27T07:27:50.548-06:00</time>
<extensions>
<gpxtpx:TrackPointExtension>
<gpxtpx:speed>6.48</gpxtpx:speed>
</gpxtpx:TrackPointExtension>
<opentracks:accuracy_horizontal>3.633</opentracks:accuracy_horizontal></extensions>
</trkpt>
<trkpt lat="50.44995" lon="-104.450555">
<ele>578.5</ele>
<time>2026-07-27T07:27:52.545-06:00</time>
<extensions>
<gpxtpx:TrackPointExtension>
<gpxtpx:speed>6.55</gpxtpx:speed>
</gpxtpx:TrackPointExtension>
<opentracks:accuracy_horizontal>3.633</opentracks:accuracy_horizontal></extensions>
</trkpt>
<trkpt lat="50.449937" lon="-104.450369">
<ele>578.6</ele>
<time>2026-07-27T07:27:54.549-06:00</time>
<extensions>
<gpxtpx:TrackPointExtension>
<gpxtpx:speed>6.42</gpxtpx:speed>
</gpxtpx:TrackPointExtension>
<opentracks:accuracy_horizontal>3.633</opentracks:accuracy_horizontal></extensions>
</trkpt>
<trkpt lat="50.449937" lon="-104.450189">
<ele>579</ele>
<time>2026-07-27T07:27:56.56-06:00</time>
<extensions>
<gpxtpx:TrackPointExtension>
<gpxtpx:speed>6.36</gpxtpx:speed>
</gpxtpx:TrackPointExtension>
<opentracks:accuracy_horizontal>3.633</opentracks:accuracy_horizontal></extensions>
</trkpt>
<trkpt lat="50.449934" lon="-104.450012">
<ele>579.4</ele>
<time>2026-07-27T07:27:58.561-06:00</time>
<extensions>
<gpxtpx:TrackPointExtension>
<gpxtpx:speed>6.23</gpxtpx:speed>
</gpxtpx:TrackPointExtension>
<opentracks:accuracy_horizontal>3.633</opentracks:accuracy_horizontal></extensions>
</trkpt>
<trkpt lat="50.449931" lon="-104.449852">
<ele>579.5</ele>
<time>2026-07-27T07:28:00.553-06:00</time>
<extensions>
<gpxtpx:TrackPointExtension>
<gpxtpx:speed>5.37</gpxtpx:speed>
</gpxtpx:TrackPointExtension>
<opentracks:accuracy_horizontal>3.633</opentracks:accuracy_horizontal></extensions>
</trkpt>
<trkpt lat="50.449946" lon="-104.449706">
<ele>579.9</ele>
<time>2026-07-27T07:28:02.559-06:00</time>
<extensions>
<gpxtpx:TrackPointExtension>
<gpxtpx:speed>5.37</gpxtpx:speed>
</gpxtpx:TrackPointExtension>
<opentracks:accuracy_horizontal>3.633</opentracks:accuracy_horizontal></extensions>
</trkpt>
<trkpt lat="50.44994" lon="-104.449556">
<ele>579.9</ele>
<time>2026-07-27T07:28:04.555-06:00</time>
<extensions>
<gpxtpx:TrackPointExtension>
<gpxtpx:speed>5.14</gpxtpx:speed>
</gpxtpx:TrackPointExtension>
<opentracks:accuracy_horizontal>3.633</opentracks:accuracy_horizontal></extensions>
</trkpt>
<trkpt lat="50.449926" lon="-104.449352">
<ele>580.1</ele>
<time>2026-07-27T07:28:07.557-06:00</time>
<extensions>
<gpxtpx:TrackPointExtension>
<gpxtpx:speed>4.64</gpxtpx:speed>
</gpxtpx:TrackPointExtension>
<opentracks:accuracy_horizontal>3.633</opentracks:accuracy_horizontal></extensions>
</trkpt>
<trkpt lat="50.449924" lon="-104.449176">
<ele>580.3</ele>
<time>2026-07-27T07:28:10.547-06:00</time>
<extensions>
<gpxtpx:TrackPointExtension>
<gpxtpx:speed>3.81</gpxtpx:speed>
</gpxtpx:TrackPointExtension>
<opentracks:accuracy_horizontal>3.633</opentracks:accuracy_horizontal></extensions>
</trkpt>
<trkpt lat="50.449931" lon="-104.449023">
<ele>580.8</ele>
<time>2026-07-27T07:28:13.54-06:00</time>
<extensions>
<gpxtpx:TrackPointExtension>
<gpxtpx:speed>3.57</gpxtpx:speed>
</gpxtpx:TrackPointExtension>
<opentracks:accuracy_horizontal>3.633</opentracks:accuracy_horizontal></extensions>
</trkpt>
<trkpt lat="50.449946" lon="-104.448843">
<ele>581.2</ele>
<time>2026-07-27T07:28:17.55-06:00</time>
<extensions>
<gpxtpx:TrackPointExtension>
<gpxtpx:speed>3.18</gpxtpx:speed>
</gpxtpx:TrackPointExtension>
<opentracks:accuracy_horizontal>3.633</opentracks:accuracy_horizontal></extensions>
</trkpt>
<trkpt lat="50.449932" lon="-104.448751">
<ele>580.4</ele>
<time>2026-07-27T07:28:27.546-06:00</time>
<extensions>
<gpxtpx:TrackPointExtension>
<gpxtpx:speed>0.38</gpxtpx:speed>
</gpxtpx:TrackPointExtension>
<opentracks:accuracy_horizontal>3.632</opentracks:accuracy_horizontal></extensions>
</trkpt>
<trkpt lat="50.449922" lon="-104.448583">
<ele>579.7</ele>
<time>2026-07-27T07:28:38.557-06:00</time>
<extensions>
<gpxtpx:TrackPointExtension>
<gpxtpx:speed>3.77</gpxtpx:speed>
</gpxtpx:TrackPointExtension>
<opentracks:accuracy_horizontal>3.632</opentracks:accuracy_horizontal></extensions>
</trkpt>
<trkpt lat="50.449962" lon="-104.448404">
<ele>579.7</ele>
<time>2026-07-27T07:28:41.554-06:00</time>
<extensions>
<gpxtpx:TrackPointExtension>
<gpxtpx:speed>5.04</gpxtpx:speed>
</gpxtpx:TrackPointExtension>
<opentracks:accuracy_horizontal>3.632</opentracks:accuracy_horizontal></extensions>
</trkpt>
<trkpt lat="50.449966" lon="-104.448249">
<ele>579.8</ele>
<time>2026-07-27T07:28:43.552-06:00</time>
<extensions>
<gpxtpx:TrackPointExtension>
<gpxtpx:speed>5.65</gpxtpx:speed>
</gpxtpx:TrackPointExtension>
<opentracks:accuracy_horizontal>3.632</opentracks:accuracy_horizontal></extensions>
</trkpt>
<trkpt lat="50.44996" lon="-104.448084">
<ele>580.1</ele>
<time>2026-07-27T07:28:45.546-06:00</time>
<extensions>
<gpxtpx:TrackPointExtension>
<gpxtpx:speed>6.12</gpxtpx:speed>
</gpxtpx:TrackPointExtension>
<opentracks:accuracy_horizontal>3.632</opentracks:accuracy_horizontal></extensions>
</trkpt>
<trkpt lat="50.449953" lon="-104.447907">
<ele>580.4</ele>
<time>2026-07-27T07:28:47.545-06:00</time>
<extensions>
<gpxtpx:TrackPointExtension>
<gpxtpx:speed>6.46</gpxtpx:speed>
</gpxtpx:TrackPointExtension>
<opentracks:accuracy_horizontal>3.632</opentracks:accuracy_horizontal></extensions>
</trkpt>
<trkpt lat="50.449954" lon="-104.447704">
<ele>580.6</ele>
<time>2026-07-27T07:28:49.54-06:00</time>
<extensions>
<gpxtpx:TrackPointExtension>
<gpxtpx:speed>7.68</gpxtpx:speed>
</gpxtpx:TrackPointExtension>
<opentracks:accuracy_horizontal>3.632</opentracks:accuracy_horizontal></extensions>
</trkpt>
<trkpt lat="50.449949" lon="-104.44748">
<ele>580.5</ele>
<time>2026-07-27T07:28:51.547-06:00</time>
<extensions>
<gpxtpx:TrackPointExtension>
<gpxtpx:speed>8.02</gpxtpx:speed>
</gpxtpx:TrackPointExtension>
<opentracks:accuracy_horizontal>3.632</opentracks:accuracy_horizontal></extensions>
</trkpt>
<trkpt lat="50.449957" lon="-104.44725">
<ele>580.2</ele>
<time>2026-07-27T07:28:53.541-06:00</time>
<extensions>
<gpxtpx:TrackPointExtension>
<gpxtpx:speed>8.25</gpxtpx:speed>
</gpxtpx:TrackPointExtension>
<opentracks:accuracy_horizontal>3.632</opentracks:accuracy_horizontal></extensions>
</trkpt>
<trkpt lat="50.449967" lon="-104.447012">
<ele>580.2</ele>
<time>2026-07-27T07:28:55.565-06:00</time>
<extensions>
<gpxtpx:TrackPointExtension>
<gpxtpx:speed>8.33</gpxtpx:speed>
</gpxtpx:TrackPointExtension>
<opentracks:accuracy_horizontal>3.632</opentracks:accuracy_horizontal></extensions>
</trkpt>
<trkpt lat="50.449967" lon="-104.446781">
<ele>580.2</ele>
<time>2026-07-27T07:28:57.519-06:00</time>
<extensions>
<gpxtpx:TrackPointExtension>
<gpxtpx:speed>8.39</gpxtpx:speed>
</gpxtpx:TrackPointExtension>
<opentracks:accuracy_horizontal>3.632</opentracks:accuracy_horizontal></extensions>
</trkpt>
<trkpt lat="50.449963" lon="-104.446542">
<ele>580</ele>
<time>2026-07-27T07:28:59.56-06:00</time>
<extensions>
<gpxtpx:TrackPointExtension>
<gpxtpx:speed>8.43</gpxtpx:speed>
</gpxtpx:TrackPointExtension>
<opentracks:accuracy_horizontal>3.632</opentracks:accuracy_horizontal></extensions>
</trkpt>
<trkpt lat="50.449958" lon="-104.4463">
<ele>580</ele>
<time>2026-07-27T07:29:01.564-06:00</time>
<extensions>
<gpxtpx:TrackPointExtension>
<gpxtpx:speed>8.57</gpxtpx:speed>
</gpxtpx:TrackPointExtension>
<opentracks:accuracy_horizontal>3.632</opentracks:accuracy_horizontal></extensions>
</trkpt>
<trkpt lat="50.449954" lon="-104.446059">
<ele>580</ele>
<time>2026-07-27T07:29:03.552-06:00</time>
<extensions>
<gpxtpx:TrackPointExtension>
<gpxtpx:speed>8.45</gpxtpx:speed>
</gpxtpx:TrackPointExtension>
<opentracks:accuracy_horizontal>3.632</opentracks:accuracy_horizontal></extensions>
</trkpt>
<trkpt lat="50.449955" lon="-104.445824">
<ele>580.3</ele>
<time>2026-07-27T07:29:05.548-06:00</time>
<extensions>
<gpxtpx:TrackPointExtension>
<gpxtpx:speed>8.24</gpxtpx:speed>
</gpxtpx:TrackPointExtension>
<opentracks:accuracy_horizontal>3.632</opentracks:accuracy_horizontal></extensions>
</trkpt>
<trkpt lat="50.449956" lon="-104.445603">
<ele>580.4</ele>
<time>2026-07-27T07:29:07.557-06:00</time>
<extensions>
<gpxtpx:TrackPointExtension>
<gpxtpx:speed>7.6</gpxtpx:speed>
</gpxtpx:TrackPointExtension>
<opentracks:accuracy_horizontal>3.632</opentracks:accuracy_horizontal></extensions>
</trkpt>
<trkpt lat="50.449964" lon="-104.445394">
<ele>580.5</ele>
<time>2026-07-27T07:29:09.562-06:00</time>
<extensions>
<gpxtpx:TrackPointExtension>
<gpxtpx:speed>7.39</gpxtpx:speed>
</gpxtpx:TrackPointExtension>
<opentracks:accuracy_horizontal>3.631</opentracks:accuracy_horizontal></extensions>
</trkpt>
<trkpt lat="50.449967" lon="-104.445187">
<ele>580.7</ele>
<time>2026-07-27T07:29:11.552-06:00</time>
<extensions>
<gpxtpx:TrackPointExtension>
<gpxtpx:speed>7.42</gpxtpx:speed>
</gpxtpx:TrackPointExtension>
<opentracks:accuracy_horizontal>3.631</opentracks:accuracy_horizontal></extensions>
</trkpt>
<trkpt lat="50.44996" lon="-104.444986">
<ele>580.3</ele>
<time>2026-07-27T07:29:13.567-06:00</time>
<extensions>
<gpxtpx:TrackPointExtension>
<gpxtpx:speed>7.3</gpxtpx:speed>
</gpxtpx:TrackPointExtension>
<opentracks:accuracy_horizontal>3.631</opentracks:accuracy_horizontal></extensions>
</trkpt>
<trkpt lat="50.449963" lon="-104.444779">
<ele>580.5</ele>
<time>2026-07-27T07:29:15.562-06:00</time>
<extensions>
<gpxtpx:TrackPointExtension>
<gpxtpx:speed>7.34</gpxtpx:speed>
</gpxtpx:TrackPointExtension>
<opentracks:accuracy_horizontal>3.631</opentracks:accuracy_horizontal></extensions>
</trkpt>
<trkpt lat="50.44996" lon="-104.444562">
<ele>580.7</ele>
<time>2026-07-27T07:29:17.562-06:00</time>
<extensions>
<gpxtpx:TrackPointExtension>
<gpxtpx:speed>7.91</gpxtpx:speed>
</gpxtpx:TrackPointExtension>
<opentracks:accuracy_horizontal>3.631</opentracks:accuracy_horizontal></extensions>
</trkpt>
<trkpt lat="50.449933" lon="-104.444337">
<ele>580.3</ele>
<time>2026-07-27T07:29:19.545-06:00</time>
<extensions>
<gpxtpx:TrackPointExtension>
<gpxtpx:speed>7.89</gpxtpx:speed>
</gpxtpx:TrackPointExtension>
<opentracks:accuracy_horizontal>3.631</opentracks:accuracy_horizontal></extensions>
</trkpt>
<trkpt lat="50.449901" lon="-104.444106">
<ele>580.2</ele>
<time>2026-07-27T07:29:21.55-06:00</time>
<extensions>
<gpxtpx:TrackPointExtension>
<gpxtpx:speed>8.62</gpxtpx:speed>
</gpxtpx:TrackPointExtension>
<opentracks:accuracy_horizontal>3.631</opentracks:accuracy_horizontal></extensions>
</trkpt>
<trkpt lat="50.449917" lon="-104.443849">
<ele>580.5</ele>
<time>2026-07-27T07:29:23.561-06:00</time>
<extensions>
<gpxtpx:TrackPointExtension>
<gpxtpx:speed>8.46</gpxtpx:speed>
</gpxtpx:TrackPointExtension>
<opentracks:accuracy_horizontal>3.631</opentracks:accuracy_horizontal></extensions>
</trkpt>
<trkpt lat="50.449916" lon="-104.44361">
<ele>580.6</ele>
<time>2026-07-27T07:29:25.547-06:00</time>
<extensions>
<gpxtpx:TrackPointExtension>
<gpxtpx:speed>8.94</gpxtpx:speed>
</gpxtpx:TrackPointExtension>
<opentracks:accuracy_horizontal>3.631</opentracks:accuracy_horizontal></extensions>
</trkpt>
<trkpt lat="50.449907" lon="-104.443339">
<ele>580.9</ele>
<time>2026-07-27T07:29:27.55-06:00</time>
<extensions>
<gpxtpx:TrackPointExtension>
<gpxtpx:speed>9.01</gpxtpx:speed>
</gpxtpx:TrackPointExtension>
<opentracks:accuracy_horizontal>3.631</opentracks:accuracy_horizontal></extensions>
</trkpt>
<trkpt lat="50.449909" lon="-104.443086">
<ele>581.3</ele>
<time>2026-07-27T07:29:29.556-06:00</time>
<extensions>
<gpxtpx:TrackPointExtension>
<gpxtpx:speed>8.74</gpxtpx:speed>
</gpxtpx:TrackPointExtension>
<opentracks:accuracy_horizontal>3.631</opentracks:accuracy_horizontal></extensions>
</trkpt>
<trkpt lat="50.449908" lon="-104.442844">
<ele>581</ele>
<time>2026-07-27T07:29:31.548-06:00</time>
<extensions>
<gpxtpx:TrackPointExtension>
<gpxtpx:speed>8.77</gpxtpx:speed>
</gpxtpx:TrackPointExtension>
<opentracks:accuracy_horizontal>3.631</opentracks:accuracy_horizontal></extensions>
</trkpt>
<trkpt lat="50.449913" lon="-104.442603">
<ele>581.2</ele>
<time>2026-07-27T07:29:33.54-06:00</time>
<extensions>
<gpxtpx:TrackPointExtension>
<gpxtpx:speed>8.52</gpxtpx:speed>
</gpxtpx:TrackPointExtension>
<opentracks:accuracy_horizontal>3.631</opentracks:accuracy_horizontal></extensions>
</trkpt>
<trkpt lat="50.449915" lon="-104.442367">
<ele>581.1</ele>
<time>2026-07-27T07:29:35.551-06:00</time>
<extensions>
<gpxtpx:TrackPointExtension>
<gpxtpx:speed>8.42</gpxtpx:speed>
</gpxtpx:TrackPointExtension>
<opentracks:accuracy_horizontal>3.631</opentracks:accuracy_horizontal></extensions>
</trkpt>
<trkpt lat="50.449923" lon="-104.442135">
<ele>581</ele>
<time>2026-07-27T07:29:37.559-06:00</time>
<extensions>
<gpxtpx:TrackPointExtension>
<gpxtpx:speed>8.35</gpxtpx:speed>
</gpxtpx:TrackPointExtension>
<opentracks:accuracy_horizontal>3.631</opentracks:accuracy_horizontal></extensions>
</trkpt>
<trkpt lat="50.449939" lon="-104.441904">
<ele>581</ele>
<time>2026-07-27T07:29:39.546-06:00</time>
<extensions>
<gpxtpx:TrackPointExtension>
<gpxtpx:speed>8.08</gpxtpx:speed>
</gpxtpx:TrackPointExtension>
<opentracks:accuracy_horizontal>3.631</opentracks:accuracy_horizontal></extensions>
</trkpt>
<trkpt lat="50.449965" lon="-104.441681">
<ele>580.9</ele>
<time>2026-07-27T07:29:41.562-06:00</time>
<extensions>
<gpxtpx:TrackPointExtension>
<gpxtpx:speed>8.11</gpxtpx:speed>
</gpxtpx:TrackPointExtension>
<opentracks:accuracy_horizontal>3.631</opentracks:accuracy_horizontal></extensions>
</trkpt>
<trkpt lat="50.45" lon="-104.441464">
<ele>581</ele>
<time>2026-07-27T07:29:43.554-06:00</time>
<extensions>
<gpxtpx:TrackPointExtension>
<gpxtpx:speed>7.58</gpxtpx:speed>
</gpxtpx:TrackPointExtension>
<opentracks:accuracy_horizontal>3.631</opentracks:accuracy_horizontal></extensions>
</trkpt>
<trkpt lat="50.450041" lon="-104.441271">
<ele>580.9</ele>
<time>2026-07-27T07:29:45.542-06:00</time>
<extensions>
<gpxtpx:TrackPointExtension>
<gpxtpx:speed>7.08</gpxtpx:speed>
</gpxtpx:TrackPointExtension>
<opentracks:accuracy_horizontal>3.631</opentracks:accuracy_horizontal></extensions>
</trkpt>
<trkpt lat="50.450081" lon="-104.441083">
<ele>580.6</ele>
<time>2026-07-27T07:29:47.558-06:00</time>
<extensions>
<gpxtpx:TrackPointExtension>
<gpxtpx:speed>7.35</gpxtpx:speed>
</gpxtpx:TrackPointExtension>
<opentracks:accuracy_horizontal>3.631</opentracks:accuracy_horizontal></extensions>
</trkpt>
<trkpt lat="50.450125" lon="-104.440878">
<ele>580.1</ele>
<time>2026-07-27T07:29:49.554-06:00</time>
<extensions>
<gpxtpx:TrackPointExtension>
<gpxtpx:speed>7.79</gpxtpx:speed>
</gpxtpx:TrackPointExtension>
<opentracks:accuracy_horizontal>3.631</opentracks:accuracy_horizontal></extensions>
</trkpt>
<trkpt lat="50.450188" lon="-104.440681">
<ele>580.1</ele>
<time>2026-07-27T07:29:51.554-06:00</time>
<extensions>
<gpxtpx:TrackPointExtension>
<gpxtpx:speed>7.97</gpxtpx:speed>
</gpxtpx:TrackPointExtension>
<opentracks:accuracy_horizontal>3.631</opentracks:accuracy_horizontal></extensions>
</trkpt>
<trkpt lat="50.450255" lon="-104.440486">
<ele>579.6</ele>
<time>2026-07-27T07:29:53.556-06:00</time>
<extensions>
<gpxtpx:TrackPointExtension>
<gpxtpx:speed>7.91</gpxtpx:speed>
</gpxtpx:TrackPointExtension>
<opentracks:accuracy_horizontal>3.631</opentracks:accuracy_horizontal></extensions>
</trkpt>
<trkpt lat="50.450328" lon="-104.440296">
<ele>579</ele>
<time>2026-07-27T07:29:55.545-06:00</time>
<extensions>
<gpxtpx:TrackPointExtension>
<gpxtpx:speed>7.88</gpxtpx:speed>
</gpxtpx:TrackPointExtension>
<opentracks:accuracy_horizontal>3.665</opentracks:accuracy_horizontal></extensions>
</trkpt>
<trkpt lat="50.450406" lon="-104.440111">
<ele>578.6</ele>
<time>2026-07-27T07:29:57.562-06:00</time>
<extensions>
<gpxtpx:TrackPointExtension>
<gpxtpx:speed>7.76</gpxtpx:speed>
</gpxtpx:TrackPointExtension>
<opentracks:accuracy_horizontal>3.665</opentracks:accuracy_horizontal></extensions>
</trkpt>
<trkpt lat="50.450487" lon="-104.439942">
<ele>578.5</ele>
<time>2026-07-27T07:29:59.557-06:00</time>
<extensions>
<gpxtpx:TrackPointExtension>
<gpxtpx:speed>7.48</gpxtpx:speed>
</gpxtpx:TrackPointExtension>
<opentracks:accuracy_horizontal>3.665</opentracks:accuracy_horizontal></extensions>
</trkpt>
<trkpt lat="50.450577" lon="-104.439787">
<ele>578.4</ele>
<time>2026-07-27T07:30:01.55-06:00</time>
<extensions>
<gpxtpx:TrackPointExtension>
<gpxtpx:speed>7.54</gpxtpx:speed>
</gpxtpx:TrackPointExtension>
<opentracks:accuracy_horizontal>3.665</opentracks:accuracy_horizontal></extensions>
</trkpt>
<trkpt lat="50.450673" lon="-104.439633">
<ele>578.4</ele>
<time>2026-07-27T07:30:03.566-06:00</time>
<extensions>
<gpxtpx:TrackPointExtension>
<gpxtpx:speed>7.52</gpxtpx:speed>
</gpxtpx:TrackPointExtension>
<opentracks:accuracy_horizontal>3.665</opentracks:accuracy_horizontal></extensions>
</trkpt>
<trkpt lat="50.450766" lon="-104.439484">
<ele>578.2</ele>
<time>2026-07-27T07:30:05.545-06:00</time>
<extensions>
<gpxtpx:TrackPointExtension>
<gpxtpx:speed>6.97</gpxtpx:speed>
</gpxtpx:TrackPointExtension>
<opentracks:accuracy_horizontal>3.665</opentracks:accuracy_horizontal></extensions>
</trkpt>
<trkpt lat="50.450855" lon="-104.439359">
<ele>578</ele>
<time>2026-07-27T07:30:07.527-06:00</time>
<extensions>
<gpxtpx:TrackPointExtension>
<gpxtpx:speed>6.56</gpxtpx:speed>
</gpxtpx:TrackPointExtension>
<opentracks:accuracy_horizontal>3.665</opentracks:accuracy_horizontal></extensions>
</trkpt>
<trkpt lat="50.450944" lon="-104.439245">
<ele>577.8</ele>
<time>2026-07-27T07:30:09.546-06:00</time>
<extensions>
<gpxtpx:TrackPointExtension>
<gpxtpx:speed>6.44</gpxtpx:speed>
</gpxtpx:TrackPointExtension>
<opentracks:accuracy_horizontal>3.665</opentracks:accuracy_horizontal></extensions>
</trkpt>
<trkpt lat="50.451035" lon="-104.439137">
<ele>577.8</ele>
<time>2026-07-27T07:30:11.562-06:00</time>
<extensions>
<gpxtpx:TrackPointExtension>
<gpxtpx:speed>6.72</gpxtpx:speed>
</gpxtpx:TrackPointExtension>
<opentracks:accuracy_horizontal>3.664</opentracks:accuracy_horizontal></extensions>
</trkpt>
<trkpt lat="50.451135" lon="-104.439029">
<ele>577.6</ele>
<time>2026-07-27T07:30:13.553-06:00</time>
<extensions>
<gpxtpx:TrackPointExtension>
<gpxtpx:speed>6.83</gpxtpx:speed>
</gpxtpx:TrackPointExtension>
<opentracks:accuracy_horizontal>3.664</opentracks:accuracy_horizontal></extensions>
</trkpt>
<trkpt lat="50.451241" lon="-104.438925">
<ele>577.5</ele>
<time>2026-07-27T07:30:15.543-06:00</time>
<extensions>
<gpxtpx:TrackPointExtension>
<gpxtpx:speed>6.92</gpxtpx:speed>
</gpxtpx:TrackPointExtension>
<opentracks:accuracy_horizontal>3.664</opentracks:accuracy_horizontal></extensions>
</trkpt>
<trkpt lat="50.451355" lon="-104.43883">
<ele>577.8</ele>
<time>2026-07-27T07:30:17.554-06:00</time>
<extensions>
<gpxtpx:TrackPointExtension>
<gpxtpx:speed>6.9</gpxtpx:speed>
</gpxtpx:TrackPointExtension>
<opentracks:accuracy_horizontal>3.664</opentracks:accuracy_horizontal></extensions>
</trkpt>
<trkpt lat="50.451463" lon="-104.438736">
<ele>577.7</ele>
<time>2026-07-27T07:30:19.56-06:00</time>
<extensions>
<gpxtpx:TrackPointExtension>
<gpxtpx:speed>7.06</gpxtpx:speed>
</gpxtpx:TrackPointExtension>
<opentracks:accuracy_horizontal>3.664</opentracks:accuracy_horizontal></extensions>
</trkpt>
<trkpt lat="50.451575" lon="-104.438639">
<ele>577.9</ele>
<time>2026-07-27T07:30:21.557-06:00</time>
<extensions>
<gpxtpx:TrackPointExtension>
<gpxtpx:speed>7.32</gpxtpx:speed>
</gpxtpx:TrackPointExtension>
<opentracks:accuracy_horizontal>3.664</opentracks:accuracy_horizontal></extensions>
</trkpt>
<trkpt lat="50.451686" lon="-104.438541">
<ele>577.6</ele>
<time>2026-07-27T07:30:23.557-06:00</time>
<extensions>
<gpxtpx:TrackPointExtension>
<gpxtpx:speed>7.14</gpxtpx:speed>
</gpxtpx:TrackPointExtension>
<opentracks:accuracy_horizontal>3.664</opentracks:accuracy_horizontal></extensions>
</trkpt>
<trkpt lat="50.451785" lon="-104.438449">
<ele>577.6</ele>
<time>2026-07-27T07:30:25.551-06:00</time>
<extensions>
<gpxtpx:TrackPointExtension>
<gpxtpx:speed>6.5</gpxtpx:speed>
</gpxtpx:TrackPointExtension>
<opentracks:accuracy_horizontal>3.664</opentracks:accuracy_horizontal></extensions>
</trkpt>
<trkpt lat="50.451889" lon="-104.438362">
<ele>578</ele>
<time>2026-07-27T07:30:27.562-06:00</time>
<extensions>
<gpxtpx:TrackPointExtension>
<gpxtpx:speed>6.48</gpxtpx:speed>
</gpxtpx:TrackPointExtension>
<opentracks:accuracy_horizontal>3.664</opentracks:accuracy_horizontal></extensions>
</trkpt>
<trkpt lat="50.451987" lon="-104.438278">
<ele>578.2</ele>
<time>2026-07-27T07:30:29.555-06:00</time>
<extensions>
<gpxtpx:TrackPointExtension>
<gpxtpx:speed>6.1</gpxtpx:speed>
</gpxtpx:TrackPointExtension>
<opentracks:accuracy_horizontal>3.664</opentracks:accuracy_horizontal></extensions>
</trkpt>
<trkpt lat="50.452076" lon="-104.4382">
<ele>578.3</ele>
<time>2026-07-27T07:30:31.55-06:00</time>
<extensions>
<gpxtpx:TrackPointExtension>
<gpxtpx:speed>5.49</gpxtpx:speed>
</gpxtpx:TrackPointExtension>
<opentracks:accuracy_horizontal>3.664</opentracks:accuracy_horizontal></extensions>
</trkpt>
<trkpt lat="50.45216" lon="-104.438137">
<ele>578.2</ele>
<time>2026-07-27T07:30:33.552-06:00</time>
<extensions>
<gpxtpx:TrackPointExtension>
<gpxtpx:speed>5.07</gpxtpx:speed>
</gpxtpx:TrackPointExtension>
<opentracks:accuracy_horizontal>3.664</opentracks:accuracy_horizontal></extensions>
</trkpt>
<trkpt lat="50.452268" lon="-104.43804">
<ele>578.4</ele>
<time>2026-07-27T07:30:36.561-06:00</time>
<extensions>
<gpxtpx:TrackPointExtension>
<gpxtpx:speed>4.29</gpxtpx:speed>
</gpxtpx:TrackPointExtension>
<opentracks:accuracy_horizontal>3.664</opentracks:accuracy_horizontal></extensions>
</trkpt>
<trkpt lat="50.452356" lon="-104.437942">
<ele>578.1</ele>
<time>2026-07-27T07:30:39.553-06:00</time>
<extensions>
<gpxtpx:TrackPointExtension>
<gpxtpx:speed>4.28</gpxtpx:speed>
</gpxtpx:TrackPointExtension>
<opentracks:accuracy_horizontal>3.664</opentracks:accuracy_horizontal></extensions>
</trkpt>
<trkpt lat="50.452458" lon="-104.437842">
<ele>578.5</ele>
<time>2026-07-27T07:30:42.56-06:00</time>
<extensions>
<gpxtpx:TrackPointExtension>
<gpxtpx:speed>4.74</gpxtpx:speed>
</gpxtpx:TrackPointExtension>
<opentracks:accuracy_horizontal>3.664</opentracks:accuracy_horizontal></extensions>
</trkpt>
<trkpt lat="50.452564" lon="-104.43772">
<ele>578.4</ele>
<time>2026-07-27T07:30:45.561-06:00</time>
<extensions>
<gpxtpx:TrackPointExtension>
<gpxtpx:speed>4.93</gpxtpx:speed>
</gpxtpx:TrackPointExtension>
<opentracks:accuracy_horizontal>3.664</opentracks:accuracy_horizontal></extensions>
</trkpt>
<trkpt lat="50.452629" lon="-104.437617">
<ele>578.5</ele>
<time>2026-07-27T07:30:47.569-06:00</time>
<extensions>
<gpxtpx:TrackPointExtension>
<gpxtpx:speed>5.19</gpxtpx:speed>
</gpxtpx:TrackPointExtension>
<opentracks:accuracy_horizontal>3.664</opentracks:accuracy_horizontal></extensions>
</trkpt>
<trkpt lat="50.45269" lon="-104.437505">
<ele>578.4</ele>
<time>2026-07-27T07:30:49.538-06:00</time>
<extensions>
<gpxtpx:TrackPointExtension>
<gpxtpx:speed>5.24</gpxtpx:speed>
</gpxtpx:TrackPointExtension>
<opentracks:accuracy_horizontal>3.664</opentracks:accuracy_horizontal></extensions>
</trkpt>
<trkpt lat="50.452744" lon="-104.437388">
<ele>578.3</ele>
<time>2026-07-27T07:30:51.557-06:00</time>
<extensions>
<gpxtpx:TrackPointExtension>
<gpxtpx:speed>5.1</gpxtpx:speed>
</gpxtpx:TrackPointExtension>
<opentracks:accuracy_horizontal>3.664</opentracks:accuracy_horizontal></extensions>
</trkpt>
<trkpt lat="50.452793" lon="-104.437264">
<ele>578.4</ele>
<time>2026-07-27T07:30:53.569-06:00</time>
<extensions>
<gpxtpx:TrackPointExtension>
<gpxtpx:speed>5.05</gpxtpx:speed>
</gpxtpx:TrackPointExtension>
<opentracks:accuracy_horizontal>3.664</opentracks:accuracy_horizontal></extensions>
</trkpt>
<trkpt lat="50.452858" lon="-104.437087">
<ele>578.7</ele>
<time>2026-07-27T07:30:56.555-06:00</time>
<extensions>
<gpxtpx:TrackPointExtension>
<gpxtpx:speed>4.41</gpxtpx:speed>
</gpxtpx:TrackPointExtension>
<opentracks:accuracy_horizontal>3.664</opentracks:accuracy_horizontal></extensions>
</trkpt>
<trkpt lat="50.4529" lon="-104.436916">
<ele>578.9</ele>
<time>2026-07-27T07:30:59.56-06:00</time>
<extensions>
<gpxtpx:TrackPointExtension>
<gpxtpx:speed>4.21</gpxtpx:speed>
</gpxtpx:TrackPointExtension>
<opentracks:accuracy_horizontal>3.664</opentracks:accuracy_horizontal></extensions>
</trkpt>
<trkpt lat="50.4529" lon="-104.436734">
<ele>579.1</ele>
<time>2026-07-27T07:31:02.555-06:00</time>
<extensions>
<gpxtpx:TrackPointExtension>
<gpxtpx:speed>4.38</gpxtpx:speed>
</gpxtpx:TrackPointExtension>
<opentracks:accuracy_horizontal>3.664</opentracks:accuracy_horizontal></extensions>
</trkpt>
<trkpt lat="50.452911" lon="-104.436552">
<ele>579.6</ele>
<time>2026-07-27T07:31:05.565-06:00</time>
<extensions>
<gpxtpx:TrackPointExtension>
<gpxtpx:speed>4.18</gpxtpx:speed>
</gpxtpx:TrackPointExtension>
<opentracks:accuracy_horizontal>3.664</opentracks:accuracy_horizontal></extensions>
</trkpt>
<trkpt lat="50.452917" lon="-104.436372">
<ele>580</ele>
<time>2026-07-27T07:31:08.557-06:00</time>
<extensions>
<gpxtpx:TrackPointExtension>
<gpxtpx:speed>4.2</gpxtpx:speed>
</gpxtpx:TrackPointExtension>
<opentracks:accuracy_horizontal>3.664</opentracks:accuracy_horizontal></extensions>
</trkpt>
<trkpt lat="50.452919" lon="-104.436197">
<ele>580.1</ele>
<time>2026-07-27T07:31:11.547-06:00</time>
<extensions>
<gpxtpx:TrackPointExtension>
<gpxtpx:speed>4.07</gpxtpx:speed>
</gpxtpx:TrackPointExtension>
<opentracks:accuracy_horizontal>3.664</opentracks:accuracy_horizontal></extensions>
</trkpt>
<trkpt lat="50.45291" lon="-104.436036">
<ele>580.5</ele>
<time>2026-07-27T07:31:14.565-06:00</time>
<extensions>
<gpxtpx:TrackPointExtension>
<gpxtpx:speed>3.71</gpxtpx:speed>
</gpxtpx:TrackPointExtension>
<opentracks:accuracy_horizontal>3.664</opentracks:accuracy_horizontal></extensions>
</trkpt>
<trkpt lat="50.452913" lon="-104.435883">
<ele>581.4</ele>
<time>2026-07-27T07:31:17.553-06:00</time>
<extensions>
<gpxtpx:TrackPointExtension>
<gpxtpx:speed>3.55</gpxtpx:speed>
</gpxtpx:TrackPointExtension>
<opentracks:accuracy_horizontal>3.664</opentracks:accuracy_horizontal></extensions>
</trkpt>
<trkpt lat="50.452916" lon="-104.435737">
<ele>581.7</ele>
<time>2026-07-27T07:31:20.543-06:00</time>
<extensions>
<gpxtpx:TrackPointExtension>
<gpxtpx:speed>3.14</gpxtpx:speed>
</gpxtpx:TrackPointExtension>
<opentracks:accuracy_horizontal>3.664</opentracks:accuracy_horizontal></extensions>
</trkpt>
<trkpt lat="50.452899" lon="-104.435574">
<ele>580.8</ele>
<time>2026-07-27T07:31:24.546-06:00</time>
<extensions>
<gpxtpx:TrackPointExtension>
<gpxtpx:speed>2.67</gpxtpx:speed>
</gpxtpx:TrackPointExtension>
<opentracks:accuracy_horizontal>3.743</opentracks:accuracy_horizontal></extensions>
</trkpt>
<trkpt lat="50.452891" lon="-104.435415">
<ele>581.5</ele>
<time>2026-07-27T07:31:28.554-06:00</time>
<extensions>
<gpxtpx:TrackPointExtension>
<gpxtpx:speed>2.9</gpxtpx:speed>
</gpxtpx:TrackPointExtension>
<opentracks:accuracy_horizontal>3.664</opentracks:accuracy_horizontal></extensions>
</trkpt>
<trkpt lat="50.452886" lon="-104.435254">
<ele>581.3</ele>
<time>2026-07-27T07:31:33.554-06:00</time>
<extensions>
<gpxtpx:TrackPointExtension>
<gpxtpx:speed>2.24</gpxtpx:speed>
</gpxtpx:TrackPointExtension>
<opentracks:accuracy_horizontal>3.664</opentracks:accuracy_horizontal></extensions>
</trkpt>
<trkpt lat="50.452882" lon="-104.435102">
<ele>581.8</ele>
<time>2026-07-27T07:31:38.557-06:00</time>
<extensions>
<gpxtpx:TrackPointExtension>
<gpxtpx:speed>1.87</gpxtpx:speed>
</gpxtpx:TrackPointExtension>
<opentracks:accuracy_horizontal>3.664</opentracks:accuracy_horizontal></extensions>
</trkpt>
<trkpt lat="50.452871" lon="-104.434943">
<ele>581.6</ele>
<time>2026-07-27T07:31:45.564-06:00</time>
<extensions>
<gpxtpx:TrackPointExtension>
<gpxtpx:speed>2.79</gpxtpx:speed>
</gpxtpx:TrackPointExtension>
<opentracks:accuracy_horizontal>3.664</opentracks:accuracy_horizontal></extensions>
</trkpt>
<trkpt lat="50.452773" lon="-104.434871">
<ele>581.4</ele>
<time>2026-07-27T07:31:48.557-06:00</time>
<extensions>
<gpxtpx:TrackPointExtension>
<gpxtpx:speed>4.28</gpxtpx:speed>
</gpxtpx:TrackPointExtension>
<opentracks:accuracy_horizontal>3.981</opentracks:accuracy_horizontal></extensions>
</trkpt>
<trkpt lat="50.452642" lon="-104.434831">
<ele>581.4</ele>
<time>2026-07-27T07:31:51.549-06:00</time>
<extensions>
<gpxtpx:TrackPointExtension>
<gpxtpx:speed>4.94</gpxtpx:speed>
</gpxtpx:TrackPointExtension>
<opentracks:accuracy_horizontal>3.664</opentracks:accuracy_horizontal></extensions>
</trkpt>
<trkpt lat="50.452544" lon="-104.434843">
<ele>581.2</ele>
<time>2026-07-27T07:31:53.558-06:00</time>
<extensions>
<gpxtpx:TrackPointExtension>
<gpxtpx:speed>5.07</gpxtpx:speed>
</gpxtpx:TrackPointExtension>
<opentracks:accuracy_horizontal>3.664</opentracks:accuracy_horizontal></extensions>
</trkpt>
<trkpt lat="50.452448" lon="-104.434849">
<ele>581.4</ele>
<time>2026-07-27T07:31:55.557-06:00</time>
<extensions>
<gpxtpx:TrackPointExtension>
<gpxtpx:speed>5.21</gpxtpx:speed>
</gpxtpx:TrackPointExtension>
<opentracks:accuracy_horizontal>3.664</opentracks:accuracy_horizontal></extensions>
</trkpt>
<trkpt lat="50.452349" lon="-104.434853">
<ele>581.6</ele>
<time>2026-07-27T07:31:57.553-06:00</time>
<extensions>
<gpxtpx:TrackPointExtension>
<gpxtpx:speed>5.37</gpxtpx:speed>
</gpxtpx:TrackPointExtension>
<opentracks:accuracy_horizontal>3.664</opentracks:accuracy_horizontal></extensions>
</trkpt>
<trkpt lat="50.45225" lon="-104.434863">
<ele>581.6</ele>
<time>2026-07-27T07:31:59.565-06:00</time>
<extensions>
<gpxtpx:TrackPointExtension>
<gpxtpx:speed>5.58</gpxtpx:speed>
</gpxtpx:TrackPointExtension>
<opentracks:accuracy_horizontal>3.664</opentracks:accuracy_horizontal></extensions>
</trkpt>
<trkpt lat="50.452146" lon="-104.434867">
<ele>581.6</ele>
<time>2026-07-27T07:32:01.554-06:00</time>
<extensions>
<gpxtpx:TrackPointExtension>
<gpxtpx:speed>5.62</gpxtpx:speed>
</gpxtpx:TrackPointExtension>
<opentracks:accuracy_horizontal>3.664</opentracks:accuracy_horizontal></extensions>
</trkpt>
<trkpt lat="50.45204" lon="-104.434869">
<ele>581.7</ele>
<time>2026-07-27T07:32:03.543-06:00</time>
<extensions>
<gpxtpx:TrackPointExtension>
<gpxtpx:speed>5.89</gpxtpx:speed>
</gpxtpx:TrackPointExtension>
<opentracks:accuracy_horizontal>3.676</opentracks:accuracy_horizontal></extensions>
</trkpt>
<trkpt lat="50.451931" lon="-104.434873">
<ele>581.8</ele>
<time>2026-07-27T07:32:05.556-06:00</time>
<extensions>
<gpxtpx:TrackPointExtension>
<gpxtpx:speed>5.82</gpxtpx:speed>
</gpxtpx:TrackPointExtension>
<opentracks:accuracy_horizontal>3.676</opentracks:accuracy_horizontal></extensions>
</trkpt>
<trkpt lat="50.451822" lon="-104.434876">
<ele>582</ele>
<time>2026-07-27T07:32:07.559-06:00</time>
<extensions>
<gpxtpx:TrackPointExtension>
<gpxtpx:speed>5.83</gpxtpx:speed>
</gpxtpx:TrackPointExtension>
<opentracks:accuracy_horizontal>3.676</opentracks:accuracy_horizontal></extensions>
</trkpt>
<trkpt lat="50.451712" lon="-104.434883">
<ele>582.1</ele>
<time>2026-07-27T07:32:09.551-06:00</time>
<extensions>
<gpxtpx:TrackPointExtension>
<gpxtpx:speed>5.91</gpxtpx:speed>
</gpxtpx:TrackPointExtension>
<opentracks:accuracy_horizontal>3.664</opentracks:accuracy_horizontal></extensions>
</trkpt>
<trkpt lat="50.451604" lon="-104.434898">
<ele>582.2</ele>
<time>2026-07-27T07:32:11.562-06:00</time>
<extensions>
<gpxtpx:TrackPointExtension>
<gpxtpx:speed>5.95</gpxtpx:speed>
</gpxtpx:TrackPointExtension>
<opentracks:accuracy_horizontal>3.664</opentracks:accuracy_horizontal></extensions>
</trkpt>
<trkpt lat="50.451496" lon="-104.434913">
<ele>582.5</ele>
<time>2026-07-27T07:32:13.545-06:00</time>
<extensions>
<gpxtpx:TrackPointExtension>
<gpxtpx:speed>5.95</gpxtpx:speed>
</gpxtpx:TrackPointExtension>
<opentracks:accuracy_horizontal>3.664</opentracks:accuracy_horizontal></extensions>
</trkpt>
<trkpt lat="50.451388" lon="-104.43492">
<ele>582.6</ele>
<time>2026-07-27T07:32:15.55-06:00</time>
<extensions>
<gpxtpx:TrackPointExtension>
<gpxtpx:speed>5.99</gpxtpx:speed>
</gpxtpx:TrackPointExtension>
<opentracks:accuracy_horizontal>3.664</opentracks:accuracy_horizontal></extensions>
</trkpt>
<trkpt lat="50.451279" lon="-104.434922">
<ele>583</ele>
<time>2026-07-27T07:32:17.564-06:00</time>
<extensions>
<gpxtpx:TrackPointExtension>
<gpxtpx:speed>6</gpxtpx:speed>
</gpxtpx:TrackPointExtension>
<opentracks:accuracy_horizontal>3.664</opentracks:accuracy_horizontal></extensions>
</trkpt>
<trkpt lat="50.45117" lon="-104.434924">
<ele>583.2</ele>
<time>2026-07-27T07:32:19.555-06:00</time>
<extensions>
<gpxtpx:TrackPointExtension>
<gpxtpx:speed>6.02</gpxtpx:speed>
</gpxtpx:TrackPointExtension>
<opentracks:accuracy_horizontal>3.664</opentracks:accuracy_horizontal></extensions>
</trkpt>
<trkpt lat="50.451061" lon="-104.434932">
<ele>583.1</ele>
<time>2026-07-27T07:32:21.559-06:00</time>
<extensions>
<gpxtpx:TrackPointExtension>
<gpxtpx:speed>5.98</gpxtpx:speed>
</gpxtpx:TrackPointExtension>
<opentracks:accuracy_horizontal>3.664</opentracks:accuracy_horizontal></extensions>
</trkpt>
<trkpt lat="50.450951" lon="-104.434941">
<ele>582.8</ele>
<time>2026-07-27T07:32:23.548-06:00</time>
<extensions>
<gpxtpx:TrackPointExtension>
<gpxtpx:speed>6.12</gpxtpx:speed>
</gpxtpx:TrackPointExtension>
<opentracks:accuracy_horizontal>3.664</opentracks:accuracy_horizontal></extensions>
</trkpt>
<trkpt lat="50.450843" lon="-104.434964">
<ele>583.2</ele>
<time>2026-07-27T07:32:25.558-06:00</time>
<extensions>
<gpxtpx:TrackPointExtension>
<gpxtpx:speed>6.15</gpxtpx:speed>
</gpxtpx:TrackPointExtension>
<opentracks:accuracy_horizontal>3.819</opentracks:accuracy_horizontal></extensions>
</trkpt>
<trkpt lat="50.450723" lon="-104.434978">
<ele>583.3</ele>
<time>2026-07-27T07:32:27.561-06:00</time>
<extensions>
<gpxtpx:TrackPointExtension>
<gpxtpx:speed>6.72</gpxtpx:speed>
</gpxtpx:TrackPointExtension>
<opentracks:accuracy_horizontal>3.819</opentracks:accuracy_horizontal></extensions>
</trkpt>
<trkpt lat="50.4506" lon="-104.43497">
<ele>583.3</ele>
<time>2026-07-27T07:32:29.56-06:00</time>
<extensions>
<gpxtpx:TrackPointExtension>
<gpxtpx:speed>6.81</gpxtpx:speed>
</gpxtpx:TrackPointExtension>
<opentracks:accuracy_horizontal>3.664</opentracks:accuracy_horizontal></extensions>
</trkpt>
<trkpt lat="50.450474" lon="-104.434975">
<ele>583.3</ele>
<time>2026-07-27T07:32:31.569-06:00</time>
<extensions>
<gpxtpx:TrackPointExtension>
<gpxtpx:speed>6.89</gpxtpx:speed>
</gpxtpx:TrackPointExtension>
<opentracks:accuracy_horizontal>3.664</opentracks:accuracy_horizontal></extensions>
</trkpt>
<trkpt lat="50.450346" lon="-104.434984">
<ele>582.9</ele>
<time>2026-07-27T07:32:33.543-06:00</time>
<extensions>
<gpxtpx:TrackPointExtension>
<gpxtpx:speed>7.24</gpxtpx:speed>
</gpxtpx:TrackPointExtension>
<opentracks:accuracy_horizontal>3.664</opentracks:accuracy_horizontal></extensions>
</trkpt>
<trkpt lat="50.450212" lon="-104.434982">
<ele>582.9</ele>
<time>2026-07-27T07:32:35.552-06:00</time>
<extensions>
<gpxtpx:TrackPointExtension>
<gpxtpx:speed>7.51</gpxtpx:speed>
</gpxtpx:TrackPointExtension>
<opentracks:accuracy_horizontal>3.455</opentracks:accuracy_horizontal></extensions>
</trkpt>
<trkpt lat="50.450075" lon="-104.43497">
<ele>582.8</ele>
<time>2026-07-27T07:32:37.553-06:00</time>
<extensions>
<gpxtpx:TrackPointExtension>
<gpxtpx:speed>7.76</gpxtpx:speed>
</gpxtpx:TrackPointExtension>
<opentracks:accuracy_horizontal>3.568</opentracks:accuracy_horizontal></extensions>
</trkpt>
<trkpt lat="50.449937" lon="-104.434976">
<ele>582.6</ele>
<time>2026-07-27T07:32:39.543-06:00</time>
<extensions>
<gpxtpx:TrackPointExtension>
<gpxtpx:speed>7.38</gpxtpx:speed>
</gpxtpx:TrackPointExtension>
<opentracks:accuracy_horizontal>3.568</opentracks:accuracy_horizontal></extensions>
</trkpt>
<trkpt lat="50.449808" lon="-104.434978">
<ele>582.7</ele>
<time>2026-07-27T07:32:41.552-06:00</time>
<extensions>
<gpxtpx:TrackPointExtension>
<gpxtpx:speed>7.1</gpxtpx:speed>
</gpxtpx:TrackPointExtension>
<opentracks:accuracy_horizontal>3.568</opentracks:accuracy_horizontal></extensions>
</trkpt>
<trkpt lat="50.449683" lon="-104.434979">
<ele>582.8</ele>
<time>2026-07-27T07:32:43.576-06:00</time>
<extensions>
<gpxtpx:TrackPointExtension>
<gpxtpx:speed>6.83</gpxtpx:speed>
</gpxtpx:TrackPointExtension>
<opentracks:accuracy_horizontal>3.663</opentracks:accuracy_horizontal></extensions>
</trkpt>
<trkpt lat="50.449563" lon="-104.434982">
<ele>582.7</ele>
<time>2026-07-27T07:32:45.548-06:00</time>
<extensions>
<gpxtpx:TrackPointExtension>
<gpxtpx:speed>6.55</gpxtpx:speed>
</gpxtpx:TrackPointExtension>
<opentracks:accuracy_horizontal>3.663</opentracks:accuracy_horizontal></extensions>
</trkpt>
<trkpt lat="50.449447" lon="-104.434986">
<ele>582.7</ele>
<time>2026-07-27T07:32:47.559-06:00</time>
<extensions>
<gpxtpx:TrackPointExtension>
<gpxtpx:speed>6.22</gpxtpx:speed>
</gpxtpx:TrackPointExtension>
<opentracks:accuracy_horizontal>3.663</opentracks:accuracy_horizontal></extensions>
</trkpt>
<trkpt lat="50.449342" lon="-104.434981">
<ele>582.9</ele>
<time>2026-07-27T07:32:49.539-06:00</time>
<extensions>
<gpxtpx:TrackPointExtension>
<gpxtpx:speed>5.77</gpxtpx:speed>
</gpxtpx:TrackPointExtension>
<opentracks:accuracy_horizontal>3.663</opentracks:accuracy_horizontal></extensions>
</trkpt>
<trkpt lat="50.449246" lon="-104.435">
<ele>583.4</ele>
<time>2026-07-27T07:32:51.562-06:00</time>
<extensions>
<gpxtpx:TrackPointExtension>
<gpxtpx:speed>5.26</gpxtpx:speed>
</gpxtpx:TrackPointExtension>
<opentracks:accuracy_horizontal>3.675</opentracks:accuracy_horizontal></extensions>
</trkpt>
<trkpt lat="50.449151" lon="-104.434953">
<ele>583.8</ele>
<time>2026-07-27T07:32:53.581-06:00</time>
<extensions>
<gpxtpx:TrackPointExtension>
<gpxtpx:speed>6.03</gpxtpx:speed>
</gpxtpx:TrackPointExtension>
<opentracks:accuracy_horizontal>3.663</opentracks:accuracy_horizontal></extensions>
</trkpt>
<trkpt lat="50.449035" lon="-104.434949">
<ele>584</ele>
<time>2026-07-27T07:32:55.572-06:00</time>
<extensions>
<gpxtpx:TrackPointExtension>
<gpxtpx:speed>6.27</gpxtpx:speed>
</gpxtpx:TrackPointExtension>
<opentracks:accuracy_horizontal>3.663</opentracks:accuracy_horizontal></extensions>
</trkpt>
<trkpt lat="50.448917" lon="-104.434947">
<ele>584.5</ele>
<time>2026-07-27T07:32:57.568-06:00</time>
<extensions>
<gpxtpx:TrackPointExtension>
<gpxtpx:speed>6.29</gpxtpx:speed>
</gpxtpx:TrackPointExtension>
<opentracks:accuracy_horizontal>3.663</opentracks:accuracy_horizontal></extensions>
</trkpt>
<trkpt lat="50.44881" lon="-104.434889">
<ele>584.9</ele>
<time>2026-07-27T07:32:59.56-06:00</time>
<extensions>
<gpxtpx:TrackPointExtension>
<gpxtpx:speed>6.15</gpxtpx:speed>
</gpxtpx:TrackPointExtension>
<opentracks:accuracy_horizontal>3.663</opentracks:accuracy_horizontal></extensions>
</trkpt>
<trkpt lat="50.448702" lon="-104.434821">
<ele>585.5</ele>
<time>2026-07-27T07:33:01.556-06:00</time>
<extensions>
<gpxtpx:TrackPointExtension>
<gpxtpx:speed>6.24</gpxtpx:speed>
</gpxtpx:TrackPointExtension>
<opentracks:accuracy_horizontal>3.663</opentracks:accuracy_horizontal></extensions>
</trkpt>
<trkpt lat="50.44859" lon="-104.434771">
<ele>585.7</ele>
<time>2026-07-27T07:33:03.57-06:00</time>
<extensions>
<gpxtpx:TrackPointExtension>
<gpxtpx:speed>6.28</gpxtpx:speed>
</gpxtpx:TrackPointExtension>
<opentracks:accuracy_horizontal>3.663</opentracks:accuracy_horizontal></extensions>
</trkpt>
<trkpt lat="50.448481" lon="-104.434753">
<ele>585.9</ele>
<time>2026-07-27T07:33:05.555-06:00</time>
<extensions>
<gpxtpx:TrackPointExtension>
<gpxtpx:speed>6.13</gpxtpx:speed>
</gpxtpx:TrackPointExtension>
<opentracks:accuracy_horizontal>3.663</opentracks:accuracy_horizontal></extensions>
</trkpt>
<trkpt lat="50.448369" lon="-104.434754">
<ele>586</ele>
<time>2026-07-27T07:33:07.555-06:00</time>
<extensions>
<gpxtpx:TrackPointExtension>
<gpxtpx:speed>6</gpxtpx:speed>
</gpxtpx:TrackPointExtension>
<opentracks:accuracy_horizontal>3.663</opentracks:accuracy_horizontal></extensions>
</trkpt>
<trkpt lat="50.448264" lon="-104.434761">
<ele>586.2</ele>
<time>2026-07-27T07:33:09.565-06:00</time>
<extensions>
<gpxtpx:TrackPointExtension>
<gpxtpx:speed>5.5</gpxtpx:speed>
</gpxtpx:TrackPointExtension>
<opentracks:accuracy_horizontal>3.663</opentracks:accuracy_horizontal></extensions>
</trkpt>
<trkpt lat="50.448166" lon="-104.434766">
<ele>586.4</ele>
<time>2026-07-27T07:33:11.563-06:00</time>
<extensions>
<gpxtpx:TrackPointExtension>
<gpxtpx:speed>5.53</gpxtpx:speed>
</gpxtpx:TrackPointExtension>
<opentracks:accuracy_horizontal>3.663</opentracks:accuracy_horizontal></extensions>
</trkpt>
<trkpt lat="50.448061" lon="-104.434758">
<ele>586.2</ele>
<time>2026-07-27T07:33:13.554-06:00</time>
<extensions>
<gpxtpx:TrackPointExtension>
<gpxtpx:speed>5.97</gpxtpx:speed>
</gpxtpx:TrackPointExtension>
<opentracks:accuracy_horizontal>3.663</opentracks:accuracy_horizontal></extensions>
</trkpt>
<trkpt lat="50.447945" lon="-104.434756">
<ele>586.7</ele>
<time>2026-07-27T07:33:15.567-06:00</time>
<extensions>
<gpxtpx:TrackPointExtension>
<gpxtpx:speed>6.4</gpxtpx:speed>
</gpxtpx:TrackPointExtension>
<opentracks:accuracy_horizontal>3.663</opentracks:accuracy_horizontal></extensions>
</trkpt>
<trkpt lat="50.447822" lon="-104.434757">
<ele>587.1</ele>
<time>2026-07-27T07:33:17.56-06:00</time>
<extensions>
<gpxtpx:TrackPointExtension>
<gpxtpx:speed>6.77</gpxtpx:speed>
</gpxtpx:TrackPointExtension>
<opentracks:accuracy_horizontal>3.663</opentracks:accuracy_horizontal></extensions>
</trkpt>
<trkpt lat="50.447698" lon="-104.434762">
<ele>586.9</ele>
<time>2026-07-27T07:33:19.559-06:00</time>
<extensions>
<gpxtpx:TrackPointExtension>
<gpxtpx:speed>6.65</gpxtpx:speed>
</gpxtpx:TrackPointExtension>
<opentracks:accuracy_horizontal>3.663</opentracks:accuracy_horizontal></extensions>
</trkpt>
<trkpt lat="50.447574" lon="-104.43477">
<ele>587.1</ele>
<time>2026-07-27T07:33:21.559-06:00</time>
<extensions>
<gpxtpx:TrackPointExtension>
<gpxtpx:speed>7.03</gpxtpx:speed>
</gpxtpx:TrackPointExtension>
<opentracks:accuracy_horizontal>3.663</opentracks:accuracy_horizontal></extensions>
</trkpt>
<trkpt lat="50.447443" lon="-104.434768">
<ele>587.2</ele>
<time>2026-07-27T07:33:23.564-06:00</time>
<extensions>
<gpxtpx:TrackPointExtension>
<gpxtpx:speed>7.53</gpxtpx:speed>
</gpxtpx:TrackPointExtension>
<opentracks:accuracy_horizontal>3.663</opentracks:accuracy_horizontal></extensions>
</trkpt>
<trkpt lat="50.447304" lon="-104.434763">
<ele>587.4</ele>
<time>2026-07-27T07:33:25.555-06:00</time>
<extensions>
<gpxtpx:TrackPointExtension>
<gpxtpx:speed>7.82</gpxtpx:speed>
</gpxtpx:TrackPointExtension>
<opentracks:accuracy_horizontal>3.663</opentracks:accuracy_horizontal></extensions>
</trkpt>
<trkpt lat="50.447153" lon="-104.434766">
<ele>587.4</ele>
<time>2026-07-27T07:33:27.561-06:00</time>
<extensions>
<gpxtpx:TrackPointExtension>
<gpxtpx:speed>8.45</gpxtpx:speed>
</gpxtpx:TrackPointExtension>
<opentracks:accuracy_horizontal>3.663</opentracks:accuracy_horizontal></extensions>
</trkpt>
<trkpt lat="50.446993" lon="-104.434752">
<ele>586.7</ele>
<time>2026-07-27T07:33:29.532-06:00</time>
<extensions>
<gpxtpx:TrackPointExtension>
<gpxtpx:speed>8.94</gpxtpx:speed>
</gpxtpx:TrackPointExtension>
<opentracks:accuracy_horizontal>3.663</opentracks:accuracy_horizontal></extensions>
</trkpt>
<trkpt lat="50.446833" lon="-104.434735">
<ele>586.6</ele>
<time>2026-07-27T07:33:31.562-06:00</time>
<extensions>
<gpxtpx:TrackPointExtension>
<gpxtpx:speed>8.9</gpxtpx:speed>
</gpxtpx:TrackPointExtension>
<opentracks:accuracy_horizontal>3.663</opentracks:accuracy_horizontal></extensions>
</trkpt>
<trkpt lat="50.446681" lon="-104.434758">
<ele>586.6</ele>
<time>2026-07-27T07:33:33.57-06:00</time>
<extensions>
<gpxtpx:TrackPointExtension>
<gpxtpx:speed>8.29</gpxtpx:speed>
</gpxtpx:TrackPointExtension>
<opentracks:accuracy_horizontal>3.663</opentracks:accuracy_horizontal></extensions>
</trkpt>
<trkpt lat="50.446545" lon="-104.434846">
<ele>586.2</ele>
<time>2026-07-27T07:33:35.562-06:00</time>
<extensions>
<gpxtpx:TrackPointExtension>
<gpxtpx:speed>8.04</gpxtpx:speed>
</gpxtpx:TrackPointExtension>
<opentracks:accuracy_horizontal>3.663</opentracks:accuracy_horizontal></extensions>
</trkpt>
<trkpt lat="50.446417" lon="-104.434897">
<ele>585.7</ele>
<time>2026-07-27T07:33:37.567-06:00</time>
<extensions>
<gpxtpx:TrackPointExtension>
<gpxtpx:speed>7.72</gpxtpx:speed>
</gpxtpx:TrackPointExtension>
<opentracks:accuracy_horizontal>3.663</opentracks:accuracy_horizontal></extensions>
</trkpt>
<trkpt lat="50.446275" lon="-104.43488">
<ele>585.6</ele>
<time>2026-07-27T07:33:39.551-06:00</time>
<extensions>
<gpxtpx:TrackPointExtension>
<gpxtpx:speed>7.88</gpxtpx:speed>
</gpxtpx:TrackPointExtension>
<opentracks:accuracy_horizontal>3.663</opentracks:accuracy_horizontal></extensions>
</trkpt>
<trkpt lat="50.446122" lon="-104.434865">
<ele>585.5</ele>
<time>2026-07-27T07:33:41.573-06:00</time>
<extensions>
<gpxtpx:TrackPointExtension>
<gpxtpx:speed>8.67</gpxtpx:speed>
</gpxtpx:TrackPointExtension>
<opentracks:accuracy_horizontal>3.663</opentracks:accuracy_horizontal></extensions>
</trkpt>
<trkpt lat="50.445958" lon="-104.43487">
<ele>585.3</ele>
<time>2026-07-27T07:33:43.552-06:00</time>
<extensions>
<gpxtpx:TrackPointExtension>
<gpxtpx:speed>9.23</gpxtpx:speed>
</gpxtpx:TrackPointExtension>
<opentracks:accuracy_horizontal>3.663</opentracks:accuracy_horizontal></extensions>
</trkpt>
<trkpt lat="50.44578" lon="-104.434888">
<ele>585.3</ele>
<time>2026-07-27T07:33:45.567-06:00</time>
<extensions>
<gpxtpx:TrackPointExtension>
<gpxtpx:speed>9.89</gpxtpx:speed>
</gpxtpx:TrackPointExtension>
<opentracks:accuracy_horizontal>3.663</opentracks:accuracy_horizontal></extensions>
</trkpt>
<trkpt lat="50.445689" lon="-104.434891">
<ele>585.1</ele>
<time>2026-07-27T07:33:46.574-06:00</time>
<extensions>
<gpxtpx:TrackPointExtension>
<gpxtpx:speed>10.2</gpxtpx:speed>
</gpxtpx:TrackPointExtension>
<opentracks:accuracy_horizontal>3.663</opentracks:accuracy_horizontal></extensions>
</trkpt>
<trkpt lat="50.445595" lon="-104.434886">
<ele>585</ele>
<time>2026-07-27T07:33:47.573-06:00</time>
<extensions>
<gpxtpx:TrackPointExtension>
<gpxtpx:speed>10.31</gpxtpx:speed>
</gpxtpx:TrackPointExtension>
<opentracks:accuracy_horizontal>3.663</opentracks:accuracy_horizontal></extensions>
</trkpt>
<trkpt lat="50.445501" lon="-104.434878">
<ele>584.8</ele>
<time>2026-07-27T07:33:48.56-06:00</time>
<extensions>
<gpxtpx:TrackPointExtension>
<gpxtpx:speed>10.19</gpxtpx:speed>
</gpxtpx:TrackPointExtension>
<opentracks:accuracy_horizontal>3.663</opentracks:accuracy_horizontal></extensions>
</trkpt>
<trkpt lat="50.44541" lon="-104.434874">
<ele>584.4</ele>
<time>2026-07-27T07:33:49.554-06:00</time>
<extensions>
<gpxtpx:TrackPointExtension>
<gpxtpx:speed>9.84</gpxtpx:speed>
</gpxtpx:TrackPointExtension>
<opentracks:accuracy_horizontal>3.663</opentracks:accuracy_horizontal></extensions>
</trkpt>
<trkpt lat="50.445238" lon="-104.434873">
<ele>584.2</ele>
<time>2026-07-27T07:33:51.552-06:00</time>
<extensions>
<gpxtpx:TrackPointExtension>
<gpxtpx:speed>9.66</gpxtpx:speed>
</gpxtpx:TrackPointExtension>
<opentracks:accuracy_horizontal>3.663</opentracks:accuracy_horizontal></extensions>
</trkpt>
<trkpt lat="50.44507" lon="-104.434925">
<ele>584</ele>
<time>2026-07-27T07:33:53.541-06:00</time>
<extensions>
<gpxtpx:TrackPointExtension>
<gpxtpx:speed>9.24</gpxtpx:speed>
</gpxtpx:TrackPointExtension>
<opentracks:accuracy_horizontal>3.663</opentracks:accuracy_horizontal></extensions>
</trkpt>
<trkpt lat="50.444912" lon="-104.434936">
<ele>583.4</ele>
<time>2026-07-27T07:33:55.552-06:00</time>
<extensions>
<gpxtpx:TrackPointExtension>
<gpxtpx:speed>9.17</gpxtpx:speed>
</gpxtpx:TrackPointExtension>
<opentracks:accuracy_horizontal>3.663</opentracks:accuracy_horizontal></extensions>
</trkpt>
<trkpt lat="50.444748" lon="-104.434904">
<ele>583.4</ele>
<time>2026-07-27T07:33:57.567-06:00</time>
<extensions>
<gpxtpx:TrackPointExtension>
<gpxtpx:speed>9.18</gpxtpx:speed>
</gpxtpx:TrackPointExtension>
<opentracks:accuracy_horizontal>3.663</opentracks:accuracy_horizontal></extensions>
</trkpt>
<trkpt lat="50.444585" lon="-104.434895">
<ele>583.1</ele>
<time>2026-07-27T07:33:59.56-06:00</time>
<extensions>
<gpxtpx:TrackPointExtension>
<gpxtpx:speed>8.99</gpxtpx:speed>
</gpxtpx:TrackPointExtension>
<opentracks:accuracy_horizontal>3.663</opentracks:accuracy_horizontal></extensions>
</trkpt>
<trkpt lat="50.444424" lon="-104.43488">
<ele>582.4</ele>
<time>2026-07-27T07:34:01.554-06:00</time>
<extensions>
<gpxtpx:TrackPointExtension>
<gpxtpx:speed>9.08</gpxtpx:speed>
</gpxtpx:TrackPointExtension>
<opentracks:accuracy_horizontal>3.663</opentracks:accuracy_horizontal></extensions>
</trkpt>
<trkpt lat="50.444266" lon="-104.434851">
<ele>581.8</ele>
<time>2026-07-27T07:34:03.556-06:00</time>
<extensions>
<gpxtpx:TrackPointExtension>
<gpxtpx:speed>8.85</gpxtpx:speed>
</gpxtpx:TrackPointExtension>
<opentracks:accuracy_horizontal>3.663</opentracks:accuracy_horizontal></extensions>
</trkpt>
<trkpt lat="50.444111" lon="-104.43485">
<ele>581.4</ele>
<time>2026-07-27T07:34:05.569-06:00</time>
<extensions>
<gpxtpx:TrackPointExtension>
<gpxtpx:speed>8.44</gpxtpx:speed>
</gpxtpx:TrackPointExtension>
<opentracks:accuracy_horizontal>3.663</opentracks:accuracy_horizontal></extensions>
</trkpt>
<trkpt lat="50.44396" lon="-104.434851">
<ele>581</ele>
<time>2026-07-27T07:34:07.557-06:00</time>
<extensions>
<gpxtpx:TrackPointExtension>
<gpxtpx:speed>8.49</gpxtpx:speed>
</gpxtpx:TrackPointExtension>
<opentracks:accuracy_horizontal>3.663</opentracks:accuracy_horizontal></extensions>
</trkpt>
<trkpt lat="50.443807" lon="-104.43483">
<ele>580.7</ele>
<time>2026-07-27T07:34:09.56-06:00</time>
<extensions>
<gpxtpx:TrackPointExtension>
<gpxtpx:speed>8.58</gpxtpx:speed>
</gpxtpx:TrackPointExtension>
<opentracks:accuracy_horizontal>3.663</opentracks:accuracy_horizontal></extensions>
</trkpt>
<trkpt lat="50.443649" lon="-104.434801">
<ele>580.6</ele>
<time>2026-07-27T07:34:11.561-06:00</time>
<extensions>
<gpxtpx:TrackPointExtension>
<gpxtpx:speed>8.57</gpxtpx:speed>
</gpxtpx:TrackPointExtension>
<opentracks:accuracy_horizontal>3.663</opentracks:accuracy_horizontal></extensions>
</trkpt>
<trkpt lat="50.443494" lon="-104.434784">
<ele>580.4</ele>
<time>2026-07-27T07:34:13.558-06:00</time>
<extensions>
<gpxtpx:TrackPointExtension>
<gpxtpx:speed>8.42</gpxtpx:speed>
</gpxtpx:TrackPointExtension>
<opentracks:accuracy_horizontal>3.663</opentracks:accuracy_horizontal></extensions>
</trkpt>
<trkpt lat="50.443355" lon="-104.434849">
<ele>580.1</ele>
<time>2026-07-27T07:34:15.559-06:00</time>
<extensions>
<gpxtpx:TrackPointExtension>
<gpxtpx:speed>7.95</gpxtpx:speed>
</gpxtpx:TrackPointExtension>
<opentracks:accuracy_horizontal>3.663</opentracks:accuracy_horizontal></extensions>
</trkpt>
<trkpt lat="50.443257" lon="-104.434996">
<ele>579.9</ele>
<time>2026-07-27T07:34:17.57-06:00</time>
<extensions>
<gpxtpx:TrackPointExtension>
<gpxtpx:speed>7.13</gpxtpx:speed>
</gpxtpx:TrackPointExtension>
<opentracks:accuracy_horizontal>3.663</opentracks:accuracy_horizontal></extensions>
</trkpt>
<trkpt lat="50.443156" lon="-104.435107">
<ele>579.7</ele>
<time>2026-07-27T07:34:19.57-06:00</time>
<extensions>
<gpxtpx:TrackPointExtension>
<gpxtpx:speed>7.16</gpxtpx:speed>
</gpxtpx:TrackPointExtension>
<opentracks:accuracy_horizontal>3.663</opentracks:accuracy_horizontal></extensions>
</trkpt>
<trkpt lat="50.443028" lon="-104.435075">
<ele>580.1</ele>
<time>2026-07-27T07:34:21.562-06:00</time>
<extensions>
<gpxtpx:TrackPointExtension>
<gpxtpx:speed>7.18</gpxtpx:speed>
</gpxtpx:TrackPointExtension>
<opentracks:accuracy_horizontal>3.663</opentracks:accuracy_horizontal></extensions>
</trkpt>
<trkpt lat="50.44292" lon="-104.434935">
<ele>579.7</ele>
<time>2026-07-27T07:34:23.553-06:00</time>
<extensions>
<gpxtpx:TrackPointExtension>
<gpxtpx:speed>7</gpxtpx:speed>
</gpxtpx:TrackPointExtension>
<opentracks:accuracy_horizontal>3.663</opentracks:accuracy_horizontal></extensions>
</trkpt>
<trkpt lat="50.442869" lon="-104.434747">
<ele>579.3</ele>
<time>2026-07-27T07:34:25.559-06:00</time>
<extensions>
<gpxtpx:TrackPointExtension>
<gpxtpx:speed>6.93</gpxtpx:speed>
</gpxtpx:TrackPointExtension>
<opentracks:accuracy_horizontal>3.815</opentracks:accuracy_horizontal></extensions>
</trkpt>
<trkpt lat="50.442885" lon="-104.434534">
<ele>579.9</ele>
<time>2026-07-27T07:34:27.566-06:00</time>
<extensions>
<gpxtpx:TrackPointExtension>
<gpxtpx:speed>7.13</gpxtpx:speed>
</gpxtpx:TrackPointExtension>
<opentracks:accuracy_horizontal>3.832</opentracks:accuracy_horizontal></extensions>
</trkpt>
<trkpt lat="50.442963" lon="-104.434345">
<ele>580.2</ele>
<time>2026-07-27T07:34:29.551-06:00</time>
<extensions>
<gpxtpx:TrackPointExtension>
<gpxtpx:speed>7.33</gpxtpx:speed>
</gpxtpx:TrackPointExtension>
<opentracks:accuracy_horizontal>3.675</opentracks:accuracy_horizontal></extensions>
</trkpt>
<trkpt lat="50.443057" lon="-104.434146">
<ele>580.6</ele>
<time>2026-07-27T07:34:31.562-06:00</time>
<extensions>
<gpxtpx:TrackPointExtension>
<gpxtpx:speed>8.38</gpxtpx:speed>
</gpxtpx:TrackPointExtension>
<opentracks:accuracy_horizontal>3.663</opentracks:accuracy_horizontal></extensions>
</trkpt>
<trkpt lat="50.443087" lon="-104.4339">
<ele>580.9</ele>
<time>2026-07-27T07:34:33.562-06:00</time>
<extensions>
<gpxtpx:TrackPointExtension>
<gpxtpx:speed>8.81</gpxtpx:speed>
</gpxtpx:TrackPointExtension>
<opentracks:accuracy_horizontal>3.663</opentracks:accuracy_horizontal></extensions>
</trkpt>
<trkpt lat="50.443075" lon="-104.433659">
<ele>580.5</ele>
<time>2026-07-27T07:34:35.569-06:00</time>
<extensions>
<gpxtpx:TrackPointExtension>
<gpxtpx:speed>8.49</gpxtpx:speed>
</gpxtpx:TrackPointExtension>
<opentracks:accuracy_horizontal>3.663</opentracks:accuracy_horizontal></extensions>
</trkpt>
<trkpt lat="50.44308" lon="-104.433433">
<ele>580.9</ele>
<time>2026-07-27T07:34:37.572-06:00</time>
<extensions>
<gpxtpx:TrackPointExtension>
<gpxtpx:speed>7.71</gpxtpx:speed>
</gpxtpx:TrackPointExtension>
<opentracks:accuracy_horizontal>3.663</opentracks:accuracy_horizontal></extensions>
</trkpt>
<trkpt lat="50.443082" lon="-104.433224">
<ele>581.3</ele>
<time>2026-07-27T07:34:39.555-06:00</time>
<extensions>
<gpxtpx:TrackPointExtension>
<gpxtpx:speed>7.37</gpxtpx:speed>
</gpxtpx:TrackPointExtension>
<opentracks:accuracy_horizontal>3.663</opentracks:accuracy_horizontal></extensions>
</trkpt>
<trkpt lat="50.443084" lon="-104.433025">
<ele>581.3</ele>
<time>2026-07-27T07:34:41.558-06:00</time>
<extensions>
<gpxtpx:TrackPointExtension>
<gpxtpx:speed>7.03</gpxtpx:speed>
</gpxtpx:TrackPointExtension>
<opentracks:accuracy_horizontal>3.663</opentracks:accuracy_horizontal></extensions>
</trkpt>
<trkpt lat="50.443097" lon="-104.432829">
<ele>581.4</ele>
<time>2026-07-27T07:34:43.561-06:00</time>
<extensions>
<gpxtpx:TrackPointExtension>
<gpxtpx:speed>7.01</gpxtpx:speed>
</gpxtpx:TrackPointExtension>
<opentracks:accuracy_horizontal>3.663</opentracks:accuracy_horizontal></extensions>
</trkpt>
<trkpt lat="50.443112" lon="-104.432631">
<ele>581.5</ele>
<time>2026-07-27T07:34:45.581-06:00</time>
<extensions>
<gpxtpx:TrackPointExtension>
<gpxtpx:speed>6.93</gpxtpx:speed>
</gpxtpx:TrackPointExtension>
<opentracks:accuracy_horizontal>3.663</opentracks:accuracy_horizontal></extensions>
</trkpt>
<trkpt lat="50.443128" lon="-104.432441">
<ele>581.3</ele>
<time>2026-07-27T07:34:47.559-06:00</time>
<extensions>
<gpxtpx:TrackPointExtension>
<gpxtpx:speed>6.89</gpxtpx:speed>
</gpxtpx:TrackPointExtension>
<opentracks:accuracy_horizontal>3.662</opentracks:accuracy_horizontal></extensions>
</trkpt>
<trkpt lat="50.443146" lon="-104.432249">
<ele>581.1</ele>
<time>2026-07-27T07:34:49.563-06:00</time>
<extensions>
<gpxtpx:TrackPointExtension>
<gpxtpx:speed>7</gpxtpx:speed>
</gpxtpx:TrackPointExtension>
<opentracks:accuracy_horizontal>3.662</opentracks:accuracy_horizontal></extensions>
</trkpt>
<trkpt lat="50.443168" lon="-104.432063">
<ele>580.9</ele>
<time>2026-07-27T07:34:51.558-06:00</time>
<extensions>
<gpxtpx:TrackPointExtension>
<gpxtpx:speed>6.92</gpxtpx:speed>
</gpxtpx:TrackPointExtension>
<opentracks:accuracy_horizontal>3.662</opentracks:accuracy_horizontal></extensions>
</trkpt>
<trkpt lat="50.443196" lon="-104.431873">
<ele>580.6</ele>
<time>2026-07-27T07:34:53.564-06:00</time>
<extensions>
<gpxtpx:TrackPointExtension>
<gpxtpx:speed>7.03</gpxtpx:speed>
</gpxtpx:TrackPointExtension>
<opentracks:accuracy_horizontal>3.662</opentracks:accuracy_horizontal></extensions>
</trkpt>
<trkpt lat="50.44323" lon="-104.431684">
<ele>580.6</ele>
<time>2026-07-27T07:34:55.554-06:00</time>
<extensions>
<gpxtpx:TrackPointExtension>
<gpxtpx:speed>6.97</gpxtpx:speed>
</gpxtpx:TrackPointExtension>
<opentracks:accuracy_horizontal>3.662</opentracks:accuracy_horizontal></extensions>
</trkpt>
<trkpt lat="50.443273" lon="-104.4315">
<ele>580.4</ele>
<time>2026-07-27T07:34:57.554-06:00</time>
<extensions>
<gpxtpx:TrackPointExtension>
<gpxtpx:speed>6.93</gpxtpx:speed>
</gpxtpx:TrackPointExtension>
<opentracks:accuracy_horizontal>3.662</opentracks:accuracy_horizontal></extensions>
</trkpt>
<trkpt lat="50.443317" lon="-104.431311">
<ele>580.2</ele>
<time>2026-07-27T07:34:59.552-06:00</time>
<extensions>
<gpxtpx:TrackPointExtension>
<gpxtpx:speed>7.16</gpxtpx:speed>
</gpxtpx:TrackPointExtension>
<opentracks:accuracy_horizontal>3.662</opentracks:accuracy_horizontal></extensions>
</trkpt>
<trkpt lat="50.443368" lon="-104.431115">
<ele>579.8</ele>
<time>2026-07-27T07:35:01.555-06:00</time>
<extensions>
<gpxtpx:TrackPointExtension>
<gpxtpx:speed>7.38</gpxtpx:speed>
</gpxtpx:TrackPointExtension>
<opentracks:accuracy_horizontal>3.662</opentracks:accuracy_horizontal></extensions>
</trkpt>
<trkpt lat="50.443422" lon="-104.430929">
<ele>579.3</ele>
<time>2026-07-27T07:35:03.552-06:00</time>
<extensions>
<gpxtpx:TrackPointExtension>
<gpxtpx:speed>7.09</gpxtpx:speed>
</gpxtpx:TrackPointExtension>
<opentracks:accuracy_horizontal>3.662</opentracks:accuracy_horizontal></extensions>
</trkpt>
<trkpt lat="50.443478" lon="-104.430754">
<ele>579.1</ele>
<time>2026-07-27T07:35:05.56-06:00</time>
<extensions>
<gpxtpx:TrackPointExtension>
<gpxtpx:speed>6.89</gpxtpx:speed>
</gpxtpx:TrackPointExtension>
<opentracks:accuracy_horizontal>3.662</opentracks:accuracy_horizontal></extensions>
</trkpt>
<trkpt lat="50.443536" lon="-104.430583">
<ele>578.9</ele>
<time>2026-07-27T07:35:07.544-06:00</time>
<extensions>
<gpxtpx:TrackPointExtension>
<gpxtpx:speed>6.8</gpxtpx:speed>
</gpxtpx:TrackPointExtension>
<opentracks:accuracy_horizontal>3.662</opentracks:accuracy_horizontal></extensions>
</trkpt>
<trkpt lat="50.443606" lon="-104.430421">
<ele>578.9</ele>
<time>2026-07-27T07:35:09.546-06:00</time>
<extensions>
<gpxtpx:TrackPointExtension>
<gpxtpx:speed>6.93</gpxtpx:speed>
</gpxtpx:TrackPointExtension>
<opentracks:accuracy_horizontal>3.662</opentracks:accuracy_horizontal></extensions>
</trkpt>
<trkpt lat="50.443675" lon="-104.430259">
<ele>578.8</ele>
<time>2026-07-27T07:35:11.558-06:00</time>
<extensions>
<gpxtpx:TrackPointExtension>
<gpxtpx:speed>6.99</gpxtpx:speed>
</gpxtpx:TrackPointExtension>
<opentracks:accuracy_horizontal>3.662</opentracks:accuracy_horizontal></extensions>
</trkpt>
<trkpt lat="50.443752" lon="-104.430096">
<ele>578.8</ele>
<time>2026-07-27T07:35:13.58-06:00</time>
<extensions>
<gpxtpx:TrackPointExtension>
<gpxtpx:speed>7.42</gpxtpx:speed>
</gpxtpx:TrackPointExtension>
<opentracks:accuracy_horizontal>3.662</opentracks:accuracy_horizontal></extensions>
</trkpt>
<trkpt lat="50.443838" lon="-104.429933">
<ele>578.6</ele>
<time>2026-07-27T07:35:15.566-06:00</time>
<extensions>
<gpxtpx:TrackPointExtension>
<gpxtpx:speed>7.63</gpxtpx:speed>
</gpxtpx:TrackPointExtension>
<opentracks:accuracy_horizontal>3.662</opentracks:accuracy_horizontal></extensions>
</trkpt>
<trkpt lat="50.443921" lon="-104.429771">
<ele>578.9</ele>
<time>2026-07-27T07:35:17.557-06:00</time>
<extensions>
<gpxtpx:TrackPointExtension>
<gpxtpx:speed>7.51</gpxtpx:speed>
</gpxtpx:TrackPointExtension>
<opentracks:accuracy_horizontal>3.662</opentracks:accuracy_horizontal></extensions>
</trkpt>
<trkpt lat="50.444008" lon="-104.429613">
<ele>579</ele>
<time>2026-07-27T07:35:19.557-06:00</time>
<extensions>
<gpxtpx:TrackPointExtension>
<gpxtpx:speed>7.32</gpxtpx:speed>
</gpxtpx:TrackPointExtension>
<opentracks:accuracy_horizontal>3.662</opentracks:accuracy_horizontal></extensions>
</trkpt>
<trkpt lat="50.444104" lon="-104.429474">
<ele>578.8</ele>
<time>2026-07-27T07:35:21.574-06:00</time>
<extensions>
<gpxtpx:TrackPointExtension>
<gpxtpx:speed>7.52</gpxtpx:speed>
</gpxtpx:TrackPointExtension>
<opentracks:accuracy_horizontal>3.662</opentracks:accuracy_horizontal></extensions>
</trkpt>
<trkpt lat="50.444205" lon="-104.429332">
<ele>578.7</ele>
<time>2026-07-27T07:35:23.571-06:00</time>
<extensions>
<gpxtpx:TrackPointExtension>
<gpxtpx:speed>7.5</gpxtpx:speed>
</gpxtpx:TrackPointExtension>
<opentracks:accuracy_horizontal>3.662</opentracks:accuracy_horizontal></extensions>
</trkpt>
<trkpt lat="50.444302" lon="-104.429193">
<ele>579.5</ele>
<time>2026-07-27T07:35:25.567-06:00</time>
<extensions>
<gpxtpx:TrackPointExtension>
<gpxtpx:speed>7.11</gpxtpx:speed>
</gpxtpx:TrackPointExtension>
<opentracks:accuracy_horizontal>3.662</opentracks:accuracy_horizontal></extensions>
</trkpt>
<trkpt lat="50.444395" lon="-104.429057">
<ele>579.2</ele>
<time>2026-07-27T07:35:27.556-06:00</time>
<extensions>
<gpxtpx:TrackPointExtension>
<gpxtpx:speed>7.49</gpxtpx:speed>
</gpxtpx:TrackPointExtension>
<opentracks:accuracy_horizontal>3.662</opentracks:accuracy_horizontal></extensions>
</trkpt>
<trkpt lat="50.444497" lon="-104.428921">
<ele>578.8</ele>
<time>2026-07-27T07:35:29.561-06:00</time>
<extensions>
<gpxtpx:TrackPointExtension>
<gpxtpx:speed>7.36</gpxtpx:speed>
</gpxtpx:TrackPointExtension>
<opentracks:accuracy_horizontal>3.662</opentracks:accuracy_horizontal></extensions>
</trkpt>
<trkpt lat="50.444595" lon="-104.428792">
<ele>578.4</ele>
<time>2026-07-27T07:35:31.559-06:00</time>
<extensions>
<gpxtpx:TrackPointExtension>
<gpxtpx:speed>6.86</gpxtpx:speed>
</gpxtpx:TrackPointExtension>
<opentracks:accuracy_horizontal>3.662</opentracks:accuracy_horizontal></extensions>
</trkpt>
<trkpt lat="50.44468" lon="-104.42867">
<ele>578</ele>
<time>2026-07-27T07:35:33.553-06:00</time>
<extensions>
<gpxtpx:TrackPointExtension>
<gpxtpx:speed>6.57</gpxtpx:speed>
</gpxtpx:TrackPointExtension>
<opentracks:accuracy_horizontal>3.662</opentracks:accuracy_horizontal></extensions>
</trkpt>
<trkpt lat="50.444764" lon="-104.428547">
<ele>577.8</ele>
<time>2026-07-27T07:35:35.559-06:00</time>
<extensions>
<gpxtpx:TrackPointExtension>
<gpxtpx:speed>6.33</gpxtpx:speed>
</gpxtpx:TrackPointExtension>
<opentracks:accuracy_horizontal>3.662</opentracks:accuracy_horizontal></extensions>
</trkpt>
<trkpt lat="50.444846" lon="-104.42843">
<ele>577.6</ele>
<time>2026-07-27T07:35:37.566-06:00</time>
<extensions>
<gpxtpx:TrackPointExtension>
<gpxtpx:speed>6.17</gpxtpx:speed>
</gpxtpx:TrackPointExtension>
<opentracks:accuracy_horizontal>3.662</opentracks:accuracy_horizontal></extensions>
</trkpt>
<trkpt lat="50.444929" lon="-104.428316">
<ele>577.6</ele>
<time>2026-07-27T07:35:39.565-06:00</time>
<extensions>
<gpxtpx:TrackPointExtension>
<gpxtpx:speed>6.3</gpxtpx:speed>
</gpxtpx:TrackPointExtension>
<opentracks:accuracy_horizontal>3.662</opentracks:accuracy_horizontal></extensions>
</trkpt>
<trkpt lat="50.445014" lon="-104.428195">
<ele>577.6</ele>
<time>2026-07-27T07:35:41.577-06:00</time>
<extensions>
<gpxtpx:TrackPointExtension>
<gpxtpx:speed>6.43</gpxtpx:speed>
</gpxtpx:TrackPointExtension>
<opentracks:accuracy_horizontal>3.662</opentracks:accuracy_horizontal></extensions>
</trkpt>
<trkpt lat="50.4451" lon="-104.428074">
<ele>577.7</ele>
<time>2026-07-27T07:35:43.567-06:00</time>
<extensions>
<gpxtpx:TrackPointExtension>
<gpxtpx:speed>6.58</gpxtpx:speed>
</gpxtpx:TrackPointExtension>
<opentracks:accuracy_horizontal>3.662</opentracks:accuracy_horizontal></extensions>
</trkpt>
<trkpt lat="50.445192" lon="-104.427946">
<ele>577.9</ele>
<time>2026-07-27T07:35:45.533-06:00</time>
<extensions>
<gpxtpx:TrackPointExtension>
<gpxtpx:speed>6.81</gpxtpx:speed>
</gpxtpx:TrackPointExtension>
<opentracks:accuracy_horizontal>3.662</opentracks:accuracy_horizontal></extensions>
</trkpt>
<trkpt lat="50.445281" lon="-104.427812">
<ele>578</ele>
<time>2026-07-27T07:35:47.554-06:00</time>
<extensions>
<gpxtpx:TrackPointExtension>
<gpxtpx:speed>6.89</gpxtpx:speed>
</gpxtpx:TrackPointExtension>
<opentracks:accuracy_horizontal>3.662</opentracks:accuracy_horizontal></extensions>
</trkpt>
<trkpt lat="50.445372" lon="-104.427679">
<ele>577.9</ele>
<time>2026-07-27T07:35:49.558-06:00</time>
<extensions>
<gpxtpx:TrackPointExtension>
<gpxtpx:speed>6.88</gpxtpx:speed>
</gpxtpx:TrackPointExtension>
<opentracks:accuracy_horizontal>3.662</opentracks:accuracy_horizontal></extensions>
</trkpt>
<trkpt lat="50.445463" lon="-104.427551">
<ele>578</ele>
<time>2026-07-27T07:35:51.562-06:00</time>
<extensions>
<gpxtpx:TrackPointExtension>
<gpxtpx:speed>6.86</gpxtpx:speed>
</gpxtpx:TrackPointExtension>
<opentracks:accuracy_horizontal>3.662</opentracks:accuracy_horizontal></extensions>
</trkpt>
<trkpt lat="50.445552" lon="-104.427423">
<ele>577.8</ele>
<time>2026-07-27T07:35:53.566-06:00</time>
<extensions>
<gpxtpx:TrackPointExtension>
<gpxtpx:speed>6.71</gpxtpx:speed>
</gpxtpx:TrackPointExtension>
<opentracks:accuracy_horizontal>3.662</opentracks:accuracy_horizontal></extensions>
</trkpt>
<trkpt lat="50.44564" lon="-104.427297">
<ele>577.6</ele>
<time>2026-07-27T07:35:55.554-06:00</time>
<extensions>
<gpxtpx:TrackPointExtension>
<gpxtpx:speed>6.59</gpxtpx:speed>
</gpxtpx:TrackPointExtension>
<opentracks:accuracy_horizontal>3.662</opentracks:accuracy_horizontal></extensions>
</trkpt>
<trkpt lat="50.44573" lon="-104.427169">
<ele>577.6</ele>
<time>2026-07-27T07:35:57.557-06:00</time>
<extensions>
<gpxtpx:TrackPointExtension>
<gpxtpx:speed>6.98</gpxtpx:speed>
</gpxtpx:TrackPointExtension>
<opentracks:accuracy_horizontal>3.662</opentracks:accuracy_horizontal></extensions>
</trkpt>
<trkpt lat="50.445826" lon="-104.42704">
<ele>577.6</ele>
<time>2026-07-27T07:35:59.555-06:00</time>
<extensions>
<gpxtpx:TrackPointExtension>
<gpxtpx:speed>6.96</gpxtpx:speed>
</gpxtpx:TrackPointExtension>
<opentracks:accuracy_horizontal>3.662</opentracks:accuracy_horizontal></extensions>
</trkpt>
<trkpt lat="50.44592" lon="-104.42691">
<ele>577.9</ele>
<time>2026-07-27T07:36:01.555-06:00</time>
<extensions>
<gpxtpx:TrackPointExtension>
<gpxtpx:speed>6.87</gpxtpx:speed>
</gpxtpx:TrackPointExtension>
<opentracks:accuracy_horizontal>3.662</opentracks:accuracy_horizontal></extensions>
</trkpt>
<trkpt lat="50.446011" lon="-104.426778">
<ele>578.1</ele>
<time>2026-07-27T07:36:03.568-06:00</time>
<extensions>
<gpxtpx:TrackPointExtension>
<gpxtpx:speed>6.88</gpxtpx:speed>
</gpxtpx:TrackPointExtension>
<opentracks:accuracy_horizontal>3.662</opentracks:accuracy_horizontal></extensions>
</trkpt>
<trkpt lat="50.446103" lon="-104.426651">
<ele>578.2</ele>
<time>2026-07-27T07:36:05.566-06:00</time>
<extensions>
<gpxtpx:TrackPointExtension>
<gpxtpx:speed>6.99</gpxtpx:speed>
</gpxtpx:TrackPointExtension>
<opentracks:accuracy_horizontal>3.662</opentracks:accuracy_horizontal></extensions>
</trkpt>
<trkpt lat="50.446194" lon="-104.426519">
<ele>578.4</ele>
<time>2026-07-27T07:36:07.532-06:00</time>
<extensions>
<gpxtpx:TrackPointExtension>
<gpxtpx:speed>6.77</gpxtpx:speed>
</gpxtpx:TrackPointExtension>
<opentracks:accuracy_horizontal>3.662</opentracks:accuracy_horizontal></extensions>
</trkpt>
<trkpt lat="50.44628" lon="-104.426395">
<ele>578.5</ele>
<time>2026-07-27T07:36:09.544-06:00</time>
<extensions>
<gpxtpx:TrackPointExtension>
<gpxtpx:speed>6.55</gpxtpx:speed>
</gpxtpx:TrackPointExtension>
<opentracks:accuracy_horizontal>3.662</opentracks:accuracy_horizontal></extensions>
</trkpt>
<trkpt lat="50.446365" lon="-104.426269">
<ele>578.8</ele>
<time>2026-07-27T07:36:11.568-06:00</time>
<extensions>
<gpxtpx:TrackPointExtension>
<gpxtpx:speed>6.7</gpxtpx:speed>
</gpxtpx:TrackPointExtension>
<opentracks:accuracy_horizontal>3.662</opentracks:accuracy_horizontal></extensions>
</trkpt>
<trkpt lat="50.446448" lon="-104.426134">
<ele>578.9</ele>
<time>2026-07-27T07:36:13.567-06:00</time>
<extensions>
<gpxtpx:TrackPointExtension>
<gpxtpx:speed>6.86</gpxtpx:speed>
</gpxtpx:TrackPointExtension>
<opentracks:accuracy_horizontal>3.662</opentracks:accuracy_horizontal></extensions>
</trkpt>
<trkpt lat="50.446526" lon="-104.425982">
<ele>579.3</ele>
<time>2026-07-27T07:36:15.567-06:00</time>
<extensions>
<gpxtpx:TrackPointExtension>
<gpxtpx:speed>7.13</gpxtpx:speed>
</gpxtpx:TrackPointExtension>
<opentracks:accuracy_horizontal>3.662</opentracks:accuracy_horizontal></extensions>
</trkpt>
<trkpt lat="50.446605" lon="-104.425827">
<ele>579.5</ele>
<time>2026-07-27T07:36:17.554-06:00</time>
<extensions>
<gpxtpx:TrackPointExtension>
<gpxtpx:speed>6.99</gpxtpx:speed>
</gpxtpx:TrackPointExtension>
<opentracks:accuracy_horizontal>3.662</opentracks:accuracy_horizontal></extensions>
</trkpt>
<trkpt lat="50.446679" lon="-104.425671">
<ele>579.5</ele>
<time>2026-07-27T07:36:19.554-06:00</time>
<extensions>
<gpxtpx:TrackPointExtension>
<gpxtpx:speed>6.79</gpxtpx:speed>
</gpxtpx:TrackPointExtension>
<opentracks:accuracy_horizontal>3.662</opentracks:accuracy_horizontal></extensions>
</trkpt>
<trkpt lat="50.446748" lon="-104.425514">
<ele>579.8</ele>
<time>2026-07-27T07:36:21.558-06:00</time>
<extensions>
<gpxtpx:TrackPointExtension>
<gpxtpx:speed>6.69</gpxtpx:speed>
</gpxtpx:TrackPointExtension>
<opentracks:accuracy_horizontal>3.662</opentracks:accuracy_horizontal></extensions>
</trkpt>
<trkpt lat="50.446806" lon="-104.425354">
<ele>579.7</ele>
<time>2026-07-27T07:36:23.553-06:00</time>
<extensions>
<gpxtpx:TrackPointExtension>
<gpxtpx:speed>6.49</gpxtpx:speed>
</gpxtpx:TrackPointExtension>
<opentracks:accuracy_horizontal>3.662</opentracks:accuracy_horizontal></extensions>
</trkpt>
<trkpt lat="50.446854" lon="-104.425209">
<ele>580.1</ele>
<time>2026-07-27T07:36:25.542-06:00</time>
<extensions>
<gpxtpx:TrackPointExtension>
<gpxtpx:speed>6.14</gpxtpx:speed>
</gpxtpx:TrackPointExtension>
<opentracks:accuracy_horizontal>3.985</opentracks:accuracy_horizontal></extensions>
</trkpt>
<trkpt lat="50.446899" lon="-104.425043">
<ele>580.3</ele>
<time>2026-07-27T07:36:27.556-06:00</time>
<extensions>
<gpxtpx:TrackPointExtension>
<gpxtpx:speed>6.29</gpxtpx:speed>
</gpxtpx:TrackPointExtension>
<opentracks:accuracy_horizontal>3.662</opentracks:accuracy_horizontal></extensions>
</trkpt>
<trkpt lat="50.446943" lon="-104.424882">
<ele>579.9</ele>
<time>2026-07-27T07:36:29.585-06:00</time>
<extensions>
<gpxtpx:TrackPointExtension>
<gpxtpx:speed>5.93</gpxtpx:speed>
</gpxtpx:TrackPointExtension>
<opentracks:accuracy_horizontal>3.662</opentracks:accuracy_horizontal></extensions>
</trkpt>
<trkpt lat="50.446982" lon="-104.424722">
<ele>580</ele>
<time>2026-07-27T07:36:31.557-06:00</time>
<extensions>
<gpxtpx:TrackPointExtension>
<gpxtpx:speed>5.96</gpxtpx:speed>
</gpxtpx:TrackPointExtension>
<opentracks:accuracy_horizontal>3.662</opentracks:accuracy_horizontal></extensions>
</trkpt>
<trkpt lat="50.447016" lon="-104.424558">
<ele>579.8</ele>
<time>2026-07-27T07:36:33.569-06:00</time>
<extensions>
<gpxtpx:TrackPointExtension>
<gpxtpx:speed>6.24</gpxtpx:speed>
</gpxtpx:TrackPointExtension>
<opentracks:accuracy_horizontal>3.662</opentracks:accuracy_horizontal></extensions>
</trkpt>
<trkpt lat="50.447047" lon="-104.424389">
<ele>580</ele>
<time>2026-07-27T07:36:35.563-06:00</time>
<extensions>
<gpxtpx:TrackPointExtension>
<gpxtpx:speed>6.32</gpxtpx:speed>
</gpxtpx:TrackPointExtension>
<opentracks:accuracy_horizontal>3.662</opentracks:accuracy_horizontal></extensions>
</trkpt>
<trkpt lat="50.447074" lon="-104.424219">
<ele>580.2</ele>
<time>2026-07-27T07:36:37.567-06:00</time>
<extensions>
<gpxtpx:TrackPointExtension>
<gpxtpx:speed>6.34</gpxtpx:speed>
</gpxtpx:TrackPointExtension>
<opentracks:accuracy_horizontal>3.662</opentracks:accuracy_horizontal></extensions>
</trkpt>
<trkpt lat="50.447098" lon="-104.424048">
<ele>580.4</ele>
<time>2026-07-27T07:36:39.577-06:00</time>
<extensions>
<gpxtpx:TrackPointExtension>
<gpxtpx:speed>6.25</gpxtpx:speed>
</gpxtpx:TrackPointExtension>
<opentracks:accuracy_horizontal>3.662</opentracks:accuracy_horizontal></extensions>
</trkpt>
<trkpt lat="50.447113" lon="-104.423876">
<ele>580.6</ele>
<time>2026-07-27T07:36:41.57-06:00</time>
<extensions>
<gpxtpx:TrackPointExtension>
<gpxtpx:speed>6.17</gpxtpx:speed>
</gpxtpx:TrackPointExtension>
<opentracks:accuracy_horizontal>3.662</opentracks:accuracy_horizontal></extensions>
</trkpt>
<trkpt lat="50.447124" lon="-104.42371">
<ele>580.9</ele>
<time>2026-07-27T07:36:43.563-06:00</time>
<extensions>
<gpxtpx:TrackPointExtension>
<gpxtpx:speed>5.99</gpxtpx:speed>
</gpxtpx:TrackPointExtension>
<opentracks:accuracy_horizontal>3.662</opentracks:accuracy_horizontal></extensions>
</trkpt>
<trkpt lat="50.447136" lon="-104.423547">
<ele>581.1</ele>
<time>2026-07-27T07:36:45.571-06:00</time>
<extensions>
<gpxtpx:TrackPointExtension>
<gpxtpx:speed>5.6</gpxtpx:speed>
</gpxtpx:TrackPointExtension>
<opentracks:accuracy_horizontal>3.662</opentracks:accuracy_horizontal></extensions>
</trkpt>
<trkpt lat="50.447142" lon="-104.423393">
<ele>581.4</ele>
<time>2026-07-27T07:36:47.575-06:00</time>
<extensions>
<gpxtpx:TrackPointExtension>
<gpxtpx:speed>5.44</gpxtpx:speed>
</gpxtpx:TrackPointExtension>
<opentracks:accuracy_horizontal>3.661</opentracks:accuracy_horizontal></extensions>
</trkpt>
<trkpt lat="50.447146" lon="-104.423235">
<ele>581.6</ele>
<time>2026-07-27T07:36:49.567-06:00</time>
<extensions>
<gpxtpx:TrackPointExtension>
<gpxtpx:speed>5.49</gpxtpx:speed>
</gpxtpx:TrackPointExtension>
<opentracks:accuracy_horizontal>3.661</opentracks:accuracy_horizontal></extensions>
</trkpt>
<trkpt lat="50.447149" lon="-104.423076">
<ele>581.8</ele>
<time>2026-07-27T07:36:51.568-06:00</time>
<extensions>
<gpxtpx:TrackPointExtension>
<gpxtpx:speed>5.61</gpxtpx:speed>
</gpxtpx:TrackPointExtension>
<opentracks:accuracy_horizontal>3.661</opentracks:accuracy_horizontal></extensions>
</trkpt>
<trkpt lat="50.44715" lon="-104.422921">
<ele>582.1</ele>
<time>2026-07-27T07:36:53.568-06:00</time>
<extensions>
<gpxtpx:TrackPointExtension>
<gpxtpx:speed>5.68</gpxtpx:speed>
</gpxtpx:TrackPointExtension>
<opentracks:accuracy_horizontal>3.661</opentracks:accuracy_horizontal></extensions>
</trkpt>
<trkpt lat="50.447144" lon="-104.422762">
<ele>582.2</ele>
<time>2026-07-27T07:36:55.574-06:00</time>
<extensions>
<gpxtpx:TrackPointExtension>
<gpxtpx:speed>5.73</gpxtpx:speed>
</gpxtpx:TrackPointExtension>
<opentracks:accuracy_horizontal>3.661</opentracks:accuracy_horizontal></extensions>
</trkpt>
<trkpt lat="50.447143" lon="-104.422602">
<ele>582.2</ele>
<time>2026-07-27T07:36:57.568-06:00</time>
<extensions>
<gpxtpx:TrackPointExtension>
<gpxtpx:speed>5.57</gpxtpx:speed>
</gpxtpx:TrackPointExtension>
<opentracks:accuracy_horizontal>3.661</opentracks:accuracy_horizontal></extensions>
</trkpt>
<trkpt lat="50.447138" lon="-104.422446">
<ele>582.3</ele>
<time>2026-07-27T07:36:59.578-06:00</time>
<extensions>
<gpxtpx:TrackPointExtension>
<gpxtpx:speed>5.47</gpxtpx:speed>
</gpxtpx:TrackPointExtension>
<opentracks:accuracy_horizontal>3.661</opentracks:accuracy_horizontal></extensions>
</trkpt>
<trkpt lat="50.447136" lon="-104.422289">
<ele>582.5</ele>
<time>2026-07-27T07:37:01.572-06:00</time>
<extensions>
<gpxtpx:TrackPointExtension>
<gpxtpx:speed>5.7</gpxtpx:speed>
</gpxtpx:TrackPointExtension>
<opentracks:accuracy_horizontal>3.661</opentracks:accuracy_horizontal></extensions>
</trkpt>
<trkpt lat="50.447138" lon="-104.422132">
<ele>582.4</ele>
<time>2026-07-27T07:37:03.562-06:00</time>
<extensions>
<gpxtpx:TrackPointExtension>
<gpxtpx:speed>5.55</gpxtpx:speed>
</gpxtpx:TrackPointExtension>
<opentracks:accuracy_horizontal>3.661</opentracks:accuracy_horizontal></extensions>
</trkpt>
<trkpt lat="50.447141" lon="-104.421973">
<ele>582.5</ele>
<time>2026-07-27T07:37:05.557-06:00</time>
<extensions>
<gpxtpx:TrackPointExtension>
<gpxtpx:speed>5.64</gpxtpx:speed>
</gpxtpx:TrackPointExtension>
<opentracks:accuracy_horizontal>3.661</opentracks:accuracy_horizontal></extensions>
</trkpt>
<trkpt lat="50.447143" lon="-104.421812">
<ele>582.5</ele>
<time>2026-07-27T07:37:07.531-06:00</time>
<extensions>
<gpxtpx:TrackPointExtension>
<gpxtpx:speed>5.74</gpxtpx:speed>
</gpxtpx:TrackPointExtension>
<opentracks:accuracy_horizontal>3.661</opentracks:accuracy_horizontal></extensions>
</trkpt>
<trkpt lat="50.447146" lon="-104.421647">
<ele>582.6</ele>
<time>2026-07-27T07:37:09.56-06:00</time>
<extensions>
<gpxtpx:TrackPointExtension>
<gpxtpx:speed>5.88</gpxtpx:speed>
</gpxtpx:TrackPointExtension>
<opentracks:accuracy_horizontal>3.661</opentracks:accuracy_horizontal></extensions>
</trkpt>
<trkpt lat="50.447145" lon="-104.421482">
<ele>582.4</ele>
<time>2026-07-27T07:37:11.564-06:00</time>
<extensions>
<gpxtpx:TrackPointExtension>
<gpxtpx:speed>5.86</gpxtpx:speed>
</gpxtpx:TrackPointExtension>
<opentracks:accuracy_horizontal>3.661</opentracks:accuracy_horizontal></extensions>
</trkpt>
<trkpt lat="50.447143" lon="-104.421311">
<ele>582.5</ele>
<time>2026-07-27T07:37:13.571-06:00</time>
<extensions>
<gpxtpx:TrackPointExtension>
<gpxtpx:speed>6</gpxtpx:speed>
</gpxtpx:TrackPointExtension>
<opentracks:accuracy_horizontal>3.661</opentracks:accuracy_horizontal></extensions>
</trkpt>
<trkpt lat="50.447142" lon="-104.421142">
<ele>582.4</ele>
<time>2026-07-27T07:37:15.566-06:00</time>
<extensions>
<gpxtpx:TrackPointExtension>
<gpxtpx:speed>6.1</gpxtpx:speed>
</gpxtpx:TrackPointExtension>
<opentracks:accuracy_horizontal>3.661</opentracks:accuracy_horizontal></extensions>
</trkpt>
<trkpt lat="50.447148" lon="-104.420978">
<ele>582.8</ele>
<time>2026-07-27T07:37:17.561-06:00</time>
<extensions>
<gpxtpx:TrackPointExtension>
<gpxtpx:speed>5.79</gpxtpx:speed>
</gpxtpx:TrackPointExtension>
<opentracks:accuracy_horizontal>3.661</opentracks:accuracy_horizontal></extensions>
</trkpt>
<trkpt lat="50.447146" lon="-104.420816">
<ele>583.2</ele>
<time>2026-07-27T07:37:19.577-06:00</time>
<extensions>
<gpxtpx:TrackPointExtension>
<gpxtpx:speed>5.67</gpxtpx:speed>
</gpxtpx:TrackPointExtension>
<opentracks:accuracy_horizontal>3.661</opentracks:accuracy_horizontal></extensions>
</trkpt>
<trkpt lat="50.447146" lon="-104.420658">
<ele>583.1</ele>
<time>2026-07-27T07:37:21.563-06:00</time>
<extensions>
<gpxtpx:TrackPointExtension>
<gpxtpx:speed>5.49</gpxtpx:speed>
</gpxtpx:TrackPointExtension>
<opentracks:accuracy_horizontal>3.661</opentracks:accuracy_horizontal></extensions>
</trkpt>
<trkpt lat="50.447141" lon="-104.420512">
<ele>583</ele>
<time>2026-07-27T07:37:23.563-06:00</time>
<extensions>
<gpxtpx:TrackPointExtension>
<gpxtpx:speed>5.23</gpxtpx:speed>
</gpxtpx:TrackPointExtension>
<opentracks:accuracy_horizontal>3.661</opentracks:accuracy_horizontal></extensions>
</trkpt>
<trkpt lat="50.447131" lon="-104.420351">
<ele>583</ele>
<time>2026-07-27T07:37:25.561-06:00</time>
<extensions>
<gpxtpx:TrackPointExtension>
<gpxtpx:speed>5.45</gpxtpx:speed>
</gpxtpx:TrackPointExtension>
<opentracks:accuracy_horizontal>3.661</opentracks:accuracy_horizontal></extensions>
</trkpt>
<trkpt lat="50.447141" lon="-104.42017">
<ele>583.4</ele>
<time>2026-07-27T07:37:27.568-06:00</time>
<extensions>
<gpxtpx:TrackPointExtension>
<gpxtpx:speed>6.66</gpxtpx:speed>
</gpxtpx:TrackPointExtension>
<opentracks:accuracy_horizontal>3.661</opentracks:accuracy_horizontal></extensions>
</trkpt>
<trkpt lat="50.447149" lon="-104.419979">
<ele>582.8</ele>
<time>2026-07-27T07:37:29.574-06:00</time>
<extensions>
<gpxtpx:TrackPointExtension>
<gpxtpx:speed>6.79</gpxtpx:speed>
</gpxtpx:TrackPointExtension>
<opentracks:accuracy_horizontal>3.661</opentracks:accuracy_horizontal></extensions>
</trkpt>
<trkpt lat="50.447148" lon="-104.419784">
<ele>582.2</ele>
<time>2026-07-27T07:37:31.56-06:00</time>
<extensions>
<gpxtpx:TrackPointExtension>
<gpxtpx:speed>6.94</gpxtpx:speed>
</gpxtpx:TrackPointExtension>
<opentracks:accuracy_horizontal>3.661</opentracks:accuracy_horizontal></extensions>
</trkpt>
<trkpt lat="50.44715" lon="-104.419591">
<ele>582.3</ele>
<time>2026-07-27T07:37:33.565-06:00</time>
<extensions>
<gpxtpx:TrackPointExtension>
<gpxtpx:speed>7.07</gpxtpx:speed>
</gpxtpx:TrackPointExtension>
<opentracks:accuracy_horizontal>3.661</opentracks:accuracy_horizontal></extensions>
</trkpt>
<trkpt lat="50.447154" lon="-104.419396">
<ele>582.4</ele>
<time>2026-07-27T07:37:35.565-06:00</time>
<extensions>
<gpxtpx:TrackPointExtension>
<gpxtpx:speed>6.93</gpxtpx:speed>
</gpxtpx:TrackPointExtension>
<opentracks:accuracy_horizontal>3.661</opentracks:accuracy_horizontal></extensions>
</trkpt>
<trkpt lat="50.447148" lon="-104.419205">
<ele>582.5</ele>
<time>2026-07-27T07:37:37.553-06:00</time>
<extensions>
<gpxtpx:TrackPointExtension>
<gpxtpx:speed>6.81</gpxtpx:speed>
</gpxtpx:TrackPointExtension>
<opentracks:accuracy_horizontal>3.661</opentracks:accuracy_horizontal></extensions>
</trkpt>
<trkpt lat="50.447141" lon="-104.419018">
<ele>582.5</ele>
<time>2026-07-27T07:37:39.552-06:00</time>
<extensions>
<gpxtpx:TrackPointExtension>
<gpxtpx:speed>6.69</gpxtpx:speed>
</gpxtpx:TrackPointExtension>
<opentracks:accuracy_horizontal>3.661</opentracks:accuracy_horizontal></extensions>
</trkpt>
<trkpt lat="50.447131" lon="-104.418831">
<ele>582.6</ele>
<time>2026-07-27T07:37:41.562-06:00</time>
<extensions>
<gpxtpx:TrackPointExtension>
<gpxtpx:speed>6.64</gpxtpx:speed>
</gpxtpx:TrackPointExtension>
<opentracks:accuracy_horizontal>3.661</opentracks:accuracy_horizontal></extensions>
</trkpt>
<trkpt lat="50.447114" lon="-104.418647">
<ele>582.5</ele>
<time>2026-07-27T07:37:43.578-06:00</time>
<extensions>
<gpxtpx:TrackPointExtension>
<gpxtpx:speed>6.45</gpxtpx:speed>
</gpxtpx:TrackPointExtension>
<opentracks:accuracy_horizontal>3.661</opentracks:accuracy_horizontal></extensions>
</trkpt>
<trkpt lat="50.44709" lon="-104.41847">
<ele>582.7</ele>
<time>2026-07-27T07:37:45.576-06:00</time>
<extensions>
<gpxtpx:TrackPointExtension>
<gpxtpx:speed>6.46</gpxtpx:speed>
</gpxtpx:TrackPointExtension>
<opentracks:accuracy_horizontal>3.661</opentracks:accuracy_horizontal></extensions>
</trkpt>
<trkpt lat="50.447062" lon="-104.418299">
<ele>583.1</ele>
<time>2026-07-27T07:37:47.574-06:00</time>
<extensions>
<gpxtpx:TrackPointExtension>
<gpxtpx:speed>5.99</gpxtpx:speed>
</gpxtpx:TrackPointExtension>
<opentracks:accuracy_horizontal>3.661</opentracks:accuracy_horizontal></extensions>
</trkpt>
<trkpt lat="50.447037" lon="-104.418136">
<ele>583.1</ele>
<time>2026-07-27T07:37:49.571-06:00</time>
<extensions>
<gpxtpx:TrackPointExtension>
<gpxtpx:speed>6.04</gpxtpx:speed>
</gpxtpx:TrackPointExtension>
<opentracks:accuracy_horizontal>3.661</opentracks:accuracy_horizontal></extensions>
</trkpt>
<trkpt lat="50.447006" lon="-104.417967">
<ele>583.1</ele>
<time>2026-07-27T07:37:51.563-06:00</time>
<extensions>
<gpxtpx:TrackPointExtension>
<gpxtpx:speed>6.15</gpxtpx:speed>
</gpxtpx:TrackPointExtension>
<opentracks:accuracy_horizontal>3.661</opentracks:accuracy_horizontal></extensions>
</trkpt>
<trkpt lat="50.446966" lon="-104.417814">
<ele>583.4</ele>
<time>2026-07-27T07:37:53.573-06:00</time>
<extensions>
<gpxtpx:TrackPointExtension>
<gpxtpx:speed>5.58</gpxtpx:speed>
</gpxtpx:TrackPointExtension>
<opentracks:accuracy_horizontal>3.661</opentracks:accuracy_horizontal></extensions>
</trkpt>
<trkpt lat="50.44693" lon="-104.417665">
<ele>583.5</ele>
<time>2026-07-27T07:37:55.565-06:00</time>
<extensions>
<gpxtpx:TrackPointExtension>
<gpxtpx:speed>5.61</gpxtpx:speed>
</gpxtpx:TrackPointExtension>
<opentracks:accuracy_horizontal>3.661</opentracks:accuracy_horizontal></extensions>
</trkpt>
<trkpt lat="50.446894" lon="-104.417516">
<ele>583.6</ele>
<time>2026-07-27T07:37:57.559-06:00</time>
<extensions>
<gpxtpx:TrackPointExtension>
<gpxtpx:speed>5.57</gpxtpx:speed>
</gpxtpx:TrackPointExtension>
<opentracks:accuracy_horizontal>3.661</opentracks:accuracy_horizontal></extensions>
</trkpt>
<trkpt lat="50.446862" lon="-104.417368">
<ele>583.6</ele>
<time>2026-07-27T07:37:59.562-06:00</time>
<extensions>
<gpxtpx:TrackPointExtension>
<gpxtpx:speed>5.28</gpxtpx:speed>
</gpxtpx:TrackPointExtension>
<opentracks:accuracy_horizontal>3.661</opentracks:accuracy_horizontal></extensions>
</trkpt>
<trkpt lat="50.446831" lon="-104.41723">
<ele>583.5</ele>
<time>2026-07-27T07:38:01.573-06:00</time>
<extensions>
<gpxtpx:TrackPointExtension>
<gpxtpx:speed>5.25</gpxtpx:speed>
</gpxtpx:TrackPointExtension>
<opentracks:accuracy_horizontal>3.661</opentracks:accuracy_horizontal></extensions>
</trkpt>
<trkpt lat="50.446793" lon="-104.417092">
<ele>583.6</ele>
<time>2026-07-27T07:38:03.574-06:00</time>
<extensions>
<gpxtpx:TrackPointExtension>
<gpxtpx:speed>5.31</gpxtpx:speed>
</gpxtpx:TrackPointExtension>
<opentracks:accuracy_horizontal>3.661</opentracks:accuracy_horizontal></extensions>
</trkpt>
<trkpt lat="50.446761" lon="-104.416948">
<ele>583.8</ele>
<time>2026-07-27T07:38:05.557-06:00</time>
<extensions>
<gpxtpx:TrackPointExtension>
<gpxtpx:speed>5.42</gpxtpx:speed>
</gpxtpx:TrackPointExtension>
<opentracks:accuracy_horizontal>3.661</opentracks:accuracy_horizontal></extensions>
</trkpt>
<trkpt lat="50.446728" lon="-104.416805">
<ele>584.3</ele>
<time>2026-07-27T07:38:07.578-06:00</time>
<extensions>
<gpxtpx:TrackPointExtension>
<gpxtpx:speed>5.59</gpxtpx:speed>
</gpxtpx:TrackPointExtension>
<opentracks:accuracy_horizontal>3.661</opentracks:accuracy_horizontal></extensions>
</trkpt>
<trkpt lat="50.446697" lon="-104.416654">
<ele>584.8</ele>
<time>2026-07-27T07:38:09.573-06:00</time>
<extensions>
<gpxtpx:TrackPointExtension>
<gpxtpx:speed>5.67</gpxtpx:speed>
</gpxtpx:TrackPointExtension>
<opentracks:accuracy_horizontal>3.661</opentracks:accuracy_horizontal></extensions>
</trkpt>
<trkpt lat="50.446667" lon="-104.416504">
<ele>585.2</ele>
<time>2026-07-27T07:38:11.561-06:00</time>
<extensions>
<gpxtpx:TrackPointExtension>
<gpxtpx:speed>5.55</gpxtpx:speed>
</gpxtpx:TrackPointExtension>
<opentracks:accuracy_horizontal>3.661</opentracks:accuracy_horizontal></extensions>
</trkpt>
<trkpt lat="50.446633" lon="-104.416362">
<ele>585.5</ele>
<time>2026-07-27T07:38:13.577-06:00</time>
<extensions>
<gpxtpx:TrackPointExtension>
<gpxtpx:speed>5.23</gpxtpx:speed>
</gpxtpx:TrackPointExtension>
<opentracks:accuracy_horizontal>3.661</opentracks:accuracy_horizontal></extensions>
</trkpt>
<trkpt lat="50.446602" lon="-104.416229">
<ele>585.8</ele>
<time>2026-07-27T07:38:15.564-06:00</time>
<extensions>
<gpxtpx:TrackPointExtension>
<gpxtpx:speed>4.94</gpxtpx:speed>
</gpxtpx:TrackPointExtension>
<opentracks:accuracy_horizontal>3.661</opentracks:accuracy_horizontal></extensions>
</trkpt>
<trkpt lat="50.446557" lon="-104.416035">
<ele>585.9</ele>
<time>2026-07-27T07:38:18.569-06:00</time>
<extensions>
<gpxtpx:TrackPointExtension>
<gpxtpx:speed>5.05</gpxtpx:speed>
</gpxtpx:TrackPointExtension>
<opentracks:accuracy_horizontal>3.661</opentracks:accuracy_horizontal></extensions>
</trkpt>
<trkpt lat="50.446519" lon="-104.415898">
<ele>586</ele>
<time>2026-07-27T07:38:20.568-06:00</time>
<extensions>
<gpxtpx:TrackPointExtension>
<gpxtpx:speed>5.14</gpxtpx:speed>
</gpxtpx:TrackPointExtension>
<opentracks:accuracy_horizontal>3.661</opentracks:accuracy_horizontal></extensions>
</trkpt>
<trkpt lat="50.446484" lon="-104.415761">
<ele>586</ele>
<time>2026-07-27T07:38:22.622-06:00</time>
<extensions>
<gpxtpx:TrackPointExtension>
<gpxtpx:speed>5.23</gpxtpx:speed>
</gpxtpx:TrackPointExtension>
<opentracks:accuracy_horizontal>3.661</opentracks:accuracy_horizontal></extensions>
</trkpt>
<trkpt lat="50.44645" lon="-104.415625">
<ele>586.7</ele>
<time>2026-07-27T07:38:24.561-06:00</time>
<extensions>
<gpxtpx:TrackPointExtension>
<gpxtpx:speed>5.05</gpxtpx:speed>
</gpxtpx:TrackPointExtension>
<opentracks:accuracy_horizontal>3.661</opentracks:accuracy_horizontal></extensions>
</trkpt>
<trkpt lat="50.446403" lon="-104.415432">
<ele>587.3</ele>
<time>2026-07-27T07:38:27.571-06:00</time>
<extensions>
<gpxtpx:TrackPointExtension>
<gpxtpx:speed>5.04</gpxtpx:speed>
</gpxtpx:TrackPointExtension>
<opentracks:accuracy_horizontal>3.661</opentracks:accuracy_horizontal></extensions>
</trkpt>
<trkpt lat="50.446377" lon="-104.415295">
<ele>587.2</ele>
<time>2026-07-27T07:38:29.562-06:00</time>
<extensions>
<gpxtpx:TrackPointExtension>
<gpxtpx:speed>4.8</gpxtpx:speed>
</gpxtpx:TrackPointExtension>
<opentracks:accuracy_horizontal>3.661</opentracks:accuracy_horizontal></extensions>
</trkpt>
<trkpt lat="50.446336" lon="-104.4151">
<ele>587.2</ele>
<time>2026-07-27T07:38:32.584-06:00</time>
<extensions>
<gpxtpx:TrackPointExtension>
<gpxtpx:speed>4.83</gpxtpx:speed>
</gpxtpx:TrackPointExtension>
<opentracks:accuracy_horizontal>3.661</opentracks:accuracy_horizontal></extensions>
</trkpt>
<trkpt lat="50.446286" lon="-104.414912">
<ele>587.7</ele>
<time>2026-07-27T07:38:35.562-06:00</time>
<extensions>
<gpxtpx:TrackPointExtension>
<gpxtpx:speed>4.9</gpxtpx:speed>
</gpxtpx:TrackPointExtension>
<opentracks:accuracy_horizontal>3.661</opentracks:accuracy_horizontal></extensions>
</trkpt>
<trkpt lat="50.44625" lon="-104.414779">
<ele>587.6</ele>
<time>2026-07-27T07:38:37.562-06:00</time>
<extensions>
<gpxtpx:TrackPointExtension>
<gpxtpx:speed>4.96</gpxtpx:speed>
</gpxtpx:TrackPointExtension>
<opentracks:accuracy_horizontal>3.661</opentracks:accuracy_horizontal></extensions>
</trkpt>
<trkpt lat="50.446216" lon="-104.414646">
<ele>587.6</ele>
<time>2026-07-27T07:38:39.557-06:00</time>
<extensions>
<gpxtpx:TrackPointExtension>
<gpxtpx:speed>5.07</gpxtpx:speed>
</gpxtpx:TrackPointExtension>
<opentracks:accuracy_horizontal>3.66</opentracks:accuracy_horizontal></extensions>
</trkpt>
<trkpt lat="50.446186" lon="-104.414508">
<ele>587.6</ele>
<time>2026-07-27T07:38:41.565-06:00</time>
<extensions>
<gpxtpx:TrackPointExtension>
<gpxtpx:speed>5.14</gpxtpx:speed>
</gpxtpx:TrackPointExtension>
<opentracks:accuracy_horizontal>3.66</opentracks:accuracy_horizontal></extensions>
</trkpt>
<trkpt lat="50.446154" lon="-104.414365">
<ele>587.7</ele>
<time>2026-07-27T07:38:43.556-06:00</time>
<extensions>
<gpxtpx:TrackPointExtension>
<gpxtpx:speed>5.3</gpxtpx:speed>
</gpxtpx:TrackPointExtension>
<opentracks:accuracy_horizontal>3.66</opentracks:accuracy_horizontal></extensions>
</trkpt>
<trkpt lat="50.446121" lon="-104.414222">
<ele>587.9</ele>
<time>2026-07-27T07:38:45.574-06:00</time>
<extensions>
<gpxtpx:TrackPointExtension>
<gpxtpx:speed>5.33</gpxtpx:speed>
</gpxtpx:TrackPointExtension>
<opentracks:accuracy_horizontal>3.66</opentracks:accuracy_horizontal></extensions>
</trkpt>
<trkpt lat="50.446086" lon="-104.414079">
<ele>587.9</ele>
<time>2026-07-27T07:38:47.55-06:00</time>
<extensions>
<gpxtpx:TrackPointExtension>
<gpxtpx:speed>5.58</gpxtpx:speed>
</gpxtpx:TrackPointExtension>
<opentracks:accuracy_horizontal>3.66</opentracks:accuracy_horizontal></extensions>
</trkpt>
<trkpt lat="50.446045" lon="-104.413919">
<ele>587.9</ele>
<time>2026-07-27T07:38:49.56-06:00</time>
<extensions>
<gpxtpx:TrackPointExtension>
<gpxtpx:speed>5.99</gpxtpx:speed>
</gpxtpx:TrackPointExtension>
<opentracks:accuracy_horizontal>3.66</opentracks:accuracy_horizontal></extensions>
</trkpt>
<trkpt lat="50.446007" lon="-104.413752">
<ele>587.8</ele>
<time>2026-07-27T07:38:51.554-06:00</time>
<extensions>
<gpxtpx:TrackPointExtension>
<gpxtpx:speed>6.18</gpxtpx:speed>
</gpxtpx:TrackPointExtension>
<opentracks:accuracy_horizontal>3.66</opentracks:accuracy_horizontal></extensions>
</trkpt>
<trkpt lat="50.445967" lon="-104.413584">
<ele>587.6</ele>
<time>2026-07-27T07:38:53.557-06:00</time>
<extensions>
<gpxtpx:TrackPointExtension>
<gpxtpx:speed>6.14</gpxtpx:speed>
</gpxtpx:TrackPointExtension>
<opentracks:accuracy_horizontal>3.66</opentracks:accuracy_horizontal></extensions>
</trkpt>
<trkpt lat="50.445929" lon="-104.413427">
<ele>587.3</ele>
<time>2026-07-27T07:38:55.543-06:00</time>
<extensions>
<gpxtpx:TrackPointExtension>
<gpxtpx:speed>5.86</gpxtpx:speed>
</gpxtpx:TrackPointExtension>
<opentracks:accuracy_horizontal>3.99</opentracks:accuracy_horizontal></extensions>
</trkpt>
<trkpt lat="50.445895" lon="-104.413274">
<ele>587.3</ele>
<time>2026-07-27T07:38:57.546-06:00</time>
<extensions>
<gpxtpx:TrackPointExtension>
<gpxtpx:speed>5.89</gpxtpx:speed>
</gpxtpx:TrackPointExtension>
<opentracks:accuracy_horizontal>3.66</opentracks:accuracy_horizontal></extensions>
</trkpt>
<trkpt lat="50.445855" lon="-104.413121">
<ele>587.2</ele>
<time>2026-07-27T07:38:59.559-06:00</time>
<extensions>
<gpxtpx:TrackPointExtension>
<gpxtpx:speed>5.86</gpxtpx:speed>
</gpxtpx:TrackPointExtension>
<opentracks:accuracy_horizontal>3.66</opentracks:accuracy_horizontal></extensions>
</trkpt>
<trkpt lat="50.445816" lon="-104.412963">
<ele>587.1</ele>
<time>2026-07-27T07:39:01.574-06:00</time>
<extensions>
<gpxtpx:TrackPointExtension>
<gpxtpx:speed>5.87</gpxtpx:speed>
</gpxtpx:TrackPointExtension>
<opentracks:accuracy_horizontal>3.66</opentracks:accuracy_horizontal></extensions>
</trkpt>
<trkpt lat="50.445774" lon="-104.412803">
<ele>586.7</ele>
<time>2026-07-27T07:39:03.565-06:00</time>
<extensions>
<gpxtpx:TrackPointExtension>
<gpxtpx:speed>6.05</gpxtpx:speed>
</gpxtpx:TrackPointExtension>
<opentracks:accuracy_horizontal>3.99</opentracks:accuracy_horizontal></extensions>
</trkpt>
<trkpt lat="50.445736" lon="-104.412636">
<ele>586.3</ele>
<time>2026-07-27T07:39:05.574-06:00</time>
<extensions>
<gpxtpx:TrackPointExtension>
<gpxtpx:speed>6.12</gpxtpx:speed>
</gpxtpx:TrackPointExtension>
<opentracks:accuracy_horizontal>3.99</opentracks:accuracy_horizontal></extensions>
</trkpt>
<trkpt lat="50.445697" lon="-104.412471">
<ele>586.1</ele>
<time>2026-07-27T07:39:07.566-06:00</time>
<extensions>
<gpxtpx:TrackPointExtension>
<gpxtpx:speed>5.87</gpxtpx:speed>
</gpxtpx:TrackPointExtension>
<opentracks:accuracy_horizontal>3.99</opentracks:accuracy_horizontal></extensions>
</trkpt>
<trkpt lat="50.445668" lon="-104.412315">
<ele>586</ele>
<time>2026-07-27T07:39:09.558-06:00</time>
<extensions>
<gpxtpx:TrackPointExtension>
<gpxtpx:speed>5.52</gpxtpx:speed>
</gpxtpx:TrackPointExtension>
<opentracks:accuracy_horizontal>3.66</opentracks:accuracy_horizontal></extensions>
</trkpt>
<trkpt lat="50.445633" lon="-104.412173">
<ele>585.8</ele>
<time>2026-07-27T07:39:11.577-06:00</time>
<extensions>
<gpxtpx:TrackPointExtension>
<gpxtpx:speed>4.58</gpxtpx:speed>
</gpxtpx:TrackPointExtension>
<opentracks:accuracy_horizontal>3.66</opentracks:accuracy_horizontal></extensions>
</trkpt>
<trkpt lat="50.445593" lon="-104.412026">
<ele>585.8</ele>
<time>2026-07-27T07:39:14.568-06:00</time>
<extensions>
<gpxtpx:TrackPointExtension>
<gpxtpx:speed>3.21</gpxtpx:speed>
</gpxtpx:TrackPointExtension>
<opentracks:accuracy_horizontal>3.66</opentracks:accuracy_horizontal></extensions>
</trkpt>
<trkpt lat="50.445556" lon="-104.411896">
<ele>585.7</ele>
<time>2026-07-27T07:39:19.569-06:00</time>
<extensions>
<gpxtpx:TrackPointExtension>
<gpxtpx:speed>3.03</gpxtpx:speed>
</gpxtpx:TrackPointExtension>
<opentracks:accuracy_horizontal>3.66</opentracks:accuracy_horizontal></extensions>
</trkpt>
<trkpt lat="50.445497" lon="-104.411732">
<ele>585.7</ele>
<time>2026-07-27T07:39:22.55-06:00</time>
<extensions>
<gpxtpx:TrackPointExtension>
<gpxtpx:speed>4.9</gpxtpx:speed>
</gpxtpx:TrackPointExtension>
<opentracks:accuracy_horizontal>3.66</opentracks:accuracy_horizontal></extensions>
</trkpt>
<trkpt lat="50.445462" lon="-104.411597">
<ele>586.3</ele>
<time>2026-07-27T07:39:24.568-06:00</time>
<extensions>
<gpxtpx:TrackPointExtension>
<gpxtpx:speed>5.03</gpxtpx:speed>
</gpxtpx:TrackPointExtension>
<opentracks:accuracy_horizontal>3.66</opentracks:accuracy_horizontal></extensions>
</trkpt>
<trkpt lat="50.445427" lon="-104.411441">
<ele>586.5</ele>
<time>2026-07-27T07:39:26.566-06:00</time>
<extensions>
<gpxtpx:TrackPointExtension>
<gpxtpx:speed>6.02</gpxtpx:speed>
</gpxtpx:TrackPointExtension>
<opentracks:accuracy_horizontal>3.991</opentracks:accuracy_horizontal></extensions>
</trkpt>
<trkpt lat="50.445387" lon="-104.411277">
<ele>586.8</ele>
<time>2026-07-27T07:39:28.57-06:00</time>
<extensions>
<gpxtpx:TrackPointExtension>
<gpxtpx:speed>6.01</gpxtpx:speed>
</gpxtpx:TrackPointExtension>
<opentracks:accuracy_horizontal>3.991</opentracks:accuracy_horizontal></extensions>
</trkpt>
<trkpt lat="50.445348" lon="-104.411118">
<ele>586.7</ele>
<time>2026-07-27T07:39:30.567-06:00</time>
<extensions>
<gpxtpx:TrackPointExtension>
<gpxtpx:speed>5.96</gpxtpx:speed>
</gpxtpx:TrackPointExtension>
<opentracks:accuracy_horizontal>3.66</opentracks:accuracy_horizontal></extensions>
</trkpt>
<trkpt lat="50.445306" lon="-104.41096">
<ele>586.8</ele>
<time>2026-07-27T07:39:32.563-06:00</time>
<extensions>
<gpxtpx:TrackPointExtension>
<gpxtpx:speed>6.05</gpxtpx:speed>
</gpxtpx:TrackPointExtension>
<opentracks:accuracy_horizontal>3.66</opentracks:accuracy_horizontal></extensions>
</trkpt>
<trkpt lat="50.445267" lon="-104.410796">
<ele>586.9</ele>
<time>2026-07-27T07:39:34.565-06:00</time>
<extensions>
<gpxtpx:TrackPointExtension>
<gpxtpx:speed>6.03</gpxtpx:speed>
</gpxtpx:TrackPointExtension>
<opentracks:accuracy_horizontal>3.66</opentracks:accuracy_horizontal></extensions>
</trkpt>
<trkpt lat="50.445231" lon="-104.410629">
<ele>586.9</ele>
<time>2026-07-27T07:39:36.556-06:00</time>
<extensions>
<gpxtpx:TrackPointExtension>
<gpxtpx:speed>5.99</gpxtpx:speed>
</gpxtpx:TrackPointExtension>
<opentracks:accuracy_horizontal>3.66</opentracks:accuracy_horizontal></extensions>
</trkpt>
<trkpt lat="50.445195" lon="-104.410471">
<ele>587</ele>
<time>2026-07-27T07:39:38.565-06:00</time>
<extensions>
<gpxtpx:TrackPointExtension>
<gpxtpx:speed>5.87</gpxtpx:speed>
</gpxtpx:TrackPointExtension>
<opentracks:accuracy_horizontal>3.66</opentracks:accuracy_horizontal></extensions>
</trkpt>
<trkpt lat="50.44516" lon="-104.410314">
<ele>586.9</ele>
<time>2026-07-27T07:39:40.566-06:00</time>
<extensions>
<gpxtpx:TrackPointExtension>
<gpxtpx:speed>5.79</gpxtpx:speed>
</gpxtpx:TrackPointExtension>
<opentracks:accuracy_horizontal>3.992</opentracks:accuracy_horizontal></extensions>
</trkpt>
<trkpt lat="50.445124" lon="-104.41016">
<ele>587</ele>
<time>2026-07-27T07:39:42.557-06:00</time>
<extensions>
<gpxtpx:TrackPointExtension>
<gpxtpx:speed>5.84</gpxtpx:speed>
</gpxtpx:TrackPointExtension>
<opentracks:accuracy_horizontal>3.66</opentracks:accuracy_horizontal></extensions>
</trkpt>
<trkpt lat="50.445089" lon="-104.41001">
<ele>587.1</ele>
<time>2026-07-27T07:39:44.554-06:00</time>
<extensions>
<gpxtpx:TrackPointExtension>
<gpxtpx:speed>5.63</gpxtpx:speed>
</gpxtpx:TrackPointExtension>
<opentracks:accuracy_horizontal>3.66</opentracks:accuracy_horizontal></extensions>
</trkpt>
<trkpt lat="50.445058" lon="-104.409865">
<ele>587.1</ele>
<time>2026-07-27T07:39:46.575-06:00</time>
<extensions>
<gpxtpx:TrackPointExtension>
<gpxtpx:speed>5.65</gpxtpx:speed>
</gpxtpx:TrackPointExtension>
<opentracks:accuracy_horizontal>3.66</opentracks:accuracy_horizontal></extensions>
</trkpt>
<trkpt lat="50.445021" lon="-104.409712">
<ele>587.3</ele>
<time>2026-07-27T07:39:48.57-06:00</time>
<extensions>
<gpxtpx:TrackPointExtension>
<gpxtpx:speed>5.92</gpxtpx:speed>
</gpxtpx:TrackPointExtension>
<opentracks:accuracy_horizontal>3.66</opentracks:accuracy_horizontal></extensions>
</trkpt>
<trkpt lat="50.444984" lon="-104.409553">
<ele>587.4</ele>
<time>2026-07-27T07:39:50.571-06:00</time>
<extensions>
<gpxtpx:TrackPointExtension>
<gpxtpx:speed>5.79</gpxtpx:speed>
</gpxtpx:TrackPointExtension>
<opentracks:accuracy_horizontal>3.66</opentracks:accuracy_horizontal></extensions>
</trkpt>
<trkpt lat="50.444949" lon="-104.4094">
<ele>587.2</ele>
<time>2026-07-27T07:39:52.558-06:00</time>
<extensions>
<gpxtpx:TrackPointExtension>
<gpxtpx:speed>5.42</gpxtpx:speed>
</gpxtpx:TrackPointExtension>
<opentracks:accuracy_horizontal>3.992</opentracks:accuracy_horizontal></extensions>
</trkpt>
<trkpt lat="50.444918" lon="-104.409259">
<ele>587.2</ele>
<time>2026-07-27T07:39:54.567-06:00</time>
<extensions>
<gpxtpx:TrackPointExtension>
<gpxtpx:speed>5.2</gpxtpx:speed>
</gpxtpx:TrackPointExtension>
<opentracks:accuracy_horizontal>3.992</opentracks:accuracy_horizontal></extensions>
</trkpt>
<trkpt lat="50.444886" lon="-104.409121">
<ele>587.1</ele>
<time>2026-07-27T07:39:56.565-06:00</time>
<extensions>
<gpxtpx:TrackPointExtension>
<gpxtpx:speed>5.34</gpxtpx:speed>
</gpxtpx:TrackPointExtension>
<opentracks:accuracy_horizontal>3.992</opentracks:accuracy_horizontal></extensions>
</trkpt>
<trkpt lat="50.44485" lon="-104.408976">
<ele>587</ele>
<time>2026-07-27T07:39:58.559-06:00</time>
<extensions>
<gpxtpx:TrackPointExtension>
<gpxtpx:speed>5.37</gpxtpx:speed>
</gpxtpx:TrackPointExtension>
<opentracks:accuracy_horizontal>3.66</opentracks:accuracy_horizontal></extensions>
</trkpt>
<trkpt lat="50.444817" lon="-104.408836">
<ele>587.1</ele>
<time>2026-07-27T07:40:00.575-06:00</time>
<extensions>
<gpxtpx:TrackPointExtension>
<gpxtpx:speed>5.39</gpxtpx:speed>
</gpxtpx:TrackPointExtension>
<opentracks:accuracy_horizontal>3.66</opentracks:accuracy_horizontal></extensions>
</trkpt>
<trkpt lat="50.444782" lon="-104.408692">
<ele>587.3</ele>
<time>2026-07-27T07:40:02.543-06:00</time>
<extensions>
<gpxtpx:TrackPointExtension>
<gpxtpx:speed>5.44</gpxtpx:speed>
</gpxtpx:TrackPointExtension>
<opentracks:accuracy_horizontal>3.66</opentracks:accuracy_horizontal></extensions>
</trkpt>
<trkpt lat="50.444749" lon="-104.408548">
<ele>587.3</ele>
<time>2026-07-27T07:40:04.562-06:00</time>
<extensions>
<gpxtpx:TrackPointExtension>
<gpxtpx:speed>5.22</gpxtpx:speed>
</gpxtpx:TrackPointExtension>
<opentracks:accuracy_horizontal>3.66</opentracks:accuracy_horizontal></extensions>
</trkpt>
<trkpt lat="50.444717" lon="-104.40841">
<ele>587.6</ele>
<time>2026-07-27T07:40:06.556-06:00</time>
<extensions>
<gpxtpx:TrackPointExtension>
<gpxtpx:speed>5.32</gpxtpx:speed>
</gpxtpx:TrackPointExtension>
<opentracks:accuracy_horizontal>3.66</opentracks:accuracy_horizontal></extensions>
</trkpt>
<trkpt lat="50.444687" lon="-104.408267">
<ele>587.8</ele>
<time>2026-07-27T07:40:08.564-06:00</time>
<extensions>
<gpxtpx:TrackPointExtension>
<gpxtpx:speed>5.37</gpxtpx:speed>
</gpxtpx:TrackPointExtension>
<opentracks:accuracy_horizontal>3.66</opentracks:accuracy_horizontal></extensions>
</trkpt>
<trkpt lat="50.444658" lon="-104.408122">
<ele>587.7</ele>
<time>2026-07-27T07:40:10.566-06:00</time>
<extensions>
<gpxtpx:TrackPointExtension>
<gpxtpx:speed>5.37</gpxtpx:speed>
</gpxtpx:TrackPointExtension>
<opentracks:accuracy_horizontal>3.66</opentracks:accuracy_horizontal></extensions>
</trkpt>
<trkpt lat="50.444622" lon="-104.407979">
<ele>587.8</ele>
<time>2026-07-27T07:40:12.56-06:00</time>
<extensions>
<gpxtpx:TrackPointExtension>
<gpxtpx:speed>5.53</gpxtpx:speed>
</gpxtpx:TrackPointExtension>
<opentracks:accuracy_horizontal>3.66</opentracks:accuracy_horizontal></extensions>
</trkpt>
<trkpt lat="50.444584" lon="-104.407836">
<ele>587.9</ele>
<time>2026-07-27T07:40:14.548-06:00</time>
<extensions>
<gpxtpx:TrackPointExtension>
<gpxtpx:speed>5.29</gpxtpx:speed>
</gpxtpx:TrackPointExtension>
<opentracks:accuracy_horizontal>3.66</opentracks:accuracy_horizontal></extensions>
</trkpt>
<trkpt lat="50.44454" lon="-104.407641">
<ele>587.7</ele>
<time>2026-07-27T07:40:17.583-06:00</time>
<extensions>
<gpxtpx:TrackPointExtension>
<gpxtpx:speed>4.91</gpxtpx:speed>
</gpxtpx:TrackPointExtension>
<opentracks:accuracy_horizontal>3.66</opentracks:accuracy_horizontal></extensions>
</trkpt>
<trkpt lat="50.444498" lon="-104.407452">
<ele>587.6</ele>
<time>2026-07-27T07:40:20.572-06:00</time>
<extensions>
<gpxtpx:TrackPointExtension>
<gpxtpx:speed>4.65</gpxtpx:speed>
</gpxtpx:TrackPointExtension>
<opentracks:accuracy_horizontal>3.66</opentracks:accuracy_horizontal></extensions>
</trkpt>
<trkpt lat="50.44446" lon="-104.40727">
<ele>587.5</ele>
<time>2026-07-27T07:40:23.559-06:00</time>
<extensions>
<gpxtpx:TrackPointExtension>
<gpxtpx:speed>4.64</gpxtpx:speed>
</gpxtpx:TrackPointExtension>
<opentracks:accuracy_horizontal>3.66</opentracks:accuracy_horizontal></extensions>
</trkpt>
<trkpt lat="50.444416" lon="-104.407106">
<ele>587.5</ele>
<time>2026-07-27T07:40:26.577-06:00</time>
<extensions>
<gpxtpx:TrackPointExtension>
<gpxtpx:speed>4.64</gpxtpx:speed>
</gpxtpx:TrackPointExtension>
<opentracks:accuracy_horizontal>3.659</opentracks:accuracy_horizontal></extensions>
</trkpt>
<trkpt lat="50.444381" lon="-104.406975">
<ele>587.7</ele>
<time>2026-07-27T07:40:28.57-06:00</time>
<extensions>
<gpxtpx:TrackPointExtension>
<gpxtpx:speed>4.91</gpxtpx:speed>
</gpxtpx:TrackPointExtension>
<opentracks:accuracy_horizontal>3.659</opentracks:accuracy_horizontal></extensions>
</trkpt>
<trkpt lat="50.444338" lon="-104.40678">
<ele>587.8</ele>
<time>2026-07-27T07:40:31.572-06:00</time>
<extensions>
<gpxtpx:TrackPointExtension>
<gpxtpx:speed>4.8</gpxtpx:speed>
</gpxtpx:TrackPointExtension>
<opentracks:accuracy_horizontal>3.659</opentracks:accuracy_horizontal></extensions>
</trkpt>
<trkpt lat="50.444287" lon="-104.406585">
<ele>587.6</ele>
<time>2026-07-27T07:40:34.569-06:00</time>
<extensions>
<gpxtpx:TrackPointExtension>
<gpxtpx:speed>4.8</gpxtpx:speed>
</gpxtpx:TrackPointExtension>
<opentracks:accuracy_horizontal>3.659</opentracks:accuracy_horizontal></extensions>
</trkpt>
<trkpt lat="50.444248" lon="-104.406398">
<ele>587.8</ele>
<time>2026-07-27T07:40:37.575-06:00</time>
<extensions>
<gpxtpx:TrackPointExtension>
<gpxtpx:speed>4.49</gpxtpx:speed>
</gpxtpx:TrackPointExtension>
<opentracks:accuracy_horizontal>3.659</opentracks:accuracy_horizontal></extensions>
</trkpt>
<trkpt lat="50.444217" lon="-104.406229">
<ele>588.1</ele>
<time>2026-07-27T07:40:40.568-06:00</time>
<extensions>
<gpxtpx:TrackPointExtension>
<gpxtpx:speed>4.18</gpxtpx:speed>
</gpxtpx:TrackPointExtension>
<opentracks:accuracy_horizontal>3.659</opentracks:accuracy_horizontal></extensions>
</trkpt>
<trkpt lat="50.444171" lon="-104.406083">
<ele>587.8</ele>
<time>2026-07-27T07:40:43.573-06:00</time>
<extensions>
<gpxtpx:TrackPointExtension>
<gpxtpx:speed>4.11</gpxtpx:speed>
</gpxtpx:TrackPointExtension>
<opentracks:accuracy_horizontal>3.659</opentracks:accuracy_horizontal></extensions>
</trkpt>
<trkpt lat="50.444074" lon="-104.405983">
<ele>588</ele>
<time>2026-07-27T07:40:46.569-06:00</time>
<extensions>
<gpxtpx:TrackPointExtension>
<gpxtpx:speed>4.02</gpxtpx:speed>
</gpxtpx:TrackPointExtension>
<opentracks:accuracy_horizontal>3.995</opentracks:accuracy_horizontal></extensions>
</trkpt>
<trkpt lat="50.443957" lon="-104.405993">
<ele>587.6</ele>
<time>2026-07-27T07:40:49.581-06:00</time>
<extensions>
<gpxtpx:TrackPointExtension>
<gpxtpx:speed>3.24</gpxtpx:speed>
</gpxtpx:TrackPointExtension>
<opentracks:accuracy_horizontal>3.659</opentracks:accuracy_horizontal></extensions>
</trkpt>
<trkpt lat="50.44387" lon="-104.406033">
<ele>587.3</ele>
<time>2026-07-27T07:40:54.576-06:00</time>
<extensions>
<gpxtpx:TrackPointExtension>
<gpxtpx:speed>0.29</gpxtpx:speed>
</gpxtpx:TrackPointExtension>
<opentracks:accuracy_horizontal>4.724</opentracks:accuracy_horizontal></extensions>
</trkpt>
<trkpt lat="50.443846" lon="-104.40605">
<ele>587.8</ele>
<time>2026-07-27T07:41:04.555-06:00</time>
<extensions>
<gpxtpx:TrackPointExtension>
<gpxtpx:speed>0</gpxtpx:speed>
</gpxtpx:TrackPointExtension>
<opentracks:accuracy_horizontal>3.87</opentracks:accuracy_horizontal></extensions>
</trkpt>
<trkpt lat="50.443744" lon="-104.406081">
<ele>582.2</ele>
<time>2026-07-27T07:41:41.597-06:00</time>
<extensions>
<gpxtpx:TrackPointExtension>
<gpxtpx:speed>1</gpxtpx:speed>
</gpxtpx:TrackPointExtension>
<opentracks:accuracy_horizontal>41.354</opentracks:accuracy_horizontal></extensions>
</trkpt>
<trkpt lat="50.443687" lon="-104.406107">
<ele>581.7</ele>
<time>2026-07-27T07:41:49.609-06:00</time>
<extensions>
<gpxtpx:TrackPointExtension>
<gpxtpx:speed>0.79</gpxtpx:speed>
</gpxtpx:TrackPointExtension>
<opentracks:accuracy_horizontal>11.747</opentracks:accuracy_horizontal></extensions>
</trkpt>
<trkpt lat="50.443776" lon="-104.406015">
<ele>581</ele>
<time>2026-07-27T07:42:40.621-06:00</time>
<extensions>
<gpxtpx:TrackPointExtension>
<gpxtpx:speed>0.44</gpxtpx:speed>
</gpxtpx:TrackPointExtension>
<opentracks:accuracy_horizontal>9.133</opentracks:accuracy_horizontal></extensions>
</trkpt>
<trkpt lat="50.443807" lon="-104.406009">
<ele>582</ele>
<time>2026-07-27T07:42:45.601-06:00</time>
<extensions>
<gpxtpx:TrackPointExtension>
<gpxtpx:speed>0.62</gpxtpx:speed>
</gpxtpx:TrackPointExtension>
<opentracks:accuracy_horizontal>14.093</opentracks:accuracy_horizontal></extensions>
</trkpt>
</trkseg>
</trk>
</gpx>
