<?xml version="1.0" encoding="UTF-8"?>
<gpx
version="1.1"
creator="OpenTracks"
xmlns="http://www.topografix.com/GPX/1/1"
xmlns:topografix="http://www.topografix.com/GPX/Private/TopoGrafix/0/1"
xmlns:xsi="http://www.w3.org/2001/XMLSchema-instance"
xmlns:opentracks="http://opentracksapp.com/xmlschemas/v1"
xmlns:gpxtpx="http://www.garmin.com/xmlschemas/TrackPointExtension/v2"
xmlns:gpxtrkx="http://www.garmin.com/xmlschemas/TrackStatsExtension/v1"
xmlns:cluetrust="http://www.cluetrust.com/Schemas/"
xmlns:pwr="http://www.garmin.com/xmlschemas/PowerExtension/v1"
xsi:schemaLocation="http://www.topografix.com/GPX/1/1 http://www.topografix.com/GPX/1/1/gpx.xsd http://www.topografix.com/GPX/Private/TopoGrafix/0/1 http://www.topografix.com/GPX/Private/TopoGrafix/0/1/topografix.xsd http://www.garmin.com/xmlschemas/TrackPointExtension/v2 https://www8.garmin.com/xmlschemas/TrackPointExtensionv2.xsd http://www.garmin.com/xmlschemas/PowerExtension/v1 https://www8.garmin.com/xmlschemas/PowerExtensionv1.xsd http://www.garmin.com/xmlschemas/TrackStatsExtension/v1 https://www8.garmin.com/xmlschemas/TrackStatsExtension.xsd http://www.cluetrust.com/Schemas https://www.cluetrust.com/Schemas/gpxdata10.xsd http://opentracksapp.com/xmlschemas/v1 http://opentracksapp.com/xmlschemas/OpenTracks_v1.xsd">
<trk>
<name><![CDATA[2026-08-29T18:29-06]]></name>
<desc><![CDATA[]]></desc>
<type><![CDATA[cycling]]></type>
<extensions>
<topografix:color>c0c0c0</topografix:color>
<opentracks:trackid>83fb5ea4-818c-46ab-ba14-9d904fc397ee</opentracks:trackid>
<opentracks:typeTranslated><![CDATA[cycling]]></opentracks:typeTranslated>
<gpxtrkx:TrackStatsExtension>
<gpxtrkx:Distance>5971.91064453125</gpxtrkx:Distance>
<gpxtrkx:TimerTime>2425</gpxtrkx:TimerTime>
<gpxtrkx:MovingTime>1363</gpxtrkx:MovingTime>
<gpxtrkx:StoppedTime>1062</gpxtrkx:StoppedTime>
<gpxtrkx:MaxSpeed>7.018235206604004</gpxtrkx:MaxSpeed>
</gpxtrkx:TrackStatsExtension>
</extensions>
<trkseg>
<trkpt lat="50.465021" lon="-104.537114">
<ele>573.8</ele>
<time>2026-08-29T18:29:45.784-06:00</time>
<extensions>
<gpxtpx:TrackPointExtension>
<gpxtpx:speed>0</gpxtpx:speed>
</gpxtpx:TrackPointExtension>
<opentracks:accuracy_horizontal>34.608</opentracks:accuracy_horizontal></extensions>
</trkpt>
<trkpt lat="50.465089" lon="-104.537006">
<ele>556.4</ele>
<time>2026-08-29T18:29:53.488-06:00</time>
<extensions>
<gpxtpx:TrackPointExtension>
<gpxtpx:speed>0</gpxtpx:speed>
</gpxtpx:TrackPointExtension>
<opentracks:accuracy_horizontal>7.905</opentracks:accuracy_horizontal></extensions>
</trkpt>
<trkpt lat="50.465077" lon="-104.536985">
<ele>555.4</ele>
<time>2026-08-29T18:30:03.466-06:00</time>
<extensions>
<gpxtpx:TrackPointExtension>
<gpxtpx:speed>0</gpxtpx:speed>
</gpxtpx:TrackPointExtension>
<opentracks:accuracy_horizontal>5.113</opentracks:accuracy_horizontal></extensions>
</trkpt>
<trkpt lat="50.464986" lon="-104.537027">
<ele>560.8</ele>
<time>2026-08-29T18:32:09.439-06:00</time>
<extensions>
<gpxtpx:TrackPointExtension>
<gpxtpx:speed>2.38</gpxtpx:speed>
</gpxtpx:TrackPointExtension>
<opentracks:accuracy_horizontal>3.427</opentracks:accuracy_horizontal></extensions>
</trkpt>
<trkpt lat="50.46492" lon="-104.537124">
<ele>559.9</ele>
<time>2026-08-29T18:32:13.428-06:00</time>
<extensions>
<gpxtpx:TrackPointExtension>
<gpxtpx:speed>2.44</gpxtpx:speed>
</gpxtpx:TrackPointExtension>
<opentracks:accuracy_horizontal>4.285</opentracks:accuracy_horizontal></extensions>
</trkpt>
<trkpt lat="50.464893" lon="-104.537293">
<ele>559.6</ele>
<time>2026-08-29T18:32:17.442-06:00</time>
<extensions>
<gpxtpx:TrackPointExtension>
<gpxtpx:speed>2.84</gpxtpx:speed>
</gpxtpx:TrackPointExtension>
<opentracks:accuracy_horizontal>4.484</opentracks:accuracy_horizontal></extensions>
</trkpt>
<trkpt lat="50.464863" lon="-104.537435">
<ele>559.8</ele>
<time>2026-08-29T18:32:20.432-06:00</time>
<extensions>
<gpxtpx:TrackPointExtension>
<gpxtpx:speed>3.1</gpxtpx:speed>
</gpxtpx:TrackPointExtension>
<opentracks:accuracy_horizontal>4.661</opentracks:accuracy_horizontal></extensions>
</trkpt>
<trkpt lat="50.464825" lon="-104.537571">
<ele>558.6</ele>
<time>2026-08-29T18:32:23.424-06:00</time>
<extensions>
<gpxtpx:TrackPointExtension>
<gpxtpx:speed>3.2</gpxtpx:speed>
</gpxtpx:TrackPointExtension>
<opentracks:accuracy_horizontal>4.69</opentracks:accuracy_horizontal></extensions>
</trkpt>
<trkpt lat="50.464766" lon="-104.537704">
<ele>558.8</ele>
<time>2026-08-29T18:32:26.425-06:00</time>
<extensions>
<gpxtpx:TrackPointExtension>
<gpxtpx:speed>3.35</gpxtpx:speed>
</gpxtpx:TrackPointExtension>
<opentracks:accuracy_horizontal>4.606</opentracks:accuracy_horizontal></extensions>
</trkpt>
<trkpt lat="50.464724" lon="-104.537865">
<ele>558.2</ele>
<time>2026-08-29T18:32:29.429-06:00</time>
<extensions>
<gpxtpx:TrackPointExtension>
<gpxtpx:speed>3.52</gpxtpx:speed>
</gpxtpx:TrackPointExtension>
<opentracks:accuracy_horizontal>4.465</opentracks:accuracy_horizontal></extensions>
</trkpt>
<trkpt lat="50.464678" lon="-104.538016">
<ele>558.8</ele>
<time>2026-08-29T18:32:32.43-06:00</time>
<extensions>
<gpxtpx:TrackPointExtension>
<gpxtpx:speed>3.62</gpxtpx:speed>
</gpxtpx:TrackPointExtension>
<opentracks:accuracy_horizontal>4.408</opentracks:accuracy_horizontal></extensions>
</trkpt>
<trkpt lat="50.464636" lon="-104.538179">
<ele>558.7</ele>
<time>2026-08-29T18:32:35.436-06:00</time>
<extensions>
<gpxtpx:TrackPointExtension>
<gpxtpx:speed>3.73</gpxtpx:speed>
</gpxtpx:TrackPointExtension>
<opentracks:accuracy_horizontal>4.382</opentracks:accuracy_horizontal></extensions>
</trkpt>
<trkpt lat="50.464571" lon="-104.538346">
<ele>558.1</ele>
<time>2026-08-29T18:32:38.428-06:00</time>
<extensions>
<gpxtpx:TrackPointExtension>
<gpxtpx:speed>3.94</gpxtpx:speed>
</gpxtpx:TrackPointExtension>
<opentracks:accuracy_horizontal>4.521</opentracks:accuracy_horizontal></extensions>
</trkpt>
<trkpt lat="50.464525" lon="-104.538478">
<ele>558.4</ele>
<time>2026-08-29T18:32:40.435-06:00</time>
<extensions>
<gpxtpx:TrackPointExtension>
<gpxtpx:speed>4.17</gpxtpx:speed>
</gpxtpx:TrackPointExtension>
<opentracks:accuracy_horizontal>4.762</opentracks:accuracy_horizontal></extensions>
</trkpt>
<trkpt lat="50.464447" lon="-104.538626">
<ele>558.6</ele>
<time>2026-08-29T18:32:43.434-06:00</time>
<extensions>
<gpxtpx:TrackPointExtension>
<gpxtpx:speed>4.23</gpxtpx:speed>
</gpxtpx:TrackPointExtension>
<opentracks:accuracy_horizontal>4.127</opentracks:accuracy_horizontal></extensions>
</trkpt>
<trkpt lat="50.464336" lon="-104.538714">
<ele>558.8</ele>
<time>2026-08-29T18:32:46.447-06:00</time>
<extensions>
<gpxtpx:TrackPointExtension>
<gpxtpx:speed>4.29</gpxtpx:speed>
</gpxtpx:TrackPointExtension>
<opentracks:accuracy_horizontal>3.694</opentracks:accuracy_horizontal></extensions>
</trkpt>
<trkpt lat="50.464225" lon="-104.538812">
<ele>559.4</ele>
<time>2026-08-29T18:32:49.443-06:00</time>
<extensions>
<gpxtpx:TrackPointExtension>
<gpxtpx:speed>4.37</gpxtpx:speed>
</gpxtpx:TrackPointExtension>
<opentracks:accuracy_horizontal>3.669</opentracks:accuracy_horizontal></extensions>
</trkpt>
<trkpt lat="50.46411" lon="-104.538908">
<ele>560.4</ele>
<time>2026-08-29T18:32:52.435-06:00</time>
<extensions>
<gpxtpx:TrackPointExtension>
<gpxtpx:speed>4.46</gpxtpx:speed>
</gpxtpx:TrackPointExtension>
<opentracks:accuracy_horizontal>3.639</opentracks:accuracy_horizontal></extensions>
</trkpt>
<trkpt lat="50.46402" lon="-104.539004">
<ele>560.2</ele>
<time>2026-08-29T18:32:55.442-06:00</time>
<extensions>
<gpxtpx:TrackPointExtension>
<gpxtpx:speed>4.34</gpxtpx:speed>
</gpxtpx:TrackPointExtension>
<opentracks:accuracy_horizontal>3.363</opentracks:accuracy_horizontal></extensions>
</trkpt>
<trkpt lat="50.463909" lon="-104.539083">
<ele>560.4</ele>
<time>2026-08-29T18:32:58.441-06:00</time>
<extensions>
<gpxtpx:TrackPointExtension>
<gpxtpx:speed>4.37</gpxtpx:speed>
</gpxtpx:TrackPointExtension>
<opentracks:accuracy_horizontal>3.547</opentracks:accuracy_horizontal></extensions>
</trkpt>
<trkpt lat="50.463805" lon="-104.539193">
<ele>560.7</ele>
<time>2026-08-29T18:33:01.442-06:00</time>
<extensions>
<gpxtpx:TrackPointExtension>
<gpxtpx:speed>3.79</gpxtpx:speed>
</gpxtpx:TrackPointExtension>
<opentracks:accuracy_horizontal>4.216</opentracks:accuracy_horizontal></extensions>
</trkpt>
<trkpt lat="50.463713" lon="-104.539239">
<ele>561.2</ele>
<time>2026-08-29T18:33:04.445-06:00</time>
<extensions>
<gpxtpx:TrackPointExtension>
<gpxtpx:speed>3.16</gpxtpx:speed>
</gpxtpx:TrackPointExtension>
<opentracks:accuracy_horizontal>4.216</opentracks:accuracy_horizontal></extensions>
</trkpt>
<trkpt lat="50.463627" lon="-104.539304">
<ele>560.8</ele>
<time>2026-08-29T18:33:07.421-06:00</time>
<extensions>
<gpxtpx:TrackPointExtension>
<gpxtpx:speed>3.25</gpxtpx:speed>
</gpxtpx:TrackPointExtension>
<opentracks:accuracy_horizontal>4.216</opentracks:accuracy_horizontal></extensions>
</trkpt>
<trkpt lat="50.463526" lon="-104.53939">
<ele>562.2</ele>
<time>2026-08-29T18:33:11.436-06:00</time>
<extensions>
<gpxtpx:TrackPointExtension>
<gpxtpx:speed>2.53</gpxtpx:speed>
</gpxtpx:TrackPointExtension>
<opentracks:accuracy_horizontal>4.216</opentracks:accuracy_horizontal></extensions>
</trkpt>
<trkpt lat="50.463434" lon="-104.539447">
<ele>563</ele>
<time>2026-08-29T18:33:15.444-06:00</time>
<extensions>
<gpxtpx:TrackPointExtension>
<gpxtpx:speed>2.9</gpxtpx:speed>
</gpxtpx:TrackPointExtension>
<opentracks:accuracy_horizontal>4.216</opentracks:accuracy_horizontal></extensions>
</trkpt>
<trkpt lat="50.463341" lon="-104.539375">
<ele>561.1</ele>
<time>2026-08-29T18:33:21.405-06:00</time>
<extensions>
<gpxtpx:TrackPointExtension>
<gpxtpx:speed>3.94</gpxtpx:speed>
</gpxtpx:TrackPointExtension>
<opentracks:accuracy_horizontal>4.216</opentracks:accuracy_horizontal></extensions>
</trkpt>
<trkpt lat="50.463304" lon="-104.539244">
<ele>559.4</ele>
<time>2026-08-29T18:33:24.437-06:00</time>
<extensions>
<gpxtpx:TrackPointExtension>
<gpxtpx:speed>3.92</gpxtpx:speed>
</gpxtpx:TrackPointExtension>
<opentracks:accuracy_horizontal>4.216</opentracks:accuracy_horizontal></extensions>
</trkpt>
<trkpt lat="50.463248" lon="-104.539099">
<ele>558.5</ele>
<time>2026-08-29T18:33:27.43-06:00</time>
<extensions>
<gpxtpx:TrackPointExtension>
<gpxtpx:speed>4.24</gpxtpx:speed>
</gpxtpx:TrackPointExtension>
<opentracks:accuracy_horizontal>4.216</opentracks:accuracy_horizontal></extensions>
</trkpt>
<trkpt lat="50.463182" lon="-104.538948">
<ele>557.4</ele>
<time>2026-08-29T18:33:30.424-06:00</time>
<extensions>
<gpxtpx:TrackPointExtension>
<gpxtpx:speed>4.3</gpxtpx:speed>
</gpxtpx:TrackPointExtension>
<opentracks:accuracy_horizontal>4.216</opentracks:accuracy_horizontal></extensions>
</trkpt>
<trkpt lat="50.463126" lon="-104.538789">
<ele>557.2</ele>
<time>2026-08-29T18:33:33.439-06:00</time>
<extensions>
<gpxtpx:TrackPointExtension>
<gpxtpx:speed>4.53</gpxtpx:speed>
</gpxtpx:TrackPointExtension>
<opentracks:accuracy_horizontal>4.216</opentracks:accuracy_horizontal></extensions>
</trkpt>
<trkpt lat="50.463064" lon="-104.538619">
<ele>557.4</ele>
<time>2026-08-29T18:33:36.427-06:00</time>
<extensions>
<gpxtpx:TrackPointExtension>
<gpxtpx:speed>4.26</gpxtpx:speed>
</gpxtpx:TrackPointExtension>
<opentracks:accuracy_horizontal>4.216</opentracks:accuracy_horizontal></extensions>
</trkpt>
<trkpt lat="50.463012" lon="-104.538457">
<ele>556.8</ele>
<time>2026-08-29T18:33:39.448-06:00</time>
<extensions>
<gpxtpx:TrackPointExtension>
<gpxtpx:speed>4.66</gpxtpx:speed>
</gpxtpx:TrackPointExtension>
<opentracks:accuracy_horizontal>4.216</opentracks:accuracy_horizontal></extensions>
</trkpt>
<trkpt lat="50.462958" lon="-104.538286">
<ele>557.7</ele>
<time>2026-08-29T18:33:42.436-06:00</time>
<extensions>
<gpxtpx:TrackPointExtension>
<gpxtpx:speed>4.31</gpxtpx:speed>
</gpxtpx:TrackPointExtension>
<opentracks:accuracy_horizontal>4.215</opentracks:accuracy_horizontal></extensions>
</trkpt>
<trkpt lat="50.462909" lon="-104.538129">
<ele>556.8</ele>
<time>2026-08-29T18:33:45.434-06:00</time>
<extensions>
<gpxtpx:TrackPointExtension>
<gpxtpx:speed>4.04</gpxtpx:speed>
</gpxtpx:TrackPointExtension>
<opentracks:accuracy_horizontal>4.215</opentracks:accuracy_horizontal></extensions>
</trkpt>
<trkpt lat="50.462842" lon="-104.537973">
<ele>556</ele>
<time>2026-08-29T18:33:48.438-06:00</time>
<extensions>
<gpxtpx:TrackPointExtension>
<gpxtpx:speed>4.44</gpxtpx:speed>
</gpxtpx:TrackPointExtension>
<opentracks:accuracy_horizontal>4.215</opentracks:accuracy_horizontal></extensions>
</trkpt>
<trkpt lat="50.462781" lon="-104.537799">
<ele>555.4</ele>
<time>2026-08-29T18:33:51.439-06:00</time>
<extensions>
<gpxtpx:TrackPointExtension>
<gpxtpx:speed>4.36</gpxtpx:speed>
</gpxtpx:TrackPointExtension>
<opentracks:accuracy_horizontal>4.215</opentracks:accuracy_horizontal></extensions>
</trkpt>
<trkpt lat="50.462714" lon="-104.537633">
<ele>554.9</ele>
<time>2026-08-29T18:33:54.425-06:00</time>
<extensions>
<gpxtpx:TrackPointExtension>
<gpxtpx:speed>4.9</gpxtpx:speed>
</gpxtpx:TrackPointExtension>
<opentracks:accuracy_horizontal>4.215</opentracks:accuracy_horizontal></extensions>
</trkpt>
<trkpt lat="50.462654" lon="-104.537442">
<ele>554.9</ele>
<time>2026-08-29T18:33:57.45-06:00</time>
<extensions>
<gpxtpx:TrackPointExtension>
<gpxtpx:speed>4.94</gpxtpx:speed>
</gpxtpx:TrackPointExtension>
<opentracks:accuracy_horizontal>4.215</opentracks:accuracy_horizontal></extensions>
</trkpt>
<trkpt lat="50.462591" lon="-104.537259">
<ele>555.8</ele>
<time>2026-08-29T18:34:00.44-06:00</time>
<extensions>
<gpxtpx:TrackPointExtension>
<gpxtpx:speed>4.84</gpxtpx:speed>
</gpxtpx:TrackPointExtension>
<opentracks:accuracy_horizontal>4.215</opentracks:accuracy_horizontal></extensions>
</trkpt>
<trkpt lat="50.462545" lon="-104.5371">
<ele>556.4</ele>
<time>2026-08-29T18:34:03.435-06:00</time>
<extensions>
<gpxtpx:TrackPointExtension>
<gpxtpx:speed>4.47</gpxtpx:speed>
</gpxtpx:TrackPointExtension>
<opentracks:accuracy_horizontal>4.215</opentracks:accuracy_horizontal></extensions>
</trkpt>
<trkpt lat="50.462476" lon="-104.536932">
<ele>556.3</ele>
<time>2026-08-29T18:34:06.445-06:00</time>
<extensions>
<gpxtpx:TrackPointExtension>
<gpxtpx:speed>4.3</gpxtpx:speed>
</gpxtpx:TrackPointExtension>
<opentracks:accuracy_horizontal>4.215</opentracks:accuracy_horizontal></extensions>
</trkpt>
<trkpt lat="50.462399" lon="-104.536764">
<ele>556</ele>
<time>2026-08-29T18:34:09.446-06:00</time>
<extensions>
<gpxtpx:TrackPointExtension>
<gpxtpx:speed>4.95</gpxtpx:speed>
</gpxtpx:TrackPointExtension>
<opentracks:accuracy_horizontal>4.215</opentracks:accuracy_horizontal></extensions>
</trkpt>
<trkpt lat="50.462347" lon="-104.536645">
<ele>556.3</ele>
<time>2026-08-29T18:34:11.443-06:00</time>
<extensions>
<gpxtpx:TrackPointExtension>
<gpxtpx:speed>4.9</gpxtpx:speed>
</gpxtpx:TrackPointExtension>
<opentracks:accuracy_horizontal>4.215</opentracks:accuracy_horizontal></extensions>
</trkpt>
<trkpt lat="50.462289" lon="-104.536472">
<ele>556.3</ele>
<time>2026-08-29T18:34:14.442-06:00</time>
<extensions>
<gpxtpx:TrackPointExtension>
<gpxtpx:speed>4.66</gpxtpx:speed>
</gpxtpx:TrackPointExtension>
<opentracks:accuracy_horizontal>4.469</opentracks:accuracy_horizontal></extensions>
</trkpt>
<trkpt lat="50.462246" lon="-104.536349">
<ele>555.9</ele>
<time>2026-08-29T18:34:16.46-06:00</time>
<extensions>
<gpxtpx:TrackPointExtension>
<gpxtpx:speed>4.9</gpxtpx:speed>
</gpxtpx:TrackPointExtension>
<opentracks:accuracy_horizontal>4.469</opentracks:accuracy_horizontal></extensions>
</trkpt>
<trkpt lat="50.462174" lon="-104.536248">
<ele>555.5</ele>
<time>2026-08-29T18:34:18.444-06:00</time>
<extensions>
<gpxtpx:TrackPointExtension>
<gpxtpx:speed>5.12</gpxtpx:speed>
</gpxtpx:TrackPointExtension>
<opentracks:accuracy_horizontal>4.469</opentracks:accuracy_horizontal></extensions>
</trkpt>
<trkpt lat="50.462084" lon="-104.536184">
<ele>555.3</ele>
<time>2026-08-29T18:34:20.451-06:00</time>
<extensions>
<gpxtpx:TrackPointExtension>
<gpxtpx:speed>4.89</gpxtpx:speed>
</gpxtpx:TrackPointExtension>
<opentracks:accuracy_horizontal>4.47</opentracks:accuracy_horizontal></extensions>
</trkpt>
<trkpt lat="50.461972" lon="-104.536073">
<ele>555.7</ele>
<time>2026-08-29T18:34:23.44-06:00</time>
<extensions>
<gpxtpx:TrackPointExtension>
<gpxtpx:speed>4.72</gpxtpx:speed>
</gpxtpx:TrackPointExtension>
<opentracks:accuracy_horizontal>4.47</opentracks:accuracy_horizontal></extensions>
</trkpt>
<trkpt lat="50.461857" lon="-104.535968">
<ele>555.9</ele>
<time>2026-08-29T18:34:26.447-06:00</time>
<extensions>
<gpxtpx:TrackPointExtension>
<gpxtpx:speed>4.55</gpxtpx:speed>
</gpxtpx:TrackPointExtension>
<opentracks:accuracy_horizontal>4.426</opentracks:accuracy_horizontal></extensions>
</trkpt>
<trkpt lat="50.461727" lon="-104.535883">
<ele>556.2</ele>
<time>2026-08-29T18:34:29.439-06:00</time>
<extensions>
<gpxtpx:TrackPointExtension>
<gpxtpx:speed>4.98</gpxtpx:speed>
</gpxtpx:TrackPointExtension>
<opentracks:accuracy_horizontal>4.426</opentracks:accuracy_horizontal></extensions>
</trkpt>
<trkpt lat="50.461623" lon="-104.535836">
<ele>556.7</ele>
<time>2026-08-29T18:34:31.447-06:00</time>
<extensions>
<gpxtpx:TrackPointExtension>
<gpxtpx:speed>5.45</gpxtpx:speed>
</gpxtpx:TrackPointExtension>
<opentracks:accuracy_horizontal>4.471</opentracks:accuracy_horizontal></extensions>
</trkpt>
<trkpt lat="50.461521" lon="-104.535795">
<ele>557.6</ele>
<time>2026-08-29T18:34:33.453-06:00</time>
<extensions>
<gpxtpx:TrackPointExtension>
<gpxtpx:speed>5.28</gpxtpx:speed>
</gpxtpx:TrackPointExtension>
<opentracks:accuracy_horizontal>4.472</opentracks:accuracy_horizontal></extensions>
</trkpt>
<trkpt lat="50.461431" lon="-104.535765">
<ele>557.9</ele>
<time>2026-08-29T18:34:35.458-06:00</time>
<extensions>
<gpxtpx:TrackPointExtension>
<gpxtpx:speed>4.79</gpxtpx:speed>
</gpxtpx:TrackPointExtension>
<opentracks:accuracy_horizontal>4.472</opentracks:accuracy_horizontal></extensions>
</trkpt>
<trkpt lat="50.461311" lon="-104.535715">
<ele>558.7</ele>
<time>2026-08-29T18:34:38.445-06:00</time>
<extensions>
<gpxtpx:TrackPointExtension>
<gpxtpx:speed>4.95</gpxtpx:speed>
</gpxtpx:TrackPointExtension>
<opentracks:accuracy_horizontal>4.473</opentracks:accuracy_horizontal></extensions>
</trkpt>
<trkpt lat="50.461225" lon="-104.535662">
<ele>559.1</ele>
<time>2026-08-29T18:34:40.426-06:00</time>
<extensions>
<gpxtpx:TrackPointExtension>
<gpxtpx:speed>5.34</gpxtpx:speed>
</gpxtpx:TrackPointExtension>
<opentracks:accuracy_horizontal>4.473</opentracks:accuracy_horizontal></extensions>
</trkpt>
<trkpt lat="50.46113" lon="-104.535612">
<ele>558.5</ele>
<time>2026-08-29T18:34:42.455-06:00</time>
<extensions>
<gpxtpx:TrackPointExtension>
<gpxtpx:speed>5.07</gpxtpx:speed>
</gpxtpx:TrackPointExtension>
<opentracks:accuracy_horizontal>4.426</opentracks:accuracy_horizontal></extensions>
</trkpt>
<trkpt lat="50.461018" lon="-104.535563">
<ele>558.6</ele>
<time>2026-08-29T18:34:45.44-06:00</time>
<extensions>
<gpxtpx:TrackPointExtension>
<gpxtpx:speed>4.03</gpxtpx:speed>
</gpxtpx:TrackPointExtension>
<opentracks:accuracy_horizontal>4.426</opentracks:accuracy_horizontal></extensions>
</trkpt>
<trkpt lat="50.460898" lon="-104.535527">
<ele>559</ele>
<time>2026-08-29T18:34:48.437-06:00</time>
<extensions>
<gpxtpx:TrackPointExtension>
<gpxtpx:speed>4.6</gpxtpx:speed>
</gpxtpx:TrackPointExtension>
<opentracks:accuracy_horizontal>4.474</opentracks:accuracy_horizontal></extensions>
</trkpt>
<trkpt lat="50.460783" lon="-104.535462">
<ele>559.5</ele>
<time>2026-08-29T18:34:51.444-06:00</time>
<extensions>
<gpxtpx:TrackPointExtension>
<gpxtpx:speed>4.76</gpxtpx:speed>
</gpxtpx:TrackPointExtension>
<opentracks:accuracy_horizontal>4.475</opentracks:accuracy_horizontal></extensions>
</trkpt>
<trkpt lat="50.460696" lon="-104.535408">
<ele>559.6</ele>
<time>2026-08-29T18:34:53.436-06:00</time>
<extensions>
<gpxtpx:TrackPointExtension>
<gpxtpx:speed>4.76</gpxtpx:speed>
</gpxtpx:TrackPointExtension>
<opentracks:accuracy_horizontal>4.475</opentracks:accuracy_horizontal></extensions>
</trkpt>
<trkpt lat="50.460592" lon="-104.535335">
<ele>559.2</ele>
<time>2026-08-29T18:34:56.44-06:00</time>
<extensions>
<gpxtpx:TrackPointExtension>
<gpxtpx:speed>3.87</gpxtpx:speed>
</gpxtpx:TrackPointExtension>
<opentracks:accuracy_horizontal>4.476</opentracks:accuracy_horizontal></extensions>
</trkpt>
<trkpt lat="50.460496" lon="-104.535231">
<ele>558.7</ele>
<time>2026-08-29T18:34:59.445-06:00</time>
<extensions>
<gpxtpx:TrackPointExtension>
<gpxtpx:speed>4.38</gpxtpx:speed>
</gpxtpx:TrackPointExtension>
<opentracks:accuracy_horizontal>4.652</opentracks:accuracy_horizontal></extensions>
</trkpt>
<trkpt lat="50.460405" lon="-104.535147">
<ele>559.5</ele>
<time>2026-08-29T18:35:02.445-06:00</time>
<extensions>
<gpxtpx:TrackPointExtension>
<gpxtpx:speed>3.34</gpxtpx:speed>
</gpxtpx:TrackPointExtension>
<opentracks:accuracy_horizontal>4.477</opentracks:accuracy_horizontal></extensions>
</trkpt>
<trkpt lat="50.460321" lon="-104.535062">
<ele>558</ele>
<time>2026-08-29T18:35:05.444-06:00</time>
<extensions>
<gpxtpx:TrackPointExtension>
<gpxtpx:speed>3.86</gpxtpx:speed>
</gpxtpx:TrackPointExtension>
<opentracks:accuracy_horizontal>4.477</opentracks:accuracy_horizontal></extensions>
</trkpt>
<trkpt lat="50.460226" lon="-104.534992">
<ele>557.3</ele>
<time>2026-08-29T18:35:08.446-06:00</time>
<extensions>
<gpxtpx:TrackPointExtension>
<gpxtpx:speed>3.02</gpxtpx:speed>
</gpxtpx:TrackPointExtension>
<opentracks:accuracy_horizontal>4.477</opentracks:accuracy_horizontal></extensions>
</trkpt>
<trkpt lat="50.460133" lon="-104.534919">
<ele>557.6</ele>
<time>2026-08-29T18:35:12.451-06:00</time>
<extensions>
<gpxtpx:TrackPointExtension>
<gpxtpx:speed>2.71</gpxtpx:speed>
</gpxtpx:TrackPointExtension>
<opentracks:accuracy_horizontal>4.478</opentracks:accuracy_horizontal></extensions>
</trkpt>
<trkpt lat="50.460037" lon="-104.534859">
<ele>557.2</ele>
<time>2026-08-29T18:35:17.45-06:00</time>
<extensions>
<gpxtpx:TrackPointExtension>
<gpxtpx:speed>2.41</gpxtpx:speed>
</gpxtpx:TrackPointExtension>
<opentracks:accuracy_horizontal>4.479</opentracks:accuracy_horizontal></extensions>
</trkpt>
<trkpt lat="50.459927" lon="-104.534921">
<ele>556</ele>
<time>2026-08-29T18:35:21.439-06:00</time>
<extensions>
<gpxtpx:TrackPointExtension>
<gpxtpx:speed>3.48</gpxtpx:speed>
</gpxtpx:TrackPointExtension>
<opentracks:accuracy_horizontal>4.479</opentracks:accuracy_horizontal></extensions>
</trkpt>
<trkpt lat="50.459878" lon="-104.535072">
<ele>556.4</ele>
<time>2026-08-29T18:35:24.445-06:00</time>
<extensions>
<gpxtpx:TrackPointExtension>
<gpxtpx:speed>3.54</gpxtpx:speed>
</gpxtpx:TrackPointExtension>
<opentracks:accuracy_horizontal>4.214</opentracks:accuracy_horizontal></extensions>
</trkpt>
<trkpt lat="50.459816" lon="-104.53521">
<ele>557.5</ele>
<time>2026-08-29T18:35:27.443-06:00</time>
<extensions>
<gpxtpx:TrackPointExtension>
<gpxtpx:speed>3.96</gpxtpx:speed>
</gpxtpx:TrackPointExtension>
<opentracks:accuracy_horizontal>4.48</opentracks:accuracy_horizontal></extensions>
</trkpt>
<trkpt lat="50.45975" lon="-104.535365">
<ele>558</ele>
<time>2026-08-29T18:35:30.448-06:00</time>
<extensions>
<gpxtpx:TrackPointExtension>
<gpxtpx:speed>4.45</gpxtpx:speed>
</gpxtpx:TrackPointExtension>
<opentracks:accuracy_horizontal>4.481</opentracks:accuracy_horizontal></extensions>
</trkpt>
<trkpt lat="50.459686" lon="-104.535539">
<ele>559.1</ele>
<time>2026-08-29T18:35:33.443-06:00</time>
<extensions>
<gpxtpx:TrackPointExtension>
<gpxtpx:speed>4.16</gpxtpx:speed>
</gpxtpx:TrackPointExtension>
<opentracks:accuracy_horizontal>4.481</opentracks:accuracy_horizontal></extensions>
</trkpt>
<trkpt lat="50.459628" lon="-104.535721">
<ele>559.3</ele>
<time>2026-08-29T18:35:36.434-06:00</time>
<extensions>
<gpxtpx:TrackPointExtension>
<gpxtpx:speed>4.57</gpxtpx:speed>
</gpxtpx:TrackPointExtension>
<opentracks:accuracy_horizontal>4.214</opentracks:accuracy_horizontal></extensions>
</trkpt>
<trkpt lat="50.45958" lon="-104.535887">
<ele>559.9</ele>
<time>2026-08-29T18:35:39.447-06:00</time>
<extensions>
<gpxtpx:TrackPointExtension>
<gpxtpx:speed>3.97</gpxtpx:speed>
</gpxtpx:TrackPointExtension>
<opentracks:accuracy_horizontal>4.214</opentracks:accuracy_horizontal></extensions>
</trkpt>
<trkpt lat="50.459528" lon="-104.53605">
<ele>560.3</ele>
<time>2026-08-29T18:35:42.441-06:00</time>
<extensions>
<gpxtpx:TrackPointExtension>
<gpxtpx:speed>3.9</gpxtpx:speed>
</gpxtpx:TrackPointExtension>
<opentracks:accuracy_horizontal>4.214</opentracks:accuracy_horizontal></extensions>
</trkpt>
<trkpt lat="50.459491" lon="-104.536212">
<ele>560.8</ele>
<time>2026-08-29T18:35:45.436-06:00</time>
<extensions>
<gpxtpx:TrackPointExtension>
<gpxtpx:speed>3.89</gpxtpx:speed>
</gpxtpx:TrackPointExtension>
<opentracks:accuracy_horizontal>4.483</opentracks:accuracy_horizontal></extensions>
</trkpt>
<trkpt lat="50.459466" lon="-104.536408">
<ele>561.3</ele>
<time>2026-08-29T18:35:48.436-06:00</time>
<extensions>
<gpxtpx:TrackPointExtension>
<gpxtpx:speed>4.22</gpxtpx:speed>
</gpxtpx:TrackPointExtension>
<opentracks:accuracy_horizontal>4.214</opentracks:accuracy_horizontal></extensions>
</trkpt>
<trkpt lat="50.459456" lon="-104.536591">
<ele>561.5</ele>
<time>2026-08-29T18:35:51.451-06:00</time>
<extensions>
<gpxtpx:TrackPointExtension>
<gpxtpx:speed>3.95</gpxtpx:speed>
</gpxtpx:TrackPointExtension>
<opentracks:accuracy_horizontal>4.214</opentracks:accuracy_horizontal></extensions>
</trkpt>
<trkpt lat="50.459454" lon="-104.53678">
<ele>560.8</ele>
<time>2026-08-29T18:35:54.45-06:00</time>
<extensions>
<gpxtpx:TrackPointExtension>
<gpxtpx:speed>4.01</gpxtpx:speed>
</gpxtpx:TrackPointExtension>
<opentracks:accuracy_horizontal>4.394</opentracks:accuracy_horizontal></extensions>
</trkpt>
<trkpt lat="50.459458" lon="-104.536993">
<ele>559.5</ele>
<time>2026-08-29T18:35:57.437-06:00</time>
<extensions>
<gpxtpx:TrackPointExtension>
<gpxtpx:speed>4.44</gpxtpx:speed>
</gpxtpx:TrackPointExtension>
<opentracks:accuracy_horizontal>4.485</opentracks:accuracy_horizontal></extensions>
</trkpt>
<trkpt lat="50.459461" lon="-104.537149">
<ele>559.1</ele>
<time>2026-08-29T18:35:59.438-06:00</time>
<extensions>
<gpxtpx:TrackPointExtension>
<gpxtpx:speed>4.42</gpxtpx:speed>
</gpxtpx:TrackPointExtension>
<opentracks:accuracy_horizontal>4.214</opentracks:accuracy_horizontal></extensions>
</trkpt>
<trkpt lat="50.459461" lon="-104.537294">
<ele>559.8</ele>
<time>2026-08-29T18:36:01.449-06:00</time>
<extensions>
<gpxtpx:TrackPointExtension>
<gpxtpx:speed>4.54</gpxtpx:speed>
</gpxtpx:TrackPointExtension>
<opentracks:accuracy_horizontal>4.214</opentracks:accuracy_horizontal></extensions>
</trkpt>
<trkpt lat="50.459465" lon="-104.53748">
<ele>559.8</ele>
<time>2026-08-29T18:36:04.444-06:00</time>
<extensions>
<gpxtpx:TrackPointExtension>
<gpxtpx:speed>4.31</gpxtpx:speed>
</gpxtpx:TrackPointExtension>
<opentracks:accuracy_horizontal>4.213</opentracks:accuracy_horizontal></extensions>
</trkpt>
<trkpt lat="50.459474" lon="-104.537664">
<ele>559.2</ele>
<time>2026-08-29T18:36:07.43-06:00</time>
<extensions>
<gpxtpx:TrackPointExtension>
<gpxtpx:speed>4.83</gpxtpx:speed>
</gpxtpx:TrackPointExtension>
<opentracks:accuracy_horizontal>4.213</opentracks:accuracy_horizontal></extensions>
</trkpt>
<trkpt lat="50.45947" lon="-104.537867">
<ele>559.4</ele>
<time>2026-08-29T18:36:10.44-06:00</time>
<extensions>
<gpxtpx:TrackPointExtension>
<gpxtpx:speed>4.7</gpxtpx:speed>
</gpxtpx:TrackPointExtension>
<opentracks:accuracy_horizontal>4.213</opentracks:accuracy_horizontal></extensions>
</trkpt>
<trkpt lat="50.45946" lon="-104.538076">
<ele>560</ele>
<time>2026-08-29T18:36:13.437-06:00</time>
<extensions>
<gpxtpx:TrackPointExtension>
<gpxtpx:speed>5.06</gpxtpx:speed>
</gpxtpx:TrackPointExtension>
<opentracks:accuracy_horizontal>4.213</opentracks:accuracy_horizontal></extensions>
</trkpt>
<trkpt lat="50.459461" lon="-104.538237">
<ele>560.4</ele>
<time>2026-08-29T18:36:15.459-06:00</time>
<extensions>
<gpxtpx:TrackPointExtension>
<gpxtpx:speed>5.25</gpxtpx:speed>
</gpxtpx:TrackPointExtension>
<opentracks:accuracy_horizontal>4.213</opentracks:accuracy_horizontal></extensions>
</trkpt>
<trkpt lat="50.459456" lon="-104.538393">
<ele>560.8</ele>
<time>2026-08-29T18:36:17.441-06:00</time>
<extensions>
<gpxtpx:TrackPointExtension>
<gpxtpx:speed>5.27</gpxtpx:speed>
</gpxtpx:TrackPointExtension>
<opentracks:accuracy_horizontal>4.213</opentracks:accuracy_horizontal></extensions>
</trkpt>
<trkpt lat="50.459453" lon="-104.538556">
<ele>560.7</ele>
<time>2026-08-29T18:36:19.456-06:00</time>
<extensions>
<gpxtpx:TrackPointExtension>
<gpxtpx:speed>5.26</gpxtpx:speed>
</gpxtpx:TrackPointExtension>
<opentracks:accuracy_horizontal>4.397</opentracks:accuracy_horizontal></extensions>
</trkpt>
<trkpt lat="50.459456" lon="-104.538717">
<ele>560.4</ele>
<time>2026-08-29T18:36:21.455-06:00</time>
<extensions>
<gpxtpx:TrackPointExtension>
<gpxtpx:speed>5.29</gpxtpx:speed>
</gpxtpx:TrackPointExtension>
<opentracks:accuracy_horizontal>4.213</opentracks:accuracy_horizontal></extensions>
</trkpt>
<trkpt lat="50.459457" lon="-104.538874">
<ele>560</ele>
<time>2026-08-29T18:36:23.441-06:00</time>
<extensions>
<gpxtpx:TrackPointExtension>
<gpxtpx:speed>5.13</gpxtpx:speed>
</gpxtpx:TrackPointExtension>
<opentracks:accuracy_horizontal>4.213</opentracks:accuracy_horizontal></extensions>
</trkpt>
<trkpt lat="50.459453" lon="-104.539016">
<ele>560.3</ele>
<time>2026-08-29T18:36:25.442-06:00</time>
<extensions>
<gpxtpx:TrackPointExtension>
<gpxtpx:speed>4.88</gpxtpx:speed>
</gpxtpx:TrackPointExtension>
<opentracks:accuracy_horizontal>4.213</opentracks:accuracy_horizontal></extensions>
</trkpt>
<trkpt lat="50.459454" lon="-104.539212">
<ele>559.9</ele>
<time>2026-08-29T18:36:28.456-06:00</time>
<extensions>
<gpxtpx:TrackPointExtension>
<gpxtpx:speed>4.28</gpxtpx:speed>
</gpxtpx:TrackPointExtension>
<opentracks:accuracy_horizontal>4.213</opentracks:accuracy_horizontal></extensions>
</trkpt>
<trkpt lat="50.459456" lon="-104.539428">
<ele>560.6</ele>
<time>2026-08-29T18:36:31.443-06:00</time>
<extensions>
<gpxtpx:TrackPointExtension>
<gpxtpx:speed>4.79</gpxtpx:speed>
</gpxtpx:TrackPointExtension>
<opentracks:accuracy_horizontal>4.213</opentracks:accuracy_horizontal></extensions>
</trkpt>
<trkpt lat="50.459467" lon="-104.539592">
<ele>560.4</ele>
<time>2026-08-29T18:36:33.455-06:00</time>
<extensions>
<gpxtpx:TrackPointExtension>
<gpxtpx:speed>5.15</gpxtpx:speed>
</gpxtpx:TrackPointExtension>
<opentracks:accuracy_horizontal>4.213</opentracks:accuracy_horizontal></extensions>
</trkpt>
<trkpt lat="50.459466" lon="-104.539763">
<ele>560.5</ele>
<time>2026-08-29T18:36:35.454-06:00</time>
<extensions>
<gpxtpx:TrackPointExtension>
<gpxtpx:speed>5</gpxtpx:speed>
</gpxtpx:TrackPointExtension>
<opentracks:accuracy_horizontal>4.213</opentracks:accuracy_horizontal></extensions>
</trkpt>
<trkpt lat="50.459464" lon="-104.539973">
<ele>559.6</ele>
<time>2026-08-29T18:36:38.44-06:00</time>
<extensions>
<gpxtpx:TrackPointExtension>
<gpxtpx:speed>4.69</gpxtpx:speed>
</gpxtpx:TrackPointExtension>
<opentracks:accuracy_horizontal>4.213</opentracks:accuracy_horizontal></extensions>
</trkpt>
<trkpt lat="50.459459" lon="-104.540117">
<ele>559.1</ele>
<time>2026-08-29T18:36:40.461-06:00</time>
<extensions>
<gpxtpx:TrackPointExtension>
<gpxtpx:speed>4.74</gpxtpx:speed>
</gpxtpx:TrackPointExtension>
<opentracks:accuracy_horizontal>4.213</opentracks:accuracy_horizontal></extensions>
</trkpt>
<trkpt lat="50.45943" lon="-104.540261">
<ele>558.7</ele>
<time>2026-08-29T18:36:42.448-06:00</time>
<extensions>
<gpxtpx:TrackPointExtension>
<gpxtpx:speed>5.24</gpxtpx:speed>
</gpxtpx:TrackPointExtension>
<opentracks:accuracy_horizontal>4.213</opentracks:accuracy_horizontal></extensions>
</trkpt>
<trkpt lat="50.459394" lon="-104.540403">
<ele>558.9</ele>
<time>2026-08-29T18:36:44.457-06:00</time>
<extensions>
<gpxtpx:TrackPointExtension>
<gpxtpx:speed>5.28</gpxtpx:speed>
</gpxtpx:TrackPointExtension>
<opentracks:accuracy_horizontal>4.212</opentracks:accuracy_horizontal></extensions>
</trkpt>
<trkpt lat="50.459366" lon="-104.540545">
<ele>559.1</ele>
<time>2026-08-29T18:36:46.446-06:00</time>
<extensions>
<gpxtpx:TrackPointExtension>
<gpxtpx:speed>5.22</gpxtpx:speed>
</gpxtpx:TrackPointExtension>
<opentracks:accuracy_horizontal>4.212</opentracks:accuracy_horizontal></extensions>
</trkpt>
<trkpt lat="50.459332" lon="-104.540727">
<ele>559.8</ele>
<time>2026-08-29T18:36:49.441-06:00</time>
<extensions>
<gpxtpx:TrackPointExtension>
<gpxtpx:speed>3.97</gpxtpx:speed>
</gpxtpx:TrackPointExtension>
<opentracks:accuracy_horizontal>4.212</opentracks:accuracy_horizontal></extensions>
</trkpt>
<trkpt lat="50.459298" lon="-104.540896">
<ele>560.1</ele>
<time>2026-08-29T18:36:52.454-06:00</time>
<extensions>
<gpxtpx:TrackPointExtension>
<gpxtpx:speed>4.27</gpxtpx:speed>
</gpxtpx:TrackPointExtension>
<opentracks:accuracy_horizontal>4.528</opentracks:accuracy_horizontal></extensions>
</trkpt>
<trkpt lat="50.459275" lon="-104.541059">
<ele>559.8</ele>
<time>2026-08-29T18:36:55.439-06:00</time>
<extensions>
<gpxtpx:TrackPointExtension>
<gpxtpx:speed>3.47</gpxtpx:speed>
</gpxtpx:TrackPointExtension>
<opentracks:accuracy_horizontal>4.528</opentracks:accuracy_horizontal></extensions>
</trkpt>
<trkpt lat="50.459205" lon="-104.541245">
<ele>560.5</ele>
<time>2026-08-29T18:36:59.445-06:00</time>
<extensions>
<gpxtpx:TrackPointExtension>
<gpxtpx:speed>3.33</gpxtpx:speed>
</gpxtpx:TrackPointExtension>
<opentracks:accuracy_horizontal>4.459</opentracks:accuracy_horizontal></extensions>
</trkpt>
<trkpt lat="50.459106" lon="-104.541265">
<ele>560.6</ele>
<time>2026-08-29T18:37:03.448-06:00</time>
<extensions>
<gpxtpx:TrackPointExtension>
<gpxtpx:speed>3.79</gpxtpx:speed>
</gpxtpx:TrackPointExtension>
<opentracks:accuracy_horizontal>4.492</opentracks:accuracy_horizontal></extensions>
</trkpt>
<trkpt lat="50.458986" lon="-104.54123">
<ele>560.6</ele>
<time>2026-08-29T18:37:06.452-06:00</time>
<extensions>
<gpxtpx:TrackPointExtension>
<gpxtpx:speed>4.09</gpxtpx:speed>
</gpxtpx:TrackPointExtension>
<opentracks:accuracy_horizontal>4.493</opentracks:accuracy_horizontal></extensions>
</trkpt>
<trkpt lat="50.458879" lon="-104.541168">
<ele>560.6</ele>
<time>2026-08-29T18:37:09.449-06:00</time>
<extensions>
<gpxtpx:TrackPointExtension>
<gpxtpx:speed>4.57</gpxtpx:speed>
</gpxtpx:TrackPointExtension>
<opentracks:accuracy_horizontal>4.493</opentracks:accuracy_horizontal></extensions>
</trkpt>
<trkpt lat="50.458773" lon="-104.541087">
<ele>560.6</ele>
<time>2026-08-29T18:37:12.45-06:00</time>
<extensions>
<gpxtpx:TrackPointExtension>
<gpxtpx:speed>4.34</gpxtpx:speed>
</gpxtpx:TrackPointExtension>
<opentracks:accuracy_horizontal>4.493</opentracks:accuracy_horizontal></extensions>
</trkpt>
<trkpt lat="50.458632" lon="-104.541024">
<ele>560.5</ele>
<time>2026-08-29T18:37:15.448-06:00</time>
<extensions>
<gpxtpx:TrackPointExtension>
<gpxtpx:speed>5.13</gpxtpx:speed>
</gpxtpx:TrackPointExtension>
<opentracks:accuracy_horizontal>4.493</opentracks:accuracy_horizontal></extensions>
</trkpt>
<trkpt lat="50.458527" lon="-104.540978">
<ele>560.1</ele>
<time>2026-08-29T18:37:17.47-06:00</time>
<extensions>
<gpxtpx:TrackPointExtension>
<gpxtpx:speed>5.37</gpxtpx:speed>
</gpxtpx:TrackPointExtension>
<opentracks:accuracy_horizontal>4.494</opentracks:accuracy_horizontal></extensions>
</trkpt>
<trkpt lat="50.458418" lon="-104.540923">
<ele>559.8</ele>
<time>2026-08-29T18:37:19.435-06:00</time>
<extensions>
<gpxtpx:TrackPointExtension>
<gpxtpx:speed>5.57</gpxtpx:speed>
</gpxtpx:TrackPointExtension>
<opentracks:accuracy_horizontal>4.494</opentracks:accuracy_horizontal></extensions>
</trkpt>
<trkpt lat="50.458325" lon="-104.540886">
<ele>559.8</ele>
<time>2026-08-29T18:37:21.442-06:00</time>
<extensions>
<gpxtpx:TrackPointExtension>
<gpxtpx:speed>5.76</gpxtpx:speed>
</gpxtpx:TrackPointExtension>
<opentracks:accuracy_horizontal>4.494</opentracks:accuracy_horizontal></extensions>
</trkpt>
<trkpt lat="50.458226" lon="-104.54086">
<ele>560.8</ele>
<time>2026-08-29T18:37:23.451-06:00</time>
<extensions>
<gpxtpx:TrackPointExtension>
<gpxtpx:speed>5.48</gpxtpx:speed>
</gpxtpx:TrackPointExtension>
<opentracks:accuracy_horizontal>4.494</opentracks:accuracy_horizontal></extensions>
</trkpt>
<trkpt lat="50.458124" lon="-104.54084">
<ele>561</ele>
<time>2026-08-29T18:37:25.427-06:00</time>
<extensions>
<gpxtpx:TrackPointExtension>
<gpxtpx:speed>5.13</gpxtpx:speed>
</gpxtpx:TrackPointExtension>
<opentracks:accuracy_horizontal>4.494</opentracks:accuracy_horizontal></extensions>
</trkpt>
<trkpt lat="50.458002" lon="-104.540791">
<ele>561.4</ele>
<time>2026-08-29T18:37:28.456-06:00</time>
<extensions>
<gpxtpx:TrackPointExtension>
<gpxtpx:speed>5.12</gpxtpx:speed>
</gpxtpx:TrackPointExtension>
<opentracks:accuracy_horizontal>4.495</opentracks:accuracy_horizontal></extensions>
</trkpt>
<trkpt lat="50.457911" lon="-104.54074">
<ele>561.5</ele>
<time>2026-08-29T18:37:30.446-06:00</time>
<extensions>
<gpxtpx:TrackPointExtension>
<gpxtpx:speed>4.86</gpxtpx:speed>
</gpxtpx:TrackPointExtension>
<opentracks:accuracy_horizontal>4.495</opentracks:accuracy_horizontal></extensions>
</trkpt>
<trkpt lat="50.457811" lon="-104.540712">
<ele>561.5</ele>
<time>2026-08-29T18:37:32.45-06:00</time>
<extensions>
<gpxtpx:TrackPointExtension>
<gpxtpx:speed>5.09</gpxtpx:speed>
</gpxtpx:TrackPointExtension>
<opentracks:accuracy_horizontal>4.495</opentracks:accuracy_horizontal></extensions>
</trkpt>
<trkpt lat="50.457711" lon="-104.540674">
<ele>561.1</ele>
<time>2026-08-29T18:37:34.441-06:00</time>
<extensions>
<gpxtpx:TrackPointExtension>
<gpxtpx:speed>5.41</gpxtpx:speed>
</gpxtpx:TrackPointExtension>
<opentracks:accuracy_horizontal>4.495</opentracks:accuracy_horizontal></extensions>
</trkpt>
<trkpt lat="50.457597" lon="-104.540637">
<ele>560.2</ele>
<time>2026-08-29T18:37:36.414-06:00</time>
<extensions>
<gpxtpx:TrackPointExtension>
<gpxtpx:speed>5.33</gpxtpx:speed>
</gpxtpx:TrackPointExtension>
<opentracks:accuracy_horizontal>4.495</opentracks:accuracy_horizontal></extensions>
</trkpt>
<trkpt lat="50.457495" lon="-104.540627">
<ele>559.7</ele>
<time>2026-08-29T18:37:38.441-06:00</time>
<extensions>
<gpxtpx:TrackPointExtension>
<gpxtpx:speed>4.96</gpxtpx:speed>
</gpxtpx:TrackPointExtension>
<opentracks:accuracy_horizontal>4.496</opentracks:accuracy_horizontal></extensions>
</trkpt>
<trkpt lat="50.457391" lon="-104.540625">
<ele>559.8</ele>
<time>2026-08-29T18:37:40.432-06:00</time>
<extensions>
<gpxtpx:TrackPointExtension>
<gpxtpx:speed>5.64</gpxtpx:speed>
</gpxtpx:TrackPointExtension>
<opentracks:accuracy_horizontal>4.496</opentracks:accuracy_horizontal></extensions>
</trkpt>
<trkpt lat="50.457279" lon="-104.540635">
<ele>560.3</ele>
<time>2026-08-29T18:37:42.454-06:00</time>
<extensions>
<gpxtpx:TrackPointExtension>
<gpxtpx:speed>5.49</gpxtpx:speed>
</gpxtpx:TrackPointExtension>
<opentracks:accuracy_horizontal>4.496</opentracks:accuracy_horizontal></extensions>
</trkpt>
<trkpt lat="50.457182" lon="-104.540611">
<ele>559.9</ele>
<time>2026-08-29T18:37:44.459-06:00</time>
<extensions>
<gpxtpx:TrackPointExtension>
<gpxtpx:speed>5.34</gpxtpx:speed>
</gpxtpx:TrackPointExtension>
<opentracks:accuracy_horizontal>4.496</opentracks:accuracy_horizontal></extensions>
</trkpt>
<trkpt lat="50.457081" lon="-104.540587">
<ele>559.1</ele>
<time>2026-08-29T18:37:46.453-06:00</time>
<extensions>
<gpxtpx:TrackPointExtension>
<gpxtpx:speed>5.28</gpxtpx:speed>
</gpxtpx:TrackPointExtension>
<opentracks:accuracy_horizontal>4.496</opentracks:accuracy_horizontal></extensions>
</trkpt>
<trkpt lat="50.456974" lon="-104.540569">
<ele>559.3</ele>
<time>2026-08-29T18:37:48.448-06:00</time>
<extensions>
<gpxtpx:TrackPointExtension>
<gpxtpx:speed>5.39</gpxtpx:speed>
</gpxtpx:TrackPointExtension>
<opentracks:accuracy_horizontal>4.496</opentracks:accuracy_horizontal></extensions>
</trkpt>
<trkpt lat="50.456867" lon="-104.540556">
<ele>560</ele>
<time>2026-08-29T18:37:50.445-06:00</time>
<extensions>
<gpxtpx:TrackPointExtension>
<gpxtpx:speed>5.41</gpxtpx:speed>
</gpxtpx:TrackPointExtension>
<opentracks:accuracy_horizontal>4.497</opentracks:accuracy_horizontal></extensions>
</trkpt>
<trkpt lat="50.456755" lon="-104.540561">
<ele>560.1</ele>
<time>2026-08-29T18:37:52.443-06:00</time>
<extensions>
<gpxtpx:TrackPointExtension>
<gpxtpx:speed>5.7</gpxtpx:speed>
</gpxtpx:TrackPointExtension>
<opentracks:accuracy_horizontal>4.497</opentracks:accuracy_horizontal></extensions>
</trkpt>
<trkpt lat="50.456638" lon="-104.540565">
<ele>560.7</ele>
<time>2026-08-29T18:37:54.446-06:00</time>
<extensions>
<gpxtpx:TrackPointExtension>
<gpxtpx:speed>6.11</gpxtpx:speed>
</gpxtpx:TrackPointExtension>
<opentracks:accuracy_horizontal>4.497</opentracks:accuracy_horizontal></extensions>
</trkpt>
<trkpt lat="50.456513" lon="-104.540549">
<ele>560.5</ele>
<time>2026-08-29T18:37:56.449-06:00</time>
<extensions>
<gpxtpx:TrackPointExtension>
<gpxtpx:speed>5.8</gpxtpx:speed>
</gpxtpx:TrackPointExtension>
<opentracks:accuracy_horizontal>4.497</opentracks:accuracy_horizontal></extensions>
</trkpt>
<trkpt lat="50.4564" lon="-104.540542">
<ele>559.6</ele>
<time>2026-08-29T18:37:58.449-06:00</time>
<extensions>
<gpxtpx:TrackPointExtension>
<gpxtpx:speed>6.5</gpxtpx:speed>
</gpxtpx:TrackPointExtension>
<opentracks:accuracy_horizontal>4.497</opentracks:accuracy_horizontal></extensions>
</trkpt>
<trkpt lat="50.456284" lon="-104.540551">
<ele>560.1</ele>
<time>2026-08-29T18:38:00.446-06:00</time>
<extensions>
<gpxtpx:TrackPointExtension>
<gpxtpx:speed>6.44</gpxtpx:speed>
</gpxtpx:TrackPointExtension>
<opentracks:accuracy_horizontal>4.497</opentracks:accuracy_horizontal></extensions>
</trkpt>
<trkpt lat="50.45618" lon="-104.540543">
<ele>560.4</ele>
<time>2026-08-29T18:38:02.447-06:00</time>
<extensions>
<gpxtpx:TrackPointExtension>
<gpxtpx:speed>5.58</gpxtpx:speed>
</gpxtpx:TrackPointExtension>
<opentracks:accuracy_horizontal>4.498</opentracks:accuracy_horizontal></extensions>
</trkpt>
<trkpt lat="50.456085" lon="-104.540532">
<ele>559.8</ele>
<time>2026-08-29T18:38:04.45-06:00</time>
<extensions>
<gpxtpx:TrackPointExtension>
<gpxtpx:speed>5.23</gpxtpx:speed>
</gpxtpx:TrackPointExtension>
<opentracks:accuracy_horizontal>4.498</opentracks:accuracy_horizontal></extensions>
</trkpt>
<trkpt lat="50.455983" lon="-104.540548">
<ele>559.4</ele>
<time>2026-08-29T18:38:06.441-06:00</time>
<extensions>
<gpxtpx:TrackPointExtension>
<gpxtpx:speed>5.25</gpxtpx:speed>
</gpxtpx:TrackPointExtension>
<opentracks:accuracy_horizontal>4.498</opentracks:accuracy_horizontal></extensions>
</trkpt>
<trkpt lat="50.45589" lon="-104.540547">
<ele>558.6</ele>
<time>2026-08-29T18:38:08.457-06:00</time>
<extensions>
<gpxtpx:TrackPointExtension>
<gpxtpx:speed>5.16</gpxtpx:speed>
</gpxtpx:TrackPointExtension>
<opentracks:accuracy_horizontal>4.498</opentracks:accuracy_horizontal></extensions>
</trkpt>
<trkpt lat="50.455755" lon="-104.540543">
<ele>558.4</ele>
<time>2026-08-29T18:38:11.449-06:00</time>
<extensions>
<gpxtpx:TrackPointExtension>
<gpxtpx:speed>4.69</gpxtpx:speed>
</gpxtpx:TrackPointExtension>
<opentracks:accuracy_horizontal>4.498</opentracks:accuracy_horizontal></extensions>
</trkpt>
<trkpt lat="50.455645" lon="-104.54053">
<ele>558.3</ele>
<time>2026-08-29T18:38:14.449-06:00</time>
<extensions>
<gpxtpx:TrackPointExtension>
<gpxtpx:speed>3.62</gpxtpx:speed>
</gpxtpx:TrackPointExtension>
<opentracks:accuracy_horizontal>4.498</opentracks:accuracy_horizontal></extensions>
</trkpt>
<trkpt lat="50.455532" lon="-104.54052">
<ele>558.8</ele>
<time>2026-08-29T18:38:18.449-06:00</time>
<extensions>
<gpxtpx:TrackPointExtension>
<gpxtpx:speed>2.58</gpxtpx:speed>
</gpxtpx:TrackPointExtension>
<opentracks:accuracy_horizontal>4.499</opentracks:accuracy_horizontal></extensions>
</trkpt>
<trkpt lat="50.455433" lon="-104.540516">
<ele>559.8</ele>
<time>2026-08-29T18:38:22.451-06:00</time>
<extensions>
<gpxtpx:TrackPointExtension>
<gpxtpx:speed>1.97</gpxtpx:speed>
</gpxtpx:TrackPointExtension>
<opentracks:accuracy_horizontal>4.499</opentracks:accuracy_horizontal></extensions>
</trkpt>
<trkpt lat="50.455338" lon="-104.5405">
<ele>561</ele>
<time>2026-08-29T18:38:28.442-06:00</time>
<extensions>
<gpxtpx:TrackPointExtension>
<gpxtpx:speed>1.42</gpxtpx:speed>
</gpxtpx:TrackPointExtension>
<opentracks:accuracy_horizontal>4.499</opentracks:accuracy_horizontal></extensions>
</trkpt>
<trkpt lat="50.45524" lon="-104.540499">
<ele>562.5</ele>
<time>2026-08-29T18:38:37.433-06:00</time>
<extensions>
<gpxtpx:TrackPointExtension>
<gpxtpx:speed>1.03</gpxtpx:speed>
</gpxtpx:TrackPointExtension>
<opentracks:accuracy_horizontal>4.5</opentracks:accuracy_horizontal></extensions>
</trkpt>
<trkpt lat="50.45515" lon="-104.540535">
<ele>562.2</ele>
<time>2026-08-29T18:38:43.452-06:00</time>
<extensions>
<gpxtpx:TrackPointExtension>
<gpxtpx:speed>2.04</gpxtpx:speed>
</gpxtpx:TrackPointExtension>
<opentracks:accuracy_horizontal>4.5</opentracks:accuracy_horizontal></extensions>
</trkpt>
<trkpt lat="50.455053" lon="-104.540541">
<ele>561.5</ele>
<time>2026-08-29T18:38:48.451-06:00</time>
<extensions>
<gpxtpx:TrackPointExtension>
<gpxtpx:speed>2.96</gpxtpx:speed>
</gpxtpx:TrackPointExtension>
<opentracks:accuracy_horizontal>4.5</opentracks:accuracy_horizontal></extensions>
</trkpt>
<trkpt lat="50.454948" lon="-104.540519">
<ele>561.4</ele>
<time>2026-08-29T18:38:52.443-06:00</time>
<extensions>
<gpxtpx:TrackPointExtension>
<gpxtpx:speed>2.99</gpxtpx:speed>
</gpxtpx:TrackPointExtension>
<opentracks:accuracy_horizontal>4.501</opentracks:accuracy_horizontal></extensions>
</trkpt>
<trkpt lat="50.454852" lon="-104.540511">
<ele>561.1</ele>
<time>2026-08-29T18:38:55.442-06:00</time>
<extensions>
<gpxtpx:TrackPointExtension>
<gpxtpx:speed>3.27</gpxtpx:speed>
</gpxtpx:TrackPointExtension>
<opentracks:accuracy_horizontal>4.501</opentracks:accuracy_horizontal></extensions>
</trkpt>
<trkpt lat="50.454723" lon="-104.5405">
<ele>558.9</ele>
<time>2026-08-29T18:38:58.454-06:00</time>
<extensions>
<gpxtpx:TrackPointExtension>
<gpxtpx:speed>4.01</gpxtpx:speed>
</gpxtpx:TrackPointExtension>
<opentracks:accuracy_horizontal>4.501</opentracks:accuracy_horizontal></extensions>
</trkpt>
<trkpt lat="50.454615" lon="-104.540514">
<ele>560.3</ele>
<time>2026-08-29T18:39:01.456-06:00</time>
<extensions>
<gpxtpx:TrackPointExtension>
<gpxtpx:speed>4.18</gpxtpx:speed>
</gpxtpx:TrackPointExtension>
<opentracks:accuracy_horizontal>4.501</opentracks:accuracy_horizontal></extensions>
</trkpt>
<trkpt lat="50.454494" lon="-104.540493">
<ele>559.6</ele>
<time>2026-08-29T18:39:04.448-06:00</time>
<extensions>
<gpxtpx:TrackPointExtension>
<gpxtpx:speed>4.42</gpxtpx:speed>
</gpxtpx:TrackPointExtension>
<opentracks:accuracy_horizontal>4.501</opentracks:accuracy_horizontal></extensions>
</trkpt>
<trkpt lat="50.454371" lon="-104.540502">
<ele>559.6</ele>
<time>2026-08-29T18:39:07.443-06:00</time>
<extensions>
<gpxtpx:TrackPointExtension>
<gpxtpx:speed>4.43</gpxtpx:speed>
</gpxtpx:TrackPointExtension>
<opentracks:accuracy_horizontal>4.501</opentracks:accuracy_horizontal></extensions>
</trkpt>
<trkpt lat="50.454262" lon="-104.540512">
<ele>560.1</ele>
<time>2026-08-29T18:39:10.461-06:00</time>
<extensions>
<gpxtpx:TrackPointExtension>
<gpxtpx:speed>3.93</gpxtpx:speed>
</gpxtpx:TrackPointExtension>
<opentracks:accuracy_horizontal>4.502</opentracks:accuracy_horizontal></extensions>
</trkpt>
<trkpt lat="50.454159" lon="-104.540492">
<ele>559.5</ele>
<time>2026-08-29T18:39:13.456-06:00</time>
<extensions>
<gpxtpx:TrackPointExtension>
<gpxtpx:speed>3.96</gpxtpx:speed>
</gpxtpx:TrackPointExtension>
<opentracks:accuracy_horizontal>4.502</opentracks:accuracy_horizontal></extensions>
</trkpt>
<trkpt lat="50.454038" lon="-104.540476">
<ele>560.2</ele>
<time>2026-08-29T18:39:16.451-06:00</time>
<extensions>
<gpxtpx:TrackPointExtension>
<gpxtpx:speed>4.03</gpxtpx:speed>
</gpxtpx:TrackPointExtension>
<opentracks:accuracy_horizontal>4.502</opentracks:accuracy_horizontal></extensions>
</trkpt>
<trkpt lat="50.453918" lon="-104.54046">
<ele>560.8</ele>
<time>2026-08-29T18:39:19.442-06:00</time>
<extensions>
<gpxtpx:TrackPointExtension>
<gpxtpx:speed>4.12</gpxtpx:speed>
</gpxtpx:TrackPointExtension>
<opentracks:accuracy_horizontal>4.502</opentracks:accuracy_horizontal></extensions>
</trkpt>
<trkpt lat="50.453802" lon="-104.540488">
<ele>561</ele>
<time>2026-08-29T18:39:22.457-06:00</time>
<extensions>
<gpxtpx:TrackPointExtension>
<gpxtpx:speed>4.13</gpxtpx:speed>
</gpxtpx:TrackPointExtension>
<opentracks:accuracy_horizontal>4.502</opentracks:accuracy_horizontal></extensions>
</trkpt>
<trkpt lat="50.453689" lon="-104.540503">
<ele>560.1</ele>
<time>2026-08-29T18:39:25.453-06:00</time>
<extensions>
<gpxtpx:TrackPointExtension>
<gpxtpx:speed>4</gpxtpx:speed>
</gpxtpx:TrackPointExtension>
<opentracks:accuracy_horizontal>4.502</opentracks:accuracy_horizontal></extensions>
</trkpt>
<trkpt lat="50.453569" lon="-104.540498">
<ele>559.1</ele>
<time>2026-08-29T18:39:28.442-06:00</time>
<extensions>
<gpxtpx:TrackPointExtension>
<gpxtpx:speed>4.59</gpxtpx:speed>
</gpxtpx:TrackPointExtension>
<opentracks:accuracy_horizontal>4.502</opentracks:accuracy_horizontal></extensions>
</trkpt>
<trkpt lat="50.453439" lon="-104.540484">
<ele>558.6</ele>
<time>2026-08-29T18:39:31.438-06:00</time>
<extensions>
<gpxtpx:TrackPointExtension>
<gpxtpx:speed>4.55</gpxtpx:speed>
</gpxtpx:TrackPointExtension>
<opentracks:accuracy_horizontal>4.502</opentracks:accuracy_horizontal></extensions>
</trkpt>
<trkpt lat="50.453322" lon="-104.540494">
<ele>558.8</ele>
<time>2026-08-29T18:39:34.449-06:00</time>
<extensions>
<gpxtpx:TrackPointExtension>
<gpxtpx:speed>4.13</gpxtpx:speed>
</gpxtpx:TrackPointExtension>
<opentracks:accuracy_horizontal>4.502</opentracks:accuracy_horizontal></extensions>
</trkpt>
<trkpt lat="50.453191" lon="-104.540526">
<ele>559.1</ele>
<time>2026-08-29T18:39:37.422-06:00</time>
<extensions>
<gpxtpx:TrackPointExtension>
<gpxtpx:speed>4.75</gpxtpx:speed>
</gpxtpx:TrackPointExtension>
<opentracks:accuracy_horizontal>4.502</opentracks:accuracy_horizontal></extensions>
</trkpt>
<trkpt lat="50.453067" lon="-104.540533">
<ele>559.4</ele>
<time>2026-08-29T18:39:40.473-06:00</time>
<extensions>
<gpxtpx:TrackPointExtension>
<gpxtpx:speed>3.92</gpxtpx:speed>
</gpxtpx:TrackPointExtension>
<opentracks:accuracy_horizontal>4.503</opentracks:accuracy_horizontal></extensions>
</trkpt>
<trkpt lat="50.452977" lon="-104.540551">
<ele>559.5</ele>
<time>2026-08-29T18:39:42.456-06:00</time>
<extensions>
<gpxtpx:TrackPointExtension>
<gpxtpx:speed>4.91</gpxtpx:speed>
</gpxtpx:TrackPointExtension>
<opentracks:accuracy_horizontal>4.503</opentracks:accuracy_horizontal></extensions>
</trkpt>
<trkpt lat="50.452856" lon="-104.540532">
<ele>559.2</ele>
<time>2026-08-29T18:39:45.454-06:00</time>
<extensions>
<gpxtpx:TrackPointExtension>
<gpxtpx:speed>3.94</gpxtpx:speed>
</gpxtpx:TrackPointExtension>
<opentracks:accuracy_horizontal>4.503</opentracks:accuracy_horizontal></extensions>
</trkpt>
<trkpt lat="50.452741" lon="-104.540528">
<ele>559.6</ele>
<time>2026-08-29T18:39:48.437-06:00</time>
<extensions>
<gpxtpx:TrackPointExtension>
<gpxtpx:speed>3.81</gpxtpx:speed>
</gpxtpx:TrackPointExtension>
<opentracks:accuracy_horizontal>4.503</opentracks:accuracy_horizontal></extensions>
</trkpt>
<trkpt lat="50.452637" lon="-104.540502">
<ele>560.2</ele>
<time>2026-08-29T18:39:51.461-06:00</time>
<extensions>
<gpxtpx:TrackPointExtension>
<gpxtpx:speed>3.79</gpxtpx:speed>
</gpxtpx:TrackPointExtension>
<opentracks:accuracy_horizontal>4.503</opentracks:accuracy_horizontal></extensions>
</trkpt>
<trkpt lat="50.452528" lon="-104.540522">
<ele>560.4</ele>
<time>2026-08-29T18:39:54.445-06:00</time>
<extensions>
<gpxtpx:TrackPointExtension>
<gpxtpx:speed>3.79</gpxtpx:speed>
</gpxtpx:TrackPointExtension>
<opentracks:accuracy_horizontal>4.503</opentracks:accuracy_horizontal></extensions>
</trkpt>
<trkpt lat="50.45243" lon="-104.540514">
<ele>559.6</ele>
<time>2026-08-29T18:39:57.455-06:00</time>
<extensions>
<gpxtpx:TrackPointExtension>
<gpxtpx:speed>3.45</gpxtpx:speed>
</gpxtpx:TrackPointExtension>
<opentracks:accuracy_horizontal>4.503</opentracks:accuracy_horizontal></extensions>
</trkpt>
<trkpt lat="50.452325" lon="-104.540518">
<ele>560</ele>
<time>2026-08-29T18:40:00.451-06:00</time>
<extensions>
<gpxtpx:TrackPointExtension>
<gpxtpx:speed>3.17</gpxtpx:speed>
</gpxtpx:TrackPointExtension>
<opentracks:accuracy_horizontal>4.503</opentracks:accuracy_horizontal></extensions>
</trkpt>
<trkpt lat="50.452216" lon="-104.540503">
<ele>558.9</ele>
<time>2026-08-29T18:40:04.443-06:00</time>
<extensions>
<gpxtpx:TrackPointExtension>
<gpxtpx:speed>2.7</gpxtpx:speed>
</gpxtpx:TrackPointExtension>
<opentracks:accuracy_horizontal>4.503</opentracks:accuracy_horizontal></extensions>
</trkpt>
<trkpt lat="50.452118" lon="-104.540502">
<ele>559.6</ele>
<time>2026-08-29T18:40:08.456-06:00</time>
<extensions>
<gpxtpx:TrackPointExtension>
<gpxtpx:speed>2.26</gpxtpx:speed>
</gpxtpx:TrackPointExtension>
<opentracks:accuracy_horizontal>4.503</opentracks:accuracy_horizontal></extensions>
</trkpt>
<trkpt lat="50.452022" lon="-104.540502">
<ele>560</ele>
<time>2026-08-29T18:40:13.461-06:00</time>
<extensions>
<gpxtpx:TrackPointExtension>
<gpxtpx:speed>1.93</gpxtpx:speed>
</gpxtpx:TrackPointExtension>
<opentracks:accuracy_horizontal>4.503</opentracks:accuracy_horizontal></extensions>
</trkpt>
<trkpt lat="50.451928" lon="-104.540449">
<ele>561</ele>
<time>2026-08-29T18:40:19.455-06:00</time>
<extensions>
<gpxtpx:TrackPointExtension>
<gpxtpx:speed>2.89</gpxtpx:speed>
</gpxtpx:TrackPointExtension>
<opentracks:accuracy_horizontal>4.359</opentracks:accuracy_horizontal></extensions>
</trkpt>
<trkpt lat="50.451898" lon="-104.540298">
<ele>561.3</ele>
<time>2026-08-29T18:40:23.443-06:00</time>
<extensions>
<gpxtpx:TrackPointExtension>
<gpxtpx:speed>2.85</gpxtpx:speed>
</gpxtpx:TrackPointExtension>
<opentracks:accuracy_horizontal>4.36</opentracks:accuracy_horizontal></extensions>
</trkpt>
<trkpt lat="50.451877" lon="-104.54016">
<ele>560.7</ele>
<time>2026-08-29T18:40:26.457-06:00</time>
<extensions>
<gpxtpx:TrackPointExtension>
<gpxtpx:speed>3.18</gpxtpx:speed>
</gpxtpx:TrackPointExtension>
<opentracks:accuracy_horizontal>4.36</opentracks:accuracy_horizontal></extensions>
</trkpt>
<trkpt lat="50.451875" lon="-104.539973">
<ele>560</ele>
<time>2026-08-29T18:40:30.449-06:00</time>
<extensions>
<gpxtpx:TrackPointExtension>
<gpxtpx:speed>3.36</gpxtpx:speed>
</gpxtpx:TrackPointExtension>
<opentracks:accuracy_horizontal>4.36</opentracks:accuracy_horizontal></extensions>
</trkpt>
<trkpt lat="50.451887" lon="-104.539826">
<ele>560</ele>
<time>2026-08-29T18:40:33.44-06:00</time>
<extensions>
<gpxtpx:TrackPointExtension>
<gpxtpx:speed>3.79</gpxtpx:speed>
</gpxtpx:TrackPointExtension>
<opentracks:accuracy_horizontal>4.36</opentracks:accuracy_horizontal></extensions>
</trkpt>
<trkpt lat="50.451899" lon="-104.53966">
<ele>559.7</ele>
<time>2026-08-29T18:40:36.446-06:00</time>
<extensions>
<gpxtpx:TrackPointExtension>
<gpxtpx:speed>3.78</gpxtpx:speed>
</gpxtpx:TrackPointExtension>
<opentracks:accuracy_horizontal>4.54</opentracks:accuracy_horizontal></extensions>
</trkpt>
<trkpt lat="50.451892" lon="-104.539487">
<ele>559.8</ele>
<time>2026-08-29T18:40:39.427-06:00</time>
<extensions>
<gpxtpx:TrackPointExtension>
<gpxtpx:speed>3.65</gpxtpx:speed>
</gpxtpx:TrackPointExtension>
<opentracks:accuracy_horizontal>4.54</opentracks:accuracy_horizontal></extensions>
</trkpt>
<trkpt lat="50.451881" lon="-104.539345">
<ele>559.7</ele>
<time>2026-08-29T18:40:42.436-06:00</time>
<extensions>
<gpxtpx:TrackPointExtension>
<gpxtpx:speed>3.51</gpxtpx:speed>
</gpxtpx:TrackPointExtension>
<opentracks:accuracy_horizontal>4.54</opentracks:accuracy_horizontal></extensions>
</trkpt>
<trkpt lat="50.451889" lon="-104.539182">
<ele>559.9</ele>
<time>2026-08-29T18:40:45.445-06:00</time>
<extensions>
<gpxtpx:TrackPointExtension>
<gpxtpx:speed>3.98</gpxtpx:speed>
</gpxtpx:TrackPointExtension>
<opentracks:accuracy_horizontal>4.539</opentracks:accuracy_horizontal></extensions>
</trkpt>
<trkpt lat="50.451894" lon="-104.539003">
<ele>560.1</ele>
<time>2026-08-29T18:40:48.451-06:00</time>
<extensions>
<gpxtpx:TrackPointExtension>
<gpxtpx:speed>4.07</gpxtpx:speed>
</gpxtpx:TrackPointExtension>
<opentracks:accuracy_horizontal>4.361</opentracks:accuracy_horizontal></extensions>
</trkpt>
<trkpt lat="50.451892" lon="-104.538822">
<ele>560</ele>
<time>2026-08-29T18:40:51.445-06:00</time>
<extensions>
<gpxtpx:TrackPointExtension>
<gpxtpx:speed>4.17</gpxtpx:speed>
</gpxtpx:TrackPointExtension>
<opentracks:accuracy_horizontal>4.361</opentracks:accuracy_horizontal></extensions>
</trkpt>
<trkpt lat="50.451902" lon="-104.538619">
<ele>560.2</ele>
<time>2026-08-29T18:40:54.433-06:00</time>
<extensions>
<gpxtpx:TrackPointExtension>
<gpxtpx:speed>4.27</gpxtpx:speed>
</gpxtpx:TrackPointExtension>
<opentracks:accuracy_horizontal>4.539</opentracks:accuracy_horizontal></extensions>
</trkpt>
<trkpt lat="50.451909" lon="-104.538449">
<ele>559.2</ele>
<time>2026-08-29T18:40:57.46-06:00</time>
<extensions>
<gpxtpx:TrackPointExtension>
<gpxtpx:speed>4.3</gpxtpx:speed>
</gpxtpx:TrackPointExtension>
<opentracks:accuracy_horizontal>4.362</opentracks:accuracy_horizontal></extensions>
</trkpt>
<trkpt lat="50.451891" lon="-104.538311">
<ele>559.3</ele>
<time>2026-08-29T18:40:59.452-06:00</time>
<extensions>
<gpxtpx:TrackPointExtension>
<gpxtpx:speed>4.18</gpxtpx:speed>
</gpxtpx:TrackPointExtension>
<opentracks:accuracy_horizontal>4.362</opentracks:accuracy_horizontal></extensions>
</trkpt>
<trkpt lat="50.451884" lon="-104.538159">
<ele>559.5</ele>
<time>2026-08-29T18:41:02.446-06:00</time>
<extensions>
<gpxtpx:TrackPointExtension>
<gpxtpx:speed>3.19</gpxtpx:speed>
</gpxtpx:TrackPointExtension>
<opentracks:accuracy_horizontal>4.362</opentracks:accuracy_horizontal></extensions>
</trkpt>
<trkpt lat="50.451901" lon="-104.537989">
<ele>558.8</ele>
<time>2026-08-29T18:41:06.454-06:00</time>
<extensions>
<gpxtpx:TrackPointExtension>
<gpxtpx:speed>2.95</gpxtpx:speed>
</gpxtpx:TrackPointExtension>
<opentracks:accuracy_horizontal>4.502</opentracks:accuracy_horizontal></extensions>
</trkpt>
<trkpt lat="50.451922" lon="-104.537823">
<ele>558.9</ele>
<time>2026-08-29T18:41:10.429-06:00</time>
<extensions>
<gpxtpx:TrackPointExtension>
<gpxtpx:speed>2.66</gpxtpx:speed>
</gpxtpx:TrackPointExtension>
<opentracks:accuracy_horizontal>3.809</opentracks:accuracy_horizontal></extensions>
</trkpt>
<trkpt lat="50.451937" lon="-104.537659">
<ele>558.3</ele>
<time>2026-08-29T18:41:14.444-06:00</time>
<extensions>
<gpxtpx:TrackPointExtension>
<gpxtpx:speed>2.64</gpxtpx:speed>
</gpxtpx:TrackPointExtension>
<opentracks:accuracy_horizontal>3.809</opentracks:accuracy_horizontal></extensions>
</trkpt>
<trkpt lat="50.451986" lon="-104.53754">
<ele>558.8</ele>
<time>2026-08-29T18:41:18.454-06:00</time>
<extensions>
<gpxtpx:TrackPointExtension>
<gpxtpx:speed>3.16</gpxtpx:speed>
</gpxtpx:TrackPointExtension>
<opentracks:accuracy_horizontal>3.829</opentracks:accuracy_horizontal></extensions>
</trkpt>
<trkpt lat="50.452048" lon="-104.537391">
<ele>559.5</ele>
<time>2026-08-29T18:41:22.463-06:00</time>
<extensions>
<gpxtpx:TrackPointExtension>
<gpxtpx:speed>2.52</gpxtpx:speed>
</gpxtpx:TrackPointExtension>
<opentracks:accuracy_horizontal>3.829</opentracks:accuracy_horizontal></extensions>
</trkpt>
<trkpt lat="50.45207" lon="-104.537247">
<ele>559.4</ele>
<time>2026-08-29T18:41:26.449-06:00</time>
<extensions>
<gpxtpx:TrackPointExtension>
<gpxtpx:speed>2.5</gpxtpx:speed>
</gpxtpx:TrackPointExtension>
<opentracks:accuracy_horizontal>3.829</opentracks:accuracy_horizontal></extensions>
</trkpt>
<trkpt lat="50.452089" lon="-104.537097">
<ele>558.5</ele>
<time>2026-08-29T18:41:31.45-06:00</time>
<extensions>
<gpxtpx:TrackPointExtension>
<gpxtpx:speed>1.52</gpxtpx:speed>
</gpxtpx:TrackPointExtension>
<opentracks:accuracy_horizontal>3.963</opentracks:accuracy_horizontal></extensions>
</trkpt>
<trkpt lat="50.452074" lon="-104.536953">
<ele>558.7</ele>
<time>2026-08-29T18:41:35.477-06:00</time>
<extensions>
<gpxtpx:TrackPointExtension>
<gpxtpx:speed>2.77</gpxtpx:speed>
</gpxtpx:TrackPointExtension>
<opentracks:accuracy_horizontal>3.81</opentracks:accuracy_horizontal></extensions>
</trkpt>
<trkpt lat="50.452016" lon="-104.536838">
<ele>558.7</ele>
<time>2026-08-29T18:41:38.459-06:00</time>
<extensions>
<gpxtpx:TrackPointExtension>
<gpxtpx:speed>3.45</gpxtpx:speed>
</gpxtpx:TrackPointExtension>
<opentracks:accuracy_horizontal>4.363</opentracks:accuracy_horizontal></extensions>
</trkpt>
<trkpt lat="50.451958" lon="-104.536705">
<ele>558.2</ele>
<time>2026-08-29T18:41:41.454-06:00</time>
<extensions>
<gpxtpx:TrackPointExtension>
<gpxtpx:speed>3.38</gpxtpx:speed>
</gpxtpx:TrackPointExtension>
<opentracks:accuracy_horizontal>3.81</opentracks:accuracy_horizontal></extensions>
</trkpt>
<trkpt lat="50.45188" lon="-104.536589">
<ele>558.2</ele>
<time>2026-08-29T18:41:44.448-06:00</time>
<extensions>
<gpxtpx:TrackPointExtension>
<gpxtpx:speed>3.54</gpxtpx:speed>
</gpxtpx:TrackPointExtension>
<opentracks:accuracy_horizontal>3.81</opentracks:accuracy_horizontal></extensions>
</trkpt>
<trkpt lat="50.451801" lon="-104.536473">
<ele>558.2</ele>
<time>2026-08-29T18:41:47.442-06:00</time>
<extensions>
<gpxtpx:TrackPointExtension>
<gpxtpx:speed>3.84</gpxtpx:speed>
</gpxtpx:TrackPointExtension>
<opentracks:accuracy_horizontal>3.855</opentracks:accuracy_horizontal></extensions>
</trkpt>
<trkpt lat="50.451702" lon="-104.536406">
<ele>557.9</ele>
<time>2026-08-29T18:41:50.455-06:00</time>
<extensions>
<gpxtpx:TrackPointExtension>
<gpxtpx:speed>3.95</gpxtpx:speed>
</gpxtpx:TrackPointExtension>
<opentracks:accuracy_horizontal>3.85</opentracks:accuracy_horizontal></extensions>
</trkpt>
<trkpt lat="50.451581" lon="-104.536357">
<ele>557.4</ele>
<time>2026-08-29T18:41:53.456-06:00</time>
<extensions>
<gpxtpx:TrackPointExtension>
<gpxtpx:speed>4.36</gpxtpx:speed>
</gpxtpx:TrackPointExtension>
<opentracks:accuracy_horizontal>3.884</opentracks:accuracy_horizontal></extensions>
</trkpt>
<trkpt lat="50.451455" lon="-104.536325">
<ele>557.4</ele>
<time>2026-08-29T18:41:56.452-06:00</time>
<extensions>
<gpxtpx:TrackPointExtension>
<gpxtpx:speed>4</gpxtpx:speed>
</gpxtpx:TrackPointExtension>
<opentracks:accuracy_horizontal>4.364</opentracks:accuracy_horizontal></extensions>
</trkpt>
<trkpt lat="50.451324" lon="-104.536342">
<ele>557.4</ele>
<time>2026-08-29T18:41:59.435-06:00</time>
<extensions>
<gpxtpx:TrackPointExtension>
<gpxtpx:speed>4.97</gpxtpx:speed>
</gpxtpx:TrackPointExtension>
<opentracks:accuracy_horizontal>3.905</opentracks:accuracy_horizontal></extensions>
</trkpt>
<trkpt lat="50.451201" lon="-104.53639">
<ele>557.8</ele>
<time>2026-08-29T18:42:02.45-06:00</time>
<extensions>
<gpxtpx:TrackPointExtension>
<gpxtpx:speed>4.55</gpxtpx:speed>
</gpxtpx:TrackPointExtension>
<opentracks:accuracy_horizontal>3.81</opentracks:accuracy_horizontal></extensions>
</trkpt>
<trkpt lat="50.451083" lon="-104.536451">
<ele>557</ele>
<time>2026-08-29T18:42:05.427-06:00</time>
<extensions>
<gpxtpx:TrackPointExtension>
<gpxtpx:speed>4.6</gpxtpx:speed>
</gpxtpx:TrackPointExtension>
<opentracks:accuracy_horizontal>3.81</opentracks:accuracy_horizontal></extensions>
</trkpt>
<trkpt lat="50.451002" lon="-104.536518">
<ele>557.1</ele>
<time>2026-08-29T18:42:07.452-06:00</time>
<extensions>
<gpxtpx:TrackPointExtension>
<gpxtpx:speed>4.88</gpxtpx:speed>
</gpxtpx:TrackPointExtension>
<opentracks:accuracy_horizontal>3.912</opentracks:accuracy_horizontal></extensions>
</trkpt>
<trkpt lat="50.450905" lon="-104.536641">
<ele>556.6</ele>
<time>2026-08-29T18:42:10.447-06:00</time>
<extensions>
<gpxtpx:TrackPointExtension>
<gpxtpx:speed>4.25</gpxtpx:speed>
</gpxtpx:TrackPointExtension>
<opentracks:accuracy_horizontal>3.912</opentracks:accuracy_horizontal></extensions>
</trkpt>
<trkpt lat="50.45082" lon="-104.536803">
<ele>556.9</ele>
<time>2026-08-29T18:42:13.453-06:00</time>
<extensions>
<gpxtpx:TrackPointExtension>
<gpxtpx:speed>5.24</gpxtpx:speed>
</gpxtpx:TrackPointExtension>
<opentracks:accuracy_horizontal>4.506</opentracks:accuracy_horizontal></extensions>
</trkpt>
<trkpt lat="50.450766" lon="-104.536923">
<ele>556.9</ele>
<time>2026-08-29T18:42:15.464-06:00</time>
<extensions>
<gpxtpx:TrackPointExtension>
<gpxtpx:speed>4.87</gpxtpx:speed>
</gpxtpx:TrackPointExtension>
<opentracks:accuracy_horizontal>4.506</opentracks:accuracy_horizontal></extensions>
</trkpt>
<trkpt lat="50.450695" lon="-104.537104">
<ele>556.7</ele>
<time>2026-08-29T18:42:18.449-06:00</time>
<extensions>
<gpxtpx:TrackPointExtension>
<gpxtpx:speed>5.25</gpxtpx:speed>
</gpxtpx:TrackPointExtension>
<opentracks:accuracy_horizontal>4.365</opentracks:accuracy_horizontal></extensions>
</trkpt>
<trkpt lat="50.450637" lon="-104.537229">
<ele>556.5</ele>
<time>2026-08-29T18:42:20.491-06:00</time>
<extensions>
<gpxtpx:TrackPointExtension>
<gpxtpx:speed>5.43</gpxtpx:speed>
</gpxtpx:TrackPointExtension>
<opentracks:accuracy_horizontal>3.811</opentracks:accuracy_horizontal></extensions>
</trkpt>
<trkpt lat="50.450582" lon="-104.537365">
<ele>556.5</ele>
<time>2026-08-29T18:42:22.461-06:00</time>
<extensions>
<gpxtpx:TrackPointExtension>
<gpxtpx:speed>5.56</gpxtpx:speed>
</gpxtpx:TrackPointExtension>
<opentracks:accuracy_horizontal>4.365</opentracks:accuracy_horizontal></extensions>
</trkpt>
<trkpt lat="50.450518" lon="-104.537489">
<ele>556.2</ele>
<time>2026-08-29T18:42:24.458-06:00</time>
<extensions>
<gpxtpx:TrackPointExtension>
<gpxtpx:speed>5.67</gpxtpx:speed>
</gpxtpx:TrackPointExtension>
<opentracks:accuracy_horizontal>3.811</opentracks:accuracy_horizontal></extensions>
</trkpt>
<trkpt lat="50.450428" lon="-104.537584">
<ele>555.9</ele>
<time>2026-08-29T18:42:26.445-06:00</time>
<extensions>
<gpxtpx:TrackPointExtension>
<gpxtpx:speed>5.9</gpxtpx:speed>
</gpxtpx:TrackPointExtension>
<opentracks:accuracy_horizontal>4.365</opentracks:accuracy_horizontal></extensions>
</trkpt>
<trkpt lat="50.45033" lon="-104.537654">
<ele>556</ele>
<time>2026-08-29T18:42:28.461-06:00</time>
<extensions>
<gpxtpx:TrackPointExtension>
<gpxtpx:speed>5.37</gpxtpx:speed>
</gpxtpx:TrackPointExtension>
<opentracks:accuracy_horizontal>4.507</opentracks:accuracy_horizontal></extensions>
</trkpt>
<trkpt lat="50.45024" lon="-104.537696">
<ele>555.8</ele>
<time>2026-08-29T18:42:30.46-06:00</time>
<extensions>
<gpxtpx:TrackPointExtension>
<gpxtpx:speed>4.98</gpxtpx:speed>
</gpxtpx:TrackPointExtension>
<opentracks:accuracy_horizontal>4.507</opentracks:accuracy_horizontal></extensions>
</trkpt>
<trkpt lat="50.450149" lon="-104.537719">
<ele>555.3</ele>
<time>2026-08-29T18:42:32.459-06:00</time>
<extensions>
<gpxtpx:TrackPointExtension>
<gpxtpx:speed>5.15</gpxtpx:speed>
</gpxtpx:TrackPointExtension>
<opentracks:accuracy_horizontal>4.507</opentracks:accuracy_horizontal></extensions>
</trkpt>
<trkpt lat="50.450052" lon="-104.537714">
<ele>555.1</ele>
<time>2026-08-29T18:42:34.449-06:00</time>
<extensions>
<gpxtpx:TrackPointExtension>
<gpxtpx:speed>5.33</gpxtpx:speed>
</gpxtpx:TrackPointExtension>
<opentracks:accuracy_horizontal>4.507</opentracks:accuracy_horizontal></extensions>
</trkpt>
<trkpt lat="50.449954" lon="-104.537718">
<ele>555.9</ele>
<time>2026-08-29T18:42:36.457-06:00</time>
<extensions>
<gpxtpx:TrackPointExtension>
<gpxtpx:speed>5.2</gpxtpx:speed>
</gpxtpx:TrackPointExtension>
<opentracks:accuracy_horizontal>4.507</opentracks:accuracy_horizontal></extensions>
</trkpt>
<trkpt lat="50.44987" lon="-104.537802">
<ele>556.3</ele>
<time>2026-08-29T18:42:38.458-06:00</time>
<extensions>
<gpxtpx:TrackPointExtension>
<gpxtpx:speed>5.14</gpxtpx:speed>
</gpxtpx:TrackPointExtension>
<opentracks:accuracy_horizontal>4.507</opentracks:accuracy_horizontal></extensions>
</trkpt>
<trkpt lat="50.449825" lon="-104.537941">
<ele>556.1</ele>
<time>2026-08-29T18:42:40.451-06:00</time>
<extensions>
<gpxtpx:TrackPointExtension>
<gpxtpx:speed>5.33</gpxtpx:speed>
</gpxtpx:TrackPointExtension>
<opentracks:accuracy_horizontal>3.913</opentracks:accuracy_horizontal></extensions>
</trkpt>
<trkpt lat="50.449807" lon="-104.538109">
<ele>556</ele>
<time>2026-08-29T18:42:42.464-06:00</time>
<extensions>
<gpxtpx:TrackPointExtension>
<gpxtpx:speed>5.47</gpxtpx:speed>
</gpxtpx:TrackPointExtension>
<opentracks:accuracy_horizontal>3.913</opentracks:accuracy_horizontal></extensions>
</trkpt>
<trkpt lat="50.449795" lon="-104.538259">
<ele>556.4</ele>
<time>2026-08-29T18:42:44.461-06:00</time>
<extensions>
<gpxtpx:TrackPointExtension>
<gpxtpx:speed>4.99</gpxtpx:speed>
</gpxtpx:TrackPointExtension>
<opentracks:accuracy_horizontal>3.913</opentracks:accuracy_horizontal></extensions>
</trkpt>
<trkpt lat="50.449771" lon="-104.538437">
<ele>557.1</ele>
<time>2026-08-29T18:42:47.451-06:00</time>
<extensions>
<gpxtpx:TrackPointExtension>
<gpxtpx:speed>3.86</gpxtpx:speed>
</gpxtpx:TrackPointExtension>
<opentracks:accuracy_horizontal>3.914</opentracks:accuracy_horizontal></extensions>
</trkpt>
<trkpt lat="50.449722" lon="-104.53859">
<ele>557.5</ele>
<time>2026-08-29T18:42:50.466-06:00</time>
<extensions>
<gpxtpx:TrackPointExtension>
<gpxtpx:speed>3.89</gpxtpx:speed>
</gpxtpx:TrackPointExtension>
<opentracks:accuracy_horizontal>4.508</opentracks:accuracy_horizontal></extensions>
</trkpt>
<trkpt lat="50.449663" lon="-104.538719">
<ele>558</ele>
<time>2026-08-29T18:42:53.463-06:00</time>
<extensions>
<gpxtpx:TrackPointExtension>
<gpxtpx:speed>3.58</gpxtpx:speed>
</gpxtpx:TrackPointExtension>
<opentracks:accuracy_horizontal>4.365</opentracks:accuracy_horizontal></extensions>
</trkpt>
<trkpt lat="50.449595" lon="-104.538816">
<ele>557.6</ele>
<time>2026-08-29T18:42:56.45-06:00</time>
<extensions>
<gpxtpx:TrackPointExtension>
<gpxtpx:speed>2.53</gpxtpx:speed>
</gpxtpx:TrackPointExtension>
<opentracks:accuracy_horizontal>4.365</opentracks:accuracy_horizontal></extensions>
</trkpt>
<trkpt lat="50.449518" lon="-104.538896">
<ele>557.9</ele>
<time>2026-08-29T18:43:00.453-06:00</time>
<extensions>
<gpxtpx:TrackPointExtension>
<gpxtpx:speed>2.02</gpxtpx:speed>
</gpxtpx:TrackPointExtension>
<opentracks:accuracy_horizontal>4.365</opentracks:accuracy_horizontal></extensions>
</trkpt>
<trkpt lat="50.449463" lon="-104.53899">
<ele>557.3</ele>
<time>2026-08-29T18:43:10.45-06:00</time>
<extensions>
<gpxtpx:TrackPointExtension>
<gpxtpx:speed>0.36</gpxtpx:speed>
</gpxtpx:TrackPointExtension>
<opentracks:accuracy_horizontal>3.915</opentracks:accuracy_horizontal></extensions>
</trkpt>
<trkpt lat="50.449364" lon="-104.538965">
<ele>558.3</ele>
<time>2026-08-29T18:56:36.464-06:00</time>
<extensions>
<gpxtpx:TrackPointExtension>
<gpxtpx:speed>2.53</gpxtpx:speed>
</gpxtpx:TrackPointExtension>
<opentracks:accuracy_horizontal>4.131</opentracks:accuracy_horizontal></extensions>
</trkpt>
<trkpt lat="50.449262" lon="-104.539018">
<ele>558.8</ele>
<time>2026-08-29T18:56:40.462-06:00</time>
<extensions>
<gpxtpx:TrackPointExtension>
<gpxtpx:speed>2.18</gpxtpx:speed>
</gpxtpx:TrackPointExtension>
<opentracks:accuracy_horizontal>4.283</opentracks:accuracy_horizontal></extensions>
</trkpt>
<trkpt lat="50.449174" lon="-104.539082">
<ele>557.5</ele>
<time>2026-08-29T18:56:45.47-06:00</time>
<extensions>
<gpxtpx:TrackPointExtension>
<gpxtpx:speed>2.88</gpxtpx:speed>
</gpxtpx:TrackPointExtension>
<opentracks:accuracy_horizontal>4.295</opentracks:accuracy_horizontal></extensions>
</trkpt>
<trkpt lat="50.449173" lon="-104.539229">
<ele>557.3</ele>
<time>2026-08-29T18:56:48.458-06:00</time>
<extensions>
<gpxtpx:TrackPointExtension>
<gpxtpx:speed>2.67</gpxtpx:speed>
</gpxtpx:TrackPointExtension>
<opentracks:accuracy_horizontal>4.108</opentracks:accuracy_horizontal></extensions>
</trkpt>
<trkpt lat="50.449207" lon="-104.539375">
<ele>556.6</ele>
<time>2026-08-29T18:56:53.463-06:00</time>
<extensions>
<gpxtpx:TrackPointExtension>
<gpxtpx:speed>2.49</gpxtpx:speed>
</gpxtpx:TrackPointExtension>
<opentracks:accuracy_horizontal>3.921</opentracks:accuracy_horizontal></extensions>
</trkpt>
<trkpt lat="50.449224" lon="-104.539518">
<ele>556.2</ele>
<time>2026-08-29T18:56:57.469-06:00</time>
<extensions>
<gpxtpx:TrackPointExtension>
<gpxtpx:speed>2.8</gpxtpx:speed>
</gpxtpx:TrackPointExtension>
<opentracks:accuracy_horizontal>4.372</opentracks:accuracy_horizontal></extensions>
</trkpt>
<trkpt lat="50.449225" lon="-104.539711">
<ele>555.4</ele>
<time>2026-08-29T18:57:00.466-06:00</time>
<extensions>
<gpxtpx:TrackPointExtension>
<gpxtpx:speed>3.82</gpxtpx:speed>
</gpxtpx:TrackPointExtension>
<opentracks:accuracy_horizontal>4.285</opentracks:accuracy_horizontal></extensions>
</trkpt>
<trkpt lat="50.449232" lon="-104.539893">
<ele>555.3</ele>
<time>2026-08-29T18:57:03.463-06:00</time>
<extensions>
<gpxtpx:TrackPointExtension>
<gpxtpx:speed>4.04</gpxtpx:speed>
</gpxtpx:TrackPointExtension>
<opentracks:accuracy_horizontal>4.204</opentracks:accuracy_horizontal></extensions>
</trkpt>
<trkpt lat="50.449241" lon="-104.540073">
<ele>555.2</ele>
<time>2026-08-29T18:57:06.467-06:00</time>
<extensions>
<gpxtpx:TrackPointExtension>
<gpxtpx:speed>3.89</gpxtpx:speed>
</gpxtpx:TrackPointExtension>
<opentracks:accuracy_horizontal>4.089</opentracks:accuracy_horizontal></extensions>
</trkpt>
<trkpt lat="50.449236" lon="-104.540232">
<ele>556.8</ele>
<time>2026-08-29T18:57:09.439-06:00</time>
<extensions>
<gpxtpx:TrackPointExtension>
<gpxtpx:speed>3.93</gpxtpx:speed>
</gpxtpx:TrackPointExtension>
<opentracks:accuracy_horizontal>4.232</opentracks:accuracy_horizontal></extensions>
</trkpt>
<trkpt lat="50.449231" lon="-104.540428">
<ele>556.5</ele>
<time>2026-08-29T18:57:12.449-06:00</time>
<extensions>
<gpxtpx:TrackPointExtension>
<gpxtpx:speed>3.97</gpxtpx:speed>
</gpxtpx:TrackPointExtension>
<opentracks:accuracy_horizontal>4.123</opentracks:accuracy_horizontal></extensions>
</trkpt>
<trkpt lat="50.449225" lon="-104.540637">
<ele>556.5</ele>
<time>2026-08-29T18:57:15.456-06:00</time>
<extensions>
<gpxtpx:TrackPointExtension>
<gpxtpx:speed>3.86</gpxtpx:speed>
</gpxtpx:TrackPointExtension>
<opentracks:accuracy_horizontal>4.16</opentracks:accuracy_horizontal></extensions>
</trkpt>
<trkpt lat="50.44923" lon="-104.540807">
<ele>557.3</ele>
<time>2026-08-29T18:57:18.46-06:00</time>
<extensions>
<gpxtpx:TrackPointExtension>
<gpxtpx:speed>4.67</gpxtpx:speed>
</gpxtpx:TrackPointExtension>
<opentracks:accuracy_horizontal>4.087</opentracks:accuracy_horizontal></extensions>
</trkpt>
<trkpt lat="50.449236" lon="-104.54098">
<ele>558.5</ele>
<time>2026-08-29T18:57:21.46-06:00</time>
<extensions>
<gpxtpx:TrackPointExtension>
<gpxtpx:speed>4.49</gpxtpx:speed>
</gpxtpx:TrackPointExtension>
<opentracks:accuracy_horizontal>4.086</opentracks:accuracy_horizontal></extensions>
</trkpt>
<trkpt lat="50.449234" lon="-104.54119">
<ele>557.6</ele>
<time>2026-08-29T18:57:24.461-06:00</time>
<extensions>
<gpxtpx:TrackPointExtension>
<gpxtpx:speed>4.44</gpxtpx:speed>
</gpxtpx:TrackPointExtension>
<opentracks:accuracy_horizontal>4.158</opentracks:accuracy_horizontal></extensions>
</trkpt>
<trkpt lat="50.449235" lon="-104.541383">
<ele>557.8</ele>
<time>2026-08-29T18:57:27.466-06:00</time>
<extensions>
<gpxtpx:TrackPointExtension>
<gpxtpx:speed>4.42</gpxtpx:speed>
</gpxtpx:TrackPointExtension>
<opentracks:accuracy_horizontal>4.157</opentracks:accuracy_horizontal></extensions>
</trkpt>
<trkpt lat="50.449231" lon="-104.541591">
<ele>557</ele>
<time>2026-08-29T18:57:30.459-06:00</time>
<extensions>
<gpxtpx:TrackPointExtension>
<gpxtpx:speed>4.31</gpxtpx:speed>
</gpxtpx:TrackPointExtension>
<opentracks:accuracy_horizontal>4.211</opentracks:accuracy_horizontal></extensions>
</trkpt>
<trkpt lat="50.449233" lon="-104.541775">
<ele>557.2</ele>
<time>2026-08-29T18:57:33.468-06:00</time>
<extensions>
<gpxtpx:TrackPointExtension>
<gpxtpx:speed>4.55</gpxtpx:speed>
</gpxtpx:TrackPointExtension>
<opentracks:accuracy_horizontal>4.021</opentracks:accuracy_horizontal></extensions>
</trkpt>
<trkpt lat="50.44923" lon="-104.541918">
<ele>557.5</ele>
<time>2026-08-29T18:57:35.474-06:00</time>
<extensions>
<gpxtpx:TrackPointExtension>
<gpxtpx:speed>4.25</gpxtpx:speed>
</gpxtpx:TrackPointExtension>
<opentracks:accuracy_horizontal>3.891</opentracks:accuracy_horizontal></extensions>
</trkpt>
<trkpt lat="50.449242" lon="-104.542094">
<ele>558</ele>
<time>2026-08-29T18:57:38.481-06:00</time>
<extensions>
<gpxtpx:TrackPointExtension>
<gpxtpx:speed>4.46</gpxtpx:speed>
</gpxtpx:TrackPointExtension>
<opentracks:accuracy_horizontal>4.084</opentracks:accuracy_horizontal></extensions>
</trkpt>
<trkpt lat="50.449239" lon="-104.542298">
<ele>557.7</ele>
<time>2026-08-29T18:57:41.471-06:00</time>
<extensions>
<gpxtpx:TrackPointExtension>
<gpxtpx:speed>4.34</gpxtpx:speed>
</gpxtpx:TrackPointExtension>
<opentracks:accuracy_horizontal>3.858</opentracks:accuracy_horizontal></extensions>
</trkpt>
<trkpt lat="50.449233" lon="-104.542487">
<ele>558.2</ele>
<time>2026-08-29T18:57:44.464-06:00</time>
<extensions>
<gpxtpx:TrackPointExtension>
<gpxtpx:speed>4.65</gpxtpx:speed>
</gpxtpx:TrackPointExtension>
<opentracks:accuracy_horizontal>3.793</opentracks:accuracy_horizontal></extensions>
</trkpt>
<trkpt lat="50.449247" lon="-104.542688">
<ele>557.6</ele>
<time>2026-08-29T18:57:47.455-06:00</time>
<extensions>
<gpxtpx:TrackPointExtension>
<gpxtpx:speed>4.64</gpxtpx:speed>
</gpxtpx:TrackPointExtension>
<opentracks:accuracy_horizontal>3.792</opentracks:accuracy_horizontal></extensions>
</trkpt>
<trkpt lat="50.449242" lon="-104.542902">
<ele>557.7</ele>
<time>2026-08-29T18:57:50.474-06:00</time>
<extensions>
<gpxtpx:TrackPointExtension>
<gpxtpx:speed>5.16</gpxtpx:speed>
</gpxtpx:TrackPointExtension>
<opentracks:accuracy_horizontal>3.792</opentracks:accuracy_horizontal></extensions>
</trkpt>
<trkpt lat="50.449237" lon="-104.543049">
<ele>558.3</ele>
<time>2026-08-29T18:57:52.475-06:00</time>
<extensions>
<gpxtpx:TrackPointExtension>
<gpxtpx:speed>4.6</gpxtpx:speed>
</gpxtpx:TrackPointExtension>
<opentracks:accuracy_horizontal>3.792</opentracks:accuracy_horizontal></extensions>
</trkpt>
<trkpt lat="50.44924" lon="-104.543239">
<ele>557.8</ele>
<time>2026-08-29T18:57:55.475-06:00</time>
<extensions>
<gpxtpx:TrackPointExtension>
<gpxtpx:speed>4.77</gpxtpx:speed>
</gpxtpx:TrackPointExtension>
<opentracks:accuracy_horizontal>3.806</opentracks:accuracy_horizontal></extensions>
</trkpt>
<trkpt lat="50.449238" lon="-104.543458">
<ele>557.2</ele>
<time>2026-08-29T18:57:58.476-06:00</time>
<extensions>
<gpxtpx:TrackPointExtension>
<gpxtpx:speed>5.29</gpxtpx:speed>
</gpxtpx:TrackPointExtension>
<opentracks:accuracy_horizontal>4.081</opentracks:accuracy_horizontal></extensions>
</trkpt>
<trkpt lat="50.449232" lon="-104.543626">
<ele>556.6</ele>
<time>2026-08-29T18:58:00.455-06:00</time>
<extensions>
<gpxtpx:TrackPointExtension>
<gpxtpx:speed>5.75</gpxtpx:speed>
</gpxtpx:TrackPointExtension>
<opentracks:accuracy_horizontal>4.08</opentracks:accuracy_horizontal></extensions>
</trkpt>
<trkpt lat="50.44923" lon="-104.543798">
<ele>556.4</ele>
<time>2026-08-29T18:58:02.46-06:00</time>
<extensions>
<gpxtpx:TrackPointExtension>
<gpxtpx:speed>5.66</gpxtpx:speed>
</gpxtpx:TrackPointExtension>
<opentracks:accuracy_horizontal>4.077</opentracks:accuracy_horizontal></extensions>
</trkpt>
<trkpt lat="50.449225" lon="-104.543962">
<ele>556.6</ele>
<time>2026-08-29T18:58:04.464-06:00</time>
<extensions>
<gpxtpx:TrackPointExtension>
<gpxtpx:speed>5.62</gpxtpx:speed>
</gpxtpx:TrackPointExtension>
<opentracks:accuracy_horizontal>4.08</opentracks:accuracy_horizontal></extensions>
</trkpt>
<trkpt lat="50.449222" lon="-104.544125">
<ele>556.5</ele>
<time>2026-08-29T18:58:06.465-06:00</time>
<extensions>
<gpxtpx:TrackPointExtension>
<gpxtpx:speed>5.86</gpxtpx:speed>
</gpxtpx:TrackPointExtension>
<opentracks:accuracy_horizontal>3.869</opentracks:accuracy_horizontal></extensions>
</trkpt>
<trkpt lat="50.449218" lon="-104.544299">
<ele>556.9</ele>
<time>2026-08-29T18:58:08.474-06:00</time>
<extensions>
<gpxtpx:TrackPointExtension>
<gpxtpx:speed>5.82</gpxtpx:speed>
</gpxtpx:TrackPointExtension>
<opentracks:accuracy_horizontal>3.83</opentracks:accuracy_horizontal></extensions>
</trkpt>
<trkpt lat="50.449217" lon="-104.544468">
<ele>556.9</ele>
<time>2026-08-29T18:58:10.475-06:00</time>
<extensions>
<gpxtpx:TrackPointExtension>
<gpxtpx:speed>5.76</gpxtpx:speed>
</gpxtpx:TrackPointExtension>
<opentracks:accuracy_horizontal>4.079</opentracks:accuracy_horizontal></extensions>
</trkpt>
<trkpt lat="50.449219" lon="-104.544632">
<ele>557.1</ele>
<time>2026-08-29T18:58:12.466-06:00</time>
<extensions>
<gpxtpx:TrackPointExtension>
<gpxtpx:speed>5.9</gpxtpx:speed>
</gpxtpx:TrackPointExtension>
<opentracks:accuracy_horizontal>4.078</opentracks:accuracy_horizontal></extensions>
</trkpt>
<trkpt lat="50.449219" lon="-104.544799">
<ele>556.6</ele>
<time>2026-08-29T18:58:14.459-06:00</time>
<extensions>
<gpxtpx:TrackPointExtension>
<gpxtpx:speed>5.88</gpxtpx:speed>
</gpxtpx:TrackPointExtension>
<opentracks:accuracy_horizontal>4.078</opentracks:accuracy_horizontal></extensions>
</trkpt>
<trkpt lat="50.449231" lon="-104.544977">
<ele>555.7</ele>
<time>2026-08-29T18:58:16.469-06:00</time>
<extensions>
<gpxtpx:TrackPointExtension>
<gpxtpx:speed>5.75</gpxtpx:speed>
</gpxtpx:TrackPointExtension>
<opentracks:accuracy_horizontal>4.078</opentracks:accuracy_horizontal></extensions>
</trkpt>
<trkpt lat="50.449234" lon="-104.545155">
<ele>555.3</ele>
<time>2026-08-29T18:58:18.457-06:00</time>
<extensions>
<gpxtpx:TrackPointExtension>
<gpxtpx:speed>5.9</gpxtpx:speed>
</gpxtpx:TrackPointExtension>
<opentracks:accuracy_horizontal>4.077</opentracks:accuracy_horizontal></extensions>
</trkpt>
<trkpt lat="50.449238" lon="-104.54534">
<ele>554.9</ele>
<time>2026-08-29T18:58:20.448-06:00</time>
<extensions>
<gpxtpx:TrackPointExtension>
<gpxtpx:speed>6.36</gpxtpx:speed>
</gpxtpx:TrackPointExtension>
<opentracks:accuracy_horizontal>4.229</opentracks:accuracy_horizontal></extensions>
</trkpt>
<trkpt lat="50.449229" lon="-104.54552">
<ele>554.2</ele>
<time>2026-08-29T18:58:22.476-06:00</time>
<extensions>
<gpxtpx:TrackPointExtension>
<gpxtpx:speed>6.19</gpxtpx:speed>
</gpxtpx:TrackPointExtension>
<opentracks:accuracy_horizontal>4.077</opentracks:accuracy_horizontal></extensions>
</trkpt>
<trkpt lat="50.449222" lon="-104.545687">
<ele>554.1</ele>
<time>2026-08-29T18:58:24.468-06:00</time>
<extensions>
<gpxtpx:TrackPointExtension>
<gpxtpx:speed>6.11</gpxtpx:speed>
</gpxtpx:TrackPointExtension>
<opentracks:accuracy_horizontal>3.916</opentracks:accuracy_horizontal></extensions>
</trkpt>
<trkpt lat="50.449229" lon="-104.545858">
<ele>554</ele>
<time>2026-08-29T18:58:26.481-06:00</time>
<extensions>
<gpxtpx:TrackPointExtension>
<gpxtpx:speed>5.99</gpxtpx:speed>
</gpxtpx:TrackPointExtension>
<opentracks:accuracy_horizontal>3.939</opentracks:accuracy_horizontal></extensions>
</trkpt>
<trkpt lat="50.449234" lon="-104.546025">
<ele>554.3</ele>
<time>2026-08-29T18:58:28.491-06:00</time>
<extensions>
<gpxtpx:TrackPointExtension>
<gpxtpx:speed>6.03</gpxtpx:speed>
</gpxtpx:TrackPointExtension>
<opentracks:accuracy_horizontal>3.813</opentracks:accuracy_horizontal></extensions>
</trkpt>
<trkpt lat="50.449234" lon="-104.546184">
<ele>554.9</ele>
<time>2026-08-29T18:58:30.477-06:00</time>
<extensions>
<gpxtpx:TrackPointExtension>
<gpxtpx:speed>5.74</gpxtpx:speed>
</gpxtpx:TrackPointExtension>
<opentracks:accuracy_horizontal>3.789</opentracks:accuracy_horizontal></extensions>
</trkpt>
<trkpt lat="50.449232" lon="-104.546331">
<ele>555.1</ele>
<time>2026-08-29T18:58:32.462-06:00</time>
<extensions>
<gpxtpx:TrackPointExtension>
<gpxtpx:speed>5.4</gpxtpx:speed>
</gpxtpx:TrackPointExtension>
<opentracks:accuracy_horizontal>3.789</opentracks:accuracy_horizontal></extensions>
</trkpt>
<trkpt lat="50.449231" lon="-104.546471">
<ele>555.1</ele>
<time>2026-08-29T18:58:34.468-06:00</time>
<extensions>
<gpxtpx:TrackPointExtension>
<gpxtpx:speed>5.25</gpxtpx:speed>
</gpxtpx:TrackPointExtension>
<opentracks:accuracy_horizontal>3.789</opentracks:accuracy_horizontal></extensions>
</trkpt>
<trkpt lat="50.449235" lon="-104.546613">
<ele>554.7</ele>
<time>2026-08-29T18:58:36.47-06:00</time>
<extensions>
<gpxtpx:TrackPointExtension>
<gpxtpx:speed>4.98</gpxtpx:speed>
</gpxtpx:TrackPointExtension>
<opentracks:accuracy_horizontal>3.789</opentracks:accuracy_horizontal></extensions>
</trkpt>
<trkpt lat="50.449242" lon="-104.546759">
<ele>554.6</ele>
<time>2026-08-29T18:58:38.433-06:00</time>
<extensions>
<gpxtpx:TrackPointExtension>
<gpxtpx:speed>4.8</gpxtpx:speed>
</gpxtpx:TrackPointExtension>
<opentracks:accuracy_horizontal>3.788</opentracks:accuracy_horizontal></extensions>
</trkpt>
<trkpt lat="50.449245" lon="-104.546966">
<ele>554.5</ele>
<time>2026-08-29T18:58:41.43-06:00</time>
<extensions>
<gpxtpx:TrackPointExtension>
<gpxtpx:speed>4.75</gpxtpx:speed>
</gpxtpx:TrackPointExtension>
<opentracks:accuracy_horizontal>3.788</opentracks:accuracy_horizontal></extensions>
</trkpt>
<trkpt lat="50.449243" lon="-104.547176">
<ele>555.2</ele>
<time>2026-08-29T18:58:44.472-06:00</time>
<extensions>
<gpxtpx:TrackPointExtension>
<gpxtpx:speed>4.67</gpxtpx:speed>
</gpxtpx:TrackPointExtension>
<opentracks:accuracy_horizontal>4.073</opentracks:accuracy_horizontal></extensions>
</trkpt>
<trkpt lat="50.449251" lon="-104.547366">
<ele>554.7</ele>
<time>2026-08-29T18:58:47.478-06:00</time>
<extensions>
<gpxtpx:TrackPointExtension>
<gpxtpx:speed>4.36</gpxtpx:speed>
</gpxtpx:TrackPointExtension>
<opentracks:accuracy_horizontal>4.073</opentracks:accuracy_horizontal></extensions>
</trkpt>
<trkpt lat="50.44925" lon="-104.547568">
<ele>554.9</ele>
<time>2026-08-29T18:58:50.474-06:00</time>
<extensions>
<gpxtpx:TrackPointExtension>
<gpxtpx:speed>4.65</gpxtpx:speed>
</gpxtpx:TrackPointExtension>
<opentracks:accuracy_horizontal>4.072</opentracks:accuracy_horizontal></extensions>
</trkpt>
<trkpt lat="50.449245" lon="-104.54775">
<ele>555.2</ele>
<time>2026-08-29T18:58:53.474-06:00</time>
<extensions>
<gpxtpx:TrackPointExtension>
<gpxtpx:speed>4.33</gpxtpx:speed>
</gpxtpx:TrackPointExtension>
<opentracks:accuracy_horizontal>4.072</opentracks:accuracy_horizontal></extensions>
</trkpt>
<trkpt lat="50.449251" lon="-104.547957">
<ele>556</ele>
<time>2026-08-29T18:58:56.478-06:00</time>
<extensions>
<gpxtpx:TrackPointExtension>
<gpxtpx:speed>4.35</gpxtpx:speed>
</gpxtpx:TrackPointExtension>
<opentracks:accuracy_horizontal>4.071</opentracks:accuracy_horizontal></extensions>
</trkpt>
<trkpt lat="50.449258" lon="-104.548168">
<ele>556</ele>
<time>2026-08-29T18:58:59.462-06:00</time>
<extensions>
<gpxtpx:TrackPointExtension>
<gpxtpx:speed>4.73</gpxtpx:speed>
</gpxtpx:TrackPointExtension>
<opentracks:accuracy_horizontal>3.822</opentracks:accuracy_horizontal></extensions>
</trkpt>
<trkpt lat="50.449259" lon="-104.548318">
<ele>556.1</ele>
<time>2026-08-29T18:59:01.458-06:00</time>
<extensions>
<gpxtpx:TrackPointExtension>
<gpxtpx:speed>5.17</gpxtpx:speed>
</gpxtpx:TrackPointExtension>
<opentracks:accuracy_horizontal>3.786</opentracks:accuracy_horizontal></extensions>
</trkpt>
<trkpt lat="50.44926" lon="-104.548462">
<ele>556.2</ele>
<time>2026-08-29T18:59:03.464-06:00</time>
<extensions>
<gpxtpx:TrackPointExtension>
<gpxtpx:speed>4.42</gpxtpx:speed>
</gpxtpx:TrackPointExtension>
<opentracks:accuracy_horizontal>3.892</opentracks:accuracy_horizontal></extensions>
</trkpt>
<trkpt lat="50.449257" lon="-104.548622">
<ele>556.1</ele>
<time>2026-08-29T18:59:06.471-06:00</time>
<extensions>
<gpxtpx:TrackPointExtension>
<gpxtpx:speed>3.56</gpxtpx:speed>
</gpxtpx:TrackPointExtension>
<opentracks:accuracy_horizontal>3.822</opentracks:accuracy_horizontal></extensions>
</trkpt>
<trkpt lat="50.449247" lon="-104.548803">
<ele>556.1</ele>
<time>2026-08-29T18:59:10.484-06:00</time>
<extensions>
<gpxtpx:TrackPointExtension>
<gpxtpx:speed>2.92</gpxtpx:speed>
</gpxtpx:TrackPointExtension>
<opentracks:accuracy_horizontal>4.069</opentracks:accuracy_horizontal></extensions>
</trkpt>
<trkpt lat="50.449241" lon="-104.548946">
<ele>555.9</ele>
<time>2026-08-29T18:59:14.465-06:00</time>
<extensions>
<gpxtpx:TrackPointExtension>
<gpxtpx:speed>1.75</gpxtpx:speed>
</gpxtpx:TrackPointExtension>
<opentracks:accuracy_horizontal>3.93</opentracks:accuracy_horizontal></extensions>
</trkpt>
<trkpt lat="50.449274" lon="-104.54912">
<ele>556.3</ele>
<time>2026-08-29T18:59:20.461-06:00</time>
<extensions>
<gpxtpx:TrackPointExtension>
<gpxtpx:speed>2.71</gpxtpx:speed>
</gpxtpx:TrackPointExtension>
<opentracks:accuracy_horizontal>4.164</opentracks:accuracy_horizontal></extensions>
</trkpt>
<trkpt lat="50.449381" lon="-104.549191">
<ele>556.4</ele>
<time>2026-08-29T18:59:23.462-06:00</time>
<extensions>
<gpxtpx:TrackPointExtension>
<gpxtpx:speed>4</gpxtpx:speed>
</gpxtpx:TrackPointExtension>
<opentracks:accuracy_horizontal>3.929</opentracks:accuracy_horizontal></extensions>
</trkpt>
<trkpt lat="50.449476" lon="-104.549216">
<ele>556.4</ele>
<time>2026-08-29T18:59:25.459-06:00</time>
<extensions>
<gpxtpx:TrackPointExtension>
<gpxtpx:speed>4.61</gpxtpx:speed>
</gpxtpx:TrackPointExtension>
<opentracks:accuracy_horizontal>3.865</opentracks:accuracy_horizontal></extensions>
</trkpt>
<trkpt lat="50.449575" lon="-104.549226">
<ele>556.2</ele>
<time>2026-08-29T18:59:27.466-06:00</time>
<extensions>
<gpxtpx:TrackPointExtension>
<gpxtpx:speed>4.96</gpxtpx:speed>
</gpxtpx:TrackPointExtension>
<opentracks:accuracy_horizontal>4.042</opentracks:accuracy_horizontal></extensions>
</trkpt>
<trkpt lat="50.449705" lon="-104.549192">
<ele>556.5</ele>
<time>2026-08-29T18:59:30.452-06:00</time>
<extensions>
<gpxtpx:TrackPointExtension>
<gpxtpx:speed>4.55</gpxtpx:speed>
</gpxtpx:TrackPointExtension>
<opentracks:accuracy_horizontal>3.976</opentracks:accuracy_horizontal></extensions>
</trkpt>
<trkpt lat="50.449797" lon="-104.549178">
<ele>556.3</ele>
<time>2026-08-29T18:59:32.466-06:00</time>
<extensions>
<gpxtpx:TrackPointExtension>
<gpxtpx:speed>4.69</gpxtpx:speed>
</gpxtpx:TrackPointExtension>
<opentracks:accuracy_horizontal>4.045</opentracks:accuracy_horizontal></extensions>
</trkpt>
<trkpt lat="50.449893" lon="-104.549162">
<ele>556.6</ele>
<time>2026-08-29T18:59:34.472-06:00</time>
<extensions>
<gpxtpx:TrackPointExtension>
<gpxtpx:speed>5.01</gpxtpx:speed>
</gpxtpx:TrackPointExtension>
<opentracks:accuracy_horizontal>4.026</opentracks:accuracy_horizontal></extensions>
</trkpt>
<trkpt lat="50.449993" lon="-104.549147">
<ele>556.9</ele>
<time>2026-08-29T18:59:36.451-06:00</time>
<extensions>
<gpxtpx:TrackPointExtension>
<gpxtpx:speed>5.22</gpxtpx:speed>
</gpxtpx:TrackPointExtension>
<opentracks:accuracy_horizontal>4.02</opentracks:accuracy_horizontal></extensions>
</trkpt>
<trkpt lat="50.450082" lon="-104.549125">
<ele>557</ele>
<time>2026-08-29T18:59:38.467-06:00</time>
<extensions>
<gpxtpx:TrackPointExtension>
<gpxtpx:speed>4.83</gpxtpx:speed>
</gpxtpx:TrackPointExtension>
<opentracks:accuracy_horizontal>4.082</opentracks:accuracy_horizontal></extensions>
</trkpt>
<trkpt lat="50.450204" lon="-104.549093">
<ele>557.6</ele>
<time>2026-08-29T18:59:41.467-06:00</time>
<extensions>
<gpxtpx:TrackPointExtension>
<gpxtpx:speed>4.96</gpxtpx:speed>
</gpxtpx:TrackPointExtension>
<opentracks:accuracy_horizontal>4.082</opentracks:accuracy_horizontal></extensions>
</trkpt>
<trkpt lat="50.450301" lon="-104.549046">
<ele>557.2</ele>
<time>2026-08-29T18:59:43.469-06:00</time>
<extensions>
<gpxtpx:TrackPointExtension>
<gpxtpx:speed>5.17</gpxtpx:speed>
</gpxtpx:TrackPointExtension>
<opentracks:accuracy_horizontal>4.046</opentracks:accuracy_horizontal></extensions>
</trkpt>
<trkpt lat="50.450407" lon="-104.54901">
<ele>557</ele>
<time>2026-08-29T18:59:45.476-06:00</time>
<extensions>
<gpxtpx:TrackPointExtension>
<gpxtpx:speed>5.01</gpxtpx:speed>
</gpxtpx:TrackPointExtension>
<opentracks:accuracy_horizontal>4.096</opentracks:accuracy_horizontal></extensions>
</trkpt>
<trkpt lat="50.450497" lon="-104.548968">
<ele>556.8</ele>
<time>2026-08-29T18:59:47.469-06:00</time>
<extensions>
<gpxtpx:TrackPointExtension>
<gpxtpx:speed>4.68</gpxtpx:speed>
</gpxtpx:TrackPointExtension>
<opentracks:accuracy_horizontal>3.977</opentracks:accuracy_horizontal></extensions>
</trkpt>
<trkpt lat="50.450622" lon="-104.548903">
<ele>556.3</ele>
<time>2026-08-29T18:59:50.441-06:00</time>
<extensions>
<gpxtpx:TrackPointExtension>
<gpxtpx:speed>4.88</gpxtpx:speed>
</gpxtpx:TrackPointExtension>
<opentracks:accuracy_horizontal>3.906</opentracks:accuracy_horizontal></extensions>
</trkpt>
<trkpt lat="50.450718" lon="-104.548871">
<ele>555.9</ele>
<time>2026-08-29T18:59:52.47-06:00</time>
<extensions>
<gpxtpx:TrackPointExtension>
<gpxtpx:speed>5.35</gpxtpx:speed>
</gpxtpx:TrackPointExtension>
<opentracks:accuracy_horizontal>4.106</opentracks:accuracy_horizontal></extensions>
</trkpt>
<trkpt lat="50.450816" lon="-104.548853">
<ele>555.6</ele>
<time>2026-08-29T18:59:54.481-06:00</time>
<extensions>
<gpxtpx:TrackPointExtension>
<gpxtpx:speed>5.37</gpxtpx:speed>
</gpxtpx:TrackPointExtension>
<opentracks:accuracy_horizontal>4.218</opentracks:accuracy_horizontal></extensions>
</trkpt>
<trkpt lat="50.45091" lon="-104.548852">
<ele>555.8</ele>
<time>2026-08-29T18:59:56.472-06:00</time>
<extensions>
<gpxtpx:TrackPointExtension>
<gpxtpx:speed>4.91</gpxtpx:speed>
</gpxtpx:TrackPointExtension>
<opentracks:accuracy_horizontal>4.381</opentracks:accuracy_horizontal></extensions>
</trkpt>
<trkpt lat="50.451039" lon="-104.5488">
<ele>555.5</ele>
<time>2026-08-29T18:59:59.488-06:00</time>
<extensions>
<gpxtpx:TrackPointExtension>
<gpxtpx:speed>4.83</gpxtpx:speed>
</gpxtpx:TrackPointExtension>
<opentracks:accuracy_horizontal>4.23</opentracks:accuracy_horizontal></extensions>
</trkpt>
<trkpt lat="50.451166" lon="-104.54876">
<ele>556.1</ele>
<time>2026-08-29T19:00:02.478-06:00</time>
<extensions>
<gpxtpx:TrackPointExtension>
<gpxtpx:speed>4.83</gpxtpx:speed>
</gpxtpx:TrackPointExtension>
<opentracks:accuracy_horizontal>4.155</opentracks:accuracy_horizontal></extensions>
</trkpt>
<trkpt lat="50.451257" lon="-104.548741">
<ele>556</ele>
<time>2026-08-29T19:00:04.47-06:00</time>
<extensions>
<gpxtpx:TrackPointExtension>
<gpxtpx:speed>5.1</gpxtpx:speed>
</gpxtpx:TrackPointExtension>
<opentracks:accuracy_horizontal>4.254</opentracks:accuracy_horizontal></extensions>
</trkpt>
<trkpt lat="50.451396" lon="-104.548748">
<ele>556.4</ele>
<time>2026-08-29T19:00:07.472-06:00</time>
<extensions>
<gpxtpx:TrackPointExtension>
<gpxtpx:speed>5.32</gpxtpx:speed>
</gpxtpx:TrackPointExtension>
<opentracks:accuracy_horizontal>4.302</opentracks:accuracy_horizontal></extensions>
</trkpt>
<trkpt lat="50.4515" lon="-104.548754">
<ele>556.7</ele>
<time>2026-08-29T19:00:09.485-06:00</time>
<extensions>
<gpxtpx:TrackPointExtension>
<gpxtpx:speed>5.07</gpxtpx:speed>
</gpxtpx:TrackPointExtension>
<opentracks:accuracy_horizontal>4.28</opentracks:accuracy_horizontal></extensions>
</trkpt>
<trkpt lat="50.451597" lon="-104.548725">
<ele>557.2</ele>
<time>2026-08-29T19:00:11.461-06:00</time>
<extensions>
<gpxtpx:TrackPointExtension>
<gpxtpx:speed>5.24</gpxtpx:speed>
</gpxtpx:TrackPointExtension>
<opentracks:accuracy_horizontal>4.084</opentracks:accuracy_horizontal></extensions>
</trkpt>
<trkpt lat="50.451688" lon="-104.548699">
<ele>557.4</ele>
<time>2026-08-29T19:00:13.473-06:00</time>
<extensions>
<gpxtpx:TrackPointExtension>
<gpxtpx:speed>5.08</gpxtpx:speed>
</gpxtpx:TrackPointExtension>
<opentracks:accuracy_horizontal>3.941</opentracks:accuracy_horizontal></extensions>
</trkpt>
<trkpt lat="50.451784" lon="-104.5487">
<ele>557.7</ele>
<time>2026-08-29T19:00:15.459-06:00</time>
<extensions>
<gpxtpx:TrackPointExtension>
<gpxtpx:speed>5.18</gpxtpx:speed>
</gpxtpx:TrackPointExtension>
<opentracks:accuracy_horizontal>3.859</opentracks:accuracy_horizontal></extensions>
</trkpt>
<trkpt lat="50.451891" lon="-104.548691">
<ele>556.8</ele>
<time>2026-08-29T19:00:17.468-06:00</time>
<extensions>
<gpxtpx:TrackPointExtension>
<gpxtpx:speed>5.72</gpxtpx:speed>
</gpxtpx:TrackPointExtension>
<opentracks:accuracy_horizontal>3.858</opentracks:accuracy_horizontal></extensions>
</trkpt>
<trkpt lat="50.452005" lon="-104.548674">
<ele>557.7</ele>
<time>2026-08-29T19:00:19.468-06:00</time>
<extensions>
<gpxtpx:TrackPointExtension>
<gpxtpx:speed>5.1</gpxtpx:speed>
</gpxtpx:TrackPointExtension>
<opentracks:accuracy_horizontal>3.968</opentracks:accuracy_horizontal></extensions>
</trkpt>
<trkpt lat="50.452112" lon="-104.54865">
<ele>557.7</ele>
<time>2026-08-29T19:00:21.466-06:00</time>
<extensions>
<gpxtpx:TrackPointExtension>
<gpxtpx:speed>5.16</gpxtpx:speed>
</gpxtpx:TrackPointExtension>
<opentracks:accuracy_horizontal>3.864</opentracks:accuracy_horizontal></extensions>
</trkpt>
<trkpt lat="50.452221" lon="-104.548653">
<ele>557.8</ele>
<time>2026-08-29T19:00:23.461-06:00</time>
<extensions>
<gpxtpx:TrackPointExtension>
<gpxtpx:speed>5.44</gpxtpx:speed>
</gpxtpx:TrackPointExtension>
<opentracks:accuracy_horizontal>3.858</opentracks:accuracy_horizontal></extensions>
</trkpt>
<trkpt lat="50.45232" lon="-104.54866">
<ele>558</ele>
<time>2026-08-29T19:00:25.459-06:00</time>
<extensions>
<gpxtpx:TrackPointExtension>
<gpxtpx:speed>5.28</gpxtpx:speed>
</gpxtpx:TrackPointExtension>
<opentracks:accuracy_horizontal>3.857</opentracks:accuracy_horizontal></extensions>
</trkpt>
<trkpt lat="50.452421" lon="-104.548672">
<ele>558.2</ele>
<time>2026-08-29T19:00:27.467-06:00</time>
<extensions>
<gpxtpx:TrackPointExtension>
<gpxtpx:speed>5.35</gpxtpx:speed>
</gpxtpx:TrackPointExtension>
<opentracks:accuracy_horizontal>3.91</opentracks:accuracy_horizontal></extensions>
</trkpt>
<trkpt lat="50.452518" lon="-104.548677">
<ele>558</ele>
<time>2026-08-29T19:00:29.471-06:00</time>
<extensions>
<gpxtpx:TrackPointExtension>
<gpxtpx:speed>5.31</gpxtpx:speed>
</gpxtpx:TrackPointExtension>
<opentracks:accuracy_horizontal>3.981</opentracks:accuracy_horizontal></extensions>
</trkpt>
<trkpt lat="50.452613" lon="-104.54867">
<ele>557.6</ele>
<time>2026-08-29T19:00:31.46-06:00</time>
<extensions>
<gpxtpx:TrackPointExtension>
<gpxtpx:speed>5.26</gpxtpx:speed>
</gpxtpx:TrackPointExtension>
<opentracks:accuracy_horizontal>4.029</opentracks:accuracy_horizontal></extensions>
</trkpt>
<trkpt lat="50.452718" lon="-104.548673">
<ele>558</ele>
<time>2026-08-29T19:00:33.444-06:00</time>
<extensions>
<gpxtpx:TrackPointExtension>
<gpxtpx:speed>5.39</gpxtpx:speed>
</gpxtpx:TrackPointExtension>
<opentracks:accuracy_horizontal>4.055</opentracks:accuracy_horizontal></extensions>
</trkpt>
<trkpt lat="50.452825" lon="-104.548663">
<ele>558</ele>
<time>2026-08-29T19:00:35.47-06:00</time>
<extensions>
<gpxtpx:TrackPointExtension>
<gpxtpx:speed>5.7</gpxtpx:speed>
</gpxtpx:TrackPointExtension>
<opentracks:accuracy_horizontal>4.056</opentracks:accuracy_horizontal></extensions>
</trkpt>
<trkpt lat="50.452933" lon="-104.548666">
<ele>557.2</ele>
<time>2026-08-29T19:00:37.449-06:00</time>
<extensions>
<gpxtpx:TrackPointExtension>
<gpxtpx:speed>5.37</gpxtpx:speed>
</gpxtpx:TrackPointExtension>
<opentracks:accuracy_horizontal>4.065</opentracks:accuracy_horizontal></extensions>
</trkpt>
<trkpt lat="50.45303" lon="-104.548655">
<ele>557.3</ele>
<time>2026-08-29T19:00:39.452-06:00</time>
<extensions>
<gpxtpx:TrackPointExtension>
<gpxtpx:speed>5.23</gpxtpx:speed>
</gpxtpx:TrackPointExtension>
<opentracks:accuracy_horizontal>4.055</opentracks:accuracy_horizontal></extensions>
</trkpt>
<trkpt lat="50.453126" lon="-104.548655">
<ele>557.3</ele>
<time>2026-08-29T19:00:41.448-06:00</time>
<extensions>
<gpxtpx:TrackPointExtension>
<gpxtpx:speed>5.53</gpxtpx:speed>
</gpxtpx:TrackPointExtension>
<opentracks:accuracy_horizontal>4.023</opentracks:accuracy_horizontal></extensions>
</trkpt>
<trkpt lat="50.453226" lon="-104.54866">
<ele>557.5</ele>
<time>2026-08-29T19:00:43.464-06:00</time>
<extensions>
<gpxtpx:TrackPointExtension>
<gpxtpx:speed>5.66</gpxtpx:speed>
</gpxtpx:TrackPointExtension>
<opentracks:accuracy_horizontal>4.04</opentracks:accuracy_horizontal></extensions>
</trkpt>
<trkpt lat="50.453321" lon="-104.548664">
<ele>557.3</ele>
<time>2026-08-29T19:00:45.478-06:00</time>
<extensions>
<gpxtpx:TrackPointExtension>
<gpxtpx:speed>5.38</gpxtpx:speed>
</gpxtpx:TrackPointExtension>
<opentracks:accuracy_horizontal>3.954</opentracks:accuracy_horizontal></extensions>
</trkpt>
<trkpt lat="50.45342" lon="-104.548664">
<ele>557.5</ele>
<time>2026-08-29T19:00:47.47-06:00</time>
<extensions>
<gpxtpx:TrackPointExtension>
<gpxtpx:speed>5.61</gpxtpx:speed>
</gpxtpx:TrackPointExtension>
<opentracks:accuracy_horizontal>3.86</opentracks:accuracy_horizontal></extensions>
</trkpt>
<trkpt lat="50.453527" lon="-104.548659">
<ele>557.7</ele>
<time>2026-08-29T19:00:49.466-06:00</time>
<extensions>
<gpxtpx:TrackPointExtension>
<gpxtpx:speed>5.71</gpxtpx:speed>
</gpxtpx:TrackPointExtension>
<opentracks:accuracy_horizontal>3.927</opentracks:accuracy_horizontal></extensions>
</trkpt>
<trkpt lat="50.453637" lon="-104.548666">
<ele>557.9</ele>
<time>2026-08-29T19:00:51.478-06:00</time>
<extensions>
<gpxtpx:TrackPointExtension>
<gpxtpx:speed>5.91</gpxtpx:speed>
</gpxtpx:TrackPointExtension>
<opentracks:accuracy_horizontal>4.126</opentracks:accuracy_horizontal></extensions>
</trkpt>
<trkpt lat="50.453745" lon="-104.548669">
<ele>557.8</ele>
<time>2026-08-29T19:00:53.476-06:00</time>
<extensions>
<gpxtpx:TrackPointExtension>
<gpxtpx:speed>5.97</gpxtpx:speed>
</gpxtpx:TrackPointExtension>
<opentracks:accuracy_horizontal>4.285</opentracks:accuracy_horizontal></extensions>
</trkpt>
<trkpt lat="50.453853" lon="-104.548677">
<ele>557.9</ele>
<time>2026-08-29T19:00:55.48-06:00</time>
<extensions>
<gpxtpx:TrackPointExtension>
<gpxtpx:speed>6.07</gpxtpx:speed>
</gpxtpx:TrackPointExtension>
<opentracks:accuracy_horizontal>4.112</opentracks:accuracy_horizontal></extensions>
</trkpt>
<trkpt lat="50.45396" lon="-104.548689">
<ele>558.4</ele>
<time>2026-08-29T19:00:57.465-06:00</time>
<extensions>
<gpxtpx:TrackPointExtension>
<gpxtpx:speed>5.82</gpxtpx:speed>
</gpxtpx:TrackPointExtension>
<opentracks:accuracy_horizontal>4.071</opentracks:accuracy_horizontal></extensions>
</trkpt>
<trkpt lat="50.454066" lon="-104.548687">
<ele>558.8</ele>
<time>2026-08-29T19:00:59.482-06:00</time>
<extensions>
<gpxtpx:TrackPointExtension>
<gpxtpx:speed>5.5</gpxtpx:speed>
</gpxtpx:TrackPointExtension>
<opentracks:accuracy_horizontal>3.875</opentracks:accuracy_horizontal></extensions>
</trkpt>
<trkpt lat="50.454161" lon="-104.548677">
<ele>558.5</ele>
<time>2026-08-29T19:01:01.473-06:00</time>
<extensions>
<gpxtpx:TrackPointExtension>
<gpxtpx:speed>5</gpxtpx:speed>
</gpxtpx:TrackPointExtension>
<opentracks:accuracy_horizontal>3.881</opentracks:accuracy_horizontal></extensions>
</trkpt>
<trkpt lat="50.454283" lon="-104.548687">
<ele>558.3</ele>
<time>2026-08-29T19:01:04.476-06:00</time>
<extensions>
<gpxtpx:TrackPointExtension>
<gpxtpx:speed>4.43</gpxtpx:speed>
</gpxtpx:TrackPointExtension>
<opentracks:accuracy_horizontal>4.018</opentracks:accuracy_horizontal></extensions>
</trkpt>
<trkpt lat="50.454414" lon="-104.5487">
<ele>558.3</ele>
<time>2026-08-29T19:01:07.461-06:00</time>
<extensions>
<gpxtpx:TrackPointExtension>
<gpxtpx:speed>4.84</gpxtpx:speed>
</gpxtpx:TrackPointExtension>
<opentracks:accuracy_horizontal>4.097</opentracks:accuracy_horizontal></extensions>
</trkpt>
<trkpt lat="50.454542" lon="-104.548689">
<ele>558.6</ele>
<time>2026-08-29T19:01:10.463-06:00</time>
<extensions>
<gpxtpx:TrackPointExtension>
<gpxtpx:speed>4.44</gpxtpx:speed>
</gpxtpx:TrackPointExtension>
<opentracks:accuracy_horizontal>3.907</opentracks:accuracy_horizontal></extensions>
</trkpt>
<trkpt lat="50.454672" lon="-104.54869">
<ele>558.4</ele>
<time>2026-08-29T19:01:13.47-06:00</time>
<extensions>
<gpxtpx:TrackPointExtension>
<gpxtpx:speed>4.49</gpxtpx:speed>
</gpxtpx:TrackPointExtension>
<opentracks:accuracy_horizontal>4.075</opentracks:accuracy_horizontal></extensions>
</trkpt>
<trkpt lat="50.454781" lon="-104.548697">
<ele>558.4</ele>
<time>2026-08-29T19:01:16.474-06:00</time>
<extensions>
<gpxtpx:TrackPointExtension>
<gpxtpx:speed>4.75</gpxtpx:speed>
</gpxtpx:TrackPointExtension>
<opentracks:accuracy_horizontal>3.999</opentracks:accuracy_horizontal></extensions>
</trkpt>
<trkpt lat="50.45492" lon="-104.548694">
<ele>559.3</ele>
<time>2026-08-29T19:01:19.469-06:00</time>
<extensions>
<gpxtpx:TrackPointExtension>
<gpxtpx:speed>5.04</gpxtpx:speed>
</gpxtpx:TrackPointExtension>
<opentracks:accuracy_horizontal>4.23</opentracks:accuracy_horizontal></extensions>
</trkpt>
<trkpt lat="50.455029" lon="-104.5487">
<ele>560.6</ele>
<time>2026-08-29T19:01:21.464-06:00</time>
<extensions>
<gpxtpx:TrackPointExtension>
<gpxtpx:speed>5.64</gpxtpx:speed>
</gpxtpx:TrackPointExtension>
<opentracks:accuracy_horizontal>4.213</opentracks:accuracy_horizontal></extensions>
</trkpt>
<trkpt lat="50.455155" lon="-104.548715">
<ele>561</ele>
<time>2026-08-29T19:01:23.488-06:00</time>
<extensions>
<gpxtpx:TrackPointExtension>
<gpxtpx:speed>6.15</gpxtpx:speed>
</gpxtpx:TrackPointExtension>
<opentracks:accuracy_horizontal>4.104</opentracks:accuracy_horizontal></extensions>
</trkpt>
<trkpt lat="50.455276" lon="-104.548706">
<ele>560.7</ele>
<time>2026-08-29T19:01:25.47-06:00</time>
<extensions>
<gpxtpx:TrackPointExtension>
<gpxtpx:speed>5.95</gpxtpx:speed>
</gpxtpx:TrackPointExtension>
<opentracks:accuracy_horizontal>4.02</opentracks:accuracy_horizontal></extensions>
</trkpt>
<trkpt lat="50.455381" lon="-104.548684">
<ele>560.3</ele>
<time>2026-08-29T19:01:27.476-06:00</time>
<extensions>
<gpxtpx:TrackPointExtension>
<gpxtpx:speed>5.76</gpxtpx:speed>
</gpxtpx:TrackPointExtension>
<opentracks:accuracy_horizontal>3.986</opentracks:accuracy_horizontal></extensions>
</trkpt>
<trkpt lat="50.45548" lon="-104.548674">
<ele>560.7</ele>
<time>2026-08-29T19:01:29.482-06:00</time>
<extensions>
<gpxtpx:TrackPointExtension>
<gpxtpx:speed>5.4</gpxtpx:speed>
</gpxtpx:TrackPointExtension>
<opentracks:accuracy_horizontal>4.002</opentracks:accuracy_horizontal></extensions>
</trkpt>
<trkpt lat="50.455578" lon="-104.548676">
<ele>561</ele>
<time>2026-08-29T19:01:31.46-06:00</time>
<extensions>
<gpxtpx:TrackPointExtension>
<gpxtpx:speed>5.2</gpxtpx:speed>
</gpxtpx:TrackPointExtension>
<opentracks:accuracy_horizontal>3.969</opentracks:accuracy_horizontal></extensions>
</trkpt>
<trkpt lat="50.455671" lon="-104.548682">
<ele>560.9</ele>
<time>2026-08-29T19:01:33.464-06:00</time>
<extensions>
<gpxtpx:TrackPointExtension>
<gpxtpx:speed>5.04</gpxtpx:speed>
</gpxtpx:TrackPointExtension>
<opentracks:accuracy_horizontal>3.961</opentracks:accuracy_horizontal></extensions>
</trkpt>
<trkpt lat="50.455769" lon="-104.548681">
<ele>561</ele>
<time>2026-08-29T19:01:35.443-06:00</time>
<extensions>
<gpxtpx:TrackPointExtension>
<gpxtpx:speed>5.6</gpxtpx:speed>
</gpxtpx:TrackPointExtension>
<opentracks:accuracy_horizontal>3.993</opentracks:accuracy_horizontal></extensions>
</trkpt>
<trkpt lat="50.455875" lon="-104.548692">
<ele>560.3</ele>
<time>2026-08-29T19:01:37.465-06:00</time>
<extensions>
<gpxtpx:TrackPointExtension>
<gpxtpx:speed>5.74</gpxtpx:speed>
</gpxtpx:TrackPointExtension>
<opentracks:accuracy_horizontal>3.999</opentracks:accuracy_horizontal></extensions>
</trkpt>
<trkpt lat="50.455976" lon="-104.548704">
<ele>560.5</ele>
<time>2026-08-29T19:01:39.468-06:00</time>
<extensions>
<gpxtpx:TrackPointExtension>
<gpxtpx:speed>5.56</gpxtpx:speed>
</gpxtpx:TrackPointExtension>
<opentracks:accuracy_horizontal>4.133</opentracks:accuracy_horizontal></extensions>
</trkpt>
<trkpt lat="50.456079" lon="-104.54872">
<ele>560.8</ele>
<time>2026-08-29T19:01:41.448-06:00</time>
<extensions>
<gpxtpx:TrackPointExtension>
<gpxtpx:speed>5.77</gpxtpx:speed>
</gpxtpx:TrackPointExtension>
<opentracks:accuracy_horizontal>4.221</opentracks:accuracy_horizontal></extensions>
</trkpt>
<trkpt lat="50.456181" lon="-104.548729">
<ele>561.4</ele>
<time>2026-08-29T19:01:43.466-06:00</time>
<extensions>
<gpxtpx:TrackPointExtension>
<gpxtpx:speed>5.94</gpxtpx:speed>
</gpxtpx:TrackPointExtension>
<opentracks:accuracy_horizontal>4.151</opentracks:accuracy_horizontal></extensions>
</trkpt>
<trkpt lat="50.456287" lon="-104.548724">
<ele>561.3</ele>
<time>2026-08-29T19:01:45.479-06:00</time>
<extensions>
<gpxtpx:TrackPointExtension>
<gpxtpx:speed>5.7</gpxtpx:speed>
</gpxtpx:TrackPointExtension>
<opentracks:accuracy_horizontal>4.001</opentracks:accuracy_horizontal></extensions>
</trkpt>
<trkpt lat="50.456385" lon="-104.548714">
<ele>561</ele>
<time>2026-08-29T19:01:47.469-06:00</time>
<extensions>
<gpxtpx:TrackPointExtension>
<gpxtpx:speed>5.64</gpxtpx:speed>
</gpxtpx:TrackPointExtension>
<opentracks:accuracy_horizontal>3.979</opentracks:accuracy_horizontal></extensions>
</trkpt>
<trkpt lat="50.456486" lon="-104.548695">
<ele>560.3</ele>
<time>2026-08-29T19:01:49.457-06:00</time>
<extensions>
<gpxtpx:TrackPointExtension>
<gpxtpx:speed>5.98</gpxtpx:speed>
</gpxtpx:TrackPointExtension>
<opentracks:accuracy_horizontal>3.939</opentracks:accuracy_horizontal></extensions>
</trkpt>
<trkpt lat="50.456589" lon="-104.548696">
<ele>560</ele>
<time>2026-08-29T19:01:51.466-06:00</time>
<extensions>
<gpxtpx:TrackPointExtension>
<gpxtpx:speed>5.68</gpxtpx:speed>
</gpxtpx:TrackPointExtension>
<opentracks:accuracy_horizontal>4.062</opentracks:accuracy_horizontal></extensions>
</trkpt>
<trkpt lat="50.456685" lon="-104.548705">
<ele>560.1</ele>
<time>2026-08-29T19:01:53.455-06:00</time>
<extensions>
<gpxtpx:TrackPointExtension>
<gpxtpx:speed>5.7</gpxtpx:speed>
</gpxtpx:TrackPointExtension>
<opentracks:accuracy_horizontal>4.143</opentracks:accuracy_horizontal></extensions>
</trkpt>
<trkpt lat="50.456787" lon="-104.548695">
<ele>559.4</ele>
<time>2026-08-29T19:01:55.476-06:00</time>
<extensions>
<gpxtpx:TrackPointExtension>
<gpxtpx:speed>5.82</gpxtpx:speed>
</gpxtpx:TrackPointExtension>
<opentracks:accuracy_horizontal>4.106</opentracks:accuracy_horizontal></extensions>
</trkpt>
<trkpt lat="50.456891" lon="-104.548683">
<ele>558.5</ele>
<time>2026-08-29T19:01:57.462-06:00</time>
<extensions>
<gpxtpx:TrackPointExtension>
<gpxtpx:speed>6.08</gpxtpx:speed>
</gpxtpx:TrackPointExtension>
<opentracks:accuracy_horizontal>4.131</opentracks:accuracy_horizontal></extensions>
</trkpt>
<trkpt lat="50.457003" lon="-104.548681">
<ele>558.1</ele>
<time>2026-08-29T19:01:59.462-06:00</time>
<extensions>
<gpxtpx:TrackPointExtension>
<gpxtpx:speed>5.9</gpxtpx:speed>
</gpxtpx:TrackPointExtension>
<opentracks:accuracy_horizontal>4.228</opentracks:accuracy_horizontal></extensions>
</trkpt>
<trkpt lat="50.457105" lon="-104.548684">
<ele>557.4</ele>
<time>2026-08-29T19:02:01.48-06:00</time>
<extensions>
<gpxtpx:TrackPointExtension>
<gpxtpx:speed>5.45</gpxtpx:speed>
</gpxtpx:TrackPointExtension>
<opentracks:accuracy_horizontal>4.241</opentracks:accuracy_horizontal></extensions>
</trkpt>
<trkpt lat="50.457231" lon="-104.548693">
<ele>556.9</ele>
<time>2026-08-29T19:02:04.478-06:00</time>
<extensions>
<gpxtpx:TrackPointExtension>
<gpxtpx:speed>4.75</gpxtpx:speed>
</gpxtpx:TrackPointExtension>
<opentracks:accuracy_horizontal>4.087</opentracks:accuracy_horizontal></extensions>
</trkpt>
<trkpt lat="50.457366" lon="-104.548703">
<ele>557.5</ele>
<time>2026-08-29T19:02:07.477-06:00</time>
<extensions>
<gpxtpx:TrackPointExtension>
<gpxtpx:speed>5.01</gpxtpx:speed>
</gpxtpx:TrackPointExtension>
<opentracks:accuracy_horizontal>4.058</opentracks:accuracy_horizontal></extensions>
</trkpt>
<trkpt lat="50.457464" lon="-104.548701">
<ele>558.2</ele>
<time>2026-08-29T19:02:09.469-06:00</time>
<extensions>
<gpxtpx:TrackPointExtension>
<gpxtpx:speed>5.29</gpxtpx:speed>
</gpxtpx:TrackPointExtension>
<opentracks:accuracy_horizontal>4.092</opentracks:accuracy_horizontal></extensions>
</trkpt>
<trkpt lat="50.457561" lon="-104.548698">
<ele>558.5</ele>
<time>2026-08-29T19:02:11.469-06:00</time>
<extensions>
<gpxtpx:TrackPointExtension>
<gpxtpx:speed>5.08</gpxtpx:speed>
</gpxtpx:TrackPointExtension>
<opentracks:accuracy_horizontal>4.077</opentracks:accuracy_horizontal></extensions>
</trkpt>
<trkpt lat="50.457681" lon="-104.548699">
<ele>558.3</ele>
<time>2026-08-29T19:02:14.481-06:00</time>
<extensions>
<gpxtpx:TrackPointExtension>
<gpxtpx:speed>4.32</gpxtpx:speed>
</gpxtpx:TrackPointExtension>
<opentracks:accuracy_horizontal>4.171</opentracks:accuracy_horizontal></extensions>
</trkpt>
<trkpt lat="50.457813" lon="-104.54871">
<ele>558.4</ele>
<time>2026-08-29T19:02:17.468-06:00</time>
<extensions>
<gpxtpx:TrackPointExtension>
<gpxtpx:speed>4.97</gpxtpx:speed>
</gpxtpx:TrackPointExtension>
<opentracks:accuracy_horizontal>4.234</opentracks:accuracy_horizontal></extensions>
</trkpt>
<trkpt lat="50.457942" lon="-104.548687">
<ele>558.7</ele>
<time>2026-08-29T19:02:20.477-06:00</time>
<extensions>
<gpxtpx:TrackPointExtension>
<gpxtpx:speed>4.14</gpxtpx:speed>
</gpxtpx:TrackPointExtension>
<opentracks:accuracy_horizontal>4.108</opentracks:accuracy_horizontal></extensions>
</trkpt>
<trkpt lat="50.458061" lon="-104.548717">
<ele>557.8</ele>
<time>2026-08-29T19:02:23.48-06:00</time>
<extensions>
<gpxtpx:TrackPointExtension>
<gpxtpx:speed>3.99</gpxtpx:speed>
</gpxtpx:TrackPointExtension>
<opentracks:accuracy_horizontal>4.241</opentracks:accuracy_horizontal></extensions>
</trkpt>
<trkpt lat="50.458164" lon="-104.548708">
<ele>557.2</ele>
<time>2026-08-29T19:02:26.456-06:00</time>
<extensions>
<gpxtpx:TrackPointExtension>
<gpxtpx:speed>3.43</gpxtpx:speed>
</gpxtpx:TrackPointExtension>
<opentracks:accuracy_horizontal>4.212</opentracks:accuracy_horizontal></extensions>
</trkpt>
<trkpt lat="50.458265" lon="-104.548658">
<ele>557.1</ele>
<time>2026-08-29T19:02:29.472-06:00</time>
<extensions>
<gpxtpx:TrackPointExtension>
<gpxtpx:speed>3.81</gpxtpx:speed>
</gpxtpx:TrackPointExtension>
<opentracks:accuracy_horizontal>4.2</opentracks:accuracy_horizontal></extensions>
</trkpt>
<trkpt lat="50.458323" lon="-104.54852">
<ele>557.2</ele>
<time>2026-08-29T19:02:31.463-06:00</time>
<extensions>
<gpxtpx:TrackPointExtension>
<gpxtpx:speed>4.81</gpxtpx:speed>
</gpxtpx:TrackPointExtension>
<opentracks:accuracy_horizontal>4.025</opentracks:accuracy_horizontal></extensions>
</trkpt>
<trkpt lat="50.458335" lon="-104.548326">
<ele>556.9</ele>
<time>2026-08-29T19:02:33.471-06:00</time>
<extensions>
<gpxtpx:TrackPointExtension>
<gpxtpx:speed>5.21</gpxtpx:speed>
</gpxtpx:TrackPointExtension>
<opentracks:accuracy_horizontal>3.841</opentracks:accuracy_horizontal></extensions>
</trkpt>
<trkpt lat="50.45832" lon="-104.548174">
<ele>557.1</ele>
<time>2026-08-29T19:02:35.471-06:00</time>
<extensions>
<gpxtpx:TrackPointExtension>
<gpxtpx:speed>4.96</gpxtpx:speed>
</gpxtpx:TrackPointExtension>
<opentracks:accuracy_horizontal>3.84</opentracks:accuracy_horizontal></extensions>
</trkpt>
<trkpt lat="50.45831" lon="-104.547981">
<ele>557.3</ele>
<time>2026-08-29T19:02:38.465-06:00</time>
<extensions>
<gpxtpx:TrackPointExtension>
<gpxtpx:speed>4.74</gpxtpx:speed>
</gpxtpx:TrackPointExtension>
<opentracks:accuracy_horizontal>3.84</opentracks:accuracy_horizontal></extensions>
</trkpt>
<trkpt lat="50.458304" lon="-104.547828">
<ele>557.4</ele>
<time>2026-08-29T19:02:40.475-06:00</time>
<extensions>
<gpxtpx:TrackPointExtension>
<gpxtpx:speed>5.19</gpxtpx:speed>
</gpxtpx:TrackPointExtension>
<opentracks:accuracy_horizontal>3.84</opentracks:accuracy_horizontal></extensions>
</trkpt>
<trkpt lat="50.458302" lon="-104.54767">
<ele>557.5</ele>
<time>2026-08-29T19:02:42.466-06:00</time>
<extensions>
<gpxtpx:TrackPointExtension>
<gpxtpx:speed>5.29</gpxtpx:speed>
</gpxtpx:TrackPointExtension>
<opentracks:accuracy_horizontal>3.977</opentracks:accuracy_horizontal></extensions>
</trkpt>
<trkpt lat="50.458304" lon="-104.547519">
<ele>557.4</ele>
<time>2026-08-29T19:02:44.471-06:00</time>
<extensions>
<gpxtpx:TrackPointExtension>
<gpxtpx:speed>5.23</gpxtpx:speed>
</gpxtpx:TrackPointExtension>
<opentracks:accuracy_horizontal>3.855</opentracks:accuracy_horizontal></extensions>
</trkpt>
<trkpt lat="50.458311" lon="-104.547358">
<ele>557.5</ele>
<time>2026-08-29T19:02:46.479-06:00</time>
<extensions>
<gpxtpx:TrackPointExtension>
<gpxtpx:speed>5.65</gpxtpx:speed>
</gpxtpx:TrackPointExtension>
<opentracks:accuracy_horizontal>3.839</opentracks:accuracy_horizontal></extensions>
</trkpt>
<trkpt lat="50.458326" lon="-104.547198">
<ele>557.4</ele>
<time>2026-08-29T19:02:48.473-06:00</time>
<extensions>
<gpxtpx:TrackPointExtension>
<gpxtpx:speed>5.52</gpxtpx:speed>
</gpxtpx:TrackPointExtension>
<opentracks:accuracy_horizontal>3.839</opentracks:accuracy_horizontal></extensions>
</trkpt>
<trkpt lat="50.458327" lon="-104.547004">
<ele>556.3</ele>
<time>2026-08-29T19:02:51.474-06:00</time>
<extensions>
<gpxtpx:TrackPointExtension>
<gpxtpx:speed>4.14</gpxtpx:speed>
</gpxtpx:TrackPointExtension>
<opentracks:accuracy_horizontal>3.838</opentracks:accuracy_horizontal></extensions>
</trkpt>
<trkpt lat="50.458339" lon="-104.546801">
<ele>556.4</ele>
<time>2026-08-29T19:02:54.471-06:00</time>
<extensions>
<gpxtpx:TrackPointExtension>
<gpxtpx:speed>5.19</gpxtpx:speed>
</gpxtpx:TrackPointExtension>
<opentracks:accuracy_horizontal>3.764</opentracks:accuracy_horizontal></extensions>
</trkpt>
<trkpt lat="50.458371" lon="-104.546645">
<ele>556.8</ele>
<time>2026-08-29T19:02:56.477-06:00</time>
<extensions>
<gpxtpx:TrackPointExtension>
<gpxtpx:speed>5.29</gpxtpx:speed>
</gpxtpx:TrackPointExtension>
<opentracks:accuracy_horizontal>3.837</opentracks:accuracy_horizontal></extensions>
</trkpt>
<trkpt lat="50.458398" lon="-104.546438">
<ele>556.1</ele>
<time>2026-08-29T19:02:59.471-06:00</time>
<extensions>
<gpxtpx:TrackPointExtension>
<gpxtpx:speed>4.85</gpxtpx:speed>
</gpxtpx:TrackPointExtension>
<opentracks:accuracy_horizontal>3.837</opentracks:accuracy_horizontal></extensions>
</trkpt>
<trkpt lat="50.458422" lon="-104.546249">
<ele>555.8</ele>
<time>2026-08-29T19:03:02.483-06:00</time>
<extensions>
<gpxtpx:TrackPointExtension>
<gpxtpx:speed>4.59</gpxtpx:speed>
</gpxtpx:TrackPointExtension>
<opentracks:accuracy_horizontal>3.988</opentracks:accuracy_horizontal></extensions>
</trkpt>
<trkpt lat="50.458451" lon="-104.546046">
<ele>555.5</ele>
<time>2026-08-29T19:03:05.46-06:00</time>
<extensions>
<gpxtpx:TrackPointExtension>
<gpxtpx:speed>4.76</gpxtpx:speed>
</gpxtpx:TrackPointExtension>
<opentracks:accuracy_horizontal>3.847</opentracks:accuracy_horizontal></extensions>
</trkpt>
<trkpt lat="50.458484" lon="-104.545854">
<ele>556.3</ele>
<time>2026-08-29T19:03:08.467-06:00</time>
<extensions>
<gpxtpx:TrackPointExtension>
<gpxtpx:speed>4.35</gpxtpx:speed>
</gpxtpx:TrackPointExtension>
<opentracks:accuracy_horizontal>3.836</opentracks:accuracy_horizontal></extensions>
</trkpt>
<trkpt lat="50.458517" lon="-104.545648">
<ele>556.3</ele>
<time>2026-08-29T19:03:11.469-06:00</time>
<extensions>
<gpxtpx:TrackPointExtension>
<gpxtpx:speed>4.65</gpxtpx:speed>
</gpxtpx:TrackPointExtension>
<opentracks:accuracy_horizontal>3.835</opentracks:accuracy_horizontal></extensions>
</trkpt>
<trkpt lat="50.458547" lon="-104.545459">
<ele>556.9</ele>
<time>2026-08-29T19:03:14.476-06:00</time>
<extensions>
<gpxtpx:TrackPointExtension>
<gpxtpx:speed>4.24</gpxtpx:speed>
</gpxtpx:TrackPointExtension>
<opentracks:accuracy_horizontal>3.835</opentracks:accuracy_horizontal></extensions>
</trkpt>
<trkpt lat="50.458579" lon="-104.545265">
<ele>557.3</ele>
<time>2026-08-29T19:03:17.469-06:00</time>
<extensions>
<gpxtpx:TrackPointExtension>
<gpxtpx:speed>4.88</gpxtpx:speed>
</gpxtpx:TrackPointExtension>
<opentracks:accuracy_horizontal>3.914</opentracks:accuracy_horizontal></extensions>
</trkpt>
<trkpt lat="50.458599" lon="-104.545115">
<ele>556.9</ele>
<time>2026-08-29T19:03:19.459-06:00</time>
<extensions>
<gpxtpx:TrackPointExtension>
<gpxtpx:speed>4.66</gpxtpx:speed>
</gpxtpx:TrackPointExtension>
<opentracks:accuracy_horizontal>4.119</opentracks:accuracy_horizontal></extensions>
</trkpt>
<trkpt lat="50.458635" lon="-104.544932">
<ele>557.2</ele>
<time>2026-08-29T19:03:22.46-06:00</time>
<extensions>
<gpxtpx:TrackPointExtension>
<gpxtpx:speed>4.33</gpxtpx:speed>
</gpxtpx:TrackPointExtension>
<opentracks:accuracy_horizontal>3.861</opentracks:accuracy_horizontal></extensions>
</trkpt>
<trkpt lat="50.458663" lon="-104.544733">
<ele>555.9</ele>
<time>2026-08-29T19:03:25.472-06:00</time>
<extensions>
<gpxtpx:TrackPointExtension>
<gpxtpx:speed>4.51</gpxtpx:speed>
</gpxtpx:TrackPointExtension>
<opentracks:accuracy_horizontal>3.834</opentracks:accuracy_horizontal></extensions>
</trkpt>
<trkpt lat="50.458685" lon="-104.544595">
<ele>556.4</ele>
<time>2026-08-29T19:03:27.464-06:00</time>
<extensions>
<gpxtpx:TrackPointExtension>
<gpxtpx:speed>4.48</gpxtpx:speed>
</gpxtpx:TrackPointExtension>
<opentracks:accuracy_horizontal>3.833</opentracks:accuracy_horizontal></extensions>
</trkpt>
<trkpt lat="50.458727" lon="-104.544403">
<ele>557.2</ele>
<time>2026-08-29T19:03:30.481-06:00</time>
<extensions>
<gpxtpx:TrackPointExtension>
<gpxtpx:speed>4.65</gpxtpx:speed>
</gpxtpx:TrackPointExtension>
<opentracks:accuracy_horizontal>3.833</opentracks:accuracy_horizontal></extensions>
</trkpt>
<trkpt lat="50.45877" lon="-104.544208">
<ele>557.4</ele>
<time>2026-08-29T19:03:33.48-06:00</time>
<extensions>
<gpxtpx:TrackPointExtension>
<gpxtpx:speed>4.46</gpxtpx:speed>
</gpxtpx:TrackPointExtension>
<opentracks:accuracy_horizontal>3.832</opentracks:accuracy_horizontal></extensions>
</trkpt>
<trkpt lat="50.458801" lon="-104.544007">
<ele>557.6</ele>
<time>2026-08-29T19:03:36.462-06:00</time>
<extensions>
<gpxtpx:TrackPointExtension>
<gpxtpx:speed>4.73</gpxtpx:speed>
</gpxtpx:TrackPointExtension>
<opentracks:accuracy_horizontal>3.832</opentracks:accuracy_horizontal></extensions>
</trkpt>
<trkpt lat="50.458839" lon="-104.543809">
<ele>558.1</ele>
<time>2026-08-29T19:03:39.465-06:00</time>
<extensions>
<gpxtpx:TrackPointExtension>
<gpxtpx:speed>4.65</gpxtpx:speed>
</gpxtpx:TrackPointExtension>
<opentracks:accuracy_horizontal>3.832</opentracks:accuracy_horizontal></extensions>
</trkpt>
<trkpt lat="50.458865" lon="-104.543607">
<ele>558.5</ele>
<time>2026-08-29T19:03:42.469-06:00</time>
<extensions>
<gpxtpx:TrackPointExtension>
<gpxtpx:speed>4.57</gpxtpx:speed>
</gpxtpx:TrackPointExtension>
<opentracks:accuracy_horizontal>3.831</opentracks:accuracy_horizontal></extensions>
</trkpt>
<trkpt lat="50.458894" lon="-104.543406">
<ele>558.8</ele>
<time>2026-08-29T19:03:45.481-06:00</time>
<extensions>
<gpxtpx:TrackPointExtension>
<gpxtpx:speed>4.4</gpxtpx:speed>
</gpxtpx:TrackPointExtension>
<opentracks:accuracy_horizontal>3.831</opentracks:accuracy_horizontal></extensions>
</trkpt>
<trkpt lat="50.45892" lon="-104.543227">
<ele>558.4</ele>
<time>2026-08-29T19:03:48.465-06:00</time>
<extensions>
<gpxtpx:TrackPointExtension>
<gpxtpx:speed>4.57</gpxtpx:speed>
</gpxtpx:TrackPointExtension>
<opentracks:accuracy_horizontal>3.83</opentracks:accuracy_horizontal></extensions>
</trkpt>
<trkpt lat="50.458956" lon="-104.543027">
<ele>558.9</ele>
<time>2026-08-29T19:03:51.481-06:00</time>
<extensions>
<gpxtpx:TrackPointExtension>
<gpxtpx:speed>4.82</gpxtpx:speed>
</gpxtpx:TrackPointExtension>
<opentracks:accuracy_horizontal>3.919</opentracks:accuracy_horizontal></extensions>
</trkpt>
<trkpt lat="50.458996" lon="-104.542834">
<ele>559.1</ele>
<time>2026-08-29T19:03:54.476-06:00</time>
<extensions>
<gpxtpx:TrackPointExtension>
<gpxtpx:speed>4.61</gpxtpx:speed>
</gpxtpx:TrackPointExtension>
<opentracks:accuracy_horizontal>3.882</opentracks:accuracy_horizontal></extensions>
</trkpt>
<trkpt lat="50.459023" lon="-104.542691">
<ele>559.1</ele>
<time>2026-08-29T19:03:56.464-06:00</time>
<extensions>
<gpxtpx:TrackPointExtension>
<gpxtpx:speed>4.92</gpxtpx:speed>
</gpxtpx:TrackPointExtension>
<opentracks:accuracy_horizontal>3.986</opentracks:accuracy_horizontal></extensions>
</trkpt>
<trkpt lat="50.459045" lon="-104.542552">
<ele>558.9</ele>
<time>2026-08-29T19:03:58.47-06:00</time>
<extensions>
<gpxtpx:TrackPointExtension>
<gpxtpx:speed>4.73</gpxtpx:speed>
</gpxtpx:TrackPointExtension>
<opentracks:accuracy_horizontal>4.071</opentracks:accuracy_horizontal></extensions>
</trkpt>
<trkpt lat="50.459071" lon="-104.542349">
<ele>558.7</ele>
<time>2026-08-29T19:04:01.481-06:00</time>
<extensions>
<gpxtpx:TrackPointExtension>
<gpxtpx:speed>4.35</gpxtpx:speed>
</gpxtpx:TrackPointExtension>
<opentracks:accuracy_horizontal>3.865</opentracks:accuracy_horizontal></extensions>
</trkpt>
<trkpt lat="50.459106" lon="-104.542152">
<ele>559.4</ele>
<time>2026-08-29T19:04:04.471-06:00</time>
<extensions>
<gpxtpx:TrackPointExtension>
<gpxtpx:speed>4.49</gpxtpx:speed>
</gpxtpx:TrackPointExtension>
<opentracks:accuracy_horizontal>3.91</opentracks:accuracy_horizontal></extensions>
</trkpt>
<trkpt lat="50.459146" lon="-104.541966">
<ele>559.4</ele>
<time>2026-08-29T19:04:07.472-06:00</time>
<extensions>
<gpxtpx:TrackPointExtension>
<gpxtpx:speed>4.16</gpxtpx:speed>
</gpxtpx:TrackPointExtension>
<opentracks:accuracy_horizontal>4.051</opentracks:accuracy_horizontal></extensions>
</trkpt>
<trkpt lat="50.459184" lon="-104.54179">
<ele>559.9</ele>
<time>2026-08-29T19:04:10.454-06:00</time>
<extensions>
<gpxtpx:TrackPointExtension>
<gpxtpx:speed>3.83</gpxtpx:speed>
</gpxtpx:TrackPointExtension>
<opentracks:accuracy_horizontal>3.873</opentracks:accuracy_horizontal></extensions>
</trkpt>
<trkpt lat="50.459208" lon="-104.541629">
<ele>560</ele>
<time>2026-08-29T19:04:13.46-06:00</time>
<extensions>
<gpxtpx:TrackPointExtension>
<gpxtpx:speed>2.91</gpxtpx:speed>
</gpxtpx:TrackPointExtension>
<opentracks:accuracy_horizontal>3.827</opentracks:accuracy_horizontal></extensions>
</trkpt>
<trkpt lat="50.45923" lon="-104.541476">
<ele>559.9</ele>
<time>2026-08-29T19:04:17.455-06:00</time>
<extensions>
<gpxtpx:TrackPointExtension>
<gpxtpx:speed>2.85</gpxtpx:speed>
</gpxtpx:TrackPointExtension>
<opentracks:accuracy_horizontal>3.963</opentracks:accuracy_horizontal></extensions>
</trkpt>
<trkpt lat="50.459321" lon="-104.541387">
<ele>560.8</ele>
<time>2026-08-29T19:04:21.483-06:00</time>
<extensions>
<gpxtpx:TrackPointExtension>
<gpxtpx:speed>3.72</gpxtpx:speed>
</gpxtpx:TrackPointExtension>
<opentracks:accuracy_horizontal>4.166</opentracks:accuracy_horizontal></extensions>
</trkpt>
<trkpt lat="50.459438" lon="-104.541403">
<ele>559.6</ele>
<time>2026-08-29T19:04:24.468-06:00</time>
<extensions>
<gpxtpx:TrackPointExtension>
<gpxtpx:speed>3.94</gpxtpx:speed>
</gpxtpx:TrackPointExtension>
<opentracks:accuracy_horizontal>4.099</opentracks:accuracy_horizontal></extensions>
</trkpt>
<trkpt lat="50.459533" lon="-104.541468">
<ele>559.2</ele>
<time>2026-08-29T19:04:27.477-06:00</time>
<extensions>
<gpxtpx:TrackPointExtension>
<gpxtpx:speed>3.53</gpxtpx:speed>
</gpxtpx:TrackPointExtension>
<opentracks:accuracy_horizontal>4.062</opentracks:accuracy_horizontal></extensions>
</trkpt>
<trkpt lat="50.45962" lon="-104.541518">
<ele>559.8</ele>
<time>2026-08-29T19:04:30.467-06:00</time>
<extensions>
<gpxtpx:TrackPointExtension>
<gpxtpx:speed>3.61</gpxtpx:speed>
</gpxtpx:TrackPointExtension>
<opentracks:accuracy_horizontal>3.828</opentracks:accuracy_horizontal></extensions>
</trkpt>
<trkpt lat="50.459727" lon="-104.541556">
<ele>560.2</ele>
<time>2026-08-29T19:04:33.45-06:00</time>
<extensions>
<gpxtpx:TrackPointExtension>
<gpxtpx:speed>4.14</gpxtpx:speed>
</gpxtpx:TrackPointExtension>
<opentracks:accuracy_horizontal>3.824</opentracks:accuracy_horizontal></extensions>
</trkpt>
<trkpt lat="50.459857" lon="-104.541598">
<ele>559.7</ele>
<time>2026-08-29T19:04:36.488-06:00</time>
<extensions>
<gpxtpx:TrackPointExtension>
<gpxtpx:speed>4.8</gpxtpx:speed>
</gpxtpx:TrackPointExtension>
<opentracks:accuracy_horizontal>3.929</opentracks:accuracy_horizontal></extensions>
</trkpt>
<trkpt lat="50.459978" lon="-104.541622">
<ele>560.1</ele>
<time>2026-08-29T19:04:39.466-06:00</time>
<extensions>
<gpxtpx:TrackPointExtension>
<gpxtpx:speed>4.92</gpxtpx:speed>
</gpxtpx:TrackPointExtension>
<opentracks:accuracy_horizontal>3.92</opentracks:accuracy_horizontal></extensions>
</trkpt>
<trkpt lat="50.460069" lon="-104.54165">
<ele>560.5</ele>
<time>2026-08-29T19:04:41.482-06:00</time>
<extensions>
<gpxtpx:TrackPointExtension>
<gpxtpx:speed>5.09</gpxtpx:speed>
</gpxtpx:TrackPointExtension>
<opentracks:accuracy_horizontal>4.027</opentracks:accuracy_horizontal></extensions>
</trkpt>
<trkpt lat="50.460162" lon="-104.541681">
<ele>560.3</ele>
<time>2026-08-29T19:04:43.465-06:00</time>
<extensions>
<gpxtpx:TrackPointExtension>
<gpxtpx:speed>4.63</gpxtpx:speed>
</gpxtpx:TrackPointExtension>
<opentracks:accuracy_horizontal>4.101</opentracks:accuracy_horizontal></extensions>
</trkpt>
<trkpt lat="50.460287" lon="-104.541714">
<ele>560</ele>
<time>2026-08-29T19:04:46.469-06:00</time>
<extensions>
<gpxtpx:TrackPointExtension>
<gpxtpx:speed>4.82</gpxtpx:speed>
</gpxtpx:TrackPointExtension>
<opentracks:accuracy_horizontal>3.834</opentracks:accuracy_horizontal></extensions>
</trkpt>
<trkpt lat="50.460377" lon="-104.541732">
<ele>560.2</ele>
<time>2026-08-29T19:04:48.464-06:00</time>
<extensions>
<gpxtpx:TrackPointExtension>
<gpxtpx:speed>5.13</gpxtpx:speed>
</gpxtpx:TrackPointExtension>
<opentracks:accuracy_horizontal>3.873</opentracks:accuracy_horizontal></extensions>
</trkpt>
<trkpt lat="50.460467" lon="-104.541739">
<ele>560.3</ele>
<time>2026-08-29T19:04:50.487-06:00</time>
<extensions>
<gpxtpx:TrackPointExtension>
<gpxtpx:speed>4.71</gpxtpx:speed>
</gpxtpx:TrackPointExtension>
<opentracks:accuracy_horizontal>3.889</opentracks:accuracy_horizontal></extensions>
</trkpt>
<trkpt lat="50.46059" lon="-104.541727">
<ele>561</ele>
<time>2026-08-29T19:04:53.473-06:00</time>
<extensions>
<gpxtpx:TrackPointExtension>
<gpxtpx:speed>4.93</gpxtpx:speed>
</gpxtpx:TrackPointExtension>
<opentracks:accuracy_horizontal>3.883</opentracks:accuracy_horizontal></extensions>
</trkpt>
<trkpt lat="50.460688" lon="-104.54172">
<ele>561.3</ele>
<time>2026-08-29T19:04:55.461-06:00</time>
<extensions>
<gpxtpx:TrackPointExtension>
<gpxtpx:speed>5.24</gpxtpx:speed>
</gpxtpx:TrackPointExtension>
<opentracks:accuracy_horizontal>4.011</opentracks:accuracy_horizontal></extensions>
</trkpt>
<trkpt lat="50.460795" lon="-104.541721">
<ele>561.6</ele>
<time>2026-08-29T19:04:57.485-06:00</time>
<extensions>
<gpxtpx:TrackPointExtension>
<gpxtpx:speed>5.12</gpxtpx:speed>
</gpxtpx:TrackPointExtension>
<opentracks:accuracy_horizontal>3.979</opentracks:accuracy_horizontal></extensions>
</trkpt>
<trkpt lat="50.460924" lon="-104.541717">
<ele>561.4</ele>
<time>2026-08-29T19:05:00.473-06:00</time>
<extensions>
<gpxtpx:TrackPointExtension>
<gpxtpx:speed>4.44</gpxtpx:speed>
</gpxtpx:TrackPointExtension>
<opentracks:accuracy_horizontal>3.836</opentracks:accuracy_horizontal></extensions>
</trkpt>
<trkpt lat="50.461054" lon="-104.54171">
<ele>561.4</ele>
<time>2026-08-29T19:05:03.469-06:00</time>
<extensions>
<gpxtpx:TrackPointExtension>
<gpxtpx:speed>4.91</gpxtpx:speed>
</gpxtpx:TrackPointExtension>
<opentracks:accuracy_horizontal>3.961</opentracks:accuracy_horizontal></extensions>
</trkpt>
<trkpt lat="50.461149" lon="-104.541713">
<ele>561</ele>
<time>2026-08-29T19:05:05.478-06:00</time>
<extensions>
<gpxtpx:TrackPointExtension>
<gpxtpx:speed>4.88</gpxtpx:speed>
</gpxtpx:TrackPointExtension>
<opentracks:accuracy_horizontal>4.044</opentracks:accuracy_horizontal></extensions>
</trkpt>
<trkpt lat="50.46124" lon="-104.541716">
<ele>560.7</ele>
<time>2026-08-29T19:05:07.465-06:00</time>
<extensions>
<gpxtpx:TrackPointExtension>
<gpxtpx:speed>4.51</gpxtpx:speed>
</gpxtpx:TrackPointExtension>
<opentracks:accuracy_horizontal>4.031</opentracks:accuracy_horizontal></extensions>
</trkpt>
<trkpt lat="50.461372" lon="-104.541706">
<ele>561.4</ele>
<time>2026-08-29T19:05:10.474-06:00</time>
<extensions>
<gpxtpx:TrackPointExtension>
<gpxtpx:speed>5</gpxtpx:speed>
</gpxtpx:TrackPointExtension>
<opentracks:accuracy_horizontal>3.838</opentracks:accuracy_horizontal></extensions>
</trkpt>
<trkpt lat="50.461469" lon="-104.54171">
<ele>561.3</ele>
<time>2026-08-29T19:05:12.471-06:00</time>
<extensions>
<gpxtpx:TrackPointExtension>
<gpxtpx:speed>5.44</gpxtpx:speed>
</gpxtpx:TrackPointExtension>
<opentracks:accuracy_horizontal>3.933</opentracks:accuracy_horizontal></extensions>
</trkpt>
<trkpt lat="50.461577" lon="-104.541718">
<ele>561.4</ele>
<time>2026-08-29T19:05:14.47-06:00</time>
<extensions>
<gpxtpx:TrackPointExtension>
<gpxtpx:speed>5.31</gpxtpx:speed>
</gpxtpx:TrackPointExtension>
<opentracks:accuracy_horizontal>4.084</opentracks:accuracy_horizontal></extensions>
</trkpt>
<trkpt lat="50.461676" lon="-104.541707">
<ele>560.6</ele>
<time>2026-08-29T19:05:16.48-06:00</time>
<extensions>
<gpxtpx:TrackPointExtension>
<gpxtpx:speed>5.4</gpxtpx:speed>
</gpxtpx:TrackPointExtension>
<opentracks:accuracy_horizontal>4.014</opentracks:accuracy_horizontal></extensions>
</trkpt>
<trkpt lat="50.461778" lon="-104.541697">
<ele>560.8</ele>
<time>2026-08-29T19:05:18.466-06:00</time>
<extensions>
<gpxtpx:TrackPointExtension>
<gpxtpx:speed>4.96</gpxtpx:speed>
</gpxtpx:TrackPointExtension>
<opentracks:accuracy_horizontal>3.999</opentracks:accuracy_horizontal></extensions>
</trkpt>
<trkpt lat="50.461903" lon="-104.541691">
<ele>561.4</ele>
<time>2026-08-29T19:05:21.465-06:00</time>
<extensions>
<gpxtpx:TrackPointExtension>
<gpxtpx:speed>5.26</gpxtpx:speed>
</gpxtpx:TrackPointExtension>
<opentracks:accuracy_horizontal>4.053</opentracks:accuracy_horizontal></extensions>
</trkpt>
<trkpt lat="50.462011" lon="-104.541679">
<ele>561.4</ele>
<time>2026-08-29T19:05:23.47-06:00</time>
<extensions>
<gpxtpx:TrackPointExtension>
<gpxtpx:speed>5.71</gpxtpx:speed>
</gpxtpx:TrackPointExtension>
<opentracks:accuracy_horizontal>3.963</opentracks:accuracy_horizontal></extensions>
</trkpt>
<trkpt lat="50.462123" lon="-104.541698">
<ele>561.5</ele>
<time>2026-08-29T19:05:25.472-06:00</time>
<extensions>
<gpxtpx:TrackPointExtension>
<gpxtpx:speed>5.98</gpxtpx:speed>
</gpxtpx:TrackPointExtension>
<opentracks:accuracy_horizontal>3.904</opentracks:accuracy_horizontal></extensions>
</trkpt>
<trkpt lat="50.462247" lon="-104.541708">
<ele>561.2</ele>
<time>2026-08-29T19:05:27.452-06:00</time>
<extensions>
<gpxtpx:TrackPointExtension>
<gpxtpx:speed>7.02</gpxtpx:speed>
</gpxtpx:TrackPointExtension>
<opentracks:accuracy_horizontal>3.943</opentracks:accuracy_horizontal></extensions>
</trkpt>
<trkpt lat="50.462375" lon="-104.541719">
<ele>560.8</ele>
<time>2026-08-29T19:05:29.473-06:00</time>
<extensions>
<gpxtpx:TrackPointExtension>
<gpxtpx:speed>6.56</gpxtpx:speed>
</gpxtpx:TrackPointExtension>
<opentracks:accuracy_horizontal>3.885</opentracks:accuracy_horizontal></extensions>
</trkpt>
<trkpt lat="50.462486" lon="-104.541726">
<ele>559.8</ele>
<time>2026-08-29T19:05:31.461-06:00</time>
<extensions>
<gpxtpx:TrackPointExtension>
<gpxtpx:speed>6.53</gpxtpx:speed>
</gpxtpx:TrackPointExtension>
<opentracks:accuracy_horizontal>3.944</opentracks:accuracy_horizontal></extensions>
</trkpt>
<trkpt lat="50.462616" lon="-104.541777">
<ele>559.6</ele>
<time>2026-08-29T19:05:33.471-06:00</time>
<extensions>
<gpxtpx:TrackPointExtension>
<gpxtpx:speed>6.82</gpxtpx:speed>
</gpxtpx:TrackPointExtension>
<opentracks:accuracy_horizontal>3.835</opentracks:accuracy_horizontal></extensions>
</trkpt>
<trkpt lat="50.462732" lon="-104.541833">
<ele>560.3</ele>
<time>2026-08-29T19:05:35.475-06:00</time>
<extensions>
<gpxtpx:TrackPointExtension>
<gpxtpx:speed>5.52</gpxtpx:speed>
</gpxtpx:TrackPointExtension>
<opentracks:accuracy_horizontal>3.815</opentracks:accuracy_horizontal></extensions>
</trkpt>
<trkpt lat="50.462824" lon="-104.541852">
<ele>560.2</ele>
<time>2026-08-29T19:05:37.467-06:00</time>
<extensions>
<gpxtpx:TrackPointExtension>
<gpxtpx:speed>5.09</gpxtpx:speed>
</gpxtpx:TrackPointExtension>
<opentracks:accuracy_horizontal>3.815</opentracks:accuracy_horizontal></extensions>
</trkpt>
<trkpt lat="50.462918" lon="-104.541886">
<ele>559.8</ele>
<time>2026-08-29T19:05:39.472-06:00</time>
<extensions>
<gpxtpx:TrackPointExtension>
<gpxtpx:speed>5.1</gpxtpx:speed>
</gpxtpx:TrackPointExtension>
<opentracks:accuracy_horizontal>3.871</opentracks:accuracy_horizontal></extensions>
</trkpt>
<trkpt lat="50.463006" lon="-104.541945">
<ele>560.2</ele>
<time>2026-08-29T19:05:41.462-06:00</time>
<extensions>
<gpxtpx:TrackPointExtension>
<gpxtpx:speed>5.03</gpxtpx:speed>
</gpxtpx:TrackPointExtension>
<opentracks:accuracy_horizontal>3.935</opentracks:accuracy_horizontal></extensions>
</trkpt>
<trkpt lat="50.463132" lon="-104.542019">
<ele>561.2</ele>
<time>2026-08-29T19:05:44.468-06:00</time>
<extensions>
<gpxtpx:TrackPointExtension>
<gpxtpx:speed>4.48</gpxtpx:speed>
</gpxtpx:TrackPointExtension>
<opentracks:accuracy_horizontal>3.938</opentracks:accuracy_horizontal></extensions>
</trkpt>
<trkpt lat="50.463233" lon="-104.542069">
<ele>561.7</ele>
<time>2026-08-29T19:05:47.482-06:00</time>
<extensions>
<gpxtpx:TrackPointExtension>
<gpxtpx:speed>3.75</gpxtpx:speed>
</gpxtpx:TrackPointExtension>
<opentracks:accuracy_horizontal>3.856</opentracks:accuracy_horizontal></extensions>
</trkpt>
<trkpt lat="50.463327" lon="-104.542072">
<ele>562.6</ele>
<time>2026-08-29T19:05:50.472-06:00</time>
<extensions>
<gpxtpx:TrackPointExtension>
<gpxtpx:speed>3.58</gpxtpx:speed>
</gpxtpx:TrackPointExtension>
<opentracks:accuracy_horizontal>4.129</opentracks:accuracy_horizontal></extensions>
</trkpt>
<trkpt lat="50.463402" lon="-104.541925">
<ele>562</ele>
<time>2026-08-29T19:05:53.483-06:00</time>
<extensions>
<gpxtpx:TrackPointExtension>
<gpxtpx:speed>4.82</gpxtpx:speed>
</gpxtpx:TrackPointExtension>
<opentracks:accuracy_horizontal>4.254</opentracks:accuracy_horizontal></extensions>
</trkpt>
<trkpt lat="50.463425" lon="-104.54175">
<ele>561.1</ele>
<time>2026-08-29T19:05:55.468-06:00</time>
<extensions>
<gpxtpx:TrackPointExtension>
<gpxtpx:speed>4.75</gpxtpx:speed>
</gpxtpx:TrackPointExtension>
<opentracks:accuracy_horizontal>4.075</opentracks:accuracy_horizontal></extensions>
</trkpt>
<trkpt lat="50.463457" lon="-104.541565">
<ele>561.4</ele>
<time>2026-08-29T19:05:58.471-06:00</time>
<extensions>
<gpxtpx:TrackPointExtension>
<gpxtpx:speed>4.02</gpxtpx:speed>
</gpxtpx:TrackPointExtension>
<opentracks:accuracy_horizontal>3.919</opentracks:accuracy_horizontal></extensions>
</trkpt>
<trkpt lat="50.463501" lon="-104.541382">
<ele>561.2</ele>
<time>2026-08-29T19:06:01.47-06:00</time>
<extensions>
<gpxtpx:TrackPointExtension>
<gpxtpx:speed>4.03</gpxtpx:speed>
</gpxtpx:TrackPointExtension>
<opentracks:accuracy_horizontal>3.812</opentracks:accuracy_horizontal></extensions>
</trkpt>
<trkpt lat="50.463542" lon="-104.541198">
<ele>561.1</ele>
<time>2026-08-29T19:06:04.475-06:00</time>
<extensions>
<gpxtpx:TrackPointExtension>
<gpxtpx:speed>4.37</gpxtpx:speed>
</gpxtpx:TrackPointExtension>
<opentracks:accuracy_horizontal>3.883</opentracks:accuracy_horizontal></extensions>
</trkpt>
<trkpt lat="50.463581" lon="-104.541029">
<ele>561.6</ele>
<time>2026-08-29T19:06:07.486-06:00</time>
<extensions>
<gpxtpx:TrackPointExtension>
<gpxtpx:speed>4.53</gpxtpx:speed>
</gpxtpx:TrackPointExtension>
<opentracks:accuracy_horizontal>3.811</opentracks:accuracy_horizontal></extensions>
</trkpt>
<trkpt lat="50.463606" lon="-104.540877">
<ele>561.6</ele>
<time>2026-08-29T19:06:09.468-06:00</time>
<extensions>
<gpxtpx:TrackPointExtension>
<gpxtpx:speed>4.85</gpxtpx:speed>
</gpxtpx:TrackPointExtension>
<opentracks:accuracy_horizontal>3.81</opentracks:accuracy_horizontal></extensions>
</trkpt>
<trkpt lat="50.463612" lon="-104.540733">
<ele>561.1</ele>
<time>2026-08-29T19:06:11.478-06:00</time>
<extensions>
<gpxtpx:TrackPointExtension>
<gpxtpx:speed>4.31</gpxtpx:speed>
</gpxtpx:TrackPointExtension>
<opentracks:accuracy_horizontal>3.823</opentracks:accuracy_horizontal></extensions>
</trkpt>
<trkpt lat="50.463632" lon="-104.54054">
<ele>561.7</ele>
<time>2026-08-29T19:06:14.463-06:00</time>
<extensions>
<gpxtpx:TrackPointExtension>
<gpxtpx:speed>4.86</gpxtpx:speed>
</gpxtpx:TrackPointExtension>
<opentracks:accuracy_horizontal>3.632</opentracks:accuracy_horizontal></extensions>
</trkpt>
<trkpt lat="50.463638" lon="-104.540393">
<ele>561.4</ele>
<time>2026-08-29T19:06:16.471-06:00</time>
<extensions>
<gpxtpx:TrackPointExtension>
<gpxtpx:speed>4.69</gpxtpx:speed>
</gpxtpx:TrackPointExtension>
<opentracks:accuracy_horizontal>3.809</opentracks:accuracy_horizontal></extensions>
</trkpt>
<trkpt lat="50.463625" lon="-104.540253">
<ele>560</ele>
<time>2026-08-29T19:06:18.479-06:00</time>
<extensions>
<gpxtpx:TrackPointExtension>
<gpxtpx:speed>4.38</gpxtpx:speed>
</gpxtpx:TrackPointExtension>
<opentracks:accuracy_horizontal>3.809</opentracks:accuracy_horizontal></extensions>
</trkpt>
<trkpt lat="50.463597" lon="-104.540114">
<ele>560.6</ele>
<time>2026-08-29T19:06:20.448-06:00</time>
<extensions>
<gpxtpx:TrackPointExtension>
<gpxtpx:speed>5.12</gpxtpx:speed>
</gpxtpx:TrackPointExtension>
<opentracks:accuracy_horizontal>3.809</opentracks:accuracy_horizontal></extensions>
</trkpt>
<trkpt lat="50.463566" lon="-104.539973">
<ele>561.2</ele>
<time>2026-08-29T19:06:22.469-06:00</time>
<extensions>
<gpxtpx:TrackPointExtension>
<gpxtpx:speed>5.22</gpxtpx:speed>
</gpxtpx:TrackPointExtension>
<opentracks:accuracy_horizontal>3.947</opentracks:accuracy_horizontal></extensions>
</trkpt>
<trkpt lat="50.463517" lon="-104.539786">
<ele>559.6</ele>
<time>2026-08-29T19:06:25.462-06:00</time>
<extensions>
<gpxtpx:TrackPointExtension>
<gpxtpx:speed>4.6</gpxtpx:speed>
</gpxtpx:TrackPointExtension>
<opentracks:accuracy_horizontal>3.808</opentracks:accuracy_horizontal></extensions>
</trkpt>
<trkpt lat="50.463473" lon="-104.539608">
<ele>558.8</ele>
<time>2026-08-29T19:06:28.48-06:00</time>
<extensions>
<gpxtpx:TrackPointExtension>
<gpxtpx:speed>3.74</gpxtpx:speed>
</gpxtpx:TrackPointExtension>
<opentracks:accuracy_horizontal>3.808</opentracks:accuracy_horizontal></extensions>
</trkpt>
<trkpt lat="50.463573" lon="-104.539485">
<ele>559.1</ele>
<time>2026-08-29T19:06:32.471-06:00</time>
<extensions>
<gpxtpx:TrackPointExtension>
<gpxtpx:speed>4.17</gpxtpx:speed>
</gpxtpx:TrackPointExtension>
<opentracks:accuracy_horizontal>4.024</opentracks:accuracy_horizontal></extensions>
</trkpt>
<trkpt lat="50.463676" lon="-104.539407">
<ele>559.6</ele>
<time>2026-08-29T19:06:35.46-06:00</time>
<extensions>
<gpxtpx:TrackPointExtension>
<gpxtpx:speed>3.85</gpxtpx:speed>
</gpxtpx:TrackPointExtension>
<opentracks:accuracy_horizontal>4.098</opentracks:accuracy_horizontal></extensions>
</trkpt>
<trkpt lat="50.463773" lon="-104.53934">
<ele>560.8</ele>
<time>2026-08-29T19:06:38.492-06:00</time>
<extensions>
<gpxtpx:TrackPointExtension>
<gpxtpx:speed>3.72</gpxtpx:speed>
</gpxtpx:TrackPointExtension>
<opentracks:accuracy_horizontal>4.361</opentracks:accuracy_horizontal></extensions>
</trkpt>
<trkpt lat="50.463869" lon="-104.539262">
<ele>562</ele>
<time>2026-08-29T19:06:41.457-06:00</time>
<extensions>
<gpxtpx:TrackPointExtension>
<gpxtpx:speed>3.49</gpxtpx:speed>
</gpxtpx:TrackPointExtension>
<opentracks:accuracy_horizontal>4.136</opentracks:accuracy_horizontal></extensions>
</trkpt>
<trkpt lat="50.463973" lon="-104.539181">
<ele>562</ele>
<time>2026-08-29T19:06:44.465-06:00</time>
<extensions>
<gpxtpx:TrackPointExtension>
<gpxtpx:speed>3.99</gpxtpx:speed>
</gpxtpx:TrackPointExtension>
<opentracks:accuracy_horizontal>4.076</opentracks:accuracy_horizontal></extensions>
</trkpt>
<trkpt lat="50.464076" lon="-104.539077">
<ele>561.4</ele>
<time>2026-08-29T19:06:47.465-06:00</time>
<extensions>
<gpxtpx:TrackPointExtension>
<gpxtpx:speed>4.01</gpxtpx:speed>
</gpxtpx:TrackPointExtension>
<opentracks:accuracy_horizontal>4.336</opentracks:accuracy_horizontal></extensions>
</trkpt>
<trkpt lat="50.464179" lon="-104.538999">
<ele>561.7</ele>
<time>2026-08-29T19:06:50.488-06:00</time>
<extensions>
<gpxtpx:TrackPointExtension>
<gpxtpx:speed>3.53</gpxtpx:speed>
</gpxtpx:TrackPointExtension>
<opentracks:accuracy_horizontal>4.324</opentracks:accuracy_horizontal></extensions>
</trkpt>
<trkpt lat="50.464274" lon="-104.538916">
<ele>560.5</ele>
<time>2026-08-29T19:06:53.494-06:00</time>
<extensions>
<gpxtpx:TrackPointExtension>
<gpxtpx:speed>3.35</gpxtpx:speed>
</gpxtpx:TrackPointExtension>
<opentracks:accuracy_horizontal>4.261</opentracks:accuracy_horizontal></extensions>
</trkpt>
<trkpt lat="50.464366" lon="-104.538821">
<ele>559.7</ele>
<time>2026-08-29T19:06:56.479-06:00</time>
<extensions>
<gpxtpx:TrackPointExtension>
<gpxtpx:speed>3.44</gpxtpx:speed>
</gpxtpx:TrackPointExtension>
<opentracks:accuracy_horizontal>4.273</opentracks:accuracy_horizontal></extensions>
</trkpt>
<trkpt lat="50.464456" lon="-104.538736">
<ele>559.6</ele>
<time>2026-08-29T19:06:59.474-06:00</time>
<extensions>
<gpxtpx:TrackPointExtension>
<gpxtpx:speed>3.62</gpxtpx:speed>
</gpxtpx:TrackPointExtension>
<opentracks:accuracy_horizontal>4.248</opentracks:accuracy_horizontal></extensions>
</trkpt>
<trkpt lat="50.464543" lon="-104.538603">
<ele>561.3</ele>
<time>2026-08-29T19:07:02.476-06:00</time>
<extensions>
<gpxtpx:TrackPointExtension>
<gpxtpx:speed>3.98</gpxtpx:speed>
</gpxtpx:TrackPointExtension>
<opentracks:accuracy_horizontal>4.13</opentracks:accuracy_horizontal></extensions>
</trkpt>
<trkpt lat="50.46459" lon="-104.538483">
<ele>561.9</ele>
<time>2026-08-29T19:07:04.47-06:00</time>
<extensions>
<gpxtpx:TrackPointExtension>
<gpxtpx:speed>3.55</gpxtpx:speed>
</gpxtpx:TrackPointExtension>
<opentracks:accuracy_horizontal>3.994</opentracks:accuracy_horizontal></extensions>
</trkpt>
<trkpt lat="50.464635" lon="-104.538306">
<ele>561.6</ele>
<time>2026-08-29T19:07:07.472-06:00</time>
<extensions>
<gpxtpx:TrackPointExtension>
<gpxtpx:speed>3.78</gpxtpx:speed>
</gpxtpx:TrackPointExtension>
<opentracks:accuracy_horizontal>3.95</opentracks:accuracy_horizontal></extensions>
</trkpt>
<trkpt lat="50.464689" lon="-104.538144">
<ele>562</ele>
<time>2026-08-29T19:07:10.484-06:00</time>
<extensions>
<gpxtpx:TrackPointExtension>
<gpxtpx:speed>3.96</gpxtpx:speed>
</gpxtpx:TrackPointExtension>
<opentracks:accuracy_horizontal>3.878</opentracks:accuracy_horizontal></extensions>
</trkpt>
<trkpt lat="50.464737" lon="-104.537968">
<ele>562.5</ele>
<time>2026-08-29T19:07:13.466-06:00</time>
<extensions>
<gpxtpx:TrackPointExtension>
<gpxtpx:speed>4.18</gpxtpx:speed>
</gpxtpx:TrackPointExtension>
<opentracks:accuracy_horizontal>3.801</opentracks:accuracy_horizontal></extensions>
</trkpt>
<trkpt lat="50.46478" lon="-104.537817">
<ele>561.8</ele>
<time>2026-08-29T19:07:16.467-06:00</time>
<extensions>
<gpxtpx:TrackPointExtension>
<gpxtpx:speed>3.9</gpxtpx:speed>
</gpxtpx:TrackPointExtension>
<opentracks:accuracy_horizontal>3.87</opentracks:accuracy_horizontal></extensions>
</trkpt>
<trkpt lat="50.464822" lon="-104.537665">
<ele>561.9</ele>
<time>2026-08-29T19:07:19.456-06:00</time>
<extensions>
<gpxtpx:TrackPointExtension>
<gpxtpx:speed>3.63</gpxtpx:speed>
</gpxtpx:TrackPointExtension>
<opentracks:accuracy_horizontal>3.976</opentracks:accuracy_horizontal></extensions>
</trkpt>
<trkpt lat="50.464861" lon="-104.537513">
<ele>562.9</ele>
<time>2026-08-29T19:07:22.467-06:00</time>
<extensions>
<gpxtpx:TrackPointExtension>
<gpxtpx:speed>3.39</gpxtpx:speed>
</gpxtpx:TrackPointExtension>
<opentracks:accuracy_horizontal>4.112</opentracks:accuracy_horizontal></extensions>
</trkpt>
<trkpt lat="50.464889" lon="-104.537366">
<ele>563.6</ele>
<time>2026-08-29T19:07:25.476-06:00</time>
<extensions>
<gpxtpx:TrackPointExtension>
<gpxtpx:speed>2.94</gpxtpx:speed>
</gpxtpx:TrackPointExtension>
<opentracks:accuracy_horizontal>3.821</opentracks:accuracy_horizontal></extensions>
</trkpt>
<trkpt lat="50.464914" lon="-104.537212">
<ele>564.1</ele>
<time>2026-08-29T19:07:30.477-06:00</time>
<extensions>
<gpxtpx:TrackPointExtension>
<gpxtpx:speed>1.76</gpxtpx:speed>
</gpxtpx:TrackPointExtension>
<opentracks:accuracy_horizontal>3.824</opentracks:accuracy_horizontal></extensions>
</trkpt>
<trkpt lat="50.464964" lon="-104.537084">
<ele>562.4</ele>
<time>2026-08-29T19:07:37.451-06:00</time>
<extensions>
<gpxtpx:TrackPointExtension>
<gpxtpx:speed>0.9</gpxtpx:speed>
</gpxtpx:TrackPointExtension>
<opentracks:accuracy_horizontal>3.822</opentracks:accuracy_horizontal></extensions>
</trkpt>
<trkpt lat="50.465028" lon="-104.537102">
<ele>561.4</ele>
<time>2026-08-29T19:07:46.466-06:00</time>
<extensions>
<gpxtpx:TrackPointExtension>
<gpxtpx:speed>0</gpxtpx:speed>
</gpxtpx:TrackPointExtension>
<opentracks:accuracy_horizontal>3.796</opentracks:accuracy_horizontal></extensions>
</trkpt>
<trkpt lat="50.465103" lon="-104.537107">
<ele>558</ele>
<time>2026-08-29T19:09:57.451-06:00</time>
<extensions>
<gpxtpx:TrackPointExtension>
<gpxtpx:speed>0</gpxtpx:speed>
</gpxtpx:TrackPointExtension>
<opentracks:accuracy_horizontal>4.035</opentracks:accuracy_horizontal></extensions>
</trkpt>
</trkseg>
</trk>
</gpx>
