<?xml version="1.0" encoding="UTF-8"?>
<gpx
version="1.1"
creator="OpenTracks"
xmlns="http://www.topografix.com/GPX/1/1"
xmlns:topografix="http://www.topografix.com/GPX/Private/TopoGrafix/0/1"
xmlns:xsi="http://www.w3.org/2001/XMLSchema-instance"
xmlns:opentracks="http://opentracksapp.com/xmlschemas/v1"
xmlns:gpxtpx="http://www.garmin.com/xmlschemas/TrackPointExtension/v2"
xmlns:gpxtrkx="http://www.garmin.com/xmlschemas/TrackStatsExtension/v1"
xmlns:cluetrust="http://www.cluetrust.com/Schemas/"
xmlns:pwr="http://www.garmin.com/xmlschemas/PowerExtension/v1"
xsi:schemaLocation="http://www.topografix.com/GPX/1/1 http://www.topografix.com/GPX/1/1/gpx.xsd http://www.topografix.com/GPX/Private/TopoGrafix/0/1 http://www.topografix.com/GPX/Private/TopoGrafix/0/1/topografix.xsd http://www.garmin.com/xmlschemas/TrackPointExtension/v2 https://www8.garmin.com/xmlschemas/TrackPointExtensionv2.xsd http://www.garmin.com/xmlschemas/PowerExtension/v1 https://www8.garmin.com/xmlschemas/PowerExtensionv1.xsd http://www.garmin.com/xmlschemas/TrackStatsExtension/v1 https://www8.garmin.com/xmlschemas/TrackStatsExtension.xsd http://www.cluetrust.com/Schemas https://www.cluetrust.com/Schemas/gpxdata10.xsd http://opentracksapp.com/xmlschemas/v1 http://opentracksapp.com/xmlschemas/OpenTracks_v1.xsd">
<trk>
<name><![CDATA[2026-08-25T06:00-06]]></name>
<desc><![CDATA[]]></desc>
<type><![CDATA[cycling]]></type>
<extensions>
<topografix:color>c0c0c0</topografix:color>
<opentracks:trackid>70fadaa8-43f0-49da-bd2a-cd682e02d824</opentracks:trackid>
<opentracks:typeTranslated><![CDATA[cycling]]></opentracks:typeTranslated>
<gpxtrkx:TrackStatsExtension>
<gpxtrkx:Distance>25558.47265625</gpxtrkx:Distance>
<gpxtrkx:TimerTime>5379</gpxtrkx:TimerTime>
<gpxtrkx:MovingTime>4733</gpxtrkx:MovingTime>
<gpxtrkx:StoppedTime>646</gpxtrkx:StoppedTime>
<gpxtrkx:MaxSpeed>10.601054191589355</gpxtrkx:MaxSpeed>
</gpxtrkx:TrackStatsExtension>
</extensions>
<trkseg>
<trkpt lat="50.465222" lon="-104.537026">
<ele>564.1</ele>
<time>2026-08-25T06:01:08.376-06:00</time>
<extensions>
<gpxtpx:TrackPointExtension>
<gpxtpx:speed>0</gpxtpx:speed>
</gpxtpx:TrackPointExtension>
<opentracks:accuracy_horizontal>11.862</opentracks:accuracy_horizontal></extensions>
</trkpt>
<trkpt lat="50.465221" lon="-104.537009">
<ele>564</ele>
<time>2026-08-25T06:01:17.545-06:00</time>
<extensions>
<gpxtpx:TrackPointExtension>
<gpxtpx:speed>0</gpxtpx:speed>
</gpxtpx:TrackPointExtension>
<opentracks:accuracy_horizontal>8.415</opentracks:accuracy_horizontal></extensions>
</trkpt>
<trkpt lat="50.465132" lon="-104.537033">
<ele>558.7</ele>
<time>2026-08-25T06:03:16.53-06:00</time>
<extensions>
<gpxtpx:TrackPointExtension>
<gpxtpx:speed>0</gpxtpx:speed>
</gpxtpx:TrackPointExtension>
<opentracks:accuracy_horizontal>5.575</opentracks:accuracy_horizontal></extensions>
</trkpt>
<trkpt lat="50.465121" lon="-104.537013">
<ele>558.8</ele>
<time>2026-08-25T06:03:26.547-06:00</time>
<extensions>
<gpxtpx:TrackPointExtension>
<gpxtpx:speed>0</gpxtpx:speed>
</gpxtpx:TrackPointExtension>
<opentracks:accuracy_horizontal>5.496</opentracks:accuracy_horizontal></extensions>
</trkpt>
<trkpt lat="50.465028" lon="-104.537037">
<ele>553.4</ele>
<time>2026-08-25T06:05:43.482-06:00</time>
<extensions>
<gpxtpx:TrackPointExtension>
<gpxtpx:speed>0.8</gpxtpx:speed>
</gpxtpx:TrackPointExtension>
<opentracks:accuracy_horizontal>5.618</opentracks:accuracy_horizontal></extensions>
</trkpt>
<trkpt lat="50.464988" lon="-104.537014">
<ele>555.3</ele>
<time>2026-08-25T06:05:52.501-06:00</time>
<extensions>
<gpxtpx:TrackPointExtension>
<gpxtpx:speed>0.18</gpxtpx:speed>
</gpxtpx:TrackPointExtension>
<opentracks:accuracy_horizontal>6.201</opentracks:accuracy_horizontal></extensions>
</trkpt>
<trkpt lat="50.464979" lon="-104.536846">
<ele>560.6</ele>
<time>2026-08-25T06:08:06.498-06:00</time>
<extensions>
<gpxtpx:TrackPointExtension>
<gpxtpx:speed>1.8</gpxtpx:speed>
</gpxtpx:TrackPointExtension>
<opentracks:accuracy_horizontal>4.578</opentracks:accuracy_horizontal></extensions>
</trkpt>
<trkpt lat="50.464928" lon="-104.536722">
<ele>560.6</ele>
<time>2026-08-25T06:08:11.488-06:00</time>
<extensions>
<gpxtpx:TrackPointExtension>
<gpxtpx:speed>1.94</gpxtpx:speed>
</gpxtpx:TrackPointExtension>
<opentracks:accuracy_horizontal>4.075</opentracks:accuracy_horizontal></extensions>
</trkpt>
<trkpt lat="50.464826" lon="-104.536658">
<ele>560.7</ele>
<time>2026-08-25T06:08:15.497-06:00</time>
<extensions>
<gpxtpx:TrackPointExtension>
<gpxtpx:speed>2.36</gpxtpx:speed>
</gpxtpx:TrackPointExtension>
<opentracks:accuracy_horizontal>4.04</opentracks:accuracy_horizontal></extensions>
</trkpt>
<trkpt lat="50.464702" lon="-104.536616">
<ele>560.4</ele>
<time>2026-08-25T06:08:19.476-06:00</time>
<extensions>
<gpxtpx:TrackPointExtension>
<gpxtpx:speed>2.74</gpxtpx:speed>
</gpxtpx:TrackPointExtension>
<opentracks:accuracy_horizontal>3.91</opentracks:accuracy_horizontal></extensions>
</trkpt>
<trkpt lat="50.464609" lon="-104.536597">
<ele>560.2</ele>
<time>2026-08-25T06:08:22.491-06:00</time>
<extensions>
<gpxtpx:TrackPointExtension>
<gpxtpx:speed>2.91</gpxtpx:speed>
</gpxtpx:TrackPointExtension>
<opentracks:accuracy_horizontal>3.647</opentracks:accuracy_horizontal></extensions>
</trkpt>
<trkpt lat="50.4645" lon="-104.53654">
<ele>561.4</ele>
<time>2026-08-25T06:08:26.487-06:00</time>
<extensions>
<gpxtpx:TrackPointExtension>
<gpxtpx:speed>2.98</gpxtpx:speed>
</gpxtpx:TrackPointExtension>
<opentracks:accuracy_horizontal>3.866</opentracks:accuracy_horizontal></extensions>
</trkpt>
<trkpt lat="50.464396" lon="-104.5365">
<ele>561.5</ele>
<time>2026-08-25T06:08:30.502-06:00</time>
<extensions>
<gpxtpx:TrackPointExtension>
<gpxtpx:speed>2.98</gpxtpx:speed>
</gpxtpx:TrackPointExtension>
<opentracks:accuracy_horizontal>3.903</opentracks:accuracy_horizontal></extensions>
</trkpt>
<trkpt lat="50.464303" lon="-104.536433">
<ele>561.4</ele>
<time>2026-08-25T06:08:34.49-06:00</time>
<extensions>
<gpxtpx:TrackPointExtension>
<gpxtpx:speed>2.91</gpxtpx:speed>
</gpxtpx:TrackPointExtension>
<opentracks:accuracy_horizontal>3.959</opentracks:accuracy_horizontal></extensions>
</trkpt>
<trkpt lat="50.464272" lon="-104.536295">
<ele>561.5</ele>
<time>2026-08-25T06:08:37.488-06:00</time>
<extensions>
<gpxtpx:TrackPointExtension>
<gpxtpx:speed>3.04</gpxtpx:speed>
</gpxtpx:TrackPointExtension>
<opentracks:accuracy_horizontal>3.906</opentracks:accuracy_horizontal></extensions>
</trkpt>
<trkpt lat="50.464295" lon="-104.536114">
<ele>561.3</ele>
<time>2026-08-25T06:08:40.496-06:00</time>
<extensions>
<gpxtpx:TrackPointExtension>
<gpxtpx:speed>3.34</gpxtpx:speed>
</gpxtpx:TrackPointExtension>
<opentracks:accuracy_horizontal>3.788</opentracks:accuracy_horizontal></extensions>
</trkpt>
<trkpt lat="50.464332" lon="-104.535974">
<ele>561.4</ele>
<time>2026-08-25T06:08:43.487-06:00</time>
<extensions>
<gpxtpx:TrackPointExtension>
<gpxtpx:speed>3.4</gpxtpx:speed>
</gpxtpx:TrackPointExtension>
<opentracks:accuracy_horizontal>3.788</opentracks:accuracy_horizontal></extensions>
</trkpt>
<trkpt lat="50.464345" lon="-104.535818">
<ele>561.5</ele>
<time>2026-08-25T06:08:46.49-06:00</time>
<extensions>
<gpxtpx:TrackPointExtension>
<gpxtpx:speed>3.47</gpxtpx:speed>
</gpxtpx:TrackPointExtension>
<opentracks:accuracy_horizontal>3.574</opentracks:accuracy_horizontal></extensions>
</trkpt>
<trkpt lat="50.464376" lon="-104.535665">
<ele>561.3</ele>
<time>2026-08-25T06:08:49.499-06:00</time>
<extensions>
<gpxtpx:TrackPointExtension>
<gpxtpx:speed>3.55</gpxtpx:speed>
</gpxtpx:TrackPointExtension>
<opentracks:accuracy_horizontal>3.753</opentracks:accuracy_horizontal></extensions>
</trkpt>
<trkpt lat="50.464409" lon="-104.53552">
<ele>561.7</ele>
<time>2026-08-25T06:08:52.488-06:00</time>
<extensions>
<gpxtpx:TrackPointExtension>
<gpxtpx:speed>3.56</gpxtpx:speed>
</gpxtpx:TrackPointExtension>
<opentracks:accuracy_horizontal>4.024</opentracks:accuracy_horizontal></extensions>
</trkpt>
<trkpt lat="50.46442" lon="-104.535369">
<ele>562.1</ele>
<time>2026-08-25T06:08:55.481-06:00</time>
<extensions>
<gpxtpx:TrackPointExtension>
<gpxtpx:speed>3.58</gpxtpx:speed>
</gpxtpx:TrackPointExtension>
<opentracks:accuracy_horizontal>3.929</opentracks:accuracy_horizontal></extensions>
</trkpt>
<trkpt lat="50.464368" lon="-104.535253">
<ele>561.4</ele>
<time>2026-08-25T06:08:58.482-06:00</time>
<extensions>
<gpxtpx:TrackPointExtension>
<gpxtpx:speed>3.53</gpxtpx:speed>
</gpxtpx:TrackPointExtension>
<opentracks:accuracy_horizontal>3.885</opentracks:accuracy_horizontal></extensions>
</trkpt>
<trkpt lat="50.46428" lon="-104.53518">
<ele>561.4</ele>
<time>2026-08-25T06:09:01.518-06:00</time>
<extensions>
<gpxtpx:TrackPointExtension>
<gpxtpx:speed>3.54</gpxtpx:speed>
</gpxtpx:TrackPointExtension>
<opentracks:accuracy_horizontal>4.287</opentracks:accuracy_horizontal></extensions>
</trkpt>
<trkpt lat="50.464162" lon="-104.535155">
<ele>562</ele>
<time>2026-08-25T06:09:05.49-06:00</time>
<extensions>
<gpxtpx:TrackPointExtension>
<gpxtpx:speed>3.44</gpxtpx:speed>
</gpxtpx:TrackPointExtension>
<opentracks:accuracy_horizontal>4.168</opentracks:accuracy_horizontal></extensions>
</trkpt>
<trkpt lat="50.464053" lon="-104.535137">
<ele>562.6</ele>
<time>2026-08-25T06:09:08.492-06:00</time>
<extensions>
<gpxtpx:TrackPointExtension>
<gpxtpx:speed>3.57</gpxtpx:speed>
</gpxtpx:TrackPointExtension>
<opentracks:accuracy_horizontal>3.983</opentracks:accuracy_horizontal></extensions>
</trkpt>
<trkpt lat="50.463962" lon="-104.53509">
<ele>562.6</ele>
<time>2026-08-25T06:09:11.493-06:00</time>
<extensions>
<gpxtpx:TrackPointExtension>
<gpxtpx:speed>3.56</gpxtpx:speed>
</gpxtpx:TrackPointExtension>
<opentracks:accuracy_horizontal>3.821</opentracks:accuracy_horizontal></extensions>
</trkpt>
<trkpt lat="50.463871" lon="-104.535048">
<ele>561.8</ele>
<time>2026-08-25T06:09:14.501-06:00</time>
<extensions>
<gpxtpx:TrackPointExtension>
<gpxtpx:speed>3.55</gpxtpx:speed>
</gpxtpx:TrackPointExtension>
<opentracks:accuracy_horizontal>3.726</opentracks:accuracy_horizontal></extensions>
</trkpt>
<trkpt lat="50.463775" lon="-104.535006">
<ele>562</ele>
<time>2026-08-25T06:09:17.492-06:00</time>
<extensions>
<gpxtpx:TrackPointExtension>
<gpxtpx:speed>3.57</gpxtpx:speed>
</gpxtpx:TrackPointExtension>
<opentracks:accuracy_horizontal>3.543</opentracks:accuracy_horizontal></extensions>
</trkpt>
<trkpt lat="50.463674" lon="-104.534965">
<ele>562</ele>
<time>2026-08-25T06:09:20.483-06:00</time>
<extensions>
<gpxtpx:TrackPointExtension>
<gpxtpx:speed>3.63</gpxtpx:speed>
</gpxtpx:TrackPointExtension>
<opentracks:accuracy_horizontal>3.786</opentracks:accuracy_horizontal></extensions>
</trkpt>
<trkpt lat="50.463567" lon="-104.534915">
<ele>562</ele>
<time>2026-08-25T06:09:23.5-06:00</time>
<extensions>
<gpxtpx:TrackPointExtension>
<gpxtpx:speed>3.75</gpxtpx:speed>
</gpxtpx:TrackPointExtension>
<opentracks:accuracy_horizontal>3.883</opentracks:accuracy_horizontal></extensions>
</trkpt>
<trkpt lat="50.463462" lon="-104.534884">
<ele>562.3</ele>
<time>2026-08-25T06:09:26.495-06:00</time>
<extensions>
<gpxtpx:TrackPointExtension>
<gpxtpx:speed>3.8</gpxtpx:speed>
</gpxtpx:TrackPointExtension>
<opentracks:accuracy_horizontal>3.739</opentracks:accuracy_horizontal></extensions>
</trkpt>
<trkpt lat="50.463358" lon="-104.534836">
<ele>562.3</ele>
<time>2026-08-25T06:09:29.486-06:00</time>
<extensions>
<gpxtpx:TrackPointExtension>
<gpxtpx:speed>3.85</gpxtpx:speed>
</gpxtpx:TrackPointExtension>
<opentracks:accuracy_horizontal>4.03</opentracks:accuracy_horizontal></extensions>
</trkpt>
<trkpt lat="50.463267" lon="-104.534782">
<ele>561.8</ele>
<time>2026-08-25T06:09:32.491-06:00</time>
<extensions>
<gpxtpx:TrackPointExtension>
<gpxtpx:speed>3.78</gpxtpx:speed>
</gpxtpx:TrackPointExtension>
<opentracks:accuracy_horizontal>3.885</opentracks:accuracy_horizontal></extensions>
</trkpt>
<trkpt lat="50.463178" lon="-104.534748">
<ele>562</ele>
<time>2026-08-25T06:09:35.483-06:00</time>
<extensions>
<gpxtpx:TrackPointExtension>
<gpxtpx:speed>3.65</gpxtpx:speed>
</gpxtpx:TrackPointExtension>
<opentracks:accuracy_horizontal>3.859</opentracks:accuracy_horizontal></extensions>
</trkpt>
<trkpt lat="50.463071" lon="-104.53474">
<ele>562.1</ele>
<time>2026-08-25T06:09:39.507-06:00</time>
<extensions>
<gpxtpx:TrackPointExtension>
<gpxtpx:speed>3.39</gpxtpx:speed>
</gpxtpx:TrackPointExtension>
<opentracks:accuracy_horizontal>3.789</opentracks:accuracy_horizontal></extensions>
</trkpt>
<trkpt lat="50.462981" lon="-104.534691">
<ele>561.8</ele>
<time>2026-08-25T06:09:44.503-06:00</time>
<extensions>
<gpxtpx:TrackPointExtension>
<gpxtpx:speed>2.86</gpxtpx:speed>
</gpxtpx:TrackPointExtension>
<opentracks:accuracy_horizontal>3.753</opentracks:accuracy_horizontal></extensions>
</trkpt>
<trkpt lat="50.462877" lon="-104.534664">
<ele>561.2</ele>
<time>2026-08-25T06:09:49.498-06:00</time>
<extensions>
<gpxtpx:TrackPointExtension>
<gpxtpx:speed>2.6</gpxtpx:speed>
</gpxtpx:TrackPointExtension>
<opentracks:accuracy_horizontal>3.73</opentracks:accuracy_horizontal></extensions>
</trkpt>
<trkpt lat="50.462776" lon="-104.534667">
<ele>561.5</ele>
<time>2026-08-25T06:09:54.494-06:00</time>
<extensions>
<gpxtpx:TrackPointExtension>
<gpxtpx:speed>2.47</gpxtpx:speed>
</gpxtpx:TrackPointExtension>
<opentracks:accuracy_horizontal>3.589</opentracks:accuracy_horizontal></extensions>
</trkpt>
<trkpt lat="50.462714" lon="-104.534769">
<ele>560.9</ele>
<time>2026-08-25T06:09:58.493-06:00</time>
<extensions>
<gpxtpx:TrackPointExtension>
<gpxtpx:speed>2.44</gpxtpx:speed>
</gpxtpx:TrackPointExtension>
<opentracks:accuracy_horizontal>3.748</opentracks:accuracy_horizontal></extensions>
</trkpt>
<trkpt lat="50.462628" lon="-104.534713">
<ele>559.4</ele>
<time>2026-08-25T06:10:04.496-06:00</time>
<extensions>
<gpxtpx:TrackPointExtension>
<gpxtpx:speed>2.13</gpxtpx:speed>
</gpxtpx:TrackPointExtension>
<opentracks:accuracy_horizontal>4.506</opentracks:accuracy_horizontal></extensions>
</trkpt>
<trkpt lat="50.462588" lon="-104.534582">
<ele>559.6</ele>
<time>2026-08-25T06:10:07.478-06:00</time>
<extensions>
<gpxtpx:TrackPointExtension>
<gpxtpx:speed>2.4</gpxtpx:speed>
</gpxtpx:TrackPointExtension>
<opentracks:accuracy_horizontal>3.918</opentracks:accuracy_horizontal></extensions>
</trkpt>
<trkpt lat="50.462505" lon="-104.534488">
<ele>560.2</ele>
<time>2026-08-25T06:10:11.493-06:00</time>
<extensions>
<gpxtpx:TrackPointExtension>
<gpxtpx:speed>2.51</gpxtpx:speed>
</gpxtpx:TrackPointExtension>
<opentracks:accuracy_horizontal>3.794</opentracks:accuracy_horizontal></extensions>
</trkpt>
<trkpt lat="50.462408" lon="-104.534405">
<ele>560.5</ele>
<time>2026-08-25T06:10:15.497-06:00</time>
<extensions>
<gpxtpx:TrackPointExtension>
<gpxtpx:speed>2.67</gpxtpx:speed>
</gpxtpx:TrackPointExtension>
<opentracks:accuracy_horizontal>3.567</opentracks:accuracy_horizontal></extensions>
</trkpt>
<trkpt lat="50.462299" lon="-104.534363">
<ele>560.6</ele>
<time>2026-08-25T06:10:19.499-06:00</time>
<extensions>
<gpxtpx:TrackPointExtension>
<gpxtpx:speed>2.83</gpxtpx:speed>
</gpxtpx:TrackPointExtension>
<opentracks:accuracy_horizontal>3.434</opentracks:accuracy_horizontal></extensions>
</trkpt>
<trkpt lat="50.462201" lon="-104.534321">
<ele>560.6</ele>
<time>2026-08-25T06:10:22.491-06:00</time>
<extensions>
<gpxtpx:TrackPointExtension>
<gpxtpx:speed>3.07</gpxtpx:speed>
</gpxtpx:TrackPointExtension>
<opentracks:accuracy_horizontal>3.417</opentracks:accuracy_horizontal></extensions>
</trkpt>
<trkpt lat="50.462103" lon="-104.534272">
<ele>561</ele>
<time>2026-08-25T06:10:25.493-06:00</time>
<extensions>
<gpxtpx:TrackPointExtension>
<gpxtpx:speed>3.25</gpxtpx:speed>
</gpxtpx:TrackPointExtension>
<opentracks:accuracy_horizontal>3.44</opentracks:accuracy_horizontal></extensions>
</trkpt>
<trkpt lat="50.46202" lon="-104.534199">
<ele>561.5</ele>
<time>2026-08-25T06:10:28.491-06:00</time>
<extensions>
<gpxtpx:TrackPointExtension>
<gpxtpx:speed>3.31</gpxtpx:speed>
</gpxtpx:TrackPointExtension>
<opentracks:accuracy_horizontal>3.771</opentracks:accuracy_horizontal></extensions>
</trkpt>
<trkpt lat="50.461913" lon="-104.534121">
<ele>561.9</ele>
<time>2026-08-25T06:10:32.477-06:00</time>
<extensions>
<gpxtpx:TrackPointExtension>
<gpxtpx:speed>3.29</gpxtpx:speed>
</gpxtpx:TrackPointExtension>
<opentracks:accuracy_horizontal>3.43</opentracks:accuracy_horizontal></extensions>
</trkpt>
<trkpt lat="50.461805" lon="-104.534047">
<ele>562.1</ele>
<time>2026-08-25T06:10:36.5-06:00</time>
<extensions>
<gpxtpx:TrackPointExtension>
<gpxtpx:speed>3.28</gpxtpx:speed>
</gpxtpx:TrackPointExtension>
<opentracks:accuracy_horizontal>3.443</opentracks:accuracy_horizontal></extensions>
</trkpt>
<trkpt lat="50.461702" lon="-104.533957">
<ele>562.5</ele>
<time>2026-08-25T06:10:40.504-06:00</time>
<extensions>
<gpxtpx:TrackPointExtension>
<gpxtpx:speed>3.28</gpxtpx:speed>
</gpxtpx:TrackPointExtension>
<opentracks:accuracy_horizontal>3.55</opentracks:accuracy_horizontal></extensions>
</trkpt>
<trkpt lat="50.461604" lon="-104.533903">
<ele>562</ele>
<time>2026-08-25T06:10:43.498-06:00</time>
<extensions>
<gpxtpx:TrackPointExtension>
<gpxtpx:speed>3.42</gpxtpx:speed>
</gpxtpx:TrackPointExtension>
<opentracks:accuracy_horizontal>3.387</opentracks:accuracy_horizontal></extensions>
</trkpt>
<trkpt lat="50.461516" lon="-104.533842">
<ele>562</ele>
<time>2026-08-25T06:10:46.498-06:00</time>
<extensions>
<gpxtpx:TrackPointExtension>
<gpxtpx:speed>3.46</gpxtpx:speed>
</gpxtpx:TrackPointExtension>
<opentracks:accuracy_horizontal>3.415</opentracks:accuracy_horizontal></extensions>
</trkpt>
<trkpt lat="50.461433" lon="-104.533772">
<ele>561.6</ele>
<time>2026-08-25T06:10:49.496-06:00</time>
<extensions>
<gpxtpx:TrackPointExtension>
<gpxtpx:speed>3.47</gpxtpx:speed>
</gpxtpx:TrackPointExtension>
<opentracks:accuracy_horizontal>3.592</opentracks:accuracy_horizontal></extensions>
</trkpt>
<trkpt lat="50.461343" lon="-104.533718">
<ele>561.5</ele>
<time>2026-08-25T06:10:52.502-06:00</time>
<extensions>
<gpxtpx:TrackPointExtension>
<gpxtpx:speed>3.5</gpxtpx:speed>
</gpxtpx:TrackPointExtension>
<opentracks:accuracy_horizontal>3.648</opentracks:accuracy_horizontal></extensions>
</trkpt>
<trkpt lat="50.461254" lon="-104.533666">
<ele>561.4</ele>
<time>2026-08-25T06:10:55.501-06:00</time>
<extensions>
<gpxtpx:TrackPointExtension>
<gpxtpx:speed>3.5</gpxtpx:speed>
</gpxtpx:TrackPointExtension>
<opentracks:accuracy_horizontal>3.598</opentracks:accuracy_horizontal></extensions>
</trkpt>
<trkpt lat="50.461167" lon="-104.533602">
<ele>562.2</ele>
<time>2026-08-25T06:10:58.486-06:00</time>
<extensions>
<gpxtpx:TrackPointExtension>
<gpxtpx:speed>3.5</gpxtpx:speed>
</gpxtpx:TrackPointExtension>
<opentracks:accuracy_horizontal>3.817</opentracks:accuracy_horizontal></extensions>
</trkpt>
<trkpt lat="50.461082" lon="-104.533542">
<ele>561.8</ele>
<time>2026-08-25T06:11:01.496-06:00</time>
<extensions>
<gpxtpx:TrackPointExtension>
<gpxtpx:speed>3.47</gpxtpx:speed>
</gpxtpx:TrackPointExtension>
<opentracks:accuracy_horizontal>3.952</opentracks:accuracy_horizontal></extensions>
</trkpt>
<trkpt lat="50.460968" lon="-104.533486">
<ele>561.1</ele>
<time>2026-08-25T06:11:05.492-06:00</time>
<extensions>
<gpxtpx:TrackPointExtension>
<gpxtpx:speed>3.44</gpxtpx:speed>
</gpxtpx:TrackPointExtension>
<opentracks:accuracy_horizontal>3.913</opentracks:accuracy_horizontal></extensions>
</trkpt>
<trkpt lat="50.460869" lon="-104.533423">
<ele>561.5</ele>
<time>2026-08-25T06:11:09.5-06:00</time>
<extensions>
<gpxtpx:TrackPointExtension>
<gpxtpx:speed>3.28</gpxtpx:speed>
</gpxtpx:TrackPointExtension>
<opentracks:accuracy_horizontal>3.977</opentracks:accuracy_horizontal></extensions>
</trkpt>
<trkpt lat="50.460786" lon="-104.533352">
<ele>562</ele>
<time>2026-08-25T06:11:13.496-06:00</time>
<extensions>
<gpxtpx:TrackPointExtension>
<gpxtpx:speed>3.05</gpxtpx:speed>
</gpxtpx:TrackPointExtension>
<opentracks:accuracy_horizontal>4.055</opentracks:accuracy_horizontal></extensions>
</trkpt>
<trkpt lat="50.460696" lon="-104.53329">
<ele>561.5</ele>
<time>2026-08-25T06:11:18.487-06:00</time>
<extensions>
<gpxtpx:TrackPointExtension>
<gpxtpx:speed>2.66</gpxtpx:speed>
</gpxtpx:TrackPointExtension>
<opentracks:accuracy_horizontal>4.269</opentracks:accuracy_horizontal></extensions>
</trkpt>
<trkpt lat="50.460604" lon="-104.53325">
<ele>561.9</ele>
<time>2026-08-25T06:11:26.483-06:00</time>
<extensions>
<gpxtpx:TrackPointExtension>
<gpxtpx:speed>1.91</gpxtpx:speed>
</gpxtpx:TrackPointExtension>
<opentracks:accuracy_horizontal>4.102</opentracks:accuracy_horizontal></extensions>
</trkpt>
<trkpt lat="50.4605" lon="-104.533191">
<ele>560.8</ele>
<time>2026-08-25T06:11:33.496-06:00</time>
<extensions>
<gpxtpx:TrackPointExtension>
<gpxtpx:speed>1.81</gpxtpx:speed>
</gpxtpx:TrackPointExtension>
<opentracks:accuracy_horizontal>4.289</opentracks:accuracy_horizontal></extensions>
</trkpt>
<trkpt lat="50.460411" lon="-104.533136">
<ele>560.7</ele>
<time>2026-08-25T06:11:37.496-06:00</time>
<extensions>
<gpxtpx:TrackPointExtension>
<gpxtpx:speed>2.05</gpxtpx:speed>
</gpxtpx:TrackPointExtension>
<opentracks:accuracy_horizontal>4.269</opentracks:accuracy_horizontal></extensions>
</trkpt>
<trkpt lat="50.46033" lon="-104.533035">
<ele>560.8</ele>
<time>2026-08-25T06:11:41.496-06:00</time>
<extensions>
<gpxtpx:TrackPointExtension>
<gpxtpx:speed>2.27</gpxtpx:speed>
</gpxtpx:TrackPointExtension>
<opentracks:accuracy_horizontal>4.116</opentracks:accuracy_horizontal></extensions>
</trkpt>
<trkpt lat="50.460223" lon="-104.533054">
<ele>560.6</ele>
<time>2026-08-25T06:11:45.5-06:00</time>
<extensions>
<gpxtpx:TrackPointExtension>
<gpxtpx:speed>2.58</gpxtpx:speed>
</gpxtpx:TrackPointExtension>
<opentracks:accuracy_horizontal>3.85</opentracks:accuracy_horizontal></extensions>
</trkpt>
<trkpt lat="50.46014" lon="-104.533117">
<ele>561.4</ele>
<time>2026-08-25T06:11:48.493-06:00</time>
<extensions>
<gpxtpx:TrackPointExtension>
<gpxtpx:speed>2.78</gpxtpx:speed>
</gpxtpx:TrackPointExtension>
<opentracks:accuracy_horizontal>4.508</opentracks:accuracy_horizontal></extensions>
</trkpt>
<trkpt lat="50.460063" lon="-104.533213">
<ele>561.4</ele>
<time>2026-08-25T06:11:51.492-06:00</time>
<extensions>
<gpxtpx:TrackPointExtension>
<gpxtpx:speed>2.97</gpxtpx:speed>
</gpxtpx:TrackPointExtension>
<opentracks:accuracy_horizontal>4.209</opentracks:accuracy_horizontal></extensions>
</trkpt>
<trkpt lat="50.459966" lon="-104.53312">
<ele>561.6</ele>
<time>2026-08-25T06:11:55.497-06:00</time>
<extensions>
<gpxtpx:TrackPointExtension>
<gpxtpx:speed>3</gpxtpx:speed>
</gpxtpx:TrackPointExtension>
<opentracks:accuracy_horizontal>4.042</opentracks:accuracy_horizontal></extensions>
</trkpt>
<trkpt lat="50.459888" lon="-104.533037">
<ele>560.7</ele>
<time>2026-08-25T06:11:59.496-06:00</time>
<extensions>
<gpxtpx:TrackPointExtension>
<gpxtpx:speed>2.85</gpxtpx:speed>
</gpxtpx:TrackPointExtension>
<opentracks:accuracy_horizontal>3.983</opentracks:accuracy_horizontal></extensions>
</trkpt>
<trkpt lat="50.459796" lon="-104.533028">
<ele>560.9</ele>
<time>2026-08-25T06:12:03.498-06:00</time>
<extensions>
<gpxtpx:TrackPointExtension>
<gpxtpx:speed>2.71</gpxtpx:speed>
</gpxtpx:TrackPointExtension>
<opentracks:accuracy_horizontal>4.199</opentracks:accuracy_horizontal></extensions>
</trkpt>
<trkpt lat="50.459688" lon="-104.533035">
<ele>561.9</ele>
<time>2026-08-25T06:12:08.51-06:00</time>
<extensions>
<gpxtpx:TrackPointExtension>
<gpxtpx:speed>2.56</gpxtpx:speed>
</gpxtpx:TrackPointExtension>
<opentracks:accuracy_horizontal>4.025</opentracks:accuracy_horizontal></extensions>
</trkpt>
<trkpt lat="50.459601" lon="-104.532941">
<ele>561.1</ele>
<time>2026-08-25T06:12:12.509-06:00</time>
<extensions>
<gpxtpx:TrackPointExtension>
<gpxtpx:speed>2.66</gpxtpx:speed>
</gpxtpx:TrackPointExtension>
<opentracks:accuracy_horizontal>4.098</opentracks:accuracy_horizontal></extensions>
</trkpt>
<trkpt lat="50.459506" lon="-104.532901">
<ele>561.1</ele>
<time>2026-08-25T06:12:16.493-06:00</time>
<extensions>
<gpxtpx:TrackPointExtension>
<gpxtpx:speed>2.7</gpxtpx:speed>
</gpxtpx:TrackPointExtension>
<opentracks:accuracy_horizontal>4.412</opentracks:accuracy_horizontal></extensions>
</trkpt>
<trkpt lat="50.459399" lon="-104.532967">
<ele>560.9</ele>
<time>2026-08-25T06:12:20.501-06:00</time>
<extensions>
<gpxtpx:TrackPointExtension>
<gpxtpx:speed>2.83</gpxtpx:speed>
</gpxtpx:TrackPointExtension>
<opentracks:accuracy_horizontal>4.002</opentracks:accuracy_horizontal></extensions>
</trkpt>
<trkpt lat="50.459304" lon="-104.533054">
<ele>560.8</ele>
<time>2026-08-25T06:12:24.493-06:00</time>
<extensions>
<gpxtpx:TrackPointExtension>
<gpxtpx:speed>2.87</gpxtpx:speed>
</gpxtpx:TrackPointExtension>
<opentracks:accuracy_horizontal>3.951</opentracks:accuracy_horizontal></extensions>
</trkpt>
<trkpt lat="50.459203" lon="-104.533041">
<ele>559.6</ele>
<time>2026-08-25T06:12:28.49-06:00</time>
<extensions>
<gpxtpx:TrackPointExtension>
<gpxtpx:speed>2.85</gpxtpx:speed>
</gpxtpx:TrackPointExtension>
<opentracks:accuracy_horizontal>4.416</opentracks:accuracy_horizontal></extensions>
</trkpt>
<trkpt lat="50.459089" lon="-104.532995">
<ele>559.3</ele>
<time>2026-08-25T06:12:32.494-06:00</time>
<extensions>
<gpxtpx:TrackPointExtension>
<gpxtpx:speed>2.95</gpxtpx:speed>
</gpxtpx:TrackPointExtension>
<opentracks:accuracy_horizontal>4.782</opentracks:accuracy_horizontal></extensions>
</trkpt>
<trkpt lat="50.458987" lon="-104.533064">
<ele>559.5</ele>
<time>2026-08-25T06:12:36.508-06:00</time>
<extensions>
<gpxtpx:TrackPointExtension>
<gpxtpx:speed>3.02</gpxtpx:speed>
</gpxtpx:TrackPointExtension>
<opentracks:accuracy_horizontal>4.397</opentracks:accuracy_horizontal></extensions>
</trkpt>
<trkpt lat="50.45892" lon="-104.533196">
<ele>560.6</ele>
<time>2026-08-25T06:12:39.501-06:00</time>
<extensions>
<gpxtpx:TrackPointExtension>
<gpxtpx:speed>3.23</gpxtpx:speed>
</gpxtpx:TrackPointExtension>
<opentracks:accuracy_horizontal>4.112</opentracks:accuracy_horizontal></extensions>
</trkpt>
<trkpt lat="50.458885" lon="-104.533367">
<ele>561.6</ele>
<time>2026-08-25T06:12:42.508-06:00</time>
<extensions>
<gpxtpx:TrackPointExtension>
<gpxtpx:speed>3.45</gpxtpx:speed>
</gpxtpx:TrackPointExtension>
<opentracks:accuracy_horizontal>4.266</opentracks:accuracy_horizontal></extensions>
</trkpt>
<trkpt lat="50.458849" lon="-104.533519">
<ele>561.6</ele>
<time>2026-08-25T06:12:45.512-06:00</time>
<extensions>
<gpxtpx:TrackPointExtension>
<gpxtpx:speed>3.53</gpxtpx:speed>
</gpxtpx:TrackPointExtension>
<opentracks:accuracy_horizontal>4.141</opentracks:accuracy_horizontal></extensions>
</trkpt>
<trkpt lat="50.458823" lon="-104.533673">
<ele>562.2</ele>
<time>2026-08-25T06:12:48.503-06:00</time>
<extensions>
<gpxtpx:TrackPointExtension>
<gpxtpx:speed>3.56</gpxtpx:speed>
</gpxtpx:TrackPointExtension>
<opentracks:accuracy_horizontal>4.08</opentracks:accuracy_horizontal></extensions>
</trkpt>
<trkpt lat="50.458762" lon="-104.533787">
<ele>562.3</ele>
<time>2026-08-25T06:12:51.497-06:00</time>
<extensions>
<gpxtpx:TrackPointExtension>
<gpxtpx:speed>3.52</gpxtpx:speed>
</gpxtpx:TrackPointExtension>
<opentracks:accuracy_horizontal>3.985</opentracks:accuracy_horizontal></extensions>
</trkpt>
<trkpt lat="50.458658" lon="-104.533818">
<ele>561.5</ele>
<time>2026-08-25T06:12:55.496-06:00</time>
<extensions>
<gpxtpx:TrackPointExtension>
<gpxtpx:speed>3.31</gpxtpx:speed>
</gpxtpx:TrackPointExtension>
<opentracks:accuracy_horizontal>3.828</opentracks:accuracy_horizontal></extensions>
</trkpt>
<trkpt lat="50.45855" lon="-104.533824">
<ele>561.5</ele>
<time>2026-08-25T06:12:59.495-06:00</time>
<extensions>
<gpxtpx:TrackPointExtension>
<gpxtpx:speed>3.18</gpxtpx:speed>
</gpxtpx:TrackPointExtension>
<opentracks:accuracy_horizontal>3.776</opentracks:accuracy_horizontal></extensions>
</trkpt>
<trkpt lat="50.458458" lon="-104.533859">
<ele>561.8</ele>
<time>2026-08-25T06:13:03.498-06:00</time>
<extensions>
<gpxtpx:TrackPointExtension>
<gpxtpx:speed>2.97</gpxtpx:speed>
</gpxtpx:TrackPointExtension>
<opentracks:accuracy_horizontal>3.917</opentracks:accuracy_horizontal></extensions>
</trkpt>
<trkpt lat="50.458361" lon="-104.533964">
<ele>563.3</ele>
<time>2026-08-25T06:13:07.491-06:00</time>
<extensions>
<gpxtpx:TrackPointExtension>
<gpxtpx:speed>3.03</gpxtpx:speed>
</gpxtpx:TrackPointExtension>
<opentracks:accuracy_horizontal>3.695</opentracks:accuracy_horizontal></extensions>
</trkpt>
<trkpt lat="50.45828" lon="-104.534056">
<ele>562.5</ele>
<time>2026-08-25T06:13:11.51-06:00</time>
<extensions>
<gpxtpx:TrackPointExtension>
<gpxtpx:speed>2.95</gpxtpx:speed>
</gpxtpx:TrackPointExtension>
<opentracks:accuracy_horizontal>3.871</opentracks:accuracy_horizontal></extensions>
</trkpt>
<trkpt lat="50.458179" lon="-104.534092">
<ele>562.1</ele>
<time>2026-08-25T06:13:15.494-06:00</time>
<extensions>
<gpxtpx:TrackPointExtension>
<gpxtpx:speed>2.93</gpxtpx:speed>
</gpxtpx:TrackPointExtension>
<opentracks:accuracy_horizontal>4.001</opentracks:accuracy_horizontal></extensions>
</trkpt>
<trkpt lat="50.458067" lon="-104.534047">
<ele>561.6</ele>
<time>2026-08-25T06:13:19.499-06:00</time>
<extensions>
<gpxtpx:TrackPointExtension>
<gpxtpx:speed>3.01</gpxtpx:speed>
</gpxtpx:TrackPointExtension>
<opentracks:accuracy_horizontal>4.233</opentracks:accuracy_horizontal></extensions>
</trkpt>
<trkpt lat="50.457967" lon="-104.534053">
<ele>561</ele>
<time>2026-08-25T06:13:23.502-06:00</time>
<extensions>
<gpxtpx:TrackPointExtension>
<gpxtpx:speed>2.96</gpxtpx:speed>
</gpxtpx:TrackPointExtension>
<opentracks:accuracy_horizontal>4.19</opentracks:accuracy_horizontal></extensions>
</trkpt>
<trkpt lat="50.457917" lon="-104.534218">
<ele>560.7</ele>
<time>2026-08-25T06:13:27.484-06:00</time>
<extensions>
<gpxtpx:TrackPointExtension>
<gpxtpx:speed>3.02</gpxtpx:speed>
</gpxtpx:TrackPointExtension>
<opentracks:accuracy_horizontal>4.063</opentracks:accuracy_horizontal></extensions>
</trkpt>
<trkpt lat="50.45786" lon="-104.534345">
<ele>560.7</ele>
<time>2026-08-25T06:13:31.497-06:00</time>
<extensions>
<gpxtpx:TrackPointExtension>
<gpxtpx:speed>2.92</gpxtpx:speed>
</gpxtpx:TrackPointExtension>
<opentracks:accuracy_horizontal>3.927</opentracks:accuracy_horizontal></extensions>
</trkpt>
<trkpt lat="50.457818" lon="-104.5345">
<ele>559.6</ele>
<time>2026-08-25T06:13:35.497-06:00</time>
<extensions>
<gpxtpx:TrackPointExtension>
<gpxtpx:speed>2.92</gpxtpx:speed>
</gpxtpx:TrackPointExtension>
<opentracks:accuracy_horizontal>3.963</opentracks:accuracy_horizontal></extensions>
</trkpt>
<trkpt lat="50.45779" lon="-104.534654">
<ele>560.1</ele>
<time>2026-08-25T06:13:39.502-06:00</time>
<extensions>
<gpxtpx:TrackPointExtension>
<gpxtpx:speed>2.86</gpxtpx:speed>
</gpxtpx:TrackPointExtension>
<opentracks:accuracy_horizontal>4.283</opentracks:accuracy_horizontal></extensions>
</trkpt>
<trkpt lat="50.457718" lon="-104.534778">
<ele>559.9</ele>
<time>2026-08-25T06:13:43.5-06:00</time>
<extensions>
<gpxtpx:TrackPointExtension>
<gpxtpx:speed>2.87</gpxtpx:speed>
</gpxtpx:TrackPointExtension>
<opentracks:accuracy_horizontal>4.075</opentracks:accuracy_horizontal></extensions>
</trkpt>
<trkpt lat="50.457657" lon="-104.534916">
<ele>559.4</ele>
<time>2026-08-25T06:13:47.471-06:00</time>
<extensions>
<gpxtpx:TrackPointExtension>
<gpxtpx:speed>2.89</gpxtpx:speed>
</gpxtpx:TrackPointExtension>
<opentracks:accuracy_horizontal>4.037</opentracks:accuracy_horizontal></extensions>
</trkpt>
<trkpt lat="50.457673" lon="-104.535095">
<ele>559.9</ele>
<time>2026-08-25T06:13:51.523-06:00</time>
<extensions>
<gpxtpx:TrackPointExtension>
<gpxtpx:speed>2.99</gpxtpx:speed>
</gpxtpx:TrackPointExtension>
<opentracks:accuracy_horizontal>4.162</opentracks:accuracy_horizontal></extensions>
</trkpt>
<trkpt lat="50.45774" lon="-104.535202">
<ele>560.1</ele>
<time>2026-08-25T06:13:55.501-06:00</time>
<extensions>
<gpxtpx:TrackPointExtension>
<gpxtpx:speed>2.89</gpxtpx:speed>
</gpxtpx:TrackPointExtension>
<opentracks:accuracy_horizontal>4.1</opentracks:accuracy_horizontal></extensions>
</trkpt>
<trkpt lat="50.457862" lon="-104.535197">
<ele>560.7</ele>
<time>2026-08-25T06:13:59.501-06:00</time>
<extensions>
<gpxtpx:TrackPointExtension>
<gpxtpx:speed>2.99</gpxtpx:speed>
</gpxtpx:TrackPointExtension>
<opentracks:accuracy_horizontal>3.955</opentracks:accuracy_horizontal></extensions>
</trkpt>
<trkpt lat="50.45797" lon="-104.535193">
<ele>560.6</ele>
<time>2026-08-25T06:14:05.497-06:00</time>
<extensions>
<gpxtpx:TrackPointExtension>
<gpxtpx:speed>2.51</gpxtpx:speed>
</gpxtpx:TrackPointExtension>
<opentracks:accuracy_horizontal>4.554</opentracks:accuracy_horizontal></extensions>
</trkpt>
<trkpt lat="50.458062" lon="-104.535239">
<ele>560.5</ele>
<time>2026-08-25T06:14:11.497-06:00</time>
<extensions>
<gpxtpx:TrackPointExtension>
<gpxtpx:speed>2.08</gpxtpx:speed>
</gpxtpx:TrackPointExtension>
<opentracks:accuracy_horizontal>4.337</opentracks:accuracy_horizontal></extensions>
</trkpt>
<trkpt lat="50.458136" lon="-104.53511">
<ele>559.9</ele>
<time>2026-08-25T06:14:20.494-06:00</time>
<extensions>
<gpxtpx:TrackPointExtension>
<gpxtpx:speed>1.98</gpxtpx:speed>
</gpxtpx:TrackPointExtension>
<opentracks:accuracy_horizontal>4.568</opentracks:accuracy_horizontal></extensions>
</trkpt>
<trkpt lat="50.458218" lon="-104.535175">
<ele>558.4</ele>
<time>2026-08-25T06:14:27.503-06:00</time>
<extensions>
<gpxtpx:TrackPointExtension>
<gpxtpx:speed>1.48</gpxtpx:speed>
</gpxtpx:TrackPointExtension>
<opentracks:accuracy_horizontal>4.535</opentracks:accuracy_horizontal></extensions>
</trkpt>
<trkpt lat="50.458149" lon="-104.535317">
<ele>558.4</ele>
<time>2026-08-25T06:14:30.504-06:00</time>
<extensions>
<gpxtpx:TrackPointExtension>
<gpxtpx:speed>1.76</gpxtpx:speed>
</gpxtpx:TrackPointExtension>
<opentracks:accuracy_horizontal>4.132</opentracks:accuracy_horizontal></extensions>
</trkpt>
<trkpt lat="50.458106" lon="-104.535469">
<ele>557.3</ele>
<time>2026-08-25T06:14:33.499-06:00</time>
<extensions>
<gpxtpx:TrackPointExtension>
<gpxtpx:speed>2.93</gpxtpx:speed>
</gpxtpx:TrackPointExtension>
<opentracks:accuracy_horizontal>4.025</opentracks:accuracy_horizontal></extensions>
</trkpt>
<trkpt lat="50.458068" lon="-104.535638">
<ele>558</ele>
<time>2026-08-25T06:14:36.49-06:00</time>
<extensions>
<gpxtpx:TrackPointExtension>
<gpxtpx:speed>3.24</gpxtpx:speed>
</gpxtpx:TrackPointExtension>
<opentracks:accuracy_horizontal>3.964</opentracks:accuracy_horizontal></extensions>
</trkpt>
<trkpt lat="50.458013" lon="-104.535769">
<ele>558.3</ele>
<time>2026-08-25T06:14:39.494-06:00</time>
<extensions>
<gpxtpx:TrackPointExtension>
<gpxtpx:speed>3.43</gpxtpx:speed>
</gpxtpx:TrackPointExtension>
<opentracks:accuracy_horizontal>3.912</opentracks:accuracy_horizontal></extensions>
</trkpt>
<trkpt lat="50.457977" lon="-104.535931">
<ele>558</ele>
<time>2026-08-25T06:14:42.496-06:00</time>
<extensions>
<gpxtpx:TrackPointExtension>
<gpxtpx:speed>3.67</gpxtpx:speed>
</gpxtpx:TrackPointExtension>
<opentracks:accuracy_horizontal>3.701</opentracks:accuracy_horizontal></extensions>
</trkpt>
<trkpt lat="50.457974" lon="-104.536097">
<ele>559</ele>
<time>2026-08-25T06:14:45.506-06:00</time>
<extensions>
<gpxtpx:TrackPointExtension>
<gpxtpx:speed>3.73</gpxtpx:speed>
</gpxtpx:TrackPointExtension>
<opentracks:accuracy_horizontal>3.492</opentracks:accuracy_horizontal></extensions>
</trkpt>
<trkpt lat="50.457987" lon="-104.536267">
<ele>559.6</ele>
<time>2026-08-25T06:14:48.505-06:00</time>
<extensions>
<gpxtpx:TrackPointExtension>
<gpxtpx:speed>3.8</gpxtpx:speed>
</gpxtpx:TrackPointExtension>
<opentracks:accuracy_horizontal>3.569</opentracks:accuracy_horizontal></extensions>
</trkpt>
<trkpt lat="50.457981" lon="-104.536435">
<ele>560.1</ele>
<time>2026-08-25T06:14:51.489-06:00</time>
<extensions>
<gpxtpx:TrackPointExtension>
<gpxtpx:speed>3.84</gpxtpx:speed>
</gpxtpx:TrackPointExtension>
<opentracks:accuracy_horizontal>3.748</opentracks:accuracy_horizontal></extensions>
</trkpt>
<trkpt lat="50.457982" lon="-104.536596">
<ele>560.6</ele>
<time>2026-08-25T06:14:54.487-06:00</time>
<extensions>
<gpxtpx:TrackPointExtension>
<gpxtpx:speed>3.83</gpxtpx:speed>
</gpxtpx:TrackPointExtension>
<opentracks:accuracy_horizontal>3.961</opentracks:accuracy_horizontal></extensions>
</trkpt>
<trkpt lat="50.457985" lon="-104.536753">
<ele>561.1</ele>
<time>2026-08-25T06:14:57.495-06:00</time>
<extensions>
<gpxtpx:TrackPointExtension>
<gpxtpx:speed>3.79</gpxtpx:speed>
</gpxtpx:TrackPointExtension>
<opentracks:accuracy_horizontal>3.753</opentracks:accuracy_horizontal></extensions>
</trkpt>
<trkpt lat="50.457991" lon="-104.536932">
<ele>561.4</ele>
<time>2026-08-25T06:15:01.493-06:00</time>
<extensions>
<gpxtpx:TrackPointExtension>
<gpxtpx:speed>3.57</gpxtpx:speed>
</gpxtpx:TrackPointExtension>
<opentracks:accuracy_horizontal>3.604</opentracks:accuracy_horizontal></extensions>
</trkpt>
<trkpt lat="50.457976" lon="-104.537106">
<ele>561.1</ele>
<time>2026-08-25T06:15:06.497-06:00</time>
<extensions>
<gpxtpx:TrackPointExtension>
<gpxtpx:speed>3.15</gpxtpx:speed>
</gpxtpx:TrackPointExtension>
<opentracks:accuracy_horizontal>3.635</opentracks:accuracy_horizontal></extensions>
</trkpt>
<trkpt lat="50.457928" lon="-104.537231">
<ele>560.8</ele>
<time>2026-08-25T06:15:10.453-06:00</time>
<extensions>
<gpxtpx:TrackPointExtension>
<gpxtpx:speed>3</gpxtpx:speed>
</gpxtpx:TrackPointExtension>
<opentracks:accuracy_horizontal>3.827</opentracks:accuracy_horizontal></extensions>
</trkpt>
<trkpt lat="50.457826" lon="-104.537275">
<ele>560.7</ele>
<time>2026-08-25T06:15:13.493-06:00</time>
<extensions>
<gpxtpx:TrackPointExtension>
<gpxtpx:speed>3.25</gpxtpx:speed>
</gpxtpx:TrackPointExtension>
<opentracks:accuracy_horizontal>4.018</opentracks:accuracy_horizontal></extensions>
</trkpt>
<trkpt lat="50.45771" lon="-104.537266">
<ele>560.7</ele>
<time>2026-08-25T06:15:16.476-06:00</time>
<extensions>
<gpxtpx:TrackPointExtension>
<gpxtpx:speed>3.51</gpxtpx:speed>
</gpxtpx:TrackPointExtension>
<opentracks:accuracy_horizontal>3.873</opentracks:accuracy_horizontal></extensions>
</trkpt>
<trkpt lat="50.457592" lon="-104.537278">
<ele>560</ele>
<time>2026-08-25T06:15:19.475-06:00</time>
<extensions>
<gpxtpx:TrackPointExtension>
<gpxtpx:speed>3.72</gpxtpx:speed>
</gpxtpx:TrackPointExtension>
<opentracks:accuracy_horizontal>3.838</opentracks:accuracy_horizontal></extensions>
</trkpt>
<trkpt lat="50.457465" lon="-104.537251">
<ele>559.7</ele>
<time>2026-08-25T06:15:22.466-06:00</time>
<extensions>
<gpxtpx:TrackPointExtension>
<gpxtpx:speed>3.98</gpxtpx:speed>
</gpxtpx:TrackPointExtension>
<opentracks:accuracy_horizontal>3.928</opentracks:accuracy_horizontal></extensions>
</trkpt>
<trkpt lat="50.457372" lon="-104.537245">
<ele>559.5</ele>
<time>2026-08-25T06:15:24.484-06:00</time>
<extensions>
<gpxtpx:TrackPointExtension>
<gpxtpx:speed>4.19</gpxtpx:speed>
</gpxtpx:TrackPointExtension>
<opentracks:accuracy_horizontal>3.982</opentracks:accuracy_horizontal></extensions>
</trkpt>
<trkpt lat="50.457282" lon="-104.537211">
<ele>559.6</ele>
<time>2026-08-25T06:15:26.485-06:00</time>
<extensions>
<gpxtpx:TrackPointExtension>
<gpxtpx:speed>4.35</gpxtpx:speed>
</gpxtpx:TrackPointExtension>
<opentracks:accuracy_horizontal>4.174</opentracks:accuracy_horizontal></extensions>
</trkpt>
<trkpt lat="50.457185" lon="-104.537116">
<ele>559.7</ele>
<time>2026-08-25T06:15:28.48-06:00</time>
<extensions>
<gpxtpx:TrackPointExtension>
<gpxtpx:speed>4.8</gpxtpx:speed>
</gpxtpx:TrackPointExtension>
<opentracks:accuracy_horizontal>4.204</opentracks:accuracy_horizontal></extensions>
</trkpt>
<trkpt lat="50.457097" lon="-104.537038">
<ele>559.5</ele>
<time>2026-08-25T06:15:30.491-06:00</time>
<extensions>
<gpxtpx:TrackPointExtension>
<gpxtpx:speed>5.43</gpxtpx:speed>
</gpxtpx:TrackPointExtension>
<opentracks:accuracy_horizontal>3.97</opentracks:accuracy_horizontal></extensions>
</trkpt>
<trkpt lat="50.457005" lon="-104.536959">
<ele>559.7</ele>
<time>2026-08-25T06:15:32.48-06:00</time>
<extensions>
<gpxtpx:TrackPointExtension>
<gpxtpx:speed>5.23</gpxtpx:speed>
</gpxtpx:TrackPointExtension>
<opentracks:accuracy_horizontal>3.846</opentracks:accuracy_horizontal></extensions>
</trkpt>
<trkpt lat="50.456918" lon="-104.536861">
<ele>560.2</ele>
<time>2026-08-25T06:15:34.48-06:00</time>
<extensions>
<gpxtpx:TrackPointExtension>
<gpxtpx:speed>5.54</gpxtpx:speed>
</gpxtpx:TrackPointExtension>
<opentracks:accuracy_horizontal>3.825</opentracks:accuracy_horizontal></extensions>
</trkpt>
<trkpt lat="50.456826" lon="-104.536758">
<ele>560.2</ele>
<time>2026-08-25T06:15:36.481-06:00</time>
<extensions>
<gpxtpx:TrackPointExtension>
<gpxtpx:speed>5.3</gpxtpx:speed>
</gpxtpx:TrackPointExtension>
<opentracks:accuracy_horizontal>3.804</opentracks:accuracy_horizontal></extensions>
</trkpt>
<trkpt lat="50.456754" lon="-104.536648">
<ele>560.1</ele>
<time>2026-08-25T06:15:38.476-06:00</time>
<extensions>
<gpxtpx:TrackPointExtension>
<gpxtpx:speed>5.18</gpxtpx:speed>
</gpxtpx:TrackPointExtension>
<opentracks:accuracy_horizontal>3.912</opentracks:accuracy_horizontal></extensions>
</trkpt>
<trkpt lat="50.456695" lon="-104.536521">
<ele>560.2</ele>
<time>2026-08-25T06:15:40.476-06:00</time>
<extensions>
<gpxtpx:TrackPointExtension>
<gpxtpx:speed>5.43</gpxtpx:speed>
</gpxtpx:TrackPointExtension>
<opentracks:accuracy_horizontal>3.857</opentracks:accuracy_horizontal></extensions>
</trkpt>
<trkpt lat="50.456645" lon="-104.536378">
<ele>560.4</ele>
<time>2026-08-25T06:15:42.489-06:00</time>
<extensions>
<gpxtpx:TrackPointExtension>
<gpxtpx:speed>5.79</gpxtpx:speed>
</gpxtpx:TrackPointExtension>
<opentracks:accuracy_horizontal>3.856</opentracks:accuracy_horizontal></extensions>
</trkpt>
<trkpt lat="50.456599" lon="-104.536233">
<ele>560.9</ele>
<time>2026-08-25T06:15:44.479-06:00</time>
<extensions>
<gpxtpx:TrackPointExtension>
<gpxtpx:speed>5.62</gpxtpx:speed>
</gpxtpx:TrackPointExtension>
<opentracks:accuracy_horizontal>3.927</opentracks:accuracy_horizontal></extensions>
</trkpt>
<trkpt lat="50.456565" lon="-104.53608">
<ele>561.2</ele>
<time>2026-08-25T06:15:46.481-06:00</time>
<extensions>
<gpxtpx:TrackPointExtension>
<gpxtpx:speed>5.79</gpxtpx:speed>
</gpxtpx:TrackPointExtension>
<opentracks:accuracy_horizontal>3.789</opentracks:accuracy_horizontal></extensions>
</trkpt>
<trkpt lat="50.456538" lon="-104.535921">
<ele>561.5</ele>
<time>2026-08-25T06:15:48.482-06:00</time>
<extensions>
<gpxtpx:TrackPointExtension>
<gpxtpx:speed>5.86</gpxtpx:speed>
</gpxtpx:TrackPointExtension>
<opentracks:accuracy_horizontal>3.757</opentracks:accuracy_horizontal></extensions>
</trkpt>
<trkpt lat="50.456509" lon="-104.535758">
<ele>561.6</ele>
<time>2026-08-25T06:15:50.479-06:00</time>
<extensions>
<gpxtpx:TrackPointExtension>
<gpxtpx:speed>5.93</gpxtpx:speed>
</gpxtpx:TrackPointExtension>
<opentracks:accuracy_horizontal>3.73</opentracks:accuracy_horizontal></extensions>
</trkpt>
<trkpt lat="50.456478" lon="-104.535599">
<ele>562</ele>
<time>2026-08-25T06:15:52.481-06:00</time>
<extensions>
<gpxtpx:TrackPointExtension>
<gpxtpx:speed>5.8</gpxtpx:speed>
</gpxtpx:TrackPointExtension>
<opentracks:accuracy_horizontal>3.76</opentracks:accuracy_horizontal></extensions>
</trkpt>
<trkpt lat="50.456448" lon="-104.535449">
<ele>561.9</ele>
<time>2026-08-25T06:15:54.482-06:00</time>
<extensions>
<gpxtpx:TrackPointExtension>
<gpxtpx:speed>5.72</gpxtpx:speed>
</gpxtpx:TrackPointExtension>
<opentracks:accuracy_horizontal>3.742</opentracks:accuracy_horizontal></extensions>
</trkpt>
<trkpt lat="50.456426" lon="-104.535297">
<ele>562</ele>
<time>2026-08-25T06:15:56.487-06:00</time>
<extensions>
<gpxtpx:TrackPointExtension>
<gpxtpx:speed>5.46</gpxtpx:speed>
</gpxtpx:TrackPointExtension>
<opentracks:accuracy_horizontal>3.626</opentracks:accuracy_horizontal></extensions>
</trkpt>
<trkpt lat="50.456406" lon="-104.535157">
<ele>562.2</ele>
<time>2026-08-25T06:15:58.479-06:00</time>
<extensions>
<gpxtpx:TrackPointExtension>
<gpxtpx:speed>5.47</gpxtpx:speed>
</gpxtpx:TrackPointExtension>
<opentracks:accuracy_horizontal>3.743</opentracks:accuracy_horizontal></extensions>
</trkpt>
<trkpt lat="50.456389" lon="-104.535005">
<ele>561.8</ele>
<time>2026-08-25T06:16:00.488-06:00</time>
<extensions>
<gpxtpx:TrackPointExtension>
<gpxtpx:speed>4.98</gpxtpx:speed>
</gpxtpx:TrackPointExtension>
<opentracks:accuracy_horizontal>3.933</opentracks:accuracy_horizontal></extensions>
</trkpt>
<trkpt lat="50.45636" lon="-104.534797">
<ele>561.8</ele>
<time>2026-08-25T06:16:03.468-06:00</time>
<extensions>
<gpxtpx:TrackPointExtension>
<gpxtpx:speed>5.35</gpxtpx:speed>
</gpxtpx:TrackPointExtension>
<opentracks:accuracy_horizontal>4.077</opentracks:accuracy_horizontal></extensions>
</trkpt>
<trkpt lat="50.456345" lon="-104.534618">
<ele>562.3</ele>
<time>2026-08-25T06:16:05.474-06:00</time>
<extensions>
<gpxtpx:TrackPointExtension>
<gpxtpx:speed>6.12</gpxtpx:speed>
</gpxtpx:TrackPointExtension>
<opentracks:accuracy_horizontal>3.93</opentracks:accuracy_horizontal></extensions>
</trkpt>
<trkpt lat="50.456321" lon="-104.534462">
<ele>561.9</ele>
<time>2026-08-25T06:16:07.479-06:00</time>
<extensions>
<gpxtpx:TrackPointExtension>
<gpxtpx:speed>5.08</gpxtpx:speed>
</gpxtpx:TrackPointExtension>
<opentracks:accuracy_horizontal>4.062</opentracks:accuracy_horizontal></extensions>
</trkpt>
<trkpt lat="50.456268" lon="-104.534294">
<ele>561.5</ele>
<time>2026-08-25T06:16:10.474-06:00</time>
<extensions>
<gpxtpx:TrackPointExtension>
<gpxtpx:speed>4.06</gpxtpx:speed>
</gpxtpx:TrackPointExtension>
<opentracks:accuracy_horizontal>3.878</opentracks:accuracy_horizontal></extensions>
</trkpt>
<trkpt lat="50.456252" lon="-104.534138">
<ele>561.4</ele>
<time>2026-08-25T06:16:14.501-06:00</time>
<extensions>
<gpxtpx:TrackPointExtension>
<gpxtpx:speed>2.31</gpxtpx:speed>
</gpxtpx:TrackPointExtension>
<opentracks:accuracy_horizontal>3.79</opentracks:accuracy_horizontal></extensions>
</trkpt>
<trkpt lat="50.456164" lon="-104.534095">
<ele>560.7</ele>
<time>2026-08-25T06:16:18.479-06:00</time>
<extensions>
<gpxtpx:TrackPointExtension>
<gpxtpx:speed>2.7</gpxtpx:speed>
</gpxtpx:TrackPointExtension>
<opentracks:accuracy_horizontal>4.117</opentracks:accuracy_horizontal></extensions>
</trkpt>
<trkpt lat="50.456114" lon="-104.534218">
<ele>560.7</ele>
<time>2026-08-25T06:16:21.49-06:00</time>
<extensions>
<gpxtpx:TrackPointExtension>
<gpxtpx:speed>2.26</gpxtpx:speed>
</gpxtpx:TrackPointExtension>
<opentracks:accuracy_horizontal>4.623</opentracks:accuracy_horizontal></extensions>
</trkpt>
<trkpt lat="50.456024" lon="-104.534336">
<ele>560.6</ele>
<time>2026-08-25T06:16:25.484-06:00</time>
<extensions>
<gpxtpx:TrackPointExtension>
<gpxtpx:speed>3.98</gpxtpx:speed>
</gpxtpx:TrackPointExtension>
<opentracks:accuracy_horizontal>4.219</opentracks:accuracy_horizontal></extensions>
</trkpt>
<trkpt lat="50.455963" lon="-104.534442">
<ele>560</ele>
<time>2026-08-25T06:16:27.48-06:00</time>
<extensions>
<gpxtpx:TrackPointExtension>
<gpxtpx:speed>4.92</gpxtpx:speed>
</gpxtpx:TrackPointExtension>
<opentracks:accuracy_horizontal>3.958</opentracks:accuracy_horizontal></extensions>
</trkpt>
<trkpt lat="50.455869" lon="-104.534525">
<ele>559.6</ele>
<time>2026-08-25T06:16:29.492-06:00</time>
<extensions>
<gpxtpx:TrackPointExtension>
<gpxtpx:speed>5.66</gpxtpx:speed>
</gpxtpx:TrackPointExtension>
<opentracks:accuracy_horizontal>3.918</opentracks:accuracy_horizontal></extensions>
</trkpt>
<trkpt lat="50.455779" lon="-104.534631">
<ele>559.5</ele>
<time>2026-08-25T06:16:31.482-06:00</time>
<extensions>
<gpxtpx:TrackPointExtension>
<gpxtpx:speed>5.98</gpxtpx:speed>
</gpxtpx:TrackPointExtension>
<opentracks:accuracy_horizontal>3.911</opentracks:accuracy_horizontal></extensions>
</trkpt>
<trkpt lat="50.455725" lon="-104.534792">
<ele>559.6</ele>
<time>2026-08-25T06:16:33.48-06:00</time>
<extensions>
<gpxtpx:TrackPointExtension>
<gpxtpx:speed>6.21</gpxtpx:speed>
</gpxtpx:TrackPointExtension>
<opentracks:accuracy_horizontal>3.935</opentracks:accuracy_horizontal></extensions>
</trkpt>
<trkpt lat="50.455739" lon="-104.535004">
<ele>559.2</ele>
<time>2026-08-25T06:16:35.491-06:00</time>
<extensions>
<gpxtpx:TrackPointExtension>
<gpxtpx:speed>6.82</gpxtpx:speed>
</gpxtpx:TrackPointExtension>
<opentracks:accuracy_horizontal>4</opentracks:accuracy_horizontal></extensions>
</trkpt>
<trkpt lat="50.455795" lon="-104.535186">
<ele>558.5</ele>
<time>2026-08-25T06:16:37.479-06:00</time>
<extensions>
<gpxtpx:TrackPointExtension>
<gpxtpx:speed>6.2</gpxtpx:speed>
</gpxtpx:TrackPointExtension>
<opentracks:accuracy_horizontal>3.796</opentracks:accuracy_horizontal></extensions>
</trkpt>
<trkpt lat="50.455837" lon="-104.535332">
<ele>558.4</ele>
<time>2026-08-25T06:16:39.482-06:00</time>
<extensions>
<gpxtpx:TrackPointExtension>
<gpxtpx:speed>5.91</gpxtpx:speed>
</gpxtpx:TrackPointExtension>
<opentracks:accuracy_horizontal>3.71</opentracks:accuracy_horizontal></extensions>
</trkpt>
<trkpt lat="50.455869" lon="-104.535484">
<ele>558.3</ele>
<time>2026-08-25T06:16:41.486-06:00</time>
<extensions>
<gpxtpx:TrackPointExtension>
<gpxtpx:speed>5.53</gpxtpx:speed>
</gpxtpx:TrackPointExtension>
<opentracks:accuracy_horizontal>3.652</opentracks:accuracy_horizontal></extensions>
</trkpt>
<trkpt lat="50.455887" lon="-104.535632">
<ele>558.1</ele>
<time>2026-08-25T06:16:43.483-06:00</time>
<extensions>
<gpxtpx:TrackPointExtension>
<gpxtpx:speed>5.43</gpxtpx:speed>
</gpxtpx:TrackPointExtension>
<opentracks:accuracy_horizontal>3.728</opentracks:accuracy_horizontal></extensions>
</trkpt>
<trkpt lat="50.455901" lon="-104.53579">
<ele>557.9</ele>
<time>2026-08-25T06:16:45.485-06:00</time>
<extensions>
<gpxtpx:TrackPointExtension>
<gpxtpx:speed>5.48</gpxtpx:speed>
</gpxtpx:TrackPointExtension>
<opentracks:accuracy_horizontal>3.603</opentracks:accuracy_horizontal></extensions>
</trkpt>
<trkpt lat="50.455907" lon="-104.535948">
<ele>557.7</ele>
<time>2026-08-25T06:16:47.477-06:00</time>
<extensions>
<gpxtpx:TrackPointExtension>
<gpxtpx:speed>5.17</gpxtpx:speed>
</gpxtpx:TrackPointExtension>
<opentracks:accuracy_horizontal>3.666</opentracks:accuracy_horizontal></extensions>
</trkpt>
<trkpt lat="50.455909" lon="-104.536095">
<ele>558.2</ele>
<time>2026-08-25T06:16:49.49-06:00</time>
<extensions>
<gpxtpx:TrackPointExtension>
<gpxtpx:speed>5.01</gpxtpx:speed>
</gpxtpx:TrackPointExtension>
<opentracks:accuracy_horizontal>3.593</opentracks:accuracy_horizontal></extensions>
</trkpt>
<trkpt lat="50.455894" lon="-104.53624">
<ele>558.3</ele>
<time>2026-08-25T06:16:51.49-06:00</time>
<extensions>
<gpxtpx:TrackPointExtension>
<gpxtpx:speed>5.1</gpxtpx:speed>
</gpxtpx:TrackPointExtension>
<opentracks:accuracy_horizontal>3.604</opentracks:accuracy_horizontal></extensions>
</trkpt>
<trkpt lat="50.455867" lon="-104.536433">
<ele>558.7</ele>
<time>2026-08-25T06:16:54.465-06:00</time>
<extensions>
<gpxtpx:TrackPointExtension>
<gpxtpx:speed>4.42</gpxtpx:speed>
</gpxtpx:TrackPointExtension>
<opentracks:accuracy_horizontal>3.737</opentracks:accuracy_horizontal></extensions>
</trkpt>
<trkpt lat="50.455837" lon="-104.536616">
<ele>559</ele>
<time>2026-08-25T06:16:57.474-06:00</time>
<extensions>
<gpxtpx:TrackPointExtension>
<gpxtpx:speed>4.35</gpxtpx:speed>
</gpxtpx:TrackPointExtension>
<opentracks:accuracy_horizontal>3.771</opentracks:accuracy_horizontal></extensions>
</trkpt>
<trkpt lat="50.4558" lon="-104.536799">
<ele>558.7</ele>
<time>2026-08-25T06:17:00.48-06:00</time>
<extensions>
<gpxtpx:TrackPointExtension>
<gpxtpx:speed>3.51</gpxtpx:speed>
</gpxtpx:TrackPointExtension>
<opentracks:accuracy_horizontal>3.727</opentracks:accuracy_horizontal></extensions>
</trkpt>
<trkpt lat="50.455761" lon="-104.536991">
<ele>559.7</ele>
<time>2026-08-25T06:17:04.49-06:00</time>
<extensions>
<gpxtpx:TrackPointExtension>
<gpxtpx:speed>4.54</gpxtpx:speed>
</gpxtpx:TrackPointExtension>
<opentracks:accuracy_horizontal>3.803</opentracks:accuracy_horizontal></extensions>
</trkpt>
<trkpt lat="50.455682" lon="-104.537155">
<ele>560.1</ele>
<time>2026-08-25T06:17:07.483-06:00</time>
<extensions>
<gpxtpx:TrackPointExtension>
<gpxtpx:speed>4.23</gpxtpx:speed>
</gpxtpx:TrackPointExtension>
<opentracks:accuracy_horizontal>3.698</opentracks:accuracy_horizontal></extensions>
</trkpt>
<trkpt lat="50.455622" lon="-104.537278">
<ele>560.4</ele>
<time>2026-08-25T06:17:10.492-06:00</time>
<extensions>
<gpxtpx:TrackPointExtension>
<gpxtpx:speed>3.46</gpxtpx:speed>
</gpxtpx:TrackPointExtension>
<opentracks:accuracy_horizontal>3.585</opentracks:accuracy_horizontal></extensions>
</trkpt>
<trkpt lat="50.455547" lon="-104.53737">
<ele>561</ele>
<time>2026-08-25T06:17:13.493-06:00</time>
<extensions>
<gpxtpx:TrackPointExtension>
<gpxtpx:speed>3.27</gpxtpx:speed>
</gpxtpx:TrackPointExtension>
<opentracks:accuracy_horizontal>3.815</opentracks:accuracy_horizontal></extensions>
</trkpt>
<trkpt lat="50.455471" lon="-104.537502">
<ele>560.4</ele>
<time>2026-08-25T06:17:17.492-06:00</time>
<extensions>
<gpxtpx:TrackPointExtension>
<gpxtpx:speed>3.36</gpxtpx:speed>
</gpxtpx:TrackPointExtension>
<opentracks:accuracy_horizontal>3.543</opentracks:accuracy_horizontal></extensions>
</trkpt>
<trkpt lat="50.455377" lon="-104.537605">
<ele>560</ele>
<time>2026-08-25T06:17:21.474-06:00</time>
<extensions>
<gpxtpx:TrackPointExtension>
<gpxtpx:speed>2.97</gpxtpx:speed>
</gpxtpx:TrackPointExtension>
<opentracks:accuracy_horizontal>3.864</opentracks:accuracy_horizontal></extensions>
</trkpt>
<trkpt lat="50.455281" lon="-104.537642">
<ele>560.4</ele>
<time>2026-08-25T06:17:25.463-06:00</time>
<extensions>
<gpxtpx:TrackPointExtension>
<gpxtpx:speed>2.51</gpxtpx:speed>
</gpxtpx:TrackPointExtension>
<opentracks:accuracy_horizontal>3.767</opentracks:accuracy_horizontal></extensions>
</trkpt>
<trkpt lat="50.455181" lon="-104.537632">
<ele>560.1</ele>
<time>2026-08-25T06:17:30.491-06:00</time>
<extensions>
<gpxtpx:TrackPointExtension>
<gpxtpx:speed>2.23</gpxtpx:speed>
</gpxtpx:TrackPointExtension>
<opentracks:accuracy_horizontal>4.095</opentracks:accuracy_horizontal></extensions>
</trkpt>
<trkpt lat="50.45507" lon="-104.537641">
<ele>559.9</ele>
<time>2026-08-25T06:17:35.477-06:00</time>
<extensions>
<gpxtpx:TrackPointExtension>
<gpxtpx:speed>2.21</gpxtpx:speed>
</gpxtpx:TrackPointExtension>
<opentracks:accuracy_horizontal>4.761</opentracks:accuracy_horizontal></extensions>
</trkpt>
<trkpt lat="50.454957" lon="-104.537659">
<ele>559.2</ele>
<time>2026-08-25T06:17:39.486-06:00</time>
<extensions>
<gpxtpx:TrackPointExtension>
<gpxtpx:speed>3.96</gpxtpx:speed>
</gpxtpx:TrackPointExtension>
<opentracks:accuracy_horizontal>4.164</opentracks:accuracy_horizontal></extensions>
</trkpt>
<trkpt lat="50.454828" lon="-104.537717">
<ele>559.5</ele>
<time>2026-08-25T06:17:42.486-06:00</time>
<extensions>
<gpxtpx:TrackPointExtension>
<gpxtpx:speed>4.82</gpxtpx:speed>
</gpxtpx:TrackPointExtension>
<opentracks:accuracy_horizontal>3.894</opentracks:accuracy_horizontal></extensions>
</trkpt>
<trkpt lat="50.454713" lon="-104.537742">
<ele>559.1</ele>
<time>2026-08-25T06:17:45.475-06:00</time>
<extensions>
<gpxtpx:TrackPointExtension>
<gpxtpx:speed>4.1</gpxtpx:speed>
</gpxtpx:TrackPointExtension>
<opentracks:accuracy_horizontal>4.493</opentracks:accuracy_horizontal></extensions>
</trkpt>
<trkpt lat="50.454589" lon="-104.537712">
<ele>558.8</ele>
<time>2026-08-25T06:17:48.483-06:00</time>
<extensions>
<gpxtpx:TrackPointExtension>
<gpxtpx:speed>5.19</gpxtpx:speed>
</gpxtpx:TrackPointExtension>
<opentracks:accuracy_horizontal>4.409</opentracks:accuracy_horizontal></extensions>
</trkpt>
<trkpt lat="50.454484" lon="-104.53771">
<ele>558.7</ele>
<time>2026-08-25T06:17:50.49-06:00</time>
<extensions>
<gpxtpx:TrackPointExtension>
<gpxtpx:speed>5.13</gpxtpx:speed>
</gpxtpx:TrackPointExtension>
<opentracks:accuracy_horizontal>4.025</opentracks:accuracy_horizontal></extensions>
</trkpt>
<trkpt lat="50.454386" lon="-104.537712">
<ele>558.4</ele>
<time>2026-08-25T06:17:52.486-06:00</time>
<extensions>
<gpxtpx:TrackPointExtension>
<gpxtpx:speed>5.15</gpxtpx:speed>
</gpxtpx:TrackPointExtension>
<opentracks:accuracy_horizontal>4.095</opentracks:accuracy_horizontal></extensions>
</trkpt>
<trkpt lat="50.454288" lon="-104.537691">
<ele>557.8</ele>
<time>2026-08-25T06:17:54.48-06:00</time>
<extensions>
<gpxtpx:TrackPointExtension>
<gpxtpx:speed>5.18</gpxtpx:speed>
</gpxtpx:TrackPointExtension>
<opentracks:accuracy_horizontal>4.216</opentracks:accuracy_horizontal></extensions>
</trkpt>
<trkpt lat="50.454193" lon="-104.537654">
<ele>558</ele>
<time>2026-08-25T06:17:56.496-06:00</time>
<extensions>
<gpxtpx:TrackPointExtension>
<gpxtpx:speed>5.12</gpxtpx:speed>
</gpxtpx:TrackPointExtension>
<opentracks:accuracy_horizontal>4.324</opentracks:accuracy_horizontal></extensions>
</trkpt>
<trkpt lat="50.454091" lon="-104.537637">
<ele>557.4</ele>
<time>2026-08-25T06:17:58.49-06:00</time>
<extensions>
<gpxtpx:TrackPointExtension>
<gpxtpx:speed>6.04</gpxtpx:speed>
</gpxtpx:TrackPointExtension>
<opentracks:accuracy_horizontal>4.347</opentracks:accuracy_horizontal></extensions>
</trkpt>
<trkpt lat="50.453969" lon="-104.537619">
<ele>557.1</ele>
<time>2026-08-25T06:18:00.468-06:00</time>
<extensions>
<gpxtpx:TrackPointExtension>
<gpxtpx:speed>5.68</gpxtpx:speed>
</gpxtpx:TrackPointExtension>
<opentracks:accuracy_horizontal>4.361</opentracks:accuracy_horizontal></extensions>
</trkpt>
<trkpt lat="50.453867" lon="-104.537645">
<ele>558.4</ele>
<time>2026-08-25T06:18:02.482-06:00</time>
<extensions>
<gpxtpx:TrackPointExtension>
<gpxtpx:speed>5.26</gpxtpx:speed>
</gpxtpx:TrackPointExtension>
<opentracks:accuracy_horizontal>4.14</opentracks:accuracy_horizontal></extensions>
</trkpt>
<trkpt lat="50.453767" lon="-104.537669">
<ele>559.7</ele>
<time>2026-08-25T06:18:04.483-06:00</time>
<extensions>
<gpxtpx:TrackPointExtension>
<gpxtpx:speed>4.86</gpxtpx:speed>
</gpxtpx:TrackPointExtension>
<opentracks:accuracy_horizontal>3.956</opentracks:accuracy_horizontal></extensions>
</trkpt>
<trkpt lat="50.453645" lon="-104.537659">
<ele>560.1</ele>
<time>2026-08-25T06:18:07.485-06:00</time>
<extensions>
<gpxtpx:TrackPointExtension>
<gpxtpx:speed>4.3</gpxtpx:speed>
</gpxtpx:TrackPointExtension>
<opentracks:accuracy_horizontal>3.91</opentracks:accuracy_horizontal></extensions>
</trkpt>
<trkpt lat="50.453524" lon="-104.537587">
<ele>559.7</ele>
<time>2026-08-25T06:18:10.482-06:00</time>
<extensions>
<gpxtpx:TrackPointExtension>
<gpxtpx:speed>4.6</gpxtpx:speed>
</gpxtpx:TrackPointExtension>
<opentracks:accuracy_horizontal>3.963</opentracks:accuracy_horizontal></extensions>
</trkpt>
<trkpt lat="50.453414" lon="-104.537514">
<ele>560.3</ele>
<time>2026-08-25T06:18:13.486-06:00</time>
<extensions>
<gpxtpx:TrackPointExtension>
<gpxtpx:speed>4.26</gpxtpx:speed>
</gpxtpx:TrackPointExtension>
<opentracks:accuracy_horizontal>3.813</opentracks:accuracy_horizontal></extensions>
</trkpt>
<trkpt lat="50.453294" lon="-104.537467">
<ele>561.1</ele>
<time>2026-08-25T06:18:16.492-06:00</time>
<extensions>
<gpxtpx:TrackPointExtension>
<gpxtpx:speed>4.13</gpxtpx:speed>
</gpxtpx:TrackPointExtension>
<opentracks:accuracy_horizontal>3.942</opentracks:accuracy_horizontal></extensions>
</trkpt>
<trkpt lat="50.453191" lon="-104.537421">
<ele>561.5</ele>
<time>2026-08-25T06:18:19.491-06:00</time>
<extensions>
<gpxtpx:TrackPointExtension>
<gpxtpx:speed>4.04</gpxtpx:speed>
</gpxtpx:TrackPointExtension>
<opentracks:accuracy_horizontal>3.991</opentracks:accuracy_horizontal></extensions>
</trkpt>
<trkpt lat="50.453098" lon="-104.537383">
<ele>562</ele>
<time>2026-08-25T06:18:22.489-06:00</time>
<extensions>
<gpxtpx:TrackPointExtension>
<gpxtpx:speed>3.76</gpxtpx:speed>
</gpxtpx:TrackPointExtension>
<opentracks:accuracy_horizontal>4.036</opentracks:accuracy_horizontal></extensions>
</trkpt>
<trkpt lat="50.452996" lon="-104.537342">
<ele>562</ele>
<time>2026-08-25T06:18:25.488-06:00</time>
<extensions>
<gpxtpx:TrackPointExtension>
<gpxtpx:speed>3.49</gpxtpx:speed>
</gpxtpx:TrackPointExtension>
<opentracks:accuracy_horizontal>4.123</opentracks:accuracy_horizontal></extensions>
</trkpt>
<trkpt lat="50.452895" lon="-104.537245">
<ele>562</ele>
<time>2026-08-25T06:18:29.486-06:00</time>
<extensions>
<gpxtpx:TrackPointExtension>
<gpxtpx:speed>3.34</gpxtpx:speed>
</gpxtpx:TrackPointExtension>
<opentracks:accuracy_horizontal>3.864</opentracks:accuracy_horizontal></extensions>
</trkpt>
<trkpt lat="50.452809" lon="-104.537191">
<ele>561.3</ele>
<time>2026-08-25T06:18:32.478-06:00</time>
<extensions>
<gpxtpx:TrackPointExtension>
<gpxtpx:speed>3.65</gpxtpx:speed>
</gpxtpx:TrackPointExtension>
<opentracks:accuracy_horizontal>4.051</opentracks:accuracy_horizontal></extensions>
</trkpt>
<trkpt lat="50.452701" lon="-104.537161">
<ele>561.4</ele>
<time>2026-08-25T06:18:35.482-06:00</time>
<extensions>
<gpxtpx:TrackPointExtension>
<gpxtpx:speed>3.81</gpxtpx:speed>
</gpxtpx:TrackPointExtension>
<opentracks:accuracy_horizontal>3.884</opentracks:accuracy_horizontal></extensions>
</trkpt>
<trkpt lat="50.452596" lon="-104.537153">
<ele>561.8</ele>
<time>2026-08-25T06:18:38.474-06:00</time>
<extensions>
<gpxtpx:TrackPointExtension>
<gpxtpx:speed>3.78</gpxtpx:speed>
</gpxtpx:TrackPointExtension>
<opentracks:accuracy_horizontal>3.805</opentracks:accuracy_horizontal></extensions>
</trkpt>
<trkpt lat="50.45249" lon="-104.537139">
<ele>562.2</ele>
<time>2026-08-25T06:18:41.465-06:00</time>
<extensions>
<gpxtpx:TrackPointExtension>
<gpxtpx:speed>4</gpxtpx:speed>
</gpxtpx:TrackPointExtension>
<opentracks:accuracy_horizontal>3.798</opentracks:accuracy_horizontal></extensions>
</trkpt>
<trkpt lat="50.452384" lon="-104.537147">
<ele>562.2</ele>
<time>2026-08-25T06:18:44.475-06:00</time>
<extensions>
<gpxtpx:TrackPointExtension>
<gpxtpx:speed>4.06</gpxtpx:speed>
</gpxtpx:TrackPointExtension>
<opentracks:accuracy_horizontal>3.727</opentracks:accuracy_horizontal></extensions>
</trkpt>
<trkpt lat="50.452268" lon="-104.537158">
<ele>562.8</ele>
<time>2026-08-25T06:18:47.488-06:00</time>
<extensions>
<gpxtpx:TrackPointExtension>
<gpxtpx:speed>3.81</gpxtpx:speed>
</gpxtpx:TrackPointExtension>
<opentracks:accuracy_horizontal>3.726</opentracks:accuracy_horizontal></extensions>
</trkpt>
<trkpt lat="50.452166" lon="-104.53718">
<ele>562.7</ele>
<time>2026-08-25T06:18:50.488-06:00</time>
<extensions>
<gpxtpx:TrackPointExtension>
<gpxtpx:speed>3.5</gpxtpx:speed>
</gpxtpx:TrackPointExtension>
<opentracks:accuracy_horizontal>3.726</opentracks:accuracy_horizontal></extensions>
</trkpt>
<trkpt lat="50.452067" lon="-104.537243">
<ele>562.1</ele>
<time>2026-08-25T06:18:55.495-06:00</time>
<extensions>
<gpxtpx:TrackPointExtension>
<gpxtpx:speed>2.02</gpxtpx:speed>
</gpxtpx:TrackPointExtension>
<opentracks:accuracy_horizontal>4.223</opentracks:accuracy_horizontal></extensions>
</trkpt>
<trkpt lat="50.452038" lon="-104.537103">
<ele>560.9</ele>
<time>2026-08-25T06:19:01.489-06:00</time>
<extensions>
<gpxtpx:TrackPointExtension>
<gpxtpx:speed>1.13</gpxtpx:speed>
</gpxtpx:TrackPointExtension>
<opentracks:accuracy_horizontal>3.923</opentracks:accuracy_horizontal></extensions>
</trkpt>
<trkpt lat="50.452145" lon="-104.537058">
<ele>560.2</ele>
<time>2026-08-25T06:19:06.464-06:00</time>
<extensions>
<gpxtpx:TrackPointExtension>
<gpxtpx:speed>3.81</gpxtpx:speed>
</gpxtpx:TrackPointExtension>
<opentracks:accuracy_horizontal>4.387</opentracks:accuracy_horizontal></extensions>
</trkpt>
<trkpt lat="50.452246" lon="-104.537171">
<ele>559.4</ele>
<time>2026-08-25T06:19:09.49-06:00</time>
<extensions>
<gpxtpx:TrackPointExtension>
<gpxtpx:speed>4.01</gpxtpx:speed>
</gpxtpx:TrackPointExtension>
<opentracks:accuracy_horizontal>3.93</opentracks:accuracy_horizontal></extensions>
</trkpt>
<trkpt lat="50.452358" lon="-104.537162">
<ele>559.9</ele>
<time>2026-08-25T06:19:12.488-06:00</time>
<extensions>
<gpxtpx:TrackPointExtension>
<gpxtpx:speed>3.97</gpxtpx:speed>
</gpxtpx:TrackPointExtension>
<opentracks:accuracy_horizontal>3.726</opentracks:accuracy_horizontal></extensions>
</trkpt>
<trkpt lat="50.452471" lon="-104.537166">
<ele>559.6</ele>
<time>2026-08-25T06:19:15.487-06:00</time>
<extensions>
<gpxtpx:TrackPointExtension>
<gpxtpx:speed>4.02</gpxtpx:speed>
</gpxtpx:TrackPointExtension>
<opentracks:accuracy_horizontal>3.88</opentracks:accuracy_horizontal></extensions>
</trkpt>
<trkpt lat="50.45259" lon="-104.537185">
<ele>559.6</ele>
<time>2026-08-25T06:19:18.494-06:00</time>
<extensions>
<gpxtpx:TrackPointExtension>
<gpxtpx:speed>3.82</gpxtpx:speed>
</gpxtpx:TrackPointExtension>
<opentracks:accuracy_horizontal>3.8</opentracks:accuracy_horizontal></extensions>
</trkpt>
<trkpt lat="50.452687" lon="-104.537183">
<ele>559.6</ele>
<time>2026-08-25T06:19:21.481-06:00</time>
<extensions>
<gpxtpx:TrackPointExtension>
<gpxtpx:speed>3.8</gpxtpx:speed>
</gpxtpx:TrackPointExtension>
<opentracks:accuracy_horizontal>3.98</opentracks:accuracy_horizontal></extensions>
</trkpt>
<trkpt lat="50.452789" lon="-104.537171">
<ele>559.2</ele>
<time>2026-08-25T06:19:24.49-06:00</time>
<extensions>
<gpxtpx:TrackPointExtension>
<gpxtpx:speed>3.55</gpxtpx:speed>
</gpxtpx:TrackPointExtension>
<opentracks:accuracy_horizontal>4.115</opentracks:accuracy_horizontal></extensions>
</trkpt>
<trkpt lat="50.452866" lon="-104.537064">
<ele>559.5</ele>
<time>2026-08-25T06:19:27.481-06:00</time>
<extensions>
<gpxtpx:TrackPointExtension>
<gpxtpx:speed>3.99</gpxtpx:speed>
</gpxtpx:TrackPointExtension>
<opentracks:accuracy_horizontal>4.187</opentracks:accuracy_horizontal></extensions>
</trkpt>
<trkpt lat="50.452919" lon="-104.536915">
<ele>560.1</ele>
<time>2026-08-25T06:19:30.475-06:00</time>
<extensions>
<gpxtpx:TrackPointExtension>
<gpxtpx:speed>3.75</gpxtpx:speed>
</gpxtpx:TrackPointExtension>
<opentracks:accuracy_horizontal>4.047</opentracks:accuracy_horizontal></extensions>
</trkpt>
<trkpt lat="50.452945" lon="-104.536739">
<ele>560.1</ele>
<time>2026-08-25T06:19:33.493-06:00</time>
<extensions>
<gpxtpx:TrackPointExtension>
<gpxtpx:speed>3.64</gpxtpx:speed>
</gpxtpx:TrackPointExtension>
<opentracks:accuracy_horizontal>3.726</opentracks:accuracy_horizontal></extensions>
</trkpt>
<trkpt lat="50.452966" lon="-104.536565">
<ele>560.2</ele>
<time>2026-08-25T06:19:37.476-06:00</time>
<extensions>
<gpxtpx:TrackPointExtension>
<gpxtpx:speed>3.26</gpxtpx:speed>
</gpxtpx:TrackPointExtension>
<opentracks:accuracy_horizontal>3.726</opentracks:accuracy_horizontal></extensions>
</trkpt>
<trkpt lat="50.453" lon="-104.536398">
<ele>559.6</ele>
<time>2026-08-25T06:19:41.472-06:00</time>
<extensions>
<gpxtpx:TrackPointExtension>
<gpxtpx:speed>2.89</gpxtpx:speed>
</gpxtpx:TrackPointExtension>
<opentracks:accuracy_horizontal>3.726</opentracks:accuracy_horizontal></extensions>
</trkpt>
<trkpt lat="50.453036" lon="-104.536266">
<ele>559.5</ele>
<time>2026-08-25T06:19:45.488-06:00</time>
<extensions>
<gpxtpx:TrackPointExtension>
<gpxtpx:speed>2.72</gpxtpx:speed>
</gpxtpx:TrackPointExtension>
<opentracks:accuracy_horizontal>3.726</opentracks:accuracy_horizontal></extensions>
</trkpt>
<trkpt lat="50.453074" lon="-104.536073">
<ele>558.9</ele>
<time>2026-08-25T06:19:49.494-06:00</time>
<extensions>
<gpxtpx:TrackPointExtension>
<gpxtpx:speed>3.91</gpxtpx:speed>
</gpxtpx:TrackPointExtension>
<opentracks:accuracy_horizontal>3.837</opentracks:accuracy_horizontal></extensions>
</trkpt>
<trkpt lat="50.453099" lon="-104.535918">
<ele>558.4</ele>
<time>2026-08-25T06:19:51.482-06:00</time>
<extensions>
<gpxtpx:TrackPointExtension>
<gpxtpx:speed>5.4</gpxtpx:speed>
</gpxtpx:TrackPointExtension>
<opentracks:accuracy_horizontal>3.973</opentracks:accuracy_horizontal></extensions>
</trkpt>
<trkpt lat="50.453139" lon="-104.535746">
<ele>559.1</ele>
<time>2026-08-25T06:19:53.477-06:00</time>
<extensions>
<gpxtpx:TrackPointExtension>
<gpxtpx:speed>5.93</gpxtpx:speed>
</gpxtpx:TrackPointExtension>
<opentracks:accuracy_horizontal>3.726</opentracks:accuracy_horizontal></extensions>
</trkpt>
<trkpt lat="50.453204" lon="-104.5356">
<ele>559.2</ele>
<time>2026-08-25T06:19:55.481-06:00</time>
<extensions>
<gpxtpx:TrackPointExtension>
<gpxtpx:speed>6.33</gpxtpx:speed>
</gpxtpx:TrackPointExtension>
<opentracks:accuracy_horizontal>3.783</opentracks:accuracy_horizontal></extensions>
</trkpt>
<trkpt lat="50.453272" lon="-104.535448">
<ele>559.3</ele>
<time>2026-08-25T06:19:57.497-06:00</time>
<extensions>
<gpxtpx:TrackPointExtension>
<gpxtpx:speed>6.14</gpxtpx:speed>
</gpxtpx:TrackPointExtension>
<opentracks:accuracy_horizontal>3.895</opentracks:accuracy_horizontal></extensions>
</trkpt>
<trkpt lat="50.4533" lon="-104.535254">
<ele>559.4</ele>
<time>2026-08-25T06:19:59.497-06:00</time>
<extensions>
<gpxtpx:TrackPointExtension>
<gpxtpx:speed>6.5</gpxtpx:speed>
</gpxtpx:TrackPointExtension>
<opentracks:accuracy_horizontal>3.692</opentracks:accuracy_horizontal></extensions>
</trkpt>
<trkpt lat="50.453291" lon="-104.535079">
<ele>558</ele>
<time>2026-08-25T06:20:01.482-06:00</time>
<extensions>
<gpxtpx:TrackPointExtension>
<gpxtpx:speed>5.58</gpxtpx:speed>
</gpxtpx:TrackPointExtension>
<opentracks:accuracy_horizontal>3.591</opentracks:accuracy_horizontal></extensions>
</trkpt>
<trkpt lat="50.453261" lon="-104.534914">
<ele>558.5</ele>
<time>2026-08-25T06:20:03.492-06:00</time>
<extensions>
<gpxtpx:TrackPointExtension>
<gpxtpx:speed>6.29</gpxtpx:speed>
</gpxtpx:TrackPointExtension>
<opentracks:accuracy_horizontal>3.787</opentracks:accuracy_horizontal></extensions>
</trkpt>
<trkpt lat="50.453223" lon="-104.534743">
<ele>558.4</ele>
<time>2026-08-25T06:20:05.503-06:00</time>
<extensions>
<gpxtpx:TrackPointExtension>
<gpxtpx:speed>6.34</gpxtpx:speed>
</gpxtpx:TrackPointExtension>
<opentracks:accuracy_horizontal>3.654</opentracks:accuracy_horizontal></extensions>
</trkpt>
<trkpt lat="50.453222" lon="-104.534572">
<ele>558.2</ele>
<time>2026-08-25T06:20:07.484-06:00</time>
<extensions>
<gpxtpx:TrackPointExtension>
<gpxtpx:speed>6.31</gpxtpx:speed>
</gpxtpx:TrackPointExtension>
<opentracks:accuracy_horizontal>3.585</opentracks:accuracy_horizontal></extensions>
</trkpt>
<trkpt lat="50.453239" lon="-104.534391">
<ele>558</ele>
<time>2026-08-25T06:20:09.498-06:00</time>
<extensions>
<gpxtpx:TrackPointExtension>
<gpxtpx:speed>6.72</gpxtpx:speed>
</gpxtpx:TrackPointExtension>
<opentracks:accuracy_horizontal>3.554</opentracks:accuracy_horizontal></extensions>
</trkpt>
<trkpt lat="50.453253" lon="-104.534195">
<ele>557.9</ele>
<time>2026-08-25T06:20:11.503-06:00</time>
<extensions>
<gpxtpx:TrackPointExtension>
<gpxtpx:speed>6.56</gpxtpx:speed>
</gpxtpx:TrackPointExtension>
<opentracks:accuracy_horizontal>3.534</opentracks:accuracy_horizontal></extensions>
</trkpt>
<trkpt lat="50.45328" lon="-104.53402">
<ele>558</ele>
<time>2026-08-25T06:20:13.484-06:00</time>
<extensions>
<gpxtpx:TrackPointExtension>
<gpxtpx:speed>6.33</gpxtpx:speed>
</gpxtpx:TrackPointExtension>
<opentracks:accuracy_horizontal>3.692</opentracks:accuracy_horizontal></extensions>
</trkpt>
<trkpt lat="50.453306" lon="-104.533835">
<ele>557.8</ele>
<time>2026-08-25T06:20:15.485-06:00</time>
<extensions>
<gpxtpx:TrackPointExtension>
<gpxtpx:speed>6.74</gpxtpx:speed>
</gpxtpx:TrackPointExtension>
<opentracks:accuracy_horizontal>3.534</opentracks:accuracy_horizontal></extensions>
</trkpt>
<trkpt lat="50.453321" lon="-104.533628">
<ele>558</ele>
<time>2026-08-25T06:20:17.475-06:00</time>
<extensions>
<gpxtpx:TrackPointExtension>
<gpxtpx:speed>6.71</gpxtpx:speed>
</gpxtpx:TrackPointExtension>
<opentracks:accuracy_horizontal>3.692</opentracks:accuracy_horizontal></extensions>
</trkpt>
<trkpt lat="50.453315" lon="-104.533439">
<ele>558.7</ele>
<time>2026-08-25T06:20:19.49-06:00</time>
<extensions>
<gpxtpx:TrackPointExtension>
<gpxtpx:speed>6.29</gpxtpx:speed>
</gpxtpx:TrackPointExtension>
<opentracks:accuracy_horizontal>3.692</opentracks:accuracy_horizontal></extensions>
</trkpt>
<trkpt lat="50.453288" lon="-104.53326">
<ele>559.4</ele>
<time>2026-08-25T06:20:21.479-06:00</time>
<extensions>
<gpxtpx:TrackPointExtension>
<gpxtpx:speed>6.93</gpxtpx:speed>
</gpxtpx:TrackPointExtension>
<opentracks:accuracy_horizontal>3.691</opentracks:accuracy_horizontal></extensions>
</trkpt>
<trkpt lat="50.453238" lon="-104.533074">
<ele>559.4</ele>
<time>2026-08-25T06:20:23.5-06:00</time>
<extensions>
<gpxtpx:TrackPointExtension>
<gpxtpx:speed>6.67</gpxtpx:speed>
</gpxtpx:TrackPointExtension>
<opentracks:accuracy_horizontal>3.534</opentracks:accuracy_horizontal></extensions>
</trkpt>
<trkpt lat="50.45316" lon="-104.532927">
<ele>559.4</ele>
<time>2026-08-25T06:20:25.465-06:00</time>
<extensions>
<gpxtpx:TrackPointExtension>
<gpxtpx:speed>6.34</gpxtpx:speed>
</gpxtpx:TrackPointExtension>
<opentracks:accuracy_horizontal>3.515</opentracks:accuracy_horizontal></extensions>
</trkpt>
<trkpt lat="50.453063" lon="-104.532799">
<ele>559.5</ele>
<time>2026-08-25T06:20:27.487-06:00</time>
<extensions>
<gpxtpx:TrackPointExtension>
<gpxtpx:speed>7.15</gpxtpx:speed>
</gpxtpx:TrackPointExtension>
<opentracks:accuracy_horizontal>3.649</opentracks:accuracy_horizontal></extensions>
</trkpt>
<trkpt lat="50.452939" lon="-104.5327">
<ele>558.6</ele>
<time>2026-08-25T06:20:29.498-06:00</time>
<extensions>
<gpxtpx:TrackPointExtension>
<gpxtpx:speed>6.53</gpxtpx:speed>
</gpxtpx:TrackPointExtension>
<opentracks:accuracy_horizontal>3.726</opentracks:accuracy_horizontal></extensions>
</trkpt>
<trkpt lat="50.452822" lon="-104.532674">
<ele>559.1</ele>
<time>2026-08-25T06:20:31.483-06:00</time>
<extensions>
<gpxtpx:TrackPointExtension>
<gpxtpx:speed>6.31</gpxtpx:speed>
</gpxtpx:TrackPointExtension>
<opentracks:accuracy_horizontal>3.726</opentracks:accuracy_horizontal></extensions>
</trkpt>
<trkpt lat="50.452708" lon="-104.532695">
<ele>558.9</ele>
<time>2026-08-25T06:20:33.494-06:00</time>
<extensions>
<gpxtpx:TrackPointExtension>
<gpxtpx:speed>6.14</gpxtpx:speed>
</gpxtpx:TrackPointExtension>
<opentracks:accuracy_horizontal>3.898</opentracks:accuracy_horizontal></extensions>
</trkpt>
<trkpt lat="50.452596" lon="-104.532729">
<ele>559.3</ele>
<time>2026-08-25T06:20:35.498-06:00</time>
<extensions>
<gpxtpx:TrackPointExtension>
<gpxtpx:speed>5.81</gpxtpx:speed>
</gpxtpx:TrackPointExtension>
<opentracks:accuracy_horizontal>3.836</opentracks:accuracy_horizontal></extensions>
</trkpt>
<trkpt lat="50.452496" lon="-104.532753">
<ele>558.9</ele>
<time>2026-08-25T06:20:37.494-06:00</time>
<extensions>
<gpxtpx:TrackPointExtension>
<gpxtpx:speed>5.15</gpxtpx:speed>
</gpxtpx:TrackPointExtension>
<opentracks:accuracy_horizontal>3.725</opentracks:accuracy_horizontal></extensions>
</trkpt>
<trkpt lat="50.452405" lon="-104.532746">
<ele>559.6</ele>
<time>2026-08-25T06:20:39.482-06:00</time>
<extensions>
<gpxtpx:TrackPointExtension>
<gpxtpx:speed>4.41</gpxtpx:speed>
</gpxtpx:TrackPointExtension>
<opentracks:accuracy_horizontal>3.806</opentracks:accuracy_horizontal></extensions>
</trkpt>
<trkpt lat="50.45229" lon="-104.532712">
<ele>559.6</ele>
<time>2026-08-25T06:20:42.499-06:00</time>
<extensions>
<gpxtpx:TrackPointExtension>
<gpxtpx:speed>4.37</gpxtpx:speed>
</gpxtpx:TrackPointExtension>
<opentracks:accuracy_horizontal>3.725</opentracks:accuracy_horizontal></extensions>
</trkpt>
<trkpt lat="50.452183" lon="-104.532736">
<ele>560.5</ele>
<time>2026-08-25T06:20:45.493-06:00</time>
<extensions>
<gpxtpx:TrackPointExtension>
<gpxtpx:speed>3.97</gpxtpx:speed>
</gpxtpx:TrackPointExtension>
<opentracks:accuracy_horizontal>3.725</opentracks:accuracy_horizontal></extensions>
</trkpt>
<trkpt lat="50.452077" lon="-104.532801">
<ele>561.1</ele>
<time>2026-08-25T06:20:48.494-06:00</time>
<extensions>
<gpxtpx:TrackPointExtension>
<gpxtpx:speed>4.27</gpxtpx:speed>
</gpxtpx:TrackPointExtension>
<opentracks:accuracy_horizontal>3.532</opentracks:accuracy_horizontal></extensions>
</trkpt>
<trkpt lat="50.45197" lon="-104.532875">
<ele>561</ele>
<time>2026-08-25T06:20:51.487-06:00</time>
<extensions>
<gpxtpx:TrackPointExtension>
<gpxtpx:speed>3.98</gpxtpx:speed>
</gpxtpx:TrackPointExtension>
<opentracks:accuracy_horizontal>3.725</opentracks:accuracy_horizontal></extensions>
</trkpt>
<trkpt lat="50.451868" lon="-104.532927">
<ele>560.8</ele>
<time>2026-08-25T06:20:54.486-06:00</time>
<extensions>
<gpxtpx:TrackPointExtension>
<gpxtpx:speed>3.71</gpxtpx:speed>
</gpxtpx:TrackPointExtension>
<opentracks:accuracy_horizontal>3.725</opentracks:accuracy_horizontal></extensions>
</trkpt>
<trkpt lat="50.451765" lon="-104.532959">
<ele>561.5</ele>
<time>2026-08-25T06:20:58.469-06:00</time>
<extensions>
<gpxtpx:TrackPointExtension>
<gpxtpx:speed>2.67</gpxtpx:speed>
</gpxtpx:TrackPointExtension>
<opentracks:accuracy_horizontal>4.02</opentracks:accuracy_horizontal></extensions>
</trkpt>
<trkpt lat="50.451665" lon="-104.532954">
<ele>562.2</ele>
<time>2026-08-25T06:21:03.491-06:00</time>
<extensions>
<gpxtpx:TrackPointExtension>
<gpxtpx:speed>2.38</gpxtpx:speed>
</gpxtpx:TrackPointExtension>
<opentracks:accuracy_horizontal>4.013</opentracks:accuracy_horizontal></extensions>
</trkpt>
<trkpt lat="50.451556" lon="-104.532915">
<ele>562.4</ele>
<time>2026-08-25T06:21:07.482-06:00</time>
<extensions>
<gpxtpx:TrackPointExtension>
<gpxtpx:speed>2.81</gpxtpx:speed>
</gpxtpx:TrackPointExtension>
<opentracks:accuracy_horizontal>3.85</opentracks:accuracy_horizontal></extensions>
</trkpt>
<trkpt lat="50.451462" lon="-104.532893">
<ele>561</ele>
<time>2026-08-25T06:21:13.494-06:00</time>
<extensions>
<gpxtpx:TrackPointExtension>
<gpxtpx:speed>1.91</gpxtpx:speed>
</gpxtpx:TrackPointExtension>
<opentracks:accuracy_horizontal>3.961</opentracks:accuracy_horizontal></extensions>
</trkpt>
<trkpt lat="50.451378" lon="-104.532974">
<ele>560.5</ele>
<time>2026-08-25T06:21:20.491-06:00</time>
<extensions>
<gpxtpx:TrackPointExtension>
<gpxtpx:speed>1.92</gpxtpx:speed>
</gpxtpx:TrackPointExtension>
<opentracks:accuracy_horizontal>4.07</opentracks:accuracy_horizontal></extensions>
</trkpt>
<trkpt lat="50.45138" lon="-104.532799">
<ele>560.1</ele>
<time>2026-08-25T06:21:29.483-06:00</time>
<extensions>
<gpxtpx:TrackPointExtension>
<gpxtpx:speed>4.31</gpxtpx:speed>
</gpxtpx:TrackPointExtension>
<opentracks:accuracy_horizontal>4.02</opentracks:accuracy_horizontal></extensions>
</trkpt>
<trkpt lat="50.451329" lon="-104.532639">
<ele>560.5</ele>
<time>2026-08-25T06:21:31.488-06:00</time>
<extensions>
<gpxtpx:TrackPointExtension>
<gpxtpx:speed>6.31</gpxtpx:speed>
</gpxtpx:TrackPointExtension>
<opentracks:accuracy_horizontal>3.634</opentracks:accuracy_horizontal></extensions>
</trkpt>
<trkpt lat="50.451297" lon="-104.532415">
<ele>559.9</ele>
<time>2026-08-25T06:21:33.498-06:00</time>
<extensions>
<gpxtpx:TrackPointExtension>
<gpxtpx:speed>7.55</gpxtpx:speed>
</gpxtpx:TrackPointExtension>
<opentracks:accuracy_horizontal>3.725</opentracks:accuracy_horizontal></extensions>
</trkpt>
<trkpt lat="50.451285" lon="-104.532197">
<ele>559.4</ele>
<time>2026-08-25T06:21:35.489-06:00</time>
<extensions>
<gpxtpx:TrackPointExtension>
<gpxtpx:speed>7.36</gpxtpx:speed>
</gpxtpx:TrackPointExtension>
<opentracks:accuracy_horizontal>3.725</opentracks:accuracy_horizontal></extensions>
</trkpt>
<trkpt lat="50.451244" lon="-104.532002">
<ele>559.5</ele>
<time>2026-08-25T06:21:37.503-06:00</time>
<extensions>
<gpxtpx:TrackPointExtension>
<gpxtpx:speed>7.47</gpxtpx:speed>
</gpxtpx:TrackPointExtension>
<opentracks:accuracy_horizontal>3.725</opentracks:accuracy_horizontal></extensions>
</trkpt>
<trkpt lat="50.451196" lon="-104.531808">
<ele>560.2</ele>
<time>2026-08-25T06:21:39.489-06:00</time>
<extensions>
<gpxtpx:TrackPointExtension>
<gpxtpx:speed>7.37</gpxtpx:speed>
</gpxtpx:TrackPointExtension>
<opentracks:accuracy_horizontal>3.725</opentracks:accuracy_horizontal></extensions>
</trkpt>
<trkpt lat="50.45116" lon="-104.531603">
<ele>560.5</ele>
<time>2026-08-25T06:21:41.485-06:00</time>
<extensions>
<gpxtpx:TrackPointExtension>
<gpxtpx:speed>7.07</gpxtpx:speed>
</gpxtpx:TrackPointExtension>
<opentracks:accuracy_horizontal>3.725</opentracks:accuracy_horizontal></extensions>
</trkpt>
<trkpt lat="50.451117" lon="-104.531412">
<ele>561</ele>
<time>2026-08-25T06:21:43.498-06:00</time>
<extensions>
<gpxtpx:TrackPointExtension>
<gpxtpx:speed>7.33</gpxtpx:speed>
</gpxtpx:TrackPointExtension>
<opentracks:accuracy_horizontal>3.725</opentracks:accuracy_horizontal></extensions>
</trkpt>
<trkpt lat="50.451082" lon="-104.531216">
<ele>560.9</ele>
<time>2026-08-25T06:21:45.486-06:00</time>
<extensions>
<gpxtpx:TrackPointExtension>
<gpxtpx:speed>7.3</gpxtpx:speed>
</gpxtpx:TrackPointExtension>
<opentracks:accuracy_horizontal>3.725</opentracks:accuracy_horizontal></extensions>
</trkpt>
<trkpt lat="50.451044" lon="-104.531006">
<ele>561.2</ele>
<time>2026-08-25T06:21:47.488-06:00</time>
<extensions>
<gpxtpx:TrackPointExtension>
<gpxtpx:speed>7.54</gpxtpx:speed>
</gpxtpx:TrackPointExtension>
<opentracks:accuracy_horizontal>3.725</opentracks:accuracy_horizontal></extensions>
</trkpt>
<trkpt lat="50.451008" lon="-104.530796">
<ele>561.2</ele>
<time>2026-08-25T06:21:49.475-06:00</time>
<extensions>
<gpxtpx:TrackPointExtension>
<gpxtpx:speed>7.69</gpxtpx:speed>
</gpxtpx:TrackPointExtension>
<opentracks:accuracy_horizontal>3.725</opentracks:accuracy_horizontal></extensions>
</trkpt>
<trkpt lat="50.450986" lon="-104.530583">
<ele>561.2</ele>
<time>2026-08-25T06:21:51.491-06:00</time>
<extensions>
<gpxtpx:TrackPointExtension>
<gpxtpx:speed>7.31</gpxtpx:speed>
</gpxtpx:TrackPointExtension>
<opentracks:accuracy_horizontal>3.725</opentracks:accuracy_horizontal></extensions>
</trkpt>
<trkpt lat="50.450981" lon="-104.530372">
<ele>561.5</ele>
<time>2026-08-25T06:21:53.495-06:00</time>
<extensions>
<gpxtpx:TrackPointExtension>
<gpxtpx:speed>7.52</gpxtpx:speed>
</gpxtpx:TrackPointExtension>
<opentracks:accuracy_horizontal>3.516</opentracks:accuracy_horizontal></extensions>
</trkpt>
<trkpt lat="50.450956" lon="-104.530161">
<ele>561.7</ele>
<time>2026-08-25T06:21:55.485-06:00</time>
<extensions>
<gpxtpx:TrackPointExtension>
<gpxtpx:speed>7.7</gpxtpx:speed>
</gpxtpx:TrackPointExtension>
<opentracks:accuracy_horizontal>3.592</opentracks:accuracy_horizontal></extensions>
</trkpt>
<trkpt lat="50.450921" lon="-104.529951">
<ele>561.5</ele>
<time>2026-08-25T06:21:57.49-06:00</time>
<extensions>
<gpxtpx:TrackPointExtension>
<gpxtpx:speed>7.43</gpxtpx:speed>
</gpxtpx:TrackPointExtension>
<opentracks:accuracy_horizontal>3.725</opentracks:accuracy_horizontal></extensions>
</trkpt>
<trkpt lat="50.450879" lon="-104.529738">
<ele>561.2</ele>
<time>2026-08-25T06:21:59.508-06:00</time>
<extensions>
<gpxtpx:TrackPointExtension>
<gpxtpx:speed>7.97</gpxtpx:speed>
</gpxtpx:TrackPointExtension>
<opentracks:accuracy_horizontal>3.725</opentracks:accuracy_horizontal></extensions>
</trkpt>
<trkpt lat="50.450845" lon="-104.529539">
<ele>561.7</ele>
<time>2026-08-25T06:22:01.482-06:00</time>
<extensions>
<gpxtpx:TrackPointExtension>
<gpxtpx:speed>6.98</gpxtpx:speed>
</gpxtpx:TrackPointExtension>
<opentracks:accuracy_horizontal>3.725</opentracks:accuracy_horizontal></extensions>
</trkpt>
<trkpt lat="50.450809" lon="-104.529334">
<ele>562.3</ele>
<time>2026-08-25T06:22:03.478-06:00</time>
<extensions>
<gpxtpx:TrackPointExtension>
<gpxtpx:speed>7.74</gpxtpx:speed>
</gpxtpx:TrackPointExtension>
<opentracks:accuracy_horizontal>3.725</opentracks:accuracy_horizontal></extensions>
</trkpt>
<trkpt lat="50.45077" lon="-104.529105">
<ele>562.9</ele>
<time>2026-08-25T06:22:05.477-06:00</time>
<extensions>
<gpxtpx:TrackPointExtension>
<gpxtpx:speed>8.05</gpxtpx:speed>
</gpxtpx:TrackPointExtension>
<opentracks:accuracy_horizontal>3.688</opentracks:accuracy_horizontal></extensions>
</trkpt>
<trkpt lat="50.450727" lon="-104.528896">
<ele>562.5</ele>
<time>2026-08-25T06:22:07.49-06:00</time>
<extensions>
<gpxtpx:TrackPointExtension>
<gpxtpx:speed>7.74</gpxtpx:speed>
</gpxtpx:TrackPointExtension>
<opentracks:accuracy_horizontal>3.688</opentracks:accuracy_horizontal></extensions>
</trkpt>
<trkpt lat="50.450691" lon="-104.528684">
<ele>562.5</ele>
<time>2026-08-25T06:22:09.486-06:00</time>
<extensions>
<gpxtpx:TrackPointExtension>
<gpxtpx:speed>8.01</gpxtpx:speed>
</gpxtpx:TrackPointExtension>
<opentracks:accuracy_horizontal>3.533</opentracks:accuracy_horizontal></extensions>
</trkpt>
<trkpt lat="50.450618" lon="-104.528481">
<ele>562.6</ele>
<time>2026-08-25T06:22:11.49-06:00</time>
<extensions>
<gpxtpx:TrackPointExtension>
<gpxtpx:speed>8.4</gpxtpx:speed>
</gpxtpx:TrackPointExtension>
<opentracks:accuracy_horizontal>3.516</opentracks:accuracy_horizontal></extensions>
</trkpt>
<trkpt lat="50.450536" lon="-104.528278">
<ele>562.4</ele>
<time>2026-08-25T06:22:13.488-06:00</time>
<extensions>
<gpxtpx:TrackPointExtension>
<gpxtpx:speed>8.42</gpxtpx:speed>
</gpxtpx:TrackPointExtension>
<opentracks:accuracy_horizontal>3.516</opentracks:accuracy_horizontal></extensions>
</trkpt>
<trkpt lat="50.45042" lon="-104.528094">
<ele>562.7</ele>
<time>2026-08-25T06:22:15.48-06:00</time>
<extensions>
<gpxtpx:TrackPointExtension>
<gpxtpx:speed>8.79</gpxtpx:speed>
</gpxtpx:TrackPointExtension>
<opentracks:accuracy_horizontal>3.516</opentracks:accuracy_horizontal></extensions>
</trkpt>
<trkpt lat="50.450263" lon="-104.52797">
<ele>561.7</ele>
<time>2026-08-25T06:22:17.472-06:00</time>
<extensions>
<gpxtpx:TrackPointExtension>
<gpxtpx:speed>9.33</gpxtpx:speed>
</gpxtpx:TrackPointExtension>
<opentracks:accuracy_horizontal>3.725</opentracks:accuracy_horizontal></extensions>
</trkpt>
<trkpt lat="50.450096" lon="-104.527903">
<ele>561.8</ele>
<time>2026-08-25T06:22:19.486-06:00</time>
<extensions>
<gpxtpx:TrackPointExtension>
<gpxtpx:speed>8.89</gpxtpx:speed>
</gpxtpx:TrackPointExtension>
<opentracks:accuracy_horizontal>3.725</opentracks:accuracy_horizontal></extensions>
</trkpt>
<trkpt lat="50.449935" lon="-104.52789">
<ele>561.7</ele>
<time>2026-08-25T06:22:21.491-06:00</time>
<extensions>
<gpxtpx:TrackPointExtension>
<gpxtpx:speed>7.97</gpxtpx:speed>
</gpxtpx:TrackPointExtension>
<opentracks:accuracy_horizontal>3.725</opentracks:accuracy_horizontal></extensions>
</trkpt>
<trkpt lat="50.449796" lon="-104.527906">
<ele>561.5</ele>
<time>2026-08-25T06:22:23.5-06:00</time>
<extensions>
<gpxtpx:TrackPointExtension>
<gpxtpx:speed>7.49</gpxtpx:speed>
</gpxtpx:TrackPointExtension>
<opentracks:accuracy_horizontal>3.725</opentracks:accuracy_horizontal></extensions>
</trkpt>
<trkpt lat="50.449662" lon="-104.527884">
<ele>561.4</ele>
<time>2026-08-25T06:22:25.48-06:00</time>
<extensions>
<gpxtpx:TrackPointExtension>
<gpxtpx:speed>6.88</gpxtpx:speed>
</gpxtpx:TrackPointExtension>
<opentracks:accuracy_horizontal>3.725</opentracks:accuracy_horizontal></extensions>
</trkpt>
<trkpt lat="50.449535" lon="-104.527875">
<ele>561.9</ele>
<time>2026-08-25T06:22:27.489-06:00</time>
<extensions>
<gpxtpx:TrackPointExtension>
<gpxtpx:speed>6.44</gpxtpx:speed>
</gpxtpx:TrackPointExtension>
<opentracks:accuracy_horizontal>3.657</opentracks:accuracy_horizontal></extensions>
</trkpt>
<trkpt lat="50.449416" lon="-104.527897">
<ele>562.2</ele>
<time>2026-08-25T06:22:29.487-06:00</time>
<extensions>
<gpxtpx:TrackPointExtension>
<gpxtpx:speed>6.21</gpxtpx:speed>
</gpxtpx:TrackPointExtension>
<opentracks:accuracy_horizontal>3.724</opentracks:accuracy_horizontal></extensions>
</trkpt>
<trkpt lat="50.449308" lon="-104.527901">
<ele>562</ele>
<time>2026-08-25T06:22:31.498-06:00</time>
<extensions>
<gpxtpx:TrackPointExtension>
<gpxtpx:speed>5.22</gpxtpx:speed>
</gpxtpx:TrackPointExtension>
<opentracks:accuracy_horizontal>3.724</opentracks:accuracy_horizontal></extensions>
</trkpt>
<trkpt lat="50.449191" lon="-104.527806">
<ele>561</ele>
<time>2026-08-25T06:22:34.497-06:00</time>
<extensions>
<gpxtpx:TrackPointExtension>
<gpxtpx:speed>5.36</gpxtpx:speed>
</gpxtpx:TrackPointExtension>
<opentracks:accuracy_horizontal>3.724</opentracks:accuracy_horizontal></extensions>
</trkpt>
<trkpt lat="50.449159" lon="-104.527617">
<ele>561.7</ele>
<time>2026-08-25T06:22:36.489-06:00</time>
<extensions>
<gpxtpx:TrackPointExtension>
<gpxtpx:speed>6.49</gpxtpx:speed>
</gpxtpx:TrackPointExtension>
<opentracks:accuracy_horizontal>3.632</opentracks:accuracy_horizontal></extensions>
</trkpt>
<trkpt lat="50.449155" lon="-104.527411">
<ele>561.8</ele>
<time>2026-08-25T06:22:38.49-06:00</time>
<extensions>
<gpxtpx:TrackPointExtension>
<gpxtpx:speed>6.56</gpxtpx:speed>
</gpxtpx:TrackPointExtension>
<opentracks:accuracy_horizontal>3.711</opentracks:accuracy_horizontal></extensions>
</trkpt>
<trkpt lat="50.449155" lon="-104.527221">
<ele>561.7</ele>
<time>2026-08-25T06:22:40.486-06:00</time>
<extensions>
<gpxtpx:TrackPointExtension>
<gpxtpx:speed>6.39</gpxtpx:speed>
</gpxtpx:TrackPointExtension>
<opentracks:accuracy_horizontal>3.797</opentracks:accuracy_horizontal></extensions>
</trkpt>
<trkpt lat="50.449158" lon="-104.527051">
<ele>561.3</ele>
<time>2026-08-25T06:22:42.496-06:00</time>
<extensions>
<gpxtpx:TrackPointExtension>
<gpxtpx:speed>5.79</gpxtpx:speed>
</gpxtpx:TrackPointExtension>
<opentracks:accuracy_horizontal>3.535</opentracks:accuracy_horizontal></extensions>
</trkpt>
<trkpt lat="50.449161" lon="-104.52689">
<ele>561.3</ele>
<time>2026-08-25T06:22:44.497-06:00</time>
<extensions>
<gpxtpx:TrackPointExtension>
<gpxtpx:speed>5.63</gpxtpx:speed>
</gpxtpx:TrackPointExtension>
<opentracks:accuracy_horizontal>3.724</opentracks:accuracy_horizontal></extensions>
</trkpt>
<trkpt lat="50.449176" lon="-104.526727">
<ele>561.6</ele>
<time>2026-08-25T06:22:46.495-06:00</time>
<extensions>
<gpxtpx:TrackPointExtension>
<gpxtpx:speed>5.41</gpxtpx:speed>
</gpxtpx:TrackPointExtension>
<opentracks:accuracy_horizontal>3.76</opentracks:accuracy_horizontal></extensions>
</trkpt>
<trkpt lat="50.449167" lon="-104.526577">
<ele>561.2</ele>
<time>2026-08-25T06:22:48.494-06:00</time>
<extensions>
<gpxtpx:TrackPointExtension>
<gpxtpx:speed>5.8</gpxtpx:speed>
</gpxtpx:TrackPointExtension>
<opentracks:accuracy_horizontal>3.686</opentracks:accuracy_horizontal></extensions>
</trkpt>
<trkpt lat="50.449096" lon="-104.526448">
<ele>561</ele>
<time>2026-08-25T06:22:50.496-06:00</time>
<extensions>
<gpxtpx:TrackPointExtension>
<gpxtpx:speed>6</gpxtpx:speed>
</gpxtpx:TrackPointExtension>
<opentracks:accuracy_horizontal>3.533</opentracks:accuracy_horizontal></extensions>
</trkpt>
<trkpt lat="50.448968" lon="-104.5264">
<ele>560.5</ele>
<time>2026-08-25T06:22:52.497-06:00</time>
<extensions>
<gpxtpx:TrackPointExtension>
<gpxtpx:speed>6.58</gpxtpx:speed>
</gpxtpx:TrackPointExtension>
<opentracks:accuracy_horizontal>3.704</opentracks:accuracy_horizontal></extensions>
</trkpt>
<trkpt lat="50.448818" lon="-104.526416">
<ele>560.1</ele>
<time>2026-08-25T06:22:54.477-06:00</time>
<extensions>
<gpxtpx:TrackPointExtension>
<gpxtpx:speed>7.06</gpxtpx:speed>
</gpxtpx:TrackPointExtension>
<opentracks:accuracy_horizontal>3.686</opentracks:accuracy_horizontal></extensions>
</trkpt>
<trkpt lat="50.448691" lon="-104.526432">
<ele>560.5</ele>
<time>2026-08-25T06:22:56.49-06:00</time>
<extensions>
<gpxtpx:TrackPointExtension>
<gpxtpx:speed>6.48</gpxtpx:speed>
</gpxtpx:TrackPointExtension>
<opentracks:accuracy_horizontal>3.686</opentracks:accuracy_horizontal></extensions>
</trkpt>
<trkpt lat="50.448572" lon="-104.526422">
<ele>561</ele>
<time>2026-08-25T06:22:58.494-06:00</time>
<extensions>
<gpxtpx:TrackPointExtension>
<gpxtpx:speed>7.14</gpxtpx:speed>
</gpxtpx:TrackPointExtension>
<opentracks:accuracy_horizontal>3.583</opentracks:accuracy_horizontal></extensions>
</trkpt>
<trkpt lat="50.448433" lon="-104.526395">
<ele>560.4</ele>
<time>2026-08-25T06:23:00.49-06:00</time>
<extensions>
<gpxtpx:TrackPointExtension>
<gpxtpx:speed>6.06</gpxtpx:speed>
</gpxtpx:TrackPointExtension>
<opentracks:accuracy_horizontal>3.532</opentracks:accuracy_horizontal></extensions>
</trkpt>
<trkpt lat="50.448332" lon="-104.526391">
<ele>561.5</ele>
<time>2026-08-25T06:23:02.49-06:00</time>
<extensions>
<gpxtpx:TrackPointExtension>
<gpxtpx:speed>5.43</gpxtpx:speed>
</gpxtpx:TrackPointExtension>
<opentracks:accuracy_horizontal>3.724</opentracks:accuracy_horizontal></extensions>
</trkpt>
<trkpt lat="50.448229" lon="-104.526331">
<ele>561.8</ele>
<time>2026-08-25T06:23:04.501-06:00</time>
<extensions>
<gpxtpx:TrackPointExtension>
<gpxtpx:speed>7.03</gpxtpx:speed>
</gpxtpx:TrackPointExtension>
<opentracks:accuracy_horizontal>3.724</opentracks:accuracy_horizontal></extensions>
</trkpt>
<trkpt lat="50.448128" lon="-104.526187">
<ele>561.2</ele>
<time>2026-08-25T06:23:06.491-06:00</time>
<extensions>
<gpxtpx:TrackPointExtension>
<gpxtpx:speed>6.84</gpxtpx:speed>
</gpxtpx:TrackPointExtension>
<opentracks:accuracy_horizontal>3.724</opentracks:accuracy_horizontal></extensions>
</trkpt>
<trkpt lat="50.448063" lon="-104.526012">
<ele>561.2</ele>
<time>2026-08-25T06:23:08.478-06:00</time>
<extensions>
<gpxtpx:TrackPointExtension>
<gpxtpx:speed>6.99</gpxtpx:speed>
</gpxtpx:TrackPointExtension>
<opentracks:accuracy_horizontal>3.844</opentracks:accuracy_horizontal></extensions>
</trkpt>
<trkpt lat="50.44806" lon="-104.525807">
<ele>561.4</ele>
<time>2026-08-25T06:23:10.499-06:00</time>
<extensions>
<gpxtpx:TrackPointExtension>
<gpxtpx:speed>6.83</gpxtpx:speed>
</gpxtpx:TrackPointExtension>
<opentracks:accuracy_horizontal>3.844</opentracks:accuracy_horizontal></extensions>
</trkpt>
<trkpt lat="50.448075" lon="-104.525603">
<ele>561.5</ele>
<time>2026-08-25T06:23:12.48-06:00</time>
<extensions>
<gpxtpx:TrackPointExtension>
<gpxtpx:speed>7.44</gpxtpx:speed>
</gpxtpx:TrackPointExtension>
<opentracks:accuracy_horizontal>3.724</opentracks:accuracy_horizontal></extensions>
</trkpt>
<trkpt lat="50.44809" lon="-104.525385">
<ele>561.9</ele>
<time>2026-08-25T06:23:14.481-06:00</time>
<extensions>
<gpxtpx:TrackPointExtension>
<gpxtpx:speed>7.5</gpxtpx:speed>
</gpxtpx:TrackPointExtension>
<opentracks:accuracy_horizontal>3.724</opentracks:accuracy_horizontal></extensions>
</trkpt>
<trkpt lat="50.448099" lon="-104.525161">
<ele>562.2</ele>
<time>2026-08-25T06:23:16.489-06:00</time>
<extensions>
<gpxtpx:TrackPointExtension>
<gpxtpx:speed>7.73</gpxtpx:speed>
</gpxtpx:TrackPointExtension>
<opentracks:accuracy_horizontal>3.724</opentracks:accuracy_horizontal></extensions>
</trkpt>
<trkpt lat="50.4481" lon="-104.524944">
<ele>562.9</ele>
<time>2026-08-25T06:23:18.493-06:00</time>
<extensions>
<gpxtpx:TrackPointExtension>
<gpxtpx:speed>7.93</gpxtpx:speed>
</gpxtpx:TrackPointExtension>
<opentracks:accuracy_horizontal>3.724</opentracks:accuracy_horizontal></extensions>
</trkpt>
<trkpt lat="50.448106" lon="-104.524723">
<ele>563.3</ele>
<time>2026-08-25T06:23:20.492-06:00</time>
<extensions>
<gpxtpx:TrackPointExtension>
<gpxtpx:speed>7.92</gpxtpx:speed>
</gpxtpx:TrackPointExtension>
<opentracks:accuracy_horizontal>3.724</opentracks:accuracy_horizontal></extensions>
</trkpt>
<trkpt lat="50.448103" lon="-104.524495">
<ele>563.3</ele>
<time>2026-08-25T06:23:22.481-06:00</time>
<extensions>
<gpxtpx:TrackPointExtension>
<gpxtpx:speed>8.02</gpxtpx:speed>
</gpxtpx:TrackPointExtension>
<opentracks:accuracy_horizontal>3.724</opentracks:accuracy_horizontal></extensions>
</trkpt>
<trkpt lat="50.448108" lon="-104.524267">
<ele>563.7</ele>
<time>2026-08-25T06:23:24.486-06:00</time>
<extensions>
<gpxtpx:TrackPointExtension>
<gpxtpx:speed>7.75</gpxtpx:speed>
</gpxtpx:TrackPointExtension>
<opentracks:accuracy_horizontal>3.724</opentracks:accuracy_horizontal></extensions>
</trkpt>
<trkpt lat="50.448104" lon="-104.524045">
<ele>563.2</ele>
<time>2026-08-25T06:23:26.471-06:00</time>
<extensions>
<gpxtpx:TrackPointExtension>
<gpxtpx:speed>8.27</gpxtpx:speed>
</gpxtpx:TrackPointExtension>
<opentracks:accuracy_horizontal>3.724</opentracks:accuracy_horizontal></extensions>
</trkpt>
<trkpt lat="50.448096" lon="-104.523805">
<ele>562.8</ele>
<time>2026-08-25T06:23:28.496-06:00</time>
<extensions>
<gpxtpx:TrackPointExtension>
<gpxtpx:speed>8.43</gpxtpx:speed>
</gpxtpx:TrackPointExtension>
<opentracks:accuracy_horizontal>3.724</opentracks:accuracy_horizontal></extensions>
</trkpt>
<trkpt lat="50.448103" lon="-104.523573">
<ele>562.7</ele>
<time>2026-08-25T06:23:30.497-06:00</time>
<extensions>
<gpxtpx:TrackPointExtension>
<gpxtpx:speed>8.15</gpxtpx:speed>
</gpxtpx:TrackPointExtension>
<opentracks:accuracy_horizontal>3.724</opentracks:accuracy_horizontal></extensions>
</trkpt>
<trkpt lat="50.448107" lon="-104.523342">
<ele>562.5</ele>
<time>2026-08-25T06:23:32.501-06:00</time>
<extensions>
<gpxtpx:TrackPointExtension>
<gpxtpx:speed>8.15</gpxtpx:speed>
</gpxtpx:TrackPointExtension>
<opentracks:accuracy_horizontal>3.724</opentracks:accuracy_horizontal></extensions>
</trkpt>
<trkpt lat="50.448106" lon="-104.523113">
<ele>562.7</ele>
<time>2026-08-25T06:23:34.485-06:00</time>
<extensions>
<gpxtpx:TrackPointExtension>
<gpxtpx:speed>8.14</gpxtpx:speed>
</gpxtpx:TrackPointExtension>
<opentracks:accuracy_horizontal>3.724</opentracks:accuracy_horizontal></extensions>
</trkpt>
<trkpt lat="50.448104" lon="-104.522881">
<ele>562.6</ele>
<time>2026-08-25T06:23:36.494-06:00</time>
<extensions>
<gpxtpx:TrackPointExtension>
<gpxtpx:speed>8.16</gpxtpx:speed>
</gpxtpx:TrackPointExtension>
<opentracks:accuracy_horizontal>3.724</opentracks:accuracy_horizontal></extensions>
</trkpt>
<trkpt lat="50.448107" lon="-104.522654">
<ele>562.7</ele>
<time>2026-08-25T06:23:38.487-06:00</time>
<extensions>
<gpxtpx:TrackPointExtension>
<gpxtpx:speed>8.32</gpxtpx:speed>
</gpxtpx:TrackPointExtension>
<opentracks:accuracy_horizontal>3.724</opentracks:accuracy_horizontal></extensions>
</trkpt>
<trkpt lat="50.448118" lon="-104.522418">
<ele>563.2</ele>
<time>2026-08-25T06:23:40.498-06:00</time>
<extensions>
<gpxtpx:TrackPointExtension>
<gpxtpx:speed>8.22</gpxtpx:speed>
</gpxtpx:TrackPointExtension>
<opentracks:accuracy_horizontal>3.724</opentracks:accuracy_horizontal></extensions>
</trkpt>
<trkpt lat="50.448122" lon="-104.522181">
<ele>563.3</ele>
<time>2026-08-25T06:23:42.472-06:00</time>
<extensions>
<gpxtpx:TrackPointExtension>
<gpxtpx:speed>8.38</gpxtpx:speed>
</gpxtpx:TrackPointExtension>
<opentracks:accuracy_horizontal>4.056</opentracks:accuracy_horizontal></extensions>
</trkpt>
<trkpt lat="50.44812" lon="-104.521944">
<ele>563.2</ele>
<time>2026-08-25T06:23:44.498-06:00</time>
<extensions>
<gpxtpx:TrackPointExtension>
<gpxtpx:speed>8.41</gpxtpx:speed>
</gpxtpx:TrackPointExtension>
<opentracks:accuracy_horizontal>4.057</opentracks:accuracy_horizontal></extensions>
</trkpt>
<trkpt lat="50.448111" lon="-104.521705">
<ele>563.7</ele>
<time>2026-08-25T06:23:46.491-06:00</time>
<extensions>
<gpxtpx:TrackPointExtension>
<gpxtpx:speed>8.45</gpxtpx:speed>
</gpxtpx:TrackPointExtension>
<opentracks:accuracy_horizontal>3.533</opentracks:accuracy_horizontal></extensions>
</trkpt>
<trkpt lat="50.448112" lon="-104.521469">
<ele>564.1</ele>
<time>2026-08-25T06:23:48.492-06:00</time>
<extensions>
<gpxtpx:TrackPointExtension>
<gpxtpx:speed>8.31</gpxtpx:speed>
</gpxtpx:TrackPointExtension>
<opentracks:accuracy_horizontal>3.724</opentracks:accuracy_horizontal></extensions>
</trkpt>
<trkpt lat="50.448111" lon="-104.521235">
<ele>564.2</ele>
<time>2026-08-25T06:23:50.5-06:00</time>
<extensions>
<gpxtpx:TrackPointExtension>
<gpxtpx:speed>8.42</gpxtpx:speed>
</gpxtpx:TrackPointExtension>
<opentracks:accuracy_horizontal>3.841</opentracks:accuracy_horizontal></extensions>
</trkpt>
<trkpt lat="50.44811" lon="-104.520994">
<ele>563.6</ele>
<time>2026-08-25T06:23:52.507-06:00</time>
<extensions>
<gpxtpx:TrackPointExtension>
<gpxtpx:speed>8.46</gpxtpx:speed>
</gpxtpx:TrackPointExtension>
<opentracks:accuracy_horizontal>3.724</opentracks:accuracy_horizontal></extensions>
</trkpt>
<trkpt lat="50.448112" lon="-104.520754">
<ele>563.9</ele>
<time>2026-08-25T06:23:54.496-06:00</time>
<extensions>
<gpxtpx:TrackPointExtension>
<gpxtpx:speed>8.34</gpxtpx:speed>
</gpxtpx:TrackPointExtension>
<opentracks:accuracy_horizontal>3.724</opentracks:accuracy_horizontal></extensions>
</trkpt>
<trkpt lat="50.44811" lon="-104.520519">
<ele>564.2</ele>
<time>2026-08-25T06:23:56.469-06:00</time>
<extensions>
<gpxtpx:TrackPointExtension>
<gpxtpx:speed>8.2</gpxtpx:speed>
</gpxtpx:TrackPointExtension>
<opentracks:accuracy_horizontal>3.575</opentracks:accuracy_horizontal></extensions>
</trkpt>
<trkpt lat="50.448109" lon="-104.520283">
<ele>563.5</ele>
<time>2026-08-25T06:23:58.489-06:00</time>
<extensions>
<gpxtpx:TrackPointExtension>
<gpxtpx:speed>8.81</gpxtpx:speed>
</gpxtpx:TrackPointExtension>
<opentracks:accuracy_horizontal>3.577</opentracks:accuracy_horizontal></extensions>
</trkpt>
<trkpt lat="50.44811" lon="-104.520034">
<ele>563.5</ele>
<time>2026-08-25T06:24:00.51-06:00</time>
<extensions>
<gpxtpx:TrackPointExtension>
<gpxtpx:speed>8.15</gpxtpx:speed>
</gpxtpx:TrackPointExtension>
<opentracks:accuracy_horizontal>3.533</opentracks:accuracy_horizontal></extensions>
</trkpt>
<trkpt lat="50.448109" lon="-104.519808">
<ele>564.3</ele>
<time>2026-08-25T06:24:02.495-06:00</time>
<extensions>
<gpxtpx:TrackPointExtension>
<gpxtpx:speed>7.79</gpxtpx:speed>
</gpxtpx:TrackPointExtension>
<opentracks:accuracy_horizontal>3.522</opentracks:accuracy_horizontal></extensions>
</trkpt>
<trkpt lat="50.448108" lon="-104.519575">
<ele>564.9</ele>
<time>2026-08-25T06:24:04.489-06:00</time>
<extensions>
<gpxtpx:TrackPointExtension>
<gpxtpx:speed>8.35</gpxtpx:speed>
</gpxtpx:TrackPointExtension>
<opentracks:accuracy_horizontal>3.793</opentracks:accuracy_horizontal></extensions>
</trkpt>
<trkpt lat="50.4481" lon="-104.519329">
<ele>565.2</ele>
<time>2026-08-25T06:24:06.501-06:00</time>
<extensions>
<gpxtpx:TrackPointExtension>
<gpxtpx:speed>8.52</gpxtpx:speed>
</gpxtpx:TrackPointExtension>
<opentracks:accuracy_horizontal>5.059</opentracks:accuracy_horizontal></extensions>
</trkpt>
<trkpt lat="50.4481" lon="-104.519089">
<ele>565.7</ele>
<time>2026-08-25T06:24:08.49-06:00</time>
<extensions>
<gpxtpx:TrackPointExtension>
<gpxtpx:speed>8.13</gpxtpx:speed>
</gpxtpx:TrackPointExtension>
<opentracks:accuracy_horizontal>3.905</opentracks:accuracy_horizontal></extensions>
</trkpt>
<trkpt lat="50.448106" lon="-104.518872">
<ele>565.9</ele>
<time>2026-08-25T06:24:10.49-06:00</time>
<extensions>
<gpxtpx:TrackPointExtension>
<gpxtpx:speed>8.03</gpxtpx:speed>
</gpxtpx:TrackPointExtension>
<opentracks:accuracy_horizontal>3.684</opentracks:accuracy_horizontal></extensions>
</trkpt>
<trkpt lat="50.448105" lon="-104.51865">
<ele>565.6</ele>
<time>2026-08-25T06:24:12.503-06:00</time>
<extensions>
<gpxtpx:TrackPointExtension>
<gpxtpx:speed>7.97</gpxtpx:speed>
</gpxtpx:TrackPointExtension>
<opentracks:accuracy_horizontal>3.533</opentracks:accuracy_horizontal></extensions>
</trkpt>
<trkpt lat="50.448107" lon="-104.518431">
<ele>565.3</ele>
<time>2026-08-25T06:24:14.492-06:00</time>
<extensions>
<gpxtpx:TrackPointExtension>
<gpxtpx:speed>7.78</gpxtpx:speed>
</gpxtpx:TrackPointExtension>
<opentracks:accuracy_horizontal>3.517</opentracks:accuracy_horizontal></extensions>
</trkpt>
<trkpt lat="50.448107" lon="-104.518203">
<ele>565.3</ele>
<time>2026-08-25T06:24:16.497-06:00</time>
<extensions>
<gpxtpx:TrackPointExtension>
<gpxtpx:speed>7.59</gpxtpx:speed>
</gpxtpx:TrackPointExtension>
<opentracks:accuracy_horizontal>3.723</opentracks:accuracy_horizontal></extensions>
</trkpt>
<trkpt lat="50.448105" lon="-104.517989">
<ele>565.3</ele>
<time>2026-08-25T06:24:18.477-06:00</time>
<extensions>
<gpxtpx:TrackPointExtension>
<gpxtpx:speed>7.72</gpxtpx:speed>
</gpxtpx:TrackPointExtension>
<opentracks:accuracy_horizontal>3.723</opentracks:accuracy_horizontal></extensions>
</trkpt>
<trkpt lat="50.448106" lon="-104.517775">
<ele>565</ele>
<time>2026-08-25T06:24:20.479-06:00</time>
<extensions>
<gpxtpx:TrackPointExtension>
<gpxtpx:speed>7.84</gpxtpx:speed>
</gpxtpx:TrackPointExtension>
<opentracks:accuracy_horizontal>3.723</opentracks:accuracy_horizontal></extensions>
</trkpt>
<trkpt lat="50.448112" lon="-104.51756">
<ele>564.9</ele>
<time>2026-08-25T06:24:22.492-06:00</time>
<extensions>
<gpxtpx:TrackPointExtension>
<gpxtpx:speed>7.11</gpxtpx:speed>
</gpxtpx:TrackPointExtension>
<opentracks:accuracy_horizontal>3.723</opentracks:accuracy_horizontal></extensions>
</trkpt>
<trkpt lat="50.44811" lon="-104.517356">
<ele>565.3</ele>
<time>2026-08-25T06:24:24.497-06:00</time>
<extensions>
<gpxtpx:TrackPointExtension>
<gpxtpx:speed>7.68</gpxtpx:speed>
</gpxtpx:TrackPointExtension>
<opentracks:accuracy_horizontal>3.723</opentracks:accuracy_horizontal></extensions>
</trkpt>
<trkpt lat="50.448109" lon="-104.517138">
<ele>565.2</ele>
<time>2026-08-25T06:24:26.505-06:00</time>
<extensions>
<gpxtpx:TrackPointExtension>
<gpxtpx:speed>7.81</gpxtpx:speed>
</gpxtpx:TrackPointExtension>
<opentracks:accuracy_horizontal>3.723</opentracks:accuracy_horizontal></extensions>
</trkpt>
<trkpt lat="50.448112" lon="-104.516917">
<ele>565.1</ele>
<time>2026-08-25T06:24:28.497-06:00</time>
<extensions>
<gpxtpx:TrackPointExtension>
<gpxtpx:speed>7.74</gpxtpx:speed>
</gpxtpx:TrackPointExtension>
<opentracks:accuracy_horizontal>3.723</opentracks:accuracy_horizontal></extensions>
</trkpt>
<trkpt lat="50.448108" lon="-104.516696">
<ele>565</ele>
<time>2026-08-25T06:24:30.486-06:00</time>
<extensions>
<gpxtpx:TrackPointExtension>
<gpxtpx:speed>8.01</gpxtpx:speed>
</gpxtpx:TrackPointExtension>
<opentracks:accuracy_horizontal>3.723</opentracks:accuracy_horizontal></extensions>
</trkpt>
<trkpt lat="50.448106" lon="-104.516462">
<ele>565.3</ele>
<time>2026-08-25T06:24:32.487-06:00</time>
<extensions>
<gpxtpx:TrackPointExtension>
<gpxtpx:speed>8.17</gpxtpx:speed>
</gpxtpx:TrackPointExtension>
<opentracks:accuracy_horizontal>3.723</opentracks:accuracy_horizontal></extensions>
</trkpt>
<trkpt lat="50.448115" lon="-104.516239">
<ele>565.3</ele>
<time>2026-08-25T06:24:34.488-06:00</time>
<extensions>
<gpxtpx:TrackPointExtension>
<gpxtpx:speed>7.87</gpxtpx:speed>
</gpxtpx:TrackPointExtension>
<opentracks:accuracy_horizontal>3.723</opentracks:accuracy_horizontal></extensions>
</trkpt>
<trkpt lat="50.448116" lon="-104.516021">
<ele>565.4</ele>
<time>2026-08-25T06:24:36.487-06:00</time>
<extensions>
<gpxtpx:TrackPointExtension>
<gpxtpx:speed>7.72</gpxtpx:speed>
</gpxtpx:TrackPointExtension>
<opentracks:accuracy_horizontal>3.723</opentracks:accuracy_horizontal></extensions>
</trkpt>
<trkpt lat="50.448112" lon="-104.515799">
<ele>565.6</ele>
<time>2026-08-25T06:24:38.476-06:00</time>
<extensions>
<gpxtpx:TrackPointExtension>
<gpxtpx:speed>7.83</gpxtpx:speed>
</gpxtpx:TrackPointExtension>
<opentracks:accuracy_horizontal>3.723</opentracks:accuracy_horizontal></extensions>
</trkpt>
<trkpt lat="50.448108" lon="-104.515578">
<ele>565.1</ele>
<time>2026-08-25T06:24:40.486-06:00</time>
<extensions>
<gpxtpx:TrackPointExtension>
<gpxtpx:speed>7.86</gpxtpx:speed>
</gpxtpx:TrackPointExtension>
<opentracks:accuracy_horizontal>3.723</opentracks:accuracy_horizontal></extensions>
</trkpt>
<trkpt lat="50.448112" lon="-104.515365">
<ele>565.1</ele>
<time>2026-08-25T06:24:42.512-06:00</time>
<extensions>
<gpxtpx:TrackPointExtension>
<gpxtpx:speed>7.42</gpxtpx:speed>
</gpxtpx:TrackPointExtension>
<opentracks:accuracy_horizontal>3.723</opentracks:accuracy_horizontal></extensions>
</trkpt>
<trkpt lat="50.448112" lon="-104.515149">
<ele>565</ele>
<time>2026-08-25T06:24:44.491-06:00</time>
<extensions>
<gpxtpx:TrackPointExtension>
<gpxtpx:speed>7.5</gpxtpx:speed>
</gpxtpx:TrackPointExtension>
<opentracks:accuracy_horizontal>3.723</opentracks:accuracy_horizontal></extensions>
</trkpt>
<trkpt lat="50.448117" lon="-104.514938">
<ele>565</ele>
<time>2026-08-25T06:24:46.498-06:00</time>
<extensions>
<gpxtpx:TrackPointExtension>
<gpxtpx:speed>7.59</gpxtpx:speed>
</gpxtpx:TrackPointExtension>
<opentracks:accuracy_horizontal>3.723</opentracks:accuracy_horizontal></extensions>
</trkpt>
<trkpt lat="50.44812" lon="-104.514722">
<ele>565</ele>
<time>2026-08-25T06:24:48.496-06:00</time>
<extensions>
<gpxtpx:TrackPointExtension>
<gpxtpx:speed>7.57</gpxtpx:speed>
</gpxtpx:TrackPointExtension>
<opentracks:accuracy_horizontal>3.723</opentracks:accuracy_horizontal></extensions>
</trkpt>
<trkpt lat="50.44812" lon="-104.514506">
<ele>565.3</ele>
<time>2026-08-25T06:24:50.496-06:00</time>
<extensions>
<gpxtpx:TrackPointExtension>
<gpxtpx:speed>7.73</gpxtpx:speed>
</gpxtpx:TrackPointExtension>
<opentracks:accuracy_horizontal>3.723</opentracks:accuracy_horizontal></extensions>
</trkpt>
<trkpt lat="50.448124" lon="-104.514283">
<ele>565.4</ele>
<time>2026-08-25T06:24:52.483-06:00</time>
<extensions>
<gpxtpx:TrackPointExtension>
<gpxtpx:speed>8.04</gpxtpx:speed>
</gpxtpx:TrackPointExtension>
<opentracks:accuracy_horizontal>3.723</opentracks:accuracy_horizontal></extensions>
</trkpt>
<trkpt lat="50.448133" lon="-104.514058">
<ele>565.5</ele>
<time>2026-08-25T06:24:54.498-06:00</time>
<extensions>
<gpxtpx:TrackPointExtension>
<gpxtpx:speed>8.04</gpxtpx:speed>
</gpxtpx:TrackPointExtension>
<opentracks:accuracy_horizontal>3.723</opentracks:accuracy_horizontal></extensions>
</trkpt>
<trkpt lat="50.448128" lon="-104.513827">
<ele>565.7</ele>
<time>2026-08-25T06:24:56.499-06:00</time>
<extensions>
<gpxtpx:TrackPointExtension>
<gpxtpx:speed>8.09</gpxtpx:speed>
</gpxtpx:TrackPointExtension>
<opentracks:accuracy_horizontal>3.723</opentracks:accuracy_horizontal></extensions>
</trkpt>
<trkpt lat="50.448129" lon="-104.513597">
<ele>565.6</ele>
<time>2026-08-25T06:24:58.502-06:00</time>
<extensions>
<gpxtpx:TrackPointExtension>
<gpxtpx:speed>8.28</gpxtpx:speed>
</gpxtpx:TrackPointExtension>
<opentracks:accuracy_horizontal>3.723</opentracks:accuracy_horizontal></extensions>
</trkpt>
<trkpt lat="50.448124" lon="-104.513368">
<ele>565.2</ele>
<time>2026-08-25T06:25:00.503-06:00</time>
<extensions>
<gpxtpx:TrackPointExtension>
<gpxtpx:speed>7.45</gpxtpx:speed>
</gpxtpx:TrackPointExtension>
<opentracks:accuracy_horizontal>3.723</opentracks:accuracy_horizontal></extensions>
</trkpt>
<trkpt lat="50.448116" lon="-104.513162">
<ele>565.3</ele>
<time>2026-08-25T06:25:02.507-06:00</time>
<extensions>
<gpxtpx:TrackPointExtension>
<gpxtpx:speed>7.72</gpxtpx:speed>
</gpxtpx:TrackPointExtension>
<opentracks:accuracy_horizontal>3.723</opentracks:accuracy_horizontal></extensions>
</trkpt>
<trkpt lat="50.448124" lon="-104.512928">
<ele>565.7</ele>
<time>2026-08-25T06:25:04.504-06:00</time>
<extensions>
<gpxtpx:TrackPointExtension>
<gpxtpx:speed>8.07</gpxtpx:speed>
</gpxtpx:TrackPointExtension>
<opentracks:accuracy_horizontal>3.723</opentracks:accuracy_horizontal></extensions>
</trkpt>
<trkpt lat="50.448127" lon="-104.512692">
<ele>565.7</ele>
<time>2026-08-25T06:25:06.5-06:00</time>
<extensions>
<gpxtpx:TrackPointExtension>
<gpxtpx:speed>7.89</gpxtpx:speed>
</gpxtpx:TrackPointExtension>
<opentracks:accuracy_horizontal>3.723</opentracks:accuracy_horizontal></extensions>
</trkpt>
<trkpt lat="50.44813" lon="-104.512472">
<ele>565.7</ele>
<time>2026-08-25T06:25:08.495-06:00</time>
<extensions>
<gpxtpx:TrackPointExtension>
<gpxtpx:speed>7.54</gpxtpx:speed>
</gpxtpx:TrackPointExtension>
<opentracks:accuracy_horizontal>3.723</opentracks:accuracy_horizontal></extensions>
</trkpt>
<trkpt lat="50.448123" lon="-104.51226">
<ele>566.1</ele>
<time>2026-08-25T06:25:10.506-06:00</time>
<extensions>
<gpxtpx:TrackPointExtension>
<gpxtpx:speed>7.68</gpxtpx:speed>
</gpxtpx:TrackPointExtension>
<opentracks:accuracy_horizontal>3.723</opentracks:accuracy_horizontal></extensions>
</trkpt>
<trkpt lat="50.448116" lon="-104.51204">
<ele>566</ele>
<time>2026-08-25T06:25:12.491-06:00</time>
<extensions>
<gpxtpx:TrackPointExtension>
<gpxtpx:speed>7.67</gpxtpx:speed>
</gpxtpx:TrackPointExtension>
<opentracks:accuracy_horizontal>3.723</opentracks:accuracy_horizontal></extensions>
</trkpt>
<trkpt lat="50.448117" lon="-104.511823">
<ele>566.1</ele>
<time>2026-08-25T06:25:14.493-06:00</time>
<extensions>
<gpxtpx:TrackPointExtension>
<gpxtpx:speed>7.85</gpxtpx:speed>
</gpxtpx:TrackPointExtension>
<opentracks:accuracy_horizontal>3.723</opentracks:accuracy_horizontal></extensions>
</trkpt>
<trkpt lat="50.448122" lon="-104.511594">
<ele>566.6</ele>
<time>2026-08-25T06:25:16.494-06:00</time>
<extensions>
<gpxtpx:TrackPointExtension>
<gpxtpx:speed>8.18</gpxtpx:speed>
</gpxtpx:TrackPointExtension>
<opentracks:accuracy_horizontal>3.723</opentracks:accuracy_horizontal></extensions>
</trkpt>
<trkpt lat="50.448124" lon="-104.51136">
<ele>566.9</ele>
<time>2026-08-25T06:25:18.493-06:00</time>
<extensions>
<gpxtpx:TrackPointExtension>
<gpxtpx:speed>8.16</gpxtpx:speed>
</gpxtpx:TrackPointExtension>
<opentracks:accuracy_horizontal>3.723</opentracks:accuracy_horizontal></extensions>
</trkpt>
<trkpt lat="50.448122" lon="-104.511132">
<ele>566.9</ele>
<time>2026-08-25T06:25:20.492-06:00</time>
<extensions>
<gpxtpx:TrackPointExtension>
<gpxtpx:speed>8.2</gpxtpx:speed>
</gpxtpx:TrackPointExtension>
<opentracks:accuracy_horizontal>3.723</opentracks:accuracy_horizontal></extensions>
</trkpt>
<trkpt lat="50.448124" lon="-104.510905">
<ele>566.8</ele>
<time>2026-08-25T06:25:22.495-06:00</time>
<extensions>
<gpxtpx:TrackPointExtension>
<gpxtpx:speed>8.04</gpxtpx:speed>
</gpxtpx:TrackPointExtension>
<opentracks:accuracy_horizontal>3.723</opentracks:accuracy_horizontal></extensions>
</trkpt>
<trkpt lat="50.448129" lon="-104.510682">
<ele>566.7</ele>
<time>2026-08-25T06:25:24.501-06:00</time>
<extensions>
<gpxtpx:TrackPointExtension>
<gpxtpx:speed>7.72</gpxtpx:speed>
</gpxtpx:TrackPointExtension>
<opentracks:accuracy_horizontal>3.723</opentracks:accuracy_horizontal></extensions>
</trkpt>
<trkpt lat="50.448124" lon="-104.510461">
<ele>567</ele>
<time>2026-08-25T06:25:26.494-06:00</time>
<extensions>
<gpxtpx:TrackPointExtension>
<gpxtpx:speed>7.77</gpxtpx:speed>
</gpxtpx:TrackPointExtension>
<opentracks:accuracy_horizontal>3.723</opentracks:accuracy_horizontal></extensions>
</trkpt>
<trkpt lat="50.448123" lon="-104.510235">
<ele>567.5</ele>
<time>2026-08-25T06:25:28.5-06:00</time>
<extensions>
<gpxtpx:TrackPointExtension>
<gpxtpx:speed>7.75</gpxtpx:speed>
</gpxtpx:TrackPointExtension>
<opentracks:accuracy_horizontal>3.723</opentracks:accuracy_horizontal></extensions>
</trkpt>
<trkpt lat="50.448125" lon="-104.510016">
<ele>567.6</ele>
<time>2026-08-25T06:25:30.5-06:00</time>
<extensions>
<gpxtpx:TrackPointExtension>
<gpxtpx:speed>7.62</gpxtpx:speed>
</gpxtpx:TrackPointExtension>
<opentracks:accuracy_horizontal>3.723</opentracks:accuracy_horizontal></extensions>
</trkpt>
<trkpt lat="50.448126" lon="-104.509802">
<ele>567.2</ele>
<time>2026-08-25T06:25:32.493-06:00</time>
<extensions>
<gpxtpx:TrackPointExtension>
<gpxtpx:speed>7.43</gpxtpx:speed>
</gpxtpx:TrackPointExtension>
<opentracks:accuracy_horizontal>3.723</opentracks:accuracy_horizontal></extensions>
</trkpt>
<trkpt lat="50.448131" lon="-104.509592">
<ele>567.5</ele>
<time>2026-08-25T06:25:34.502-06:00</time>
<extensions>
<gpxtpx:TrackPointExtension>
<gpxtpx:speed>7.48</gpxtpx:speed>
</gpxtpx:TrackPointExtension>
<opentracks:accuracy_horizontal>3.723</opentracks:accuracy_horizontal></extensions>
</trkpt>
<trkpt lat="50.44814" lon="-104.509382">
<ele>567.4</ele>
<time>2026-08-25T06:25:36.486-06:00</time>
<extensions>
<gpxtpx:TrackPointExtension>
<gpxtpx:speed>7.39</gpxtpx:speed>
</gpxtpx:TrackPointExtension>
<opentracks:accuracy_horizontal>3.723</opentracks:accuracy_horizontal></extensions>
</trkpt>
<trkpt lat="50.448157" lon="-104.509171">
<ele>567.7</ele>
<time>2026-08-25T06:25:38.504-06:00</time>
<extensions>
<gpxtpx:TrackPointExtension>
<gpxtpx:speed>7.28</gpxtpx:speed>
</gpxtpx:TrackPointExtension>
<opentracks:accuracy_horizontal>3.723</opentracks:accuracy_horizontal></extensions>
</trkpt>
<trkpt lat="50.448176" lon="-104.508966">
<ele>567.9</ele>
<time>2026-08-25T06:25:40.502-06:00</time>
<extensions>
<gpxtpx:TrackPointExtension>
<gpxtpx:speed>7.4</gpxtpx:speed>
</gpxtpx:TrackPointExtension>
<opentracks:accuracy_horizontal>3.723</opentracks:accuracy_horizontal></extensions>
</trkpt>
<trkpt lat="50.448196" lon="-104.508767">
<ele>568.1</ele>
<time>2026-08-25T06:25:42.491-06:00</time>
<extensions>
<gpxtpx:TrackPointExtension>
<gpxtpx:speed>7.11</gpxtpx:speed>
</gpxtpx:TrackPointExtension>
<opentracks:accuracy_horizontal>3.723</opentracks:accuracy_horizontal></extensions>
</trkpt>
<trkpt lat="50.448218" lon="-104.508562">
<ele>568.2</ele>
<time>2026-08-25T06:25:44.494-06:00</time>
<extensions>
<gpxtpx:TrackPointExtension>
<gpxtpx:speed>7.44</gpxtpx:speed>
</gpxtpx:TrackPointExtension>
<opentracks:accuracy_horizontal>3.723</opentracks:accuracy_horizontal></extensions>
</trkpt>
<trkpt lat="50.448242" lon="-104.508357">
<ele>568</ele>
<time>2026-08-25T06:25:46.491-06:00</time>
<extensions>
<gpxtpx:TrackPointExtension>
<gpxtpx:speed>7.15</gpxtpx:speed>
</gpxtpx:TrackPointExtension>
<opentracks:accuracy_horizontal>3.723</opentracks:accuracy_horizontal></extensions>
</trkpt>
<trkpt lat="50.448271" lon="-104.508159">
<ele>567.8</ele>
<time>2026-08-25T06:25:48.487-06:00</time>
<extensions>
<gpxtpx:TrackPointExtension>
<gpxtpx:speed>7.3</gpxtpx:speed>
</gpxtpx:TrackPointExtension>
<opentracks:accuracy_horizontal>3.723</opentracks:accuracy_horizontal></extensions>
</trkpt>
<trkpt lat="50.448304" lon="-104.507966">
<ele>567.9</ele>
<time>2026-08-25T06:25:50.482-06:00</time>
<extensions>
<gpxtpx:TrackPointExtension>
<gpxtpx:speed>7.23</gpxtpx:speed>
</gpxtpx:TrackPointExtension>
<opentracks:accuracy_horizontal>3.723</opentracks:accuracy_horizontal></extensions>
</trkpt>
<trkpt lat="50.448347" lon="-104.507771">
<ele>567.6</ele>
<time>2026-08-25T06:25:52.478-06:00</time>
<extensions>
<gpxtpx:TrackPointExtension>
<gpxtpx:speed>6.98</gpxtpx:speed>
</gpxtpx:TrackPointExtension>
<opentracks:accuracy_horizontal>3.723</opentracks:accuracy_horizontal></extensions>
</trkpt>
<trkpt lat="50.448387" lon="-104.507585">
<ele>567.8</ele>
<time>2026-08-25T06:25:54.496-06:00</time>
<extensions>
<gpxtpx:TrackPointExtension>
<gpxtpx:speed>6.97</gpxtpx:speed>
</gpxtpx:TrackPointExtension>
<opentracks:accuracy_horizontal>3.723</opentracks:accuracy_horizontal></extensions>
</trkpt>
<trkpt lat="50.448431" lon="-104.507388">
<ele>568.3</ele>
<time>2026-08-25T06:25:56.502-06:00</time>
<extensions>
<gpxtpx:TrackPointExtension>
<gpxtpx:speed>6.76</gpxtpx:speed>
</gpxtpx:TrackPointExtension>
<opentracks:accuracy_horizontal>3.723</opentracks:accuracy_horizontal></extensions>
</trkpt>
<trkpt lat="50.44847" lon="-104.507206">
<ele>568.8</ele>
<time>2026-08-25T06:25:58.503-06:00</time>
<extensions>
<gpxtpx:TrackPointExtension>
<gpxtpx:speed>7.02</gpxtpx:speed>
</gpxtpx:TrackPointExtension>
<opentracks:accuracy_horizontal>3.519</opentracks:accuracy_horizontal></extensions>
</trkpt>
<trkpt lat="50.448522" lon="-104.507021">
<ele>567.9</ele>
<time>2026-08-25T06:26:00.497-06:00</time>
<extensions>
<gpxtpx:TrackPointExtension>
<gpxtpx:speed>6.36</gpxtpx:speed>
</gpxtpx:TrackPointExtension>
<opentracks:accuracy_horizontal>3.519</opentracks:accuracy_horizontal></extensions>
</trkpt>
<trkpt lat="50.448569" lon="-104.506861">
<ele>568.5</ele>
<time>2026-08-25T06:26:02.5-06:00</time>
<extensions>
<gpxtpx:TrackPointExtension>
<gpxtpx:speed>6.65</gpxtpx:speed>
</gpxtpx:TrackPointExtension>
<opentracks:accuracy_horizontal>3.519</opentracks:accuracy_horizontal></extensions>
</trkpt>
<trkpt lat="50.448627" lon="-104.506681">
<ele>568.6</ele>
<time>2026-08-25T06:26:04.504-06:00</time>
<extensions>
<gpxtpx:TrackPointExtension>
<gpxtpx:speed>6.8</gpxtpx:speed>
</gpxtpx:TrackPointExtension>
<opentracks:accuracy_horizontal>3.682</opentracks:accuracy_horizontal></extensions>
</trkpt>
<trkpt lat="50.44868" lon="-104.506503">
<ele>568.6</ele>
<time>2026-08-25T06:26:06.497-06:00</time>
<extensions>
<gpxtpx:TrackPointExtension>
<gpxtpx:speed>6.27</gpxtpx:speed>
</gpxtpx:TrackPointExtension>
<opentracks:accuracy_horizontal>3.519</opentracks:accuracy_horizontal></extensions>
</trkpt>
<trkpt lat="50.448726" lon="-104.506348">
<ele>568.2</ele>
<time>2026-08-25T06:26:08.502-06:00</time>
<extensions>
<gpxtpx:TrackPointExtension>
<gpxtpx:speed>6.27</gpxtpx:speed>
</gpxtpx:TrackPointExtension>
<opentracks:accuracy_horizontal>3.571</opentracks:accuracy_horizontal></extensions>
</trkpt>
<trkpt lat="50.44878" lon="-104.506192">
<ele>568.2</ele>
<time>2026-08-25T06:26:10.499-06:00</time>
<extensions>
<gpxtpx:TrackPointExtension>
<gpxtpx:speed>6.51</gpxtpx:speed>
</gpxtpx:TrackPointExtension>
<opentracks:accuracy_horizontal>3.665</opentracks:accuracy_horizontal></extensions>
</trkpt>
<trkpt lat="50.44885" lon="-104.506033">
<ele>567.8</ele>
<time>2026-08-25T06:26:12.484-06:00</time>
<extensions>
<gpxtpx:TrackPointExtension>
<gpxtpx:speed>6.41</gpxtpx:speed>
</gpxtpx:TrackPointExtension>
<opentracks:accuracy_horizontal>3.519</opentracks:accuracy_horizontal></extensions>
</trkpt>
<trkpt lat="50.448922" lon="-104.505883">
<ele>567.9</ele>
<time>2026-08-25T06:26:14.489-06:00</time>
<extensions>
<gpxtpx:TrackPointExtension>
<gpxtpx:speed>6.14</gpxtpx:speed>
</gpxtpx:TrackPointExtension>
<opentracks:accuracy_horizontal>3.618</opentracks:accuracy_horizontal></extensions>
</trkpt>
<trkpt lat="50.448983" lon="-104.505726">
<ele>568.7</ele>
<time>2026-08-25T06:26:16.492-06:00</time>
<extensions>
<gpxtpx:TrackPointExtension>
<gpxtpx:speed>6.43</gpxtpx:speed>
</gpxtpx:TrackPointExtension>
<opentracks:accuracy_horizontal>3.659</opentracks:accuracy_horizontal></extensions>
</trkpt>
<trkpt lat="50.449045" lon="-104.505559">
<ele>569</ele>
<time>2026-08-25T06:26:18.499-06:00</time>
<extensions>
<gpxtpx:TrackPointExtension>
<gpxtpx:speed>6.5</gpxtpx:speed>
</gpxtpx:TrackPointExtension>
<opentracks:accuracy_horizontal>3.537</opentracks:accuracy_horizontal></extensions>
</trkpt>
<trkpt lat="50.449104" lon="-104.505397">
<ele>569.1</ele>
<time>2026-08-25T06:26:20.492-06:00</time>
<extensions>
<gpxtpx:TrackPointExtension>
<gpxtpx:speed>6.36</gpxtpx:speed>
</gpxtpx:TrackPointExtension>
<opentracks:accuracy_horizontal>3.518</opentracks:accuracy_horizontal></extensions>
</trkpt>
<trkpt lat="50.44917" lon="-104.505242">
<ele>569.4</ele>
<time>2026-08-25T06:26:22.502-06:00</time>
<extensions>
<gpxtpx:TrackPointExtension>
<gpxtpx:speed>6.31</gpxtpx:speed>
</gpxtpx:TrackPointExtension>
<opentracks:accuracy_horizontal>3.518</opentracks:accuracy_horizontal></extensions>
</trkpt>
<trkpt lat="50.449225" lon="-104.505082">
<ele>570.1</ele>
<time>2026-08-25T06:26:24.497-06:00</time>
<extensions>
<gpxtpx:TrackPointExtension>
<gpxtpx:speed>6.35</gpxtpx:speed>
</gpxtpx:TrackPointExtension>
<opentracks:accuracy_horizontal>3.556</opentracks:accuracy_horizontal></extensions>
</trkpt>
<trkpt lat="50.449278" lon="-104.504926">
<ele>570.2</ele>
<time>2026-08-25T06:26:26.49-06:00</time>
<extensions>
<gpxtpx:TrackPointExtension>
<gpxtpx:speed>6.32</gpxtpx:speed>
</gpxtpx:TrackPointExtension>
<opentracks:accuracy_horizontal>3.539</opentracks:accuracy_horizontal></extensions>
</trkpt>
<trkpt lat="50.449334" lon="-104.504773">
<ele>570.4</ele>
<time>2026-08-25T06:26:28.49-06:00</time>
<extensions>
<gpxtpx:TrackPointExtension>
<gpxtpx:speed>5.95</gpxtpx:speed>
</gpxtpx:TrackPointExtension>
<opentracks:accuracy_horizontal>3.518</opentracks:accuracy_horizontal></extensions>
</trkpt>
<trkpt lat="50.449394" lon="-104.504631">
<ele>570.2</ele>
<time>2026-08-25T06:26:30.506-06:00</time>
<extensions>
<gpxtpx:TrackPointExtension>
<gpxtpx:speed>6.25</gpxtpx:speed>
</gpxtpx:TrackPointExtension>
<opentracks:accuracy_horizontal>3.722</opentracks:accuracy_horizontal></extensions>
</trkpt>
<trkpt lat="50.449455" lon="-104.50448">
<ele>570.3</ele>
<time>2026-08-25T06:26:32.487-06:00</time>
<extensions>
<gpxtpx:TrackPointExtension>
<gpxtpx:speed>6.28</gpxtpx:speed>
</gpxtpx:TrackPointExtension>
<opentracks:accuracy_horizontal>3.605</opentracks:accuracy_horizontal></extensions>
</trkpt>
<trkpt lat="50.449508" lon="-104.504325">
<ele>570.7</ele>
<time>2026-08-25T06:26:34.505-06:00</time>
<extensions>
<gpxtpx:TrackPointExtension>
<gpxtpx:speed>6.14</gpxtpx:speed>
</gpxtpx:TrackPointExtension>
<opentracks:accuracy_horizontal>3.722</opentracks:accuracy_horizontal></extensions>
</trkpt>
<trkpt lat="50.449561" lon="-104.504177">
<ele>570.5</ele>
<time>2026-08-25T06:26:36.506-06:00</time>
<extensions>
<gpxtpx:TrackPointExtension>
<gpxtpx:speed>5.96</gpxtpx:speed>
</gpxtpx:TrackPointExtension>
<opentracks:accuracy_horizontal>3.631</opentracks:accuracy_horizontal></extensions>
</trkpt>
<trkpt lat="50.449611" lon="-104.504037">
<ele>570.6</ele>
<time>2026-08-25T06:26:38.499-06:00</time>
<extensions>
<gpxtpx:TrackPointExtension>
<gpxtpx:speed>5.71</gpxtpx:speed>
</gpxtpx:TrackPointExtension>
<opentracks:accuracy_horizontal>3.585</opentracks:accuracy_horizontal></extensions>
</trkpt>
<trkpt lat="50.449658" lon="-104.503898">
<ele>570.2</ele>
<time>2026-08-25T06:26:40.496-06:00</time>
<extensions>
<gpxtpx:TrackPointExtension>
<gpxtpx:speed>5.61</gpxtpx:speed>
</gpxtpx:TrackPointExtension>
<opentracks:accuracy_horizontal>3.595</opentracks:accuracy_horizontal></extensions>
</trkpt>
<trkpt lat="50.449701" lon="-104.503757">
<ele>569.8</ele>
<time>2026-08-25T06:26:42.51-06:00</time>
<extensions>
<gpxtpx:TrackPointExtension>
<gpxtpx:speed>5.7</gpxtpx:speed>
</gpxtpx:TrackPointExtension>
<opentracks:accuracy_horizontal>3.569</opentracks:accuracy_horizontal></extensions>
</trkpt>
<trkpt lat="50.449741" lon="-104.503607">
<ele>569.4</ele>
<time>2026-08-25T06:26:44.497-06:00</time>
<extensions>
<gpxtpx:TrackPointExtension>
<gpxtpx:speed>6.27</gpxtpx:speed>
</gpxtpx:TrackPointExtension>
<opentracks:accuracy_horizontal>3.518</opentracks:accuracy_horizontal></extensions>
</trkpt>
<trkpt lat="50.449711" lon="-104.503443">
<ele>568.5</ele>
<time>2026-08-25T06:26:46.494-06:00</time>
<extensions>
<gpxtpx:TrackPointExtension>
<gpxtpx:speed>6.61</gpxtpx:speed>
</gpxtpx:TrackPointExtension>
<opentracks:accuracy_horizontal>3.747</opentracks:accuracy_horizontal></extensions>
</trkpt>
<trkpt lat="50.449574" lon="-104.503356">
<ele>568</ele>
<time>2026-08-25T06:26:48.501-06:00</time>
<extensions>
<gpxtpx:TrackPointExtension>
<gpxtpx:speed>6.47</gpxtpx:speed>
</gpxtpx:TrackPointExtension>
<opentracks:accuracy_horizontal>3.675</opentracks:accuracy_horizontal></extensions>
</trkpt>
<trkpt lat="50.449445" lon="-104.503296">
<ele>567.5</ele>
<time>2026-08-25T06:26:50.497-06:00</time>
<extensions>
<gpxtpx:TrackPointExtension>
<gpxtpx:speed>6.95</gpxtpx:speed>
</gpxtpx:TrackPointExtension>
<opentracks:accuracy_horizontal>3.731</opentracks:accuracy_horizontal></extensions>
</trkpt>
<trkpt lat="50.449374" lon="-104.503095">
<ele>566.7</ele>
<time>2026-08-25T06:26:52.488-06:00</time>
<extensions>
<gpxtpx:TrackPointExtension>
<gpxtpx:speed>7.25</gpxtpx:speed>
</gpxtpx:TrackPointExtension>
<opentracks:accuracy_horizontal>3.753</opentracks:accuracy_horizontal></extensions>
</trkpt>
<trkpt lat="50.449321" lon="-104.502887">
<ele>566.7</ele>
<time>2026-08-25T06:26:54.493-06:00</time>
<extensions>
<gpxtpx:TrackPointExtension>
<gpxtpx:speed>7.61</gpxtpx:speed>
</gpxtpx:TrackPointExtension>
<opentracks:accuracy_horizontal>3.735</opentracks:accuracy_horizontal></extensions>
</trkpt>
<trkpt lat="50.449209" lon="-104.502753">
<ele>566.7</ele>
<time>2026-08-25T06:26:56.498-06:00</time>
<extensions>
<gpxtpx:TrackPointExtension>
<gpxtpx:speed>8.65</gpxtpx:speed>
</gpxtpx:TrackPointExtension>
<opentracks:accuracy_horizontal>3.586</opentracks:accuracy_horizontal></extensions>
</trkpt>
<trkpt lat="50.449052" lon="-104.502764">
<ele>566.1</ele>
<time>2026-08-25T06:26:58.495-06:00</time>
<extensions>
<gpxtpx:TrackPointExtension>
<gpxtpx:speed>8.14</gpxtpx:speed>
</gpxtpx:TrackPointExtension>
<opentracks:accuracy_horizontal>3.795</opentracks:accuracy_horizontal></extensions>
</trkpt>
<trkpt lat="50.448918" lon="-104.502857">
<ele>565.9</ele>
<time>2026-08-25T06:27:00.497-06:00</time>
<extensions>
<gpxtpx:TrackPointExtension>
<gpxtpx:speed>7.5</gpxtpx:speed>
</gpxtpx:TrackPointExtension>
<opentracks:accuracy_horizontal>3.614</opentracks:accuracy_horizontal></extensions>
</trkpt>
<trkpt lat="50.448794" lon="-104.502946">
<ele>566.4</ele>
<time>2026-08-25T06:27:02.493-06:00</time>
<extensions>
<gpxtpx:TrackPointExtension>
<gpxtpx:speed>6.98</gpxtpx:speed>
</gpxtpx:TrackPointExtension>
<opentracks:accuracy_horizontal>3.722</opentracks:accuracy_horizontal></extensions>
</trkpt>
<trkpt lat="50.44867" lon="-104.502993">
<ele>566.6</ele>
<time>2026-08-25T06:27:04.492-06:00</time>
<extensions>
<gpxtpx:TrackPointExtension>
<gpxtpx:speed>7.44</gpxtpx:speed>
</gpxtpx:TrackPointExtension>
<opentracks:accuracy_horizontal>3.677</opentracks:accuracy_horizontal></extensions>
</trkpt>
<trkpt lat="50.448531" lon="-104.502983">
<ele>567.3</ele>
<time>2026-08-25T06:27:06.479-06:00</time>
<extensions>
<gpxtpx:TrackPointExtension>
<gpxtpx:speed>7.54</gpxtpx:speed>
</gpxtpx:TrackPointExtension>
<opentracks:accuracy_horizontal>3.569</opentracks:accuracy_horizontal></extensions>
</trkpt>
<trkpt lat="50.448409" lon="-104.502933">
<ele>566.9</ele>
<time>2026-08-25T06:27:08.501-06:00</time>
<extensions>
<gpxtpx:TrackPointExtension>
<gpxtpx:speed>6.6</gpxtpx:speed>
</gpxtpx:TrackPointExtension>
<opentracks:accuracy_horizontal>3.544</opentracks:accuracy_horizontal></extensions>
</trkpt>
<trkpt lat="50.448304" lon="-104.502811">
<ele>567</ele>
<time>2026-08-25T06:27:10.492-06:00</time>
<extensions>
<gpxtpx:TrackPointExtension>
<gpxtpx:speed>7.27</gpxtpx:speed>
</gpxtpx:TrackPointExtension>
<opentracks:accuracy_horizontal>3.569</opentracks:accuracy_horizontal></extensions>
</trkpt>
<trkpt lat="50.44821" lon="-104.502656">
<ele>566.9</ele>
<time>2026-08-25T06:27:12.502-06:00</time>
<extensions>
<gpxtpx:TrackPointExtension>
<gpxtpx:speed>6.84</gpxtpx:speed>
</gpxtpx:TrackPointExtension>
<opentracks:accuracy_horizontal>3.521</opentracks:accuracy_horizontal></extensions>
</trkpt>
<trkpt lat="50.448145" lon="-104.502488">
<ele>567.3</ele>
<time>2026-08-25T06:27:14.503-06:00</time>
<extensions>
<gpxtpx:TrackPointExtension>
<gpxtpx:speed>7.15</gpxtpx:speed>
</gpxtpx:TrackPointExtension>
<opentracks:accuracy_horizontal>3.52</opentracks:accuracy_horizontal></extensions>
</trkpt>
<trkpt lat="50.448115" lon="-104.502292">
<ele>567.4</ele>
<time>2026-08-25T06:27:16.501-06:00</time>
<extensions>
<gpxtpx:TrackPointExtension>
<gpxtpx:speed>6.89</gpxtpx:speed>
</gpxtpx:TrackPointExtension>
<opentracks:accuracy_horizontal>3.517</opentracks:accuracy_horizontal></extensions>
</trkpt>
<trkpt lat="50.4481" lon="-104.502091">
<ele>567.2</ele>
<time>2026-08-25T06:27:18.498-06:00</time>
<extensions>
<gpxtpx:TrackPointExtension>
<gpxtpx:speed>7.24</gpxtpx:speed>
</gpxtpx:TrackPointExtension>
<opentracks:accuracy_horizontal>3.517</opentracks:accuracy_horizontal></extensions>
</trkpt>
<trkpt lat="50.448091" lon="-104.501871">
<ele>567.3</ele>
<time>2026-08-25T06:27:20.495-06:00</time>
<extensions>
<gpxtpx:TrackPointExtension>
<gpxtpx:speed>7.4</gpxtpx:speed>
</gpxtpx:TrackPointExtension>
<opentracks:accuracy_horizontal>3.517</opentracks:accuracy_horizontal></extensions>
</trkpt>
<trkpt lat="50.448092" lon="-104.501653">
<ele>567.4</ele>
<time>2026-08-25T06:27:22.476-06:00</time>
<extensions>
<gpxtpx:TrackPointExtension>
<gpxtpx:speed>7.67</gpxtpx:speed>
</gpxtpx:TrackPointExtension>
<opentracks:accuracy_horizontal>3.517</opentracks:accuracy_horizontal></extensions>
</trkpt>
<trkpt lat="50.448093" lon="-104.501429">
<ele>567.6</ele>
<time>2026-08-25T06:27:24.499-06:00</time>
<extensions>
<gpxtpx:TrackPointExtension>
<gpxtpx:speed>7.71</gpxtpx:speed>
</gpxtpx:TrackPointExtension>
<opentracks:accuracy_horizontal>3.539</opentracks:accuracy_horizontal></extensions>
</trkpt>
<trkpt lat="50.448105" lon="-104.501215">
<ele>567.2</ele>
<time>2026-08-25T06:27:26.499-06:00</time>
<extensions>
<gpxtpx:TrackPointExtension>
<gpxtpx:speed>7.58</gpxtpx:speed>
</gpxtpx:TrackPointExtension>
<opentracks:accuracy_horizontal>3.531</opentracks:accuracy_horizontal></extensions>
</trkpt>
<trkpt lat="50.448109" lon="-104.500999">
<ele>566.9</ele>
<time>2026-08-25T06:27:28.493-06:00</time>
<extensions>
<gpxtpx:TrackPointExtension>
<gpxtpx:speed>7.74</gpxtpx:speed>
</gpxtpx:TrackPointExtension>
<opentracks:accuracy_horizontal>3.517</opentracks:accuracy_horizontal></extensions>
</trkpt>
<trkpt lat="50.448106" lon="-104.500774">
<ele>567</ele>
<time>2026-08-25T06:27:30.497-06:00</time>
<extensions>
<gpxtpx:TrackPointExtension>
<gpxtpx:speed>7.91</gpxtpx:speed>
</gpxtpx:TrackPointExtension>
<opentracks:accuracy_horizontal>3.517</opentracks:accuracy_horizontal></extensions>
</trkpt>
<trkpt lat="50.448115" lon="-104.500547">
<ele>567.2</ele>
<time>2026-08-25T06:27:32.503-06:00</time>
<extensions>
<gpxtpx:TrackPointExtension>
<gpxtpx:speed>7.7</gpxtpx:speed>
</gpxtpx:TrackPointExtension>
<opentracks:accuracy_horizontal>3.517</opentracks:accuracy_horizontal></extensions>
</trkpt>
<trkpt lat="50.448118" lon="-104.500329">
<ele>567</ele>
<time>2026-08-25T06:27:34.488-06:00</time>
<extensions>
<gpxtpx:TrackPointExtension>
<gpxtpx:speed>7.66</gpxtpx:speed>
</gpxtpx:TrackPointExtension>
<opentracks:accuracy_horizontal>3.517</opentracks:accuracy_horizontal></extensions>
</trkpt>
<trkpt lat="50.448112" lon="-104.500113">
<ele>567.3</ele>
<time>2026-08-25T06:27:36.496-06:00</time>
<extensions>
<gpxtpx:TrackPointExtension>
<gpxtpx:speed>7.62</gpxtpx:speed>
</gpxtpx:TrackPointExtension>
<opentracks:accuracy_horizontal>3.517</opentracks:accuracy_horizontal></extensions>
</trkpt>
<trkpt lat="50.448105" lon="-104.499899">
<ele>567.4</ele>
<time>2026-08-25T06:27:38.493-06:00</time>
<extensions>
<gpxtpx:TrackPointExtension>
<gpxtpx:speed>7.69</gpxtpx:speed>
</gpxtpx:TrackPointExtension>
<opentracks:accuracy_horizontal>3.517</opentracks:accuracy_horizontal></extensions>
</trkpt>
<trkpt lat="50.448105" lon="-104.499683">
<ele>567.2</ele>
<time>2026-08-25T06:27:40.485-06:00</time>
<extensions>
<gpxtpx:TrackPointExtension>
<gpxtpx:speed>7.55</gpxtpx:speed>
</gpxtpx:TrackPointExtension>
<opentracks:accuracy_horizontal>3.516</opentracks:accuracy_horizontal></extensions>
</trkpt>
<trkpt lat="50.448112" lon="-104.499464">
<ele>567.1</ele>
<time>2026-08-25T06:27:42.489-06:00</time>
<extensions>
<gpxtpx:TrackPointExtension>
<gpxtpx:speed>7.64</gpxtpx:speed>
</gpxtpx:TrackPointExtension>
<opentracks:accuracy_horizontal>3.516</opentracks:accuracy_horizontal></extensions>
</trkpt>
<trkpt lat="50.448111" lon="-104.499244">
<ele>566.8</ele>
<time>2026-08-25T06:27:44.499-06:00</time>
<extensions>
<gpxtpx:TrackPointExtension>
<gpxtpx:speed>7.65</gpxtpx:speed>
</gpxtpx:TrackPointExtension>
<opentracks:accuracy_horizontal>3.516</opentracks:accuracy_horizontal></extensions>
</trkpt>
<trkpt lat="50.448106" lon="-104.499026">
<ele>566.6</ele>
<time>2026-08-25T06:27:46.492-06:00</time>
<extensions>
<gpxtpx:TrackPointExtension>
<gpxtpx:speed>7.46</gpxtpx:speed>
</gpxtpx:TrackPointExtension>
<opentracks:accuracy_horizontal>3.516</opentracks:accuracy_horizontal></extensions>
</trkpt>
<trkpt lat="50.448113" lon="-104.498814">
<ele>566.7</ele>
<time>2026-08-25T06:27:48.498-06:00</time>
<extensions>
<gpxtpx:TrackPointExtension>
<gpxtpx:speed>7.35</gpxtpx:speed>
</gpxtpx:TrackPointExtension>
<opentracks:accuracy_horizontal>3.516</opentracks:accuracy_horizontal></extensions>
</trkpt>
<trkpt lat="50.448122" lon="-104.498609">
<ele>567</ele>
<time>2026-08-25T06:27:50.501-06:00</time>
<extensions>
<gpxtpx:TrackPointExtension>
<gpxtpx:speed>7.31</gpxtpx:speed>
</gpxtpx:TrackPointExtension>
<opentracks:accuracy_horizontal>3.516</opentracks:accuracy_horizontal></extensions>
</trkpt>
<trkpt lat="50.448124" lon="-104.4984">
<ele>567.2</ele>
<time>2026-08-25T06:27:52.505-06:00</time>
<extensions>
<gpxtpx:TrackPointExtension>
<gpxtpx:speed>7.28</gpxtpx:speed>
</gpxtpx:TrackPointExtension>
<opentracks:accuracy_horizontal>3.516</opentracks:accuracy_horizontal></extensions>
</trkpt>
<trkpt lat="50.448121" lon="-104.498194">
<ele>567.5</ele>
<time>2026-08-25T06:27:54.505-06:00</time>
<extensions>
<gpxtpx:TrackPointExtension>
<gpxtpx:speed>7.56</gpxtpx:speed>
</gpxtpx:TrackPointExtension>
<opentracks:accuracy_horizontal>3.516</opentracks:accuracy_horizontal></extensions>
</trkpt>
<trkpt lat="50.448116" lon="-104.49798">
<ele>567.8</ele>
<time>2026-08-25T06:27:56.497-06:00</time>
<extensions>
<gpxtpx:TrackPointExtension>
<gpxtpx:speed>7.32</gpxtpx:speed>
</gpxtpx:TrackPointExtension>
<opentracks:accuracy_horizontal>3.516</opentracks:accuracy_horizontal></extensions>
</trkpt>
<trkpt lat="50.448116" lon="-104.497766">
<ele>567.5</ele>
<time>2026-08-25T06:27:58.511-06:00</time>
<extensions>
<gpxtpx:TrackPointExtension>
<gpxtpx:speed>7.72</gpxtpx:speed>
</gpxtpx:TrackPointExtension>
<opentracks:accuracy_horizontal>3.721</opentracks:accuracy_horizontal></extensions>
</trkpt>
<trkpt lat="50.448125" lon="-104.497555">
<ele>566.8</ele>
<time>2026-08-25T06:28:00.501-06:00</time>
<extensions>
<gpxtpx:TrackPointExtension>
<gpxtpx:speed>7.11</gpxtpx:speed>
</gpxtpx:TrackPointExtension>
<opentracks:accuracy_horizontal>3.721</opentracks:accuracy_horizontal></extensions>
</trkpt>
<trkpt lat="50.448127" lon="-104.497365">
<ele>567.6</ele>
<time>2026-08-25T06:28:02.514-06:00</time>
<extensions>
<gpxtpx:TrackPointExtension>
<gpxtpx:speed>6.68</gpxtpx:speed>
</gpxtpx:TrackPointExtension>
<opentracks:accuracy_horizontal>3.721</opentracks:accuracy_horizontal></extensions>
</trkpt>
<trkpt lat="50.448128" lon="-104.497172">
<ele>567.3</ele>
<time>2026-08-25T06:28:04.495-06:00</time>
<extensions>
<gpxtpx:TrackPointExtension>
<gpxtpx:speed>7.23</gpxtpx:speed>
</gpxtpx:TrackPointExtension>
<opentracks:accuracy_horizontal>3.721</opentracks:accuracy_horizontal></extensions>
</trkpt>
<trkpt lat="50.448134" lon="-104.496962">
<ele>567.4</ele>
<time>2026-08-25T06:28:06.495-06:00</time>
<extensions>
<gpxtpx:TrackPointExtension>
<gpxtpx:speed>6.77</gpxtpx:speed>
</gpxtpx:TrackPointExtension>
<opentracks:accuracy_horizontal>3.721</opentracks:accuracy_horizontal></extensions>
</trkpt>
<trkpt lat="50.448144" lon="-104.496776">
<ele>567.8</ele>
<time>2026-08-25T06:28:08.487-06:00</time>
<extensions>
<gpxtpx:TrackPointExtension>
<gpxtpx:speed>6.55</gpxtpx:speed>
</gpxtpx:TrackPointExtension>
<opentracks:accuracy_horizontal>3.721</opentracks:accuracy_horizontal></extensions>
</trkpt>
<trkpt lat="50.448156" lon="-104.496584">
<ele>568.4</ele>
<time>2026-08-25T06:28:10.49-06:00</time>
<extensions>
<gpxtpx:TrackPointExtension>
<gpxtpx:speed>6.92</gpxtpx:speed>
</gpxtpx:TrackPointExtension>
<opentracks:accuracy_horizontal>3.721</opentracks:accuracy_horizontal></extensions>
</trkpt>
<trkpt lat="50.448162" lon="-104.496389">
<ele>568.4</ele>
<time>2026-08-25T06:28:12.49-06:00</time>
<extensions>
<gpxtpx:TrackPointExtension>
<gpxtpx:speed>6.64</gpxtpx:speed>
</gpxtpx:TrackPointExtension>
<opentracks:accuracy_horizontal>3.721</opentracks:accuracy_horizontal></extensions>
</trkpt>
<trkpt lat="50.448164" lon="-104.496197">
<ele>568.5</ele>
<time>2026-08-25T06:28:14.491-06:00</time>
<extensions>
<gpxtpx:TrackPointExtension>
<gpxtpx:speed>6.97</gpxtpx:speed>
</gpxtpx:TrackPointExtension>
<opentracks:accuracy_horizontal>3.721</opentracks:accuracy_horizontal></extensions>
</trkpt>
<trkpt lat="50.448176" lon="-104.495998">
<ele>568.6</ele>
<time>2026-08-25T06:28:16.468-06:00</time>
<extensions>
<gpxtpx:TrackPointExtension>
<gpxtpx:speed>6.77</gpxtpx:speed>
</gpxtpx:TrackPointExtension>
<opentracks:accuracy_horizontal>3.721</opentracks:accuracy_horizontal></extensions>
</trkpt>
<trkpt lat="50.448197" lon="-104.495813">
<ele>568.5</ele>
<time>2026-08-25T06:28:18.487-06:00</time>
<extensions>
<gpxtpx:TrackPointExtension>
<gpxtpx:speed>6.83</gpxtpx:speed>
</gpxtpx:TrackPointExtension>
<opentracks:accuracy_horizontal>3.599</opentracks:accuracy_horizontal></extensions>
</trkpt>
<trkpt lat="50.448225" lon="-104.495616">
<ele>569.1</ele>
<time>2026-08-25T06:28:20.496-06:00</time>
<extensions>
<gpxtpx:TrackPointExtension>
<gpxtpx:speed>6.87</gpxtpx:speed>
</gpxtpx:TrackPointExtension>
<opentracks:accuracy_horizontal>3.598</opentracks:accuracy_horizontal></extensions>
</trkpt>
<trkpt lat="50.448236" lon="-104.495419">
<ele>569.4</ele>
<time>2026-08-25T06:28:22.5-06:00</time>
<extensions>
<gpxtpx:TrackPointExtension>
<gpxtpx:speed>6.96</gpxtpx:speed>
</gpxtpx:TrackPointExtension>
<opentracks:accuracy_horizontal>3.559</opentracks:accuracy_horizontal></extensions>
</trkpt>
<trkpt lat="50.44823" lon="-104.495224">
<ele>569.6</ele>
<time>2026-08-25T06:28:24.497-06:00</time>
<extensions>
<gpxtpx:TrackPointExtension>
<gpxtpx:speed>6.87</gpxtpx:speed>
</gpxtpx:TrackPointExtension>
<opentracks:accuracy_horizontal>3.556</opentracks:accuracy_horizontal></extensions>
</trkpt>
<trkpt lat="50.448213" lon="-104.495024">
<ele>569.4</ele>
<time>2026-08-25T06:28:26.499-06:00</time>
<extensions>
<gpxtpx:TrackPointExtension>
<gpxtpx:speed>7.16</gpxtpx:speed>
</gpxtpx:TrackPointExtension>
<opentracks:accuracy_horizontal>3.54</opentracks:accuracy_horizontal></extensions>
</trkpt>
<trkpt lat="50.448207" lon="-104.494815">
<ele>568.9</ele>
<time>2026-08-25T06:28:28.492-06:00</time>
<extensions>
<gpxtpx:TrackPointExtension>
<gpxtpx:speed>7.6</gpxtpx:speed>
</gpxtpx:TrackPointExtension>
<opentracks:accuracy_horizontal>3.526</opentracks:accuracy_horizontal></extensions>
</trkpt>
<trkpt lat="50.448211" lon="-104.494604">
<ele>568.5</ele>
<time>2026-08-25T06:28:30.501-06:00</time>
<extensions>
<gpxtpx:TrackPointExtension>
<gpxtpx:speed>7.36</gpxtpx:speed>
</gpxtpx:TrackPointExtension>
<opentracks:accuracy_horizontal>3.539</opentracks:accuracy_horizontal></extensions>
</trkpt>
<trkpt lat="50.448232" lon="-104.494394">
<ele>568.2</ele>
<time>2026-08-25T06:28:32.498-06:00</time>
<extensions>
<gpxtpx:TrackPointExtension>
<gpxtpx:speed>7.24</gpxtpx:speed>
</gpxtpx:TrackPointExtension>
<opentracks:accuracy_horizontal>3.721</opentracks:accuracy_horizontal></extensions>
</trkpt>
<trkpt lat="50.448253" lon="-104.494197">
<ele>567.8</ele>
<time>2026-08-25T06:28:34.491-06:00</time>
<extensions>
<gpxtpx:TrackPointExtension>
<gpxtpx:speed>6.97</gpxtpx:speed>
</gpxtpx:TrackPointExtension>
<opentracks:accuracy_horizontal>3.721</opentracks:accuracy_horizontal></extensions>
</trkpt>
<trkpt lat="50.448263" lon="-104.494">
<ele>567.9</ele>
<time>2026-08-25T06:28:36.504-06:00</time>
<extensions>
<gpxtpx:TrackPointExtension>
<gpxtpx:speed>6.67</gpxtpx:speed>
</gpxtpx:TrackPointExtension>
<opentracks:accuracy_horizontal>3.721</opentracks:accuracy_horizontal></extensions>
</trkpt>
<trkpt lat="50.448258" lon="-104.493819">
<ele>568</ele>
<time>2026-08-25T06:28:38.5-06:00</time>
<extensions>
<gpxtpx:TrackPointExtension>
<gpxtpx:speed>6.22</gpxtpx:speed>
</gpxtpx:TrackPointExtension>
<opentracks:accuracy_horizontal>3.721</opentracks:accuracy_horizontal></extensions>
</trkpt>
<trkpt lat="50.448264" lon="-104.493634">
<ele>568.2</ele>
<time>2026-08-25T06:28:40.506-06:00</time>
<extensions>
<gpxtpx:TrackPointExtension>
<gpxtpx:speed>6.32</gpxtpx:speed>
</gpxtpx:TrackPointExtension>
<opentracks:accuracy_horizontal>3.721</opentracks:accuracy_horizontal></extensions>
</trkpt>
<trkpt lat="50.44827" lon="-104.493467">
<ele>568.5</ele>
<time>2026-08-25T06:28:42.495-06:00</time>
<extensions>
<gpxtpx:TrackPointExtension>
<gpxtpx:speed>5.4</gpxtpx:speed>
</gpxtpx:TrackPointExtension>
<opentracks:accuracy_horizontal>3.721</opentracks:accuracy_horizontal></extensions>
</trkpt>
<trkpt lat="50.448267" lon="-104.493322">
<ele>568.5</ele>
<time>2026-08-25T06:28:44.497-06:00</time>
<extensions>
<gpxtpx:TrackPointExtension>
<gpxtpx:speed>5.23</gpxtpx:speed>
</gpxtpx:TrackPointExtension>
<opentracks:accuracy_horizontal>3.721</opentracks:accuracy_horizontal></extensions>
</trkpt>
<trkpt lat="50.448268" lon="-104.493178">
<ele>568</ele>
<time>2026-08-25T06:28:46.502-06:00</time>
<extensions>
<gpxtpx:TrackPointExtension>
<gpxtpx:speed>5.21</gpxtpx:speed>
</gpxtpx:TrackPointExtension>
<opentracks:accuracy_horizontal>3.721</opentracks:accuracy_horizontal></extensions>
</trkpt>
<trkpt lat="50.44826" lon="-104.492968">
<ele>567.1</ele>
<time>2026-08-25T06:28:49.5-06:00</time>
<extensions>
<gpxtpx:TrackPointExtension>
<gpxtpx:speed>5.14</gpxtpx:speed>
</gpxtpx:TrackPointExtension>
<opentracks:accuracy_horizontal>3.721</opentracks:accuracy_horizontal></extensions>
</trkpt>
<trkpt lat="50.448233" lon="-104.492823">
<ele>567.1</ele>
<time>2026-08-25T06:28:51.496-06:00</time>
<extensions>
<gpxtpx:TrackPointExtension>
<gpxtpx:speed>5.27</gpxtpx:speed>
</gpxtpx:TrackPointExtension>
<opentracks:accuracy_horizontal>3.721</opentracks:accuracy_horizontal></extensions>
</trkpt>
<trkpt lat="50.448227" lon="-104.492679">
<ele>566.9</ele>
<time>2026-08-25T06:28:53.509-06:00</time>
<extensions>
<gpxtpx:TrackPointExtension>
<gpxtpx:speed>4.83</gpxtpx:speed>
</gpxtpx:TrackPointExtension>
<opentracks:accuracy_horizontal>3.721</opentracks:accuracy_horizontal></extensions>
</trkpt>
<trkpt lat="50.448235" lon="-104.492486">
<ele>566.7</ele>
<time>2026-08-25T06:28:56.516-06:00</time>
<extensions>
<gpxtpx:TrackPointExtension>
<gpxtpx:speed>4.49</gpxtpx:speed>
</gpxtpx:TrackPointExtension>
<opentracks:accuracy_horizontal>3.721</opentracks:accuracy_horizontal></extensions>
</trkpt>
<trkpt lat="50.448231" lon="-104.492284">
<ele>566.4</ele>
<time>2026-08-25T06:28:59.505-06:00</time>
<extensions>
<gpxtpx:TrackPointExtension>
<gpxtpx:speed>4.58</gpxtpx:speed>
</gpxtpx:TrackPointExtension>
<opentracks:accuracy_horizontal>3.721</opentracks:accuracy_horizontal></extensions>
</trkpt>
<trkpt lat="50.448231" lon="-104.492089">
<ele>566.3</ele>
<time>2026-08-25T06:29:02.507-06:00</time>
<extensions>
<gpxtpx:TrackPointExtension>
<gpxtpx:speed>5.48</gpxtpx:speed>
</gpxtpx:TrackPointExtension>
<opentracks:accuracy_horizontal>3.721</opentracks:accuracy_horizontal></extensions>
</trkpt>
<trkpt lat="50.448234" lon="-104.491913">
<ele>566</ele>
<time>2026-08-25T06:29:04.498-06:00</time>
<extensions>
<gpxtpx:TrackPointExtension>
<gpxtpx:speed>6.31</gpxtpx:speed>
</gpxtpx:TrackPointExtension>
<opentracks:accuracy_horizontal>3.721</opentracks:accuracy_horizontal></extensions>
</trkpt>
<trkpt lat="50.448227" lon="-104.491732">
<ele>566.1</ele>
<time>2026-08-25T06:29:06.472-06:00</time>
<extensions>
<gpxtpx:TrackPointExtension>
<gpxtpx:speed>6.12</gpxtpx:speed>
</gpxtpx:TrackPointExtension>
<opentracks:accuracy_horizontal>3.721</opentracks:accuracy_horizontal></extensions>
</trkpt>
<trkpt lat="50.448224" lon="-104.491557">
<ele>566</ele>
<time>2026-08-25T06:29:08.497-06:00</time>
<extensions>
<gpxtpx:TrackPointExtension>
<gpxtpx:speed>6.22</gpxtpx:speed>
</gpxtpx:TrackPointExtension>
<opentracks:accuracy_horizontal>3.721</opentracks:accuracy_horizontal></extensions>
</trkpt>
<trkpt lat="50.44822" lon="-104.49137">
<ele>565.5</ele>
<time>2026-08-25T06:29:10.488-06:00</time>
<extensions>
<gpxtpx:TrackPointExtension>
<gpxtpx:speed>6.8</gpxtpx:speed>
</gpxtpx:TrackPointExtension>
<opentracks:accuracy_horizontal>3.72</opentracks:accuracy_horizontal></extensions>
</trkpt>
<trkpt lat="50.448223" lon="-104.491187">
<ele>565.3</ele>
<time>2026-08-25T06:29:12.493-06:00</time>
<extensions>
<gpxtpx:TrackPointExtension>
<gpxtpx:speed>6.09</gpxtpx:speed>
</gpxtpx:TrackPointExtension>
<opentracks:accuracy_horizontal>3.72</opentracks:accuracy_horizontal></extensions>
</trkpt>
<trkpt lat="50.448226" lon="-104.49102">
<ele>565</ele>
<time>2026-08-25T06:29:14.509-06:00</time>
<extensions>
<gpxtpx:TrackPointExtension>
<gpxtpx:speed>5.97</gpxtpx:speed>
</gpxtpx:TrackPointExtension>
<opentracks:accuracy_horizontal>3.72</opentracks:accuracy_horizontal></extensions>
</trkpt>
<trkpt lat="50.448234" lon="-104.490846">
<ele>564.9</ele>
<time>2026-08-25T06:29:16.495-06:00</time>
<extensions>
<gpxtpx:TrackPointExtension>
<gpxtpx:speed>6.18</gpxtpx:speed>
</gpxtpx:TrackPointExtension>
<opentracks:accuracy_horizontal>3.72</opentracks:accuracy_horizontal></extensions>
</trkpt>
<trkpt lat="50.448243" lon="-104.490666">
<ele>565.1</ele>
<time>2026-08-25T06:29:18.495-06:00</time>
<extensions>
<gpxtpx:TrackPointExtension>
<gpxtpx:speed>6.32</gpxtpx:speed>
</gpxtpx:TrackPointExtension>
<opentracks:accuracy_horizontal>3.846</opentracks:accuracy_horizontal></extensions>
</trkpt>
<trkpt lat="50.448236" lon="-104.490491">
<ele>565.1</ele>
<time>2026-08-25T06:29:20.497-06:00</time>
<extensions>
<gpxtpx:TrackPointExtension>
<gpxtpx:speed>5.97</gpxtpx:speed>
</gpxtpx:TrackPointExtension>
<opentracks:accuracy_horizontal>3.895</opentracks:accuracy_horizontal></extensions>
</trkpt>
<trkpt lat="50.44822" lon="-104.490325">
<ele>564.3</ele>
<time>2026-08-25T06:29:22.491-06:00</time>
<extensions>
<gpxtpx:TrackPointExtension>
<gpxtpx:speed>5.92</gpxtpx:speed>
</gpxtpx:TrackPointExtension>
<opentracks:accuracy_horizontal>3.814</opentracks:accuracy_horizontal></extensions>
</trkpt>
<trkpt lat="50.448212" lon="-104.490161">
<ele>564.3</ele>
<time>2026-08-25T06:29:24.483-06:00</time>
<extensions>
<gpxtpx:TrackPointExtension>
<gpxtpx:speed>5.84</gpxtpx:speed>
</gpxtpx:TrackPointExtension>
<opentracks:accuracy_horizontal>3.746</opentracks:accuracy_horizontal></extensions>
</trkpt>
<trkpt lat="50.448206" lon="-104.490004">
<ele>564.4</ele>
<time>2026-08-25T06:29:26.476-06:00</time>
<extensions>
<gpxtpx:TrackPointExtension>
<gpxtpx:speed>5.75</gpxtpx:speed>
</gpxtpx:TrackPointExtension>
<opentracks:accuracy_horizontal>3.72</opentracks:accuracy_horizontal></extensions>
</trkpt>
<trkpt lat="50.448201" lon="-104.489842">
<ele>565</ele>
<time>2026-08-25T06:29:28.506-06:00</time>
<extensions>
<gpxtpx:TrackPointExtension>
<gpxtpx:speed>5.9</gpxtpx:speed>
</gpxtpx:TrackPointExtension>
<opentracks:accuracy_horizontal>3.72</opentracks:accuracy_horizontal></extensions>
</trkpt>
<trkpt lat="50.4482" lon="-104.489675">
<ele>565.2</ele>
<time>2026-08-25T06:29:30.498-06:00</time>
<extensions>
<gpxtpx:TrackPointExtension>
<gpxtpx:speed>5.77</gpxtpx:speed>
</gpxtpx:TrackPointExtension>
<opentracks:accuracy_horizontal>3.72</opentracks:accuracy_horizontal></extensions>
</trkpt>
<trkpt lat="50.448199" lon="-104.489513">
<ele>565.8</ele>
<time>2026-08-25T06:29:32.507-06:00</time>
<extensions>
<gpxtpx:TrackPointExtension>
<gpxtpx:speed>5.72</gpxtpx:speed>
</gpxtpx:TrackPointExtension>
<opentracks:accuracy_horizontal>3.72</opentracks:accuracy_horizontal></extensions>
</trkpt>
<trkpt lat="50.448194" lon="-104.489356">
<ele>566.3</ele>
<time>2026-08-25T06:29:34.501-06:00</time>
<extensions>
<gpxtpx:TrackPointExtension>
<gpxtpx:speed>5.54</gpxtpx:speed>
</gpxtpx:TrackPointExtension>
<opentracks:accuracy_horizontal>3.696</opentracks:accuracy_horizontal></extensions>
</trkpt>
<trkpt lat="50.448184" lon="-104.489204">
<ele>566</ele>
<time>2026-08-25T06:29:36.505-06:00</time>
<extensions>
<gpxtpx:TrackPointExtension>
<gpxtpx:speed>5.56</gpxtpx:speed>
</gpxtpx:TrackPointExtension>
<opentracks:accuracy_horizontal>3.805</opentracks:accuracy_horizontal></extensions>
</trkpt>
<trkpt lat="50.448179" lon="-104.489053">
<ele>565.9</ele>
<time>2026-08-25T06:29:38.508-06:00</time>
<extensions>
<gpxtpx:TrackPointExtension>
<gpxtpx:speed>5.43</gpxtpx:speed>
</gpxtpx:TrackPointExtension>
<opentracks:accuracy_horizontal>3.837</opentracks:accuracy_horizontal></extensions>
</trkpt>
<trkpt lat="50.448182" lon="-104.488899">
<ele>566.1</ele>
<time>2026-08-25T06:29:40.491-06:00</time>
<extensions>
<gpxtpx:TrackPointExtension>
<gpxtpx:speed>5.48</gpxtpx:speed>
</gpxtpx:TrackPointExtension>
<opentracks:accuracy_horizontal>3.793</opentracks:accuracy_horizontal></extensions>
</trkpt>
<trkpt lat="50.448179" lon="-104.488747">
<ele>566.1</ele>
<time>2026-08-25T06:29:42.506-06:00</time>
<extensions>
<gpxtpx:TrackPointExtension>
<gpxtpx:speed>5.39</gpxtpx:speed>
</gpxtpx:TrackPointExtension>
<opentracks:accuracy_horizontal>3.723</opentracks:accuracy_horizontal></extensions>
</trkpt>
<trkpt lat="50.448174" lon="-104.488597">
<ele>566.2</ele>
<time>2026-08-25T06:29:44.497-06:00</time>
<extensions>
<gpxtpx:TrackPointExtension>
<gpxtpx:speed>5.16</gpxtpx:speed>
</gpxtpx:TrackPointExtension>
<opentracks:accuracy_horizontal>3.569</opentracks:accuracy_horizontal></extensions>
</trkpt>
<trkpt lat="50.448168" lon="-104.488455">
<ele>565.9</ele>
<time>2026-08-25T06:29:46.496-06:00</time>
<extensions>
<gpxtpx:TrackPointExtension>
<gpxtpx:speed>5.07</gpxtpx:speed>
</gpxtpx:TrackPointExtension>
<opentracks:accuracy_horizontal>3.514</opentracks:accuracy_horizontal></extensions>
</trkpt>
<trkpt lat="50.448163" lon="-104.488248">
<ele>565.5</ele>
<time>2026-08-25T06:29:49.508-06:00</time>
<extensions>
<gpxtpx:TrackPointExtension>
<gpxtpx:speed>4.88</gpxtpx:speed>
</gpxtpx:TrackPointExtension>
<opentracks:accuracy_horizontal>3.752</opentracks:accuracy_horizontal></extensions>
</trkpt>
<trkpt lat="50.448159" lon="-104.488052">
<ele>566.3</ele>
<time>2026-08-25T06:29:52.502-06:00</time>
<extensions>
<gpxtpx:TrackPointExtension>
<gpxtpx:speed>4.53</gpxtpx:speed>
</gpxtpx:TrackPointExtension>
<opentracks:accuracy_horizontal>3.579</opentracks:accuracy_horizontal></extensions>
</trkpt>
<trkpt lat="50.44814" lon="-104.487862">
<ele>566.5</ele>
<time>2026-08-25T06:29:55.477-06:00</time>
<extensions>
<gpxtpx:TrackPointExtension>
<gpxtpx:speed>4.46</gpxtpx:speed>
</gpxtpx:TrackPointExtension>
<opentracks:accuracy_horizontal>3.793</opentracks:accuracy_horizontal></extensions>
</trkpt>
<trkpt lat="50.448141" lon="-104.487681">
<ele>566.5</ele>
<time>2026-08-25T06:29:58.508-06:00</time>
<extensions>
<gpxtpx:TrackPointExtension>
<gpxtpx:speed>4.52</gpxtpx:speed>
</gpxtpx:TrackPointExtension>
<opentracks:accuracy_horizontal>3.685</opentracks:accuracy_horizontal></extensions>
</trkpt>
<trkpt lat="50.448149" lon="-104.487512">
<ele>566.9</ele>
<time>2026-08-25T06:30:01.511-06:00</time>
<extensions>
<gpxtpx:TrackPointExtension>
<gpxtpx:speed>3.22</gpxtpx:speed>
</gpxtpx:TrackPointExtension>
<opentracks:accuracy_horizontal>3.659</opentracks:accuracy_horizontal></extensions>
</trkpt>
<trkpt lat="50.448156" lon="-104.487366">
<ele>567.6</ele>
<time>2026-08-25T06:30:04.503-06:00</time>
<extensions>
<gpxtpx:TrackPointExtension>
<gpxtpx:speed>3.81</gpxtpx:speed>
</gpxtpx:TrackPointExtension>
<opentracks:accuracy_horizontal>3.778</opentracks:accuracy_horizontal></extensions>
</trkpt>
<trkpt lat="50.448136" lon="-104.487224">
<ele>567.5</ele>
<time>2026-08-25T06:30:07.507-06:00</time>
<extensions>
<gpxtpx:TrackPointExtension>
<gpxtpx:speed>3.23</gpxtpx:speed>
</gpxtpx:TrackPointExtension>
<opentracks:accuracy_horizontal>3.938</opentracks:accuracy_horizontal></extensions>
</trkpt>
<trkpt lat="50.448152" lon="-104.487058">
<ele>566.9</ele>
<time>2026-08-25T06:30:11.499-06:00</time>
<extensions>
<gpxtpx:TrackPointExtension>
<gpxtpx:speed>3.08</gpxtpx:speed>
</gpxtpx:TrackPointExtension>
<opentracks:accuracy_horizontal>3.941</opentracks:accuracy_horizontal></extensions>
</trkpt>
<trkpt lat="50.448142" lon="-104.486891">
<ele>567.4</ele>
<time>2026-08-25T06:30:15.494-06:00</time>
<extensions>
<gpxtpx:TrackPointExtension>
<gpxtpx:speed>3.05</gpxtpx:speed>
</gpxtpx:TrackPointExtension>
<opentracks:accuracy_horizontal>3.751</opentracks:accuracy_horizontal></extensions>
</trkpt>
<trkpt lat="50.44812" lon="-104.486732">
<ele>567.3</ele>
<time>2026-08-25T06:30:19.503-06:00</time>
<extensions>
<gpxtpx:TrackPointExtension>
<gpxtpx:speed>2.94</gpxtpx:speed>
</gpxtpx:TrackPointExtension>
<opentracks:accuracy_horizontal>3.71</opentracks:accuracy_horizontal></extensions>
</trkpt>
<trkpt lat="50.448122" lon="-104.486568">
<ele>567.6</ele>
<time>2026-08-25T06:30:23.495-06:00</time>
<extensions>
<gpxtpx:TrackPointExtension>
<gpxtpx:speed>3.07</gpxtpx:speed>
</gpxtpx:TrackPointExtension>
<opentracks:accuracy_horizontal>3.741</opentracks:accuracy_horizontal></extensions>
</trkpt>
<trkpt lat="50.448124" lon="-104.486415">
<ele>567.4</ele>
<time>2026-08-25T06:30:27.506-06:00</time>
<extensions>
<gpxtpx:TrackPointExtension>
<gpxtpx:speed>2.94</gpxtpx:speed>
</gpxtpx:TrackPointExtension>
<opentracks:accuracy_horizontal>3.749</opentracks:accuracy_horizontal></extensions>
</trkpt>
<trkpt lat="50.448115" lon="-104.486245">
<ele>567.4</ele>
<time>2026-08-25T06:30:31.487-06:00</time>
<extensions>
<gpxtpx:TrackPointExtension>
<gpxtpx:speed>2.96</gpxtpx:speed>
</gpxtpx:TrackPointExtension>
<opentracks:accuracy_horizontal>3.731</opentracks:accuracy_horizontal></extensions>
</trkpt>
<trkpt lat="50.448114" lon="-104.486104">
<ele>566.7</ele>
<time>2026-08-25T06:30:35.493-06:00</time>
<extensions>
<gpxtpx:TrackPointExtension>
<gpxtpx:speed>1.79</gpxtpx:speed>
</gpxtpx:TrackPointExtension>
<opentracks:accuracy_horizontal>3.848</opentracks:accuracy_horizontal></extensions>
</trkpt>
<trkpt lat="50.448134" lon="-104.485973">
<ele>567.1</ele>
<time>2026-08-25T06:30:45.504-06:00</time>
<extensions>
<gpxtpx:TrackPointExtension>
<gpxtpx:speed>0</gpxtpx:speed>
</gpxtpx:TrackPointExtension>
<opentracks:accuracy_horizontal>3.513</opentracks:accuracy_horizontal></extensions>
</trkpt>
<trkpt lat="50.448153" lon="-104.485833">
<ele>565.1</ele>
<time>2026-08-25T06:32:27.495-06:00</time>
<extensions>
<gpxtpx:TrackPointExtension>
<gpxtpx:speed>2.12</gpxtpx:speed>
</gpxtpx:TrackPointExtension>
<opentracks:accuracy_horizontal>3.847</opentracks:accuracy_horizontal></extensions>
</trkpt>
<trkpt lat="50.448129" lon="-104.485667">
<ele>565.8</ele>
<time>2026-08-25T06:32:32.499-06:00</time>
<extensions>
<gpxtpx:TrackPointExtension>
<gpxtpx:speed>2.57</gpxtpx:speed>
</gpxtpx:TrackPointExtension>
<opentracks:accuracy_horizontal>3.852</opentracks:accuracy_horizontal></extensions>
</trkpt>
<trkpt lat="50.448126" lon="-104.485516">
<ele>565.8</ele>
<time>2026-08-25T06:32:36.494-06:00</time>
<extensions>
<gpxtpx:TrackPointExtension>
<gpxtpx:speed>2.74</gpxtpx:speed>
</gpxtpx:TrackPointExtension>
<opentracks:accuracy_horizontal>3.65</opentracks:accuracy_horizontal></extensions>
</trkpt>
<trkpt lat="50.448123" lon="-104.485373">
<ele>565.7</ele>
<time>2026-08-25T06:32:40.501-06:00</time>
<extensions>
<gpxtpx:TrackPointExtension>
<gpxtpx:speed>2.34</gpxtpx:speed>
</gpxtpx:TrackPointExtension>
<opentracks:accuracy_horizontal>3.981</opentracks:accuracy_horizontal></extensions>
</trkpt>
<trkpt lat="50.448127" lon="-104.485197">
<ele>566</ele>
<time>2026-08-25T06:32:45.5-06:00</time>
<extensions>
<gpxtpx:TrackPointExtension>
<gpxtpx:speed>2.65</gpxtpx:speed>
</gpxtpx:TrackPointExtension>
<opentracks:accuracy_horizontal>3.721</opentracks:accuracy_horizontal></extensions>
</trkpt>
<trkpt lat="50.448129" lon="-104.485026">
<ele>565.5</ele>
<time>2026-08-25T06:32:50.5-06:00</time>
<extensions>
<gpxtpx:TrackPointExtension>
<gpxtpx:speed>2.39</gpxtpx:speed>
</gpxtpx:TrackPointExtension>
<opentracks:accuracy_horizontal>3.933</opentracks:accuracy_horizontal></extensions>
</trkpt>
<trkpt lat="50.448128" lon="-104.484857">
<ele>565.4</ele>
<time>2026-08-25T06:32:55.518-06:00</time>
<extensions>
<gpxtpx:TrackPointExtension>
<gpxtpx:speed>2.3</gpxtpx:speed>
</gpxtpx:TrackPointExtension>
<opentracks:accuracy_horizontal>3.956</opentracks:accuracy_horizontal></extensions>
</trkpt>
<trkpt lat="50.448123" lon="-104.484697">
<ele>565.5</ele>
<time>2026-08-25T06:32:59.47-06:00</time>
<extensions>
<gpxtpx:TrackPointExtension>
<gpxtpx:speed>2.83</gpxtpx:speed>
</gpxtpx:TrackPointExtension>
<opentracks:accuracy_horizontal>3.875</opentracks:accuracy_horizontal></extensions>
</trkpt>
<trkpt lat="50.448121" lon="-104.484634">
<ele>565.7</ele>
<time>2026-08-25T06:33:08.506-06:00</time>
<extensions>
<gpxtpx:TrackPointExtension>
<gpxtpx:speed>0</gpxtpx:speed>
</gpxtpx:TrackPointExtension>
<opentracks:accuracy_horizontal>3.51</opentracks:accuracy_horizontal></extensions>
</trkpt>
<trkpt lat="50.448126" lon="-104.484475">
<ele>565.7</ele>
<time>2026-08-25T06:34:16.495-06:00</time>
<extensions>
<gpxtpx:TrackPointExtension>
<gpxtpx:speed>2.77</gpxtpx:speed>
</gpxtpx:TrackPointExtension>
<opentracks:accuracy_horizontal>3.582</opentracks:accuracy_horizontal></extensions>
</trkpt>
<trkpt lat="50.44813" lon="-104.484308">
<ele>565.3</ele>
<time>2026-08-25T06:34:20.479-06:00</time>
<extensions>
<gpxtpx:TrackPointExtension>
<gpxtpx:speed>2.87</gpxtpx:speed>
</gpxtpx:TrackPointExtension>
<opentracks:accuracy_horizontal>3.787</opentracks:accuracy_horizontal></extensions>
</trkpt>
<trkpt lat="50.448135" lon="-104.484127">
<ele>565.1</ele>
<time>2026-08-25T06:34:25.469-06:00</time>
<extensions>
<gpxtpx:TrackPointExtension>
<gpxtpx:speed>2.95</gpxtpx:speed>
</gpxtpx:TrackPointExtension>
<opentracks:accuracy_horizontal>3.822</opentracks:accuracy_horizontal></extensions>
</trkpt>
<trkpt lat="50.448138" lon="-104.483984">
<ele>565.3</ele>
<time>2026-08-25T06:34:28.478-06:00</time>
<extensions>
<gpxtpx:TrackPointExtension>
<gpxtpx:speed>2.99</gpxtpx:speed>
</gpxtpx:TrackPointExtension>
<opentracks:accuracy_horizontal>3.632</opentracks:accuracy_horizontal></extensions>
</trkpt>
<trkpt lat="50.448145" lon="-104.483825">
<ele>566.1</ele>
<time>2026-08-25T06:34:31.466-06:00</time>
<extensions>
<gpxtpx:TrackPointExtension>
<gpxtpx:speed>3.99</gpxtpx:speed>
</gpxtpx:TrackPointExtension>
<opentracks:accuracy_horizontal>3.609</opentracks:accuracy_horizontal></extensions>
</trkpt>
<trkpt lat="50.448155" lon="-104.483627">
<ele>565.3</ele>
<time>2026-08-25T06:34:34.477-06:00</time>
<extensions>
<gpxtpx:TrackPointExtension>
<gpxtpx:speed>3.88</gpxtpx:speed>
</gpxtpx:TrackPointExtension>
<opentracks:accuracy_horizontal>3.722</opentracks:accuracy_horizontal></extensions>
</trkpt>
<trkpt lat="50.448149" lon="-104.48344">
<ele>565.9</ele>
<time>2026-08-25T06:34:37.481-06:00</time>
<extensions>
<gpxtpx:TrackPointExtension>
<gpxtpx:speed>4.2</gpxtpx:speed>
</gpxtpx:TrackPointExtension>
<opentracks:accuracy_horizontal>3.756</opentracks:accuracy_horizontal></extensions>
</trkpt>
<trkpt lat="50.448121" lon="-104.483269">
<ele>566.6</ele>
<time>2026-08-25T06:34:40.482-06:00</time>
<extensions>
<gpxtpx:TrackPointExtension>
<gpxtpx:speed>4.33</gpxtpx:speed>
</gpxtpx:TrackPointExtension>
<opentracks:accuracy_horizontal>3.632</opentracks:accuracy_horizontal></extensions>
</trkpt>
<trkpt lat="50.448134" lon="-104.483104">
<ele>566.7</ele>
<time>2026-08-25T06:34:43.472-06:00</time>
<extensions>
<gpxtpx:TrackPointExtension>
<gpxtpx:speed>4.13</gpxtpx:speed>
</gpxtpx:TrackPointExtension>
<opentracks:accuracy_horizontal>3.635</opentracks:accuracy_horizontal></extensions>
</trkpt>
<trkpt lat="50.448159" lon="-104.48295">
<ele>567.4</ele>
<time>2026-08-25T06:34:46.482-06:00</time>
<extensions>
<gpxtpx:TrackPointExtension>
<gpxtpx:speed>3.43</gpxtpx:speed>
</gpxtpx:TrackPointExtension>
<opentracks:accuracy_horizontal>3.561</opentracks:accuracy_horizontal></extensions>
</trkpt>
<trkpt lat="50.448166" lon="-104.482772">
<ele>567</ele>
<time>2026-08-25T06:34:50.495-06:00</time>
<extensions>
<gpxtpx:TrackPointExtension>
<gpxtpx:speed>2.95</gpxtpx:speed>
</gpxtpx:TrackPointExtension>
<opentracks:accuracy_horizontal>4.012</opentracks:accuracy_horizontal></extensions>
</trkpt>
<trkpt lat="50.448153" lon="-104.48263">
<ele>567.2</ele>
<time>2026-08-25T06:34:54.48-06:00</time>
<extensions>
<gpxtpx:TrackPointExtension>
<gpxtpx:speed>2.33</gpxtpx:speed>
</gpxtpx:TrackPointExtension>
<opentracks:accuracy_horizontal>3.94</opentracks:accuracy_horizontal></extensions>
</trkpt>
<trkpt lat="50.44814" lon="-104.48247">
<ele>567.5</ele>
<time>2026-08-25T06:35:03.474-06:00</time>
<extensions>
<gpxtpx:TrackPointExtension>
<gpxtpx:speed>2.13</gpxtpx:speed>
</gpxtpx:TrackPointExtension>
<opentracks:accuracy_horizontal>3.88</opentracks:accuracy_horizontal></extensions>
</trkpt>
<trkpt lat="50.448137" lon="-104.482278">
<ele>567.4</ele>
<time>2026-08-25T06:35:08.472-06:00</time>
<extensions>
<gpxtpx:TrackPointExtension>
<gpxtpx:speed>3.5</gpxtpx:speed>
</gpxtpx:TrackPointExtension>
<opentracks:accuracy_horizontal>3.9</opentracks:accuracy_horizontal></extensions>
</trkpt>
<trkpt lat="50.448141" lon="-104.482103">
<ele>567.2</ele>
<time>2026-08-25T06:35:11.483-06:00</time>
<extensions>
<gpxtpx:TrackPointExtension>
<gpxtpx:speed>4.38</gpxtpx:speed>
</gpxtpx:TrackPointExtension>
<opentracks:accuracy_horizontal>4.025</opentracks:accuracy_horizontal></extensions>
</trkpt>
<trkpt lat="50.448136" lon="-104.481891">
<ele>567.3</ele>
<time>2026-08-25T06:35:14.477-06:00</time>
<extensions>
<gpxtpx:TrackPointExtension>
<gpxtpx:speed>4.99</gpxtpx:speed>
</gpxtpx:TrackPointExtension>
<opentracks:accuracy_horizontal>3.987</opentracks:accuracy_horizontal></extensions>
</trkpt>
<trkpt lat="50.448131" lon="-104.481747">
<ele>567.6</ele>
<time>2026-08-25T06:35:16.472-06:00</time>
<extensions>
<gpxtpx:TrackPointExtension>
<gpxtpx:speed>4.86</gpxtpx:speed>
</gpxtpx:TrackPointExtension>
<opentracks:accuracy_horizontal>3.857</opentracks:accuracy_horizontal></extensions>
</trkpt>
<trkpt lat="50.448134" lon="-104.481602">
<ele>567.6</ele>
<time>2026-08-25T06:35:18.476-06:00</time>
<extensions>
<gpxtpx:TrackPointExtension>
<gpxtpx:speed>4.83</gpxtpx:speed>
</gpxtpx:TrackPointExtension>
<opentracks:accuracy_horizontal>3.757</opentracks:accuracy_horizontal></extensions>
</trkpt>
<trkpt lat="50.448135" lon="-104.481454">
<ele>567.8</ele>
<time>2026-08-25T06:35:20.492-06:00</time>
<extensions>
<gpxtpx:TrackPointExtension>
<gpxtpx:speed>5.08</gpxtpx:speed>
</gpxtpx:TrackPointExtension>
<opentracks:accuracy_horizontal>3.508</opentracks:accuracy_horizontal></extensions>
</trkpt>
<trkpt lat="50.44813" lon="-104.48125">
<ele>568.2</ele>
<time>2026-08-25T06:35:23.475-06:00</time>
<extensions>
<gpxtpx:TrackPointExtension>
<gpxtpx:speed>4.58</gpxtpx:speed>
</gpxtpx:TrackPointExtension>
<opentracks:accuracy_horizontal>3.508</opentracks:accuracy_horizontal></extensions>
</trkpt>
<trkpt lat="50.448124" lon="-104.481062">
<ele>568.4</ele>
<time>2026-08-25T06:35:26.487-06:00</time>
<extensions>
<gpxtpx:TrackPointExtension>
<gpxtpx:speed>4.81</gpxtpx:speed>
</gpxtpx:TrackPointExtension>
<opentracks:accuracy_horizontal>3.566</opentracks:accuracy_horizontal></extensions>
</trkpt>
<trkpt lat="50.448124" lon="-104.480873">
<ele>568.5</ele>
<time>2026-08-25T06:35:29.498-06:00</time>
<extensions>
<gpxtpx:TrackPointExtension>
<gpxtpx:speed>4.48</gpxtpx:speed>
</gpxtpx:TrackPointExtension>
<opentracks:accuracy_horizontal>3.572</opentracks:accuracy_horizontal></extensions>
</trkpt>
<trkpt lat="50.448121" lon="-104.480683">
<ele>568.6</ele>
<time>2026-08-25T06:35:32.486-06:00</time>
<extensions>
<gpxtpx:TrackPointExtension>
<gpxtpx:speed>4.4</gpxtpx:speed>
</gpxtpx:TrackPointExtension>
<opentracks:accuracy_horizontal>3.552</opentracks:accuracy_horizontal></extensions>
</trkpt>
<trkpt lat="50.448122" lon="-104.480497">
<ele>568.6</ele>
<time>2026-08-25T06:35:35.486-06:00</time>
<extensions>
<gpxtpx:TrackPointExtension>
<gpxtpx:speed>4.35</gpxtpx:speed>
</gpxtpx:TrackPointExtension>
<opentracks:accuracy_horizontal>3.58</opentracks:accuracy_horizontal></extensions>
</trkpt>
<trkpt lat="50.448129" lon="-104.480301">
<ele>568.7</ele>
<time>2026-08-25T06:35:38.474-06:00</time>
<extensions>
<gpxtpx:TrackPointExtension>
<gpxtpx:speed>4.69</gpxtpx:speed>
</gpxtpx:TrackPointExtension>
<opentracks:accuracy_horizontal>3.507</opentracks:accuracy_horizontal></extensions>
</trkpt>
<trkpt lat="50.448133" lon="-104.4801">
<ele>568.8</ele>
<time>2026-08-25T06:35:41.481-06:00</time>
<extensions>
<gpxtpx:TrackPointExtension>
<gpxtpx:speed>4.75</gpxtpx:speed>
</gpxtpx:TrackPointExtension>
<opentracks:accuracy_horizontal>3.524</opentracks:accuracy_horizontal></extensions>
</trkpt>
<trkpt lat="50.448139" lon="-104.479896">
<ele>568.8</ele>
<time>2026-08-25T06:35:44.479-06:00</time>
<extensions>
<gpxtpx:TrackPointExtension>
<gpxtpx:speed>4.83</gpxtpx:speed>
</gpxtpx:TrackPointExtension>
<opentracks:accuracy_horizontal>3.507</opentracks:accuracy_horizontal></extensions>
</trkpt>
<trkpt lat="50.448139" lon="-104.479753">
<ele>568.6</ele>
<time>2026-08-25T06:35:46.497-06:00</time>
<extensions>
<gpxtpx:TrackPointExtension>
<gpxtpx:speed>4.91</gpxtpx:speed>
</gpxtpx:TrackPointExtension>
<opentracks:accuracy_horizontal>3.564</opentracks:accuracy_horizontal></extensions>
</trkpt>
<trkpt lat="50.448134" lon="-104.479562">
<ele>568.8</ele>
<time>2026-08-25T06:35:49.497-06:00</time>
<extensions>
<gpxtpx:TrackPointExtension>
<gpxtpx:speed>4.36</gpxtpx:speed>
</gpxtpx:TrackPointExtension>
<opentracks:accuracy_horizontal>3.507</opentracks:accuracy_horizontal></extensions>
</trkpt>
<trkpt lat="50.448143" lon="-104.479361">
<ele>569</ele>
<time>2026-08-25T06:35:52.474-06:00</time>
<extensions>
<gpxtpx:TrackPointExtension>
<gpxtpx:speed>4.88</gpxtpx:speed>
</gpxtpx:TrackPointExtension>
<opentracks:accuracy_horizontal>3.507</opentracks:accuracy_horizontal></extensions>
</trkpt>
<trkpt lat="50.448136" lon="-104.479176">
<ele>568.4</ele>
<time>2026-08-25T06:35:55.506-06:00</time>
<extensions>
<gpxtpx:TrackPointExtension>
<gpxtpx:speed>5.31</gpxtpx:speed>
</gpxtpx:TrackPointExtension>
<opentracks:accuracy_horizontal>3.819</opentracks:accuracy_horizontal></extensions>
</trkpt>
<trkpt lat="50.448137" lon="-104.479026">
<ele>568</ele>
<time>2026-08-25T06:35:57.464-06:00</time>
<extensions>
<gpxtpx:TrackPointExtension>
<gpxtpx:speed>4.96</gpxtpx:speed>
</gpxtpx:TrackPointExtension>
<opentracks:accuracy_horizontal>3.96</opentracks:accuracy_horizontal></extensions>
</trkpt>
<trkpt lat="50.448141" lon="-104.478844">
<ele>567.7</ele>
<time>2026-08-25T06:36:00.47-06:00</time>
<extensions>
<gpxtpx:TrackPointExtension>
<gpxtpx:speed>5.34</gpxtpx:speed>
</gpxtpx:TrackPointExtension>
<opentracks:accuracy_horizontal>4.233</opentracks:accuracy_horizontal></extensions>
</trkpt>
<trkpt lat="50.44816" lon="-104.478678">
<ele>567.8</ele>
<time>2026-08-25T06:36:02.479-06:00</time>
<extensions>
<gpxtpx:TrackPointExtension>
<gpxtpx:speed>5.37</gpxtpx:speed>
</gpxtpx:TrackPointExtension>
<opentracks:accuracy_horizontal>4.862</opentracks:accuracy_horizontal></extensions>
</trkpt>
<trkpt lat="50.448158" lon="-104.478514">
<ele>567.8</ele>
<time>2026-08-25T06:36:04.472-06:00</time>
<extensions>
<gpxtpx:TrackPointExtension>
<gpxtpx:speed>5.93</gpxtpx:speed>
</gpxtpx:TrackPointExtension>
<opentracks:accuracy_horizontal>4.747</opentracks:accuracy_horizontal></extensions>
</trkpt>
<trkpt lat="50.448153" lon="-104.478317">
<ele>567</ele>
<time>2026-08-25T06:36:06.48-06:00</time>
<extensions>
<gpxtpx:TrackPointExtension>
<gpxtpx:speed>6.58</gpxtpx:speed>
</gpxtpx:TrackPointExtension>
<opentracks:accuracy_horizontal>4.047</opentracks:accuracy_horizontal></extensions>
</trkpt>
<trkpt lat="50.448149" lon="-104.478129">
<ele>566.9</ele>
<time>2026-08-25T06:36:08.48-06:00</time>
<extensions>
<gpxtpx:TrackPointExtension>
<gpxtpx:speed>6.61</gpxtpx:speed>
</gpxtpx:TrackPointExtension>
<opentracks:accuracy_horizontal>3.904</opentracks:accuracy_horizontal></extensions>
</trkpt>
<trkpt lat="50.448154" lon="-104.477927">
<ele>567.8</ele>
<time>2026-08-25T06:36:10.482-06:00</time>
<extensions>
<gpxtpx:TrackPointExtension>
<gpxtpx:speed>6.86</gpxtpx:speed>
</gpxtpx:TrackPointExtension>
<opentracks:accuracy_horizontal>3.782</opentracks:accuracy_horizontal></extensions>
</trkpt>
<trkpt lat="50.448156" lon="-104.477726">
<ele>569</ele>
<time>2026-08-25T06:36:12.478-06:00</time>
<extensions>
<gpxtpx:TrackPointExtension>
<gpxtpx:speed>6.97</gpxtpx:speed>
</gpxtpx:TrackPointExtension>
<opentracks:accuracy_horizontal>3.74</opentracks:accuracy_horizontal></extensions>
</trkpt>
<trkpt lat="50.44815" lon="-104.477518">
<ele>568.9</ele>
<time>2026-08-25T06:36:14.493-06:00</time>
<extensions>
<gpxtpx:TrackPointExtension>
<gpxtpx:speed>7.49</gpxtpx:speed>
</gpxtpx:TrackPointExtension>
<opentracks:accuracy_horizontal>3.633</opentracks:accuracy_horizontal></extensions>
</trkpt>
<trkpt lat="50.448145" lon="-104.477307">
<ele>568.2</ele>
<time>2026-08-25T06:36:16.498-06:00</time>
<extensions>
<gpxtpx:TrackPointExtension>
<gpxtpx:speed>7.46</gpxtpx:speed>
</gpxtpx:TrackPointExtension>
<opentracks:accuracy_horizontal>3.624</opentracks:accuracy_horizontal></extensions>
</trkpt>
<trkpt lat="50.448147" lon="-104.477102">
<ele>567.8</ele>
<time>2026-08-25T06:36:18.506-06:00</time>
<extensions>
<gpxtpx:TrackPointExtension>
<gpxtpx:speed>6.9</gpxtpx:speed>
</gpxtpx:TrackPointExtension>
<opentracks:accuracy_horizontal>3.651</opentracks:accuracy_horizontal></extensions>
</trkpt>
<trkpt lat="50.448147" lon="-104.476928">
<ele>567.8</ele>
<time>2026-08-25T06:36:20.505-06:00</time>
<extensions>
<gpxtpx:TrackPointExtension>
<gpxtpx:speed>6.99</gpxtpx:speed>
</gpxtpx:TrackPointExtension>
<opentracks:accuracy_horizontal>3.663</opentracks:accuracy_horizontal></extensions>
</trkpt>
<trkpt lat="50.448145" lon="-104.476712">
<ele>567</ele>
<time>2026-08-25T06:36:22.5-06:00</time>
<extensions>
<gpxtpx:TrackPointExtension>
<gpxtpx:speed>7.33</gpxtpx:speed>
</gpxtpx:TrackPointExtension>
<opentracks:accuracy_horizontal>3.586</opentracks:accuracy_horizontal></extensions>
</trkpt>
<trkpt lat="50.448148" lon="-104.476505">
<ele>567.2</ele>
<time>2026-08-25T06:36:24.49-06:00</time>
<extensions>
<gpxtpx:TrackPointExtension>
<gpxtpx:speed>7.14</gpxtpx:speed>
</gpxtpx:TrackPointExtension>
<opentracks:accuracy_horizontal>3.671</opentracks:accuracy_horizontal></extensions>
</trkpt>
<trkpt lat="50.448154" lon="-104.476292">
<ele>567.6</ele>
<time>2026-08-25T06:36:26.492-06:00</time>
<extensions>
<gpxtpx:TrackPointExtension>
<gpxtpx:speed>7.38</gpxtpx:speed>
</gpxtpx:TrackPointExtension>
<opentracks:accuracy_horizontal>3.536</opentracks:accuracy_horizontal></extensions>
</trkpt>
<trkpt lat="50.448156" lon="-104.476081">
<ele>568.1</ele>
<time>2026-08-25T06:36:28.468-06:00</time>
<extensions>
<gpxtpx:TrackPointExtension>
<gpxtpx:speed>7.65</gpxtpx:speed>
</gpxtpx:TrackPointExtension>
<opentracks:accuracy_horizontal>3.58</opentracks:accuracy_horizontal></extensions>
</trkpt>
<trkpt lat="50.448161" lon="-104.475878">
<ele>568.2</ele>
<time>2026-08-25T06:36:30.496-06:00</time>
<extensions>
<gpxtpx:TrackPointExtension>
<gpxtpx:speed>6.98</gpxtpx:speed>
</gpxtpx:TrackPointExtension>
<opentracks:accuracy_horizontal>3.592</opentracks:accuracy_horizontal></extensions>
</trkpt>
<trkpt lat="50.448168" lon="-104.475682">
<ele>568.4</ele>
<time>2026-08-25T06:36:32.481-06:00</time>
<extensions>
<gpxtpx:TrackPointExtension>
<gpxtpx:speed>7.21</gpxtpx:speed>
</gpxtpx:TrackPointExtension>
<opentracks:accuracy_horizontal>3.576</opentracks:accuracy_horizontal></extensions>
</trkpt>
<trkpt lat="50.448166" lon="-104.475475">
<ele>568.4</ele>
<time>2026-08-25T06:36:34.503-06:00</time>
<extensions>
<gpxtpx:TrackPointExtension>
<gpxtpx:speed>7.09</gpxtpx:speed>
</gpxtpx:TrackPointExtension>
<opentracks:accuracy_horizontal>3.612</opentracks:accuracy_horizontal></extensions>
</trkpt>
<trkpt lat="50.448161" lon="-104.475264">
<ele>568.8</ele>
<time>2026-08-25T06:36:36.492-06:00</time>
<extensions>
<gpxtpx:TrackPointExtension>
<gpxtpx:speed>7.74</gpxtpx:speed>
</gpxtpx:TrackPointExtension>
<opentracks:accuracy_horizontal>3.659</opentracks:accuracy_horizontal></extensions>
</trkpt>
<trkpt lat="50.44816" lon="-104.475054">
<ele>568.5</ele>
<time>2026-08-25T06:36:38.499-06:00</time>
<extensions>
<gpxtpx:TrackPointExtension>
<gpxtpx:speed>6.74</gpxtpx:speed>
</gpxtpx:TrackPointExtension>
<opentracks:accuracy_horizontal>3.669</opentracks:accuracy_horizontal></extensions>
</trkpt>
<trkpt lat="50.448159" lon="-104.474872">
<ele>569.3</ele>
<time>2026-08-25T06:36:40.501-06:00</time>
<extensions>
<gpxtpx:TrackPointExtension>
<gpxtpx:speed>6.96</gpxtpx:speed>
</gpxtpx:TrackPointExtension>
<opentracks:accuracy_horizontal>3.617</opentracks:accuracy_horizontal></extensions>
</trkpt>
<trkpt lat="50.448164" lon="-104.474664">
<ele>570.2</ele>
<time>2026-08-25T06:36:42.505-06:00</time>
<extensions>
<gpxtpx:TrackPointExtension>
<gpxtpx:speed>7.42</gpxtpx:speed>
</gpxtpx:TrackPointExtension>
<opentracks:accuracy_horizontal>3.664</opentracks:accuracy_horizontal></extensions>
</trkpt>
<trkpt lat="50.448157" lon="-104.474445">
<ele>569.6</ele>
<time>2026-08-25T06:36:44.499-06:00</time>
<extensions>
<gpxtpx:TrackPointExtension>
<gpxtpx:speed>7.25</gpxtpx:speed>
</gpxtpx:TrackPointExtension>
<opentracks:accuracy_horizontal>3.592</opentracks:accuracy_horizontal></extensions>
</trkpt>
<trkpt lat="50.448147" lon="-104.474244">
<ele>569.2</ele>
<time>2026-08-25T06:36:46.51-06:00</time>
<extensions>
<gpxtpx:TrackPointExtension>
<gpxtpx:speed>7.15</gpxtpx:speed>
</gpxtpx:TrackPointExtension>
<opentracks:accuracy_horizontal>3.669</opentracks:accuracy_horizontal></extensions>
</trkpt>
<trkpt lat="50.44815" lon="-104.474043">
<ele>569.3</ele>
<time>2026-08-25T06:36:48.511-06:00</time>
<extensions>
<gpxtpx:TrackPointExtension>
<gpxtpx:speed>7.06</gpxtpx:speed>
</gpxtpx:TrackPointExtension>
<opentracks:accuracy_horizontal>3.636</opentracks:accuracy_horizontal></extensions>
</trkpt>
<trkpt lat="50.448152" lon="-104.473855">
<ele>569.4</ele>
<time>2026-08-25T06:36:50.51-06:00</time>
<extensions>
<gpxtpx:TrackPointExtension>
<gpxtpx:speed>6.89</gpxtpx:speed>
</gpxtpx:TrackPointExtension>
<opentracks:accuracy_horizontal>3.695</opentracks:accuracy_horizontal></extensions>
</trkpt>
<trkpt lat="50.448146" lon="-104.473655">
<ele>569.4</ele>
<time>2026-08-25T06:36:52.515-06:00</time>
<extensions>
<gpxtpx:TrackPointExtension>
<gpxtpx:speed>7.3</gpxtpx:speed>
</gpxtpx:TrackPointExtension>
<opentracks:accuracy_horizontal>3.586</opentracks:accuracy_horizontal></extensions>
</trkpt>
<trkpt lat="50.448149" lon="-104.473447">
<ele>569.6</ele>
<time>2026-08-25T06:36:54.504-06:00</time>
<extensions>
<gpxtpx:TrackPointExtension>
<gpxtpx:speed>7.11</gpxtpx:speed>
</gpxtpx:TrackPointExtension>
<opentracks:accuracy_horizontal>3.612</opentracks:accuracy_horizontal></extensions>
</trkpt>
<trkpt lat="50.448152" lon="-104.473237">
<ele>569.5</ele>
<time>2026-08-25T06:36:56.512-06:00</time>
<extensions>
<gpxtpx:TrackPointExtension>
<gpxtpx:speed>7.63</gpxtpx:speed>
</gpxtpx:TrackPointExtension>
<opentracks:accuracy_horizontal>3.584</opentracks:accuracy_horizontal></extensions>
</trkpt>
<trkpt lat="50.448151" lon="-104.473027">
<ele>569.7</ele>
<time>2026-08-25T06:36:58.515-06:00</time>
<extensions>
<gpxtpx:TrackPointExtension>
<gpxtpx:speed>6.71</gpxtpx:speed>
</gpxtpx:TrackPointExtension>
<opentracks:accuracy_horizontal>3.638</opentracks:accuracy_horizontal></extensions>
</trkpt>
<trkpt lat="50.44815" lon="-104.472844">
<ele>570.7</ele>
<time>2026-08-25T06:37:00.521-06:00</time>
<extensions>
<gpxtpx:TrackPointExtension>
<gpxtpx:speed>6.99</gpxtpx:speed>
</gpxtpx:TrackPointExtension>
<opentracks:accuracy_horizontal>3.583</opentracks:accuracy_horizontal></extensions>
</trkpt>
<trkpt lat="50.44816" lon="-104.472635">
<ele>571.4</ele>
<time>2026-08-25T06:37:02.505-06:00</time>
<extensions>
<gpxtpx:TrackPointExtension>
<gpxtpx:speed>7.59</gpxtpx:speed>
</gpxtpx:TrackPointExtension>
<opentracks:accuracy_horizontal>3.691</opentracks:accuracy_horizontal></extensions>
</trkpt>
<trkpt lat="50.448157" lon="-104.472415">
<ele>571</ele>
<time>2026-08-25T06:37:04.513-06:00</time>
<extensions>
<gpxtpx:TrackPointExtension>
<gpxtpx:speed>7.31</gpxtpx:speed>
</gpxtpx:TrackPointExtension>
<opentracks:accuracy_horizontal>3.562</opentracks:accuracy_horizontal></extensions>
</trkpt>
<trkpt lat="50.448155" lon="-104.472205">
<ele>571.4</ele>
<time>2026-08-25T06:37:06.516-06:00</time>
<extensions>
<gpxtpx:TrackPointExtension>
<gpxtpx:speed>7.5</gpxtpx:speed>
</gpxtpx:TrackPointExtension>
<opentracks:accuracy_horizontal>3.603</opentracks:accuracy_horizontal></extensions>
</trkpt>
<trkpt lat="50.448159" lon="-104.471995">
<ele>570.8</ele>
<time>2026-08-25T06:37:08.505-06:00</time>
<extensions>
<gpxtpx:TrackPointExtension>
<gpxtpx:speed>7.27</gpxtpx:speed>
</gpxtpx:TrackPointExtension>
<opentracks:accuracy_horizontal>3.586</opentracks:accuracy_horizontal></extensions>
</trkpt>
<trkpt lat="50.448174" lon="-104.471791">
<ele>570.4</ele>
<time>2026-08-25T06:37:10.502-06:00</time>
<extensions>
<gpxtpx:TrackPointExtension>
<gpxtpx:speed>7.42</gpxtpx:speed>
</gpxtpx:TrackPointExtension>
<opentracks:accuracy_horizontal>3.593</opentracks:accuracy_horizontal></extensions>
</trkpt>
<trkpt lat="50.448178" lon="-104.471586">
<ele>570.6</ele>
<time>2026-08-25T06:37:12.511-06:00</time>
<extensions>
<gpxtpx:TrackPointExtension>
<gpxtpx:speed>7.26</gpxtpx:speed>
</gpxtpx:TrackPointExtension>
<opentracks:accuracy_horizontal>3.615</opentracks:accuracy_horizontal></extensions>
</trkpt>
<trkpt lat="50.448179" lon="-104.471374">
<ele>570.5</ele>
<time>2026-08-25T06:37:14.518-06:00</time>
<extensions>
<gpxtpx:TrackPointExtension>
<gpxtpx:speed>7.39</gpxtpx:speed>
</gpxtpx:TrackPointExtension>
<opentracks:accuracy_horizontal>3.582</opentracks:accuracy_horizontal></extensions>
</trkpt>
<trkpt lat="50.448171" lon="-104.47116">
<ele>570.1</ele>
<time>2026-08-25T06:37:16.509-06:00</time>
<extensions>
<gpxtpx:TrackPointExtension>
<gpxtpx:speed>7.8</gpxtpx:speed>
</gpxtpx:TrackPointExtension>
<opentracks:accuracy_horizontal>3.63</opentracks:accuracy_horizontal></extensions>
</trkpt>
<trkpt lat="50.448166" lon="-104.470942">
<ele>569.9</ele>
<time>2026-08-25T06:37:18.502-06:00</time>
<extensions>
<gpxtpx:TrackPointExtension>
<gpxtpx:speed>7.43</gpxtpx:speed>
</gpxtpx:TrackPointExtension>
<opentracks:accuracy_horizontal>3.601</opentracks:accuracy_horizontal></extensions>
</trkpt>
<trkpt lat="50.448172" lon="-104.470726">
<ele>569.5</ele>
<time>2026-08-25T06:37:20.508-06:00</time>
<extensions>
<gpxtpx:TrackPointExtension>
<gpxtpx:speed>7.56</gpxtpx:speed>
</gpxtpx:TrackPointExtension>
<opentracks:accuracy_horizontal>3.666</opentracks:accuracy_horizontal></extensions>
</trkpt>
<trkpt lat="50.448172" lon="-104.470509">
<ele>569</ele>
<time>2026-08-25T06:37:22.513-06:00</time>
<extensions>
<gpxtpx:TrackPointExtension>
<gpxtpx:speed>7.82</gpxtpx:speed>
</gpxtpx:TrackPointExtension>
<opentracks:accuracy_horizontal>3.659</opentracks:accuracy_horizontal></extensions>
</trkpt>
<trkpt lat="50.44817" lon="-104.470291">
<ele>568.9</ele>
<time>2026-08-25T06:37:24.494-06:00</time>
<extensions>
<gpxtpx:TrackPointExtension>
<gpxtpx:speed>7.79</gpxtpx:speed>
</gpxtpx:TrackPointExtension>
<opentracks:accuracy_horizontal>3.588</opentracks:accuracy_horizontal></extensions>
</trkpt>
<trkpt lat="50.448169" lon="-104.470072">
<ele>568.6</ele>
<time>2026-08-25T06:37:26.512-06:00</time>
<extensions>
<gpxtpx:TrackPointExtension>
<gpxtpx:speed>7.66</gpxtpx:speed>
</gpxtpx:TrackPointExtension>
<opentracks:accuracy_horizontal>3.531</opentracks:accuracy_horizontal></extensions>
</trkpt>
<trkpt lat="50.448176" lon="-104.469853">
<ele>568.5</ele>
<time>2026-08-25T06:37:28.487-06:00</time>
<extensions>
<gpxtpx:TrackPointExtension>
<gpxtpx:speed>7.81</gpxtpx:speed>
</gpxtpx:TrackPointExtension>
<opentracks:accuracy_horizontal>3.591</opentracks:accuracy_horizontal></extensions>
</trkpt>
<trkpt lat="50.448178" lon="-104.469638">
<ele>568.3</ele>
<time>2026-08-25T06:37:30.514-06:00</time>
<extensions>
<gpxtpx:TrackPointExtension>
<gpxtpx:speed>7.59</gpxtpx:speed>
</gpxtpx:TrackPointExtension>
<opentracks:accuracy_horizontal>3.773</opentracks:accuracy_horizontal></extensions>
</trkpt>
<trkpt lat="50.448176" lon="-104.469424">
<ele>568.4</ele>
<time>2026-08-25T06:37:32.524-06:00</time>
<extensions>
<gpxtpx:TrackPointExtension>
<gpxtpx:speed>7.5</gpxtpx:speed>
</gpxtpx:TrackPointExtension>
<opentracks:accuracy_horizontal>3.751</opentracks:accuracy_horizontal></extensions>
</trkpt>
<trkpt lat="50.448177" lon="-104.469209">
<ele>568.8</ele>
<time>2026-08-25T06:37:34.499-06:00</time>
<extensions>
<gpxtpx:TrackPointExtension>
<gpxtpx:speed>7.31</gpxtpx:speed>
</gpxtpx:TrackPointExtension>
<opentracks:accuracy_horizontal>3.687</opentracks:accuracy_horizontal></extensions>
</trkpt>
<trkpt lat="50.448176" lon="-104.469013">
<ele>568.9</ele>
<time>2026-08-25T06:37:36.507-06:00</time>
<extensions>
<gpxtpx:TrackPointExtension>
<gpxtpx:speed>6.76</gpxtpx:speed>
</gpxtpx:TrackPointExtension>
<opentracks:accuracy_horizontal>3.684</opentracks:accuracy_horizontal></extensions>
</trkpt>
<trkpt lat="50.448179" lon="-104.468821">
<ele>568.8</ele>
<time>2026-08-25T06:37:38.49-06:00</time>
<extensions>
<gpxtpx:TrackPointExtension>
<gpxtpx:speed>7.17</gpxtpx:speed>
</gpxtpx:TrackPointExtension>
<opentracks:accuracy_horizontal>3.774</opentracks:accuracy_horizontal></extensions>
</trkpt>
<trkpt lat="50.448196" lon="-104.468627">
<ele>568.7</ele>
<time>2026-08-25T06:37:40.499-06:00</time>
<extensions>
<gpxtpx:TrackPointExtension>
<gpxtpx:speed>6.63</gpxtpx:speed>
</gpxtpx:TrackPointExtension>
<opentracks:accuracy_horizontal>3.698</opentracks:accuracy_horizontal></extensions>
</trkpt>
<trkpt lat="50.448219" lon="-104.468443">
<ele>569.2</ele>
<time>2026-08-25T06:37:42.491-06:00</time>
<extensions>
<gpxtpx:TrackPointExtension>
<gpxtpx:speed>6.77</gpxtpx:speed>
</gpxtpx:TrackPointExtension>
<opentracks:accuracy_horizontal>3.735</opentracks:accuracy_horizontal></extensions>
</trkpt>
<trkpt lat="50.448243" lon="-104.468254">
<ele>569.4</ele>
<time>2026-08-25T06:37:44.481-06:00</time>
<extensions>
<gpxtpx:TrackPointExtension>
<gpxtpx:speed>6.9</gpxtpx:speed>
</gpxtpx:TrackPointExtension>
<opentracks:accuracy_horizontal>3.674</opentracks:accuracy_horizontal></extensions>
</trkpt>
<trkpt lat="50.448278" lon="-104.468066">
<ele>569.3</ele>
<time>2026-08-25T06:37:46.514-06:00</time>
<extensions>
<gpxtpx:TrackPointExtension>
<gpxtpx:speed>6.72</gpxtpx:speed>
</gpxtpx:TrackPointExtension>
<opentracks:accuracy_horizontal>3.743</opentracks:accuracy_horizontal></extensions>
</trkpt>
<trkpt lat="50.448317" lon="-104.467876">
<ele>570.6</ele>
<time>2026-08-25T06:37:48.497-06:00</time>
<extensions>
<gpxtpx:TrackPointExtension>
<gpxtpx:speed>6.98</gpxtpx:speed>
</gpxtpx:TrackPointExtension>
<opentracks:accuracy_horizontal>3.818</opentracks:accuracy_horizontal></extensions>
</trkpt>
<trkpt lat="50.448364" lon="-104.467699">
<ele>570.7</ele>
<time>2026-08-25T06:37:50.507-06:00</time>
<extensions>
<gpxtpx:TrackPointExtension>
<gpxtpx:speed>6.6</gpxtpx:speed>
</gpxtpx:TrackPointExtension>
<opentracks:accuracy_horizontal>3.753</opentracks:accuracy_horizontal></extensions>
</trkpt>
<trkpt lat="50.448412" lon="-104.467533">
<ele>571.2</ele>
<time>2026-08-25T06:37:52.497-06:00</time>
<extensions>
<gpxtpx:TrackPointExtension>
<gpxtpx:speed>6.59</gpxtpx:speed>
</gpxtpx:TrackPointExtension>
<opentracks:accuracy_horizontal>3.816</opentracks:accuracy_horizontal></extensions>
</trkpt>
<trkpt lat="50.448455" lon="-104.467359">
<ele>572</ele>
<time>2026-08-25T06:37:54.5-06:00</time>
<extensions>
<gpxtpx:TrackPointExtension>
<gpxtpx:speed>6.49</gpxtpx:speed>
</gpxtpx:TrackPointExtension>
<opentracks:accuracy_horizontal>3.855</opentracks:accuracy_horizontal></extensions>
</trkpt>
<trkpt lat="50.448509" lon="-104.467199">
<ele>571.7</ele>
<time>2026-08-25T06:37:56.499-06:00</time>
<extensions>
<gpxtpx:TrackPointExtension>
<gpxtpx:speed>6.55</gpxtpx:speed>
</gpxtpx:TrackPointExtension>
<opentracks:accuracy_horizontal>3.75</opentracks:accuracy_horizontal></extensions>
</trkpt>
<trkpt lat="50.448579" lon="-104.467057">
<ele>570.7</ele>
<time>2026-08-25T06:37:58.508-06:00</time>
<extensions>
<gpxtpx:TrackPointExtension>
<gpxtpx:speed>6.2</gpxtpx:speed>
</gpxtpx:TrackPointExtension>
<opentracks:accuracy_horizontal>3.865</opentracks:accuracy_horizontal></extensions>
</trkpt>
<trkpt lat="50.448639" lon="-104.466901">
<ele>572.2</ele>
<time>2026-08-25T06:38:00.519-06:00</time>
<extensions>
<gpxtpx:TrackPointExtension>
<gpxtpx:speed>6.3</gpxtpx:speed>
</gpxtpx:TrackPointExtension>
<opentracks:accuracy_horizontal>4.051</opentracks:accuracy_horizontal></extensions>
</trkpt>
<trkpt lat="50.448693" lon="-104.466737">
<ele>572.9</ele>
<time>2026-08-25T06:38:02.515-06:00</time>
<extensions>
<gpxtpx:TrackPointExtension>
<gpxtpx:speed>6.23</gpxtpx:speed>
</gpxtpx:TrackPointExtension>
<opentracks:accuracy_horizontal>4.068</opentracks:accuracy_horizontal></extensions>
</trkpt>
<trkpt lat="50.448752" lon="-104.466589">
<ele>573</ele>
<time>2026-08-25T06:38:04.483-06:00</time>
<extensions>
<gpxtpx:TrackPointExtension>
<gpxtpx:speed>6.31</gpxtpx:speed>
</gpxtpx:TrackPointExtension>
<opentracks:accuracy_horizontal>3.943</opentracks:accuracy_horizontal></extensions>
</trkpt>
<trkpt lat="50.448817" lon="-104.466443">
<ele>572.6</ele>
<time>2026-08-25T06:38:06.516-06:00</time>
<extensions>
<gpxtpx:TrackPointExtension>
<gpxtpx:speed>6.54</gpxtpx:speed>
</gpxtpx:TrackPointExtension>
<opentracks:accuracy_horizontal>3.888</opentracks:accuracy_horizontal></extensions>
</trkpt>
<trkpt lat="50.448886" lon="-104.466285">
<ele>573.1</ele>
<time>2026-08-25T06:38:08.482-06:00</time>
<extensions>
<gpxtpx:TrackPointExtension>
<gpxtpx:speed>6.5</gpxtpx:speed>
</gpxtpx:TrackPointExtension>
<opentracks:accuracy_horizontal>4.06</opentracks:accuracy_horizontal></extensions>
</trkpt>
<trkpt lat="50.448939" lon="-104.466122">
<ele>573</ele>
<time>2026-08-25T06:38:10.506-06:00</time>
<extensions>
<gpxtpx:TrackPointExtension>
<gpxtpx:speed>6.41</gpxtpx:speed>
</gpxtpx:TrackPointExtension>
<opentracks:accuracy_horizontal>3.985</opentracks:accuracy_horizontal></extensions>
</trkpt>
<trkpt lat="50.449006" lon="-104.465972">
<ele>572.2</ele>
<time>2026-08-25T06:38:12.503-06:00</time>
<extensions>
<gpxtpx:TrackPointExtension>
<gpxtpx:speed>6.26</gpxtpx:speed>
</gpxtpx:TrackPointExtension>
<opentracks:accuracy_horizontal>3.804</opentracks:accuracy_horizontal></extensions>
</trkpt>
<trkpt lat="50.449074" lon="-104.465831">
<ele>572</ele>
<time>2026-08-25T06:38:14.504-06:00</time>
<extensions>
<gpxtpx:TrackPointExtension>
<gpxtpx:speed>6</gpxtpx:speed>
</gpxtpx:TrackPointExtension>
<opentracks:accuracy_horizontal>3.806</opentracks:accuracy_horizontal></extensions>
</trkpt>
<trkpt lat="50.44914" lon="-104.465678">
<ele>572.6</ele>
<time>2026-08-25T06:38:16.521-06:00</time>
<extensions>
<gpxtpx:TrackPointExtension>
<gpxtpx:speed>6.26</gpxtpx:speed>
</gpxtpx:TrackPointExtension>
<opentracks:accuracy_horizontal>3.938</opentracks:accuracy_horizontal></extensions>
</trkpt>
<trkpt lat="50.449201" lon="-104.465521">
<ele>572.8</ele>
<time>2026-08-25T06:38:18.51-06:00</time>
<extensions>
<gpxtpx:TrackPointExtension>
<gpxtpx:speed>6.44</gpxtpx:speed>
</gpxtpx:TrackPointExtension>
<opentracks:accuracy_horizontal>4.047</opentracks:accuracy_horizontal></extensions>
</trkpt>
<trkpt lat="50.449255" lon="-104.465375">
<ele>572</ele>
<time>2026-08-25T06:38:20.515-06:00</time>
<extensions>
<gpxtpx:TrackPointExtension>
<gpxtpx:speed>6.14</gpxtpx:speed>
</gpxtpx:TrackPointExtension>
<opentracks:accuracy_horizontal>3.979</opentracks:accuracy_horizontal></extensions>
</trkpt>
<trkpt lat="50.449308" lon="-104.465244">
<ele>571.9</ele>
<time>2026-08-25T06:38:22.497-06:00</time>
<extensions>
<gpxtpx:TrackPointExtension>
<gpxtpx:speed>5.77</gpxtpx:speed>
</gpxtpx:TrackPointExtension>
<opentracks:accuracy_horizontal>3.876</opentracks:accuracy_horizontal></extensions>
</trkpt>
<trkpt lat="50.449364" lon="-104.465119">
<ele>572.6</ele>
<time>2026-08-25T06:38:24.53-06:00</time>
<extensions>
<gpxtpx:TrackPointExtension>
<gpxtpx:speed>5.62</gpxtpx:speed>
</gpxtpx:TrackPointExtension>
<opentracks:accuracy_horizontal>3.835</opentracks:accuracy_horizontal></extensions>
</trkpt>
<trkpt lat="50.449423" lon="-104.464989">
<ele>572.7</ele>
<time>2026-08-25T06:38:26.486-06:00</time>
<extensions>
<gpxtpx:TrackPointExtension>
<gpxtpx:speed>5.69</gpxtpx:speed>
</gpxtpx:TrackPointExtension>
<opentracks:accuracy_horizontal>3.835</opentracks:accuracy_horizontal></extensions>
</trkpt>
<trkpt lat="50.449481" lon="-104.464855">
<ele>572.7</ele>
<time>2026-08-25T06:38:28.499-06:00</time>
<extensions>
<gpxtpx:TrackPointExtension>
<gpxtpx:speed>5.68</gpxtpx:speed>
</gpxtpx:TrackPointExtension>
<opentracks:accuracy_horizontal>3.891</opentracks:accuracy_horizontal></extensions>
</trkpt>
<trkpt lat="50.449538" lon="-104.46472">
<ele>573.1</ele>
<time>2026-08-25T06:38:30.508-06:00</time>
<extensions>
<gpxtpx:TrackPointExtension>
<gpxtpx:speed>5.51</gpxtpx:speed>
</gpxtpx:TrackPointExtension>
<opentracks:accuracy_horizontal>4.002</opentracks:accuracy_horizontal></extensions>
</trkpt>
<trkpt lat="50.449597" lon="-104.464591">
<ele>573.4</ele>
<time>2026-08-25T06:38:32.496-06:00</time>
<extensions>
<gpxtpx:TrackPointExtension>
<gpxtpx:speed>5.54</gpxtpx:speed>
</gpxtpx:TrackPointExtension>
<opentracks:accuracy_horizontal>4.111</opentracks:accuracy_horizontal></extensions>
</trkpt>
<trkpt lat="50.449651" lon="-104.464464">
<ele>573.7</ele>
<time>2026-08-25T06:38:34.508-06:00</time>
<extensions>
<gpxtpx:TrackPointExtension>
<gpxtpx:speed>5.56</gpxtpx:speed>
</gpxtpx:TrackPointExtension>
<opentracks:accuracy_horizontal>4.06</opentracks:accuracy_horizontal></extensions>
</trkpt>
<trkpt lat="50.449706" lon="-104.464333">
<ele>573.9</ele>
<time>2026-08-25T06:38:36.498-06:00</time>
<extensions>
<gpxtpx:TrackPointExtension>
<gpxtpx:speed>5.57</gpxtpx:speed>
</gpxtpx:TrackPointExtension>
<opentracks:accuracy_horizontal>3.967</opentracks:accuracy_horizontal></extensions>
</trkpt>
<trkpt lat="50.449763" lon="-104.464212">
<ele>574.2</ele>
<time>2026-08-25T06:38:38.499-06:00</time>
<extensions>
<gpxtpx:TrackPointExtension>
<gpxtpx:speed>5.58</gpxtpx:speed>
</gpxtpx:TrackPointExtension>
<opentracks:accuracy_horizontal>3.934</opentracks:accuracy_horizontal></extensions>
</trkpt>
<trkpt lat="50.449823" lon="-104.464088">
<ele>574.3</ele>
<time>2026-08-25T06:38:40.504-06:00</time>
<extensions>
<gpxtpx:TrackPointExtension>
<gpxtpx:speed>5.61</gpxtpx:speed>
</gpxtpx:TrackPointExtension>
<opentracks:accuracy_horizontal>3.871</opentracks:accuracy_horizontal></extensions>
</trkpt>
<trkpt lat="50.449881" lon="-104.463954">
<ele>574</ele>
<time>2026-08-25T06:38:42.501-06:00</time>
<extensions>
<gpxtpx:TrackPointExtension>
<gpxtpx:speed>5.66</gpxtpx:speed>
</gpxtpx:TrackPointExtension>
<opentracks:accuracy_horizontal>3.878</opentracks:accuracy_horizontal></extensions>
</trkpt>
<trkpt lat="50.449936" lon="-104.463827">
<ele>573.9</ele>
<time>2026-08-25T06:38:44.514-06:00</time>
<extensions>
<gpxtpx:TrackPointExtension>
<gpxtpx:speed>5.52</gpxtpx:speed>
</gpxtpx:TrackPointExtension>
<opentracks:accuracy_horizontal>3.805</opentracks:accuracy_horizontal></extensions>
</trkpt>
<trkpt lat="50.44999" lon="-104.463697">
<ele>574</ele>
<time>2026-08-25T06:38:46.494-06:00</time>
<extensions>
<gpxtpx:TrackPointExtension>
<gpxtpx:speed>5.54</gpxtpx:speed>
</gpxtpx:TrackPointExtension>
<opentracks:accuracy_horizontal>3.676</opentracks:accuracy_horizontal></extensions>
</trkpt>
<trkpt lat="50.450046" lon="-104.463568">
<ele>574.1</ele>
<time>2026-08-25T06:38:48.491-06:00</time>
<extensions>
<gpxtpx:TrackPointExtension>
<gpxtpx:speed>5.53</gpxtpx:speed>
</gpxtpx:TrackPointExtension>
<opentracks:accuracy_horizontal>3.627</opentracks:accuracy_horizontal></extensions>
</trkpt>
<trkpt lat="50.450102" lon="-104.463439">
<ele>573.9</ele>
<time>2026-08-25T06:38:50.483-06:00</time>
<extensions>
<gpxtpx:TrackPointExtension>
<gpxtpx:speed>5.59</gpxtpx:speed>
</gpxtpx:TrackPointExtension>
<opentracks:accuracy_horizontal>3.61</opentracks:accuracy_horizontal></extensions>
</trkpt>
<trkpt lat="50.450151" lon="-104.4633">
<ele>573.8</ele>
<time>2026-08-25T06:38:52.502-06:00</time>
<extensions>
<gpxtpx:TrackPointExtension>
<gpxtpx:speed>5.66</gpxtpx:speed>
</gpxtpx:TrackPointExtension>
<opentracks:accuracy_horizontal>3.651</opentracks:accuracy_horizontal></extensions>
</trkpt>
<trkpt lat="50.450199" lon="-104.463162">
<ele>573.6</ele>
<time>2026-08-25T06:38:54.498-06:00</time>
<extensions>
<gpxtpx:TrackPointExtension>
<gpxtpx:speed>5.65</gpxtpx:speed>
</gpxtpx:TrackPointExtension>
<opentracks:accuracy_horizontal>3.679</opentracks:accuracy_horizontal></extensions>
</trkpt>
<trkpt lat="50.450247" lon="-104.46302">
<ele>573.3</ele>
<time>2026-08-25T06:38:56.517-06:00</time>
<extensions>
<gpxtpx:TrackPointExtension>
<gpxtpx:speed>6.17</gpxtpx:speed>
</gpxtpx:TrackPointExtension>
<opentracks:accuracy_horizontal>3.694</opentracks:accuracy_horizontal></extensions>
</trkpt>
<trkpt lat="50.450293" lon="-104.462872">
<ele>572.9</ele>
<time>2026-08-25T06:38:58.509-06:00</time>
<extensions>
<gpxtpx:TrackPointExtension>
<gpxtpx:speed>5.13</gpxtpx:speed>
</gpxtpx:TrackPointExtension>
<opentracks:accuracy_horizontal>3.768</opentracks:accuracy_horizontal></extensions>
</trkpt>
<trkpt lat="50.450347" lon="-104.462669">
<ele>573.5</ele>
<time>2026-08-25T06:39:01.508-06:00</time>
<extensions>
<gpxtpx:TrackPointExtension>
<gpxtpx:speed>5.89</gpxtpx:speed>
</gpxtpx:TrackPointExtension>
<opentracks:accuracy_horizontal>3.803</opentracks:accuracy_horizontal></extensions>
</trkpt>
<trkpt lat="50.45038" lon="-104.462503">
<ele>573.7</ele>
<time>2026-08-25T06:39:03.506-06:00</time>
<extensions>
<gpxtpx:TrackPointExtension>
<gpxtpx:speed>5.84</gpxtpx:speed>
</gpxtpx:TrackPointExtension>
<opentracks:accuracy_horizontal>3.798</opentracks:accuracy_horizontal></extensions>
</trkpt>
<trkpt lat="50.45041" lon="-104.462345">
<ele>573.2</ele>
<time>2026-08-25T06:39:05.501-06:00</time>
<extensions>
<gpxtpx:TrackPointExtension>
<gpxtpx:speed>5.73</gpxtpx:speed>
</gpxtpx:TrackPointExtension>
<opentracks:accuracy_horizontal>3.787</opentracks:accuracy_horizontal></extensions>
</trkpt>
<trkpt lat="50.450428" lon="-104.462189">
<ele>573.2</ele>
<time>2026-08-25T06:39:07.497-06:00</time>
<extensions>
<gpxtpx:TrackPointExtension>
<gpxtpx:speed>5.82</gpxtpx:speed>
</gpxtpx:TrackPointExtension>
<opentracks:accuracy_horizontal>3.778</opentracks:accuracy_horizontal></extensions>
</trkpt>
<trkpt lat="50.450443" lon="-104.462026">
<ele>573.2</ele>
<time>2026-08-25T06:39:09.511-06:00</time>
<extensions>
<gpxtpx:TrackPointExtension>
<gpxtpx:speed>5.9</gpxtpx:speed>
</gpxtpx:TrackPointExtension>
<opentracks:accuracy_horizontal>3.775</opentracks:accuracy_horizontal></extensions>
</trkpt>
<trkpt lat="50.450462" lon="-104.461862">
<ele>573.6</ele>
<time>2026-08-25T06:39:11.504-06:00</time>
<extensions>
<gpxtpx:TrackPointExtension>
<gpxtpx:speed>5.84</gpxtpx:speed>
</gpxtpx:TrackPointExtension>
<opentracks:accuracy_horizontal>3.725</opentracks:accuracy_horizontal></extensions>
</trkpt>
<trkpt lat="50.450474" lon="-104.461701">
<ele>573.3</ele>
<time>2026-08-25T06:39:13.506-06:00</time>
<extensions>
<gpxtpx:TrackPointExtension>
<gpxtpx:speed>6.07</gpxtpx:speed>
</gpxtpx:TrackPointExtension>
<opentracks:accuracy_horizontal>3.644</opentracks:accuracy_horizontal></extensions>
</trkpt>
<trkpt lat="50.450484" lon="-104.461528">
<ele>573.3</ele>
<time>2026-08-25T06:39:15.501-06:00</time>
<extensions>
<gpxtpx:TrackPointExtension>
<gpxtpx:speed>6.12</gpxtpx:speed>
</gpxtpx:TrackPointExtension>
<opentracks:accuracy_horizontal>3.551</opentracks:accuracy_horizontal></extensions>
</trkpt>
<trkpt lat="50.450488" lon="-104.461357">
<ele>572.9</ele>
<time>2026-08-25T06:39:17.508-06:00</time>
<extensions>
<gpxtpx:TrackPointExtension>
<gpxtpx:speed>6.13</gpxtpx:speed>
</gpxtpx:TrackPointExtension>
<opentracks:accuracy_horizontal>3.525</opentracks:accuracy_horizontal></extensions>
</trkpt>
<trkpt lat="50.450487" lon="-104.461177">
<ele>573.1</ele>
<time>2026-08-25T06:39:19.503-06:00</time>
<extensions>
<gpxtpx:TrackPointExtension>
<gpxtpx:speed>6.38</gpxtpx:speed>
</gpxtpx:TrackPointExtension>
<opentracks:accuracy_horizontal>3.621</opentracks:accuracy_horizontal></extensions>
</trkpt>
<trkpt lat="50.450495" lon="-104.460996">
<ele>573.4</ele>
<time>2026-08-25T06:39:21.515-06:00</time>
<extensions>
<gpxtpx:TrackPointExtension>
<gpxtpx:speed>6.22</gpxtpx:speed>
</gpxtpx:TrackPointExtension>
<opentracks:accuracy_horizontal>3.721</opentracks:accuracy_horizontal></extensions>
</trkpt>
<trkpt lat="50.450499" lon="-104.460828">
<ele>573.2</ele>
<time>2026-08-25T06:39:23.515-06:00</time>
<extensions>
<gpxtpx:TrackPointExtension>
<gpxtpx:speed>6.09</gpxtpx:speed>
</gpxtpx:TrackPointExtension>
<opentracks:accuracy_horizontal>3.768</opentracks:accuracy_horizontal></extensions>
</trkpt>
<trkpt lat="50.450492" lon="-104.460661">
<ele>573.3</ele>
<time>2026-08-25T06:39:25.501-06:00</time>
<extensions>
<gpxtpx:TrackPointExtension>
<gpxtpx:speed>6.15</gpxtpx:speed>
</gpxtpx:TrackPointExtension>
<opentracks:accuracy_horizontal>3.723</opentracks:accuracy_horizontal></extensions>
</trkpt>
<trkpt lat="50.450486" lon="-104.46049">
<ele>573.6</ele>
<time>2026-08-25T06:39:27.505-06:00</time>
<extensions>
<gpxtpx:TrackPointExtension>
<gpxtpx:speed>5.98</gpxtpx:speed>
</gpxtpx:TrackPointExtension>
<opentracks:accuracy_horizontal>3.629</opentracks:accuracy_horizontal></extensions>
</trkpt>
<trkpt lat="50.450491" lon="-104.460325">
<ele>573.9</ele>
<time>2026-08-25T06:39:29.506-06:00</time>
<extensions>
<gpxtpx:TrackPointExtension>
<gpxtpx:speed>5.91</gpxtpx:speed>
</gpxtpx:TrackPointExtension>
<opentracks:accuracy_horizontal>3.525</opentracks:accuracy_horizontal></extensions>
</trkpt>
<trkpt lat="50.450489" lon="-104.460164">
<ele>574</ele>
<time>2026-08-25T06:39:31.506-06:00</time>
<extensions>
<gpxtpx:TrackPointExtension>
<gpxtpx:speed>5.87</gpxtpx:speed>
</gpxtpx:TrackPointExtension>
<opentracks:accuracy_horizontal>3.525</opentracks:accuracy_horizontal></extensions>
</trkpt>
<trkpt lat="50.45049" lon="-104.459999">
<ele>574.1</ele>
<time>2026-08-25T06:39:33.497-06:00</time>
<extensions>
<gpxtpx:TrackPointExtension>
<gpxtpx:speed>5.77</gpxtpx:speed>
</gpxtpx:TrackPointExtension>
<opentracks:accuracy_horizontal>3.525</opentracks:accuracy_horizontal></extensions>
</trkpt>
<trkpt lat="50.450493" lon="-104.459839">
<ele>574</ele>
<time>2026-08-25T06:39:35.517-06:00</time>
<extensions>
<gpxtpx:TrackPointExtension>
<gpxtpx:speed>5.76</gpxtpx:speed>
</gpxtpx:TrackPointExtension>
<opentracks:accuracy_horizontal>3.525</opentracks:accuracy_horizontal></extensions>
</trkpt>
<trkpt lat="50.450493" lon="-104.45968">
<ele>573.8</ele>
<time>2026-08-25T06:39:37.502-06:00</time>
<extensions>
<gpxtpx:TrackPointExtension>
<gpxtpx:speed>5.64</gpxtpx:speed>
</gpxtpx:TrackPointExtension>
<opentracks:accuracy_horizontal>3.525</opentracks:accuracy_horizontal></extensions>
</trkpt>
<trkpt lat="50.450496" lon="-104.45952">
<ele>573.8</ele>
<time>2026-08-25T06:39:39.502-06:00</time>
<extensions>
<gpxtpx:TrackPointExtension>
<gpxtpx:speed>5.7</gpxtpx:speed>
</gpxtpx:TrackPointExtension>
<opentracks:accuracy_horizontal>3.53</opentracks:accuracy_horizontal></extensions>
</trkpt>
<trkpt lat="50.450495" lon="-104.459353">
<ele>573.7</ele>
<time>2026-08-25T06:39:41.509-06:00</time>
<extensions>
<gpxtpx:TrackPointExtension>
<gpxtpx:speed>6.01</gpxtpx:speed>
</gpxtpx:TrackPointExtension>
<opentracks:accuracy_horizontal>3.577</opentracks:accuracy_horizontal></extensions>
</trkpt>
<trkpt lat="50.450492" lon="-104.459176">
<ele>573.6</ele>
<time>2026-08-25T06:39:43.506-06:00</time>
<extensions>
<gpxtpx:TrackPointExtension>
<gpxtpx:speed>6.33</gpxtpx:speed>
</gpxtpx:TrackPointExtension>
<opentracks:accuracy_horizontal>3.66</opentracks:accuracy_horizontal></extensions>
</trkpt>
<trkpt lat="50.45049" lon="-104.458988">
<ele>574</ele>
<time>2026-08-25T06:39:45.505-06:00</time>
<extensions>
<gpxtpx:TrackPointExtension>
<gpxtpx:speed>6.72</gpxtpx:speed>
</gpxtpx:TrackPointExtension>
<opentracks:accuracy_horizontal>3.737</opentracks:accuracy_horizontal></extensions>
</trkpt>
<trkpt lat="50.450481" lon="-104.458791">
<ele>573.8</ele>
<time>2026-08-25T06:39:47.501-06:00</time>
<extensions>
<gpxtpx:TrackPointExtension>
<gpxtpx:speed>6.52</gpxtpx:speed>
</gpxtpx:TrackPointExtension>
<opentracks:accuracy_horizontal>3.616</opentracks:accuracy_horizontal></extensions>
</trkpt>
<trkpt lat="50.450483" lon="-104.458607">
<ele>573.6</ele>
<time>2026-08-25T06:39:49.506-06:00</time>
<extensions>
<gpxtpx:TrackPointExtension>
<gpxtpx:speed>6.32</gpxtpx:speed>
</gpxtpx:TrackPointExtension>
<opentracks:accuracy_horizontal>3.58</opentracks:accuracy_horizontal></extensions>
</trkpt>
<trkpt lat="50.450487" lon="-104.45842">
<ele>573.5</ele>
<time>2026-08-25T06:39:51.509-06:00</time>
<extensions>
<gpxtpx:TrackPointExtension>
<gpxtpx:speed>6.86</gpxtpx:speed>
</gpxtpx:TrackPointExtension>
<opentracks:accuracy_horizontal>3.66</opentracks:accuracy_horizontal></extensions>
</trkpt>
<trkpt lat="50.450493" lon="-104.458227">
<ele>573.5</ele>
<time>2026-08-25T06:39:53.501-06:00</time>
<extensions>
<gpxtpx:TrackPointExtension>
<gpxtpx:speed>6.69</gpxtpx:speed>
</gpxtpx:TrackPointExtension>
<opentracks:accuracy_horizontal>3.66</opentracks:accuracy_horizontal></extensions>
</trkpt>
<trkpt lat="50.450497" lon="-104.458044">
<ele>573.7</ele>
<time>2026-08-25T06:39:55.502-06:00</time>
<extensions>
<gpxtpx:TrackPointExtension>
<gpxtpx:speed>6.27</gpxtpx:speed>
</gpxtpx:TrackPointExtension>
<opentracks:accuracy_horizontal>3.63</opentracks:accuracy_horizontal></extensions>
</trkpt>
<trkpt lat="50.450494" lon="-104.457849">
<ele>573.7</ele>
<time>2026-08-25T06:39:57.502-06:00</time>
<extensions>
<gpxtpx:TrackPointExtension>
<gpxtpx:speed>7.1</gpxtpx:speed>
</gpxtpx:TrackPointExtension>
<opentracks:accuracy_horizontal>3.698</opentracks:accuracy_horizontal></extensions>
</trkpt>
<trkpt lat="50.450488" lon="-104.45766">
<ele>574.1</ele>
<time>2026-08-25T06:39:59.498-06:00</time>
<extensions>
<gpxtpx:TrackPointExtension>
<gpxtpx:speed>6.09</gpxtpx:speed>
</gpxtpx:TrackPointExtension>
<opentracks:accuracy_horizontal>3.67</opentracks:accuracy_horizontal></extensions>
</trkpt>
<trkpt lat="50.450494" lon="-104.457492">
<ele>574.4</ele>
<time>2026-08-25T06:40:01.493-06:00</time>
<extensions>
<gpxtpx:TrackPointExtension>
<gpxtpx:speed>6.67</gpxtpx:speed>
</gpxtpx:TrackPointExtension>
<opentracks:accuracy_horizontal>3.677</opentracks:accuracy_horizontal></extensions>
</trkpt>
<trkpt lat="50.450499" lon="-104.457284">
<ele>574.5</ele>
<time>2026-08-25T06:40:03.518-06:00</time>
<extensions>
<gpxtpx:TrackPointExtension>
<gpxtpx:speed>7.69</gpxtpx:speed>
</gpxtpx:TrackPointExtension>
<opentracks:accuracy_horizontal>3.706</opentracks:accuracy_horizontal></extensions>
</trkpt>
<trkpt lat="50.450491" lon="-104.457057">
<ele>574.2</ele>
<time>2026-08-25T06:40:05.51-06:00</time>
<extensions>
<gpxtpx:TrackPointExtension>
<gpxtpx:speed>7.32</gpxtpx:speed>
</gpxtpx:TrackPointExtension>
<opentracks:accuracy_horizontal>3.729</opentracks:accuracy_horizontal></extensions>
</trkpt>
<trkpt lat="50.450489" lon="-104.456849">
<ele>574.4</ele>
<time>2026-08-25T06:40:07.519-06:00</time>
<extensions>
<gpxtpx:TrackPointExtension>
<gpxtpx:speed>7.48</gpxtpx:speed>
</gpxtpx:TrackPointExtension>
<opentracks:accuracy_horizontal>3.712</opentracks:accuracy_horizontal></extensions>
</trkpt>
<trkpt lat="50.450491" lon="-104.456642">
<ele>574.5</ele>
<time>2026-08-25T06:40:09.519-06:00</time>
<extensions>
<gpxtpx:TrackPointExtension>
<gpxtpx:speed>7.27</gpxtpx:speed>
</gpxtpx:TrackPointExtension>
<opentracks:accuracy_horizontal>3.643</opentracks:accuracy_horizontal></extensions>
</trkpt>
<trkpt lat="50.450482" lon="-104.456435">
<ele>574.4</ele>
<time>2026-08-25T06:40:11.506-06:00</time>
<extensions>
<gpxtpx:TrackPointExtension>
<gpxtpx:speed>7.43</gpxtpx:speed>
</gpxtpx:TrackPointExtension>
<opentracks:accuracy_horizontal>3.541</opentracks:accuracy_horizontal></extensions>
</trkpt>
<trkpt lat="50.450479" lon="-104.456234">
<ele>574.7</ele>
<time>2026-08-25T06:40:13.507-06:00</time>
<extensions>
<gpxtpx:TrackPointExtension>
<gpxtpx:speed>7.34</gpxtpx:speed>
</gpxtpx:TrackPointExtension>
<opentracks:accuracy_horizontal>3.671</opentracks:accuracy_horizontal></extensions>
</trkpt>
<trkpt lat="50.450477" lon="-104.456025">
<ele>574.9</ele>
<time>2026-08-25T06:40:15.506-06:00</time>
<extensions>
<gpxtpx:TrackPointExtension>
<gpxtpx:speed>7.16</gpxtpx:speed>
</gpxtpx:TrackPointExtension>
<opentracks:accuracy_horizontal>3.62</opentracks:accuracy_horizontal></extensions>
</trkpt>
<trkpt lat="50.450476" lon="-104.455818">
<ele>575.1</ele>
<time>2026-08-25T06:40:17.519-06:00</time>
<extensions>
<gpxtpx:TrackPointExtension>
<gpxtpx:speed>7.43</gpxtpx:speed>
</gpxtpx:TrackPointExtension>
<opentracks:accuracy_horizontal>3.802</opentracks:accuracy_horizontal></extensions>
</trkpt>
<trkpt lat="50.450483" lon="-104.45561">
<ele>575</ele>
<time>2026-08-25T06:40:19.507-06:00</time>
<extensions>
<gpxtpx:TrackPointExtension>
<gpxtpx:speed>7.16</gpxtpx:speed>
</gpxtpx:TrackPointExtension>
<opentracks:accuracy_horizontal>3.788</opentracks:accuracy_horizontal></extensions>
</trkpt>
<trkpt lat="50.45049" lon="-104.455414">
<ele>575.1</ele>
<time>2026-08-25T06:40:21.517-06:00</time>
<extensions>
<gpxtpx:TrackPointExtension>
<gpxtpx:speed>7.19</gpxtpx:speed>
</gpxtpx:TrackPointExtension>
<opentracks:accuracy_horizontal>3.822</opentracks:accuracy_horizontal></extensions>
</trkpt>
<trkpt lat="50.450494" lon="-104.455212">
<ele>575.4</ele>
<time>2026-08-25T06:40:23.499-06:00</time>
<extensions>
<gpxtpx:TrackPointExtension>
<gpxtpx:speed>6.88</gpxtpx:speed>
</gpxtpx:TrackPointExtension>
<opentracks:accuracy_horizontal>3.787</opentracks:accuracy_horizontal></extensions>
</trkpt>
<trkpt lat="50.450491" lon="-104.455017">
<ele>575.4</ele>
<time>2026-08-25T06:40:25.521-06:00</time>
<extensions>
<gpxtpx:TrackPointExtension>
<gpxtpx:speed>7.15</gpxtpx:speed>
</gpxtpx:TrackPointExtension>
<opentracks:accuracy_horizontal>3.852</opentracks:accuracy_horizontal></extensions>
</trkpt>
<trkpt lat="50.450488" lon="-104.454815">
<ele>575.3</ele>
<time>2026-08-25T06:40:27.52-06:00</time>
<extensions>
<gpxtpx:TrackPointExtension>
<gpxtpx:speed>6.89</gpxtpx:speed>
</gpxtpx:TrackPointExtension>
<opentracks:accuracy_horizontal>3.754</opentracks:accuracy_horizontal></extensions>
</trkpt>
<trkpt lat="50.450486" lon="-104.454621">
<ele>575.6</ele>
<time>2026-08-25T06:40:29.512-06:00</time>
<extensions>
<gpxtpx:TrackPointExtension>
<gpxtpx:speed>7.12</gpxtpx:speed>
</gpxtpx:TrackPointExtension>
<opentracks:accuracy_horizontal>3.806</opentracks:accuracy_horizontal></extensions>
</trkpt>
<trkpt lat="50.450485" lon="-104.45442">
<ele>575.8</ele>
<time>2026-08-25T06:40:31.517-06:00</time>
<extensions>
<gpxtpx:TrackPointExtension>
<gpxtpx:speed>6.91</gpxtpx:speed>
</gpxtpx:TrackPointExtension>
<opentracks:accuracy_horizontal>3.711</opentracks:accuracy_horizontal></extensions>
</trkpt>
<trkpt lat="50.450485" lon="-104.454221">
<ele>575.9</ele>
<time>2026-08-25T06:40:33.517-06:00</time>
<extensions>
<gpxtpx:TrackPointExtension>
<gpxtpx:speed>7.33</gpxtpx:speed>
</gpxtpx:TrackPointExtension>
<opentracks:accuracy_horizontal>3.843</opentracks:accuracy_horizontal></extensions>
</trkpt>
<trkpt lat="50.450488" lon="-104.454012">
<ele>576.1</ele>
<time>2026-08-25T06:40:35.501-06:00</time>
<extensions>
<gpxtpx:TrackPointExtension>
<gpxtpx:speed>7.03</gpxtpx:speed>
</gpxtpx:TrackPointExtension>
<opentracks:accuracy_horizontal>3.771</opentracks:accuracy_horizontal></extensions>
</trkpt>
<trkpt lat="50.450484" lon="-104.453813">
<ele>576.1</ele>
<time>2026-08-25T06:40:37.508-06:00</time>
<extensions>
<gpxtpx:TrackPointExtension>
<gpxtpx:speed>7.23</gpxtpx:speed>
</gpxtpx:TrackPointExtension>
<opentracks:accuracy_horizontal>3.785</opentracks:accuracy_horizontal></extensions>
</trkpt>
<trkpt lat="50.450474" lon="-104.453604">
<ele>575.9</ele>
<time>2026-08-25T06:40:39.51-06:00</time>
<extensions>
<gpxtpx:TrackPointExtension>
<gpxtpx:speed>7.26</gpxtpx:speed>
</gpxtpx:TrackPointExtension>
<opentracks:accuracy_horizontal>3.669</opentracks:accuracy_horizontal></extensions>
</trkpt>
<trkpt lat="50.450455" lon="-104.453402">
<ele>576.1</ele>
<time>2026-08-25T06:40:41.511-06:00</time>
<extensions>
<gpxtpx:TrackPointExtension>
<gpxtpx:speed>7.3</gpxtpx:speed>
</gpxtpx:TrackPointExtension>
<opentracks:accuracy_horizontal>3.762</opentracks:accuracy_horizontal></extensions>
</trkpt>
<trkpt lat="50.450433" lon="-104.453198">
<ele>576.1</ele>
<time>2026-08-25T06:40:43.521-06:00</time>
<extensions>
<gpxtpx:TrackPointExtension>
<gpxtpx:speed>7.01</gpxtpx:speed>
</gpxtpx:TrackPointExtension>
<opentracks:accuracy_horizontal>3.692</opentracks:accuracy_horizontal></extensions>
</trkpt>
<trkpt lat="50.450406" lon="-104.453006">
<ele>576.1</ele>
<time>2026-08-25T06:40:45.487-06:00</time>
<extensions>
<gpxtpx:TrackPointExtension>
<gpxtpx:speed>7.14</gpxtpx:speed>
</gpxtpx:TrackPointExtension>
<opentracks:accuracy_horizontal>3.808</opentracks:accuracy_horizontal></extensions>
</trkpt>
<trkpt lat="50.45038" lon="-104.452811">
<ele>575.9</ele>
<time>2026-08-25T06:40:47.522-06:00</time>
<extensions>
<gpxtpx:TrackPointExtension>
<gpxtpx:speed>6.81</gpxtpx:speed>
</gpxtpx:TrackPointExtension>
<opentracks:accuracy_horizontal>3.712</opentracks:accuracy_horizontal></extensions>
</trkpt>
<trkpt lat="50.450347" lon="-104.452626">
<ele>575.9</ele>
<time>2026-08-25T06:40:49.5-06:00</time>
<extensions>
<gpxtpx:TrackPointExtension>
<gpxtpx:speed>7.14</gpxtpx:speed>
</gpxtpx:TrackPointExtension>
<opentracks:accuracy_horizontal>3.722</opentracks:accuracy_horizontal></extensions>
</trkpt>
<trkpt lat="50.450299" lon="-104.452435">
<ele>575.9</ele>
<time>2026-08-25T06:40:51.514-06:00</time>
<extensions>
<gpxtpx:TrackPointExtension>
<gpxtpx:speed>7.08</gpxtpx:speed>
</gpxtpx:TrackPointExtension>
<opentracks:accuracy_horizontal>3.679</opentracks:accuracy_horizontal></extensions>
</trkpt>
<trkpt lat="50.450263" lon="-104.45224">
<ele>575.8</ele>
<time>2026-08-25T06:40:53.509-06:00</time>
<extensions>
<gpxtpx:TrackPointExtension>
<gpxtpx:speed>7.29</gpxtpx:speed>
</gpxtpx:TrackPointExtension>
<opentracks:accuracy_horizontal>3.688</opentracks:accuracy_horizontal></extensions>
</trkpt>
<trkpt lat="50.450216" lon="-104.452043">
<ele>575.8</ele>
<time>2026-08-25T06:40:55.498-06:00</time>
<extensions>
<gpxtpx:TrackPointExtension>
<gpxtpx:speed>7.32</gpxtpx:speed>
</gpxtpx:TrackPointExtension>
<opentracks:accuracy_horizontal>3.646</opentracks:accuracy_horizontal></extensions>
</trkpt>
<trkpt lat="50.450174" lon="-104.451842">
<ele>575.4</ele>
<time>2026-08-25T06:40:57.517-06:00</time>
<extensions>
<gpxtpx:TrackPointExtension>
<gpxtpx:speed>7.43</gpxtpx:speed>
</gpxtpx:TrackPointExtension>
<opentracks:accuracy_horizontal>3.69</opentracks:accuracy_horizontal></extensions>
</trkpt>
<trkpt lat="50.450128" lon="-104.451671">
<ele>575.7</ele>
<time>2026-08-25T06:40:59.505-06:00</time>
<extensions>
<gpxtpx:TrackPointExtension>
<gpxtpx:speed>6.68</gpxtpx:speed>
</gpxtpx:TrackPointExtension>
<opentracks:accuracy_horizontal>3.702</opentracks:accuracy_horizontal></extensions>
</trkpt>
<trkpt lat="50.450088" lon="-104.451477">
<ele>576.8</ele>
<time>2026-08-25T06:41:01.512-06:00</time>
<extensions>
<gpxtpx:TrackPointExtension>
<gpxtpx:speed>7.36</gpxtpx:speed>
</gpxtpx:TrackPointExtension>
<opentracks:accuracy_horizontal>3.777</opentracks:accuracy_horizontal></extensions>
</trkpt>
<trkpt lat="50.450053" lon="-104.451267">
<ele>577.1</ele>
<time>2026-08-25T06:41:03.49-06:00</time>
<extensions>
<gpxtpx:TrackPointExtension>
<gpxtpx:speed>6.94</gpxtpx:speed>
</gpxtpx:TrackPointExtension>
<opentracks:accuracy_horizontal>3.637</opentracks:accuracy_horizontal></extensions>
</trkpt>
<trkpt lat="50.450019" lon="-104.45108">
<ele>577.5</ele>
<time>2026-08-25T06:41:05.519-06:00</time>
<extensions>
<gpxtpx:TrackPointExtension>
<gpxtpx:speed>6.93</gpxtpx:speed>
</gpxtpx:TrackPointExtension>
<opentracks:accuracy_horizontal>3.749</opentracks:accuracy_horizontal></extensions>
</trkpt>
<trkpt lat="50.449991" lon="-104.450888">
<ele>577.3</ele>
<time>2026-08-25T06:41:07.503-06:00</time>
<extensions>
<gpxtpx:TrackPointExtension>
<gpxtpx:speed>6.92</gpxtpx:speed>
</gpxtpx:TrackPointExtension>
<opentracks:accuracy_horizontal>3.674</opentracks:accuracy_horizontal></extensions>
</trkpt>
<trkpt lat="50.449962" lon="-104.450699">
<ele>577.1</ele>
<time>2026-08-25T06:41:09.491-06:00</time>
<extensions>
<gpxtpx:TrackPointExtension>
<gpxtpx:speed>7.12</gpxtpx:speed>
</gpxtpx:TrackPointExtension>
<opentracks:accuracy_horizontal>3.733</opentracks:accuracy_horizontal></extensions>
</trkpt>
<trkpt lat="50.449943" lon="-104.450502">
<ele>576.5</ele>
<time>2026-08-25T06:41:11.505-06:00</time>
<extensions>
<gpxtpx:TrackPointExtension>
<gpxtpx:speed>6.94</gpxtpx:speed>
</gpxtpx:TrackPointExtension>
<opentracks:accuracy_horizontal>3.663</opentracks:accuracy_horizontal></extensions>
</trkpt>
<trkpt lat="50.449934" lon="-104.450314">
<ele>576.2</ele>
<time>2026-08-25T06:41:13.525-06:00</time>
<extensions>
<gpxtpx:TrackPointExtension>
<gpxtpx:speed>6.75</gpxtpx:speed>
</gpxtpx:TrackPointExtension>
<opentracks:accuracy_horizontal>3.681</opentracks:accuracy_horizontal></extensions>
</trkpt>
<trkpt lat="50.449928" lon="-104.450123">
<ele>576.5</ele>
<time>2026-08-25T06:41:15.507-06:00</time>
<extensions>
<gpxtpx:TrackPointExtension>
<gpxtpx:speed>6.87</gpxtpx:speed>
</gpxtpx:TrackPointExtension>
<opentracks:accuracy_horizontal>3.73</opentracks:accuracy_horizontal></extensions>
</trkpt>
<trkpt lat="50.449923" lon="-104.449934">
<ele>576.6</ele>
<time>2026-08-25T06:41:17.507-06:00</time>
<extensions>
<gpxtpx:TrackPointExtension>
<gpxtpx:speed>6.39</gpxtpx:speed>
</gpxtpx:TrackPointExtension>
<opentracks:accuracy_horizontal>3.614</opentracks:accuracy_horizontal></extensions>
</trkpt>
<trkpt lat="50.449916" lon="-104.449758">
<ele>576.8</ele>
<time>2026-08-25T06:41:19.521-06:00</time>
<extensions>
<gpxtpx:TrackPointExtension>
<gpxtpx:speed>6.37</gpxtpx:speed>
</gpxtpx:TrackPointExtension>
<opentracks:accuracy_horizontal>3.702</opentracks:accuracy_horizontal></extensions>
</trkpt>
<trkpt lat="50.449916" lon="-104.449576">
<ele>577.2</ele>
<time>2026-08-25T06:41:21.514-06:00</time>
<extensions>
<gpxtpx:TrackPointExtension>
<gpxtpx:speed>6.39</gpxtpx:speed>
</gpxtpx:TrackPointExtension>
<opentracks:accuracy_horizontal>3.807</opentracks:accuracy_horizontal></extensions>
</trkpt>
<trkpt lat="50.449917" lon="-104.449402">
<ele>577.4</ele>
<time>2026-08-25T06:41:23.502-06:00</time>
<extensions>
<gpxtpx:TrackPointExtension>
<gpxtpx:speed>6.09</gpxtpx:speed>
</gpxtpx:TrackPointExtension>
<opentracks:accuracy_horizontal>3.809</opentracks:accuracy_horizontal></extensions>
</trkpt>
<trkpt lat="50.449919" lon="-104.449237">
<ele>577.5</ele>
<time>2026-08-25T06:41:25.519-06:00</time>
<extensions>
<gpxtpx:TrackPointExtension>
<gpxtpx:speed>5.88</gpxtpx:speed>
</gpxtpx:TrackPointExtension>
<opentracks:accuracy_horizontal>3.724</opentracks:accuracy_horizontal></extensions>
</trkpt>
<trkpt lat="50.449921" lon="-104.449072">
<ele>577.7</ele>
<time>2026-08-25T06:41:27.512-06:00</time>
<extensions>
<gpxtpx:TrackPointExtension>
<gpxtpx:speed>5.9</gpxtpx:speed>
</gpxtpx:TrackPointExtension>
<opentracks:accuracy_horizontal>3.62</opentracks:accuracy_horizontal></extensions>
</trkpt>
<trkpt lat="50.449921" lon="-104.448906">
<ele>578.2</ele>
<time>2026-08-25T06:41:29.521-06:00</time>
<extensions>
<gpxtpx:TrackPointExtension>
<gpxtpx:speed>5.75</gpxtpx:speed>
</gpxtpx:TrackPointExtension>
<opentracks:accuracy_horizontal>3.554</opentracks:accuracy_horizontal></extensions>
</trkpt>
<trkpt lat="50.449921" lon="-104.448742">
<ele>578.5</ele>
<time>2026-08-25T06:41:31.506-06:00</time>
<extensions>
<gpxtpx:TrackPointExtension>
<gpxtpx:speed>5.76</gpxtpx:speed>
</gpxtpx:TrackPointExtension>
<opentracks:accuracy_horizontal>3.539</opentracks:accuracy_horizontal></extensions>
</trkpt>
<trkpt lat="50.44992" lon="-104.448581">
<ele>578.5</ele>
<time>2026-08-25T06:41:33.519-06:00</time>
<extensions>
<gpxtpx:TrackPointExtension>
<gpxtpx:speed>5.63</gpxtpx:speed>
</gpxtpx:TrackPointExtension>
<opentracks:accuracy_horizontal>3.564</opentracks:accuracy_horizontal></extensions>
</trkpt>
<trkpt lat="50.449917" lon="-104.448425">
<ele>578.4</ele>
<time>2026-08-25T06:41:35.483-06:00</time>
<extensions>
<gpxtpx:TrackPointExtension>
<gpxtpx:speed>5.58</gpxtpx:speed>
</gpxtpx:TrackPointExtension>
<opentracks:accuracy_horizontal>3.565</opentracks:accuracy_horizontal></extensions>
</trkpt>
<trkpt lat="50.449915" lon="-104.448267">
<ele>578.3</ele>
<time>2026-08-25T06:41:37.509-06:00</time>
<extensions>
<gpxtpx:TrackPointExtension>
<gpxtpx:speed>5.6</gpxtpx:speed>
</gpxtpx:TrackPointExtension>
<opentracks:accuracy_horizontal>3.572</opentracks:accuracy_horizontal></extensions>
</trkpt>
<trkpt lat="50.449917" lon="-104.448107">
<ele>578.2</ele>
<time>2026-08-25T06:41:39.519-06:00</time>
<extensions>
<gpxtpx:TrackPointExtension>
<gpxtpx:speed>5.66</gpxtpx:speed>
</gpxtpx:TrackPointExtension>
<opentracks:accuracy_horizontal>3.59</opentracks:accuracy_horizontal></extensions>
</trkpt>
<trkpt lat="50.449918" lon="-104.447944">
<ele>578.3</ele>
<time>2026-08-25T06:41:41.52-06:00</time>
<extensions>
<gpxtpx:TrackPointExtension>
<gpxtpx:speed>5.46</gpxtpx:speed>
</gpxtpx:TrackPointExtension>
<opentracks:accuracy_horizontal>3.591</opentracks:accuracy_horizontal></extensions>
</trkpt>
<trkpt lat="50.449912" lon="-104.447784">
<ele>578.1</ele>
<time>2026-08-25T06:41:43.5-06:00</time>
<extensions>
<gpxtpx:TrackPointExtension>
<gpxtpx:speed>5.6</gpxtpx:speed>
</gpxtpx:TrackPointExtension>
<opentracks:accuracy_horizontal>3.613</opentracks:accuracy_horizontal></extensions>
</trkpt>
<trkpt lat="50.449907" lon="-104.447625">
<ele>577.7</ele>
<time>2026-08-25T06:41:45.521-06:00</time>
<extensions>
<gpxtpx:TrackPointExtension>
<gpxtpx:speed>5.53</gpxtpx:speed>
</gpxtpx:TrackPointExtension>
<opentracks:accuracy_horizontal>3.589</opentracks:accuracy_horizontal></extensions>
</trkpt>
<trkpt lat="50.449903" lon="-104.447468">
<ele>577.4</ele>
<time>2026-08-25T06:41:47.511-06:00</time>
<extensions>
<gpxtpx:TrackPointExtension>
<gpxtpx:speed>5.47</gpxtpx:speed>
</gpxtpx:TrackPointExtension>
<opentracks:accuracy_horizontal>3.574</opentracks:accuracy_horizontal></extensions>
</trkpt>
<trkpt lat="50.449902" lon="-104.447309">
<ele>577.4</ele>
<time>2026-08-25T06:41:49.517-06:00</time>
<extensions>
<gpxtpx:TrackPointExtension>
<gpxtpx:speed>5.51</gpxtpx:speed>
</gpxtpx:TrackPointExtension>
<opentracks:accuracy_horizontal>3.6</opentracks:accuracy_horizontal></extensions>
</trkpt>
<trkpt lat="50.449902" lon="-104.447151">
<ele>577.3</ele>
<time>2026-08-25T06:41:51.522-06:00</time>
<extensions>
<gpxtpx:TrackPointExtension>
<gpxtpx:speed>5.55</gpxtpx:speed>
</gpxtpx:TrackPointExtension>
<opentracks:accuracy_horizontal>3.63</opentracks:accuracy_horizontal></extensions>
</trkpt>
<trkpt lat="50.449904" lon="-104.44699">
<ele>577.5</ele>
<time>2026-08-25T06:41:53.515-06:00</time>
<extensions>
<gpxtpx:TrackPointExtension>
<gpxtpx:speed>5.67</gpxtpx:speed>
</gpxtpx:TrackPointExtension>
<opentracks:accuracy_horizontal>3.622</opentracks:accuracy_horizontal></extensions>
</trkpt>
<trkpt lat="50.449903" lon="-104.446827">
<ele>577.7</ele>
<time>2026-08-25T06:41:55.491-06:00</time>
<extensions>
<gpxtpx:TrackPointExtension>
<gpxtpx:speed>5.76</gpxtpx:speed>
</gpxtpx:TrackPointExtension>
<opentracks:accuracy_horizontal>3.589</opentracks:accuracy_horizontal></extensions>
</trkpt>
<trkpt lat="50.449906" lon="-104.446657">
<ele>577.3</ele>
<time>2026-08-25T06:41:57.517-06:00</time>
<extensions>
<gpxtpx:TrackPointExtension>
<gpxtpx:speed>5.85</gpxtpx:speed>
</gpxtpx:TrackPointExtension>
<opentracks:accuracy_horizontal>3.599</opentracks:accuracy_horizontal></extensions>
</trkpt>
<trkpt lat="50.449907" lon="-104.446491">
<ele>577.9</ele>
<time>2026-08-25T06:41:59.51-06:00</time>
<extensions>
<gpxtpx:TrackPointExtension>
<gpxtpx:speed>5.51</gpxtpx:speed>
</gpxtpx:TrackPointExtension>
<opentracks:accuracy_horizontal>3.6</opentracks:accuracy_horizontal></extensions>
</trkpt>
<trkpt lat="50.449906" lon="-104.446323">
<ele>578.3</ele>
<time>2026-08-25T06:42:01.512-06:00</time>
<extensions>
<gpxtpx:TrackPointExtension>
<gpxtpx:speed>5.69</gpxtpx:speed>
</gpxtpx:TrackPointExtension>
<opentracks:accuracy_horizontal>3.579</opentracks:accuracy_horizontal></extensions>
</trkpt>
<trkpt lat="50.449906" lon="-104.446158">
<ele>578.4</ele>
<time>2026-08-25T06:42:03.521-06:00</time>
<extensions>
<gpxtpx:TrackPointExtension>
<gpxtpx:speed>5.8</gpxtpx:speed>
</gpxtpx:TrackPointExtension>
<opentracks:accuracy_horizontal>3.591</opentracks:accuracy_horizontal></extensions>
</trkpt>
<trkpt lat="50.449905" lon="-104.445991">
<ele>578.5</ele>
<time>2026-08-25T06:42:05.519-06:00</time>
<extensions>
<gpxtpx:TrackPointExtension>
<gpxtpx:speed>5.76</gpxtpx:speed>
</gpxtpx:TrackPointExtension>
<opentracks:accuracy_horizontal>3.598</opentracks:accuracy_horizontal></extensions>
</trkpt>
<trkpt lat="50.449904" lon="-104.445829">
<ele>578.3</ele>
<time>2026-08-25T06:42:07.509-06:00</time>
<extensions>
<gpxtpx:TrackPointExtension>
<gpxtpx:speed>5.72</gpxtpx:speed>
</gpxtpx:TrackPointExtension>
<opentracks:accuracy_horizontal>3.599</opentracks:accuracy_horizontal></extensions>
</trkpt>
<trkpt lat="50.449905" lon="-104.445672">
<ele>578.5</ele>
<time>2026-08-25T06:42:09.509-06:00</time>
<extensions>
<gpxtpx:TrackPointExtension>
<gpxtpx:speed>5.62</gpxtpx:speed>
</gpxtpx:TrackPointExtension>
<opentracks:accuracy_horizontal>3.615</opentracks:accuracy_horizontal></extensions>
</trkpt>
<trkpt lat="50.449906" lon="-104.445513">
<ele>578.5</ele>
<time>2026-08-25T06:42:11.522-06:00</time>
<extensions>
<gpxtpx:TrackPointExtension>
<gpxtpx:speed>5.76</gpxtpx:speed>
</gpxtpx:TrackPointExtension>
<opentracks:accuracy_horizontal>3.654</opentracks:accuracy_horizontal></extensions>
</trkpt>
<trkpt lat="50.449907" lon="-104.445347">
<ele>578.9</ele>
<time>2026-08-25T06:42:13.495-06:00</time>
<extensions>
<gpxtpx:TrackPointExtension>
<gpxtpx:speed>5.82</gpxtpx:speed>
</gpxtpx:TrackPointExtension>
<opentracks:accuracy_horizontal>3.702</opentracks:accuracy_horizontal></extensions>
</trkpt>
<trkpt lat="50.449909" lon="-104.445179">
<ele>578.8</ele>
<time>2026-08-25T06:42:15.504-06:00</time>
<extensions>
<gpxtpx:TrackPointExtension>
<gpxtpx:speed>5.98</gpxtpx:speed>
</gpxtpx:TrackPointExtension>
<opentracks:accuracy_horizontal>3.751</opentracks:accuracy_horizontal></extensions>
</trkpt>
<trkpt lat="50.449912" lon="-104.445004">
<ele>579.2</ele>
<time>2026-08-25T06:42:17.48-06:00</time>
<extensions>
<gpxtpx:TrackPointExtension>
<gpxtpx:speed>6.01</gpxtpx:speed>
</gpxtpx:TrackPointExtension>
<opentracks:accuracy_horizontal>3.776</opentracks:accuracy_horizontal></extensions>
</trkpt>
<trkpt lat="50.449915" lon="-104.444834">
<ele>579.4</ele>
<time>2026-08-25T06:42:19.508-06:00</time>
<extensions>
<gpxtpx:TrackPointExtension>
<gpxtpx:speed>6.03</gpxtpx:speed>
</gpxtpx:TrackPointExtension>
<opentracks:accuracy_horizontal>3.828</opentracks:accuracy_horizontal></extensions>
</trkpt>
<trkpt lat="50.449913" lon="-104.444669">
<ele>579.8</ele>
<time>2026-08-25T06:42:21.522-06:00</time>
<extensions>
<gpxtpx:TrackPointExtension>
<gpxtpx:speed>6.04</gpxtpx:speed>
</gpxtpx:TrackPointExtension>
<opentracks:accuracy_horizontal>3.861</opentracks:accuracy_horizontal></extensions>
</trkpt>
<trkpt lat="50.449911" lon="-104.444494">
<ele>579.8</ele>
<time>2026-08-25T06:42:23.517-06:00</time>
<extensions>
<gpxtpx:TrackPointExtension>
<gpxtpx:speed>6.18</gpxtpx:speed>
</gpxtpx:TrackPointExtension>
<opentracks:accuracy_horizontal>3.907</opentracks:accuracy_horizontal></extensions>
</trkpt>
<trkpt lat="50.449908" lon="-104.444325">
<ele>579.9</ele>
<time>2026-08-25T06:42:25.524-06:00</time>
<extensions>
<gpxtpx:TrackPointExtension>
<gpxtpx:speed>6</gpxtpx:speed>
</gpxtpx:TrackPointExtension>
<opentracks:accuracy_horizontal>3.838</opentracks:accuracy_horizontal></extensions>
</trkpt>
<trkpt lat="50.449903" lon="-104.444158">
<ele>580</ele>
<time>2026-08-25T06:42:27.526-06:00</time>
<extensions>
<gpxtpx:TrackPointExtension>
<gpxtpx:speed>6.11</gpxtpx:speed>
</gpxtpx:TrackPointExtension>
<opentracks:accuracy_horizontal>3.797</opentracks:accuracy_horizontal></extensions>
</trkpt>
<trkpt lat="50.449899" lon="-104.443985">
<ele>580.1</ele>
<time>2026-08-25T06:42:29.516-06:00</time>
<extensions>
<gpxtpx:TrackPointExtension>
<gpxtpx:speed>6.14</gpxtpx:speed>
</gpxtpx:TrackPointExtension>
<opentracks:accuracy_horizontal>3.635</opentracks:accuracy_horizontal></extensions>
</trkpt>
<trkpt lat="50.449893" lon="-104.443814">
<ele>580.3</ele>
<time>2026-08-25T06:42:31.501-06:00</time>
<extensions>
<gpxtpx:TrackPointExtension>
<gpxtpx:speed>6.11</gpxtpx:speed>
</gpxtpx:TrackPointExtension>
<opentracks:accuracy_horizontal>3.661</opentracks:accuracy_horizontal></extensions>
</trkpt>
<trkpt lat="50.449895" lon="-104.443637">
<ele>580.3</ele>
<time>2026-08-25T06:42:33.514-06:00</time>
<extensions>
<gpxtpx:TrackPointExtension>
<gpxtpx:speed>6.41</gpxtpx:speed>
</gpxtpx:TrackPointExtension>
<opentracks:accuracy_horizontal>3.778</opentracks:accuracy_horizontal></extensions>
</trkpt>
<trkpt lat="50.449906" lon="-104.443451">
<ele>580.2</ele>
<time>2026-08-25T06:42:35.512-06:00</time>
<extensions>
<gpxtpx:TrackPointExtension>
<gpxtpx:speed>6.54</gpxtpx:speed>
</gpxtpx:TrackPointExtension>
<opentracks:accuracy_horizontal>3.908</opentracks:accuracy_horizontal></extensions>
</trkpt>
<trkpt lat="50.449904" lon="-104.443261">
<ele>580.4</ele>
<time>2026-08-25T06:42:37.514-06:00</time>
<extensions>
<gpxtpx:TrackPointExtension>
<gpxtpx:speed>6.64</gpxtpx:speed>
</gpxtpx:TrackPointExtension>
<opentracks:accuracy_horizontal>3.853</opentracks:accuracy_horizontal></extensions>
</trkpt>
<trkpt lat="50.449903" lon="-104.443081">
<ele>580.2</ele>
<time>2026-08-25T06:42:39.519-06:00</time>
<extensions>
<gpxtpx:TrackPointExtension>
<gpxtpx:speed>6.33</gpxtpx:speed>
</gpxtpx:TrackPointExtension>
<opentracks:accuracy_horizontal>3.773</opentracks:accuracy_horizontal></extensions>
</trkpt>
<trkpt lat="50.449904" lon="-104.442901">
<ele>580.1</ele>
<time>2026-08-25T06:42:41.519-06:00</time>
<extensions>
<gpxtpx:TrackPointExtension>
<gpxtpx:speed>6.57</gpxtpx:speed>
</gpxtpx:TrackPointExtension>
<opentracks:accuracy_horizontal>3.809</opentracks:accuracy_horizontal></extensions>
</trkpt>
<trkpt lat="50.449903" lon="-104.442708">
<ele>580.2</ele>
<time>2026-08-25T06:42:43.515-06:00</time>
<extensions>
<gpxtpx:TrackPointExtension>
<gpxtpx:speed>6.72</gpxtpx:speed>
</gpxtpx:TrackPointExtension>
<opentracks:accuracy_horizontal>3.862</opentracks:accuracy_horizontal></extensions>
</trkpt>
<trkpt lat="50.449906" lon="-104.442521">
<ele>580.3</ele>
<time>2026-08-25T06:42:45.514-06:00</time>
<extensions>
<gpxtpx:TrackPointExtension>
<gpxtpx:speed>6.42</gpxtpx:speed>
</gpxtpx:TrackPointExtension>
<opentracks:accuracy_horizontal>3.734</opentracks:accuracy_horizontal></extensions>
</trkpt>
<trkpt lat="50.449907" lon="-104.44235">
<ele>579.8</ele>
<time>2026-08-25T06:42:47.509-06:00</time>
<extensions>
<gpxtpx:TrackPointExtension>
<gpxtpx:speed>6.16</gpxtpx:speed>
</gpxtpx:TrackPointExtension>
<opentracks:accuracy_horizontal>3.66</opentracks:accuracy_horizontal></extensions>
</trkpt>
<trkpt lat="50.449909" lon="-104.442175">
<ele>579.5</ele>
<time>2026-08-25T06:42:49.508-06:00</time>
<extensions>
<gpxtpx:TrackPointExtension>
<gpxtpx:speed>6.49</gpxtpx:speed>
</gpxtpx:TrackPointExtension>
<opentracks:accuracy_horizontal>3.757</opentracks:accuracy_horizontal></extensions>
</trkpt>
<trkpt lat="50.449926" lon="-104.441988">
<ele>579.5</ele>
<time>2026-08-25T06:42:51.509-06:00</time>
<extensions>
<gpxtpx:TrackPointExtension>
<gpxtpx:speed>6.71</gpxtpx:speed>
</gpxtpx:TrackPointExtension>
<opentracks:accuracy_horizontal>3.815</opentracks:accuracy_horizontal></extensions>
</trkpt>
<trkpt lat="50.449953" lon="-104.441806">
<ele>579.3</ele>
<time>2026-08-25T06:42:53.534-06:00</time>
<extensions>
<gpxtpx:TrackPointExtension>
<gpxtpx:speed>6.38</gpxtpx:speed>
</gpxtpx:TrackPointExtension>
<opentracks:accuracy_horizontal>3.743</opentracks:accuracy_horizontal></extensions>
</trkpt>
<trkpt lat="50.449977" lon="-104.441633">
<ele>579.3</ele>
<time>2026-08-25T06:42:55.517-06:00</time>
<extensions>
<gpxtpx:TrackPointExtension>
<gpxtpx:speed>6.4</gpxtpx:speed>
</gpxtpx:TrackPointExtension>
<opentracks:accuracy_horizontal>3.693</opentracks:accuracy_horizontal></extensions>
</trkpt>
<trkpt lat="50.450008" lon="-104.44145">
<ele>578.9</ele>
<time>2026-08-25T06:42:57.505-06:00</time>
<extensions>
<gpxtpx:TrackPointExtension>
<gpxtpx:speed>7.02</gpxtpx:speed>
</gpxtpx:TrackPointExtension>
<opentracks:accuracy_horizontal>3.739</opentracks:accuracy_horizontal></extensions>
</trkpt>
<trkpt lat="50.450036" lon="-104.441282">
<ele>579.2</ele>
<time>2026-08-25T06:42:59.51-06:00</time>
<extensions>
<gpxtpx:TrackPointExtension>
<gpxtpx:speed>5.82</gpxtpx:speed>
</gpxtpx:TrackPointExtension>
<opentracks:accuracy_horizontal>3.819</opentracks:accuracy_horizontal></extensions>
</trkpt>
<trkpt lat="50.450068" lon="-104.441122">
<ele>580.1</ele>
<time>2026-08-25T06:43:01.511-06:00</time>
<extensions>
<gpxtpx:TrackPointExtension>
<gpxtpx:speed>6.45</gpxtpx:speed>
</gpxtpx:TrackPointExtension>
<opentracks:accuracy_horizontal>3.783</opentracks:accuracy_horizontal></extensions>
</trkpt>
<trkpt lat="50.450113" lon="-104.440946">
<ele>580.1</ele>
<time>2026-08-25T06:43:03.523-06:00</time>
<extensions>
<gpxtpx:TrackPointExtension>
<gpxtpx:speed>6.39</gpxtpx:speed>
</gpxtpx:TrackPointExtension>
<opentracks:accuracy_horizontal>3.771</opentracks:accuracy_horizontal></extensions>
</trkpt>
<trkpt lat="50.450167" lon="-104.440777">
<ele>579.7</ele>
<time>2026-08-25T06:43:05.506-06:00</time>
<extensions>
<gpxtpx:TrackPointExtension>
<gpxtpx:speed>6.51</gpxtpx:speed>
</gpxtpx:TrackPointExtension>
<opentracks:accuracy_horizontal>3.838</opentracks:accuracy_horizontal></extensions>
</trkpt>
<trkpt lat="50.450223" lon="-104.440614">
<ele>579.7</ele>
<time>2026-08-25T06:43:07.503-06:00</time>
<extensions>
<gpxtpx:TrackPointExtension>
<gpxtpx:speed>6.69</gpxtpx:speed>
</gpxtpx:TrackPointExtension>
<opentracks:accuracy_horizontal>3.945</opentracks:accuracy_horizontal></extensions>
</trkpt>
<trkpt lat="50.45028" lon="-104.44045">
<ele>579.5</ele>
<time>2026-08-25T06:43:09.518-06:00</time>
<extensions>
<gpxtpx:TrackPointExtension>
<gpxtpx:speed>6.22</gpxtpx:speed>
</gpxtpx:TrackPointExtension>
<opentracks:accuracy_horizontal>3.843</opentracks:accuracy_horizontal></extensions>
</trkpt>
<trkpt lat="50.450337" lon="-104.440309">
<ele>579.8</ele>
<time>2026-08-25T06:43:11.498-06:00</time>
<extensions>
<gpxtpx:TrackPointExtension>
<gpxtpx:speed>5.93</gpxtpx:speed>
</gpxtpx:TrackPointExtension>
<opentracks:accuracy_horizontal>3.805</opentracks:accuracy_horizontal></extensions>
</trkpt>
<trkpt lat="50.450398" lon="-104.440166">
<ele>580</ele>
<time>2026-08-25T06:43:13.515-06:00</time>
<extensions>
<gpxtpx:TrackPointExtension>
<gpxtpx:speed>6.2</gpxtpx:speed>
</gpxtpx:TrackPointExtension>
<opentracks:accuracy_horizontal>3.914</opentracks:accuracy_horizontal></extensions>
</trkpt>
<trkpt lat="50.450463" lon="-104.440022">
<ele>579.8</ele>
<time>2026-08-25T06:43:15.511-06:00</time>
<extensions>
<gpxtpx:TrackPointExtension>
<gpxtpx:speed>6.23</gpxtpx:speed>
</gpxtpx:TrackPointExtension>
<opentracks:accuracy_horizontal>4.016</opentracks:accuracy_horizontal></extensions>
</trkpt>
<trkpt lat="50.450531" lon="-104.439886">
<ele>579.9</ele>
<time>2026-08-25T06:43:17.508-06:00</time>
<extensions>
<gpxtpx:TrackPointExtension>
<gpxtpx:speed>6.32</gpxtpx:speed>
</gpxtpx:TrackPointExtension>
<opentracks:accuracy_horizontal>4.123</opentracks:accuracy_horizontal></extensions>
</trkpt>
<trkpt lat="50.450603" lon="-104.439755">
<ele>580</ele>
<time>2026-08-25T06:43:19.514-06:00</time>
<extensions>
<gpxtpx:TrackPointExtension>
<gpxtpx:speed>6.16</gpxtpx:speed>
</gpxtpx:TrackPointExtension>
<opentracks:accuracy_horizontal>4.083</opentracks:accuracy_horizontal></extensions>
</trkpt>
<trkpt lat="50.450676" lon="-104.439633">
<ele>580.4</ele>
<time>2026-08-25T06:43:21.508-06:00</time>
<extensions>
<gpxtpx:TrackPointExtension>
<gpxtpx:speed>6.03</gpxtpx:speed>
</gpxtpx:TrackPointExtension>
<opentracks:accuracy_horizontal>4.017</opentracks:accuracy_horizontal></extensions>
</trkpt>
<trkpt lat="50.450747" lon="-104.43952">
<ele>580.7</ele>
<time>2026-08-25T06:43:23.518-06:00</time>
<extensions>
<gpxtpx:TrackPointExtension>
<gpxtpx:speed>5.87</gpxtpx:speed>
</gpxtpx:TrackPointExtension>
<opentracks:accuracy_horizontal>4.031</opentracks:accuracy_horizontal></extensions>
</trkpt>
<trkpt lat="50.450827" lon="-104.439413">
<ele>580.7</ele>
<time>2026-08-25T06:43:25.509-06:00</time>
<extensions>
<gpxtpx:TrackPointExtension>
<gpxtpx:speed>5.74</gpxtpx:speed>
</gpxtpx:TrackPointExtension>
<opentracks:accuracy_horizontal>3.999</opentracks:accuracy_horizontal></extensions>
</trkpt>
<trkpt lat="50.45091" lon="-104.43931">
<ele>581.5</ele>
<time>2026-08-25T06:43:27.515-06:00</time>
<extensions>
<gpxtpx:TrackPointExtension>
<gpxtpx:speed>5.68</gpxtpx:speed>
</gpxtpx:TrackPointExtension>
<opentracks:accuracy_horizontal>4.006</opentracks:accuracy_horizontal></extensions>
</trkpt>
<trkpt lat="50.450994" lon="-104.439208">
<ele>582.2</ele>
<time>2026-08-25T06:43:29.494-06:00</time>
<extensions>
<gpxtpx:TrackPointExtension>
<gpxtpx:speed>5.63</gpxtpx:speed>
</gpxtpx:TrackPointExtension>
<opentracks:accuracy_horizontal>4.073</opentracks:accuracy_horizontal></extensions>
</trkpt>
<trkpt lat="50.451073" lon="-104.43911">
<ele>582.4</ele>
<time>2026-08-25T06:43:31.5-06:00</time>
<extensions>
<gpxtpx:TrackPointExtension>
<gpxtpx:speed>5.41</gpxtpx:speed>
</gpxtpx:TrackPointExtension>
<opentracks:accuracy_horizontal>4.25</opentracks:accuracy_horizontal></extensions>
</trkpt>
<trkpt lat="50.451149" lon="-104.439025">
<ele>582</ele>
<time>2026-08-25T06:43:33.524-06:00</time>
<extensions>
<gpxtpx:TrackPointExtension>
<gpxtpx:speed>5.25</gpxtpx:speed>
</gpxtpx:TrackPointExtension>
<opentracks:accuracy_horizontal>4.229</opentracks:accuracy_horizontal></extensions>
</trkpt>
<trkpt lat="50.451261" lon="-104.43892">
<ele>581.2</ele>
<time>2026-08-25T06:43:36.522-06:00</time>
<extensions>
<gpxtpx:TrackPointExtension>
<gpxtpx:speed>5.3</gpxtpx:speed>
</gpxtpx:TrackPointExtension>
<opentracks:accuracy_horizontal>4.001</opentracks:accuracy_horizontal></extensions>
</trkpt>
<trkpt lat="50.451343" lon="-104.438851">
<ele>580.3</ele>
<time>2026-08-25T06:43:38.519-06:00</time>
<extensions>
<gpxtpx:TrackPointExtension>
<gpxtpx:speed>5.41</gpxtpx:speed>
</gpxtpx:TrackPointExtension>
<opentracks:accuracy_horizontal>3.919</opentracks:accuracy_horizontal></extensions>
</trkpt>
<trkpt lat="50.451427" lon="-104.43878">
<ele>579.9</ele>
<time>2026-08-25T06:43:40.521-06:00</time>
<extensions>
<gpxtpx:TrackPointExtension>
<gpxtpx:speed>5.55</gpxtpx:speed>
</gpxtpx:TrackPointExtension>
<opentracks:accuracy_horizontal>3.853</opentracks:accuracy_horizontal></extensions>
</trkpt>
<trkpt lat="50.451515" lon="-104.438692">
<ele>579.8</ele>
<time>2026-08-25T06:43:42.518-06:00</time>
<extensions>
<gpxtpx:TrackPointExtension>
<gpxtpx:speed>5.76</gpxtpx:speed>
</gpxtpx:TrackPointExtension>
<opentracks:accuracy_horizontal>3.81</opentracks:accuracy_horizontal></extensions>
</trkpt>
<trkpt lat="50.451603" lon="-104.438603">
<ele>579.6</ele>
<time>2026-08-25T06:43:44.516-06:00</time>
<extensions>
<gpxtpx:TrackPointExtension>
<gpxtpx:speed>5.61</gpxtpx:speed>
</gpxtpx:TrackPointExtension>
<opentracks:accuracy_horizontal>3.79</opentracks:accuracy_horizontal></extensions>
</trkpt>
<trkpt lat="50.451692" lon="-104.438532">
<ele>579.4</ele>
<time>2026-08-25T06:43:46.515-06:00</time>
<extensions>
<gpxtpx:TrackPointExtension>
<gpxtpx:speed>5.43</gpxtpx:speed>
</gpxtpx:TrackPointExtension>
<opentracks:accuracy_horizontal>3.859</opentracks:accuracy_horizontal></extensions>
</trkpt>
<trkpt lat="50.451783" lon="-104.438461">
<ele>579.1</ele>
<time>2026-08-25T06:43:48.513-06:00</time>
<extensions>
<gpxtpx:TrackPointExtension>
<gpxtpx:speed>5.57</gpxtpx:speed>
</gpxtpx:TrackPointExtension>
<opentracks:accuracy_horizontal>3.839</opentracks:accuracy_horizontal></extensions>
</trkpt>
<trkpt lat="50.45187" lon="-104.438379">
<ele>578.8</ele>
<time>2026-08-25T06:43:50.505-06:00</time>
<extensions>
<gpxtpx:TrackPointExtension>
<gpxtpx:speed>5.55</gpxtpx:speed>
</gpxtpx:TrackPointExtension>
<opentracks:accuracy_horizontal>3.775</opentracks:accuracy_horizontal></extensions>
</trkpt>
<trkpt lat="50.451958" lon="-104.438304">
<ele>578.7</ele>
<time>2026-08-25T06:43:52.516-06:00</time>
<extensions>
<gpxtpx:TrackPointExtension>
<gpxtpx:speed>5.37</gpxtpx:speed>
</gpxtpx:TrackPointExtension>
<opentracks:accuracy_horizontal>3.72</opentracks:accuracy_horizontal></extensions>
</trkpt>
<trkpt lat="50.452039" lon="-104.438225">
<ele>578.9</ele>
<time>2026-08-25T06:43:54.501-06:00</time>
<extensions>
<gpxtpx:TrackPointExtension>
<gpxtpx:speed>5.41</gpxtpx:speed>
</gpxtpx:TrackPointExtension>
<opentracks:accuracy_horizontal>3.785</opentracks:accuracy_horizontal></extensions>
</trkpt>
<trkpt lat="50.45212" lon="-104.438144">
<ele>579.2</ele>
<time>2026-08-25T06:43:56.51-06:00</time>
<extensions>
<gpxtpx:TrackPointExtension>
<gpxtpx:speed>5.58</gpxtpx:speed>
</gpxtpx:TrackPointExtension>
<opentracks:accuracy_horizontal>3.989</opentracks:accuracy_horizontal></extensions>
</trkpt>
<trkpt lat="50.452208" lon="-104.438075">
<ele>578.8</ele>
<time>2026-08-25T06:43:58.52-06:00</time>
<extensions>
<gpxtpx:TrackPointExtension>
<gpxtpx:speed>4.95</gpxtpx:speed>
</gpxtpx:TrackPointExtension>
<opentracks:accuracy_horizontal>4.069</opentracks:accuracy_horizontal></extensions>
</trkpt>
<trkpt lat="50.452329" lon="-104.437968">
<ele>580.3</ele>
<time>2026-08-25T06:44:01.507-06:00</time>
<extensions>
<gpxtpx:TrackPointExtension>
<gpxtpx:speed>5.29</gpxtpx:speed>
</gpxtpx:TrackPointExtension>
<opentracks:accuracy_horizontal>3.981</opentracks:accuracy_horizontal></extensions>
</trkpt>
<trkpt lat="50.45241" lon="-104.437883">
<ele>580.7</ele>
<time>2026-08-25T06:44:03.508-06:00</time>
<extensions>
<gpxtpx:TrackPointExtension>
<gpxtpx:speed>5.18</gpxtpx:speed>
</gpxtpx:TrackPointExtension>
<opentracks:accuracy_horizontal>3.874</opentracks:accuracy_horizontal></extensions>
</trkpt>
<trkpt lat="50.452484" lon="-104.437796">
<ele>580</ele>
<time>2026-08-25T06:44:05.494-06:00</time>
<extensions>
<gpxtpx:TrackPointExtension>
<gpxtpx:speed>5.35</gpxtpx:speed>
</gpxtpx:TrackPointExtension>
<opentracks:accuracy_horizontal>3.783</opentracks:accuracy_horizontal></extensions>
</trkpt>
<trkpt lat="50.452568" lon="-104.437705">
<ele>580</ele>
<time>2026-08-25T06:44:07.499-06:00</time>
<extensions>
<gpxtpx:TrackPointExtension>
<gpxtpx:speed>5.41</gpxtpx:speed>
</gpxtpx:TrackPointExtension>
<opentracks:accuracy_horizontal>3.938</opentracks:accuracy_horizontal></extensions>
</trkpt>
<trkpt lat="50.452638" lon="-104.437608">
<ele>579.8</ele>
<time>2026-08-25T06:44:09.509-06:00</time>
<extensions>
<gpxtpx:TrackPointExtension>
<gpxtpx:speed>4.87</gpxtpx:speed>
</gpxtpx:TrackPointExtension>
<opentracks:accuracy_horizontal>4.061</opentracks:accuracy_horizontal></extensions>
</trkpt>
<trkpt lat="50.452721" lon="-104.437436">
<ele>580</ele>
<time>2026-08-25T06:44:12.519-06:00</time>
<extensions>
<gpxtpx:TrackPointExtension>
<gpxtpx:speed>5.33</gpxtpx:speed>
</gpxtpx:TrackPointExtension>
<opentracks:accuracy_horizontal>3.825</opentracks:accuracy_horizontal></extensions>
</trkpt>
<trkpt lat="50.452774" lon="-104.437312">
<ele>579.6</ele>
<time>2026-08-25T06:44:14.505-06:00</time>
<extensions>
<gpxtpx:TrackPointExtension>
<gpxtpx:speed>5.31</gpxtpx:speed>
</gpxtpx:TrackPointExtension>
<opentracks:accuracy_horizontal>3.751</opentracks:accuracy_horizontal></extensions>
</trkpt>
<trkpt lat="50.45282" lon="-104.437175">
<ele>579.5</ele>
<time>2026-08-25T06:44:16.521-06:00</time>
<extensions>
<gpxtpx:TrackPointExtension>
<gpxtpx:speed>5.53</gpxtpx:speed>
</gpxtpx:TrackPointExtension>
<opentracks:accuracy_horizontal>3.674</opentracks:accuracy_horizontal></extensions>
</trkpt>
<trkpt lat="50.452862" lon="-104.437028">
<ele>580</ele>
<time>2026-08-25T06:44:18.507-06:00</time>
<extensions>
<gpxtpx:TrackPointExtension>
<gpxtpx:speed>5.62</gpxtpx:speed>
</gpxtpx:TrackPointExtension>
<opentracks:accuracy_horizontal>3.718</opentracks:accuracy_horizontal></extensions>
</trkpt>
<trkpt lat="50.452887" lon="-104.436874">
<ele>580.1</ele>
<time>2026-08-25T06:44:20.509-06:00</time>
<extensions>
<gpxtpx:TrackPointExtension>
<gpxtpx:speed>5.63</gpxtpx:speed>
</gpxtpx:TrackPointExtension>
<opentracks:accuracy_horizontal>3.745</opentracks:accuracy_horizontal></extensions>
</trkpt>
<trkpt lat="50.452896" lon="-104.43672">
<ele>580.2</ele>
<time>2026-08-25T06:44:22.507-06:00</time>
<extensions>
<gpxtpx:TrackPointExtension>
<gpxtpx:speed>5.12</gpxtpx:speed>
</gpxtpx:TrackPointExtension>
<opentracks:accuracy_horizontal>3.765</opentracks:accuracy_horizontal></extensions>
</trkpt>
<trkpt lat="50.452902" lon="-104.436546">
<ele>580.5</ele>
<time>2026-08-25T06:44:25.518-06:00</time>
<extensions>
<gpxtpx:TrackPointExtension>
<gpxtpx:speed>4.18</gpxtpx:speed>
</gpxtpx:TrackPointExtension>
<opentracks:accuracy_horizontal>3.77</opentracks:accuracy_horizontal></extensions>
</trkpt>
<trkpt lat="50.452899" lon="-104.436376">
<ele>580</ele>
<time>2026-08-25T06:44:28.506-06:00</time>
<extensions>
<gpxtpx:TrackPointExtension>
<gpxtpx:speed>3.75</gpxtpx:speed>
</gpxtpx:TrackPointExtension>
<opentracks:accuracy_horizontal>3.695</opentracks:accuracy_horizontal></extensions>
</trkpt>
<trkpt lat="50.452894" lon="-104.436217">
<ele>579.8</ele>
<time>2026-08-25T06:44:31.508-06:00</time>
<extensions>
<gpxtpx:TrackPointExtension>
<gpxtpx:speed>3.81</gpxtpx:speed>
</gpxtpx:TrackPointExtension>
<opentracks:accuracy_horizontal>3.788</opentracks:accuracy_horizontal></extensions>
</trkpt>
<trkpt lat="50.452898" lon="-104.436041">
<ele>579.7</ele>
<time>2026-08-25T06:44:34.505-06:00</time>
<extensions>
<gpxtpx:TrackPointExtension>
<gpxtpx:speed>4.09</gpxtpx:speed>
</gpxtpx:TrackPointExtension>
<opentracks:accuracy_horizontal>3.863</opentracks:accuracy_horizontal></extensions>
</trkpt>
<trkpt lat="50.452895" lon="-104.435846">
<ele>580.1</ele>
<time>2026-08-25T06:44:37.493-06:00</time>
<extensions>
<gpxtpx:TrackPointExtension>
<gpxtpx:speed>4.49</gpxtpx:speed>
</gpxtpx:TrackPointExtension>
<opentracks:accuracy_horizontal>3.663</opentracks:accuracy_horizontal></extensions>
</trkpt>
<trkpt lat="50.452893" lon="-104.435664">
<ele>580</ele>
<time>2026-08-25T06:44:40.509-06:00</time>
<extensions>
<gpxtpx:TrackPointExtension>
<gpxtpx:speed>4.37</gpxtpx:speed>
</gpxtpx:TrackPointExtension>
<opentracks:accuracy_horizontal>3.679</opentracks:accuracy_horizontal></extensions>
</trkpt>
<trkpt lat="50.452889" lon="-104.435485">
<ele>579.8</ele>
<time>2026-08-25T06:44:43.516-06:00</time>
<extensions>
<gpxtpx:TrackPointExtension>
<gpxtpx:speed>4.04</gpxtpx:speed>
</gpxtpx:TrackPointExtension>
<opentracks:accuracy_horizontal>3.778</opentracks:accuracy_horizontal></extensions>
</trkpt>
<trkpt lat="50.452892" lon="-104.43531">
<ele>579.8</ele>
<time>2026-08-25T06:44:46.516-06:00</time>
<extensions>
<gpxtpx:TrackPointExtension>
<gpxtpx:speed>3.81</gpxtpx:speed>
</gpxtpx:TrackPointExtension>
<opentracks:accuracy_horizontal>3.898</opentracks:accuracy_horizontal></extensions>
</trkpt>
<trkpt lat="50.452887" lon="-104.435138">
<ele>579.7</ele>
<time>2026-08-25T06:44:49.529-06:00</time>
<extensions>
<gpxtpx:TrackPointExtension>
<gpxtpx:speed>4.2</gpxtpx:speed>
</gpxtpx:TrackPointExtension>
<opentracks:accuracy_horizontal>3.796</opentracks:accuracy_horizontal></extensions>
</trkpt>
<trkpt lat="50.452855" lon="-104.434956">
<ele>579.9</ele>
<time>2026-08-25T06:44:52.532-06:00</time>
<extensions>
<gpxtpx:TrackPointExtension>
<gpxtpx:speed>4.77</gpxtpx:speed>
</gpxtpx:TrackPointExtension>
<opentracks:accuracy_horizontal>3.598</opentracks:accuracy_horizontal></extensions>
</trkpt>
<trkpt lat="50.452792" lon="-104.434854">
<ele>579.7</ele>
<time>2026-08-25T06:44:54.527-06:00</time>
<extensions>
<gpxtpx:TrackPointExtension>
<gpxtpx:speed>4.99</gpxtpx:speed>
</gpxtpx:TrackPointExtension>
<opentracks:accuracy_horizontal>3.968</opentracks:accuracy_horizontal></extensions>
</trkpt>
<trkpt lat="50.452691" lon="-104.434815">
<ele>579.5</ele>
<time>2026-08-25T06:44:56.516-06:00</time>
<extensions>
<gpxtpx:TrackPointExtension>
<gpxtpx:speed>6.07</gpxtpx:speed>
</gpxtpx:TrackPointExtension>
<opentracks:accuracy_horizontal>4.346</opentracks:accuracy_horizontal></extensions>
</trkpt>
<trkpt lat="50.452548" lon="-104.434823">
<ele>579.3</ele>
<time>2026-08-25T06:44:58.519-06:00</time>
<extensions>
<gpxtpx:TrackPointExtension>
<gpxtpx:speed>6.59</gpxtpx:speed>
</gpxtpx:TrackPointExtension>
<opentracks:accuracy_horizontal>4.379</opentracks:accuracy_horizontal></extensions>
</trkpt>
<trkpt lat="50.452416" lon="-104.434845">
<ele>580</ele>
<time>2026-08-25T06:45:00.507-06:00</time>
<extensions>
<gpxtpx:TrackPointExtension>
<gpxtpx:speed>6.5</gpxtpx:speed>
</gpxtpx:TrackPointExtension>
<opentracks:accuracy_horizontal>4.03</opentracks:accuracy_horizontal></extensions>
</trkpt>
<trkpt lat="50.452292" lon="-104.434861">
<ele>581.2</ele>
<time>2026-08-25T06:45:02.512-06:00</time>
<extensions>
<gpxtpx:TrackPointExtension>
<gpxtpx:speed>7.03</gpxtpx:speed>
</gpxtpx:TrackPointExtension>
<opentracks:accuracy_horizontal>4.034</opentracks:accuracy_horizontal></extensions>
</trkpt>
<trkpt lat="50.452163" lon="-104.43487">
<ele>581</ele>
<time>2026-08-25T06:45:04.517-06:00</time>
<extensions>
<gpxtpx:TrackPointExtension>
<gpxtpx:speed>7.27</gpxtpx:speed>
</gpxtpx:TrackPointExtension>
<opentracks:accuracy_horizontal>3.949</opentracks:accuracy_horizontal></extensions>
</trkpt>
<trkpt lat="50.452036" lon="-104.43488">
<ele>581.2</ele>
<time>2026-08-25T06:45:06.504-06:00</time>
<extensions>
<gpxtpx:TrackPointExtension>
<gpxtpx:speed>6.59</gpxtpx:speed>
</gpxtpx:TrackPointExtension>
<opentracks:accuracy_horizontal>3.827</opentracks:accuracy_horizontal></extensions>
</trkpt>
<trkpt lat="50.451913" lon="-104.434888">
<ele>581.7</ele>
<time>2026-08-25T06:45:08.523-06:00</time>
<extensions>
<gpxtpx:TrackPointExtension>
<gpxtpx:speed>7.17</gpxtpx:speed>
</gpxtpx:TrackPointExtension>
<opentracks:accuracy_horizontal>3.86</opentracks:accuracy_horizontal></extensions>
</trkpt>
<trkpt lat="50.451779" lon="-104.434895">
<ele>581.4</ele>
<time>2026-08-25T06:45:10.513-06:00</time>
<extensions>
<gpxtpx:TrackPointExtension>
<gpxtpx:speed>6.95</gpxtpx:speed>
</gpxtpx:TrackPointExtension>
<opentracks:accuracy_horizontal>3.785</opentracks:accuracy_horizontal></extensions>
</trkpt>
<trkpt lat="50.451656" lon="-104.434915">
<ele>581.7</ele>
<time>2026-08-25T06:45:12.506-06:00</time>
<extensions>
<gpxtpx:TrackPointExtension>
<gpxtpx:speed>6.55</gpxtpx:speed>
</gpxtpx:TrackPointExtension>
<opentracks:accuracy_horizontal>4.026</opentracks:accuracy_horizontal></extensions>
</trkpt>
<trkpt lat="50.451537" lon="-104.434923">
<ele>581.8</ele>
<time>2026-08-25T06:45:14.51-06:00</time>
<extensions>
<gpxtpx:TrackPointExtension>
<gpxtpx:speed>6.63</gpxtpx:speed>
</gpxtpx:TrackPointExtension>
<opentracks:accuracy_horizontal>3.964</opentracks:accuracy_horizontal></extensions>
</trkpt>
<trkpt lat="50.451426" lon="-104.434931">
<ele>581.6</ele>
<time>2026-08-25T06:45:16.523-06:00</time>
<extensions>
<gpxtpx:TrackPointExtension>
<gpxtpx:speed>6.25</gpxtpx:speed>
</gpxtpx:TrackPointExtension>
<opentracks:accuracy_horizontal>3.968</opentracks:accuracy_horizontal></extensions>
</trkpt>
<trkpt lat="50.451312" lon="-104.434939">
<ele>581.5</ele>
<time>2026-08-25T06:45:18.51-06:00</time>
<extensions>
<gpxtpx:TrackPointExtension>
<gpxtpx:speed>6.41</gpxtpx:speed>
</gpxtpx:TrackPointExtension>
<opentracks:accuracy_horizontal>4.048</opentracks:accuracy_horizontal></extensions>
</trkpt>
<trkpt lat="50.451192" lon="-104.434945">
<ele>582</ele>
<time>2026-08-25T06:45:20.506-06:00</time>
<extensions>
<gpxtpx:TrackPointExtension>
<gpxtpx:speed>6.38</gpxtpx:speed>
</gpxtpx:TrackPointExtension>
<opentracks:accuracy_horizontal>4.041</opentracks:accuracy_horizontal></extensions>
</trkpt>
<trkpt lat="50.451075" lon="-104.43495">
<ele>582.1</ele>
<time>2026-08-25T06:45:22.528-06:00</time>
<extensions>
<gpxtpx:TrackPointExtension>
<gpxtpx:speed>6.35</gpxtpx:speed>
</gpxtpx:TrackPointExtension>
<opentracks:accuracy_horizontal>3.859</opentracks:accuracy_horizontal></extensions>
</trkpt>
<trkpt lat="50.450966" lon="-104.434968">
<ele>582.3</ele>
<time>2026-08-25T06:45:24.511-06:00</time>
<extensions>
<gpxtpx:TrackPointExtension>
<gpxtpx:speed>6.11</gpxtpx:speed>
</gpxtpx:TrackPointExtension>
<opentracks:accuracy_horizontal>3.804</opentracks:accuracy_horizontal></extensions>
</trkpt>
<trkpt lat="50.450859" lon="-104.434982">
<ele>582.3</ele>
<time>2026-08-25T06:45:26.511-06:00</time>
<extensions>
<gpxtpx:TrackPointExtension>
<gpxtpx:speed>5.93</gpxtpx:speed>
</gpxtpx:TrackPointExtension>
<opentracks:accuracy_horizontal>3.869</opentracks:accuracy_horizontal></extensions>
</trkpt>
<trkpt lat="50.45075" lon="-104.434986">
<ele>582.3</ele>
<time>2026-08-25T06:45:28.518-06:00</time>
<extensions>
<gpxtpx:TrackPointExtension>
<gpxtpx:speed>6.13</gpxtpx:speed>
</gpxtpx:TrackPointExtension>
<opentracks:accuracy_horizontal>3.882</opentracks:accuracy_horizontal></extensions>
</trkpt>
<trkpt lat="50.450635" lon="-104.434983">
<ele>582.6</ele>
<time>2026-08-25T06:45:30.517-06:00</time>
<extensions>
<gpxtpx:TrackPointExtension>
<gpxtpx:speed>6.45</gpxtpx:speed>
</gpxtpx:TrackPointExtension>
<opentracks:accuracy_horizontal>3.939</opentracks:accuracy_horizontal></extensions>
</trkpt>
<trkpt lat="50.45052" lon="-104.434985">
<ele>582.5</ele>
<time>2026-08-25T06:45:32.533-06:00</time>
<extensions>
<gpxtpx:TrackPointExtension>
<gpxtpx:speed>6.64</gpxtpx:speed>
</gpxtpx:TrackPointExtension>
<opentracks:accuracy_horizontal>3.849</opentracks:accuracy_horizontal></extensions>
</trkpt>
<trkpt lat="50.450403" lon="-104.434999">
<ele>582.1</ele>
<time>2026-08-25T06:45:34.522-06:00</time>
<extensions>
<gpxtpx:TrackPointExtension>
<gpxtpx:speed>6.29</gpxtpx:speed>
</gpxtpx:TrackPointExtension>
<opentracks:accuracy_horizontal>3.767</opentracks:accuracy_horizontal></extensions>
</trkpt>
<trkpt lat="50.450284" lon="-104.435005">
<ele>582.2</ele>
<time>2026-08-25T06:45:36.509-06:00</time>
<extensions>
<gpxtpx:TrackPointExtension>
<gpxtpx:speed>6.63</gpxtpx:speed>
</gpxtpx:TrackPointExtension>
<opentracks:accuracy_horizontal>4.03</opentracks:accuracy_horizontal></extensions>
</trkpt>
<trkpt lat="50.450159" lon="-104.434997">
<ele>582.7</ele>
<time>2026-08-25T06:45:38.51-06:00</time>
<extensions>
<gpxtpx:TrackPointExtension>
<gpxtpx:speed>6.9</gpxtpx:speed>
</gpxtpx:TrackPointExtension>
<opentracks:accuracy_horizontal>4.006</opentracks:accuracy_horizontal></extensions>
</trkpt>
<trkpt lat="50.450033" lon="-104.434993">
<ele>582.8</ele>
<time>2026-08-25T06:45:40.506-06:00</time>
<extensions>
<gpxtpx:TrackPointExtension>
<gpxtpx:speed>6.69</gpxtpx:speed>
</gpxtpx:TrackPointExtension>
<opentracks:accuracy_horizontal>3.723</opentracks:accuracy_horizontal></extensions>
</trkpt>
<trkpt lat="50.44991" lon="-104.434998">
<ele>583.7</ele>
<time>2026-08-25T06:45:42.502-06:00</time>
<extensions>
<gpxtpx:TrackPointExtension>
<gpxtpx:speed>6.42</gpxtpx:speed>
</gpxtpx:TrackPointExtension>
<opentracks:accuracy_horizontal>3.859</opentracks:accuracy_horizontal></extensions>
</trkpt>
<trkpt lat="50.449796" lon="-104.434991">
<ele>583.3</ele>
<time>2026-08-25T06:45:44.49-06:00</time>
<extensions>
<gpxtpx:TrackPointExtension>
<gpxtpx:speed>6.44</gpxtpx:speed>
</gpxtpx:TrackPointExtension>
<opentracks:accuracy_horizontal>3.773</opentracks:accuracy_horizontal></extensions>
</trkpt>
<trkpt lat="50.449686" lon="-104.434992">
<ele>583</ele>
<time>2026-08-25T06:45:46.513-06:00</time>
<extensions>
<gpxtpx:TrackPointExtension>
<gpxtpx:speed>5.99</gpxtpx:speed>
</gpxtpx:TrackPointExtension>
<opentracks:accuracy_horizontal>3.756</opentracks:accuracy_horizontal></extensions>
</trkpt>
<trkpt lat="50.449583" lon="-104.435006">
<ele>583</ele>
<time>2026-08-25T06:45:48.514-06:00</time>
<extensions>
<gpxtpx:TrackPointExtension>
<gpxtpx:speed>5.54</gpxtpx:speed>
</gpxtpx:TrackPointExtension>
<opentracks:accuracy_horizontal>3.78</opentracks:accuracy_horizontal></extensions>
</trkpt>
<trkpt lat="50.449485" lon="-104.43501">
<ele>583</ele>
<time>2026-08-25T06:45:50.528-06:00</time>
<extensions>
<gpxtpx:TrackPointExtension>
<gpxtpx:speed>5.54</gpxtpx:speed>
</gpxtpx:TrackPointExtension>
<opentracks:accuracy_horizontal>3.796</opentracks:accuracy_horizontal></extensions>
</trkpt>
<trkpt lat="50.449383" lon="-104.435012">
<ele>582.6</ele>
<time>2026-08-25T06:45:52.522-06:00</time>
<extensions>
<gpxtpx:TrackPointExtension>
<gpxtpx:speed>5.24</gpxtpx:speed>
</gpxtpx:TrackPointExtension>
<opentracks:accuracy_horizontal>3.897</opentracks:accuracy_horizontal></extensions>
</trkpt>
<trkpt lat="50.449293" lon="-104.434993">
<ele>582.7</ele>
<time>2026-08-25T06:45:54.51-06:00</time>
<extensions>
<gpxtpx:TrackPointExtension>
<gpxtpx:speed>5.27</gpxtpx:speed>
</gpxtpx:TrackPointExtension>
<opentracks:accuracy_horizontal>3.848</opentracks:accuracy_horizontal></extensions>
</trkpt>
<trkpt lat="50.449194" lon="-104.434971">
<ele>582.3</ele>
<time>2026-08-25T06:45:56.522-06:00</time>
<extensions>
<gpxtpx:TrackPointExtension>
<gpxtpx:speed>4.95</gpxtpx:speed>
</gpxtpx:TrackPointExtension>
<opentracks:accuracy_horizontal>3.914</opentracks:accuracy_horizontal></extensions>
</trkpt>
<trkpt lat="50.449097" lon="-104.434963">
<ele>582.7</ele>
<time>2026-08-25T06:45:59.507-06:00</time>
<extensions>
<gpxtpx:TrackPointExtension>
<gpxtpx:speed>1.73</gpxtpx:speed>
</gpxtpx:TrackPointExtension>
<opentracks:accuracy_horizontal>4.496</opentracks:accuracy_horizontal></extensions>
</trkpt>
<trkpt lat="50.449002" lon="-104.434949">
<ele>584.2</ele>
<time>2026-08-25T06:46:07.512-06:00</time>
<extensions>
<gpxtpx:TrackPointExtension>
<gpxtpx:speed>1.54</gpxtpx:speed>
</gpxtpx:TrackPointExtension>
<opentracks:accuracy_horizontal>4.332</opentracks:accuracy_horizontal></extensions>
</trkpt>
<trkpt lat="50.448888" lon="-104.43493">
<ele>583.6</ele>
<time>2026-08-25T06:46:11.515-06:00</time>
<extensions>
<gpxtpx:TrackPointExtension>
<gpxtpx:speed>3.76</gpxtpx:speed>
</gpxtpx:TrackPointExtension>
<opentracks:accuracy_horizontal>4.351</opentracks:accuracy_horizontal></extensions>
</trkpt>
<trkpt lat="50.448752" lon="-104.434885">
<ele>583.8</ele>
<time>2026-08-25T06:46:14.522-06:00</time>
<extensions>
<gpxtpx:TrackPointExtension>
<gpxtpx:speed>5.56</gpxtpx:speed>
</gpxtpx:TrackPointExtension>
<opentracks:accuracy_horizontal>4.182</opentracks:accuracy_horizontal></extensions>
</trkpt>
<trkpt lat="50.448635" lon="-104.434833">
<ele>584.1</ele>
<time>2026-08-25T06:46:16.529-06:00</time>
<extensions>
<gpxtpx:TrackPointExtension>
<gpxtpx:speed>6.21</gpxtpx:speed>
</gpxtpx:TrackPointExtension>
<opentracks:accuracy_horizontal>4.181</opentracks:accuracy_horizontal></extensions>
</trkpt>
<trkpt lat="50.448515" lon="-104.434782">
<ele>584.6</ele>
<time>2026-08-25T06:46:18.527-06:00</time>
<extensions>
<gpxtpx:TrackPointExtension>
<gpxtpx:speed>6.52</gpxtpx:speed>
</gpxtpx:TrackPointExtension>
<opentracks:accuracy_horizontal>4.221</opentracks:accuracy_horizontal></extensions>
</trkpt>
<trkpt lat="50.448372" lon="-104.434765">
<ele>584.9</ele>
<time>2026-08-25T06:46:20.523-06:00</time>
<extensions>
<gpxtpx:TrackPointExtension>
<gpxtpx:speed>7.91</gpxtpx:speed>
</gpxtpx:TrackPointExtension>
<opentracks:accuracy_horizontal>3.974</opentracks:accuracy_horizontal></extensions>
</trkpt>
<trkpt lat="50.448225" lon="-104.434774">
<ele>586</ele>
<time>2026-08-25T06:46:22.516-06:00</time>
<extensions>
<gpxtpx:TrackPointExtension>
<gpxtpx:speed>7.33</gpxtpx:speed>
</gpxtpx:TrackPointExtension>
<opentracks:accuracy_horizontal>3.976</opentracks:accuracy_horizontal></extensions>
</trkpt>
<trkpt lat="50.448087" lon="-104.434777">
<ele>586.6</ele>
<time>2026-08-25T06:46:24.523-06:00</time>
<extensions>
<gpxtpx:TrackPointExtension>
<gpxtpx:speed>7.25</gpxtpx:speed>
</gpxtpx:TrackPointExtension>
<opentracks:accuracy_horizontal>3.751</opentracks:accuracy_horizontal></extensions>
</trkpt>
<trkpt lat="50.447957" lon="-104.434782">
<ele>587.5</ele>
<time>2026-08-25T06:46:26.52-06:00</time>
<extensions>
<gpxtpx:TrackPointExtension>
<gpxtpx:speed>6.92</gpxtpx:speed>
</gpxtpx:TrackPointExtension>
<opentracks:accuracy_horizontal>3.928</opentracks:accuracy_horizontal></extensions>
</trkpt>
<trkpt lat="50.44784" lon="-104.434775">
<ele>587.4</ele>
<time>2026-08-25T06:46:28.518-06:00</time>
<extensions>
<gpxtpx:TrackPointExtension>
<gpxtpx:speed>6.64</gpxtpx:speed>
</gpxtpx:TrackPointExtension>
<opentracks:accuracy_horizontal>3.849</opentracks:accuracy_horizontal></extensions>
</trkpt>
<trkpt lat="50.447725" lon="-104.434776">
<ele>586.7</ele>
<time>2026-08-25T06:46:30.514-06:00</time>
<extensions>
<gpxtpx:TrackPointExtension>
<gpxtpx:speed>6.36</gpxtpx:speed>
</gpxtpx:TrackPointExtension>
<opentracks:accuracy_horizontal>3.811</opentracks:accuracy_horizontal></extensions>
</trkpt>
<trkpt lat="50.44761" lon="-104.434783">
<ele>587.2</ele>
<time>2026-08-25T06:46:32.516-06:00</time>
<extensions>
<gpxtpx:TrackPointExtension>
<gpxtpx:speed>6.56</gpxtpx:speed>
</gpxtpx:TrackPointExtension>
<opentracks:accuracy_horizontal>3.94</opentracks:accuracy_horizontal></extensions>
</trkpt>
<trkpt lat="50.447486" lon="-104.434778">
<ele>587.6</ele>
<time>2026-08-25T06:46:34.507-06:00</time>
<extensions>
<gpxtpx:TrackPointExtension>
<gpxtpx:speed>6.79</gpxtpx:speed>
</gpxtpx:TrackPointExtension>
<opentracks:accuracy_horizontal>3.933</opentracks:accuracy_horizontal></extensions>
</trkpt>
<trkpt lat="50.447366" lon="-104.43477">
<ele>587.6</ele>
<time>2026-08-25T06:46:36.52-06:00</time>
<extensions>
<gpxtpx:TrackPointExtension>
<gpxtpx:speed>6.57</gpxtpx:speed>
</gpxtpx:TrackPointExtension>
<opentracks:accuracy_horizontal>3.75</opentracks:accuracy_horizontal></extensions>
</trkpt>
<trkpt lat="50.447247" lon="-104.434769">
<ele>587.7</ele>
<time>2026-08-25T06:46:38.513-06:00</time>
<extensions>
<gpxtpx:TrackPointExtension>
<gpxtpx:speed>7.1</gpxtpx:speed>
</gpxtpx:TrackPointExtension>
<opentracks:accuracy_horizontal>3.91</opentracks:accuracy_horizontal></extensions>
</trkpt>
<trkpt lat="50.447114" lon="-104.434754">
<ele>587.6</ele>
<time>2026-08-25T06:46:40.51-06:00</time>
<extensions>
<gpxtpx:TrackPointExtension>
<gpxtpx:speed>7.52</gpxtpx:speed>
</gpxtpx:TrackPointExtension>
<opentracks:accuracy_horizontal>3.874</opentracks:accuracy_horizontal></extensions>
</trkpt>
<trkpt lat="50.446981" lon="-104.434753">
<ele>587.4</ele>
<time>2026-08-25T06:46:42.521-06:00</time>
<extensions>
<gpxtpx:TrackPointExtension>
<gpxtpx:speed>7.58</gpxtpx:speed>
</gpxtpx:TrackPointExtension>
<opentracks:accuracy_horizontal>3.86</opentracks:accuracy_horizontal></extensions>
</trkpt>
<trkpt lat="50.446841" lon="-104.434753">
<ele>587.1</ele>
<time>2026-08-25T06:46:44.517-06:00</time>
<extensions>
<gpxtpx:TrackPointExtension>
<gpxtpx:speed>7.6</gpxtpx:speed>
</gpxtpx:TrackPointExtension>
<opentracks:accuracy_horizontal>3.888</opentracks:accuracy_horizontal></extensions>
</trkpt>
<trkpt lat="50.446703" lon="-104.434793">
<ele>587</ele>
<time>2026-08-25T06:46:46.51-06:00</time>
<extensions>
<gpxtpx:TrackPointExtension>
<gpxtpx:speed>7.78</gpxtpx:speed>
</gpxtpx:TrackPointExtension>
<opentracks:accuracy_horizontal>3.8</opentracks:accuracy_horizontal></extensions>
</trkpt>
<trkpt lat="50.446572" lon="-104.434863">
<ele>586.6</ele>
<time>2026-08-25T06:46:48.518-06:00</time>
<extensions>
<gpxtpx:TrackPointExtension>
<gpxtpx:speed>7.56</gpxtpx:speed>
</gpxtpx:TrackPointExtension>
<opentracks:accuracy_horizontal>3.73</opentracks:accuracy_horizontal></extensions>
</trkpt>
<trkpt lat="50.44645" lon="-104.434939">
<ele>586</ele>
<time>2026-08-25T06:46:50.515-06:00</time>
<extensions>
<gpxtpx:TrackPointExtension>
<gpxtpx:speed>7.22</gpxtpx:speed>
</gpxtpx:TrackPointExtension>
<opentracks:accuracy_horizontal>3.743</opentracks:accuracy_horizontal></extensions>
</trkpt>
<trkpt lat="50.446314" lon="-104.434934">
<ele>585.7</ele>
<time>2026-08-25T06:46:52.49-06:00</time>
<extensions>
<gpxtpx:TrackPointExtension>
<gpxtpx:speed>7.74</gpxtpx:speed>
</gpxtpx:TrackPointExtension>
<opentracks:accuracy_horizontal>4.003</opentracks:accuracy_horizontal></extensions>
</trkpt>
<trkpt lat="50.446174" lon="-104.434927">
<ele>584.8</ele>
<time>2026-08-25T06:46:54.507-06:00</time>
<extensions>
<gpxtpx:TrackPointExtension>
<gpxtpx:speed>7.52</gpxtpx:speed>
</gpxtpx:TrackPointExtension>
<opentracks:accuracy_horizontal>4.049</opentracks:accuracy_horizontal></extensions>
</trkpt>
<trkpt lat="50.446043" lon="-104.434955">
<ele>584.7</ele>
<time>2026-08-25T06:46:56.506-06:00</time>
<extensions>
<gpxtpx:TrackPointExtension>
<gpxtpx:speed>7.19</gpxtpx:speed>
</gpxtpx:TrackPointExtension>
<opentracks:accuracy_horizontal>3.773</opentracks:accuracy_horizontal></extensions>
</trkpt>
<trkpt lat="50.445916" lon="-104.434985">
<ele>584.4</ele>
<time>2026-08-25T06:46:58.526-06:00</time>
<extensions>
<gpxtpx:TrackPointExtension>
<gpxtpx:speed>6.64</gpxtpx:speed>
</gpxtpx:TrackPointExtension>
<opentracks:accuracy_horizontal>3.803</opentracks:accuracy_horizontal></extensions>
</trkpt>
<trkpt lat="50.445796" lon="-104.434971">
<ele>585.3</ele>
<time>2026-08-25T06:47:00.509-06:00</time>
<extensions>
<gpxtpx:TrackPointExtension>
<gpxtpx:speed>6.46</gpxtpx:speed>
</gpxtpx:TrackPointExtension>
<opentracks:accuracy_horizontal>3.811</opentracks:accuracy_horizontal></extensions>
</trkpt>
<trkpt lat="50.445667" lon="-104.434953">
<ele>585.7</ele>
<time>2026-08-25T06:47:02.512-06:00</time>
<extensions>
<gpxtpx:TrackPointExtension>
<gpxtpx:speed>7.45</gpxtpx:speed>
</gpxtpx:TrackPointExtension>
<opentracks:accuracy_horizontal>4.133</opentracks:accuracy_horizontal></extensions>
</trkpt>
<trkpt lat="50.445532" lon="-104.434979">
<ele>585.1</ele>
<time>2026-08-25T06:47:04.521-06:00</time>
<extensions>
<gpxtpx:TrackPointExtension>
<gpxtpx:speed>7.34</gpxtpx:speed>
</gpxtpx:TrackPointExtension>
<opentracks:accuracy_horizontal>4.246</opentracks:accuracy_horizontal></extensions>
</trkpt>
<trkpt lat="50.445406" lon="-104.43499">
<ele>584.8</ele>
<time>2026-08-25T06:47:06.515-06:00</time>
<extensions>
<gpxtpx:TrackPointExtension>
<gpxtpx:speed>7.35</gpxtpx:speed>
</gpxtpx:TrackPointExtension>
<opentracks:accuracy_horizontal>3.992</opentracks:accuracy_horizontal></extensions>
</trkpt>
<trkpt lat="50.445275" lon="-104.434978">
<ele>583.9</ele>
<time>2026-08-25T06:47:08.522-06:00</time>
<extensions>
<gpxtpx:TrackPointExtension>
<gpxtpx:speed>7.4</gpxtpx:speed>
</gpxtpx:TrackPointExtension>
<opentracks:accuracy_horizontal>3.829</opentracks:accuracy_horizontal></extensions>
</trkpt>
<trkpt lat="50.445131" lon="-104.434929">
<ele>583.6</ele>
<time>2026-08-25T06:47:10.519-06:00</time>
<extensions>
<gpxtpx:TrackPointExtension>
<gpxtpx:speed>7.99</gpxtpx:speed>
</gpxtpx:TrackPointExtension>
<opentracks:accuracy_horizontal>3.819</opentracks:accuracy_horizontal></extensions>
</trkpt>
<trkpt lat="50.444978" lon="-104.434928">
<ele>583.5</ele>
<time>2026-08-25T06:47:12.511-06:00</time>
<extensions>
<gpxtpx:TrackPointExtension>
<gpxtpx:speed>8.33</gpxtpx:speed>
</gpxtpx:TrackPointExtension>
<opentracks:accuracy_horizontal>3.83</opentracks:accuracy_horizontal></extensions>
</trkpt>
<trkpt lat="50.444823" lon="-104.434946">
<ele>583.3</ele>
<time>2026-08-25T06:47:14.513-06:00</time>
<extensions>
<gpxtpx:TrackPointExtension>
<gpxtpx:speed>8.16</gpxtpx:speed>
</gpxtpx:TrackPointExtension>
<opentracks:accuracy_horizontal>3.87</opentracks:accuracy_horizontal></extensions>
</trkpt>
<trkpt lat="50.444673" lon="-104.434916">
<ele>582.6</ele>
<time>2026-08-25T06:47:16.523-06:00</time>
<extensions>
<gpxtpx:TrackPointExtension>
<gpxtpx:speed>8.42</gpxtpx:speed>
</gpxtpx:TrackPointExtension>
<opentracks:accuracy_horizontal>3.816</opentracks:accuracy_horizontal></extensions>
</trkpt>
<trkpt lat="50.444516" lon="-104.434893">
<ele>582.4</ele>
<time>2026-08-25T06:47:18.515-06:00</time>
<extensions>
<gpxtpx:TrackPointExtension>
<gpxtpx:speed>8.63</gpxtpx:speed>
</gpxtpx:TrackPointExtension>
<opentracks:accuracy_horizontal>3.805</opentracks:accuracy_horizontal></extensions>
</trkpt>
<trkpt lat="50.44436" lon="-104.434899">
<ele>582</ele>
<time>2026-08-25T06:47:20.511-06:00</time>
<extensions>
<gpxtpx:TrackPointExtension>
<gpxtpx:speed>8.08</gpxtpx:speed>
</gpxtpx:TrackPointExtension>
<opentracks:accuracy_horizontal>3.764</opentracks:accuracy_horizontal></extensions>
</trkpt>
<trkpt lat="50.444224" lon="-104.434861">
<ele>581.4</ele>
<time>2026-08-25T06:47:22.525-06:00</time>
<extensions>
<gpxtpx:TrackPointExtension>
<gpxtpx:speed>7.8</gpxtpx:speed>
</gpxtpx:TrackPointExtension>
<opentracks:accuracy_horizontal>3.781</opentracks:accuracy_horizontal></extensions>
</trkpt>
<trkpt lat="50.444091" lon="-104.434844">
<ele>580.7</ele>
<time>2026-08-25T06:47:24.506-06:00</time>
<extensions>
<gpxtpx:TrackPointExtension>
<gpxtpx:speed>7.2</gpxtpx:speed>
</gpxtpx:TrackPointExtension>
<opentracks:accuracy_horizontal>3.734</opentracks:accuracy_horizontal></extensions>
</trkpt>
<trkpt lat="50.443961" lon="-104.434843">
<ele>580.4</ele>
<time>2026-08-25T06:47:26.52-06:00</time>
<extensions>
<gpxtpx:TrackPointExtension>
<gpxtpx:speed>7.34</gpxtpx:speed>
</gpxtpx:TrackPointExtension>
<opentracks:accuracy_horizontal>3.713</opentracks:accuracy_horizontal></extensions>
</trkpt>
<trkpt lat="50.443829" lon="-104.434821">
<ele>580.1</ele>
<time>2026-08-25T06:47:28.513-06:00</time>
<extensions>
<gpxtpx:TrackPointExtension>
<gpxtpx:speed>6.98</gpxtpx:speed>
</gpxtpx:TrackPointExtension>
<opentracks:accuracy_horizontal>3.757</opentracks:accuracy_horizontal></extensions>
</trkpt>
<trkpt lat="50.443703" lon="-104.434797">
<ele>580.2</ele>
<time>2026-08-25T06:47:30.512-06:00</time>
<extensions>
<gpxtpx:TrackPointExtension>
<gpxtpx:speed>7.11</gpxtpx:speed>
</gpxtpx:TrackPointExtension>
<opentracks:accuracy_horizontal>3.739</opentracks:accuracy_horizontal></extensions>
</trkpt>
<trkpt lat="50.44358" lon="-104.434795">
<ele>580.1</ele>
<time>2026-08-25T06:47:32.51-06:00</time>
<extensions>
<gpxtpx:TrackPointExtension>
<gpxtpx:speed>6.48</gpxtpx:speed>
</gpxtpx:TrackPointExtension>
<opentracks:accuracy_horizontal>3.759</opentracks:accuracy_horizontal></extensions>
</trkpt>
<trkpt lat="50.443458" lon="-104.434792">
<ele>580.5</ele>
<time>2026-08-25T06:47:34.509-06:00</time>
<extensions>
<gpxtpx:TrackPointExtension>
<gpxtpx:speed>6.91</gpxtpx:speed>
</gpxtpx:TrackPointExtension>
<opentracks:accuracy_horizontal>3.877</opentracks:accuracy_horizontal></extensions>
</trkpt>
<trkpt lat="50.443349" lon="-104.434888">
<ele>580.2</ele>
<time>2026-08-25T06:47:36.501-06:00</time>
<extensions>
<gpxtpx:TrackPointExtension>
<gpxtpx:speed>6.75</gpxtpx:speed>
</gpxtpx:TrackPointExtension>
<opentracks:accuracy_horizontal>3.696</opentracks:accuracy_horizontal></extensions>
</trkpt>
<trkpt lat="50.443264" lon="-104.435007">
<ele>580.5</ele>
<time>2026-08-25T06:47:38.518-06:00</time>
<extensions>
<gpxtpx:TrackPointExtension>
<gpxtpx:speed>5.8</gpxtpx:speed>
</gpxtpx:TrackPointExtension>
<opentracks:accuracy_horizontal>3.68</opentracks:accuracy_horizontal></extensions>
</trkpt>
<trkpt lat="50.443174" lon="-104.435092">
<ele>580.6</ele>
<time>2026-08-25T06:47:40.52-06:00</time>
<extensions>
<gpxtpx:TrackPointExtension>
<gpxtpx:speed>6.12</gpxtpx:speed>
</gpxtpx:TrackPointExtension>
<opentracks:accuracy_horizontal>3.679</opentracks:accuracy_horizontal></extensions>
</trkpt>
<trkpt lat="50.443063" lon="-104.435084">
<ele>580.7</ele>
<time>2026-08-25T06:47:42.516-06:00</time>
<extensions>
<gpxtpx:TrackPointExtension>
<gpxtpx:speed>6.48</gpxtpx:speed>
</gpxtpx:TrackPointExtension>
<opentracks:accuracy_horizontal>3.92</opentracks:accuracy_horizontal></extensions>
</trkpt>
<trkpt lat="50.442965" lon="-104.43498">
<ele>580</ele>
<time>2026-08-25T06:47:44.514-06:00</time>
<extensions>
<gpxtpx:TrackPointExtension>
<gpxtpx:speed>6.54</gpxtpx:speed>
</gpxtpx:TrackPointExtension>
<opentracks:accuracy_horizontal>3.967</opentracks:accuracy_horizontal></extensions>
</trkpt>
<trkpt lat="50.442911" lon="-104.434801">
<ele>579.5</ele>
<time>2026-08-25T06:47:46.516-06:00</time>
<extensions>
<gpxtpx:TrackPointExtension>
<gpxtpx:speed>6.71</gpxtpx:speed>
</gpxtpx:TrackPointExtension>
<opentracks:accuracy_horizontal>3.711</opentracks:accuracy_horizontal></extensions>
</trkpt>
<trkpt lat="50.442922" lon="-104.434592">
<ele>579.3</ele>
<time>2026-08-25T06:47:48.523-06:00</time>
<extensions>
<gpxtpx:TrackPointExtension>
<gpxtpx:speed>6.9</gpxtpx:speed>
</gpxtpx:TrackPointExtension>
<opentracks:accuracy_horizontal>3.667</opentracks:accuracy_horizontal></extensions>
</trkpt>
<trkpt lat="50.442988" lon="-104.434407">
<ele>578.8</ele>
<time>2026-08-25T06:47:50.51-06:00</time>
<extensions>
<gpxtpx:TrackPointExtension>
<gpxtpx:speed>7.17</gpxtpx:speed>
</gpxtpx:TrackPointExtension>
<opentracks:accuracy_horizontal>3.722</opentracks:accuracy_horizontal></extensions>
</trkpt>
<trkpt lat="50.443064" lon="-104.434223">
<ele>578.5</ele>
<time>2026-08-25T06:47:52.519-06:00</time>
<extensions>
<gpxtpx:TrackPointExtension>
<gpxtpx:speed>7.34</gpxtpx:speed>
</gpxtpx:TrackPointExtension>
<opentracks:accuracy_horizontal>3.691</opentracks:accuracy_horizontal></extensions>
</trkpt>
<trkpt lat="50.443096" lon="-104.434011">
<ele>579</ele>
<time>2026-08-25T06:47:54.52-06:00</time>
<extensions>
<gpxtpx:TrackPointExtension>
<gpxtpx:speed>7.53</gpxtpx:speed>
</gpxtpx:TrackPointExtension>
<opentracks:accuracy_horizontal>3.619</opentracks:accuracy_horizontal></extensions>
</trkpt>
<trkpt lat="50.443087" lon="-104.433793">
<ele>579.1</ele>
<time>2026-08-25T06:47:56.512-06:00</time>
<extensions>
<gpxtpx:TrackPointExtension>
<gpxtpx:speed>7.68</gpxtpx:speed>
</gpxtpx:TrackPointExtension>
<opentracks:accuracy_horizontal>3.647</opentracks:accuracy_horizontal></extensions>
</trkpt>
<trkpt lat="50.443074" lon="-104.433584">
<ele>579.3</ele>
<time>2026-08-25T06:47:58.503-06:00</time>
<extensions>
<gpxtpx:TrackPointExtension>
<gpxtpx:speed>7.02</gpxtpx:speed>
</gpxtpx:TrackPointExtension>
<opentracks:accuracy_horizontal>3.635</opentracks:accuracy_horizontal></extensions>
</trkpt>
<trkpt lat="50.443069" lon="-104.433379">
<ele>580.2</ele>
<time>2026-08-25T06:48:00.507-06:00</time>
<extensions>
<gpxtpx:TrackPointExtension>
<gpxtpx:speed>7.5</gpxtpx:speed>
</gpxtpx:TrackPointExtension>
<opentracks:accuracy_horizontal>3.606</opentracks:accuracy_horizontal></extensions>
</trkpt>
<trkpt lat="50.443074" lon="-104.433156">
<ele>581.2</ele>
<time>2026-08-25T06:48:02.512-06:00</time>
<extensions>
<gpxtpx:TrackPointExtension>
<gpxtpx:speed>7.74</gpxtpx:speed>
</gpxtpx:TrackPointExtension>
<opentracks:accuracy_horizontal>3.587</opentracks:accuracy_horizontal></extensions>
</trkpt>
<trkpt lat="50.443084" lon="-104.432928">
<ele>581.6</ele>
<time>2026-08-25T06:48:04.523-06:00</time>
<extensions>
<gpxtpx:TrackPointExtension>
<gpxtpx:speed>6.95</gpxtpx:speed>
</gpxtpx:TrackPointExtension>
<opentracks:accuracy_horizontal>3.521</opentracks:accuracy_horizontal></extensions>
</trkpt>
<trkpt lat="50.443097" lon="-104.432735">
<ele>581.9</ele>
<time>2026-08-25T06:48:06.515-06:00</time>
<extensions>
<gpxtpx:TrackPointExtension>
<gpxtpx:speed>7.18</gpxtpx:speed>
</gpxtpx:TrackPointExtension>
<opentracks:accuracy_horizontal>3.531</opentracks:accuracy_horizontal></extensions>
</trkpt>
<trkpt lat="50.443113" lon="-104.432528">
<ele>581.9</ele>
<time>2026-08-25T06:48:08.518-06:00</time>
<extensions>
<gpxtpx:TrackPointExtension>
<gpxtpx:speed>7.35</gpxtpx:speed>
</gpxtpx:TrackPointExtension>
<opentracks:accuracy_horizontal>3.56</opentracks:accuracy_horizontal></extensions>
</trkpt>
<trkpt lat="50.443131" lon="-104.432318">
<ele>581.9</ele>
<time>2026-08-25T06:48:10.508-06:00</time>
<extensions>
<gpxtpx:TrackPointExtension>
<gpxtpx:speed>7.65</gpxtpx:speed>
</gpxtpx:TrackPointExtension>
<opentracks:accuracy_horizontal>3.587</opentracks:accuracy_horizontal></extensions>
</trkpt>
<trkpt lat="50.443152" lon="-104.432106">
<ele>581.6</ele>
<time>2026-08-25T06:48:12.531-06:00</time>
<extensions>
<gpxtpx:TrackPointExtension>
<gpxtpx:speed>7.71</gpxtpx:speed>
</gpxtpx:TrackPointExtension>
<opentracks:accuracy_horizontal>3.595</opentracks:accuracy_horizontal></extensions>
</trkpt>
<trkpt lat="50.443183" lon="-104.431888">
<ele>581.3</ele>
<time>2026-08-25T06:48:14.512-06:00</time>
<extensions>
<gpxtpx:TrackPointExtension>
<gpxtpx:speed>7.8</gpxtpx:speed>
</gpxtpx:TrackPointExtension>
<opentracks:accuracy_horizontal>3.546</opentracks:accuracy_horizontal></extensions>
</trkpt>
<trkpt lat="50.443221" lon="-104.431674">
<ele>581.1</ele>
<time>2026-08-25T06:48:16.523-06:00</time>
<extensions>
<gpxtpx:TrackPointExtension>
<gpxtpx:speed>7.86</gpxtpx:speed>
</gpxtpx:TrackPointExtension>
<opentracks:accuracy_horizontal>3.534</opentracks:accuracy_horizontal></extensions>
</trkpt>
<trkpt lat="50.443266" lon="-104.431461">
<ele>580.7</ele>
<time>2026-08-25T06:48:18.51-06:00</time>
<extensions>
<gpxtpx:TrackPointExtension>
<gpxtpx:speed>8.05</gpxtpx:speed>
</gpxtpx:TrackPointExtension>
<opentracks:accuracy_horizontal>3.547</opentracks:accuracy_horizontal></extensions>
</trkpt>
<trkpt lat="50.443319" lon="-104.431243">
<ele>580.4</ele>
<time>2026-08-25T06:48:20.529-06:00</time>
<extensions>
<gpxtpx:TrackPointExtension>
<gpxtpx:speed>8.13</gpxtpx:speed>
</gpxtpx:TrackPointExtension>
<opentracks:accuracy_horizontal>3.579</opentracks:accuracy_horizontal></extensions>
</trkpt>
<trkpt lat="50.443378" lon="-104.431027">
<ele>580.4</ele>
<time>2026-08-25T06:48:22.514-06:00</time>
<extensions>
<gpxtpx:TrackPointExtension>
<gpxtpx:speed>8.15</gpxtpx:speed>
</gpxtpx:TrackPointExtension>
<opentracks:accuracy_horizontal>3.566</opentracks:accuracy_horizontal></extensions>
</trkpt>
<trkpt lat="50.443443" lon="-104.430823">
<ele>580.3</ele>
<time>2026-08-25T06:48:24.516-06:00</time>
<extensions>
<gpxtpx:TrackPointExtension>
<gpxtpx:speed>8.1</gpxtpx:speed>
</gpxtpx:TrackPointExtension>
<opentracks:accuracy_horizontal>3.591</opentracks:accuracy_horizontal></extensions>
</trkpt>
<trkpt lat="50.44352" lon="-104.430626">
<ele>580</ele>
<time>2026-08-25T06:48:26.526-06:00</time>
<extensions>
<gpxtpx:TrackPointExtension>
<gpxtpx:speed>8.2</gpxtpx:speed>
</gpxtpx:TrackPointExtension>
<opentracks:accuracy_horizontal>3.589</opentracks:accuracy_horizontal></extensions>
</trkpt>
<trkpt lat="50.443597" lon="-104.430433">
<ele>579.7</ele>
<time>2026-08-25T06:48:28.51-06:00</time>
<extensions>
<gpxtpx:TrackPointExtension>
<gpxtpx:speed>7.95</gpxtpx:speed>
</gpxtpx:TrackPointExtension>
<opentracks:accuracy_horizontal>3.565</opentracks:accuracy_horizontal></extensions>
</trkpt>
<trkpt lat="50.443676" lon="-104.430247">
<ele>579.7</ele>
<time>2026-08-25T06:48:30.526-06:00</time>
<extensions>
<gpxtpx:TrackPointExtension>
<gpxtpx:speed>7.87</gpxtpx:speed>
</gpxtpx:TrackPointExtension>
<opentracks:accuracy_horizontal>3.567</opentracks:accuracy_horizontal></extensions>
</trkpt>
<trkpt lat="50.443759" lon="-104.43007">
<ele>579.7</ele>
<time>2026-08-25T06:48:32.52-06:00</time>
<extensions>
<gpxtpx:TrackPointExtension>
<gpxtpx:speed>7.6</gpxtpx:speed>
</gpxtpx:TrackPointExtension>
<opentracks:accuracy_horizontal>3.579</opentracks:accuracy_horizontal></extensions>
</trkpt>
<trkpt lat="50.443848" lon="-104.429908">
<ele>579.6</ele>
<time>2026-08-25T06:48:34.514-06:00</time>
<extensions>
<gpxtpx:TrackPointExtension>
<gpxtpx:speed>7.1</gpxtpx:speed>
</gpxtpx:TrackPointExtension>
<opentracks:accuracy_horizontal>3.591</opentracks:accuracy_horizontal></extensions>
</trkpt>
<trkpt lat="50.44393" lon="-104.429764">
<ele>579.5</ele>
<time>2026-08-25T06:48:36.508-06:00</time>
<extensions>
<gpxtpx:TrackPointExtension>
<gpxtpx:speed>7.05</gpxtpx:speed>
</gpxtpx:TrackPointExtension>
<opentracks:accuracy_horizontal>3.665</opentracks:accuracy_horizontal></extensions>
</trkpt>
<trkpt lat="50.444018" lon="-104.429626">
<ele>579.4</ele>
<time>2026-08-25T06:48:38.51-06:00</time>
<extensions>
<gpxtpx:TrackPointExtension>
<gpxtpx:speed>6.89</gpxtpx:speed>
</gpxtpx:TrackPointExtension>
<opentracks:accuracy_horizontal>3.601</opentracks:accuracy_horizontal></extensions>
</trkpt>
<trkpt lat="50.444104" lon="-104.429488">
<ele>579.2</ele>
<time>2026-08-25T06:48:40.53-06:00</time>
<extensions>
<gpxtpx:TrackPointExtension>
<gpxtpx:speed>6.79</gpxtpx:speed>
</gpxtpx:TrackPointExtension>
<opentracks:accuracy_horizontal>3.784</opentracks:accuracy_horizontal></extensions>
</trkpt>
<trkpt lat="50.444198" lon="-104.429353">
<ele>578.9</ele>
<time>2026-08-25T06:48:42.521-06:00</time>
<extensions>
<gpxtpx:TrackPointExtension>
<gpxtpx:speed>7.3</gpxtpx:speed>
</gpxtpx:TrackPointExtension>
<opentracks:accuracy_horizontal>3.694</opentracks:accuracy_horizontal></extensions>
</trkpt>
<trkpt lat="50.4443" lon="-104.429214">
<ele>579</ele>
<time>2026-08-25T06:48:44.527-06:00</time>
<extensions>
<gpxtpx:TrackPointExtension>
<gpxtpx:speed>7.4</gpxtpx:speed>
</gpxtpx:TrackPointExtension>
<opentracks:accuracy_horizontal>3.687</opentracks:accuracy_horizontal></extensions>
</trkpt>
<trkpt lat="50.444399" lon="-104.429062">
<ele>578.7</ele>
<time>2026-08-25T06:48:46.515-06:00</time>
<extensions>
<gpxtpx:TrackPointExtension>
<gpxtpx:speed>7.51</gpxtpx:speed>
</gpxtpx:TrackPointExtension>
<opentracks:accuracy_horizontal>3.613</opentracks:accuracy_horizontal></extensions>
</trkpt>
<trkpt lat="50.444493" lon="-104.428918">
<ele>578.8</ele>
<time>2026-08-25T06:48:48.519-06:00</time>
<extensions>
<gpxtpx:TrackPointExtension>
<gpxtpx:speed>7.42</gpxtpx:speed>
</gpxtpx:TrackPointExtension>
<opentracks:accuracy_horizontal>3.61</opentracks:accuracy_horizontal></extensions>
</trkpt>
<trkpt lat="50.444595" lon="-104.428782">
<ele>579.1</ele>
<time>2026-08-25T06:48:50.518-06:00</time>
<extensions>
<gpxtpx:TrackPointExtension>
<gpxtpx:speed>7.15</gpxtpx:speed>
</gpxtpx:TrackPointExtension>
<opentracks:accuracy_horizontal>3.587</opentracks:accuracy_horizontal></extensions>
</trkpt>
<trkpt lat="50.444696" lon="-104.428645">
<ele>579.6</ele>
<time>2026-08-25T06:48:52.501-06:00</time>
<extensions>
<gpxtpx:TrackPointExtension>
<gpxtpx:speed>7.49</gpxtpx:speed>
</gpxtpx:TrackPointExtension>
<opentracks:accuracy_horizontal>3.521</opentracks:accuracy_horizontal></extensions>
</trkpt>
<trkpt lat="50.444797" lon="-104.4285">
<ele>579.7</ele>
<time>2026-08-25T06:48:54.519-06:00</time>
<extensions>
<gpxtpx:TrackPointExtension>
<gpxtpx:speed>7.51</gpxtpx:speed>
</gpxtpx:TrackPointExtension>
<opentracks:accuracy_horizontal>3.596</opentracks:accuracy_horizontal></extensions>
</trkpt>
<trkpt lat="50.4449" lon="-104.42836">
<ele>579.6</ele>
<time>2026-08-25T06:48:56.52-06:00</time>
<extensions>
<gpxtpx:TrackPointExtension>
<gpxtpx:speed>7.68</gpxtpx:speed>
</gpxtpx:TrackPointExtension>
<opentracks:accuracy_horizontal>3.551</opentracks:accuracy_horizontal></extensions>
</trkpt>
<trkpt lat="50.445001" lon="-104.42822">
<ele>579.3</ele>
<time>2026-08-25T06:48:58.519-06:00</time>
<extensions>
<gpxtpx:TrackPointExtension>
<gpxtpx:speed>7.26</gpxtpx:speed>
</gpxtpx:TrackPointExtension>
<opentracks:accuracy_horizontal>3.578</opentracks:accuracy_horizontal></extensions>
</trkpt>
<trkpt lat="50.445096" lon="-104.428078">
<ele>580.1</ele>
<time>2026-08-25T06:49:00.524-06:00</time>
<extensions>
<gpxtpx:TrackPointExtension>
<gpxtpx:speed>6.98</gpxtpx:speed>
</gpxtpx:TrackPointExtension>
<opentracks:accuracy_horizontal>3.562</opentracks:accuracy_horizontal></extensions>
</trkpt>
<trkpt lat="50.445199" lon="-104.427937">
<ele>580.5</ele>
<time>2026-08-25T06:49:02.512-06:00</time>
<extensions>
<gpxtpx:TrackPointExtension>
<gpxtpx:speed>7.55</gpxtpx:speed>
</gpxtpx:TrackPointExtension>
<opentracks:accuracy_horizontal>3.562</opentracks:accuracy_horizontal></extensions>
</trkpt>
<trkpt lat="50.445302" lon="-104.427797">
<ele>580.5</ele>
<time>2026-08-25T06:49:04.5-06:00</time>
<extensions>
<gpxtpx:TrackPointExtension>
<gpxtpx:speed>7.39</gpxtpx:speed>
</gpxtpx:TrackPointExtension>
<opentracks:accuracy_horizontal>3.637</opentracks:accuracy_horizontal></extensions>
</trkpt>
<trkpt lat="50.445399" lon="-104.427658">
<ele>580.6</ele>
<time>2026-08-25T06:49:06.498-06:00</time>
<extensions>
<gpxtpx:TrackPointExtension>
<gpxtpx:speed>7.15</gpxtpx:speed>
</gpxtpx:TrackPointExtension>
<opentracks:accuracy_horizontal>3.591</opentracks:accuracy_horizontal></extensions>
</trkpt>
<trkpt lat="50.445494" lon="-104.427521">
<ele>580.6</ele>
<time>2026-08-25T06:49:08.512-06:00</time>
<extensions>
<gpxtpx:TrackPointExtension>
<gpxtpx:speed>7.47</gpxtpx:speed>
</gpxtpx:TrackPointExtension>
<opentracks:accuracy_horizontal>3.611</opentracks:accuracy_horizontal></extensions>
</trkpt>
<trkpt lat="50.44559" lon="-104.427373">
<ele>580.3</ele>
<time>2026-08-25T06:49:10.511-06:00</time>
<extensions>
<gpxtpx:TrackPointExtension>
<gpxtpx:speed>7.19</gpxtpx:speed>
</gpxtpx:TrackPointExtension>
<opentracks:accuracy_horizontal>3.645</opentracks:accuracy_horizontal></extensions>
</trkpt>
<trkpt lat="50.445688" lon="-104.427234">
<ele>580.8</ele>
<time>2026-08-25T06:49:12.515-06:00</time>
<extensions>
<gpxtpx:TrackPointExtension>
<gpxtpx:speed>7.22</gpxtpx:speed>
</gpxtpx:TrackPointExtension>
<opentracks:accuracy_horizontal>3.573</opentracks:accuracy_horizontal></extensions>
</trkpt>
<trkpt lat="50.445783" lon="-104.4271">
<ele>580.8</ele>
<time>2026-08-25T06:49:14.529-06:00</time>
<extensions>
<gpxtpx:TrackPointExtension>
<gpxtpx:speed>6.81</gpxtpx:speed>
</gpxtpx:TrackPointExtension>
<opentracks:accuracy_horizontal>3.581</opentracks:accuracy_horizontal></extensions>
</trkpt>
<trkpt lat="50.445872" lon="-104.426974">
<ele>581.1</ele>
<time>2026-08-25T06:49:16.505-06:00</time>
<extensions>
<gpxtpx:TrackPointExtension>
<gpxtpx:speed>7.11</gpxtpx:speed>
</gpxtpx:TrackPointExtension>
<opentracks:accuracy_horizontal>3.62</opentracks:accuracy_horizontal></extensions>
</trkpt>
<trkpt lat="50.445967" lon="-104.426849">
<ele>580.8</ele>
<time>2026-08-25T06:49:18.512-06:00</time>
<extensions>
<gpxtpx:TrackPointExtension>
<gpxtpx:speed>6.73</gpxtpx:speed>
</gpxtpx:TrackPointExtension>
<opentracks:accuracy_horizontal>3.573</opentracks:accuracy_horizontal></extensions>
</trkpt>
<trkpt lat="50.446048" lon="-104.426722">
<ele>580.4</ele>
<time>2026-08-25T06:49:20.515-06:00</time>
<extensions>
<gpxtpx:TrackPointExtension>
<gpxtpx:speed>6.44</gpxtpx:speed>
</gpxtpx:TrackPointExtension>
<opentracks:accuracy_horizontal>3.648</opentracks:accuracy_horizontal></extensions>
</trkpt>
<trkpt lat="50.446134" lon="-104.4266">
<ele>580.6</ele>
<time>2026-08-25T06:49:22.518-06:00</time>
<extensions>
<gpxtpx:TrackPointExtension>
<gpxtpx:speed>6.69</gpxtpx:speed>
</gpxtpx:TrackPointExtension>
<opentracks:accuracy_horizontal>3.591</opentracks:accuracy_horizontal></extensions>
</trkpt>
<trkpt lat="50.446226" lon="-104.426481">
<ele>580.3</ele>
<time>2026-08-25T06:49:24.521-06:00</time>
<extensions>
<gpxtpx:TrackPointExtension>
<gpxtpx:speed>6.19</gpxtpx:speed>
</gpxtpx:TrackPointExtension>
<opentracks:accuracy_horizontal>3.588</opentracks:accuracy_horizontal></extensions>
</trkpt>
<trkpt lat="50.446305" lon="-104.426359">
<ele>580.5</ele>
<time>2026-08-25T06:49:26.513-06:00</time>
<extensions>
<gpxtpx:TrackPointExtension>
<gpxtpx:speed>6.05</gpxtpx:speed>
</gpxtpx:TrackPointExtension>
<opentracks:accuracy_horizontal>3.581</opentracks:accuracy_horizontal></extensions>
</trkpt>
<trkpt lat="50.446379" lon="-104.426239">
<ele>580.7</ele>
<time>2026-08-25T06:49:28.522-06:00</time>
<extensions>
<gpxtpx:TrackPointExtension>
<gpxtpx:speed>6.11</gpxtpx:speed>
</gpxtpx:TrackPointExtension>
<opentracks:accuracy_horizontal>3.678</opentracks:accuracy_horizontal></extensions>
</trkpt>
<trkpt lat="50.44646" lon="-104.426113">
<ele>581.2</ele>
<time>2026-08-25T06:49:30.527-06:00</time>
<extensions>
<gpxtpx:TrackPointExtension>
<gpxtpx:speed>6.29</gpxtpx:speed>
</gpxtpx:TrackPointExtension>
<opentracks:accuracy_horizontal>3.724</opentracks:accuracy_horizontal></extensions>
</trkpt>
<trkpt lat="50.446534" lon="-104.425974">
<ele>581.5</ele>
<time>2026-08-25T06:49:32.51-06:00</time>
<extensions>
<gpxtpx:TrackPointExtension>
<gpxtpx:speed>6.34</gpxtpx:speed>
</gpxtpx:TrackPointExtension>
<opentracks:accuracy_horizontal>3.763</opentracks:accuracy_horizontal></extensions>
</trkpt>
<trkpt lat="50.446606" lon="-104.425829">
<ele>581.2</ele>
<time>2026-08-25T06:49:34.524-06:00</time>
<extensions>
<gpxtpx:TrackPointExtension>
<gpxtpx:speed>6.35</gpxtpx:speed>
</gpxtpx:TrackPointExtension>
<opentracks:accuracy_horizontal>3.656</opentracks:accuracy_horizontal></extensions>
</trkpt>
<trkpt lat="50.44667" lon="-104.42569">
<ele>581.4</ele>
<time>2026-08-25T06:49:36.521-06:00</time>
<extensions>
<gpxtpx:TrackPointExtension>
<gpxtpx:speed>6.21</gpxtpx:speed>
</gpxtpx:TrackPointExtension>
<opentracks:accuracy_horizontal>3.563</opentracks:accuracy_horizontal></extensions>
</trkpt>
<trkpt lat="50.446734" lon="-104.425548">
<ele>581.5</ele>
<time>2026-08-25T06:49:38.517-06:00</time>
<extensions>
<gpxtpx:TrackPointExtension>
<gpxtpx:speed>6.3</gpxtpx:speed>
</gpxtpx:TrackPointExtension>
<opentracks:accuracy_horizontal>3.617</opentracks:accuracy_horizontal></extensions>
</trkpt>
<trkpt lat="50.446797" lon="-104.425396">
<ele>581.9</ele>
<time>2026-08-25T06:49:40.512-06:00</time>
<extensions>
<gpxtpx:TrackPointExtension>
<gpxtpx:speed>6.56</gpxtpx:speed>
</gpxtpx:TrackPointExtension>
<opentracks:accuracy_horizontal>3.706</opentracks:accuracy_horizontal></extensions>
</trkpt>
<trkpt lat="50.446854" lon="-104.425232">
<ele>582.1</ele>
<time>2026-08-25T06:49:42.527-06:00</time>
<extensions>
<gpxtpx:TrackPointExtension>
<gpxtpx:speed>6.56</gpxtpx:speed>
</gpxtpx:TrackPointExtension>
<opentracks:accuracy_horizontal>3.765</opentracks:accuracy_horizontal></extensions>
</trkpt>
<trkpt lat="50.446904" lon="-104.425068">
<ele>581.7</ele>
<time>2026-08-25T06:49:44.537-06:00</time>
<extensions>
<gpxtpx:TrackPointExtension>
<gpxtpx:speed>6.27</gpxtpx:speed>
</gpxtpx:TrackPointExtension>
<opentracks:accuracy_horizontal>3.63</opentracks:accuracy_horizontal></extensions>
</trkpt>
<trkpt lat="50.446945" lon="-104.424911">
<ele>581.6</ele>
<time>2026-08-25T06:49:46.521-06:00</time>
<extensions>
<gpxtpx:TrackPointExtension>
<gpxtpx:speed>6.02</gpxtpx:speed>
</gpxtpx:TrackPointExtension>
<opentracks:accuracy_horizontal>3.567</opentracks:accuracy_horizontal></extensions>
</trkpt>
<trkpt lat="50.446985" lon="-104.424759">
<ele>581.3</ele>
<time>2026-08-25T06:49:48.507-06:00</time>
<extensions>
<gpxtpx:TrackPointExtension>
<gpxtpx:speed>5.98</gpxtpx:speed>
</gpxtpx:TrackPointExtension>
<opentracks:accuracy_horizontal>3.593</opentracks:accuracy_horizontal></extensions>
</trkpt>
<trkpt lat="50.447019" lon="-104.424598">
<ele>581.1</ele>
<time>2026-08-25T06:49:50.512-06:00</time>
<extensions>
<gpxtpx:TrackPointExtension>
<gpxtpx:speed>6.25</gpxtpx:speed>
</gpxtpx:TrackPointExtension>
<opentracks:accuracy_horizontal>3.56</opentracks:accuracy_horizontal></extensions>
</trkpt>
<trkpt lat="50.447044" lon="-104.424418">
<ele>580.9</ele>
<time>2026-08-25T06:49:52.519-06:00</time>
<extensions>
<gpxtpx:TrackPointExtension>
<gpxtpx:speed>6.39</gpxtpx:speed>
</gpxtpx:TrackPointExtension>
<opentracks:accuracy_horizontal>3.621</opentracks:accuracy_horizontal></extensions>
</trkpt>
<trkpt lat="50.44707" lon="-104.424247">
<ele>581.2</ele>
<time>2026-08-25T06:49:54.507-06:00</time>
<extensions>
<gpxtpx:TrackPointExtension>
<gpxtpx:speed>6.22</gpxtpx:speed>
</gpxtpx:TrackPointExtension>
<opentracks:accuracy_horizontal>3.672</opentracks:accuracy_horizontal></extensions>
</trkpt>
<trkpt lat="50.447093" lon="-104.424075">
<ele>580.9</ele>
<time>2026-08-25T06:49:56.517-06:00</time>
<extensions>
<gpxtpx:TrackPointExtension>
<gpxtpx:speed>6.39</gpxtpx:speed>
</gpxtpx:TrackPointExtension>
<opentracks:accuracy_horizontal>3.63</opentracks:accuracy_horizontal></extensions>
</trkpt>
<trkpt lat="50.447112" lon="-104.423911">
<ele>581.3</ele>
<time>2026-08-25T06:49:58.526-06:00</time>
<extensions>
<gpxtpx:TrackPointExtension>
<gpxtpx:speed>5.71</gpxtpx:speed>
</gpxtpx:TrackPointExtension>
<opentracks:accuracy_horizontal>3.544</opentracks:accuracy_horizontal></extensions>
</trkpt>
<trkpt lat="50.447126" lon="-104.423754">
<ele>582.1</ele>
<time>2026-08-25T06:50:00.519-06:00</time>
<extensions>
<gpxtpx:TrackPointExtension>
<gpxtpx:speed>5.79</gpxtpx:speed>
</gpxtpx:TrackPointExtension>
<opentracks:accuracy_horizontal>3.564</opentracks:accuracy_horizontal></extensions>
</trkpt>
<trkpt lat="50.447138" lon="-104.423593">
<ele>582.1</ele>
<time>2026-08-25T06:50:02.525-06:00</time>
<extensions>
<gpxtpx:TrackPointExtension>
<gpxtpx:speed>5.85</gpxtpx:speed>
</gpxtpx:TrackPointExtension>
<opentracks:accuracy_horizontal>3.521</opentracks:accuracy_horizontal></extensions>
</trkpt>
<trkpt lat="50.447146" lon="-104.423428">
<ele>582.3</ele>
<time>2026-08-25T06:50:04.53-06:00</time>
<extensions>
<gpxtpx:TrackPointExtension>
<gpxtpx:speed>5.72</gpxtpx:speed>
</gpxtpx:TrackPointExtension>
<opentracks:accuracy_horizontal>3.521</opentracks:accuracy_horizontal></extensions>
</trkpt>
<trkpt lat="50.447145" lon="-104.423274">
<ele>582.3</ele>
<time>2026-08-25T06:50:06.523-06:00</time>
<extensions>
<gpxtpx:TrackPointExtension>
<gpxtpx:speed>5.53</gpxtpx:speed>
</gpxtpx:TrackPointExtension>
<opentracks:accuracy_horizontal>3.521</opentracks:accuracy_horizontal></extensions>
</trkpt>
<trkpt lat="50.447141" lon="-104.423119">
<ele>582.4</ele>
<time>2026-08-25T06:50:08.512-06:00</time>
<extensions>
<gpxtpx:TrackPointExtension>
<gpxtpx:speed>5.88</gpxtpx:speed>
</gpxtpx:TrackPointExtension>
<opentracks:accuracy_horizontal>3.521</opentracks:accuracy_horizontal></extensions>
</trkpt>
<trkpt lat="50.447142" lon="-104.422956">
<ele>582.4</ele>
<time>2026-08-25T06:50:10.526-06:00</time>
<extensions>
<gpxtpx:TrackPointExtension>
<gpxtpx:speed>5.76</gpxtpx:speed>
</gpxtpx:TrackPointExtension>
<opentracks:accuracy_horizontal>3.521</opentracks:accuracy_horizontal></extensions>
</trkpt>
<trkpt lat="50.447143" lon="-104.422793">
<ele>582.5</ele>
<time>2026-08-25T06:50:12.52-06:00</time>
<extensions>
<gpxtpx:TrackPointExtension>
<gpxtpx:speed>5.69</gpxtpx:speed>
</gpxtpx:TrackPointExtension>
<opentracks:accuracy_horizontal>3.521</opentracks:accuracy_horizontal></extensions>
</trkpt>
<trkpt lat="50.447143" lon="-104.422627">
<ele>582.5</ele>
<time>2026-08-25T06:50:14.512-06:00</time>
<extensions>
<gpxtpx:TrackPointExtension>
<gpxtpx:speed>5.96</gpxtpx:speed>
</gpxtpx:TrackPointExtension>
<opentracks:accuracy_horizontal>3.521</opentracks:accuracy_horizontal></extensions>
</trkpt>
<trkpt lat="50.447142" lon="-104.422459">
<ele>582.8</ele>
<time>2026-08-25T06:50:16.509-06:00</time>
<extensions>
<gpxtpx:TrackPointExtension>
<gpxtpx:speed>5.93</gpxtpx:speed>
</gpxtpx:TrackPointExtension>
<opentracks:accuracy_horizontal>3.521</opentracks:accuracy_horizontal></extensions>
</trkpt>
<trkpt lat="50.447147" lon="-104.422287">
<ele>582.8</ele>
<time>2026-08-25T06:50:18.502-06:00</time>
<extensions>
<gpxtpx:TrackPointExtension>
<gpxtpx:speed>6.05</gpxtpx:speed>
</gpxtpx:TrackPointExtension>
<opentracks:accuracy_horizontal>3.549</opentracks:accuracy_horizontal></extensions>
</trkpt>
<trkpt lat="50.447151" lon="-104.422111">
<ele>582.6</ele>
<time>2026-08-25T06:50:20.524-06:00</time>
<extensions>
<gpxtpx:TrackPointExtension>
<gpxtpx:speed>6.18</gpxtpx:speed>
</gpxtpx:TrackPointExtension>
<opentracks:accuracy_horizontal>3.687</opentracks:accuracy_horizontal></extensions>
</trkpt>
<trkpt lat="50.447152" lon="-104.421938">
<ele>582.4</ele>
<time>2026-08-25T06:50:22.517-06:00</time>
<extensions>
<gpxtpx:TrackPointExtension>
<gpxtpx:speed>6.63</gpxtpx:speed>
</gpxtpx:TrackPointExtension>
<opentracks:accuracy_horizontal>3.623</opentracks:accuracy_horizontal></extensions>
</trkpt>
<trkpt lat="50.447147" lon="-104.421744">
<ele>582.2</ele>
<time>2026-08-25T06:50:24.517-06:00</time>
<extensions>
<gpxtpx:TrackPointExtension>
<gpxtpx:speed>7.12</gpxtpx:speed>
</gpxtpx:TrackPointExtension>
<opentracks:accuracy_horizontal>3.536</opentracks:accuracy_horizontal></extensions>
</trkpt>
<trkpt lat="50.447145" lon="-104.421548">
<ele>582.5</ele>
<time>2026-08-25T06:50:26.524-06:00</time>
<extensions>
<gpxtpx:TrackPointExtension>
<gpxtpx:speed>6.67</gpxtpx:speed>
</gpxtpx:TrackPointExtension>
<opentracks:accuracy_horizontal>3.521</opentracks:accuracy_horizontal></extensions>
</trkpt>
<trkpt lat="50.447146" lon="-104.421352">
<ele>582.3</ele>
<time>2026-08-25T06:50:28.522-06:00</time>
<extensions>
<gpxtpx:TrackPointExtension>
<gpxtpx:speed>7.4</gpxtpx:speed>
</gpxtpx:TrackPointExtension>
<opentracks:accuracy_horizontal>3.521</opentracks:accuracy_horizontal></extensions>
</trkpt>
<trkpt lat="50.447146" lon="-104.421139">
<ele>582.4</ele>
<time>2026-08-25T06:50:30.514-06:00</time>
<extensions>
<gpxtpx:TrackPointExtension>
<gpxtpx:speed>7.13</gpxtpx:speed>
</gpxtpx:TrackPointExtension>
<opentracks:accuracy_horizontal>3.521</opentracks:accuracy_horizontal></extensions>
</trkpt>
<trkpt lat="50.447145" lon="-104.420936">
<ele>582.1</ele>
<time>2026-08-25T06:50:32.509-06:00</time>
<extensions>
<gpxtpx:TrackPointExtension>
<gpxtpx:speed>7.46</gpxtpx:speed>
</gpxtpx:TrackPointExtension>
<opentracks:accuracy_horizontal>3.521</opentracks:accuracy_horizontal></extensions>
</trkpt>
<trkpt lat="50.447143" lon="-104.420725">
<ele>582.1</ele>
<time>2026-08-25T06:50:34.528-06:00</time>
<extensions>
<gpxtpx:TrackPointExtension>
<gpxtpx:speed>7.3</gpxtpx:speed>
</gpxtpx:TrackPointExtension>
<opentracks:accuracy_horizontal>3.521</opentracks:accuracy_horizontal></extensions>
</trkpt>
<trkpt lat="50.447141" lon="-104.420519">
<ele>581.7</ele>
<time>2026-08-25T06:50:36.532-06:00</time>
<extensions>
<gpxtpx:TrackPointExtension>
<gpxtpx:speed>7.45</gpxtpx:speed>
</gpxtpx:TrackPointExtension>
<opentracks:accuracy_horizontal>3.521</opentracks:accuracy_horizontal></extensions>
</trkpt>
<trkpt lat="50.447142" lon="-104.420309">
<ele>581.4</ele>
<time>2026-08-25T06:50:38.525-06:00</time>
<extensions>
<gpxtpx:TrackPointExtension>
<gpxtpx:speed>7.48</gpxtpx:speed>
</gpxtpx:TrackPointExtension>
<opentracks:accuracy_horizontal>3.521</opentracks:accuracy_horizontal></extensions>
</trkpt>
<trkpt lat="50.447147" lon="-104.420092">
<ele>581.4</ele>
<time>2026-08-25T06:50:40.503-06:00</time>
<extensions>
<gpxtpx:TrackPointExtension>
<gpxtpx:speed>7.54</gpxtpx:speed>
</gpxtpx:TrackPointExtension>
<opentracks:accuracy_horizontal>3.521</opentracks:accuracy_horizontal></extensions>
</trkpt>
<trkpt lat="50.447145" lon="-104.419866">
<ele>581.5</ele>
<time>2026-08-25T06:50:42.512-06:00</time>
<extensions>
<gpxtpx:TrackPointExtension>
<gpxtpx:speed>7.71</gpxtpx:speed>
</gpxtpx:TrackPointExtension>
<opentracks:accuracy_horizontal>3.521</opentracks:accuracy_horizontal></extensions>
</trkpt>
<trkpt lat="50.447144" lon="-104.419649">
<ele>581.5</ele>
<time>2026-08-25T06:50:44.531-06:00</time>
<extensions>
<gpxtpx:TrackPointExtension>
<gpxtpx:speed>7.62</gpxtpx:speed>
</gpxtpx:TrackPointExtension>
<opentracks:accuracy_horizontal>3.521</opentracks:accuracy_horizontal></extensions>
</trkpt>
<trkpt lat="50.447141" lon="-104.419432">
<ele>581.5</ele>
<time>2026-08-25T06:50:46.513-06:00</time>
<extensions>
<gpxtpx:TrackPointExtension>
<gpxtpx:speed>7.58</gpxtpx:speed>
</gpxtpx:TrackPointExtension>
<opentracks:accuracy_horizontal>3.521</opentracks:accuracy_horizontal></extensions>
</trkpt>
<trkpt lat="50.44714" lon="-104.419217">
<ele>581.4</ele>
<time>2026-08-25T06:50:48.51-06:00</time>
<extensions>
<gpxtpx:TrackPointExtension>
<gpxtpx:speed>7.75</gpxtpx:speed>
</gpxtpx:TrackPointExtension>
<opentracks:accuracy_horizontal>3.521</opentracks:accuracy_horizontal></extensions>
</trkpt>
<trkpt lat="50.447137" lon="-104.418995">
<ele>581.6</ele>
<time>2026-08-25T06:50:50.529-06:00</time>
<extensions>
<gpxtpx:TrackPointExtension>
<gpxtpx:speed>8.03</gpxtpx:speed>
</gpxtpx:TrackPointExtension>
<opentracks:accuracy_horizontal>3.521</opentracks:accuracy_horizontal></extensions>
</trkpt>
<trkpt lat="50.447124" lon="-104.418766">
<ele>581.4</ele>
<time>2026-08-25T06:50:52.531-06:00</time>
<extensions>
<gpxtpx:TrackPointExtension>
<gpxtpx:speed>8.25</gpxtpx:speed>
</gpxtpx:TrackPointExtension>
<opentracks:accuracy_horizontal>3.521</opentracks:accuracy_horizontal></extensions>
</trkpt>
<trkpt lat="50.447103" lon="-104.41853">
<ele>581.4</ele>
<time>2026-08-25T06:50:54.512-06:00</time>
<extensions>
<gpxtpx:TrackPointExtension>
<gpxtpx:speed>8.48</gpxtpx:speed>
</gpxtpx:TrackPointExtension>
<opentracks:accuracy_horizontal>3.521</opentracks:accuracy_horizontal></extensions>
</trkpt>
<trkpt lat="50.447072" lon="-104.418284">
<ele>581.3</ele>
<time>2026-08-25T06:50:56.522-06:00</time>
<extensions>
<gpxtpx:TrackPointExtension>
<gpxtpx:speed>9.15</gpxtpx:speed>
</gpxtpx:TrackPointExtension>
<opentracks:accuracy_horizontal>3.521</opentracks:accuracy_horizontal></extensions>
</trkpt>
<trkpt lat="50.447025" lon="-104.41802">
<ele>581.5</ele>
<time>2026-08-25T06:50:58.512-06:00</time>
<extensions>
<gpxtpx:TrackPointExtension>
<gpxtpx:speed>8.9</gpxtpx:speed>
</gpxtpx:TrackPointExtension>
<opentracks:accuracy_horizontal>3.521</opentracks:accuracy_horizontal></extensions>
</trkpt>
<trkpt lat="50.446969" lon="-104.417785">
<ele>582.2</ele>
<time>2026-08-25T06:51:00.521-06:00</time>
<extensions>
<gpxtpx:TrackPointExtension>
<gpxtpx:speed>9.24</gpxtpx:speed>
</gpxtpx:TrackPointExtension>
<opentracks:accuracy_horizontal>3.848</opentracks:accuracy_horizontal></extensions>
</trkpt>
<trkpt lat="50.446935" lon="-104.417651">
<ele>582.2</ele>
<time>2026-08-25T06:51:01.511-06:00</time>
<extensions>
<gpxtpx:TrackPointExtension>
<gpxtpx:speed>9.86</gpxtpx:speed>
</gpxtpx:TrackPointExtension>
<opentracks:accuracy_horizontal>3.521</opentracks:accuracy_horizontal></extensions>
</trkpt>
<trkpt lat="50.446899" lon="-104.41751">
<ele>582.4</ele>
<time>2026-08-25T06:51:02.498-06:00</time>
<extensions>
<gpxtpx:TrackPointExtension>
<gpxtpx:speed>10.12</gpxtpx:speed>
</gpxtpx:TrackPointExtension>
<opentracks:accuracy_horizontal>3.521</opentracks:accuracy_horizontal></extensions>
</trkpt>
<trkpt lat="50.446865" lon="-104.417371">
<ele>582.5</ele>
<time>2026-08-25T06:51:03.52-06:00</time>
<extensions>
<gpxtpx:TrackPointExtension>
<gpxtpx:speed>9.93</gpxtpx:speed>
</gpxtpx:TrackPointExtension>
<opentracks:accuracy_horizontal>3.521</opentracks:accuracy_horizontal></extensions>
</trkpt>
<trkpt lat="50.446833" lon="-104.417237">
<ele>582.6</ele>
<time>2026-08-25T06:51:04.51-06:00</time>
<extensions>
<gpxtpx:TrackPointExtension>
<gpxtpx:speed>9.84</gpxtpx:speed>
</gpxtpx:TrackPointExtension>
<opentracks:accuracy_horizontal>3.521</opentracks:accuracy_horizontal></extensions>
</trkpt>
<trkpt lat="50.446801" lon="-104.417105">
<ele>582.7</ele>
<time>2026-08-25T06:51:05.527-06:00</time>
<extensions>
<gpxtpx:TrackPointExtension>
<gpxtpx:speed>9.8</gpxtpx:speed>
</gpxtpx:TrackPointExtension>
<opentracks:accuracy_horizontal>3.521</opentracks:accuracy_horizontal></extensions>
</trkpt>
<trkpt lat="50.446739" lon="-104.416846">
<ele>582.8</ele>
<time>2026-08-25T06:51:07.511-06:00</time>
<extensions>
<gpxtpx:TrackPointExtension>
<gpxtpx:speed>9.9</gpxtpx:speed>
</gpxtpx:TrackPointExtension>
<opentracks:accuracy_horizontal>3.521</opentracks:accuracy_horizontal></extensions>
</trkpt>
<trkpt lat="50.446707" lon="-104.416714">
<ele>583.2</ele>
<time>2026-08-25T06:51:08.515-06:00</time>
<extensions>
<gpxtpx:TrackPointExtension>
<gpxtpx:speed>9.86</gpxtpx:speed>
</gpxtpx:TrackPointExtension>
<opentracks:accuracy_horizontal>3.521</opentracks:accuracy_horizontal></extensions>
</trkpt>
<trkpt lat="50.446641" lon="-104.416459">
<ele>584</ele>
<time>2026-08-25T06:51:10.517-06:00</time>
<extensions>
<gpxtpx:TrackPointExtension>
<gpxtpx:speed>9.76</gpxtpx:speed>
</gpxtpx:TrackPointExtension>
<opentracks:accuracy_horizontal>3.521</opentracks:accuracy_horizontal></extensions>
</trkpt>
<trkpt lat="50.446586" lon="-104.416211">
<ele>584.6</ele>
<time>2026-08-25T06:51:12.514-06:00</time>
<extensions>
<gpxtpx:TrackPointExtension>
<gpxtpx:speed>9.17</gpxtpx:speed>
</gpxtpx:TrackPointExtension>
<opentracks:accuracy_horizontal>3.521</opentracks:accuracy_horizontal></extensions>
</trkpt>
<trkpt lat="50.446532" lon="-104.415981">
<ele>585.1</ele>
<time>2026-08-25T06:51:14.512-06:00</time>
<extensions>
<gpxtpx:TrackPointExtension>
<gpxtpx:speed>8.7</gpxtpx:speed>
</gpxtpx:TrackPointExtension>
<opentracks:accuracy_horizontal>3.521</opentracks:accuracy_horizontal></extensions>
</trkpt>
<trkpt lat="50.44648" lon="-104.415756">
<ele>585.2</ele>
<time>2026-08-25T06:51:16.523-06:00</time>
<extensions>
<gpxtpx:TrackPointExtension>
<gpxtpx:speed>8.42</gpxtpx:speed>
</gpxtpx:TrackPointExtension>
<opentracks:accuracy_horizontal>3.521</opentracks:accuracy_horizontal></extensions>
</trkpt>
<trkpt lat="50.446431" lon="-104.415543">
<ele>585.6</ele>
<time>2026-08-25T06:51:18.531-06:00</time>
<extensions>
<gpxtpx:TrackPointExtension>
<gpxtpx:speed>7.96</gpxtpx:speed>
</gpxtpx:TrackPointExtension>
<opentracks:accuracy_horizontal>3.521</opentracks:accuracy_horizontal></extensions>
</trkpt>
<trkpt lat="50.446379" lon="-104.415345">
<ele>586.1</ele>
<time>2026-08-25T06:51:20.524-06:00</time>
<extensions>
<gpxtpx:TrackPointExtension>
<gpxtpx:speed>7.43</gpxtpx:speed>
</gpxtpx:TrackPointExtension>
<opentracks:accuracy_horizontal>3.521</opentracks:accuracy_horizontal></extensions>
</trkpt>
<trkpt lat="50.446334" lon="-104.415152">
<ele>586.1</ele>
<time>2026-08-25T06:51:22.522-06:00</time>
<extensions>
<gpxtpx:TrackPointExtension>
<gpxtpx:speed>7.54</gpxtpx:speed>
</gpxtpx:TrackPointExtension>
<opentracks:accuracy_horizontal>3.521</opentracks:accuracy_horizontal></extensions>
</trkpt>
<trkpt lat="50.446292" lon="-104.414959">
<ele>586.4</ele>
<time>2026-08-25T06:51:24.512-06:00</time>
<extensions>
<gpxtpx:TrackPointExtension>
<gpxtpx:speed>7</gpxtpx:speed>
</gpxtpx:TrackPointExtension>
<opentracks:accuracy_horizontal>3.521</opentracks:accuracy_horizontal></extensions>
</trkpt>
<trkpt lat="50.446249" lon="-104.414773">
<ele>586.7</ele>
<time>2026-08-25T06:51:26.504-06:00</time>
<extensions>
<gpxtpx:TrackPointExtension>
<gpxtpx:speed>7.05</gpxtpx:speed>
</gpxtpx:TrackPointExtension>
<opentracks:accuracy_horizontal>3.521</opentracks:accuracy_horizontal></extensions>
</trkpt>
<trkpt lat="50.446203" lon="-104.414591">
<ele>586.5</ele>
<time>2026-08-25T06:51:28.519-06:00</time>
<extensions>
<gpxtpx:TrackPointExtension>
<gpxtpx:speed>6.73</gpxtpx:speed>
</gpxtpx:TrackPointExtension>
<opentracks:accuracy_horizontal>3.521</opentracks:accuracy_horizontal></extensions>
</trkpt>
<trkpt lat="50.446162" lon="-104.414404">
<ele>586.7</ele>
<time>2026-08-25T06:51:30.519-06:00</time>
<extensions>
<gpxtpx:TrackPointExtension>
<gpxtpx:speed>7.18</gpxtpx:speed>
</gpxtpx:TrackPointExtension>
<opentracks:accuracy_horizontal>3.521</opentracks:accuracy_horizontal></extensions>
</trkpt>
<trkpt lat="50.446117" lon="-104.414213">
<ele>586.8</ele>
<time>2026-08-25T06:51:32.51-06:00</time>
<extensions>
<gpxtpx:TrackPointExtension>
<gpxtpx:speed>6.67</gpxtpx:speed>
</gpxtpx:TrackPointExtension>
<opentracks:accuracy_horizontal>3.521</opentracks:accuracy_horizontal></extensions>
</trkpt>
<trkpt lat="50.446074" lon="-104.414036">
<ele>586.8</ele>
<time>2026-08-25T06:51:34.515-06:00</time>
<extensions>
<gpxtpx:TrackPointExtension>
<gpxtpx:speed>7.14</gpxtpx:speed>
</gpxtpx:TrackPointExtension>
<opentracks:accuracy_horizontal>3.521</opentracks:accuracy_horizontal></extensions>
</trkpt>
<trkpt lat="50.446029" lon="-104.413845">
<ele>586.4</ele>
<time>2026-08-25T06:51:36.516-06:00</time>
<extensions>
<gpxtpx:TrackPointExtension>
<gpxtpx:speed>6.86</gpxtpx:speed>
</gpxtpx:TrackPointExtension>
<opentracks:accuracy_horizontal>3.521</opentracks:accuracy_horizontal></extensions>
</trkpt>
<trkpt lat="50.445986" lon="-104.413667">
<ele>586.3</ele>
<time>2026-08-25T06:51:38.517-06:00</time>
<extensions>
<gpxtpx:TrackPointExtension>
<gpxtpx:speed>7</gpxtpx:speed>
</gpxtpx:TrackPointExtension>
<opentracks:accuracy_horizontal>3.521</opentracks:accuracy_horizontal></extensions>
</trkpt>
<trkpt lat="50.445944" lon="-104.413469">
<ele>586.3</ele>
<time>2026-08-25T06:51:40.517-06:00</time>
<extensions>
<gpxtpx:TrackPointExtension>
<gpxtpx:speed>7.17</gpxtpx:speed>
</gpxtpx:TrackPointExtension>
<opentracks:accuracy_horizontal>3.521</opentracks:accuracy_horizontal></extensions>
</trkpt>
<trkpt lat="50.445895" lon="-104.413287">
<ele>586.4</ele>
<time>2026-08-25T06:51:42.513-06:00</time>
<extensions>
<gpxtpx:TrackPointExtension>
<gpxtpx:speed>7.03</gpxtpx:speed>
</gpxtpx:TrackPointExtension>
<opentracks:accuracy_horizontal>3.553</opentracks:accuracy_horizontal></extensions>
</trkpt>
<trkpt lat="50.445851" lon="-104.413109">
<ele>586.4</ele>
<time>2026-08-25T06:51:44.515-06:00</time>
<extensions>
<gpxtpx:TrackPointExtension>
<gpxtpx:speed>6.11</gpxtpx:speed>
</gpxtpx:TrackPointExtension>
<opentracks:accuracy_horizontal>3.521</opentracks:accuracy_horizontal></extensions>
</trkpt>
<trkpt lat="50.445815" lon="-104.412964">
<ele>586.2</ele>
<time>2026-08-25T06:51:46.528-06:00</time>
<extensions>
<gpxtpx:TrackPointExtension>
<gpxtpx:speed>5.41</gpxtpx:speed>
</gpxtpx:TrackPointExtension>
<opentracks:accuracy_horizontal>3.521</opentracks:accuracy_horizontal></extensions>
</trkpt>
<trkpt lat="50.445778" lon="-104.412825">
<ele>586.2</ele>
<time>2026-08-25T06:51:48.526-06:00</time>
<extensions>
<gpxtpx:TrackPointExtension>
<gpxtpx:speed>5.48</gpxtpx:speed>
</gpxtpx:TrackPointExtension>
<opentracks:accuracy_horizontal>3.521</opentracks:accuracy_horizontal></extensions>
</trkpt>
<trkpt lat="50.445744" lon="-104.412683">
<ele>585.8</ele>
<time>2026-08-25T06:51:50.515-06:00</time>
<extensions>
<gpxtpx:TrackPointExtension>
<gpxtpx:speed>5.27</gpxtpx:speed>
</gpxtpx:TrackPointExtension>
<opentracks:accuracy_horizontal>3.521</opentracks:accuracy_horizontal></extensions>
</trkpt>
<trkpt lat="50.445698" lon="-104.412501">
<ele>585.9</ele>
<time>2026-08-25T06:51:53.509-06:00</time>
<extensions>
<gpxtpx:TrackPointExtension>
<gpxtpx:speed>3.93</gpxtpx:speed>
</gpxtpx:TrackPointExtension>
<opentracks:accuracy_horizontal>3.529</opentracks:accuracy_horizontal></extensions>
</trkpt>
<trkpt lat="50.445662" lon="-104.412356">
<ele>585.4</ele>
<time>2026-08-25T06:51:56.512-06:00</time>
<extensions>
<gpxtpx:TrackPointExtension>
<gpxtpx:speed>3.8</gpxtpx:speed>
</gpxtpx:TrackPointExtension>
<opentracks:accuracy_horizontal>3.678</opentracks:accuracy_horizontal></extensions>
</trkpt>
<trkpt lat="50.445624" lon="-104.412199">
<ele>586.1</ele>
<time>2026-08-25T06:52:01.512-06:00</time>
<extensions>
<gpxtpx:TrackPointExtension>
<gpxtpx:speed>2.4</gpxtpx:speed>
</gpxtpx:TrackPointExtension>
<opentracks:accuracy_horizontal>3.758</opentracks:accuracy_horizontal></extensions>
</trkpt>
<trkpt lat="50.445588" lon="-104.412027">
<ele>586.4</ele>
<time>2026-08-25T06:52:09.525-06:00</time>
<extensions>
<gpxtpx:TrackPointExtension>
<gpxtpx:speed>2.95</gpxtpx:speed>
</gpxtpx:TrackPointExtension>
<opentracks:accuracy_horizontal>4.092</opentracks:accuracy_horizontal></extensions>
</trkpt>
<trkpt lat="50.445502" lon="-104.411847">
<ele>586.4</ele>
<time>2026-08-25T06:52:12.516-06:00</time>
<extensions>
<gpxtpx:TrackPointExtension>
<gpxtpx:speed>5.52</gpxtpx:speed>
</gpxtpx:TrackPointExtension>
<opentracks:accuracy_horizontal>4.008</opentracks:accuracy_horizontal></extensions>
</trkpt>
<trkpt lat="50.445455" lon="-104.411665">
<ele>586.7</ele>
<time>2026-08-25T06:52:14.52-06:00</time>
<extensions>
<gpxtpx:TrackPointExtension>
<gpxtpx:speed>6.97</gpxtpx:speed>
</gpxtpx:TrackPointExtension>
<opentracks:accuracy_horizontal>3.788</opentracks:accuracy_horizontal></extensions>
</trkpt>
<trkpt lat="50.445423" lon="-104.411446">
<ele>586.4</ele>
<time>2026-08-25T06:52:16.512-06:00</time>
<extensions>
<gpxtpx:TrackPointExtension>
<gpxtpx:speed>7.55</gpxtpx:speed>
</gpxtpx:TrackPointExtension>
<opentracks:accuracy_horizontal>3.648</opentracks:accuracy_horizontal></extensions>
</trkpt>
<trkpt lat="50.445371" lon="-104.411227">
<ele>586.5</ele>
<time>2026-08-25T06:52:18.508-06:00</time>
<extensions>
<gpxtpx:TrackPointExtension>
<gpxtpx:speed>7.81</gpxtpx:speed>
</gpxtpx:TrackPointExtension>
<opentracks:accuracy_horizontal>3.591</opentracks:accuracy_horizontal></extensions>
</trkpt>
<trkpt lat="50.445328" lon="-104.411021">
<ele>586.7</ele>
<time>2026-08-25T06:52:20.522-06:00</time>
<extensions>
<gpxtpx:TrackPointExtension>
<gpxtpx:speed>7.62</gpxtpx:speed>
</gpxtpx:TrackPointExtension>
<opentracks:accuracy_horizontal>3.521</opentracks:accuracy_horizontal></extensions>
</trkpt>
<trkpt lat="50.445284" lon="-104.410822">
<ele>586.8</ele>
<time>2026-08-25T06:52:22.531-06:00</time>
<extensions>
<gpxtpx:TrackPointExtension>
<gpxtpx:speed>7.57</gpxtpx:speed>
</gpxtpx:TrackPointExtension>
<opentracks:accuracy_horizontal>3.521</opentracks:accuracy_horizontal></extensions>
</trkpt>
<trkpt lat="50.445232" lon="-104.410618">
<ele>586.7</ele>
<time>2026-08-25T06:52:24.519-06:00</time>
<extensions>
<gpxtpx:TrackPointExtension>
<gpxtpx:speed>7.45</gpxtpx:speed>
</gpxtpx:TrackPointExtension>
<opentracks:accuracy_horizontal>3.521</opentracks:accuracy_horizontal></extensions>
</trkpt>
<trkpt lat="50.445182" lon="-104.410423">
<ele>587.1</ele>
<time>2026-08-25T06:52:26.516-06:00</time>
<extensions>
<gpxtpx:TrackPointExtension>
<gpxtpx:speed>7.44</gpxtpx:speed>
</gpxtpx:TrackPointExtension>
<opentracks:accuracy_horizontal>3.521</opentracks:accuracy_horizontal></extensions>
</trkpt>
<trkpt lat="50.445139" lon="-104.410225">
<ele>587.4</ele>
<time>2026-08-25T06:52:28.513-06:00</time>
<extensions>
<gpxtpx:TrackPointExtension>
<gpxtpx:speed>7.06</gpxtpx:speed>
</gpxtpx:TrackPointExtension>
<opentracks:accuracy_horizontal>3.521</opentracks:accuracy_horizontal></extensions>
</trkpt>
<trkpt lat="50.445091" lon="-104.410025">
<ele>587.4</ele>
<time>2026-08-25T06:52:30.521-06:00</time>
<extensions>
<gpxtpx:TrackPointExtension>
<gpxtpx:speed>7.47</gpxtpx:speed>
</gpxtpx:TrackPointExtension>
<opentracks:accuracy_horizontal>3.521</opentracks:accuracy_horizontal></extensions>
</trkpt>
<trkpt lat="50.445043" lon="-104.409825">
<ele>587.4</ele>
<time>2026-08-25T06:52:32.512-06:00</time>
<extensions>
<gpxtpx:TrackPointExtension>
<gpxtpx:speed>7.69</gpxtpx:speed>
</gpxtpx:TrackPointExtension>
<opentracks:accuracy_horizontal>3.521</opentracks:accuracy_horizontal></extensions>
</trkpt>
<trkpt lat="50.445009" lon="-104.409608">
<ele>587.3</ele>
<time>2026-08-25T06:52:34.517-06:00</time>
<extensions>
<gpxtpx:TrackPointExtension>
<gpxtpx:speed>7.84</gpxtpx:speed>
</gpxtpx:TrackPointExtension>
<opentracks:accuracy_horizontal>3.521</opentracks:accuracy_horizontal></extensions>
</trkpt>
<trkpt lat="50.444958" lon="-104.409397">
<ele>587.1</ele>
<time>2026-08-25T06:52:36.505-06:00</time>
<extensions>
<gpxtpx:TrackPointExtension>
<gpxtpx:speed>7.82</gpxtpx:speed>
</gpxtpx:TrackPointExtension>
<opentracks:accuracy_horizontal>3.521</opentracks:accuracy_horizontal></extensions>
</trkpt>
<trkpt lat="50.444902" lon="-104.409188">
<ele>587.1</ele>
<time>2026-08-25T06:52:38.523-06:00</time>
<extensions>
<gpxtpx:TrackPointExtension>
<gpxtpx:speed>7.78</gpxtpx:speed>
</gpxtpx:TrackPointExtension>
<opentracks:accuracy_horizontal>3.521</opentracks:accuracy_horizontal></extensions>
</trkpt>
<trkpt lat="50.444847" lon="-104.408976">
<ele>587.1</ele>
<time>2026-08-25T06:52:40.511-06:00</time>
<extensions>
<gpxtpx:TrackPointExtension>
<gpxtpx:speed>8.14</gpxtpx:speed>
</gpxtpx:TrackPointExtension>
<opentracks:accuracy_horizontal>3.521</opentracks:accuracy_horizontal></extensions>
</trkpt>
<trkpt lat="50.444791" lon="-104.408761">
<ele>586.9</ele>
<time>2026-08-25T06:52:42.533-06:00</time>
<extensions>
<gpxtpx:TrackPointExtension>
<gpxtpx:speed>8.14</gpxtpx:speed>
</gpxtpx:TrackPointExtension>
<opentracks:accuracy_horizontal>3.521</opentracks:accuracy_horizontal></extensions>
</trkpt>
<trkpt lat="50.444741" lon="-104.408545">
<ele>586.9</ele>
<time>2026-08-25T06:52:44.525-06:00</time>
<extensions>
<gpxtpx:TrackPointExtension>
<gpxtpx:speed>8.27</gpxtpx:speed>
</gpxtpx:TrackPointExtension>
<opentracks:accuracy_horizontal>3.521</opentracks:accuracy_horizontal></extensions>
</trkpt>
<trkpt lat="50.444695" lon="-104.408319">
<ele>586.8</ele>
<time>2026-08-25T06:52:46.507-06:00</time>
<extensions>
<gpxtpx:TrackPointExtension>
<gpxtpx:speed>8.29</gpxtpx:speed>
</gpxtpx:TrackPointExtension>
<opentracks:accuracy_horizontal>3.521</opentracks:accuracy_horizontal></extensions>
</trkpt>
<trkpt lat="50.444644" lon="-104.408103">
<ele>586.6</ele>
<time>2026-08-25T06:52:48.522-06:00</time>
<extensions>
<gpxtpx:TrackPointExtension>
<gpxtpx:speed>7.82</gpxtpx:speed>
</gpxtpx:TrackPointExtension>
<opentracks:accuracy_horizontal>3.521</opentracks:accuracy_horizontal></extensions>
</trkpt>
<trkpt lat="50.444601" lon="-104.4079">
<ele>586.3</ele>
<time>2026-08-25T06:52:50.527-06:00</time>
<extensions>
<gpxtpx:TrackPointExtension>
<gpxtpx:speed>7.68</gpxtpx:speed>
</gpxtpx:TrackPointExtension>
<opentracks:accuracy_horizontal>3.522</opentracks:accuracy_horizontal></extensions>
</trkpt>
<trkpt lat="50.44455" lon="-104.407715">
<ele>586.7</ele>
<time>2026-08-25T06:52:52.523-06:00</time>
<extensions>
<gpxtpx:TrackPointExtension>
<gpxtpx:speed>6.92</gpxtpx:speed>
</gpxtpx:TrackPointExtension>
<opentracks:accuracy_horizontal>3.522</opentracks:accuracy_horizontal></extensions>
</trkpt>
<trkpt lat="50.444514" lon="-104.40753">
<ele>587</ele>
<time>2026-08-25T06:52:54.519-06:00</time>
<extensions>
<gpxtpx:TrackPointExtension>
<gpxtpx:speed>6.69</gpxtpx:speed>
</gpxtpx:TrackPointExtension>
<opentracks:accuracy_horizontal>3.557</opentracks:accuracy_horizontal></extensions>
</trkpt>
<trkpt lat="50.444462" lon="-104.407368">
<ele>586.7</ele>
<time>2026-08-25T06:52:56.532-06:00</time>
<extensions>
<gpxtpx:TrackPointExtension>
<gpxtpx:speed>6.38</gpxtpx:speed>
</gpxtpx:TrackPointExtension>
<opentracks:accuracy_horizontal>3.865</opentracks:accuracy_horizontal></extensions>
</trkpt>
<trkpt lat="50.444429" lon="-104.407205">
<ele>586.4</ele>
<time>2026-08-25T06:52:58.517-06:00</time>
<extensions>
<gpxtpx:TrackPointExtension>
<gpxtpx:speed>5.26</gpxtpx:speed>
</gpxtpx:TrackPointExtension>
<opentracks:accuracy_horizontal>3.866</opentracks:accuracy_horizontal></extensions>
</trkpt>
<trkpt lat="50.444388" lon="-104.40707">
<ele>587.2</ele>
<time>2026-08-25T06:53:00.524-06:00</time>
<extensions>
<gpxtpx:TrackPointExtension>
<gpxtpx:speed>5.37</gpxtpx:speed>
</gpxtpx:TrackPointExtension>
<opentracks:accuracy_horizontal>3.866</opentracks:accuracy_horizontal></extensions>
</trkpt>
<trkpt lat="50.444363" lon="-104.406906">
<ele>587.6</ele>
<time>2026-08-25T06:53:02.521-06:00</time>
<extensions>
<gpxtpx:TrackPointExtension>
<gpxtpx:speed>5.52</gpxtpx:speed>
</gpxtpx:TrackPointExtension>
<opentracks:accuracy_horizontal>3.866</opentracks:accuracy_horizontal></extensions>
</trkpt>
<trkpt lat="50.444325" lon="-104.406721">
<ele>587.2</ele>
<time>2026-08-25T06:53:05.528-06:00</time>
<extensions>
<gpxtpx:TrackPointExtension>
<gpxtpx:speed>4.4</gpxtpx:speed>
</gpxtpx:TrackPointExtension>
<opentracks:accuracy_horizontal>3.522</opentracks:accuracy_horizontal></extensions>
</trkpt>
<trkpt lat="50.444281" lon="-104.406575">
<ele>587.4</ele>
<time>2026-08-25T06:53:08.536-06:00</time>
<extensions>
<gpxtpx:TrackPointExtension>
<gpxtpx:speed>3.98</gpxtpx:speed>
</gpxtpx:TrackPointExtension>
<opentracks:accuracy_horizontal>3.867</opentracks:accuracy_horizontal></extensions>
</trkpt>
<trkpt lat="50.444244" lon="-104.406412">
<ele>587.6</ele>
<time>2026-08-25T06:53:11.51-06:00</time>
<extensions>
<gpxtpx:TrackPointExtension>
<gpxtpx:speed>3.67</gpxtpx:speed>
</gpxtpx:TrackPointExtension>
<opentracks:accuracy_horizontal>3.868</opentracks:accuracy_horizontal></extensions>
</trkpt>
<trkpt lat="50.444209" lon="-104.406269">
<ele>587.6</ele>
<time>2026-08-25T06:53:14.492-06:00</time>
<extensions>
<gpxtpx:TrackPointExtension>
<gpxtpx:speed>3.38</gpxtpx:speed>
</gpxtpx:TrackPointExtension>
<opentracks:accuracy_horizontal>3.868</opentracks:accuracy_horizontal></extensions>
</trkpt>
<trkpt lat="50.444167" lon="-104.406113">
<ele>587.7</ele>
<time>2026-08-25T06:53:18.526-06:00</time>
<extensions>
<gpxtpx:TrackPointExtension>
<gpxtpx:speed>2.72</gpxtpx:speed>
</gpxtpx:TrackPointExtension>
<opentracks:accuracy_horizontal>4.025</opentracks:accuracy_horizontal></extensions>
</trkpt>
<trkpt lat="50.444103" lon="-104.406012">
<ele>586.9</ele>
<time>2026-08-25T06:53:23.518-06:00</time>
<extensions>
<gpxtpx:TrackPointExtension>
<gpxtpx:speed>1.55</gpxtpx:speed>
</gpxtpx:TrackPointExtension>
<opentracks:accuracy_horizontal>3.929</opentracks:accuracy_horizontal></extensions>
</trkpt>
<trkpt lat="50.444076" lon="-104.405996">
<ele>586.4</ele>
<time>2026-08-25T06:53:33.522-06:00</time>
<extensions>
<gpxtpx:TrackPointExtension>
<gpxtpx:speed>0</gpxtpx:speed>
</gpxtpx:TrackPointExtension>
<opentracks:accuracy_horizontal>3.522</opentracks:accuracy_horizontal></extensions>
</trkpt>
<trkpt lat="50.443983" lon="-104.406068">
<ele>587.8</ele>
<time>2026-08-25T06:54:39.514-06:00</time>
<extensions>
<gpxtpx:TrackPointExtension>
<gpxtpx:speed>1.48</gpxtpx:speed>
</gpxtpx:TrackPointExtension>
<opentracks:accuracy_horizontal>3.899</opentracks:accuracy_horizontal></extensions>
</trkpt>
<trkpt lat="50.443888" lon="-104.406073">
<ele>589.4</ele>
<time>2026-08-25T06:54:46.515-06:00</time>
<extensions>
<gpxtpx:TrackPointExtension>
<gpxtpx:speed>0.35</gpxtpx:speed>
</gpxtpx:TrackPointExtension>
<opentracks:accuracy_horizontal>4.228</opentracks:accuracy_horizontal></extensions>
</trkpt>
<trkpt lat="50.443868" lon="-104.406043">
<ele>588.9</ele>
<time>2026-08-25T06:54:55.487-06:00</time>
<extensions>
<gpxtpx:TrackPointExtension>
<gpxtpx:speed>0</gpxtpx:speed>
</gpxtpx:TrackPointExtension>
<opentracks:accuracy_horizontal>4.089</opentracks:accuracy_horizontal></extensions>
</trkpt>
</trkseg>
<trkseg>
<trkpt lat="50.443881" lon="-104.406058">
<ele>613.2</ele>
<time>2026-08-25T12:09:33.62-06:00</time>
<extensions>
<gpxtpx:TrackPointExtension>
<gpxtpx:speed>0</gpxtpx:speed>
</gpxtpx:TrackPointExtension>
<opentracks:accuracy_horizontal>35.147</opentracks:accuracy_horizontal></extensions>
</trkpt>
<trkpt lat="50.443978" lon="-104.40606">
<ele>590.4</ele>
<time>2026-08-25T12:10:50.83-06:00</time>
<extensions>
<gpxtpx:TrackPointExtension>
<gpxtpx:speed>1.67</gpxtpx:speed>
</gpxtpx:TrackPointExtension>
<opentracks:accuracy_horizontal>4.639</opentracks:accuracy_horizontal></extensions>
</trkpt>
<trkpt lat="50.444071" lon="-104.406042">
<ele>589.4</ele>
<time>2026-08-25T12:10:55.815-06:00</time>
<extensions>
<gpxtpx:TrackPointExtension>
<gpxtpx:speed>1.94</gpxtpx:speed>
</gpxtpx:TrackPointExtension>
<opentracks:accuracy_horizontal>5.271</opentracks:accuracy_horizontal></extensions>
</trkpt>
<trkpt lat="50.44417" lon="-104.406059">
<ele>589</ele>
<time>2026-08-25T12:10:59.809-06:00</time>
<extensions>
<gpxtpx:TrackPointExtension>
<gpxtpx:speed>2.32</gpxtpx:speed>
</gpxtpx:TrackPointExtension>
<opentracks:accuracy_horizontal>5.582</opentracks:accuracy_horizontal></extensions>
</trkpt>
<trkpt lat="50.444265" lon="-104.406165">
<ele>588.7</ele>
<time>2026-08-25T12:11:03.809-06:00</time>
<extensions>
<gpxtpx:TrackPointExtension>
<gpxtpx:speed>2.64</gpxtpx:speed>
</gpxtpx:TrackPointExtension>
<opentracks:accuracy_horizontal>5.664</opentracks:accuracy_horizontal></extensions>
</trkpt>
<trkpt lat="50.444354" lon="-104.40623">
<ele>589</ele>
<time>2026-08-25T12:11:07.824-06:00</time>
<extensions>
<gpxtpx:TrackPointExtension>
<gpxtpx:speed>2.66</gpxtpx:speed>
</gpxtpx:TrackPointExtension>
<opentracks:accuracy_horizontal>4.269</opentracks:accuracy_horizontal></extensions>
</trkpt>
<trkpt lat="50.444445" lon="-104.406148">
<ele>588</ele>
<time>2026-08-25T12:11:12.827-06:00</time>
<extensions>
<gpxtpx:TrackPointExtension>
<gpxtpx:speed>2.55</gpxtpx:speed>
</gpxtpx:TrackPointExtension>
<opentracks:accuracy_horizontal>3.749</opentracks:accuracy_horizontal></extensions>
</trkpt>
<trkpt lat="50.444412" lon="-104.406008">
<ele>586.7</ele>
<time>2026-08-25T12:11:17.816-06:00</time>
<extensions>
<gpxtpx:TrackPointExtension>
<gpxtpx:speed>2.33</gpxtpx:speed>
</gpxtpx:TrackPointExtension>
<opentracks:accuracy_horizontal>3.857</opentracks:accuracy_horizontal></extensions>
</trkpt>
<trkpt lat="50.444403" lon="-104.406005">
<ele>586.7</ele>
<time>2026-08-25T12:11:27.828-06:00</time>
<extensions>
<gpxtpx:TrackPointExtension>
<gpxtpx:speed>0.24</gpxtpx:speed>
</gpxtpx:TrackPointExtension>
<opentracks:accuracy_horizontal>4.051</opentracks:accuracy_horizontal></extensions>
</trkpt>
<trkpt lat="50.44435" lon="-104.405846">
<ele>587.1</ele>
<time>2026-08-25T12:11:33.805-06:00</time>
<extensions>
<gpxtpx:TrackPointExtension>
<gpxtpx:speed>2.56</gpxtpx:speed>
</gpxtpx:TrackPointExtension>
<opentracks:accuracy_horizontal>3.793</opentracks:accuracy_horizontal></extensions>
</trkpt>
<trkpt lat="50.444305" lon="-104.405653">
<ele>588.1</ele>
<time>2026-08-25T12:11:36.824-06:00</time>
<extensions>
<gpxtpx:TrackPointExtension>
<gpxtpx:speed>3.7</gpxtpx:speed>
</gpxtpx:TrackPointExtension>
<opentracks:accuracy_horizontal>4.063</opentracks:accuracy_horizontal></extensions>
</trkpt>
<trkpt lat="50.44427" lon="-104.405485">
<ele>589</ele>
<time>2026-08-25T12:11:38.827-06:00</time>
<extensions>
<gpxtpx:TrackPointExtension>
<gpxtpx:speed>4.39</gpxtpx:speed>
</gpxtpx:TrackPointExtension>
<opentracks:accuracy_horizontal>4.002</opentracks:accuracy_horizontal></extensions>
</trkpt>
<trkpt lat="50.444227" lon="-104.405303">
<ele>588.8</ele>
<time>2026-08-25T12:11:40.815-06:00</time>
<extensions>
<gpxtpx:TrackPointExtension>
<gpxtpx:speed>4.97</gpxtpx:speed>
</gpxtpx:TrackPointExtension>
<opentracks:accuracy_horizontal>3.89</opentracks:accuracy_horizontal></extensions>
</trkpt>
<trkpt lat="50.444183" lon="-104.405124">
<ele>589</ele>
<time>2026-08-25T12:11:42.828-06:00</time>
<extensions>
<gpxtpx:TrackPointExtension>
<gpxtpx:speed>5.37</gpxtpx:speed>
</gpxtpx:TrackPointExtension>
<opentracks:accuracy_horizontal>3.549</opentracks:accuracy_horizontal></extensions>
</trkpt>
<trkpt lat="50.444155" lon="-104.404951">
<ele>588.4</ele>
<time>2026-08-25T12:11:44.828-06:00</time>
<extensions>
<gpxtpx:TrackPointExtension>
<gpxtpx:speed>5.97</gpxtpx:speed>
</gpxtpx:TrackPointExtension>
<opentracks:accuracy_horizontal>3.884</opentracks:accuracy_horizontal></extensions>
</trkpt>
<trkpt lat="50.444115" lon="-104.404815">
<ele>589.7</ele>
<time>2026-08-25T12:11:46.822-06:00</time>
<extensions>
<gpxtpx:TrackPointExtension>
<gpxtpx:speed>5.74</gpxtpx:speed>
</gpxtpx:TrackPointExtension>
<opentracks:accuracy_horizontal>3.884</opentracks:accuracy_horizontal></extensions>
</trkpt>
<trkpt lat="50.444073" lon="-104.404635">
<ele>590.3</ele>
<time>2026-08-25T12:11:48.817-06:00</time>
<extensions>
<gpxtpx:TrackPointExtension>
<gpxtpx:speed>6.71</gpxtpx:speed>
</gpxtpx:TrackPointExtension>
<opentracks:accuracy_horizontal>3.944</opentracks:accuracy_horizontal></extensions>
</trkpt>
<trkpt lat="50.444035" lon="-104.404454">
<ele>589.1</ele>
<time>2026-08-25T12:11:50.818-06:00</time>
<extensions>
<gpxtpx:TrackPointExtension>
<gpxtpx:speed>6.22</gpxtpx:speed>
</gpxtpx:TrackPointExtension>
<opentracks:accuracy_horizontal>3.895</opentracks:accuracy_horizontal></extensions>
</trkpt>
<trkpt lat="50.443994" lon="-104.404293">
<ele>589.2</ele>
<time>2026-08-25T12:11:52.804-06:00</time>
<extensions>
<gpxtpx:TrackPointExtension>
<gpxtpx:speed>6.03</gpxtpx:speed>
</gpxtpx:TrackPointExtension>
<opentracks:accuracy_horizontal>3.884</opentracks:accuracy_horizontal></extensions>
</trkpt>
<trkpt lat="50.443951" lon="-104.404131">
<ele>589.5</ele>
<time>2026-08-25T12:11:54.832-06:00</time>
<extensions>
<gpxtpx:TrackPointExtension>
<gpxtpx:speed>6.13</gpxtpx:speed>
</gpxtpx:TrackPointExtension>
<opentracks:accuracy_horizontal>3.884</opentracks:accuracy_horizontal></extensions>
</trkpt>
<trkpt lat="50.443906" lon="-104.403963">
<ele>590</ele>
<time>2026-08-25T12:11:56.822-06:00</time>
<extensions>
<gpxtpx:TrackPointExtension>
<gpxtpx:speed>6.36</gpxtpx:speed>
</gpxtpx:TrackPointExtension>
<opentracks:accuracy_horizontal>3.884</opentracks:accuracy_horizontal></extensions>
</trkpt>
<trkpt lat="50.443872" lon="-104.403799">
<ele>589.9</ele>
<time>2026-08-25T12:11:58.821-06:00</time>
<extensions>
<gpxtpx:TrackPointExtension>
<gpxtpx:speed>5.72</gpxtpx:speed>
</gpxtpx:TrackPointExtension>
<opentracks:accuracy_horizontal>3.885</opentracks:accuracy_horizontal></extensions>
</trkpt>
<trkpt lat="50.443845" lon="-104.403656">
<ele>590.2</ele>
<time>2026-08-25T12:12:00.816-06:00</time>
<extensions>
<gpxtpx:TrackPointExtension>
<gpxtpx:speed>5.29</gpxtpx:speed>
</gpxtpx:TrackPointExtension>
<opentracks:accuracy_horizontal>3.885</opentracks:accuracy_horizontal></extensions>
</trkpt>
<trkpt lat="50.443797" lon="-104.403482">
<ele>589.8</ele>
<time>2026-08-25T12:12:03.816-06:00</time>
<extensions>
<gpxtpx:TrackPointExtension>
<gpxtpx:speed>3.94</gpxtpx:speed>
</gpxtpx:TrackPointExtension>
<opentracks:accuracy_horizontal>3.885</opentracks:accuracy_horizontal></extensions>
</trkpt>
<trkpt lat="50.443745" lon="-104.403295">
<ele>588.3</ele>
<time>2026-08-25T12:12:06.814-06:00</time>
<extensions>
<gpxtpx:TrackPointExtension>
<gpxtpx:speed>5.82</gpxtpx:speed>
</gpxtpx:TrackPointExtension>
<opentracks:accuracy_horizontal>3.885</opentracks:accuracy_horizontal></extensions>
</trkpt>
<trkpt lat="50.443703" lon="-104.403133">
<ele>588.5</ele>
<time>2026-08-25T12:12:08.821-06:00</time>
<extensions>
<gpxtpx:TrackPointExtension>
<gpxtpx:speed>5.39</gpxtpx:speed>
</gpxtpx:TrackPointExtension>
<opentracks:accuracy_horizontal>3.885</opentracks:accuracy_horizontal></extensions>
</trkpt>
<trkpt lat="50.443666" lon="-104.402985">
<ele>589</ele>
<time>2026-08-25T12:12:10.817-06:00</time>
<extensions>
<gpxtpx:TrackPointExtension>
<gpxtpx:speed>5.17</gpxtpx:speed>
</gpxtpx:TrackPointExtension>
<opentracks:accuracy_horizontal>3.885</opentracks:accuracy_horizontal></extensions>
</trkpt>
<trkpt lat="50.443636" lon="-104.402842">
<ele>589.3</ele>
<time>2026-08-25T12:12:12.812-06:00</time>
<extensions>
<gpxtpx:TrackPointExtension>
<gpxtpx:speed>5.11</gpxtpx:speed>
</gpxtpx:TrackPointExtension>
<opentracks:accuracy_horizontal>3.886</opentracks:accuracy_horizontal></extensions>
</trkpt>
<trkpt lat="50.443607" lon="-104.402664">
<ele>588.1</ele>
<time>2026-08-25T12:12:15.825-06:00</time>
<extensions>
<gpxtpx:TrackPointExtension>
<gpxtpx:speed>5.01</gpxtpx:speed>
</gpxtpx:TrackPointExtension>
<opentracks:accuracy_horizontal>3.886</opentracks:accuracy_horizontal></extensions>
</trkpt>
<trkpt lat="50.443582" lon="-104.402519">
<ele>587.9</ele>
<time>2026-08-25T12:12:17.831-06:00</time>
<extensions>
<gpxtpx:TrackPointExtension>
<gpxtpx:speed>5.37</gpxtpx:speed>
</gpxtpx:TrackPointExtension>
<opentracks:accuracy_horizontal>3.886</opentracks:accuracy_horizontal></extensions>
</trkpt>
<trkpt lat="50.44355" lon="-104.402364">
<ele>588.5</ele>
<time>2026-08-25T12:12:19.823-06:00</time>
<extensions>
<gpxtpx:TrackPointExtension>
<gpxtpx:speed>5.57</gpxtpx:speed>
</gpxtpx:TrackPointExtension>
<opentracks:accuracy_horizontal>3.886</opentracks:accuracy_horizontal></extensions>
</trkpt>
<trkpt lat="50.443523" lon="-104.402207">
<ele>588.9</ele>
<time>2026-08-25T12:12:21.826-06:00</time>
<extensions>
<gpxtpx:TrackPointExtension>
<gpxtpx:speed>5.64</gpxtpx:speed>
</gpxtpx:TrackPointExtension>
<opentracks:accuracy_horizontal>3.886</opentracks:accuracy_horizontal></extensions>
</trkpt>
<trkpt lat="50.443493" lon="-104.402054">
<ele>589.1</ele>
<time>2026-08-25T12:12:23.815-06:00</time>
<extensions>
<gpxtpx:TrackPointExtension>
<gpxtpx:speed>5.59</gpxtpx:speed>
</gpxtpx:TrackPointExtension>
<opentracks:accuracy_horizontal>3.886</opentracks:accuracy_horizontal></extensions>
</trkpt>
<trkpt lat="50.443462" lon="-104.401904">
<ele>588.7</ele>
<time>2026-08-25T12:12:25.815-06:00</time>
<extensions>
<gpxtpx:TrackPointExtension>
<gpxtpx:speed>5.46</gpxtpx:speed>
</gpxtpx:TrackPointExtension>
<opentracks:accuracy_horizontal>3.886</opentracks:accuracy_horizontal></extensions>
</trkpt>
<trkpt lat="50.443429" lon="-104.401765">
<ele>588.6</ele>
<time>2026-08-25T12:12:27.813-06:00</time>
<extensions>
<gpxtpx:TrackPointExtension>
<gpxtpx:speed>5.36</gpxtpx:speed>
</gpxtpx:TrackPointExtension>
<opentracks:accuracy_horizontal>3.887</opentracks:accuracy_horizontal></extensions>
</trkpt>
<trkpt lat="50.443397" lon="-104.401628">
<ele>588.5</ele>
<time>2026-08-25T12:12:29.823-06:00</time>
<extensions>
<gpxtpx:TrackPointExtension>
<gpxtpx:speed>4.96</gpxtpx:speed>
</gpxtpx:TrackPointExtension>
<opentracks:accuracy_horizontal>3.887</opentracks:accuracy_horizontal></extensions>
</trkpt>
<trkpt lat="50.443351" lon="-104.401431">
<ele>588.4</ele>
<time>2026-08-25T12:12:32.82-06:00</time>
<extensions>
<gpxtpx:TrackPointExtension>
<gpxtpx:speed>5.04</gpxtpx:speed>
</gpxtpx:TrackPointExtension>
<opentracks:accuracy_horizontal>3.887</opentracks:accuracy_horizontal></extensions>
</trkpt>
<trkpt lat="50.443313" lon="-104.401298">
<ele>588.6</ele>
<time>2026-08-25T12:12:34.829-06:00</time>
<extensions>
<gpxtpx:TrackPointExtension>
<gpxtpx:speed>5.07</gpxtpx:speed>
</gpxtpx:TrackPointExtension>
<opentracks:accuracy_horizontal>3.887</opentracks:accuracy_horizontal></extensions>
</trkpt>
<trkpt lat="50.443282" lon="-104.401164">
<ele>588.5</ele>
<time>2026-08-25T12:12:36.824-06:00</time>
<extensions>
<gpxtpx:TrackPointExtension>
<gpxtpx:speed>4.94</gpxtpx:speed>
</gpxtpx:TrackPointExtension>
<opentracks:accuracy_horizontal>3.887</opentracks:accuracy_horizontal></extensions>
</trkpt>
<trkpt lat="50.443257" lon="-104.401026">
<ele>588.2</ele>
<time>2026-08-25T12:12:38.826-06:00</time>
<extensions>
<gpxtpx:TrackPointExtension>
<gpxtpx:speed>5.06</gpxtpx:speed>
</gpxtpx:TrackPointExtension>
<opentracks:accuracy_horizontal>3.887</opentracks:accuracy_horizontal></extensions>
</trkpt>
<trkpt lat="50.443228" lon="-104.40089">
<ele>587.5</ele>
<time>2026-08-25T12:12:40.835-06:00</time>
<extensions>
<gpxtpx:TrackPointExtension>
<gpxtpx:speed>4.99</gpxtpx:speed>
</gpxtpx:TrackPointExtension>
<opentracks:accuracy_horizontal>3.887</opentracks:accuracy_horizontal></extensions>
</trkpt>
<trkpt lat="50.44316" lon="-104.400727">
<ele>587.5</ele>
<time>2026-08-25T12:12:43.806-06:00</time>
<extensions>
<gpxtpx:TrackPointExtension>
<gpxtpx:speed>4.37</gpxtpx:speed>
</gpxtpx:TrackPointExtension>
<opentracks:accuracy_horizontal>4.359</opentracks:accuracy_horizontal></extensions>
</trkpt>
<trkpt lat="50.443059" lon="-104.400719">
<ele>587.4</ele>
<time>2026-08-25T12:12:45.811-06:00</time>
<extensions>
<gpxtpx:TrackPointExtension>
<gpxtpx:speed>4.75</gpxtpx:speed>
</gpxtpx:TrackPointExtension>
<opentracks:accuracy_horizontal>4.098</opentracks:accuracy_horizontal></extensions>
</trkpt>
<trkpt lat="50.442955" lon="-104.400657">
<ele>587.8</ele>
<time>2026-08-25T12:12:47.827-06:00</time>
<extensions>
<gpxtpx:TrackPointExtension>
<gpxtpx:speed>6.25</gpxtpx:speed>
</gpxtpx:TrackPointExtension>
<opentracks:accuracy_horizontal>4.009</opentracks:accuracy_horizontal></extensions>
</trkpt>
<trkpt lat="50.442877" lon="-104.400472">
<ele>588</ele>
<time>2026-08-25T12:12:49.818-06:00</time>
<extensions>
<gpxtpx:TrackPointExtension>
<gpxtpx:speed>7.36</gpxtpx:speed>
</gpxtpx:TrackPointExtension>
<opentracks:accuracy_horizontal>3.892</opentracks:accuracy_horizontal></extensions>
</trkpt>
<trkpt lat="50.442819" lon="-104.400271">
<ele>587.2</ele>
<time>2026-08-25T12:12:51.819-06:00</time>
<extensions>
<gpxtpx:TrackPointExtension>
<gpxtpx:speed>7.15</gpxtpx:speed>
</gpxtpx:TrackPointExtension>
<opentracks:accuracy_horizontal>3.888</opentracks:accuracy_horizontal></extensions>
</trkpt>
<trkpt lat="50.44277" lon="-104.400079">
<ele>587.1</ele>
<time>2026-08-25T12:12:53.819-06:00</time>
<extensions>
<gpxtpx:TrackPointExtension>
<gpxtpx:speed>7.65</gpxtpx:speed>
</gpxtpx:TrackPointExtension>
<opentracks:accuracy_horizontal>3.888</opentracks:accuracy_horizontal></extensions>
</trkpt>
<trkpt lat="50.442719" lon="-104.399853">
<ele>587.3</ele>
<time>2026-08-25T12:12:55.81-06:00</time>
<extensions>
<gpxtpx:TrackPointExtension>
<gpxtpx:speed>7.9</gpxtpx:speed>
</gpxtpx:TrackPointExtension>
<opentracks:accuracy_horizontal>3.889</opentracks:accuracy_horizontal></extensions>
</trkpt>
<trkpt lat="50.442671" lon="-104.399638">
<ele>587</ele>
<time>2026-08-25T12:12:57.816-06:00</time>
<extensions>
<gpxtpx:TrackPointExtension>
<gpxtpx:speed>7.97</gpxtpx:speed>
</gpxtpx:TrackPointExtension>
<opentracks:accuracy_horizontal>3.889</opentracks:accuracy_horizontal></extensions>
</trkpt>
<trkpt lat="50.442626" lon="-104.399421">
<ele>587</ele>
<time>2026-08-25T12:12:59.815-06:00</time>
<extensions>
<gpxtpx:TrackPointExtension>
<gpxtpx:speed>8.19</gpxtpx:speed>
</gpxtpx:TrackPointExtension>
<opentracks:accuracy_horizontal>3.889</opentracks:accuracy_horizontal></extensions>
</trkpt>
<trkpt lat="50.442573" lon="-104.3992">
<ele>586.9</ele>
<time>2026-08-25T12:13:01.798-06:00</time>
<extensions>
<gpxtpx:TrackPointExtension>
<gpxtpx:speed>8.35</gpxtpx:speed>
</gpxtpx:TrackPointExtension>
<opentracks:accuracy_horizontal>3.889</opentracks:accuracy_horizontal></extensions>
</trkpt>
<trkpt lat="50.442526" lon="-104.398972">
<ele>587</ele>
<time>2026-08-25T12:13:03.803-06:00</time>
<extensions>
<gpxtpx:TrackPointExtension>
<gpxtpx:speed>8.29</gpxtpx:speed>
</gpxtpx:TrackPointExtension>
<opentracks:accuracy_horizontal>3.889</opentracks:accuracy_horizontal></extensions>
</trkpt>
<trkpt lat="50.442473" lon="-104.398755">
<ele>587.4</ele>
<time>2026-08-25T12:13:05.83-06:00</time>
<extensions>
<gpxtpx:TrackPointExtension>
<gpxtpx:speed>8.4</gpxtpx:speed>
</gpxtpx:TrackPointExtension>
<opentracks:accuracy_horizontal>3.889</opentracks:accuracy_horizontal></extensions>
</trkpt>
<trkpt lat="50.442428" lon="-104.398535">
<ele>587.7</ele>
<time>2026-08-25T12:13:07.82-06:00</time>
<extensions>
<gpxtpx:TrackPointExtension>
<gpxtpx:speed>8.21</gpxtpx:speed>
</gpxtpx:TrackPointExtension>
<opentracks:accuracy_horizontal>3.889</opentracks:accuracy_horizontal></extensions>
</trkpt>
<trkpt lat="50.44238" lon="-104.398316">
<ele>587.9</ele>
<time>2026-08-25T12:13:09.829-06:00</time>
<extensions>
<gpxtpx:TrackPointExtension>
<gpxtpx:speed>8.15</gpxtpx:speed>
</gpxtpx:TrackPointExtension>
<opentracks:accuracy_horizontal>3.89</opentracks:accuracy_horizontal></extensions>
</trkpt>
<trkpt lat="50.442322" lon="-104.398095">
<ele>588.1</ele>
<time>2026-08-25T12:13:11.832-06:00</time>
<extensions>
<gpxtpx:TrackPointExtension>
<gpxtpx:speed>8.3</gpxtpx:speed>
</gpxtpx:TrackPointExtension>
<opentracks:accuracy_horizontal>3.89</opentracks:accuracy_horizontal></extensions>
</trkpt>
<trkpt lat="50.442271" lon="-104.397874">
<ele>588.2</ele>
<time>2026-08-25T12:13:13.822-06:00</time>
<extensions>
<gpxtpx:TrackPointExtension>
<gpxtpx:speed>8.14</gpxtpx:speed>
</gpxtpx:TrackPointExtension>
<opentracks:accuracy_horizontal>3.89</opentracks:accuracy_horizontal></extensions>
</trkpt>
<trkpt lat="50.442215" lon="-104.397666">
<ele>587.9</ele>
<time>2026-08-25T12:13:15.82-06:00</time>
<extensions>
<gpxtpx:TrackPointExtension>
<gpxtpx:speed>8.07</gpxtpx:speed>
</gpxtpx:TrackPointExtension>
<opentracks:accuracy_horizontal>3.89</opentracks:accuracy_horizontal></extensions>
</trkpt>
<trkpt lat="50.442159" lon="-104.397444">
<ele>587.8</ele>
<time>2026-08-25T12:13:17.82-06:00</time>
<extensions>
<gpxtpx:TrackPointExtension>
<gpxtpx:speed>7.95</gpxtpx:speed>
</gpxtpx:TrackPointExtension>
<opentracks:accuracy_horizontal>4.366</opentracks:accuracy_horizontal></extensions>
</trkpt>
<trkpt lat="50.442115" lon="-104.397223">
<ele>587.7</ele>
<time>2026-08-25T12:13:19.832-06:00</time>
<extensions>
<gpxtpx:TrackPointExtension>
<gpxtpx:speed>7.82</gpxtpx:speed>
</gpxtpx:TrackPointExtension>
<opentracks:accuracy_horizontal>3.89</opentracks:accuracy_horizontal></extensions>
</trkpt>
<trkpt lat="50.442066" lon="-104.397006">
<ele>588</ele>
<time>2026-08-25T12:13:21.84-06:00</time>
<extensions>
<gpxtpx:TrackPointExtension>
<gpxtpx:speed>8.11</gpxtpx:speed>
</gpxtpx:TrackPointExtension>
<opentracks:accuracy_horizontal>3.89</opentracks:accuracy_horizontal></extensions>
</trkpt>
<trkpt lat="50.44201" lon="-104.396781">
<ele>588.1</ele>
<time>2026-08-25T12:13:23.804-06:00</time>
<extensions>
<gpxtpx:TrackPointExtension>
<gpxtpx:speed>8.07</gpxtpx:speed>
</gpxtpx:TrackPointExtension>
<opentracks:accuracy_horizontal>3.891</opentracks:accuracy_horizontal></extensions>
</trkpt>
<trkpt lat="50.441955" lon="-104.396576">
<ele>588.2</ele>
<time>2026-08-25T12:13:25.818-06:00</time>
<extensions>
<gpxtpx:TrackPointExtension>
<gpxtpx:speed>8.05</gpxtpx:speed>
</gpxtpx:TrackPointExtension>
<opentracks:accuracy_horizontal>3.891</opentracks:accuracy_horizontal></extensions>
</trkpt>
<trkpt lat="50.441911" lon="-104.396367">
<ele>588</ele>
<time>2026-08-25T12:13:27.817-06:00</time>
<extensions>
<gpxtpx:TrackPointExtension>
<gpxtpx:speed>8.04</gpxtpx:speed>
</gpxtpx:TrackPointExtension>
<opentracks:accuracy_horizontal>3.891</opentracks:accuracy_horizontal></extensions>
</trkpt>
<trkpt lat="50.441844" lon="-104.39615">
<ele>587.7</ele>
<time>2026-08-25T12:13:29.838-06:00</time>
<extensions>
<gpxtpx:TrackPointExtension>
<gpxtpx:speed>8.19</gpxtpx:speed>
</gpxtpx:TrackPointExtension>
<opentracks:accuracy_horizontal>3.891</opentracks:accuracy_horizontal></extensions>
</trkpt>
<trkpt lat="50.441796" lon="-104.395935">
<ele>587.5</ele>
<time>2026-08-25T12:13:31.82-06:00</time>
<extensions>
<gpxtpx:TrackPointExtension>
<gpxtpx:speed>8.24</gpxtpx:speed>
</gpxtpx:TrackPointExtension>
<opentracks:accuracy_horizontal>3.891</opentracks:accuracy_horizontal></extensions>
</trkpt>
<trkpt lat="50.441752" lon="-104.395708">
<ele>587.9</ele>
<time>2026-08-25T12:13:33.824-06:00</time>
<extensions>
<gpxtpx:TrackPointExtension>
<gpxtpx:speed>8.06</gpxtpx:speed>
</gpxtpx:TrackPointExtension>
<opentracks:accuracy_horizontal>3.891</opentracks:accuracy_horizontal></extensions>
</trkpt>
<trkpt lat="50.441695" lon="-104.395489">
<ele>587.7</ele>
<time>2026-08-25T12:13:35.834-06:00</time>
<extensions>
<gpxtpx:TrackPointExtension>
<gpxtpx:speed>8.11</gpxtpx:speed>
</gpxtpx:TrackPointExtension>
<opentracks:accuracy_horizontal>3.891</opentracks:accuracy_horizontal></extensions>
</trkpt>
<trkpt lat="50.441646" lon="-104.395266">
<ele>587.9</ele>
<time>2026-08-25T12:13:37.815-06:00</time>
<extensions>
<gpxtpx:TrackPointExtension>
<gpxtpx:speed>8.1</gpxtpx:speed>
</gpxtpx:TrackPointExtension>
<opentracks:accuracy_horizontal>3.892</opentracks:accuracy_horizontal></extensions>
</trkpt>
<trkpt lat="50.441593" lon="-104.395049">
<ele>588.1</ele>
<time>2026-08-25T12:13:39.818-06:00</time>
<extensions>
<gpxtpx:TrackPointExtension>
<gpxtpx:speed>8</gpxtpx:speed>
</gpxtpx:TrackPointExtension>
<opentracks:accuracy_horizontal>3.892</opentracks:accuracy_horizontal></extensions>
</trkpt>
<trkpt lat="50.441537" lon="-104.394846">
<ele>588.5</ele>
<time>2026-08-25T12:13:41.814-06:00</time>
<extensions>
<gpxtpx:TrackPointExtension>
<gpxtpx:speed>7.76</gpxtpx:speed>
</gpxtpx:TrackPointExtension>
<opentracks:accuracy_horizontal>3.892</opentracks:accuracy_horizontal></extensions>
</trkpt>
<trkpt lat="50.441495" lon="-104.394644">
<ele>588.1</ele>
<time>2026-08-25T12:13:43.83-06:00</time>
<extensions>
<gpxtpx:TrackPointExtension>
<gpxtpx:speed>7.88</gpxtpx:speed>
</gpxtpx:TrackPointExtension>
<opentracks:accuracy_horizontal>3.892</opentracks:accuracy_horizontal></extensions>
</trkpt>
<trkpt lat="50.44145" lon="-104.394436">
<ele>587.8</ele>
<time>2026-08-25T12:13:45.816-06:00</time>
<extensions>
<gpxtpx:TrackPointExtension>
<gpxtpx:speed>7.3</gpxtpx:speed>
</gpxtpx:TrackPointExtension>
<opentracks:accuracy_horizontal>3.892</opentracks:accuracy_horizontal></extensions>
</trkpt>
<trkpt lat="50.441397" lon="-104.394241">
<ele>587.9</ele>
<time>2026-08-25T12:13:47.82-06:00</time>
<extensions>
<gpxtpx:TrackPointExtension>
<gpxtpx:speed>7.35</gpxtpx:speed>
</gpxtpx:TrackPointExtension>
<opentracks:accuracy_horizontal>3.892</opentracks:accuracy_horizontal></extensions>
</trkpt>
<trkpt lat="50.44135" lon="-104.394037">
<ele>588.2</ele>
<time>2026-08-25T12:13:49.825-06:00</time>
<extensions>
<gpxtpx:TrackPointExtension>
<gpxtpx:speed>7.54</gpxtpx:speed>
</gpxtpx:TrackPointExtension>
<opentracks:accuracy_horizontal>3.892</opentracks:accuracy_horizontal></extensions>
</trkpt>
<trkpt lat="50.441307" lon="-104.393838">
<ele>588.1</ele>
<time>2026-08-25T12:13:51.816-06:00</time>
<extensions>
<gpxtpx:TrackPointExtension>
<gpxtpx:speed>7.52</gpxtpx:speed>
</gpxtpx:TrackPointExtension>
<opentracks:accuracy_horizontal>3.893</opentracks:accuracy_horizontal></extensions>
</trkpt>
<trkpt lat="50.441252" lon="-104.393634">
<ele>588.5</ele>
<time>2026-08-25T12:13:53.827-06:00</time>
<extensions>
<gpxtpx:TrackPointExtension>
<gpxtpx:speed>7.76</gpxtpx:speed>
</gpxtpx:TrackPointExtension>
<opentracks:accuracy_horizontal>3.893</opentracks:accuracy_horizontal></extensions>
</trkpt>
<trkpt lat="50.441208" lon="-104.393428">
<ele>588.4</ele>
<time>2026-08-25T12:13:55.832-06:00</time>
<extensions>
<gpxtpx:TrackPointExtension>
<gpxtpx:speed>7.34</gpxtpx:speed>
</gpxtpx:TrackPointExtension>
<opentracks:accuracy_horizontal>3.893</opentracks:accuracy_horizontal></extensions>
</trkpt>
<trkpt lat="50.441158" lon="-104.393235">
<ele>588.7</ele>
<time>2026-08-25T12:13:57.817-06:00</time>
<extensions>
<gpxtpx:TrackPointExtension>
<gpxtpx:speed>7.45</gpxtpx:speed>
</gpxtpx:TrackPointExtension>
<opentracks:accuracy_horizontal>3.666</opentracks:accuracy_horizontal></extensions>
</trkpt>
<trkpt lat="50.441115" lon="-104.393039">
<ele>589.1</ele>
<time>2026-08-25T12:13:59.825-06:00</time>
<extensions>
<gpxtpx:TrackPointExtension>
<gpxtpx:speed>7.47</gpxtpx:speed>
</gpxtpx:TrackPointExtension>
<opentracks:accuracy_horizontal>3.666</opentracks:accuracy_horizontal></extensions>
</trkpt>
<trkpt lat="50.441073" lon="-104.392838">
<ele>589.7</ele>
<time>2026-08-25T12:14:01.815-06:00</time>
<extensions>
<gpxtpx:TrackPointExtension>
<gpxtpx:speed>7.17</gpxtpx:speed>
</gpxtpx:TrackPointExtension>
<opentracks:accuracy_horizontal>3.666</opentracks:accuracy_horizontal></extensions>
</trkpt>
<trkpt lat="50.441028" lon="-104.392645">
<ele>590.1</ele>
<time>2026-08-25T12:14:03.835-06:00</time>
<extensions>
<gpxtpx:TrackPointExtension>
<gpxtpx:speed>7.34</gpxtpx:speed>
</gpxtpx:TrackPointExtension>
<opentracks:accuracy_horizontal>3.666</opentracks:accuracy_horizontal></extensions>
</trkpt>
<trkpt lat="50.440988" lon="-104.392452">
<ele>590.1</ele>
<time>2026-08-25T12:14:05.814-06:00</time>
<extensions>
<gpxtpx:TrackPointExtension>
<gpxtpx:speed>7.24</gpxtpx:speed>
</gpxtpx:TrackPointExtension>
<opentracks:accuracy_horizontal>3.857</opentracks:accuracy_horizontal></extensions>
</trkpt>
<trkpt lat="50.440939" lon="-104.392263">
<ele>590.4</ele>
<time>2026-08-25T12:14:07.814-06:00</time>
<extensions>
<gpxtpx:TrackPointExtension>
<gpxtpx:speed>7.28</gpxtpx:speed>
</gpxtpx:TrackPointExtension>
<opentracks:accuracy_horizontal>4.378</opentracks:accuracy_horizontal></extensions>
</trkpt>
<trkpt lat="50.440896" lon="-104.392068">
<ele>590.7</ele>
<time>2026-08-25T12:14:09.818-06:00</time>
<extensions>
<gpxtpx:TrackPointExtension>
<gpxtpx:speed>7.2</gpxtpx:speed>
</gpxtpx:TrackPointExtension>
<opentracks:accuracy_horizontal>3.857</opentracks:accuracy_horizontal></extensions>
</trkpt>
<trkpt lat="50.440854" lon="-104.391871">
<ele>590.7</ele>
<time>2026-08-25T12:14:11.823-06:00</time>
<extensions>
<gpxtpx:TrackPointExtension>
<gpxtpx:speed>7.27</gpxtpx:speed>
</gpxtpx:TrackPointExtension>
<opentracks:accuracy_horizontal>3.857</opentracks:accuracy_horizontal></extensions>
</trkpt>
<trkpt lat="50.440819" lon="-104.391677">
<ele>590.4</ele>
<time>2026-08-25T12:14:13.807-06:00</time>
<extensions>
<gpxtpx:TrackPointExtension>
<gpxtpx:speed>7.01</gpxtpx:speed>
</gpxtpx:TrackPointExtension>
<opentracks:accuracy_horizontal>3.858</opentracks:accuracy_horizontal></extensions>
</trkpt>
<trkpt lat="50.440769" lon="-104.391495">
<ele>590.7</ele>
<time>2026-08-25T12:14:15.818-06:00</time>
<extensions>
<gpxtpx:TrackPointExtension>
<gpxtpx:speed>7.1</gpxtpx:speed>
</gpxtpx:TrackPointExtension>
<opentracks:accuracy_horizontal>3.858</opentracks:accuracy_horizontal></extensions>
</trkpt>
<trkpt lat="50.440724" lon="-104.39131">
<ele>590.2</ele>
<time>2026-08-25T12:14:17.842-06:00</time>
<extensions>
<gpxtpx:TrackPointExtension>
<gpxtpx:speed>7.04</gpxtpx:speed>
</gpxtpx:TrackPointExtension>
<opentracks:accuracy_horizontal>3.858</opentracks:accuracy_horizontal></extensions>
</trkpt>
<trkpt lat="50.440682" lon="-104.391123">
<ele>590.2</ele>
<time>2026-08-25T12:14:19.824-06:00</time>
<extensions>
<gpxtpx:TrackPointExtension>
<gpxtpx:speed>7.02</gpxtpx:speed>
</gpxtpx:TrackPointExtension>
<opentracks:accuracy_horizontal>3.858</opentracks:accuracy_horizontal></extensions>
</trkpt>
<trkpt lat="50.440643" lon="-104.39094">
<ele>589.8</ele>
<time>2026-08-25T12:14:21.822-06:00</time>
<extensions>
<gpxtpx:TrackPointExtension>
<gpxtpx:speed>6.68</gpxtpx:speed>
</gpxtpx:TrackPointExtension>
<opentracks:accuracy_horizontal>3.858</opentracks:accuracy_horizontal></extensions>
</trkpt>
<trkpt lat="50.440602" lon="-104.390761">
<ele>590.4</ele>
<time>2026-08-25T12:14:23.821-06:00</time>
<extensions>
<gpxtpx:TrackPointExtension>
<gpxtpx:speed>6.82</gpxtpx:speed>
</gpxtpx:TrackPointExtension>
<opentracks:accuracy_horizontal>3.859</opentracks:accuracy_horizontal></extensions>
</trkpt>
<trkpt lat="50.440551" lon="-104.390584">
<ele>590.7</ele>
<time>2026-08-25T12:14:25.824-06:00</time>
<extensions>
<gpxtpx:TrackPointExtension>
<gpxtpx:speed>6.76</gpxtpx:speed>
</gpxtpx:TrackPointExtension>
<opentracks:accuracy_horizontal>3.859</opentracks:accuracy_horizontal></extensions>
</trkpt>
<trkpt lat="50.4405" lon="-104.390411">
<ele>590.5</ele>
<time>2026-08-25T12:14:27.828-06:00</time>
<extensions>
<gpxtpx:TrackPointExtension>
<gpxtpx:speed>6.96</gpxtpx:speed>
</gpxtpx:TrackPointExtension>
<opentracks:accuracy_horizontal>3.859</opentracks:accuracy_horizontal></extensions>
</trkpt>
<trkpt lat="50.440453" lon="-104.390228">
<ele>589.7</ele>
<time>2026-08-25T12:14:29.822-06:00</time>
<extensions>
<gpxtpx:TrackPointExtension>
<gpxtpx:speed>7</gpxtpx:speed>
</gpxtpx:TrackPointExtension>
<opentracks:accuracy_horizontal>3.859</opentracks:accuracy_horizontal></extensions>
</trkpt>
<trkpt lat="50.440405" lon="-104.390045">
<ele>589.9</ele>
<time>2026-08-25T12:14:31.823-06:00</time>
<extensions>
<gpxtpx:TrackPointExtension>
<gpxtpx:speed>6.39</gpxtpx:speed>
</gpxtpx:TrackPointExtension>
<opentracks:accuracy_horizontal>3.667</opentracks:accuracy_horizontal></extensions>
</trkpt>
<trkpt lat="50.440378" lon="-104.389872">
<ele>590.2</ele>
<time>2026-08-25T12:14:33.825-06:00</time>
<extensions>
<gpxtpx:TrackPointExtension>
<gpxtpx:speed>6.47</gpxtpx:speed>
</gpxtpx:TrackPointExtension>
<opentracks:accuracy_horizontal>3.667</opentracks:accuracy_horizontal></extensions>
</trkpt>
<trkpt lat="50.440337" lon="-104.38971">
<ele>590</ele>
<time>2026-08-25T12:14:35.835-06:00</time>
<extensions>
<gpxtpx:TrackPointExtension>
<gpxtpx:speed>6.03</gpxtpx:speed>
</gpxtpx:TrackPointExtension>
<opentracks:accuracy_horizontal>3.667</opentracks:accuracy_horizontal></extensions>
</trkpt>
<trkpt lat="50.440294" lon="-104.389568">
<ele>590.5</ele>
<time>2026-08-25T12:14:37.824-06:00</time>
<extensions>
<gpxtpx:TrackPointExtension>
<gpxtpx:speed>5.13</gpxtpx:speed>
</gpxtpx:TrackPointExtension>
<opentracks:accuracy_horizontal>3.696</opentracks:accuracy_horizontal></extensions>
</trkpt>
<trkpt lat="50.440252" lon="-104.389397">
<ele>591</ele>
<time>2026-08-25T12:14:40.821-06:00</time>
<extensions>
<gpxtpx:TrackPointExtension>
<gpxtpx:speed>4.26</gpxtpx:speed>
</gpxtpx:TrackPointExtension>
<opentracks:accuracy_horizontal>3.668</opentracks:accuracy_horizontal></extensions>
</trkpt>
<trkpt lat="50.440218" lon="-104.389252">
<ele>590.4</ele>
<time>2026-08-25T12:14:43.827-06:00</time>
<extensions>
<gpxtpx:TrackPointExtension>
<gpxtpx:speed>3.27</gpxtpx:speed>
</gpxtpx:TrackPointExtension>
<opentracks:accuracy_horizontal>4.035</opentracks:accuracy_horizontal></extensions>
</trkpt>
<trkpt lat="50.440174" lon="-104.389088">
<ele>590.8</ele>
<time>2026-08-25T12:14:47.826-06:00</time>
<extensions>
<gpxtpx:TrackPointExtension>
<gpxtpx:speed>3.54</gpxtpx:speed>
</gpxtpx:TrackPointExtension>
<opentracks:accuracy_horizontal>4.484</opentracks:accuracy_horizontal></extensions>
</trkpt>
<trkpt lat="50.440204" lon="-104.388938">
<ele>591.6</ele>
<time>2026-08-25T12:14:51.815-06:00</time>
<extensions>
<gpxtpx:TrackPointExtension>
<gpxtpx:speed>2.71</gpxtpx:speed>
</gpxtpx:TrackPointExtension>
<opentracks:accuracy_horizontal>3.897</opentracks:accuracy_horizontal></extensions>
</trkpt>
<trkpt lat="50.440252" lon="-104.388771">
<ele>590.7</ele>
<time>2026-08-25T12:14:55.82-06:00</time>
<extensions>
<gpxtpx:TrackPointExtension>
<gpxtpx:speed>4.39</gpxtpx:speed>
</gpxtpx:TrackPointExtension>
<opentracks:accuracy_horizontal>3.918</opentracks:accuracy_horizontal></extensions>
</trkpt>
<trkpt lat="50.440256" lon="-104.388626">
<ele>590.7</ele>
<time>2026-08-25T12:14:57.827-06:00</time>
<extensions>
<gpxtpx:TrackPointExtension>
<gpxtpx:speed>4.65</gpxtpx:speed>
</gpxtpx:TrackPointExtension>
<opentracks:accuracy_horizontal>4.031</opentracks:accuracy_horizontal></extensions>
</trkpt>
<trkpt lat="50.440267" lon="-104.388482">
<ele>590.4</ele>
<time>2026-08-25T12:14:59.833-06:00</time>
<extensions>
<gpxtpx:TrackPointExtension>
<gpxtpx:speed>4.68</gpxtpx:speed>
</gpxtpx:TrackPointExtension>
<opentracks:accuracy_horizontal>4.046</opentracks:accuracy_horizontal></extensions>
</trkpt>
<trkpt lat="50.440283" lon="-104.388339">
<ele>590.2</ele>
<time>2026-08-25T12:15:01.823-06:00</time>
<extensions>
<gpxtpx:TrackPointExtension>
<gpxtpx:speed>5.33</gpxtpx:speed>
</gpxtpx:TrackPointExtension>
<opentracks:accuracy_horizontal>3.898</opentracks:accuracy_horizontal></extensions>
</trkpt>
<trkpt lat="50.440284" lon="-104.388185">
<ele>589.9</ele>
<time>2026-08-25T12:15:03.822-06:00</time>
<extensions>
<gpxtpx:TrackPointExtension>
<gpxtpx:speed>5.39</gpxtpx:speed>
</gpxtpx:TrackPointExtension>
<opentracks:accuracy_horizontal>3.898</opentracks:accuracy_horizontal></extensions>
</trkpt>
<trkpt lat="50.440293" lon="-104.388039">
<ele>590</ele>
<time>2026-08-25T12:15:05.835-06:00</time>
<extensions>
<gpxtpx:TrackPointExtension>
<gpxtpx:speed>5.05</gpxtpx:speed>
</gpxtpx:TrackPointExtension>
<opentracks:accuracy_horizontal>3.898</opentracks:accuracy_horizontal></extensions>
</trkpt>
<trkpt lat="50.440287" lon="-104.387887">
<ele>590</ele>
<time>2026-08-25T12:15:07.821-06:00</time>
<extensions>
<gpxtpx:TrackPointExtension>
<gpxtpx:speed>5.36</gpxtpx:speed>
</gpxtpx:TrackPointExtension>
<opentracks:accuracy_horizontal>4.391</opentracks:accuracy_horizontal></extensions>
</trkpt>
<trkpt lat="50.440257" lon="-104.387741">
<ele>590.6</ele>
<time>2026-08-25T12:15:09.829-06:00</time>
<extensions>
<gpxtpx:TrackPointExtension>
<gpxtpx:speed>4.96</gpxtpx:speed>
</gpxtpx:TrackPointExtension>
<opentracks:accuracy_horizontal>3.898</opentracks:accuracy_horizontal></extensions>
</trkpt>
<trkpt lat="50.440204" lon="-104.38756">
<ele>590.9</ele>
<time>2026-08-25T12:15:12.82-06:00</time>
<extensions>
<gpxtpx:TrackPointExtension>
<gpxtpx:speed>4.25</gpxtpx:speed>
</gpxtpx:TrackPointExtension>
<opentracks:accuracy_horizontal>3.696</opentracks:accuracy_horizontal></extensions>
</trkpt>
<trkpt lat="50.440186" lon="-104.387396">
<ele>590.7</ele>
<time>2026-08-25T12:15:15.825-06:00</time>
<extensions>
<gpxtpx:TrackPointExtension>
<gpxtpx:speed>3.7</gpxtpx:speed>
</gpxtpx:TrackPointExtension>
<opentracks:accuracy_horizontal>4.046</opentracks:accuracy_horizontal></extensions>
</trkpt>
<trkpt lat="50.440204" lon="-104.387253">
<ele>590.6</ele>
<time>2026-08-25T12:15:18.825-06:00</time>
<extensions>
<gpxtpx:TrackPointExtension>
<gpxtpx:speed>4.26</gpxtpx:speed>
</gpxtpx:TrackPointExtension>
<opentracks:accuracy_horizontal>3.899</opentracks:accuracy_horizontal></extensions>
</trkpt>
<trkpt lat="50.440267" lon="-104.387143">
<ele>590.3</ele>
<time>2026-08-25T12:15:20.819-06:00</time>
<extensions>
<gpxtpx:TrackPointExtension>
<gpxtpx:speed>5.47</gpxtpx:speed>
</gpxtpx:TrackPointExtension>
<opentracks:accuracy_horizontal>3.84</opentracks:accuracy_horizontal></extensions>
</trkpt>
<trkpt lat="50.440352" lon="-104.387028">
<ele>590.5</ele>
<time>2026-08-25T12:15:22.816-06:00</time>
<extensions>
<gpxtpx:TrackPointExtension>
<gpxtpx:speed>6.09</gpxtpx:speed>
</gpxtpx:TrackPointExtension>
<opentracks:accuracy_horizontal>3.908</opentracks:accuracy_horizontal></extensions>
</trkpt>
<trkpt lat="50.440444" lon="-104.386899">
<ele>590.8</ele>
<time>2026-08-25T12:15:24.817-06:00</time>
<extensions>
<gpxtpx:TrackPointExtension>
<gpxtpx:speed>6.05</gpxtpx:speed>
</gpxtpx:TrackPointExtension>
<opentracks:accuracy_horizontal>4.095</opentracks:accuracy_horizontal></extensions>
</trkpt>
<trkpt lat="50.440504" lon="-104.386747">
<ele>590.7</ele>
<time>2026-08-25T12:15:26.814-06:00</time>
<extensions>
<gpxtpx:TrackPointExtension>
<gpxtpx:speed>6.24</gpxtpx:speed>
</gpxtpx:TrackPointExtension>
<opentracks:accuracy_horizontal>4.057</opentracks:accuracy_horizontal></extensions>
</trkpt>
<trkpt lat="50.440507" lon="-104.386568">
<ele>590.3</ele>
<time>2026-08-25T12:15:28.841-06:00</time>
<extensions>
<gpxtpx:TrackPointExtension>
<gpxtpx:speed>6.34</gpxtpx:speed>
</gpxtpx:TrackPointExtension>
<opentracks:accuracy_horizontal>4.121</opentracks:accuracy_horizontal></extensions>
</trkpt>
<trkpt lat="50.440427" lon="-104.386402">
<ele>590.6</ele>
<time>2026-08-25T12:15:30.839-06:00</time>
<extensions>
<gpxtpx:TrackPointExtension>
<gpxtpx:speed>6.26</gpxtpx:speed>
</gpxtpx:TrackPointExtension>
<opentracks:accuracy_horizontal>4.057</opentracks:accuracy_horizontal></extensions>
</trkpt>
<trkpt lat="50.44029" lon="-104.386307">
<ele>591</ele>
<time>2026-08-25T12:15:32.819-06:00</time>
<extensions>
<gpxtpx:TrackPointExtension>
<gpxtpx:speed>6.71</gpxtpx:speed>
</gpxtpx:TrackPointExtension>
<opentracks:accuracy_horizontal>4.078</opentracks:accuracy_horizontal></extensions>
</trkpt>
<trkpt lat="50.44016" lon="-104.386238">
<ele>590.9</ele>
<time>2026-08-25T12:15:34.824-06:00</time>
<extensions>
<gpxtpx:TrackPointExtension>
<gpxtpx:speed>6.4</gpxtpx:speed>
</gpxtpx:TrackPointExtension>
<opentracks:accuracy_horizontal>4.044</opentracks:accuracy_horizontal></extensions>
</trkpt>
<trkpt lat="50.440056" lon="-104.38618">
<ele>590.7</ele>
<time>2026-08-25T12:15:36.822-06:00</time>
<extensions>
<gpxtpx:TrackPointExtension>
<gpxtpx:speed>5.47</gpxtpx:speed>
</gpxtpx:TrackPointExtension>
<opentracks:accuracy_horizontal>3.994</opentracks:accuracy_horizontal></extensions>
</trkpt>
<trkpt lat="50.439959" lon="-104.386135">
<ele>590.4</ele>
<time>2026-08-25T12:15:38.829-06:00</time>
<extensions>
<gpxtpx:TrackPointExtension>
<gpxtpx:speed>5.39</gpxtpx:speed>
</gpxtpx:TrackPointExtension>
<opentracks:accuracy_horizontal>4.071</opentracks:accuracy_horizontal></extensions>
</trkpt>
<trkpt lat="50.439845" lon="-104.386032">
<ele>591</ele>
<time>2026-08-25T12:15:41.838-06:00</time>
<extensions>
<gpxtpx:TrackPointExtension>
<gpxtpx:speed>5.05</gpxtpx:speed>
</gpxtpx:TrackPointExtension>
<opentracks:accuracy_horizontal>3.959</opentracks:accuracy_horizontal></extensions>
</trkpt>
<trkpt lat="50.439772" lon="-104.385932">
<ele>591.3</ele>
<time>2026-08-25T12:15:43.824-06:00</time>
<extensions>
<gpxtpx:TrackPointExtension>
<gpxtpx:speed>5.37</gpxtpx:speed>
</gpxtpx:TrackPointExtension>
<opentracks:accuracy_horizontal>3.963</opentracks:accuracy_horizontal></extensions>
</trkpt>
<trkpt lat="50.439703" lon="-104.385837">
<ele>591</ele>
<time>2026-08-25T12:15:45.818-06:00</time>
<extensions>
<gpxtpx:TrackPointExtension>
<gpxtpx:speed>4.69</gpxtpx:speed>
</gpxtpx:TrackPointExtension>
<opentracks:accuracy_horizontal>3.914</opentracks:accuracy_horizontal></extensions>
</trkpt>
<trkpt lat="50.439609" lon="-104.385695">
<ele>591</ele>
<time>2026-08-25T12:15:48.828-06:00</time>
<extensions>
<gpxtpx:TrackPointExtension>
<gpxtpx:speed>5.08</gpxtpx:speed>
</gpxtpx:TrackPointExtension>
<opentracks:accuracy_horizontal>3.893</opentracks:accuracy_horizontal></extensions>
</trkpt>
<trkpt lat="50.439555" lon="-104.385562">
<ele>590.7</ele>
<time>2026-08-25T12:15:50.824-06:00</time>
<extensions>
<gpxtpx:TrackPointExtension>
<gpxtpx:speed>5.26</gpxtpx:speed>
</gpxtpx:TrackPointExtension>
<opentracks:accuracy_horizontal>3.867</opentracks:accuracy_horizontal></extensions>
</trkpt>
<trkpt lat="50.439519" lon="-104.385419">
<ele>590.5</ele>
<time>2026-08-25T12:15:52.821-06:00</time>
<extensions>
<gpxtpx:TrackPointExtension>
<gpxtpx:speed>5.22</gpxtpx:speed>
</gpxtpx:TrackPointExtension>
<opentracks:accuracy_horizontal>3.867</opentracks:accuracy_horizontal></extensions>
</trkpt>
<trkpt lat="50.439492" lon="-104.385269">
<ele>589.8</ele>
<time>2026-08-25T12:15:54.824-06:00</time>
<extensions>
<gpxtpx:TrackPointExtension>
<gpxtpx:speed>5.47</gpxtpx:speed>
</gpxtpx:TrackPointExtension>
<opentracks:accuracy_horizontal>3.868</opentracks:accuracy_horizontal></extensions>
</trkpt>
<trkpt lat="50.439475" lon="-104.385114">
<ele>589.4</ele>
<time>2026-08-25T12:15:56.813-06:00</time>
<extensions>
<gpxtpx:TrackPointExtension>
<gpxtpx:speed>5.34</gpxtpx:speed>
</gpxtpx:TrackPointExtension>
<opentracks:accuracy_horizontal>3.868</opentracks:accuracy_horizontal></extensions>
</trkpt>
<trkpt lat="50.439467" lon="-104.384961">
<ele>589.6</ele>
<time>2026-08-25T12:15:58.818-06:00</time>
<extensions>
<gpxtpx:TrackPointExtension>
<gpxtpx:speed>5.39</gpxtpx:speed>
</gpxtpx:TrackPointExtension>
<opentracks:accuracy_horizontal>3.868</opentracks:accuracy_horizontal></extensions>
</trkpt>
<trkpt lat="50.439456" lon="-104.384801">
<ele>589.7</ele>
<time>2026-08-25T12:16:00.83-06:00</time>
<extensions>
<gpxtpx:TrackPointExtension>
<gpxtpx:speed>5.47</gpxtpx:speed>
</gpxtpx:TrackPointExtension>
<opentracks:accuracy_horizontal>3.872</opentracks:accuracy_horizontal></extensions>
</trkpt>
<trkpt lat="50.439433" lon="-104.38464">
<ele>590.6</ele>
<time>2026-08-25T12:16:02.825-06:00</time>
<extensions>
<gpxtpx:TrackPointExtension>
<gpxtpx:speed>5.77</gpxtpx:speed>
</gpxtpx:TrackPointExtension>
<opentracks:accuracy_horizontal>3.885</opentracks:accuracy_horizontal></extensions>
</trkpt>
<trkpt lat="50.439399" lon="-104.384488">
<ele>591.4</ele>
<time>2026-08-25T12:16:04.836-06:00</time>
<extensions>
<gpxtpx:TrackPointExtension>
<gpxtpx:speed>5.77</gpxtpx:speed>
</gpxtpx:TrackPointExtension>
<opentracks:accuracy_horizontal>4.008</opentracks:accuracy_horizontal></extensions>
</trkpt>
<trkpt lat="50.439367" lon="-104.384347">
<ele>592</ele>
<time>2026-08-25T12:16:06.833-06:00</time>
<extensions>
<gpxtpx:TrackPointExtension>
<gpxtpx:speed>5.32</gpxtpx:speed>
</gpxtpx:TrackPointExtension>
<opentracks:accuracy_horizontal>4.029</opentracks:accuracy_horizontal></extensions>
</trkpt>
<trkpt lat="50.439318" lon="-104.384214">
<ele>591.8</ele>
<time>2026-08-25T12:16:08.83-06:00</time>
<extensions>
<gpxtpx:TrackPointExtension>
<gpxtpx:speed>5.26</gpxtpx:speed>
</gpxtpx:TrackPointExtension>
<opentracks:accuracy_horizontal>4.008</opentracks:accuracy_horizontal></extensions>
</trkpt>
<trkpt lat="50.439248" lon="-104.384085">
<ele>592.4</ele>
<time>2026-08-25T12:16:10.84-06:00</time>
<extensions>
<gpxtpx:TrackPointExtension>
<gpxtpx:speed>5.57</gpxtpx:speed>
</gpxtpx:TrackPointExtension>
<opentracks:accuracy_horizontal>3.812</opentracks:accuracy_horizontal></extensions>
</trkpt>
<trkpt lat="50.439183" lon="-104.383958">
<ele>592.8</ele>
<time>2026-08-25T12:16:12.826-06:00</time>
<extensions>
<gpxtpx:TrackPointExtension>
<gpxtpx:speed>5.66</gpxtpx:speed>
</gpxtpx:TrackPointExtension>
<opentracks:accuracy_horizontal>3.748</opentracks:accuracy_horizontal></extensions>
</trkpt>
<trkpt lat="50.439131" lon="-104.383821">
<ele>592.9</ele>
<time>2026-08-25T12:16:14.831-06:00</time>
<extensions>
<gpxtpx:TrackPointExtension>
<gpxtpx:speed>5.45</gpxtpx:speed>
</gpxtpx:TrackPointExtension>
<opentracks:accuracy_horizontal>3.735</opentracks:accuracy_horizontal></extensions>
</trkpt>
<trkpt lat="50.439081" lon="-104.383685">
<ele>592.4</ele>
<time>2026-08-25T12:16:16.835-06:00</time>
<extensions>
<gpxtpx:TrackPointExtension>
<gpxtpx:speed>5.77</gpxtpx:speed>
</gpxtpx:TrackPointExtension>
<opentracks:accuracy_horizontal>3.87</opentracks:accuracy_horizontal></extensions>
</trkpt>
<trkpt lat="50.439052" lon="-104.38352">
<ele>592.3</ele>
<time>2026-08-25T12:16:18.835-06:00</time>
<extensions>
<gpxtpx:TrackPointExtension>
<gpxtpx:speed>6.03</gpxtpx:speed>
</gpxtpx:TrackPointExtension>
<opentracks:accuracy_horizontal>3.87</opentracks:accuracy_horizontal></extensions>
</trkpt>
<trkpt lat="50.439044" lon="-104.383342">
<ele>592.5</ele>
<time>2026-08-25T12:16:20.817-06:00</time>
<extensions>
<gpxtpx:TrackPointExtension>
<gpxtpx:speed>5.86</gpxtpx:speed>
</gpxtpx:TrackPointExtension>
<opentracks:accuracy_horizontal>3.832</opentracks:accuracy_horizontal></extensions>
</trkpt>
<trkpt lat="50.439051" lon="-104.383171">
<ele>592.5</ele>
<time>2026-08-25T12:16:22.836-06:00</time>
<extensions>
<gpxtpx:TrackPointExtension>
<gpxtpx:speed>5.67</gpxtpx:speed>
</gpxtpx:TrackPointExtension>
<opentracks:accuracy_horizontal>3.94</opentracks:accuracy_horizontal></extensions>
</trkpt>
<trkpt lat="50.439053" lon="-104.38301">
<ele>593.2</ele>
<time>2026-08-25T12:16:24.828-06:00</time>
<extensions>
<gpxtpx:TrackPointExtension>
<gpxtpx:speed>5.8</gpxtpx:speed>
</gpxtpx:TrackPointExtension>
<opentracks:accuracy_horizontal>3.993</opentracks:accuracy_horizontal></extensions>
</trkpt>
<trkpt lat="50.439038" lon="-104.38284">
<ele>592.8</ele>
<time>2026-08-25T12:16:26.827-06:00</time>
<extensions>
<gpxtpx:TrackPointExtension>
<gpxtpx:speed>5.89</gpxtpx:speed>
</gpxtpx:TrackPointExtension>
<opentracks:accuracy_horizontal>4.009</opentracks:accuracy_horizontal></extensions>
</trkpt>
<trkpt lat="50.439002" lon="-104.382682">
<ele>592.7</ele>
<time>2026-08-25T12:16:28.834-06:00</time>
<extensions>
<gpxtpx:TrackPointExtension>
<gpxtpx:speed>5.95</gpxtpx:speed>
</gpxtpx:TrackPointExtension>
<opentracks:accuracy_horizontal>4.008</opentracks:accuracy_horizontal></extensions>
</trkpt>
<trkpt lat="50.438959" lon="-104.382523">
<ele>593</ele>
<time>2026-08-25T12:16:30.808-06:00</time>
<extensions>
<gpxtpx:TrackPointExtension>
<gpxtpx:speed>5.89</gpxtpx:speed>
</gpxtpx:TrackPointExtension>
<opentracks:accuracy_horizontal>3.899</opentracks:accuracy_horizontal></extensions>
</trkpt>
<trkpt lat="50.438872" lon="-104.38241">
<ele>592.8</ele>
<time>2026-08-25T12:16:32.817-06:00</time>
<extensions>
<gpxtpx:TrackPointExtension>
<gpxtpx:speed>6.21</gpxtpx:speed>
</gpxtpx:TrackPointExtension>
<opentracks:accuracy_horizontal>3.822</opentracks:accuracy_horizontal></extensions>
</trkpt>
<trkpt lat="50.438767" lon="-104.382306">
<ele>592.7</ele>
<time>2026-08-25T12:16:34.837-06:00</time>
<extensions>
<gpxtpx:TrackPointExtension>
<gpxtpx:speed>6.29</gpxtpx:speed>
</gpxtpx:TrackPointExtension>
<opentracks:accuracy_horizontal>3.76</opentracks:accuracy_horizontal></extensions>
</trkpt>
<trkpt lat="50.438674" lon="-104.382196">
<ele>592.6</ele>
<time>2026-08-25T12:16:36.814-06:00</time>
<extensions>
<gpxtpx:TrackPointExtension>
<gpxtpx:speed>6.17</gpxtpx:speed>
</gpxtpx:TrackPointExtension>
<opentracks:accuracy_horizontal>3.772</opentracks:accuracy_horizontal></extensions>
</trkpt>
<trkpt lat="50.438604" lon="-104.382036">
<ele>592.2</ele>
<time>2026-08-25T12:16:38.842-06:00</time>
<extensions>
<gpxtpx:TrackPointExtension>
<gpxtpx:speed>6.91</gpxtpx:speed>
</gpxtpx:TrackPointExtension>
<opentracks:accuracy_horizontal>3.881</opentracks:accuracy_horizontal></extensions>
</trkpt>
<trkpt lat="50.438567" lon="-104.381834">
<ele>591.8</ele>
<time>2026-08-25T12:16:40.837-06:00</time>
<extensions>
<gpxtpx:TrackPointExtension>
<gpxtpx:speed>6.8</gpxtpx:speed>
</gpxtpx:TrackPointExtension>
<opentracks:accuracy_horizontal>3.694</opentracks:accuracy_horizontal></extensions>
</trkpt>
<trkpt lat="50.438534" lon="-104.381636">
<ele>591.8</ele>
<time>2026-08-25T12:16:42.825-06:00</time>
<extensions>
<gpxtpx:TrackPointExtension>
<gpxtpx:speed>7.33</gpxtpx:speed>
</gpxtpx:TrackPointExtension>
<opentracks:accuracy_horizontal>3.672</opentracks:accuracy_horizontal></extensions>
</trkpt>
<trkpt lat="50.438529" lon="-104.381416">
<ele>590.9</ele>
<time>2026-08-25T12:16:44.837-06:00</time>
<extensions>
<gpxtpx:TrackPointExtension>
<gpxtpx:speed>6.89</gpxtpx:speed>
</gpxtpx:TrackPointExtension>
<opentracks:accuracy_horizontal>3.672</opentracks:accuracy_horizontal></extensions>
</trkpt>
<trkpt lat="50.438526" lon="-104.381232">
<ele>590.9</ele>
<time>2026-08-25T12:16:46.83-06:00</time>
<extensions>
<gpxtpx:TrackPointExtension>
<gpxtpx:speed>6.83</gpxtpx:speed>
</gpxtpx:TrackPointExtension>
<opentracks:accuracy_horizontal>3.731</opentracks:accuracy_horizontal></extensions>
</trkpt>
<trkpt lat="50.438526" lon="-104.381025">
<ele>592.5</ele>
<time>2026-08-25T12:16:48.822-06:00</time>
<extensions>
<gpxtpx:TrackPointExtension>
<gpxtpx:speed>7.19</gpxtpx:speed>
</gpxtpx:TrackPointExtension>
<opentracks:accuracy_horizontal>3.882</opentracks:accuracy_horizontal></extensions>
</trkpt>
<trkpt lat="50.438512" lon="-104.380816">
<ele>592.8</ele>
<time>2026-08-25T12:16:50.818-06:00</time>
<extensions>
<gpxtpx:TrackPointExtension>
<gpxtpx:speed>6.88</gpxtpx:speed>
</gpxtpx:TrackPointExtension>
<opentracks:accuracy_horizontal>3.882</opentracks:accuracy_horizontal></extensions>
</trkpt>
<trkpt lat="50.438476" lon="-104.380628">
<ele>592.5</ele>
<time>2026-08-25T12:16:52.835-06:00</time>
<extensions>
<gpxtpx:TrackPointExtension>
<gpxtpx:speed>6.69</gpxtpx:speed>
</gpxtpx:TrackPointExtension>
<opentracks:accuracy_horizontal>3.672</opentracks:accuracy_horizontal></extensions>
</trkpt>
<trkpt lat="50.438441" lon="-104.38045">
<ele>592.2</ele>
<time>2026-08-25T12:16:54.828-06:00</time>
<extensions>
<gpxtpx:TrackPointExtension>
<gpxtpx:speed>6.7</gpxtpx:speed>
</gpxtpx:TrackPointExtension>
<opentracks:accuracy_horizontal>3.689</opentracks:accuracy_horizontal></extensions>
</trkpt>
<trkpt lat="50.438393" lon="-104.380271">
<ele>592.8</ele>
<time>2026-08-25T12:16:56.818-06:00</time>
<extensions>
<gpxtpx:TrackPointExtension>
<gpxtpx:speed>7.07</gpxtpx:speed>
</gpxtpx:TrackPointExtension>
<opentracks:accuracy_horizontal>3.874</opentracks:accuracy_horizontal></extensions>
</trkpt>
<trkpt lat="50.438342" lon="-104.380106">
<ele>592.8</ele>
<time>2026-08-25T12:16:58.826-06:00</time>
<extensions>
<gpxtpx:TrackPointExtension>
<gpxtpx:speed>5.65</gpxtpx:speed>
</gpxtpx:TrackPointExtension>
<opentracks:accuracy_horizontal>4.415</opentracks:accuracy_horizontal></extensions>
</trkpt>
<trkpt lat="50.438294" lon="-104.37997">
<ele>592.3</ele>
<time>2026-08-25T12:17:00.829-06:00</time>
<extensions>
<gpxtpx:TrackPointExtension>
<gpxtpx:speed>5.42</gpxtpx:speed>
</gpxtpx:TrackPointExtension>
<opentracks:accuracy_horizontal>4.415</opentracks:accuracy_horizontal></extensions>
</trkpt>
<trkpt lat="50.438251" lon="-104.379815">
<ele>592.6</ele>
<time>2026-08-25T12:17:02.812-06:00</time>
<extensions>
<gpxtpx:TrackPointExtension>
<gpxtpx:speed>6.08</gpxtpx:speed>
</gpxtpx:TrackPointExtension>
<opentracks:accuracy_horizontal>4.416</opentracks:accuracy_horizontal></extensions>
</trkpt>
<trkpt lat="50.438195" lon="-104.37964">
<ele>592.5</ele>
<time>2026-08-25T12:17:04.834-06:00</time>
<extensions>
<gpxtpx:TrackPointExtension>
<gpxtpx:speed>6.75</gpxtpx:speed>
</gpxtpx:TrackPointExtension>
<opentracks:accuracy_horizontal>4.416</opentracks:accuracy_horizontal></extensions>
</trkpt>
<trkpt lat="50.438145" lon="-104.379468">
<ele>592.5</ele>
<time>2026-08-25T12:17:06.834-06:00</time>
<extensions>
<gpxtpx:TrackPointExtension>
<gpxtpx:speed>6.52</gpxtpx:speed>
</gpxtpx:TrackPointExtension>
<opentracks:accuracy_horizontal>3.875</opentracks:accuracy_horizontal></extensions>
</trkpt>
<trkpt lat="50.438113" lon="-104.379304">
<ele>591.6</ele>
<time>2026-08-25T12:17:08.805-06:00</time>
<extensions>
<gpxtpx:TrackPointExtension>
<gpxtpx:speed>6.07</gpxtpx:speed>
</gpxtpx:TrackPointExtension>
<opentracks:accuracy_horizontal>4.417</opentracks:accuracy_horizontal></extensions>
</trkpt>
<trkpt lat="50.438115" lon="-104.379122">
<ele>591.2</ele>
<time>2026-08-25T12:17:10.829-06:00</time>
<extensions>
<gpxtpx:TrackPointExtension>
<gpxtpx:speed>6.36</gpxtpx:speed>
</gpxtpx:TrackPointExtension>
<opentracks:accuracy_horizontal>3.876</opentracks:accuracy_horizontal></extensions>
</trkpt>
<trkpt lat="50.438126" lon="-104.378931">
<ele>591</ele>
<time>2026-08-25T12:17:12.821-06:00</time>
<extensions>
<gpxtpx:TrackPointExtension>
<gpxtpx:speed>6.84</gpxtpx:speed>
</gpxtpx:TrackPointExtension>
<opentracks:accuracy_horizontal>4.025</opentracks:accuracy_horizontal></extensions>
</trkpt>
<trkpt lat="50.438125" lon="-104.378719">
<ele>591.7</ele>
<time>2026-08-25T12:17:14.834-06:00</time>
<extensions>
<gpxtpx:TrackPointExtension>
<gpxtpx:speed>7.12</gpxtpx:speed>
</gpxtpx:TrackPointExtension>
<opentracks:accuracy_horizontal>3.946</opentracks:accuracy_horizontal></extensions>
</trkpt>
<trkpt lat="50.438088" lon="-104.37853">
<ele>592.2</ele>
<time>2026-08-25T12:17:16.822-06:00</time>
<extensions>
<gpxtpx:TrackPointExtension>
<gpxtpx:speed>7.07</gpxtpx:speed>
</gpxtpx:TrackPointExtension>
<opentracks:accuracy_horizontal>3.834</opentracks:accuracy_horizontal></extensions>
</trkpt>
<trkpt lat="50.438038" lon="-104.378348">
<ele>591.5</ele>
<time>2026-08-25T12:17:18.821-06:00</time>
<extensions>
<gpxtpx:TrackPointExtension>
<gpxtpx:speed>6.53</gpxtpx:speed>
</gpxtpx:TrackPointExtension>
<opentracks:accuracy_horizontal>3.844</opentracks:accuracy_horizontal></extensions>
</trkpt>
<trkpt lat="50.43799" lon="-104.378162">
<ele>591.5</ele>
<time>2026-08-25T12:17:20.821-06:00</time>
<extensions>
<gpxtpx:TrackPointExtension>
<gpxtpx:speed>7.27</gpxtpx:speed>
</gpxtpx:TrackPointExtension>
<opentracks:accuracy_horizontal>3.878</opentracks:accuracy_horizontal></extensions>
</trkpt>
<trkpt lat="50.437944" lon="-104.37796">
<ele>591.3</ele>
<time>2026-08-25T12:17:22.831-06:00</time>
<extensions>
<gpxtpx:TrackPointExtension>
<gpxtpx:speed>7.33</gpxtpx:speed>
</gpxtpx:TrackPointExtension>
<opentracks:accuracy_horizontal>3.746</opentracks:accuracy_horizontal></extensions>
</trkpt>
<trkpt lat="50.437901" lon="-104.377773">
<ele>591.2</ele>
<time>2026-08-25T12:17:24.835-06:00</time>
<extensions>
<gpxtpx:TrackPointExtension>
<gpxtpx:speed>6.92</gpxtpx:speed>
</gpxtpx:TrackPointExtension>
<opentracks:accuracy_horizontal>3.833</opentracks:accuracy_horizontal></extensions>
</trkpt>
<trkpt lat="50.437842" lon="-104.377589">
<ele>591.4</ele>
<time>2026-08-25T12:17:26.831-06:00</time>
<extensions>
<gpxtpx:TrackPointExtension>
<gpxtpx:speed>7.14</gpxtpx:speed>
</gpxtpx:TrackPointExtension>
<opentracks:accuracy_horizontal>3.787</opentracks:accuracy_horizontal></extensions>
</trkpt>
<trkpt lat="50.437752" lon="-104.377436">
<ele>591.6</ele>
<time>2026-08-25T12:17:28.821-06:00</time>
<extensions>
<gpxtpx:TrackPointExtension>
<gpxtpx:speed>6.79</gpxtpx:speed>
</gpxtpx:TrackPointExtension>
<opentracks:accuracy_horizontal>3.827</opentracks:accuracy_horizontal></extensions>
</trkpt>
<trkpt lat="50.437681" lon="-104.377281">
<ele>592.2</ele>
<time>2026-08-25T12:17:30.83-06:00</time>
<extensions>
<gpxtpx:TrackPointExtension>
<gpxtpx:speed>6.76</gpxtpx:speed>
</gpxtpx:TrackPointExtension>
<opentracks:accuracy_horizontal>3.674</opentracks:accuracy_horizontal></extensions>
</trkpt>
<trkpt lat="50.437638" lon="-104.377113">
<ele>591.3</ele>
<time>2026-08-25T12:17:32.825-06:00</time>
<extensions>
<gpxtpx:TrackPointExtension>
<gpxtpx:speed>6.52</gpxtpx:speed>
</gpxtpx:TrackPointExtension>
<opentracks:accuracy_horizontal>3.674</opentracks:accuracy_horizontal></extensions>
</trkpt>
<trkpt lat="50.43761" lon="-104.376914">
<ele>591.5</ele>
<time>2026-08-25T12:17:34.826-06:00</time>
<extensions>
<gpxtpx:TrackPointExtension>
<gpxtpx:speed>7.58</gpxtpx:speed>
</gpxtpx:TrackPointExtension>
<opentracks:accuracy_horizontal>4.422</opentracks:accuracy_horizontal></extensions>
</trkpt>
<trkpt lat="50.437583" lon="-104.376705">
<ele>591.2</ele>
<time>2026-08-25T12:17:36.828-06:00</time>
<extensions>
<gpxtpx:TrackPointExtension>
<gpxtpx:speed>6.42</gpxtpx:speed>
</gpxtpx:TrackPointExtension>
<opentracks:accuracy_horizontal>3.878</opentracks:accuracy_horizontal></extensions>
</trkpt>
<trkpt lat="50.437556" lon="-104.376547">
<ele>591.3</ele>
<time>2026-08-25T12:17:38.816-06:00</time>
<extensions>
<gpxtpx:TrackPointExtension>
<gpxtpx:speed>5.79</gpxtpx:speed>
</gpxtpx:TrackPointExtension>
<opentracks:accuracy_horizontal>3.879</opentracks:accuracy_horizontal></extensions>
</trkpt>
<trkpt lat="50.437519" lon="-104.376397">
<ele>591.4</ele>
<time>2026-08-25T12:17:40.812-06:00</time>
<extensions>
<gpxtpx:TrackPointExtension>
<gpxtpx:speed>5.74</gpxtpx:speed>
</gpxtpx:TrackPointExtension>
<opentracks:accuracy_horizontal>3.879</opentracks:accuracy_horizontal></extensions>
</trkpt>
<trkpt lat="50.43747" lon="-104.376253">
<ele>591</ele>
<time>2026-08-25T12:17:42.825-06:00</time>
<extensions>
<gpxtpx:TrackPointExtension>
<gpxtpx:speed>5.96</gpxtpx:speed>
</gpxtpx:TrackPointExtension>
<opentracks:accuracy_horizontal>3.879</opentracks:accuracy_horizontal></extensions>
</trkpt>
<trkpt lat="50.437418" lon="-104.376099">
<ele>590.1</ele>
<time>2026-08-25T12:17:44.813-06:00</time>
<extensions>
<gpxtpx:TrackPointExtension>
<gpxtpx:speed>6.44</gpxtpx:speed>
</gpxtpx:TrackPointExtension>
<opentracks:accuracy_horizontal>3.882</opentracks:accuracy_horizontal></extensions>
</trkpt>
<trkpt lat="50.437369" lon="-104.375923">
<ele>590.2</ele>
<time>2026-08-25T12:17:46.827-06:00</time>
<extensions>
<gpxtpx:TrackPointExtension>
<gpxtpx:speed>6.34</gpxtpx:speed>
</gpxtpx:TrackPointExtension>
<opentracks:accuracy_horizontal>3.674</opentracks:accuracy_horizontal></extensions>
</trkpt>
<trkpt lat="50.437296" lon="-104.375721">
<ele>590.8</ele>
<time>2026-08-25T12:17:48.824-06:00</time>
<extensions>
<gpxtpx:TrackPointExtension>
<gpxtpx:speed>7.56</gpxtpx:speed>
</gpxtpx:TrackPointExtension>
<opentracks:accuracy_horizontal>3.674</opentracks:accuracy_horizontal></extensions>
</trkpt>
<trkpt lat="50.437244" lon="-104.375505">
<ele>590.5</ele>
<time>2026-08-25T12:17:50.819-06:00</time>
<extensions>
<gpxtpx:TrackPointExtension>
<gpxtpx:speed>7.89</gpxtpx:speed>
</gpxtpx:TrackPointExtension>
<opentracks:accuracy_horizontal>3.674</opentracks:accuracy_horizontal></extensions>
</trkpt>
<trkpt lat="50.43721" lon="-104.375291">
<ele>590.8</ele>
<time>2026-08-25T12:17:52.833-06:00</time>
<extensions>
<gpxtpx:TrackPointExtension>
<gpxtpx:speed>7.76</gpxtpx:speed>
</gpxtpx:TrackPointExtension>
<opentracks:accuracy_horizontal>3.674</opentracks:accuracy_horizontal></extensions>
</trkpt>
<trkpt lat="50.43719" lon="-104.37508">
<ele>590.3</ele>
<time>2026-08-25T12:17:54.834-06:00</time>
<extensions>
<gpxtpx:TrackPointExtension>
<gpxtpx:speed>8.02</gpxtpx:speed>
</gpxtpx:TrackPointExtension>
<opentracks:accuracy_horizontal>3.674</opentracks:accuracy_horizontal></extensions>
</trkpt>
<trkpt lat="50.437161" lon="-104.374863">
<ele>589.9</ele>
<time>2026-08-25T12:17:56.833-06:00</time>
<extensions>
<gpxtpx:TrackPointExtension>
<gpxtpx:speed>7.91</gpxtpx:speed>
</gpxtpx:TrackPointExtension>
<opentracks:accuracy_horizontal>3.675</opentracks:accuracy_horizontal></extensions>
</trkpt>
<trkpt lat="50.437126" lon="-104.374645">
<ele>589.8</ele>
<time>2026-08-25T12:17:58.813-06:00</time>
<extensions>
<gpxtpx:TrackPointExtension>
<gpxtpx:speed>7.59</gpxtpx:speed>
</gpxtpx:TrackPointExtension>
<opentracks:accuracy_horizontal>3.887</opentracks:accuracy_horizontal></extensions>
</trkpt>
<trkpt lat="50.437086" lon="-104.374434">
<ele>589.3</ele>
<time>2026-08-25T12:18:00.824-06:00</time>
<extensions>
<gpxtpx:TrackPointExtension>
<gpxtpx:speed>7.59</gpxtpx:speed>
</gpxtpx:TrackPointExtension>
<opentracks:accuracy_horizontal>3.675</opentracks:accuracy_horizontal></extensions>
</trkpt>
<trkpt lat="50.437028" lon="-104.374239">
<ele>589.2</ele>
<time>2026-08-25T12:18:02.831-06:00</time>
<extensions>
<gpxtpx:TrackPointExtension>
<gpxtpx:speed>7.67</gpxtpx:speed>
</gpxtpx:TrackPointExtension>
<opentracks:accuracy_horizontal>3.675</opentracks:accuracy_horizontal></extensions>
</trkpt>
<trkpt lat="50.436967" lon="-104.374042">
<ele>589.2</ele>
<time>2026-08-25T12:18:04.843-06:00</time>
<extensions>
<gpxtpx:TrackPointExtension>
<gpxtpx:speed>7.37</gpxtpx:speed>
</gpxtpx:TrackPointExtension>
<opentracks:accuracy_horizontal>3.675</opentracks:accuracy_horizontal></extensions>
</trkpt>
<trkpt lat="50.43691" lon="-104.373859">
<ele>589.6</ele>
<time>2026-08-25T12:18:06.827-06:00</time>
<extensions>
<gpxtpx:TrackPointExtension>
<gpxtpx:speed>7.33</gpxtpx:speed>
</gpxtpx:TrackPointExtension>
<opentracks:accuracy_horizontal>3.675</opentracks:accuracy_horizontal></extensions>
</trkpt>
<trkpt lat="50.436856" lon="-104.37367">
<ele>590.1</ele>
<time>2026-08-25T12:18:08.832-06:00</time>
<extensions>
<gpxtpx:TrackPointExtension>
<gpxtpx:speed>7.25</gpxtpx:speed>
</gpxtpx:TrackPointExtension>
<opentracks:accuracy_horizontal>3.675</opentracks:accuracy_horizontal></extensions>
</trkpt>
<trkpt lat="50.436803" lon="-104.373482">
<ele>590</ele>
<time>2026-08-25T12:18:10.832-06:00</time>
<extensions>
<gpxtpx:TrackPointExtension>
<gpxtpx:speed>7.16</gpxtpx:speed>
</gpxtpx:TrackPointExtension>
<opentracks:accuracy_horizontal>3.675</opentracks:accuracy_horizontal></extensions>
</trkpt>
<trkpt lat="50.43675" lon="-104.373313">
<ele>590.1</ele>
<time>2026-08-25T12:18:12.832-06:00</time>
<extensions>
<gpxtpx:TrackPointExtension>
<gpxtpx:speed>7.14</gpxtpx:speed>
</gpxtpx:TrackPointExtension>
<opentracks:accuracy_horizontal>3.675</opentracks:accuracy_horizontal></extensions>
</trkpt>
<trkpt lat="50.4367" lon="-104.373115">
<ele>590.3</ele>
<time>2026-08-25T12:18:14.825-06:00</time>
<extensions>
<gpxtpx:TrackPointExtension>
<gpxtpx:speed>6.85</gpxtpx:speed>
</gpxtpx:TrackPointExtension>
<opentracks:accuracy_horizontal>3.883</opentracks:accuracy_horizontal></extensions>
</trkpt>
<trkpt lat="50.436659" lon="-104.372953">
<ele>590</ele>
<time>2026-08-25T12:18:16.825-06:00</time>
<extensions>
<gpxtpx:TrackPointExtension>
<gpxtpx:speed>5.88</gpxtpx:speed>
</gpxtpx:TrackPointExtension>
<opentracks:accuracy_horizontal>3.883</opentracks:accuracy_horizontal></extensions>
</trkpt>
<trkpt lat="50.436629" lon="-104.372808">
<ele>590</ele>
<time>2026-08-25T12:18:18.826-06:00</time>
<extensions>
<gpxtpx:TrackPointExtension>
<gpxtpx:speed>5.44</gpxtpx:speed>
</gpxtpx:TrackPointExtension>
<opentracks:accuracy_horizontal>3.675</opentracks:accuracy_horizontal></extensions>
</trkpt>
<trkpt lat="50.436598" lon="-104.372671">
<ele>589.8</ele>
<time>2026-08-25T12:18:20.834-06:00</time>
<extensions>
<gpxtpx:TrackPointExtension>
<gpxtpx:speed>5.31</gpxtpx:speed>
</gpxtpx:TrackPointExtension>
<opentracks:accuracy_horizontal>3.676</opentracks:accuracy_horizontal></extensions>
</trkpt>
<trkpt lat="50.436573" lon="-104.372526">
<ele>589.4</ele>
<time>2026-08-25T12:18:22.817-06:00</time>
<extensions>
<gpxtpx:TrackPointExtension>
<gpxtpx:speed>5.43</gpxtpx:speed>
</gpxtpx:TrackPointExtension>
<opentracks:accuracy_horizontal>3.676</opentracks:accuracy_horizontal></extensions>
</trkpt>
<trkpt lat="50.436531" lon="-104.37238">
<ele>588.8</ele>
<time>2026-08-25T12:18:24.804-06:00</time>
<extensions>
<gpxtpx:TrackPointExtension>
<gpxtpx:speed>5.72</gpxtpx:speed>
</gpxtpx:TrackPointExtension>
<opentracks:accuracy_horizontal>3.676</opentracks:accuracy_horizontal></extensions>
</trkpt>
<trkpt lat="50.436488" lon="-104.372222">
<ele>588.3</ele>
<time>2026-08-25T12:18:26.826-06:00</time>
<extensions>
<gpxtpx:TrackPointExtension>
<gpxtpx:speed>5.75</gpxtpx:speed>
</gpxtpx:TrackPointExtension>
<opentracks:accuracy_horizontal>3.676</opentracks:accuracy_horizontal></extensions>
</trkpt>
<trkpt lat="50.436456" lon="-104.372063">
<ele>588.1</ele>
<time>2026-08-25T12:18:28.836-06:00</time>
<extensions>
<gpxtpx:TrackPointExtension>
<gpxtpx:speed>5.48</gpxtpx:speed>
</gpxtpx:TrackPointExtension>
<opentracks:accuracy_horizontal>3.676</opentracks:accuracy_horizontal></extensions>
</trkpt>
<trkpt lat="50.436425" lon="-104.371921">
<ele>587.5</ele>
<time>2026-08-25T12:18:30.832-06:00</time>
<extensions>
<gpxtpx:TrackPointExtension>
<gpxtpx:speed>4.75</gpxtpx:speed>
</gpxtpx:TrackPointExtension>
<opentracks:accuracy_horizontal>3.676</opentracks:accuracy_horizontal></extensions>
</trkpt>
<trkpt lat="50.436384" lon="-104.371731">
<ele>586.8</ele>
<time>2026-08-25T12:18:33.833-06:00</time>
<extensions>
<gpxtpx:TrackPointExtension>
<gpxtpx:speed>4.52</gpxtpx:speed>
</gpxtpx:TrackPointExtension>
<opentracks:accuracy_horizontal>3.676</opentracks:accuracy_horizontal></extensions>
</trkpt>
<trkpt lat="50.436334" lon="-104.371569">
<ele>585.9</ele>
<time>2026-08-25T12:18:36.829-06:00</time>
<extensions>
<gpxtpx:TrackPointExtension>
<gpxtpx:speed>4.23</gpxtpx:speed>
</gpxtpx:TrackPointExtension>
<opentracks:accuracy_horizontal>3.676</opentracks:accuracy_horizontal></extensions>
</trkpt>
<trkpt lat="50.436267" lon="-104.371433">
<ele>584.6</ele>
<time>2026-08-25T12:18:39.841-06:00</time>
<extensions>
<gpxtpx:TrackPointExtension>
<gpxtpx:speed>4.76</gpxtpx:speed>
</gpxtpx:TrackPointExtension>
<opentracks:accuracy_horizontal>3.89</opentracks:accuracy_horizontal></extensions>
</trkpt>
<trkpt lat="50.436148" lon="-104.371476">
<ele>584.6</ele>
<time>2026-08-25T12:18:41.823-06:00</time>
<extensions>
<gpxtpx:TrackPointExtension>
<gpxtpx:speed>5.74</gpxtpx:speed>
</gpxtpx:TrackPointExtension>
<opentracks:accuracy_horizontal>3.876</opentracks:accuracy_horizontal></extensions>
</trkpt>
<trkpt lat="50.43602" lon="-104.3715">
<ele>584.9</ele>
<time>2026-08-25T12:18:43.832-06:00</time>
<extensions>
<gpxtpx:TrackPointExtension>
<gpxtpx:speed>6.3</gpxtpx:speed>
</gpxtpx:TrackPointExtension>
<opentracks:accuracy_horizontal>3.823</opentracks:accuracy_horizontal></extensions>
</trkpt>
<trkpt lat="50.435893" lon="-104.371459">
<ele>585.5</ele>
<time>2026-08-25T12:18:45.83-06:00</time>
<extensions>
<gpxtpx:TrackPointExtension>
<gpxtpx:speed>6.64</gpxtpx:speed>
</gpxtpx:TrackPointExtension>
<opentracks:accuracy_horizontal>3.84</opentracks:accuracy_horizontal></extensions>
</trkpt>
<trkpt lat="50.435766" lon="-104.371366">
<ele>586.6</ele>
<time>2026-08-25T12:18:47.817-06:00</time>
<extensions>
<gpxtpx:TrackPointExtension>
<gpxtpx:speed>7.33</gpxtpx:speed>
</gpxtpx:TrackPointExtension>
<opentracks:accuracy_horizontal>3.717</opentracks:accuracy_horizontal></extensions>
</trkpt>
<trkpt lat="50.43564" lon="-104.371233">
<ele>586.5</ele>
<time>2026-08-25T12:18:49.824-06:00</time>
<extensions>
<gpxtpx:TrackPointExtension>
<gpxtpx:speed>8.01</gpxtpx:speed>
</gpxtpx:TrackPointExtension>
<opentracks:accuracy_horizontal>3.677</opentracks:accuracy_horizontal></extensions>
</trkpt>
<trkpt lat="50.435528" lon="-104.371081">
<ele>585.6</ele>
<time>2026-08-25T12:18:51.818-06:00</time>
<extensions>
<gpxtpx:TrackPointExtension>
<gpxtpx:speed>7.8</gpxtpx:speed>
</gpxtpx:TrackPointExtension>
<opentracks:accuracy_horizontal>4.437</opentracks:accuracy_horizontal></extensions>
</trkpt>
<trkpt lat="50.435417" lon="-104.370923">
<ele>585.3</ele>
<time>2026-08-25T12:18:53.808-06:00</time>
<extensions>
<gpxtpx:TrackPointExtension>
<gpxtpx:speed>8.29</gpxtpx:speed>
</gpxtpx:TrackPointExtension>
<opentracks:accuracy_horizontal>3.893</opentracks:accuracy_horizontal></extensions>
</trkpt>
<trkpt lat="50.435297" lon="-104.37075">
<ele>585</ele>
<time>2026-08-25T12:18:55.824-06:00</time>
<extensions>
<gpxtpx:TrackPointExtension>
<gpxtpx:speed>8.79</gpxtpx:speed>
</gpxtpx:TrackPointExtension>
<opentracks:accuracy_horizontal>3.887</opentracks:accuracy_horizontal></extensions>
</trkpt>
<trkpt lat="50.435166" lon="-104.370585">
<ele>585.2</ele>
<time>2026-08-25T12:18:57.829-06:00</time>
<extensions>
<gpxtpx:TrackPointExtension>
<gpxtpx:speed>9.54</gpxtpx:speed>
</gpxtpx:TrackPointExtension>
<opentracks:accuracy_horizontal>4.438</opentracks:accuracy_horizontal></extensions>
</trkpt>
<trkpt lat="50.435023" lon="-104.370415">
<ele>585.7</ele>
<time>2026-08-25T12:18:59.832-06:00</time>
<extensions>
<gpxtpx:TrackPointExtension>
<gpxtpx:speed>10.15</gpxtpx:speed>
</gpxtpx:TrackPointExtension>
<opentracks:accuracy_horizontal>3.888</opentracks:accuracy_horizontal></extensions>
</trkpt>
<trkpt lat="50.434948" lon="-104.370326">
<ele>585.7</ele>
<time>2026-08-25T12:19:00.829-06:00</time>
<extensions>
<gpxtpx:TrackPointExtension>
<gpxtpx:speed>10.34</gpxtpx:speed>
</gpxtpx:TrackPointExtension>
<opentracks:accuracy_horizontal>3.888</opentracks:accuracy_horizontal></extensions>
</trkpt>
<trkpt lat="50.434868" lon="-104.370243">
<ele>586</ele>
<time>2026-08-25T12:19:01.834-06:00</time>
<extensions>
<gpxtpx:TrackPointExtension>
<gpxtpx:speed>10.41</gpxtpx:speed>
</gpxtpx:TrackPointExtension>
<opentracks:accuracy_horizontal>3.677</opentracks:accuracy_horizontal></extensions>
</trkpt>
<trkpt lat="50.434778" lon="-104.370183">
<ele>585.9</ele>
<time>2026-08-25T12:19:02.824-06:00</time>
<extensions>
<gpxtpx:TrackPointExtension>
<gpxtpx:speed>10.6</gpxtpx:speed>
</gpxtpx:TrackPointExtension>
<opentracks:accuracy_horizontal>3.888</opentracks:accuracy_horizontal></extensions>
</trkpt>
<trkpt lat="50.434685" lon="-104.370137">
<ele>585.7</ele>
<time>2026-08-25T12:19:03.839-06:00</time>
<extensions>
<gpxtpx:TrackPointExtension>
<gpxtpx:speed>10.51</gpxtpx:speed>
</gpxtpx:TrackPointExtension>
<opentracks:accuracy_horizontal>3.677</opentracks:accuracy_horizontal></extensions>
</trkpt>
<trkpt lat="50.434591" lon="-104.370094">
<ele>585.7</ele>
<time>2026-08-25T12:19:04.833-06:00</time>
<extensions>
<gpxtpx:TrackPointExtension>
<gpxtpx:speed>10.57</gpxtpx:speed>
</gpxtpx:TrackPointExtension>
<opentracks:accuracy_horizontal>3.694</opentracks:accuracy_horizontal></extensions>
</trkpt>
<trkpt lat="50.434497" lon="-104.370041">
<ele>585.4</ele>
<time>2026-08-25T12:19:05.84-06:00</time>
<extensions>
<gpxtpx:TrackPointExtension>
<gpxtpx:speed>10.17</gpxtpx:speed>
</gpxtpx:TrackPointExtension>
<opentracks:accuracy_horizontal>3.697</opentracks:accuracy_horizontal></extensions>
</trkpt>
<trkpt lat="50.434337" lon="-104.369937">
<ele>585.5</ele>
<time>2026-08-25T12:19:07.823-06:00</time>
<extensions>
<gpxtpx:TrackPointExtension>
<gpxtpx:speed>9.62</gpxtpx:speed>
</gpxtpx:TrackPointExtension>
<opentracks:accuracy_horizontal>3.678</opentracks:accuracy_horizontal></extensions>
</trkpt>
<trkpt lat="50.434175" lon="-104.369837">
<ele>585.9</ele>
<time>2026-08-25T12:19:09.83-06:00</time>
<extensions>
<gpxtpx:TrackPointExtension>
<gpxtpx:speed>9.84</gpxtpx:speed>
</gpxtpx:TrackPointExtension>
<opentracks:accuracy_horizontal>3.678</opentracks:accuracy_horizontal></extensions>
</trkpt>
<trkpt lat="50.43409" lon="-104.369788">
<ele>585.6</ele>
<time>2026-08-25T12:19:10.84-06:00</time>
<extensions>
<gpxtpx:TrackPointExtension>
<gpxtpx:speed>9.99</gpxtpx:speed>
</gpxtpx:TrackPointExtension>
<opentracks:accuracy_horizontal>3.678</opentracks:accuracy_horizontal></extensions>
</trkpt>
<trkpt lat="50.433915" lon="-104.369714">
<ele>585.6</ele>
<time>2026-08-25T12:19:12.823-06:00</time>
<extensions>
<gpxtpx:TrackPointExtension>
<gpxtpx:speed>10.06</gpxtpx:speed>
</gpxtpx:TrackPointExtension>
<opentracks:accuracy_horizontal>3.678</opentracks:accuracy_horizontal></extensions>
</trkpt>
<trkpt lat="50.433823" lon="-104.369733">
<ele>585.9</ele>
<time>2026-08-25T12:19:13.821-06:00</time>
<extensions>
<gpxtpx:TrackPointExtension>
<gpxtpx:speed>10.09</gpxtpx:speed>
</gpxtpx:TrackPointExtension>
<opentracks:accuracy_horizontal>3.708</opentracks:accuracy_horizontal></extensions>
</trkpt>
<trkpt lat="50.433732" lon="-104.369753">
<ele>585.8</ele>
<time>2026-08-25T12:19:14.834-06:00</time>
<extensions>
<gpxtpx:TrackPointExtension>
<gpxtpx:speed>9.55</gpxtpx:speed>
</gpxtpx:TrackPointExtension>
<opentracks:accuracy_horizontal>3.682</opentracks:accuracy_horizontal></extensions>
</trkpt>
<trkpt lat="50.433569" lon="-104.369747">
<ele>586.3</ele>
<time>2026-08-25T12:19:16.82-06:00</time>
<extensions>
<gpxtpx:TrackPointExtension>
<gpxtpx:speed>8.38</gpxtpx:speed>
</gpxtpx:TrackPointExtension>
<opentracks:accuracy_horizontal>3.713</opentracks:accuracy_horizontal></extensions>
</trkpt>
<trkpt lat="50.433435" lon="-104.369738">
<ele>586.8</ele>
<time>2026-08-25T12:19:18.828-06:00</time>
<extensions>
<gpxtpx:TrackPointExtension>
<gpxtpx:speed>6.85</gpxtpx:speed>
</gpxtpx:TrackPointExtension>
<opentracks:accuracy_horizontal>3.91</opentracks:accuracy_horizontal></extensions>
</trkpt>
<trkpt lat="50.433314" lon="-104.369696">
<ele>586.3</ele>
<time>2026-08-25T12:19:20.823-06:00</time>
<extensions>
<gpxtpx:TrackPointExtension>
<gpxtpx:speed>7.14</gpxtpx:speed>
</gpxtpx:TrackPointExtension>
<opentracks:accuracy_horizontal>3.877</opentracks:accuracy_horizontal></extensions>
</trkpt>
<trkpt lat="50.433192" lon="-104.369634">
<ele>586.3</ele>
<time>2026-08-25T12:19:22.829-06:00</time>
<extensions>
<gpxtpx:TrackPointExtension>
<gpxtpx:speed>7.04</gpxtpx:speed>
</gpxtpx:TrackPointExtension>
<opentracks:accuracy_horizontal>3.699</opentracks:accuracy_horizontal></extensions>
</trkpt>
<trkpt lat="50.433086" lon="-104.369551">
<ele>586.3</ele>
<time>2026-08-25T12:19:24.825-06:00</time>
<extensions>
<gpxtpx:TrackPointExtension>
<gpxtpx:speed>5.84</gpxtpx:speed>
</gpxtpx:TrackPointExtension>
<opentracks:accuracy_horizontal>3.89</opentracks:accuracy_horizontal></extensions>
</trkpt>
<trkpt lat="50.433" lon="-104.369487">
<ele>586</ele>
<time>2026-08-25T12:19:26.833-06:00</time>
<extensions>
<gpxtpx:TrackPointExtension>
<gpxtpx:speed>5.36</gpxtpx:speed>
</gpxtpx:TrackPointExtension>
<opentracks:accuracy_horizontal>3.891</opentracks:accuracy_horizontal></extensions>
</trkpt>
<trkpt lat="50.432915" lon="-104.369427">
<ele>586.2</ele>
<time>2026-08-25T12:19:28.831-06:00</time>
<extensions>
<gpxtpx:TrackPointExtension>
<gpxtpx:speed>5.16</gpxtpx:speed>
</gpxtpx:TrackPointExtension>
<opentracks:accuracy_horizontal>3.891</opentracks:accuracy_horizontal></extensions>
</trkpt>
<trkpt lat="50.432795" lon="-104.369367">
<ele>585.7</ele>
<time>2026-08-25T12:19:31.828-06:00</time>
<extensions>
<gpxtpx:TrackPointExtension>
<gpxtpx:speed>5.13</gpxtpx:speed>
</gpxtpx:TrackPointExtension>
<opentracks:accuracy_horizontal>3.69</opentracks:accuracy_horizontal></extensions>
</trkpt>
<trkpt lat="50.432708" lon="-104.36949">
<ele>586.6</ele>
<time>2026-08-25T12:19:33.831-06:00</time>
<extensions>
<gpxtpx:TrackPointExtension>
<gpxtpx:speed>6.14</gpxtpx:speed>
</gpxtpx:TrackPointExtension>
<opentracks:accuracy_horizontal>3.682</opentracks:accuracy_horizontal></extensions>
</trkpt>
<trkpt lat="50.432695" lon="-104.369714">
<ele>585.5</ele>
<time>2026-08-25T12:19:35.837-06:00</time>
<extensions>
<gpxtpx:TrackPointExtension>
<gpxtpx:speed>6.34</gpxtpx:speed>
</gpxtpx:TrackPointExtension>
<opentracks:accuracy_horizontal>3.918</opentracks:accuracy_horizontal></extensions>
</trkpt>
<trkpt lat="50.432699" lon="-104.369921">
<ele>585.1</ele>
<time>2026-08-25T12:19:37.829-06:00</time>
<extensions>
<gpxtpx:TrackPointExtension>
<gpxtpx:speed>6.72</gpxtpx:speed>
</gpxtpx:TrackPointExtension>
<opentracks:accuracy_horizontal>3.679</opentracks:accuracy_horizontal></extensions>
</trkpt>
<trkpt lat="50.432683" lon="-104.370112">
<ele>585.7</ele>
<time>2026-08-25T12:19:39.821-06:00</time>
<extensions>
<gpxtpx:TrackPointExtension>
<gpxtpx:speed>6.59</gpxtpx:speed>
</gpxtpx:TrackPointExtension>
<opentracks:accuracy_horizontal>3.894</opentracks:accuracy_horizontal></extensions>
</trkpt>
<trkpt lat="50.432647" lon="-104.370293">
<ele>587.1</ele>
<time>2026-08-25T12:19:41.824-06:00</time>
<extensions>
<gpxtpx:TrackPointExtension>
<gpxtpx:speed>6.79</gpxtpx:speed>
</gpxtpx:TrackPointExtension>
<opentracks:accuracy_horizontal>3.679</opentracks:accuracy_horizontal></extensions>
</trkpt>
<trkpt lat="50.432613" lon="-104.370481">
<ele>587.2</ele>
<time>2026-08-25T12:19:43.829-06:00</time>
<extensions>
<gpxtpx:TrackPointExtension>
<gpxtpx:speed>6.51</gpxtpx:speed>
</gpxtpx:TrackPointExtension>
<opentracks:accuracy_horizontal>3.679</opentracks:accuracy_horizontal></extensions>
</trkpt>
<trkpt lat="50.43257" lon="-104.370628">
<ele>587.5</ele>
<time>2026-08-25T12:19:45.846-06:00</time>
<extensions>
<gpxtpx:TrackPointExtension>
<gpxtpx:speed>5.4</gpxtpx:speed>
</gpxtpx:TrackPointExtension>
<opentracks:accuracy_horizontal>3.895</opentracks:accuracy_horizontal></extensions>
</trkpt>
<trkpt lat="50.432524" lon="-104.370783">
<ele>589.2</ele>
<time>2026-08-25T12:19:47.825-06:00</time>
<extensions>
<gpxtpx:TrackPointExtension>
<gpxtpx:speed>5.76</gpxtpx:speed>
</gpxtpx:TrackPointExtension>
<opentracks:accuracy_horizontal>3.679</opentracks:accuracy_horizontal></extensions>
</trkpt>
<trkpt lat="50.432482" lon="-104.370945">
<ele>588.9</ele>
<time>2026-08-25T12:19:49.818-06:00</time>
<extensions>
<gpxtpx:TrackPointExtension>
<gpxtpx:speed>5.59</gpxtpx:speed>
</gpxtpx:TrackPointExtension>
<opentracks:accuracy_horizontal>3.679</opentracks:accuracy_horizontal></extensions>
</trkpt>
<trkpt lat="50.432438" lon="-104.371091">
<ele>589.3</ele>
<time>2026-08-25T12:19:51.825-06:00</time>
<extensions>
<gpxtpx:TrackPointExtension>
<gpxtpx:speed>5.59</gpxtpx:speed>
</gpxtpx:TrackPointExtension>
<opentracks:accuracy_horizontal>3.68</opentracks:accuracy_horizontal></extensions>
</trkpt>
<trkpt lat="50.432404" lon="-104.37125">
<ele>589.4</ele>
<time>2026-08-25T12:19:53.824-06:00</time>
<extensions>
<gpxtpx:TrackPointExtension>
<gpxtpx:speed>6.32</gpxtpx:speed>
</gpxtpx:TrackPointExtension>
<opentracks:accuracy_horizontal>3.68</opentracks:accuracy_horizontal></extensions>
</trkpt>
<trkpt lat="50.432361" lon="-104.371433">
<ele>589.8</ele>
<time>2026-08-25T12:19:55.817-06:00</time>
<extensions>
<gpxtpx:TrackPointExtension>
<gpxtpx:speed>6.58</gpxtpx:speed>
</gpxtpx:TrackPointExtension>
<opentracks:accuracy_horizontal>3.68</opentracks:accuracy_horizontal></extensions>
</trkpt>
<trkpt lat="50.432316" lon="-104.371607">
<ele>590.4</ele>
<time>2026-08-25T12:19:57.821-06:00</time>
<extensions>
<gpxtpx:TrackPointExtension>
<gpxtpx:speed>5.87</gpxtpx:speed>
</gpxtpx:TrackPointExtension>
<opentracks:accuracy_horizontal>3.68</opentracks:accuracy_horizontal></extensions>
</trkpt>
<trkpt lat="50.432274" lon="-104.371761">
<ele>590.5</ele>
<time>2026-08-25T12:19:59.823-06:00</time>
<extensions>
<gpxtpx:TrackPointExtension>
<gpxtpx:speed>5.86</gpxtpx:speed>
</gpxtpx:TrackPointExtension>
<opentracks:accuracy_horizontal>3.68</opentracks:accuracy_horizontal></extensions>
</trkpt>
<trkpt lat="50.432227" lon="-104.371917">
<ele>591</ele>
<time>2026-08-25T12:20:01.825-06:00</time>
<extensions>
<gpxtpx:TrackPointExtension>
<gpxtpx:speed>6.23</gpxtpx:speed>
</gpxtpx:TrackPointExtension>
<opentracks:accuracy_horizontal>3.68</opentracks:accuracy_horizontal></extensions>
</trkpt>
<trkpt lat="50.432183" lon="-104.372096">
<ele>591.8</ele>
<time>2026-08-25T12:20:03.818-06:00</time>
<extensions>
<gpxtpx:TrackPointExtension>
<gpxtpx:speed>6.71</gpxtpx:speed>
</gpxtpx:TrackPointExtension>
<opentracks:accuracy_horizontal>3.68</opentracks:accuracy_horizontal></extensions>
</trkpt>
<trkpt lat="50.432141" lon="-104.372284">
<ele>591.3</ele>
<time>2026-08-25T12:20:05.836-06:00</time>
<extensions>
<gpxtpx:TrackPointExtension>
<gpxtpx:speed>6.63</gpxtpx:speed>
</gpxtpx:TrackPointExtension>
<opentracks:accuracy_horizontal>3.896</opentracks:accuracy_horizontal></extensions>
</trkpt>
<trkpt lat="50.432093" lon="-104.372451">
<ele>591</ele>
<time>2026-08-25T12:20:07.829-06:00</time>
<extensions>
<gpxtpx:TrackPointExtension>
<gpxtpx:speed>6.41</gpxtpx:speed>
</gpxtpx:TrackPointExtension>
<opentracks:accuracy_horizontal>3.68</opentracks:accuracy_horizontal></extensions>
</trkpt>
<trkpt lat="50.432043" lon="-104.372618">
<ele>591.2</ele>
<time>2026-08-25T12:20:09.84-06:00</time>
<extensions>
<gpxtpx:TrackPointExtension>
<gpxtpx:speed>6.47</gpxtpx:speed>
</gpxtpx:TrackPointExtension>
<opentracks:accuracy_horizontal>3.68</opentracks:accuracy_horizontal></extensions>
</trkpt>
<trkpt lat="50.431952" lon="-104.372723">
<ele>590</ele>
<time>2026-08-25T12:20:11.832-06:00</time>
<extensions>
<gpxtpx:TrackPointExtension>
<gpxtpx:speed>5.92</gpxtpx:speed>
</gpxtpx:TrackPointExtension>
<opentracks:accuracy_horizontal>3.68</opentracks:accuracy_horizontal></extensions>
</trkpt>
<trkpt lat="50.431821" lon="-104.372718">
<ele>588.6</ele>
<time>2026-08-25T12:20:13.827-06:00</time>
<extensions>
<gpxtpx:TrackPointExtension>
<gpxtpx:speed>6.2</gpxtpx:speed>
</gpxtpx:TrackPointExtension>
<opentracks:accuracy_horizontal>4.07</opentracks:accuracy_horizontal></extensions>
</trkpt>
<trkpt lat="50.4317" lon="-104.372611">
<ele>587.9</ele>
<time>2026-08-25T12:20:15.837-06:00</time>
<extensions>
<gpxtpx:TrackPointExtension>
<gpxtpx:speed>6.77</gpxtpx:speed>
</gpxtpx:TrackPointExtension>
<opentracks:accuracy_horizontal>4.514</opentracks:accuracy_horizontal></extensions>
</trkpt>
<trkpt lat="50.431605" lon="-104.372442">
<ele>587.6</ele>
<time>2026-08-25T12:20:17.833-06:00</time>
<extensions>
<gpxtpx:TrackPointExtension>
<gpxtpx:speed>6.87</gpxtpx:speed>
</gpxtpx:TrackPointExtension>
<opentracks:accuracy_horizontal>4.684</opentracks:accuracy_horizontal></extensions>
</trkpt>
<trkpt lat="50.431489" lon="-104.372247">
<ele>587.6</ele>
<time>2026-08-25T12:20:19.821-06:00</time>
<extensions>
<gpxtpx:TrackPointExtension>
<gpxtpx:speed>7.36</gpxtpx:speed>
</gpxtpx:TrackPointExtension>
<opentracks:accuracy_horizontal>4.193</opentracks:accuracy_horizontal></extensions>
</trkpt>
<trkpt lat="50.431384" lon="-104.372093">
<ele>587.6</ele>
<time>2026-08-25T12:20:21.838-06:00</time>
<extensions>
<gpxtpx:TrackPointExtension>
<gpxtpx:speed>7.41</gpxtpx:speed>
</gpxtpx:TrackPointExtension>
<opentracks:accuracy_horizontal>4.454</opentracks:accuracy_horizontal></extensions>
</trkpt>
<trkpt lat="50.431272" lon="-104.371956">
<ele>587.8</ele>
<time>2026-08-25T12:20:23.839-06:00</time>
<extensions>
<gpxtpx:TrackPointExtension>
<gpxtpx:speed>7.66</gpxtpx:speed>
</gpxtpx:TrackPointExtension>
<opentracks:accuracy_horizontal>4.454</opentracks:accuracy_horizontal></extensions>
</trkpt>
<trkpt lat="50.431152" lon="-104.371833">
<ele>587.7</ele>
<time>2026-08-25T12:20:25.822-06:00</time>
<extensions>
<gpxtpx:TrackPointExtension>
<gpxtpx:speed>7.8</gpxtpx:speed>
</gpxtpx:TrackPointExtension>
<opentracks:accuracy_horizontal>4.454</opentracks:accuracy_horizontal></extensions>
</trkpt>
<trkpt lat="50.431033" lon="-104.371713">
<ele>587.5</ele>
<time>2026-08-25T12:20:27.821-06:00</time>
<extensions>
<gpxtpx:TrackPointExtension>
<gpxtpx:speed>7.66</gpxtpx:speed>
</gpxtpx:TrackPointExtension>
<opentracks:accuracy_horizontal>3.898</opentracks:accuracy_horizontal></extensions>
</trkpt>
<trkpt lat="50.430912" lon="-104.371601">
<ele>587.5</ele>
<time>2026-08-25T12:20:29.818-06:00</time>
<extensions>
<gpxtpx:TrackPointExtension>
<gpxtpx:speed>7.55</gpxtpx:speed>
</gpxtpx:TrackPointExtension>
<opentracks:accuracy_horizontal>3.833</opentracks:accuracy_horizontal></extensions>
</trkpt>
<trkpt lat="50.430791" lon="-104.371498">
<ele>587.3</ele>
<time>2026-08-25T12:20:31.835-06:00</time>
<extensions>
<gpxtpx:TrackPointExtension>
<gpxtpx:speed>7.69</gpxtpx:speed>
</gpxtpx:TrackPointExtension>
<opentracks:accuracy_horizontal>3.898</opentracks:accuracy_horizontal></extensions>
</trkpt>
<trkpt lat="50.430677" lon="-104.37138">
<ele>587.2</ele>
<time>2026-08-25T12:20:33.824-06:00</time>
<extensions>
<gpxtpx:TrackPointExtension>
<gpxtpx:speed>7.45</gpxtpx:speed>
</gpxtpx:TrackPointExtension>
<opentracks:accuracy_horizontal>3.899</opentracks:accuracy_horizontal></extensions>
</trkpt>
<trkpt lat="50.430574" lon="-104.371256">
<ele>587.3</ele>
<time>2026-08-25T12:20:35.843-06:00</time>
<extensions>
<gpxtpx:TrackPointExtension>
<gpxtpx:speed>6.53</gpxtpx:speed>
</gpxtpx:TrackPointExtension>
<opentracks:accuracy_horizontal>3.899</opentracks:accuracy_horizontal></extensions>
</trkpt>
<trkpt lat="50.430488" lon="-104.371129">
<ele>587.5</ele>
<time>2026-08-25T12:20:37.819-06:00</time>
<extensions>
<gpxtpx:TrackPointExtension>
<gpxtpx:speed>6.65</gpxtpx:speed>
</gpxtpx:TrackPointExtension>
<opentracks:accuracy_horizontal>4.456</opentracks:accuracy_horizontal></extensions>
</trkpt>
<trkpt lat="50.430395" lon="-104.371014">
<ele>587.6</ele>
<time>2026-08-25T12:20:39.828-06:00</time>
<extensions>
<gpxtpx:TrackPointExtension>
<gpxtpx:speed>6.23</gpxtpx:speed>
</gpxtpx:TrackPointExtension>
<opentracks:accuracy_horizontal>4.336</opentracks:accuracy_horizontal></extensions>
</trkpt>
<trkpt lat="50.430312" lon="-104.370922">
<ele>587.5</ele>
<time>2026-08-25T12:20:41.825-06:00</time>
<extensions>
<gpxtpx:TrackPointExtension>
<gpxtpx:speed>5.68</gpxtpx:speed>
</gpxtpx:TrackPointExtension>
<opentracks:accuracy_horizontal>4.457</opentracks:accuracy_horizontal></extensions>
</trkpt>
<trkpt lat="50.430246" lon="-104.370815">
<ele>588</ele>
<time>2026-08-25T12:20:43.837-06:00</time>
<extensions>
<gpxtpx:TrackPointExtension>
<gpxtpx:speed>5.71</gpxtpx:speed>
</gpxtpx:TrackPointExtension>
<opentracks:accuracy_horizontal>3.9</opentracks:accuracy_horizontal></extensions>
</trkpt>
<trkpt lat="50.430187" lon="-104.370708">
<ele>587</ele>
<time>2026-08-25T12:20:45.827-06:00</time>
<extensions>
<gpxtpx:TrackPointExtension>
<gpxtpx:speed>4.57</gpxtpx:speed>
</gpxtpx:TrackPointExtension>
<opentracks:accuracy_horizontal>3.9</opentracks:accuracy_horizontal></extensions>
</trkpt>
<trkpt lat="50.430096" lon="-104.370695">
<ele>586.9</ele>
<time>2026-08-25T12:20:47.844-06:00</time>
<extensions>
<gpxtpx:TrackPointExtension>
<gpxtpx:speed>5.11</gpxtpx:speed>
</gpxtpx:TrackPointExtension>
<opentracks:accuracy_horizontal>3.9</opentracks:accuracy_horizontal></extensions>
</trkpt>
<trkpt lat="50.430014" lon="-104.370789">
<ele>587.5</ele>
<time>2026-08-25T12:20:49.82-06:00</time>
<extensions>
<gpxtpx:TrackPointExtension>
<gpxtpx:speed>4.19</gpxtpx:speed>
</gpxtpx:TrackPointExtension>
<opentracks:accuracy_horizontal>3.901</opentracks:accuracy_horizontal></extensions>
</trkpt>
<trkpt lat="50.429952" lon="-104.370923">
<ele>587.6</ele>
<time>2026-08-25T12:20:52.844-06:00</time>
<extensions>
<gpxtpx:TrackPointExtension>
<gpxtpx:speed>3.09</gpxtpx:speed>
</gpxtpx:TrackPointExtension>
<opentracks:accuracy_horizontal>3.682</opentracks:accuracy_horizontal></extensions>
</trkpt>
<trkpt lat="50.429896" lon="-104.371042">
<ele>587.7</ele>
<time>2026-08-25T12:20:56.812-06:00</time>
<extensions>
<gpxtpx:TrackPointExtension>
<gpxtpx:speed>2.36</gpxtpx:speed>
</gpxtpx:TrackPointExtension>
<opentracks:accuracy_horizontal>3.683</opentracks:accuracy_horizontal></extensions>
</trkpt>
<trkpt lat="50.429897" lon="-104.370889">
<ele>586</ele>
<time>2026-08-25T12:21:04.843-06:00</time>
<extensions>
<gpxtpx:TrackPointExtension>
<gpxtpx:speed>3.17</gpxtpx:speed>
</gpxtpx:TrackPointExtension>
<opentracks:accuracy_horizontal>4.47</opentracks:accuracy_horizontal></extensions>
</trkpt>
<trkpt lat="50.430001" lon="-104.370783">
<ele>586.2</ele>
<time>2026-08-25T12:21:07.824-06:00</time>
<extensions>
<gpxtpx:TrackPointExtension>
<gpxtpx:speed>4.3</gpxtpx:speed>
</gpxtpx:TrackPointExtension>
<opentracks:accuracy_horizontal>4.118</opentracks:accuracy_horizontal></extensions>
</trkpt>
<trkpt lat="50.43009" lon="-104.370625">
<ele>586.4</ele>
<time>2026-08-25T12:21:10.823-06:00</time>
<extensions>
<gpxtpx:TrackPointExtension>
<gpxtpx:speed>5.09</gpxtpx:speed>
</gpxtpx:TrackPointExtension>
<opentracks:accuracy_horizontal>4.462</opentracks:accuracy_horizontal></extensions>
</trkpt>
<trkpt lat="50.430181" lon="-104.370545">
<ele>587.1</ele>
<time>2026-08-25T12:21:12.818-06:00</time>
<extensions>
<gpxtpx:TrackPointExtension>
<gpxtpx:speed>5.48</gpxtpx:speed>
</gpxtpx:TrackPointExtension>
<opentracks:accuracy_horizontal>4.462</opentracks:accuracy_horizontal></extensions>
</trkpt>
<trkpt lat="50.430286" lon="-104.370468">
<ele>587.8</ele>
<time>2026-08-25T12:21:14.821-06:00</time>
<extensions>
<gpxtpx:TrackPointExtension>
<gpxtpx:speed>6.29</gpxtpx:speed>
</gpxtpx:TrackPointExtension>
<opentracks:accuracy_horizontal>4.462</opentracks:accuracy_horizontal></extensions>
</trkpt>
<trkpt lat="50.430401" lon="-104.370403">
<ele>587.6</ele>
<time>2026-08-25T12:21:16.833-06:00</time>
<extensions>
<gpxtpx:TrackPointExtension>
<gpxtpx:speed>6.86</gpxtpx:speed>
</gpxtpx:TrackPointExtension>
<opentracks:accuracy_horizontal>4.088</opentracks:accuracy_horizontal></extensions>
</trkpt>
<trkpt lat="50.430535" lon="-104.370357">
<ele>587.7</ele>
<time>2026-08-25T12:21:18.829-06:00</time>
<extensions>
<gpxtpx:TrackPointExtension>
<gpxtpx:speed>6.99</gpxtpx:speed>
</gpxtpx:TrackPointExtension>
<opentracks:accuracy_horizontal>3.999</opentracks:accuracy_horizontal></extensions>
</trkpt>
<trkpt lat="50.430672" lon="-104.370337">
<ele>588.4</ele>
<time>2026-08-25T12:21:20.825-06:00</time>
<extensions>
<gpxtpx:TrackPointExtension>
<gpxtpx:speed>7.05</gpxtpx:speed>
</gpxtpx:TrackPointExtension>
<opentracks:accuracy_horizontal>3.904</opentracks:accuracy_horizontal></extensions>
</trkpt>
<trkpt lat="50.4308" lon="-104.370345">
<ele>588.3</ele>
<time>2026-08-25T12:21:22.836-06:00</time>
<extensions>
<gpxtpx:TrackPointExtension>
<gpxtpx:speed>6.4</gpxtpx:speed>
</gpxtpx:TrackPointExtension>
<opentracks:accuracy_horizontal>3.679</opentracks:accuracy_horizontal></extensions>
</trkpt>
<trkpt lat="50.430904" lon="-104.370316">
<ele>588.4</ele>
<time>2026-08-25T12:21:24.833-06:00</time>
<extensions>
<gpxtpx:TrackPointExtension>
<gpxtpx:speed>5.9</gpxtpx:speed>
</gpxtpx:TrackPointExtension>
<opentracks:accuracy_horizontal>3.731</opentracks:accuracy_horizontal></extensions>
</trkpt>
<trkpt lat="50.431006" lon="-104.370288">
<ele>588.7</ele>
<time>2026-08-25T12:21:26.829-06:00</time>
<extensions>
<gpxtpx:TrackPointExtension>
<gpxtpx:speed>6.04</gpxtpx:speed>
</gpxtpx:TrackPointExtension>
<opentracks:accuracy_horizontal>3.762</opentracks:accuracy_horizontal></extensions>
</trkpt>
<trkpt lat="50.43112" lon="-104.370279">
<ele>589.1</ele>
<time>2026-08-25T12:21:28.834-06:00</time>
<extensions>
<gpxtpx:TrackPointExtension>
<gpxtpx:speed>6.2</gpxtpx:speed>
</gpxtpx:TrackPointExtension>
<opentracks:accuracy_horizontal>3.786</opentracks:accuracy_horizontal></extensions>
</trkpt>
<trkpt lat="50.431237" lon="-104.370279">
<ele>589.1</ele>
<time>2026-08-25T12:21:30.832-06:00</time>
<extensions>
<gpxtpx:TrackPointExtension>
<gpxtpx:speed>6.44</gpxtpx:speed>
</gpxtpx:TrackPointExtension>
<opentracks:accuracy_horizontal>3.906</opentracks:accuracy_horizontal></extensions>
</trkpt>
<trkpt lat="50.431349" lon="-104.37027">
<ele>589.4</ele>
<time>2026-08-25T12:21:32.807-06:00</time>
<extensions>
<gpxtpx:TrackPointExtension>
<gpxtpx:speed>6.25</gpxtpx:speed>
</gpxtpx:TrackPointExtension>
<opentracks:accuracy_horizontal>3.906</opentracks:accuracy_horizontal></extensions>
</trkpt>
<trkpt lat="50.431454" lon="-104.370226">
<ele>589.5</ele>
<time>2026-08-25T12:21:34.837-06:00</time>
<extensions>
<gpxtpx:TrackPointExtension>
<gpxtpx:speed>6.23</gpxtpx:speed>
</gpxtpx:TrackPointExtension>
<opentracks:accuracy_horizontal>3.635</opentracks:accuracy_horizontal></extensions>
</trkpt>
<trkpt lat="50.431559" lon="-104.370178">
<ele>589.6</ele>
<time>2026-08-25T12:21:36.832-06:00</time>
<extensions>
<gpxtpx:TrackPointExtension>
<gpxtpx:speed>6.05</gpxtpx:speed>
</gpxtpx:TrackPointExtension>
<opentracks:accuracy_horizontal>3.644</opentracks:accuracy_horizontal></extensions>
</trkpt>
<trkpt lat="50.431677" lon="-104.370158">
<ele>589.4</ele>
<time>2026-08-25T12:21:38.827-06:00</time>
<extensions>
<gpxtpx:TrackPointExtension>
<gpxtpx:speed>6.61</gpxtpx:speed>
</gpxtpx:TrackPointExtension>
<opentracks:accuracy_horizontal>3.839</opentracks:accuracy_horizontal></extensions>
</trkpt>
<trkpt lat="50.4318" lon="-104.370158">
<ele>589</ele>
<time>2026-08-25T12:21:40.822-06:00</time>
<extensions>
<gpxtpx:TrackPointExtension>
<gpxtpx:speed>6.56</gpxtpx:speed>
</gpxtpx:TrackPointExtension>
<opentracks:accuracy_horizontal>3.635</opentracks:accuracy_horizontal></extensions>
</trkpt>
<trkpt lat="50.431912" lon="-104.370151">
<ele>588.4</ele>
<time>2026-08-25T12:21:42.833-06:00</time>
<extensions>
<gpxtpx:TrackPointExtension>
<gpxtpx:speed>5.88</gpxtpx:speed>
</gpxtpx:TrackPointExtension>
<opentracks:accuracy_horizontal>3.74</opentracks:accuracy_horizontal></extensions>
</trkpt>
<trkpt lat="50.432018" lon="-104.370143">
<ele>587.7</ele>
<time>2026-08-25T12:21:44.851-06:00</time>
<extensions>
<gpxtpx:TrackPointExtension>
<gpxtpx:speed>5.94</gpxtpx:speed>
</gpxtpx:TrackPointExtension>
<opentracks:accuracy_horizontal>3.832</opentracks:accuracy_horizontal></extensions>
</trkpt>
<trkpt lat="50.432123" lon="-104.370149">
<ele>588.4</ele>
<time>2026-08-25T12:21:46.823-06:00</time>
<extensions>
<gpxtpx:TrackPointExtension>
<gpxtpx:speed>5.46</gpxtpx:speed>
</gpxtpx:TrackPointExtension>
<opentracks:accuracy_horizontal>3.954</opentracks:accuracy_horizontal></extensions>
</trkpt>
<trkpt lat="50.432219" lon="-104.370203">
<ele>588.6</ele>
<time>2026-08-25T12:21:48.824-06:00</time>
<extensions>
<gpxtpx:TrackPointExtension>
<gpxtpx:speed>5.58</gpxtpx:speed>
</gpxtpx:TrackPointExtension>
<opentracks:accuracy_horizontal>4.022</opentracks:accuracy_horizontal></extensions>
</trkpt>
<trkpt lat="50.432326" lon="-104.370258">
<ele>588.7</ele>
<time>2026-08-25T12:21:50.831-06:00</time>
<extensions>
<gpxtpx:TrackPointExtension>
<gpxtpx:speed>5.68</gpxtpx:speed>
</gpxtpx:TrackPointExtension>
<opentracks:accuracy_horizontal>3.925</opentracks:accuracy_horizontal></extensions>
</trkpt>
<trkpt lat="50.432426" lon="-104.37029">
<ele>588.8</ele>
<time>2026-08-25T12:21:52.821-06:00</time>
<extensions>
<gpxtpx:TrackPointExtension>
<gpxtpx:speed>5.32</gpxtpx:speed>
</gpxtpx:TrackPointExtension>
<opentracks:accuracy_horizontal>3.84</opentracks:accuracy_horizontal></extensions>
</trkpt>
<trkpt lat="50.432516" lon="-104.370312">
<ele>588.2</ele>
<time>2026-08-25T12:21:54.838-06:00</time>
<extensions>
<gpxtpx:TrackPointExtension>
<gpxtpx:speed>4.6</gpxtpx:speed>
</gpxtpx:TrackPointExtension>
<opentracks:accuracy_horizontal>3.74</opentracks:accuracy_horizontal></extensions>
</trkpt>
<trkpt lat="50.432623" lon="-104.370292">
<ele>587.5</ele>
<time>2026-08-25T12:21:57.837-06:00</time>
<extensions>
<gpxtpx:TrackPointExtension>
<gpxtpx:speed>5</gpxtpx:speed>
</gpxtpx:TrackPointExtension>
<opentracks:accuracy_horizontal>4.022</opentracks:accuracy_horizontal></extensions>
</trkpt>
<trkpt lat="50.432684" lon="-104.370133">
<ele>587.2</ele>
<time>2026-08-25T12:21:59.837-06:00</time>
<extensions>
<gpxtpx:TrackPointExtension>
<gpxtpx:speed>5.46</gpxtpx:speed>
</gpxtpx:TrackPointExtension>
<opentracks:accuracy_horizontal>4.017</opentracks:accuracy_horizontal></extensions>
</trkpt>
<trkpt lat="50.432697" lon="-104.369955">
<ele>587.6</ele>
<time>2026-08-25T12:22:01.836-06:00</time>
<extensions>
<gpxtpx:TrackPointExtension>
<gpxtpx:speed>5.09</gpxtpx:speed>
</gpxtpx:TrackPointExtension>
<opentracks:accuracy_horizontal>3.825</opentracks:accuracy_horizontal></extensions>
</trkpt>
<trkpt lat="50.432708" lon="-104.369806">
<ele>587.6</ele>
<time>2026-08-25T12:22:03.826-06:00</time>
<extensions>
<gpxtpx:TrackPointExtension>
<gpxtpx:speed>5.37</gpxtpx:speed>
</gpxtpx:TrackPointExtension>
<opentracks:accuracy_horizontal>3.838</opentracks:accuracy_horizontal></extensions>
</trkpt>
<trkpt lat="50.432725" lon="-104.369644">
<ele>587.5</ele>
<time>2026-08-25T12:22:05.836-06:00</time>
<extensions>
<gpxtpx:TrackPointExtension>
<gpxtpx:speed>5.88</gpxtpx:speed>
</gpxtpx:TrackPointExtension>
<opentracks:accuracy_horizontal>3.857</opentracks:accuracy_horizontal></extensions>
</trkpt>
<trkpt lat="50.432731" lon="-104.369482">
<ele>587.6</ele>
<time>2026-08-25T12:22:07.835-06:00</time>
<extensions>
<gpxtpx:TrackPointExtension>
<gpxtpx:speed>6.08</gpxtpx:speed>
</gpxtpx:TrackPointExtension>
<opentracks:accuracy_horizontal>3.956</opentracks:accuracy_horizontal></extensions>
</trkpt>
<trkpt lat="50.432739" lon="-104.369314">
<ele>587.4</ele>
<time>2026-08-25T12:22:09.832-06:00</time>
<extensions>
<gpxtpx:TrackPointExtension>
<gpxtpx:speed>5.86</gpxtpx:speed>
</gpxtpx:TrackPointExtension>
<opentracks:accuracy_horizontal>3.956</opentracks:accuracy_horizontal></extensions>
</trkpt>
<trkpt lat="50.432768" lon="-104.369158">
<ele>586.3</ele>
<time>2026-08-25T12:22:11.831-06:00</time>
<extensions>
<gpxtpx:TrackPointExtension>
<gpxtpx:speed>6.14</gpxtpx:speed>
</gpxtpx:TrackPointExtension>
<opentracks:accuracy_horizontal>3.972</opentracks:accuracy_horizontal></extensions>
</trkpt>
<trkpt lat="50.432803" lon="-104.368974">
<ele>586</ele>
<time>2026-08-25T12:22:13.834-06:00</time>
<extensions>
<gpxtpx:TrackPointExtension>
<gpxtpx:speed>6.48</gpxtpx:speed>
</gpxtpx:TrackPointExtension>
<opentracks:accuracy_horizontal>3.661</opentracks:accuracy_horizontal></extensions>
</trkpt>
<trkpt lat="50.432854" lon="-104.368795">
<ele>586.1</ele>
<time>2026-08-25T12:22:15.815-06:00</time>
<extensions>
<gpxtpx:TrackPointExtension>
<gpxtpx:speed>7.16</gpxtpx:speed>
</gpxtpx:TrackPointExtension>
<opentracks:accuracy_horizontal>3.661</opentracks:accuracy_horizontal></extensions>
</trkpt>
<trkpt lat="50.432914" lon="-104.368608">
<ele>586.4</ele>
<time>2026-08-25T12:22:17.801-06:00</time>
<extensions>
<gpxtpx:TrackPointExtension>
<gpxtpx:speed>6.48</gpxtpx:speed>
</gpxtpx:TrackPointExtension>
<opentracks:accuracy_horizontal>3.661</opentracks:accuracy_horizontal></extensions>
</trkpt>
<trkpt lat="50.432959" lon="-104.368434">
<ele>586.3</ele>
<time>2026-08-25T12:22:19.833-06:00</time>
<extensions>
<gpxtpx:TrackPointExtension>
<gpxtpx:speed>6.95</gpxtpx:speed>
</gpxtpx:TrackPointExtension>
<opentracks:accuracy_horizontal>3.662</opentracks:accuracy_horizontal></extensions>
</trkpt>
<trkpt lat="50.43299" lon="-104.368245">
<ele>586.2</ele>
<time>2026-08-25T12:22:21.828-06:00</time>
<extensions>
<gpxtpx:TrackPointExtension>
<gpxtpx:speed>6.72</gpxtpx:speed>
</gpxtpx:TrackPointExtension>
<opentracks:accuracy_horizontal>4.169</opentracks:accuracy_horizontal></extensions>
</trkpt>
<trkpt lat="50.433031" lon="-104.368078">
<ele>586.1</ele>
<time>2026-08-25T12:22:23.825-06:00</time>
<extensions>
<gpxtpx:TrackPointExtension>
<gpxtpx:speed>6.87</gpxtpx:speed>
</gpxtpx:TrackPointExtension>
<opentracks:accuracy_horizontal>4.406</opentracks:accuracy_horizontal></extensions>
</trkpt>
<trkpt lat="50.433094" lon="-104.367912">
<ele>586.4</ele>
<time>2026-08-25T12:22:25.848-06:00</time>
<extensions>
<gpxtpx:TrackPointExtension>
<gpxtpx:speed>6.41</gpxtpx:speed>
</gpxtpx:TrackPointExtension>
<opentracks:accuracy_horizontal>4.592</opentracks:accuracy_horizontal></extensions>
</trkpt>
<trkpt lat="50.433141" lon="-104.367755">
<ele>586.2</ele>
<time>2026-08-25T12:22:27.829-06:00</time>
<extensions>
<gpxtpx:TrackPointExtension>
<gpxtpx:speed>6.02</gpxtpx:speed>
</gpxtpx:TrackPointExtension>
<opentracks:accuracy_horizontal>4.638</opentracks:accuracy_horizontal></extensions>
</trkpt>
<trkpt lat="50.433174" lon="-104.367617">
<ele>586.3</ele>
<time>2026-08-25T12:22:29.818-06:00</time>
<extensions>
<gpxtpx:TrackPointExtension>
<gpxtpx:speed>5.44</gpxtpx:speed>
</gpxtpx:TrackPointExtension>
<opentracks:accuracy_horizontal>4.703</opentracks:accuracy_horizontal></extensions>
</trkpt>
<trkpt lat="50.433213" lon="-104.367487">
<ele>586.3</ele>
<time>2026-08-25T12:22:31.839-06:00</time>
<extensions>
<gpxtpx:TrackPointExtension>
<gpxtpx:speed>5.31</gpxtpx:speed>
</gpxtpx:TrackPointExtension>
<opentracks:accuracy_horizontal>4.788</opentracks:accuracy_horizontal></extensions>
</trkpt>
<trkpt lat="50.43325" lon="-104.367337">
<ele>586.1</ele>
<time>2026-08-25T12:22:33.829-06:00</time>
<extensions>
<gpxtpx:TrackPointExtension>
<gpxtpx:speed>5.16</gpxtpx:speed>
</gpxtpx:TrackPointExtension>
<opentracks:accuracy_horizontal>4.486</opentracks:accuracy_horizontal></extensions>
</trkpt>
<trkpt lat="50.433286" lon="-104.36717">
<ele>585.9</ele>
<time>2026-08-25T12:22:35.824-06:00</time>
<extensions>
<gpxtpx:TrackPointExtension>
<gpxtpx:speed>5.68</gpxtpx:speed>
</gpxtpx:TrackPointExtension>
<opentracks:accuracy_horizontal>4.421</opentracks:accuracy_horizontal></extensions>
</trkpt>
<trkpt lat="50.43332" lon="-104.366997">
<ele>586.8</ele>
<time>2026-08-25T12:22:37.846-06:00</time>
<extensions>
<gpxtpx:TrackPointExtension>
<gpxtpx:speed>5.9</gpxtpx:speed>
</gpxtpx:TrackPointExtension>
<opentracks:accuracy_horizontal>4.278</opentracks:accuracy_horizontal></extensions>
</trkpt>
<trkpt lat="50.433358" lon="-104.366845">
<ele>588</ele>
<time>2026-08-25T12:22:39.839-06:00</time>
<extensions>
<gpxtpx:TrackPointExtension>
<gpxtpx:speed>5.76</gpxtpx:speed>
</gpxtpx:TrackPointExtension>
<opentracks:accuracy_horizontal>4.163</opentracks:accuracy_horizontal></extensions>
</trkpt>
<trkpt lat="50.433378" lon="-104.366671">
<ele>588</ele>
<time>2026-08-25T12:22:41.832-06:00</time>
<extensions>
<gpxtpx:TrackPointExtension>
<gpxtpx:speed>5.42</gpxtpx:speed>
</gpxtpx:TrackPointExtension>
<opentracks:accuracy_horizontal>4.044</opentracks:accuracy_horizontal></extensions>
</trkpt>
<trkpt lat="50.433418" lon="-104.366529">
<ele>588.8</ele>
<time>2026-08-25T12:22:43.834-06:00</time>
<extensions>
<gpxtpx:TrackPointExtension>
<gpxtpx:speed>5.05</gpxtpx:speed>
</gpxtpx:TrackPointExtension>
<opentracks:accuracy_horizontal>4.068</opentracks:accuracy_horizontal></extensions>
</trkpt>
<trkpt lat="50.43344" lon="-104.366331">
<ele>589.7</ele>
<time>2026-08-25T12:22:46.827-06:00</time>
<extensions>
<gpxtpx:TrackPointExtension>
<gpxtpx:speed>4.73</gpxtpx:speed>
</gpxtpx:TrackPointExtension>
<opentracks:accuracy_horizontal>4.373</opentracks:accuracy_horizontal></extensions>
</trkpt>
<trkpt lat="50.433432" lon="-104.366158">
<ele>589.7</ele>
<time>2026-08-25T12:22:49.824-06:00</time>
<extensions>
<gpxtpx:TrackPointExtension>
<gpxtpx:speed>3.81</gpxtpx:speed>
</gpxtpx:TrackPointExtension>
<opentracks:accuracy_horizontal>4.355</opentracks:accuracy_horizontal></extensions>
</trkpt>
<trkpt lat="50.433436" lon="-104.366014">
<ele>590.3</ele>
<time>2026-08-25T12:22:52.833-06:00</time>
<extensions>
<gpxtpx:TrackPointExtension>
<gpxtpx:speed>3.66</gpxtpx:speed>
</gpxtpx:TrackPointExtension>
<opentracks:accuracy_horizontal>4.016</opentracks:accuracy_horizontal></extensions>
</trkpt>
<trkpt lat="50.433466" lon="-104.365843">
<ele>591.4</ele>
<time>2026-08-25T12:22:55.836-06:00</time>
<extensions>
<gpxtpx:TrackPointExtension>
<gpxtpx:speed>3.7</gpxtpx:speed>
</gpxtpx:TrackPointExtension>
<opentracks:accuracy_horizontal>4.042</opentracks:accuracy_horizontal></extensions>
</trkpt>
<trkpt lat="50.433579" lon="-104.365763">
<ele>593.1</ele>
<time>2026-08-25T12:22:58.831-06:00</time>
<extensions>
<gpxtpx:TrackPointExtension>
<gpxtpx:speed>5.33</gpxtpx:speed>
</gpxtpx:TrackPointExtension>
<opentracks:accuracy_horizontal>4.265</opentracks:accuracy_horizontal></extensions>
</trkpt>
<trkpt lat="50.433697" lon="-104.365744">
<ele>593.8</ele>
<time>2026-08-25T12:23:00.832-06:00</time>
<extensions>
<gpxtpx:TrackPointExtension>
<gpxtpx:speed>5.58</gpxtpx:speed>
</gpxtpx:TrackPointExtension>
<opentracks:accuracy_horizontal>4.395</opentracks:accuracy_horizontal></extensions>
</trkpt>
<trkpt lat="50.433804" lon="-104.36574">
<ele>593.2</ele>
<time>2026-08-25T12:23:02.807-06:00</time>
<extensions>
<gpxtpx:TrackPointExtension>
<gpxtpx:speed>5.47</gpxtpx:speed>
</gpxtpx:TrackPointExtension>
<opentracks:accuracy_horizontal>4.423</opentracks:accuracy_horizontal></extensions>
</trkpt>
<trkpt lat="50.433924" lon="-104.365768">
<ele>594</ele>
<time>2026-08-25T12:23:04.835-06:00</time>
<extensions>
<gpxtpx:TrackPointExtension>
<gpxtpx:speed>5.62</gpxtpx:speed>
</gpxtpx:TrackPointExtension>
<opentracks:accuracy_horizontal>4.337</opentracks:accuracy_horizontal></extensions>
</trkpt>
<trkpt lat="50.434024" lon="-104.365775">
<ele>594.5</ele>
<time>2026-08-25T12:23:06.84-06:00</time>
<extensions>
<gpxtpx:TrackPointExtension>
<gpxtpx:speed>5.53</gpxtpx:speed>
</gpxtpx:TrackPointExtension>
<opentracks:accuracy_horizontal>4.213</opentracks:accuracy_horizontal></extensions>
</trkpt>
<trkpt lat="50.434152" lon="-104.36575">
<ele>594.6</ele>
<time>2026-08-25T12:23:09.833-06:00</time>
<extensions>
<gpxtpx:TrackPointExtension>
<gpxtpx:speed>5.08</gpxtpx:speed>
</gpxtpx:TrackPointExtension>
<opentracks:accuracy_horizontal>4.136</opentracks:accuracy_horizontal></extensions>
</trkpt>
<trkpt lat="50.434282" lon="-104.365747">
<ele>594.7</ele>
<time>2026-08-25T12:23:12.829-06:00</time>
<extensions>
<gpxtpx:TrackPointExtension>
<gpxtpx:speed>5.14</gpxtpx:speed>
</gpxtpx:TrackPointExtension>
<opentracks:accuracy_horizontal>3.98</opentracks:accuracy_horizontal></extensions>
</trkpt>
<trkpt lat="50.434382" lon="-104.365746">
<ele>594.5</ele>
<time>2026-08-25T12:23:14.833-06:00</time>
<extensions>
<gpxtpx:TrackPointExtension>
<gpxtpx:speed>5.16</gpxtpx:speed>
</gpxtpx:TrackPointExtension>
<opentracks:accuracy_horizontal>3.965</opentracks:accuracy_horizontal></extensions>
</trkpt>
<trkpt lat="50.43448" lon="-104.365763">
<ele>595</ele>
<time>2026-08-25T12:23:16.841-06:00</time>
<extensions>
<gpxtpx:TrackPointExtension>
<gpxtpx:speed>5.35</gpxtpx:speed>
</gpxtpx:TrackPointExtension>
<opentracks:accuracy_horizontal>4.037</opentracks:accuracy_horizontal></extensions>
</trkpt>
<trkpt lat="50.434578" lon="-104.365771">
<ele>595.8</ele>
<time>2026-08-25T12:23:18.817-06:00</time>
<extensions>
<gpxtpx:TrackPointExtension>
<gpxtpx:speed>5.22</gpxtpx:speed>
</gpxtpx:TrackPointExtension>
<opentracks:accuracy_horizontal>4.14</opentracks:accuracy_horizontal></extensions>
</trkpt>
<trkpt lat="50.434675" lon="-104.365778">
<ele>596.4</ele>
<time>2026-08-25T12:23:20.834-06:00</time>
<extensions>
<gpxtpx:TrackPointExtension>
<gpxtpx:speed>5.03</gpxtpx:speed>
</gpxtpx:TrackPointExtension>
<opentracks:accuracy_horizontal>4.063</opentracks:accuracy_horizontal></extensions>
</trkpt>
<trkpt lat="50.434771" lon="-104.365783">
<ele>596.2</ele>
<time>2026-08-25T12:23:22.826-06:00</time>
<extensions>
<gpxtpx:TrackPointExtension>
<gpxtpx:speed>4.77</gpxtpx:speed>
</gpxtpx:TrackPointExtension>
<opentracks:accuracy_horizontal>3.944</opentracks:accuracy_horizontal></extensions>
</trkpt>
<trkpt lat="50.434907" lon="-104.365776">
<ele>596.2</ele>
<time>2026-08-25T12:23:25.825-06:00</time>
<extensions>
<gpxtpx:TrackPointExtension>
<gpxtpx:speed>4.94</gpxtpx:speed>
</gpxtpx:TrackPointExtension>
<opentracks:accuracy_horizontal>3.935</opentracks:accuracy_horizontal></extensions>
</trkpt>
<trkpt lat="50.435003" lon="-104.365725">
<ele>595</ele>
<time>2026-08-25T12:23:29.829-06:00</time>
<extensions>
<gpxtpx:TrackPointExtension>
<gpxtpx:speed>3.17</gpxtpx:speed>
</gpxtpx:TrackPointExtension>
<opentracks:accuracy_horizontal>4.028</opentracks:accuracy_horizontal></extensions>
</trkpt>
<trkpt lat="50.43492" lon="-104.36557">
<ele>594.4</ele>
<time>2026-08-25T12:23:32.829-06:00</time>
<extensions>
<gpxtpx:TrackPointExtension>
<gpxtpx:speed>3.93</gpxtpx:speed>
</gpxtpx:TrackPointExtension>
<opentracks:accuracy_horizontal>4.198</opentracks:accuracy_horizontal></extensions>
</trkpt>
<trkpt lat="50.434841" lon="-104.365469">
<ele>594.2</ele>
<time>2026-08-25T12:23:35.822-06:00</time>
<extensions>
<gpxtpx:TrackPointExtension>
<gpxtpx:speed>3.53</gpxtpx:speed>
</gpxtpx:TrackPointExtension>
<opentracks:accuracy_horizontal>4.106</opentracks:accuracy_horizontal></extensions>
</trkpt>
<trkpt lat="50.434867" lon="-104.365277">
<ele>595.7</ele>
<time>2026-08-25T12:23:38.823-06:00</time>
<extensions>
<gpxtpx:TrackPointExtension>
<gpxtpx:speed>4.73</gpxtpx:speed>
</gpxtpx:TrackPointExtension>
<opentracks:accuracy_horizontal>4.434</opentracks:accuracy_horizontal></extensions>
</trkpt>
<trkpt lat="50.43493" lon="-104.365169">
<ele>595.2</ele>
<time>2026-08-25T12:23:40.84-06:00</time>
<extensions>
<gpxtpx:TrackPointExtension>
<gpxtpx:speed>4.58</gpxtpx:speed>
</gpxtpx:TrackPointExtension>
<opentracks:accuracy_horizontal>4.415</opentracks:accuracy_horizontal></extensions>
</trkpt>
<trkpt lat="50.434952" lon="-104.365026">
<ele>594.5</ele>
<time>2026-08-25T12:23:42.834-06:00</time>
<extensions>
<gpxtpx:TrackPointExtension>
<gpxtpx:speed>5.46</gpxtpx:speed>
</gpxtpx:TrackPointExtension>
<opentracks:accuracy_horizontal>4.208</opentracks:accuracy_horizontal></extensions>
</trkpt>
<trkpt lat="50.434947" lon="-104.364852">
<ele>594.4</ele>
<time>2026-08-25T12:23:44.828-06:00</time>
<extensions>
<gpxtpx:TrackPointExtension>
<gpxtpx:speed>5.86</gpxtpx:speed>
</gpxtpx:TrackPointExtension>
<opentracks:accuracy_horizontal>4.034</opentracks:accuracy_horizontal></extensions>
</trkpt>
<trkpt lat="50.434954" lon="-104.364689">
<ele>594.1</ele>
<time>2026-08-25T12:23:46.834-06:00</time>
<extensions>
<gpxtpx:TrackPointExtension>
<gpxtpx:speed>5.72</gpxtpx:speed>
</gpxtpx:TrackPointExtension>
<opentracks:accuracy_horizontal>3.903</opentracks:accuracy_horizontal></extensions>
</trkpt>
<trkpt lat="50.434954" lon="-104.364527">
<ele>593.4</ele>
<time>2026-08-25T12:23:48.826-06:00</time>
<extensions>
<gpxtpx:TrackPointExtension>
<gpxtpx:speed>5.75</gpxtpx:speed>
</gpxtpx:TrackPointExtension>
<opentracks:accuracy_horizontal>3.8</opentracks:accuracy_horizontal></extensions>
</trkpt>
<trkpt lat="50.434955" lon="-104.364362">
<ele>593.4</ele>
<time>2026-08-25T12:23:50.837-06:00</time>
<extensions>
<gpxtpx:TrackPointExtension>
<gpxtpx:speed>5.78</gpxtpx:speed>
</gpxtpx:TrackPointExtension>
<opentracks:accuracy_horizontal>3.794</opentracks:accuracy_horizontal></extensions>
</trkpt>
<trkpt lat="50.43498" lon="-104.364203">
<ele>593.6</ele>
<time>2026-08-25T12:23:52.837-06:00</time>
<extensions>
<gpxtpx:TrackPointExtension>
<gpxtpx:speed>5.62</gpxtpx:speed>
</gpxtpx:TrackPointExtension>
<opentracks:accuracy_horizontal>3.921</opentracks:accuracy_horizontal></extensions>
</trkpt>
<trkpt lat="50.435018" lon="-104.364071">
<ele>593.6</ele>
<time>2026-08-25T12:23:54.831-06:00</time>
<extensions>
<gpxtpx:TrackPointExtension>
<gpxtpx:speed>5.25</gpxtpx:speed>
</gpxtpx:TrackPointExtension>
<opentracks:accuracy_horizontal>3.923</opentracks:accuracy_horizontal></extensions>
</trkpt>
<trkpt lat="50.435063" lon="-104.363938">
<ele>593.7</ele>
<time>2026-08-25T12:23:56.837-06:00</time>
<extensions>
<gpxtpx:TrackPointExtension>
<gpxtpx:speed>5.32</gpxtpx:speed>
</gpxtpx:TrackPointExtension>
<opentracks:accuracy_horizontal>3.894</opentracks:accuracy_horizontal></extensions>
</trkpt>
<trkpt lat="50.435112" lon="-104.363801">
<ele>593.4</ele>
<time>2026-08-25T12:23:58.83-06:00</time>
<extensions>
<gpxtpx:TrackPointExtension>
<gpxtpx:speed>5.4</gpxtpx:speed>
</gpxtpx:TrackPointExtension>
<opentracks:accuracy_horizontal>3.91</opentracks:accuracy_horizontal></extensions>
</trkpt>
<trkpt lat="50.43515" lon="-104.363656">
<ele>592.6</ele>
<time>2026-08-25T12:24:00.832-06:00</time>
<extensions>
<gpxtpx:TrackPointExtension>
<gpxtpx:speed>5.21</gpxtpx:speed>
</gpxtpx:TrackPointExtension>
<opentracks:accuracy_horizontal>3.955</opentracks:accuracy_horizontal></extensions>
</trkpt>
<trkpt lat="50.435191" lon="-104.363487">
<ele>592.4</ele>
<time>2026-08-25T12:24:02.835-06:00</time>
<extensions>
<gpxtpx:TrackPointExtension>
<gpxtpx:speed>5.63</gpxtpx:speed>
</gpxtpx:TrackPointExtension>
<opentracks:accuracy_horizontal>3.884</opentracks:accuracy_horizontal></extensions>
</trkpt>
<trkpt lat="50.43525" lon="-104.363369">
<ele>591.8</ele>
<time>2026-08-25T12:24:04.829-06:00</time>
<extensions>
<gpxtpx:TrackPointExtension>
<gpxtpx:speed>4.98</gpxtpx:speed>
</gpxtpx:TrackPointExtension>
<opentracks:accuracy_horizontal>3.996</opentracks:accuracy_horizontal></extensions>
</trkpt>
<trkpt lat="50.435287" lon="-104.363238">
<ele>591.5</ele>
<time>2026-08-25T12:24:06.823-06:00</time>
<extensions>
<gpxtpx:TrackPointExtension>
<gpxtpx:speed>5.03</gpxtpx:speed>
</gpxtpx:TrackPointExtension>
<opentracks:accuracy_horizontal>4.038</opentracks:accuracy_horizontal></extensions>
</trkpt>
<trkpt lat="50.435317" lon="-104.363104">
<ele>591.3</ele>
<time>2026-08-25T12:24:08.844-06:00</time>
<extensions>
<gpxtpx:TrackPointExtension>
<gpxtpx:speed>5.26</gpxtpx:speed>
</gpxtpx:TrackPointExtension>
<opentracks:accuracy_horizontal>3.956</opentracks:accuracy_horizontal></extensions>
</trkpt>
<trkpt lat="50.435355" lon="-104.362969">
<ele>591.2</ele>
<time>2026-08-25T12:24:10.837-06:00</time>
<extensions>
<gpxtpx:TrackPointExtension>
<gpxtpx:speed>5.21</gpxtpx:speed>
</gpxtpx:TrackPointExtension>
<opentracks:accuracy_horizontal>3.871</opentracks:accuracy_horizontal></extensions>
</trkpt>
<trkpt lat="50.435389" lon="-104.362821">
<ele>591.8</ele>
<time>2026-08-25T12:24:12.83-06:00</time>
<extensions>
<gpxtpx:TrackPointExtension>
<gpxtpx:speed>5.37</gpxtpx:speed>
</gpxtpx:TrackPointExtension>
<opentracks:accuracy_horizontal>3.938</opentracks:accuracy_horizontal></extensions>
</trkpt>
<trkpt lat="50.43543" lon="-104.362682">
<ele>592.1</ele>
<time>2026-08-25T12:24:14.832-06:00</time>
<extensions>
<gpxtpx:TrackPointExtension>
<gpxtpx:speed>5.08</gpxtpx:speed>
</gpxtpx:TrackPointExtension>
<opentracks:accuracy_horizontal>3.949</opentracks:accuracy_horizontal></extensions>
</trkpt>
<trkpt lat="50.435461" lon="-104.362548">
<ele>592.4</ele>
<time>2026-08-25T12:24:16.842-06:00</time>
<extensions>
<gpxtpx:TrackPointExtension>
<gpxtpx:speed>5.24</gpxtpx:speed>
</gpxtpx:TrackPointExtension>
<opentracks:accuracy_horizontal>3.918</opentracks:accuracy_horizontal></extensions>
</trkpt>
<trkpt lat="50.435495" lon="-104.362409">
<ele>593.1</ele>
<time>2026-08-25T12:24:18.83-06:00</time>
<extensions>
<gpxtpx:TrackPointExtension>
<gpxtpx:speed>5.27</gpxtpx:speed>
</gpxtpx:TrackPointExtension>
<opentracks:accuracy_horizontal>3.925</opentracks:accuracy_horizontal></extensions>
</trkpt>
<trkpt lat="50.435528" lon="-104.362259">
<ele>593.3</ele>
<time>2026-08-25T12:24:20.842-06:00</time>
<extensions>
<gpxtpx:TrackPointExtension>
<gpxtpx:speed>5.47</gpxtpx:speed>
</gpxtpx:TrackPointExtension>
<opentracks:accuracy_horizontal>3.918</opentracks:accuracy_horizontal></extensions>
</trkpt>
<trkpt lat="50.435563" lon="-104.362111">
<ele>593.5</ele>
<time>2026-08-25T12:24:22.84-06:00</time>
<extensions>
<gpxtpx:TrackPointExtension>
<gpxtpx:speed>5.41</gpxtpx:speed>
</gpxtpx:TrackPointExtension>
<opentracks:accuracy_horizontal>3.957</opentracks:accuracy_horizontal></extensions>
</trkpt>
<trkpt lat="50.435594" lon="-104.361963">
<ele>594.3</ele>
<time>2026-08-25T12:24:24.819-06:00</time>
<extensions>
<gpxtpx:TrackPointExtension>
<gpxtpx:speed>5.11</gpxtpx:speed>
</gpxtpx:TrackPointExtension>
<opentracks:accuracy_horizontal>3.93</opentracks:accuracy_horizontal></extensions>
</trkpt>
<trkpt lat="50.435645" lon="-104.361779">
<ele>594.7</ele>
<time>2026-08-25T12:24:27.816-06:00</time>
<extensions>
<gpxtpx:TrackPointExtension>
<gpxtpx:speed>4.58</gpxtpx:speed>
</gpxtpx:TrackPointExtension>
<opentracks:accuracy_horizontal>3.939</opentracks:accuracy_horizontal></extensions>
</trkpt>
<trkpt lat="50.435698" lon="-104.361596">
<ele>594.9</ele>
<time>2026-08-25T12:24:30.846-06:00</time>
<extensions>
<gpxtpx:TrackPointExtension>
<gpxtpx:speed>4.91</gpxtpx:speed>
</gpxtpx:TrackPointExtension>
<opentracks:accuracy_horizontal>3.92</opentracks:accuracy_horizontal></extensions>
</trkpt>
<trkpt lat="50.435746" lon="-104.361413">
<ele>594.4</ele>
<time>2026-08-25T12:24:33.837-06:00</time>
<extensions>
<gpxtpx:TrackPointExtension>
<gpxtpx:speed>4.48</gpxtpx:speed>
</gpxtpx:TrackPointExtension>
<opentracks:accuracy_horizontal>3.953</opentracks:accuracy_horizontal></extensions>
</trkpt>
<trkpt lat="50.435796" lon="-104.36124">
<ele>594.2</ele>
<time>2026-08-25T12:24:36.832-06:00</time>
<extensions>
<gpxtpx:TrackPointExtension>
<gpxtpx:speed>4.41</gpxtpx:speed>
</gpxtpx:TrackPointExtension>
<opentracks:accuracy_horizontal>4.063</opentracks:accuracy_horizontal></extensions>
</trkpt>
<trkpt lat="50.435843" lon="-104.361046">
<ele>594.1</ele>
<time>2026-08-25T12:24:39.834-06:00</time>
<extensions>
<gpxtpx:TrackPointExtension>
<gpxtpx:speed>5.15</gpxtpx:speed>
</gpxtpx:TrackPointExtension>
<opentracks:accuracy_horizontal>4.074</opentracks:accuracy_horizontal></extensions>
</trkpt>
<trkpt lat="50.435878" lon="-104.360898">
<ele>594.6</ele>
<time>2026-08-25T12:24:41.828-06:00</time>
<extensions>
<gpxtpx:TrackPointExtension>
<gpxtpx:speed>5.6</gpxtpx:speed>
</gpxtpx:TrackPointExtension>
<opentracks:accuracy_horizontal>4.024</opentracks:accuracy_horizontal></extensions>
</trkpt>
<trkpt lat="50.43592" lon="-104.36075">
<ele>595.5</ele>
<time>2026-08-25T12:24:43.818-06:00</time>
<extensions>
<gpxtpx:TrackPointExtension>
<gpxtpx:speed>5.61</gpxtpx:speed>
</gpxtpx:TrackPointExtension>
<opentracks:accuracy_horizontal>4.047</opentracks:accuracy_horizontal></extensions>
</trkpt>
<trkpt lat="50.435957" lon="-104.360594">
<ele>595.4</ele>
<time>2026-08-25T12:24:45.834-06:00</time>
<extensions>
<gpxtpx:TrackPointExtension>
<gpxtpx:speed>6.02</gpxtpx:speed>
</gpxtpx:TrackPointExtension>
<opentracks:accuracy_horizontal>3.987</opentracks:accuracy_horizontal></extensions>
</trkpt>
<trkpt lat="50.436001" lon="-104.360431">
<ele>595.5</ele>
<time>2026-08-25T12:24:47.839-06:00</time>
<extensions>
<gpxtpx:TrackPointExtension>
<gpxtpx:speed>6.32</gpxtpx:speed>
</gpxtpx:TrackPointExtension>
<opentracks:accuracy_horizontal>3.894</opentracks:accuracy_horizontal></extensions>
</trkpt>
<trkpt lat="50.436039" lon="-104.360267">
<ele>595.9</ele>
<time>2026-08-25T12:24:49.841-06:00</time>
<extensions>
<gpxtpx:TrackPointExtension>
<gpxtpx:speed>5.92</gpxtpx:speed>
</gpxtpx:TrackPointExtension>
<opentracks:accuracy_horizontal>3.859</opentracks:accuracy_horizontal></extensions>
</trkpt>
<trkpt lat="50.436073" lon="-104.360118">
<ele>595.3</ele>
<time>2026-08-25T12:24:51.831-06:00</time>
<extensions>
<gpxtpx:TrackPointExtension>
<gpxtpx:speed>5.62</gpxtpx:speed>
</gpxtpx:TrackPointExtension>
<opentracks:accuracy_horizontal>4.029</opentracks:accuracy_horizontal></extensions>
</trkpt>
<trkpt lat="50.436108" lon="-104.359977">
<ele>595.8</ele>
<time>2026-08-25T12:24:53.839-06:00</time>
<extensions>
<gpxtpx:TrackPointExtension>
<gpxtpx:speed>5.18</gpxtpx:speed>
</gpxtpx:TrackPointExtension>
<opentracks:accuracy_horizontal>4.001</opentracks:accuracy_horizontal></extensions>
</trkpt>
<trkpt lat="50.436163" lon="-104.35979">
<ele>595.7</ele>
<time>2026-08-25T12:24:56.833-06:00</time>
<extensions>
<gpxtpx:TrackPointExtension>
<gpxtpx:speed>4.73</gpxtpx:speed>
</gpxtpx:TrackPointExtension>
<opentracks:accuracy_horizontal>4.033</opentracks:accuracy_horizontal></extensions>
</trkpt>
<trkpt lat="50.436194" lon="-104.359653">
<ele>595</ele>
<time>2026-08-25T12:24:58.834-06:00</time>
<extensions>
<gpxtpx:TrackPointExtension>
<gpxtpx:speed>4.95</gpxtpx:speed>
</gpxtpx:TrackPointExtension>
<opentracks:accuracy_horizontal>4.067</opentracks:accuracy_horizontal></extensions>
</trkpt>
<trkpt lat="50.436235" lon="-104.359471">
<ele>594.6</ele>
<time>2026-08-25T12:25:01.84-06:00</time>
<extensions>
<gpxtpx:TrackPointExtension>
<gpxtpx:speed>4.3</gpxtpx:speed>
</gpxtpx:TrackPointExtension>
<opentracks:accuracy_horizontal>4.082</opentracks:accuracy_horizontal></extensions>
</trkpt>
<trkpt lat="50.436286" lon="-104.359354">
<ele>595.5</ele>
<time>2026-08-25T12:25:03.853-06:00</time>
<extensions>
<gpxtpx:TrackPointExtension>
<gpxtpx:speed>4.34</gpxtpx:speed>
</gpxtpx:TrackPointExtension>
<opentracks:accuracy_horizontal>4.003</opentracks:accuracy_horizontal></extensions>
</trkpt>
<trkpt lat="50.436331" lon="-104.359214">
<ele>594.6</ele>
<time>2026-08-25T12:25:06.839-06:00</time>
<extensions>
<gpxtpx:TrackPointExtension>
<gpxtpx:speed>4.41</gpxtpx:speed>
</gpxtpx:TrackPointExtension>
<opentracks:accuracy_horizontal>3.878</opentracks:accuracy_horizontal></extensions>
</trkpt>
<trkpt lat="50.436353" lon="-104.359068">
<ele>594</ele>
<time>2026-08-25T12:25:08.843-06:00</time>
<extensions>
<gpxtpx:TrackPointExtension>
<gpxtpx:speed>5.73</gpxtpx:speed>
</gpxtpx:TrackPointExtension>
<opentracks:accuracy_horizontal>3.961</opentracks:accuracy_horizontal></extensions>
</trkpt>
<trkpt lat="50.436389" lon="-104.358906">
<ele>594.5</ele>
<time>2026-08-25T12:25:10.832-06:00</time>
<extensions>
<gpxtpx:TrackPointExtension>
<gpxtpx:speed>5.82</gpxtpx:speed>
</gpxtpx:TrackPointExtension>
<opentracks:accuracy_horizontal>3.878</opentracks:accuracy_horizontal></extensions>
</trkpt>
<trkpt lat="50.436431" lon="-104.358752">
<ele>594.5</ele>
<time>2026-08-25T12:25:12.841-06:00</time>
<extensions>
<gpxtpx:TrackPointExtension>
<gpxtpx:speed>5.67</gpxtpx:speed>
</gpxtpx:TrackPointExtension>
<opentracks:accuracy_horizontal>3.869</opentracks:accuracy_horizontal></extensions>
</trkpt>
<trkpt lat="50.436466" lon="-104.358597">
<ele>594.7</ele>
<time>2026-08-25T12:25:14.842-06:00</time>
<extensions>
<gpxtpx:TrackPointExtension>
<gpxtpx:speed>5.44</gpxtpx:speed>
</gpxtpx:TrackPointExtension>
<opentracks:accuracy_horizontal>3.97</opentracks:accuracy_horizontal></extensions>
</trkpt>
<trkpt lat="50.436508" lon="-104.358464">
<ele>594.6</ele>
<time>2026-08-25T12:25:16.825-06:00</time>
<extensions>
<gpxtpx:TrackPointExtension>
<gpxtpx:speed>5.2</gpxtpx:speed>
</gpxtpx:TrackPointExtension>
<opentracks:accuracy_horizontal>3.929</opentracks:accuracy_horizontal></extensions>
</trkpt>
<trkpt lat="50.436546" lon="-104.358335">
<ele>594.2</ele>
<time>2026-08-25T12:25:18.841-06:00</time>
<extensions>
<gpxtpx:TrackPointExtension>
<gpxtpx:speed>5.14</gpxtpx:speed>
</gpxtpx:TrackPointExtension>
<opentracks:accuracy_horizontal>3.998</opentracks:accuracy_horizontal></extensions>
</trkpt>
<trkpt lat="50.436579" lon="-104.358198">
<ele>594.5</ele>
<time>2026-08-25T12:25:20.831-06:00</time>
<extensions>
<gpxtpx:TrackPointExtension>
<gpxtpx:speed>5.07</gpxtpx:speed>
</gpxtpx:TrackPointExtension>
<opentracks:accuracy_horizontal>3.961</opentracks:accuracy_horizontal></extensions>
</trkpt>
<trkpt lat="50.436607" lon="-104.358063">
<ele>595.3</ele>
<time>2026-08-25T12:25:22.823-06:00</time>
<extensions>
<gpxtpx:TrackPointExtension>
<gpxtpx:speed>4.94</gpxtpx:speed>
</gpxtpx:TrackPointExtension>
<opentracks:accuracy_horizontal>3.956</opentracks:accuracy_horizontal></extensions>
</trkpt>
<trkpt lat="50.436647" lon="-104.3579">
<ele>595.8</ele>
<time>2026-08-25T12:25:25.847-06:00</time>
<extensions>
<gpxtpx:TrackPointExtension>
<gpxtpx:speed>3.87</gpxtpx:speed>
</gpxtpx:TrackPointExtension>
<opentracks:accuracy_horizontal>3.905</opentracks:accuracy_horizontal></extensions>
</trkpt>
<trkpt lat="50.436688" lon="-104.357748">
<ele>595.6</ele>
<time>2026-08-25T12:25:28.834-06:00</time>
<extensions>
<gpxtpx:TrackPointExtension>
<gpxtpx:speed>3.73</gpxtpx:speed>
</gpxtpx:TrackPointExtension>
<opentracks:accuracy_horizontal>3.941</opentracks:accuracy_horizontal></extensions>
</trkpt>
<trkpt lat="50.436725" lon="-104.357596">
<ele>593.3</ele>
<time>2026-08-25T12:25:32.835-06:00</time>
<extensions>
<gpxtpx:TrackPointExtension>
<gpxtpx:speed>2.93</gpxtpx:speed>
</gpxtpx:TrackPointExtension>
<opentracks:accuracy_horizontal>3.91</opentracks:accuracy_horizontal></extensions>
</trkpt>
<trkpt lat="50.436661" lon="-104.35748">
<ele>593.3</ele>
<time>2026-08-25T12:25:35.837-06:00</time>
<extensions>
<gpxtpx:TrackPointExtension>
<gpxtpx:speed>4.47</gpxtpx:speed>
</gpxtpx:TrackPointExtension>
<opentracks:accuracy_horizontal>4.311</opentracks:accuracy_horizontal></extensions>
</trkpt>
<trkpt lat="50.436696" lon="-104.357317">
<ele>593.1</ele>
<time>2026-08-25T12:25:37.835-06:00</time>
<extensions>
<gpxtpx:TrackPointExtension>
<gpxtpx:speed>5.68</gpxtpx:speed>
</gpxtpx:TrackPointExtension>
<opentracks:accuracy_horizontal>4.112</opentracks:accuracy_horizontal></extensions>
</trkpt>
<trkpt lat="50.436752" lon="-104.357158">
<ele>592.7</ele>
<time>2026-08-25T12:25:39.829-06:00</time>
<extensions>
<gpxtpx:TrackPointExtension>
<gpxtpx:speed>5.38</gpxtpx:speed>
</gpxtpx:TrackPointExtension>
<opentracks:accuracy_horizontal>3.913</opentracks:accuracy_horizontal></extensions>
</trkpt>
<trkpt lat="50.436787" lon="-104.357014">
<ele>591.8</ele>
<time>2026-08-25T12:25:41.836-06:00</time>
<extensions>
<gpxtpx:TrackPointExtension>
<gpxtpx:speed>5.05</gpxtpx:speed>
</gpxtpx:TrackPointExtension>
<opentracks:accuracy_horizontal>3.898</opentracks:accuracy_horizontal></extensions>
</trkpt>
<trkpt lat="50.436823" lon="-104.356884">
<ele>591.6</ele>
<time>2026-08-25T12:25:43.838-06:00</time>
<extensions>
<gpxtpx:TrackPointExtension>
<gpxtpx:speed>4.68</gpxtpx:speed>
</gpxtpx:TrackPointExtension>
<opentracks:accuracy_horizontal>3.891</opentracks:accuracy_horizontal></extensions>
</trkpt>
<trkpt lat="50.43685" lon="-104.356675">
<ele>591.5</ele>
<time>2026-08-25T12:25:46.837-06:00</time>
<extensions>
<gpxtpx:TrackPointExtension>
<gpxtpx:speed>5.01</gpxtpx:speed>
</gpxtpx:TrackPointExtension>
<opentracks:accuracy_horizontal>3.809</opentracks:accuracy_horizontal></extensions>
</trkpt>
<trkpt lat="50.436877" lon="-104.356539">
<ele>591.8</ele>
<time>2026-08-25T12:25:48.83-06:00</time>
<extensions>
<gpxtpx:TrackPointExtension>
<gpxtpx:speed>4.96</gpxtpx:speed>
</gpxtpx:TrackPointExtension>
<opentracks:accuracy_horizontal>3.746</opentracks:accuracy_horizontal></extensions>
</trkpt>
<trkpt lat="50.436907" lon="-104.356334">
<ele>591.2</ele>
<time>2026-08-25T12:25:51.822-06:00</time>
<extensions>
<gpxtpx:TrackPointExtension>
<gpxtpx:speed>4.81</gpxtpx:speed>
</gpxtpx:TrackPointExtension>
<opentracks:accuracy_horizontal>3.777</opentracks:accuracy_horizontal></extensions>
</trkpt>
<trkpt lat="50.436925" lon="-104.356195">
<ele>591.1</ele>
<time>2026-08-25T12:25:53.825-06:00</time>
<extensions>
<gpxtpx:TrackPointExtension>
<gpxtpx:speed>5.01</gpxtpx:speed>
</gpxtpx:TrackPointExtension>
<opentracks:accuracy_horizontal>3.939</opentracks:accuracy_horizontal></extensions>
</trkpt>
<trkpt lat="50.436964" lon="-104.356">
<ele>590.6</ele>
<time>2026-08-25T12:25:56.851-06:00</time>
<extensions>
<gpxtpx:TrackPointExtension>
<gpxtpx:speed>5.02</gpxtpx:speed>
</gpxtpx:TrackPointExtension>
<opentracks:accuracy_horizontal>4.001</opentracks:accuracy_horizontal></extensions>
</trkpt>
<trkpt lat="50.437015" lon="-104.355818">
<ele>590.1</ele>
<time>2026-08-25T12:25:59.834-06:00</time>
<extensions>
<gpxtpx:TrackPointExtension>
<gpxtpx:speed>4.22</gpxtpx:speed>
</gpxtpx:TrackPointExtension>
<opentracks:accuracy_horizontal>3.94</opentracks:accuracy_horizontal></extensions>
</trkpt>
<trkpt lat="50.437072" lon="-104.355657">
<ele>590.2</ele>
<time>2026-08-25T12:26:02.838-06:00</time>
<extensions>
<gpxtpx:TrackPointExtension>
<gpxtpx:speed>4.47</gpxtpx:speed>
</gpxtpx:TrackPointExtension>
<opentracks:accuracy_horizontal>4.01</opentracks:accuracy_horizontal></extensions>
</trkpt>
<trkpt lat="50.437116" lon="-104.355529">
<ele>590.8</ele>
<time>2026-08-25T12:26:04.836-06:00</time>
<extensions>
<gpxtpx:TrackPointExtension>
<gpxtpx:speed>4.37</gpxtpx:speed>
</gpxtpx:TrackPointExtension>
<opentracks:accuracy_horizontal>4.099</opentracks:accuracy_horizontal></extensions>
</trkpt>
<trkpt lat="50.437152" lon="-104.355363">
<ele>591.3</ele>
<time>2026-08-25T12:26:07.827-06:00</time>
<extensions>
<gpxtpx:TrackPointExtension>
<gpxtpx:speed>4.1</gpxtpx:speed>
</gpxtpx:TrackPointExtension>
<opentracks:accuracy_horizontal>4.497</opentracks:accuracy_horizontal></extensions>
</trkpt>
<trkpt lat="50.437207" lon="-104.355171">
<ele>592</ele>
<time>2026-08-25T12:26:10.832-06:00</time>
<extensions>
<gpxtpx:TrackPointExtension>
<gpxtpx:speed>4.19</gpxtpx:speed>
</gpxtpx:TrackPointExtension>
<opentracks:accuracy_horizontal>4.003</opentracks:accuracy_horizontal></extensions>
</trkpt>
<trkpt lat="50.437338" lon="-104.355122">
<ele>592.7</ele>
<time>2026-08-25T12:26:13.813-06:00</time>
<extensions>
<gpxtpx:TrackPointExtension>
<gpxtpx:speed>4.38</gpxtpx:speed>
</gpxtpx:TrackPointExtension>
<opentracks:accuracy_horizontal>4.003</opentracks:accuracy_horizontal></extensions>
</trkpt>
<trkpt lat="50.437449" lon="-104.35506">
<ele>591.8</ele>
<time>2026-08-25T12:26:16.845-06:00</time>
<extensions>
<gpxtpx:TrackPointExtension>
<gpxtpx:speed>4.11</gpxtpx:speed>
</gpxtpx:TrackPointExtension>
<opentracks:accuracy_horizontal>4.089</opentracks:accuracy_horizontal></extensions>
</trkpt>
<trkpt lat="50.437518" lon="-104.354945">
<ele>592</ele>
<time>2026-08-25T12:26:20.842-06:00</time>
<extensions>
<gpxtpx:TrackPointExtension>
<gpxtpx:speed>2.07</gpxtpx:speed>
</gpxtpx:TrackPointExtension>
<opentracks:accuracy_horizontal>4.256</opentracks:accuracy_horizontal></extensions>
</trkpt>
<trkpt lat="50.437576" lon="-104.354832">
<ele>592.1</ele>
<time>2026-08-25T12:26:27.843-06:00</time>
<extensions>
<gpxtpx:TrackPointExtension>
<gpxtpx:speed>1.36</gpxtpx:speed>
</gpxtpx:TrackPointExtension>
<opentracks:accuracy_horizontal>4.559</opentracks:accuracy_horizontal></extensions>
</trkpt>
<trkpt lat="50.437632" lon="-104.354686">
<ele>592.3</ele>
<time>2026-08-25T12:26:33.834-06:00</time>
<extensions>
<gpxtpx:TrackPointExtension>
<gpxtpx:speed>2.89</gpxtpx:speed>
</gpxtpx:TrackPointExtension>
<opentracks:accuracy_horizontal>4.061</opentracks:accuracy_horizontal></extensions>
</trkpt>
<trkpt lat="50.437712" lon="-104.354536">
<ele>592.4</ele>
<time>2026-08-25T12:26:36.845-06:00</time>
<extensions>
<gpxtpx:TrackPointExtension>
<gpxtpx:speed>5.11</gpxtpx:speed>
</gpxtpx:TrackPointExtension>
<opentracks:accuracy_horizontal>4.022</opentracks:accuracy_horizontal></extensions>
</trkpt>
<trkpt lat="50.437743" lon="-104.354369">
<ele>591.5</ele>
<time>2026-08-25T12:26:38.842-06:00</time>
<extensions>
<gpxtpx:TrackPointExtension>
<gpxtpx:speed>6.26</gpxtpx:speed>
</gpxtpx:TrackPointExtension>
<opentracks:accuracy_horizontal>4.559</opentracks:accuracy_horizontal></extensions>
</trkpt>
<trkpt lat="50.437749" lon="-104.354173">
<ele>591</ele>
<time>2026-08-25T12:26:40.832-06:00</time>
<extensions>
<gpxtpx:TrackPointExtension>
<gpxtpx:speed>6.25</gpxtpx:speed>
</gpxtpx:TrackPointExtension>
<opentracks:accuracy_horizontal>3.944</opentracks:accuracy_horizontal></extensions>
</trkpt>
<trkpt lat="50.437743" lon="-104.353999">
<ele>591.1</ele>
<time>2026-08-25T12:26:42.847-06:00</time>
<extensions>
<gpxtpx:TrackPointExtension>
<gpxtpx:speed>6.14</gpxtpx:speed>
</gpxtpx:TrackPointExtension>
<opentracks:accuracy_horizontal>4.007</opentracks:accuracy_horizontal></extensions>
</trkpt>
<trkpt lat="50.437772" lon="-104.353833">
<ele>592</ele>
<time>2026-08-25T12:26:44.833-06:00</time>
<extensions>
<gpxtpx:TrackPointExtension>
<gpxtpx:speed>6.42</gpxtpx:speed>
</gpxtpx:TrackPointExtension>
<opentracks:accuracy_horizontal>4.012</opentracks:accuracy_horizontal></extensions>
</trkpt>
<trkpt lat="50.437822" lon="-104.353671">
<ele>592.3</ele>
<time>2026-08-25T12:26:46.827-06:00</time>
<extensions>
<gpxtpx:TrackPointExtension>
<gpxtpx:speed>6.23</gpxtpx:speed>
</gpxtpx:TrackPointExtension>
<opentracks:accuracy_horizontal>4.008</opentracks:accuracy_horizontal></extensions>
</trkpt>
<trkpt lat="50.437866" lon="-104.353508">
<ele>592.6</ele>
<time>2026-08-25T12:26:48.851-06:00</time>
<extensions>
<gpxtpx:TrackPointExtension>
<gpxtpx:speed>6.07</gpxtpx:speed>
</gpxtpx:TrackPointExtension>
<opentracks:accuracy_horizontal>4.046</opentracks:accuracy_horizontal></extensions>
</trkpt>
<trkpt lat="50.437907" lon="-104.353347">
<ele>593.2</ele>
<time>2026-08-25T12:26:50.831-06:00</time>
<extensions>
<gpxtpx:TrackPointExtension>
<gpxtpx:speed>6.42</gpxtpx:speed>
</gpxtpx:TrackPointExtension>
<opentracks:accuracy_horizontal>4.064</opentracks:accuracy_horizontal></extensions>
</trkpt>
<trkpt lat="50.437942" lon="-104.353157">
<ele>593.8</ele>
<time>2026-08-25T12:26:52.839-06:00</time>
<extensions>
<gpxtpx:TrackPointExtension>
<gpxtpx:speed>6.76</gpxtpx:speed>
</gpxtpx:TrackPointExtension>
<opentracks:accuracy_horizontal>4.081</opentracks:accuracy_horizontal></extensions>
</trkpt>
<trkpt lat="50.437996" lon="-104.352987">
<ele>594.1</ele>
<time>2026-08-25T12:26:54.836-06:00</time>
<extensions>
<gpxtpx:TrackPointExtension>
<gpxtpx:speed>6.34</gpxtpx:speed>
</gpxtpx:TrackPointExtension>
<opentracks:accuracy_horizontal>4.115</opentracks:accuracy_horizontal></extensions>
</trkpt>
<trkpt lat="50.438051" lon="-104.352826">
<ele>594.2</ele>
<time>2026-08-25T12:26:56.831-06:00</time>
<extensions>
<gpxtpx:TrackPointExtension>
<gpxtpx:speed>6.08</gpxtpx:speed>
</gpxtpx:TrackPointExtension>
<opentracks:accuracy_horizontal>4.261</opentracks:accuracy_horizontal></extensions>
</trkpt>
<trkpt lat="50.438093" lon="-104.352659">
<ele>594.3</ele>
<time>2026-08-25T12:26:58.833-06:00</time>
<extensions>
<gpxtpx:TrackPointExtension>
<gpxtpx:speed>6.09</gpxtpx:speed>
</gpxtpx:TrackPointExtension>
<opentracks:accuracy_horizontal>4.271</opentracks:accuracy_horizontal></extensions>
</trkpt>
<trkpt lat="50.438131" lon="-104.352502">
<ele>594.5</ele>
<time>2026-08-25T12:27:00.834-06:00</time>
<extensions>
<gpxtpx:TrackPointExtension>
<gpxtpx:speed>5.69</gpxtpx:speed>
</gpxtpx:TrackPointExtension>
<opentracks:accuracy_horizontal>4.262</opentracks:accuracy_horizontal></extensions>
</trkpt>
<trkpt lat="50.438166" lon="-104.352363">
<ele>594.1</ele>
<time>2026-08-25T12:27:02.823-06:00</time>
<extensions>
<gpxtpx:TrackPointExtension>
<gpxtpx:speed>5.74</gpxtpx:speed>
</gpxtpx:TrackPointExtension>
<opentracks:accuracy_horizontal>4.267</opentracks:accuracy_horizontal></extensions>
</trkpt>
<trkpt lat="50.438224" lon="-104.352232">
<ele>594.3</ele>
<time>2026-08-25T12:27:04.815-06:00</time>
<extensions>
<gpxtpx:TrackPointExtension>
<gpxtpx:speed>5.72</gpxtpx:speed>
</gpxtpx:TrackPointExtension>
<opentracks:accuracy_horizontal>4.418</opentracks:accuracy_horizontal></extensions>
</trkpt>
<trkpt lat="50.438274" lon="-104.352085">
<ele>595.1</ele>
<time>2026-08-25T12:27:06.844-06:00</time>
<extensions>
<gpxtpx:TrackPointExtension>
<gpxtpx:speed>5.54</gpxtpx:speed>
</gpxtpx:TrackPointExtension>
<opentracks:accuracy_horizontal>4.43</opentracks:accuracy_horizontal></extensions>
</trkpt>
<trkpt lat="50.438308" lon="-104.351942">
<ele>595.2</ele>
<time>2026-08-25T12:27:08.841-06:00</time>
<extensions>
<gpxtpx:TrackPointExtension>
<gpxtpx:speed>5.51</gpxtpx:speed>
</gpxtpx:TrackPointExtension>
<opentracks:accuracy_horizontal>4.285</opentracks:accuracy_horizontal></extensions>
</trkpt>
<trkpt lat="50.438348" lon="-104.351791">
<ele>595.1</ele>
<time>2026-08-25T12:27:10.837-06:00</time>
<extensions>
<gpxtpx:TrackPointExtension>
<gpxtpx:speed>5.12</gpxtpx:speed>
</gpxtpx:TrackPointExtension>
<opentracks:accuracy_horizontal>4.348</opentracks:accuracy_horizontal></extensions>
</trkpt>
<trkpt lat="50.438391" lon="-104.351613">
<ele>595.4</ele>
<time>2026-08-25T12:27:13.828-06:00</time>
<extensions>
<gpxtpx:TrackPointExtension>
<gpxtpx:speed>4.2</gpxtpx:speed>
</gpxtpx:TrackPointExtension>
<opentracks:accuracy_horizontal>4.264</opentracks:accuracy_horizontal></extensions>
</trkpt>
<trkpt lat="50.438432" lon="-104.35146">
<ele>594.9</ele>
<time>2026-08-25T12:27:16.838-06:00</time>
<extensions>
<gpxtpx:TrackPointExtension>
<gpxtpx:speed>4.21</gpxtpx:speed>
</gpxtpx:TrackPointExtension>
<opentracks:accuracy_horizontal>4.265</opentracks:accuracy_horizontal></extensions>
</trkpt>
<trkpt lat="50.438534" lon="-104.351377">
<ele>595.2</ele>
<time>2026-08-25T12:27:19.841-06:00</time>
<extensions>
<gpxtpx:TrackPointExtension>
<gpxtpx:speed>3.74</gpxtpx:speed>
</gpxtpx:TrackPointExtension>
<opentracks:accuracy_horizontal>4.265</opentracks:accuracy_horizontal></extensions>
</trkpt>
<trkpt lat="50.438565" lon="-104.351223">
<ele>594.8</ele>
<time>2026-08-25T12:27:22.839-06:00</time>
<extensions>
<gpxtpx:TrackPointExtension>
<gpxtpx:speed>5</gpxtpx:speed>
</gpxtpx:TrackPointExtension>
<opentracks:accuracy_horizontal>4.302</opentracks:accuracy_horizontal></extensions>
</trkpt>
<trkpt lat="50.438527" lon="-104.351042">
<ele>594.7</ele>
<time>2026-08-25T12:27:24.846-06:00</time>
<extensions>
<gpxtpx:TrackPointExtension>
<gpxtpx:speed>5.85</gpxtpx:speed>
</gpxtpx:TrackPointExtension>
<opentracks:accuracy_horizontal>4.266</opentracks:accuracy_horizontal></extensions>
</trkpt>
<trkpt lat="50.438519" lon="-104.35089">
<ele>594.9</ele>
<time>2026-08-25T12:27:26.838-06:00</time>
<extensions>
<gpxtpx:TrackPointExtension>
<gpxtpx:speed>5.23</gpxtpx:speed>
</gpxtpx:TrackPointExtension>
<opentracks:accuracy_horizontal>4.266</opentracks:accuracy_horizontal></extensions>
</trkpt>
<trkpt lat="50.438566" lon="-104.350757">
<ele>595.1</ele>
<time>2026-08-25T12:27:28.845-06:00</time>
<extensions>
<gpxtpx:TrackPointExtension>
<gpxtpx:speed>5.25</gpxtpx:speed>
</gpxtpx:TrackPointExtension>
<opentracks:accuracy_horizontal>4.267</opentracks:accuracy_horizontal></extensions>
</trkpt>
<trkpt lat="50.438611" lon="-104.350615">
<ele>595.1</ele>
<time>2026-08-25T12:27:30.84-06:00</time>
<extensions>
<gpxtpx:TrackPointExtension>
<gpxtpx:speed>5.45</gpxtpx:speed>
</gpxtpx:TrackPointExtension>
<opentracks:accuracy_horizontal>4.013</opentracks:accuracy_horizontal></extensions>
</trkpt>
<trkpt lat="50.438646" lon="-104.350472">
<ele>594.9</ele>
<time>2026-08-25T12:27:32.846-06:00</time>
<extensions>
<gpxtpx:TrackPointExtension>
<gpxtpx:speed>5.37</gpxtpx:speed>
</gpxtpx:TrackPointExtension>
<opentracks:accuracy_horizontal>4.057</opentracks:accuracy_horizontal></extensions>
</trkpt>
<trkpt lat="50.438686" lon="-104.350331">
<ele>594.7</ele>
<time>2026-08-25T12:27:34.845-06:00</time>
<extensions>
<gpxtpx:TrackPointExtension>
<gpxtpx:speed>5.02</gpxtpx:speed>
</gpxtpx:TrackPointExtension>
<opentracks:accuracy_horizontal>4.053</opentracks:accuracy_horizontal></extensions>
</trkpt>
<trkpt lat="50.438728" lon="-104.350133">
<ele>593.9</ele>
<time>2026-08-25T12:27:37.843-06:00</time>
<extensions>
<gpxtpx:TrackPointExtension>
<gpxtpx:speed>5.29</gpxtpx:speed>
</gpxtpx:TrackPointExtension>
<opentracks:accuracy_horizontal>4.014</opentracks:accuracy_horizontal></extensions>
</trkpt>
<trkpt lat="50.438767" lon="-104.349984">
<ele>593.5</ele>
<time>2026-08-25T12:27:39.817-06:00</time>
<extensions>
<gpxtpx:TrackPointExtension>
<gpxtpx:speed>5.27</gpxtpx:speed>
</gpxtpx:TrackPointExtension>
<opentracks:accuracy_horizontal>4.015</opentracks:accuracy_horizontal></extensions>
</trkpt>
<trkpt lat="50.438817" lon="-104.349838">
<ele>592.4</ele>
<time>2026-08-25T12:27:41.847-06:00</time>
<extensions>
<gpxtpx:TrackPointExtension>
<gpxtpx:speed>5.1</gpxtpx:speed>
</gpxtpx:TrackPointExtension>
<opentracks:accuracy_horizontal>4.015</opentracks:accuracy_horizontal></extensions>
</trkpt>
<trkpt lat="50.438871" lon="-104.34965">
<ele>592.3</ele>
<time>2026-08-25T12:27:44.825-06:00</time>
<extensions>
<gpxtpx:TrackPointExtension>
<gpxtpx:speed>4.56</gpxtpx:speed>
</gpxtpx:TrackPointExtension>
<opentracks:accuracy_horizontal>4.015</opentracks:accuracy_horizontal></extensions>
</trkpt>
<trkpt lat="50.438916" lon="-104.349479">
<ele>592.2</ele>
<time>2026-08-25T12:27:47.849-06:00</time>
<extensions>
<gpxtpx:TrackPointExtension>
<gpxtpx:speed>4.21</gpxtpx:speed>
</gpxtpx:TrackPointExtension>
<opentracks:accuracy_horizontal>4.016</opentracks:accuracy_horizontal></extensions>
</trkpt>
<trkpt lat="50.438978" lon="-104.349314">
<ele>592.5</ele>
<time>2026-08-25T12:27:50.836-06:00</time>
<extensions>
<gpxtpx:TrackPointExtension>
<gpxtpx:speed>4.98</gpxtpx:speed>
</gpxtpx:TrackPointExtension>
<opentracks:accuracy_horizontal>4.23</opentracks:accuracy_horizontal></extensions>
</trkpt>
<trkpt lat="50.43902" lon="-104.349185">
<ele>592.6</ele>
<time>2026-08-25T12:27:52.825-06:00</time>
<extensions>
<gpxtpx:TrackPointExtension>
<gpxtpx:speed>5.2</gpxtpx:speed>
</gpxtpx:TrackPointExtension>
<opentracks:accuracy_horizontal>4.51</opentracks:accuracy_horizontal></extensions>
</trkpt>
<trkpt lat="50.439063" lon="-104.349052">
<ele>592.6</ele>
<time>2026-08-25T12:27:54.828-06:00</time>
<extensions>
<gpxtpx:TrackPointExtension>
<gpxtpx:speed>4.49</gpxtpx:speed>
</gpxtpx:TrackPointExtension>
<opentracks:accuracy_horizontal>4.84</opentracks:accuracy_horizontal></extensions>
</trkpt>
<trkpt lat="50.439116" lon="-104.348879">
<ele>591.5</ele>
<time>2026-08-25T12:27:57.824-06:00</time>
<extensions>
<gpxtpx:TrackPointExtension>
<gpxtpx:speed>4.19</gpxtpx:speed>
</gpxtpx:TrackPointExtension>
<opentracks:accuracy_horizontal>4.897</opentracks:accuracy_horizontal></extensions>
</trkpt>
<trkpt lat="50.439153" lon="-104.348747">
<ele>591.5</ele>
<time>2026-08-25T12:27:59.839-06:00</time>
<extensions>
<gpxtpx:TrackPointExtension>
<gpxtpx:speed>4.4</gpxtpx:speed>
</gpxtpx:TrackPointExtension>
<opentracks:accuracy_horizontal>4.637</opentracks:accuracy_horizontal></extensions>
</trkpt>
<trkpt lat="50.43918" lon="-104.348601">
<ele>593.2</ele>
<time>2026-08-25T12:28:01.849-06:00</time>
<extensions>
<gpxtpx:TrackPointExtension>
<gpxtpx:speed>4.43</gpxtpx:speed>
</gpxtpx:TrackPointExtension>
<opentracks:accuracy_horizontal>4.272</opentracks:accuracy_horizontal></extensions>
</trkpt>
<trkpt lat="50.439205" lon="-104.348405">
<ele>594.1</ele>
<time>2026-08-25T12:28:04.829-06:00</time>
<extensions>
<gpxtpx:TrackPointExtension>
<gpxtpx:speed>4.35</gpxtpx:speed>
</gpxtpx:TrackPointExtension>
<opentracks:accuracy_horizontal>4.272</opentracks:accuracy_horizontal></extensions>
</trkpt>
<trkpt lat="50.439245" lon="-104.348202">
<ele>595.9</ele>
<time>2026-08-25T12:28:07.84-06:00</time>
<extensions>
<gpxtpx:TrackPointExtension>
<gpxtpx:speed>4.16</gpxtpx:speed>
</gpxtpx:TrackPointExtension>
<opentracks:accuracy_horizontal>4.273</opentracks:accuracy_horizontal></extensions>
</trkpt>
<trkpt lat="50.439265" lon="-104.348063">
<ele>596</ele>
<time>2026-08-25T12:28:09.837-06:00</time>
<extensions>
<gpxtpx:TrackPointExtension>
<gpxtpx:speed>4.13</gpxtpx:speed>
</gpxtpx:TrackPointExtension>
<opentracks:accuracy_horizontal>4.273</opentracks:accuracy_horizontal></extensions>
</trkpt>
<trkpt lat="50.439315" lon="-104.347935">
<ele>595.5</ele>
<time>2026-08-25T12:28:11.833-06:00</time>
<extensions>
<gpxtpx:TrackPointExtension>
<gpxtpx:speed>4.19</gpxtpx:speed>
</gpxtpx:TrackPointExtension>
<opentracks:accuracy_horizontal>4.539</opentracks:accuracy_horizontal></extensions>
</trkpt>
<trkpt lat="50.43944" lon="-104.347902">
<ele>596.8</ele>
<time>2026-08-25T12:28:14.84-06:00</time>
<extensions>
<gpxtpx:TrackPointExtension>
<gpxtpx:speed>3.72</gpxtpx:speed>
</gpxtpx:TrackPointExtension>
<opentracks:accuracy_horizontal>4.457</opentracks:accuracy_horizontal></extensions>
</trkpt>
<trkpt lat="50.439565" lon="-104.347889">
<ele>596.9</ele>
<time>2026-08-25T12:28:17.823-06:00</time>
<extensions>
<gpxtpx:TrackPointExtension>
<gpxtpx:speed>4.17</gpxtpx:speed>
</gpxtpx:TrackPointExtension>
<opentracks:accuracy_horizontal>4.744</opentracks:accuracy_horizontal></extensions>
</trkpt>
<trkpt lat="50.439665" lon="-104.347884">
<ele>596.6</ele>
<time>2026-08-25T12:28:19.834-06:00</time>
<extensions>
<gpxtpx:TrackPointExtension>
<gpxtpx:speed>4.21</gpxtpx:speed>
</gpxtpx:TrackPointExtension>
<opentracks:accuracy_horizontal>4.726</opentracks:accuracy_horizontal></extensions>
</trkpt>
<trkpt lat="50.439756" lon="-104.347888">
<ele>596</ele>
<time>2026-08-25T12:28:21.838-06:00</time>
<extensions>
<gpxtpx:TrackPointExtension>
<gpxtpx:speed>4</gpxtpx:speed>
</gpxtpx:TrackPointExtension>
<opentracks:accuracy_horizontal>4.567</opentracks:accuracy_horizontal></extensions>
</trkpt>
<trkpt lat="50.439883" lon="-104.347898">
<ele>595.8</ele>
<time>2026-08-25T12:28:24.835-06:00</time>
<extensions>
<gpxtpx:TrackPointExtension>
<gpxtpx:speed>4.74</gpxtpx:speed>
</gpxtpx:TrackPointExtension>
<opentracks:accuracy_horizontal>4.249</opentracks:accuracy_horizontal></extensions>
</trkpt>
<trkpt lat="50.439989" lon="-104.347941">
<ele>596.8</ele>
<time>2026-08-25T12:28:26.842-06:00</time>
<extensions>
<gpxtpx:TrackPointExtension>
<gpxtpx:speed>4.91</gpxtpx:speed>
</gpxtpx:TrackPointExtension>
<opentracks:accuracy_horizontal>4.141</opentracks:accuracy_horizontal></extensions>
</trkpt>
<trkpt lat="50.440085" lon="-104.348084">
<ele>596.6</ele>
<time>2026-08-25T12:28:28.843-06:00</time>
<extensions>
<gpxtpx:TrackPointExtension>
<gpxtpx:speed>5.48</gpxtpx:speed>
</gpxtpx:TrackPointExtension>
<opentracks:accuracy_horizontal>4.061</opentracks:accuracy_horizontal></extensions>
</trkpt>
<trkpt lat="50.440126" lon="-104.348289">
<ele>595</ele>
<time>2026-08-25T12:28:30.84-06:00</time>
<extensions>
<gpxtpx:TrackPointExtension>
<gpxtpx:speed>6.23</gpxtpx:speed>
</gpxtpx:TrackPointExtension>
<opentracks:accuracy_horizontal>4.637</opentracks:accuracy_horizontal></extensions>
</trkpt>
<trkpt lat="50.440126" lon="-104.348492">
<ele>594.5</ele>
<time>2026-08-25T12:28:32.84-06:00</time>
<extensions>
<gpxtpx:TrackPointExtension>
<gpxtpx:speed>6.08</gpxtpx:speed>
</gpxtpx:TrackPointExtension>
<opentracks:accuracy_horizontal>4.637</opentracks:accuracy_horizontal></extensions>
</trkpt>
<trkpt lat="50.440122" lon="-104.348662">
<ele>594.5</ele>
<time>2026-08-25T12:28:34.839-06:00</time>
<extensions>
<gpxtpx:TrackPointExtension>
<gpxtpx:speed>6.2</gpxtpx:speed>
</gpxtpx:TrackPointExtension>
<opentracks:accuracy_horizontal>4.637</opentracks:accuracy_horizontal></extensions>
</trkpt>
<trkpt lat="50.440109" lon="-104.348842">
<ele>594</ele>
<time>2026-08-25T12:28:36.833-06:00</time>
<extensions>
<gpxtpx:TrackPointExtension>
<gpxtpx:speed>6.16</gpxtpx:speed>
</gpxtpx:TrackPointExtension>
<opentracks:accuracy_horizontal>4.894</opentracks:accuracy_horizontal></extensions>
</trkpt>
<trkpt lat="50.440098" lon="-104.349021">
<ele>594.5</ele>
<time>2026-08-25T12:28:38.841-06:00</time>
<extensions>
<gpxtpx:TrackPointExtension>
<gpxtpx:speed>5.92</gpxtpx:speed>
</gpxtpx:TrackPointExtension>
<opentracks:accuracy_horizontal>4.67</opentracks:accuracy_horizontal></extensions>
</trkpt>
<trkpt lat="50.440099" lon="-104.349197">
<ele>594.2</ele>
<time>2026-08-25T12:28:40.831-06:00</time>
<extensions>
<gpxtpx:TrackPointExtension>
<gpxtpx:speed>6.05</gpxtpx:speed>
</gpxtpx:TrackPointExtension>
<opentracks:accuracy_horizontal>4.67</opentracks:accuracy_horizontal></extensions>
</trkpt>
<trkpt lat="50.440095" lon="-104.349369">
<ele>595.1</ele>
<time>2026-08-25T12:28:42.832-06:00</time>
<extensions>
<gpxtpx:TrackPointExtension>
<gpxtpx:speed>6</gpxtpx:speed>
</gpxtpx:TrackPointExtension>
<opentracks:accuracy_horizontal>4.67</opentracks:accuracy_horizontal></extensions>
</trkpt>
<trkpt lat="50.440084" lon="-104.34954">
<ele>594.3</ele>
<time>2026-08-25T12:28:44.835-06:00</time>
<extensions>
<gpxtpx:TrackPointExtension>
<gpxtpx:speed>6.04</gpxtpx:speed>
</gpxtpx:TrackPointExtension>
<opentracks:accuracy_horizontal>4.756</opentracks:accuracy_horizontal></extensions>
</trkpt>
<trkpt lat="50.440089" lon="-104.349722">
<ele>594.2</ele>
<time>2026-08-25T12:28:46.833-06:00</time>
<extensions>
<gpxtpx:TrackPointExtension>
<gpxtpx:speed>6.46</gpxtpx:speed>
</gpxtpx:TrackPointExtension>
<opentracks:accuracy_horizontal>4.671</opentracks:accuracy_horizontal></extensions>
</trkpt>
<trkpt lat="50.440091" lon="-104.349909">
<ele>594.1</ele>
<time>2026-08-25T12:28:48.856-06:00</time>
<extensions>
<gpxtpx:TrackPointExtension>
<gpxtpx:speed>6.53</gpxtpx:speed>
</gpxtpx:TrackPointExtension>
<opentracks:accuracy_horizontal>4.671</opentracks:accuracy_horizontal></extensions>
</trkpt>
<trkpt lat="50.44009" lon="-104.350093">
<ele>594.1</ele>
<time>2026-08-25T12:28:50.846-06:00</time>
<extensions>
<gpxtpx:TrackPointExtension>
<gpxtpx:speed>6.34</gpxtpx:speed>
</gpxtpx:TrackPointExtension>
<opentracks:accuracy_horizontal>4.024</opentracks:accuracy_horizontal></extensions>
</trkpt>
<trkpt lat="50.440086" lon="-104.350255">
<ele>593.7</ele>
<time>2026-08-25T12:28:52.839-06:00</time>
<extensions>
<gpxtpx:TrackPointExtension>
<gpxtpx:speed>5.79</gpxtpx:speed>
</gpxtpx:TrackPointExtension>
<opentracks:accuracy_horizontal>4.024</opentracks:accuracy_horizontal></extensions>
</trkpt>
<trkpt lat="50.440081" lon="-104.350409">
<ele>593.2</ele>
<time>2026-08-25T12:28:54.831-06:00</time>
<extensions>
<gpxtpx:TrackPointExtension>
<gpxtpx:speed>5.47</gpxtpx:speed>
</gpxtpx:TrackPointExtension>
<opentracks:accuracy_horizontal>4.28</opentracks:accuracy_horizontal></extensions>
</trkpt>
<trkpt lat="50.440076" lon="-104.350574">
<ele>592.9</ele>
<time>2026-08-25T12:28:56.839-06:00</time>
<extensions>
<gpxtpx:TrackPointExtension>
<gpxtpx:speed>5.45</gpxtpx:speed>
</gpxtpx:TrackPointExtension>
<opentracks:accuracy_horizontal>4.212</opentracks:accuracy_horizontal></extensions>
</trkpt>
<trkpt lat="50.440074" lon="-104.350744">
<ele>592.6</ele>
<time>2026-08-25T12:28:58.835-06:00</time>
<extensions>
<gpxtpx:TrackPointExtension>
<gpxtpx:speed>5.46</gpxtpx:speed>
</gpxtpx:TrackPointExtension>
<opentracks:accuracy_horizontal>4.638</opentracks:accuracy_horizontal></extensions>
</trkpt>
<trkpt lat="50.440077" lon="-104.350892">
<ele>592.7</ele>
<time>2026-08-25T12:29:00.842-06:00</time>
<extensions>
<gpxtpx:TrackPointExtension>
<gpxtpx:speed>4.89</gpxtpx:speed>
</gpxtpx:TrackPointExtension>
<opentracks:accuracy_horizontal>4.461</opentracks:accuracy_horizontal></extensions>
</trkpt>
<trkpt lat="50.440076" lon="-104.3511">
<ele>593.3</ele>
<time>2026-08-25T12:29:03.841-06:00</time>
<extensions>
<gpxtpx:TrackPointExtension>
<gpxtpx:speed>4.73</gpxtpx:speed>
</gpxtpx:TrackPointExtension>
<opentracks:accuracy_horizontal>4.639</opentracks:accuracy_horizontal></extensions>
</trkpt>
<trkpt lat="50.440084" lon="-104.351241">
<ele>594.1</ele>
<time>2026-08-25T12:29:05.847-06:00</time>
<extensions>
<gpxtpx:TrackPointExtension>
<gpxtpx:speed>5.03</gpxtpx:speed>
</gpxtpx:TrackPointExtension>
<opentracks:accuracy_horizontal>4.639</opentracks:accuracy_horizontal></extensions>
</trkpt>
<trkpt lat="50.440091" lon="-104.351438">
<ele>594.4</ele>
<time>2026-08-25T12:29:08.835-06:00</time>
<extensions>
<gpxtpx:TrackPointExtension>
<gpxtpx:speed>4.44</gpxtpx:speed>
</gpxtpx:TrackPointExtension>
<opentracks:accuracy_horizontal>4.026</opentracks:accuracy_horizontal></extensions>
</trkpt>
<trkpt lat="50.440166" lon="-104.35154">
<ele>594.6</ele>
<time>2026-08-25T12:29:11.828-06:00</time>
<extensions>
<gpxtpx:TrackPointExtension>
<gpxtpx:speed>5.13</gpxtpx:speed>
</gpxtpx:TrackPointExtension>
<opentracks:accuracy_horizontal>4.283</opentracks:accuracy_horizontal></extensions>
</trkpt>
<trkpt lat="50.440281" lon="-104.351537">
<ele>594.2</ele>
<time>2026-08-25T12:29:13.834-06:00</time>
<extensions>
<gpxtpx:TrackPointExtension>
<gpxtpx:speed>5.92</gpxtpx:speed>
</gpxtpx:TrackPointExtension>
<opentracks:accuracy_horizontal>4.027</opentracks:accuracy_horizontal></extensions>
</trkpt>
<trkpt lat="50.440394" lon="-104.351508">
<ele>593.7</ele>
<time>2026-08-25T12:29:15.841-06:00</time>
<extensions>
<gpxtpx:TrackPointExtension>
<gpxtpx:speed>5.59</gpxtpx:speed>
</gpxtpx:TrackPointExtension>
<opentracks:accuracy_horizontal>4.284</opentracks:accuracy_horizontal></extensions>
</trkpt>
<trkpt lat="50.440493" lon="-104.351481">
<ele>594.1</ele>
<time>2026-08-25T12:29:17.832-06:00</time>
<extensions>
<gpxtpx:TrackPointExtension>
<gpxtpx:speed>5.44</gpxtpx:speed>
</gpxtpx:TrackPointExtension>
<opentracks:accuracy_horizontal>4.284</opentracks:accuracy_horizontal></extensions>
</trkpt>
<trkpt lat="50.440591" lon="-104.351472">
<ele>594.1</ele>
<time>2026-08-25T12:29:19.839-06:00</time>
<extensions>
<gpxtpx:TrackPointExtension>
<gpxtpx:speed>5.72</gpxtpx:speed>
</gpxtpx:TrackPointExtension>
<opentracks:accuracy_horizontal>4.284</opentracks:accuracy_horizontal></extensions>
</trkpt>
<trkpt lat="50.440683" lon="-104.351456">
<ele>594.4</ele>
<time>2026-08-25T12:29:21.838-06:00</time>
<extensions>
<gpxtpx:TrackPointExtension>
<gpxtpx:speed>5.19</gpxtpx:speed>
</gpxtpx:TrackPointExtension>
<opentracks:accuracy_horizontal>4.285</opentracks:accuracy_horizontal></extensions>
</trkpt>
<trkpt lat="50.44081" lon="-104.35143">
<ele>594.5</ele>
<time>2026-08-25T12:29:24.85-06:00</time>
<extensions>
<gpxtpx:TrackPointExtension>
<gpxtpx:speed>5.05</gpxtpx:speed>
</gpxtpx:TrackPointExtension>
<opentracks:accuracy_horizontal>4.33</opentracks:accuracy_horizontal></extensions>
</trkpt>
<trkpt lat="50.440904" lon="-104.35143">
<ele>595.7</ele>
<time>2026-08-25T12:29:26.829-06:00</time>
<extensions>
<gpxtpx:TrackPointExtension>
<gpxtpx:speed>4.77</gpxtpx:speed>
</gpxtpx:TrackPointExtension>
<opentracks:accuracy_horizontal>4.555</opentracks:accuracy_horizontal></extensions>
</trkpt>
<trkpt lat="50.440997" lon="-104.351431">
<ele>596.2</ele>
<time>2026-08-25T12:29:28.835-06:00</time>
<extensions>
<gpxtpx:TrackPointExtension>
<gpxtpx:speed>4.65</gpxtpx:speed>
</gpxtpx:TrackPointExtension>
<opentracks:accuracy_horizontal>4.531</opentracks:accuracy_horizontal></extensions>
</trkpt>
<trkpt lat="50.441092" lon="-104.35144">
<ele>595.8</ele>
<time>2026-08-25T12:29:30.849-06:00</time>
<extensions>
<gpxtpx:TrackPointExtension>
<gpxtpx:speed>4.97</gpxtpx:speed>
</gpxtpx:TrackPointExtension>
<opentracks:accuracy_horizontal>4.677</opentracks:accuracy_horizontal></extensions>
</trkpt>
<trkpt lat="50.441184" lon="-104.351529">
<ele>597.2</ele>
<time>2026-08-25T12:29:32.846-06:00</time>
<extensions>
<gpxtpx:TrackPointExtension>
<gpxtpx:speed>5.01</gpxtpx:speed>
</gpxtpx:TrackPointExtension>
<opentracks:accuracy_horizontal>4.576</opentracks:accuracy_horizontal></extensions>
</trkpt>
<trkpt lat="50.441246" lon="-104.351686">
<ele>596.7</ele>
<time>2026-08-25T12:29:34.848-06:00</time>
<extensions>
<gpxtpx:TrackPointExtension>
<gpxtpx:speed>5.14</gpxtpx:speed>
</gpxtpx:TrackPointExtension>
<opentracks:accuracy_horizontal>4.677</opentracks:accuracy_horizontal></extensions>
</trkpt>
<trkpt lat="50.441265" lon="-104.35188">
<ele>596.1</ele>
<time>2026-08-25T12:29:36.835-06:00</time>
<extensions>
<gpxtpx:TrackPointExtension>
<gpxtpx:speed>5.74</gpxtpx:speed>
</gpxtpx:TrackPointExtension>
<opentracks:accuracy_horizontal>4.312</opentracks:accuracy_horizontal></extensions>
</trkpt>
<trkpt lat="50.441263" lon="-104.35206">
<ele>595.9</ele>
<time>2026-08-25T12:29:38.84-06:00</time>
<extensions>
<gpxtpx:TrackPointExtension>
<gpxtpx:speed>5.36</gpxtpx:speed>
</gpxtpx:TrackPointExtension>
<opentracks:accuracy_horizontal>4.678</opentracks:accuracy_horizontal></extensions>
</trkpt>
<trkpt lat="50.441264" lon="-104.352213">
<ele>595.8</ele>
<time>2026-08-25T12:29:40.84-06:00</time>
<extensions>
<gpxtpx:TrackPointExtension>
<gpxtpx:speed>5.45</gpxtpx:speed>
</gpxtpx:TrackPointExtension>
<opentracks:accuracy_horizontal>4.417</opentracks:accuracy_horizontal></extensions>
</trkpt>
<trkpt lat="50.441266" lon="-104.352379">
<ele>595.2</ele>
<time>2026-08-25T12:29:42.846-06:00</time>
<extensions>
<gpxtpx:TrackPointExtension>
<gpxtpx:speed>5.67</gpxtpx:speed>
</gpxtpx:TrackPointExtension>
<opentracks:accuracy_horizontal>4.389</opentracks:accuracy_horizontal></extensions>
</trkpt>
<trkpt lat="50.441267" lon="-104.352549">
<ele>595.4</ele>
<time>2026-08-25T12:29:44.847-06:00</time>
<extensions>
<gpxtpx:TrackPointExtension>
<gpxtpx:speed>5.38</gpxtpx:speed>
</gpxtpx:TrackPointExtension>
<opentracks:accuracy_horizontal>4.29</opentracks:accuracy_horizontal></extensions>
</trkpt>
<trkpt lat="50.441262" lon="-104.352708">
<ele>594.6</ele>
<time>2026-08-25T12:29:46.839-06:00</time>
<extensions>
<gpxtpx:TrackPointExtension>
<gpxtpx:speed>5.4</gpxtpx:speed>
</gpxtpx:TrackPointExtension>
<opentracks:accuracy_horizontal>4.273</opentracks:accuracy_horizontal></extensions>
</trkpt>
<trkpt lat="50.441256" lon="-104.352881">
<ele>593.8</ele>
<time>2026-08-25T12:29:48.845-06:00</time>
<extensions>
<gpxtpx:TrackPointExtension>
<gpxtpx:speed>5.64</gpxtpx:speed>
</gpxtpx:TrackPointExtension>
<opentracks:accuracy_horizontal>4.356</opentracks:accuracy_horizontal></extensions>
</trkpt>
<trkpt lat="50.44125" lon="-104.353062">
<ele>593</ele>
<time>2026-08-25T12:29:50.836-06:00</time>
<extensions>
<gpxtpx:TrackPointExtension>
<gpxtpx:speed>5.75</gpxtpx:speed>
</gpxtpx:TrackPointExtension>
<opentracks:accuracy_horizontal>4.398</opentracks:accuracy_horizontal></extensions>
</trkpt>
<trkpt lat="50.441247" lon="-104.353229">
<ele>593.2</ele>
<time>2026-08-25T12:29:52.836-06:00</time>
<extensions>
<gpxtpx:TrackPointExtension>
<gpxtpx:speed>5.38</gpxtpx:speed>
</gpxtpx:TrackPointExtension>
<opentracks:accuracy_horizontal>4.679</opentracks:accuracy_horizontal></extensions>
</trkpt>
<trkpt lat="50.441247" lon="-104.353386">
<ele>592.7</ele>
<time>2026-08-25T12:29:54.848-06:00</time>
<extensions>
<gpxtpx:TrackPointExtension>
<gpxtpx:speed>4.9</gpxtpx:speed>
</gpxtpx:TrackPointExtension>
<opentracks:accuracy_horizontal>4.2</opentracks:accuracy_horizontal></extensions>
</trkpt>
<trkpt lat="50.441242" lon="-104.35353">
<ele>591.9</ele>
<time>2026-08-25T12:29:56.829-06:00</time>
<extensions>
<gpxtpx:TrackPointExtension>
<gpxtpx:speed>4.98</gpxtpx:speed>
</gpxtpx:TrackPointExtension>
<opentracks:accuracy_horizontal>4.222</opentracks:accuracy_horizontal></extensions>
</trkpt>
<trkpt lat="50.441238" lon="-104.353678">
<ele>591</ele>
<time>2026-08-25T12:29:58.84-06:00</time>
<extensions>
<gpxtpx:TrackPointExtension>
<gpxtpx:speed>5.3</gpxtpx:speed>
</gpxtpx:TrackPointExtension>
<opentracks:accuracy_horizontal>4.228</opentracks:accuracy_horizontal></extensions>
</trkpt>
<trkpt lat="50.441233" lon="-104.353843">
<ele>590.7</ele>
<time>2026-08-25T12:30:00.844-06:00</time>
<extensions>
<gpxtpx:TrackPointExtension>
<gpxtpx:speed>5.42</gpxtpx:speed>
</gpxtpx:TrackPointExtension>
<opentracks:accuracy_horizontal>4.178</opentracks:accuracy_horizontal></extensions>
</trkpt>
<trkpt lat="50.44123" lon="-104.354007">
<ele>590.7</ele>
<time>2026-08-25T12:30:02.836-06:00</time>
<extensions>
<gpxtpx:TrackPointExtension>
<gpxtpx:speed>5.44</gpxtpx:speed>
</gpxtpx:TrackPointExtension>
<opentracks:accuracy_horizontal>4.413</opentracks:accuracy_horizontal></extensions>
</trkpt>
<trkpt lat="50.441228" lon="-104.354168">
<ele>591.2</ele>
<time>2026-08-25T12:30:04.828-06:00</time>
<extensions>
<gpxtpx:TrackPointExtension>
<gpxtpx:speed>5.44</gpxtpx:speed>
</gpxtpx:TrackPointExtension>
<opentracks:accuracy_horizontal>4.681</opentracks:accuracy_horizontal></extensions>
</trkpt>
<trkpt lat="50.44122" lon="-104.354313">
<ele>591.7</ele>
<time>2026-08-25T12:30:06.831-06:00</time>
<extensions>
<gpxtpx:TrackPointExtension>
<gpxtpx:speed>4.63</gpxtpx:speed>
</gpxtpx:TrackPointExtension>
<opentracks:accuracy_horizontal>4.531</opentracks:accuracy_horizontal></extensions>
</trkpt>
<trkpt lat="50.441232" lon="-104.354518">
<ele>591.1</ele>
<time>2026-08-25T12:30:09.851-06:00</time>
<extensions>
<gpxtpx:TrackPointExtension>
<gpxtpx:speed>4.71</gpxtpx:speed>
</gpxtpx:TrackPointExtension>
<opentracks:accuracy_horizontal>4.743</opentracks:accuracy_horizontal></extensions>
</trkpt>
<trkpt lat="50.441241" lon="-104.354674">
<ele>591.4</ele>
<time>2026-08-25T12:30:11.832-06:00</time>
<extensions>
<gpxtpx:TrackPointExtension>
<gpxtpx:speed>5.01</gpxtpx:speed>
</gpxtpx:TrackPointExtension>
<opentracks:accuracy_horizontal>4.835</opentracks:accuracy_horizontal></extensions>
</trkpt>
<trkpt lat="50.441247" lon="-104.354828">
<ele>592.4</ele>
<time>2026-08-25T12:30:13.848-06:00</time>
<extensions>
<gpxtpx:TrackPointExtension>
<gpxtpx:speed>4.33</gpxtpx:speed>
</gpxtpx:TrackPointExtension>
<opentracks:accuracy_horizontal>4.682</opentracks:accuracy_horizontal></extensions>
</trkpt>
<trkpt lat="50.44124" lon="-104.354996">
<ele>593.5</ele>
<time>2026-08-25T12:30:16.839-06:00</time>
<extensions>
<gpxtpx:TrackPointExtension>
<gpxtpx:speed>3.35</gpxtpx:speed>
</gpxtpx:TrackPointExtension>
<opentracks:accuracy_horizontal>4.682</opentracks:accuracy_horizontal></extensions>
</trkpt>
<trkpt lat="50.44124" lon="-104.355158">
<ele>593.8</ele>
<time>2026-08-25T12:30:19.84-06:00</time>
<extensions>
<gpxtpx:TrackPointExtension>
<gpxtpx:speed>2.86</gpxtpx:speed>
</gpxtpx:TrackPointExtension>
<opentracks:accuracy_horizontal>4.283</opentracks:accuracy_horizontal></extensions>
</trkpt>
<trkpt lat="50.441241" lon="-104.355303">
<ele>594.6</ele>
<time>2026-08-25T12:30:22.819-06:00</time>
<extensions>
<gpxtpx:TrackPointExtension>
<gpxtpx:speed>2.46</gpxtpx:speed>
</gpxtpx:TrackPointExtension>
<opentracks:accuracy_horizontal>4.337</opentracks:accuracy_horizontal></extensions>
</trkpt>
<trkpt lat="50.441143" lon="-104.355429">
<ele>595.8</ele>
<time>2026-08-25T12:30:27.845-06:00</time>
<extensions>
<gpxtpx:TrackPointExtension>
<gpxtpx:speed>2.94</gpxtpx:speed>
</gpxtpx:TrackPointExtension>
<opentracks:accuracy_horizontal>4.339</opentracks:accuracy_horizontal></extensions>
</trkpt>
<trkpt lat="50.441048" lon="-104.355441">
<ele>595</ele>
<time>2026-08-25T12:30:29.839-06:00</time>
<extensions>
<gpxtpx:TrackPointExtension>
<gpxtpx:speed>3.67</gpxtpx:speed>
</gpxtpx:TrackPointExtension>
<opentracks:accuracy_horizontal>4.642</opentracks:accuracy_horizontal></extensions>
</trkpt>
<trkpt lat="50.440939" lon="-104.355391">
<ele>595.9</ele>
<time>2026-08-25T12:30:31.853-06:00</time>
<extensions>
<gpxtpx:TrackPointExtension>
<gpxtpx:speed>4.74</gpxtpx:speed>
</gpxtpx:TrackPointExtension>
<opentracks:accuracy_horizontal>4.481</opentracks:accuracy_horizontal></extensions>
</trkpt>
<trkpt lat="50.440844" lon="-104.355371">
<ele>597.2</ele>
<time>2026-08-25T12:30:33.815-06:00</time>
<extensions>
<gpxtpx:TrackPointExtension>
<gpxtpx:speed>4.39</gpxtpx:speed>
</gpxtpx:TrackPointExtension>
<opentracks:accuracy_horizontal>4.172</opentracks:accuracy_horizontal></extensions>
</trkpt>
<trkpt lat="50.44072" lon="-104.355389">
<ele>597.2</ele>
<time>2026-08-25T12:30:36.813-06:00</time>
<extensions>
<gpxtpx:TrackPointExtension>
<gpxtpx:speed>3.55</gpxtpx:speed>
</gpxtpx:TrackPointExtension>
<opentracks:accuracy_horizontal>4.193</opentracks:accuracy_horizontal></extensions>
</trkpt>
<trkpt lat="50.440663" lon="-104.355276">
<ele>597.3</ele>
<time>2026-08-25T12:30:40.847-06:00</time>
<extensions>
<gpxtpx:TrackPointExtension>
<gpxtpx:speed>2.62</gpxtpx:speed>
</gpxtpx:TrackPointExtension>
<opentracks:accuracy_horizontal>4.173</opentracks:accuracy_horizontal></extensions>
</trkpt>
<trkpt lat="50.440746" lon="-104.35521">
<ele>597.1</ele>
<time>2026-08-25T12:30:42.843-06:00</time>
<extensions>
<gpxtpx:TrackPointExtension>
<gpxtpx:speed>3.75</gpxtpx:speed>
</gpxtpx:TrackPointExtension>
<opentracks:accuracy_horizontal>4.582</opentracks:accuracy_horizontal></extensions>
</trkpt>
<trkpt lat="50.440845" lon="-104.355236">
<ele>596.6</ele>
<time>2026-08-25T12:30:44.836-06:00</time>
<extensions>
<gpxtpx:TrackPointExtension>
<gpxtpx:speed>4.63</gpxtpx:speed>
</gpxtpx:TrackPointExtension>
<opentracks:accuracy_horizontal>4.778</opentracks:accuracy_horizontal></extensions>
</trkpt>
<trkpt lat="50.440955" lon="-104.355271">
<ele>597</ele>
<time>2026-08-25T12:30:46.841-06:00</time>
<extensions>
<gpxtpx:TrackPointExtension>
<gpxtpx:speed>5.12</gpxtpx:speed>
</gpxtpx:TrackPointExtension>
<opentracks:accuracy_horizontal>4.914</opentracks:accuracy_horizontal></extensions>
</trkpt>
<trkpt lat="50.441062" lon="-104.355268">
<ele>597.6</ele>
<time>2026-08-25T12:30:48.849-06:00</time>
<extensions>
<gpxtpx:TrackPointExtension>
<gpxtpx:speed>5.95</gpxtpx:speed>
</gpxtpx:TrackPointExtension>
<opentracks:accuracy_horizontal>4.93</opentracks:accuracy_horizontal></extensions>
</trkpt>
<trkpt lat="50.441176" lon="-104.355256">
<ele>597</ele>
<time>2026-08-25T12:30:50.834-06:00</time>
<extensions>
<gpxtpx:TrackPointExtension>
<gpxtpx:speed>6.09</gpxtpx:speed>
</gpxtpx:TrackPointExtension>
<opentracks:accuracy_horizontal>4.824</opentracks:accuracy_horizontal></extensions>
</trkpt>
<trkpt lat="50.441288" lon="-104.355258">
<ele>596.2</ele>
<time>2026-08-25T12:30:52.858-06:00</time>
<extensions>
<gpxtpx:TrackPointExtension>
<gpxtpx:speed>6.08</gpxtpx:speed>
</gpxtpx:TrackPointExtension>
<opentracks:accuracy_horizontal>4.93</opentracks:accuracy_horizontal></extensions>
</trkpt>
<trkpt lat="50.441399" lon="-104.355264">
<ele>596.4</ele>
<time>2026-08-25T12:30:54.844-06:00</time>
<extensions>
<gpxtpx:TrackPointExtension>
<gpxtpx:speed>6.06</gpxtpx:speed>
</gpxtpx:TrackPointExtension>
<opentracks:accuracy_horizontal>5.049</opentracks:accuracy_horizontal></extensions>
</trkpt>
<trkpt lat="50.441505" lon="-104.355252">
<ele>596.1</ele>
<time>2026-08-25T12:30:56.853-06:00</time>
<extensions>
<gpxtpx:TrackPointExtension>
<gpxtpx:speed>5.78</gpxtpx:speed>
</gpxtpx:TrackPointExtension>
<opentracks:accuracy_horizontal>5.24</opentracks:accuracy_horizontal></extensions>
</trkpt>
<trkpt lat="50.441612" lon="-104.355237">
<ele>596.1</ele>
<time>2026-08-25T12:30:58.841-06:00</time>
<extensions>
<gpxtpx:TrackPointExtension>
<gpxtpx:speed>5.63</gpxtpx:speed>
</gpxtpx:TrackPointExtension>
<opentracks:accuracy_horizontal>5.239</opentracks:accuracy_horizontal></extensions>
</trkpt>
<trkpt lat="50.441735" lon="-104.355225">
<ele>595.9</ele>
<time>2026-08-25T12:31:00.841-06:00</time>
<extensions>
<gpxtpx:TrackPointExtension>
<gpxtpx:speed>5.63</gpxtpx:speed>
</gpxtpx:TrackPointExtension>
<opentracks:accuracy_horizontal>5.025</opentracks:accuracy_horizontal></extensions>
</trkpt>
<trkpt lat="50.441862" lon="-104.355221">
<ele>595.7</ele>
<time>2026-08-25T12:31:02.85-06:00</time>
<extensions>
<gpxtpx:TrackPointExtension>
<gpxtpx:speed>6.44</gpxtpx:speed>
</gpxtpx:TrackPointExtension>
<opentracks:accuracy_horizontal>4.777</opentracks:accuracy_horizontal></extensions>
</trkpt>
<trkpt lat="50.442" lon="-104.355227">
<ele>595.1</ele>
<time>2026-08-25T12:31:04.849-06:00</time>
<extensions>
<gpxtpx:TrackPointExtension>
<gpxtpx:speed>6.96</gpxtpx:speed>
</gpxtpx:TrackPointExtension>
<opentracks:accuracy_horizontal>4.466</opentracks:accuracy_horizontal></extensions>
</trkpt>
<trkpt lat="50.442129" lon="-104.355234">
<ele>594.4</ele>
<time>2026-08-25T12:31:06.848-06:00</time>
<extensions>
<gpxtpx:TrackPointExtension>
<gpxtpx:speed>6.45</gpxtpx:speed>
</gpxtpx:TrackPointExtension>
<opentracks:accuracy_horizontal>4.455</opentracks:accuracy_horizontal></extensions>
</trkpt>
<trkpt lat="50.442249" lon="-104.35524">
<ele>594.2</ele>
<time>2026-08-25T12:31:08.848-06:00</time>
<extensions>
<gpxtpx:TrackPointExtension>
<gpxtpx:speed>6.49</gpxtpx:speed>
</gpxtpx:TrackPointExtension>
<opentracks:accuracy_horizontal>4.421</opentracks:accuracy_horizontal></extensions>
</trkpt>
<trkpt lat="50.442369" lon="-104.355244">
<ele>593.4</ele>
<time>2026-08-25T12:31:10.847-06:00</time>
<extensions>
<gpxtpx:TrackPointExtension>
<gpxtpx:speed>6.59</gpxtpx:speed>
</gpxtpx:TrackPointExtension>
<opentracks:accuracy_horizontal>4.546</opentracks:accuracy_horizontal></extensions>
</trkpt>
<trkpt lat="50.442481" lon="-104.355238">
<ele>593</ele>
<time>2026-08-25T12:31:12.846-06:00</time>
<extensions>
<gpxtpx:TrackPointExtension>
<gpxtpx:speed>6.21</gpxtpx:speed>
</gpxtpx:TrackPointExtension>
<opentracks:accuracy_horizontal>4.514</opentracks:accuracy_horizontal></extensions>
</trkpt>
<trkpt lat="50.442579" lon="-104.355216">
<ele>592.9</ele>
<time>2026-08-25T12:31:14.837-06:00</time>
<extensions>
<gpxtpx:TrackPointExtension>
<gpxtpx:speed>5.66</gpxtpx:speed>
</gpxtpx:TrackPointExtension>
<opentracks:accuracy_horizontal>4.584</opentracks:accuracy_horizontal></extensions>
</trkpt>
<trkpt lat="50.442666" lon="-104.355126">
<ele>593.2</ele>
<time>2026-08-25T12:31:16.863-06:00</time>
<extensions>
<gpxtpx:TrackPointExtension>
<gpxtpx:speed>5.57</gpxtpx:speed>
</gpxtpx:TrackPointExtension>
<opentracks:accuracy_horizontal>4.473</opentracks:accuracy_horizontal></extensions>
</trkpt>
<trkpt lat="50.442743" lon="-104.355011">
<ele>593</ele>
<time>2026-08-25T12:31:18.84-06:00</time>
<extensions>
<gpxtpx:TrackPointExtension>
<gpxtpx:speed>4.93</gpxtpx:speed>
</gpxtpx:TrackPointExtension>
<opentracks:accuracy_horizontal>4.49</opentracks:accuracy_horizontal></extensions>
</trkpt>
<trkpt lat="50.442786" lon="-104.354882">
<ele>592.9</ele>
<time>2026-08-25T12:31:20.846-06:00</time>
<extensions>
<gpxtpx:TrackPointExtension>
<gpxtpx:speed>4.45</gpxtpx:speed>
</gpxtpx:TrackPointExtension>
<opentracks:accuracy_horizontal>4.373</opentracks:accuracy_horizontal></extensions>
</trkpt>
<trkpt lat="50.442814" lon="-104.354689">
<ele>592.9</ele>
<time>2026-08-25T12:31:23.838-06:00</time>
<extensions>
<gpxtpx:TrackPointExtension>
<gpxtpx:speed>4.83</gpxtpx:speed>
</gpxtpx:TrackPointExtension>
<opentracks:accuracy_horizontal>4.305</opentracks:accuracy_horizontal></extensions>
</trkpt>
<trkpt lat="50.442837" lon="-104.354545">
<ele>593.3</ele>
<time>2026-08-25T12:31:25.836-06:00</time>
<extensions>
<gpxtpx:TrackPointExtension>
<gpxtpx:speed>5.17</gpxtpx:speed>
</gpxtpx:TrackPointExtension>
<opentracks:accuracy_horizontal>4.305</opentracks:accuracy_horizontal></extensions>
</trkpt>
<trkpt lat="50.442896" lon="-104.35442">
<ele>592.7</ele>
<time>2026-08-25T12:31:27.834-06:00</time>
<extensions>
<gpxtpx:TrackPointExtension>
<gpxtpx:speed>5.56</gpxtpx:speed>
</gpxtpx:TrackPointExtension>
<opentracks:accuracy_horizontal>4.305</opentracks:accuracy_horizontal></extensions>
</trkpt>
<trkpt lat="50.442997" lon="-104.354367">
<ele>593.4</ele>
<time>2026-08-25T12:31:29.833-06:00</time>
<extensions>
<gpxtpx:TrackPointExtension>
<gpxtpx:speed>5.01</gpxtpx:speed>
</gpxtpx:TrackPointExtension>
<opentracks:accuracy_horizontal>4.183</opentracks:accuracy_horizontal></extensions>
</trkpt>
<trkpt lat="50.443135" lon="-104.354432">
<ele>592.4</ele>
<time>2026-08-25T12:31:31.852-06:00</time>
<extensions>
<gpxtpx:TrackPointExtension>
<gpxtpx:speed>5.93</gpxtpx:speed>
</gpxtpx:TrackPointExtension>
<opentracks:accuracy_horizontal>4.479</opentracks:accuracy_horizontal></extensions>
</trkpt>
<trkpt lat="50.44325" lon="-104.354513">
<ele>593.5</ele>
<time>2026-08-25T12:31:33.843-06:00</time>
<extensions>
<gpxtpx:TrackPointExtension>
<gpxtpx:speed>5.57</gpxtpx:speed>
</gpxtpx:TrackPointExtension>
<opentracks:accuracy_horizontal>4.322</opentracks:accuracy_horizontal></extensions>
</trkpt>
<trkpt lat="50.443346" lon="-104.35459">
<ele>593.8</ele>
<time>2026-08-25T12:31:35.843-06:00</time>
<extensions>
<gpxtpx:TrackPointExtension>
<gpxtpx:speed>5.36</gpxtpx:speed>
</gpxtpx:TrackPointExtension>
<opentracks:accuracy_horizontal>4.306</opentracks:accuracy_horizontal></extensions>
</trkpt>
<trkpt lat="50.443429" lon="-104.354676">
<ele>593.4</ele>
<time>2026-08-25T12:31:37.835-06:00</time>
<extensions>
<gpxtpx:TrackPointExtension>
<gpxtpx:speed>5.08</gpxtpx:speed>
</gpxtpx:TrackPointExtension>
<opentracks:accuracy_horizontal>4.307</opentracks:accuracy_horizontal></extensions>
</trkpt>
<trkpt lat="50.443512" lon="-104.354761">
<ele>593.3</ele>
<time>2026-08-25T12:31:39.841-06:00</time>
<extensions>
<gpxtpx:TrackPointExtension>
<gpxtpx:speed>4.66</gpxtpx:speed>
</gpxtpx:TrackPointExtension>
<opentracks:accuracy_horizontal>4.307</opentracks:accuracy_horizontal></extensions>
</trkpt>
<trkpt lat="50.443628" lon="-104.354869">
<ele>593.4</ele>
<time>2026-08-25T12:31:42.835-06:00</time>
<extensions>
<gpxtpx:TrackPointExtension>
<gpxtpx:speed>5.07</gpxtpx:speed>
</gpxtpx:TrackPointExtension>
<opentracks:accuracy_horizontal>4.083</opentracks:accuracy_horizontal></extensions>
</trkpt>
<trkpt lat="50.443707" lon="-104.355">
<ele>594.7</ele>
<time>2026-08-25T12:31:45.832-06:00</time>
<extensions>
<gpxtpx:TrackPointExtension>
<gpxtpx:speed>2.35</gpxtpx:speed>
</gpxtpx:TrackPointExtension>
<opentracks:accuracy_horizontal>4.301</opentracks:accuracy_horizontal></extensions>
</trkpt>
<trkpt lat="50.44362" lon="-104.355127">
<ele>593.9</ele>
<time>2026-08-25T12:31:48.841-06:00</time>
<extensions>
<gpxtpx:TrackPointExtension>
<gpxtpx:speed>3.76</gpxtpx:speed>
</gpxtpx:TrackPointExtension>
<opentracks:accuracy_horizontal>4.746</opentracks:accuracy_horizontal></extensions>
</trkpt>
<trkpt lat="50.443583" lon="-104.355319">
<ele>594</ele>
<time>2026-08-25T12:31:51.846-06:00</time>
<extensions>
<gpxtpx:TrackPointExtension>
<gpxtpx:speed>4.17</gpxtpx:speed>
</gpxtpx:TrackPointExtension>
<opentracks:accuracy_horizontal>4.136</opentracks:accuracy_horizontal></extensions>
</trkpt>
<trkpt lat="50.443553" lon="-104.355517">
<ele>593.9</ele>
<time>2026-08-25T12:31:54.855-06:00</time>
<extensions>
<gpxtpx:TrackPointExtension>
<gpxtpx:speed>4.37</gpxtpx:speed>
</gpxtpx:TrackPointExtension>
<opentracks:accuracy_horizontal>4.141</opentracks:accuracy_horizontal></extensions>
</trkpt>
<trkpt lat="50.443525" lon="-104.355704">
<ele>594.5</ele>
<time>2026-08-25T12:31:57.831-06:00</time>
<extensions>
<gpxtpx:TrackPointExtension>
<gpxtpx:speed>4.87</gpxtpx:speed>
</gpxtpx:TrackPointExtension>
<opentracks:accuracy_horizontal>4.109</opentracks:accuracy_horizontal></extensions>
</trkpt>
<trkpt lat="50.443501" lon="-104.355846">
<ele>594.2</ele>
<time>2026-08-25T12:31:59.845-06:00</time>
<extensions>
<gpxtpx:TrackPointExtension>
<gpxtpx:speed>4.76</gpxtpx:speed>
</gpxtpx:TrackPointExtension>
<opentracks:accuracy_horizontal>4.049</opentracks:accuracy_horizontal></extensions>
</trkpt>
<trkpt lat="50.443476" lon="-104.355984">
<ele>594.3</ele>
<time>2026-08-25T12:32:01.843-06:00</time>
<extensions>
<gpxtpx:TrackPointExtension>
<gpxtpx:speed>5.05</gpxtpx:speed>
</gpxtpx:TrackPointExtension>
<opentracks:accuracy_horizontal>4.102</opentracks:accuracy_horizontal></extensions>
</trkpt>
<trkpt lat="50.443443" lon="-104.356119">
<ele>594.5</ele>
<time>2026-08-25T12:32:03.819-06:00</time>
<extensions>
<gpxtpx:TrackPointExtension>
<gpxtpx:speed>5.04</gpxtpx:speed>
</gpxtpx:TrackPointExtension>
<opentracks:accuracy_horizontal>4.12</opentracks:accuracy_horizontal></extensions>
</trkpt>
<trkpt lat="50.443386" lon="-104.356304">
<ele>594</ele>
<time>2026-08-25T12:32:06.849-06:00</time>
<extensions>
<gpxtpx:TrackPointExtension>
<gpxtpx:speed>4.47</gpxtpx:speed>
</gpxtpx:TrackPointExtension>
<opentracks:accuracy_horizontal>4.138</opentracks:accuracy_horizontal></extensions>
</trkpt>
<trkpt lat="50.443351" lon="-104.356499">
<ele>593.4</ele>
<time>2026-08-25T12:32:09.838-06:00</time>
<extensions>
<gpxtpx:TrackPointExtension>
<gpxtpx:speed>4.74</gpxtpx:speed>
</gpxtpx:TrackPointExtension>
<opentracks:accuracy_horizontal>4.211</opentracks:accuracy_horizontal></extensions>
</trkpt>
<trkpt lat="50.443326" lon="-104.356702">
<ele>593.1</ele>
<time>2026-08-25T12:32:12.838-06:00</time>
<extensions>
<gpxtpx:TrackPointExtension>
<gpxtpx:speed>4.55</gpxtpx:speed>
</gpxtpx:TrackPointExtension>
<opentracks:accuracy_horizontal>4.103</opentracks:accuracy_horizontal></extensions>
</trkpt>
<trkpt lat="50.443323" lon="-104.356881">
<ele>592.6</ele>
<time>2026-08-25T12:32:15.838-06:00</time>
<extensions>
<gpxtpx:TrackPointExtension>
<gpxtpx:speed>3.82</gpxtpx:speed>
</gpxtpx:TrackPointExtension>
<opentracks:accuracy_horizontal>4.052</opentracks:accuracy_horizontal></extensions>
</trkpt>
<trkpt lat="50.443319" lon="-104.357046">
<ele>592.7</ele>
<time>2026-08-25T12:32:18.847-06:00</time>
<extensions>
<gpxtpx:TrackPointExtension>
<gpxtpx:speed>3.76</gpxtpx:speed>
</gpxtpx:TrackPointExtension>
<opentracks:accuracy_horizontal>4.052</opentracks:accuracy_horizontal></extensions>
</trkpt>
<trkpt lat="50.443315" lon="-104.357205">
<ele>593.1</ele>
<time>2026-08-25T12:32:23.85-06:00</time>
<extensions>
<gpxtpx:TrackPointExtension>
<gpxtpx:speed>1.74</gpxtpx:speed>
</gpxtpx:TrackPointExtension>
<opentracks:accuracy_horizontal>4.053</opentracks:accuracy_horizontal></extensions>
</trkpt>
<trkpt lat="50.443312" lon="-104.357357">
<ele>594.2</ele>
<time>2026-08-25T12:32:29.851-06:00</time>
<extensions>
<gpxtpx:TrackPointExtension>
<gpxtpx:speed>2.67</gpxtpx:speed>
</gpxtpx:TrackPointExtension>
<opentracks:accuracy_horizontal>4.529</opentracks:accuracy_horizontal></extensions>
</trkpt>
<trkpt lat="50.443283" lon="-104.357523">
<ele>594.4</ele>
<time>2026-08-25T12:32:32.853-06:00</time>
<extensions>
<gpxtpx:TrackPointExtension>
<gpxtpx:speed>3.95</gpxtpx:speed>
</gpxtpx:TrackPointExtension>
<opentracks:accuracy_horizontal>4.383</opentracks:accuracy_horizontal></extensions>
</trkpt>
<trkpt lat="50.443292" lon="-104.357729">
<ele>594.2</ele>
<time>2026-08-25T12:32:35.846-06:00</time>
<extensions>
<gpxtpx:TrackPointExtension>
<gpxtpx:speed>4.01</gpxtpx:speed>
</gpxtpx:TrackPointExtension>
<opentracks:accuracy_horizontal>4.238</opentracks:accuracy_horizontal></extensions>
</trkpt>
<trkpt lat="50.443338" lon="-104.357849">
<ele>593.9</ele>
<time>2026-08-25T12:32:37.851-06:00</time>
<extensions>
<gpxtpx:TrackPointExtension>
<gpxtpx:speed>5.39</gpxtpx:speed>
</gpxtpx:TrackPointExtension>
<opentracks:accuracy_horizontal>4.316</opentracks:accuracy_horizontal></extensions>
</trkpt>
<trkpt lat="50.443372" lon="-104.358026">
<ele>593.9</ele>
<time>2026-08-25T12:32:39.841-06:00</time>
<extensions>
<gpxtpx:TrackPointExtension>
<gpxtpx:speed>6.01</gpxtpx:speed>
</gpxtpx:TrackPointExtension>
<opentracks:accuracy_horizontal>4.196</opentracks:accuracy_horizontal></extensions>
</trkpt>
<trkpt lat="50.443345" lon="-104.358193">
<ele>593.5</ele>
<time>2026-08-25T12:32:41.842-06:00</time>
<extensions>
<gpxtpx:TrackPointExtension>
<gpxtpx:speed>5.78</gpxtpx:speed>
</gpxtpx:TrackPointExtension>
<opentracks:accuracy_horizontal>4.172</opentracks:accuracy_horizontal></extensions>
</trkpt>
<trkpt lat="50.443283" lon="-104.358351">
<ele>592.6</ele>
<time>2026-08-25T12:32:43.835-06:00</time>
<extensions>
<gpxtpx:TrackPointExtension>
<gpxtpx:speed>5.99</gpxtpx:speed>
</gpxtpx:TrackPointExtension>
<opentracks:accuracy_horizontal>4.325</opentracks:accuracy_horizontal></extensions>
</trkpt>
<trkpt lat="50.443235" lon="-104.358534">
<ele>591.3</ele>
<time>2026-08-25T12:32:45.836-06:00</time>
<extensions>
<gpxtpx:TrackPointExtension>
<gpxtpx:speed>6.84</gpxtpx:speed>
</gpxtpx:TrackPointExtension>
<opentracks:accuracy_horizontal>4.412</opentracks:accuracy_horizontal></extensions>
</trkpt>
<trkpt lat="50.443229" lon="-104.358748">
<ele>591</ele>
<time>2026-08-25T12:32:47.841-06:00</time>
<extensions>
<gpxtpx:TrackPointExtension>
<gpxtpx:speed>6.98</gpxtpx:speed>
</gpxtpx:TrackPointExtension>
<opentracks:accuracy_horizontal>4.693</opentracks:accuracy_horizontal></extensions>
</trkpt>
<trkpt lat="50.44323" lon="-104.358924">
<ele>591.6</ele>
<time>2026-08-25T12:32:49.838-06:00</time>
<extensions>
<gpxtpx:TrackPointExtension>
<gpxtpx:speed>5.67</gpxtpx:speed>
</gpxtpx:TrackPointExtension>
<opentracks:accuracy_horizontal>4.26</opentracks:accuracy_horizontal></extensions>
</trkpt>
<trkpt lat="50.443238" lon="-104.359137">
<ele>591.3</ele>
<time>2026-08-25T12:32:52.832-06:00</time>
<extensions>
<gpxtpx:TrackPointExtension>
<gpxtpx:speed>5.58</gpxtpx:speed>
</gpxtpx:TrackPointExtension>
<opentracks:accuracy_horizontal>4.363</opentracks:accuracy_horizontal></extensions>
</trkpt>
<trkpt lat="50.443249" lon="-104.35931">
<ele>590.9</ele>
<time>2026-08-25T12:32:54.825-06:00</time>
<extensions>
<gpxtpx:TrackPointExtension>
<gpxtpx:speed>5.99</gpxtpx:speed>
</gpxtpx:TrackPointExtension>
<opentracks:accuracy_horizontal>4.229</opentracks:accuracy_horizontal></extensions>
</trkpt>
<trkpt lat="50.443268" lon="-104.359486">
<ele>590.9</ele>
<time>2026-08-25T12:32:56.845-06:00</time>
<extensions>
<gpxtpx:TrackPointExtension>
<gpxtpx:speed>6.03</gpxtpx:speed>
</gpxtpx:TrackPointExtension>
<opentracks:accuracy_horizontal>4.224</opentracks:accuracy_horizontal></extensions>
</trkpt>
<trkpt lat="50.443294" lon="-104.359651">
<ele>591.2</ele>
<time>2026-08-25T12:32:58.847-06:00</time>
<extensions>
<gpxtpx:TrackPointExtension>
<gpxtpx:speed>5.88</gpxtpx:speed>
</gpxtpx:TrackPointExtension>
<opentracks:accuracy_horizontal>4.122</opentracks:accuracy_horizontal></extensions>
</trkpt>
<trkpt lat="50.443322" lon="-104.359807">
<ele>591.5</ele>
<time>2026-08-25T12:33:00.84-06:00</time>
<extensions>
<gpxtpx:TrackPointExtension>
<gpxtpx:speed>5.8</gpxtpx:speed>
</gpxtpx:TrackPointExtension>
<opentracks:accuracy_horizontal>4.119</opentracks:accuracy_horizontal></extensions>
</trkpt>
<trkpt lat="50.443356" lon="-104.359955">
<ele>591.5</ele>
<time>2026-08-25T12:33:02.834-06:00</time>
<extensions>
<gpxtpx:TrackPointExtension>
<gpxtpx:speed>5.82</gpxtpx:speed>
</gpxtpx:TrackPointExtension>
<opentracks:accuracy_horizontal>4.1</opentracks:accuracy_horizontal></extensions>
</trkpt>
<trkpt lat="50.443394" lon="-104.360107">
<ele>591.7</ele>
<time>2026-08-25T12:33:04.85-06:00</time>
<extensions>
<gpxtpx:TrackPointExtension>
<gpxtpx:speed>5.65</gpxtpx:speed>
</gpxtpx:TrackPointExtension>
<opentracks:accuracy_horizontal>4.207</opentracks:accuracy_horizontal></extensions>
</trkpt>
<trkpt lat="50.443435" lon="-104.360249">
<ele>592</ele>
<time>2026-08-25T12:33:06.853-06:00</time>
<extensions>
<gpxtpx:TrackPointExtension>
<gpxtpx:speed>5.44</gpxtpx:speed>
</gpxtpx:TrackPointExtension>
<opentracks:accuracy_horizontal>4.201</opentracks:accuracy_horizontal></extensions>
</trkpt>
<trkpt lat="50.443474" lon="-104.360397">
<ele>592.1</ele>
<time>2026-08-25T12:33:08.831-06:00</time>
<extensions>
<gpxtpx:TrackPointExtension>
<gpxtpx:speed>5.53</gpxtpx:speed>
</gpxtpx:TrackPointExtension>
<opentracks:accuracy_horizontal>4.292</opentracks:accuracy_horizontal></extensions>
</trkpt>
<trkpt lat="50.443525" lon="-104.360547">
<ele>592</ele>
<time>2026-08-25T12:33:10.834-06:00</time>
<extensions>
<gpxtpx:TrackPointExtension>
<gpxtpx:speed>5.87</gpxtpx:speed>
</gpxtpx:TrackPointExtension>
<opentracks:accuracy_horizontal>4.372</opentracks:accuracy_horizontal></extensions>
</trkpt>
<trkpt lat="50.443581" lon="-104.36069">
<ele>591.9</ele>
<time>2026-08-25T12:33:12.847-06:00</time>
<extensions>
<gpxtpx:TrackPointExtension>
<gpxtpx:speed>5.77</gpxtpx:speed>
</gpxtpx:TrackPointExtension>
<opentracks:accuracy_horizontal>4.395</opentracks:accuracy_horizontal></extensions>
</trkpt>
<trkpt lat="50.443643" lon="-104.360824">
<ele>592</ele>
<time>2026-08-25T12:33:14.848-06:00</time>
<extensions>
<gpxtpx:TrackPointExtension>
<gpxtpx:speed>5.83</gpxtpx:speed>
</gpxtpx:TrackPointExtension>
<opentracks:accuracy_horizontal>4.408</opentracks:accuracy_horizontal></extensions>
</trkpt>
<trkpt lat="50.443704" lon="-104.360961">
<ele>592.5</ele>
<time>2026-08-25T12:33:16.831-06:00</time>
<extensions>
<gpxtpx:TrackPointExtension>
<gpxtpx:speed>5.84</gpxtpx:speed>
</gpxtpx:TrackPointExtension>
<opentracks:accuracy_horizontal>4.377</opentracks:accuracy_horizontal></extensions>
</trkpt>
<trkpt lat="50.443764" lon="-104.361091">
<ele>592.6</ele>
<time>2026-08-25T12:33:18.841-06:00</time>
<extensions>
<gpxtpx:TrackPointExtension>
<gpxtpx:speed>5.6</gpxtpx:speed>
</gpxtpx:TrackPointExtension>
<opentracks:accuracy_horizontal>4.323</opentracks:accuracy_horizontal></extensions>
</trkpt>
<trkpt lat="50.443824" lon="-104.361217">
<ele>593</ele>
<time>2026-08-25T12:33:20.856-06:00</time>
<extensions>
<gpxtpx:TrackPointExtension>
<gpxtpx:speed>5.46</gpxtpx:speed>
</gpxtpx:TrackPointExtension>
<opentracks:accuracy_horizontal>4.324</opentracks:accuracy_horizontal></extensions>
</trkpt>
<trkpt lat="50.443879" lon="-104.361346">
<ele>592.8</ele>
<time>2026-08-25T12:33:22.839-06:00</time>
<extensions>
<gpxtpx:TrackPointExtension>
<gpxtpx:speed>5.4</gpxtpx:speed>
</gpxtpx:TrackPointExtension>
<opentracks:accuracy_horizontal>4.324</opentracks:accuracy_horizontal></extensions>
</trkpt>
<trkpt lat="50.443944" lon="-104.361463">
<ele>592.9</ele>
<time>2026-08-25T12:33:24.837-06:00</time>
<extensions>
<gpxtpx:TrackPointExtension>
<gpxtpx:speed>5.61</gpxtpx:speed>
</gpxtpx:TrackPointExtension>
<opentracks:accuracy_horizontal>4.324</opentracks:accuracy_horizontal></extensions>
</trkpt>
<trkpt lat="50.444007" lon="-104.361587">
<ele>592.8</ele>
<time>2026-08-25T12:33:26.841-06:00</time>
<extensions>
<gpxtpx:TrackPointExtension>
<gpxtpx:speed>5.78</gpxtpx:speed>
</gpxtpx:TrackPointExtension>
<opentracks:accuracy_horizontal>4.325</opentracks:accuracy_horizontal></extensions>
</trkpt>
<trkpt lat="50.444076" lon="-104.36171">
<ele>592.4</ele>
<time>2026-08-25T12:33:28.839-06:00</time>
<extensions>
<gpxtpx:TrackPointExtension>
<gpxtpx:speed>5.53</gpxtpx:speed>
</gpxtpx:TrackPointExtension>
<opentracks:accuracy_horizontal>4.325</opentracks:accuracy_horizontal></extensions>
</trkpt>
<trkpt lat="50.444145" lon="-104.361842">
<ele>592.4</ele>
<time>2026-08-25T12:33:30.833-06:00</time>
<extensions>
<gpxtpx:TrackPointExtension>
<gpxtpx:speed>6.11</gpxtpx:speed>
</gpxtpx:TrackPointExtension>
<opentracks:accuracy_horizontal>4.351</opentracks:accuracy_horizontal></extensions>
</trkpt>
<trkpt lat="50.444198" lon="-104.361978">
<ele>593.2</ele>
<time>2026-08-25T12:33:32.851-06:00</time>
<extensions>
<gpxtpx:TrackPointExtension>
<gpxtpx:speed>5.7</gpxtpx:speed>
</gpxtpx:TrackPointExtension>
<opentracks:accuracy_horizontal>4.326</opentracks:accuracy_horizontal></extensions>
</trkpt>
<trkpt lat="50.444255" lon="-104.362088">
<ele>593.1</ele>
<time>2026-08-25T12:33:34.835-06:00</time>
<extensions>
<gpxtpx:TrackPointExtension>
<gpxtpx:speed>5.3</gpxtpx:speed>
</gpxtpx:TrackPointExtension>
<opentracks:accuracy_horizontal>4.326</opentracks:accuracy_horizontal></extensions>
</trkpt>
<trkpt lat="50.444306" lon="-104.362204">
<ele>592.4</ele>
<time>2026-08-25T12:33:36.841-06:00</time>
<extensions>
<gpxtpx:TrackPointExtension>
<gpxtpx:speed>4.99</gpxtpx:speed>
</gpxtpx:TrackPointExtension>
<opentracks:accuracy_horizontal>4.326</opentracks:accuracy_horizontal></extensions>
</trkpt>
<trkpt lat="50.444378" lon="-104.362354">
<ele>591.8</ele>
<time>2026-08-25T12:33:39.842-06:00</time>
<extensions>
<gpxtpx:TrackPointExtension>
<gpxtpx:speed>4.27</gpxtpx:speed>
</gpxtpx:TrackPointExtension>
<opentracks:accuracy_horizontal>4.327</opentracks:accuracy_horizontal></extensions>
</trkpt>
<trkpt lat="50.444507" lon="-104.3624">
<ele>591.9</ele>
<time>2026-08-25T12:33:42.854-06:00</time>
<extensions>
<gpxtpx:TrackPointExtension>
<gpxtpx:speed>4.76</gpxtpx:speed>
</gpxtpx:TrackPointExtension>
<opentracks:accuracy_horizontal>4.327</opentracks:accuracy_horizontal></extensions>
</trkpt>
<trkpt lat="50.444606" lon="-104.362412">
<ele>592.1</ele>
<time>2026-08-25T12:33:44.845-06:00</time>
<extensions>
<gpxtpx:TrackPointExtension>
<gpxtpx:speed>5.14</gpxtpx:speed>
</gpxtpx:TrackPointExtension>
<opentracks:accuracy_horizontal>4.416</opentracks:accuracy_horizontal></extensions>
</trkpt>
<trkpt lat="50.444692" lon="-104.362461">
<ele>593.3</ele>
<time>2026-08-25T12:33:46.832-06:00</time>
<extensions>
<gpxtpx:TrackPointExtension>
<gpxtpx:speed>5.15</gpxtpx:speed>
</gpxtpx:TrackPointExtension>
<opentracks:accuracy_horizontal>4.731</opentracks:accuracy_horizontal></extensions>
</trkpt>
<trkpt lat="50.444758" lon="-104.362594">
<ele>592.9</ele>
<time>2026-08-25T12:33:48.841-06:00</time>
<extensions>
<gpxtpx:TrackPointExtension>
<gpxtpx:speed>6</gpxtpx:speed>
</gpxtpx:TrackPointExtension>
<opentracks:accuracy_horizontal>4.911</opentracks:accuracy_horizontal></extensions>
</trkpt>
<trkpt lat="50.444811" lon="-104.362743">
<ele>593.4</ele>
<time>2026-08-25T12:33:50.821-06:00</time>
<extensions>
<gpxtpx:TrackPointExtension>
<gpxtpx:speed>5.65</gpxtpx:speed>
</gpxtpx:TrackPointExtension>
<opentracks:accuracy_horizontal>5.075</opentracks:accuracy_horizontal></extensions>
</trkpt>
<trkpt lat="50.444887" lon="-104.362909">
<ele>593.1</ele>
<time>2026-08-25T12:33:53.845-06:00</time>
<extensions>
<gpxtpx:TrackPointExtension>
<gpxtpx:speed>5.59</gpxtpx:speed>
</gpxtpx:TrackPointExtension>
<opentracks:accuracy_horizontal>5.092</opentracks:accuracy_horizontal></extensions>
</trkpt>
<trkpt lat="50.444941" lon="-104.363039">
<ele>592.3</ele>
<time>2026-08-25T12:33:55.84-06:00</time>
<extensions>
<gpxtpx:TrackPointExtension>
<gpxtpx:speed>5.74</gpxtpx:speed>
</gpxtpx:TrackPointExtension>
<opentracks:accuracy_horizontal>4.919</opentracks:accuracy_horizontal></extensions>
</trkpt>
<trkpt lat="50.444999" lon="-104.3632">
<ele>591.1</ele>
<time>2026-08-25T12:33:57.837-06:00</time>
<extensions>
<gpxtpx:TrackPointExtension>
<gpxtpx:speed>5.66</gpxtpx:speed>
</gpxtpx:TrackPointExtension>
<opentracks:accuracy_horizontal>4.743</opentracks:accuracy_horizontal></extensions>
</trkpt>
<trkpt lat="50.445053" lon="-104.363374">
<ele>589.2</ele>
<time>2026-08-25T12:33:59.833-06:00</time>
<extensions>
<gpxtpx:TrackPointExtension>
<gpxtpx:speed>5.94</gpxtpx:speed>
</gpxtpx:TrackPointExtension>
<opentracks:accuracy_horizontal>4.645</opentracks:accuracy_horizontal></extensions>
</trkpt>
<trkpt lat="50.445103" lon="-104.363548">
<ele>588.2</ele>
<time>2026-08-25T12:34:01.836-06:00</time>
<extensions>
<gpxtpx:TrackPointExtension>
<gpxtpx:speed>6</gpxtpx:speed>
</gpxtpx:TrackPointExtension>
<opentracks:accuracy_horizontal>4.645</opentracks:accuracy_horizontal></extensions>
</trkpt>
<trkpt lat="50.445136" lon="-104.363708">
<ele>588.6</ele>
<time>2026-08-25T12:34:03.82-06:00</time>
<extensions>
<gpxtpx:TrackPointExtension>
<gpxtpx:speed>5.75</gpxtpx:speed>
</gpxtpx:TrackPointExtension>
<opentracks:accuracy_horizontal>4.353</opentracks:accuracy_horizontal></extensions>
</trkpt>
<trkpt lat="50.445173" lon="-104.363865">
<ele>588.9</ele>
<time>2026-08-25T12:34:05.843-06:00</time>
<extensions>
<gpxtpx:TrackPointExtension>
<gpxtpx:speed>5.82</gpxtpx:speed>
</gpxtpx:TrackPointExtension>
<opentracks:accuracy_horizontal>4.331</opentracks:accuracy_horizontal></extensions>
</trkpt>
<trkpt lat="50.445207" lon="-104.364028">
<ele>589.2</ele>
<time>2026-08-25T12:34:07.859-06:00</time>
<extensions>
<gpxtpx:TrackPointExtension>
<gpxtpx:speed>5.91</gpxtpx:speed>
</gpxtpx:TrackPointExtension>
<opentracks:accuracy_horizontal>4.331</opentracks:accuracy_horizontal></extensions>
</trkpt>
<trkpt lat="50.445238" lon="-104.364204">
<ele>589.6</ele>
<time>2026-08-25T12:34:09.852-06:00</time>
<extensions>
<gpxtpx:TrackPointExtension>
<gpxtpx:speed>6.11</gpxtpx:speed>
</gpxtpx:TrackPointExtension>
<opentracks:accuracy_horizontal>4.332</opentracks:accuracy_horizontal></extensions>
</trkpt>
<trkpt lat="50.445271" lon="-104.36437">
<ele>590.3</ele>
<time>2026-08-25T12:34:11.851-06:00</time>
<extensions>
<gpxtpx:TrackPointExtension>
<gpxtpx:speed>6.06</gpxtpx:speed>
</gpxtpx:TrackPointExtension>
<opentracks:accuracy_horizontal>4.332</opentracks:accuracy_horizontal></extensions>
</trkpt>
<trkpt lat="50.445288" lon="-104.364529">
<ele>591.1</ele>
<time>2026-08-25T12:34:13.849-06:00</time>
<extensions>
<gpxtpx:TrackPointExtension>
<gpxtpx:speed>5.82</gpxtpx:speed>
</gpxtpx:TrackPointExtension>
<opentracks:accuracy_horizontal>4.644</opentracks:accuracy_horizontal></extensions>
</trkpt>
<trkpt lat="50.445308" lon="-104.364692">
<ele>592.2</ele>
<time>2026-08-25T12:34:15.846-06:00</time>
<extensions>
<gpxtpx:TrackPointExtension>
<gpxtpx:speed>5.79</gpxtpx:speed>
</gpxtpx:TrackPointExtension>
<opentracks:accuracy_horizontal>4.333</opentracks:accuracy_horizontal></extensions>
</trkpt>
<trkpt lat="50.445327" lon="-104.364853">
<ele>593.3</ele>
<time>2026-08-25T12:34:17.85-06:00</time>
<extensions>
<gpxtpx:TrackPointExtension>
<gpxtpx:speed>5.53</gpxtpx:speed>
</gpxtpx:TrackPointExtension>
<opentracks:accuracy_horizontal>4.333</opentracks:accuracy_horizontal></extensions>
</trkpt>
<trkpt lat="50.445338" lon="-104.365002">
<ele>593.9</ele>
<time>2026-08-25T12:34:19.852-06:00</time>
<extensions>
<gpxtpx:TrackPointExtension>
<gpxtpx:speed>5.28</gpxtpx:speed>
</gpxtpx:TrackPointExtension>
<opentracks:accuracy_horizontal>4.333</opentracks:accuracy_horizontal></extensions>
</trkpt>
<trkpt lat="50.445341" lon="-104.36515">
<ele>594.4</ele>
<time>2026-08-25T12:34:21.841-06:00</time>
<extensions>
<gpxtpx:TrackPointExtension>
<gpxtpx:speed>5.12</gpxtpx:speed>
</gpxtpx:TrackPointExtension>
<opentracks:accuracy_horizontal>4.334</opentracks:accuracy_horizontal></extensions>
</trkpt>
<trkpt lat="50.445335" lon="-104.365356">
<ele>594.9</ele>
<time>2026-08-25T12:34:24.847-06:00</time>
<extensions>
<gpxtpx:TrackPointExtension>
<gpxtpx:speed>5.07</gpxtpx:speed>
</gpxtpx:TrackPointExtension>
<opentracks:accuracy_horizontal>4.334</opentracks:accuracy_horizontal></extensions>
</trkpt>
<trkpt lat="50.445336" lon="-104.365512">
<ele>595.1</ele>
<time>2026-08-25T12:34:26.84-06:00</time>
<extensions>
<gpxtpx:TrackPointExtension>
<gpxtpx:speed>5.16</gpxtpx:speed>
</gpxtpx:TrackPointExtension>
<opentracks:accuracy_horizontal>4.334</opentracks:accuracy_horizontal></extensions>
</trkpt>
<trkpt lat="50.445335" lon="-104.365666">
<ele>594.6</ele>
<time>2026-08-25T12:34:28.846-06:00</time>
<extensions>
<gpxtpx:TrackPointExtension>
<gpxtpx:speed>5.13</gpxtpx:speed>
</gpxtpx:TrackPointExtension>
<opentracks:accuracy_horizontal>4.335</opentracks:accuracy_horizontal></extensions>
</trkpt>
<trkpt lat="50.445325" lon="-104.365834">
<ele>594.4</ele>
<time>2026-08-25T12:34:30.849-06:00</time>
<extensions>
<gpxtpx:TrackPointExtension>
<gpxtpx:speed>5.51</gpxtpx:speed>
</gpxtpx:TrackPointExtension>
<opentracks:accuracy_horizontal>4.335</opentracks:accuracy_horizontal></extensions>
</trkpt>
<trkpt lat="50.445314" lon="-104.365989">
<ele>594.5</ele>
<time>2026-08-25T12:34:32.849-06:00</time>
<extensions>
<gpxtpx:TrackPointExtension>
<gpxtpx:speed>5.53</gpxtpx:speed>
</gpxtpx:TrackPointExtension>
<opentracks:accuracy_horizontal>4.343</opentracks:accuracy_horizontal></extensions>
</trkpt>
<trkpt lat="50.445303" lon="-104.366143">
<ele>594.4</ele>
<time>2026-08-25T12:34:34.838-06:00</time>
<extensions>
<gpxtpx:TrackPointExtension>
<gpxtpx:speed>5.35</gpxtpx:speed>
</gpxtpx:TrackPointExtension>
<opentracks:accuracy_horizontal>4.336</opentracks:accuracy_horizontal></extensions>
</trkpt>
<trkpt lat="50.445305" lon="-104.366302">
<ele>594.4</ele>
<time>2026-08-25T12:34:36.84-06:00</time>
<extensions>
<gpxtpx:TrackPointExtension>
<gpxtpx:speed>5.39</gpxtpx:speed>
</gpxtpx:TrackPointExtension>
<opentracks:accuracy_horizontal>4.336</opentracks:accuracy_horizontal></extensions>
</trkpt>
<trkpt lat="50.445305" lon="-104.366462">
<ele>595.3</ele>
<time>2026-08-25T12:34:38.832-06:00</time>
<extensions>
<gpxtpx:TrackPointExtension>
<gpxtpx:speed>5.8</gpxtpx:speed>
</gpxtpx:TrackPointExtension>
<opentracks:accuracy_horizontal>4.467</opentracks:accuracy_horizontal></extensions>
</trkpt>
<trkpt lat="50.445304" lon="-104.366631">
<ele>595.9</ele>
<time>2026-08-25T12:34:40.839-06:00</time>
<extensions>
<gpxtpx:TrackPointExtension>
<gpxtpx:speed>6</gpxtpx:speed>
</gpxtpx:TrackPointExtension>
<opentracks:accuracy_horizontal>4.552</opentracks:accuracy_horizontal></extensions>
</trkpt>
<trkpt lat="50.445316" lon="-104.366809">
<ele>596.1</ele>
<time>2026-08-25T12:34:42.848-06:00</time>
<extensions>
<gpxtpx:TrackPointExtension>
<gpxtpx:speed>5.91</gpxtpx:speed>
</gpxtpx:TrackPointExtension>
<opentracks:accuracy_horizontal>4.511</opentracks:accuracy_horizontal></extensions>
</trkpt>
<trkpt lat="50.445332" lon="-104.366982">
<ele>596.9</ele>
<time>2026-08-25T12:34:44.845-06:00</time>
<extensions>
<gpxtpx:TrackPointExtension>
<gpxtpx:speed>5.35</gpxtpx:speed>
</gpxtpx:TrackPointExtension>
<opentracks:accuracy_horizontal>4.486</opentracks:accuracy_horizontal></extensions>
</trkpt>
<trkpt lat="50.445333" lon="-104.367131">
<ele>597.3</ele>
<time>2026-08-25T12:34:46.855-06:00</time>
<extensions>
<gpxtpx:TrackPointExtension>
<gpxtpx:speed>5.38</gpxtpx:speed>
</gpxtpx:TrackPointExtension>
<opentracks:accuracy_horizontal>4.582</opentracks:accuracy_horizontal></extensions>
</trkpt>
<trkpt lat="50.445331" lon="-104.367303">
<ele>597.1</ele>
<time>2026-08-25T12:34:48.833-06:00</time>
<extensions>
<gpxtpx:TrackPointExtension>
<gpxtpx:speed>5.89</gpxtpx:speed>
</gpxtpx:TrackPointExtension>
<opentracks:accuracy_horizontal>4.502</opentracks:accuracy_horizontal></extensions>
</trkpt>
<trkpt lat="50.445332" lon="-104.367499">
<ele>597.2</ele>
<time>2026-08-25T12:34:50.839-06:00</time>
<extensions>
<gpxtpx:TrackPointExtension>
<gpxtpx:speed>6.02</gpxtpx:speed>
</gpxtpx:TrackPointExtension>
<opentracks:accuracy_horizontal>4.572</opentracks:accuracy_horizontal></extensions>
</trkpt>
<trkpt lat="50.445333" lon="-104.367697">
<ele>596.8</ele>
<time>2026-08-25T12:34:52.852-06:00</time>
<extensions>
<gpxtpx:TrackPointExtension>
<gpxtpx:speed>6.05</gpxtpx:speed>
</gpxtpx:TrackPointExtension>
<opentracks:accuracy_horizontal>4.687</opentracks:accuracy_horizontal></extensions>
</trkpt>
<trkpt lat="50.445334" lon="-104.367868">
<ele>596.8</ele>
<time>2026-08-25T12:34:54.837-06:00</time>
<extensions>
<gpxtpx:TrackPointExtension>
<gpxtpx:speed>5.71</gpxtpx:speed>
</gpxtpx:TrackPointExtension>
<opentracks:accuracy_horizontal>4.713</opentracks:accuracy_horizontal></extensions>
</trkpt>
<trkpt lat="50.44533" lon="-104.368031">
<ele>596.7</ele>
<time>2026-08-25T12:34:56.848-06:00</time>
<extensions>
<gpxtpx:TrackPointExtension>
<gpxtpx:speed>5.73</gpxtpx:speed>
</gpxtpx:TrackPointExtension>
<opentracks:accuracy_horizontal>4.696</opentracks:accuracy_horizontal></extensions>
</trkpt>
<trkpt lat="50.445326" lon="-104.3682">
<ele>595.5</ele>
<time>2026-08-25T12:34:58.844-06:00</time>
<extensions>
<gpxtpx:TrackPointExtension>
<gpxtpx:speed>5.76</gpxtpx:speed>
</gpxtpx:TrackPointExtension>
<opentracks:accuracy_horizontal>4.753</opentracks:accuracy_horizontal></extensions>
</trkpt>
<trkpt lat="50.445329" lon="-104.368373">
<ele>595.6</ele>
<time>2026-08-25T12:35:00.819-06:00</time>
<extensions>
<gpxtpx:TrackPointExtension>
<gpxtpx:speed>5.79</gpxtpx:speed>
</gpxtpx:TrackPointExtension>
<opentracks:accuracy_horizontal>4.577</opentracks:accuracy_horizontal></extensions>
</trkpt>
<trkpt lat="50.445334" lon="-104.368543">
<ele>596.3</ele>
<time>2026-08-25T12:35:02.849-06:00</time>
<extensions>
<gpxtpx:TrackPointExtension>
<gpxtpx:speed>5.84</gpxtpx:speed>
</gpxtpx:TrackPointExtension>
<opentracks:accuracy_horizontal>4.596</opentracks:accuracy_horizontal></extensions>
</trkpt>
<trkpt lat="50.445332" lon="-104.368722">
<ele>596.4</ele>
<time>2026-08-25T12:35:04.841-06:00</time>
<extensions>
<gpxtpx:TrackPointExtension>
<gpxtpx:speed>5.97</gpxtpx:speed>
</gpxtpx:TrackPointExtension>
<opentracks:accuracy_horizontal>4.697</opentracks:accuracy_horizontal></extensions>
</trkpt>
<trkpt lat="50.445338" lon="-104.368904">
<ele>596.8</ele>
<time>2026-08-25T12:35:06.835-06:00</time>
<extensions>
<gpxtpx:TrackPointExtension>
<gpxtpx:speed>6.43</gpxtpx:speed>
</gpxtpx:TrackPointExtension>
<opentracks:accuracy_horizontal>4.677</opentracks:accuracy_horizontal></extensions>
</trkpt>
<trkpt lat="50.445342" lon="-104.369096">
<ele>597.1</ele>
<time>2026-08-25T12:35:08.834-06:00</time>
<extensions>
<gpxtpx:TrackPointExtension>
<gpxtpx:speed>6.56</gpxtpx:speed>
</gpxtpx:TrackPointExtension>
<opentracks:accuracy_horizontal>4.561</opentracks:accuracy_horizontal></extensions>
</trkpt>
<trkpt lat="50.445339" lon="-104.369288">
<ele>596.8</ele>
<time>2026-08-25T12:35:10.833-06:00</time>
<extensions>
<gpxtpx:TrackPointExtension>
<gpxtpx:speed>6.35</gpxtpx:speed>
</gpxtpx:TrackPointExtension>
<opentracks:accuracy_horizontal>4.565</opentracks:accuracy_horizontal></extensions>
</trkpt>
<trkpt lat="50.445343" lon="-104.369476">
<ele>597.1</ele>
<time>2026-08-25T12:35:12.83-06:00</time>
<extensions>
<gpxtpx:TrackPointExtension>
<gpxtpx:speed>6.55</gpxtpx:speed>
</gpxtpx:TrackPointExtension>
<opentracks:accuracy_horizontal>4.545</opentracks:accuracy_horizontal></extensions>
</trkpt>
<trkpt lat="50.445347" lon="-104.369663">
<ele>597.5</ele>
<time>2026-08-25T12:35:14.824-06:00</time>
<extensions>
<gpxtpx:TrackPointExtension>
<gpxtpx:speed>6.54</gpxtpx:speed>
</gpxtpx:TrackPointExtension>
<opentracks:accuracy_horizontal>4.466</opentracks:accuracy_horizontal></extensions>
</trkpt>
<trkpt lat="50.445344" lon="-104.369845">
<ele>597.6</ele>
<time>2026-08-25T12:35:16.835-06:00</time>
<extensions>
<gpxtpx:TrackPointExtension>
<gpxtpx:speed>6.6</gpxtpx:speed>
</gpxtpx:TrackPointExtension>
<opentracks:accuracy_horizontal>4.337</opentracks:accuracy_horizontal></extensions>
</trkpt>
<trkpt lat="50.445342" lon="-104.370052">
<ele>598</ele>
<time>2026-08-25T12:35:18.854-06:00</time>
<extensions>
<gpxtpx:TrackPointExtension>
<gpxtpx:speed>6.71</gpxtpx:speed>
</gpxtpx:TrackPointExtension>
<opentracks:accuracy_horizontal>4.497</opentracks:accuracy_horizontal></extensions>
</trkpt>
<trkpt lat="50.445338" lon="-104.370245">
<ele>597.6</ele>
<time>2026-08-25T12:35:20.83-06:00</time>
<extensions>
<gpxtpx:TrackPointExtension>
<gpxtpx:speed>6.4</gpxtpx:speed>
</gpxtpx:TrackPointExtension>
<opentracks:accuracy_horizontal>4.528</opentracks:accuracy_horizontal></extensions>
</trkpt>
<trkpt lat="50.445332" lon="-104.370404">
<ele>597.5</ele>
<time>2026-08-25T12:35:22.853-06:00</time>
<extensions>
<gpxtpx:TrackPointExtension>
<gpxtpx:speed>5.64</gpxtpx:speed>
</gpxtpx:TrackPointExtension>
<opentracks:accuracy_horizontal>4.578</opentracks:accuracy_horizontal></extensions>
</trkpt>
<trkpt lat="50.445339" lon="-104.370563">
<ele>598.2</ele>
<time>2026-08-25T12:35:24.841-06:00</time>
<extensions>
<gpxtpx:TrackPointExtension>
<gpxtpx:speed>5.72</gpxtpx:speed>
</gpxtpx:TrackPointExtension>
<opentracks:accuracy_horizontal>4.484</opentracks:accuracy_horizontal></extensions>
</trkpt>
<trkpt lat="50.445338" lon="-104.370742">
<ele>598</ele>
<time>2026-08-25T12:35:26.848-06:00</time>
<extensions>
<gpxtpx:TrackPointExtension>
<gpxtpx:speed>5.92</gpxtpx:speed>
</gpxtpx:TrackPointExtension>
<opentracks:accuracy_horizontal>4.509</opentracks:accuracy_horizontal></extensions>
</trkpt>
<trkpt lat="50.445332" lon="-104.37092">
<ele>598.3</ele>
<time>2026-08-25T12:35:28.836-06:00</time>
<extensions>
<gpxtpx:TrackPointExtension>
<gpxtpx:speed>5.65</gpxtpx:speed>
</gpxtpx:TrackPointExtension>
<opentracks:accuracy_horizontal>4.617</opentracks:accuracy_horizontal></extensions>
</trkpt>
<trkpt lat="50.445331" lon="-104.371096">
<ele>598.3</ele>
<time>2026-08-25T12:35:30.848-06:00</time>
<extensions>
<gpxtpx:TrackPointExtension>
<gpxtpx:speed>5.48</gpxtpx:speed>
</gpxtpx:TrackPointExtension>
<opentracks:accuracy_horizontal>4.713</opentracks:accuracy_horizontal></extensions>
</trkpt>
<trkpt lat="50.445332" lon="-104.371241">
<ele>598</ele>
<time>2026-08-25T12:35:32.858-06:00</time>
<extensions>
<gpxtpx:TrackPointExtension>
<gpxtpx:speed>5.22</gpxtpx:speed>
</gpxtpx:TrackPointExtension>
<opentracks:accuracy_horizontal>4.781</opentracks:accuracy_horizontal></extensions>
</trkpt>
<trkpt lat="50.445334" lon="-104.371387">
<ele>597.9</ele>
<time>2026-08-25T12:35:34.843-06:00</time>
<extensions>
<gpxtpx:TrackPointExtension>
<gpxtpx:speed>5.36</gpxtpx:speed>
</gpxtpx:TrackPointExtension>
<opentracks:accuracy_horizontal>4.617</opentracks:accuracy_horizontal></extensions>
</trkpt>
<trkpt lat="50.445328" lon="-104.371542">
<ele>598</ele>
<time>2026-08-25T12:35:36.846-06:00</time>
<extensions>
<gpxtpx:TrackPointExtension>
<gpxtpx:speed>5.47</gpxtpx:speed>
</gpxtpx:TrackPointExtension>
<opentracks:accuracy_horizontal>4.469</opentracks:accuracy_horizontal></extensions>
</trkpt>
<trkpt lat="50.445323" lon="-104.371712">
<ele>598.4</ele>
<time>2026-08-25T12:35:38.853-06:00</time>
<extensions>
<gpxtpx:TrackPointExtension>
<gpxtpx:speed>6</gpxtpx:speed>
</gpxtpx:TrackPointExtension>
<opentracks:accuracy_horizontal>4.389</opentracks:accuracy_horizontal></extensions>
</trkpt>
<trkpt lat="50.445321" lon="-104.371905">
<ele>598.1</ele>
<time>2026-08-25T12:35:40.849-06:00</time>
<extensions>
<gpxtpx:TrackPointExtension>
<gpxtpx:speed>6.42</gpxtpx:speed>
</gpxtpx:TrackPointExtension>
<opentracks:accuracy_horizontal>4.43</opentracks:accuracy_horizontal></extensions>
</trkpt>
<trkpt lat="50.445316" lon="-104.372092">
<ele>598.1</ele>
<time>2026-08-25T12:35:42.836-06:00</time>
<extensions>
<gpxtpx:TrackPointExtension>
<gpxtpx:speed>6.2</gpxtpx:speed>
</gpxtpx:TrackPointExtension>
<opentracks:accuracy_horizontal>4.589</opentracks:accuracy_horizontal></extensions>
</trkpt>
<trkpt lat="50.445314" lon="-104.37228">
<ele>597.4</ele>
<time>2026-08-25T12:35:44.849-06:00</time>
<extensions>
<gpxtpx:TrackPointExtension>
<gpxtpx:speed>6.52</gpxtpx:speed>
</gpxtpx:TrackPointExtension>
<opentracks:accuracy_horizontal>4.654</opentracks:accuracy_horizontal></extensions>
</trkpt>
<trkpt lat="50.445311" lon="-104.372482">
<ele>596.9</ele>
<time>2026-08-25T12:35:46.845-06:00</time>
<extensions>
<gpxtpx:TrackPointExtension>
<gpxtpx:speed>6.7</gpxtpx:speed>
</gpxtpx:TrackPointExtension>
<opentracks:accuracy_horizontal>4.676</opentracks:accuracy_horizontal></extensions>
</trkpt>
<trkpt lat="50.445309" lon="-104.372673">
<ele>596.4</ele>
<time>2026-08-25T12:35:48.841-06:00</time>
<extensions>
<gpxtpx:TrackPointExtension>
<gpxtpx:speed>6.33</gpxtpx:speed>
</gpxtpx:TrackPointExtension>
<opentracks:accuracy_horizontal>5.105</opentracks:accuracy_horizontal></extensions>
</trkpt>
<trkpt lat="50.445306" lon="-104.372849">
<ele>595.7</ele>
<time>2026-08-25T12:35:50.849-06:00</time>
<extensions>
<gpxtpx:TrackPointExtension>
<gpxtpx:speed>6.13</gpxtpx:speed>
</gpxtpx:TrackPointExtension>
<opentracks:accuracy_horizontal>4.748</opentracks:accuracy_horizontal></extensions>
</trkpt>
<trkpt lat="50.445304" lon="-104.373032">
<ele>595.2</ele>
<time>2026-08-25T12:35:52.84-06:00</time>
<extensions>
<gpxtpx:TrackPointExtension>
<gpxtpx:speed>6.25</gpxtpx:speed>
</gpxtpx:TrackPointExtension>
<opentracks:accuracy_horizontal>4.701</opentracks:accuracy_horizontal></extensions>
</trkpt>
<trkpt lat="50.445298" lon="-104.373209">
<ele>595</ele>
<time>2026-08-25T12:35:54.841-06:00</time>
<extensions>
<gpxtpx:TrackPointExtension>
<gpxtpx:speed>5.68</gpxtpx:speed>
</gpxtpx:TrackPointExtension>
<opentracks:accuracy_horizontal>4.671</opentracks:accuracy_horizontal></extensions>
</trkpt>
<trkpt lat="50.445299" lon="-104.373364">
<ele>594.8</ele>
<time>2026-08-25T12:35:56.834-06:00</time>
<extensions>
<gpxtpx:TrackPointExtension>
<gpxtpx:speed>5.4</gpxtpx:speed>
</gpxtpx:TrackPointExtension>
<opentracks:accuracy_horizontal>4.667</opentracks:accuracy_horizontal></extensions>
</trkpt>
<trkpt lat="50.445302" lon="-104.373513">
<ele>594.5</ele>
<time>2026-08-25T12:35:58.845-06:00</time>
<extensions>
<gpxtpx:TrackPointExtension>
<gpxtpx:speed>5.28</gpxtpx:speed>
</gpxtpx:TrackPointExtension>
<opentracks:accuracy_horizontal>4.662</opentracks:accuracy_horizontal></extensions>
</trkpt>
<trkpt lat="50.445326" lon="-104.373683">
<ele>594.6</ele>
<time>2026-08-25T12:36:00.839-06:00</time>
<extensions>
<gpxtpx:TrackPointExtension>
<gpxtpx:speed>5.4</gpxtpx:speed>
</gpxtpx:TrackPointExtension>
<opentracks:accuracy_horizontal>4.584</opentracks:accuracy_horizontal></extensions>
</trkpt>
<trkpt lat="50.445338" lon="-104.373854">
<ele>594.4</ele>
<time>2026-08-25T12:36:02.84-06:00</time>
<extensions>
<gpxtpx:TrackPointExtension>
<gpxtpx:speed>5.76</gpxtpx:speed>
</gpxtpx:TrackPointExtension>
<opentracks:accuracy_horizontal>4.578</opentracks:accuracy_horizontal></extensions>
</trkpt>
<trkpt lat="50.445335" lon="-104.374036">
<ele>594.3</ele>
<time>2026-08-25T12:36:04.833-06:00</time>
<extensions>
<gpxtpx:TrackPointExtension>
<gpxtpx:speed>5.9</gpxtpx:speed>
</gpxtpx:TrackPointExtension>
<opentracks:accuracy_horizontal>4.647</opentracks:accuracy_horizontal></extensions>
</trkpt>
<trkpt lat="50.44533" lon="-104.374217">
<ele>594.2</ele>
<time>2026-08-25T12:36:06.851-06:00</time>
<extensions>
<gpxtpx:TrackPointExtension>
<gpxtpx:speed>5.91</gpxtpx:speed>
</gpxtpx:TrackPointExtension>
<opentracks:accuracy_horizontal>4.634</opentracks:accuracy_horizontal></extensions>
</trkpt>
<trkpt lat="50.445335" lon="-104.374399">
<ele>594.4</ele>
<time>2026-08-25T12:36:08.845-06:00</time>
<extensions>
<gpxtpx:TrackPointExtension>
<gpxtpx:speed>5.96</gpxtpx:speed>
</gpxtpx:TrackPointExtension>
<opentracks:accuracy_horizontal>4.733</opentracks:accuracy_horizontal></extensions>
</trkpt>
<trkpt lat="50.44533" lon="-104.374584">
<ele>594</ele>
<time>2026-08-25T12:36:10.844-06:00</time>
<extensions>
<gpxtpx:TrackPointExtension>
<gpxtpx:speed>6.12</gpxtpx:speed>
</gpxtpx:TrackPointExtension>
<opentracks:accuracy_horizontal>4.639</opentracks:accuracy_horizontal></extensions>
</trkpt>
<trkpt lat="50.445333" lon="-104.374762">
<ele>594.8</ele>
<time>2026-08-25T12:36:12.833-06:00</time>
<extensions>
<gpxtpx:TrackPointExtension>
<gpxtpx:speed>6.17</gpxtpx:speed>
</gpxtpx:TrackPointExtension>
<opentracks:accuracy_horizontal>4.499</opentracks:accuracy_horizontal></extensions>
</trkpt>
<trkpt lat="50.445339" lon="-104.374956">
<ele>595.5</ele>
<time>2026-08-25T12:36:14.853-06:00</time>
<extensions>
<gpxtpx:TrackPointExtension>
<gpxtpx:speed>6.71</gpxtpx:speed>
</gpxtpx:TrackPointExtension>
<opentracks:accuracy_horizontal>4.48</opentracks:accuracy_horizontal></extensions>
</trkpt>
<trkpt lat="50.445338" lon="-104.375165">
<ele>595.4</ele>
<time>2026-08-25T12:36:16.838-06:00</time>
<extensions>
<gpxtpx:TrackPointExtension>
<gpxtpx:speed>6.65</gpxtpx:speed>
</gpxtpx:TrackPointExtension>
<opentracks:accuracy_horizontal>4.433</opentracks:accuracy_horizontal></extensions>
</trkpt>
<trkpt lat="50.445334" lon="-104.375353">
<ele>594.9</ele>
<time>2026-08-25T12:36:18.839-06:00</time>
<extensions>
<gpxtpx:TrackPointExtension>
<gpxtpx:speed>6.54</gpxtpx:speed>
</gpxtpx:TrackPointExtension>
<opentracks:accuracy_horizontal>4.641</opentracks:accuracy_horizontal></extensions>
</trkpt>
<trkpt lat="50.445337" lon="-104.375558">
<ele>594.8</ele>
<time>2026-08-25T12:36:20.816-06:00</time>
<extensions>
<gpxtpx:TrackPointExtension>
<gpxtpx:speed>6.87</gpxtpx:speed>
</gpxtpx:TrackPointExtension>
<opentracks:accuracy_horizontal>4.641</opentracks:accuracy_horizontal></extensions>
</trkpt>
<trkpt lat="50.445332" lon="-104.375751">
<ele>593.9</ele>
<time>2026-08-25T12:36:22.834-06:00</time>
<extensions>
<gpxtpx:TrackPointExtension>
<gpxtpx:speed>6.07</gpxtpx:speed>
</gpxtpx:TrackPointExtension>
<opentracks:accuracy_horizontal>4.644</opentracks:accuracy_horizontal></extensions>
</trkpt>
<trkpt lat="50.445334" lon="-104.375901">
<ele>593.5</ele>
<time>2026-08-25T12:36:24.83-06:00</time>
<extensions>
<gpxtpx:TrackPointExtension>
<gpxtpx:speed>5.48</gpxtpx:speed>
</gpxtpx:TrackPointExtension>
<opentracks:accuracy_horizontal>4.666</opentracks:accuracy_horizontal></extensions>
</trkpt>
<trkpt lat="50.44534" lon="-104.376043">
<ele>594.1</ele>
<time>2026-08-25T12:36:26.835-06:00</time>
<extensions>
<gpxtpx:TrackPointExtension>
<gpxtpx:speed>5.16</gpxtpx:speed>
</gpxtpx:TrackPointExtension>
<opentracks:accuracy_horizontal>4.555</opentracks:accuracy_horizontal></extensions>
</trkpt>
<trkpt lat="50.445344" lon="-104.376198">
<ele>594.1</ele>
<time>2026-08-25T12:36:28.852-06:00</time>
<extensions>
<gpxtpx:TrackPointExtension>
<gpxtpx:speed>4.88</gpxtpx:speed>
</gpxtpx:TrackPointExtension>
<opentracks:accuracy_horizontal>4.462</opentracks:accuracy_horizontal></extensions>
</trkpt>
<trkpt lat="50.445344" lon="-104.376412">
<ele>594.2</ele>
<time>2026-08-25T12:36:31.839-06:00</time>
<extensions>
<gpxtpx:TrackPointExtension>
<gpxtpx:speed>4.9</gpxtpx:speed>
</gpxtpx:TrackPointExtension>
<opentracks:accuracy_horizontal>4.397</opentracks:accuracy_horizontal></extensions>
</trkpt>
<trkpt lat="50.445346" lon="-104.376569">
<ele>594.2</ele>
<time>2026-08-25T12:36:33.839-06:00</time>
<extensions>
<gpxtpx:TrackPointExtension>
<gpxtpx:speed>5.07</gpxtpx:speed>
</gpxtpx:TrackPointExtension>
<opentracks:accuracy_horizontal>4.481</opentracks:accuracy_horizontal></extensions>
</trkpt>
<trkpt lat="50.445357" lon="-104.376713">
<ele>593.9</ele>
<time>2026-08-25T12:36:35.841-06:00</time>
<extensions>
<gpxtpx:TrackPointExtension>
<gpxtpx:speed>4.72</gpxtpx:speed>
</gpxtpx:TrackPointExtension>
<opentracks:accuracy_horizontal>4.538</opentracks:accuracy_horizontal></extensions>
</trkpt>
<trkpt lat="50.445359" lon="-104.376888">
<ele>594.4</ele>
<time>2026-08-25T12:36:38.843-06:00</time>
<extensions>
<gpxtpx:TrackPointExtension>
<gpxtpx:speed>3.96</gpxtpx:speed>
</gpxtpx:TrackPointExtension>
<opentracks:accuracy_horizontal>4.652</opentracks:accuracy_horizontal></extensions>
</trkpt>
<trkpt lat="50.445358" lon="-104.377041">
<ele>594.7</ele>
<time>2026-08-25T12:36:41.854-06:00</time>
<extensions>
<gpxtpx:TrackPointExtension>
<gpxtpx:speed>2.87</gpxtpx:speed>
</gpxtpx:TrackPointExtension>
<opentracks:accuracy_horizontal>4.86</opentracks:accuracy_horizontal></extensions>
</trkpt>
<trkpt lat="50.445313" lon="-104.377176">
<ele>594.2</ele>
<time>2026-08-25T12:36:45.851-06:00</time>
<extensions>
<gpxtpx:TrackPointExtension>
<gpxtpx:speed>2.44</gpxtpx:speed>
</gpxtpx:TrackPointExtension>
<opentracks:accuracy_horizontal>4.689</opentracks:accuracy_horizontal></extensions>
</trkpt>
<trkpt lat="50.445193" lon="-104.377223">
<ele>593.9</ele>
<time>2026-08-25T12:36:48.832-06:00</time>
<extensions>
<gpxtpx:TrackPointExtension>
<gpxtpx:speed>3.46</gpxtpx:speed>
</gpxtpx:TrackPointExtension>
<opentracks:accuracy_horizontal>5.12</opentracks:accuracy_horizontal></extensions>
</trkpt>
<trkpt lat="50.445087" lon="-104.377229">
<ele>593.6</ele>
<time>2026-08-25T12:36:50.859-06:00</time>
<extensions>
<gpxtpx:TrackPointExtension>
<gpxtpx:speed>4.47</gpxtpx:speed>
</gpxtpx:TrackPointExtension>
<opentracks:accuracy_horizontal>4.83</opentracks:accuracy_horizontal></extensions>
</trkpt>
<trkpt lat="50.444977" lon="-104.37725">
<ele>593.2</ele>
<time>2026-08-25T12:36:52.851-06:00</time>
<extensions>
<gpxtpx:TrackPointExtension>
<gpxtpx:speed>5.77</gpxtpx:speed>
</gpxtpx:TrackPointExtension>
<opentracks:accuracy_horizontal>4.472</opentracks:accuracy_horizontal></extensions>
</trkpt>
<trkpt lat="50.444844" lon="-104.377258">
<ele>592.9</ele>
<time>2026-08-25T12:36:54.864-06:00</time>
<extensions>
<gpxtpx:TrackPointExtension>
<gpxtpx:speed>6.61</gpxtpx:speed>
</gpxtpx:TrackPointExtension>
<opentracks:accuracy_horizontal>4.322</opentracks:accuracy_horizontal></extensions>
</trkpt>
<trkpt lat="50.444717" lon="-104.377255">
<ele>593.7</ele>
<time>2026-08-25T12:36:56.844-06:00</time>
<extensions>
<gpxtpx:TrackPointExtension>
<gpxtpx:speed>6.43</gpxtpx:speed>
</gpxtpx:TrackPointExtension>
<opentracks:accuracy_horizontal>4.465</opentracks:accuracy_horizontal></extensions>
</trkpt>
<trkpt lat="50.444604" lon="-104.377258">
<ele>594.5</ele>
<time>2026-08-25T12:36:58.844-06:00</time>
<extensions>
<gpxtpx:TrackPointExtension>
<gpxtpx:speed>6.13</gpxtpx:speed>
</gpxtpx:TrackPointExtension>
<opentracks:accuracy_horizontal>4.272</opentracks:accuracy_horizontal></extensions>
</trkpt>
<trkpt lat="50.444496" lon="-104.37726">
<ele>595.1</ele>
<time>2026-08-25T12:37:00.839-06:00</time>
<extensions>
<gpxtpx:TrackPointExtension>
<gpxtpx:speed>6.1</gpxtpx:speed>
</gpxtpx:TrackPointExtension>
<opentracks:accuracy_horizontal>4.26</opentracks:accuracy_horizontal></extensions>
</trkpt>
<trkpt lat="50.444384" lon="-104.377259">
<ele>596.2</ele>
<time>2026-08-25T12:37:02.846-06:00</time>
<extensions>
<gpxtpx:TrackPointExtension>
<gpxtpx:speed>6.03</gpxtpx:speed>
</gpxtpx:TrackPointExtension>
<opentracks:accuracy_horizontal>4.36</opentracks:accuracy_horizontal></extensions>
</trkpt>
<trkpt lat="50.444283" lon="-104.377263">
<ele>596.9</ele>
<time>2026-08-25T12:37:04.85-06:00</time>
<extensions>
<gpxtpx:TrackPointExtension>
<gpxtpx:speed>5.39</gpxtpx:speed>
</gpxtpx:TrackPointExtension>
<opentracks:accuracy_horizontal>4.36</opentracks:accuracy_horizontal></extensions>
</trkpt>
<trkpt lat="50.444186" lon="-104.377277">
<ele>597.3</ele>
<time>2026-08-25T12:37:06.853-06:00</time>
<extensions>
<gpxtpx:TrackPointExtension>
<gpxtpx:speed>5.1</gpxtpx:speed>
</gpxtpx:TrackPointExtension>
<opentracks:accuracy_horizontal>4.46</opentracks:accuracy_horizontal></extensions>
</trkpt>
<trkpt lat="50.444092" lon="-104.377285">
<ele>598.4</ele>
<time>2026-08-25T12:37:08.833-06:00</time>
<extensions>
<gpxtpx:TrackPointExtension>
<gpxtpx:speed>4.66</gpxtpx:speed>
</gpxtpx:TrackPointExtension>
<opentracks:accuracy_horizontal>4.772</opentracks:accuracy_horizontal></extensions>
</trkpt>
<trkpt lat="50.443973" lon="-104.377299">
<ele>599.7</ele>
<time>2026-08-25T12:37:11.84-06:00</time>
<extensions>
<gpxtpx:TrackPointExtension>
<gpxtpx:speed>4.62</gpxtpx:speed>
</gpxtpx:TrackPointExtension>
<opentracks:accuracy_horizontal>4.653</opentracks:accuracy_horizontal></extensions>
</trkpt>
<trkpt lat="50.443884" lon="-104.377318">
<ele>600</ele>
<time>2026-08-25T12:37:13.843-06:00</time>
<extensions>
<gpxtpx:TrackPointExtension>
<gpxtpx:speed>4.46</gpxtpx:speed>
</gpxtpx:TrackPointExtension>
<opentracks:accuracy_horizontal>4.67</opentracks:accuracy_horizontal></extensions>
</trkpt>
<trkpt lat="50.443762" lon="-104.37732">
<ele>600.5</ele>
<time>2026-08-25T12:37:16.839-06:00</time>
<extensions>
<gpxtpx:TrackPointExtension>
<gpxtpx:speed>4.18</gpxtpx:speed>
</gpxtpx:TrackPointExtension>
<opentracks:accuracy_horizontal>4.631</opentracks:accuracy_horizontal></extensions>
</trkpt>
<trkpt lat="50.443631" lon="-104.377314">
<ele>601.1</ele>
<time>2026-08-25T12:37:19.849-06:00</time>
<extensions>
<gpxtpx:TrackPointExtension>
<gpxtpx:speed>4.17</gpxtpx:speed>
</gpxtpx:TrackPointExtension>
<opentracks:accuracy_horizontal>4.434</opentracks:accuracy_horizontal></extensions>
</trkpt>
<trkpt lat="50.443549" lon="-104.37747">
<ele>601.6</ele>
<time>2026-08-25T12:37:23.837-06:00</time>
<extensions>
<gpxtpx:TrackPointExtension>
<gpxtpx:speed>5.57</gpxtpx:speed>
</gpxtpx:TrackPointExtension>
<opentracks:accuracy_horizontal>4.736</opentracks:accuracy_horizontal></extensions>
</trkpt>
<trkpt lat="50.443555" lon="-104.377654">
<ele>601</ele>
<time>2026-08-25T12:37:25.852-06:00</time>
<extensions>
<gpxtpx:TrackPointExtension>
<gpxtpx:speed>6.19</gpxtpx:speed>
</gpxtpx:TrackPointExtension>
<opentracks:accuracy_horizontal>4.602</opentracks:accuracy_horizontal></extensions>
</trkpt>
<trkpt lat="50.443564" lon="-104.377836">
<ele>600.4</ele>
<time>2026-08-25T12:37:27.845-06:00</time>
<extensions>
<gpxtpx:TrackPointExtension>
<gpxtpx:speed>6.14</gpxtpx:speed>
</gpxtpx:TrackPointExtension>
<opentracks:accuracy_horizontal>4.437</opentracks:accuracy_horizontal></extensions>
</trkpt>
<trkpt lat="50.443562" lon="-104.378021">
<ele>599.5</ele>
<time>2026-08-25T12:37:29.836-06:00</time>
<extensions>
<gpxtpx:TrackPointExtension>
<gpxtpx:speed>6.74</gpxtpx:speed>
</gpxtpx:TrackPointExtension>
<opentracks:accuracy_horizontal>4.364</opentracks:accuracy_horizontal></extensions>
</trkpt>
<trkpt lat="50.443559" lon="-104.378237">
<ele>598.9</ele>
<time>2026-08-25T12:37:31.838-06:00</time>
<extensions>
<gpxtpx:TrackPointExtension>
<gpxtpx:speed>6.93</gpxtpx:speed>
</gpxtpx:TrackPointExtension>
<opentracks:accuracy_horizontal>4.364</opentracks:accuracy_horizontal></extensions>
</trkpt>
<trkpt lat="50.443565" lon="-104.378439">
<ele>599.4</ele>
<time>2026-08-25T12:37:33.837-06:00</time>
<extensions>
<gpxtpx:TrackPointExtension>
<gpxtpx:speed>6.98</gpxtpx:speed>
</gpxtpx:TrackPointExtension>
<opentracks:accuracy_horizontal>4.365</opentracks:accuracy_horizontal></extensions>
</trkpt>
<trkpt lat="50.443567" lon="-104.378637">
<ele>598.8</ele>
<time>2026-08-25T12:37:35.821-06:00</time>
<extensions>
<gpxtpx:TrackPointExtension>
<gpxtpx:speed>6.76</gpxtpx:speed>
</gpxtpx:TrackPointExtension>
<opentracks:accuracy_horizontal>4.365</opentracks:accuracy_horizontal></extensions>
</trkpt>
<trkpt lat="50.443564" lon="-104.378836">
<ele>597.7</ele>
<time>2026-08-25T12:37:37.842-06:00</time>
<extensions>
<gpxtpx:TrackPointExtension>
<gpxtpx:speed>6.88</gpxtpx:speed>
</gpxtpx:TrackPointExtension>
<opentracks:accuracy_horizontal>4.365</opentracks:accuracy_horizontal></extensions>
</trkpt>
<trkpt lat="50.443568" lon="-104.37904">
<ele>597.3</ele>
<time>2026-08-25T12:37:39.859-06:00</time>
<extensions>
<gpxtpx:TrackPointExtension>
<gpxtpx:speed>7.11</gpxtpx:speed>
</gpxtpx:TrackPointExtension>
<opentracks:accuracy_horizontal>4.366</opentracks:accuracy_horizontal></extensions>
</trkpt>
<trkpt lat="50.443563" lon="-104.379239">
<ele>597.2</ele>
<time>2026-08-25T12:37:41.846-06:00</time>
<extensions>
<gpxtpx:TrackPointExtension>
<gpxtpx:speed>7.25</gpxtpx:speed>
</gpxtpx:TrackPointExtension>
<opentracks:accuracy_horizontal>4.366</opentracks:accuracy_horizontal></extensions>
</trkpt>
<trkpt lat="50.44356" lon="-104.379443">
<ele>597.3</ele>
<time>2026-08-25T12:37:43.842-06:00</time>
<extensions>
<gpxtpx:TrackPointExtension>
<gpxtpx:speed>6.98</gpxtpx:speed>
</gpxtpx:TrackPointExtension>
<opentracks:accuracy_horizontal>4.366</opentracks:accuracy_horizontal></extensions>
</trkpt>
<trkpt lat="50.443543" lon="-104.379637">
<ele>596.7</ele>
<time>2026-08-25T12:37:45.855-06:00</time>
<extensions>
<gpxtpx:TrackPointExtension>
<gpxtpx:speed>6.76</gpxtpx:speed>
</gpxtpx:TrackPointExtension>
<opentracks:accuracy_horizontal>4.366</opentracks:accuracy_horizontal></extensions>
</trkpt>
<trkpt lat="50.44351" lon="-104.379821">
<ele>596.7</ele>
<time>2026-08-25T12:37:47.848-06:00</time>
<extensions>
<gpxtpx:TrackPointExtension>
<gpxtpx:speed>6.75</gpxtpx:speed>
</gpxtpx:TrackPointExtension>
<opentracks:accuracy_horizontal>4.367</opentracks:accuracy_horizontal></extensions>
</trkpt>
<trkpt lat="50.443469" lon="-104.380004">
<ele>596.6</ele>
<time>2026-08-25T12:37:49.853-06:00</time>
<extensions>
<gpxtpx:TrackPointExtension>
<gpxtpx:speed>6.51</gpxtpx:speed>
</gpxtpx:TrackPointExtension>
<opentracks:accuracy_horizontal>4.367</opentracks:accuracy_horizontal></extensions>
</trkpt>
<trkpt lat="50.443428" lon="-104.38021">
<ele>596.7</ele>
<time>2026-08-25T12:37:51.859-06:00</time>
<extensions>
<gpxtpx:TrackPointExtension>
<gpxtpx:speed>7.04</gpxtpx:speed>
</gpxtpx:TrackPointExtension>
<opentracks:accuracy_horizontal>4.367</opentracks:accuracy_horizontal></extensions>
</trkpt>
<trkpt lat="50.44337" lon="-104.380404">
<ele>596.7</ele>
<time>2026-08-25T12:37:53.837-06:00</time>
<extensions>
<gpxtpx:TrackPointExtension>
<gpxtpx:speed>7.06</gpxtpx:speed>
</gpxtpx:TrackPointExtension>
<opentracks:accuracy_horizontal>4.368</opentracks:accuracy_horizontal></extensions>
</trkpt>
<trkpt lat="50.443308" lon="-104.380594">
<ele>597</ele>
<time>2026-08-25T12:37:55.842-06:00</time>
<extensions>
<gpxtpx:TrackPointExtension>
<gpxtpx:speed>7.32</gpxtpx:speed>
</gpxtpx:TrackPointExtension>
<opentracks:accuracy_horizontal>4.387</opentracks:accuracy_horizontal></extensions>
</trkpt>
<trkpt lat="50.443248" lon="-104.380782">
<ele>596.6</ele>
<time>2026-08-25T12:37:57.845-06:00</time>
<extensions>
<gpxtpx:TrackPointExtension>
<gpxtpx:speed>7.23</gpxtpx:speed>
</gpxtpx:TrackPointExtension>
<opentracks:accuracy_horizontal>4.557</opentracks:accuracy_horizontal></extensions>
</trkpt>
<trkpt lat="50.44318" lon="-104.380964">
<ele>597</ele>
<time>2026-08-25T12:37:59.847-06:00</time>
<extensions>
<gpxtpx:TrackPointExtension>
<gpxtpx:speed>7.03</gpxtpx:speed>
</gpxtpx:TrackPointExtension>
<opentracks:accuracy_horizontal>4.777</opentracks:accuracy_horizontal></extensions>
</trkpt>
<trkpt lat="50.443106" lon="-104.381149">
<ele>597.4</ele>
<time>2026-08-25T12:38:01.835-06:00</time>
<extensions>
<gpxtpx:TrackPointExtension>
<gpxtpx:speed>7.36</gpxtpx:speed>
</gpxtpx:TrackPointExtension>
<opentracks:accuracy_horizontal>4.961</opentracks:accuracy_horizontal></extensions>
</trkpt>
<trkpt lat="50.443036" lon="-104.381349">
<ele>597.5</ele>
<time>2026-08-25T12:38:03.842-06:00</time>
<extensions>
<gpxtpx:TrackPointExtension>
<gpxtpx:speed>7.51</gpxtpx:speed>
</gpxtpx:TrackPointExtension>
<opentracks:accuracy_horizontal>5.089</opentracks:accuracy_horizontal></extensions>
</trkpt>
<trkpt lat="50.442965" lon="-104.381535">
<ele>597.2</ele>
<time>2026-08-25T12:38:05.827-06:00</time>
<extensions>
<gpxtpx:TrackPointExtension>
<gpxtpx:speed>7.48</gpxtpx:speed>
</gpxtpx:TrackPointExtension>
<opentracks:accuracy_horizontal>5.16</opentracks:accuracy_horizontal></extensions>
</trkpt>
<trkpt lat="50.442889" lon="-104.381724">
<ele>597.1</ele>
<time>2026-08-25T12:38:07.839-06:00</time>
<extensions>
<gpxtpx:TrackPointExtension>
<gpxtpx:speed>7.57</gpxtpx:speed>
</gpxtpx:TrackPointExtension>
<opentracks:accuracy_horizontal>4.95</opentracks:accuracy_horizontal></extensions>
</trkpt>
<trkpt lat="50.44281" lon="-104.381912">
<ele>596.9</ele>
<time>2026-08-25T12:38:09.854-06:00</time>
<extensions>
<gpxtpx:TrackPointExtension>
<gpxtpx:speed>7.71</gpxtpx:speed>
</gpxtpx:TrackPointExtension>
<opentracks:accuracy_horizontal>4.738</opentracks:accuracy_horizontal></extensions>
</trkpt>
<trkpt lat="50.442741" lon="-104.382097">
<ele>597</ele>
<time>2026-08-25T12:38:11.841-06:00</time>
<extensions>
<gpxtpx:TrackPointExtension>
<gpxtpx:speed>7.69</gpxtpx:speed>
</gpxtpx:TrackPointExtension>
<opentracks:accuracy_horizontal>4.835</opentracks:accuracy_horizontal></extensions>
</trkpt>
<trkpt lat="50.442672" lon="-104.38229">
<ele>597.5</ele>
<time>2026-08-25T12:38:13.84-06:00</time>
<extensions>
<gpxtpx:TrackPointExtension>
<gpxtpx:speed>7.57</gpxtpx:speed>
</gpxtpx:TrackPointExtension>
<opentracks:accuracy_horizontal>5.007</opentracks:accuracy_horizontal></extensions>
</trkpt>
<trkpt lat="50.442603" lon="-104.382462">
<ele>597.8</ele>
<time>2026-08-25T12:38:15.845-06:00</time>
<extensions>
<gpxtpx:TrackPointExtension>
<gpxtpx:speed>7.32</gpxtpx:speed>
</gpxtpx:TrackPointExtension>
<opentracks:accuracy_horizontal>4.999</opentracks:accuracy_horizontal></extensions>
</trkpt>
<trkpt lat="50.44254" lon="-104.382624">
<ele>597.3</ele>
<time>2026-08-25T12:38:17.84-06:00</time>
<extensions>
<gpxtpx:TrackPointExtension>
<gpxtpx:speed>6.86</gpxtpx:speed>
</gpxtpx:TrackPointExtension>
<opentracks:accuracy_horizontal>5.065</opentracks:accuracy_horizontal></extensions>
</trkpt>
<trkpt lat="50.442474" lon="-104.382806">
<ele>597.4</ele>
<time>2026-08-25T12:38:19.85-06:00</time>
<extensions>
<gpxtpx:TrackPointExtension>
<gpxtpx:speed>6.66</gpxtpx:speed>
</gpxtpx:TrackPointExtension>
<opentracks:accuracy_horizontal>4.925</opentracks:accuracy_horizontal></extensions>
</trkpt>
<trkpt lat="50.442418" lon="-104.382983">
<ele>596.5</ele>
<time>2026-08-25T12:38:21.843-06:00</time>
<extensions>
<gpxtpx:TrackPointExtension>
<gpxtpx:speed>6.52</gpxtpx:speed>
</gpxtpx:TrackPointExtension>
<opentracks:accuracy_horizontal>4.711</opentracks:accuracy_horizontal></extensions>
</trkpt>
<trkpt lat="50.442361" lon="-104.383152">
<ele>596.6</ele>
<time>2026-08-25T12:38:23.84-06:00</time>
<extensions>
<gpxtpx:TrackPointExtension>
<gpxtpx:speed>6.59</gpxtpx:speed>
</gpxtpx:TrackPointExtension>
<opentracks:accuracy_horizontal>4.672</opentracks:accuracy_horizontal></extensions>
</trkpt>
<trkpt lat="50.44231" lon="-104.383318">
<ele>597.4</ele>
<time>2026-08-25T12:38:25.842-06:00</time>
<extensions>
<gpxtpx:TrackPointExtension>
<gpxtpx:speed>6.5</gpxtpx:speed>
</gpxtpx:TrackPointExtension>
<opentracks:accuracy_horizontal>4.872</opentracks:accuracy_horizontal></extensions>
</trkpt>
<trkpt lat="50.442258" lon="-104.383475">
<ele>598</ele>
<time>2026-08-25T12:38:27.838-06:00</time>
<extensions>
<gpxtpx:TrackPointExtension>
<gpxtpx:speed>6.01</gpxtpx:speed>
</gpxtpx:TrackPointExtension>
<opentracks:accuracy_horizontal>4.878</opentracks:accuracy_horizontal></extensions>
</trkpt>
<trkpt lat="50.442208" lon="-104.383635">
<ele>597.1</ele>
<time>2026-08-25T12:38:29.851-06:00</time>
<extensions>
<gpxtpx:TrackPointExtension>
<gpxtpx:speed>5.75</gpxtpx:speed>
</gpxtpx:TrackPointExtension>
<opentracks:accuracy_horizontal>4.999</opentracks:accuracy_horizontal></extensions>
</trkpt>
<trkpt lat="50.442152" lon="-104.3838">
<ele>596.8</ele>
<time>2026-08-25T12:38:31.843-06:00</time>
<extensions>
<gpxtpx:TrackPointExtension>
<gpxtpx:speed>6.06</gpxtpx:speed>
</gpxtpx:TrackPointExtension>
<opentracks:accuracy_horizontal>5.178</opentracks:accuracy_horizontal></extensions>
</trkpt>
<trkpt lat="50.442098" lon="-104.383954">
<ele>596.6</ele>
<time>2026-08-25T12:38:33.845-06:00</time>
<extensions>
<gpxtpx:TrackPointExtension>
<gpxtpx:speed>5.74</gpxtpx:speed>
</gpxtpx:TrackPointExtension>
<opentracks:accuracy_horizontal>4.91</opentracks:accuracy_horizontal></extensions>
</trkpt>
<trkpt lat="50.44205" lon="-104.384102">
<ele>597</ele>
<time>2026-08-25T12:38:35.836-06:00</time>
<extensions>
<gpxtpx:TrackPointExtension>
<gpxtpx:speed>6.14</gpxtpx:speed>
</gpxtpx:TrackPointExtension>
<opentracks:accuracy_horizontal>4.709</opentracks:accuracy_horizontal></extensions>
</trkpt>
<trkpt lat="50.441988" lon="-104.384261">
<ele>596.7</ele>
<time>2026-08-25T12:38:37.845-06:00</time>
<extensions>
<gpxtpx:TrackPointExtension>
<gpxtpx:speed>6.52</gpxtpx:speed>
</gpxtpx:TrackPointExtension>
<opentracks:accuracy_horizontal>4.568</opentracks:accuracy_horizontal></extensions>
</trkpt>
<trkpt lat="50.441925" lon="-104.384417">
<ele>595.8</ele>
<time>2026-08-25T12:38:39.845-06:00</time>
<extensions>
<gpxtpx:TrackPointExtension>
<gpxtpx:speed>6.54</gpxtpx:speed>
</gpxtpx:TrackPointExtension>
<opentracks:accuracy_horizontal>4.559</opentracks:accuracy_horizontal></extensions>
</trkpt>
<trkpt lat="50.441861" lon="-104.384583">
<ele>595.5</ele>
<time>2026-08-25T12:38:41.851-06:00</time>
<extensions>
<gpxtpx:TrackPointExtension>
<gpxtpx:speed>7.2</gpxtpx:speed>
</gpxtpx:TrackPointExtension>
<opentracks:accuracy_horizontal>4.467</opentracks:accuracy_horizontal></extensions>
</trkpt>
<trkpt lat="50.441808" lon="-104.384773">
<ele>595.1</ele>
<time>2026-08-25T12:38:43.84-06:00</time>
<extensions>
<gpxtpx:TrackPointExtension>
<gpxtpx:speed>7.23</gpxtpx:speed>
</gpxtpx:TrackPointExtension>
<opentracks:accuracy_horizontal>4.43</opentracks:accuracy_horizontal></extensions>
</trkpt>
<trkpt lat="50.441769" lon="-104.384971">
<ele>594.4</ele>
<time>2026-08-25T12:38:45.844-06:00</time>
<extensions>
<gpxtpx:TrackPointExtension>
<gpxtpx:speed>7.09</gpxtpx:speed>
</gpxtpx:TrackPointExtension>
<opentracks:accuracy_horizontal>4.538</opentracks:accuracy_horizontal></extensions>
</trkpt>
<trkpt lat="50.441755" lon="-104.385171">
<ele>594.2</ele>
<time>2026-08-25T12:38:47.829-06:00</time>
<extensions>
<gpxtpx:TrackPointExtension>
<gpxtpx:speed>6.79</gpxtpx:speed>
</gpxtpx:TrackPointExtension>
<opentracks:accuracy_horizontal>4.58</opentracks:accuracy_horizontal></extensions>
</trkpt>
<trkpt lat="50.441746" lon="-104.385355">
<ele>594.7</ele>
<time>2026-08-25T12:38:49.833-06:00</time>
<extensions>
<gpxtpx:TrackPointExtension>
<gpxtpx:speed>6.53</gpxtpx:speed>
</gpxtpx:TrackPointExtension>
<opentracks:accuracy_horizontal>4.596</opentracks:accuracy_horizontal></extensions>
</trkpt>
<trkpt lat="50.441737" lon="-104.385535">
<ele>594.8</ele>
<time>2026-08-25T12:38:51.844-06:00</time>
<extensions>
<gpxtpx:TrackPointExtension>
<gpxtpx:speed>6.59</gpxtpx:speed>
</gpxtpx:TrackPointExtension>
<opentracks:accuracy_horizontal>4.59</opentracks:accuracy_horizontal></extensions>
</trkpt>
<trkpt lat="50.441736" lon="-104.385731">
<ele>594.6</ele>
<time>2026-08-25T12:38:53.838-06:00</time>
<extensions>
<gpxtpx:TrackPointExtension>
<gpxtpx:speed>6.75</gpxtpx:speed>
</gpxtpx:TrackPointExtension>
<opentracks:accuracy_horizontal>4.61</opentracks:accuracy_horizontal></extensions>
</trkpt>
<trkpt lat="50.44174" lon="-104.38592">
<ele>594.6</ele>
<time>2026-08-25T12:38:55.856-06:00</time>
<extensions>
<gpxtpx:TrackPointExtension>
<gpxtpx:speed>6.77</gpxtpx:speed>
</gpxtpx:TrackPointExtension>
<opentracks:accuracy_horizontal>4.497</opentracks:accuracy_horizontal></extensions>
</trkpt>
<trkpt lat="50.441752" lon="-104.386113">
<ele>594.6</ele>
<time>2026-08-25T12:38:57.861-06:00</time>
<extensions>
<gpxtpx:TrackPointExtension>
<gpxtpx:speed>6.58</gpxtpx:speed>
</gpxtpx:TrackPointExtension>
<opentracks:accuracy_horizontal>4.442</opentracks:accuracy_horizontal></extensions>
</trkpt>
<trkpt lat="50.441766" lon="-104.38629">
<ele>594</ele>
<time>2026-08-25T12:38:59.84-06:00</time>
<extensions>
<gpxtpx:TrackPointExtension>
<gpxtpx:speed>6.23</gpxtpx:speed>
</gpxtpx:TrackPointExtension>
<opentracks:accuracy_horizontal>4.378</opentracks:accuracy_horizontal></extensions>
</trkpt>
<trkpt lat="50.441768" lon="-104.386467">
<ele>593.8</ele>
<time>2026-08-25T12:39:01.84-06:00</time>
<extensions>
<gpxtpx:TrackPointExtension>
<gpxtpx:speed>6.57</gpxtpx:speed>
</gpxtpx:TrackPointExtension>
<opentracks:accuracy_horizontal>4.631</opentracks:accuracy_horizontal></extensions>
</trkpt>
<trkpt lat="50.44177" lon="-104.386669">
<ele>593.2</ele>
<time>2026-08-25T12:39:03.842-06:00</time>
<extensions>
<gpxtpx:TrackPointExtension>
<gpxtpx:speed>7.1</gpxtpx:speed>
</gpxtpx:TrackPointExtension>
<opentracks:accuracy_horizontal>4.456</opentracks:accuracy_horizontal></extensions>
</trkpt>
<trkpt lat="50.441771" lon="-104.386871">
<ele>593.3</ele>
<time>2026-08-25T12:39:05.843-06:00</time>
<extensions>
<gpxtpx:TrackPointExtension>
<gpxtpx:speed>6.69</gpxtpx:speed>
</gpxtpx:TrackPointExtension>
<opentracks:accuracy_horizontal>4.429</opentracks:accuracy_horizontal></extensions>
</trkpt>
<trkpt lat="50.441767" lon="-104.387058">
<ele>593.5</ele>
<time>2026-08-25T12:39:07.844-06:00</time>
<extensions>
<gpxtpx:TrackPointExtension>
<gpxtpx:speed>6.6</gpxtpx:speed>
</gpxtpx:TrackPointExtension>
<opentracks:accuracy_horizontal>4.38</opentracks:accuracy_horizontal></extensions>
</trkpt>
<trkpt lat="50.441768" lon="-104.387247">
<ele>594.1</ele>
<time>2026-08-25T12:39:09.867-06:00</time>
<extensions>
<gpxtpx:TrackPointExtension>
<gpxtpx:speed>6.42</gpxtpx:speed>
</gpxtpx:TrackPointExtension>
<opentracks:accuracy_horizontal>4.442</opentracks:accuracy_horizontal></extensions>
</trkpt>
<trkpt lat="50.441771" lon="-104.387418">
<ele>593.8</ele>
<time>2026-08-25T12:39:11.846-06:00</time>
<extensions>
<gpxtpx:TrackPointExtension>
<gpxtpx:speed>6.08</gpxtpx:speed>
</gpxtpx:TrackPointExtension>
<opentracks:accuracy_horizontal>4.38</opentracks:accuracy_horizontal></extensions>
</trkpt>
<trkpt lat="50.441767" lon="-104.387591">
<ele>593.5</ele>
<time>2026-08-25T12:39:13.86-06:00</time>
<extensions>
<gpxtpx:TrackPointExtension>
<gpxtpx:speed>6.27</gpxtpx:speed>
</gpxtpx:TrackPointExtension>
<opentracks:accuracy_horizontal>4.38</opentracks:accuracy_horizontal></extensions>
</trkpt>
<trkpt lat="50.441763" lon="-104.387775">
<ele>594</ele>
<time>2026-08-25T12:39:15.865-06:00</time>
<extensions>
<gpxtpx:TrackPointExtension>
<gpxtpx:speed>6.2</gpxtpx:speed>
</gpxtpx:TrackPointExtension>
<opentracks:accuracy_horizontal>4.381</opentracks:accuracy_horizontal></extensions>
</trkpt>
<trkpt lat="50.441769" lon="-104.387944">
<ele>594.4</ele>
<time>2026-08-25T12:39:17.841-06:00</time>
<extensions>
<gpxtpx:TrackPointExtension>
<gpxtpx:speed>6.08</gpxtpx:speed>
</gpxtpx:TrackPointExtension>
<opentracks:accuracy_horizontal>4.437</opentracks:accuracy_horizontal></extensions>
</trkpt>
<trkpt lat="50.441782" lon="-104.388099">
<ele>595.1</ele>
<time>2026-08-25T12:39:19.847-06:00</time>
<extensions>
<gpxtpx:TrackPointExtension>
<gpxtpx:speed>5.77</gpxtpx:speed>
</gpxtpx:TrackPointExtension>
<opentracks:accuracy_horizontal>4.63</opentracks:accuracy_horizontal></extensions>
</trkpt>
<trkpt lat="50.441782" lon="-104.388267">
<ele>594.9</ele>
<time>2026-08-25T12:39:21.857-06:00</time>
<extensions>
<gpxtpx:TrackPointExtension>
<gpxtpx:speed>5.52</gpxtpx:speed>
</gpxtpx:TrackPointExtension>
<opentracks:accuracy_horizontal>4.63</opentracks:accuracy_horizontal></extensions>
</trkpt>
<trkpt lat="50.441782" lon="-104.388418">
<ele>595</ele>
<time>2026-08-25T12:39:23.852-06:00</time>
<extensions>
<gpxtpx:TrackPointExtension>
<gpxtpx:speed>5.35</gpxtpx:speed>
</gpxtpx:TrackPointExtension>
<opentracks:accuracy_horizontal>4.581</opentracks:accuracy_horizontal></extensions>
</trkpt>
<trkpt lat="50.441779" lon="-104.388623">
<ele>594.6</ele>
<time>2026-08-25T12:39:26.841-06:00</time>
<extensions>
<gpxtpx:TrackPointExtension>
<gpxtpx:speed>4.76</gpxtpx:speed>
</gpxtpx:TrackPointExtension>
<opentracks:accuracy_horizontal>4.629</opentracks:accuracy_horizontal></extensions>
</trkpt>
<trkpt lat="50.44176" lon="-104.388816">
<ele>594.4</ele>
<time>2026-08-25T12:39:29.841-06:00</time>
<extensions>
<gpxtpx:TrackPointExtension>
<gpxtpx:speed>4.79</gpxtpx:speed>
</gpxtpx:TrackPointExtension>
<opentracks:accuracy_horizontal>4.41</opentracks:accuracy_horizontal></extensions>
</trkpt>
<trkpt lat="50.441691" lon="-104.388929">
<ele>593.8</ele>
<time>2026-08-25T12:39:31.848-06:00</time>
<extensions>
<gpxtpx:TrackPointExtension>
<gpxtpx:speed>4.79</gpxtpx:speed>
</gpxtpx:TrackPointExtension>
<opentracks:accuracy_horizontal>4.617</opentracks:accuracy_horizontal></extensions>
</trkpt>
<trkpt lat="50.441594" lon="-104.388987">
<ele>593.7</ele>
<time>2026-08-25T12:39:33.851-06:00</time>
<extensions>
<gpxtpx:TrackPointExtension>
<gpxtpx:speed>4.89</gpxtpx:speed>
</gpxtpx:TrackPointExtension>
<opentracks:accuracy_horizontal>4.687</opentracks:accuracy_horizontal></extensions>
</trkpt>
<trkpt lat="50.441464" lon="-104.388974">
<ele>594.8</ele>
<time>2026-08-25T12:39:35.844-06:00</time>
<extensions>
<gpxtpx:TrackPointExtension>
<gpxtpx:speed>5.05</gpxtpx:speed>
</gpxtpx:TrackPointExtension>
<opentracks:accuracy_horizontal>4.457</opentracks:accuracy_horizontal></extensions>
</trkpt>
<trkpt lat="50.441358" lon="-104.388969">
<ele>594.5</ele>
<time>2026-08-25T12:39:37.852-06:00</time>
<extensions>
<gpxtpx:TrackPointExtension>
<gpxtpx:speed>4.93</gpxtpx:speed>
</gpxtpx:TrackPointExtension>
<opentracks:accuracy_horizontal>4.329</opentracks:accuracy_horizontal></extensions>
</trkpt>
<trkpt lat="50.441266" lon="-104.388973">
<ele>594.8</ele>
<time>2026-08-25T12:39:39.845-06:00</time>
<extensions>
<gpxtpx:TrackPointExtension>
<gpxtpx:speed>4.65</gpxtpx:speed>
</gpxtpx:TrackPointExtension>
<opentracks:accuracy_horizontal>4.35</opentracks:accuracy_horizontal></extensions>
</trkpt>
<trkpt lat="50.44115" lon="-104.388984">
<ele>595</ele>
<time>2026-08-25T12:39:42.847-06:00</time>
<extensions>
<gpxtpx:TrackPointExtension>
<gpxtpx:speed>4.11</gpxtpx:speed>
</gpxtpx:TrackPointExtension>
<opentracks:accuracy_horizontal>4.449</opentracks:accuracy_horizontal></extensions>
</trkpt>
<trkpt lat="50.44104" lon="-104.38898">
<ele>595.2</ele>
<time>2026-08-25T12:39:45.838-06:00</time>
<extensions>
<gpxtpx:TrackPointExtension>
<gpxtpx:speed>4.48</gpxtpx:speed>
</gpxtpx:TrackPointExtension>
<opentracks:accuracy_horizontal>4.426</opentracks:accuracy_horizontal></extensions>
</trkpt>
<trkpt lat="50.440945" lon="-104.388981">
<ele>595.5</ele>
<time>2026-08-25T12:39:47.853-06:00</time>
<extensions>
<gpxtpx:TrackPointExtension>
<gpxtpx:speed>5.01</gpxtpx:speed>
</gpxtpx:TrackPointExtension>
<opentracks:accuracy_horizontal>4.39</opentracks:accuracy_horizontal></extensions>
</trkpt>
<trkpt lat="50.440848" lon="-104.388971">
<ele>595.4</ele>
<time>2026-08-25T12:39:49.829-06:00</time>
<extensions>
<gpxtpx:TrackPointExtension>
<gpxtpx:speed>4.88</gpxtpx:speed>
</gpxtpx:TrackPointExtension>
<opentracks:accuracy_horizontal>4.558</opentracks:accuracy_horizontal></extensions>
</trkpt>
<trkpt lat="50.440712" lon="-104.388987">
<ele>594.2</ele>
<time>2026-08-25T12:39:52.842-06:00</time>
<extensions>
<gpxtpx:TrackPointExtension>
<gpxtpx:speed>5.07</gpxtpx:speed>
</gpxtpx:TrackPointExtension>
<opentracks:accuracy_horizontal>4.728</opentracks:accuracy_horizontal></extensions>
</trkpt>
<trkpt lat="50.440608" lon="-104.388979">
<ele>594.8</ele>
<time>2026-08-25T12:39:54.836-06:00</time>
<extensions>
<gpxtpx:TrackPointExtension>
<gpxtpx:speed>4.97</gpxtpx:speed>
</gpxtpx:TrackPointExtension>
<opentracks:accuracy_horizontal>4.622</opentracks:accuracy_horizontal></extensions>
</trkpt>
<trkpt lat="50.440473" lon="-104.388983">
<ele>594.8</ele>
<time>2026-08-25T12:39:57.834-06:00</time>
<extensions>
<gpxtpx:TrackPointExtension>
<gpxtpx:speed>4.95</gpxtpx:speed>
</gpxtpx:TrackPointExtension>
<opentracks:accuracy_horizontal>4.489</opentracks:accuracy_horizontal></extensions>
</trkpt>
<trkpt lat="50.440378" lon="-104.388987">
<ele>593.8</ele>
<time>2026-08-25T12:39:59.845-06:00</time>
<extensions>
<gpxtpx:TrackPointExtension>
<gpxtpx:speed>5.23</gpxtpx:speed>
</gpxtpx:TrackPointExtension>
<opentracks:accuracy_horizontal>4.485</opentracks:accuracy_horizontal></extensions>
</trkpt>
<trkpt lat="50.440289" lon="-104.389029">
<ele>593.1</ele>
<time>2026-08-25T12:40:01.844-06:00</time>
<extensions>
<gpxtpx:TrackPointExtension>
<gpxtpx:speed>5.36</gpxtpx:speed>
</gpxtpx:TrackPointExtension>
<opentracks:accuracy_horizontal>4.574</opentracks:accuracy_horizontal></extensions>
</trkpt>
<trkpt lat="50.440227" lon="-104.389174">
<ele>592.3</ele>
<time>2026-08-25T12:40:03.846-06:00</time>
<extensions>
<gpxtpx:TrackPointExtension>
<gpxtpx:speed>5.98</gpxtpx:speed>
</gpxtpx:TrackPointExtension>
<opentracks:accuracy_horizontal>4.615</opentracks:accuracy_horizontal></extensions>
</trkpt>
<trkpt lat="50.440239" lon="-104.389389">
<ele>591.8</ele>
<time>2026-08-25T12:40:05.84-06:00</time>
<extensions>
<gpxtpx:TrackPointExtension>
<gpxtpx:speed>6.73</gpxtpx:speed>
</gpxtpx:TrackPointExtension>
<opentracks:accuracy_horizontal>4.689</opentracks:accuracy_horizontal></extensions>
</trkpt>
<trkpt lat="50.44031" lon="-104.389596">
<ele>592.4</ele>
<time>2026-08-25T12:40:07.834-06:00</time>
<extensions>
<gpxtpx:TrackPointExtension>
<gpxtpx:speed>7.06</gpxtpx:speed>
</gpxtpx:TrackPointExtension>
<opentracks:accuracy_horizontal>4.622</opentracks:accuracy_horizontal></extensions>
</trkpt>
<trkpt lat="50.440379" lon="-104.389786">
<ele>592.9</ele>
<time>2026-08-25T12:40:09.855-06:00</time>
<extensions>
<gpxtpx:TrackPointExtension>
<gpxtpx:speed>6.99</gpxtpx:speed>
</gpxtpx:TrackPointExtension>
<opentracks:accuracy_horizontal>4.543</opentracks:accuracy_horizontal></extensions>
</trkpt>
<trkpt lat="50.440432" lon="-104.389966">
<ele>592.8</ele>
<time>2026-08-25T12:40:11.844-06:00</time>
<extensions>
<gpxtpx:TrackPointExtension>
<gpxtpx:speed>6.88</gpxtpx:speed>
</gpxtpx:TrackPointExtension>
<opentracks:accuracy_horizontal>4.363</opentracks:accuracy_horizontal></extensions>
</trkpt>
<trkpt lat="50.440486" lon="-104.390137">
<ele>592.1</ele>
<time>2026-08-25T12:40:13.843-06:00</time>
<extensions>
<gpxtpx:TrackPointExtension>
<gpxtpx:speed>6.73</gpxtpx:speed>
</gpxtpx:TrackPointExtension>
<opentracks:accuracy_horizontal>4.39</opentracks:accuracy_horizontal></extensions>
</trkpt>
<trkpt lat="50.440532" lon="-104.390311">
<ele>591.6</ele>
<time>2026-08-25T12:40:15.86-06:00</time>
<extensions>
<gpxtpx:TrackPointExtension>
<gpxtpx:speed>6.46</gpxtpx:speed>
</gpxtpx:TrackPointExtension>
<opentracks:accuracy_horizontal>4.39</opentracks:accuracy_horizontal></extensions>
</trkpt>
<trkpt lat="50.440579" lon="-104.39049">
<ele>591.6</ele>
<time>2026-08-25T12:40:17.848-06:00</time>
<extensions>
<gpxtpx:TrackPointExtension>
<gpxtpx:speed>6.84</gpxtpx:speed>
</gpxtpx:TrackPointExtension>
<opentracks:accuracy_horizontal>4.39</opentracks:accuracy_horizontal></extensions>
</trkpt>
<trkpt lat="50.440623" lon="-104.390671">
<ele>590.9</ele>
<time>2026-08-25T12:40:19.857-06:00</time>
<extensions>
<gpxtpx:TrackPointExtension>
<gpxtpx:speed>6.79</gpxtpx:speed>
</gpxtpx:TrackPointExtension>
<opentracks:accuracy_horizontal>4.39</opentracks:accuracy_horizontal></extensions>
</trkpt>
<trkpt lat="50.440663" lon="-104.390849">
<ele>590</ele>
<time>2026-08-25T12:40:21.843-06:00</time>
<extensions>
<gpxtpx:TrackPointExtension>
<gpxtpx:speed>6.54</gpxtpx:speed>
</gpxtpx:TrackPointExtension>
<opentracks:accuracy_horizontal>4.391</opentracks:accuracy_horizontal></extensions>
</trkpt>
<trkpt lat="50.440703" lon="-104.391018">
<ele>590.3</ele>
<time>2026-08-25T12:40:23.852-06:00</time>
<extensions>
<gpxtpx:TrackPointExtension>
<gpxtpx:speed>6.51</gpxtpx:speed>
</gpxtpx:TrackPointExtension>
<opentracks:accuracy_horizontal>4.391</opentracks:accuracy_horizontal></extensions>
</trkpt>
<trkpt lat="50.440749" lon="-104.39118">
<ele>590.3</ele>
<time>2026-08-25T12:40:25.844-06:00</time>
<extensions>
<gpxtpx:TrackPointExtension>
<gpxtpx:speed>6.4</gpxtpx:speed>
</gpxtpx:TrackPointExtension>
<opentracks:accuracy_horizontal>4.395</opentracks:accuracy_horizontal></extensions>
</trkpt>
<trkpt lat="50.44079" lon="-104.391338">
<ele>590.4</ele>
<time>2026-08-25T12:40:27.848-06:00</time>
<extensions>
<gpxtpx:TrackPointExtension>
<gpxtpx:speed>5.67</gpxtpx:speed>
</gpxtpx:TrackPointExtension>
<opentracks:accuracy_horizontal>4.624</opentracks:accuracy_horizontal></extensions>
</trkpt>
<trkpt lat="50.440826" lon="-104.39148">
<ele>589.2</ele>
<time>2026-08-25T12:40:29.837-06:00</time>
<extensions>
<gpxtpx:TrackPointExtension>
<gpxtpx:speed>5.92</gpxtpx:speed>
</gpxtpx:TrackPointExtension>
<opentracks:accuracy_horizontal>4.426</opentracks:accuracy_horizontal></extensions>
</trkpt>
<trkpt lat="50.440853" lon="-104.391641">
<ele>589.1</ele>
<time>2026-08-25T12:40:31.862-06:00</time>
<extensions>
<gpxtpx:TrackPointExtension>
<gpxtpx:speed>6.09</gpxtpx:speed>
</gpxtpx:TrackPointExtension>
<opentracks:accuracy_horizontal>4.439</opentracks:accuracy_horizontal></extensions>
</trkpt>
<trkpt lat="50.440885" lon="-104.391801">
<ele>589.8</ele>
<time>2026-08-25T12:40:33.851-06:00</time>
<extensions>
<gpxtpx:TrackPointExtension>
<gpxtpx:speed>5.73</gpxtpx:speed>
</gpxtpx:TrackPointExtension>
<opentracks:accuracy_horizontal>4.388</opentracks:accuracy_horizontal></extensions>
</trkpt>
<trkpt lat="50.440925" lon="-104.391952">
<ele>589.7</ele>
<time>2026-08-25T12:40:35.848-06:00</time>
<extensions>
<gpxtpx:TrackPointExtension>
<gpxtpx:speed>5.78</gpxtpx:speed>
</gpxtpx:TrackPointExtension>
<opentracks:accuracy_horizontal>4.393</opentracks:accuracy_horizontal></extensions>
</trkpt>
<trkpt lat="50.440966" lon="-104.392109">
<ele>589.8</ele>
<time>2026-08-25T12:40:37.838-06:00</time>
<extensions>
<gpxtpx:TrackPointExtension>
<gpxtpx:speed>5.89</gpxtpx:speed>
</gpxtpx:TrackPointExtension>
<opentracks:accuracy_horizontal>4.393</opentracks:accuracy_horizontal></extensions>
</trkpt>
<trkpt lat="50.441013" lon="-104.39227">
<ele>590.1</ele>
<time>2026-08-25T12:40:39.85-06:00</time>
<extensions>
<gpxtpx:TrackPointExtension>
<gpxtpx:speed>6.04</gpxtpx:speed>
</gpxtpx:TrackPointExtension>
<opentracks:accuracy_horizontal>4.394</opentracks:accuracy_horizontal></extensions>
</trkpt>
<trkpt lat="50.44106" lon="-104.392431">
<ele>589.9</ele>
<time>2026-08-25T12:40:41.845-06:00</time>
<extensions>
<gpxtpx:TrackPointExtension>
<gpxtpx:speed>6.09</gpxtpx:speed>
</gpxtpx:TrackPointExtension>
<opentracks:accuracy_horizontal>4.394</opentracks:accuracy_horizontal></extensions>
</trkpt>
<trkpt lat="50.441101" lon="-104.392589">
<ele>589.9</ele>
<time>2026-08-25T12:40:43.852-06:00</time>
<extensions>
<gpxtpx:TrackPointExtension>
<gpxtpx:speed>6.04</gpxtpx:speed>
</gpxtpx:TrackPointExtension>
<opentracks:accuracy_horizontal>4.406</opentracks:accuracy_horizontal></extensions>
</trkpt>
<trkpt lat="50.441143" lon="-104.392742">
<ele>590.1</ele>
<time>2026-08-25T12:40:45.843-06:00</time>
<extensions>
<gpxtpx:TrackPointExtension>
<gpxtpx:speed>5.83</gpxtpx:speed>
</gpxtpx:TrackPointExtension>
<opentracks:accuracy_horizontal>4.466</opentracks:accuracy_horizontal></extensions>
</trkpt>
<trkpt lat="50.441175" lon="-104.392908">
<ele>589.9</ele>
<time>2026-08-25T12:40:47.841-06:00</time>
<extensions>
<gpxtpx:TrackPointExtension>
<gpxtpx:speed>6.02</gpxtpx:speed>
</gpxtpx:TrackPointExtension>
<opentracks:accuracy_horizontal>4.525</opentracks:accuracy_horizontal></extensions>
</trkpt>
<trkpt lat="50.44121" lon="-104.393074">
<ele>589.8</ele>
<time>2026-08-25T12:40:49.844-06:00</time>
<extensions>
<gpxtpx:TrackPointExtension>
<gpxtpx:speed>6.06</gpxtpx:speed>
</gpxtpx:TrackPointExtension>
<opentracks:accuracy_horizontal>4.445</opentracks:accuracy_horizontal></extensions>
</trkpt>
<trkpt lat="50.44124" lon="-104.393245">
<ele>589.4</ele>
<time>2026-08-25T12:40:51.856-06:00</time>
<extensions>
<gpxtpx:TrackPointExtension>
<gpxtpx:speed>6.15</gpxtpx:speed>
</gpxtpx:TrackPointExtension>
<opentracks:accuracy_horizontal>4.395</opentracks:accuracy_horizontal></extensions>
</trkpt>
<trkpt lat="50.441278" lon="-104.393413">
<ele>589.1</ele>
<time>2026-08-25T12:40:53.842-06:00</time>
<extensions>
<gpxtpx:TrackPointExtension>
<gpxtpx:speed>6.33</gpxtpx:speed>
</gpxtpx:TrackPointExtension>
<opentracks:accuracy_horizontal>4.396</opentracks:accuracy_horizontal></extensions>
</trkpt>
<trkpt lat="50.441317" lon="-104.39359">
<ele>589.3</ele>
<time>2026-08-25T12:40:55.842-06:00</time>
<extensions>
<gpxtpx:TrackPointExtension>
<gpxtpx:speed>6.57</gpxtpx:speed>
</gpxtpx:TrackPointExtension>
<opentracks:accuracy_horizontal>4.396</opentracks:accuracy_horizontal></extensions>
</trkpt>
<trkpt lat="50.441363" lon="-104.39377">
<ele>588.8</ele>
<time>2026-08-25T12:40:57.823-06:00</time>
<extensions>
<gpxtpx:TrackPointExtension>
<gpxtpx:speed>6.44</gpxtpx:speed>
</gpxtpx:TrackPointExtension>
<opentracks:accuracy_horizontal>4.396</opentracks:accuracy_horizontal></extensions>
</trkpt>
<trkpt lat="50.441402" lon="-104.393935">
<ele>588.3</ele>
<time>2026-08-25T12:40:59.845-06:00</time>
<extensions>
<gpxtpx:TrackPointExtension>
<gpxtpx:speed>6.02</gpxtpx:speed>
</gpxtpx:TrackPointExtension>
<opentracks:accuracy_horizontal>4.397</opentracks:accuracy_horizontal></extensions>
</trkpt>
<trkpt lat="50.441435" lon="-104.394091">
<ele>587.8</ele>
<time>2026-08-25T12:41:01.834-06:00</time>
<extensions>
<gpxtpx:TrackPointExtension>
<gpxtpx:speed>5.98</gpxtpx:speed>
</gpxtpx:TrackPointExtension>
<opentracks:accuracy_horizontal>4.397</opentracks:accuracy_horizontal></extensions>
</trkpt>
<trkpt lat="50.441467" lon="-104.394264">
<ele>587.5</ele>
<time>2026-08-25T12:41:03.844-06:00</time>
<extensions>
<gpxtpx:TrackPointExtension>
<gpxtpx:speed>6.46</gpxtpx:speed>
</gpxtpx:TrackPointExtension>
<opentracks:accuracy_horizontal>4.397</opentracks:accuracy_horizontal></extensions>
</trkpt>
<trkpt lat="50.441505" lon="-104.394436">
<ele>587.6</ele>
<time>2026-08-25T12:41:05.836-06:00</time>
<extensions>
<gpxtpx:TrackPointExtension>
<gpxtpx:speed>6.57</gpxtpx:speed>
</gpxtpx:TrackPointExtension>
<opentracks:accuracy_horizontal>4.398</opentracks:accuracy_horizontal></extensions>
</trkpt>
<trkpt lat="50.441547" lon="-104.394605">
<ele>587.7</ele>
<time>2026-08-25T12:41:07.821-06:00</time>
<extensions>
<gpxtpx:TrackPointExtension>
<gpxtpx:speed>5.99</gpxtpx:speed>
</gpxtpx:TrackPointExtension>
<opentracks:accuracy_horizontal>4.398</opentracks:accuracy_horizontal></extensions>
</trkpt>
<trkpt lat="50.44159" lon="-104.394753">
<ele>587.7</ele>
<time>2026-08-25T12:41:09.833-06:00</time>
<extensions>
<gpxtpx:TrackPointExtension>
<gpxtpx:speed>5.8</gpxtpx:speed>
</gpxtpx:TrackPointExtension>
<opentracks:accuracy_horizontal>4.398</opentracks:accuracy_horizontal></extensions>
</trkpt>
<trkpt lat="50.441629" lon="-104.394903">
<ele>587.7</ele>
<time>2026-08-25T12:41:11.828-06:00</time>
<extensions>
<gpxtpx:TrackPointExtension>
<gpxtpx:speed>5.59</gpxtpx:speed>
</gpxtpx:TrackPointExtension>
<opentracks:accuracy_horizontal>4.398</opentracks:accuracy_horizontal></extensions>
</trkpt>
<trkpt lat="50.441667" lon="-104.395056">
<ele>587.2</ele>
<time>2026-08-25T12:41:13.848-06:00</time>
<extensions>
<gpxtpx:TrackPointExtension>
<gpxtpx:speed>5.62</gpxtpx:speed>
</gpxtpx:TrackPointExtension>
<opentracks:accuracy_horizontal>4.399</opentracks:accuracy_horizontal></extensions>
</trkpt>
<trkpt lat="50.441706" lon="-104.395203">
<ele>587.6</ele>
<time>2026-08-25T12:41:15.862-06:00</time>
<extensions>
<gpxtpx:TrackPointExtension>
<gpxtpx:speed>6.01</gpxtpx:speed>
</gpxtpx:TrackPointExtension>
<opentracks:accuracy_horizontal>4.399</opentracks:accuracy_horizontal></extensions>
</trkpt>
<trkpt lat="50.441746" lon="-104.395373">
<ele>587.3</ele>
<time>2026-08-25T12:41:17.854-06:00</time>
<extensions>
<gpxtpx:TrackPointExtension>
<gpxtpx:speed>6.24</gpxtpx:speed>
</gpxtpx:TrackPointExtension>
<opentracks:accuracy_horizontal>4.399</opentracks:accuracy_horizontal></extensions>
</trkpt>
<trkpt lat="50.44179" lon="-104.395542">
<ele>587.4</ele>
<time>2026-08-25T12:41:19.859-06:00</time>
<extensions>
<gpxtpx:TrackPointExtension>
<gpxtpx:speed>6.39</gpxtpx:speed>
</gpxtpx:TrackPointExtension>
<opentracks:accuracy_horizontal>4.4</opentracks:accuracy_horizontal></extensions>
</trkpt>
<trkpt lat="50.441836" lon="-104.395714">
<ele>587.8</ele>
<time>2026-08-25T12:41:21.844-06:00</time>
<extensions>
<gpxtpx:TrackPointExtension>
<gpxtpx:speed>6.08</gpxtpx:speed>
</gpxtpx:TrackPointExtension>
<opentracks:accuracy_horizontal>4.4</opentracks:accuracy_horizontal></extensions>
</trkpt>
<trkpt lat="50.44187" lon="-104.395855">
<ele>588.6</ele>
<time>2026-08-25T12:41:23.844-06:00</time>
<extensions>
<gpxtpx:TrackPointExtension>
<gpxtpx:speed>5.81</gpxtpx:speed>
</gpxtpx:TrackPointExtension>
<opentracks:accuracy_horizontal>4.4</opentracks:accuracy_horizontal></extensions>
</trkpt>
<trkpt lat="50.441906" lon="-104.396007">
<ele>588.8</ele>
<time>2026-08-25T12:41:25.854-06:00</time>
<extensions>
<gpxtpx:TrackPointExtension>
<gpxtpx:speed>5.88</gpxtpx:speed>
</gpxtpx:TrackPointExtension>
<opentracks:accuracy_horizontal>4.401</opentracks:accuracy_horizontal></extensions>
</trkpt>
<trkpt lat="50.441941" lon="-104.396164">
<ele>588.8</ele>
<time>2026-08-25T12:41:27.849-06:00</time>
<extensions>
<gpxtpx:TrackPointExtension>
<gpxtpx:speed>5.59</gpxtpx:speed>
</gpxtpx:TrackPointExtension>
<opentracks:accuracy_horizontal>4.401</opentracks:accuracy_horizontal></extensions>
</trkpt>
<trkpt lat="50.441982" lon="-104.396314">
<ele>587.9</ele>
<time>2026-08-25T12:41:29.846-06:00</time>
<extensions>
<gpxtpx:TrackPointExtension>
<gpxtpx:speed>6.16</gpxtpx:speed>
</gpxtpx:TrackPointExtension>
<opentracks:accuracy_horizontal>4.401</opentracks:accuracy_horizontal></extensions>
</trkpt>
<trkpt lat="50.442014" lon="-104.396469">
<ele>588.1</ele>
<time>2026-08-25T12:41:31.849-06:00</time>
<extensions>
<gpxtpx:TrackPointExtension>
<gpxtpx:speed>5.82</gpxtpx:speed>
</gpxtpx:TrackPointExtension>
<opentracks:accuracy_horizontal>4.412</opentracks:accuracy_horizontal></extensions>
</trkpt>
<trkpt lat="50.442052" lon="-104.396624">
<ele>588.9</ele>
<time>2026-08-25T12:41:33.855-06:00</time>
<extensions>
<gpxtpx:TrackPointExtension>
<gpxtpx:speed>5.86</gpxtpx:speed>
</gpxtpx:TrackPointExtension>
<opentracks:accuracy_horizontal>4.412</opentracks:accuracy_horizontal></extensions>
</trkpt>
<trkpt lat="50.442085" lon="-104.396773">
<ele>588.9</ele>
<time>2026-08-25T12:41:35.841-06:00</time>
<extensions>
<gpxtpx:TrackPointExtension>
<gpxtpx:speed>5.73</gpxtpx:speed>
</gpxtpx:TrackPointExtension>
<opentracks:accuracy_horizontal>4.402</opentracks:accuracy_horizontal></extensions>
</trkpt>
<trkpt lat="50.442125" lon="-104.396915">
<ele>588.9</ele>
<time>2026-08-25T12:41:37.843-06:00</time>
<extensions>
<gpxtpx:TrackPointExtension>
<gpxtpx:speed>5.56</gpxtpx:speed>
</gpxtpx:TrackPointExtension>
<opentracks:accuracy_horizontal>4.402</opentracks:accuracy_horizontal></extensions>
</trkpt>
<trkpt lat="50.442162" lon="-104.397055">
<ele>589.2</ele>
<time>2026-08-25T12:41:39.842-06:00</time>
<extensions>
<gpxtpx:TrackPointExtension>
<gpxtpx:speed>5.89</gpxtpx:speed>
</gpxtpx:TrackPointExtension>
<opentracks:accuracy_horizontal>4.403</opentracks:accuracy_horizontal></extensions>
</trkpt>
<trkpt lat="50.442199" lon="-104.397204">
<ele>589.2</ele>
<time>2026-08-25T12:41:41.829-06:00</time>
<extensions>
<gpxtpx:TrackPointExtension>
<gpxtpx:speed>5.88</gpxtpx:speed>
</gpxtpx:TrackPointExtension>
<opentracks:accuracy_horizontal>4.403</opentracks:accuracy_horizontal></extensions>
</trkpt>
<trkpt lat="50.442235" lon="-104.397353">
<ele>588.4</ele>
<time>2026-08-25T12:41:43.849-06:00</time>
<extensions>
<gpxtpx:TrackPointExtension>
<gpxtpx:speed>5.7</gpxtpx:speed>
</gpxtpx:TrackPointExtension>
<opentracks:accuracy_horizontal>4.403</opentracks:accuracy_horizontal></extensions>
</trkpt>
<trkpt lat="50.442273" lon="-104.397511">
<ele>588.3</ele>
<time>2026-08-25T12:41:45.848-06:00</time>
<extensions>
<gpxtpx:TrackPointExtension>
<gpxtpx:speed>6.08</gpxtpx:speed>
</gpxtpx:TrackPointExtension>
<opentracks:accuracy_horizontal>4.404</opentracks:accuracy_horizontal></extensions>
</trkpt>
<trkpt lat="50.442313" lon="-104.397685">
<ele>587.9</ele>
<time>2026-08-25T12:41:47.843-06:00</time>
<extensions>
<gpxtpx:TrackPointExtension>
<gpxtpx:speed>6.27</gpxtpx:speed>
</gpxtpx:TrackPointExtension>
<opentracks:accuracy_horizontal>4.404</opentracks:accuracy_horizontal></extensions>
</trkpt>
<trkpt lat="50.442347" lon="-104.397843">
<ele>587.6</ele>
<time>2026-08-25T12:41:49.849-06:00</time>
<extensions>
<gpxtpx:TrackPointExtension>
<gpxtpx:speed>6.11</gpxtpx:speed>
</gpxtpx:TrackPointExtension>
<opentracks:accuracy_horizontal>4.404</opentracks:accuracy_horizontal></extensions>
</trkpt>
<trkpt lat="50.442382" lon="-104.397998">
<ele>587.6</ele>
<time>2026-08-25T12:41:51.845-06:00</time>
<extensions>
<gpxtpx:TrackPointExtension>
<gpxtpx:speed>5.72</gpxtpx:speed>
</gpxtpx:TrackPointExtension>
<opentracks:accuracy_horizontal>4.616</opentracks:accuracy_horizontal></extensions>
</trkpt>
<trkpt lat="50.442414" lon="-104.398143">
<ele>587.2</ele>
<time>2026-08-25T12:41:53.845-06:00</time>
<extensions>
<gpxtpx:TrackPointExtension>
<gpxtpx:speed>5.44</gpxtpx:speed>
</gpxtpx:TrackPointExtension>
<opentracks:accuracy_horizontal>4.405</opentracks:accuracy_horizontal></extensions>
</trkpt>
<trkpt lat="50.442453" lon="-104.398348">
<ele>588.4</ele>
<time>2026-08-25T12:41:56.859-06:00</time>
<extensions>
<gpxtpx:TrackPointExtension>
<gpxtpx:speed>5.56</gpxtpx:speed>
</gpxtpx:TrackPointExtension>
<opentracks:accuracy_horizontal>4.405</opentracks:accuracy_horizontal></extensions>
</trkpt>
<trkpt lat="50.44249" lon="-104.398492">
<ele>588.4</ele>
<time>2026-08-25T12:41:58.846-06:00</time>
<extensions>
<gpxtpx:TrackPointExtension>
<gpxtpx:speed>5.89</gpxtpx:speed>
</gpxtpx:TrackPointExtension>
<opentracks:accuracy_horizontal>4.406</opentracks:accuracy_horizontal></extensions>
</trkpt>
<trkpt lat="50.442535" lon="-104.398672">
<ele>588.3</ele>
<time>2026-08-25T12:42:00.845-06:00</time>
<extensions>
<gpxtpx:TrackPointExtension>
<gpxtpx:speed>6.56</gpxtpx:speed>
</gpxtpx:TrackPointExtension>
<opentracks:accuracy_horizontal>4.406</opentracks:accuracy_horizontal></extensions>
</trkpt>
<trkpt lat="50.442575" lon="-104.398853">
<ele>588.1</ele>
<time>2026-08-25T12:42:02.851-06:00</time>
<extensions>
<gpxtpx:TrackPointExtension>
<gpxtpx:speed>6.38</gpxtpx:speed>
</gpxtpx:TrackPointExtension>
<opentracks:accuracy_horizontal>4.578</opentracks:accuracy_horizontal></extensions>
</trkpt>
<trkpt lat="50.442613" lon="-104.39902">
<ele>587.3</ele>
<time>2026-08-25T12:42:04.842-06:00</time>
<extensions>
<gpxtpx:TrackPointExtension>
<gpxtpx:speed>5.98</gpxtpx:speed>
</gpxtpx:TrackPointExtension>
<opentracks:accuracy_horizontal>4.566</opentracks:accuracy_horizontal></extensions>
</trkpt>
<trkpt lat="50.442644" lon="-104.39918">
<ele>587.3</ele>
<time>2026-08-25T12:42:06.842-06:00</time>
<extensions>
<gpxtpx:TrackPointExtension>
<gpxtpx:speed>5.83</gpxtpx:speed>
</gpxtpx:TrackPointExtension>
<opentracks:accuracy_horizontal>4.417</opentracks:accuracy_horizontal></extensions>
</trkpt>
<trkpt lat="50.442678" lon="-104.399321">
<ele>587.7</ele>
<time>2026-08-25T12:42:08.848-06:00</time>
<extensions>
<gpxtpx:TrackPointExtension>
<gpxtpx:speed>5.74</gpxtpx:speed>
</gpxtpx:TrackPointExtension>
<opentracks:accuracy_horizontal>4.407</opentracks:accuracy_horizontal></extensions>
</trkpt>
<trkpt lat="50.442713" lon="-104.399479">
<ele>587.6</ele>
<time>2026-08-25T12:42:10.845-06:00</time>
<extensions>
<gpxtpx:TrackPointExtension>
<gpxtpx:speed>5.97</gpxtpx:speed>
</gpxtpx:TrackPointExtension>
<opentracks:accuracy_horizontal>4.407</opentracks:accuracy_horizontal></extensions>
</trkpt>
<trkpt lat="50.442754" lon="-104.399644">
<ele>588</ele>
<time>2026-08-25T12:42:12.856-06:00</time>
<extensions>
<gpxtpx:TrackPointExtension>
<gpxtpx:speed>6.29</gpxtpx:speed>
</gpxtpx:TrackPointExtension>
<opentracks:accuracy_horizontal>4.408</opentracks:accuracy_horizontal></extensions>
</trkpt>
<trkpt lat="50.442792" lon="-104.399821">
<ele>588.4</ele>
<time>2026-08-25T12:42:14.855-06:00</time>
<extensions>
<gpxtpx:TrackPointExtension>
<gpxtpx:speed>6.52</gpxtpx:speed>
</gpxtpx:TrackPointExtension>
<opentracks:accuracy_horizontal>4.484</opentracks:accuracy_horizontal></extensions>
</trkpt>
<trkpt lat="50.442829" lon="-104.39998">
<ele>587.6</ele>
<time>2026-08-25T12:42:16.815-06:00</time>
<extensions>
<gpxtpx:TrackPointExtension>
<gpxtpx:speed>6.11</gpxtpx:speed>
</gpxtpx:TrackPointExtension>
<opentracks:accuracy_horizontal>4.613</opentracks:accuracy_horizontal></extensions>
</trkpt>
<trkpt lat="50.442867" lon="-104.400123">
<ele>587.7</ele>
<time>2026-08-25T12:42:18.848-06:00</time>
<extensions>
<gpxtpx:TrackPointExtension>
<gpxtpx:speed>5.7</gpxtpx:speed>
</gpxtpx:TrackPointExtension>
<opentracks:accuracy_horizontal>4.482</opentracks:accuracy_horizontal></extensions>
</trkpt>
<trkpt lat="50.442903" lon="-104.400268">
<ele>587.3</ele>
<time>2026-08-25T12:42:20.84-06:00</time>
<extensions>
<gpxtpx:TrackPointExtension>
<gpxtpx:speed>5.37</gpxtpx:speed>
</gpxtpx:TrackPointExtension>
<opentracks:accuracy_horizontal>4.481</opentracks:accuracy_horizontal></extensions>
</trkpt>
<trkpt lat="50.442934" lon="-104.400413">
<ele>586.8</ele>
<time>2026-08-25T12:42:22.837-06:00</time>
<extensions>
<gpxtpx:TrackPointExtension>
<gpxtpx:speed>5.39</gpxtpx:speed>
</gpxtpx:TrackPointExtension>
<opentracks:accuracy_horizontal>4.481</opentracks:accuracy_horizontal></extensions>
</trkpt>
<trkpt lat="50.442966" lon="-104.40056">
<ele>586.5</ele>
<time>2026-08-25T12:42:24.857-06:00</time>
<extensions>
<gpxtpx:TrackPointExtension>
<gpxtpx:speed>5.25</gpxtpx:speed>
</gpxtpx:TrackPointExtension>
<opentracks:accuracy_horizontal>4.48</opentracks:accuracy_horizontal></extensions>
</trkpt>
<trkpt lat="50.443" lon="-104.4007">
<ele>586.8</ele>
<time>2026-08-25T12:42:26.847-06:00</time>
<extensions>
<gpxtpx:TrackPointExtension>
<gpxtpx:speed>4.99</gpxtpx:speed>
</gpxtpx:TrackPointExtension>
<opentracks:accuracy_horizontal>4.48</opentracks:accuracy_horizontal></extensions>
</trkpt>
<trkpt lat="50.443032" lon="-104.400831">
<ele>587</ele>
<time>2026-08-25T12:42:28.855-06:00</time>
<extensions>
<gpxtpx:TrackPointExtension>
<gpxtpx:speed>4.93</gpxtpx:speed>
</gpxtpx:TrackPointExtension>
<opentracks:accuracy_horizontal>4.612</opentracks:accuracy_horizontal></extensions>
</trkpt>
<trkpt lat="50.443072" lon="-104.400973">
<ele>587</ele>
<time>2026-08-25T12:42:30.846-06:00</time>
<extensions>
<gpxtpx:TrackPointExtension>
<gpxtpx:speed>5.27</gpxtpx:speed>
</gpxtpx:TrackPointExtension>
<opentracks:accuracy_horizontal>4.396</opentracks:accuracy_horizontal></extensions>
</trkpt>
<trkpt lat="50.443094" lon="-104.401119">
<ele>588.4</ele>
<time>2026-08-25T12:42:32.84-06:00</time>
<extensions>
<gpxtpx:TrackPointExtension>
<gpxtpx:speed>4.76</gpxtpx:speed>
</gpxtpx:TrackPointExtension>
<opentracks:accuracy_horizontal>4.99</opentracks:accuracy_horizontal></extensions>
</trkpt>
<trkpt lat="50.44314" lon="-104.401288">
<ele>589</ele>
<time>2026-08-25T12:42:35.85-06:00</time>
<extensions>
<gpxtpx:TrackPointExtension>
<gpxtpx:speed>4.77</gpxtpx:speed>
</gpxtpx:TrackPointExtension>
<opentracks:accuracy_horizontal>4.411</opentracks:accuracy_horizontal></extensions>
</trkpt>
<trkpt lat="50.443177" lon="-104.401476">
<ele>588.6</ele>
<time>2026-08-25T12:42:38.846-06:00</time>
<extensions>
<gpxtpx:TrackPointExtension>
<gpxtpx:speed>4.54</gpxtpx:speed>
</gpxtpx:TrackPointExtension>
<opentracks:accuracy_horizontal>4.388</opentracks:accuracy_horizontal></extensions>
</trkpt>
<trkpt lat="50.443225" lon="-104.401669">
<ele>588.5</ele>
<time>2026-08-25T12:42:41.84-06:00</time>
<extensions>
<gpxtpx:TrackPointExtension>
<gpxtpx:speed>5.25</gpxtpx:speed>
</gpxtpx:TrackPointExtension>
<opentracks:accuracy_horizontal>4.167</opentracks:accuracy_horizontal></extensions>
</trkpt>
<trkpt lat="50.44326" lon="-104.401818">
<ele>588.4</ele>
<time>2026-08-25T12:42:43.819-06:00</time>
<extensions>
<gpxtpx:TrackPointExtension>
<gpxtpx:speed>5.2</gpxtpx:speed>
</gpxtpx:TrackPointExtension>
<opentracks:accuracy_horizontal>4.156</opentracks:accuracy_horizontal></extensions>
</trkpt>
<trkpt lat="50.443294" lon="-104.401966">
<ele>588.4</ele>
<time>2026-08-25T12:42:45.852-06:00</time>
<extensions>
<gpxtpx:TrackPointExtension>
<gpxtpx:speed>5.33</gpxtpx:speed>
</gpxtpx:TrackPointExtension>
<opentracks:accuracy_horizontal>4.469</opentracks:accuracy_horizontal></extensions>
</trkpt>
<trkpt lat="50.443334" lon="-104.402163">
<ele>588.2</ele>
<time>2026-08-25T12:42:48.845-06:00</time>
<extensions>
<gpxtpx:TrackPointExtension>
<gpxtpx:speed>4.99</gpxtpx:speed>
</gpxtpx:TrackPointExtension>
<opentracks:accuracy_horizontal>5.148</opentracks:accuracy_horizontal></extensions>
</trkpt>
<trkpt lat="50.443366" lon="-104.402301">
<ele>588.2</ele>
<time>2026-08-25T12:42:50.847-06:00</time>
<extensions>
<gpxtpx:TrackPointExtension>
<gpxtpx:speed>5.21</gpxtpx:speed>
</gpxtpx:TrackPointExtension>
<opentracks:accuracy_horizontal>4.928</opentracks:accuracy_horizontal></extensions>
</trkpt>
<trkpt lat="50.443406" lon="-104.402454">
<ele>588.1</ele>
<time>2026-08-25T12:42:52.854-06:00</time>
<extensions>
<gpxtpx:TrackPointExtension>
<gpxtpx:speed>5.48</gpxtpx:speed>
</gpxtpx:TrackPointExtension>
<opentracks:accuracy_horizontal>5.09</opentracks:accuracy_horizontal></extensions>
</trkpt>
<trkpt lat="50.443444" lon="-104.402609">
<ele>587.7</ele>
<time>2026-08-25T12:42:54.85-06:00</time>
<extensions>
<gpxtpx:TrackPointExtension>
<gpxtpx:speed>5.31</gpxtpx:speed>
</gpxtpx:TrackPointExtension>
<opentracks:accuracy_horizontal>4.884</opentracks:accuracy_horizontal></extensions>
</trkpt>
<trkpt lat="50.443477" lon="-104.402743">
<ele>587.3</ele>
<time>2026-08-25T12:42:56.846-06:00</time>
<extensions>
<gpxtpx:TrackPointExtension>
<gpxtpx:speed>4.75</gpxtpx:speed>
</gpxtpx:TrackPointExtension>
<opentracks:accuracy_horizontal>4.479</opentracks:accuracy_horizontal></extensions>
</trkpt>
<trkpt lat="50.443506" lon="-104.402917">
<ele>588.1</ele>
<time>2026-08-25T12:42:59.85-06:00</time>
<extensions>
<gpxtpx:TrackPointExtension>
<gpxtpx:speed>4.77</gpxtpx:speed>
</gpxtpx:TrackPointExtension>
<opentracks:accuracy_horizontal>4.616</opentracks:accuracy_horizontal></extensions>
</trkpt>
<trkpt lat="50.443545" lon="-104.403085">
<ele>589.1</ele>
<time>2026-08-25T12:43:02.845-06:00</time>
<extensions>
<gpxtpx:TrackPointExtension>
<gpxtpx:speed>4.37</gpxtpx:speed>
</gpxtpx:TrackPointExtension>
<opentracks:accuracy_horizontal>4.513</opentracks:accuracy_horizontal></extensions>
</trkpt>
<trkpt lat="50.443575" lon="-104.403275">
<ele>589.1</ele>
<time>2026-08-25T12:43:05.84-06:00</time>
<extensions>
<gpxtpx:TrackPointExtension>
<gpxtpx:speed>4.38</gpxtpx:speed>
</gpxtpx:TrackPointExtension>
<opentracks:accuracy_horizontal>4.531</opentracks:accuracy_horizontal></extensions>
</trkpt>
<trkpt lat="50.44362" lon="-104.403461">
<ele>589</ele>
<time>2026-08-25T12:43:08.856-06:00</time>
<extensions>
<gpxtpx:TrackPointExtension>
<gpxtpx:speed>4.79</gpxtpx:speed>
</gpxtpx:TrackPointExtension>
<opentracks:accuracy_horizontal>4.518</opentracks:accuracy_horizontal></extensions>
</trkpt>
<trkpt lat="50.443651" lon="-104.403599">
<ele>589.4</ele>
<time>2026-08-25T12:43:10.841-06:00</time>
<extensions>
<gpxtpx:TrackPointExtension>
<gpxtpx:speed>5.24</gpxtpx:speed>
</gpxtpx:TrackPointExtension>
<opentracks:accuracy_horizontal>4.647</opentracks:accuracy_horizontal></extensions>
</trkpt>
<trkpt lat="50.443684" lon="-104.403739">
<ele>589.2</ele>
<time>2026-08-25T12:43:12.841-06:00</time>
<extensions>
<gpxtpx:TrackPointExtension>
<gpxtpx:speed>5.16</gpxtpx:speed>
</gpxtpx:TrackPointExtension>
<opentracks:accuracy_horizontal>4.589</opentracks:accuracy_horizontal></extensions>
</trkpt>
<trkpt lat="50.443731" lon="-104.403921">
<ele>588.8</ele>
<time>2026-08-25T12:43:15.841-06:00</time>
<extensions>
<gpxtpx:TrackPointExtension>
<gpxtpx:speed>4.53</gpxtpx:speed>
</gpxtpx:TrackPointExtension>
<opentracks:accuracy_horizontal>4.386</opentracks:accuracy_horizontal></extensions>
</trkpt>
<trkpt lat="50.443767" lon="-104.404115">
<ele>589</ele>
<time>2026-08-25T12:43:18.836-06:00</time>
<extensions>
<gpxtpx:TrackPointExtension>
<gpxtpx:speed>5.09</gpxtpx:speed>
</gpxtpx:TrackPointExtension>
<opentracks:accuracy_horizontal>4.465</opentracks:accuracy_horizontal></extensions>
</trkpt>
<trkpt lat="50.443802" lon="-104.404259">
<ele>588.7</ele>
<time>2026-08-25T12:43:20.831-06:00</time>
<extensions>
<gpxtpx:TrackPointExtension>
<gpxtpx:speed>5.17</gpxtpx:speed>
</gpxtpx:TrackPointExtension>
<opentracks:accuracy_horizontal>4.42</opentracks:accuracy_horizontal></extensions>
</trkpt>
<trkpt lat="50.443836" lon="-104.40439">
<ele>588.3</ele>
<time>2026-08-25T12:43:22.845-06:00</time>
<extensions>
<gpxtpx:TrackPointExtension>
<gpxtpx:speed>4.93</gpxtpx:speed>
</gpxtpx:TrackPointExtension>
<opentracks:accuracy_horizontal>4.423</opentracks:accuracy_horizontal></extensions>
</trkpt>
<trkpt lat="50.443872" lon="-104.40458">
<ele>588.4</ele>
<time>2026-08-25T12:43:25.825-06:00</time>
<extensions>
<gpxtpx:TrackPointExtension>
<gpxtpx:speed>4.73</gpxtpx:speed>
</gpxtpx:TrackPointExtension>
<opentracks:accuracy_horizontal>4.481</opentracks:accuracy_horizontal></extensions>
</trkpt>
<trkpt lat="50.443923" lon="-104.404772">
<ele>588</ele>
<time>2026-08-25T12:43:28.834-06:00</time>
<extensions>
<gpxtpx:TrackPointExtension>
<gpxtpx:speed>4.55</gpxtpx:speed>
</gpxtpx:TrackPointExtension>
<opentracks:accuracy_horizontal>4.304</opentracks:accuracy_horizontal></extensions>
</trkpt>
<trkpt lat="50.44395" lon="-104.40491">
<ele>587</ele>
<time>2026-08-25T12:43:30.841-06:00</time>
<extensions>
<gpxtpx:TrackPointExtension>
<gpxtpx:speed>5.37</gpxtpx:speed>
</gpxtpx:TrackPointExtension>
<opentracks:accuracy_horizontal>4.469</opentracks:accuracy_horizontal></extensions>
</trkpt>
<trkpt lat="50.443957" lon="-104.405056">
<ele>587.8</ele>
<time>2026-08-25T12:43:32.831-06:00</time>
<extensions>
<gpxtpx:TrackPointExtension>
<gpxtpx:speed>4.69</gpxtpx:speed>
</gpxtpx:TrackPointExtension>
<opentracks:accuracy_horizontal>4.552</opentracks:accuracy_horizontal></extensions>
</trkpt>
<trkpt lat="50.443971" lon="-104.405218">
<ele>587.9</ele>
<time>2026-08-25T12:43:35.857-06:00</time>
<extensions>
<gpxtpx:TrackPointExtension>
<gpxtpx:speed>4.04</gpxtpx:speed>
</gpxtpx:TrackPointExtension>
<opentracks:accuracy_horizontal>4.445</opentracks:accuracy_horizontal></extensions>
</trkpt>
<trkpt lat="50.444005" lon="-104.405379">
<ele>588.1</ele>
<time>2026-08-25T12:43:38.848-06:00</time>
<extensions>
<gpxtpx:TrackPointExtension>
<gpxtpx:speed>4.16</gpxtpx:speed>
</gpxtpx:TrackPointExtension>
<opentracks:accuracy_horizontal>4.461</opentracks:accuracy_horizontal></extensions>
</trkpt>
<trkpt lat="50.444051" lon="-104.405535">
<ele>588.8</ele>
<time>2026-08-25T12:43:41.844-06:00</time>
<extensions>
<gpxtpx:TrackPointExtension>
<gpxtpx:speed>4.2</gpxtpx:speed>
</gpxtpx:TrackPointExtension>
<opentracks:accuracy_horizontal>4.46</opentracks:accuracy_horizontal></extensions>
</trkpt>
<trkpt lat="50.444085" lon="-104.405691">
<ele>588.3</ele>
<time>2026-08-25T12:43:44.84-06:00</time>
<extensions>
<gpxtpx:TrackPointExtension>
<gpxtpx:speed>4.05</gpxtpx:speed>
</gpxtpx:TrackPointExtension>
<opentracks:accuracy_horizontal>4.459</opentracks:accuracy_horizontal></extensions>
</trkpt>
<trkpt lat="50.444117" lon="-104.405842">
<ele>588.1</ele>
<time>2026-08-25T12:43:47.844-06:00</time>
<extensions>
<gpxtpx:TrackPointExtension>
<gpxtpx:speed>3.81</gpxtpx:speed>
</gpxtpx:TrackPointExtension>
<opentracks:accuracy_horizontal>4.258</opentracks:accuracy_horizontal></extensions>
</trkpt>
<trkpt lat="50.444116" lon="-104.405983">
<ele>588.6</ele>
<time>2026-08-25T12:43:50.861-06:00</time>
<extensions>
<gpxtpx:TrackPointExtension>
<gpxtpx:speed>3.3</gpxtpx:speed>
</gpxtpx:TrackPointExtension>
<opentracks:accuracy_horizontal>4.325</opentracks:accuracy_horizontal></extensions>
</trkpt>
<trkpt lat="50.444048" lon="-104.406101">
<ele>589.2</ele>
<time>2026-08-25T12:43:53.842-06:00</time>
<extensions>
<gpxtpx:TrackPointExtension>
<gpxtpx:speed>3.44</gpxtpx:speed>
</gpxtpx:TrackPointExtension>
<opentracks:accuracy_horizontal>4.272</opentracks:accuracy_horizontal></extensions>
</trkpt>
<trkpt lat="50.443965" lon="-104.406189">
<ele>589.4</ele>
<time>2026-08-25T12:43:56.843-06:00</time>
<extensions>
<gpxtpx:TrackPointExtension>
<gpxtpx:speed>3.38</gpxtpx:speed>
</gpxtpx:TrackPointExtension>
<opentracks:accuracy_horizontal>4.839</opentracks:accuracy_horizontal></extensions>
</trkpt>
<trkpt lat="50.443877" lon="-104.406266">
<ele>589.7</ele>
<time>2026-08-25T12:43:59.837-06:00</time>
<extensions>
<gpxtpx:TrackPointExtension>
<gpxtpx:speed>3.25</gpxtpx:speed>
</gpxtpx:TrackPointExtension>
<opentracks:accuracy_horizontal>4.935</opentracks:accuracy_horizontal></extensions>
</trkpt>
<trkpt lat="50.443793" lon="-104.406318">
<ele>590.4</ele>
<time>2026-08-25T12:44:02.838-06:00</time>
<extensions>
<gpxtpx:TrackPointExtension>
<gpxtpx:speed>3.03</gpxtpx:speed>
</gpxtpx:TrackPointExtension>
<opentracks:accuracy_horizontal>5.051</opentracks:accuracy_horizontal></extensions>
</trkpt>
<trkpt lat="50.443689" lon="-104.406389">
<ele>591.5</ele>
<time>2026-08-25T12:44:06.844-06:00</time>
<extensions>
<gpxtpx:TrackPointExtension>
<gpxtpx:speed>2.58</gpxtpx:speed>
</gpxtpx:TrackPointExtension>
<opentracks:accuracy_horizontal>4.764</opentracks:accuracy_horizontal></extensions>
</trkpt>
<trkpt lat="50.443584" lon="-104.406371">
<ele>591</ele>
<time>2026-08-25T12:44:10.843-06:00</time>
<extensions>
<gpxtpx:TrackPointExtension>
<gpxtpx:speed>1.02</gpxtpx:speed>
</gpxtpx:TrackPointExtension>
<opentracks:accuracy_horizontal>4.755</opentracks:accuracy_horizontal></extensions>
</trkpt>
<trkpt lat="50.443573" lon="-104.406312">
<ele>589.7</ele>
<time>2026-08-25T12:44:20.833-06:00</time>
<extensions>
<gpxtpx:TrackPointExtension>
<gpxtpx:speed>0</gpxtpx:speed>
</gpxtpx:TrackPointExtension>
<opentracks:accuracy_horizontal>5.103</opentracks:accuracy_horizontal></extensions>
</trkpt>
<trkpt lat="50.443482" lon="-104.406167">
<ele>583.8</ele>
<time>2026-08-25T12:44:37.891-06:00</time>
<extensions>
<gpxtpx:TrackPointExtension>
<gpxtpx:speed>0</gpxtpx:speed>
</gpxtpx:TrackPointExtension>
<opentracks:accuracy_horizontal>18.537</opentracks:accuracy_horizontal></extensions>
</trkpt>
<trkpt lat="50.443575" lon="-104.406214">
<ele>584.9</ele>
<time>2026-08-25T12:44:42.86-06:00</time>
<extensions>
<gpxtpx:TrackPointExtension>
<gpxtpx:speed>0.84</gpxtpx:speed>
</gpxtpx:TrackPointExtension>
<opentracks:accuracy_horizontal>14.482</opentracks:accuracy_horizontal></extensions>
</trkpt>
<trkpt lat="50.443684" lon="-104.40622">
<ele>583.3</ele>
<time>2026-08-25T12:44:45.87-06:00</time>
<extensions>
<gpxtpx:TrackPointExtension>
<gpxtpx:speed>0.67</gpxtpx:speed>
</gpxtpx:TrackPointExtension>
<opentracks:accuracy_horizontal>13.583</opentracks:accuracy_horizontal></extensions>
</trkpt>
<trkpt lat="50.44377" lon="-104.406166">
<ele>588.2</ele>
<time>2026-08-25T12:44:51.857-06:00</time>
<extensions>
<gpxtpx:TrackPointExtension>
<gpxtpx:speed>0.6</gpxtpx:speed>
</gpxtpx:TrackPointExtension>
<opentracks:accuracy_horizontal>11.437</opentracks:accuracy_horizontal></extensions>
</trkpt>
<trkpt lat="50.443778" lon="-104.406152">
<ele>589.5</ele>
<time>2026-08-25T12:44:53.878-06:00</time>
<extensions>
<gpxtpx:TrackPointExtension>
<gpxtpx:speed>0</gpxtpx:speed>
</gpxtpx:TrackPointExtension>
<opentracks:accuracy_horizontal>14.356</opentracks:accuracy_horizontal></extensions>
</trkpt>
</trkseg>
</trk>
</gpx>
