<?xml version="1.0" encoding="UTF-8"?>
<gpx
version="1.1"
creator="OpenTracks"
xmlns="http://www.topografix.com/GPX/1/1"
xmlns:topografix="http://www.topografix.com/GPX/Private/TopoGrafix/0/1"
xmlns:xsi="http://www.w3.org/2001/XMLSchema-instance"
xmlns:opentracks="http://opentracksapp.com/xmlschemas/v1"
xmlns:gpxtpx="http://www.garmin.com/xmlschemas/TrackPointExtension/v2"
xmlns:gpxtrkx="http://www.garmin.com/xmlschemas/TrackStatsExtension/v1"
xmlns:cluetrust="http://www.cluetrust.com/Schemas/"
xmlns:pwr="http://www.garmin.com/xmlschemas/PowerExtension/v1"
xsi:schemaLocation="http://www.topografix.com/GPX/1/1 http://www.topografix.com/GPX/1/1/gpx.xsd http://www.topografix.com/GPX/Private/TopoGrafix/0/1 http://www.topografix.com/GPX/Private/TopoGrafix/0/1/topografix.xsd http://www.garmin.com/xmlschemas/TrackPointExtension/v2 https://www8.garmin.com/xmlschemas/TrackPointExtensionv2.xsd http://www.garmin.com/xmlschemas/PowerExtension/v1 https://www8.garmin.com/xmlschemas/PowerExtensionv1.xsd http://www.garmin.com/xmlschemas/TrackStatsExtension/v1 https://www8.garmin.com/xmlschemas/TrackStatsExtension.xsd http://www.cluetrust.com/Schemas https://www.cluetrust.com/Schemas/gpxdata10.xsd http://opentracksapp.com/xmlschemas/v1 http://opentracksapp.com/xmlschemas/OpenTracks_v1.xsd">
<trk>
<name><![CDATA[2026-09-29T17:45-06]]></name>
<desc><![CDATA[]]></desc>
<type><![CDATA[unknown]]></type>
<extensions>
<topografix:color>c0c0c0</topografix:color>
<opentracks:trackid>12cc2dfe-4323-43f2-87dd-d53b5d3d2b2e</opentracks:trackid>
<opentracks:typeTranslated><![CDATA[unknown]]></opentracks:typeTranslated>
<gpxtrkx:TrackStatsExtension>
<gpxtrkx:Distance>28748.044921875</gpxtrkx:Distance>
<gpxtrkx:TotalElapsedTime>5691</gpxtrkx:TotalElapsedTime>
<gpxtrkx:MovingTime>4962</gpxtrkx:MovingTime>
<gpxtrkx:StoppedTime>728</gpxtrkx:StoppedTime>
<gpxtrkx:MaxSpeed>10.130000114440918</gpxtrkx:MaxSpeed>
<gpxtrkx:MovingSpeed>5.793016053665113</gpxtrkx:MovingSpeed>
</gpxtrkx:TrackStatsExtension>
</extensions>
<trkseg>
<trkpt lat="50.464859" lon="-104.537516">
<ele>564</ele>
<time>2026-09-29T17:45:37.897-06:00</time>
<extensions>
<gpxtpx:TrackPointExtension>
<gpxtpx:speed>2.16</gpxtpx:speed>
</gpxtpx:TrackPointExtension>
<opentracks:accuracy_horizontal>12.245</opentracks:accuracy_horizontal></extensions>
</trkpt>
<trkpt lat="50.46484" lon="-104.537655">
<ele>562</ele>
<time>2026-09-29T17:45:42.95-06:00</time>
<extensions>
<gpxtpx:TrackPointExtension>
<gpxtpx:speed>1.82</gpxtpx:speed>
</gpxtpx:TrackPointExtension>
<opentracks:accuracy_horizontal>11.735</opentracks:accuracy_horizontal></extensions>
</trkpt>
<trkpt lat="50.464798" lon="-104.537825">
<ele>556</ele>
<time>2026-09-29T17:45:49.958-06:00</time>
<extensions>
<gpxtpx:TrackPointExtension>
<gpxtpx:speed>3.88</gpxtpx:speed>
</gpxtpx:TrackPointExtension>
<opentracks:accuracy_horizontal>16.327</opentracks:accuracy_horizontal></extensions>
</trkpt>
<trkpt lat="50.464765" lon="-104.537971">
<ele>559</ele>
<time>2026-09-29T17:45:51.957-06:00</time>
<extensions>
<gpxtpx:TrackPointExtension>
<gpxtpx:speed>4.65</gpxtpx:speed>
</gpxtpx:TrackPointExtension>
<opentracks:accuracy_horizontal>9.694</opentracks:accuracy_horizontal></extensions>
</trkpt>
<trkpt lat="50.464707" lon="-104.538125">
<ele>560</ele>
<time>2026-09-29T17:45:53.943-06:00</time>
<extensions>
<gpxtpx:TrackPointExtension>
<gpxtpx:speed>6.51</gpxtpx:speed>
</gpxtpx:TrackPointExtension>
<opentracks:accuracy_horizontal>7.143</opentracks:accuracy_horizontal></extensions>
</trkpt>
<trkpt lat="50.464653" lon="-104.538305">
<ele>561</ele>
<time>2026-09-29T17:45:55.969-06:00</time>
<extensions>
<gpxtpx:TrackPointExtension>
<gpxtpx:speed>7.72</gpxtpx:speed>
</gpxtpx:TrackPointExtension>
<opentracks:accuracy_horizontal>10.204</opentracks:accuracy_horizontal></extensions>
</trkpt>
<trkpt lat="50.464589" lon="-104.538493">
<ele>563</ele>
<time>2026-09-29T17:45:57.941-06:00</time>
<extensions>
<gpxtpx:TrackPointExtension>
<gpxtpx:speed>6.81</gpxtpx:speed>
</gpxtpx:TrackPointExtension>
<opentracks:accuracy_horizontal>9.184</opentracks:accuracy_horizontal></extensions>
</trkpt>
<trkpt lat="50.464526" lon="-104.538649">
<ele>563</ele>
<time>2026-09-29T17:45:59.964-06:00</time>
<extensions>
<gpxtpx:TrackPointExtension>
<gpxtpx:speed>6.86</gpxtpx:speed>
</gpxtpx:TrackPointExtension>
<opentracks:accuracy_horizontal>7.653</opentracks:accuracy_horizontal></extensions>
</trkpt>
<trkpt lat="50.464429" lon="-104.538754">
<ele>563</ele>
<time>2026-09-29T17:46:01.949-06:00</time>
<extensions>
<gpxtpx:TrackPointExtension>
<gpxtpx:speed>6.02</gpxtpx:speed>
</gpxtpx:TrackPointExtension>
<opentracks:accuracy_horizontal>7.143</opentracks:accuracy_horizontal></extensions>
</trkpt>
<trkpt lat="50.464341" lon="-104.538836">
<ele>562</ele>
<time>2026-09-29T17:46:03.942-06:00</time>
<extensions>
<gpxtpx:TrackPointExtension>
<gpxtpx:speed>5.77</gpxtpx:speed>
</gpxtpx:TrackPointExtension>
<opentracks:accuracy_horizontal>6.633</opentracks:accuracy_horizontal></extensions>
</trkpt>
<trkpt lat="50.464252" lon="-104.538932">
<ele>562</ele>
<time>2026-09-29T17:46:05.945-06:00</time>
<extensions>
<gpxtpx:TrackPointExtension>
<gpxtpx:speed>5.58</gpxtpx:speed>
</gpxtpx:TrackPointExtension>
<opentracks:accuracy_horizontal>5.612</opentracks:accuracy_horizontal></extensions>
</trkpt>
<trkpt lat="50.464166" lon="-104.539016">
<ele>562</ele>
<time>2026-09-29T17:46:07.95-06:00</time>
<extensions>
<gpxtpx:TrackPointExtension>
<gpxtpx:speed>5.28</gpxtpx:speed>
</gpxtpx:TrackPointExtension>
<opentracks:accuracy_horizontal>5.102</opentracks:accuracy_horizontal></extensions>
</trkpt>
<trkpt lat="50.464079" lon="-104.539087">
<ele>562</ele>
<time>2026-09-29T17:46:09.963-06:00</time>
<extensions>
<gpxtpx:TrackPointExtension>
<gpxtpx:speed>5.46</gpxtpx:speed>
</gpxtpx:TrackPointExtension>
<opentracks:accuracy_horizontal>5.102</opentracks:accuracy_horizontal></extensions>
</trkpt>
<trkpt lat="50.463963" lon="-104.539178">
<ele>561</ele>
<time>2026-09-29T17:46:12.977-06:00</time>
<extensions>
<gpxtpx:TrackPointExtension>
<gpxtpx:speed>5.04</gpxtpx:speed>
</gpxtpx:TrackPointExtension>
<opentracks:accuracy_horizontal>4.592</opentracks:accuracy_horizontal></extensions>
</trkpt>
<trkpt lat="50.463886" lon="-104.539251">
<ele>561</ele>
<time>2026-09-29T17:46:14.98-06:00</time>
<extensions>
<gpxtpx:TrackPointExtension>
<gpxtpx:speed>4.91</gpxtpx:speed>
</gpxtpx:TrackPointExtension>
<opentracks:accuracy_horizontal>4.082</opentracks:accuracy_horizontal></extensions>
</trkpt>
<trkpt lat="50.463812" lon="-104.539333">
<ele>561</ele>
<time>2026-09-29T17:46:16.975-06:00</time>
<extensions>
<gpxtpx:TrackPointExtension>
<gpxtpx:speed>4.64</gpxtpx:speed>
</gpxtpx:TrackPointExtension>
<opentracks:accuracy_horizontal>3.061</opentracks:accuracy_horizontal></extensions>
</trkpt>
<trkpt lat="50.4637" lon="-104.539429">
<ele>561</ele>
<time>2026-09-29T17:46:19.974-06:00</time>
<extensions>
<gpxtpx:TrackPointExtension>
<gpxtpx:speed>4.33</gpxtpx:speed>
</gpxtpx:TrackPointExtension>
<opentracks:accuracy_horizontal>4.592</opentracks:accuracy_horizontal></extensions>
</trkpt>
<trkpt lat="50.463595" lon="-104.539529">
<ele>560</ele>
<time>2026-09-29T17:46:22.979-06:00</time>
<extensions>
<gpxtpx:TrackPointExtension>
<gpxtpx:speed>4.03</gpxtpx:speed>
</gpxtpx:TrackPointExtension>
<opentracks:accuracy_horizontal>4.592</opentracks:accuracy_horizontal></extensions>
</trkpt>
<trkpt lat="50.463514" lon="-104.539625">
<ele>560</ele>
<time>2026-09-29T17:46:25.959-06:00</time>
<extensions>
<gpxtpx:TrackPointExtension>
<gpxtpx:speed>3.93</gpxtpx:speed>
</gpxtpx:TrackPointExtension>
<opentracks:accuracy_horizontal>5.102</opentracks:accuracy_horizontal></extensions>
</trkpt>
<trkpt lat="50.463499" lon="-104.53979">
<ele>562</ele>
<time>2026-09-29T17:46:28.961-06:00</time>
<extensions>
<gpxtpx:TrackPointExtension>
<gpxtpx:speed>4.28</gpxtpx:speed>
</gpxtpx:TrackPointExtension>
<opentracks:accuracy_horizontal>6.122</opentracks:accuracy_horizontal></extensions>
</trkpt>
<trkpt lat="50.463546" lon="-104.539937">
<ele>562</ele>
<time>2026-09-29T17:46:30.989-06:00</time>
<extensions>
<gpxtpx:TrackPointExtension>
<gpxtpx:speed>6.09</gpxtpx:speed>
</gpxtpx:TrackPointExtension>
<opentracks:accuracy_horizontal>7.143</opentracks:accuracy_horizontal></extensions>
</trkpt>
<trkpt lat="50.463591" lon="-104.540102">
<ele>563</ele>
<time>2026-09-29T17:46:32.954-06:00</time>
<extensions>
<gpxtpx:TrackPointExtension>
<gpxtpx:speed>5.37</gpxtpx:speed>
</gpxtpx:TrackPointExtension>
<opentracks:accuracy_horizontal>6.122</opentracks:accuracy_horizontal></extensions>
</trkpt>
<trkpt lat="50.463627" lon="-104.540278">
<ele>561</ele>
<time>2026-09-29T17:46:34.964-06:00</time>
<extensions>
<gpxtpx:TrackPointExtension>
<gpxtpx:speed>6.26</gpxtpx:speed>
</gpxtpx:TrackPointExtension>
<opentracks:accuracy_horizontal>1.02</opentracks:accuracy_horizontal></extensions>
</trkpt>
<trkpt lat="50.463644" lon="-104.540474">
<ele>561</ele>
<time>2026-09-29T17:46:36.963-06:00</time>
<extensions>
<gpxtpx:TrackPointExtension>
<gpxtpx:speed>6.41</gpxtpx:speed>
</gpxtpx:TrackPointExtension>
<opentracks:accuracy_horizontal>1.02</opentracks:accuracy_horizontal></extensions>
</trkpt>
<trkpt lat="50.463651" lon="-104.540656">
<ele>561</ele>
<time>2026-09-29T17:46:38.962-06:00</time>
<extensions>
<gpxtpx:TrackPointExtension>
<gpxtpx:speed>5.92</gpxtpx:speed>
</gpxtpx:TrackPointExtension>
<opentracks:accuracy_horizontal>1.02</opentracks:accuracy_horizontal></extensions>
</trkpt>
<trkpt lat="50.463652" lon="-104.540819">
<ele>561</ele>
<time>2026-09-29T17:46:40.972-06:00</time>
<extensions>
<gpxtpx:TrackPointExtension>
<gpxtpx:speed>5.41</gpxtpx:speed>
</gpxtpx:TrackPointExtension>
<opentracks:accuracy_horizontal>1.02</opentracks:accuracy_horizontal></extensions>
</trkpt>
<trkpt lat="50.463638" lon="-104.541019">
<ele>561</ele>
<time>2026-09-29T17:46:43.973-06:00</time>
<extensions>
<gpxtpx:TrackPointExtension>
<gpxtpx:speed>4.68</gpxtpx:speed>
</gpxtpx:TrackPointExtension>
<opentracks:accuracy_horizontal>1.02</opentracks:accuracy_horizontal></extensions>
</trkpt>
<trkpt lat="50.463597" lon="-104.541224">
<ele>560</ele>
<time>2026-09-29T17:46:46.987-06:00</time>
<extensions>
<gpxtpx:TrackPointExtension>
<gpxtpx:speed>5.23</gpxtpx:speed>
</gpxtpx:TrackPointExtension>
<opentracks:accuracy_horizontal>4.592</opentracks:accuracy_horizontal></extensions>
</trkpt>
<trkpt lat="50.463579" lon="-104.541415">
<ele>562</ele>
<time>2026-09-29T17:46:48.974-06:00</time>
<extensions>
<gpxtpx:TrackPointExtension>
<gpxtpx:speed>6.22</gpxtpx:speed>
</gpxtpx:TrackPointExtension>
<opentracks:accuracy_horizontal>5.102</opentracks:accuracy_horizontal></extensions>
</trkpt>
<trkpt lat="50.463538" lon="-104.541592">
<ele>562</ele>
<time>2026-09-29T17:46:50.972-06:00</time>
<extensions>
<gpxtpx:TrackPointExtension>
<gpxtpx:speed>6.71</gpxtpx:speed>
</gpxtpx:TrackPointExtension>
<opentracks:accuracy_horizontal>1.02</opentracks:accuracy_horizontal></extensions>
</trkpt>
<trkpt lat="50.463505" lon="-104.541791">
<ele>562</ele>
<time>2026-09-29T17:46:52.971-06:00</time>
<extensions>
<gpxtpx:TrackPointExtension>
<gpxtpx:speed>7.31</gpxtpx:speed>
</gpxtpx:TrackPointExtension>
<opentracks:accuracy_horizontal>1.02</opentracks:accuracy_horizontal></extensions>
</trkpt>
<trkpt lat="50.463471" lon="-104.541983">
<ele>562</ele>
<time>2026-09-29T17:46:54.972-06:00</time>
<extensions>
<gpxtpx:TrackPointExtension>
<gpxtpx:speed>7.13</gpxtpx:speed>
</gpxtpx:TrackPointExtension>
<opentracks:accuracy_horizontal>1.02</opentracks:accuracy_horizontal></extensions>
</trkpt>
<trkpt lat="50.463429" lon="-104.542172">
<ele>562</ele>
<time>2026-09-29T17:46:56.975-06:00</time>
<extensions>
<gpxtpx:TrackPointExtension>
<gpxtpx:speed>6.84</gpxtpx:speed>
</gpxtpx:TrackPointExtension>
<opentracks:accuracy_horizontal>1.02</opentracks:accuracy_horizontal></extensions>
</trkpt>
<trkpt lat="50.463378" lon="-104.542382">
<ele>561</ele>
<time>2026-09-29T17:46:58.972-06:00</time>
<extensions>
<gpxtpx:TrackPointExtension>
<gpxtpx:speed>7.52</gpxtpx:speed>
</gpxtpx:TrackPointExtension>
<opentracks:accuracy_horizontal>0.51</opentracks:accuracy_horizontal></extensions>
</trkpt>
<trkpt lat="50.463345" lon="-104.542592">
<ele>561</ele>
<time>2026-09-29T17:47:00.97-06:00</time>
<extensions>
<gpxtpx:TrackPointExtension>
<gpxtpx:speed>7.74</gpxtpx:speed>
</gpxtpx:TrackPointExtension>
<opentracks:accuracy_horizontal>0.51</opentracks:accuracy_horizontal></extensions>
</trkpt>
<trkpt lat="50.463303" lon="-104.542776">
<ele>561</ele>
<time>2026-09-29T17:47:02.977-06:00</time>
<extensions>
<gpxtpx:TrackPointExtension>
<gpxtpx:speed>6.99</gpxtpx:speed>
</gpxtpx:TrackPointExtension>
<opentracks:accuracy_horizontal>0.51</opentracks:accuracy_horizontal></extensions>
</trkpt>
<trkpt lat="50.463263" lon="-104.542948">
<ele>561</ele>
<time>2026-09-29T17:47:04.979-06:00</time>
<extensions>
<gpxtpx:TrackPointExtension>
<gpxtpx:speed>6.44</gpxtpx:speed>
</gpxtpx:TrackPointExtension>
<opentracks:accuracy_horizontal>1.02</opentracks:accuracy_horizontal></extensions>
</trkpt>
<trkpt lat="50.463246" lon="-104.543122">
<ele>560</ele>
<time>2026-09-29T17:47:06.964-06:00</time>
<extensions>
<gpxtpx:TrackPointExtension>
<gpxtpx:speed>5.94</gpxtpx:speed>
</gpxtpx:TrackPointExtension>
<opentracks:accuracy_horizontal>0.51</opentracks:accuracy_horizontal></extensions>
</trkpt>
<trkpt lat="50.463215" lon="-104.543291">
<ele>559</ele>
<time>2026-09-29T17:47:08.966-06:00</time>
<extensions>
<gpxtpx:TrackPointExtension>
<gpxtpx:speed>5.82</gpxtpx:speed>
</gpxtpx:TrackPointExtension>
<opentracks:accuracy_horizontal>4.082</opentracks:accuracy_horizontal></extensions>
</trkpt>
<trkpt lat="50.463179" lon="-104.543454">
<ele>559</ele>
<time>2026-09-29T17:47:10.973-06:00</time>
<extensions>
<gpxtpx:TrackPointExtension>
<gpxtpx:speed>5.71</gpxtpx:speed>
</gpxtpx:TrackPointExtension>
<opentracks:accuracy_horizontal>6.122</opentracks:accuracy_horizontal></extensions>
</trkpt>
<trkpt lat="50.463153" lon="-104.543617">
<ele>558</ele>
<time>2026-09-29T17:47:12.986-06:00</time>
<extensions>
<gpxtpx:TrackPointExtension>
<gpxtpx:speed>5.98</gpxtpx:speed>
</gpxtpx:TrackPointExtension>
<opentracks:accuracy_horizontal>7.143</opentracks:accuracy_horizontal></extensions>
</trkpt>
<trkpt lat="50.463131" lon="-104.543763">
<ele>558</ele>
<time>2026-09-29T17:47:14.986-06:00</time>
<extensions>
<gpxtpx:TrackPointExtension>
<gpxtpx:speed>5.16</gpxtpx:speed>
</gpxtpx:TrackPointExtension>
<opentracks:accuracy_horizontal>1.02</opentracks:accuracy_horizontal></extensions>
</trkpt>
<trkpt lat="50.463112" lon="-104.543907">
<ele>558</ele>
<time>2026-09-29T17:47:16.989-06:00</time>
<extensions>
<gpxtpx:TrackPointExtension>
<gpxtpx:speed>5.67</gpxtpx:speed>
</gpxtpx:TrackPointExtension>
<opentracks:accuracy_horizontal>1.02</opentracks:accuracy_horizontal></extensions>
</trkpt>
<trkpt lat="50.463091" lon="-104.544071">
<ele>559</ele>
<time>2026-09-29T17:47:18.99-06:00</time>
<extensions>
<gpxtpx:TrackPointExtension>
<gpxtpx:speed>6.12</gpxtpx:speed>
</gpxtpx:TrackPointExtension>
<opentracks:accuracy_horizontal>1.02</opentracks:accuracy_horizontal></extensions>
</trkpt>
<trkpt lat="50.463055" lon="-104.544226">
<ele>559</ele>
<time>2026-09-29T17:47:20.98-06:00</time>
<extensions>
<gpxtpx:TrackPointExtension>
<gpxtpx:speed>5.82</gpxtpx:speed>
</gpxtpx:TrackPointExtension>
<opentracks:accuracy_horizontal>1.02</opentracks:accuracy_horizontal></extensions>
</trkpt>
<trkpt lat="50.463018" lon="-104.544375">
<ele>559</ele>
<time>2026-09-29T17:47:22.981-06:00</time>
<extensions>
<gpxtpx:TrackPointExtension>
<gpxtpx:speed>5.57</gpxtpx:speed>
</gpxtpx:TrackPointExtension>
<opentracks:accuracy_horizontal>1.02</opentracks:accuracy_horizontal></extensions>
</trkpt>
<trkpt lat="50.462997" lon="-104.544515">
<ele>559</ele>
<time>2026-09-29T17:47:24.981-06:00</time>
<extensions>
<gpxtpx:TrackPointExtension>
<gpxtpx:speed>5.3</gpxtpx:speed>
</gpxtpx:TrackPointExtension>
<opentracks:accuracy_horizontal>1.02</opentracks:accuracy_horizontal></extensions>
</trkpt>
<trkpt lat="50.462968" lon="-104.544654">
<ele>559</ele>
<time>2026-09-29T17:47:26.975-06:00</time>
<extensions>
<gpxtpx:TrackPointExtension>
<gpxtpx:speed>5.03</gpxtpx:speed>
</gpxtpx:TrackPointExtension>
<opentracks:accuracy_horizontal>1.02</opentracks:accuracy_horizontal></extensions>
</trkpt>
<trkpt lat="50.462969" lon="-104.544854">
<ele>559</ele>
<time>2026-09-29T17:47:29.969-06:00</time>
<extensions>
<gpxtpx:TrackPointExtension>
<gpxtpx:speed>5.06</gpxtpx:speed>
</gpxtpx:TrackPointExtension>
<opentracks:accuracy_horizontal>1.02</opentracks:accuracy_horizontal></extensions>
</trkpt>
<trkpt lat="50.463054" lon="-104.544964">
<ele>560</ele>
<time>2026-09-29T17:47:31.966-06:00</time>
<extensions>
<gpxtpx:TrackPointExtension>
<gpxtpx:speed>6.21</gpxtpx:speed>
</gpxtpx:TrackPointExtension>
<opentracks:accuracy_horizontal>1.02</opentracks:accuracy_horizontal></extensions>
</trkpt>
<trkpt lat="50.463157" lon="-104.545017">
<ele>560</ele>
<time>2026-09-29T17:47:33.976-06:00</time>
<extensions>
<gpxtpx:TrackPointExtension>
<gpxtpx:speed>6.14</gpxtpx:speed>
</gpxtpx:TrackPointExtension>
<opentracks:accuracy_horizontal>1.02</opentracks:accuracy_horizontal></extensions>
</trkpt>
<trkpt lat="50.463272" lon="-104.545052">
<ele>559</ele>
<time>2026-09-29T17:47:35.984-06:00</time>
<extensions>
<gpxtpx:TrackPointExtension>
<gpxtpx:speed>6.53</gpxtpx:speed>
</gpxtpx:TrackPointExtension>
<opentracks:accuracy_horizontal>1.02</opentracks:accuracy_horizontal></extensions>
</trkpt>
<trkpt lat="50.46339" lon="-104.545068">
<ele>560</ele>
<time>2026-09-29T17:47:37.968-06:00</time>
<extensions>
<gpxtpx:TrackPointExtension>
<gpxtpx:speed>5.59</gpxtpx:speed>
</gpxtpx:TrackPointExtension>
<opentracks:accuracy_horizontal>1.02</opentracks:accuracy_horizontal></extensions>
</trkpt>
<trkpt lat="50.463485" lon="-104.545109">
<ele>560</ele>
<time>2026-09-29T17:47:39.978-06:00</time>
<extensions>
<gpxtpx:TrackPointExtension>
<gpxtpx:speed>4.75</gpxtpx:speed>
</gpxtpx:TrackPointExtension>
<opentracks:accuracy_horizontal>1.02</opentracks:accuracy_horizontal></extensions>
</trkpt>
<trkpt lat="50.463535" lon="-104.545247">
<ele>560</ele>
<time>2026-09-29T17:47:41.976-06:00</time>
<extensions>
<gpxtpx:TrackPointExtension>
<gpxtpx:speed>6.14</gpxtpx:speed>
</gpxtpx:TrackPointExtension>
<opentracks:accuracy_horizontal>1.02</opentracks:accuracy_horizontal></extensions>
</trkpt>
<trkpt lat="50.463535" lon="-104.54543">
<ele>560</ele>
<time>2026-09-29T17:47:43.984-06:00</time>
<extensions>
<gpxtpx:TrackPointExtension>
<gpxtpx:speed>6.41</gpxtpx:speed>
</gpxtpx:TrackPointExtension>
<opentracks:accuracy_horizontal>1.02</opentracks:accuracy_horizontal></extensions>
</trkpt>
<trkpt lat="50.463494" lon="-104.545631">
<ele>559</ele>
<time>2026-09-29T17:47:45.968-06:00</time>
<extensions>
<gpxtpx:TrackPointExtension>
<gpxtpx:speed>6.99</gpxtpx:speed>
</gpxtpx:TrackPointExtension>
<opentracks:accuracy_horizontal>1.02</opentracks:accuracy_horizontal></extensions>
</trkpt>
<trkpt lat="50.46346" lon="-104.545838">
<ele>559</ele>
<time>2026-09-29T17:47:47.984-06:00</time>
<extensions>
<gpxtpx:TrackPointExtension>
<gpxtpx:speed>7.15</gpxtpx:speed>
</gpxtpx:TrackPointExtension>
<opentracks:accuracy_horizontal>1.02</opentracks:accuracy_horizontal></extensions>
</trkpt>
<trkpt lat="50.463423" lon="-104.546043">
<ele>559</ele>
<time>2026-09-29T17:47:49.974-06:00</time>
<extensions>
<gpxtpx:TrackPointExtension>
<gpxtpx:speed>6.96</gpxtpx:speed>
</gpxtpx:TrackPointExtension>
<opentracks:accuracy_horizontal>1.02</opentracks:accuracy_horizontal></extensions>
</trkpt>
<trkpt lat="50.463383" lon="-104.546229">
<ele>559</ele>
<time>2026-09-29T17:47:52.009-06:00</time>
<extensions>
<gpxtpx:TrackPointExtension>
<gpxtpx:speed>6.6</gpxtpx:speed>
</gpxtpx:TrackPointExtension>
<opentracks:accuracy_horizontal>0.51</opentracks:accuracy_horizontal></extensions>
</trkpt>
<trkpt lat="50.463344" lon="-104.546415">
<ele>559</ele>
<time>2026-09-29T17:47:53.979-06:00</time>
<extensions>
<gpxtpx:TrackPointExtension>
<gpxtpx:speed>6.64</gpxtpx:speed>
</gpxtpx:TrackPointExtension>
<opentracks:accuracy_horizontal>1.02</opentracks:accuracy_horizontal></extensions>
</trkpt>
<trkpt lat="50.463321" lon="-104.546603">
<ele>558</ele>
<time>2026-09-29T17:47:55.969-06:00</time>
<extensions>
<gpxtpx:TrackPointExtension>
<gpxtpx:speed>6.81</gpxtpx:speed>
</gpxtpx:TrackPointExtension>
<opentracks:accuracy_horizontal>0.51</opentracks:accuracy_horizontal></extensions>
</trkpt>
<trkpt lat="50.463307" lon="-104.546791">
<ele>559</ele>
<time>2026-09-29T17:47:57.981-06:00</time>
<extensions>
<gpxtpx:TrackPointExtension>
<gpxtpx:speed>6.66</gpxtpx:speed>
</gpxtpx:TrackPointExtension>
<opentracks:accuracy_horizontal>1.02</opentracks:accuracy_horizontal></extensions>
</trkpt>
<trkpt lat="50.463267" lon="-104.546979">
<ele>559</ele>
<time>2026-09-29T17:47:59.97-06:00</time>
<extensions>
<gpxtpx:TrackPointExtension>
<gpxtpx:speed>6.59</gpxtpx:speed>
</gpxtpx:TrackPointExtension>
<opentracks:accuracy_horizontal>0.51</opentracks:accuracy_horizontal></extensions>
</trkpt>
<trkpt lat="50.463224" lon="-104.547155">
<ele>559</ele>
<time>2026-09-29T17:48:01.999-06:00</time>
<extensions>
<gpxtpx:TrackPointExtension>
<gpxtpx:speed>6.79</gpxtpx:speed>
</gpxtpx:TrackPointExtension>
<opentracks:accuracy_horizontal>0.51</opentracks:accuracy_horizontal></extensions>
</trkpt>
<trkpt lat="50.463199" lon="-104.547318">
<ele>559</ele>
<time>2026-09-29T17:48:03.978-06:00</time>
<extensions>
<gpxtpx:TrackPointExtension>
<gpxtpx:speed>6.19</gpxtpx:speed>
</gpxtpx:TrackPointExtension>
<opentracks:accuracy_horizontal>1.02</opentracks:accuracy_horizontal></extensions>
</trkpt>
<trkpt lat="50.463157" lon="-104.547463">
<ele>559</ele>
<time>2026-09-29T17:48:05.993-06:00</time>
<extensions>
<gpxtpx:TrackPointExtension>
<gpxtpx:speed>5.76</gpxtpx:speed>
</gpxtpx:TrackPointExtension>
<opentracks:accuracy_horizontal>1.02</opentracks:accuracy_horizontal></extensions>
</trkpt>
<trkpt lat="50.463086" lon="-104.547551">
<ele>558</ele>
<time>2026-09-29T17:48:07.971-06:00</time>
<extensions>
<gpxtpx:TrackPointExtension>
<gpxtpx:speed>5.53</gpxtpx:speed>
</gpxtpx:TrackPointExtension>
<opentracks:accuracy_horizontal>1.02</opentracks:accuracy_horizontal></extensions>
</trkpt>
<trkpt lat="50.462991" lon="-104.547577">
<ele>557</ele>
<time>2026-09-29T17:48:09.975-06:00</time>
<extensions>
<gpxtpx:TrackPointExtension>
<gpxtpx:speed>5.2</gpxtpx:speed>
</gpxtpx:TrackPointExtension>
<opentracks:accuracy_horizontal>4.082</opentracks:accuracy_horizontal></extensions>
</trkpt>
<trkpt lat="50.462885" lon="-104.547567">
<ele>558</ele>
<time>2026-09-29T17:48:11.981-06:00</time>
<extensions>
<gpxtpx:TrackPointExtension>
<gpxtpx:speed>5.32</gpxtpx:speed>
</gpxtpx:TrackPointExtension>
<opentracks:accuracy_horizontal>5.102</opentracks:accuracy_horizontal></extensions>
</trkpt>
<trkpt lat="50.462789" lon="-104.54759">
<ele>559</ele>
<time>2026-09-29T17:48:13.974-06:00</time>
<extensions>
<gpxtpx:TrackPointExtension>
<gpxtpx:speed>5.56</gpxtpx:speed>
</gpxtpx:TrackPointExtension>
<opentracks:accuracy_horizontal>4.592</opentracks:accuracy_horizontal></extensions>
</trkpt>
<trkpt lat="50.462677" lon="-104.547589">
<ele>559</ele>
<time>2026-09-29T17:48:15.979-06:00</time>
<extensions>
<gpxtpx:TrackPointExtension>
<gpxtpx:speed>6.18</gpxtpx:speed>
</gpxtpx:TrackPointExtension>
<opentracks:accuracy_horizontal>1.02</opentracks:accuracy_horizontal></extensions>
</trkpt>
<trkpt lat="50.46255" lon="-104.547576">
<ele>558</ele>
<time>2026-09-29T17:48:17.97-06:00</time>
<extensions>
<gpxtpx:TrackPointExtension>
<gpxtpx:speed>6.55</gpxtpx:speed>
</gpxtpx:TrackPointExtension>
<opentracks:accuracy_horizontal>0.51</opentracks:accuracy_horizontal></extensions>
</trkpt>
<trkpt lat="50.462438" lon="-104.547576">
<ele>559</ele>
<time>2026-09-29T17:48:19.975-06:00</time>
<extensions>
<gpxtpx:TrackPointExtension>
<gpxtpx:speed>6.62</gpxtpx:speed>
</gpxtpx:TrackPointExtension>
<opentracks:accuracy_horizontal>1.02</opentracks:accuracy_horizontal></extensions>
</trkpt>
<trkpt lat="50.462325" lon="-104.547571">
<ele>559</ele>
<time>2026-09-29T17:48:21.972-06:00</time>
<extensions>
<gpxtpx:TrackPointExtension>
<gpxtpx:speed>5.58</gpxtpx:speed>
</gpxtpx:TrackPointExtension>
<opentracks:accuracy_horizontal>1.02</opentracks:accuracy_horizontal></extensions>
</trkpt>
<trkpt lat="50.462221" lon="-104.547568">
<ele>560</ele>
<time>2026-09-29T17:48:23.979-06:00</time>
<extensions>
<gpxtpx:TrackPointExtension>
<gpxtpx:speed>5.43</gpxtpx:speed>
</gpxtpx:TrackPointExtension>
<opentracks:accuracy_horizontal>1.02</opentracks:accuracy_horizontal></extensions>
</trkpt>
<trkpt lat="50.462122" lon="-104.547582">
<ele>560</ele>
<time>2026-09-29T17:48:25.975-06:00</time>
<extensions>
<gpxtpx:TrackPointExtension>
<gpxtpx:speed>5.4</gpxtpx:speed>
</gpxtpx:TrackPointExtension>
<opentracks:accuracy_horizontal>1.02</opentracks:accuracy_horizontal></extensions>
</trkpt>
<trkpt lat="50.462021" lon="-104.54758">
<ele>560</ele>
<time>2026-09-29T17:48:27.968-06:00</time>
<extensions>
<gpxtpx:TrackPointExtension>
<gpxtpx:speed>5.05</gpxtpx:speed>
</gpxtpx:TrackPointExtension>
<opentracks:accuracy_horizontal>1.02</opentracks:accuracy_horizontal></extensions>
</trkpt>
<trkpt lat="50.461926" lon="-104.547574">
<ele>561</ele>
<time>2026-09-29T17:48:29.984-06:00</time>
<extensions>
<gpxtpx:TrackPointExtension>
<gpxtpx:speed>5.03</gpxtpx:speed>
</gpxtpx:TrackPointExtension>
<opentracks:accuracy_horizontal>3.571</opentracks:accuracy_horizontal></extensions>
</trkpt>
<trkpt lat="50.461797" lon="-104.547564">
<ele>561</ele>
<time>2026-09-29T17:48:33.086-06:00</time>
<extensions>
<gpxtpx:TrackPointExtension>
<gpxtpx:speed>4.64</gpxtpx:speed>
</gpxtpx:TrackPointExtension>
<opentracks:accuracy_horizontal>4.082</opentracks:accuracy_horizontal></extensions>
</trkpt>
<trkpt lat="50.461672" lon="-104.547578">
<ele>561</ele>
<time>2026-09-29T17:48:35.975-06:00</time>
<extensions>
<gpxtpx:TrackPointExtension>
<gpxtpx:speed>4.53</gpxtpx:speed>
</gpxtpx:TrackPointExtension>
<opentracks:accuracy_horizontal>4.592</opentracks:accuracy_horizontal></extensions>
</trkpt>
<trkpt lat="50.461552" lon="-104.547565">
<ele>561</ele>
<time>2026-09-29T17:48:38.979-06:00</time>
<extensions>
<gpxtpx:TrackPointExtension>
<gpxtpx:speed>4.33</gpxtpx:speed>
</gpxtpx:TrackPointExtension>
<opentracks:accuracy_horizontal>3.571</opentracks:accuracy_horizontal></extensions>
</trkpt>
<trkpt lat="50.46144" lon="-104.547581">
<ele>560</ele>
<time>2026-09-29T17:48:41.971-06:00</time>
<extensions>
<gpxtpx:TrackPointExtension>
<gpxtpx:speed>3.92</gpxtpx:speed>
</gpxtpx:TrackPointExtension>
<opentracks:accuracy_horizontal>3.571</opentracks:accuracy_horizontal></extensions>
</trkpt>
<trkpt lat="50.461316" lon="-104.547626">
<ele>560</ele>
<time>2026-09-29T17:48:44.973-06:00</time>
<extensions>
<gpxtpx:TrackPointExtension>
<gpxtpx:speed>5.19</gpxtpx:speed>
</gpxtpx:TrackPointExtension>
<opentracks:accuracy_horizontal>5.102</opentracks:accuracy_horizontal></extensions>
</trkpt>
<trkpt lat="50.461242" lon="-104.547738">
<ele>559</ele>
<time>2026-09-29T17:48:46.987-06:00</time>
<extensions>
<gpxtpx:TrackPointExtension>
<gpxtpx:speed>6.03</gpxtpx:speed>
</gpxtpx:TrackPointExtension>
<opentracks:accuracy_horizontal>1.02</opentracks:accuracy_horizontal></extensions>
</trkpt>
<trkpt lat="50.461228" lon="-104.547898">
<ele>558</ele>
<time>2026-09-29T17:48:48.974-06:00</time>
<extensions>
<gpxtpx:TrackPointExtension>
<gpxtpx:speed>5.95</gpxtpx:speed>
</gpxtpx:TrackPointExtension>
<opentracks:accuracy_horizontal>1.02</opentracks:accuracy_horizontal></extensions>
</trkpt>
<trkpt lat="50.461243" lon="-104.548067">
<ele>558</ele>
<time>2026-09-29T17:48:50.986-06:00</time>
<extensions>
<gpxtpx:TrackPointExtension>
<gpxtpx:speed>5.43</gpxtpx:speed>
</gpxtpx:TrackPointExtension>
<opentracks:accuracy_horizontal>0.51</opentracks:accuracy_horizontal></extensions>
</trkpt>
<trkpt lat="50.461245" lon="-104.54821">
<ele>557</ele>
<time>2026-09-29T17:48:52.979-06:00</time>
<extensions>
<gpxtpx:TrackPointExtension>
<gpxtpx:speed>4.59</gpxtpx:speed>
</gpxtpx:TrackPointExtension>
<opentracks:accuracy_horizontal>1.02</opentracks:accuracy_horizontal></extensions>
</trkpt>
<trkpt lat="50.46124" lon="-104.548406">
<ele>559</ele>
<time>2026-09-29T17:48:55.976-06:00</time>
<extensions>
<gpxtpx:TrackPointExtension>
<gpxtpx:speed>4.71</gpxtpx:speed>
</gpxtpx:TrackPointExtension>
<opentracks:accuracy_horizontal>1.02</opentracks:accuracy_horizontal></extensions>
</trkpt>
<trkpt lat="50.461224" lon="-104.548579">
<ele>559</ele>
<time>2026-09-29T17:48:58.97-06:00</time>
<extensions>
<gpxtpx:TrackPointExtension>
<gpxtpx:speed>4.18</gpxtpx:speed>
</gpxtpx:TrackPointExtension>
<opentracks:accuracy_horizontal>3.061</opentracks:accuracy_horizontal></extensions>
</trkpt>
<trkpt lat="50.461136" lon="-104.548743">
<ele>558</ele>
<time>2026-09-29T17:49:01.968-06:00</time>
<extensions>
<gpxtpx:TrackPointExtension>
<gpxtpx:speed>6.49</gpxtpx:speed>
</gpxtpx:TrackPointExtension>
<opentracks:accuracy_horizontal>5.612</opentracks:accuracy_horizontal></extensions>
</trkpt>
<trkpt lat="50.461017" lon="-104.548759">
<ele>557</ele>
<time>2026-09-29T17:49:03.98-06:00</time>
<extensions>
<gpxtpx:TrackPointExtension>
<gpxtpx:speed>7.09</gpxtpx:speed>
</gpxtpx:TrackPointExtension>
<opentracks:accuracy_horizontal>5.102</opentracks:accuracy_horizontal></extensions>
</trkpt>
<trkpt lat="50.460873" lon="-104.54876">
<ele>557</ele>
<time>2026-09-29T17:49:05.977-06:00</time>
<extensions>
<gpxtpx:TrackPointExtension>
<gpxtpx:speed>8.35</gpxtpx:speed>
</gpxtpx:TrackPointExtension>
<opentracks:accuracy_horizontal>1.02</opentracks:accuracy_horizontal></extensions>
</trkpt>
<trkpt lat="50.460731" lon="-104.548756">
<ele>558</ele>
<time>2026-09-29T17:49:07.983-06:00</time>
<extensions>
<gpxtpx:TrackPointExtension>
<gpxtpx:speed>8.1</gpxtpx:speed>
</gpxtpx:TrackPointExtension>
<opentracks:accuracy_horizontal>0.51</opentracks:accuracy_horizontal></extensions>
</trkpt>
<trkpt lat="50.460592" lon="-104.548752">
<ele>558</ele>
<time>2026-09-29T17:49:09.967-06:00</time>
<extensions>
<gpxtpx:TrackPointExtension>
<gpxtpx:speed>7.86</gpxtpx:speed>
</gpxtpx:TrackPointExtension>
<opentracks:accuracy_horizontal>0.51</opentracks:accuracy_horizontal></extensions>
</trkpt>
<trkpt lat="50.460447" lon="-104.548745">
<ele>559</ele>
<time>2026-09-29T17:49:11.976-06:00</time>
<extensions>
<gpxtpx:TrackPointExtension>
<gpxtpx:speed>8.15</gpxtpx:speed>
</gpxtpx:TrackPointExtension>
<opentracks:accuracy_horizontal>1.02</opentracks:accuracy_horizontal></extensions>
</trkpt>
<trkpt lat="50.460308" lon="-104.548763">
<ele>560</ele>
<time>2026-09-29T17:49:13.97-06:00</time>
<extensions>
<gpxtpx:TrackPointExtension>
<gpxtpx:speed>7.57</gpxtpx:speed>
</gpxtpx:TrackPointExtension>
<opentracks:accuracy_horizontal>1.02</opentracks:accuracy_horizontal></extensions>
</trkpt>
<trkpt lat="50.460175" lon="-104.548758">
<ele>561</ele>
<time>2026-09-29T17:49:15.979-06:00</time>
<extensions>
<gpxtpx:TrackPointExtension>
<gpxtpx:speed>7.39</gpxtpx:speed>
</gpxtpx:TrackPointExtension>
<opentracks:accuracy_horizontal>0.51</opentracks:accuracy_horizontal></extensions>
</trkpt>
<trkpt lat="50.460043" lon="-104.548739">
<ele>561</ele>
<time>2026-09-29T17:49:17.973-06:00</time>
<extensions>
<gpxtpx:TrackPointExtension>
<gpxtpx:speed>6.9</gpxtpx:speed>
</gpxtpx:TrackPointExtension>
<opentracks:accuracy_horizontal>0.51</opentracks:accuracy_horizontal></extensions>
</trkpt>
<trkpt lat="50.459924" lon="-104.548749">
<ele>560</ele>
<time>2026-09-29T17:49:19.978-06:00</time>
<extensions>
<gpxtpx:TrackPointExtension>
<gpxtpx:speed>6.61</gpxtpx:speed>
</gpxtpx:TrackPointExtension>
<opentracks:accuracy_horizontal>0.51</opentracks:accuracy_horizontal></extensions>
</trkpt>
<trkpt lat="50.459802" lon="-104.548755">
<ele>560</ele>
<time>2026-09-29T17:49:21.993-06:00</time>
<extensions>
<gpxtpx:TrackPointExtension>
<gpxtpx:speed>6.9</gpxtpx:speed>
</gpxtpx:TrackPointExtension>
<opentracks:accuracy_horizontal>4.592</opentracks:accuracy_horizontal></extensions>
</trkpt>
<trkpt lat="50.459684" lon="-104.54875">
<ele>560</ele>
<time>2026-09-29T17:49:23.975-06:00</time>
<extensions>
<gpxtpx:TrackPointExtension>
<gpxtpx:speed>6.66</gpxtpx:speed>
</gpxtpx:TrackPointExtension>
<opentracks:accuracy_horizontal>1.02</opentracks:accuracy_horizontal></extensions>
</trkpt>
<trkpt lat="50.459561" lon="-104.548747">
<ele>560</ele>
<time>2026-09-29T17:49:25.981-06:00</time>
<extensions>
<gpxtpx:TrackPointExtension>
<gpxtpx:speed>6.65</gpxtpx:speed>
</gpxtpx:TrackPointExtension>
<opentracks:accuracy_horizontal>1.02</opentracks:accuracy_horizontal></extensions>
</trkpt>
<trkpt lat="50.459441" lon="-104.54875">
<ele>560</ele>
<time>2026-09-29T17:49:27.986-06:00</time>
<extensions>
<gpxtpx:TrackPointExtension>
<gpxtpx:speed>7.08</gpxtpx:speed>
</gpxtpx:TrackPointExtension>
<opentracks:accuracy_horizontal>0.51</opentracks:accuracy_horizontal></extensions>
</trkpt>
<trkpt lat="50.45932" lon="-104.548752">
<ele>560</ele>
<time>2026-09-29T17:49:29.983-06:00</time>
<extensions>
<gpxtpx:TrackPointExtension>
<gpxtpx:speed>6.75</gpxtpx:speed>
</gpxtpx:TrackPointExtension>
<opentracks:accuracy_horizontal>1.02</opentracks:accuracy_horizontal></extensions>
</trkpt>
<trkpt lat="50.459194" lon="-104.548754">
<ele>559</ele>
<time>2026-09-29T17:49:31.982-06:00</time>
<extensions>
<gpxtpx:TrackPointExtension>
<gpxtpx:speed>6.99</gpxtpx:speed>
</gpxtpx:TrackPointExtension>
<opentracks:accuracy_horizontal>1.02</opentracks:accuracy_horizontal></extensions>
</trkpt>
<trkpt lat="50.459081" lon="-104.548753">
<ele>559</ele>
<time>2026-09-29T17:49:33.982-06:00</time>
<extensions>
<gpxtpx:TrackPointExtension>
<gpxtpx:speed>6.71</gpxtpx:speed>
</gpxtpx:TrackPointExtension>
<opentracks:accuracy_horizontal>1.02</opentracks:accuracy_horizontal></extensions>
</trkpt>
<trkpt lat="50.45896" lon="-104.54876">
<ele>558</ele>
<time>2026-09-29T17:49:35.974-06:00</time>
<extensions>
<gpxtpx:TrackPointExtension>
<gpxtpx:speed>6.49</gpxtpx:speed>
</gpxtpx:TrackPointExtension>
<opentracks:accuracy_horizontal>1.02</opentracks:accuracy_horizontal></extensions>
</trkpt>
<trkpt lat="50.458845" lon="-104.548768">
<ele>559</ele>
<time>2026-09-29T17:49:37.975-06:00</time>
<extensions>
<gpxtpx:TrackPointExtension>
<gpxtpx:speed>6.32</gpxtpx:speed>
</gpxtpx:TrackPointExtension>
<opentracks:accuracy_horizontal>1.02</opentracks:accuracy_horizontal></extensions>
</trkpt>
<trkpt lat="50.458734" lon="-104.548773">
<ele>559</ele>
<time>2026-09-29T17:49:39.975-06:00</time>
<extensions>
<gpxtpx:TrackPointExtension>
<gpxtpx:speed>5.93</gpxtpx:speed>
</gpxtpx:TrackPointExtension>
<opentracks:accuracy_horizontal>1.02</opentracks:accuracy_horizontal></extensions>
</trkpt>
<trkpt lat="50.458637" lon="-104.548757">
<ele>559</ele>
<time>2026-09-29T17:49:41.964-06:00</time>
<extensions>
<gpxtpx:TrackPointExtension>
<gpxtpx:speed>5.39</gpxtpx:speed>
</gpxtpx:TrackPointExtension>
<opentracks:accuracy_horizontal>1.02</opentracks:accuracy_horizontal></extensions>
</trkpt>
<trkpt lat="50.458544" lon="-104.548748">
<ele>559</ele>
<time>2026-09-29T17:49:43.985-06:00</time>
<extensions>
<gpxtpx:TrackPointExtension>
<gpxtpx:speed>5.12</gpxtpx:speed>
</gpxtpx:TrackPointExtension>
<opentracks:accuracy_horizontal>5.102</opentracks:accuracy_horizontal></extensions>
</trkpt>
<trkpt lat="50.458452" lon="-104.548767">
<ele>559</ele>
<time>2026-09-29T17:49:45.965-06:00</time>
<extensions>
<gpxtpx:TrackPointExtension>
<gpxtpx:speed>5.29</gpxtpx:speed>
</gpxtpx:TrackPointExtension>
<opentracks:accuracy_horizontal>4.592</opentracks:accuracy_horizontal></extensions>
</trkpt>
<trkpt lat="50.458371" lon="-104.548849">
<ele>558</ele>
<time>2026-09-29T17:49:47.967-06:00</time>
<extensions>
<gpxtpx:TrackPointExtension>
<gpxtpx:speed>6.39</gpxtpx:speed>
</gpxtpx:TrackPointExtension>
<opentracks:accuracy_horizontal>4.082</opentracks:accuracy_horizontal></extensions>
</trkpt>
<trkpt lat="50.458335" lon="-104.549033">
<ele>558</ele>
<time>2026-09-29T17:49:49.975-06:00</time>
<extensions>
<gpxtpx:TrackPointExtension>
<gpxtpx:speed>7.2</gpxtpx:speed>
</gpxtpx:TrackPointExtension>
<opentracks:accuracy_horizontal>4.592</opentracks:accuracy_horizontal></extensions>
</trkpt>
<trkpt lat="50.45835" lon="-104.549239">
<ele>559</ele>
<time>2026-09-29T17:49:51.978-06:00</time>
<extensions>
<gpxtpx:TrackPointExtension>
<gpxtpx:speed>7.28</gpxtpx:speed>
</gpxtpx:TrackPointExtension>
<opentracks:accuracy_horizontal>4.082</opentracks:accuracy_horizontal></extensions>
</trkpt>
<trkpt lat="50.45835" lon="-104.54947">
<ele>559</ele>
<time>2026-09-29T17:49:53.971-06:00</time>
<extensions>
<gpxtpx:TrackPointExtension>
<gpxtpx:speed>8.59</gpxtpx:speed>
</gpxtpx:TrackPointExtension>
<opentracks:accuracy_horizontal>1.02</opentracks:accuracy_horizontal></extensions>
</trkpt>
<trkpt lat="50.458349" lon="-104.549718">
<ele>559</ele>
<time>2026-09-29T17:49:55.977-06:00</time>
<extensions>
<gpxtpx:TrackPointExtension>
<gpxtpx:speed>8.88</gpxtpx:speed>
</gpxtpx:TrackPointExtension>
<opentracks:accuracy_horizontal>1.02</opentracks:accuracy_horizontal></extensions>
</trkpt>
<trkpt lat="50.458348" lon="-104.549969">
<ele>558</ele>
<time>2026-09-29T17:49:57.975-06:00</time>
<extensions>
<gpxtpx:TrackPointExtension>
<gpxtpx:speed>8.46</gpxtpx:speed>
</gpxtpx:TrackPointExtension>
<opentracks:accuracy_horizontal>1.02</opentracks:accuracy_horizontal></extensions>
</trkpt>
<trkpt lat="50.45836" lon="-104.550222">
<ele>558</ele>
<time>2026-09-29T17:49:59.966-06:00</time>
<extensions>
<gpxtpx:TrackPointExtension>
<gpxtpx:speed>8.92</gpxtpx:speed>
</gpxtpx:TrackPointExtension>
<opentracks:accuracy_horizontal>1.02</opentracks:accuracy_horizontal></extensions>
</trkpt>
<trkpt lat="50.458356" lon="-104.550482">
<ele>558</ele>
<time>2026-09-29T17:50:01.964-06:00</time>
<extensions>
<gpxtpx:TrackPointExtension>
<gpxtpx:speed>8.9</gpxtpx:speed>
</gpxtpx:TrackPointExtension>
<opentracks:accuracy_horizontal>1.02</opentracks:accuracy_horizontal></extensions>
</trkpt>
<trkpt lat="50.458352" lon="-104.550725">
<ele>557</ele>
<time>2026-09-29T17:50:03.969-06:00</time>
<extensions>
<gpxtpx:TrackPointExtension>
<gpxtpx:speed>8.36</gpxtpx:speed>
</gpxtpx:TrackPointExtension>
<opentracks:accuracy_horizontal>1.02</opentracks:accuracy_horizontal></extensions>
</trkpt>
<trkpt lat="50.458355" lon="-104.550947">
<ele>557</ele>
<time>2026-09-29T17:50:05.975-06:00</time>
<extensions>
<gpxtpx:TrackPointExtension>
<gpxtpx:speed>8.07</gpxtpx:speed>
</gpxtpx:TrackPointExtension>
<opentracks:accuracy_horizontal>1.02</opentracks:accuracy_horizontal></extensions>
</trkpt>
<trkpt lat="50.458343" lon="-104.551168">
<ele>557</ele>
<time>2026-09-29T17:50:07.977-06:00</time>
<extensions>
<gpxtpx:TrackPointExtension>
<gpxtpx:speed>7.86</gpxtpx:speed>
</gpxtpx:TrackPointExtension>
<opentracks:accuracy_horizontal>0.51</opentracks:accuracy_horizontal></extensions>
</trkpt>
<trkpt lat="50.458353" lon="-104.551383">
<ele>557</ele>
<time>2026-09-29T17:50:09.968-06:00</time>
<extensions>
<gpxtpx:TrackPointExtension>
<gpxtpx:speed>7.79</gpxtpx:speed>
</gpxtpx:TrackPointExtension>
<opentracks:accuracy_horizontal>1.02</opentracks:accuracy_horizontal></extensions>
</trkpt>
<trkpt lat="50.458354" lon="-104.551594">
<ele>557</ele>
<time>2026-09-29T17:50:11.966-06:00</time>
<extensions>
<gpxtpx:TrackPointExtension>
<gpxtpx:speed>7.73</gpxtpx:speed>
</gpxtpx:TrackPointExtension>
<opentracks:accuracy_horizontal>1.02</opentracks:accuracy_horizontal></extensions>
</trkpt>
<trkpt lat="50.458352" lon="-104.551798">
<ele>556</ele>
<time>2026-09-29T17:50:13.962-06:00</time>
<extensions>
<gpxtpx:TrackPointExtension>
<gpxtpx:speed>7.44</gpxtpx:speed>
</gpxtpx:TrackPointExtension>
<opentracks:accuracy_horizontal>1.02</opentracks:accuracy_horizontal></extensions>
</trkpt>
<trkpt lat="50.458346" lon="-104.552004">
<ele>557</ele>
<time>2026-09-29T17:50:15.97-06:00</time>
<extensions>
<gpxtpx:TrackPointExtension>
<gpxtpx:speed>7.17</gpxtpx:speed>
</gpxtpx:TrackPointExtension>
<opentracks:accuracy_horizontal>0.51</opentracks:accuracy_horizontal></extensions>
</trkpt>
<trkpt lat="50.458347" lon="-104.552202">
<ele>557</ele>
<time>2026-09-29T17:50:17.964-06:00</time>
<extensions>
<gpxtpx:TrackPointExtension>
<gpxtpx:speed>7.09</gpxtpx:speed>
</gpxtpx:TrackPointExtension>
<opentracks:accuracy_horizontal>1.02</opentracks:accuracy_horizontal></extensions>
</trkpt>
<trkpt lat="50.458359" lon="-104.552405">
<ele>557</ele>
<time>2026-09-29T17:50:19.965-06:00</time>
<extensions>
<gpxtpx:TrackPointExtension>
<gpxtpx:speed>7.02</gpxtpx:speed>
</gpxtpx:TrackPointExtension>
<opentracks:accuracy_horizontal>1.02</opentracks:accuracy_horizontal></extensions>
</trkpt>
<trkpt lat="50.458363" lon="-104.552609">
<ele>557</ele>
<time>2026-09-29T17:50:21.979-06:00</time>
<extensions>
<gpxtpx:TrackPointExtension>
<gpxtpx:speed>7.12</gpxtpx:speed>
</gpxtpx:TrackPointExtension>
<opentracks:accuracy_horizontal>0.51</opentracks:accuracy_horizontal></extensions>
</trkpt>
<trkpt lat="50.45836" lon="-104.55281">
<ele>558</ele>
<time>2026-09-29T17:50:23.97-06:00</time>
<extensions>
<gpxtpx:TrackPointExtension>
<gpxtpx:speed>7.18</gpxtpx:speed>
</gpxtpx:TrackPointExtension>
<opentracks:accuracy_horizontal>1.02</opentracks:accuracy_horizontal></extensions>
</trkpt>
<trkpt lat="50.458357" lon="-104.552998">
<ele>558</ele>
<time>2026-09-29T17:50:25.988-06:00</time>
<extensions>
<gpxtpx:TrackPointExtension>
<gpxtpx:speed>6.8</gpxtpx:speed>
</gpxtpx:TrackPointExtension>
<opentracks:accuracy_horizontal>0.51</opentracks:accuracy_horizontal></extensions>
</trkpt>
<trkpt lat="50.458361" lon="-104.553183">
<ele>557</ele>
<time>2026-09-29T17:50:27.967-06:00</time>
<extensions>
<gpxtpx:TrackPointExtension>
<gpxtpx:speed>6.74</gpxtpx:speed>
</gpxtpx:TrackPointExtension>
<opentracks:accuracy_horizontal>1.02</opentracks:accuracy_horizontal></extensions>
</trkpt>
<trkpt lat="50.458368" lon="-104.553371">
<ele>556</ele>
<time>2026-09-29T17:50:29.964-06:00</time>
<extensions>
<gpxtpx:TrackPointExtension>
<gpxtpx:speed>7.38</gpxtpx:speed>
</gpxtpx:TrackPointExtension>
<opentracks:accuracy_horizontal>0.51</opentracks:accuracy_horizontal></extensions>
</trkpt>
<trkpt lat="50.458356" lon="-104.553565">
<ele>557</ele>
<time>2026-09-29T17:50:31.982-06:00</time>
<extensions>
<gpxtpx:TrackPointExtension>
<gpxtpx:speed>6.59</gpxtpx:speed>
</gpxtpx:TrackPointExtension>
<opentracks:accuracy_horizontal>1.02</opentracks:accuracy_horizontal></extensions>
</trkpt>
<trkpt lat="50.458361" lon="-104.55375">
<ele>557</ele>
<time>2026-09-29T17:50:33.97-06:00</time>
<extensions>
<gpxtpx:TrackPointExtension>
<gpxtpx:speed>6.73</gpxtpx:speed>
</gpxtpx:TrackPointExtension>
<opentracks:accuracy_horizontal>1.02</opentracks:accuracy_horizontal></extensions>
</trkpt>
<trkpt lat="50.458363" lon="-104.553942">
<ele>556</ele>
<time>2026-09-29T17:50:35.972-06:00</time>
<extensions>
<gpxtpx:TrackPointExtension>
<gpxtpx:speed>6.54</gpxtpx:speed>
</gpxtpx:TrackPointExtension>
<opentracks:accuracy_horizontal>1.02</opentracks:accuracy_horizontal></extensions>
</trkpt>
<trkpt lat="50.458362" lon="-104.554126">
<ele>557</ele>
<time>2026-09-29T17:50:37.965-06:00</time>
<extensions>
<gpxtpx:TrackPointExtension>
<gpxtpx:speed>6.74</gpxtpx:speed>
</gpxtpx:TrackPointExtension>
<opentracks:accuracy_horizontal>1.02</opentracks:accuracy_horizontal></extensions>
</trkpt>
<trkpt lat="50.458354" lon="-104.554327">
<ele>557</ele>
<time>2026-09-29T17:50:39.975-06:00</time>
<extensions>
<gpxtpx:TrackPointExtension>
<gpxtpx:speed>7.35</gpxtpx:speed>
</gpxtpx:TrackPointExtension>
<opentracks:accuracy_horizontal>0.51</opentracks:accuracy_horizontal></extensions>
</trkpt>
<trkpt lat="50.458357" lon="-104.554521">
<ele>556</ele>
<time>2026-09-29T17:50:41.979-06:00</time>
<extensions>
<gpxtpx:TrackPointExtension>
<gpxtpx:speed>7.08</gpxtpx:speed>
</gpxtpx:TrackPointExtension>
<opentracks:accuracy_horizontal>1.02</opentracks:accuracy_horizontal></extensions>
</trkpt>
<trkpt lat="50.458362" lon="-104.554717">
<ele>556</ele>
<time>2026-09-29T17:50:43.982-06:00</time>
<extensions>
<gpxtpx:TrackPointExtension>
<gpxtpx:speed>6.9</gpxtpx:speed>
</gpxtpx:TrackPointExtension>
<opentracks:accuracy_horizontal>1.02</opentracks:accuracy_horizontal></extensions>
</trkpt>
<trkpt lat="50.458351" lon="-104.554908">
<ele>557</ele>
<time>2026-09-29T17:50:45.971-06:00</time>
<extensions>
<gpxtpx:TrackPointExtension>
<gpxtpx:speed>7.09</gpxtpx:speed>
</gpxtpx:TrackPointExtension>
<opentracks:accuracy_horizontal>1.02</opentracks:accuracy_horizontal></extensions>
</trkpt>
<trkpt lat="50.458355" lon="-104.555098">
<ele>557</ele>
<time>2026-09-29T17:50:47.962-06:00</time>
<extensions>
<gpxtpx:TrackPointExtension>
<gpxtpx:speed>6.57</gpxtpx:speed>
</gpxtpx:TrackPointExtension>
<opentracks:accuracy_horizontal>1.02</opentracks:accuracy_horizontal></extensions>
</trkpt>
<trkpt lat="50.458354" lon="-104.555279">
<ele>556</ele>
<time>2026-09-29T17:50:49.977-06:00</time>
<extensions>
<gpxtpx:TrackPointExtension>
<gpxtpx:speed>6.18</gpxtpx:speed>
</gpxtpx:TrackPointExtension>
<opentracks:accuracy_horizontal>1.02</opentracks:accuracy_horizontal></extensions>
</trkpt>
<trkpt lat="50.458363" lon="-104.555453">
<ele>557</ele>
<time>2026-09-29T17:50:51.985-06:00</time>
<extensions>
<gpxtpx:TrackPointExtension>
<gpxtpx:speed>5.75</gpxtpx:speed>
</gpxtpx:TrackPointExtension>
<opentracks:accuracy_horizontal>1.02</opentracks:accuracy_horizontal></extensions>
</trkpt>
<trkpt lat="50.458362" lon="-104.555628">
<ele>558</ele>
<time>2026-09-29T17:50:53.966-06:00</time>
<extensions>
<gpxtpx:TrackPointExtension>
<gpxtpx:speed>6.15</gpxtpx:speed>
</gpxtpx:TrackPointExtension>
<opentracks:accuracy_horizontal>1.02</opentracks:accuracy_horizontal></extensions>
</trkpt>
<trkpt lat="50.458364" lon="-104.555803">
<ele>557</ele>
<time>2026-09-29T17:50:55.982-06:00</time>
<extensions>
<gpxtpx:TrackPointExtension>
<gpxtpx:speed>6.17</gpxtpx:speed>
</gpxtpx:TrackPointExtension>
<opentracks:accuracy_horizontal>1.02</opentracks:accuracy_horizontal></extensions>
</trkpt>
<trkpt lat="50.458366" lon="-104.55598">
<ele>557</ele>
<time>2026-09-29T17:50:57.972-06:00</time>
<extensions>
<gpxtpx:TrackPointExtension>
<gpxtpx:speed>6.37</gpxtpx:speed>
</gpxtpx:TrackPointExtension>
<opentracks:accuracy_horizontal>1.02</opentracks:accuracy_horizontal></extensions>
</trkpt>
<trkpt lat="50.45836" lon="-104.556158">
<ele>557</ele>
<time>2026-09-29T17:50:59.979-06:00</time>
<extensions>
<gpxtpx:TrackPointExtension>
<gpxtpx:speed>6.49</gpxtpx:speed>
</gpxtpx:TrackPointExtension>
<opentracks:accuracy_horizontal>1.02</opentracks:accuracy_horizontal></extensions>
</trkpt>
<trkpt lat="50.458353" lon="-104.556345">
<ele>557</ele>
<time>2026-09-29T17:51:01.97-06:00</time>
<extensions>
<gpxtpx:TrackPointExtension>
<gpxtpx:speed>6.46</gpxtpx:speed>
</gpxtpx:TrackPointExtension>
<opentracks:accuracy_horizontal>1.02</opentracks:accuracy_horizontal></extensions>
</trkpt>
<trkpt lat="50.458349" lon="-104.556531">
<ele>556</ele>
<time>2026-09-29T17:51:03.969-06:00</time>
<extensions>
<gpxtpx:TrackPointExtension>
<gpxtpx:speed>6.61</gpxtpx:speed>
</gpxtpx:TrackPointExtension>
<opentracks:accuracy_horizontal>0.51</opentracks:accuracy_horizontal></extensions>
</trkpt>
<trkpt lat="50.458347" lon="-104.556723">
<ele>556</ele>
<time>2026-09-29T17:51:05.973-06:00</time>
<extensions>
<gpxtpx:TrackPointExtension>
<gpxtpx:speed>6.65</gpxtpx:speed>
</gpxtpx:TrackPointExtension>
<opentracks:accuracy_horizontal>0.51</opentracks:accuracy_horizontal></extensions>
</trkpt>
<trkpt lat="50.458358" lon="-104.556903">
<ele>556</ele>
<time>2026-09-29T17:51:07.979-06:00</time>
<extensions>
<gpxtpx:TrackPointExtension>
<gpxtpx:speed>6.43</gpxtpx:speed>
</gpxtpx:TrackPointExtension>
<opentracks:accuracy_horizontal>1.02</opentracks:accuracy_horizontal></extensions>
</trkpt>
<trkpt lat="50.458357" lon="-104.557081">
<ele>557</ele>
<time>2026-09-29T17:51:09.966-06:00</time>
<extensions>
<gpxtpx:TrackPointExtension>
<gpxtpx:speed>6.21</gpxtpx:speed>
</gpxtpx:TrackPointExtension>
<opentracks:accuracy_horizontal>1.02</opentracks:accuracy_horizontal></extensions>
</trkpt>
<trkpt lat="50.458355" lon="-104.557249">
<ele>558</ele>
<time>2026-09-29T17:51:11.972-06:00</time>
<extensions>
<gpxtpx:TrackPointExtension>
<gpxtpx:speed>6.09</gpxtpx:speed>
</gpxtpx:TrackPointExtension>
<opentracks:accuracy_horizontal>0.51</opentracks:accuracy_horizontal></extensions>
</trkpt>
<trkpt lat="50.458348" lon="-104.557416">
<ele>558</ele>
<time>2026-09-29T17:51:13.994-06:00</time>
<extensions>
<gpxtpx:TrackPointExtension>
<gpxtpx:speed>6.01</gpxtpx:speed>
</gpxtpx:TrackPointExtension>
<opentracks:accuracy_horizontal>1.02</opentracks:accuracy_horizontal></extensions>
</trkpt>
<trkpt lat="50.458353" lon="-104.55758">
<ele>558</ele>
<time>2026-09-29T17:51:15.976-06:00</time>
<extensions>
<gpxtpx:TrackPointExtension>
<gpxtpx:speed>5.99</gpxtpx:speed>
</gpxtpx:TrackPointExtension>
<opentracks:accuracy_horizontal>1.02</opentracks:accuracy_horizontal></extensions>
</trkpt>
<trkpt lat="50.458361" lon="-104.55774">
<ele>558</ele>
<time>2026-09-29T17:51:17.972-06:00</time>
<extensions>
<gpxtpx:TrackPointExtension>
<gpxtpx:speed>5.37</gpxtpx:speed>
</gpxtpx:TrackPointExtension>
<opentracks:accuracy_horizontal>1.02</opentracks:accuracy_horizontal></extensions>
</trkpt>
<trkpt lat="50.458359" lon="-104.557882">
<ele>558</ele>
<time>2026-09-29T17:51:19.983-06:00</time>
<extensions>
<gpxtpx:TrackPointExtension>
<gpxtpx:speed>4.8</gpxtpx:speed>
</gpxtpx:TrackPointExtension>
<opentracks:accuracy_horizontal>0.51</opentracks:accuracy_horizontal></extensions>
</trkpt>
<trkpt lat="50.458293" lon="-104.55804">
<ele>559</ele>
<time>2026-09-29T17:51:22.985-06:00</time>
<extensions>
<gpxtpx:TrackPointExtension>
<gpxtpx:speed>4.33</gpxtpx:speed>
</gpxtpx:TrackPointExtension>
<opentracks:accuracy_horizontal>1.02</opentracks:accuracy_horizontal></extensions>
</trkpt>
<trkpt lat="50.458208" lon="-104.558191">
<ele>558</ele>
<time>2026-09-29T17:51:25.979-06:00</time>
<extensions>
<gpxtpx:TrackPointExtension>
<gpxtpx:speed>5</gpxtpx:speed>
</gpxtpx:TrackPointExtension>
<opentracks:accuracy_horizontal>4.592</opentracks:accuracy_horizontal></extensions>
</trkpt>
<trkpt lat="50.458107" lon="-104.558231">
<ele>557</ele>
<time>2026-09-29T17:51:27.972-06:00</time>
<extensions>
<gpxtpx:TrackPointExtension>
<gpxtpx:speed>5.89</gpxtpx:speed>
</gpxtpx:TrackPointExtension>
<opentracks:accuracy_horizontal>5.102</opentracks:accuracy_horizontal></extensions>
</trkpt>
<trkpt lat="50.457993" lon="-104.558236">
<ele>557</ele>
<time>2026-09-29T17:51:29.976-06:00</time>
<extensions>
<gpxtpx:TrackPointExtension>
<gpxtpx:speed>7.31</gpxtpx:speed>
</gpxtpx:TrackPointExtension>
<opentracks:accuracy_horizontal>1.02</opentracks:accuracy_horizontal></extensions>
</trkpt>
<trkpt lat="50.457873" lon="-104.558224">
<ele>554</ele>
<time>2026-09-29T17:51:31.977-06:00</time>
<extensions>
<gpxtpx:TrackPointExtension>
<gpxtpx:speed>6.56</gpxtpx:speed>
</gpxtpx:TrackPointExtension>
<opentracks:accuracy_horizontal>1.02</opentracks:accuracy_horizontal></extensions>
</trkpt>
<trkpt lat="50.457743" lon="-104.558246">
<ele>555</ele>
<time>2026-09-29T17:51:33.975-06:00</time>
<extensions>
<gpxtpx:TrackPointExtension>
<gpxtpx:speed>7.31</gpxtpx:speed>
</gpxtpx:TrackPointExtension>
<opentracks:accuracy_horizontal>1.02</opentracks:accuracy_horizontal></extensions>
</trkpt>
<trkpt lat="50.457617" lon="-104.55824">
<ele>556</ele>
<time>2026-09-29T17:51:35.967-06:00</time>
<extensions>
<gpxtpx:TrackPointExtension>
<gpxtpx:speed>6.64</gpxtpx:speed>
</gpxtpx:TrackPointExtension>
<opentracks:accuracy_horizontal>1.02</opentracks:accuracy_horizontal></extensions>
</trkpt>
<trkpt lat="50.457483" lon="-104.558273">
<ele>557</ele>
<time>2026-09-29T17:51:37.98-06:00</time>
<extensions>
<gpxtpx:TrackPointExtension>
<gpxtpx:speed>7.17</gpxtpx:speed>
</gpxtpx:TrackPointExtension>
<opentracks:accuracy_horizontal>0.51</opentracks:accuracy_horizontal></extensions>
</trkpt>
<trkpt lat="50.457349" lon="-104.558271">
<ele>557</ele>
<time>2026-09-29T17:51:39.976-06:00</time>
<extensions>
<gpxtpx:TrackPointExtension>
<gpxtpx:speed>6.86</gpxtpx:speed>
</gpxtpx:TrackPointExtension>
<opentracks:accuracy_horizontal>1.02</opentracks:accuracy_horizontal></extensions>
</trkpt>
<trkpt lat="50.457229" lon="-104.558273">
<ele>557</ele>
<time>2026-09-29T17:51:41.967-06:00</time>
<extensions>
<gpxtpx:TrackPointExtension>
<gpxtpx:speed>6.18</gpxtpx:speed>
</gpxtpx:TrackPointExtension>
<opentracks:accuracy_horizontal>1.02</opentracks:accuracy_horizontal></extensions>
</trkpt>
<trkpt lat="50.457111" lon="-104.558269">
<ele>556</ele>
<time>2026-09-29T17:51:43.979-06:00</time>
<extensions>
<gpxtpx:TrackPointExtension>
<gpxtpx:speed>6.82</gpxtpx:speed>
</gpxtpx:TrackPointExtension>
<opentracks:accuracy_horizontal>1.02</opentracks:accuracy_horizontal></extensions>
</trkpt>
<trkpt lat="50.456997" lon="-104.558267">
<ele>557</ele>
<time>2026-09-29T17:51:45.984-06:00</time>
<extensions>
<gpxtpx:TrackPointExtension>
<gpxtpx:speed>6.21</gpxtpx:speed>
</gpxtpx:TrackPointExtension>
<opentracks:accuracy_horizontal>1.02</opentracks:accuracy_horizontal></extensions>
</trkpt>
<trkpt lat="50.456878" lon="-104.558273">
<ele>557</ele>
<time>2026-09-29T17:51:47.977-06:00</time>
<extensions>
<gpxtpx:TrackPointExtension>
<gpxtpx:speed>6.5</gpxtpx:speed>
</gpxtpx:TrackPointExtension>
<opentracks:accuracy_horizontal>1.02</opentracks:accuracy_horizontal></extensions>
</trkpt>
<trkpt lat="50.456755" lon="-104.558262">
<ele>557</ele>
<time>2026-09-29T17:51:49.975-06:00</time>
<extensions>
<gpxtpx:TrackPointExtension>
<gpxtpx:speed>6.7</gpxtpx:speed>
</gpxtpx:TrackPointExtension>
<opentracks:accuracy_horizontal>0.51</opentracks:accuracy_horizontal></extensions>
</trkpt>
<trkpt lat="50.456635" lon="-104.558248">
<ele>556</ele>
<time>2026-09-29T17:51:51.985-06:00</time>
<extensions>
<gpxtpx:TrackPointExtension>
<gpxtpx:speed>6.84</gpxtpx:speed>
</gpxtpx:TrackPointExtension>
<opentracks:accuracy_horizontal>0.51</opentracks:accuracy_horizontal></extensions>
</trkpt>
<trkpt lat="50.456517" lon="-104.558237">
<ele>556</ele>
<time>2026-09-29T17:51:53.983-06:00</time>
<extensions>
<gpxtpx:TrackPointExtension>
<gpxtpx:speed>6.59</gpxtpx:speed>
</gpxtpx:TrackPointExtension>
<opentracks:accuracy_horizontal>1.02</opentracks:accuracy_horizontal></extensions>
</trkpt>
<trkpt lat="50.456398" lon="-104.558215">
<ele>555</ele>
<time>2026-09-29T17:51:55.988-06:00</time>
<extensions>
<gpxtpx:TrackPointExtension>
<gpxtpx:speed>6.81</gpxtpx:speed>
</gpxtpx:TrackPointExtension>
<opentracks:accuracy_horizontal>0.51</opentracks:accuracy_horizontal></extensions>
</trkpt>
<trkpt lat="50.456278" lon="-104.558187">
<ele>555</ele>
<time>2026-09-29T17:51:57.967-06:00</time>
<extensions>
<gpxtpx:TrackPointExtension>
<gpxtpx:speed>6.28</gpxtpx:speed>
</gpxtpx:TrackPointExtension>
<opentracks:accuracy_horizontal>1.02</opentracks:accuracy_horizontal></extensions>
</trkpt>
<trkpt lat="50.456173" lon="-104.558128">
<ele>556</ele>
<time>2026-09-29T17:51:59.985-06:00</time>
<extensions>
<gpxtpx:TrackPointExtension>
<gpxtpx:speed>6.61</gpxtpx:speed>
</gpxtpx:TrackPointExtension>
<opentracks:accuracy_horizontal>1.02</opentracks:accuracy_horizontal></extensions>
</trkpt>
<trkpt lat="50.456064" lon="-104.558079">
<ele>556</ele>
<time>2026-09-29T17:52:01.976-06:00</time>
<extensions>
<gpxtpx:TrackPointExtension>
<gpxtpx:speed>6.42</gpxtpx:speed>
</gpxtpx:TrackPointExtension>
<opentracks:accuracy_horizontal>1.02</opentracks:accuracy_horizontal></extensions>
</trkpt>
<trkpt lat="50.455952" lon="-104.558012">
<ele>556</ele>
<time>2026-09-29T17:52:03.977-06:00</time>
<extensions>
<gpxtpx:TrackPointExtension>
<gpxtpx:speed>6.59</gpxtpx:speed>
</gpxtpx:TrackPointExtension>
<opentracks:accuracy_horizontal>1.02</opentracks:accuracy_horizontal></extensions>
</trkpt>
<trkpt lat="50.455843" lon="-104.557956">
<ele>557</ele>
<time>2026-09-29T17:52:05.981-06:00</time>
<extensions>
<gpxtpx:TrackPointExtension>
<gpxtpx:speed>5.95</gpxtpx:speed>
</gpxtpx:TrackPointExtension>
<opentracks:accuracy_horizontal>1.02</opentracks:accuracy_horizontal></extensions>
</trkpt>
<trkpt lat="50.455733" lon="-104.557916">
<ele>556</ele>
<time>2026-09-29T17:52:07.981-06:00</time>
<extensions>
<gpxtpx:TrackPointExtension>
<gpxtpx:speed>6.26</gpxtpx:speed>
</gpxtpx:TrackPointExtension>
<opentracks:accuracy_horizontal>1.02</opentracks:accuracy_horizontal></extensions>
</trkpt>
<trkpt lat="50.455628" lon="-104.557906">
<ele>556</ele>
<time>2026-09-29T17:52:09.975-06:00</time>
<extensions>
<gpxtpx:TrackPointExtension>
<gpxtpx:speed>5.68</gpxtpx:speed>
</gpxtpx:TrackPointExtension>
<opentracks:accuracy_horizontal>1.02</opentracks:accuracy_horizontal></extensions>
</trkpt>
<trkpt lat="50.455532" lon="-104.557932">
<ele>557</ele>
<time>2026-09-29T17:52:11.987-06:00</time>
<extensions>
<gpxtpx:TrackPointExtension>
<gpxtpx:speed>5.17</gpxtpx:speed>
</gpxtpx:TrackPointExtension>
<opentracks:accuracy_horizontal>0.51</opentracks:accuracy_horizontal></extensions>
</trkpt>
<trkpt lat="50.455436" lon="-104.557936">
<ele>557</ele>
<time>2026-09-29T17:52:13.975-06:00</time>
<extensions>
<gpxtpx:TrackPointExtension>
<gpxtpx:speed>5.13</gpxtpx:speed>
</gpxtpx:TrackPointExtension>
<opentracks:accuracy_horizontal>4.592</opentracks:accuracy_horizontal></extensions>
</trkpt>
<trkpt lat="50.455309" lon="-104.557935">
<ele>557</ele>
<time>2026-09-29T17:52:16.996-06:00</time>
<extensions>
<gpxtpx:TrackPointExtension>
<gpxtpx:speed>3.95</gpxtpx:speed>
</gpxtpx:TrackPointExtension>
<opentracks:accuracy_horizontal>4.592</opentracks:accuracy_horizontal></extensions>
</trkpt>
<trkpt lat="50.455225" lon="-104.558084">
<ele>557</ele>
<time>2026-09-29T17:52:19.978-06:00</time>
<extensions>
<gpxtpx:TrackPointExtension>
<gpxtpx:speed>5.31</gpxtpx:speed>
</gpxtpx:TrackPointExtension>
<opentracks:accuracy_horizontal>5.102</opentracks:accuracy_horizontal></extensions>
</trkpt>
<trkpt lat="50.455224" lon="-104.558235">
<ele>556</ele>
<time>2026-09-29T17:52:21.981-06:00</time>
<extensions>
<gpxtpx:TrackPointExtension>
<gpxtpx:speed>5.98</gpxtpx:speed>
</gpxtpx:TrackPointExtension>
<opentracks:accuracy_horizontal>4.592</opentracks:accuracy_horizontal></extensions>
</trkpt>
<trkpt lat="50.455229" lon="-104.558422">
<ele>556</ele>
<time>2026-09-29T17:52:23.978-06:00</time>
<extensions>
<gpxtpx:TrackPointExtension>
<gpxtpx:speed>6.37</gpxtpx:speed>
</gpxtpx:TrackPointExtension>
<opentracks:accuracy_horizontal>4.082</opentracks:accuracy_horizontal></extensions>
</trkpt>
<trkpt lat="50.455233" lon="-104.558612">
<ele>556</ele>
<time>2026-09-29T17:52:25.973-06:00</time>
<extensions>
<gpxtpx:TrackPointExtension>
<gpxtpx:speed>6.99</gpxtpx:speed>
</gpxtpx:TrackPointExtension>
<opentracks:accuracy_horizontal>1.02</opentracks:accuracy_horizontal></extensions>
</trkpt>
<trkpt lat="50.455231" lon="-104.558811">
<ele>557</ele>
<time>2026-09-29T17:52:27.984-06:00</time>
<extensions>
<gpxtpx:TrackPointExtension>
<gpxtpx:speed>6.99</gpxtpx:speed>
</gpxtpx:TrackPointExtension>
<opentracks:accuracy_horizontal>1.02</opentracks:accuracy_horizontal></extensions>
</trkpt>
<trkpt lat="50.455231" lon="-104.559018">
<ele>558</ele>
<time>2026-09-29T17:52:29.997-06:00</time>
<extensions>
<gpxtpx:TrackPointExtension>
<gpxtpx:speed>7.11</gpxtpx:speed>
</gpxtpx:TrackPointExtension>
<opentracks:accuracy_horizontal>1.02</opentracks:accuracy_horizontal></extensions>
</trkpt>
<trkpt lat="50.455218" lon="-104.559223">
<ele>558</ele>
<time>2026-09-29T17:52:31.983-06:00</time>
<extensions>
<gpxtpx:TrackPointExtension>
<gpxtpx:speed>7.12</gpxtpx:speed>
</gpxtpx:TrackPointExtension>
<opentracks:accuracy_horizontal>1.02</opentracks:accuracy_horizontal></extensions>
</trkpt>
<trkpt lat="50.455206" lon="-104.559435">
<ele>559</ele>
<time>2026-09-29T17:52:33.972-06:00</time>
<extensions>
<gpxtpx:TrackPointExtension>
<gpxtpx:speed>7.37</gpxtpx:speed>
</gpxtpx:TrackPointExtension>
<opentracks:accuracy_horizontal>1.02</opentracks:accuracy_horizontal></extensions>
</trkpt>
<trkpt lat="50.455202" lon="-104.559648">
<ele>559</ele>
<time>2026-09-29T17:52:35.975-06:00</time>
<extensions>
<gpxtpx:TrackPointExtension>
<gpxtpx:speed>7.68</gpxtpx:speed>
</gpxtpx:TrackPointExtension>
<opentracks:accuracy_horizontal>0.51</opentracks:accuracy_horizontal></extensions>
</trkpt>
<trkpt lat="50.455203" lon="-104.55986">
<ele>559</ele>
<time>2026-09-29T17:52:37.981-06:00</time>
<extensions>
<gpxtpx:TrackPointExtension>
<gpxtpx:speed>7.69</gpxtpx:speed>
</gpxtpx:TrackPointExtension>
<opentracks:accuracy_horizontal>1.02</opentracks:accuracy_horizontal></extensions>
</trkpt>
<trkpt lat="50.455215" lon="-104.560077">
<ele>559</ele>
<time>2026-09-29T17:52:40.005-06:00</time>
<extensions>
<gpxtpx:TrackPointExtension>
<gpxtpx:speed>7.74</gpxtpx:speed>
</gpxtpx:TrackPointExtension>
<opentracks:accuracy_horizontal>1.02</opentracks:accuracy_horizontal></extensions>
</trkpt>
<trkpt lat="50.455216" lon="-104.5603">
<ele>558</ele>
<time>2026-09-29T17:52:41.977-06:00</time>
<extensions>
<gpxtpx:TrackPointExtension>
<gpxtpx:speed>7.77</gpxtpx:speed>
</gpxtpx:TrackPointExtension>
<opentracks:accuracy_horizontal>1.02</opentracks:accuracy_horizontal></extensions>
</trkpt>
<trkpt lat="50.455216" lon="-104.560511">
<ele>558</ele>
<time>2026-09-29T17:52:43.975-06:00</time>
<extensions>
<gpxtpx:TrackPointExtension>
<gpxtpx:speed>7.58</gpxtpx:speed>
</gpxtpx:TrackPointExtension>
<opentracks:accuracy_horizontal>1.02</opentracks:accuracy_horizontal></extensions>
</trkpt>
<trkpt lat="50.455212" lon="-104.560724">
<ele>558</ele>
<time>2026-09-29T17:52:45.981-06:00</time>
<extensions>
<gpxtpx:TrackPointExtension>
<gpxtpx:speed>7.41</gpxtpx:speed>
</gpxtpx:TrackPointExtension>
<opentracks:accuracy_horizontal>0.51</opentracks:accuracy_horizontal></extensions>
</trkpt>
<trkpt lat="50.455217" lon="-104.560933">
<ele>558</ele>
<time>2026-09-29T17:52:47.999-06:00</time>
<extensions>
<gpxtpx:TrackPointExtension>
<gpxtpx:speed>7.34</gpxtpx:speed>
</gpxtpx:TrackPointExtension>
<opentracks:accuracy_horizontal>1.02</opentracks:accuracy_horizontal></extensions>
</trkpt>
<trkpt lat="50.455224" lon="-104.561137">
<ele>558</ele>
<time>2026-09-29T17:52:49.982-06:00</time>
<extensions>
<gpxtpx:TrackPointExtension>
<gpxtpx:speed>7.4</gpxtpx:speed>
</gpxtpx:TrackPointExtension>
<opentracks:accuracy_horizontal>1.02</opentracks:accuracy_horizontal></extensions>
</trkpt>
<trkpt lat="50.455225" lon="-104.56134">
<ele>557</ele>
<time>2026-09-29T17:52:51.983-06:00</time>
<extensions>
<gpxtpx:TrackPointExtension>
<gpxtpx:speed>7.23</gpxtpx:speed>
</gpxtpx:TrackPointExtension>
<opentracks:accuracy_horizontal>1.02</opentracks:accuracy_horizontal></extensions>
</trkpt>
<trkpt lat="50.455224" lon="-104.561534">
<ele>557</ele>
<time>2026-09-29T17:52:53.978-06:00</time>
<extensions>
<gpxtpx:TrackPointExtension>
<gpxtpx:speed>6.95</gpxtpx:speed>
</gpxtpx:TrackPointExtension>
<opentracks:accuracy_horizontal>1.02</opentracks:accuracy_horizontal></extensions>
</trkpt>
<trkpt lat="50.45522" lon="-104.561731">
<ele>557</ele>
<time>2026-09-29T17:52:55.997-06:00</time>
<extensions>
<gpxtpx:TrackPointExtension>
<gpxtpx:speed>6.85</gpxtpx:speed>
</gpxtpx:TrackPointExtension>
<opentracks:accuracy_horizontal>1.02</opentracks:accuracy_horizontal></extensions>
</trkpt>
<trkpt lat="50.455232" lon="-104.561933">
<ele>557</ele>
<time>2026-09-29T17:52:57.985-06:00</time>
<extensions>
<gpxtpx:TrackPointExtension>
<gpxtpx:speed>6.96</gpxtpx:speed>
</gpxtpx:TrackPointExtension>
<opentracks:accuracy_horizontal>1.02</opentracks:accuracy_horizontal></extensions>
</trkpt>
<trkpt lat="50.455228" lon="-104.562128">
<ele>557</ele>
<time>2026-09-29T17:52:59.989-06:00</time>
<extensions>
<gpxtpx:TrackPointExtension>
<gpxtpx:speed>6.78</gpxtpx:speed>
</gpxtpx:TrackPointExtension>
<opentracks:accuracy_horizontal>0.51</opentracks:accuracy_horizontal></extensions>
</trkpt>
<trkpt lat="50.455232" lon="-104.562312">
<ele>557</ele>
<time>2026-09-29T17:53:01.992-06:00</time>
<extensions>
<gpxtpx:TrackPointExtension>
<gpxtpx:speed>6.69</gpxtpx:speed>
</gpxtpx:TrackPointExtension>
<opentracks:accuracy_horizontal>1.02</opentracks:accuracy_horizontal></extensions>
</trkpt>
<trkpt lat="50.455231" lon="-104.562501">
<ele>557</ele>
<time>2026-09-29T17:53:03.994-06:00</time>
<extensions>
<gpxtpx:TrackPointExtension>
<gpxtpx:speed>6.72</gpxtpx:speed>
</gpxtpx:TrackPointExtension>
<opentracks:accuracy_horizontal>1.02</opentracks:accuracy_horizontal></extensions>
</trkpt>
<trkpt lat="50.455229" lon="-104.562693">
<ele>557</ele>
<time>2026-09-29T17:53:05.978-06:00</time>
<extensions>
<gpxtpx:TrackPointExtension>
<gpxtpx:speed>6.87</gpxtpx:speed>
</gpxtpx:TrackPointExtension>
<opentracks:accuracy_horizontal>1.02</opentracks:accuracy_horizontal></extensions>
</trkpt>
<trkpt lat="50.455235" lon="-104.562892">
<ele>557</ele>
<time>2026-09-29T17:53:07.995-06:00</time>
<extensions>
<gpxtpx:TrackPointExtension>
<gpxtpx:speed>7</gpxtpx:speed>
</gpxtpx:TrackPointExtension>
<opentracks:accuracy_horizontal>1.02</opentracks:accuracy_horizontal></extensions>
</trkpt>
<trkpt lat="50.455231" lon="-104.563106">
<ele>557</ele>
<time>2026-09-29T17:53:09.982-06:00</time>
<extensions>
<gpxtpx:TrackPointExtension>
<gpxtpx:speed>7.63</gpxtpx:speed>
</gpxtpx:TrackPointExtension>
<opentracks:accuracy_horizontal>0.51</opentracks:accuracy_horizontal></extensions>
</trkpt>
<trkpt lat="50.45523" lon="-104.563326">
<ele>557</ele>
<time>2026-09-29T17:53:11.978-06:00</time>
<extensions>
<gpxtpx:TrackPointExtension>
<gpxtpx:speed>7.71</gpxtpx:speed>
</gpxtpx:TrackPointExtension>
<opentracks:accuracy_horizontal>1.02</opentracks:accuracy_horizontal></extensions>
</trkpt>
<trkpt lat="50.455221" lon="-104.563519">
<ele>557</ele>
<time>2026-09-29T17:53:13.974-06:00</time>
<extensions>
<gpxtpx:TrackPointExtension>
<gpxtpx:speed>5.62</gpxtpx:speed>
</gpxtpx:TrackPointExtension>
<opentracks:accuracy_horizontal>1.02</opentracks:accuracy_horizontal></extensions>
</trkpt>
<trkpt lat="50.455215" lon="-104.563662">
<ele>557</ele>
<time>2026-09-29T17:53:15.967-06:00</time>
<extensions>
<gpxtpx:TrackPointExtension>
<gpxtpx:speed>5.27</gpxtpx:speed>
</gpxtpx:TrackPointExtension>
<opentracks:accuracy_horizontal>8.673</opentracks:accuracy_horizontal></extensions>
</trkpt>
<trkpt lat="50.455198" lon="-104.563802">
<ele>557</ele>
<time>2026-09-29T17:53:18.967-06:00</time>
<extensions>
<gpxtpx:TrackPointExtension>
<gpxtpx:speed>2.89</gpxtpx:speed>
</gpxtpx:TrackPointExtension>
<opentracks:accuracy_horizontal>1.02</opentracks:accuracy_horizontal></extensions>
</trkpt>
<trkpt lat="50.455219" lon="-104.563953">
<ele>557</ele>
<time>2026-09-29T17:53:24.978-06:00</time>
<extensions>
<gpxtpx:TrackPointExtension>
<gpxtpx:speed>0.8</gpxtpx:speed>
</gpxtpx:TrackPointExtension>
<opentracks:accuracy_horizontal>6.122</opentracks:accuracy_horizontal></extensions>
</trkpt>
<trkpt lat="50.455237" lon="-104.563949">
<ele>555</ele>
<time>2026-09-29T17:53:34.967-06:00</time>
<extensions>
<gpxtpx:TrackPointExtension>
<gpxtpx:speed>0</gpxtpx:speed>
</gpxtpx:TrackPointExtension>
<opentracks:accuracy_horizontal>3.571</opentracks:accuracy_horizontal></extensions>
</trkpt>
<trkpt lat="50.455244" lon="-104.564097">
<ele>555</ele>
<time>2026-09-29T17:53:42.994-06:00</time>
<extensions>
<gpxtpx:TrackPointExtension>
<gpxtpx:speed>3.57</gpxtpx:speed>
</gpxtpx:TrackPointExtension>
<opentracks:accuracy_horizontal>5.612</opentracks:accuracy_horizontal></extensions>
</trkpt>
<trkpt lat="50.455242" lon="-104.564297">
<ele>556</ele>
<time>2026-09-29T17:53:45.98-06:00</time>
<extensions>
<gpxtpx:TrackPointExtension>
<gpxtpx:speed>4.52</gpxtpx:speed>
</gpxtpx:TrackPointExtension>
<opentracks:accuracy_horizontal>4.592</opentracks:accuracy_horizontal></extensions>
</trkpt>
<trkpt lat="50.455252" lon="-104.564512">
<ele>557</ele>
<time>2026-09-29T17:53:48.973-06:00</time>
<extensions>
<gpxtpx:TrackPointExtension>
<gpxtpx:speed>5.19</gpxtpx:speed>
</gpxtpx:TrackPointExtension>
<opentracks:accuracy_horizontal>1.02</opentracks:accuracy_horizontal></extensions>
</trkpt>
<trkpt lat="50.455248" lon="-104.564664">
<ele>558</ele>
<time>2026-09-29T17:53:50.979-06:00</time>
<extensions>
<gpxtpx:TrackPointExtension>
<gpxtpx:speed>5.68</gpxtpx:speed>
</gpxtpx:TrackPointExtension>
<opentracks:accuracy_horizontal>1.02</opentracks:accuracy_horizontal></extensions>
</trkpt>
<trkpt lat="50.455244" lon="-104.564818">
<ele>558</ele>
<time>2026-09-29T17:53:52.981-06:00</time>
<extensions>
<gpxtpx:TrackPointExtension>
<gpxtpx:speed>4.99</gpxtpx:speed>
</gpxtpx:TrackPointExtension>
<opentracks:accuracy_horizontal>1.02</opentracks:accuracy_horizontal></extensions>
</trkpt>
<trkpt lat="50.455238" lon="-104.564979">
<ele>558</ele>
<time>2026-09-29T17:53:54.983-06:00</time>
<extensions>
<gpxtpx:TrackPointExtension>
<gpxtpx:speed>5.88</gpxtpx:speed>
</gpxtpx:TrackPointExtension>
<opentracks:accuracy_horizontal>1.02</opentracks:accuracy_horizontal></extensions>
</trkpt>
<trkpt lat="50.455229" lon="-104.565161">
<ele>558</ele>
<time>2026-09-29T17:53:56.975-06:00</time>
<extensions>
<gpxtpx:TrackPointExtension>
<gpxtpx:speed>6.31</gpxtpx:speed>
</gpxtpx:TrackPointExtension>
<opentracks:accuracy_horizontal>1.02</opentracks:accuracy_horizontal></extensions>
</trkpt>
<trkpt lat="50.455225" lon="-104.56535">
<ele>558</ele>
<time>2026-09-29T17:53:58.987-06:00</time>
<extensions>
<gpxtpx:TrackPointExtension>
<gpxtpx:speed>6.73</gpxtpx:speed>
</gpxtpx:TrackPointExtension>
<opentracks:accuracy_horizontal>1.02</opentracks:accuracy_horizontal></extensions>
</trkpt>
<trkpt lat="50.455217" lon="-104.565545">
<ele>558</ele>
<time>2026-09-29T17:54:00.988-06:00</time>
<extensions>
<gpxtpx:TrackPointExtension>
<gpxtpx:speed>6.83</gpxtpx:speed>
</gpxtpx:TrackPointExtension>
<opentracks:accuracy_horizontal>1.02</opentracks:accuracy_horizontal></extensions>
</trkpt>
<trkpt lat="50.455214" lon="-104.565745">
<ele>558</ele>
<time>2026-09-29T17:54:02.983-06:00</time>
<extensions>
<gpxtpx:TrackPointExtension>
<gpxtpx:speed>6.82</gpxtpx:speed>
</gpxtpx:TrackPointExtension>
<opentracks:accuracy_horizontal>1.02</opentracks:accuracy_horizontal></extensions>
</trkpt>
<trkpt lat="50.455215" lon="-104.565915">
<ele>558</ele>
<time>2026-09-29T17:54:04.976-06:00</time>
<extensions>
<gpxtpx:TrackPointExtension>
<gpxtpx:speed>5.34</gpxtpx:speed>
</gpxtpx:TrackPointExtension>
<opentracks:accuracy_horizontal>1.02</opentracks:accuracy_horizontal></extensions>
</trkpt>
<trkpt lat="50.455219" lon="-104.566095">
<ele>557</ele>
<time>2026-09-29T17:54:07.986-06:00</time>
<extensions>
<gpxtpx:TrackPointExtension>
<gpxtpx:speed>3.93</gpxtpx:speed>
</gpxtpx:TrackPointExtension>
<opentracks:accuracy_horizontal>1.02</opentracks:accuracy_horizontal></extensions>
</trkpt>
<trkpt lat="50.45522" lon="-104.566268">
<ele>557</ele>
<time>2026-09-29T17:54:12.982-06:00</time>
<extensions>
<gpxtpx:TrackPointExtension>
<gpxtpx:speed>2.69</gpxtpx:speed>
</gpxtpx:TrackPointExtension>
<opentracks:accuracy_horizontal>5.612</opentracks:accuracy_horizontal></extensions>
</trkpt>
<trkpt lat="50.455228" lon="-104.566415">
<ele>557</ele>
<time>2026-09-29T17:54:15.992-06:00</time>
<extensions>
<gpxtpx:TrackPointExtension>
<gpxtpx:speed>3.87</gpxtpx:speed>
</gpxtpx:TrackPointExtension>
<opentracks:accuracy_horizontal>5.612</opentracks:accuracy_horizontal></extensions>
</trkpt>
<trkpt lat="50.45522" lon="-104.566605">
<ele>557</ele>
<time>2026-09-29T17:54:18.995-06:00</time>
<extensions>
<gpxtpx:TrackPointExtension>
<gpxtpx:speed>5.58</gpxtpx:speed>
</gpxtpx:TrackPointExtension>
<opentracks:accuracy_horizontal>0.51</opentracks:accuracy_horizontal></extensions>
</trkpt>
<trkpt lat="50.455227" lon="-104.566773">
<ele>557</ele>
<time>2026-09-29T17:54:20.992-06:00</time>
<extensions>
<gpxtpx:TrackPointExtension>
<gpxtpx:speed>6.65</gpxtpx:speed>
</gpxtpx:TrackPointExtension>
<opentracks:accuracy_horizontal>1.02</opentracks:accuracy_horizontal></extensions>
</trkpt>
<trkpt lat="50.455218" lon="-104.566966">
<ele>557</ele>
<time>2026-09-29T17:54:22.979-06:00</time>
<extensions>
<gpxtpx:TrackPointExtension>
<gpxtpx:speed>6.84</gpxtpx:speed>
</gpxtpx:TrackPointExtension>
<opentracks:accuracy_horizontal>1.02</opentracks:accuracy_horizontal></extensions>
</trkpt>
<trkpt lat="50.455219" lon="-104.56717">
<ele>557</ele>
<time>2026-09-29T17:54:24.978-06:00</time>
<extensions>
<gpxtpx:TrackPointExtension>
<gpxtpx:speed>7.08</gpxtpx:speed>
</gpxtpx:TrackPointExtension>
<opentracks:accuracy_horizontal>1.02</opentracks:accuracy_horizontal></extensions>
</trkpt>
<trkpt lat="50.45522" lon="-104.567382">
<ele>556</ele>
<time>2026-09-29T17:54:27.009-06:00</time>
<extensions>
<gpxtpx:TrackPointExtension>
<gpxtpx:speed>7.35</gpxtpx:speed>
</gpxtpx:TrackPointExtension>
<opentracks:accuracy_horizontal>1.02</opentracks:accuracy_horizontal></extensions>
</trkpt>
<trkpt lat="50.45522" lon="-104.567605">
<ele>556</ele>
<time>2026-09-29T17:54:28.992-06:00</time>
<extensions>
<gpxtpx:TrackPointExtension>
<gpxtpx:speed>7.61</gpxtpx:speed>
</gpxtpx:TrackPointExtension>
<opentracks:accuracy_horizontal>0.51</opentracks:accuracy_horizontal></extensions>
</trkpt>
<trkpt lat="50.455217" lon="-104.567834">
<ele>556</ele>
<time>2026-09-29T17:54:30.999-06:00</time>
<extensions>
<gpxtpx:TrackPointExtension>
<gpxtpx:speed>8.05</gpxtpx:speed>
</gpxtpx:TrackPointExtension>
<opentracks:accuracy_horizontal>1.02</opentracks:accuracy_horizontal></extensions>
</trkpt>
<trkpt lat="50.455221" lon="-104.568061">
<ele>557</ele>
<time>2026-09-29T17:54:32.986-06:00</time>
<extensions>
<gpxtpx:TrackPointExtension>
<gpxtpx:speed>7.76</gpxtpx:speed>
</gpxtpx:TrackPointExtension>
<opentracks:accuracy_horizontal>1.02</opentracks:accuracy_horizontal></extensions>
</trkpt>
<trkpt lat="50.455224" lon="-104.568265">
<ele>557</ele>
<time>2026-09-29T17:54:34.983-06:00</time>
<extensions>
<gpxtpx:TrackPointExtension>
<gpxtpx:speed>7.36</gpxtpx:speed>
</gpxtpx:TrackPointExtension>
<opentracks:accuracy_horizontal>1.02</opentracks:accuracy_horizontal></extensions>
</trkpt>
<trkpt lat="50.455224" lon="-104.56847">
<ele>558</ele>
<time>2026-09-29T17:54:36.972-06:00</time>
<extensions>
<gpxtpx:TrackPointExtension>
<gpxtpx:speed>7.32</gpxtpx:speed>
</gpxtpx:TrackPointExtension>
<opentracks:accuracy_horizontal>1.02</opentracks:accuracy_horizontal></extensions>
</trkpt>
<trkpt lat="50.455229" lon="-104.56867">
<ele>557</ele>
<time>2026-09-29T17:54:38.975-06:00</time>
<extensions>
<gpxtpx:TrackPointExtension>
<gpxtpx:speed>7.11</gpxtpx:speed>
</gpxtpx:TrackPointExtension>
<opentracks:accuracy_horizontal>1.02</opentracks:accuracy_horizontal></extensions>
</trkpt>
<trkpt lat="50.455228" lon="-104.568878">
<ele>556</ele>
<time>2026-09-29T17:54:40.981-06:00</time>
<extensions>
<gpxtpx:TrackPointExtension>
<gpxtpx:speed>7.09</gpxtpx:speed>
</gpxtpx:TrackPointExtension>
<opentracks:accuracy_horizontal>1.02</opentracks:accuracy_horizontal></extensions>
</trkpt>
<trkpt lat="50.455224" lon="-104.569076">
<ele>556</ele>
<time>2026-09-29T17:54:42.972-06:00</time>
<extensions>
<gpxtpx:TrackPointExtension>
<gpxtpx:speed>7.04</gpxtpx:speed>
</gpxtpx:TrackPointExtension>
<opentracks:accuracy_horizontal>1.02</opentracks:accuracy_horizontal></extensions>
</trkpt>
<trkpt lat="50.455218" lon="-104.569267">
<ele>556</ele>
<time>2026-09-29T17:54:44.979-06:00</time>
<extensions>
<gpxtpx:TrackPointExtension>
<gpxtpx:speed>6.97</gpxtpx:speed>
</gpxtpx:TrackPointExtension>
<opentracks:accuracy_horizontal>0.51</opentracks:accuracy_horizontal></extensions>
</trkpt>
<trkpt lat="50.455223" lon="-104.569449">
<ele>556</ele>
<time>2026-09-29T17:54:46.982-06:00</time>
<extensions>
<gpxtpx:TrackPointExtension>
<gpxtpx:speed>6.44</gpxtpx:speed>
</gpxtpx:TrackPointExtension>
<opentracks:accuracy_horizontal>1.02</opentracks:accuracy_horizontal></extensions>
</trkpt>
<trkpt lat="50.455226" lon="-104.569633">
<ele>557</ele>
<time>2026-09-29T17:54:48.988-06:00</time>
<extensions>
<gpxtpx:TrackPointExtension>
<gpxtpx:speed>6.68</gpxtpx:speed>
</gpxtpx:TrackPointExtension>
<opentracks:accuracy_horizontal>1.02</opentracks:accuracy_horizontal></extensions>
</trkpt>
<trkpt lat="50.455225" lon="-104.569825">
<ele>557</ele>
<time>2026-09-29T17:54:50.991-06:00</time>
<extensions>
<gpxtpx:TrackPointExtension>
<gpxtpx:speed>7.19</gpxtpx:speed>
</gpxtpx:TrackPointExtension>
<opentracks:accuracy_horizontal>1.02</opentracks:accuracy_horizontal></extensions>
</trkpt>
<trkpt lat="50.455228" lon="-104.57003">
<ele>557</ele>
<time>2026-09-29T17:54:52.985-06:00</time>
<extensions>
<gpxtpx:TrackPointExtension>
<gpxtpx:speed>7.39</gpxtpx:speed>
</gpxtpx:TrackPointExtension>
<opentracks:accuracy_horizontal>1.02</opentracks:accuracy_horizontal></extensions>
</trkpt>
<trkpt lat="50.455231" lon="-104.570239">
<ele>558</ele>
<time>2026-09-29T17:54:54.994-06:00</time>
<extensions>
<gpxtpx:TrackPointExtension>
<gpxtpx:speed>7.4</gpxtpx:speed>
</gpxtpx:TrackPointExtension>
<opentracks:accuracy_horizontal>1.02</opentracks:accuracy_horizontal></extensions>
</trkpt>
<trkpt lat="50.455235" lon="-104.570429">
<ele>557</ele>
<time>2026-09-29T17:54:56.982-06:00</time>
<extensions>
<gpxtpx:TrackPointExtension>
<gpxtpx:speed>6.58</gpxtpx:speed>
</gpxtpx:TrackPointExtension>
<opentracks:accuracy_horizontal>1.02</opentracks:accuracy_horizontal></extensions>
</trkpt>
<trkpt lat="50.455224" lon="-104.570619">
<ele>556</ele>
<time>2026-09-29T17:54:58.985-06:00</time>
<extensions>
<gpxtpx:TrackPointExtension>
<gpxtpx:speed>6.73</gpxtpx:speed>
</gpxtpx:TrackPointExtension>
<opentracks:accuracy_horizontal>1.02</opentracks:accuracy_horizontal></extensions>
</trkpt>
<trkpt lat="50.455223" lon="-104.570802">
<ele>557</ele>
<time>2026-09-29T17:55:00.978-06:00</time>
<extensions>
<gpxtpx:TrackPointExtension>
<gpxtpx:speed>6.2</gpxtpx:speed>
</gpxtpx:TrackPointExtension>
<opentracks:accuracy_horizontal>0.51</opentracks:accuracy_horizontal></extensions>
</trkpt>
<trkpt lat="50.455227" lon="-104.570994">
<ele>556</ele>
<time>2026-09-29T17:55:02.988-06:00</time>
<extensions>
<gpxtpx:TrackPointExtension>
<gpxtpx:speed>6.11</gpxtpx:speed>
</gpxtpx:TrackPointExtension>
<opentracks:accuracy_horizontal>1.02</opentracks:accuracy_horizontal></extensions>
</trkpt>
<trkpt lat="50.455232" lon="-104.571151">
<ele>556</ele>
<time>2026-09-29T17:55:04.998-06:00</time>
<extensions>
<gpxtpx:TrackPointExtension>
<gpxtpx:speed>5.74</gpxtpx:speed>
</gpxtpx:TrackPointExtension>
<opentracks:accuracy_horizontal>3.571</opentracks:accuracy_horizontal></extensions>
</trkpt>
<trkpt lat="50.455236" lon="-104.571302">
<ele>557</ele>
<time>2026-09-29T17:55:06.978-06:00</time>
<extensions>
<gpxtpx:TrackPointExtension>
<gpxtpx:speed>5.98</gpxtpx:speed>
</gpxtpx:TrackPointExtension>
<opentracks:accuracy_horizontal>4.592</opentracks:accuracy_horizontal></extensions>
</trkpt>
<trkpt lat="50.455242" lon="-104.571464">
<ele>558</ele>
<time>2026-09-29T17:55:08.983-06:00</time>
<extensions>
<gpxtpx:TrackPointExtension>
<gpxtpx:speed>4.9</gpxtpx:speed>
</gpxtpx:TrackPointExtension>
<opentracks:accuracy_horizontal>1.02</opentracks:accuracy_horizontal></extensions>
</trkpt>
<trkpt lat="50.455236" lon="-104.571606">
<ele>559</ele>
<time>2026-09-29T17:55:10.975-06:00</time>
<extensions>
<gpxtpx:TrackPointExtension>
<gpxtpx:speed>4.65</gpxtpx:speed>
</gpxtpx:TrackPointExtension>
<opentracks:accuracy_horizontal>1.02</opentracks:accuracy_horizontal></extensions>
</trkpt>
<trkpt lat="50.455226" lon="-104.571773">
<ele>558</ele>
<time>2026-09-29T17:55:13.975-06:00</time>
<extensions>
<gpxtpx:TrackPointExtension>
<gpxtpx:speed>3.3</gpxtpx:speed>
</gpxtpx:TrackPointExtension>
<opentracks:accuracy_horizontal>1.02</opentracks:accuracy_horizontal></extensions>
</trkpt>
<trkpt lat="50.455218" lon="-104.571928">
<ele>558</ele>
<time>2026-09-29T17:55:17.995-06:00</time>
<extensions>
<gpxtpx:TrackPointExtension>
<gpxtpx:speed>1.97</gpxtpx:speed>
</gpxtpx:TrackPointExtension>
<opentracks:accuracy_horizontal>5.102</opentracks:accuracy_horizontal></extensions>
</trkpt>
<trkpt lat="50.455236" lon="-104.572122">
<ele>558</ele>
<time>2026-09-29T17:55:21.991-06:00</time>
<extensions>
<gpxtpx:TrackPointExtension>
<gpxtpx:speed>4.39</gpxtpx:speed>
</gpxtpx:TrackPointExtension>
<opentracks:accuracy_horizontal>4.592</opentracks:accuracy_horizontal></extensions>
</trkpt>
<trkpt lat="50.455237" lon="-104.572279">
<ele>557</ele>
<time>2026-09-29T17:55:24.002-06:00</time>
<extensions>
<gpxtpx:TrackPointExtension>
<gpxtpx:speed>5.82</gpxtpx:speed>
</gpxtpx:TrackPointExtension>
<opentracks:accuracy_horizontal>4.592</opentracks:accuracy_horizontal></extensions>
</trkpt>
<trkpt lat="50.45524" lon="-104.572455">
<ele>557</ele>
<time>2026-09-29T17:55:25.998-06:00</time>
<extensions>
<gpxtpx:TrackPointExtension>
<gpxtpx:speed>6.31</gpxtpx:speed>
</gpxtpx:TrackPointExtension>
<opentracks:accuracy_horizontal>3.571</opentracks:accuracy_horizontal></extensions>
</trkpt>
<trkpt lat="50.455226" lon="-104.572664">
<ele>557</ele>
<time>2026-09-29T17:55:27.985-06:00</time>
<extensions>
<gpxtpx:TrackPointExtension>
<gpxtpx:speed>6.77</gpxtpx:speed>
</gpxtpx:TrackPointExtension>
<opentracks:accuracy_horizontal>1.02</opentracks:accuracy_horizontal></extensions>
</trkpt>
<trkpt lat="50.455222" lon="-104.572885">
<ele>557</ele>
<time>2026-09-29T17:55:29.997-06:00</time>
<extensions>
<gpxtpx:TrackPointExtension>
<gpxtpx:speed>7.69</gpxtpx:speed>
</gpxtpx:TrackPointExtension>
<opentracks:accuracy_horizontal>1.02</opentracks:accuracy_horizontal></extensions>
</trkpt>
<trkpt lat="50.455216" lon="-104.573108">
<ele>557</ele>
<time>2026-09-29T17:55:31.987-06:00</time>
<extensions>
<gpxtpx:TrackPointExtension>
<gpxtpx:speed>7.49</gpxtpx:speed>
</gpxtpx:TrackPointExtension>
<opentracks:accuracy_horizontal>0.51</opentracks:accuracy_horizontal></extensions>
</trkpt>
<trkpt lat="50.455212" lon="-104.573325">
<ele>556</ele>
<time>2026-09-29T17:55:33.987-06:00</time>
<extensions>
<gpxtpx:TrackPointExtension>
<gpxtpx:speed>7.1</gpxtpx:speed>
</gpxtpx:TrackPointExtension>
<opentracks:accuracy_horizontal>1.02</opentracks:accuracy_horizontal></extensions>
</trkpt>
<trkpt lat="50.455208" lon="-104.573531">
<ele>556</ele>
<time>2026-09-29T17:55:35.989-06:00</time>
<extensions>
<gpxtpx:TrackPointExtension>
<gpxtpx:speed>7.19</gpxtpx:speed>
</gpxtpx:TrackPointExtension>
<opentracks:accuracy_horizontal>1.02</opentracks:accuracy_horizontal></extensions>
</trkpt>
<trkpt lat="50.455212" lon="-104.57373">
<ele>556</ele>
<time>2026-09-29T17:55:38.001-06:00</time>
<extensions>
<gpxtpx:TrackPointExtension>
<gpxtpx:speed>7.07</gpxtpx:speed>
</gpxtpx:TrackPointExtension>
<opentracks:accuracy_horizontal>1.02</opentracks:accuracy_horizontal></extensions>
</trkpt>
<trkpt lat="50.455216" lon="-104.573924">
<ele>557</ele>
<time>2026-09-29T17:55:39.988-06:00</time>
<extensions>
<gpxtpx:TrackPointExtension>
<gpxtpx:speed>7.06</gpxtpx:speed>
</gpxtpx:TrackPointExtension>
<opentracks:accuracy_horizontal>1.02</opentracks:accuracy_horizontal></extensions>
</trkpt>
<trkpt lat="50.45522" lon="-104.574119">
<ele>557</ele>
<time>2026-09-29T17:55:41.983-06:00</time>
<extensions>
<gpxtpx:TrackPointExtension>
<gpxtpx:speed>6.85</gpxtpx:speed>
</gpxtpx:TrackPointExtension>
<opentracks:accuracy_horizontal>1.02</opentracks:accuracy_horizontal></extensions>
</trkpt>
<trkpt lat="50.455227" lon="-104.574305">
<ele>557</ele>
<time>2026-09-29T17:55:43.988-06:00</time>
<extensions>
<gpxtpx:TrackPointExtension>
<gpxtpx:speed>6.55</gpxtpx:speed>
</gpxtpx:TrackPointExtension>
<opentracks:accuracy_horizontal>0.51</opentracks:accuracy_horizontal></extensions>
</trkpt>
<trkpt lat="50.455229" lon="-104.574484">
<ele>557</ele>
<time>2026-09-29T17:55:45.981-06:00</time>
<extensions>
<gpxtpx:TrackPointExtension>
<gpxtpx:speed>6.55</gpxtpx:speed>
</gpxtpx:TrackPointExtension>
<opentracks:accuracy_horizontal>1.02</opentracks:accuracy_horizontal></extensions>
</trkpt>
<trkpt lat="50.455225" lon="-104.574682">
<ele>558</ele>
<time>2026-09-29T17:55:47.993-06:00</time>
<extensions>
<gpxtpx:TrackPointExtension>
<gpxtpx:speed>6.68</gpxtpx:speed>
</gpxtpx:TrackPointExtension>
<opentracks:accuracy_horizontal>1.02</opentracks:accuracy_horizontal></extensions>
</trkpt>
<trkpt lat="50.455223" lon="-104.574862">
<ele>558</ele>
<time>2026-09-29T17:55:49.988-06:00</time>
<extensions>
<gpxtpx:TrackPointExtension>
<gpxtpx:speed>6.66</gpxtpx:speed>
</gpxtpx:TrackPointExtension>
<opentracks:accuracy_horizontal>1.02</opentracks:accuracy_horizontal></extensions>
</trkpt>
<trkpt lat="50.455217" lon="-104.575044">
<ele>558</ele>
<time>2026-09-29T17:55:51.989-06:00</time>
<extensions>
<gpxtpx:TrackPointExtension>
<gpxtpx:speed>6.12</gpxtpx:speed>
</gpxtpx:TrackPointExtension>
<opentracks:accuracy_horizontal>1.02</opentracks:accuracy_horizontal></extensions>
</trkpt>
<trkpt lat="50.455216" lon="-104.575229">
<ele>557</ele>
<time>2026-09-29T17:55:53.976-06:00</time>
<extensions>
<gpxtpx:TrackPointExtension>
<gpxtpx:speed>6.67</gpxtpx:speed>
</gpxtpx:TrackPointExtension>
<opentracks:accuracy_horizontal>1.02</opentracks:accuracy_horizontal></extensions>
</trkpt>
<trkpt lat="50.455207" lon="-104.575396">
<ele>557</ele>
<time>2026-09-29T17:55:55.985-06:00</time>
<extensions>
<gpxtpx:TrackPointExtension>
<gpxtpx:speed>6.24</gpxtpx:speed>
</gpxtpx:TrackPointExtension>
<opentracks:accuracy_horizontal>0.51</opentracks:accuracy_horizontal></extensions>
</trkpt>
<trkpt lat="50.455215" lon="-104.57558">
<ele>557</ele>
<time>2026-09-29T17:55:57.979-06:00</time>
<extensions>
<gpxtpx:TrackPointExtension>
<gpxtpx:speed>6.54</gpxtpx:speed>
</gpxtpx:TrackPointExtension>
<opentracks:accuracy_horizontal>1.02</opentracks:accuracy_horizontal></extensions>
</trkpt>
<trkpt lat="50.455214" lon="-104.575763">
<ele>557</ele>
<time>2026-09-29T17:55:59.968-06:00</time>
<extensions>
<gpxtpx:TrackPointExtension>
<gpxtpx:speed>6.5</gpxtpx:speed>
</gpxtpx:TrackPointExtension>
<opentracks:accuracy_horizontal>1.02</opentracks:accuracy_horizontal></extensions>
</trkpt>
<trkpt lat="50.455209" lon="-104.575946">
<ele>559</ele>
<time>2026-09-29T17:56:01.966-06:00</time>
<extensions>
<gpxtpx:TrackPointExtension>
<gpxtpx:speed>6.47</gpxtpx:speed>
</gpxtpx:TrackPointExtension>
<opentracks:accuracy_horizontal>1.02</opentracks:accuracy_horizontal></extensions>
</trkpt>
<trkpt lat="50.455213" lon="-104.576137">
<ele>559</ele>
<time>2026-09-29T17:56:03.995-06:00</time>
<extensions>
<gpxtpx:TrackPointExtension>
<gpxtpx:speed>6.4</gpxtpx:speed>
</gpxtpx:TrackPointExtension>
<opentracks:accuracy_horizontal>1.02</opentracks:accuracy_horizontal></extensions>
</trkpt>
<trkpt lat="50.455214" lon="-104.576308">
<ele>558</ele>
<time>2026-09-29T17:56:05.964-06:00</time>
<extensions>
<gpxtpx:TrackPointExtension>
<gpxtpx:speed>6.51</gpxtpx:speed>
</gpxtpx:TrackPointExtension>
<opentracks:accuracy_horizontal>0.51</opentracks:accuracy_horizontal></extensions>
</trkpt>
<trkpt lat="50.455217" lon="-104.576493">
<ele>558</ele>
<time>2026-09-29T17:56:07.987-06:00</time>
<extensions>
<gpxtpx:TrackPointExtension>
<gpxtpx:speed>6.64</gpxtpx:speed>
</gpxtpx:TrackPointExtension>
<opentracks:accuracy_horizontal>0.51</opentracks:accuracy_horizontal></extensions>
</trkpt>
<trkpt lat="50.455215" lon="-104.576679">
<ele>558</ele>
<time>2026-09-29T17:56:09.971-06:00</time>
<extensions>
<gpxtpx:TrackPointExtension>
<gpxtpx:speed>6.56</gpxtpx:speed>
</gpxtpx:TrackPointExtension>
<opentracks:accuracy_horizontal>1.02</opentracks:accuracy_horizontal></extensions>
</trkpt>
<trkpt lat="50.455216" lon="-104.576866">
<ele>558</ele>
<time>2026-09-29T17:56:11.98-06:00</time>
<extensions>
<gpxtpx:TrackPointExtension>
<gpxtpx:speed>6.78</gpxtpx:speed>
</gpxtpx:TrackPointExtension>
<opentracks:accuracy_horizontal>1.02</opentracks:accuracy_horizontal></extensions>
</trkpt>
<trkpt lat="50.455216" lon="-104.577055">
<ele>557</ele>
<time>2026-09-29T17:56:13.958-06:00</time>
<extensions>
<gpxtpx:TrackPointExtension>
<gpxtpx:speed>6.48</gpxtpx:speed>
</gpxtpx:TrackPointExtension>
<opentracks:accuracy_horizontal>0.51</opentracks:accuracy_horizontal></extensions>
</trkpt>
<trkpt lat="50.455216" lon="-104.577232">
<ele>557</ele>
<time>2026-09-29T17:56:15.973-06:00</time>
<extensions>
<gpxtpx:TrackPointExtension>
<gpxtpx:speed>6.63</gpxtpx:speed>
</gpxtpx:TrackPointExtension>
<opentracks:accuracy_horizontal>1.02</opentracks:accuracy_horizontal></extensions>
</trkpt>
<trkpt lat="50.455233" lon="-104.577407">
<ele>556</ele>
<time>2026-09-29T17:56:17.981-06:00</time>
<extensions>
<gpxtpx:TrackPointExtension>
<gpxtpx:speed>6.4</gpxtpx:speed>
</gpxtpx:TrackPointExtension>
<opentracks:accuracy_horizontal>1.02</opentracks:accuracy_horizontal></extensions>
</trkpt>
<trkpt lat="50.455225" lon="-104.577594">
<ele>555</ele>
<time>2026-09-29T17:56:19.982-06:00</time>
<extensions>
<gpxtpx:TrackPointExtension>
<gpxtpx:speed>6.55</gpxtpx:speed>
</gpxtpx:TrackPointExtension>
<opentracks:accuracy_horizontal>1.02</opentracks:accuracy_horizontal></extensions>
</trkpt>
<trkpt lat="50.455215" lon="-104.577781">
<ele>555</ele>
<time>2026-09-29T17:56:21.981-06:00</time>
<extensions>
<gpxtpx:TrackPointExtension>
<gpxtpx:speed>6.68</gpxtpx:speed>
</gpxtpx:TrackPointExtension>
<opentracks:accuracy_horizontal>1.02</opentracks:accuracy_horizontal></extensions>
</trkpt>
<trkpt lat="50.455214" lon="-104.577967">
<ele>555</ele>
<time>2026-09-29T17:56:23.981-06:00</time>
<extensions>
<gpxtpx:TrackPointExtension>
<gpxtpx:speed>6.25</gpxtpx:speed>
</gpxtpx:TrackPointExtension>
<opentracks:accuracy_horizontal>1.02</opentracks:accuracy_horizontal></extensions>
</trkpt>
<trkpt lat="50.455217" lon="-104.57815">
<ele>555</ele>
<time>2026-09-29T17:56:25.983-06:00</time>
<extensions>
<gpxtpx:TrackPointExtension>
<gpxtpx:speed>6.7</gpxtpx:speed>
</gpxtpx:TrackPointExtension>
<opentracks:accuracy_horizontal>1.02</opentracks:accuracy_horizontal></extensions>
</trkpt>
<trkpt lat="50.455215" lon="-104.57835">
<ele>556</ele>
<time>2026-09-29T17:56:27.991-06:00</time>
<extensions>
<gpxtpx:TrackPointExtension>
<gpxtpx:speed>7.05</gpxtpx:speed>
</gpxtpx:TrackPointExtension>
<opentracks:accuracy_horizontal>0.51</opentracks:accuracy_horizontal></extensions>
</trkpt>
<trkpt lat="50.455212" lon="-104.57853">
<ele>557</ele>
<time>2026-09-29T17:56:29.993-06:00</time>
<extensions>
<gpxtpx:TrackPointExtension>
<gpxtpx:speed>6.26</gpxtpx:speed>
</gpxtpx:TrackPointExtension>
<opentracks:accuracy_horizontal>1.02</opentracks:accuracy_horizontal></extensions>
</trkpt>
<trkpt lat="50.455217" lon="-104.578696">
<ele>557</ele>
<time>2026-09-29T17:56:31.995-06:00</time>
<extensions>
<gpxtpx:TrackPointExtension>
<gpxtpx:speed>5.48</gpxtpx:speed>
</gpxtpx:TrackPointExtension>
<opentracks:accuracy_horizontal>0.51</opentracks:accuracy_horizontal></extensions>
</trkpt>
<trkpt lat="50.455211" lon="-104.578871">
<ele>557</ele>
<time>2026-09-29T17:56:33.973-06:00</time>
<extensions>
<gpxtpx:TrackPointExtension>
<gpxtpx:speed>6.34</gpxtpx:speed>
</gpxtpx:TrackPointExtension>
<opentracks:accuracy_horizontal>1.02</opentracks:accuracy_horizontal></extensions>
</trkpt>
<trkpt lat="50.455208" lon="-104.579038">
<ele>557</ele>
<time>2026-09-29T17:56:35.978-06:00</time>
<extensions>
<gpxtpx:TrackPointExtension>
<gpxtpx:speed>5.94</gpxtpx:speed>
</gpxtpx:TrackPointExtension>
<opentracks:accuracy_horizontal>1.02</opentracks:accuracy_horizontal></extensions>
</trkpt>
<trkpt lat="50.455205" lon="-104.579194">
<ele>556</ele>
<time>2026-09-29T17:56:37.991-06:00</time>
<extensions>
<gpxtpx:TrackPointExtension>
<gpxtpx:speed>5.17</gpxtpx:speed>
</gpxtpx:TrackPointExtension>
<opentracks:accuracy_horizontal>1.02</opentracks:accuracy_horizontal></extensions>
</trkpt>
<trkpt lat="50.455208" lon="-104.579335">
<ele>556</ele>
<time>2026-09-29T17:56:39.987-06:00</time>
<extensions>
<gpxtpx:TrackPointExtension>
<gpxtpx:speed>4.87</gpxtpx:speed>
</gpxtpx:TrackPointExtension>
<opentracks:accuracy_horizontal>5.102</opentracks:accuracy_horizontal></extensions>
</trkpt>
<trkpt lat="50.455216" lon="-104.579478">
<ele>557</ele>
<time>2026-09-29T17:56:41.987-06:00</time>
<extensions>
<gpxtpx:TrackPointExtension>
<gpxtpx:speed>5.42</gpxtpx:speed>
</gpxtpx:TrackPointExtension>
<opentracks:accuracy_horizontal>0.51</opentracks:accuracy_horizontal></extensions>
</trkpt>
<trkpt lat="50.45522" lon="-104.579646">
<ele>557</ele>
<time>2026-09-29T17:56:43.987-06:00</time>
<extensions>
<gpxtpx:TrackPointExtension>
<gpxtpx:speed>5.73</gpxtpx:speed>
</gpxtpx:TrackPointExtension>
<opentracks:accuracy_horizontal>1.02</opentracks:accuracy_horizontal></extensions>
</trkpt>
<trkpt lat="50.455209" lon="-104.579804">
<ele>556</ele>
<time>2026-09-29T17:56:45.978-06:00</time>
<extensions>
<gpxtpx:TrackPointExtension>
<gpxtpx:speed>5.93</gpxtpx:speed>
</gpxtpx:TrackPointExtension>
<opentracks:accuracy_horizontal>1.02</opentracks:accuracy_horizontal></extensions>
</trkpt>
<trkpt lat="50.4552" lon="-104.579987">
<ele>556</ele>
<time>2026-09-29T17:56:47.985-06:00</time>
<extensions>
<gpxtpx:TrackPointExtension>
<gpxtpx:speed>6.58</gpxtpx:speed>
</gpxtpx:TrackPointExtension>
<opentracks:accuracy_horizontal>0.51</opentracks:accuracy_horizontal></extensions>
</trkpt>
<trkpt lat="50.455206" lon="-104.580178">
<ele>556</ele>
<time>2026-09-29T17:56:49.982-06:00</time>
<extensions>
<gpxtpx:TrackPointExtension>
<gpxtpx:speed>6.72</gpxtpx:speed>
</gpxtpx:TrackPointExtension>
<opentracks:accuracy_horizontal>1.02</opentracks:accuracy_horizontal></extensions>
</trkpt>
<trkpt lat="50.455206" lon="-104.580372">
<ele>557</ele>
<time>2026-09-29T17:56:51.983-06:00</time>
<extensions>
<gpxtpx:TrackPointExtension>
<gpxtpx:speed>6.99</gpxtpx:speed>
</gpxtpx:TrackPointExtension>
<opentracks:accuracy_horizontal>1.02</opentracks:accuracy_horizontal></extensions>
</trkpt>
<trkpt lat="50.455205" lon="-104.58057">
<ele>555</ele>
<time>2026-09-29T17:56:53.998-06:00</time>
<extensions>
<gpxtpx:TrackPointExtension>
<gpxtpx:speed>6.83</gpxtpx:speed>
</gpxtpx:TrackPointExtension>
<opentracks:accuracy_horizontal>0.51</opentracks:accuracy_horizontal></extensions>
</trkpt>
<trkpt lat="50.455205" lon="-104.580762">
<ele>556</ele>
<time>2026-09-29T17:56:55.987-06:00</time>
<extensions>
<gpxtpx:TrackPointExtension>
<gpxtpx:speed>6.89</gpxtpx:speed>
</gpxtpx:TrackPointExtension>
<opentracks:accuracy_horizontal>1.02</opentracks:accuracy_horizontal></extensions>
</trkpt>
<trkpt lat="50.455204" lon="-104.580956">
<ele>556</ele>
<time>2026-09-29T17:56:57.983-06:00</time>
<extensions>
<gpxtpx:TrackPointExtension>
<gpxtpx:speed>6.88</gpxtpx:speed>
</gpxtpx:TrackPointExtension>
<opentracks:accuracy_horizontal>1.02</opentracks:accuracy_horizontal></extensions>
</trkpt>
<trkpt lat="50.455204" lon="-104.58115">
<ele>556</ele>
<time>2026-09-29T17:56:59.988-06:00</time>
<extensions>
<gpxtpx:TrackPointExtension>
<gpxtpx:speed>6.83</gpxtpx:speed>
</gpxtpx:TrackPointExtension>
<opentracks:accuracy_horizontal>1.02</opentracks:accuracy_horizontal></extensions>
</trkpt>
<trkpt lat="50.455206" lon="-104.581344">
<ele>557</ele>
<time>2026-09-29T17:57:02.002-06:00</time>
<extensions>
<gpxtpx:TrackPointExtension>
<gpxtpx:speed>6.69</gpxtpx:speed>
</gpxtpx:TrackPointExtension>
<opentracks:accuracy_horizontal>0.51</opentracks:accuracy_horizontal></extensions>
</trkpt>
<trkpt lat="50.455208" lon="-104.581535">
<ele>556</ele>
<time>2026-09-29T17:57:03.978-06:00</time>
<extensions>
<gpxtpx:TrackPointExtension>
<gpxtpx:speed>6.69</gpxtpx:speed>
</gpxtpx:TrackPointExtension>
<opentracks:accuracy_horizontal>1.02</opentracks:accuracy_horizontal></extensions>
</trkpt>
<trkpt lat="50.455206" lon="-104.581717">
<ele>556</ele>
<time>2026-09-29T17:57:05.984-06:00</time>
<extensions>
<gpxtpx:TrackPointExtension>
<gpxtpx:speed>6.19</gpxtpx:speed>
</gpxtpx:TrackPointExtension>
<opentracks:accuracy_horizontal>1.02</opentracks:accuracy_horizontal></extensions>
</trkpt>
<trkpt lat="50.455204" lon="-104.581894">
<ele>556</ele>
<time>2026-09-29T17:57:07.976-06:00</time>
<extensions>
<gpxtpx:TrackPointExtension>
<gpxtpx:speed>6.74</gpxtpx:speed>
</gpxtpx:TrackPointExtension>
<opentracks:accuracy_horizontal>1.02</opentracks:accuracy_horizontal></extensions>
</trkpt>
<trkpt lat="50.455211" lon="-104.582101">
<ele>556</ele>
<time>2026-09-29T17:57:09.984-06:00</time>
<extensions>
<gpxtpx:TrackPointExtension>
<gpxtpx:speed>7.21</gpxtpx:speed>
</gpxtpx:TrackPointExtension>
<opentracks:accuracy_horizontal>1.02</opentracks:accuracy_horizontal></extensions>
</trkpt>
<trkpt lat="50.455205" lon="-104.582277">
<ele>555</ele>
<time>2026-09-29T17:57:11.982-06:00</time>
<extensions>
<gpxtpx:TrackPointExtension>
<gpxtpx:speed>6.41</gpxtpx:speed>
</gpxtpx:TrackPointExtension>
<opentracks:accuracy_horizontal>0.51</opentracks:accuracy_horizontal></extensions>
</trkpt>
<trkpt lat="50.455206" lon="-104.582469">
<ele>555</ele>
<time>2026-09-29T17:57:13.977-06:00</time>
<extensions>
<gpxtpx:TrackPointExtension>
<gpxtpx:speed>6.64</gpxtpx:speed>
</gpxtpx:TrackPointExtension>
<opentracks:accuracy_horizontal>1.02</opentracks:accuracy_horizontal></extensions>
</trkpt>
<trkpt lat="50.455208" lon="-104.582663">
<ele>557</ele>
<time>2026-09-29T17:57:15.984-06:00</time>
<extensions>
<gpxtpx:TrackPointExtension>
<gpxtpx:speed>6.5</gpxtpx:speed>
</gpxtpx:TrackPointExtension>
<opentracks:accuracy_horizontal>1.02</opentracks:accuracy_horizontal></extensions>
</trkpt>
<trkpt lat="50.455207" lon="-104.58285">
<ele>557</ele>
<time>2026-09-29T17:57:17.991-06:00</time>
<extensions>
<gpxtpx:TrackPointExtension>
<gpxtpx:speed>6.6</gpxtpx:speed>
</gpxtpx:TrackPointExtension>
<opentracks:accuracy_horizontal>1.02</opentracks:accuracy_horizontal></extensions>
</trkpt>
<trkpt lat="50.455201" lon="-104.583037">
<ele>557</ele>
<time>2026-09-29T17:57:19.965-06:00</time>
<extensions>
<gpxtpx:TrackPointExtension>
<gpxtpx:speed>6.04</gpxtpx:speed>
</gpxtpx:TrackPointExtension>
<opentracks:accuracy_horizontal>1.02</opentracks:accuracy_horizontal></extensions>
</trkpt>
<trkpt lat="50.455195" lon="-104.583226">
<ele>558</ele>
<time>2026-09-29T17:57:21.98-06:00</time>
<extensions>
<gpxtpx:TrackPointExtension>
<gpxtpx:speed>6.61</gpxtpx:speed>
</gpxtpx:TrackPointExtension>
<opentracks:accuracy_horizontal>0.51</opentracks:accuracy_horizontal></extensions>
</trkpt>
<trkpt lat="50.455217" lon="-104.583419">
<ele>559</ele>
<time>2026-09-29T17:57:23.975-06:00</time>
<extensions>
<gpxtpx:TrackPointExtension>
<gpxtpx:speed>6.92</gpxtpx:speed>
</gpxtpx:TrackPointExtension>
<opentracks:accuracy_horizontal>1.02</opentracks:accuracy_horizontal></extensions>
</trkpt>
<trkpt lat="50.455214" lon="-104.583622">
<ele>558</ele>
<time>2026-09-29T17:57:25.974-06:00</time>
<extensions>
<gpxtpx:TrackPointExtension>
<gpxtpx:speed>6.61</gpxtpx:speed>
</gpxtpx:TrackPointExtension>
<opentracks:accuracy_horizontal>1.02</opentracks:accuracy_horizontal></extensions>
</trkpt>
<trkpt lat="50.455207" lon="-104.583834">
<ele>556</ele>
<time>2026-09-29T17:57:27.981-06:00</time>
<extensions>
<gpxtpx:TrackPointExtension>
<gpxtpx:speed>6.87</gpxtpx:speed>
</gpxtpx:TrackPointExtension>
<opentracks:accuracy_horizontal>1.02</opentracks:accuracy_horizontal></extensions>
</trkpt>
<trkpt lat="50.455211" lon="-104.584033">
<ele>555</ele>
<time>2026-09-29T17:57:29.981-06:00</time>
<extensions>
<gpxtpx:TrackPointExtension>
<gpxtpx:speed>7.07</gpxtpx:speed>
</gpxtpx:TrackPointExtension>
<opentracks:accuracy_horizontal>1.02</opentracks:accuracy_horizontal></extensions>
</trkpt>
<trkpt lat="50.455209" lon="-104.584243">
<ele>554</ele>
<time>2026-09-29T17:57:31.979-06:00</time>
<extensions>
<gpxtpx:TrackPointExtension>
<gpxtpx:speed>7.26</gpxtpx:speed>
</gpxtpx:TrackPointExtension>
<opentracks:accuracy_horizontal>1.02</opentracks:accuracy_horizontal></extensions>
</trkpt>
<trkpt lat="50.455213" lon="-104.584441">
<ele>555</ele>
<time>2026-09-29T17:57:33.979-06:00</time>
<extensions>
<gpxtpx:TrackPointExtension>
<gpxtpx:speed>7.33</gpxtpx:speed>
</gpxtpx:TrackPointExtension>
<opentracks:accuracy_horizontal>1.02</opentracks:accuracy_horizontal></extensions>
</trkpt>
<trkpt lat="50.455202" lon="-104.584649">
<ele>556</ele>
<time>2026-09-29T17:57:35.984-06:00</time>
<extensions>
<gpxtpx:TrackPointExtension>
<gpxtpx:speed>6.83</gpxtpx:speed>
</gpxtpx:TrackPointExtension>
<opentracks:accuracy_horizontal>1.02</opentracks:accuracy_horizontal></extensions>
</trkpt>
<trkpt lat="50.455213" lon="-104.584849">
<ele>556</ele>
<time>2026-09-29T17:57:37.987-06:00</time>
<extensions>
<gpxtpx:TrackPointExtension>
<gpxtpx:speed>6.77</gpxtpx:speed>
</gpxtpx:TrackPointExtension>
<opentracks:accuracy_horizontal>0.51</opentracks:accuracy_horizontal></extensions>
</trkpt>
<trkpt lat="50.455213" lon="-104.585038">
<ele>556</ele>
<time>2026-09-29T17:57:39.983-06:00</time>
<extensions>
<gpxtpx:TrackPointExtension>
<gpxtpx:speed>6.8</gpxtpx:speed>
</gpxtpx:TrackPointExtension>
<opentracks:accuracy_horizontal>1.02</opentracks:accuracy_horizontal></extensions>
</trkpt>
<trkpt lat="50.455199" lon="-104.585233">
<ele>556</ele>
<time>2026-09-29T17:57:41.984-06:00</time>
<extensions>
<gpxtpx:TrackPointExtension>
<gpxtpx:speed>6.85</gpxtpx:speed>
</gpxtpx:TrackPointExtension>
<opentracks:accuracy_horizontal>1.02</opentracks:accuracy_horizontal></extensions>
</trkpt>
<trkpt lat="50.455209" lon="-104.585435">
<ele>556</ele>
<time>2026-09-29T17:57:44.002-06:00</time>
<extensions>
<gpxtpx:TrackPointExtension>
<gpxtpx:speed>6.86</gpxtpx:speed>
</gpxtpx:TrackPointExtension>
<opentracks:accuracy_horizontal>1.02</opentracks:accuracy_horizontal></extensions>
</trkpt>
<trkpt lat="50.455213" lon="-104.585642">
<ele>556</ele>
<time>2026-09-29T17:57:45.984-06:00</time>
<extensions>
<gpxtpx:TrackPointExtension>
<gpxtpx:speed>6.98</gpxtpx:speed>
</gpxtpx:TrackPointExtension>
<opentracks:accuracy_horizontal>0.51</opentracks:accuracy_horizontal></extensions>
</trkpt>
<trkpt lat="50.455221" lon="-104.585836">
<ele>557</ele>
<time>2026-09-29T17:57:47.975-06:00</time>
<extensions>
<gpxtpx:TrackPointExtension>
<gpxtpx:speed>6.75</gpxtpx:speed>
</gpxtpx:TrackPointExtension>
<opentracks:accuracy_horizontal>1.02</opentracks:accuracy_horizontal></extensions>
</trkpt>
<trkpt lat="50.455217" lon="-104.586018">
<ele>558</ele>
<time>2026-09-29T17:57:50.001-06:00</time>
<extensions>
<gpxtpx:TrackPointExtension>
<gpxtpx:speed>6.48</gpxtpx:speed>
</gpxtpx:TrackPointExtension>
<opentracks:accuracy_horizontal>1.02</opentracks:accuracy_horizontal></extensions>
</trkpt>
<trkpt lat="50.455216" lon="-104.586204">
<ele>559</ele>
<time>2026-09-29T17:57:51.995-06:00</time>
<extensions>
<gpxtpx:TrackPointExtension>
<gpxtpx:speed>6.38</gpxtpx:speed>
</gpxtpx:TrackPointExtension>
<opentracks:accuracy_horizontal>0.51</opentracks:accuracy_horizontal></extensions>
</trkpt>
<trkpt lat="50.455209" lon="-104.586379">
<ele>558</ele>
<time>2026-09-29T17:57:53.971-06:00</time>
<extensions>
<gpxtpx:TrackPointExtension>
<gpxtpx:speed>6.37</gpxtpx:speed>
</gpxtpx:TrackPointExtension>
<opentracks:accuracy_horizontal>1.02</opentracks:accuracy_horizontal></extensions>
</trkpt>
<trkpt lat="50.455212" lon="-104.586555">
<ele>558</ele>
<time>2026-09-29T17:57:55.983-06:00</time>
<extensions>
<gpxtpx:TrackPointExtension>
<gpxtpx:speed>6.07</gpxtpx:speed>
</gpxtpx:TrackPointExtension>
<opentracks:accuracy_horizontal>0.51</opentracks:accuracy_horizontal></extensions>
</trkpt>
<trkpt lat="50.455205" lon="-104.586718">
<ele>557</ele>
<time>2026-09-29T17:57:57.971-06:00</time>
<extensions>
<gpxtpx:TrackPointExtension>
<gpxtpx:speed>6.12</gpxtpx:speed>
</gpxtpx:TrackPointExtension>
<opentracks:accuracy_horizontal>0.51</opentracks:accuracy_horizontal></extensions>
</trkpt>
<trkpt lat="50.455198" lon="-104.586908">
<ele>558</ele>
<time>2026-09-29T17:58:00.008-06:00</time>
<extensions>
<gpxtpx:TrackPointExtension>
<gpxtpx:speed>6.42</gpxtpx:speed>
</gpxtpx:TrackPointExtension>
<opentracks:accuracy_horizontal>1.02</opentracks:accuracy_horizontal></extensions>
</trkpt>
<trkpt lat="50.455206" lon="-104.587093">
<ele>557</ele>
<time>2026-09-29T17:58:01.977-06:00</time>
<extensions>
<gpxtpx:TrackPointExtension>
<gpxtpx:speed>6.42</gpxtpx:speed>
</gpxtpx:TrackPointExtension>
<opentracks:accuracy_horizontal>1.02</opentracks:accuracy_horizontal></extensions>
</trkpt>
<trkpt lat="50.455201" lon="-104.587286">
<ele>558</ele>
<time>2026-09-29T17:58:03.991-06:00</time>
<extensions>
<gpxtpx:TrackPointExtension>
<gpxtpx:speed>6.52</gpxtpx:speed>
</gpxtpx:TrackPointExtension>
<opentracks:accuracy_horizontal>1.02</opentracks:accuracy_horizontal></extensions>
</trkpt>
<trkpt lat="50.455205" lon="-104.587458">
<ele>558</ele>
<time>2026-09-29T17:58:05.982-06:00</time>
<extensions>
<gpxtpx:TrackPointExtension>
<gpxtpx:speed>5.68</gpxtpx:speed>
</gpxtpx:TrackPointExtension>
<opentracks:accuracy_horizontal>1.02</opentracks:accuracy_horizontal></extensions>
</trkpt>
<trkpt lat="50.455207" lon="-104.58763">
<ele>559</ele>
<time>2026-09-29T17:58:07.99-06:00</time>
<extensions>
<gpxtpx:TrackPointExtension>
<gpxtpx:speed>5.93</gpxtpx:speed>
</gpxtpx:TrackPointExtension>
<opentracks:accuracy_horizontal>0.51</opentracks:accuracy_horizontal></extensions>
</trkpt>
<trkpt lat="50.455209" lon="-104.587803">
<ele>559</ele>
<time>2026-09-29T17:58:09.975-06:00</time>
<extensions>
<gpxtpx:TrackPointExtension>
<gpxtpx:speed>5.76</gpxtpx:speed>
</gpxtpx:TrackPointExtension>
<opentracks:accuracy_horizontal>1.02</opentracks:accuracy_horizontal></extensions>
</trkpt>
<trkpt lat="50.455203" lon="-104.587973">
<ele>559</ele>
<time>2026-09-29T17:58:11.989-06:00</time>
<extensions>
<gpxtpx:TrackPointExtension>
<gpxtpx:speed>5.92</gpxtpx:speed>
</gpxtpx:TrackPointExtension>
<opentracks:accuracy_horizontal>1.02</opentracks:accuracy_horizontal></extensions>
</trkpt>
<trkpt lat="50.455204" lon="-104.58816">
<ele>559</ele>
<time>2026-09-29T17:58:13.988-06:00</time>
<extensions>
<gpxtpx:TrackPointExtension>
<gpxtpx:speed>6.69</gpxtpx:speed>
</gpxtpx:TrackPointExtension>
<opentracks:accuracy_horizontal>0.51</opentracks:accuracy_horizontal></extensions>
</trkpt>
<trkpt lat="50.455205" lon="-104.588354">
<ele>559</ele>
<time>2026-09-29T17:58:15.989-06:00</time>
<extensions>
<gpxtpx:TrackPointExtension>
<gpxtpx:speed>6.87</gpxtpx:speed>
</gpxtpx:TrackPointExtension>
<opentracks:accuracy_horizontal>1.02</opentracks:accuracy_horizontal></extensions>
</trkpt>
<trkpt lat="50.455196" lon="-104.58854">
<ele>558</ele>
<time>2026-09-29T17:58:17.988-06:00</time>
<extensions>
<gpxtpx:TrackPointExtension>
<gpxtpx:speed>6.79</gpxtpx:speed>
</gpxtpx:TrackPointExtension>
<opentracks:accuracy_horizontal>1.02</opentracks:accuracy_horizontal></extensions>
</trkpt>
<trkpt lat="50.455191" lon="-104.58874">
<ele>558</ele>
<time>2026-09-29T17:58:19.986-06:00</time>
<extensions>
<gpxtpx:TrackPointExtension>
<gpxtpx:speed>6.48</gpxtpx:speed>
</gpxtpx:TrackPointExtension>
<opentracks:accuracy_horizontal>1.02</opentracks:accuracy_horizontal></extensions>
</trkpt>
<trkpt lat="50.455197" lon="-104.588922">
<ele>558</ele>
<time>2026-09-29T17:58:21.98-06:00</time>
<extensions>
<gpxtpx:TrackPointExtension>
<gpxtpx:speed>6.61</gpxtpx:speed>
</gpxtpx:TrackPointExtension>
<opentracks:accuracy_horizontal>0.51</opentracks:accuracy_horizontal></extensions>
</trkpt>
<trkpt lat="50.455189" lon="-104.589104">
<ele>558</ele>
<time>2026-09-29T17:58:23.985-06:00</time>
<extensions>
<gpxtpx:TrackPointExtension>
<gpxtpx:speed>6.3</gpxtpx:speed>
</gpxtpx:TrackPointExtension>
<opentracks:accuracy_horizontal>1.02</opentracks:accuracy_horizontal></extensions>
</trkpt>
<trkpt lat="50.455189" lon="-104.589279">
<ele>557</ele>
<time>2026-09-29T17:58:25.988-06:00</time>
<extensions>
<gpxtpx:TrackPointExtension>
<gpxtpx:speed>6.12</gpxtpx:speed>
</gpxtpx:TrackPointExtension>
<opentracks:accuracy_horizontal>1.02</opentracks:accuracy_horizontal></extensions>
</trkpt>
<trkpt lat="50.455186" lon="-104.589449">
<ele>557</ele>
<time>2026-09-29T17:58:27.993-06:00</time>
<extensions>
<gpxtpx:TrackPointExtension>
<gpxtpx:speed>6.03</gpxtpx:speed>
</gpxtpx:TrackPointExtension>
<opentracks:accuracy_horizontal>0.51</opentracks:accuracy_horizontal></extensions>
</trkpt>
<trkpt lat="50.455188" lon="-104.58962">
<ele>556</ele>
<time>2026-09-29T17:58:29.985-06:00</time>
<extensions>
<gpxtpx:TrackPointExtension>
<gpxtpx:speed>6.43</gpxtpx:speed>
</gpxtpx:TrackPointExtension>
<opentracks:accuracy_horizontal>1.02</opentracks:accuracy_horizontal></extensions>
</trkpt>
<trkpt lat="50.455184" lon="-104.589806">
<ele>556</ele>
<time>2026-09-29T17:58:31.995-06:00</time>
<extensions>
<gpxtpx:TrackPointExtension>
<gpxtpx:speed>6.69</gpxtpx:speed>
</gpxtpx:TrackPointExtension>
<opentracks:accuracy_horizontal>0.51</opentracks:accuracy_horizontal></extensions>
</trkpt>
<trkpt lat="50.455175" lon="-104.590006">
<ele>557</ele>
<time>2026-09-29T17:58:34.01-06:00</time>
<extensions>
<gpxtpx:TrackPointExtension>
<gpxtpx:speed>6.69</gpxtpx:speed>
</gpxtpx:TrackPointExtension>
<opentracks:accuracy_horizontal>1.02</opentracks:accuracy_horizontal></extensions>
</trkpt>
<trkpt lat="50.455176" lon="-104.590199">
<ele>557</ele>
<time>2026-09-29T17:58:35.988-06:00</time>
<extensions>
<gpxtpx:TrackPointExtension>
<gpxtpx:speed>6.7</gpxtpx:speed>
</gpxtpx:TrackPointExtension>
<opentracks:accuracy_horizontal>1.02</opentracks:accuracy_horizontal></extensions>
</trkpt>
<trkpt lat="50.455179" lon="-104.590389">
<ele>557</ele>
<time>2026-09-29T17:58:37.988-06:00</time>
<extensions>
<gpxtpx:TrackPointExtension>
<gpxtpx:speed>6.79</gpxtpx:speed>
</gpxtpx:TrackPointExtension>
<opentracks:accuracy_horizontal>1.02</opentracks:accuracy_horizontal></extensions>
</trkpt>
<trkpt lat="50.455179" lon="-104.590576">
<ele>558</ele>
<time>2026-09-29T17:58:39.978-06:00</time>
<extensions>
<gpxtpx:TrackPointExtension>
<gpxtpx:speed>6.68</gpxtpx:speed>
</gpxtpx:TrackPointExtension>
<opentracks:accuracy_horizontal>1.02</opentracks:accuracy_horizontal></extensions>
</trkpt>
<trkpt lat="50.455177" lon="-104.590751">
<ele>557</ele>
<time>2026-09-29T17:58:41.988-06:00</time>
<extensions>
<gpxtpx:TrackPointExtension>
<gpxtpx:speed>6.24</gpxtpx:speed>
</gpxtpx:TrackPointExtension>
<opentracks:accuracy_horizontal>1.02</opentracks:accuracy_horizontal></extensions>
</trkpt>
<trkpt lat="50.455177" lon="-104.590914">
<ele>556</ele>
<time>2026-09-29T17:58:43.978-06:00</time>
<extensions>
<gpxtpx:TrackPointExtension>
<gpxtpx:speed>5.63</gpxtpx:speed>
</gpxtpx:TrackPointExtension>
<opentracks:accuracy_horizontal>1.02</opentracks:accuracy_horizontal></extensions>
</trkpt>
<trkpt lat="50.455175" lon="-104.591082">
<ele>556</ele>
<time>2026-09-29T17:58:45.998-06:00</time>
<extensions>
<gpxtpx:TrackPointExtension>
<gpxtpx:speed>6.35</gpxtpx:speed>
</gpxtpx:TrackPointExtension>
<opentracks:accuracy_horizontal>1.02</opentracks:accuracy_horizontal></extensions>
</trkpt>
<trkpt lat="50.455179" lon="-104.591255">
<ele>557</ele>
<time>2026-09-29T17:58:47.975-06:00</time>
<extensions>
<gpxtpx:TrackPointExtension>
<gpxtpx:speed>5.66</gpxtpx:speed>
</gpxtpx:TrackPointExtension>
<opentracks:accuracy_horizontal>0.51</opentracks:accuracy_horizontal></extensions>
</trkpt>
<trkpt lat="50.455177" lon="-104.591423">
<ele>557</ele>
<time>2026-09-29T17:58:49.976-06:00</time>
<extensions>
<gpxtpx:TrackPointExtension>
<gpxtpx:speed>5.78</gpxtpx:speed>
</gpxtpx:TrackPointExtension>
<opentracks:accuracy_horizontal>1.02</opentracks:accuracy_horizontal></extensions>
</trkpt>
<trkpt lat="50.455177" lon="-104.5916">
<ele>557</ele>
<time>2026-09-29T17:58:51.968-06:00</time>
<extensions>
<gpxtpx:TrackPointExtension>
<gpxtpx:speed>6.31</gpxtpx:speed>
</gpxtpx:TrackPointExtension>
<opentracks:accuracy_horizontal>0.51</opentracks:accuracy_horizontal></extensions>
</trkpt>
<trkpt lat="50.455191" lon="-104.591779">
<ele>558</ele>
<time>2026-09-29T17:58:53.984-06:00</time>
<extensions>
<gpxtpx:TrackPointExtension>
<gpxtpx:speed>6.3</gpxtpx:speed>
</gpxtpx:TrackPointExtension>
<opentracks:accuracy_horizontal>1.02</opentracks:accuracy_horizontal></extensions>
</trkpt>
<trkpt lat="50.455197" lon="-104.591942">
<ele>557</ele>
<time>2026-09-29T17:58:55.969-06:00</time>
<extensions>
<gpxtpx:TrackPointExtension>
<gpxtpx:speed>6.08</gpxtpx:speed>
</gpxtpx:TrackPointExtension>
<opentracks:accuracy_horizontal>1.02</opentracks:accuracy_horizontal></extensions>
</trkpt>
<trkpt lat="50.455198" lon="-104.5921">
<ele>556</ele>
<time>2026-09-29T17:58:57.983-06:00</time>
<extensions>
<gpxtpx:TrackPointExtension>
<gpxtpx:speed>5.27</gpxtpx:speed>
</gpxtpx:TrackPointExtension>
<opentracks:accuracy_horizontal>1.02</opentracks:accuracy_horizontal></extensions>
</trkpt>
<trkpt lat="50.455199" lon="-104.592268">
<ele>556</ele>
<time>2026-09-29T17:58:59.982-06:00</time>
<extensions>
<gpxtpx:TrackPointExtension>
<gpxtpx:speed>5.46</gpxtpx:speed>
</gpxtpx:TrackPointExtension>
<opentracks:accuracy_horizontal>1.02</opentracks:accuracy_horizontal></extensions>
</trkpt>
<trkpt lat="50.455202" lon="-104.592412">
<ele>556</ele>
<time>2026-09-29T17:59:01.993-06:00</time>
<extensions>
<gpxtpx:TrackPointExtension>
<gpxtpx:speed>4.88</gpxtpx:speed>
</gpxtpx:TrackPointExtension>
<opentracks:accuracy_horizontal>1.02</opentracks:accuracy_horizontal></extensions>
</trkpt>
<trkpt lat="50.455198" lon="-104.592556">
<ele>556</ele>
<time>2026-09-29T17:59:03.997-06:00</time>
<extensions>
<gpxtpx:TrackPointExtension>
<gpxtpx:speed>5.64</gpxtpx:speed>
</gpxtpx:TrackPointExtension>
<opentracks:accuracy_horizontal>1.02</opentracks:accuracy_horizontal></extensions>
</trkpt>
<trkpt lat="50.4552" lon="-104.592718">
<ele>557</ele>
<time>2026-09-29T17:59:05.995-06:00</time>
<extensions>
<gpxtpx:TrackPointExtension>
<gpxtpx:speed>5.77</gpxtpx:speed>
</gpxtpx:TrackPointExtension>
<opentracks:accuracy_horizontal>1.02</opentracks:accuracy_horizontal></extensions>
</trkpt>
<trkpt lat="50.455189" lon="-104.592884">
<ele>556</ele>
<time>2026-09-29T17:59:07.989-06:00</time>
<extensions>
<gpxtpx:TrackPointExtension>
<gpxtpx:speed>5.72</gpxtpx:speed>
</gpxtpx:TrackPointExtension>
<opentracks:accuracy_horizontal>1.02</opentracks:accuracy_horizontal></extensions>
</trkpt>
<trkpt lat="50.455182" lon="-104.59305">
<ele>556</ele>
<time>2026-09-29T17:59:09.997-06:00</time>
<extensions>
<gpxtpx:TrackPointExtension>
<gpxtpx:speed>5.87</gpxtpx:speed>
</gpxtpx:TrackPointExtension>
<opentracks:accuracy_horizontal>1.02</opentracks:accuracy_horizontal></extensions>
</trkpt>
<trkpt lat="50.455184" lon="-104.59321">
<ele>556</ele>
<time>2026-09-29T17:59:11.998-06:00</time>
<extensions>
<gpxtpx:TrackPointExtension>
<gpxtpx:speed>5.63</gpxtpx:speed>
</gpxtpx:TrackPointExtension>
<opentracks:accuracy_horizontal>0.51</opentracks:accuracy_horizontal></extensions>
</trkpt>
<trkpt lat="50.455188" lon="-104.593368">
<ele>556</ele>
<time>2026-09-29T17:59:14.002-06:00</time>
<extensions>
<gpxtpx:TrackPointExtension>
<gpxtpx:speed>5.71</gpxtpx:speed>
</gpxtpx:TrackPointExtension>
<opentracks:accuracy_horizontal>1.02</opentracks:accuracy_horizontal></extensions>
</trkpt>
<trkpt lat="50.455187" lon="-104.593539">
<ele>556</ele>
<time>2026-09-29T17:59:15.98-06:00</time>
<extensions>
<gpxtpx:TrackPointExtension>
<gpxtpx:speed>6</gpxtpx:speed>
</gpxtpx:TrackPointExtension>
<opentracks:accuracy_horizontal>1.02</opentracks:accuracy_horizontal></extensions>
</trkpt>
<trkpt lat="50.455185" lon="-104.593707">
<ele>557</ele>
<time>2026-09-29T17:59:18.014-06:00</time>
<extensions>
<gpxtpx:TrackPointExtension>
<gpxtpx:speed>6.29</gpxtpx:speed>
</gpxtpx:TrackPointExtension>
<opentracks:accuracy_horizontal>1.02</opentracks:accuracy_horizontal></extensions>
</trkpt>
<trkpt lat="50.455168" lon="-104.593887">
<ele>557</ele>
<time>2026-09-29T17:59:19.98-06:00</time>
<extensions>
<gpxtpx:TrackPointExtension>
<gpxtpx:speed>6.29</gpxtpx:speed>
</gpxtpx:TrackPointExtension>
<opentracks:accuracy_horizontal>1.02</opentracks:accuracy_horizontal></extensions>
</trkpt>
<trkpt lat="50.45514" lon="-104.594055">
<ele>557</ele>
<time>2026-09-29T17:59:21.987-06:00</time>
<extensions>
<gpxtpx:TrackPointExtension>
<gpxtpx:speed>6.33</gpxtpx:speed>
</gpxtpx:TrackPointExtension>
<opentracks:accuracy_horizontal>0.51</opentracks:accuracy_horizontal></extensions>
</trkpt>
<trkpt lat="50.455107" lon="-104.594224">
<ele>557</ele>
<time>2026-09-29T17:59:23.989-06:00</time>
<extensions>
<gpxtpx:TrackPointExtension>
<gpxtpx:speed>6.03</gpxtpx:speed>
</gpxtpx:TrackPointExtension>
<opentracks:accuracy_horizontal>1.02</opentracks:accuracy_horizontal></extensions>
</trkpt>
<trkpt lat="50.45507" lon="-104.594386">
<ele>558</ele>
<time>2026-09-29T17:59:25.988-06:00</time>
<extensions>
<gpxtpx:TrackPointExtension>
<gpxtpx:speed>5.91</gpxtpx:speed>
</gpxtpx:TrackPointExtension>
<opentracks:accuracy_horizontal>1.02</opentracks:accuracy_horizontal></extensions>
</trkpt>
<trkpt lat="50.455031" lon="-104.59454">
<ele>558</ele>
<time>2026-09-29T17:59:27.989-06:00</time>
<extensions>
<gpxtpx:TrackPointExtension>
<gpxtpx:speed>5.8</gpxtpx:speed>
</gpxtpx:TrackPointExtension>
<opentracks:accuracy_horizontal>0.51</opentracks:accuracy_horizontal></extensions>
</trkpt>
<trkpt lat="50.454973" lon="-104.594727">
<ele>558</ele>
<time>2026-09-29T17:59:30.994-06:00</time>
<extensions>
<gpxtpx:TrackPointExtension>
<gpxtpx:speed>4.77</gpxtpx:speed>
</gpxtpx:TrackPointExtension>
<opentracks:accuracy_horizontal>1.02</opentracks:accuracy_horizontal></extensions>
</trkpt>
<trkpt lat="50.454927" lon="-104.594864">
<ele>557</ele>
<time>2026-09-29T17:59:34.001-06:00</time>
<extensions>
<gpxtpx:TrackPointExtension>
<gpxtpx:speed>3.23</gpxtpx:speed>
</gpxtpx:TrackPointExtension>
<opentracks:accuracy_horizontal>1.02</opentracks:accuracy_horizontal></extensions>
</trkpt>
<trkpt lat="50.454931" lon="-104.595034">
<ele>557</ele>
<time>2026-09-29T17:59:37.982-06:00</time>
<extensions>
<gpxtpx:TrackPointExtension>
<gpxtpx:speed>3.2</gpxtpx:speed>
</gpxtpx:TrackPointExtension>
<opentracks:accuracy_horizontal>4.082</opentracks:accuracy_horizontal></extensions>
</trkpt>
<trkpt lat="50.455023" lon="-104.595079">
<ele>557</ele>
<time>2026-09-29T17:59:41.996-06:00</time>
<extensions>
<gpxtpx:TrackPointExtension>
<gpxtpx:speed>2.38</gpxtpx:speed>
</gpxtpx:TrackPointExtension>
<opentracks:accuracy_horizontal>4.592</opentracks:accuracy_horizontal></extensions>
</trkpt>
<trkpt lat="50.455134" lon="-104.595079">
<ele>557</ele>
<time>2026-09-29T17:59:45.989-06:00</time>
<extensions>
<gpxtpx:TrackPointExtension>
<gpxtpx:speed>3.77</gpxtpx:speed>
</gpxtpx:TrackPointExtension>
<opentracks:accuracy_horizontal>5.612</opentracks:accuracy_horizontal></extensions>
</trkpt>
<trkpt lat="50.455235" lon="-104.595074">
<ele>557</ele>
<time>2026-09-29T17:59:48.989-06:00</time>
<extensions>
<gpxtpx:TrackPointExtension>
<gpxtpx:speed>4.19</gpxtpx:speed>
</gpxtpx:TrackPointExtension>
<opentracks:accuracy_horizontal>5.612</opentracks:accuracy_horizontal></extensions>
</trkpt>
<trkpt lat="50.455342" lon="-104.595073">
<ele>556</ele>
<time>2026-09-29T17:59:51.982-06:00</time>
<extensions>
<gpxtpx:TrackPointExtension>
<gpxtpx:speed>4.12</gpxtpx:speed>
</gpxtpx:TrackPointExtension>
<opentracks:accuracy_horizontal>4.082</opentracks:accuracy_horizontal></extensions>
</trkpt>
<trkpt lat="50.455434" lon="-104.595075">
<ele>556</ele>
<time>2026-09-29T17:59:54.994-06:00</time>
<extensions>
<gpxtpx:TrackPointExtension>
<gpxtpx:speed>3.26</gpxtpx:speed>
</gpxtpx:TrackPointExtension>
<opentracks:accuracy_horizontal>3.571</opentracks:accuracy_horizontal></extensions>
</trkpt>
<trkpt lat="50.455556" lon="-104.595073">
<ele>555</ele>
<time>2026-09-29T17:59:58.975-06:00</time>
<extensions>
<gpxtpx:TrackPointExtension>
<gpxtpx:speed>3.91</gpxtpx:speed>
</gpxtpx:TrackPointExtension>
<opentracks:accuracy_horizontal>5.102</opentracks:accuracy_horizontal></extensions>
</trkpt>
<trkpt lat="50.455648" lon="-104.595057">
<ele>555</ele>
<time>2026-09-29T18:00:01.954-06:00</time>
<extensions>
<gpxtpx:TrackPointExtension>
<gpxtpx:speed>3.13</gpxtpx:speed>
</gpxtpx:TrackPointExtension>
<opentracks:accuracy_horizontal>14.286</opentracks:accuracy_horizontal></extensions>
</trkpt>
<trkpt lat="50.455765" lon="-104.595058">
<ele>555</ele>
<time>2026-09-29T18:00:05.952-06:00</time>
<extensions>
<gpxtpx:TrackPointExtension>
<gpxtpx:speed>3.24</gpxtpx:speed>
</gpxtpx:TrackPointExtension>
<opentracks:accuracy_horizontal>20.918</opentracks:accuracy_horizontal></extensions>
</trkpt>
<trkpt lat="50.455873" lon="-104.595082">
<ele>555</ele>
<time>2026-09-29T18:00:08.978-06:00</time>
<extensions>
<gpxtpx:TrackPointExtension>
<gpxtpx:speed>4.25</gpxtpx:speed>
</gpxtpx:TrackPointExtension>
<opentracks:accuracy_horizontal>9.694</opentracks:accuracy_horizontal></extensions>
</trkpt>
<trkpt lat="50.45598" lon="-104.595089">
<ele>556</ele>
<time>2026-09-29T18:00:10.999-06:00</time>
<extensions>
<gpxtpx:TrackPointExtension>
<gpxtpx:speed>4.93</gpxtpx:speed>
</gpxtpx:TrackPointExtension>
<opentracks:accuracy_horizontal>3.061</opentracks:accuracy_horizontal></extensions>
</trkpt>
<trkpt lat="50.456072" lon="-104.595074">
<ele>555</ele>
<time>2026-09-29T18:00:12.972-06:00</time>
<extensions>
<gpxtpx:TrackPointExtension>
<gpxtpx:speed>5.44</gpxtpx:speed>
</gpxtpx:TrackPointExtension>
<opentracks:accuracy_horizontal>1.531</opentracks:accuracy_horizontal></extensions>
</trkpt>
<trkpt lat="50.456165" lon="-104.595068">
<ele>555</ele>
<time>2026-09-29T18:00:14.972-06:00</time>
<extensions>
<gpxtpx:TrackPointExtension>
<gpxtpx:speed>4.95</gpxtpx:speed>
</gpxtpx:TrackPointExtension>
<opentracks:accuracy_horizontal>1.531</opentracks:accuracy_horizontal></extensions>
</trkpt>
<trkpt lat="50.456294" lon="-104.595078">
<ele>554</ele>
<time>2026-09-29T18:00:17.975-06:00</time>
<extensions>
<gpxtpx:TrackPointExtension>
<gpxtpx:speed>5.03</gpxtpx:speed>
</gpxtpx:TrackPointExtension>
<opentracks:accuracy_horizontal>1.02</opentracks:accuracy_horizontal></extensions>
</trkpt>
<trkpt lat="50.45642" lon="-104.59507">
<ele>555</ele>
<time>2026-09-29T18:00:20.985-06:00</time>
<extensions>
<gpxtpx:TrackPointExtension>
<gpxtpx:speed>4.43</gpxtpx:speed>
</gpxtpx:TrackPointExtension>
<opentracks:accuracy_horizontal>1.02</opentracks:accuracy_horizontal></extensions>
</trkpt>
<trkpt lat="50.456531" lon="-104.595059">
<ele>557</ele>
<time>2026-09-29T18:00:23.979-06:00</time>
<extensions>
<gpxtpx:TrackPointExtension>
<gpxtpx:speed>4.12</gpxtpx:speed>
</gpxtpx:TrackPointExtension>
<opentracks:accuracy_horizontal>1.02</opentracks:accuracy_horizontal></extensions>
</trkpt>
<trkpt lat="50.456624" lon="-104.595028">
<ele>557</ele>
<time>2026-09-29T18:00:26.99-06:00</time>
<extensions>
<gpxtpx:TrackPointExtension>
<gpxtpx:speed>2.2</gpxtpx:speed>
</gpxtpx:TrackPointExtension>
<opentracks:accuracy_horizontal>1.02</opentracks:accuracy_horizontal></extensions>
</trkpt>
<trkpt lat="50.456725" lon="-104.59507">
<ele>556</ele>
<time>2026-09-29T18:00:35.986-06:00</time>
<extensions>
<gpxtpx:TrackPointExtension>
<gpxtpx:speed>3.65</gpxtpx:speed>
</gpxtpx:TrackPointExtension>
<opentracks:accuracy_horizontal>6.633</opentracks:accuracy_horizontal></extensions>
</trkpt>
<trkpt lat="50.456774" lon="-104.59523">
<ele>555</ele>
<time>2026-09-29T18:00:38.981-06:00</time>
<extensions>
<gpxtpx:TrackPointExtension>
<gpxtpx:speed>4.85</gpxtpx:speed>
</gpxtpx:TrackPointExtension>
<opentracks:accuracy_horizontal>4.592</opentracks:accuracy_horizontal></extensions>
</trkpt>
<trkpt lat="50.45678" lon="-104.595382">
<ele>555</ele>
<time>2026-09-29T18:00:40.989-06:00</time>
<extensions>
<gpxtpx:TrackPointExtension>
<gpxtpx:speed>5.73</gpxtpx:speed>
</gpxtpx:TrackPointExtension>
<opentracks:accuracy_horizontal>4.082</opentracks:accuracy_horizontal></extensions>
</trkpt>
<trkpt lat="50.456794" lon="-104.595548">
<ele>555</ele>
<time>2026-09-29T18:00:42.99-06:00</time>
<extensions>
<gpxtpx:TrackPointExtension>
<gpxtpx:speed>5.86</gpxtpx:speed>
</gpxtpx:TrackPointExtension>
<opentracks:accuracy_horizontal>1.02</opentracks:accuracy_horizontal></extensions>
</trkpt>
<trkpt lat="50.456805" lon="-104.595706">
<ele>554</ele>
<time>2026-09-29T18:00:44.978-06:00</time>
<extensions>
<gpxtpx:TrackPointExtension>
<gpxtpx:speed>5.6</gpxtpx:speed>
</gpxtpx:TrackPointExtension>
<opentracks:accuracy_horizontal>1.02</opentracks:accuracy_horizontal></extensions>
</trkpt>
<trkpt lat="50.456796" lon="-104.595867">
<ele>553</ele>
<time>2026-09-29T18:00:46.983-06:00</time>
<extensions>
<gpxtpx:TrackPointExtension>
<gpxtpx:speed>5.92</gpxtpx:speed>
</gpxtpx:TrackPointExtension>
<opentracks:accuracy_horizontal>0.51</opentracks:accuracy_horizontal></extensions>
</trkpt>
<trkpt lat="50.456797" lon="-104.596062">
<ele>554</ele>
<time>2026-09-29T18:00:48.988-06:00</time>
<extensions>
<gpxtpx:TrackPointExtension>
<gpxtpx:speed>6.41</gpxtpx:speed>
</gpxtpx:TrackPointExtension>
<opentracks:accuracy_horizontal>1.02</opentracks:accuracy_horizontal></extensions>
</trkpt>
<trkpt lat="50.456794" lon="-104.596241">
<ele>554</ele>
<time>2026-09-29T18:00:51.001-06:00</time>
<extensions>
<gpxtpx:TrackPointExtension>
<gpxtpx:speed>6.44</gpxtpx:speed>
</gpxtpx:TrackPointExtension>
<opentracks:accuracy_horizontal>1.02</opentracks:accuracy_horizontal></extensions>
</trkpt>
<trkpt lat="50.456798" lon="-104.596425">
<ele>554</ele>
<time>2026-09-29T18:00:52.991-06:00</time>
<extensions>
<gpxtpx:TrackPointExtension>
<gpxtpx:speed>6.53</gpxtpx:speed>
</gpxtpx:TrackPointExtension>
<opentracks:accuracy_horizontal>1.02</opentracks:accuracy_horizontal></extensions>
</trkpt>
<trkpt lat="50.456795" lon="-104.596613">
<ele>554</ele>
<time>2026-09-29T18:00:54.995-06:00</time>
<extensions>
<gpxtpx:TrackPointExtension>
<gpxtpx:speed>6.68</gpxtpx:speed>
</gpxtpx:TrackPointExtension>
<opentracks:accuracy_horizontal>0.51</opentracks:accuracy_horizontal></extensions>
</trkpt>
<trkpt lat="50.456795" lon="-104.596806">
<ele>555</ele>
<time>2026-09-29T18:00:56.987-06:00</time>
<extensions>
<gpxtpx:TrackPointExtension>
<gpxtpx:speed>6.74</gpxtpx:speed>
</gpxtpx:TrackPointExtension>
<opentracks:accuracy_horizontal>1.02</opentracks:accuracy_horizontal></extensions>
</trkpt>
<trkpt lat="50.456793" lon="-104.596992">
<ele>555</ele>
<time>2026-09-29T18:00:58.989-06:00</time>
<extensions>
<gpxtpx:TrackPointExtension>
<gpxtpx:speed>6.74</gpxtpx:speed>
</gpxtpx:TrackPointExtension>
<opentracks:accuracy_horizontal>1.02</opentracks:accuracy_horizontal></extensions>
</trkpt>
<trkpt lat="50.456794" lon="-104.597176">
<ele>554</ele>
<time>2026-09-29T18:01:00.994-06:00</time>
<extensions>
<gpxtpx:TrackPointExtension>
<gpxtpx:speed>6.75</gpxtpx:speed>
</gpxtpx:TrackPointExtension>
<opentracks:accuracy_horizontal>1.02</opentracks:accuracy_horizontal></extensions>
</trkpt>
<trkpt lat="50.456797" lon="-104.597359">
<ele>555</ele>
<time>2026-09-29T18:01:02.988-06:00</time>
<extensions>
<gpxtpx:TrackPointExtension>
<gpxtpx:speed>6.83</gpxtpx:speed>
</gpxtpx:TrackPointExtension>
<opentracks:accuracy_horizontal>1.02</opentracks:accuracy_horizontal></extensions>
</trkpt>
<trkpt lat="50.456804" lon="-104.59754">
<ele>555</ele>
<time>2026-09-29T18:01:04.991-06:00</time>
<extensions>
<gpxtpx:TrackPointExtension>
<gpxtpx:speed>6.52</gpxtpx:speed>
</gpxtpx:TrackPointExtension>
<opentracks:accuracy_horizontal>1.02</opentracks:accuracy_horizontal></extensions>
</trkpt>
<trkpt lat="50.45681" lon="-104.59772">
<ele>555</ele>
<time>2026-09-29T18:01:06.985-06:00</time>
<extensions>
<gpxtpx:TrackPointExtension>
<gpxtpx:speed>6.54</gpxtpx:speed>
</gpxtpx:TrackPointExtension>
<opentracks:accuracy_horizontal>1.02</opentracks:accuracy_horizontal></extensions>
</trkpt>
<trkpt lat="50.456803" lon="-104.597918">
<ele>555</ele>
<time>2026-09-29T18:01:08.993-06:00</time>
<extensions>
<gpxtpx:TrackPointExtension>
<gpxtpx:speed>6.55</gpxtpx:speed>
</gpxtpx:TrackPointExtension>
<opentracks:accuracy_horizontal>1.02</opentracks:accuracy_horizontal></extensions>
</trkpt>
<trkpt lat="50.456801" lon="-104.5981">
<ele>555</ele>
<time>2026-09-29T18:01:10.995-06:00</time>
<extensions>
<gpxtpx:TrackPointExtension>
<gpxtpx:speed>6.42</gpxtpx:speed>
</gpxtpx:TrackPointExtension>
<opentracks:accuracy_horizontal>1.02</opentracks:accuracy_horizontal></extensions>
</trkpt>
<trkpt lat="50.456803" lon="-104.598297">
<ele>555</ele>
<time>2026-09-29T18:01:13.01-06:00</time>
<extensions>
<gpxtpx:TrackPointExtension>
<gpxtpx:speed>6.74</gpxtpx:speed>
</gpxtpx:TrackPointExtension>
<opentracks:accuracy_horizontal>1.02</opentracks:accuracy_horizontal></extensions>
</trkpt>
<trkpt lat="50.45679" lon="-104.598491">
<ele>555</ele>
<time>2026-09-29T18:01:15.001-06:00</time>
<extensions>
<gpxtpx:TrackPointExtension>
<gpxtpx:speed>6.69</gpxtpx:speed>
</gpxtpx:TrackPointExtension>
<opentracks:accuracy_horizontal>1.02</opentracks:accuracy_horizontal></extensions>
</trkpt>
<trkpt lat="50.456795" lon="-104.598666">
<ele>555</ele>
<time>2026-09-29T18:01:16.989-06:00</time>
<extensions>
<gpxtpx:TrackPointExtension>
<gpxtpx:speed>6.52</gpxtpx:speed>
</gpxtpx:TrackPointExtension>
<opentracks:accuracy_horizontal>1.02</opentracks:accuracy_horizontal></extensions>
</trkpt>
<trkpt lat="50.456799" lon="-104.598848">
<ele>555</ele>
<time>2026-09-29T18:01:18.986-06:00</time>
<extensions>
<gpxtpx:TrackPointExtension>
<gpxtpx:speed>6.67</gpxtpx:speed>
</gpxtpx:TrackPointExtension>
<opentracks:accuracy_horizontal>1.02</opentracks:accuracy_horizontal></extensions>
</trkpt>
<trkpt lat="50.456798" lon="-104.599039">
<ele>554</ele>
<time>2026-09-29T18:01:20.989-06:00</time>
<extensions>
<gpxtpx:TrackPointExtension>
<gpxtpx:speed>6.53</gpxtpx:speed>
</gpxtpx:TrackPointExtension>
<opentracks:accuracy_horizontal>1.02</opentracks:accuracy_horizontal></extensions>
</trkpt>
<trkpt lat="50.456795" lon="-104.599218">
<ele>555</ele>
<time>2026-09-29T18:01:22.997-06:00</time>
<extensions>
<gpxtpx:TrackPointExtension>
<gpxtpx:speed>6.83</gpxtpx:speed>
</gpxtpx:TrackPointExtension>
<opentracks:accuracy_horizontal>1.02</opentracks:accuracy_horizontal></extensions>
</trkpt>
<trkpt lat="50.456797" lon="-104.599399">
<ele>555</ele>
<time>2026-09-29T18:01:25.006-06:00</time>
<extensions>
<gpxtpx:TrackPointExtension>
<gpxtpx:speed>6.76</gpxtpx:speed>
</gpxtpx:TrackPointExtension>
<opentracks:accuracy_horizontal>0.51</opentracks:accuracy_horizontal></extensions>
</trkpt>
<trkpt lat="50.456798" lon="-104.599594">
<ele>555</ele>
<time>2026-09-29T18:01:26.998-06:00</time>
<extensions>
<gpxtpx:TrackPointExtension>
<gpxtpx:speed>6.78</gpxtpx:speed>
</gpxtpx:TrackPointExtension>
<opentracks:accuracy_horizontal>1.02</opentracks:accuracy_horizontal></extensions>
</trkpt>
<trkpt lat="50.456793" lon="-104.599791">
<ele>556</ele>
<time>2026-09-29T18:01:28.995-06:00</time>
<extensions>
<gpxtpx:TrackPointExtension>
<gpxtpx:speed>6.8</gpxtpx:speed>
</gpxtpx:TrackPointExtension>
<opentracks:accuracy_horizontal>1.02</opentracks:accuracy_horizontal></extensions>
</trkpt>
<trkpt lat="50.456792" lon="-104.599977">
<ele>556</ele>
<time>2026-09-29T18:01:31.014-06:00</time>
<extensions>
<gpxtpx:TrackPointExtension>
<gpxtpx:speed>6.83</gpxtpx:speed>
</gpxtpx:TrackPointExtension>
<opentracks:accuracy_horizontal>1.02</opentracks:accuracy_horizontal></extensions>
</trkpt>
<trkpt lat="50.456797" lon="-104.600165">
<ele>556</ele>
<time>2026-09-29T18:01:32.984-06:00</time>
<extensions>
<gpxtpx:TrackPointExtension>
<gpxtpx:speed>6.74</gpxtpx:speed>
</gpxtpx:TrackPointExtension>
<opentracks:accuracy_horizontal>1.02</opentracks:accuracy_horizontal></extensions>
</trkpt>
<trkpt lat="50.456789" lon="-104.60036">
<ele>555</ele>
<time>2026-09-29T18:01:35.001-06:00</time>
<extensions>
<gpxtpx:TrackPointExtension>
<gpxtpx:speed>7.02</gpxtpx:speed>
</gpxtpx:TrackPointExtension>
<opentracks:accuracy_horizontal>1.02</opentracks:accuracy_horizontal></extensions>
</trkpt>
<trkpt lat="50.45679" lon="-104.600566">
<ele>554</ele>
<time>2026-09-29T18:01:36.992-06:00</time>
<extensions>
<gpxtpx:TrackPointExtension>
<gpxtpx:speed>7.16</gpxtpx:speed>
</gpxtpx:TrackPointExtension>
<opentracks:accuracy_horizontal>1.02</opentracks:accuracy_horizontal></extensions>
</trkpt>
<trkpt lat="50.456796" lon="-104.600764">
<ele>555</ele>
<time>2026-09-29T18:01:38.984-06:00</time>
<extensions>
<gpxtpx:TrackPointExtension>
<gpxtpx:speed>7.22</gpxtpx:speed>
</gpxtpx:TrackPointExtension>
<opentracks:accuracy_horizontal>0.51</opentracks:accuracy_horizontal></extensions>
</trkpt>
<trkpt lat="50.456803" lon="-104.60097">
<ele>555</ele>
<time>2026-09-29T18:01:40.987-06:00</time>
<extensions>
<gpxtpx:TrackPointExtension>
<gpxtpx:speed>7.28</gpxtpx:speed>
</gpxtpx:TrackPointExtension>
<opentracks:accuracy_horizontal>1.02</opentracks:accuracy_horizontal></extensions>
</trkpt>
<trkpt lat="50.456805" lon="-104.601179">
<ele>555</ele>
<time>2026-09-29T18:01:42.992-06:00</time>
<extensions>
<gpxtpx:TrackPointExtension>
<gpxtpx:speed>7.73</gpxtpx:speed>
</gpxtpx:TrackPointExtension>
<opentracks:accuracy_horizontal>1.02</opentracks:accuracy_horizontal></extensions>
</trkpt>
<trkpt lat="50.456798" lon="-104.601386">
<ele>555</ele>
<time>2026-09-29T18:01:44.995-06:00</time>
<extensions>
<gpxtpx:TrackPointExtension>
<gpxtpx:speed>7.37</gpxtpx:speed>
</gpxtpx:TrackPointExtension>
<opentracks:accuracy_horizontal>1.02</opentracks:accuracy_horizontal></extensions>
</trkpt>
<trkpt lat="50.456795" lon="-104.601593">
<ele>555</ele>
<time>2026-09-29T18:01:46.999-06:00</time>
<extensions>
<gpxtpx:TrackPointExtension>
<gpxtpx:speed>7.28</gpxtpx:speed>
</gpxtpx:TrackPointExtension>
<opentracks:accuracy_horizontal>1.02</opentracks:accuracy_horizontal></extensions>
</trkpt>
<trkpt lat="50.456794" lon="-104.601792">
<ele>555</ele>
<time>2026-09-29T18:01:48.995-06:00</time>
<extensions>
<gpxtpx:TrackPointExtension>
<gpxtpx:speed>7.39</gpxtpx:speed>
</gpxtpx:TrackPointExtension>
<opentracks:accuracy_horizontal>0.51</opentracks:accuracy_horizontal></extensions>
</trkpt>
<trkpt lat="50.456792" lon="-104.602">
<ele>554</ele>
<time>2026-09-29T18:01:50.993-06:00</time>
<extensions>
<gpxtpx:TrackPointExtension>
<gpxtpx:speed>7.26</gpxtpx:speed>
</gpxtpx:TrackPointExtension>
<opentracks:accuracy_horizontal>1.02</opentracks:accuracy_horizontal></extensions>
</trkpt>
<trkpt lat="50.456793" lon="-104.602203">
<ele>555</ele>
<time>2026-09-29T18:01:53.015-06:00</time>
<extensions>
<gpxtpx:TrackPointExtension>
<gpxtpx:speed>7.13</gpxtpx:speed>
</gpxtpx:TrackPointExtension>
<opentracks:accuracy_horizontal>1.02</opentracks:accuracy_horizontal></extensions>
</trkpt>
<trkpt lat="50.456798" lon="-104.602408">
<ele>555</ele>
<time>2026-09-29T18:01:55.008-06:00</time>
<extensions>
<gpxtpx:TrackPointExtension>
<gpxtpx:speed>7.2</gpxtpx:speed>
</gpxtpx:TrackPointExtension>
<opentracks:accuracy_horizontal>1.02</opentracks:accuracy_horizontal></extensions>
</trkpt>
<trkpt lat="50.456802" lon="-104.602615">
<ele>555</ele>
<time>2026-09-29T18:01:56.993-06:00</time>
<extensions>
<gpxtpx:TrackPointExtension>
<gpxtpx:speed>7.15</gpxtpx:speed>
</gpxtpx:TrackPointExtension>
<opentracks:accuracy_horizontal>1.02</opentracks:accuracy_horizontal></extensions>
</trkpt>
<trkpt lat="50.456798" lon="-104.60281">
<ele>555</ele>
<time>2026-09-29T18:01:58.988-06:00</time>
<extensions>
<gpxtpx:TrackPointExtension>
<gpxtpx:speed>7.06</gpxtpx:speed>
</gpxtpx:TrackPointExtension>
<opentracks:accuracy_horizontal>1.02</opentracks:accuracy_horizontal></extensions>
</trkpt>
<trkpt lat="50.456794" lon="-104.603004">
<ele>555</ele>
<time>2026-09-29T18:02:00.986-06:00</time>
<extensions>
<gpxtpx:TrackPointExtension>
<gpxtpx:speed>7.02</gpxtpx:speed>
</gpxtpx:TrackPointExtension>
<opentracks:accuracy_horizontal>1.02</opentracks:accuracy_horizontal></extensions>
</trkpt>
<trkpt lat="50.456793" lon="-104.603201">
<ele>554</ele>
<time>2026-09-29T18:02:02.994-06:00</time>
<extensions>
<gpxtpx:TrackPointExtension>
<gpxtpx:speed>6.86</gpxtpx:speed>
</gpxtpx:TrackPointExtension>
<opentracks:accuracy_horizontal>1.02</opentracks:accuracy_horizontal></extensions>
</trkpt>
<trkpt lat="50.456795" lon="-104.603397">
<ele>553</ele>
<time>2026-09-29T18:02:04.987-06:00</time>
<extensions>
<gpxtpx:TrackPointExtension>
<gpxtpx:speed>6.83</gpxtpx:speed>
</gpxtpx:TrackPointExtension>
<opentracks:accuracy_horizontal>1.02</opentracks:accuracy_horizontal></extensions>
</trkpt>
<trkpt lat="50.456791" lon="-104.603602">
<ele>553</ele>
<time>2026-09-29T18:02:06.996-06:00</time>
<extensions>
<gpxtpx:TrackPointExtension>
<gpxtpx:speed>7.61</gpxtpx:speed>
</gpxtpx:TrackPointExtension>
<opentracks:accuracy_horizontal>1.02</opentracks:accuracy_horizontal></extensions>
</trkpt>
<trkpt lat="50.456791" lon="-104.603797">
<ele>554</ele>
<time>2026-09-29T18:02:08.981-06:00</time>
<extensions>
<gpxtpx:TrackPointExtension>
<gpxtpx:speed>7.3</gpxtpx:speed>
</gpxtpx:TrackPointExtension>
<opentracks:accuracy_horizontal>1.02</opentracks:accuracy_horizontal></extensions>
</trkpt>
<trkpt lat="50.456788" lon="-104.603997">
<ele>555</ele>
<time>2026-09-29T18:02:10.994-06:00</time>
<extensions>
<gpxtpx:TrackPointExtension>
<gpxtpx:speed>6.97</gpxtpx:speed>
</gpxtpx:TrackPointExtension>
<opentracks:accuracy_horizontal>1.02</opentracks:accuracy_horizontal></extensions>
</trkpt>
<trkpt lat="50.456791" lon="-104.60419">
<ele>554</ele>
<time>2026-09-29T18:02:12.985-06:00</time>
<extensions>
<gpxtpx:TrackPointExtension>
<gpxtpx:speed>6.93</gpxtpx:speed>
</gpxtpx:TrackPointExtension>
<opentracks:accuracy_horizontal>1.02</opentracks:accuracy_horizontal></extensions>
</trkpt>
<trkpt lat="50.45679" lon="-104.604389">
<ele>555</ele>
<time>2026-09-29T18:02:14.979-06:00</time>
<extensions>
<gpxtpx:TrackPointExtension>
<gpxtpx:speed>6.94</gpxtpx:speed>
</gpxtpx:TrackPointExtension>
<opentracks:accuracy_horizontal>0.51</opentracks:accuracy_horizontal></extensions>
</trkpt>
<trkpt lat="50.456789" lon="-104.604574">
<ele>555</ele>
<time>2026-09-29T18:02:16.975-06:00</time>
<extensions>
<gpxtpx:TrackPointExtension>
<gpxtpx:speed>6.58</gpxtpx:speed>
</gpxtpx:TrackPointExtension>
<opentracks:accuracy_horizontal>1.02</opentracks:accuracy_horizontal></extensions>
</trkpt>
<trkpt lat="50.456791" lon="-104.604756">
<ele>555</ele>
<time>2026-09-29T18:02:18.984-06:00</time>
<extensions>
<gpxtpx:TrackPointExtension>
<gpxtpx:speed>6.22</gpxtpx:speed>
</gpxtpx:TrackPointExtension>
<opentracks:accuracy_horizontal>1.02</opentracks:accuracy_horizontal></extensions>
</trkpt>
<trkpt lat="50.45679" lon="-104.604928">
<ele>555</ele>
<time>2026-09-29T18:02:20.985-06:00</time>
<extensions>
<gpxtpx:TrackPointExtension>
<gpxtpx:speed>5.7</gpxtpx:speed>
</gpxtpx:TrackPointExtension>
<opentracks:accuracy_horizontal>0.51</opentracks:accuracy_horizontal></extensions>
</trkpt>
<trkpt lat="50.456794" lon="-104.605092">
<ele>556</ele>
<time>2026-09-29T18:02:22.987-06:00</time>
<extensions>
<gpxtpx:TrackPointExtension>
<gpxtpx:speed>5.66</gpxtpx:speed>
</gpxtpx:TrackPointExtension>
<opentracks:accuracy_horizontal>1.02</opentracks:accuracy_horizontal></extensions>
</trkpt>
<trkpt lat="50.4568" lon="-104.605248">
<ele>556</ele>
<time>2026-09-29T18:02:25-06:00</time>
<extensions>
<gpxtpx:TrackPointExtension>
<gpxtpx:speed>5.34</gpxtpx:speed>
</gpxtpx:TrackPointExtension>
<opentracks:accuracy_horizontal>5.612</opentracks:accuracy_horizontal></extensions>
</trkpt>
<trkpt lat="50.4568" lon="-104.605389">
<ele>556</ele>
<time>2026-09-29T18:02:26.985-06:00</time>
<extensions>
<gpxtpx:TrackPointExtension>
<gpxtpx:speed>5.19</gpxtpx:speed>
</gpxtpx:TrackPointExtension>
<opentracks:accuracy_horizontal>3.571</opentracks:accuracy_horizontal></extensions>
</trkpt>
<trkpt lat="50.456811" lon="-104.60559">
<ele>556</ele>
<time>2026-09-29T18:02:29.995-06:00</time>
<extensions>
<gpxtpx:TrackPointExtension>
<gpxtpx:speed>4.74</gpxtpx:speed>
</gpxtpx:TrackPointExtension>
<opentracks:accuracy_horizontal>1.02</opentracks:accuracy_horizontal></extensions>
</trkpt>
<trkpt lat="50.456803" lon="-104.605784">
<ele>556</ele>
<time>2026-09-29T18:02:32.995-06:00</time>
<extensions>
<gpxtpx:TrackPointExtension>
<gpxtpx:speed>4.27</gpxtpx:speed>
</gpxtpx:TrackPointExtension>
<opentracks:accuracy_horizontal>1.02</opentracks:accuracy_horizontal></extensions>
</trkpt>
<trkpt lat="50.456795" lon="-104.605964">
<ele>557</ele>
<time>2026-09-29T18:02:35.99-06:00</time>
<extensions>
<gpxtpx:TrackPointExtension>
<gpxtpx:speed>3.87</gpxtpx:speed>
</gpxtpx:TrackPointExtension>
<opentracks:accuracy_horizontal>1.02</opentracks:accuracy_horizontal></extensions>
</trkpt>
<trkpt lat="50.456789" lon="-104.606105">
<ele>557</ele>
<time>2026-09-29T18:02:39.014-06:00</time>
<extensions>
<gpxtpx:TrackPointExtension>
<gpxtpx:speed>2.74</gpxtpx:speed>
</gpxtpx:TrackPointExtension>
<opentracks:accuracy_horizontal>4.082</opentracks:accuracy_horizontal></extensions>
</trkpt>
<trkpt lat="50.456795" lon="-104.606258">
<ele>556</ele>
<time>2026-09-29T18:02:47.985-06:00</time>
<extensions>
<gpxtpx:TrackPointExtension>
<gpxtpx:speed>1.56</gpxtpx:speed>
</gpxtpx:TrackPointExtension>
<opentracks:accuracy_horizontal>3.061</opentracks:accuracy_horizontal></extensions>
</trkpt>
<trkpt lat="50.4568" lon="-104.606411">
<ele>555</ele>
<time>2026-09-29T18:02:51.004-06:00</time>
<extensions>
<gpxtpx:TrackPointExtension>
<gpxtpx:speed>4.04</gpxtpx:speed>
</gpxtpx:TrackPointExtension>
<opentracks:accuracy_horizontal>5.102</opentracks:accuracy_horizontal></extensions>
</trkpt>
<trkpt lat="50.456787" lon="-104.60662">
<ele>554</ele>
<time>2026-09-29T18:02:53.984-06:00</time>
<extensions>
<gpxtpx:TrackPointExtension>
<gpxtpx:speed>5.48</gpxtpx:speed>
</gpxtpx:TrackPointExtension>
<opentracks:accuracy_horizontal>4.082</opentracks:accuracy_horizontal></extensions>
</trkpt>
<trkpt lat="50.456802" lon="-104.606787">
<ele>553</ele>
<time>2026-09-29T18:02:55.993-06:00</time>
<extensions>
<gpxtpx:TrackPointExtension>
<gpxtpx:speed>5.46</gpxtpx:speed>
</gpxtpx:TrackPointExtension>
<opentracks:accuracy_horizontal>4.592</opentracks:accuracy_horizontal></extensions>
</trkpt>
<trkpt lat="50.456801" lon="-104.606962">
<ele>554</ele>
<time>2026-09-29T18:02:57.989-06:00</time>
<extensions>
<gpxtpx:TrackPointExtension>
<gpxtpx:speed>6.11</gpxtpx:speed>
</gpxtpx:TrackPointExtension>
<opentracks:accuracy_horizontal>1.02</opentracks:accuracy_horizontal></extensions>
</trkpt>
<trkpt lat="50.456788" lon="-104.607152">
<ele>553</ele>
<time>2026-09-29T18:02:59.987-06:00</time>
<extensions>
<gpxtpx:TrackPointExtension>
<gpxtpx:speed>6.39</gpxtpx:speed>
</gpxtpx:TrackPointExtension>
<opentracks:accuracy_horizontal>1.02</opentracks:accuracy_horizontal></extensions>
</trkpt>
<trkpt lat="50.456788" lon="-104.607316">
<ele>553</ele>
<time>2026-09-29T18:03:01.984-06:00</time>
<extensions>
<gpxtpx:TrackPointExtension>
<gpxtpx:speed>6.01</gpxtpx:speed>
</gpxtpx:TrackPointExtension>
<opentracks:accuracy_horizontal>1.02</opentracks:accuracy_horizontal></extensions>
</trkpt>
<trkpt lat="50.456787" lon="-104.607496">
<ele>552</ele>
<time>2026-09-29T18:03:03.981-06:00</time>
<extensions>
<gpxtpx:TrackPointExtension>
<gpxtpx:speed>6.4</gpxtpx:speed>
</gpxtpx:TrackPointExtension>
<opentracks:accuracy_horizontal>1.02</opentracks:accuracy_horizontal></extensions>
</trkpt>
<trkpt lat="50.456788" lon="-104.607698">
<ele>551</ele>
<time>2026-09-29T18:03:05.983-06:00</time>
<extensions>
<gpxtpx:TrackPointExtension>
<gpxtpx:speed>7.21</gpxtpx:speed>
</gpxtpx:TrackPointExtension>
<opentracks:accuracy_horizontal>1.02</opentracks:accuracy_horizontal></extensions>
</trkpt>
<trkpt lat="50.456785" lon="-104.607913">
<ele>552</ele>
<time>2026-09-29T18:03:07.993-06:00</time>
<extensions>
<gpxtpx:TrackPointExtension>
<gpxtpx:speed>7.22</gpxtpx:speed>
</gpxtpx:TrackPointExtension>
<opentracks:accuracy_horizontal>1.02</opentracks:accuracy_horizontal></extensions>
</trkpt>
<trkpt lat="50.456778" lon="-104.608124">
<ele>554</ele>
<time>2026-09-29T18:03:09.989-06:00</time>
<extensions>
<gpxtpx:TrackPointExtension>
<gpxtpx:speed>7.15</gpxtpx:speed>
</gpxtpx:TrackPointExtension>
<opentracks:accuracy_horizontal>1.02</opentracks:accuracy_horizontal></extensions>
</trkpt>
<trkpt lat="50.45677" lon="-104.608331">
<ele>554</ele>
<time>2026-09-29T18:03:11.997-06:00</time>
<extensions>
<gpxtpx:TrackPointExtension>
<gpxtpx:speed>7.33</gpxtpx:speed>
</gpxtpx:TrackPointExtension>
<opentracks:accuracy_horizontal>1.02</opentracks:accuracy_horizontal></extensions>
</trkpt>
<trkpt lat="50.456778" lon="-104.608541">
<ele>555</ele>
<time>2026-09-29T18:03:13.994-06:00</time>
<extensions>
<gpxtpx:TrackPointExtension>
<gpxtpx:speed>7.47</gpxtpx:speed>
</gpxtpx:TrackPointExtension>
<opentracks:accuracy_horizontal>1.02</opentracks:accuracy_horizontal></extensions>
</trkpt>
<trkpt lat="50.456778" lon="-104.608753">
<ele>556</ele>
<time>2026-09-29T18:03:15.982-06:00</time>
<extensions>
<gpxtpx:TrackPointExtension>
<gpxtpx:speed>7.59</gpxtpx:speed>
</gpxtpx:TrackPointExtension>
<opentracks:accuracy_horizontal>1.02</opentracks:accuracy_horizontal></extensions>
</trkpt>
<trkpt lat="50.456784" lon="-104.608959">
<ele>556</ele>
<time>2026-09-29T18:03:17.995-06:00</time>
<extensions>
<gpxtpx:TrackPointExtension>
<gpxtpx:speed>7.46</gpxtpx:speed>
</gpxtpx:TrackPointExtension>
<opentracks:accuracy_horizontal>1.02</opentracks:accuracy_horizontal></extensions>
</trkpt>
<trkpt lat="50.456808" lon="-104.609167">
<ele>556</ele>
<time>2026-09-29T18:03:19.986-06:00</time>
<extensions>
<gpxtpx:TrackPointExtension>
<gpxtpx:speed>7.29</gpxtpx:speed>
</gpxtpx:TrackPointExtension>
<opentracks:accuracy_horizontal>0.51</opentracks:accuracy_horizontal></extensions>
</trkpt>
<trkpt lat="50.456784" lon="-104.60937">
<ele>556</ele>
<time>2026-09-29T18:03:22.008-06:00</time>
<extensions>
<gpxtpx:TrackPointExtension>
<gpxtpx:speed>7.2</gpxtpx:speed>
</gpxtpx:TrackPointExtension>
<opentracks:accuracy_horizontal>1.02</opentracks:accuracy_horizontal></extensions>
</trkpt>
<trkpt lat="50.456789" lon="-104.609568">
<ele>556</ele>
<time>2026-09-29T18:03:24-06:00</time>
<extensions>
<gpxtpx:TrackPointExtension>
<gpxtpx:speed>7.27</gpxtpx:speed>
</gpxtpx:TrackPointExtension>
<opentracks:accuracy_horizontal>1.02</opentracks:accuracy_horizontal></extensions>
</trkpt>
<trkpt lat="50.456794" lon="-104.609764">
<ele>557</ele>
<time>2026-09-29T18:03:25.998-06:00</time>
<extensions>
<gpxtpx:TrackPointExtension>
<gpxtpx:speed>7.12</gpxtpx:speed>
</gpxtpx:TrackPointExtension>
<opentracks:accuracy_horizontal>1.02</opentracks:accuracy_horizontal></extensions>
</trkpt>
<trkpt lat="50.456797" lon="-104.609961">
<ele>557</ele>
<time>2026-09-29T18:03:28.009-06:00</time>
<extensions>
<gpxtpx:TrackPointExtension>
<gpxtpx:speed>7.01</gpxtpx:speed>
</gpxtpx:TrackPointExtension>
<opentracks:accuracy_horizontal>0.51</opentracks:accuracy_horizontal></extensions>
</trkpt>
<trkpt lat="50.456788" lon="-104.610154">
<ele>556</ele>
<time>2026-09-29T18:03:30.007-06:00</time>
<extensions>
<gpxtpx:TrackPointExtension>
<gpxtpx:speed>6.93</gpxtpx:speed>
</gpxtpx:TrackPointExtension>
<opentracks:accuracy_horizontal>1.02</opentracks:accuracy_horizontal></extensions>
</trkpt>
<trkpt lat="50.456787" lon="-104.61035">
<ele>556</ele>
<time>2026-09-29T18:03:31.979-06:00</time>
<extensions>
<gpxtpx:TrackPointExtension>
<gpxtpx:speed>7.08</gpxtpx:speed>
</gpxtpx:TrackPointExtension>
<opentracks:accuracy_horizontal>1.02</opentracks:accuracy_horizontal></extensions>
</trkpt>
<trkpt lat="50.45678" lon="-104.610551">
<ele>557</ele>
<time>2026-09-29T18:03:33.999-06:00</time>
<extensions>
<gpxtpx:TrackPointExtension>
<gpxtpx:speed>6.85</gpxtpx:speed>
</gpxtpx:TrackPointExtension>
<opentracks:accuracy_horizontal>1.02</opentracks:accuracy_horizontal></extensions>
</trkpt>
<trkpt lat="50.456789" lon="-104.610737">
<ele>556</ele>
<time>2026-09-29T18:03:36.01-06:00</time>
<extensions>
<gpxtpx:TrackPointExtension>
<gpxtpx:speed>6.87</gpxtpx:speed>
</gpxtpx:TrackPointExtension>
<opentracks:accuracy_horizontal>0.51</opentracks:accuracy_horizontal></extensions>
</trkpt>
<trkpt lat="50.45679" lon="-104.610922">
<ele>555</ele>
<time>2026-09-29T18:03:37.994-06:00</time>
<extensions>
<gpxtpx:TrackPointExtension>
<gpxtpx:speed>6.63</gpxtpx:speed>
</gpxtpx:TrackPointExtension>
<opentracks:accuracy_horizontal>1.02</opentracks:accuracy_horizontal></extensions>
</trkpt>
<trkpt lat="50.456782" lon="-104.611116">
<ele>555</ele>
<time>2026-09-29T18:03:39.992-06:00</time>
<extensions>
<gpxtpx:TrackPointExtension>
<gpxtpx:speed>6.61</gpxtpx:speed>
</gpxtpx:TrackPointExtension>
<opentracks:accuracy_horizontal>1.02</opentracks:accuracy_horizontal></extensions>
</trkpt>
<trkpt lat="50.456782" lon="-104.611303">
<ele>555</ele>
<time>2026-09-29T18:03:41.991-06:00</time>
<extensions>
<gpxtpx:TrackPointExtension>
<gpxtpx:speed>6.66</gpxtpx:speed>
</gpxtpx:TrackPointExtension>
<opentracks:accuracy_horizontal>1.02</opentracks:accuracy_horizontal></extensions>
</trkpt>
<trkpt lat="50.456792" lon="-104.611498">
<ele>555</ele>
<time>2026-09-29T18:03:43.99-06:00</time>
<extensions>
<gpxtpx:TrackPointExtension>
<gpxtpx:speed>6.66</gpxtpx:speed>
</gpxtpx:TrackPointExtension>
<opentracks:accuracy_horizontal>1.02</opentracks:accuracy_horizontal></extensions>
</trkpt>
<trkpt lat="50.456791" lon="-104.611684">
<ele>555</ele>
<time>2026-09-29T18:03:45.988-06:00</time>
<extensions>
<gpxtpx:TrackPointExtension>
<gpxtpx:speed>6.73</gpxtpx:speed>
</gpxtpx:TrackPointExtension>
<opentracks:accuracy_horizontal>1.02</opentracks:accuracy_horizontal></extensions>
</trkpt>
<trkpt lat="50.456786" lon="-104.611871">
<ele>555</ele>
<time>2026-09-29T18:03:47.982-06:00</time>
<extensions>
<gpxtpx:TrackPointExtension>
<gpxtpx:speed>6.65</gpxtpx:speed>
</gpxtpx:TrackPointExtension>
<opentracks:accuracy_horizontal>1.02</opentracks:accuracy_horizontal></extensions>
</trkpt>
<trkpt lat="50.456784" lon="-104.612062">
<ele>554</ele>
<time>2026-09-29T18:03:50.002-06:00</time>
<extensions>
<gpxtpx:TrackPointExtension>
<gpxtpx:speed>6.83</gpxtpx:speed>
</gpxtpx:TrackPointExtension>
<opentracks:accuracy_horizontal>1.02</opentracks:accuracy_horizontal></extensions>
</trkpt>
<trkpt lat="50.45678" lon="-104.612255">
<ele>555</ele>
<time>2026-09-29T18:03:51.998-06:00</time>
<extensions>
<gpxtpx:TrackPointExtension>
<gpxtpx:speed>6.85</gpxtpx:speed>
</gpxtpx:TrackPointExtension>
<opentracks:accuracy_horizontal>0.51</opentracks:accuracy_horizontal></extensions>
</trkpt>
<trkpt lat="50.456772" lon="-104.612442">
<ele>554</ele>
<time>2026-09-29T18:03:53.99-06:00</time>
<extensions>
<gpxtpx:TrackPointExtension>
<gpxtpx:speed>6.93</gpxtpx:speed>
</gpxtpx:TrackPointExtension>
<opentracks:accuracy_horizontal>1.02</opentracks:accuracy_horizontal></extensions>
</trkpt>
<trkpt lat="50.45677" lon="-104.612661">
<ele>554</ele>
<time>2026-09-29T18:03:55.999-06:00</time>
<extensions>
<gpxtpx:TrackPointExtension>
<gpxtpx:speed>7.56</gpxtpx:speed>
</gpxtpx:TrackPointExtension>
<opentracks:accuracy_horizontal>1.02</opentracks:accuracy_horizontal></extensions>
</trkpt>
<trkpt lat="50.456778" lon="-104.612867">
<ele>554</ele>
<time>2026-09-29T18:03:57.998-06:00</time>
<extensions>
<gpxtpx:TrackPointExtension>
<gpxtpx:speed>7.67</gpxtpx:speed>
</gpxtpx:TrackPointExtension>
<opentracks:accuracy_horizontal>1.02</opentracks:accuracy_horizontal></extensions>
</trkpt>
<trkpt lat="50.456768" lon="-104.61308">
<ele>555</ele>
<time>2026-09-29T18:03:59.999-06:00</time>
<extensions>
<gpxtpx:TrackPointExtension>
<gpxtpx:speed>7.36</gpxtpx:speed>
</gpxtpx:TrackPointExtension>
<opentracks:accuracy_horizontal>1.02</opentracks:accuracy_horizontal></extensions>
</trkpt>
<trkpt lat="50.456771" lon="-104.613294">
<ele>554</ele>
<time>2026-09-29T18:04:01.994-06:00</time>
<extensions>
<gpxtpx:TrackPointExtension>
<gpxtpx:speed>7.25</gpxtpx:speed>
</gpxtpx:TrackPointExtension>
<opentracks:accuracy_horizontal>1.02</opentracks:accuracy_horizontal></extensions>
</trkpt>
<trkpt lat="50.456782" lon="-104.613511">
<ele>555</ele>
<time>2026-09-29T18:04:03.992-06:00</time>
<extensions>
<gpxtpx:TrackPointExtension>
<gpxtpx:speed>7.5</gpxtpx:speed>
</gpxtpx:TrackPointExtension>
<opentracks:accuracy_horizontal>1.02</opentracks:accuracy_horizontal></extensions>
</trkpt>
<trkpt lat="50.456789" lon="-104.613721">
<ele>556</ele>
<time>2026-09-29T18:04:05.997-06:00</time>
<extensions>
<gpxtpx:TrackPointExtension>
<gpxtpx:speed>7.37</gpxtpx:speed>
</gpxtpx:TrackPointExtension>
<opentracks:accuracy_horizontal>1.02</opentracks:accuracy_horizontal></extensions>
</trkpt>
<trkpt lat="50.456789" lon="-104.613934">
<ele>556</ele>
<time>2026-09-29T18:04:08.001-06:00</time>
<extensions>
<gpxtpx:TrackPointExtension>
<gpxtpx:speed>7.42</gpxtpx:speed>
</gpxtpx:TrackPointExtension>
<opentracks:accuracy_horizontal>1.02</opentracks:accuracy_horizontal></extensions>
</trkpt>
<trkpt lat="50.456789" lon="-104.614132">
<ele>556</ele>
<time>2026-09-29T18:04:09.99-06:00</time>
<extensions>
<gpxtpx:TrackPointExtension>
<gpxtpx:speed>7.24</gpxtpx:speed>
</gpxtpx:TrackPointExtension>
<opentracks:accuracy_horizontal>1.02</opentracks:accuracy_horizontal></extensions>
</trkpt>
<trkpt lat="50.456785" lon="-104.614332">
<ele>556</ele>
<time>2026-09-29T18:04:11.991-06:00</time>
<extensions>
<gpxtpx:TrackPointExtension>
<gpxtpx:speed>6.76</gpxtpx:speed>
</gpxtpx:TrackPointExtension>
<opentracks:accuracy_horizontal>1.02</opentracks:accuracy_horizontal></extensions>
</trkpt>
<trkpt lat="50.456779" lon="-104.614509">
<ele>556</ele>
<time>2026-09-29T18:04:13.994-06:00</time>
<extensions>
<gpxtpx:TrackPointExtension>
<gpxtpx:speed>6.53</gpxtpx:speed>
</gpxtpx:TrackPointExtension>
<opentracks:accuracy_horizontal>1.02</opentracks:accuracy_horizontal></extensions>
</trkpt>
<trkpt lat="50.456789" lon="-104.614686">
<ele>556</ele>
<time>2026-09-29T18:04:15.996-06:00</time>
<extensions>
<gpxtpx:TrackPointExtension>
<gpxtpx:speed>6.38</gpxtpx:speed>
</gpxtpx:TrackPointExtension>
<opentracks:accuracy_horizontal>1.02</opentracks:accuracy_horizontal></extensions>
</trkpt>
<trkpt lat="50.4568" lon="-104.614858">
<ele>556</ele>
<time>2026-09-29T18:04:17.985-06:00</time>
<extensions>
<gpxtpx:TrackPointExtension>
<gpxtpx:speed>6.31</gpxtpx:speed>
</gpxtpx:TrackPointExtension>
<opentracks:accuracy_horizontal>0.51</opentracks:accuracy_horizontal></extensions>
</trkpt>
<trkpt lat="50.456797" lon="-104.61503">
<ele>556</ele>
<time>2026-09-29T18:04:20.003-06:00</time>
<extensions>
<gpxtpx:TrackPointExtension>
<gpxtpx:speed>5.97</gpxtpx:speed>
</gpxtpx:TrackPointExtension>
<opentracks:accuracy_horizontal>1.02</opentracks:accuracy_horizontal></extensions>
</trkpt>
<trkpt lat="50.456775" lon="-104.61518">
<ele>557</ele>
<time>2026-09-29T18:04:21.999-06:00</time>
<extensions>
<gpxtpx:TrackPointExtension>
<gpxtpx:speed>5.43</gpxtpx:speed>
</gpxtpx:TrackPointExtension>
<opentracks:accuracy_horizontal>1.02</opentracks:accuracy_horizontal></extensions>
</trkpt>
<trkpt lat="50.456791" lon="-104.615375">
<ele>557</ele>
<time>2026-09-29T18:04:25.006-06:00</time>
<extensions>
<gpxtpx:TrackPointExtension>
<gpxtpx:speed>4.82</gpxtpx:speed>
</gpxtpx:TrackPointExtension>
<opentracks:accuracy_horizontal>1.02</opentracks:accuracy_horizontal></extensions>
</trkpt>
<trkpt lat="50.456798" lon="-104.615583">
<ele>557</ele>
<time>2026-09-29T18:04:27.989-06:00</time>
<extensions>
<gpxtpx:TrackPointExtension>
<gpxtpx:speed>4.54</gpxtpx:speed>
</gpxtpx:TrackPointExtension>
<opentracks:accuracy_horizontal>1.02</opentracks:accuracy_horizontal></extensions>
</trkpt>
<trkpt lat="50.456797" lon="-104.615786">
<ele>557</ele>
<time>2026-09-29T18:04:31.003-06:00</time>
<extensions>
<gpxtpx:TrackPointExtension>
<gpxtpx:speed>5.23</gpxtpx:speed>
</gpxtpx:TrackPointExtension>
<opentracks:accuracy_horizontal>3.571</opentracks:accuracy_horizontal></extensions>
</trkpt>
<trkpt lat="50.45679" lon="-104.615949">
<ele>557</ele>
<time>2026-09-29T18:04:33.008-06:00</time>
<extensions>
<gpxtpx:TrackPointExtension>
<gpxtpx:speed>5.58</gpxtpx:speed>
</gpxtpx:TrackPointExtension>
<opentracks:accuracy_horizontal>0.51</opentracks:accuracy_horizontal></extensions>
</trkpt>
<trkpt lat="50.456777" lon="-104.616126">
<ele>556</ele>
<time>2026-09-29T18:04:34.989-06:00</time>
<extensions>
<gpxtpx:TrackPointExtension>
<gpxtpx:speed>6.51</gpxtpx:speed>
</gpxtpx:TrackPointExtension>
<opentracks:accuracy_horizontal>0.51</opentracks:accuracy_horizontal></extensions>
</trkpt>
<trkpt lat="50.456773" lon="-104.61632">
<ele>556</ele>
<time>2026-09-29T18:04:37.005-06:00</time>
<extensions>
<gpxtpx:TrackPointExtension>
<gpxtpx:speed>6.91</gpxtpx:speed>
</gpxtpx:TrackPointExtension>
<opentracks:accuracy_horizontal>1.02</opentracks:accuracy_horizontal></extensions>
</trkpt>
<trkpt lat="50.456766" lon="-104.616508">
<ele>555</ele>
<time>2026-09-29T18:04:38.995-06:00</time>
<extensions>
<gpxtpx:TrackPointExtension>
<gpxtpx:speed>6.45</gpxtpx:speed>
</gpxtpx:TrackPointExtension>
<opentracks:accuracy_horizontal>1.02</opentracks:accuracy_horizontal></extensions>
</trkpt>
<trkpt lat="50.456776" lon="-104.616677">
<ele>555</ele>
<time>2026-09-29T18:04:40.996-06:00</time>
<extensions>
<gpxtpx:TrackPointExtension>
<gpxtpx:speed>5.66</gpxtpx:speed>
</gpxtpx:TrackPointExtension>
<opentracks:accuracy_horizontal>1.02</opentracks:accuracy_horizontal></extensions>
</trkpt>
<trkpt lat="50.456776" lon="-104.616844">
<ele>555</ele>
<time>2026-09-29T18:04:43.001-06:00</time>
<extensions>
<gpxtpx:TrackPointExtension>
<gpxtpx:speed>6.07</gpxtpx:speed>
</gpxtpx:TrackPointExtension>
<opentracks:accuracy_horizontal>1.02</opentracks:accuracy_horizontal></extensions>
</trkpt>
<trkpt lat="50.456772" lon="-104.61701">
<ele>555</ele>
<time>2026-09-29T18:04:45.005-06:00</time>
<extensions>
<gpxtpx:TrackPointExtension>
<gpxtpx:speed>5.93</gpxtpx:speed>
</gpxtpx:TrackPointExtension>
<opentracks:accuracy_horizontal>1.02</opentracks:accuracy_horizontal></extensions>
</trkpt>
<trkpt lat="50.456787" lon="-104.617176">
<ele>555</ele>
<time>2026-09-29T18:04:47.01-06:00</time>
<extensions>
<gpxtpx:TrackPointExtension>
<gpxtpx:speed>5.73</gpxtpx:speed>
</gpxtpx:TrackPointExtension>
<opentracks:accuracy_horizontal>1.02</opentracks:accuracy_horizontal></extensions>
</trkpt>
<trkpt lat="50.456781" lon="-104.617323">
<ele>555</ele>
<time>2026-09-29T18:04:48.993-06:00</time>
<extensions>
<gpxtpx:TrackPointExtension>
<gpxtpx:speed>5.08</gpxtpx:speed>
</gpxtpx:TrackPointExtension>
<opentracks:accuracy_horizontal>0.51</opentracks:accuracy_horizontal></extensions>
</trkpt>
<trkpt lat="50.45678" lon="-104.617465">
<ele>554</ele>
<time>2026-09-29T18:04:50.99-06:00</time>
<extensions>
<gpxtpx:TrackPointExtension>
<gpxtpx:speed>5.64</gpxtpx:speed>
</gpxtpx:TrackPointExtension>
<opentracks:accuracy_horizontal>1.02</opentracks:accuracy_horizontal></extensions>
</trkpt>
<trkpt lat="50.456784" lon="-104.617636">
<ele>555</ele>
<time>2026-09-29T18:04:52.997-06:00</time>
<extensions>
<gpxtpx:TrackPointExtension>
<gpxtpx:speed>5.51</gpxtpx:speed>
</gpxtpx:TrackPointExtension>
<opentracks:accuracy_horizontal>1.02</opentracks:accuracy_horizontal></extensions>
</trkpt>
<trkpt lat="50.456794" lon="-104.617792">
<ele>557</ele>
<time>2026-09-29T18:04:55.999-06:00</time>
<extensions>
<gpxtpx:TrackPointExtension>
<gpxtpx:speed>2.38</gpxtpx:speed>
</gpxtpx:TrackPointExtension>
<opentracks:accuracy_horizontal>4.592</opentracks:accuracy_horizontal></extensions>
</trkpt>
<trkpt lat="50.456792" lon="-104.617969">
<ele>556</ele>
<time>2026-09-29T18:05:00.984-06:00</time>
<extensions>
<gpxtpx:TrackPointExtension>
<gpxtpx:speed>4.34</gpxtpx:speed>
</gpxtpx:TrackPointExtension>
<opentracks:accuracy_horizontal>6.633</opentracks:accuracy_horizontal></extensions>
</trkpt>
<trkpt lat="50.45689" lon="-104.618019">
<ele>556</ele>
<time>2026-09-29T18:05:03.004-06:00</time>
<extensions>
<gpxtpx:TrackPointExtension>
<gpxtpx:speed>6.66</gpxtpx:speed>
</gpxtpx:TrackPointExtension>
<opentracks:accuracy_horizontal>5.102</opentracks:accuracy_horizontal></extensions>
</trkpt>
<trkpt lat="50.457028" lon="-104.618014">
<ele>557</ele>
<time>2026-09-29T18:05:05.019-06:00</time>
<extensions>
<gpxtpx:TrackPointExtension>
<gpxtpx:speed>8.36</gpxtpx:speed>
</gpxtpx:TrackPointExtension>
<opentracks:accuracy_horizontal>4.592</opentracks:accuracy_horizontal></extensions>
</trkpt>
<trkpt lat="50.457184" lon="-104.618019">
<ele>556</ele>
<time>2026-09-29T18:05:07.005-06:00</time>
<extensions>
<gpxtpx:TrackPointExtension>
<gpxtpx:speed>9.18</gpxtpx:speed>
</gpxtpx:TrackPointExtension>
<opentracks:accuracy_horizontal>1.02</opentracks:accuracy_horizontal></extensions>
</trkpt>
<trkpt lat="50.457349" lon="-104.618012">
<ele>557</ele>
<time>2026-09-29T18:05:09.007-06:00</time>
<extensions>
<gpxtpx:TrackPointExtension>
<gpxtpx:speed>9.48</gpxtpx:speed>
</gpxtpx:TrackPointExtension>
<opentracks:accuracy_horizontal>1.02</opentracks:accuracy_horizontal></extensions>
</trkpt>
<trkpt lat="50.457504" lon="-104.617995">
<ele>557</ele>
<time>2026-09-29T18:05:11.002-06:00</time>
<extensions>
<gpxtpx:TrackPointExtension>
<gpxtpx:speed>8.78</gpxtpx:speed>
</gpxtpx:TrackPointExtension>
<opentracks:accuracy_horizontal>1.02</opentracks:accuracy_horizontal></extensions>
</trkpt>
<trkpt lat="50.457662" lon="-104.617979">
<ele>557</ele>
<time>2026-09-29T18:05:12.998-06:00</time>
<extensions>
<gpxtpx:TrackPointExtension>
<gpxtpx:speed>8.28</gpxtpx:speed>
</gpxtpx:TrackPointExtension>
<opentracks:accuracy_horizontal>1.02</opentracks:accuracy_horizontal></extensions>
</trkpt>
<trkpt lat="50.457812" lon="-104.617967">
<ele>557</ele>
<time>2026-09-29T18:05:14.995-06:00</time>
<extensions>
<gpxtpx:TrackPointExtension>
<gpxtpx:speed>7.77</gpxtpx:speed>
</gpxtpx:TrackPointExtension>
<opentracks:accuracy_horizontal>1.02</opentracks:accuracy_horizontal></extensions>
</trkpt>
<trkpt lat="50.45795" lon="-104.61796">
<ele>557</ele>
<time>2026-09-29T18:05:17.003-06:00</time>
<extensions>
<gpxtpx:TrackPointExtension>
<gpxtpx:speed>7.15</gpxtpx:speed>
</gpxtpx:TrackPointExtension>
<opentracks:accuracy_horizontal>1.02</opentracks:accuracy_horizontal></extensions>
</trkpt>
<trkpt lat="50.458074" lon="-104.61796">
<ele>556</ele>
<time>2026-09-29T18:05:18.998-06:00</time>
<extensions>
<gpxtpx:TrackPointExtension>
<gpxtpx:speed>6.95</gpxtpx:speed>
</gpxtpx:TrackPointExtension>
<opentracks:accuracy_horizontal>4.082</opentracks:accuracy_horizontal></extensions>
</trkpt>
<trkpt lat="50.45821" lon="-104.617961">
<ele>556</ele>
<time>2026-09-29T18:05:21.011-06:00</time>
<extensions>
<gpxtpx:TrackPointExtension>
<gpxtpx:speed>7.85</gpxtpx:speed>
</gpxtpx:TrackPointExtension>
<opentracks:accuracy_horizontal>3.571</opentracks:accuracy_horizontal></extensions>
</trkpt>
<trkpt lat="50.458356" lon="-104.617962">
<ele>557</ele>
<time>2026-09-29T18:05:22.998-06:00</time>
<extensions>
<gpxtpx:TrackPointExtension>
<gpxtpx:speed>7.93</gpxtpx:speed>
</gpxtpx:TrackPointExtension>
<opentracks:accuracy_horizontal>1.02</opentracks:accuracy_horizontal></extensions>
</trkpt>
<trkpt lat="50.458506" lon="-104.617964">
<ele>557</ele>
<time>2026-09-29T18:05:24.986-06:00</time>
<extensions>
<gpxtpx:TrackPointExtension>
<gpxtpx:speed>8.52</gpxtpx:speed>
</gpxtpx:TrackPointExtension>
<opentracks:accuracy_horizontal>1.02</opentracks:accuracy_horizontal></extensions>
</trkpt>
<trkpt lat="50.458664" lon="-104.617974">
<ele>557</ele>
<time>2026-09-29T18:05:26.981-06:00</time>
<extensions>
<gpxtpx:TrackPointExtension>
<gpxtpx:speed>8.35</gpxtpx:speed>
</gpxtpx:TrackPointExtension>
<opentracks:accuracy_horizontal>0.51</opentracks:accuracy_horizontal></extensions>
</trkpt>
<trkpt lat="50.458807" lon="-104.617978">
<ele>558</ele>
<time>2026-09-29T18:05:28.993-06:00</time>
<extensions>
<gpxtpx:TrackPointExtension>
<gpxtpx:speed>8.5</gpxtpx:speed>
</gpxtpx:TrackPointExtension>
<opentracks:accuracy_horizontal>1.02</opentracks:accuracy_horizontal></extensions>
</trkpt>
<trkpt lat="50.45895" lon="-104.617987">
<ele>558</ele>
<time>2026-09-29T18:05:31.006-06:00</time>
<extensions>
<gpxtpx:TrackPointExtension>
<gpxtpx:speed>8.33</gpxtpx:speed>
</gpxtpx:TrackPointExtension>
<opentracks:accuracy_horizontal>0.51</opentracks:accuracy_horizontal></extensions>
</trkpt>
<trkpt lat="50.459097" lon="-104.617994">
<ele>558</ele>
<time>2026-09-29T18:05:33.01-06:00</time>
<extensions>
<gpxtpx:TrackPointExtension>
<gpxtpx:speed>8.31</gpxtpx:speed>
</gpxtpx:TrackPointExtension>
<opentracks:accuracy_horizontal>0.51</opentracks:accuracy_horizontal></extensions>
</trkpt>
<trkpt lat="50.459236" lon="-104.618002">
<ele>557</ele>
<time>2026-09-29T18:05:34.985-06:00</time>
<extensions>
<gpxtpx:TrackPointExtension>
<gpxtpx:speed>7.89</gpxtpx:speed>
</gpxtpx:TrackPointExtension>
<opentracks:accuracy_horizontal>1.02</opentracks:accuracy_horizontal></extensions>
</trkpt>
<trkpt lat="50.459377" lon="-104.617987">
<ele>557</ele>
<time>2026-09-29T18:05:37.037-06:00</time>
<extensions>
<gpxtpx:TrackPointExtension>
<gpxtpx:speed>7.65</gpxtpx:speed>
</gpxtpx:TrackPointExtension>
<opentracks:accuracy_horizontal>1.02</opentracks:accuracy_horizontal></extensions>
</trkpt>
<trkpt lat="50.459518" lon="-104.617986">
<ele>556</ele>
<time>2026-09-29T18:05:39.011-06:00</time>
<extensions>
<gpxtpx:TrackPointExtension>
<gpxtpx:speed>8.01</gpxtpx:speed>
</gpxtpx:TrackPointExtension>
<opentracks:accuracy_horizontal>1.02</opentracks:accuracy_horizontal></extensions>
</trkpt>
<trkpt lat="50.459662" lon="-104.617976">
<ele>556</ele>
<time>2026-09-29T18:05:40.988-06:00</time>
<extensions>
<gpxtpx:TrackPointExtension>
<gpxtpx:speed>8.11</gpxtpx:speed>
</gpxtpx:TrackPointExtension>
<opentracks:accuracy_horizontal>1.02</opentracks:accuracy_horizontal></extensions>
</trkpt>
<trkpt lat="50.459797" lon="-104.617971">
<ele>557</ele>
<time>2026-09-29T18:05:42.991-06:00</time>
<extensions>
<gpxtpx:TrackPointExtension>
<gpxtpx:speed>7.51</gpxtpx:speed>
</gpxtpx:TrackPointExtension>
<opentracks:accuracy_horizontal>1.02</opentracks:accuracy_horizontal></extensions>
</trkpt>
<trkpt lat="50.459934" lon="-104.617969">
<ele>558</ele>
<time>2026-09-29T18:05:45.004-06:00</time>
<extensions>
<gpxtpx:TrackPointExtension>
<gpxtpx:speed>7.66</gpxtpx:speed>
</gpxtpx:TrackPointExtension>
<opentracks:accuracy_horizontal>1.02</opentracks:accuracy_horizontal></extensions>
</trkpt>
<trkpt lat="50.460062" lon="-104.617981">
<ele>556</ele>
<time>2026-09-29T18:05:46.99-06:00</time>
<extensions>
<gpxtpx:TrackPointExtension>
<gpxtpx:speed>7.06</gpxtpx:speed>
</gpxtpx:TrackPointExtension>
<opentracks:accuracy_horizontal>1.02</opentracks:accuracy_horizontal></extensions>
</trkpt>
<trkpt lat="50.460205" lon="-104.617953">
<ele>555</ele>
<time>2026-09-29T18:05:48.98-06:00</time>
<extensions>
<gpxtpx:TrackPointExtension>
<gpxtpx:speed>7.77</gpxtpx:speed>
</gpxtpx:TrackPointExtension>
<opentracks:accuracy_horizontal>1.02</opentracks:accuracy_horizontal></extensions>
</trkpt>
<trkpt lat="50.460333" lon="-104.617948">
<ele>555</ele>
<time>2026-09-29T18:05:50.994-06:00</time>
<extensions>
<gpxtpx:TrackPointExtension>
<gpxtpx:speed>7.91</gpxtpx:speed>
</gpxtpx:TrackPointExtension>
<opentracks:accuracy_horizontal>0.51</opentracks:accuracy_horizontal></extensions>
</trkpt>
<trkpt lat="50.460456" lon="-104.617943">
<ele>556</ele>
<time>2026-09-29T18:05:52.987-06:00</time>
<extensions>
<gpxtpx:TrackPointExtension>
<gpxtpx:speed>7.47</gpxtpx:speed>
</gpxtpx:TrackPointExtension>
<opentracks:accuracy_horizontal>0.51</opentracks:accuracy_horizontal></extensions>
</trkpt>
<trkpt lat="50.460585" lon="-104.617945">
<ele>556</ele>
<time>2026-09-29T18:05:54.989-06:00</time>
<extensions>
<gpxtpx:TrackPointExtension>
<gpxtpx:speed>7.41</gpxtpx:speed>
</gpxtpx:TrackPointExtension>
<opentracks:accuracy_horizontal>1.02</opentracks:accuracy_horizontal></extensions>
</trkpt>
<trkpt lat="50.460719" lon="-104.617954">
<ele>556</ele>
<time>2026-09-29T18:05:56.977-06:00</time>
<extensions>
<gpxtpx:TrackPointExtension>
<gpxtpx:speed>7.33</gpxtpx:speed>
</gpxtpx:TrackPointExtension>
<opentracks:accuracy_horizontal>1.02</opentracks:accuracy_horizontal></extensions>
</trkpt>
<trkpt lat="50.460848" lon="-104.617949">
<ele>557</ele>
<time>2026-09-29T18:05:58.981-06:00</time>
<extensions>
<gpxtpx:TrackPointExtension>
<gpxtpx:speed>7.49</gpxtpx:speed>
</gpxtpx:TrackPointExtension>
<opentracks:accuracy_horizontal>1.02</opentracks:accuracy_horizontal></extensions>
</trkpt>
<trkpt lat="50.460971" lon="-104.617946">
<ele>557</ele>
<time>2026-09-29T18:06:00.98-06:00</time>
<extensions>
<gpxtpx:TrackPointExtension>
<gpxtpx:speed>6.4</gpxtpx:speed>
</gpxtpx:TrackPointExtension>
<opentracks:accuracy_horizontal>0.51</opentracks:accuracy_horizontal></extensions>
</trkpt>
<trkpt lat="50.461073" lon="-104.617967">
<ele>556</ele>
<time>2026-09-29T18:06:02.991-06:00</time>
<extensions>
<gpxtpx:TrackPointExtension>
<gpxtpx:speed>4.59</gpxtpx:speed>
</gpxtpx:TrackPointExtension>
<opentracks:accuracy_horizontal>1.02</opentracks:accuracy_horizontal></extensions>
</trkpt>
<trkpt lat="50.461184" lon="-104.617977">
<ele>556</ele>
<time>2026-09-29T18:06:05.988-06:00</time>
<extensions>
<gpxtpx:TrackPointExtension>
<gpxtpx:speed>3.08</gpxtpx:speed>
</gpxtpx:TrackPointExtension>
<opentracks:accuracy_horizontal>4.082</opentracks:accuracy_horizontal></extensions>
</trkpt>
<trkpt lat="50.461295" lon="-104.617968">
<ele>555</ele>
<time>2026-09-29T18:06:10.998-06:00</time>
<extensions>
<gpxtpx:TrackPointExtension>
<gpxtpx:speed>3.25</gpxtpx:speed>
</gpxtpx:TrackPointExtension>
<opentracks:accuracy_horizontal>5.102</opentracks:accuracy_horizontal></extensions>
</trkpt>
<trkpt lat="50.461398" lon="-104.61796">
<ele>555</ele>
<time>2026-09-29T18:06:13.991-06:00</time>
<extensions>
<gpxtpx:TrackPointExtension>
<gpxtpx:speed>4.27</gpxtpx:speed>
</gpxtpx:TrackPointExtension>
<opentracks:accuracy_horizontal>4.592</opentracks:accuracy_horizontal></extensions>
</trkpt>
<trkpt lat="50.461526" lon="-104.617975">
<ele>556</ele>
<time>2026-09-29T18:06:16.989-06:00</time>
<extensions>
<gpxtpx:TrackPointExtension>
<gpxtpx:speed>6.3</gpxtpx:speed>
</gpxtpx:TrackPointExtension>
<opentracks:accuracy_horizontal>4.592</opentracks:accuracy_horizontal></extensions>
</trkpt>
<trkpt lat="50.461631" lon="-104.617977">
<ele>556</ele>
<time>2026-09-29T18:06:18.995-06:00</time>
<extensions>
<gpxtpx:TrackPointExtension>
<gpxtpx:speed>6.47</gpxtpx:speed>
</gpxtpx:TrackPointExtension>
<opentracks:accuracy_horizontal>0.51</opentracks:accuracy_horizontal></extensions>
</trkpt>
<trkpt lat="50.461741" lon="-104.617966">
<ele>556</ele>
<time>2026-09-29T18:06:20.989-06:00</time>
<extensions>
<gpxtpx:TrackPointExtension>
<gpxtpx:speed>6.73</gpxtpx:speed>
</gpxtpx:TrackPointExtension>
<opentracks:accuracy_horizontal>0.51</opentracks:accuracy_horizontal></extensions>
</trkpt>
<trkpt lat="50.461863" lon="-104.617964">
<ele>555</ele>
<time>2026-09-29T18:06:22.988-06:00</time>
<extensions>
<gpxtpx:TrackPointExtension>
<gpxtpx:speed>6.31</gpxtpx:speed>
</gpxtpx:TrackPointExtension>
<opentracks:accuracy_horizontal>1.02</opentracks:accuracy_horizontal></extensions>
</trkpt>
<trkpt lat="50.461975" lon="-104.61797">
<ele>555</ele>
<time>2026-09-29T18:06:24.99-06:00</time>
<extensions>
<gpxtpx:TrackPointExtension>
<gpxtpx:speed>6.17</gpxtpx:speed>
</gpxtpx:TrackPointExtension>
<opentracks:accuracy_horizontal>1.02</opentracks:accuracy_horizontal></extensions>
</trkpt>
<trkpt lat="50.462085" lon="-104.617951">
<ele>555</ele>
<time>2026-09-29T18:06:27.002-06:00</time>
<extensions>
<gpxtpx:TrackPointExtension>
<gpxtpx:speed>6</gpxtpx:speed>
</gpxtpx:TrackPointExtension>
<opentracks:accuracy_horizontal>4.082</opentracks:accuracy_horizontal></extensions>
</trkpt>
<trkpt lat="50.462186" lon="-104.617958">
<ele>555</ele>
<time>2026-09-29T18:06:28.998-06:00</time>
<extensions>
<gpxtpx:TrackPointExtension>
<gpxtpx:speed>5.68</gpxtpx:speed>
</gpxtpx:TrackPointExtension>
<opentracks:accuracy_horizontal>4.592</opentracks:accuracy_horizontal></extensions>
</trkpt>
<trkpt lat="50.462287" lon="-104.617963">
<ele>555</ele>
<time>2026-09-29T18:06:31.011-06:00</time>
<extensions>
<gpxtpx:TrackPointExtension>
<gpxtpx:speed>5.06</gpxtpx:speed>
</gpxtpx:TrackPointExtension>
<opentracks:accuracy_horizontal>4.592</opentracks:accuracy_horizontal></extensions>
</trkpt>
<trkpt lat="50.462384" lon="-104.617983">
<ele>554</ele>
<time>2026-09-29T18:06:32.999-06:00</time>
<extensions>
<gpxtpx:TrackPointExtension>
<gpxtpx:speed>5.6</gpxtpx:speed>
</gpxtpx:TrackPointExtension>
<opentracks:accuracy_horizontal>3.571</opentracks:accuracy_horizontal></extensions>
</trkpt>
<trkpt lat="50.46248" lon="-104.617976">
<ele>555</ele>
<time>2026-09-29T18:06:35-06:00</time>
<extensions>
<gpxtpx:TrackPointExtension>
<gpxtpx:speed>5.39</gpxtpx:speed>
</gpxtpx:TrackPointExtension>
<opentracks:accuracy_horizontal>5.102</opentracks:accuracy_horizontal></extensions>
</trkpt>
<trkpt lat="50.46261" lon="-104.617961">
<ele>556</ele>
<time>2026-09-29T18:06:38-06:00</time>
<extensions>
<gpxtpx:TrackPointExtension>
<gpxtpx:speed>4.64</gpxtpx:speed>
</gpxtpx:TrackPointExtension>
<opentracks:accuracy_horizontal>4.592</opentracks:accuracy_horizontal></extensions>
</trkpt>
<trkpt lat="50.462718" lon="-104.617964">
<ele>555</ele>
<time>2026-09-29T18:06:41.006-06:00</time>
<extensions>
<gpxtpx:TrackPointExtension>
<gpxtpx:speed>3.76</gpxtpx:speed>
</gpxtpx:TrackPointExtension>
<opentracks:accuracy_horizontal>5.102</opentracks:accuracy_horizontal></extensions>
</trkpt>
<trkpt lat="50.462848" lon="-104.617962">
<ele>553</ele>
<time>2026-09-29T18:06:44.009-06:00</time>
<extensions>
<gpxtpx:TrackPointExtension>
<gpxtpx:speed>4.71</gpxtpx:speed>
</gpxtpx:TrackPointExtension>
<opentracks:accuracy_horizontal>4.082</opentracks:accuracy_horizontal></extensions>
</trkpt>
<trkpt lat="50.462949" lon="-104.617954">
<ele>553</ele>
<time>2026-09-29T18:06:46.012-06:00</time>
<extensions>
<gpxtpx:TrackPointExtension>
<gpxtpx:speed>5.58</gpxtpx:speed>
</gpxtpx:TrackPointExtension>
<opentracks:accuracy_horizontal>4.082</opentracks:accuracy_horizontal></extensions>
</trkpt>
<trkpt lat="50.463075" lon="-104.617974">
<ele>554</ele>
<time>2026-09-29T18:06:48.009-06:00</time>
<extensions>
<gpxtpx:TrackPointExtension>
<gpxtpx:speed>6.25</gpxtpx:speed>
</gpxtpx:TrackPointExtension>
<opentracks:accuracy_horizontal>1.02</opentracks:accuracy_horizontal></extensions>
</trkpt>
<trkpt lat="50.463196" lon="-104.617976">
<ele>554</ele>
<time>2026-09-29T18:06:49.995-06:00</time>
<extensions>
<gpxtpx:TrackPointExtension>
<gpxtpx:speed>6.76</gpxtpx:speed>
</gpxtpx:TrackPointExtension>
<opentracks:accuracy_horizontal>1.02</opentracks:accuracy_horizontal></extensions>
</trkpt>
<trkpt lat="50.463333" lon="-104.617976">
<ele>553</ele>
<time>2026-09-29T18:06:52.004-06:00</time>
<extensions>
<gpxtpx:TrackPointExtension>
<gpxtpx:speed>7.49</gpxtpx:speed>
</gpxtpx:TrackPointExtension>
<opentracks:accuracy_horizontal>0.51</opentracks:accuracy_horizontal></extensions>
</trkpt>
<trkpt lat="50.463475" lon="-104.617962">
<ele>554</ele>
<time>2026-09-29T18:06:54.006-06:00</time>
<extensions>
<gpxtpx:TrackPointExtension>
<gpxtpx:speed>8.34</gpxtpx:speed>
</gpxtpx:TrackPointExtension>
<opentracks:accuracy_horizontal>0.51</opentracks:accuracy_horizontal></extensions>
</trkpt>
<trkpt lat="50.463609" lon="-104.617962">
<ele>555</ele>
<time>2026-09-29T18:06:56.01-06:00</time>
<extensions>
<gpxtpx:TrackPointExtension>
<gpxtpx:speed>7.16</gpxtpx:speed>
</gpxtpx:TrackPointExtension>
<opentracks:accuracy_horizontal>1.02</opentracks:accuracy_horizontal></extensions>
</trkpt>
<trkpt lat="50.463735" lon="-104.617977">
<ele>555</ele>
<time>2026-09-29T18:06:58.004-06:00</time>
<extensions>
<gpxtpx:TrackPointExtension>
<gpxtpx:speed>6.87</gpxtpx:speed>
</gpxtpx:TrackPointExtension>
<opentracks:accuracy_horizontal>4.082</opentracks:accuracy_horizontal></extensions>
</trkpt>
<trkpt lat="50.463865" lon="-104.617982">
<ele>555</ele>
<time>2026-09-29T18:06:59.993-06:00</time>
<extensions>
<gpxtpx:TrackPointExtension>
<gpxtpx:speed>7.41</gpxtpx:speed>
</gpxtpx:TrackPointExtension>
<opentracks:accuracy_horizontal>4.592</opentracks:accuracy_horizontal></extensions>
</trkpt>
<trkpt lat="50.464002" lon="-104.61797">
<ele>556</ele>
<time>2026-09-29T18:07:01.994-06:00</time>
<extensions>
<gpxtpx:TrackPointExtension>
<gpxtpx:speed>7.87</gpxtpx:speed>
</gpxtpx:TrackPointExtension>
<opentracks:accuracy_horizontal>0.51</opentracks:accuracy_horizontal></extensions>
</trkpt>
<trkpt lat="50.464142" lon="-104.617972">
<ele>557</ele>
<time>2026-09-29T18:07:03.995-06:00</time>
<extensions>
<gpxtpx:TrackPointExtension>
<gpxtpx:speed>7.6</gpxtpx:speed>
</gpxtpx:TrackPointExtension>
<opentracks:accuracy_horizontal>1.02</opentracks:accuracy_horizontal></extensions>
</trkpt>
<trkpt lat="50.464285" lon="-104.617977">
<ele>557</ele>
<time>2026-09-29T18:07:06.005-06:00</time>
<extensions>
<gpxtpx:TrackPointExtension>
<gpxtpx:speed>7.9</gpxtpx:speed>
</gpxtpx:TrackPointExtension>
<opentracks:accuracy_horizontal>0.51</opentracks:accuracy_horizontal></extensions>
</trkpt>
<trkpt lat="50.464419" lon="-104.617972">
<ele>557</ele>
<time>2026-09-29T18:07:07.996-06:00</time>
<extensions>
<gpxtpx:TrackPointExtension>
<gpxtpx:speed>7.2</gpxtpx:speed>
</gpxtpx:TrackPointExtension>
<opentracks:accuracy_horizontal>0.51</opentracks:accuracy_horizontal></extensions>
</trkpt>
<trkpt lat="50.464553" lon="-104.617977">
<ele>557</ele>
<time>2026-09-29T18:07:10.007-06:00</time>
<extensions>
<gpxtpx:TrackPointExtension>
<gpxtpx:speed>7.44</gpxtpx:speed>
</gpxtpx:TrackPointExtension>
<opentracks:accuracy_horizontal>0.51</opentracks:accuracy_horizontal></extensions>
</trkpt>
<trkpt lat="50.464686" lon="-104.617978">
<ele>556</ele>
<time>2026-09-29T18:07:12.011-06:00</time>
<extensions>
<gpxtpx:TrackPointExtension>
<gpxtpx:speed>7.76</gpxtpx:speed>
</gpxtpx:TrackPointExtension>
<opentracks:accuracy_horizontal>0.51</opentracks:accuracy_horizontal></extensions>
</trkpt>
<trkpt lat="50.464819" lon="-104.61797">
<ele>555</ele>
<time>2026-09-29T18:07:13.995-06:00</time>
<extensions>
<gpxtpx:TrackPointExtension>
<gpxtpx:speed>7.73</gpxtpx:speed>
</gpxtpx:TrackPointExtension>
<opentracks:accuracy_horizontal>1.02</opentracks:accuracy_horizontal></extensions>
</trkpt>
<trkpt lat="50.464958" lon="-104.617977">
<ele>555</ele>
<time>2026-09-29T18:07:15.996-06:00</time>
<extensions>
<gpxtpx:TrackPointExtension>
<gpxtpx:speed>7.92</gpxtpx:speed>
</gpxtpx:TrackPointExtension>
<opentracks:accuracy_horizontal>1.02</opentracks:accuracy_horizontal></extensions>
</trkpt>
<trkpt lat="50.465092" lon="-104.617976">
<ele>555</ele>
<time>2026-09-29T18:07:18.007-06:00</time>
<extensions>
<gpxtpx:TrackPointExtension>
<gpxtpx:speed>7.58</gpxtpx:speed>
</gpxtpx:TrackPointExtension>
<opentracks:accuracy_horizontal>1.02</opentracks:accuracy_horizontal></extensions>
</trkpt>
<trkpt lat="50.465226" lon="-104.617987">
<ele>555</ele>
<time>2026-09-29T18:07:20.017-06:00</time>
<extensions>
<gpxtpx:TrackPointExtension>
<gpxtpx:speed>7.56</gpxtpx:speed>
</gpxtpx:TrackPointExtension>
<opentracks:accuracy_horizontal>1.02</opentracks:accuracy_horizontal></extensions>
</trkpt>
<trkpt lat="50.465358" lon="-104.617986">
<ele>555</ele>
<time>2026-09-29T18:07:22.007-06:00</time>
<extensions>
<gpxtpx:TrackPointExtension>
<gpxtpx:speed>7.33</gpxtpx:speed>
</gpxtpx:TrackPointExtension>
<opentracks:accuracy_horizontal>1.02</opentracks:accuracy_horizontal></extensions>
</trkpt>
<trkpt lat="50.465489" lon="-104.617989">
<ele>555</ele>
<time>2026-09-29T18:07:24.007-06:00</time>
<extensions>
<gpxtpx:TrackPointExtension>
<gpxtpx:speed>7.61</gpxtpx:speed>
</gpxtpx:TrackPointExtension>
<opentracks:accuracy_horizontal>0.51</opentracks:accuracy_horizontal></extensions>
</trkpt>
<trkpt lat="50.46563" lon="-104.617986">
<ele>555</ele>
<time>2026-09-29T18:07:25.992-06:00</time>
<extensions>
<gpxtpx:TrackPointExtension>
<gpxtpx:speed>7.95</gpxtpx:speed>
</gpxtpx:TrackPointExtension>
<opentracks:accuracy_horizontal>1.02</opentracks:accuracy_horizontal></extensions>
</trkpt>
<trkpt lat="50.465773" lon="-104.617979">
<ele>555</ele>
<time>2026-09-29T18:07:27.998-06:00</time>
<extensions>
<gpxtpx:TrackPointExtension>
<gpxtpx:speed>7.87</gpxtpx:speed>
</gpxtpx:TrackPointExtension>
<opentracks:accuracy_horizontal>1.02</opentracks:accuracy_horizontal></extensions>
</trkpt>
<trkpt lat="50.465914" lon="-104.617969">
<ele>555</ele>
<time>2026-09-29T18:07:30.025-06:00</time>
<extensions>
<gpxtpx:TrackPointExtension>
<gpxtpx:speed>7.75</gpxtpx:speed>
</gpxtpx:TrackPointExtension>
<opentracks:accuracy_horizontal>1.02</opentracks:accuracy_horizontal></extensions>
</trkpt>
<trkpt lat="50.466059" lon="-104.617968">
<ele>556</ele>
<time>2026-09-29T18:07:32.007-06:00</time>
<extensions>
<gpxtpx:TrackPointExtension>
<gpxtpx:speed>7.79</gpxtpx:speed>
</gpxtpx:TrackPointExtension>
<opentracks:accuracy_horizontal>1.02</opentracks:accuracy_horizontal></extensions>
</trkpt>
<trkpt lat="50.466195" lon="-104.61797">
<ele>556</ele>
<time>2026-09-29T18:07:34.012-06:00</time>
<extensions>
<gpxtpx:TrackPointExtension>
<gpxtpx:speed>8.1</gpxtpx:speed>
</gpxtpx:TrackPointExtension>
<opentracks:accuracy_horizontal>1.02</opentracks:accuracy_horizontal></extensions>
</trkpt>
<trkpt lat="50.466345" lon="-104.61798">
<ele>556</ele>
<time>2026-09-29T18:07:36.007-06:00</time>
<extensions>
<gpxtpx:TrackPointExtension>
<gpxtpx:speed>8.24</gpxtpx:speed>
</gpxtpx:TrackPointExtension>
<opentracks:accuracy_horizontal>1.02</opentracks:accuracy_horizontal></extensions>
</trkpt>
<trkpt lat="50.466496" lon="-104.617974">
<ele>555</ele>
<time>2026-09-29T18:07:38.015-06:00</time>
<extensions>
<gpxtpx:TrackPointExtension>
<gpxtpx:speed>8.19</gpxtpx:speed>
</gpxtpx:TrackPointExtension>
<opentracks:accuracy_horizontal>1.02</opentracks:accuracy_horizontal></extensions>
</trkpt>
<trkpt lat="50.466642" lon="-104.617967">
<ele>555</ele>
<time>2026-09-29T18:07:40.016-06:00</time>
<extensions>
<gpxtpx:TrackPointExtension>
<gpxtpx:speed>8.42</gpxtpx:speed>
</gpxtpx:TrackPointExtension>
<opentracks:accuracy_horizontal>1.02</opentracks:accuracy_horizontal></extensions>
</trkpt>
<trkpt lat="50.466793" lon="-104.617967">
<ele>555</ele>
<time>2026-09-29T18:07:42.006-06:00</time>
<extensions>
<gpxtpx:TrackPointExtension>
<gpxtpx:speed>8.32</gpxtpx:speed>
</gpxtpx:TrackPointExtension>
<opentracks:accuracy_horizontal>1.02</opentracks:accuracy_horizontal></extensions>
</trkpt>
<trkpt lat="50.466942" lon="-104.61797">
<ele>556</ele>
<time>2026-09-29T18:07:44.019-06:00</time>
<extensions>
<gpxtpx:TrackPointExtension>
<gpxtpx:speed>8.3</gpxtpx:speed>
</gpxtpx:TrackPointExtension>
<opentracks:accuracy_horizontal>1.02</opentracks:accuracy_horizontal></extensions>
</trkpt>
<trkpt lat="50.467089" lon="-104.617978">
<ele>556</ele>
<time>2026-09-29T18:07:46.013-06:00</time>
<extensions>
<gpxtpx:TrackPointExtension>
<gpxtpx:speed>8.25</gpxtpx:speed>
</gpxtpx:TrackPointExtension>
<opentracks:accuracy_horizontal>1.02</opentracks:accuracy_horizontal></extensions>
</trkpt>
<trkpt lat="50.467233" lon="-104.617974">
<ele>555</ele>
<time>2026-09-29T18:07:48.003-06:00</time>
<extensions>
<gpxtpx:TrackPointExtension>
<gpxtpx:speed>8.24</gpxtpx:speed>
</gpxtpx:TrackPointExtension>
<opentracks:accuracy_horizontal>1.02</opentracks:accuracy_horizontal></extensions>
</trkpt>
<trkpt lat="50.467379" lon="-104.617975">
<ele>556</ele>
<time>2026-09-29T18:07:50.011-06:00</time>
<extensions>
<gpxtpx:TrackPointExtension>
<gpxtpx:speed>8.04</gpxtpx:speed>
</gpxtpx:TrackPointExtension>
<opentracks:accuracy_horizontal>1.02</opentracks:accuracy_horizontal></extensions>
</trkpt>
<trkpt lat="50.46752" lon="-104.617975">
<ele>555</ele>
<time>2026-09-29T18:07:52.016-06:00</time>
<extensions>
<gpxtpx:TrackPointExtension>
<gpxtpx:speed>8.15</gpxtpx:speed>
</gpxtpx:TrackPointExtension>
<opentracks:accuracy_horizontal>1.02</opentracks:accuracy_horizontal></extensions>
</trkpt>
<trkpt lat="50.467667" lon="-104.617977">
<ele>556</ele>
<time>2026-09-29T18:07:53.992-06:00</time>
<extensions>
<gpxtpx:TrackPointExtension>
<gpxtpx:speed>8.05</gpxtpx:speed>
</gpxtpx:TrackPointExtension>
<opentracks:accuracy_horizontal>1.02</opentracks:accuracy_horizontal></extensions>
</trkpt>
<trkpt lat="50.46781" lon="-104.617977">
<ele>557</ele>
<time>2026-09-29T18:07:56.004-06:00</time>
<extensions>
<gpxtpx:TrackPointExtension>
<gpxtpx:speed>7.86</gpxtpx:speed>
</gpxtpx:TrackPointExtension>
<opentracks:accuracy_horizontal>1.02</opentracks:accuracy_horizontal></extensions>
</trkpt>
<trkpt lat="50.467944" lon="-104.617977">
<ele>558</ele>
<time>2026-09-29T18:07:57.995-06:00</time>
<extensions>
<gpxtpx:TrackPointExtension>
<gpxtpx:speed>7.37</gpxtpx:speed>
</gpxtpx:TrackPointExtension>
<opentracks:accuracy_horizontal>1.02</opentracks:accuracy_horizontal></extensions>
</trkpt>
<trkpt lat="50.46808" lon="-104.617972">
<ele>557</ele>
<time>2026-09-29T18:07:59.982-06:00</time>
<extensions>
<gpxtpx:TrackPointExtension>
<gpxtpx:speed>7.52</gpxtpx:speed>
</gpxtpx:TrackPointExtension>
<opentracks:accuracy_horizontal>0.51</opentracks:accuracy_horizontal></extensions>
</trkpt>
<trkpt lat="50.468215" lon="-104.61797">
<ele>557</ele>
<time>2026-09-29T18:08:01.994-06:00</time>
<extensions>
<gpxtpx:TrackPointExtension>
<gpxtpx:speed>7.7</gpxtpx:speed>
</gpxtpx:TrackPointExtension>
<opentracks:accuracy_horizontal>0.51</opentracks:accuracy_horizontal></extensions>
</trkpt>
<trkpt lat="50.468358" lon="-104.617969">
<ele>557</ele>
<time>2026-09-29T18:08:04.002-06:00</time>
<extensions>
<gpxtpx:TrackPointExtension>
<gpxtpx:speed>7.5</gpxtpx:speed>
</gpxtpx:TrackPointExtension>
<opentracks:accuracy_horizontal>1.02</opentracks:accuracy_horizontal></extensions>
</trkpt>
<trkpt lat="50.468491" lon="-104.617969">
<ele>556</ele>
<time>2026-09-29T18:08:06.009-06:00</time>
<extensions>
<gpxtpx:TrackPointExtension>
<gpxtpx:speed>7.59</gpxtpx:speed>
</gpxtpx:TrackPointExtension>
<opentracks:accuracy_horizontal>1.02</opentracks:accuracy_horizontal></extensions>
</trkpt>
<trkpt lat="50.468619" lon="-104.617972">
<ele>556</ele>
<time>2026-09-29T18:08:07.999-06:00</time>
<extensions>
<gpxtpx:TrackPointExtension>
<gpxtpx:speed>7.61</gpxtpx:speed>
</gpxtpx:TrackPointExtension>
<opentracks:accuracy_horizontal>1.02</opentracks:accuracy_horizontal></extensions>
</trkpt>
<trkpt lat="50.468754" lon="-104.617968">
<ele>556</ele>
<time>2026-09-29T18:08:09.999-06:00</time>
<extensions>
<gpxtpx:TrackPointExtension>
<gpxtpx:speed>7.44</gpxtpx:speed>
</gpxtpx:TrackPointExtension>
<opentracks:accuracy_horizontal>1.02</opentracks:accuracy_horizontal></extensions>
</trkpt>
<trkpt lat="50.468883" lon="-104.617973">
<ele>557</ele>
<time>2026-09-29T18:08:12.007-06:00</time>
<extensions>
<gpxtpx:TrackPointExtension>
<gpxtpx:speed>7.37</gpxtpx:speed>
</gpxtpx:TrackPointExtension>
<opentracks:accuracy_horizontal>1.02</opentracks:accuracy_horizontal></extensions>
</trkpt>
<trkpt lat="50.469012" lon="-104.617978">
<ele>556</ele>
<time>2026-09-29T18:08:14.011-06:00</time>
<extensions>
<gpxtpx:TrackPointExtension>
<gpxtpx:speed>7.31</gpxtpx:speed>
</gpxtpx:TrackPointExtension>
<opentracks:accuracy_horizontal>1.02</opentracks:accuracy_horizontal></extensions>
</trkpt>
<trkpt lat="50.469145" lon="-104.61798">
<ele>556</ele>
<time>2026-09-29T18:08:15.992-06:00</time>
<extensions>
<gpxtpx:TrackPointExtension>
<gpxtpx:speed>7.4</gpxtpx:speed>
</gpxtpx:TrackPointExtension>
<opentracks:accuracy_horizontal>1.02</opentracks:accuracy_horizontal></extensions>
</trkpt>
<trkpt lat="50.469274" lon="-104.617972">
<ele>556</ele>
<time>2026-09-29T18:08:17.993-06:00</time>
<extensions>
<gpxtpx:TrackPointExtension>
<gpxtpx:speed>7.35</gpxtpx:speed>
</gpxtpx:TrackPointExtension>
<opentracks:accuracy_horizontal>1.02</opentracks:accuracy_horizontal></extensions>
</trkpt>
<trkpt lat="50.4694" lon="-104.61798">
<ele>556</ele>
<time>2026-09-29T18:08:20.005-06:00</time>
<extensions>
<gpxtpx:TrackPointExtension>
<gpxtpx:speed>7.27</gpxtpx:speed>
</gpxtpx:TrackPointExtension>
<opentracks:accuracy_horizontal>1.02</opentracks:accuracy_horizontal></extensions>
</trkpt>
<trkpt lat="50.469529" lon="-104.61797">
<ele>557</ele>
<time>2026-09-29T18:08:22.008-06:00</time>
<extensions>
<gpxtpx:TrackPointExtension>
<gpxtpx:speed>6.61</gpxtpx:speed>
</gpxtpx:TrackPointExtension>
<opentracks:accuracy_horizontal>1.02</opentracks:accuracy_horizontal></extensions>
</trkpt>
<trkpt lat="50.469652" lon="-104.617972">
<ele>558</ele>
<time>2026-09-29T18:08:23.99-06:00</time>
<extensions>
<gpxtpx:TrackPointExtension>
<gpxtpx:speed>6.79</gpxtpx:speed>
</gpxtpx:TrackPointExtension>
<opentracks:accuracy_horizontal>0.51</opentracks:accuracy_horizontal></extensions>
</trkpt>
<trkpt lat="50.469792" lon="-104.617976">
<ele>557</ele>
<time>2026-09-29T18:08:25.982-06:00</time>
<extensions>
<gpxtpx:TrackPointExtension>
<gpxtpx:speed>8.17</gpxtpx:speed>
</gpxtpx:TrackPointExtension>
<opentracks:accuracy_horizontal>1.02</opentracks:accuracy_horizontal></extensions>
</trkpt>
<trkpt lat="50.46993" lon="-104.61798">
<ele>557</ele>
<time>2026-09-29T18:08:27.992-06:00</time>
<extensions>
<gpxtpx:TrackPointExtension>
<gpxtpx:speed>7.37</gpxtpx:speed>
</gpxtpx:TrackPointExtension>
<opentracks:accuracy_horizontal>0.51</opentracks:accuracy_horizontal></extensions>
</trkpt>
<trkpt lat="50.470058" lon="-104.618019">
<ele>557</ele>
<time>2026-09-29T18:08:29.994-06:00</time>
<extensions>
<gpxtpx:TrackPointExtension>
<gpxtpx:speed>7.53</gpxtpx:speed>
</gpxtpx:TrackPointExtension>
<opentracks:accuracy_horizontal>1.02</opentracks:accuracy_horizontal></extensions>
</trkpt>
<trkpt lat="50.470177" lon="-104.618015">
<ele>557</ele>
<time>2026-09-29T18:08:31.98-06:00</time>
<extensions>
<gpxtpx:TrackPointExtension>
<gpxtpx:speed>7.02</gpxtpx:speed>
</gpxtpx:TrackPointExtension>
<opentracks:accuracy_horizontal>1.02</opentracks:accuracy_horizontal></extensions>
</trkpt>
<trkpt lat="50.470296" lon="-104.617982">
<ele>558</ele>
<time>2026-09-29T18:08:34.015-06:00</time>
<extensions>
<gpxtpx:TrackPointExtension>
<gpxtpx:speed>6.58</gpxtpx:speed>
</gpxtpx:TrackPointExtension>
<opentracks:accuracy_horizontal>1.02</opentracks:accuracy_horizontal></extensions>
</trkpt>
<trkpt lat="50.47042" lon="-104.617966">
<ele>558</ele>
<time>2026-09-29T18:08:36.015-06:00</time>
<extensions>
<gpxtpx:TrackPointExtension>
<gpxtpx:speed>7.17</gpxtpx:speed>
</gpxtpx:TrackPointExtension>
<opentracks:accuracy_horizontal>1.02</opentracks:accuracy_horizontal></extensions>
</trkpt>
<trkpt lat="50.470552" lon="-104.617966">
<ele>558</ele>
<time>2026-09-29T18:08:37.993-06:00</time>
<extensions>
<gpxtpx:TrackPointExtension>
<gpxtpx:speed>7.78</gpxtpx:speed>
</gpxtpx:TrackPointExtension>
<opentracks:accuracy_horizontal>1.02</opentracks:accuracy_horizontal></extensions>
</trkpt>
<trkpt lat="50.470677" lon="-104.617975">
<ele>557</ele>
<time>2026-09-29T18:08:39.999-06:00</time>
<extensions>
<gpxtpx:TrackPointExtension>
<gpxtpx:speed>7.59</gpxtpx:speed>
</gpxtpx:TrackPointExtension>
<opentracks:accuracy_horizontal>1.02</opentracks:accuracy_horizontal></extensions>
</trkpt>
<trkpt lat="50.470812" lon="-104.617975">
<ele>557</ele>
<time>2026-09-29T18:08:42.009-06:00</time>
<extensions>
<gpxtpx:TrackPointExtension>
<gpxtpx:speed>7.58</gpxtpx:speed>
</gpxtpx:TrackPointExtension>
<opentracks:accuracy_horizontal>1.02</opentracks:accuracy_horizontal></extensions>
</trkpt>
<trkpt lat="50.47095" lon="-104.617979">
<ele>556</ele>
<time>2026-09-29T18:08:43.996-06:00</time>
<extensions>
<gpxtpx:TrackPointExtension>
<gpxtpx:speed>7.54</gpxtpx:speed>
</gpxtpx:TrackPointExtension>
<opentracks:accuracy_horizontal>1.02</opentracks:accuracy_horizontal></extensions>
</trkpt>
<trkpt lat="50.471098" lon="-104.617986">
<ele>557</ele>
<time>2026-09-29T18:08:45.999-06:00</time>
<extensions>
<gpxtpx:TrackPointExtension>
<gpxtpx:speed>7.74</gpxtpx:speed>
</gpxtpx:TrackPointExtension>
<opentracks:accuracy_horizontal>1.02</opentracks:accuracy_horizontal></extensions>
</trkpt>
<trkpt lat="50.471241" lon="-104.617975">
<ele>557</ele>
<time>2026-09-29T18:08:48.011-06:00</time>
<extensions>
<gpxtpx:TrackPointExtension>
<gpxtpx:speed>7.52</gpxtpx:speed>
</gpxtpx:TrackPointExtension>
<opentracks:accuracy_horizontal>0.51</opentracks:accuracy_horizontal></extensions>
</trkpt>
<trkpt lat="50.471375" lon="-104.617979">
<ele>557</ele>
<time>2026-09-29T18:08:49.99-06:00</time>
<extensions>
<gpxtpx:TrackPointExtension>
<gpxtpx:speed>7.29</gpxtpx:speed>
</gpxtpx:TrackPointExtension>
<opentracks:accuracy_horizontal>1.02</opentracks:accuracy_horizontal></extensions>
</trkpt>
<trkpt lat="50.471506" lon="-104.617975">
<ele>557</ele>
<time>2026-09-29T18:08:52.004-06:00</time>
<extensions>
<gpxtpx:TrackPointExtension>
<gpxtpx:speed>7.03</gpxtpx:speed>
</gpxtpx:TrackPointExtension>
<opentracks:accuracy_horizontal>3.571</opentracks:accuracy_horizontal></extensions>
</trkpt>
<trkpt lat="50.471628" lon="-104.617973">
<ele>556</ele>
<time>2026-09-29T18:08:53.993-06:00</time>
<extensions>
<gpxtpx:TrackPointExtension>
<gpxtpx:speed>6.83</gpxtpx:speed>
</gpxtpx:TrackPointExtension>
<opentracks:accuracy_horizontal>4.082</opentracks:accuracy_horizontal></extensions>
</trkpt>
<trkpt lat="50.471745" lon="-104.617969">
<ele>557</ele>
<time>2026-09-29T18:08:56.002-06:00</time>
<extensions>
<gpxtpx:TrackPointExtension>
<gpxtpx:speed>7.05</gpxtpx:speed>
</gpxtpx:TrackPointExtension>
<opentracks:accuracy_horizontal>3.061</opentracks:accuracy_horizontal></extensions>
</trkpt>
<trkpt lat="50.471878" lon="-104.617967">
<ele>557</ele>
<time>2026-09-29T18:08:58.001-06:00</time>
<extensions>
<gpxtpx:TrackPointExtension>
<gpxtpx:speed>7.46</gpxtpx:speed>
</gpxtpx:TrackPointExtension>
<opentracks:accuracy_horizontal>1.02</opentracks:accuracy_horizontal></extensions>
</trkpt>
<trkpt lat="50.472011" lon="-104.617972">
<ele>557</ele>
<time>2026-09-29T18:08:59.993-06:00</time>
<extensions>
<gpxtpx:TrackPointExtension>
<gpxtpx:speed>7.66</gpxtpx:speed>
</gpxtpx:TrackPointExtension>
<opentracks:accuracy_horizontal>1.02</opentracks:accuracy_horizontal></extensions>
</trkpt>
<trkpt lat="50.472146" lon="-104.617973">
<ele>557</ele>
<time>2026-09-29T18:09:02.003-06:00</time>
<extensions>
<gpxtpx:TrackPointExtension>
<gpxtpx:speed>7.6</gpxtpx:speed>
</gpxtpx:TrackPointExtension>
<opentracks:accuracy_horizontal>1.02</opentracks:accuracy_horizontal></extensions>
</trkpt>
<trkpt lat="50.472283" lon="-104.617972">
<ele>557</ele>
<time>2026-09-29T18:09:03.995-06:00</time>
<extensions>
<gpxtpx:TrackPointExtension>
<gpxtpx:speed>7.62</gpxtpx:speed>
</gpxtpx:TrackPointExtension>
<opentracks:accuracy_horizontal>1.02</opentracks:accuracy_horizontal></extensions>
</trkpt>
<trkpt lat="50.47242" lon="-104.617981">
<ele>556</ele>
<time>2026-09-29T18:09:05.996-06:00</time>
<extensions>
<gpxtpx:TrackPointExtension>
<gpxtpx:speed>7.72</gpxtpx:speed>
</gpxtpx:TrackPointExtension>
<opentracks:accuracy_horizontal>1.02</opentracks:accuracy_horizontal></extensions>
</trkpt>
<trkpt lat="50.472558" lon="-104.617987">
<ele>556</ele>
<time>2026-09-29T18:09:08.001-06:00</time>
<extensions>
<gpxtpx:TrackPointExtension>
<gpxtpx:speed>7.68</gpxtpx:speed>
</gpxtpx:TrackPointExtension>
<opentracks:accuracy_horizontal>1.02</opentracks:accuracy_horizontal></extensions>
</trkpt>
<trkpt lat="50.472697" lon="-104.617983">
<ele>556</ele>
<time>2026-09-29T18:09:09.987-06:00</time>
<extensions>
<gpxtpx:TrackPointExtension>
<gpxtpx:speed>7.61</gpxtpx:speed>
</gpxtpx:TrackPointExtension>
<opentracks:accuracy_horizontal>1.02</opentracks:accuracy_horizontal></extensions>
</trkpt>
<trkpt lat="50.472833" lon="-104.617983">
<ele>556</ele>
<time>2026-09-29T18:09:12.005-06:00</time>
<extensions>
<gpxtpx:TrackPointExtension>
<gpxtpx:speed>7.7</gpxtpx:speed>
</gpxtpx:TrackPointExtension>
<opentracks:accuracy_horizontal>1.02</opentracks:accuracy_horizontal></extensions>
</trkpt>
<trkpt lat="50.472968" lon="-104.617978">
<ele>556</ele>
<time>2026-09-29T18:09:13.999-06:00</time>
<extensions>
<gpxtpx:TrackPointExtension>
<gpxtpx:speed>7.54</gpxtpx:speed>
</gpxtpx:TrackPointExtension>
<opentracks:accuracy_horizontal>1.02</opentracks:accuracy_horizontal></extensions>
</trkpt>
<trkpt lat="50.4731" lon="-104.617971">
<ele>557</ele>
<time>2026-09-29T18:09:15.99-06:00</time>
<extensions>
<gpxtpx:TrackPointExtension>
<gpxtpx:speed>7.55</gpxtpx:speed>
</gpxtpx:TrackPointExtension>
<opentracks:accuracy_horizontal>1.02</opentracks:accuracy_horizontal></extensions>
</trkpt>
<trkpt lat="50.473227" lon="-104.617976">
<ele>557</ele>
<time>2026-09-29T18:09:17.995-06:00</time>
<extensions>
<gpxtpx:TrackPointExtension>
<gpxtpx:speed>7.32</gpxtpx:speed>
</gpxtpx:TrackPointExtension>
<opentracks:accuracy_horizontal>1.02</opentracks:accuracy_horizontal></extensions>
</trkpt>
<trkpt lat="50.473352" lon="-104.617979">
<ele>558</ele>
<time>2026-09-29T18:09:20.034-06:00</time>
<extensions>
<gpxtpx:TrackPointExtension>
<gpxtpx:speed>7.38</gpxtpx:speed>
</gpxtpx:TrackPointExtension>
<opentracks:accuracy_horizontal>1.02</opentracks:accuracy_horizontal></extensions>
</trkpt>
<trkpt lat="50.473479" lon="-104.61798">
<ele>558</ele>
<time>2026-09-29T18:09:22.002-06:00</time>
<extensions>
<gpxtpx:TrackPointExtension>
<gpxtpx:speed>7.06</gpxtpx:speed>
</gpxtpx:TrackPointExtension>
<opentracks:accuracy_horizontal>1.02</opentracks:accuracy_horizontal></extensions>
</trkpt>
<trkpt lat="50.4736" lon="-104.617974">
<ele>558</ele>
<time>2026-09-29T18:09:24.006-06:00</time>
<extensions>
<gpxtpx:TrackPointExtension>
<gpxtpx:speed>6.96</gpxtpx:speed>
</gpxtpx:TrackPointExtension>
<opentracks:accuracy_horizontal>1.02</opentracks:accuracy_horizontal></extensions>
</trkpt>
<trkpt lat="50.473721" lon="-104.61797">
<ele>558</ele>
<time>2026-09-29T18:09:26.003-06:00</time>
<extensions>
<gpxtpx:TrackPointExtension>
<gpxtpx:speed>6.79</gpxtpx:speed>
</gpxtpx:TrackPointExtension>
<opentracks:accuracy_horizontal>1.02</opentracks:accuracy_horizontal></extensions>
</trkpt>
<trkpt lat="50.473839" lon="-104.617969">
<ele>557</ele>
<time>2026-09-29T18:09:28.001-06:00</time>
<extensions>
<gpxtpx:TrackPointExtension>
<gpxtpx:speed>6.52</gpxtpx:speed>
</gpxtpx:TrackPointExtension>
<opentracks:accuracy_horizontal>1.02</opentracks:accuracy_horizontal></extensions>
</trkpt>
<trkpt lat="50.473956" lon="-104.617971">
<ele>557</ele>
<time>2026-09-29T18:09:30.014-06:00</time>
<extensions>
<gpxtpx:TrackPointExtension>
<gpxtpx:speed>6.65</gpxtpx:speed>
</gpxtpx:TrackPointExtension>
<opentracks:accuracy_horizontal>1.02</opentracks:accuracy_horizontal></extensions>
</trkpt>
<trkpt lat="50.474072" lon="-104.617978">
<ele>558</ele>
<time>2026-09-29T18:09:31.997-06:00</time>
<extensions>
<gpxtpx:TrackPointExtension>
<gpxtpx:speed>6.42</gpxtpx:speed>
</gpxtpx:TrackPointExtension>
<opentracks:accuracy_horizontal>0.51</opentracks:accuracy_horizontal></extensions>
</trkpt>
<trkpt lat="50.474184" lon="-104.617969">
<ele>558</ele>
<time>2026-09-29T18:09:33.989-06:00</time>
<extensions>
<gpxtpx:TrackPointExtension>
<gpxtpx:speed>6.88</gpxtpx:speed>
</gpxtpx:TrackPointExtension>
<opentracks:accuracy_horizontal>0.51</opentracks:accuracy_horizontal></extensions>
</trkpt>
<trkpt lat="50.474324" lon="-104.617979">
<ele>558</ele>
<time>2026-09-29T18:09:35.995-06:00</time>
<extensions>
<gpxtpx:TrackPointExtension>
<gpxtpx:speed>7.35</gpxtpx:speed>
</gpxtpx:TrackPointExtension>
<opentracks:accuracy_horizontal>1.02</opentracks:accuracy_horizontal></extensions>
</trkpt>
<trkpt lat="50.474443" lon="-104.617989">
<ele>559</ele>
<time>2026-09-29T18:09:38.004-06:00</time>
<extensions>
<gpxtpx:TrackPointExtension>
<gpxtpx:speed>6.84</gpxtpx:speed>
</gpxtpx:TrackPointExtension>
<opentracks:accuracy_horizontal>1.02</opentracks:accuracy_horizontal></extensions>
</trkpt>
<trkpt lat="50.474588" lon="-104.617986">
<ele>558</ele>
<time>2026-09-29T18:09:40.001-06:00</time>
<extensions>
<gpxtpx:TrackPointExtension>
<gpxtpx:speed>7.94</gpxtpx:speed>
</gpxtpx:TrackPointExtension>
<opentracks:accuracy_horizontal>0.51</opentracks:accuracy_horizontal></extensions>
</trkpt>
<trkpt lat="50.474732" lon="-104.617987">
<ele>559</ele>
<time>2026-09-29T18:09:41.994-06:00</time>
<extensions>
<gpxtpx:TrackPointExtension>
<gpxtpx:speed>8.63</gpxtpx:speed>
</gpxtpx:TrackPointExtension>
<opentracks:accuracy_horizontal>1.02</opentracks:accuracy_horizontal></extensions>
</trkpt>
<trkpt lat="50.474867" lon="-104.617992">
<ele>558</ele>
<time>2026-09-29T18:09:44.001-06:00</time>
<extensions>
<gpxtpx:TrackPointExtension>
<gpxtpx:speed>8.03</gpxtpx:speed>
</gpxtpx:TrackPointExtension>
<opentracks:accuracy_horizontal>1.02</opentracks:accuracy_horizontal></extensions>
</trkpt>
<trkpt lat="50.475001" lon="-104.617989">
<ele>557</ele>
<time>2026-09-29T18:09:45.997-06:00</time>
<extensions>
<gpxtpx:TrackPointExtension>
<gpxtpx:speed>7.93</gpxtpx:speed>
</gpxtpx:TrackPointExtension>
<opentracks:accuracy_horizontal>1.02</opentracks:accuracy_horizontal></extensions>
</trkpt>
<trkpt lat="50.475148" lon="-104.617999">
<ele>557</ele>
<time>2026-09-29T18:09:47.992-06:00</time>
<extensions>
<gpxtpx:TrackPointExtension>
<gpxtpx:speed>8.44</gpxtpx:speed>
</gpxtpx:TrackPointExtension>
<opentracks:accuracy_horizontal>1.02</opentracks:accuracy_horizontal></extensions>
</trkpt>
<trkpt lat="50.475296" lon="-104.618009">
<ele>556</ele>
<time>2026-09-29T18:09:49.998-06:00</time>
<extensions>
<gpxtpx:TrackPointExtension>
<gpxtpx:speed>7.94</gpxtpx:speed>
</gpxtpx:TrackPointExtension>
<opentracks:accuracy_horizontal>1.02</opentracks:accuracy_horizontal></extensions>
</trkpt>
<trkpt lat="50.475441" lon="-104.617981">
<ele>556</ele>
<time>2026-09-29T18:09:51.998-06:00</time>
<extensions>
<gpxtpx:TrackPointExtension>
<gpxtpx:speed>8.28</gpxtpx:speed>
</gpxtpx:TrackPointExtension>
<opentracks:accuracy_horizontal>1.02</opentracks:accuracy_horizontal></extensions>
</trkpt>
<trkpt lat="50.475589" lon="-104.617991">
<ele>557</ele>
<time>2026-09-29T18:09:54.024-06:00</time>
<extensions>
<gpxtpx:TrackPointExtension>
<gpxtpx:speed>8.11</gpxtpx:speed>
</gpxtpx:TrackPointExtension>
<opentracks:accuracy_horizontal>1.02</opentracks:accuracy_horizontal></extensions>
</trkpt>
<trkpt lat="50.47573" lon="-104.617991">
<ele>557</ele>
<time>2026-09-29T18:09:56.004-06:00</time>
<extensions>
<gpxtpx:TrackPointExtension>
<gpxtpx:speed>7.8</gpxtpx:speed>
</gpxtpx:TrackPointExtension>
<opentracks:accuracy_horizontal>1.02</opentracks:accuracy_horizontal></extensions>
</trkpt>
<trkpt lat="50.475877" lon="-104.617988">
<ele>557</ele>
<time>2026-09-29T18:09:58.009-06:00</time>
<extensions>
<gpxtpx:TrackPointExtension>
<gpxtpx:speed>7.48</gpxtpx:speed>
</gpxtpx:TrackPointExtension>
<opentracks:accuracy_horizontal>1.02</opentracks:accuracy_horizontal></extensions>
</trkpt>
<trkpt lat="50.476009" lon="-104.61799">
<ele>557</ele>
<time>2026-09-29T18:09:59.993-06:00</time>
<extensions>
<gpxtpx:TrackPointExtension>
<gpxtpx:speed>7.06</gpxtpx:speed>
</gpxtpx:TrackPointExtension>
<opentracks:accuracy_horizontal>1.02</opentracks:accuracy_horizontal></extensions>
</trkpt>
<trkpt lat="50.476136" lon="-104.617987">
<ele>557</ele>
<time>2026-09-29T18:10:01.992-06:00</time>
<extensions>
<gpxtpx:TrackPointExtension>
<gpxtpx:speed>6.57</gpxtpx:speed>
</gpxtpx:TrackPointExtension>
<opentracks:accuracy_horizontal>1.02</opentracks:accuracy_horizontal></extensions>
</trkpt>
<trkpt lat="50.476248" lon="-104.617981">
<ele>557</ele>
<time>2026-09-29T18:10:04.006-06:00</time>
<extensions>
<gpxtpx:TrackPointExtension>
<gpxtpx:speed>6.22</gpxtpx:speed>
</gpxtpx:TrackPointExtension>
<opentracks:accuracy_horizontal>5.102</opentracks:accuracy_horizontal></extensions>
</trkpt>
<trkpt lat="50.476356" lon="-104.617973">
<ele>558</ele>
<time>2026-09-29T18:10:06.01-06:00</time>
<extensions>
<gpxtpx:TrackPointExtension>
<gpxtpx:speed>5.93</gpxtpx:speed>
</gpxtpx:TrackPointExtension>
<opentracks:accuracy_horizontal>4.082</opentracks:accuracy_horizontal></extensions>
</trkpt>
<trkpt lat="50.476463" lon="-104.617969">
<ele>558</ele>
<time>2026-09-29T18:10:08.003-06:00</time>
<extensions>
<gpxtpx:TrackPointExtension>
<gpxtpx:speed>6.36</gpxtpx:speed>
</gpxtpx:TrackPointExtension>
<opentracks:accuracy_horizontal>4.082</opentracks:accuracy_horizontal></extensions>
</trkpt>
<trkpt lat="50.476579" lon="-104.617975">
<ele>558</ele>
<time>2026-09-29T18:10:09.999-06:00</time>
<extensions>
<gpxtpx:TrackPointExtension>
<gpxtpx:speed>6.46</gpxtpx:speed>
</gpxtpx:TrackPointExtension>
<opentracks:accuracy_horizontal>1.02</opentracks:accuracy_horizontal></extensions>
</trkpt>
<trkpt lat="50.476697" lon="-104.617982">
<ele>558</ele>
<time>2026-09-29T18:10:12.013-06:00</time>
<extensions>
<gpxtpx:TrackPointExtension>
<gpxtpx:speed>6.58</gpxtpx:speed>
</gpxtpx:TrackPointExtension>
<opentracks:accuracy_horizontal>1.02</opentracks:accuracy_horizontal></extensions>
</trkpt>
<trkpt lat="50.476812" lon="-104.617987">
<ele>557</ele>
<time>2026-09-29T18:10:14.007-06:00</time>
<extensions>
<gpxtpx:TrackPointExtension>
<gpxtpx:speed>6.63</gpxtpx:speed>
</gpxtpx:TrackPointExtension>
<opentracks:accuracy_horizontal>1.02</opentracks:accuracy_horizontal></extensions>
</trkpt>
<trkpt lat="50.476928" lon="-104.617978">
<ele>557</ele>
<time>2026-09-29T18:10:16.004-06:00</time>
<extensions>
<gpxtpx:TrackPointExtension>
<gpxtpx:speed>6.77</gpxtpx:speed>
</gpxtpx:TrackPointExtension>
<opentracks:accuracy_horizontal>1.02</opentracks:accuracy_horizontal></extensions>
</trkpt>
<trkpt lat="50.477051" lon="-104.617984">
<ele>557</ele>
<time>2026-09-29T18:10:18.015-06:00</time>
<extensions>
<gpxtpx:TrackPointExtension>
<gpxtpx:speed>6.78</gpxtpx:speed>
</gpxtpx:TrackPointExtension>
<opentracks:accuracy_horizontal>1.02</opentracks:accuracy_horizontal></extensions>
</trkpt>
<trkpt lat="50.477174" lon="-104.617964">
<ele>557</ele>
<time>2026-09-29T18:10:19.995-06:00</time>
<extensions>
<gpxtpx:TrackPointExtension>
<gpxtpx:speed>7.01</gpxtpx:speed>
</gpxtpx:TrackPointExtension>
<opentracks:accuracy_horizontal>1.02</opentracks:accuracy_horizontal></extensions>
</trkpt>
<trkpt lat="50.477303" lon="-104.617955">
<ele>556</ele>
<time>2026-09-29T18:10:22.015-06:00</time>
<extensions>
<gpxtpx:TrackPointExtension>
<gpxtpx:speed>7.29</gpxtpx:speed>
</gpxtpx:TrackPointExtension>
<opentracks:accuracy_horizontal>1.02</opentracks:accuracy_horizontal></extensions>
</trkpt>
<trkpt lat="50.477434" lon="-104.617954">
<ele>556</ele>
<time>2026-09-29T18:10:24.013-06:00</time>
<extensions>
<gpxtpx:TrackPointExtension>
<gpxtpx:speed>7.35</gpxtpx:speed>
</gpxtpx:TrackPointExtension>
<opentracks:accuracy_horizontal>1.02</opentracks:accuracy_horizontal></extensions>
</trkpt>
<trkpt lat="50.477573" lon="-104.61796">
<ele>557</ele>
<time>2026-09-29T18:10:26.007-06:00</time>
<extensions>
<gpxtpx:TrackPointExtension>
<gpxtpx:speed>6.86</gpxtpx:speed>
</gpxtpx:TrackPointExtension>
<opentracks:accuracy_horizontal>1.02</opentracks:accuracy_horizontal></extensions>
</trkpt>
<trkpt lat="50.477689" lon="-104.61795">
<ele>557</ele>
<time>2026-09-29T18:10:27.997-06:00</time>
<extensions>
<gpxtpx:TrackPointExtension>
<gpxtpx:speed>6.58</gpxtpx:speed>
</gpxtpx:TrackPointExtension>
<opentracks:accuracy_horizontal>1.02</opentracks:accuracy_horizontal></extensions>
</trkpt>
<trkpt lat="50.477809" lon="-104.617947">
<ele>556</ele>
<time>2026-09-29T18:10:29.993-06:00</time>
<extensions>
<gpxtpx:TrackPointExtension>
<gpxtpx:speed>6.31</gpxtpx:speed>
</gpxtpx:TrackPointExtension>
<opentracks:accuracy_horizontal>4.082</opentracks:accuracy_horizontal></extensions>
</trkpt>
<trkpt lat="50.477915" lon="-104.617947">
<ele>556</ele>
<time>2026-09-29T18:10:32.01-06:00</time>
<extensions>
<gpxtpx:TrackPointExtension>
<gpxtpx:speed>6.12</gpxtpx:speed>
</gpxtpx:TrackPointExtension>
<opentracks:accuracy_horizontal>3.571</opentracks:accuracy_horizontal></extensions>
</trkpt>
<trkpt lat="50.478024" lon="-104.617939">
<ele>556</ele>
<time>2026-09-29T18:10:33.981-06:00</time>
<extensions>
<gpxtpx:TrackPointExtension>
<gpxtpx:speed>6.17</gpxtpx:speed>
</gpxtpx:TrackPointExtension>
<opentracks:accuracy_horizontal>1.02</opentracks:accuracy_horizontal></extensions>
</trkpt>
<trkpt lat="50.478136" lon="-104.617932">
<ele>556</ele>
<time>2026-09-29T18:10:36.007-06:00</time>
<extensions>
<gpxtpx:TrackPointExtension>
<gpxtpx:speed>6.21</gpxtpx:speed>
</gpxtpx:TrackPointExtension>
<opentracks:accuracy_horizontal>1.02</opentracks:accuracy_horizontal></extensions>
</trkpt>
<trkpt lat="50.478238" lon="-104.617924">
<ele>557</ele>
<time>2026-09-29T18:10:37.999-06:00</time>
<extensions>
<gpxtpx:TrackPointExtension>
<gpxtpx:speed>5.7</gpxtpx:speed>
</gpxtpx:TrackPointExtension>
<opentracks:accuracy_horizontal>1.02</opentracks:accuracy_horizontal></extensions>
</trkpt>
<trkpt lat="50.478293" lon="-104.617788">
<ele>556</ele>
<time>2026-09-29T18:10:41.005-06:00</time>
<extensions>
<gpxtpx:TrackPointExtension>
<gpxtpx:speed>3.04</gpxtpx:speed>
</gpxtpx:TrackPointExtension>
<opentracks:accuracy_horizontal>1.02</opentracks:accuracy_horizontal></extensions>
</trkpt>
<trkpt lat="50.478378" lon="-104.617692">
<ele>557</ele>
<time>2026-09-29T18:10:48.022-06:00</time>
<extensions>
<gpxtpx:TrackPointExtension>
<gpxtpx:speed>2.19</gpxtpx:speed>
</gpxtpx:TrackPointExtension>
<opentracks:accuracy_horizontal>1.02</opentracks:accuracy_horizontal></extensions>
</trkpt>
<trkpt lat="50.478485" lon="-104.617676">
<ele>555</ele>
<time>2026-09-29T18:10:53.015-06:00</time>
<extensions>
<gpxtpx:TrackPointExtension>
<gpxtpx:speed>1.99</gpxtpx:speed>
</gpxtpx:TrackPointExtension>
<opentracks:accuracy_horizontal>5.102</opentracks:accuracy_horizontal></extensions>
</trkpt>
<trkpt lat="50.478488" lon="-104.617603">
<ele>553</ele>
<time>2026-09-29T18:11:03.004-06:00</time>
<extensions>
<gpxtpx:TrackPointExtension>
<gpxtpx:speed>1.51</gpxtpx:speed>
</gpxtpx:TrackPointExtension>
<opentracks:accuracy_horizontal>6.122</opentracks:accuracy_horizontal></extensions>
</trkpt>
<trkpt lat="50.478449" lon="-104.617456">
<ele>550</ele>
<time>2026-09-29T18:12:12.936-06:00</time>
<extensions>
<gpxtpx:TrackPointExtension>
<gpxtpx:speed>1.56</gpxtpx:speed>
</gpxtpx:TrackPointExtension>
<opentracks:accuracy_horizontal>30.612</opentracks:accuracy_horizontal></extensions>
</trkpt>
<trkpt lat="50.478439" lon="-104.617548">
<ele>550</ele>
<time>2026-09-29T18:12:22.939-06:00</time>
<extensions>
<gpxtpx:TrackPointExtension>
<gpxtpx:speed>0.58</gpxtpx:speed>
</gpxtpx:TrackPointExtension>
<opentracks:accuracy_horizontal>18.878</opentracks:accuracy_horizontal></extensions>
</trkpt>
<trkpt lat="50.478457" lon="-104.617695">
<ele>551</ele>
<time>2026-09-29T18:12:46.951-06:00</time>
<extensions>
<gpxtpx:TrackPointExtension>
<gpxtpx:speed>1.2</gpxtpx:speed>
</gpxtpx:TrackPointExtension>
<opentracks:accuracy_horizontal>15.306</opentracks:accuracy_horizontal></extensions>
</trkpt>
<trkpt lat="50.478461" lon="-104.617647">
<ele>551</ele>
<time>2026-09-29T18:12:56.941-06:00</time>
<extensions>
<gpxtpx:TrackPointExtension>
<gpxtpx:speed>0.62</gpxtpx:speed>
</gpxtpx:TrackPointExtension>
<opentracks:accuracy_horizontal>34.694</opentracks:accuracy_horizontal></extensions>
</trkpt>
<trkpt lat="50.478461" lon="-104.617505">
<ele>552</ele>
<time>2026-09-29T18:14:37.93-06:00</time>
<extensions>
<gpxtpx:TrackPointExtension>
<gpxtpx:speed>1.92</gpxtpx:speed>
</gpxtpx:TrackPointExtension>
<opentracks:accuracy_horizontal>48.98</opentracks:accuracy_horizontal></extensions>
</trkpt>
<trkpt lat="50.478445" lon="-104.617396">
<ele>552</ele>
<time>2026-09-29T18:14:40.945-06:00</time>
<extensions>
<gpxtpx:TrackPointExtension>
<gpxtpx:speed>2.58</gpxtpx:speed>
</gpxtpx:TrackPointExtension>
<opentracks:accuracy_horizontal>39.796</opentracks:accuracy_horizontal></extensions>
</trkpt>
<trkpt lat="50.478473" lon="-104.617536">
<ele>552</ele>
<time>2026-09-29T18:15:25.948-06:00</time>
<extensions>
<gpxtpx:TrackPointExtension>
<gpxtpx:speed>0.29</gpxtpx:speed>
</gpxtpx:TrackPointExtension>
<opentracks:accuracy_horizontal>19.898</opentracks:accuracy_horizontal></extensions>
</trkpt>
<trkpt lat="50.478481" lon="-104.617623">
<ele>553</ele>
<time>2026-09-29T18:15:35.957-06:00</time>
<extensions>
<gpxtpx:TrackPointExtension>
<gpxtpx:speed>0.38</gpxtpx:speed>
</gpxtpx:TrackPointExtension>
<opentracks:accuracy_horizontal>5.612</opentracks:accuracy_horizontal></extensions>
</trkpt>
<trkpt lat="50.478392" lon="-104.617694">
<ele>552</ele>
<time>2026-09-29T18:15:49.976-06:00</time>
<extensions>
<gpxtpx:TrackPointExtension>
<gpxtpx:speed>2.43</gpxtpx:speed>
</gpxtpx:TrackPointExtension>
<opentracks:accuracy_horizontal>4.082</opentracks:accuracy_horizontal></extensions>
</trkpt>
<trkpt lat="50.478301" lon="-104.617715">
<ele>551</ele>
<time>2026-09-29T18:15:54.98-06:00</time>
<extensions>
<gpxtpx:TrackPointExtension>
<gpxtpx:speed>1.56</gpxtpx:speed>
</gpxtpx:TrackPointExtension>
<opentracks:accuracy_horizontal>6.633</opentracks:accuracy_horizontal></extensions>
</trkpt>
<trkpt lat="50.478249" lon="-104.617713">
<ele>551</ele>
<time>2026-09-29T18:16:04.986-06:00</time>
<extensions>
<gpxtpx:TrackPointExtension>
<gpxtpx:speed>0</gpxtpx:speed>
</gpxtpx:TrackPointExtension>
<opentracks:accuracy_horizontal>2.551</opentracks:accuracy_horizontal></extensions>
</trkpt>
<trkpt lat="50.47815" lon="-104.617747">
<ele>554</ele>
<time>2026-09-29T18:16:26.988-06:00</time>
<extensions>
<gpxtpx:TrackPointExtension>
<gpxtpx:speed>3.4</gpxtpx:speed>
</gpxtpx:TrackPointExtension>
<opentracks:accuracy_horizontal>5.102</opentracks:accuracy_horizontal></extensions>
</trkpt>
<trkpt lat="50.47805" lon="-104.617733">
<ele>553</ele>
<time>2026-09-29T18:16:30.991-06:00</time>
<extensions>
<gpxtpx:TrackPointExtension>
<gpxtpx:speed>2.35</gpxtpx:speed>
</gpxtpx:TrackPointExtension>
<opentracks:accuracy_horizontal>5.612</opentracks:accuracy_horizontal></extensions>
</trkpt>
<trkpt lat="50.477949" lon="-104.617745">
<ele>551</ele>
<time>2026-09-29T18:16:35.999-06:00</time>
<extensions>
<gpxtpx:TrackPointExtension>
<gpxtpx:speed>2.25</gpxtpx:speed>
</gpxtpx:TrackPointExtension>
<opentracks:accuracy_horizontal>5.612</opentracks:accuracy_horizontal></extensions>
</trkpt>
<trkpt lat="50.477855" lon="-104.617737">
<ele>552</ele>
<time>2026-09-29T18:16:41.001-06:00</time>
<extensions>
<gpxtpx:TrackPointExtension>
<gpxtpx:speed>2.54</gpxtpx:speed>
</gpxtpx:TrackPointExtension>
<opentracks:accuracy_horizontal>6.122</opentracks:accuracy_horizontal></extensions>
</trkpt>
<trkpt lat="50.477732" lon="-104.617741">
<ele>552</ele>
<time>2026-09-29T18:16:45.006-06:00</time>
<extensions>
<gpxtpx:TrackPointExtension>
<gpxtpx:speed>3.39</gpxtpx:speed>
</gpxtpx:TrackPointExtension>
<opentracks:accuracy_horizontal>7.143</opentracks:accuracy_horizontal></extensions>
</trkpt>
<trkpt lat="50.477621" lon="-104.617737">
<ele>551</ele>
<time>2026-09-29T18:16:49.006-06:00</time>
<extensions>
<gpxtpx:TrackPointExtension>
<gpxtpx:speed>2.92</gpxtpx:speed>
</gpxtpx:TrackPointExtension>
<opentracks:accuracy_horizontal>6.122</opentracks:accuracy_horizontal></extensions>
</trkpt>
<trkpt lat="50.477528" lon="-104.617728">
<ele>551</ele>
<time>2026-09-29T18:16:52.986-06:00</time>
<extensions>
<gpxtpx:TrackPointExtension>
<gpxtpx:speed>3.08</gpxtpx:speed>
</gpxtpx:TrackPointExtension>
<opentracks:accuracy_horizontal>6.122</opentracks:accuracy_horizontal></extensions>
</trkpt>
<trkpt lat="50.477428" lon="-104.61774">
<ele>551</ele>
<time>2026-09-29T18:16:56.993-06:00</time>
<extensions>
<gpxtpx:TrackPointExtension>
<gpxtpx:speed>2.83</gpxtpx:speed>
</gpxtpx:TrackPointExtension>
<opentracks:accuracy_horizontal>6.633</opentracks:accuracy_horizontal></extensions>
</trkpt>
<trkpt lat="50.477337" lon="-104.617748">
<ele>551</ele>
<time>2026-09-29T18:17:00.994-06:00</time>
<extensions>
<gpxtpx:TrackPointExtension>
<gpxtpx:speed>2.36</gpxtpx:speed>
</gpxtpx:TrackPointExtension>
<opentracks:accuracy_horizontal>6.122</opentracks:accuracy_horizontal></extensions>
</trkpt>
<trkpt lat="50.477235" lon="-104.617751">
<ele>549</ele>
<time>2026-09-29T18:17:05.998-06:00</time>
<extensions>
<gpxtpx:TrackPointExtension>
<gpxtpx:speed>2.31</gpxtpx:speed>
</gpxtpx:TrackPointExtension>
<opentracks:accuracy_horizontal>6.633</opentracks:accuracy_horizontal></extensions>
</trkpt>
<trkpt lat="50.477144" lon="-104.617695">
<ele>547</ele>
<time>2026-09-29T18:17:12.994-06:00</time>
<extensions>
<gpxtpx:TrackPointExtension>
<gpxtpx:speed>1.75</gpxtpx:speed>
</gpxtpx:TrackPointExtension>
<opentracks:accuracy_horizontal>4.592</opentracks:accuracy_horizontal></extensions>
</trkpt>
<trkpt lat="50.477137" lon="-104.617518">
<ele>547</ele>
<time>2026-09-29T18:17:17.015-06:00</time>
<extensions>
<gpxtpx:TrackPointExtension>
<gpxtpx:speed>3.34</gpxtpx:speed>
</gpxtpx:TrackPointExtension>
<opentracks:accuracy_horizontal>5.612</opentracks:accuracy_horizontal></extensions>
</trkpt>
<trkpt lat="50.477126" lon="-104.617342">
<ele>548</ele>
<time>2026-09-29T18:17:21.004-06:00</time>
<extensions>
<gpxtpx:TrackPointExtension>
<gpxtpx:speed>3.49</gpxtpx:speed>
</gpxtpx:TrackPointExtension>
<opentracks:accuracy_horizontal>7.143</opentracks:accuracy_horizontal></extensions>
</trkpt>
<trkpt lat="50.477055" lon="-104.617174">
<ele>550</ele>
<time>2026-09-29T18:17:23.999-06:00</time>
<extensions>
<gpxtpx:TrackPointExtension>
<gpxtpx:speed>5.03</gpxtpx:speed>
</gpxtpx:TrackPointExtension>
<opentracks:accuracy_horizontal>7.143</opentracks:accuracy_horizontal></extensions>
</trkpt>
<trkpt lat="50.477035" lon="-104.617023">
<ele>552</ele>
<time>2026-09-29T18:17:26.014-06:00</time>
<extensions>
<gpxtpx:TrackPointExtension>
<gpxtpx:speed>5.78</gpxtpx:speed>
</gpxtpx:TrackPointExtension>
<opentracks:accuracy_horizontal>5.102</opentracks:accuracy_horizontal></extensions>
</trkpt>
<trkpt lat="50.477028" lon="-104.616866">
<ele>552</ele>
<time>2026-09-29T18:17:27.99-06:00</time>
<extensions>
<gpxtpx:TrackPointExtension>
<gpxtpx:speed>5.72</gpxtpx:speed>
</gpxtpx:TrackPointExtension>
<opentracks:accuracy_horizontal>1.02</opentracks:accuracy_horizontal></extensions>
</trkpt>
<trkpt lat="50.477022" lon="-104.616706">
<ele>554</ele>
<time>2026-09-29T18:17:29.987-06:00</time>
<extensions>
<gpxtpx:TrackPointExtension>
<gpxtpx:speed>5.74</gpxtpx:speed>
</gpxtpx:TrackPointExtension>
<opentracks:accuracy_horizontal>1.02</opentracks:accuracy_horizontal></extensions>
</trkpt>
<trkpt lat="50.477024" lon="-104.61654">
<ele>554</ele>
<time>2026-09-29T18:17:32.008-06:00</time>
<extensions>
<gpxtpx:TrackPointExtension>
<gpxtpx:speed>5.88</gpxtpx:speed>
</gpxtpx:TrackPointExtension>
<opentracks:accuracy_horizontal>0.51</opentracks:accuracy_horizontal></extensions>
</trkpt>
<trkpt lat="50.477018" lon="-104.616377">
<ele>555</ele>
<time>2026-09-29T18:17:33.989-06:00</time>
<extensions>
<gpxtpx:TrackPointExtension>
<gpxtpx:speed>5.66</gpxtpx:speed>
</gpxtpx:TrackPointExtension>
<opentracks:accuracy_horizontal>1.02</opentracks:accuracy_horizontal></extensions>
</trkpt>
<trkpt lat="50.477012" lon="-104.616199">
<ele>556</ele>
<time>2026-09-29T18:17:36-06:00</time>
<extensions>
<gpxtpx:TrackPointExtension>
<gpxtpx:speed>6.01</gpxtpx:speed>
</gpxtpx:TrackPointExtension>
<opentracks:accuracy_horizontal>1.02</opentracks:accuracy_horizontal></extensions>
</trkpt>
<trkpt lat="50.477018" lon="-104.616016">
<ele>555</ele>
<time>2026-09-29T18:17:38.017-06:00</time>
<extensions>
<gpxtpx:TrackPointExtension>
<gpxtpx:speed>6.24</gpxtpx:speed>
</gpxtpx:TrackPointExtension>
<opentracks:accuracy_horizontal>0.51</opentracks:accuracy_horizontal></extensions>
</trkpt>
<trkpt lat="50.47701" lon="-104.615854">
<ele>554</ele>
<time>2026-09-29T18:17:40.003-06:00</time>
<extensions>
<gpxtpx:TrackPointExtension>
<gpxtpx:speed>5.98</gpxtpx:speed>
</gpxtpx:TrackPointExtension>
<opentracks:accuracy_horizontal>0.51</opentracks:accuracy_horizontal></extensions>
</trkpt>
<trkpt lat="50.477019" lon="-104.615687">
<ele>554</ele>
<time>2026-09-29T18:17:41.999-06:00</time>
<extensions>
<gpxtpx:TrackPointExtension>
<gpxtpx:speed>5.96</gpxtpx:speed>
</gpxtpx:TrackPointExtension>
<opentracks:accuracy_horizontal>1.02</opentracks:accuracy_horizontal></extensions>
</trkpt>
<trkpt lat="50.477023" lon="-104.615524">
<ele>555</ele>
<time>2026-09-29T18:17:44.007-06:00</time>
<extensions>
<gpxtpx:TrackPointExtension>
<gpxtpx:speed>5.97</gpxtpx:speed>
</gpxtpx:TrackPointExtension>
<opentracks:accuracy_horizontal>1.02</opentracks:accuracy_horizontal></extensions>
</trkpt>
<trkpt lat="50.477027" lon="-104.615345">
<ele>555</ele>
<time>2026-09-29T18:17:46.004-06:00</time>
<extensions>
<gpxtpx:TrackPointExtension>
<gpxtpx:speed>6.27</gpxtpx:speed>
</gpxtpx:TrackPointExtension>
<opentracks:accuracy_horizontal>1.02</opentracks:accuracy_horizontal></extensions>
</trkpt>
<trkpt lat="50.477027" lon="-104.615177">
<ele>555</ele>
<time>2026-09-29T18:17:48-06:00</time>
<extensions>
<gpxtpx:TrackPointExtension>
<gpxtpx:speed>6.03</gpxtpx:speed>
</gpxtpx:TrackPointExtension>
<opentracks:accuracy_horizontal>1.02</opentracks:accuracy_horizontal></extensions>
</trkpt>
<trkpt lat="50.477028" lon="-104.614998">
<ele>555</ele>
<time>2026-09-29T18:17:50.017-06:00</time>
<extensions>
<gpxtpx:TrackPointExtension>
<gpxtpx:speed>6.36</gpxtpx:speed>
</gpxtpx:TrackPointExtension>
<opentracks:accuracy_horizontal>1.02</opentracks:accuracy_horizontal></extensions>
</trkpt>
<trkpt lat="50.477032" lon="-104.61482">
<ele>555</ele>
<time>2026-09-29T18:17:51.998-06:00</time>
<extensions>
<gpxtpx:TrackPointExtension>
<gpxtpx:speed>6.37</gpxtpx:speed>
</gpxtpx:TrackPointExtension>
<opentracks:accuracy_horizontal>1.02</opentracks:accuracy_horizontal></extensions>
</trkpt>
<trkpt lat="50.477031" lon="-104.614641">
<ele>555</ele>
<time>2026-09-29T18:17:53.995-06:00</time>
<extensions>
<gpxtpx:TrackPointExtension>
<gpxtpx:speed>6.27</gpxtpx:speed>
</gpxtpx:TrackPointExtension>
<opentracks:accuracy_horizontal>0.51</opentracks:accuracy_horizontal></extensions>
</trkpt>
<trkpt lat="50.477024" lon="-104.614479">
<ele>556</ele>
<time>2026-09-29T18:17:56.01-06:00</time>
<extensions>
<gpxtpx:TrackPointExtension>
<gpxtpx:speed>6.03</gpxtpx:speed>
</gpxtpx:TrackPointExtension>
<opentracks:accuracy_horizontal>0.51</opentracks:accuracy_horizontal></extensions>
</trkpt>
<trkpt lat="50.477019" lon="-104.614313">
<ele>556</ele>
<time>2026-09-29T18:17:58.012-06:00</time>
<extensions>
<gpxtpx:TrackPointExtension>
<gpxtpx:speed>5.84</gpxtpx:speed>
</gpxtpx:TrackPointExtension>
<opentracks:accuracy_horizontal>1.02</opentracks:accuracy_horizontal></extensions>
</trkpt>
<trkpt lat="50.477019" lon="-104.614163">
<ele>556</ele>
<time>2026-09-29T18:18:00.001-06:00</time>
<extensions>
<gpxtpx:TrackPointExtension>
<gpxtpx:speed>5.94</gpxtpx:speed>
</gpxtpx:TrackPointExtension>
<opentracks:accuracy_horizontal>1.02</opentracks:accuracy_horizontal></extensions>
</trkpt>
<trkpt lat="50.477017" lon="-104.613993">
<ele>557</ele>
<time>2026-09-29T18:18:01.993-06:00</time>
<extensions>
<gpxtpx:TrackPointExtension>
<gpxtpx:speed>5.92</gpxtpx:speed>
</gpxtpx:TrackPointExtension>
<opentracks:accuracy_horizontal>0.51</opentracks:accuracy_horizontal></extensions>
</trkpt>
<trkpt lat="50.477011" lon="-104.613821">
<ele>557</ele>
<time>2026-09-29T18:18:04.009-06:00</time>
<extensions>
<gpxtpx:TrackPointExtension>
<gpxtpx:speed>5.93</gpxtpx:speed>
</gpxtpx:TrackPointExtension>
<opentracks:accuracy_horizontal>1.02</opentracks:accuracy_horizontal></extensions>
</trkpt>
<trkpt lat="50.477007" lon="-104.613654">
<ele>558</ele>
<time>2026-09-29T18:18:06.007-06:00</time>
<extensions>
<gpxtpx:TrackPointExtension>
<gpxtpx:speed>5.79</gpxtpx:speed>
</gpxtpx:TrackPointExtension>
<opentracks:accuracy_horizontal>1.02</opentracks:accuracy_horizontal></extensions>
</trkpt>
<trkpt lat="50.477005" lon="-104.613488">
<ele>558</ele>
<time>2026-09-29T18:18:08.014-06:00</time>
<extensions>
<gpxtpx:TrackPointExtension>
<gpxtpx:speed>5.8</gpxtpx:speed>
</gpxtpx:TrackPointExtension>
<opentracks:accuracy_horizontal>1.02</opentracks:accuracy_horizontal></extensions>
</trkpt>
<trkpt lat="50.477001" lon="-104.613317">
<ele>558</ele>
<time>2026-09-29T18:18:10.005-06:00</time>
<extensions>
<gpxtpx:TrackPointExtension>
<gpxtpx:speed>6.25</gpxtpx:speed>
</gpxtpx:TrackPointExtension>
<opentracks:accuracy_horizontal>1.02</opentracks:accuracy_horizontal></extensions>
</trkpt>
<trkpt lat="50.477003" lon="-104.61315">
<ele>558</ele>
<time>2026-09-29T18:18:12.01-06:00</time>
<extensions>
<gpxtpx:TrackPointExtension>
<gpxtpx:speed>6.2</gpxtpx:speed>
</gpxtpx:TrackPointExtension>
<opentracks:accuracy_horizontal>1.02</opentracks:accuracy_horizontal></extensions>
</trkpt>
<trkpt lat="50.477009" lon="-104.612971">
<ele>557</ele>
<time>2026-09-29T18:18:14.003-06:00</time>
<extensions>
<gpxtpx:TrackPointExtension>
<gpxtpx:speed>6.5</gpxtpx:speed>
</gpxtpx:TrackPointExtension>
<opentracks:accuracy_horizontal>0.51</opentracks:accuracy_horizontal></extensions>
</trkpt>
<trkpt lat="50.477008" lon="-104.612778">
<ele>557</ele>
<time>2026-09-29T18:18:16.013-06:00</time>
<extensions>
<gpxtpx:TrackPointExtension>
<gpxtpx:speed>6.43</gpxtpx:speed>
</gpxtpx:TrackPointExtension>
<opentracks:accuracy_horizontal>0.51</opentracks:accuracy_horizontal></extensions>
</trkpt>
<trkpt lat="50.477014" lon="-104.612587">
<ele>557</ele>
<time>2026-09-29T18:18:18.001-06:00</time>
<extensions>
<gpxtpx:TrackPointExtension>
<gpxtpx:speed>6.58</gpxtpx:speed>
</gpxtpx:TrackPointExtension>
<opentracks:accuracy_horizontal>1.02</opentracks:accuracy_horizontal></extensions>
</trkpt>
<trkpt lat="50.477013" lon="-104.612406">
<ele>557</ele>
<time>2026-09-29T18:18:20.018-06:00</time>
<extensions>
<gpxtpx:TrackPointExtension>
<gpxtpx:speed>6.78</gpxtpx:speed>
</gpxtpx:TrackPointExtension>
<opentracks:accuracy_horizontal>1.02</opentracks:accuracy_horizontal></extensions>
</trkpt>
<trkpt lat="50.477018" lon="-104.612229">
<ele>557</ele>
<time>2026-09-29T18:18:21.993-06:00</time>
<extensions>
<gpxtpx:TrackPointExtension>
<gpxtpx:speed>6.12</gpxtpx:speed>
</gpxtpx:TrackPointExtension>
<opentracks:accuracy_horizontal>1.02</opentracks:accuracy_horizontal></extensions>
</trkpt>
<trkpt lat="50.477018" lon="-104.612048">
<ele>557</ele>
<time>2026-09-29T18:18:23.995-06:00</time>
<extensions>
<gpxtpx:TrackPointExtension>
<gpxtpx:speed>6.26</gpxtpx:speed>
</gpxtpx:TrackPointExtension>
<opentracks:accuracy_horizontal>1.02</opentracks:accuracy_horizontal></extensions>
</trkpt>
<trkpt lat="50.477021" lon="-104.611876">
<ele>558</ele>
<time>2026-09-29T18:18:25.986-06:00</time>
<extensions>
<gpxtpx:TrackPointExtension>
<gpxtpx:speed>6.38</gpxtpx:speed>
</gpxtpx:TrackPointExtension>
<opentracks:accuracy_horizontal>1.02</opentracks:accuracy_horizontal></extensions>
</trkpt>
<trkpt lat="50.477011" lon="-104.611688">
<ele>558</ele>
<time>2026-09-29T18:18:28.02-06:00</time>
<extensions>
<gpxtpx:TrackPointExtension>
<gpxtpx:speed>6.41</gpxtpx:speed>
</gpxtpx:TrackPointExtension>
<opentracks:accuracy_horizontal>0.51</opentracks:accuracy_horizontal></extensions>
</trkpt>
<trkpt lat="50.477005" lon="-104.61149">
<ele>557</ele>
<time>2026-09-29T18:18:29.991-06:00</time>
<extensions>
<gpxtpx:TrackPointExtension>
<gpxtpx:speed>7.11</gpxtpx:speed>
</gpxtpx:TrackPointExtension>
<opentracks:accuracy_horizontal>1.02</opentracks:accuracy_horizontal></extensions>
</trkpt>
<trkpt lat="50.47701" lon="-104.611298">
<ele>557</ele>
<time>2026-09-29T18:18:31.998-06:00</time>
<extensions>
<gpxtpx:TrackPointExtension>
<gpxtpx:speed>6.62</gpxtpx:speed>
</gpxtpx:TrackPointExtension>
<opentracks:accuracy_horizontal>1.02</opentracks:accuracy_horizontal></extensions>
</trkpt>
<trkpt lat="50.477012" lon="-104.61112">
<ele>558</ele>
<time>2026-09-29T18:18:33.99-06:00</time>
<extensions>
<gpxtpx:TrackPointExtension>
<gpxtpx:speed>6.7</gpxtpx:speed>
</gpxtpx:TrackPointExtension>
<opentracks:accuracy_horizontal>1.02</opentracks:accuracy_horizontal></extensions>
</trkpt>
<trkpt lat="50.477011" lon="-104.610933">
<ele>558</ele>
<time>2026-09-29T18:18:35.999-06:00</time>
<extensions>
<gpxtpx:TrackPointExtension>
<gpxtpx:speed>6.8</gpxtpx:speed>
</gpxtpx:TrackPointExtension>
<opentracks:accuracy_horizontal>1.02</opentracks:accuracy_horizontal></extensions>
</trkpt>
<trkpt lat="50.477011" lon="-104.610739">
<ele>558</ele>
<time>2026-09-29T18:18:38.001-06:00</time>
<extensions>
<gpxtpx:TrackPointExtension>
<gpxtpx:speed>6.9</gpxtpx:speed>
</gpxtpx:TrackPointExtension>
<opentracks:accuracy_horizontal>0.51</opentracks:accuracy_horizontal></extensions>
</trkpt>
<trkpt lat="50.477002" lon="-104.610535">
<ele>558</ele>
<time>2026-09-29T18:18:40.019-06:00</time>
<extensions>
<gpxtpx:TrackPointExtension>
<gpxtpx:speed>7.09</gpxtpx:speed>
</gpxtpx:TrackPointExtension>
<opentracks:accuracy_horizontal>1.02</opentracks:accuracy_horizontal></extensions>
</trkpt>
<trkpt lat="50.477007" lon="-104.610338">
<ele>558</ele>
<time>2026-09-29T18:18:42.001-06:00</time>
<extensions>
<gpxtpx:TrackPointExtension>
<gpxtpx:speed>7.02</gpxtpx:speed>
</gpxtpx:TrackPointExtension>
<opentracks:accuracy_horizontal>1.02</opentracks:accuracy_horizontal></extensions>
</trkpt>
<trkpt lat="50.477009" lon="-104.610139">
<ele>558</ele>
<time>2026-09-29T18:18:44.023-06:00</time>
<extensions>
<gpxtpx:TrackPointExtension>
<gpxtpx:speed>6.87</gpxtpx:speed>
</gpxtpx:TrackPointExtension>
<opentracks:accuracy_horizontal>1.02</opentracks:accuracy_horizontal></extensions>
</trkpt>
<trkpt lat="50.477011" lon="-104.60994">
<ele>558</ele>
<time>2026-09-29T18:18:46.01-06:00</time>
<extensions>
<gpxtpx:TrackPointExtension>
<gpxtpx:speed>7</gpxtpx:speed>
</gpxtpx:TrackPointExtension>
<opentracks:accuracy_horizontal>1.02</opentracks:accuracy_horizontal></extensions>
</trkpt>
<trkpt lat="50.477015" lon="-104.609748">
<ele>558</ele>
<time>2026-09-29T18:18:48.02-06:00</time>
<extensions>
<gpxtpx:TrackPointExtension>
<gpxtpx:speed>7.03</gpxtpx:speed>
</gpxtpx:TrackPointExtension>
<opentracks:accuracy_horizontal>1.02</opentracks:accuracy_horizontal></extensions>
</trkpt>
<trkpt lat="50.477018" lon="-104.609552">
<ele>557</ele>
<time>2026-09-29T18:18:50.01-06:00</time>
<extensions>
<gpxtpx:TrackPointExtension>
<gpxtpx:speed>6.82</gpxtpx:speed>
</gpxtpx:TrackPointExtension>
<opentracks:accuracy_horizontal>1.02</opentracks:accuracy_horizontal></extensions>
</trkpt>
<trkpt lat="50.477023" lon="-104.609351">
<ele>558</ele>
<time>2026-09-29T18:18:52.004-06:00</time>
<extensions>
<gpxtpx:TrackPointExtension>
<gpxtpx:speed>7.02</gpxtpx:speed>
</gpxtpx:TrackPointExtension>
<opentracks:accuracy_horizontal>1.02</opentracks:accuracy_horizontal></extensions>
</trkpt>
<trkpt lat="50.477027" lon="-104.609153">
<ele>558</ele>
<time>2026-09-29T18:18:54.004-06:00</time>
<extensions>
<gpxtpx:TrackPointExtension>
<gpxtpx:speed>6.92</gpxtpx:speed>
</gpxtpx:TrackPointExtension>
<opentracks:accuracy_horizontal>1.02</opentracks:accuracy_horizontal></extensions>
</trkpt>
<trkpt lat="50.47703" lon="-104.608959">
<ele>558</ele>
<time>2026-09-29T18:18:55.993-06:00</time>
<extensions>
<gpxtpx:TrackPointExtension>
<gpxtpx:speed>6.81</gpxtpx:speed>
</gpxtpx:TrackPointExtension>
<opentracks:accuracy_horizontal>1.02</opentracks:accuracy_horizontal></extensions>
</trkpt>
<trkpt lat="50.477032" lon="-104.608765">
<ele>558</ele>
<time>2026-09-29T18:18:58.06-06:00</time>
<extensions>
<gpxtpx:TrackPointExtension>
<gpxtpx:speed>6.72</gpxtpx:speed>
</gpxtpx:TrackPointExtension>
<opentracks:accuracy_horizontal>1.02</opentracks:accuracy_horizontal></extensions>
</trkpt>
<trkpt lat="50.477031" lon="-104.608573">
<ele>558</ele>
<time>2026-09-29T18:19:00.016-06:00</time>
<extensions>
<gpxtpx:TrackPointExtension>
<gpxtpx:speed>6.73</gpxtpx:speed>
</gpxtpx:TrackPointExtension>
<opentracks:accuracy_horizontal>1.02</opentracks:accuracy_horizontal></extensions>
</trkpt>
<trkpt lat="50.477027" lon="-104.608385">
<ele>558</ele>
<time>2026-09-29T18:19:02.014-06:00</time>
<extensions>
<gpxtpx:TrackPointExtension>
<gpxtpx:speed>6.63</gpxtpx:speed>
</gpxtpx:TrackPointExtension>
<opentracks:accuracy_horizontal>1.02</opentracks:accuracy_horizontal></extensions>
</trkpt>
<trkpt lat="50.477026" lon="-104.608204">
<ele>558</ele>
<time>2026-09-29T18:19:04.002-06:00</time>
<extensions>
<gpxtpx:TrackPointExtension>
<gpxtpx:speed>6.63</gpxtpx:speed>
</gpxtpx:TrackPointExtension>
<opentracks:accuracy_horizontal>1.02</opentracks:accuracy_horizontal></extensions>
</trkpt>
<trkpt lat="50.477015" lon="-104.608016">
<ele>558</ele>
<time>2026-09-29T18:19:06.011-06:00</time>
<extensions>
<gpxtpx:TrackPointExtension>
<gpxtpx:speed>6.76</gpxtpx:speed>
</gpxtpx:TrackPointExtension>
<opentracks:accuracy_horizontal>0.51</opentracks:accuracy_horizontal></extensions>
</trkpt>
<trkpt lat="50.477012" lon="-104.607826">
<ele>559</ele>
<time>2026-09-29T18:19:08.011-06:00</time>
<extensions>
<gpxtpx:TrackPointExtension>
<gpxtpx:speed>6.74</gpxtpx:speed>
</gpxtpx:TrackPointExtension>
<opentracks:accuracy_horizontal>0.51</opentracks:accuracy_horizontal></extensions>
</trkpt>
<trkpt lat="50.477016" lon="-104.607637">
<ele>560</ele>
<time>2026-09-29T18:19:09.996-06:00</time>
<extensions>
<gpxtpx:TrackPointExtension>
<gpxtpx:speed>6.54</gpxtpx:speed>
</gpxtpx:TrackPointExtension>
<opentracks:accuracy_horizontal>1.02</opentracks:accuracy_horizontal></extensions>
</trkpt>
<trkpt lat="50.477018" lon="-104.60745">
<ele>560</ele>
<time>2026-09-29T18:19:12.006-06:00</time>
<extensions>
<gpxtpx:TrackPointExtension>
<gpxtpx:speed>6.48</gpxtpx:speed>
</gpxtpx:TrackPointExtension>
<opentracks:accuracy_horizontal>1.02</opentracks:accuracy_horizontal></extensions>
</trkpt>
<trkpt lat="50.477016" lon="-104.60728">
<ele>560</ele>
<time>2026-09-29T18:19:14.005-06:00</time>
<extensions>
<gpxtpx:TrackPointExtension>
<gpxtpx:speed>6.28</gpxtpx:speed>
</gpxtpx:TrackPointExtension>
<opentracks:accuracy_horizontal>0.51</opentracks:accuracy_horizontal></extensions>
</trkpt>
<trkpt lat="50.477017" lon="-104.607119">
<ele>560</ele>
<time>2026-09-29T18:19:15.998-06:00</time>
<extensions>
<gpxtpx:TrackPointExtension>
<gpxtpx:speed>5.83</gpxtpx:speed>
</gpxtpx:TrackPointExtension>
<opentracks:accuracy_horizontal>1.02</opentracks:accuracy_horizontal></extensions>
</trkpt>
<trkpt lat="50.477008" lon="-104.606951">
<ele>560</ele>
<time>2026-09-29T18:19:18.007-06:00</time>
<extensions>
<gpxtpx:TrackPointExtension>
<gpxtpx:speed>5.21</gpxtpx:speed>
</gpxtpx:TrackPointExtension>
<opentracks:accuracy_horizontal>1.02</opentracks:accuracy_horizontal></extensions>
</trkpt>
<trkpt lat="50.477003" lon="-104.606754">
<ele>559</ele>
<time>2026-09-29T18:19:21.01-06:00</time>
<extensions>
<gpxtpx:TrackPointExtension>
<gpxtpx:speed>3.91</gpxtpx:speed>
</gpxtpx:TrackPointExtension>
<opentracks:accuracy_horizontal>1.02</opentracks:accuracy_horizontal></extensions>
</trkpt>
<trkpt lat="50.477004" lon="-104.606574">
<ele>559</ele>
<time>2026-09-29T18:19:24.015-06:00</time>
<extensions>
<gpxtpx:TrackPointExtension>
<gpxtpx:speed>5.13</gpxtpx:speed>
</gpxtpx:TrackPointExtension>
<opentracks:accuracy_horizontal>4.592</opentracks:accuracy_horizontal></extensions>
</trkpt>
<trkpt lat="50.477009" lon="-104.606409">
<ele>559</ele>
<time>2026-09-29T18:19:26.003-06:00</time>
<extensions>
<gpxtpx:TrackPointExtension>
<gpxtpx:speed>5.69</gpxtpx:speed>
</gpxtpx:TrackPointExtension>
<opentracks:accuracy_horizontal>4.592</opentracks:accuracy_horizontal></extensions>
</trkpt>
<trkpt lat="50.477019" lon="-104.60623">
<ele>559</ele>
<time>2026-09-29T18:19:27.995-06:00</time>
<extensions>
<gpxtpx:TrackPointExtension>
<gpxtpx:speed>7.03</gpxtpx:speed>
</gpxtpx:TrackPointExtension>
<opentracks:accuracy_horizontal>1.02</opentracks:accuracy_horizontal></extensions>
</trkpt>
<trkpt lat="50.477022" lon="-104.60605">
<ele>558</ele>
<time>2026-09-29T18:19:29.991-06:00</time>
<extensions>
<gpxtpx:TrackPointExtension>
<gpxtpx:speed>6.17</gpxtpx:speed>
</gpxtpx:TrackPointExtension>
<opentracks:accuracy_horizontal>1.02</opentracks:accuracy_horizontal></extensions>
</trkpt>
<trkpt lat="50.477015" lon="-104.605856">
<ele>557</ele>
<time>2026-09-29T18:19:31.999-06:00</time>
<extensions>
<gpxtpx:TrackPointExtension>
<gpxtpx:speed>6.9</gpxtpx:speed>
</gpxtpx:TrackPointExtension>
<opentracks:accuracy_horizontal>1.02</opentracks:accuracy_horizontal></extensions>
</trkpt>
<trkpt lat="50.477018" lon="-104.605663">
<ele>558</ele>
<time>2026-09-29T18:19:34-06:00</time>
<extensions>
<gpxtpx:TrackPointExtension>
<gpxtpx:speed>6.77</gpxtpx:speed>
</gpxtpx:TrackPointExtension>
<opentracks:accuracy_horizontal>1.02</opentracks:accuracy_horizontal></extensions>
</trkpt>
<trkpt lat="50.477022" lon="-104.605482">
<ele>557</ele>
<time>2026-09-29T18:19:36.003-06:00</time>
<extensions>
<gpxtpx:TrackPointExtension>
<gpxtpx:speed>6.21</gpxtpx:speed>
</gpxtpx:TrackPointExtension>
<opentracks:accuracy_horizontal>1.02</opentracks:accuracy_horizontal></extensions>
</trkpt>
<trkpt lat="50.477024" lon="-104.605315">
<ele>556</ele>
<time>2026-09-29T18:19:38.003-06:00</time>
<extensions>
<gpxtpx:TrackPointExtension>
<gpxtpx:speed>5.81</gpxtpx:speed>
</gpxtpx:TrackPointExtension>
<opentracks:accuracy_horizontal>1.02</opentracks:accuracy_horizontal></extensions>
</trkpt>
<trkpt lat="50.477026" lon="-104.605155">
<ele>556</ele>
<time>2026-09-29T18:19:40.009-06:00</time>
<extensions>
<gpxtpx:TrackPointExtension>
<gpxtpx:speed>5.7</gpxtpx:speed>
</gpxtpx:TrackPointExtension>
<opentracks:accuracy_horizontal>1.02</opentracks:accuracy_horizontal></extensions>
</trkpt>
<trkpt lat="50.47702" lon="-104.604976">
<ele>556</ele>
<time>2026-09-29T18:19:41.999-06:00</time>
<extensions>
<gpxtpx:TrackPointExtension>
<gpxtpx:speed>6.43</gpxtpx:speed>
</gpxtpx:TrackPointExtension>
<opentracks:accuracy_horizontal>5.612</opentracks:accuracy_horizontal></extensions>
</trkpt>
<trkpt lat="50.477022" lon="-104.604779">
<ele>556</ele>
<time>2026-09-29T18:19:44.004-06:00</time>
<extensions>
<gpxtpx:TrackPointExtension>
<gpxtpx:speed>6.95</gpxtpx:speed>
</gpxtpx:TrackPointExtension>
<opentracks:accuracy_horizontal>1.02</opentracks:accuracy_horizontal></extensions>
</trkpt>
<trkpt lat="50.477028" lon="-104.604593">
<ele>556</ele>
<time>2026-09-29T18:19:46.002-06:00</time>
<extensions>
<gpxtpx:TrackPointExtension>
<gpxtpx:speed>6.54</gpxtpx:speed>
</gpxtpx:TrackPointExtension>
<opentracks:accuracy_horizontal>1.02</opentracks:accuracy_horizontal></extensions>
</trkpt>
<trkpt lat="50.47703" lon="-104.604412">
<ele>557</ele>
<time>2026-09-29T18:19:48.013-06:00</time>
<extensions>
<gpxtpx:TrackPointExtension>
<gpxtpx:speed>6.14</gpxtpx:speed>
</gpxtpx:TrackPointExtension>
<opentracks:accuracy_horizontal>0.51</opentracks:accuracy_horizontal></extensions>
</trkpt>
<trkpt lat="50.477028" lon="-104.604221">
<ele>557</ele>
<time>2026-09-29T18:19:50.016-06:00</time>
<extensions>
<gpxtpx:TrackPointExtension>
<gpxtpx:speed>6.6</gpxtpx:speed>
</gpxtpx:TrackPointExtension>
<opentracks:accuracy_horizontal>1.02</opentracks:accuracy_horizontal></extensions>
</trkpt>
<trkpt lat="50.477027" lon="-104.604027">
<ele>557</ele>
<time>2026-09-29T18:19:52.012-06:00</time>
<extensions>
<gpxtpx:TrackPointExtension>
<gpxtpx:speed>6.85</gpxtpx:speed>
</gpxtpx:TrackPointExtension>
<opentracks:accuracy_horizontal>1.02</opentracks:accuracy_horizontal></extensions>
</trkpt>
<trkpt lat="50.477025" lon="-104.603823">
<ele>556</ele>
<time>2026-09-29T18:19:54.007-06:00</time>
<extensions>
<gpxtpx:TrackPointExtension>
<gpxtpx:speed>7.37</gpxtpx:speed>
</gpxtpx:TrackPointExtension>
<opentracks:accuracy_horizontal>1.02</opentracks:accuracy_horizontal></extensions>
</trkpt>
<trkpt lat="50.477014" lon="-104.603631">
<ele>557</ele>
<time>2026-09-29T18:19:56.005-06:00</time>
<extensions>
<gpxtpx:TrackPointExtension>
<gpxtpx:speed>6.85</gpxtpx:speed>
</gpxtpx:TrackPointExtension>
<opentracks:accuracy_horizontal>1.02</opentracks:accuracy_horizontal></extensions>
</trkpt>
<trkpt lat="50.477015" lon="-104.603444">
<ele>558</ele>
<time>2026-09-29T18:19:57.991-06:00</time>
<extensions>
<gpxtpx:TrackPointExtension>
<gpxtpx:speed>6.2</gpxtpx:speed>
</gpxtpx:TrackPointExtension>
<opentracks:accuracy_horizontal>1.02</opentracks:accuracy_horizontal></extensions>
</trkpt>
<trkpt lat="50.477005" lon="-104.60328">
<ele>558</ele>
<time>2026-09-29T18:19:59.992-06:00</time>
<extensions>
<gpxtpx:TrackPointExtension>
<gpxtpx:speed>5.78</gpxtpx:speed>
</gpxtpx:TrackPointExtension>
<opentracks:accuracy_horizontal>0.51</opentracks:accuracy_horizontal></extensions>
</trkpt>
<trkpt lat="50.477001" lon="-104.603103">
<ele>558</ele>
<time>2026-09-29T18:20:01.998-06:00</time>
<extensions>
<gpxtpx:TrackPointExtension>
<gpxtpx:speed>6.35</gpxtpx:speed>
</gpxtpx:TrackPointExtension>
<opentracks:accuracy_horizontal>1.02</opentracks:accuracy_horizontal></extensions>
</trkpt>
<trkpt lat="50.476991" lon="-104.602896">
<ele>558</ele>
<time>2026-09-29T18:20:03.991-06:00</time>
<extensions>
<gpxtpx:TrackPointExtension>
<gpxtpx:speed>7.53</gpxtpx:speed>
</gpxtpx:TrackPointExtension>
<opentracks:accuracy_horizontal>1.02</opentracks:accuracy_horizontal></extensions>
</trkpt>
<trkpt lat="50.477002" lon="-104.602683">
<ele>558</ele>
<time>2026-09-29T18:20:05.986-06:00</time>
<extensions>
<gpxtpx:TrackPointExtension>
<gpxtpx:speed>7.23</gpxtpx:speed>
</gpxtpx:TrackPointExtension>
<opentracks:accuracy_horizontal>1.02</opentracks:accuracy_horizontal></extensions>
</trkpt>
<trkpt lat="50.477006" lon="-104.602476">
<ele>558</ele>
<time>2026-09-29T18:20:07.992-06:00</time>
<extensions>
<gpxtpx:TrackPointExtension>
<gpxtpx:speed>7.06</gpxtpx:speed>
</gpxtpx:TrackPointExtension>
<opentracks:accuracy_horizontal>1.02</opentracks:accuracy_horizontal></extensions>
</trkpt>
<trkpt lat="50.477001" lon="-104.602291">
<ele>558</ele>
<time>2026-09-29T18:20:09.992-06:00</time>
<extensions>
<gpxtpx:TrackPointExtension>
<gpxtpx:speed>6.51</gpxtpx:speed>
</gpxtpx:TrackPointExtension>
<opentracks:accuracy_horizontal>5.612</opentracks:accuracy_horizontal></extensions>
</trkpt>
<trkpt lat="50.477003" lon="-104.602124">
<ele>559</ele>
<time>2026-09-29T18:20:11.999-06:00</time>
<extensions>
<gpxtpx:TrackPointExtension>
<gpxtpx:speed>5.86</gpxtpx:speed>
</gpxtpx:TrackPointExtension>
<opentracks:accuracy_horizontal>6.122</opentracks:accuracy_horizontal></extensions>
</trkpt>
<trkpt lat="50.477009" lon="-104.601962">
<ele>559</ele>
<time>2026-09-29T18:20:14.011-06:00</time>
<extensions>
<gpxtpx:TrackPointExtension>
<gpxtpx:speed>5.25</gpxtpx:speed>
</gpxtpx:TrackPointExtension>
<opentracks:accuracy_horizontal>4.592</opentracks:accuracy_horizontal></extensions>
</trkpt>
<trkpt lat="50.477005" lon="-104.601803">
<ele>559</ele>
<time>2026-09-29T18:20:16.016-06:00</time>
<extensions>
<gpxtpx:TrackPointExtension>
<gpxtpx:speed>5.91</gpxtpx:speed>
</gpxtpx:TrackPointExtension>
<opentracks:accuracy_horizontal>5.102</opentracks:accuracy_horizontal></extensions>
</trkpt>
<trkpt lat="50.476999" lon="-104.601634">
<ele>559</ele>
<time>2026-09-29T18:20:18.01-06:00</time>
<extensions>
<gpxtpx:TrackPointExtension>
<gpxtpx:speed>6.51</gpxtpx:speed>
</gpxtpx:TrackPointExtension>
<opentracks:accuracy_horizontal>1.02</opentracks:accuracy_horizontal></extensions>
</trkpt>
<trkpt lat="50.477003" lon="-104.601455">
<ele>559</ele>
<time>2026-09-29T18:20:20.005-06:00</time>
<extensions>
<gpxtpx:TrackPointExtension>
<gpxtpx:speed>6.37</gpxtpx:speed>
</gpxtpx:TrackPointExtension>
<opentracks:accuracy_horizontal>1.02</opentracks:accuracy_horizontal></extensions>
</trkpt>
<trkpt lat="50.477001" lon="-104.601278">
<ele>559</ele>
<time>2026-09-29T18:20:22.005-06:00</time>
<extensions>
<gpxtpx:TrackPointExtension>
<gpxtpx:speed>5.98</gpxtpx:speed>
</gpxtpx:TrackPointExtension>
<opentracks:accuracy_horizontal>1.02</opentracks:accuracy_horizontal></extensions>
</trkpt>
<trkpt lat="50.477004" lon="-104.601115">
<ele>560</ele>
<time>2026-09-29T18:20:24.007-06:00</time>
<extensions>
<gpxtpx:TrackPointExtension>
<gpxtpx:speed>5.8</gpxtpx:speed>
</gpxtpx:TrackPointExtension>
<opentracks:accuracy_horizontal>4.592</opentracks:accuracy_horizontal></extensions>
</trkpt>
<trkpt lat="50.477003" lon="-104.600953">
<ele>559</ele>
<time>2026-09-29T18:20:26.027-06:00</time>
<extensions>
<gpxtpx:TrackPointExtension>
<gpxtpx:speed>5.3</gpxtpx:speed>
</gpxtpx:TrackPointExtension>
<opentracks:accuracy_horizontal>4.082</opentracks:accuracy_horizontal></extensions>
</trkpt>
<trkpt lat="50.47701" lon="-104.600805">
<ele>559</ele>
<time>2026-09-29T18:20:28.018-06:00</time>
<extensions>
<gpxtpx:TrackPointExtension>
<gpxtpx:speed>5.01</gpxtpx:speed>
</gpxtpx:TrackPointExtension>
<opentracks:accuracy_horizontal>3.571</opentracks:accuracy_horizontal></extensions>
</trkpt>
<trkpt lat="50.477014" lon="-104.60066">
<ele>559</ele>
<time>2026-09-29T18:20:30.001-06:00</time>
<extensions>
<gpxtpx:TrackPointExtension>
<gpxtpx:speed>5.28</gpxtpx:speed>
</gpxtpx:TrackPointExtension>
<opentracks:accuracy_horizontal>3.571</opentracks:accuracy_horizontal></extensions>
</trkpt>
<trkpt lat="50.477015" lon="-104.600462">
<ele>559</ele>
<time>2026-09-29T18:20:33.009-06:00</time>
<extensions>
<gpxtpx:TrackPointExtension>
<gpxtpx:speed>4.01</gpxtpx:speed>
</gpxtpx:TrackPointExtension>
<opentracks:accuracy_horizontal>4.592</opentracks:accuracy_horizontal></extensions>
</trkpt>
<trkpt lat="50.476931" lon="-104.600581">
<ele>556</ele>
<time>2026-09-29T18:20:41.008-06:00</time>
<extensions>
<gpxtpx:TrackPointExtension>
<gpxtpx:speed>4.82</gpxtpx:speed>
</gpxtpx:TrackPointExtension>
<opentracks:accuracy_horizontal>5.102</opentracks:accuracy_horizontal></extensions>
</trkpt>
<trkpt lat="50.476817" lon="-104.600588">
<ele>555</ele>
<time>2026-09-29T18:20:43.002-06:00</time>
<extensions>
<gpxtpx:TrackPointExtension>
<gpxtpx:speed>6.52</gpxtpx:speed>
</gpxtpx:TrackPointExtension>
<opentracks:accuracy_horizontal>4.592</opentracks:accuracy_horizontal></extensions>
</trkpt>
<trkpt lat="50.476692" lon="-104.600589">
<ele>555</ele>
<time>2026-09-29T18:20:45.003-06:00</time>
<extensions>
<gpxtpx:TrackPointExtension>
<gpxtpx:speed>7.29</gpxtpx:speed>
</gpxtpx:TrackPointExtension>
<opentracks:accuracy_horizontal>1.02</opentracks:accuracy_horizontal></extensions>
</trkpt>
<trkpt lat="50.476565" lon="-104.600604">
<ele>554</ele>
<time>2026-09-29T18:20:47.008-06:00</time>
<extensions>
<gpxtpx:TrackPointExtension>
<gpxtpx:speed>7.21</gpxtpx:speed>
</gpxtpx:TrackPointExtension>
<opentracks:accuracy_horizontal>1.02</opentracks:accuracy_horizontal></extensions>
</trkpt>
<trkpt lat="50.476442" lon="-104.600611">
<ele>554</ele>
<time>2026-09-29T18:20:48.995-06:00</time>
<extensions>
<gpxtpx:TrackPointExtension>
<gpxtpx:speed>6.86</gpxtpx:speed>
</gpxtpx:TrackPointExtension>
<opentracks:accuracy_horizontal>1.02</opentracks:accuracy_horizontal></extensions>
</trkpt>
<trkpt lat="50.476328" lon="-104.600617">
<ele>552</ele>
<time>2026-09-29T18:20:51.01-06:00</time>
<extensions>
<gpxtpx:TrackPointExtension>
<gpxtpx:speed>6.53</gpxtpx:speed>
</gpxtpx:TrackPointExtension>
<opentracks:accuracy_horizontal>1.02</opentracks:accuracy_horizontal></extensions>
</trkpt>
<trkpt lat="50.476228" lon="-104.600602">
<ele>552</ele>
<time>2026-09-29T18:20:53.003-06:00</time>
<extensions>
<gpxtpx:TrackPointExtension>
<gpxtpx:speed>6.01</gpxtpx:speed>
</gpxtpx:TrackPointExtension>
<opentracks:accuracy_horizontal>1.02</opentracks:accuracy_horizontal></extensions>
</trkpt>
<trkpt lat="50.476131" lon="-104.600611">
<ele>551</ele>
<time>2026-09-29T18:20:54.995-06:00</time>
<extensions>
<gpxtpx:TrackPointExtension>
<gpxtpx:speed>5.26</gpxtpx:speed>
</gpxtpx:TrackPointExtension>
<opentracks:accuracy_horizontal>5.102</opentracks:accuracy_horizontal></extensions>
</trkpt>
<trkpt lat="50.476038" lon="-104.600626">
<ele>550</ele>
<time>2026-09-29T18:20:56.999-06:00</time>
<extensions>
<gpxtpx:TrackPointExtension>
<gpxtpx:speed>5</gpxtpx:speed>
</gpxtpx:TrackPointExtension>
<opentracks:accuracy_horizontal>5.102</opentracks:accuracy_horizontal></extensions>
</trkpt>
<trkpt lat="50.475908" lon="-104.600632">
<ele>551</ele>
<time>2026-09-29T18:21:00.006-06:00</time>
<extensions>
<gpxtpx:TrackPointExtension>
<gpxtpx:speed>4.51</gpxtpx:speed>
</gpxtpx:TrackPointExtension>
<opentracks:accuracy_horizontal>6.633</opentracks:accuracy_horizontal></extensions>
</trkpt>
<trkpt lat="50.47578" lon="-104.60064">
<ele>551</ele>
<time>2026-09-29T18:21:03.003-06:00</time>
<extensions>
<gpxtpx:TrackPointExtension>
<gpxtpx:speed>4.78</gpxtpx:speed>
</gpxtpx:TrackPointExtension>
<opentracks:accuracy_horizontal>5.102</opentracks:accuracy_horizontal></extensions>
</trkpt>
<trkpt lat="50.475658" lon="-104.600655">
<ele>552</ele>
<time>2026-09-29T18:21:06.003-06:00</time>
<extensions>
<gpxtpx:TrackPointExtension>
<gpxtpx:speed>3.65</gpxtpx:speed>
</gpxtpx:TrackPointExtension>
<opentracks:accuracy_horizontal>4.592</opentracks:accuracy_horizontal></extensions>
</trkpt>
<trkpt lat="50.475561" lon="-104.60069">
<ele>552</ele>
<time>2026-09-29T18:21:12.995-06:00</time>
<extensions>
<gpxtpx:TrackPointExtension>
<gpxtpx:speed>2.38</gpxtpx:speed>
</gpxtpx:TrackPointExtension>
<opentracks:accuracy_horizontal>6.633</opentracks:accuracy_horizontal></extensions>
</trkpt>
<trkpt lat="50.475473" lon="-104.600657">
<ele>553</ele>
<time>2026-09-29T18:21:16.001-06:00</time>
<extensions>
<gpxtpx:TrackPointExtension>
<gpxtpx:speed>4.18</gpxtpx:speed>
</gpxtpx:TrackPointExtension>
<opentracks:accuracy_horizontal>6.122</opentracks:accuracy_horizontal></extensions>
</trkpt>
<trkpt lat="50.475341" lon="-104.600615">
<ele>555</ele>
<time>2026-09-29T18:21:19-06:00</time>
<extensions>
<gpxtpx:TrackPointExtension>
<gpxtpx:speed>4.79</gpxtpx:speed>
</gpxtpx:TrackPointExtension>
<opentracks:accuracy_horizontal>4.592</opentracks:accuracy_horizontal></extensions>
</trkpt>
<trkpt lat="50.475245" lon="-104.600621">
<ele>556</ele>
<time>2026-09-29T18:21:20.997-06:00</time>
<extensions>
<gpxtpx:TrackPointExtension>
<gpxtpx:speed>5.5</gpxtpx:speed>
</gpxtpx:TrackPointExtension>
<opentracks:accuracy_horizontal>4.592</opentracks:accuracy_horizontal></extensions>
</trkpt>
<trkpt lat="50.475144" lon="-104.60063">
<ele>557</ele>
<time>2026-09-29T18:21:23.003-06:00</time>
<extensions>
<gpxtpx:TrackPointExtension>
<gpxtpx:speed>5.5</gpxtpx:speed>
</gpxtpx:TrackPointExtension>
<opentracks:accuracy_horizontal>1.02</opentracks:accuracy_horizontal></extensions>
</trkpt>
<trkpt lat="50.475033" lon="-104.600637">
<ele>556</ele>
<time>2026-09-29T18:21:25.003-06:00</time>
<extensions>
<gpxtpx:TrackPointExtension>
<gpxtpx:speed>6.13</gpxtpx:speed>
</gpxtpx:TrackPointExtension>
<opentracks:accuracy_horizontal>1.02</opentracks:accuracy_horizontal></extensions>
</trkpt>
<trkpt lat="50.474911" lon="-104.600624">
<ele>556</ele>
<time>2026-09-29T18:21:27.015-06:00</time>
<extensions>
<gpxtpx:TrackPointExtension>
<gpxtpx:speed>6.23</gpxtpx:speed>
</gpxtpx:TrackPointExtension>
<opentracks:accuracy_horizontal>1.02</opentracks:accuracy_horizontal></extensions>
</trkpt>
<trkpt lat="50.474795" lon="-104.600622">
<ele>557</ele>
<time>2026-09-29T18:21:29.007-06:00</time>
<extensions>
<gpxtpx:TrackPointExtension>
<gpxtpx:speed>6.2</gpxtpx:speed>
</gpxtpx:TrackPointExtension>
<opentracks:accuracy_horizontal>1.02</opentracks:accuracy_horizontal></extensions>
</trkpt>
<trkpt lat="50.474685" lon="-104.600631">
<ele>557</ele>
<time>2026-09-29T18:21:31.021-06:00</time>
<extensions>
<gpxtpx:TrackPointExtension>
<gpxtpx:speed>6.06</gpxtpx:speed>
</gpxtpx:TrackPointExtension>
<opentracks:accuracy_horizontal>0.51</opentracks:accuracy_horizontal></extensions>
</trkpt>
<trkpt lat="50.474571" lon="-104.600623">
<ele>556</ele>
<time>2026-09-29T18:21:33.018-06:00</time>
<extensions>
<gpxtpx:TrackPointExtension>
<gpxtpx:speed>5.86</gpxtpx:speed>
</gpxtpx:TrackPointExtension>
<opentracks:accuracy_horizontal>1.02</opentracks:accuracy_horizontal></extensions>
</trkpt>
<trkpt lat="50.474465" lon="-104.600629">
<ele>556</ele>
<time>2026-09-29T18:21:35.01-06:00</time>
<extensions>
<gpxtpx:TrackPointExtension>
<gpxtpx:speed>5.76</gpxtpx:speed>
</gpxtpx:TrackPointExtension>
<opentracks:accuracy_horizontal>4.592</opentracks:accuracy_horizontal></extensions>
</trkpt>
<trkpt lat="50.474362" lon="-104.600635">
<ele>556</ele>
<time>2026-09-29T18:21:37.005-06:00</time>
<extensions>
<gpxtpx:TrackPointExtension>
<gpxtpx:speed>5.35</gpxtpx:speed>
</gpxtpx:TrackPointExtension>
<opentracks:accuracy_horizontal>4.592</opentracks:accuracy_horizontal></extensions>
</trkpt>
<trkpt lat="50.474261" lon="-104.600624">
<ele>556</ele>
<time>2026-09-29T18:21:39.009-06:00</time>
<extensions>
<gpxtpx:TrackPointExtension>
<gpxtpx:speed>5.3</gpxtpx:speed>
</gpxtpx:TrackPointExtension>
<opentracks:accuracy_horizontal>4.592</opentracks:accuracy_horizontal></extensions>
</trkpt>
<trkpt lat="50.47417" lon="-104.600618">
<ele>556</ele>
<time>2026-09-29T18:21:40.998-06:00</time>
<extensions>
<gpxtpx:TrackPointExtension>
<gpxtpx:speed>5.07</gpxtpx:speed>
</gpxtpx:TrackPointExtension>
<opentracks:accuracy_horizontal>4.592</opentracks:accuracy_horizontal></extensions>
</trkpt>
<trkpt lat="50.474076" lon="-104.600632">
<ele>557</ele>
<time>2026-09-29T18:21:43.001-06:00</time>
<extensions>
<gpxtpx:TrackPointExtension>
<gpxtpx:speed>5.11</gpxtpx:speed>
</gpxtpx:TrackPointExtension>
<opentracks:accuracy_horizontal>5.102</opentracks:accuracy_horizontal></extensions>
</trkpt>
<trkpt lat="50.473977" lon="-104.600648">
<ele>557</ele>
<time>2026-09-29T18:21:45.009-06:00</time>
<extensions>
<gpxtpx:TrackPointExtension>
<gpxtpx:speed>5.31</gpxtpx:speed>
</gpxtpx:TrackPointExtension>
<opentracks:accuracy_horizontal>4.592</opentracks:accuracy_horizontal></extensions>
</trkpt>
<trkpt lat="50.473882" lon="-104.60064">
<ele>557</ele>
<time>2026-09-29T18:21:47.007-06:00</time>
<extensions>
<gpxtpx:TrackPointExtension>
<gpxtpx:speed>5.91</gpxtpx:speed>
</gpxtpx:TrackPointExtension>
<opentracks:accuracy_horizontal>4.592</opentracks:accuracy_horizontal></extensions>
</trkpt>
<trkpt lat="50.473764" lon="-104.600619">
<ele>557</ele>
<time>2026-09-29T18:21:49.004-06:00</time>
<extensions>
<gpxtpx:TrackPointExtension>
<gpxtpx:speed>6.82</gpxtpx:speed>
</gpxtpx:TrackPointExtension>
<opentracks:accuracy_horizontal>5.102</opentracks:accuracy_horizontal></extensions>
</trkpt>
<trkpt lat="50.473639" lon="-104.60061">
<ele>557</ele>
<time>2026-09-29T18:21:50.999-06:00</time>
<extensions>
<gpxtpx:TrackPointExtension>
<gpxtpx:speed>7.24</gpxtpx:speed>
</gpxtpx:TrackPointExtension>
<opentracks:accuracy_horizontal>1.02</opentracks:accuracy_horizontal></extensions>
</trkpt>
<trkpt lat="50.473517" lon="-104.600614">
<ele>556</ele>
<time>2026-09-29T18:21:53.024-06:00</time>
<extensions>
<gpxtpx:TrackPointExtension>
<gpxtpx:speed>6.43</gpxtpx:speed>
</gpxtpx:TrackPointExtension>
<opentracks:accuracy_horizontal>1.02</opentracks:accuracy_horizontal></extensions>
</trkpt>
<trkpt lat="50.473403" lon="-104.600621">
<ele>555</ele>
<time>2026-09-29T18:21:55.019-06:00</time>
<extensions>
<gpxtpx:TrackPointExtension>
<gpxtpx:speed>6.09</gpxtpx:speed>
</gpxtpx:TrackPointExtension>
<opentracks:accuracy_horizontal>4.592</opentracks:accuracy_horizontal></extensions>
</trkpt>
<trkpt lat="50.473299" lon="-104.600619">
<ele>556</ele>
<time>2026-09-29T18:21:57.008-06:00</time>
<extensions>
<gpxtpx:TrackPointExtension>
<gpxtpx:speed>5.66</gpxtpx:speed>
</gpxtpx:TrackPointExtension>
<opentracks:accuracy_horizontal>4.082</opentracks:accuracy_horizontal></extensions>
</trkpt>
<trkpt lat="50.473201" lon="-104.600623">
<ele>556</ele>
<time>2026-09-29T18:21:59.019-06:00</time>
<extensions>
<gpxtpx:TrackPointExtension>
<gpxtpx:speed>5.52</gpxtpx:speed>
</gpxtpx:TrackPointExtension>
<opentracks:accuracy_horizontal>4.082</opentracks:accuracy_horizontal></extensions>
</trkpt>
<trkpt lat="50.473095" lon="-104.600607">
<ele>555</ele>
<time>2026-09-29T18:22:01.005-06:00</time>
<extensions>
<gpxtpx:TrackPointExtension>
<gpxtpx:speed>6</gpxtpx:speed>
</gpxtpx:TrackPointExtension>
<opentracks:accuracy_horizontal>1.02</opentracks:accuracy_horizontal></extensions>
</trkpt>
<trkpt lat="50.472987" lon="-104.6006">
<ele>553</ele>
<time>2026-09-29T18:22:03.008-06:00</time>
<extensions>
<gpxtpx:TrackPointExtension>
<gpxtpx:speed>5.73</gpxtpx:speed>
</gpxtpx:TrackPointExtension>
<opentracks:accuracy_horizontal>1.02</opentracks:accuracy_horizontal></extensions>
</trkpt>
<trkpt lat="50.472871" lon="-104.60061">
<ele>553</ele>
<time>2026-09-29T18:22:05.012-06:00</time>
<extensions>
<gpxtpx:TrackPointExtension>
<gpxtpx:speed>5.82</gpxtpx:speed>
</gpxtpx:TrackPointExtension>
<opentracks:accuracy_horizontal>1.02</opentracks:accuracy_horizontal></extensions>
</trkpt>
<trkpt lat="50.472758" lon="-104.60062">
<ele>553</ele>
<time>2026-09-29T18:22:07.015-06:00</time>
<extensions>
<gpxtpx:TrackPointExtension>
<gpxtpx:speed>5.6</gpxtpx:speed>
</gpxtpx:TrackPointExtension>
<opentracks:accuracy_horizontal>1.02</opentracks:accuracy_horizontal></extensions>
</trkpt>
<trkpt lat="50.472661" lon="-104.600619">
<ele>554</ele>
<time>2026-09-29T18:22:09.004-06:00</time>
<extensions>
<gpxtpx:TrackPointExtension>
<gpxtpx:speed>5.16</gpxtpx:speed>
</gpxtpx:TrackPointExtension>
<opentracks:accuracy_horizontal>4.592</opentracks:accuracy_horizontal></extensions>
</trkpt>
<trkpt lat="50.472542" lon="-104.600611">
<ele>554</ele>
<time>2026-09-29T18:22:12.029-06:00</time>
<extensions>
<gpxtpx:TrackPointExtension>
<gpxtpx:speed>3.92</gpxtpx:speed>
</gpxtpx:TrackPointExtension>
<opentracks:accuracy_horizontal>4.592</opentracks:accuracy_horizontal></extensions>
</trkpt>
<trkpt lat="50.472475" lon="-104.600497">
<ele>554</ele>
<time>2026-09-29T18:22:15.013-06:00</time>
<extensions>
<gpxtpx:TrackPointExtension>
<gpxtpx:speed>4.11</gpxtpx:speed>
</gpxtpx:TrackPointExtension>
<opentracks:accuracy_horizontal>5.612</opentracks:accuracy_horizontal></extensions>
</trkpt>
<trkpt lat="50.472428" lon="-104.600327">
<ele>555</ele>
<time>2026-09-29T18:22:17.999-06:00</time>
<extensions>
<gpxtpx:TrackPointExtension>
<gpxtpx:speed>5.18</gpxtpx:speed>
</gpxtpx:TrackPointExtension>
<opentracks:accuracy_horizontal>4.592</opentracks:accuracy_horizontal></extensions>
</trkpt>
<trkpt lat="50.472404" lon="-104.600173">
<ele>555</ele>
<time>2026-09-29T18:22:20.011-06:00</time>
<extensions>
<gpxtpx:TrackPointExtension>
<gpxtpx:speed>5.87</gpxtpx:speed>
</gpxtpx:TrackPointExtension>
<opentracks:accuracy_horizontal>1.02</opentracks:accuracy_horizontal></extensions>
</trkpt>
<trkpt lat="50.472386" lon="-104.599997">
<ele>556</ele>
<time>2026-09-29T18:22:22.017-06:00</time>
<extensions>
<gpxtpx:TrackPointExtension>
<gpxtpx:speed>5.36</gpxtpx:speed>
</gpxtpx:TrackPointExtension>
<opentracks:accuracy_horizontal>1.02</opentracks:accuracy_horizontal></extensions>
</trkpt>
<trkpt lat="50.47239" lon="-104.599842">
<ele>556</ele>
<time>2026-09-29T18:22:24.003-06:00</time>
<extensions>
<gpxtpx:TrackPointExtension>
<gpxtpx:speed>5.59</gpxtpx:speed>
</gpxtpx:TrackPointExtension>
<opentracks:accuracy_horizontal>0.51</opentracks:accuracy_horizontal></extensions>
</trkpt>
<trkpt lat="50.472391" lon="-104.599692">
<ele>556</ele>
<time>2026-09-29T18:22:26.001-06:00</time>
<extensions>
<gpxtpx:TrackPointExtension>
<gpxtpx:speed>5.07</gpxtpx:speed>
</gpxtpx:TrackPointExtension>
<opentracks:accuracy_horizontal>4.592</opentracks:accuracy_horizontal></extensions>
</trkpt>
<trkpt lat="50.472398" lon="-104.599493">
<ele>557</ele>
<time>2026-09-29T18:22:29.003-06:00</time>
<extensions>
<gpxtpx:TrackPointExtension>
<gpxtpx:speed>4.54</gpxtpx:speed>
</gpxtpx:TrackPointExtension>
<opentracks:accuracy_horizontal>5.102</opentracks:accuracy_horizontal></extensions>
</trkpt>
<trkpt lat="50.472381" lon="-104.599313">
<ele>557</ele>
<time>2026-09-29T18:22:32-06:00</time>
<extensions>
<gpxtpx:TrackPointExtension>
<gpxtpx:speed>4.09</gpxtpx:speed>
</gpxtpx:TrackPointExtension>
<opentracks:accuracy_horizontal>5.102</opentracks:accuracy_horizontal></extensions>
</trkpt>
<trkpt lat="50.472301" lon="-104.599196">
<ele>557</ele>
<time>2026-09-29T18:22:34.997-06:00</time>
<extensions>
<gpxtpx:TrackPointExtension>
<gpxtpx:speed>4.85</gpxtpx:speed>
</gpxtpx:TrackPointExtension>
<opentracks:accuracy_horizontal>7.143</opentracks:accuracy_horizontal></extensions>
</trkpt>
<trkpt lat="50.472201" lon="-104.599181">
<ele>556</ele>
<time>2026-09-29T18:22:37.007-06:00</time>
<extensions>
<gpxtpx:TrackPointExtension>
<gpxtpx:speed>5.95</gpxtpx:speed>
</gpxtpx:TrackPointExtension>
<opentracks:accuracy_horizontal>4.592</opentracks:accuracy_horizontal></extensions>
</trkpt>
<trkpt lat="50.472085" lon="-104.599166">
<ele>556</ele>
<time>2026-09-29T18:22:39.003-06:00</time>
<extensions>
<gpxtpx:TrackPointExtension>
<gpxtpx:speed>7.41</gpxtpx:speed>
</gpxtpx:TrackPointExtension>
<opentracks:accuracy_horizontal>4.592</opentracks:accuracy_horizontal></extensions>
</trkpt>
<trkpt lat="50.471953" lon="-104.599179">
<ele>555</ele>
<time>2026-09-29T18:22:41.002-06:00</time>
<extensions>
<gpxtpx:TrackPointExtension>
<gpxtpx:speed>7.58</gpxtpx:speed>
</gpxtpx:TrackPointExtension>
<opentracks:accuracy_horizontal>1.02</opentracks:accuracy_horizontal></extensions>
</trkpt>
<trkpt lat="50.471832" lon="-104.599172">
<ele>554</ele>
<time>2026-09-29T18:22:43.005-06:00</time>
<extensions>
<gpxtpx:TrackPointExtension>
<gpxtpx:speed>7.15</gpxtpx:speed>
</gpxtpx:TrackPointExtension>
<opentracks:accuracy_horizontal>0.51</opentracks:accuracy_horizontal></extensions>
</trkpt>
<trkpt lat="50.471714" lon="-104.599172">
<ele>554</ele>
<time>2026-09-29T18:22:45.003-06:00</time>
<extensions>
<gpxtpx:TrackPointExtension>
<gpxtpx:speed>6.56</gpxtpx:speed>
</gpxtpx:TrackPointExtension>
<opentracks:accuracy_horizontal>1.02</opentracks:accuracy_horizontal></extensions>
</trkpt>
<trkpt lat="50.4716" lon="-104.599181">
<ele>554</ele>
<time>2026-09-29T18:22:47.004-06:00</time>
<extensions>
<gpxtpx:TrackPointExtension>
<gpxtpx:speed>6.1</gpxtpx:speed>
</gpxtpx:TrackPointExtension>
<opentracks:accuracy_horizontal>1.02</opentracks:accuracy_horizontal></extensions>
</trkpt>
<trkpt lat="50.471494" lon="-104.599183">
<ele>553</ele>
<time>2026-09-29T18:22:49.004-06:00</time>
<extensions>
<gpxtpx:TrackPointExtension>
<gpxtpx:speed>5.69</gpxtpx:speed>
</gpxtpx:TrackPointExtension>
<opentracks:accuracy_horizontal>0.51</opentracks:accuracy_horizontal></extensions>
</trkpt>
<trkpt lat="50.471396" lon="-104.599185">
<ele>552</ele>
<time>2026-09-29T18:22:51.009-06:00</time>
<extensions>
<gpxtpx:TrackPointExtension>
<gpxtpx:speed>5.28</gpxtpx:speed>
</gpxtpx:TrackPointExtension>
<opentracks:accuracy_horizontal>4.082</opentracks:accuracy_horizontal></extensions>
</trkpt>
<trkpt lat="50.471265" lon="-104.599177">
<ele>552</ele>
<time>2026-09-29T18:22:53.984-06:00</time>
<extensions>
<gpxtpx:TrackPointExtension>
<gpxtpx:speed>4.61</gpxtpx:speed>
</gpxtpx:TrackPointExtension>
<opentracks:accuracy_horizontal>4.082</opentracks:accuracy_horizontal></extensions>
</trkpt>
<trkpt lat="50.471129" lon="-104.599176">
<ele>552</ele>
<time>2026-09-29T18:22:56.997-06:00</time>
<extensions>
<gpxtpx:TrackPointExtension>
<gpxtpx:speed>5.04</gpxtpx:speed>
</gpxtpx:TrackPointExtension>
<opentracks:accuracy_horizontal>5.612</opentracks:accuracy_horizontal></extensions>
</trkpt>
<trkpt lat="50.471031" lon="-104.599162">
<ele>553</ele>
<time>2026-09-29T18:22:59.007-06:00</time>
<extensions>
<gpxtpx:TrackPointExtension>
<gpxtpx:speed>4.81</gpxtpx:speed>
</gpxtpx:TrackPointExtension>
<opentracks:accuracy_horizontal>5.612</opentracks:accuracy_horizontal></extensions>
</trkpt>
<trkpt lat="50.470938" lon="-104.599105">
<ele>552</ele>
<time>2026-09-29T18:23:02.03-06:00</time>
<extensions>
<gpxtpx:TrackPointExtension>
<gpxtpx:speed>3.05</gpxtpx:speed>
</gpxtpx:TrackPointExtension>
<opentracks:accuracy_horizontal>1.02</opentracks:accuracy_horizontal></extensions>
</trkpt>
<trkpt lat="50.470886" lon="-104.598987">
<ele>553</ele>
<time>2026-09-29T18:23:05.006-06:00</time>
<extensions>
<gpxtpx:TrackPointExtension>
<gpxtpx:speed>3.67</gpxtpx:speed>
</gpxtpx:TrackPointExtension>
<opentracks:accuracy_horizontal>7.143</opentracks:accuracy_horizontal></extensions>
</trkpt>
<trkpt lat="50.470889" lon="-104.59883">
<ele>554</ele>
<time>2026-09-29T18:23:08-06:00</time>
<extensions>
<gpxtpx:TrackPointExtension>
<gpxtpx:speed>3.69</gpxtpx:speed>
</gpxtpx:TrackPointExtension>
<opentracks:accuracy_horizontal>5.612</opentracks:accuracy_horizontal></extensions>
</trkpt>
<trkpt lat="50.470901" lon="-104.598686">
<ele>554</ele>
<time>2026-09-29T18:23:11.003-06:00</time>
<extensions>
<gpxtpx:TrackPointExtension>
<gpxtpx:speed>3.39</gpxtpx:speed>
</gpxtpx:TrackPointExtension>
<opentracks:accuracy_horizontal>5.612</opentracks:accuracy_horizontal></extensions>
</trkpt>
<trkpt lat="50.470902" lon="-104.598495">
<ele>554</ele>
<time>2026-09-29T18:23:14.019-06:00</time>
<extensions>
<gpxtpx:TrackPointExtension>
<gpxtpx:speed>4.62</gpxtpx:speed>
</gpxtpx:TrackPointExtension>
<opentracks:accuracy_horizontal>5.102</opentracks:accuracy_horizontal></extensions>
</trkpt>
<trkpt lat="50.470889" lon="-104.598347">
<ele>553</ele>
<time>2026-09-29T18:23:15.995-06:00</time>
<extensions>
<gpxtpx:TrackPointExtension>
<gpxtpx:speed>4.8</gpxtpx:speed>
</gpxtpx:TrackPointExtension>
<opentracks:accuracy_horizontal>5.102</opentracks:accuracy_horizontal></extensions>
</trkpt>
<trkpt lat="50.470857" lon="-104.598211">
<ele>554</ele>
<time>2026-09-29T18:23:18.01-06:00</time>
<extensions>
<gpxtpx:TrackPointExtension>
<gpxtpx:speed>4.91</gpxtpx:speed>
</gpxtpx:TrackPointExtension>
<opentracks:accuracy_horizontal>5.102</opentracks:accuracy_horizontal></extensions>
</trkpt>
<trkpt lat="50.470826" lon="-104.598069">
<ele>554</ele>
<time>2026-09-29T18:23:20.016-06:00</time>
<extensions>
<gpxtpx:TrackPointExtension>
<gpxtpx:speed>5.41</gpxtpx:speed>
</gpxtpx:TrackPointExtension>
<opentracks:accuracy_horizontal>6.122</opentracks:accuracy_horizontal></extensions>
</trkpt>
<trkpt lat="50.470808" lon="-104.597922">
<ele>554</ele>
<time>2026-09-29T18:23:22.015-06:00</time>
<extensions>
<gpxtpx:TrackPointExtension>
<gpxtpx:speed>4.81</gpxtpx:speed>
</gpxtpx:TrackPointExtension>
<opentracks:accuracy_horizontal>1.02</opentracks:accuracy_horizontal></extensions>
</trkpt>
<trkpt lat="50.470805" lon="-104.597719">
<ele>554</ele>
<time>2026-09-29T18:23:24.998-06:00</time>
<extensions>
<gpxtpx:TrackPointExtension>
<gpxtpx:speed>4.94</gpxtpx:speed>
</gpxtpx:TrackPointExtension>
<opentracks:accuracy_horizontal>0.51</opentracks:accuracy_horizontal></extensions>
</trkpt>
<trkpt lat="50.470815" lon="-104.597576">
<ele>554</ele>
<time>2026-09-29T18:23:27.016-06:00</time>
<extensions>
<gpxtpx:TrackPointExtension>
<gpxtpx:speed>4.44</gpxtpx:speed>
</gpxtpx:TrackPointExtension>
<opentracks:accuracy_horizontal>4.592</opentracks:accuracy_horizontal></extensions>
</trkpt>
<trkpt lat="50.470811" lon="-104.59736">
<ele>554</ele>
<time>2026-09-29T18:23:30.011-06:00</time>
<extensions>
<gpxtpx:TrackPointExtension>
<gpxtpx:speed>5.35</gpxtpx:speed>
</gpxtpx:TrackPointExtension>
<opentracks:accuracy_horizontal>5.102</opentracks:accuracy_horizontal></extensions>
</trkpt>
<trkpt lat="50.470804" lon="-104.597195">
<ele>555</ele>
<time>2026-09-29T18:23:32.013-06:00</time>
<extensions>
<gpxtpx:TrackPointExtension>
<gpxtpx:speed>5.92</gpxtpx:speed>
</gpxtpx:TrackPointExtension>
<opentracks:accuracy_horizontal>5.102</opentracks:accuracy_horizontal></extensions>
</trkpt>
<trkpt lat="50.470806" lon="-104.597017">
<ele>557</ele>
<time>2026-09-29T18:23:34-06:00</time>
<extensions>
<gpxtpx:TrackPointExtension>
<gpxtpx:speed>6.15</gpxtpx:speed>
</gpxtpx:TrackPointExtension>
<opentracks:accuracy_horizontal>1.02</opentracks:accuracy_horizontal></extensions>
</trkpt>
<trkpt lat="50.470806" lon="-104.596846">
<ele>558</ele>
<time>2026-09-29T18:23:36-06:00</time>
<extensions>
<gpxtpx:TrackPointExtension>
<gpxtpx:speed>5.53</gpxtpx:speed>
</gpxtpx:TrackPointExtension>
<opentracks:accuracy_horizontal>1.02</opentracks:accuracy_horizontal></extensions>
</trkpt>
<trkpt lat="50.470803" lon="-104.596695">
<ele>559</ele>
<time>2026-09-29T18:23:38.024-06:00</time>
<extensions>
<gpxtpx:TrackPointExtension>
<gpxtpx:speed>5.07</gpxtpx:speed>
</gpxtpx:TrackPointExtension>
<opentracks:accuracy_horizontal>5.102</opentracks:accuracy_horizontal></extensions>
</trkpt>
<trkpt lat="50.470796" lon="-104.596494">
<ele>559</ele>
<time>2026-09-29T18:23:41.009-06:00</time>
<extensions>
<gpxtpx:TrackPointExtension>
<gpxtpx:speed>5.25</gpxtpx:speed>
</gpxtpx:TrackPointExtension>
<opentracks:accuracy_horizontal>4.082</opentracks:accuracy_horizontal></extensions>
</trkpt>
<trkpt lat="50.470795" lon="-104.596334">
<ele>560</ele>
<time>2026-09-29T18:23:43.015-06:00</time>
<extensions>
<gpxtpx:TrackPointExtension>
<gpxtpx:speed>5.56</gpxtpx:speed>
</gpxtpx:TrackPointExtension>
<opentracks:accuracy_horizontal>4.082</opentracks:accuracy_horizontal></extensions>
</trkpt>
<trkpt lat="50.470789" lon="-104.596181">
<ele>560</ele>
<time>2026-09-29T18:23:45.016-06:00</time>
<extensions>
<gpxtpx:TrackPointExtension>
<gpxtpx:speed>6.14</gpxtpx:speed>
</gpxtpx:TrackPointExtension>
<opentracks:accuracy_horizontal>1.02</opentracks:accuracy_horizontal></extensions>
</trkpt>
<trkpt lat="50.470785" lon="-104.596018">
<ele>560</ele>
<time>2026-09-29T18:23:47.025-06:00</time>
<extensions>
<gpxtpx:TrackPointExtension>
<gpxtpx:speed>5.87</gpxtpx:speed>
</gpxtpx:TrackPointExtension>
<opentracks:accuracy_horizontal>0.51</opentracks:accuracy_horizontal></extensions>
</trkpt>
<trkpt lat="50.470788" lon="-104.595871">
<ele>560</ele>
<time>2026-09-29T18:23:49.013-06:00</time>
<extensions>
<gpxtpx:TrackPointExtension>
<gpxtpx:speed>4.85</gpxtpx:speed>
</gpxtpx:TrackPointExtension>
<opentracks:accuracy_horizontal>0.51</opentracks:accuracy_horizontal></extensions>
</trkpt>
<trkpt lat="50.470784" lon="-104.595703">
<ele>559</ele>
<time>2026-09-29T18:23:52.009-06:00</time>
<extensions>
<gpxtpx:TrackPointExtension>
<gpxtpx:speed>3.7</gpxtpx:speed>
</gpxtpx:TrackPointExtension>
<opentracks:accuracy_horizontal>4.082</opentracks:accuracy_horizontal></extensions>
</trkpt>
<trkpt lat="50.470791" lon="-104.595521">
<ele>559</ele>
<time>2026-09-29T18:23:55.01-06:00</time>
<extensions>
<gpxtpx:TrackPointExtension>
<gpxtpx:speed>4.36</gpxtpx:speed>
</gpxtpx:TrackPointExtension>
<opentracks:accuracy_horizontal>4.082</opentracks:accuracy_horizontal></extensions>
</trkpt>
<trkpt lat="50.470769" lon="-104.595334">
<ele>560</ele>
<time>2026-09-29T18:23:58.013-06:00</time>
<extensions>
<gpxtpx:TrackPointExtension>
<gpxtpx:speed>5.54</gpxtpx:speed>
</gpxtpx:TrackPointExtension>
<opentracks:accuracy_horizontal>4.592</opentracks:accuracy_horizontal></extensions>
</trkpt>
<trkpt lat="50.470672" lon="-104.595281">
<ele>560</ele>
<time>2026-09-29T18:24:00.018-06:00</time>
<extensions>
<gpxtpx:TrackPointExtension>
<gpxtpx:speed>6.63</gpxtpx:speed>
</gpxtpx:TrackPointExtension>
<opentracks:accuracy_horizontal>5.612</opentracks:accuracy_horizontal></extensions>
</trkpt>
<trkpt lat="50.47056" lon="-104.595301">
<ele>559</ele>
<time>2026-09-29T18:24:02.021-06:00</time>
<extensions>
<gpxtpx:TrackPointExtension>
<gpxtpx:speed>6.35</gpxtpx:speed>
</gpxtpx:TrackPointExtension>
<opentracks:accuracy_horizontal>1.02</opentracks:accuracy_horizontal></extensions>
</trkpt>
<trkpt lat="50.470419" lon="-104.595307">
<ele>558</ele>
<time>2026-09-29T18:24:04.005-06:00</time>
<extensions>
<gpxtpx:TrackPointExtension>
<gpxtpx:speed>7.69</gpxtpx:speed>
</gpxtpx:TrackPointExtension>
<opentracks:accuracy_horizontal>1.02</opentracks:accuracy_horizontal></extensions>
</trkpt>
<trkpt lat="50.470268" lon="-104.595309">
<ele>558</ele>
<time>2026-09-29T18:24:06.009-06:00</time>
<extensions>
<gpxtpx:TrackPointExtension>
<gpxtpx:speed>8.27</gpxtpx:speed>
</gpxtpx:TrackPointExtension>
<opentracks:accuracy_horizontal>1.02</opentracks:accuracy_horizontal></extensions>
</trkpt>
<trkpt lat="50.470114" lon="-104.595315">
<ele>559</ele>
<time>2026-09-29T18:24:08.022-06:00</time>
<extensions>
<gpxtpx:TrackPointExtension>
<gpxtpx:speed>8.61</gpxtpx:speed>
</gpxtpx:TrackPointExtension>
<opentracks:accuracy_horizontal>1.02</opentracks:accuracy_horizontal></extensions>
</trkpt>
<trkpt lat="50.469957" lon="-104.595318">
<ele>559</ele>
<time>2026-09-29T18:24:10.006-06:00</time>
<extensions>
<gpxtpx:TrackPointExtension>
<gpxtpx:speed>8.68</gpxtpx:speed>
</gpxtpx:TrackPointExtension>
<opentracks:accuracy_horizontal>1.02</opentracks:accuracy_horizontal></extensions>
</trkpt>
<trkpt lat="50.469794" lon="-104.595318">
<ele>559</ele>
<time>2026-09-29T18:24:12.015-06:00</time>
<extensions>
<gpxtpx:TrackPointExtension>
<gpxtpx:speed>8.97</gpxtpx:speed>
</gpxtpx:TrackPointExtension>
<opentracks:accuracy_horizontal>1.02</opentracks:accuracy_horizontal></extensions>
</trkpt>
<trkpt lat="50.469634" lon="-104.595306">
<ele>559</ele>
<time>2026-09-29T18:24:14.011-06:00</time>
<extensions>
<gpxtpx:TrackPointExtension>
<gpxtpx:speed>9.08</gpxtpx:speed>
</gpxtpx:TrackPointExtension>
<opentracks:accuracy_horizontal>0.51</opentracks:accuracy_horizontal></extensions>
</trkpt>
<trkpt lat="50.469475" lon="-104.595303">
<ele>559</ele>
<time>2026-09-29T18:24:16.02-06:00</time>
<extensions>
<gpxtpx:TrackPointExtension>
<gpxtpx:speed>9.17</gpxtpx:speed>
</gpxtpx:TrackPointExtension>
<opentracks:accuracy_horizontal>1.02</opentracks:accuracy_horizontal></extensions>
</trkpt>
<trkpt lat="50.469317" lon="-104.595312">
<ele>560</ele>
<time>2026-09-29T18:24:18.001-06:00</time>
<extensions>
<gpxtpx:TrackPointExtension>
<gpxtpx:speed>8.49</gpxtpx:speed>
</gpxtpx:TrackPointExtension>
<opentracks:accuracy_horizontal>1.02</opentracks:accuracy_horizontal></extensions>
</trkpt>
<trkpt lat="50.469168" lon="-104.595314">
<ele>560</ele>
<time>2026-09-29T18:24:20.001-06:00</time>
<extensions>
<gpxtpx:TrackPointExtension>
<gpxtpx:speed>8.19</gpxtpx:speed>
</gpxtpx:TrackPointExtension>
<opentracks:accuracy_horizontal>2.041</opentracks:accuracy_horizontal></extensions>
</trkpt>
<trkpt lat="50.469024" lon="-104.595305">
<ele>559</ele>
<time>2026-09-29T18:24:22.019-06:00</time>
<extensions>
<gpxtpx:TrackPointExtension>
<gpxtpx:speed>7.91</gpxtpx:speed>
</gpxtpx:TrackPointExtension>
<opentracks:accuracy_horizontal>4.592</opentracks:accuracy_horizontal></extensions>
</trkpt>
<trkpt lat="50.468889" lon="-104.595307">
<ele>558</ele>
<time>2026-09-29T18:24:24.01-06:00</time>
<extensions>
<gpxtpx:TrackPointExtension>
<gpxtpx:speed>7.61</gpxtpx:speed>
</gpxtpx:TrackPointExtension>
<opentracks:accuracy_horizontal>5.102</opentracks:accuracy_horizontal></extensions>
</trkpt>
<trkpt lat="50.46875" lon="-104.595301">
<ele>558</ele>
<time>2026-09-29T18:24:26.015-06:00</time>
<extensions>
<gpxtpx:TrackPointExtension>
<gpxtpx:speed>7.28</gpxtpx:speed>
</gpxtpx:TrackPointExtension>
<opentracks:accuracy_horizontal>5.102</opentracks:accuracy_horizontal></extensions>
</trkpt>
<trkpt lat="50.468623" lon="-104.595305">
<ele>557</ele>
<time>2026-09-29T18:24:28.013-06:00</time>
<extensions>
<gpxtpx:TrackPointExtension>
<gpxtpx:speed>6.96</gpxtpx:speed>
</gpxtpx:TrackPointExtension>
<opentracks:accuracy_horizontal>4.592</opentracks:accuracy_horizontal></extensions>
</trkpt>
<trkpt lat="50.468495" lon="-104.595301">
<ele>556</ele>
<time>2026-09-29T18:24:30.01-06:00</time>
<extensions>
<gpxtpx:TrackPointExtension>
<gpxtpx:speed>6.79</gpxtpx:speed>
</gpxtpx:TrackPointExtension>
<opentracks:accuracy_horizontal>5.612</opentracks:accuracy_horizontal></extensions>
</trkpt>
<trkpt lat="50.468378" lon="-104.595292">
<ele>556</ele>
<time>2026-09-29T18:24:32.028-06:00</time>
<extensions>
<gpxtpx:TrackPointExtension>
<gpxtpx:speed>6.52</gpxtpx:speed>
</gpxtpx:TrackPointExtension>
<opentracks:accuracy_horizontal>5.102</opentracks:accuracy_horizontal></extensions>
</trkpt>
<trkpt lat="50.468262" lon="-104.595292">
<ele>556</ele>
<time>2026-09-29T18:24:34.016-06:00</time>
<extensions>
<gpxtpx:TrackPointExtension>
<gpxtpx:speed>6.37</gpxtpx:speed>
</gpxtpx:TrackPointExtension>
<opentracks:accuracy_horizontal>5.102</opentracks:accuracy_horizontal></extensions>
</trkpt>
<trkpt lat="50.468151" lon="-104.595295">
<ele>556</ele>
<time>2026-09-29T18:24:36.011-06:00</time>
<extensions>
<gpxtpx:TrackPointExtension>
<gpxtpx:speed>5.97</gpxtpx:speed>
</gpxtpx:TrackPointExtension>
<opentracks:accuracy_horizontal>4.592</opentracks:accuracy_horizontal></extensions>
</trkpt>
<trkpt lat="50.468044" lon="-104.5953">
<ele>556</ele>
<time>2026-09-29T18:24:38.017-06:00</time>
<extensions>
<gpxtpx:TrackPointExtension>
<gpxtpx:speed>5.72</gpxtpx:speed>
</gpxtpx:TrackPointExtension>
<opentracks:accuracy_horizontal>4.592</opentracks:accuracy_horizontal></extensions>
</trkpt>
<trkpt lat="50.467945" lon="-104.595297">
<ele>555</ele>
<time>2026-09-29T18:24:40.017-06:00</time>
<extensions>
<gpxtpx:TrackPointExtension>
<gpxtpx:speed>5.6</gpxtpx:speed>
</gpxtpx:TrackPointExtension>
<opentracks:accuracy_horizontal>4.592</opentracks:accuracy_horizontal></extensions>
</trkpt>
<trkpt lat="50.467845" lon="-104.595285">
<ele>555</ele>
<time>2026-09-29T18:24:42.027-06:00</time>
<extensions>
<gpxtpx:TrackPointExtension>
<gpxtpx:speed>5.64</gpxtpx:speed>
</gpxtpx:TrackPointExtension>
<opentracks:accuracy_horizontal>3.571</opentracks:accuracy_horizontal></extensions>
</trkpt>
<trkpt lat="50.467744" lon="-104.595269">
<ele>556</ele>
<time>2026-09-29T18:24:44.011-06:00</time>
<extensions>
<gpxtpx:TrackPointExtension>
<gpxtpx:speed>5.54</gpxtpx:speed>
</gpxtpx:TrackPointExtension>
<opentracks:accuracy_horizontal>3.571</opentracks:accuracy_horizontal></extensions>
</trkpt>
<trkpt lat="50.467644" lon="-104.59522">
<ele>555</ele>
<time>2026-09-29T18:24:46.007-06:00</time>
<extensions>
<gpxtpx:TrackPointExtension>
<gpxtpx:speed>5.81</gpxtpx:speed>
</gpxtpx:TrackPointExtension>
<opentracks:accuracy_horizontal>4.592</opentracks:accuracy_horizontal></extensions>
</trkpt>
<trkpt lat="50.467568" lon="-104.595116">
<ele>554</ele>
<time>2026-09-29T18:24:48.015-06:00</time>
<extensions>
<gpxtpx:TrackPointExtension>
<gpxtpx:speed>5.4</gpxtpx:speed>
</gpxtpx:TrackPointExtension>
<opentracks:accuracy_horizontal>4.592</opentracks:accuracy_horizontal></extensions>
</trkpt>
<trkpt lat="50.467452" lon="-104.595075">
<ele>553</ele>
<time>2026-09-29T18:24:51.009-06:00</time>
<extensions>
<gpxtpx:TrackPointExtension>
<gpxtpx:speed>4.92</gpxtpx:speed>
</gpxtpx:TrackPointExtension>
<opentracks:accuracy_horizontal>4.592</opentracks:accuracy_horizontal></extensions>
</trkpt>
<trkpt lat="50.467316" lon="-104.595075">
<ele>552</ele>
<time>2026-09-29T18:24:54.007-06:00</time>
<extensions>
<gpxtpx:TrackPointExtension>
<gpxtpx:speed>5.91</gpxtpx:speed>
</gpxtpx:TrackPointExtension>
<opentracks:accuracy_horizontal>4.082</opentracks:accuracy_horizontal></extensions>
</trkpt>
<trkpt lat="50.467208" lon="-104.595067">
<ele>554</ele>
<time>2026-09-29T18:24:56.005-06:00</time>
<extensions>
<gpxtpx:TrackPointExtension>
<gpxtpx:speed>6.7</gpxtpx:speed>
</gpxtpx:TrackPointExtension>
<opentracks:accuracy_horizontal>5.102</opentracks:accuracy_horizontal></extensions>
</trkpt>
<trkpt lat="50.467084" lon="-104.59508">
<ele>554</ele>
<time>2026-09-29T18:24:58.013-06:00</time>
<extensions>
<gpxtpx:TrackPointExtension>
<gpxtpx:speed>6.34</gpxtpx:speed>
</gpxtpx:TrackPointExtension>
<opentracks:accuracy_horizontal>1.02</opentracks:accuracy_horizontal></extensions>
</trkpt>
<trkpt lat="50.466962" lon="-104.595074">
<ele>553</ele>
<time>2026-09-29T18:24:59.993-06:00</time>
<extensions>
<gpxtpx:TrackPointExtension>
<gpxtpx:speed>6.12</gpxtpx:speed>
</gpxtpx:TrackPointExtension>
<opentracks:accuracy_horizontal>2.041</opentracks:accuracy_horizontal></extensions>
</trkpt>
<trkpt lat="50.466861" lon="-104.595076">
<ele>553</ele>
<time>2026-09-29T18:25:02.018-06:00</time>
<extensions>
<gpxtpx:TrackPointExtension>
<gpxtpx:speed>6.07</gpxtpx:speed>
</gpxtpx:TrackPointExtension>
<opentracks:accuracy_horizontal>1.531</opentracks:accuracy_horizontal></extensions>
</trkpt>
<trkpt lat="50.466749" lon="-104.595067">
<ele>551</ele>
<time>2026-09-29T18:25:04.019-06:00</time>
<extensions>
<gpxtpx:TrackPointExtension>
<gpxtpx:speed>6.17</gpxtpx:speed>
</gpxtpx:TrackPointExtension>
<opentracks:accuracy_horizontal>1.02</opentracks:accuracy_horizontal></extensions>
</trkpt>
<trkpt lat="50.466644" lon="-104.595065">
<ele>550</ele>
<time>2026-09-29T18:25:05.999-06:00</time>
<extensions>
<gpxtpx:TrackPointExtension>
<gpxtpx:speed>5.36</gpxtpx:speed>
</gpxtpx:TrackPointExtension>
<opentracks:accuracy_horizontal>4.082</opentracks:accuracy_horizontal></extensions>
</trkpt>
<trkpt lat="50.466548" lon="-104.595063">
<ele>551</ele>
<time>2026-09-29T18:25:08.007-06:00</time>
<extensions>
<gpxtpx:TrackPointExtension>
<gpxtpx:speed>5.51</gpxtpx:speed>
</gpxtpx:TrackPointExtension>
<opentracks:accuracy_horizontal>1.02</opentracks:accuracy_horizontal></extensions>
</trkpt>
<trkpt lat="50.466453" lon="-104.595065">
<ele>551</ele>
<time>2026-09-29T18:25:09.999-06:00</time>
<extensions>
<gpxtpx:TrackPointExtension>
<gpxtpx:speed>5.05</gpxtpx:speed>
</gpxtpx:TrackPointExtension>
<opentracks:accuracy_horizontal>0.51</opentracks:accuracy_horizontal></extensions>
</trkpt>
<trkpt lat="50.466353" lon="-104.595073">
<ele>551</ele>
<time>2026-09-29T18:25:12.009-06:00</time>
<extensions>
<gpxtpx:TrackPointExtension>
<gpxtpx:speed>5.14</gpxtpx:speed>
</gpxtpx:TrackPointExtension>
<opentracks:accuracy_horizontal>1.02</opentracks:accuracy_horizontal></extensions>
</trkpt>
<trkpt lat="50.466261" lon="-104.595068">
<ele>551</ele>
<time>2026-09-29T18:25:13.996-06:00</time>
<extensions>
<gpxtpx:TrackPointExtension>
<gpxtpx:speed>5.25</gpxtpx:speed>
</gpxtpx:TrackPointExtension>
<opentracks:accuracy_horizontal>1.02</opentracks:accuracy_horizontal></extensions>
</trkpt>
<trkpt lat="50.466167" lon="-104.595085">
<ele>552</ele>
<time>2026-09-29T18:25:16.012-06:00</time>
<extensions>
<gpxtpx:TrackPointExtension>
<gpxtpx:speed>4.93</gpxtpx:speed>
</gpxtpx:TrackPointExtension>
<opentracks:accuracy_horizontal>1.531</opentracks:accuracy_horizontal></extensions>
</trkpt>
<trkpt lat="50.466046" lon="-104.595077">
<ele>552</ele>
<time>2026-09-29T18:25:19.016-06:00</time>
<extensions>
<gpxtpx:TrackPointExtension>
<gpxtpx:speed>4.25</gpxtpx:speed>
</gpxtpx:TrackPointExtension>
<opentracks:accuracy_horizontal>0.51</opentracks:accuracy_horizontal></extensions>
</trkpt>
<trkpt lat="50.465949" lon="-104.595075">
<ele>553</ele>
<time>2026-09-29T18:25:22.007-06:00</time>
<extensions>
<gpxtpx:TrackPointExtension>
<gpxtpx:speed>3.46</gpxtpx:speed>
</gpxtpx:TrackPointExtension>
<opentracks:accuracy_horizontal>1.02</opentracks:accuracy_horizontal></extensions>
</trkpt>
<trkpt lat="50.465855" lon="-104.595073">
<ele>553</ele>
<time>2026-09-29T18:25:25.015-06:00</time>
<extensions>
<gpxtpx:TrackPointExtension>
<gpxtpx:speed>3.8</gpxtpx:speed>
</gpxtpx:TrackPointExtension>
<opentracks:accuracy_horizontal>1.02</opentracks:accuracy_horizontal></extensions>
</trkpt>
<trkpt lat="50.465741" lon="-104.595075">
<ele>554</ele>
<time>2026-09-29T18:25:28.006-06:00</time>
<extensions>
<gpxtpx:TrackPointExtension>
<gpxtpx:speed>4.43</gpxtpx:speed>
</gpxtpx:TrackPointExtension>
<opentracks:accuracy_horizontal>5.612</opentracks:accuracy_horizontal></extensions>
</trkpt>
<trkpt lat="50.465617" lon="-104.595079">
<ele>554</ele>
<time>2026-09-29T18:25:31.023-06:00</time>
<extensions>
<gpxtpx:TrackPointExtension>
<gpxtpx:speed>4.31</gpxtpx:speed>
</gpxtpx:TrackPointExtension>
<opentracks:accuracy_horizontal>1.02</opentracks:accuracy_horizontal></extensions>
</trkpt>
<trkpt lat="50.465508" lon="-104.595085">
<ele>554</ele>
<time>2026-09-29T18:25:34.022-06:00</time>
<extensions>
<gpxtpx:TrackPointExtension>
<gpxtpx:speed>3.6</gpxtpx:speed>
</gpxtpx:TrackPointExtension>
<opentracks:accuracy_horizontal>1.02</opentracks:accuracy_horizontal></extensions>
</trkpt>
<trkpt lat="50.46541" lon="-104.595066">
<ele>553</ele>
<time>2026-09-29T18:25:37.005-06:00</time>
<extensions>
<gpxtpx:TrackPointExtension>
<gpxtpx:speed>3.92</gpxtpx:speed>
</gpxtpx:TrackPointExtension>
<opentracks:accuracy_horizontal>5.102</opentracks:accuracy_horizontal></extensions>
</trkpt>
<trkpt lat="50.46532" lon="-104.595067">
<ele>553</ele>
<time>2026-09-29T18:25:39.008-06:00</time>
<extensions>
<gpxtpx:TrackPointExtension>
<gpxtpx:speed>4.06</gpxtpx:speed>
</gpxtpx:TrackPointExtension>
<opentracks:accuracy_horizontal>6.122</opentracks:accuracy_horizontal></extensions>
</trkpt>
<trkpt lat="50.46523" lon="-104.595053">
<ele>553</ele>
<time>2026-09-29T18:25:41.001-06:00</time>
<extensions>
<gpxtpx:TrackPointExtension>
<gpxtpx:speed>4.88</gpxtpx:speed>
</gpxtpx:TrackPointExtension>
<opentracks:accuracy_horizontal>4.592</opentracks:accuracy_horizontal></extensions>
</trkpt>
<trkpt lat="50.465108" lon="-104.595077">
<ele>554</ele>
<time>2026-09-29T18:25:43.998-06:00</time>
<extensions>
<gpxtpx:TrackPointExtension>
<gpxtpx:speed>4.55</gpxtpx:speed>
</gpxtpx:TrackPointExtension>
<opentracks:accuracy_horizontal>4.592</opentracks:accuracy_horizontal></extensions>
</trkpt>
<trkpt lat="50.464967" lon="-104.595079">
<ele>554</ele>
<time>2026-09-29T18:25:47.002-06:00</time>
<extensions>
<gpxtpx:TrackPointExtension>
<gpxtpx:speed>5.89</gpxtpx:speed>
</gpxtpx:TrackPointExtension>
<opentracks:accuracy_horizontal>4.082</opentracks:accuracy_horizontal></extensions>
</trkpt>
<trkpt lat="50.464869" lon="-104.595093">
<ele>555</ele>
<time>2026-09-29T18:25:49.004-06:00</time>
<extensions>
<gpxtpx:TrackPointExtension>
<gpxtpx:speed>6.14</gpxtpx:speed>
</gpxtpx:TrackPointExtension>
<opentracks:accuracy_horizontal>5.102</opentracks:accuracy_horizontal></extensions>
</trkpt>
<trkpt lat="50.464756" lon="-104.595094">
<ele>554</ele>
<time>2026-09-29T18:25:51.004-06:00</time>
<extensions>
<gpxtpx:TrackPointExtension>
<gpxtpx:speed>5.78</gpxtpx:speed>
</gpxtpx:TrackPointExtension>
<opentracks:accuracy_horizontal>4.082</opentracks:accuracy_horizontal></extensions>
</trkpt>
<trkpt lat="50.464651" lon="-104.595079">
<ele>554</ele>
<time>2026-09-29T18:25:52.999-06:00</time>
<extensions>
<gpxtpx:TrackPointExtension>
<gpxtpx:speed>5.43</gpxtpx:speed>
</gpxtpx:TrackPointExtension>
<opentracks:accuracy_horizontal>1.02</opentracks:accuracy_horizontal></extensions>
</trkpt>
<trkpt lat="50.464553" lon="-104.595065">
<ele>554</ele>
<time>2026-09-29T18:25:55.007-06:00</time>
<extensions>
<gpxtpx:TrackPointExtension>
<gpxtpx:speed>4.87</gpxtpx:speed>
</gpxtpx:TrackPointExtension>
<opentracks:accuracy_horizontal>1.02</opentracks:accuracy_horizontal></extensions>
</trkpt>
<trkpt lat="50.464428" lon="-104.595067">
<ele>554</ele>
<time>2026-09-29T18:25:58.014-06:00</time>
<extensions>
<gpxtpx:TrackPointExtension>
<gpxtpx:speed>4.35</gpxtpx:speed>
</gpxtpx:TrackPointExtension>
<opentracks:accuracy_horizontal>1.02</opentracks:accuracy_horizontal></extensions>
</trkpt>
<trkpt lat="50.464298" lon="-104.59508">
<ele>555</ele>
<time>2026-09-29T18:26:01.011-06:00</time>
<extensions>
<gpxtpx:TrackPointExtension>
<gpxtpx:speed>5.41</gpxtpx:speed>
</gpxtpx:TrackPointExtension>
<opentracks:accuracy_horizontal>1.02</opentracks:accuracy_horizontal></extensions>
</trkpt>
<trkpt lat="50.464166" lon="-104.595082">
<ele>554</ele>
<time>2026-09-29T18:26:04.002-06:00</time>
<extensions>
<gpxtpx:TrackPointExtension>
<gpxtpx:speed>4.54</gpxtpx:speed>
</gpxtpx:TrackPointExtension>
<opentracks:accuracy_horizontal>1.02</opentracks:accuracy_horizontal></extensions>
</trkpt>
<trkpt lat="50.464054" lon="-104.595082">
<ele>554</ele>
<time>2026-09-29T18:26:07.026-06:00</time>
<extensions>
<gpxtpx:TrackPointExtension>
<gpxtpx:speed>3.74</gpxtpx:speed>
</gpxtpx:TrackPointExtension>
<opentracks:accuracy_horizontal>5.102</opentracks:accuracy_horizontal></extensions>
</trkpt>
<trkpt lat="50.463963" lon="-104.595078">
<ele>554</ele>
<time>2026-09-29T18:26:09.991-06:00</time>
<extensions>
<gpxtpx:TrackPointExtension>
<gpxtpx:speed>3.2</gpxtpx:speed>
</gpxtpx:TrackPointExtension>
<opentracks:accuracy_horizontal>6.122</opentracks:accuracy_horizontal></extensions>
</trkpt>
<trkpt lat="50.463852" lon="-104.595083">
<ele>553</ele>
<time>2026-09-29T18:26:12.987-06:00</time>
<extensions>
<gpxtpx:TrackPointExtension>
<gpxtpx:speed>3.93</gpxtpx:speed>
</gpxtpx:TrackPointExtension>
<opentracks:accuracy_horizontal>7.653</opentracks:accuracy_horizontal></extensions>
</trkpt>
<trkpt lat="50.463739" lon="-104.595082">
<ele>554</ele>
<time>2026-09-29T18:26:16.014-06:00</time>
<extensions>
<gpxtpx:TrackPointExtension>
<gpxtpx:speed>3.5</gpxtpx:speed>
</gpxtpx:TrackPointExtension>
<opentracks:accuracy_horizontal>0.51</opentracks:accuracy_horizontal></extensions>
</trkpt>
<trkpt lat="50.463595" lon="-104.59511">
<ele>557</ele>
<time>2026-09-29T18:26:20-06:00</time>
<extensions>
<gpxtpx:TrackPointExtension>
<gpxtpx:speed>4.15</gpxtpx:speed>
</gpxtpx:TrackPointExtension>
<opentracks:accuracy_horizontal>3.571</opentracks:accuracy_horizontal></extensions>
</trkpt>
<trkpt lat="50.463478" lon="-104.595107">
<ele>557</ele>
<time>2026-09-29T18:26:23-06:00</time>
<extensions>
<gpxtpx:TrackPointExtension>
<gpxtpx:speed>4.03</gpxtpx:speed>
</gpxtpx:TrackPointExtension>
<opentracks:accuracy_horizontal>1.02</opentracks:accuracy_horizontal></extensions>
</trkpt>
<trkpt lat="50.463381" lon="-104.595097">
<ele>557</ele>
<time>2026-09-29T18:26:26.008-06:00</time>
<extensions>
<gpxtpx:TrackPointExtension>
<gpxtpx:speed>3.36</gpxtpx:speed>
</gpxtpx:TrackPointExtension>
<opentracks:accuracy_horizontal>1.02</opentracks:accuracy_horizontal></extensions>
</trkpt>
<trkpt lat="50.463288" lon="-104.595103">
<ele>556</ele>
<time>2026-09-29T18:26:29.017-06:00</time>
<extensions>
<gpxtpx:TrackPointExtension>
<gpxtpx:speed>3.36</gpxtpx:speed>
</gpxtpx:TrackPointExtension>
<opentracks:accuracy_horizontal>1.02</opentracks:accuracy_horizontal></extensions>
</trkpt>
<trkpt lat="50.463197" lon="-104.595083">
<ele>554</ele>
<time>2026-09-29T18:26:32.012-06:00</time>
<extensions>
<gpxtpx:TrackPointExtension>
<gpxtpx:speed>3.2</gpxtpx:speed>
</gpxtpx:TrackPointExtension>
<opentracks:accuracy_horizontal>8.163</opentracks:accuracy_horizontal></extensions>
</trkpt>
<trkpt lat="50.463095" lon="-104.595034">
<ele>546</ele>
<time>2026-09-29T18:26:36.015-06:00</time>
<extensions>
<gpxtpx:TrackPointExtension>
<gpxtpx:speed>2.9</gpxtpx:speed>
</gpxtpx:TrackPointExtension>
<opentracks:accuracy_horizontal>8.163</opentracks:accuracy_horizontal></extensions>
</trkpt>
<trkpt lat="50.463051" lon="-104.594904">
<ele>548</ele>
<time>2026-09-29T18:26:41.003-06:00</time>
<extensions>
<gpxtpx:TrackPointExtension>
<gpxtpx:speed>2.97</gpxtpx:speed>
</gpxtpx:TrackPointExtension>
<opentracks:accuracy_horizontal>5.612</opentracks:accuracy_horizontal></extensions>
</trkpt>
<trkpt lat="50.463046" lon="-104.594742">
<ele>549</ele>
<time>2026-09-29T18:26:46.019-06:00</time>
<extensions>
<gpxtpx:TrackPointExtension>
<gpxtpx:speed>1.96</gpxtpx:speed>
</gpxtpx:TrackPointExtension>
<opentracks:accuracy_horizontal>5.102</opentracks:accuracy_horizontal></extensions>
</trkpt>
<trkpt lat="50.463057" lon="-104.594557">
<ele>550</ele>
<time>2026-09-29T18:26:51.017-06:00</time>
<extensions>
<gpxtpx:TrackPointExtension>
<gpxtpx:speed>3.25</gpxtpx:speed>
</gpxtpx:TrackPointExtension>
<opentracks:accuracy_horizontal>7.653</opentracks:accuracy_horizontal></extensions>
</trkpt>
<trkpt lat="50.463024" lon="-104.594414">
<ele>550</ele>
<time>2026-09-29T18:26:54.017-06:00</time>
<extensions>
<gpxtpx:TrackPointExtension>
<gpxtpx:speed>4.03</gpxtpx:speed>
</gpxtpx:TrackPointExtension>
<opentracks:accuracy_horizontal>6.633</opentracks:accuracy_horizontal></extensions>
</trkpt>
<trkpt lat="50.462989" lon="-104.594185">
<ele>554</ele>
<time>2026-09-29T18:26:57.021-06:00</time>
<extensions>
<gpxtpx:TrackPointExtension>
<gpxtpx:speed>5.7</gpxtpx:speed>
</gpxtpx:TrackPointExtension>
<opentracks:accuracy_horizontal>7.143</opentracks:accuracy_horizontal></extensions>
</trkpt>
<trkpt lat="50.462947" lon="-104.594042">
<ele>555</ele>
<time>2026-09-29T18:26:59.016-06:00</time>
<extensions>
<gpxtpx:TrackPointExtension>
<gpxtpx:speed>5.83</gpxtpx:speed>
</gpxtpx:TrackPointExtension>
<opentracks:accuracy_horizontal>5.102</opentracks:accuracy_horizontal></extensions>
</trkpt>
<trkpt lat="50.462921" lon="-104.593863">
<ele>556</ele>
<time>2026-09-29T18:27:01.014-06:00</time>
<extensions>
<gpxtpx:TrackPointExtension>
<gpxtpx:speed>6.76</gpxtpx:speed>
</gpxtpx:TrackPointExtension>
<opentracks:accuracy_horizontal>1.02</opentracks:accuracy_horizontal></extensions>
</trkpt>
<trkpt lat="50.462914" lon="-104.593662">
<ele>557</ele>
<time>2026-09-29T18:27:03.02-06:00</time>
<extensions>
<gpxtpx:TrackPointExtension>
<gpxtpx:speed>7.16</gpxtpx:speed>
</gpxtpx:TrackPointExtension>
<opentracks:accuracy_horizontal>1.02</opentracks:accuracy_horizontal></extensions>
</trkpt>
<trkpt lat="50.462911" lon="-104.59345">
<ele>557</ele>
<time>2026-09-29T18:27:05.011-06:00</time>
<extensions>
<gpxtpx:TrackPointExtension>
<gpxtpx:speed>7.53</gpxtpx:speed>
</gpxtpx:TrackPointExtension>
<opentracks:accuracy_horizontal>0.51</opentracks:accuracy_horizontal></extensions>
</trkpt>
<trkpt lat="50.462913" lon="-104.593235">
<ele>556</ele>
<time>2026-09-29T18:27:07.023-06:00</time>
<extensions>
<gpxtpx:TrackPointExtension>
<gpxtpx:speed>7.72</gpxtpx:speed>
</gpxtpx:TrackPointExtension>
<opentracks:accuracy_horizontal>1.02</opentracks:accuracy_horizontal></extensions>
</trkpt>
<trkpt lat="50.462914" lon="-104.593018">
<ele>556</ele>
<time>2026-09-29T18:27:09.014-06:00</time>
<extensions>
<gpxtpx:TrackPointExtension>
<gpxtpx:speed>7.82</gpxtpx:speed>
</gpxtpx:TrackPointExtension>
<opentracks:accuracy_horizontal>1.02</opentracks:accuracy_horizontal></extensions>
</trkpt>
<trkpt lat="50.46291" lon="-104.592804">
<ele>556</ele>
<time>2026-09-29T18:27:11.03-06:00</time>
<extensions>
<gpxtpx:TrackPointExtension>
<gpxtpx:speed>7.61</gpxtpx:speed>
</gpxtpx:TrackPointExtension>
<opentracks:accuracy_horizontal>0.51</opentracks:accuracy_horizontal></extensions>
</trkpt>
<trkpt lat="50.462909" lon="-104.592597">
<ele>556</ele>
<time>2026-09-29T18:27:13.011-06:00</time>
<extensions>
<gpxtpx:TrackPointExtension>
<gpxtpx:speed>7.4</gpxtpx:speed>
</gpxtpx:TrackPointExtension>
<opentracks:accuracy_horizontal>1.02</opentracks:accuracy_horizontal></extensions>
</trkpt>
<trkpt lat="50.462908" lon="-104.592397">
<ele>557</ele>
<time>2026-09-29T18:27:15.022-06:00</time>
<extensions>
<gpxtpx:TrackPointExtension>
<gpxtpx:speed>7.44</gpxtpx:speed>
</gpxtpx:TrackPointExtension>
<opentracks:accuracy_horizontal>1.02</opentracks:accuracy_horizontal></extensions>
</trkpt>
<trkpt lat="50.462906" lon="-104.592197">
<ele>558</ele>
<time>2026-09-29T18:27:17.01-06:00</time>
<extensions>
<gpxtpx:TrackPointExtension>
<gpxtpx:speed>7.39</gpxtpx:speed>
</gpxtpx:TrackPointExtension>
<opentracks:accuracy_horizontal>1.02</opentracks:accuracy_horizontal></extensions>
</trkpt>
<trkpt lat="50.462908" lon="-104.591985">
<ele>558</ele>
<time>2026-09-29T18:27:19.059-06:00</time>
<extensions>
<gpxtpx:TrackPointExtension>
<gpxtpx:speed>7.51</gpxtpx:speed>
</gpxtpx:TrackPointExtension>
<opentracks:accuracy_horizontal>1.02</opentracks:accuracy_horizontal></extensions>
</trkpt>
<trkpt lat="50.462913" lon="-104.591778">
<ele>558</ele>
<time>2026-09-29T18:27:21.03-06:00</time>
<extensions>
<gpxtpx:TrackPointExtension>
<gpxtpx:speed>7.47</gpxtpx:speed>
</gpxtpx:TrackPointExtension>
<opentracks:accuracy_horizontal>1.02</opentracks:accuracy_horizontal></extensions>
</trkpt>
<trkpt lat="50.462914" lon="-104.591566">
<ele>558</ele>
<time>2026-09-29T18:27:23.02-06:00</time>
<extensions>
<gpxtpx:TrackPointExtension>
<gpxtpx:speed>7.63</gpxtpx:speed>
</gpxtpx:TrackPointExtension>
<opentracks:accuracy_horizontal>1.02</opentracks:accuracy_horizontal></extensions>
</trkpt>
<trkpt lat="50.462904" lon="-104.59137">
<ele>558</ele>
<time>2026-09-29T18:27:25.02-06:00</time>
<extensions>
<gpxtpx:TrackPointExtension>
<gpxtpx:speed>7.15</gpxtpx:speed>
</gpxtpx:TrackPointExtension>
<opentracks:accuracy_horizontal>1.02</opentracks:accuracy_horizontal></extensions>
</trkpt>
<trkpt lat="50.462906" lon="-104.591181">
<ele>557</ele>
<time>2026-09-29T18:27:27.022-06:00</time>
<extensions>
<gpxtpx:TrackPointExtension>
<gpxtpx:speed>6.85</gpxtpx:speed>
</gpxtpx:TrackPointExtension>
<opentracks:accuracy_horizontal>1.02</opentracks:accuracy_horizontal></extensions>
</trkpt>
<trkpt lat="50.462902" lon="-104.590985">
<ele>557</ele>
<time>2026-09-29T18:27:29.021-06:00</time>
<extensions>
<gpxtpx:TrackPointExtension>
<gpxtpx:speed>6.72</gpxtpx:speed>
</gpxtpx:TrackPointExtension>
<opentracks:accuracy_horizontal>0.51</opentracks:accuracy_horizontal></extensions>
</trkpt>
<trkpt lat="50.46291" lon="-104.590799">
<ele>557</ele>
<time>2026-09-29T18:27:31.02-06:00</time>
<extensions>
<gpxtpx:TrackPointExtension>
<gpxtpx:speed>6.8</gpxtpx:speed>
</gpxtpx:TrackPointExtension>
<opentracks:accuracy_horizontal>1.02</opentracks:accuracy_horizontal></extensions>
</trkpt>
<trkpt lat="50.462921" lon="-104.590608">
<ele>557</ele>
<time>2026-09-29T18:27:33.019-06:00</time>
<extensions>
<gpxtpx:TrackPointExtension>
<gpxtpx:speed>7.08</gpxtpx:speed>
</gpxtpx:TrackPointExtension>
<opentracks:accuracy_horizontal>1.02</opentracks:accuracy_horizontal></extensions>
</trkpt>
<trkpt lat="50.462918" lon="-104.590409">
<ele>557</ele>
<time>2026-09-29T18:27:35.035-06:00</time>
<extensions>
<gpxtpx:TrackPointExtension>
<gpxtpx:speed>6.87</gpxtpx:speed>
</gpxtpx:TrackPointExtension>
<opentracks:accuracy_horizontal>1.02</opentracks:accuracy_horizontal></extensions>
</trkpt>
<trkpt lat="50.462918" lon="-104.590209">
<ele>557</ele>
<time>2026-09-29T18:27:37.017-06:00</time>
<extensions>
<gpxtpx:TrackPointExtension>
<gpxtpx:speed>7</gpxtpx:speed>
</gpxtpx:TrackPointExtension>
<opentracks:accuracy_horizontal>1.02</opentracks:accuracy_horizontal></extensions>
</trkpt>
<trkpt lat="50.462917" lon="-104.590005">
<ele>556</ele>
<time>2026-09-29T18:27:39.025-06:00</time>
<extensions>
<gpxtpx:TrackPointExtension>
<gpxtpx:speed>6.98</gpxtpx:speed>
</gpxtpx:TrackPointExtension>
<opentracks:accuracy_horizontal>1.02</opentracks:accuracy_horizontal></extensions>
</trkpt>
<trkpt lat="50.462914" lon="-104.589808">
<ele>556</ele>
<time>2026-09-29T18:27:41.037-06:00</time>
<extensions>
<gpxtpx:TrackPointExtension>
<gpxtpx:speed>7.09</gpxtpx:speed>
</gpxtpx:TrackPointExtension>
<opentracks:accuracy_horizontal>0.51</opentracks:accuracy_horizontal></extensions>
</trkpt>
<trkpt lat="50.462917" lon="-104.589617">
<ele>556</ele>
<time>2026-09-29T18:27:43.02-06:00</time>
<extensions>
<gpxtpx:TrackPointExtension>
<gpxtpx:speed>6.75</gpxtpx:speed>
</gpxtpx:TrackPointExtension>
<opentracks:accuracy_horizontal>1.02</opentracks:accuracy_horizontal></extensions>
</trkpt>
<trkpt lat="50.462918" lon="-104.589433">
<ele>557</ele>
<time>2026-09-29T18:27:45.034-06:00</time>
<extensions>
<gpxtpx:TrackPointExtension>
<gpxtpx:speed>6.46</gpxtpx:speed>
</gpxtpx:TrackPointExtension>
<opentracks:accuracy_horizontal>1.02</opentracks:accuracy_horizontal></extensions>
</trkpt>
<trkpt lat="50.462917" lon="-104.589257">
<ele>558</ele>
<time>2026-09-29T18:27:47.018-06:00</time>
<extensions>
<gpxtpx:TrackPointExtension>
<gpxtpx:speed>5.59</gpxtpx:speed>
</gpxtpx:TrackPointExtension>
<opentracks:accuracy_horizontal>1.02</opentracks:accuracy_horizontal></extensions>
</trkpt>
<trkpt lat="50.462918" lon="-104.589105">
<ele>558</ele>
<time>2026-09-29T18:27:49.013-06:00</time>
<extensions>
<gpxtpx:TrackPointExtension>
<gpxtpx:speed>5.69</gpxtpx:speed>
</gpxtpx:TrackPointExtension>
<opentracks:accuracy_horizontal>1.02</opentracks:accuracy_horizontal></extensions>
</trkpt>
<trkpt lat="50.462919" lon="-104.58894">
<ele>558</ele>
<time>2026-09-29T18:27:51.03-06:00</time>
<extensions>
<gpxtpx:TrackPointExtension>
<gpxtpx:speed>5.88</gpxtpx:speed>
</gpxtpx:TrackPointExtension>
<opentracks:accuracy_horizontal>0.51</opentracks:accuracy_horizontal></extensions>
</trkpt>
<trkpt lat="50.462917" lon="-104.588759">
<ele>558</ele>
<time>2026-09-29T18:27:53.026-06:00</time>
<extensions>
<gpxtpx:TrackPointExtension>
<gpxtpx:speed>6.59</gpxtpx:speed>
</gpxtpx:TrackPointExtension>
<opentracks:accuracy_horizontal>1.02</opentracks:accuracy_horizontal></extensions>
</trkpt>
<trkpt lat="50.462914" lon="-104.588565">
<ele>558</ele>
<time>2026-09-29T18:27:55.028-06:00</time>
<extensions>
<gpxtpx:TrackPointExtension>
<gpxtpx:speed>6.59</gpxtpx:speed>
</gpxtpx:TrackPointExtension>
<opentracks:accuracy_horizontal>1.02</opentracks:accuracy_horizontal></extensions>
</trkpt>
<trkpt lat="50.462907" lon="-104.588352">
<ele>558</ele>
<time>2026-09-29T18:27:57.019-06:00</time>
<extensions>
<gpxtpx:TrackPointExtension>
<gpxtpx:speed>7.35</gpxtpx:speed>
</gpxtpx:TrackPointExtension>
<opentracks:accuracy_horizontal>1.02</opentracks:accuracy_horizontal></extensions>
</trkpt>
<trkpt lat="50.462905" lon="-104.588146">
<ele>558</ele>
<time>2026-09-29T18:27:59.023-06:00</time>
<extensions>
<gpxtpx:TrackPointExtension>
<gpxtpx:speed>7.6</gpxtpx:speed>
</gpxtpx:TrackPointExtension>
<opentracks:accuracy_horizontal>1.02</opentracks:accuracy_horizontal></extensions>
</trkpt>
<trkpt lat="50.462901" lon="-104.587934">
<ele>557</ele>
<time>2026-09-29T18:28:01.031-06:00</time>
<extensions>
<gpxtpx:TrackPointExtension>
<gpxtpx:speed>7.79</gpxtpx:speed>
</gpxtpx:TrackPointExtension>
<opentracks:accuracy_horizontal>1.02</opentracks:accuracy_horizontal></extensions>
</trkpt>
<trkpt lat="50.462897" lon="-104.587716">
<ele>556</ele>
<time>2026-09-29T18:28:03.021-06:00</time>
<extensions>
<gpxtpx:TrackPointExtension>
<gpxtpx:speed>7.89</gpxtpx:speed>
</gpxtpx:TrackPointExtension>
<opentracks:accuracy_horizontal>1.02</opentracks:accuracy_horizontal></extensions>
</trkpt>
<trkpt lat="50.462902" lon="-104.587499">
<ele>556</ele>
<time>2026-09-29T18:28:05.025-06:00</time>
<extensions>
<gpxtpx:TrackPointExtension>
<gpxtpx:speed>7.85</gpxtpx:speed>
</gpxtpx:TrackPointExtension>
<opentracks:accuracy_horizontal>1.02</opentracks:accuracy_horizontal></extensions>
</trkpt>
<trkpt lat="50.462914" lon="-104.587275">
<ele>557</ele>
<time>2026-09-29T18:28:07.029-06:00</time>
<extensions>
<gpxtpx:TrackPointExtension>
<gpxtpx:speed>7.65</gpxtpx:speed>
</gpxtpx:TrackPointExtension>
<opentracks:accuracy_horizontal>1.02</opentracks:accuracy_horizontal></extensions>
</trkpt>
<trkpt lat="50.462916" lon="-104.587071">
<ele>558</ele>
<time>2026-09-29T18:28:09.019-06:00</time>
<extensions>
<gpxtpx:TrackPointExtension>
<gpxtpx:speed>7.18</gpxtpx:speed>
</gpxtpx:TrackPointExtension>
<opentracks:accuracy_horizontal>1.02</opentracks:accuracy_horizontal></extensions>
</trkpt>
<trkpt lat="50.462917" lon="-104.586876">
<ele>559</ele>
<time>2026-09-29T18:28:11.003-06:00</time>
<extensions>
<gpxtpx:TrackPointExtension>
<gpxtpx:speed>6.74</gpxtpx:speed>
</gpxtpx:TrackPointExtension>
<opentracks:accuracy_horizontal>0.51</opentracks:accuracy_horizontal></extensions>
</trkpt>
<trkpt lat="50.462911" lon="-104.586692">
<ele>558</ele>
<time>2026-09-29T18:28:13.049-06:00</time>
<extensions>
<gpxtpx:TrackPointExtension>
<gpxtpx:speed>6.26</gpxtpx:speed>
</gpxtpx:TrackPointExtension>
<opentracks:accuracy_horizontal>1.02</opentracks:accuracy_horizontal></extensions>
</trkpt>
<trkpt lat="50.462911" lon="-104.586524">
<ele>558</ele>
<time>2026-09-29T18:28:15.009-06:00</time>
<extensions>
<gpxtpx:TrackPointExtension>
<gpxtpx:speed>5.61</gpxtpx:speed>
</gpxtpx:TrackPointExtension>
<opentracks:accuracy_horizontal>0.51</opentracks:accuracy_horizontal></extensions>
</trkpt>
<trkpt lat="50.462908" lon="-104.586362">
<ele>558</ele>
<time>2026-09-29T18:28:17.019-06:00</time>
<extensions>
<gpxtpx:TrackPointExtension>
<gpxtpx:speed>5.97</gpxtpx:speed>
</gpxtpx:TrackPointExtension>
<opentracks:accuracy_horizontal>5.102</opentracks:accuracy_horizontal></extensions>
</trkpt>
<trkpt lat="50.462915" lon="-104.586188">
<ele>558</ele>
<time>2026-09-29T18:28:19.019-06:00</time>
<extensions>
<gpxtpx:TrackPointExtension>
<gpxtpx:speed>6.14</gpxtpx:speed>
</gpxtpx:TrackPointExtension>
<opentracks:accuracy_horizontal>5.612</opentracks:accuracy_horizontal></extensions>
</trkpt>
<trkpt lat="50.462904" lon="-104.586002">
<ele>557</ele>
<time>2026-09-29T18:28:21.024-06:00</time>
<extensions>
<gpxtpx:TrackPointExtension>
<gpxtpx:speed>6.42</gpxtpx:speed>
</gpxtpx:TrackPointExtension>
<opentracks:accuracy_horizontal>1.02</opentracks:accuracy_horizontal></extensions>
</trkpt>
<trkpt lat="50.462909" lon="-104.585828">
<ele>557</ele>
<time>2026-09-29T18:28:23.017-06:00</time>
<extensions>
<gpxtpx:TrackPointExtension>
<gpxtpx:speed>6.48</gpxtpx:speed>
</gpxtpx:TrackPointExtension>
<opentracks:accuracy_horizontal>1.02</opentracks:accuracy_horizontal></extensions>
</trkpt>
<trkpt lat="50.46292" lon="-104.58565">
<ele>557</ele>
<time>2026-09-29T18:28:25.021-06:00</time>
<extensions>
<gpxtpx:TrackPointExtension>
<gpxtpx:speed>6.39</gpxtpx:speed>
</gpxtpx:TrackPointExtension>
<opentracks:accuracy_horizontal>1.02</opentracks:accuracy_horizontal></extensions>
</trkpt>
<trkpt lat="50.462928" lon="-104.585473">
<ele>557</ele>
<time>2026-09-29T18:28:27.024-06:00</time>
<extensions>
<gpxtpx:TrackPointExtension>
<gpxtpx:speed>6.44</gpxtpx:speed>
</gpxtpx:TrackPointExtension>
<opentracks:accuracy_horizontal>1.02</opentracks:accuracy_horizontal></extensions>
</trkpt>
<trkpt lat="50.462932" lon="-104.585286">
<ele>557</ele>
<time>2026-09-29T18:28:29.026-06:00</time>
<extensions>
<gpxtpx:TrackPointExtension>
<gpxtpx:speed>6.3</gpxtpx:speed>
</gpxtpx:TrackPointExtension>
<opentracks:accuracy_horizontal>1.02</opentracks:accuracy_horizontal></extensions>
</trkpt>
<trkpt lat="50.462933" lon="-104.585112">
<ele>556</ele>
<time>2026-09-29T18:28:31.022-06:00</time>
<extensions>
<gpxtpx:TrackPointExtension>
<gpxtpx:speed>6.39</gpxtpx:speed>
</gpxtpx:TrackPointExtension>
<opentracks:accuracy_horizontal>1.02</opentracks:accuracy_horizontal></extensions>
</trkpt>
<trkpt lat="50.462928" lon="-104.584934">
<ele>556</ele>
<time>2026-09-29T18:28:33.016-06:00</time>
<extensions>
<gpxtpx:TrackPointExtension>
<gpxtpx:speed>6.34</gpxtpx:speed>
</gpxtpx:TrackPointExtension>
<opentracks:accuracy_horizontal>1.02</opentracks:accuracy_horizontal></extensions>
</trkpt>
<trkpt lat="50.462934" lon="-104.584748">
<ele>557</ele>
<time>2026-09-29T18:28:35.013-06:00</time>
<extensions>
<gpxtpx:TrackPointExtension>
<gpxtpx:speed>6.27</gpxtpx:speed>
</gpxtpx:TrackPointExtension>
<opentracks:accuracy_horizontal>1.02</opentracks:accuracy_horizontal></extensions>
</trkpt>
<trkpt lat="50.462921" lon="-104.584579">
<ele>557</ele>
<time>2026-09-29T18:28:37.033-06:00</time>
<extensions>
<gpxtpx:TrackPointExtension>
<gpxtpx:speed>6.24</gpxtpx:speed>
</gpxtpx:TrackPointExtension>
<opentracks:accuracy_horizontal>1.02</opentracks:accuracy_horizontal></extensions>
</trkpt>
<trkpt lat="50.462901" lon="-104.584416">
<ele>556</ele>
<time>2026-09-29T18:28:39.02-06:00</time>
<extensions>
<gpxtpx:TrackPointExtension>
<gpxtpx:speed>6.25</gpxtpx:speed>
</gpxtpx:TrackPointExtension>
<opentracks:accuracy_horizontal>1.02</opentracks:accuracy_horizontal></extensions>
</trkpt>
<trkpt lat="50.462901" lon="-104.584229">
<ele>556</ele>
<time>2026-09-29T18:28:41.026-06:00</time>
<extensions>
<gpxtpx:TrackPointExtension>
<gpxtpx:speed>5.83</gpxtpx:speed>
</gpxtpx:TrackPointExtension>
<opentracks:accuracy_horizontal>1.02</opentracks:accuracy_horizontal></extensions>
</trkpt>
<trkpt lat="50.462906" lon="-104.584077">
<ele>556</ele>
<time>2026-09-29T18:28:43.014-06:00</time>
<extensions>
<gpxtpx:TrackPointExtension>
<gpxtpx:speed>5.36</gpxtpx:speed>
</gpxtpx:TrackPointExtension>
<opentracks:accuracy_horizontal>1.02</opentracks:accuracy_horizontal></extensions>
</trkpt>
<trkpt lat="50.462911" lon="-104.583881">
<ele>556</ele>
<time>2026-09-29T18:28:45.996-06:00</time>
<extensions>
<gpxtpx:TrackPointExtension>
<gpxtpx:speed>4.28</gpxtpx:speed>
</gpxtpx:TrackPointExtension>
<opentracks:accuracy_horizontal>1.02</opentracks:accuracy_horizontal></extensions>
</trkpt>
<trkpt lat="50.462908" lon="-104.583734">
<ele>556</ele>
<time>2026-09-29T18:28:52.038-06:00</time>
<extensions>
<gpxtpx:TrackPointExtension>
<gpxtpx:speed>2.41</gpxtpx:speed>
</gpxtpx:TrackPointExtension>
<opentracks:accuracy_horizontal>5.612</opentracks:accuracy_horizontal></extensions>
</trkpt>
<trkpt lat="50.462908" lon="-104.583585">
<ele>555</ele>
<time>2026-09-29T18:28:55.022-06:00</time>
<extensions>
<gpxtpx:TrackPointExtension>
<gpxtpx:speed>4.36</gpxtpx:speed>
</gpxtpx:TrackPointExtension>
<opentracks:accuracy_horizontal>6.633</opentracks:accuracy_horizontal></extensions>
</trkpt>
<trkpt lat="50.462908" lon="-104.583438">
<ele>557</ele>
<time>2026-09-29T18:28:57.012-06:00</time>
<extensions>
<gpxtpx:TrackPointExtension>
<gpxtpx:speed>5.2</gpxtpx:speed>
</gpxtpx:TrackPointExtension>
<opentracks:accuracy_horizontal>5.102</opentracks:accuracy_horizontal></extensions>
</trkpt>
<trkpt lat="50.462901" lon="-104.583211">
<ele>557</ele>
<time>2026-09-29T18:29:00.026-06:00</time>
<extensions>
<gpxtpx:TrackPointExtension>
<gpxtpx:speed>5.91</gpxtpx:speed>
</gpxtpx:TrackPointExtension>
<opentracks:accuracy_horizontal>4.592</opentracks:accuracy_horizontal></extensions>
</trkpt>
<trkpt lat="50.462895" lon="-104.583007">
<ele>558</ele>
<time>2026-09-29T18:29:02.024-06:00</time>
<extensions>
<gpxtpx:TrackPointExtension>
<gpxtpx:speed>7</gpxtpx:speed>
</gpxtpx:TrackPointExtension>
<opentracks:accuracy_horizontal>4.592</opentracks:accuracy_horizontal></extensions>
</trkpt>
<trkpt lat="50.462897" lon="-104.582809">
<ele>559</ele>
<time>2026-09-29T18:29:04.017-06:00</time>
<extensions>
<gpxtpx:TrackPointExtension>
<gpxtpx:speed>7.54</gpxtpx:speed>
</gpxtpx:TrackPointExtension>
<opentracks:accuracy_horizontal>6.122</opentracks:accuracy_horizontal></extensions>
</trkpt>
<trkpt lat="50.462904" lon="-104.582585">
<ele>559</ele>
<time>2026-09-29T18:29:06.002-06:00</time>
<extensions>
<gpxtpx:TrackPointExtension>
<gpxtpx:speed>7.77</gpxtpx:speed>
</gpxtpx:TrackPointExtension>
<opentracks:accuracy_horizontal>1.02</opentracks:accuracy_horizontal></extensions>
</trkpt>
<trkpt lat="50.462904" lon="-104.582339">
<ele>559</ele>
<time>2026-09-29T18:29:08.038-06:00</time>
<extensions>
<gpxtpx:TrackPointExtension>
<gpxtpx:speed>8.58</gpxtpx:speed>
</gpxtpx:TrackPointExtension>
<opentracks:accuracy_horizontal>0.51</opentracks:accuracy_horizontal></extensions>
</trkpt>
<trkpt lat="50.462911" lon="-104.582123">
<ele>559</ele>
<time>2026-09-29T18:29:10.005-06:00</time>
<extensions>
<gpxtpx:TrackPointExtension>
<gpxtpx:speed>7.48</gpxtpx:speed>
</gpxtpx:TrackPointExtension>
<opentracks:accuracy_horizontal>0.51</opentracks:accuracy_horizontal></extensions>
</trkpt>
<trkpt lat="50.462908" lon="-104.581917">
<ele>560</ele>
<time>2026-09-29T18:29:12.01-06:00</time>
<extensions>
<gpxtpx:TrackPointExtension>
<gpxtpx:speed>6.82</gpxtpx:speed>
</gpxtpx:TrackPointExtension>
<opentracks:accuracy_horizontal>5.612</opentracks:accuracy_horizontal></extensions>
</trkpt>
<trkpt lat="50.462911" lon="-104.581732">
<ele>560</ele>
<time>2026-09-29T18:29:14.014-06:00</time>
<extensions>
<gpxtpx:TrackPointExtension>
<gpxtpx:speed>5.98</gpxtpx:speed>
</gpxtpx:TrackPointExtension>
<opentracks:accuracy_horizontal>4.082</opentracks:accuracy_horizontal></extensions>
</trkpt>
<trkpt lat="50.462904" lon="-104.581544">
<ele>560</ele>
<time>2026-09-29T18:29:16.012-06:00</time>
<extensions>
<gpxtpx:TrackPointExtension>
<gpxtpx:speed>7.03</gpxtpx:speed>
</gpxtpx:TrackPointExtension>
<opentracks:accuracy_horizontal>4.082</opentracks:accuracy_horizontal></extensions>
</trkpt>
<trkpt lat="50.4629" lon="-104.581337">
<ele>561</ele>
<time>2026-09-29T18:29:18.005-06:00</time>
<extensions>
<gpxtpx:TrackPointExtension>
<gpxtpx:speed>7.15</gpxtpx:speed>
</gpxtpx:TrackPointExtension>
<opentracks:accuracy_horizontal>5.612</opentracks:accuracy_horizontal></extensions>
</trkpt>
<trkpt lat="50.462906" lon="-104.581125">
<ele>560</ele>
<time>2026-09-29T18:29:20.013-06:00</time>
<extensions>
<gpxtpx:TrackPointExtension>
<gpxtpx:speed>7.42</gpxtpx:speed>
</gpxtpx:TrackPointExtension>
<opentracks:accuracy_horizontal>1.02</opentracks:accuracy_horizontal></extensions>
</trkpt>
<trkpt lat="50.462916" lon="-104.580911">
<ele>561</ele>
<time>2026-09-29T18:29:22.004-06:00</time>
<extensions>
<gpxtpx:TrackPointExtension>
<gpxtpx:speed>7.64</gpxtpx:speed>
</gpxtpx:TrackPointExtension>
<opentracks:accuracy_horizontal>1.02</opentracks:accuracy_horizontal></extensions>
</trkpt>
<trkpt lat="50.462914" lon="-104.580689">
<ele>561</ele>
<time>2026-09-29T18:29:24.025-06:00</time>
<extensions>
<gpxtpx:TrackPointExtension>
<gpxtpx:speed>7.22</gpxtpx:speed>
</gpxtpx:TrackPointExtension>
<opentracks:accuracy_horizontal>1.02</opentracks:accuracy_horizontal></extensions>
</trkpt>
<trkpt lat="50.462912" lon="-104.580474">
<ele>561</ele>
<time>2026-09-29T18:29:26.015-06:00</time>
<extensions>
<gpxtpx:TrackPointExtension>
<gpxtpx:speed>7.24</gpxtpx:speed>
</gpxtpx:TrackPointExtension>
<opentracks:accuracy_horizontal>1.02</opentracks:accuracy_horizontal></extensions>
</trkpt>
<trkpt lat="50.462913" lon="-104.580277">
<ele>561</ele>
<time>2026-09-29T18:29:28.023-06:00</time>
<extensions>
<gpxtpx:TrackPointExtension>
<gpxtpx:speed>7.15</gpxtpx:speed>
</gpxtpx:TrackPointExtension>
<opentracks:accuracy_horizontal>1.02</opentracks:accuracy_horizontal></extensions>
</trkpt>
<trkpt lat="50.462912" lon="-104.580082">
<ele>562</ele>
<time>2026-09-29T18:29:30.022-06:00</time>
<extensions>
<gpxtpx:TrackPointExtension>
<gpxtpx:speed>6.95</gpxtpx:speed>
</gpxtpx:TrackPointExtension>
<opentracks:accuracy_horizontal>1.02</opentracks:accuracy_horizontal></extensions>
</trkpt>
<trkpt lat="50.46291" lon="-104.579882">
<ele>562</ele>
<time>2026-09-29T18:29:32.02-06:00</time>
<extensions>
<gpxtpx:TrackPointExtension>
<gpxtpx:speed>6.84</gpxtpx:speed>
</gpxtpx:TrackPointExtension>
<opentracks:accuracy_horizontal>1.02</opentracks:accuracy_horizontal></extensions>
</trkpt>
<trkpt lat="50.46291" lon="-104.579689">
<ele>561</ele>
<time>2026-09-29T18:29:34.028-06:00</time>
<extensions>
<gpxtpx:TrackPointExtension>
<gpxtpx:speed>6.83</gpxtpx:speed>
</gpxtpx:TrackPointExtension>
<opentracks:accuracy_horizontal>0.51</opentracks:accuracy_horizontal></extensions>
</trkpt>
<trkpt lat="50.462917" lon="-104.579495">
<ele>561</ele>
<time>2026-09-29T18:29:36.015-06:00</time>
<extensions>
<gpxtpx:TrackPointExtension>
<gpxtpx:speed>6.93</gpxtpx:speed>
</gpxtpx:TrackPointExtension>
<opentracks:accuracy_horizontal>1.02</opentracks:accuracy_horizontal></extensions>
</trkpt>
<trkpt lat="50.462922" lon="-104.579296">
<ele>561</ele>
<time>2026-09-29T18:29:38.019-06:00</time>
<extensions>
<gpxtpx:TrackPointExtension>
<gpxtpx:speed>6.98</gpxtpx:speed>
</gpxtpx:TrackPointExtension>
<opentracks:accuracy_horizontal>1.02</opentracks:accuracy_horizontal></extensions>
</trkpt>
<trkpt lat="50.462923" lon="-104.579098">
<ele>561</ele>
<time>2026-09-29T18:29:40.012-06:00</time>
<extensions>
<gpxtpx:TrackPointExtension>
<gpxtpx:speed>6.79</gpxtpx:speed>
</gpxtpx:TrackPointExtension>
<opentracks:accuracy_horizontal>0.51</opentracks:accuracy_horizontal></extensions>
</trkpt>
<trkpt lat="50.462917" lon="-104.578896">
<ele>560</ele>
<time>2026-09-29T18:29:42.006-06:00</time>
<extensions>
<gpxtpx:TrackPointExtension>
<gpxtpx:speed>6.97</gpxtpx:speed>
</gpxtpx:TrackPointExtension>
<opentracks:accuracy_horizontal>1.02</opentracks:accuracy_horizontal></extensions>
</trkpt>
<trkpt lat="50.46291" lon="-104.578706">
<ele>560</ele>
<time>2026-09-29T18:29:44.033-06:00</time>
<extensions>
<gpxtpx:TrackPointExtension>
<gpxtpx:speed>7.01</gpxtpx:speed>
</gpxtpx:TrackPointExtension>
<opentracks:accuracy_horizontal>1.02</opentracks:accuracy_horizontal></extensions>
</trkpt>
<trkpt lat="50.462915" lon="-104.578515">
<ele>560</ele>
<time>2026-09-29T18:29:46.031-06:00</time>
<extensions>
<gpxtpx:TrackPointExtension>
<gpxtpx:speed>6.96</gpxtpx:speed>
</gpxtpx:TrackPointExtension>
<opentracks:accuracy_horizontal>1.02</opentracks:accuracy_horizontal></extensions>
</trkpt>
<trkpt lat="50.462923" lon="-104.57831">
<ele>560</ele>
<time>2026-09-29T18:29:48.027-06:00</time>
<extensions>
<gpxtpx:TrackPointExtension>
<gpxtpx:speed>7.4</gpxtpx:speed>
</gpxtpx:TrackPointExtension>
<opentracks:accuracy_horizontal>1.02</opentracks:accuracy_horizontal></extensions>
</trkpt>
<trkpt lat="50.462924" lon="-104.578109">
<ele>560</ele>
<time>2026-09-29T18:29:50.017-06:00</time>
<extensions>
<gpxtpx:TrackPointExtension>
<gpxtpx:speed>7.14</gpxtpx:speed>
</gpxtpx:TrackPointExtension>
<opentracks:accuracy_horizontal>1.02</opentracks:accuracy_horizontal></extensions>
</trkpt>
<trkpt lat="50.462916" lon="-104.577918">
<ele>561</ele>
<time>2026-09-29T18:29:52.015-06:00</time>
<extensions>
<gpxtpx:TrackPointExtension>
<gpxtpx:speed>6.37</gpxtpx:speed>
</gpxtpx:TrackPointExtension>
<opentracks:accuracy_horizontal>1.02</opentracks:accuracy_horizontal></extensions>
</trkpt>
<trkpt lat="50.462918" lon="-104.577755">
<ele>560</ele>
<time>2026-09-29T18:29:54.018-06:00</time>
<extensions>
<gpxtpx:TrackPointExtension>
<gpxtpx:speed>5.87</gpxtpx:speed>
</gpxtpx:TrackPointExtension>
<opentracks:accuracy_horizontal>0.51</opentracks:accuracy_horizontal></extensions>
</trkpt>
<trkpt lat="50.462923" lon="-104.577594">
<ele>560</ele>
<time>2026-09-29T18:29:56.021-06:00</time>
<extensions>
<gpxtpx:TrackPointExtension>
<gpxtpx:speed>5.63</gpxtpx:speed>
</gpxtpx:TrackPointExtension>
<opentracks:accuracy_horizontal>1.02</opentracks:accuracy_horizontal></extensions>
</trkpt>
<trkpt lat="50.462925" lon="-104.577439">
<ele>560</ele>
<time>2026-09-29T18:29:58.025-06:00</time>
<extensions>
<gpxtpx:TrackPointExtension>
<gpxtpx:speed>5.33</gpxtpx:speed>
</gpxtpx:TrackPointExtension>
<opentracks:accuracy_horizontal>1.02</opentracks:accuracy_horizontal></extensions>
</trkpt>
<trkpt lat="50.462923" lon="-104.577285">
<ele>560</ele>
<time>2026-09-29T18:30:00.019-06:00</time>
<extensions>
<gpxtpx:TrackPointExtension>
<gpxtpx:speed>5.03</gpxtpx:speed>
</gpxtpx:TrackPointExtension>
<opentracks:accuracy_horizontal>1.02</opentracks:accuracy_horizontal></extensions>
</trkpt>
<trkpt lat="50.462918" lon="-104.577083">
<ele>560</ele>
<time>2026-09-29T18:30:03.023-06:00</time>
<extensions>
<gpxtpx:TrackPointExtension>
<gpxtpx:speed>4.88</gpxtpx:speed>
</gpxtpx:TrackPointExtension>
<opentracks:accuracy_horizontal>4.082</opentracks:accuracy_horizontal></extensions>
</trkpt>
<trkpt lat="50.462908" lon="-104.576876">
<ele>561</ele>
<time>2026-09-29T18:30:06.025-06:00</time>
<extensions>
<gpxtpx:TrackPointExtension>
<gpxtpx:speed>5.13</gpxtpx:speed>
</gpxtpx:TrackPointExtension>
<opentracks:accuracy_horizontal>5.102</opentracks:accuracy_horizontal></extensions>
</trkpt>
<trkpt lat="50.462915" lon="-104.57671">
<ele>561</ele>
<time>2026-09-29T18:30:08.027-06:00</time>
<extensions>
<gpxtpx:TrackPointExtension>
<gpxtpx:speed>5.87</gpxtpx:speed>
</gpxtpx:TrackPointExtension>
<opentracks:accuracy_horizontal>4.592</opentracks:accuracy_horizontal></extensions>
</trkpt>
<trkpt lat="50.462913" lon="-104.576508">
<ele>561</ele>
<time>2026-09-29T18:30:10.029-06:00</time>
<extensions>
<gpxtpx:TrackPointExtension>
<gpxtpx:speed>7</gpxtpx:speed>
</gpxtpx:TrackPointExtension>
<opentracks:accuracy_horizontal>0.51</opentracks:accuracy_horizontal></extensions>
</trkpt>
<trkpt lat="50.462911" lon="-104.57629">
<ele>560</ele>
<time>2026-09-29T18:30:12.022-06:00</time>
<extensions>
<gpxtpx:TrackPointExtension>
<gpxtpx:speed>7.65</gpxtpx:speed>
</gpxtpx:TrackPointExtension>
<opentracks:accuracy_horizontal>1.02</opentracks:accuracy_horizontal></extensions>
</trkpt>
<trkpt lat="50.462911" lon="-104.576067">
<ele>561</ele>
<time>2026-09-29T18:30:14.027-06:00</time>
<extensions>
<gpxtpx:TrackPointExtension>
<gpxtpx:speed>7.54</gpxtpx:speed>
</gpxtpx:TrackPointExtension>
<opentracks:accuracy_horizontal>1.02</opentracks:accuracy_horizontal></extensions>
</trkpt>
<trkpt lat="50.462911" lon="-104.57586">
<ele>563</ele>
<time>2026-09-29T18:30:16.016-06:00</time>
<extensions>
<gpxtpx:TrackPointExtension>
<gpxtpx:speed>6.77</gpxtpx:speed>
</gpxtpx:TrackPointExtension>
<opentracks:accuracy_horizontal>1.02</opentracks:accuracy_horizontal></extensions>
</trkpt>
<trkpt lat="50.462912" lon="-104.575677">
<ele>564</ele>
<time>2026-09-29T18:30:18.022-06:00</time>
<extensions>
<gpxtpx:TrackPointExtension>
<gpxtpx:speed>6.31</gpxtpx:speed>
</gpxtpx:TrackPointExtension>
<opentracks:accuracy_horizontal>4.082</opentracks:accuracy_horizontal></extensions>
</trkpt>
<trkpt lat="50.46291" lon="-104.575503">
<ele>564</ele>
<time>2026-09-29T18:30:20.038-06:00</time>
<extensions>
<gpxtpx:TrackPointExtension>
<gpxtpx:speed>6.05</gpxtpx:speed>
</gpxtpx:TrackPointExtension>
<opentracks:accuracy_horizontal>3.571</opentracks:accuracy_horizontal></extensions>
</trkpt>
<trkpt lat="50.462908" lon="-104.575336">
<ele>564</ele>
<time>2026-09-29T18:30:22.019-06:00</time>
<extensions>
<gpxtpx:TrackPointExtension>
<gpxtpx:speed>5.88</gpxtpx:speed>
</gpxtpx:TrackPointExtension>
<opentracks:accuracy_horizontal>3.571</opentracks:accuracy_horizontal></extensions>
</trkpt>
<trkpt lat="50.462908" lon="-104.575178">
<ele>563</ele>
<time>2026-09-29T18:30:24.012-06:00</time>
<extensions>
<gpxtpx:TrackPointExtension>
<gpxtpx:speed>5.69</gpxtpx:speed>
</gpxtpx:TrackPointExtension>
<opentracks:accuracy_horizontal>4.082</opentracks:accuracy_horizontal></extensions>
</trkpt>
<trkpt lat="50.462915" lon="-104.574991">
<ele>564</ele>
<time>2026-09-29T18:30:26.018-06:00</time>
<extensions>
<gpxtpx:TrackPointExtension>
<gpxtpx:speed>6.9</gpxtpx:speed>
</gpxtpx:TrackPointExtension>
<opentracks:accuracy_horizontal>4.592</opentracks:accuracy_horizontal></extensions>
</trkpt>
<trkpt lat="50.462913" lon="-104.574798">
<ele>564</ele>
<time>2026-09-29T18:30:28.026-06:00</time>
<extensions>
<gpxtpx:TrackPointExtension>
<gpxtpx:speed>6.66</gpxtpx:speed>
</gpxtpx:TrackPointExtension>
<opentracks:accuracy_horizontal>1.02</opentracks:accuracy_horizontal></extensions>
</trkpt>
<trkpt lat="50.462912" lon="-104.574612">
<ele>564</ele>
<time>2026-09-29T18:30:30.031-06:00</time>
<extensions>
<gpxtpx:TrackPointExtension>
<gpxtpx:speed>7.25</gpxtpx:speed>
</gpxtpx:TrackPointExtension>
<opentracks:accuracy_horizontal>0.51</opentracks:accuracy_horizontal></extensions>
</trkpt>
<trkpt lat="50.462916" lon="-104.574405">
<ele>563</ele>
<time>2026-09-29T18:30:32.023-06:00</time>
<extensions>
<gpxtpx:TrackPointExtension>
<gpxtpx:speed>7.18</gpxtpx:speed>
</gpxtpx:TrackPointExtension>
<opentracks:accuracy_horizontal>1.02</opentracks:accuracy_horizontal></extensions>
</trkpt>
<trkpt lat="50.462914" lon="-104.57421">
<ele>562</ele>
<time>2026-09-29T18:30:34.02-06:00</time>
<extensions>
<gpxtpx:TrackPointExtension>
<gpxtpx:speed>6.64</gpxtpx:speed>
</gpxtpx:TrackPointExtension>
<opentracks:accuracy_horizontal>1.02</opentracks:accuracy_horizontal></extensions>
</trkpt>
<trkpt lat="50.462917" lon="-104.574025">
<ele>562</ele>
<time>2026-09-29T18:30:36.011-06:00</time>
<extensions>
<gpxtpx:TrackPointExtension>
<gpxtpx:speed>6.21</gpxtpx:speed>
</gpxtpx:TrackPointExtension>
<opentracks:accuracy_horizontal>1.02</opentracks:accuracy_horizontal></extensions>
</trkpt>
<trkpt lat="50.462914" lon="-104.57386">
<ele>562</ele>
<time>2026-09-29T18:30:38.018-06:00</time>
<extensions>
<gpxtpx:TrackPointExtension>
<gpxtpx:speed>5.83</gpxtpx:speed>
</gpxtpx:TrackPointExtension>
<opentracks:accuracy_horizontal>5.102</opentracks:accuracy_horizontal></extensions>
</trkpt>
<trkpt lat="50.462916" lon="-104.5737">
<ele>562</ele>
<time>2026-09-29T18:30:40.049-06:00</time>
<extensions>
<gpxtpx:TrackPointExtension>
<gpxtpx:speed>5.49</gpxtpx:speed>
</gpxtpx:TrackPointExtension>
<opentracks:accuracy_horizontal>5.102</opentracks:accuracy_horizontal></extensions>
</trkpt>
<trkpt lat="50.462914" lon="-104.573546">
<ele>562</ele>
<time>2026-09-29T18:30:42.011-06:00</time>
<extensions>
<gpxtpx:TrackPointExtension>
<gpxtpx:speed>5.22</gpxtpx:speed>
</gpxtpx:TrackPointExtension>
<opentracks:accuracy_horizontal>3.571</opentracks:accuracy_horizontal></extensions>
</trkpt>
<trkpt lat="50.462904" lon="-104.573403">
<ele>562</ele>
<time>2026-09-29T18:30:44.026-06:00</time>
<extensions>
<gpxtpx:TrackPointExtension>
<gpxtpx:speed>5.03</gpxtpx:speed>
</gpxtpx:TrackPointExtension>
<opentracks:accuracy_horizontal>6.122</opentracks:accuracy_horizontal></extensions>
</trkpt>
<trkpt lat="50.462901" lon="-104.573259">
<ele>562</ele>
<time>2026-09-29T18:30:46.005-06:00</time>
<extensions>
<gpxtpx:TrackPointExtension>
<gpxtpx:speed>4.87</gpxtpx:speed>
</gpxtpx:TrackPointExtension>
<opentracks:accuracy_horizontal>4.592</opentracks:accuracy_horizontal></extensions>
</trkpt>
<trkpt lat="50.462907" lon="-104.573061">
<ele>562</ele>
<time>2026-09-29T18:30:49.014-06:00</time>
<extensions>
<gpxtpx:TrackPointExtension>
<gpxtpx:speed>4.5</gpxtpx:speed>
</gpxtpx:TrackPointExtension>
<opentracks:accuracy_horizontal>4.592</opentracks:accuracy_horizontal></extensions>
</trkpt>
<trkpt lat="50.462914" lon="-104.572871">
<ele>561</ele>
<time>2026-09-29T18:30:52.013-06:00</time>
<extensions>
<gpxtpx:TrackPointExtension>
<gpxtpx:speed>4.43</gpxtpx:speed>
</gpxtpx:TrackPointExtension>
<opentracks:accuracy_horizontal>5.102</opentracks:accuracy_horizontal></extensions>
</trkpt>
<trkpt lat="50.462924" lon="-104.5727">
<ele>561</ele>
<time>2026-09-29T18:30:55.032-06:00</time>
<extensions>
<gpxtpx:TrackPointExtension>
<gpxtpx:speed>3.97</gpxtpx:speed>
</gpxtpx:TrackPointExtension>
<opentracks:accuracy_horizontal>3.571</opentracks:accuracy_horizontal></extensions>
</trkpt>
<trkpt lat="50.462896" lon="-104.572525">
<ele>561</ele>
<time>2026-09-29T18:30:58.031-06:00</time>
<extensions>
<gpxtpx:TrackPointExtension>
<gpxtpx:speed>4.71</gpxtpx:speed>
</gpxtpx:TrackPointExtension>
<opentracks:accuracy_horizontal>5.102</opentracks:accuracy_horizontal></extensions>
</trkpt>
<trkpt lat="50.46277" lon="-104.572426">
<ele>561</ele>
<time>2026-09-29T18:31:01.023-06:00</time>
<extensions>
<gpxtpx:TrackPointExtension>
<gpxtpx:speed>5.74</gpxtpx:speed>
</gpxtpx:TrackPointExtension>
<opentracks:accuracy_horizontal>0.51</opentracks:accuracy_horizontal></extensions>
</trkpt>
<trkpt lat="50.462656" lon="-104.572389">
<ele>561</ele>
<time>2026-09-29T18:31:03.031-06:00</time>
<extensions>
<gpxtpx:TrackPointExtension>
<gpxtpx:speed>6.87</gpxtpx:speed>
</gpxtpx:TrackPointExtension>
<opentracks:accuracy_horizontal>1.02</opentracks:accuracy_horizontal></extensions>
</trkpt>
<trkpt lat="50.462535" lon="-104.572322">
<ele>561</ele>
<time>2026-09-29T18:31:05.022-06:00</time>
<extensions>
<gpxtpx:TrackPointExtension>
<gpxtpx:speed>7.27</gpxtpx:speed>
</gpxtpx:TrackPointExtension>
<opentracks:accuracy_horizontal>0.51</opentracks:accuracy_horizontal></extensions>
</trkpt>
<trkpt lat="50.462402" lon="-104.57223">
<ele>561</ele>
<time>2026-09-29T18:31:07.031-06:00</time>
<extensions>
<gpxtpx:TrackPointExtension>
<gpxtpx:speed>7.88</gpxtpx:speed>
</gpxtpx:TrackPointExtension>
<opentracks:accuracy_horizontal>1.02</opentracks:accuracy_horizontal></extensions>
</trkpt>
<trkpt lat="50.462262" lon="-104.57217">
<ele>559</ele>
<time>2026-09-29T18:31:09.031-06:00</time>
<extensions>
<gpxtpx:TrackPointExtension>
<gpxtpx:speed>7.94</gpxtpx:speed>
</gpxtpx:TrackPointExtension>
<opentracks:accuracy_horizontal>1.02</opentracks:accuracy_horizontal></extensions>
</trkpt>
<trkpt lat="50.46213" lon="-104.572164">
<ele>559</ele>
<time>2026-09-29T18:31:11.051-06:00</time>
<extensions>
<gpxtpx:TrackPointExtension>
<gpxtpx:speed>7.43</gpxtpx:speed>
</gpxtpx:TrackPointExtension>
<opentracks:accuracy_horizontal>1.02</opentracks:accuracy_horizontal></extensions>
</trkpt>
<trkpt lat="50.461995" lon="-104.572177">
<ele>559</ele>
<time>2026-09-29T18:31:13.022-06:00</time>
<extensions>
<gpxtpx:TrackPointExtension>
<gpxtpx:speed>7.04</gpxtpx:speed>
</gpxtpx:TrackPointExtension>
<opentracks:accuracy_horizontal>1.02</opentracks:accuracy_horizontal></extensions>
</trkpt>
<trkpt lat="50.461876" lon="-104.572167">
<ele>559</ele>
<time>2026-09-29T18:31:15.025-06:00</time>
<extensions>
<gpxtpx:TrackPointExtension>
<gpxtpx:speed>6.5</gpxtpx:speed>
</gpxtpx:TrackPointExtension>
<opentracks:accuracy_horizontal>5.102</opentracks:accuracy_horizontal></extensions>
</trkpt>
<trkpt lat="50.461767" lon="-104.572162">
<ele>560</ele>
<time>2026-09-29T18:31:17.031-06:00</time>
<extensions>
<gpxtpx:TrackPointExtension>
<gpxtpx:speed>5.94</gpxtpx:speed>
</gpxtpx:TrackPointExtension>
<opentracks:accuracy_horizontal>5.102</opentracks:accuracy_horizontal></extensions>
</trkpt>
<trkpt lat="50.461662" lon="-104.572155">
<ele>561</ele>
<time>2026-09-29T18:31:19.02-06:00</time>
<extensions>
<gpxtpx:TrackPointExtension>
<gpxtpx:speed>5.63</gpxtpx:speed>
</gpxtpx:TrackPointExtension>
<opentracks:accuracy_horizontal>4.592</opentracks:accuracy_horizontal></extensions>
</trkpt>
<trkpt lat="50.461561" lon="-104.57214">
<ele>561</ele>
<time>2026-09-29T18:31:21.036-06:00</time>
<extensions>
<gpxtpx:TrackPointExtension>
<gpxtpx:speed>5.3</gpxtpx:speed>
</gpxtpx:TrackPointExtension>
<opentracks:accuracy_horizontal>5.102</opentracks:accuracy_horizontal></extensions>
</trkpt>
<trkpt lat="50.461471" lon="-104.572125">
<ele>561</ele>
<time>2026-09-29T18:31:23.022-06:00</time>
<extensions>
<gpxtpx:TrackPointExtension>
<gpxtpx:speed>4.9</gpxtpx:speed>
</gpxtpx:TrackPointExtension>
<opentracks:accuracy_horizontal>4.592</opentracks:accuracy_horizontal></extensions>
</trkpt>
<trkpt lat="50.46138" lon="-104.572106">
<ele>561</ele>
<time>2026-09-29T18:31:25.022-06:00</time>
<extensions>
<gpxtpx:TrackPointExtension>
<gpxtpx:speed>4.54</gpxtpx:speed>
</gpxtpx:TrackPointExtension>
<opentracks:accuracy_horizontal>4.592</opentracks:accuracy_horizontal></extensions>
</trkpt>
<trkpt lat="50.461257" lon="-104.572113">
<ele>560</ele>
<time>2026-09-29T18:31:28.015-06:00</time>
<extensions>
<gpxtpx:TrackPointExtension>
<gpxtpx:speed>4.95</gpxtpx:speed>
</gpxtpx:TrackPointExtension>
<opentracks:accuracy_horizontal>4.082</opentracks:accuracy_horizontal></extensions>
</trkpt>
<trkpt lat="50.461157" lon="-104.572114">
<ele>560</ele>
<time>2026-09-29T18:31:30.048-06:00</time>
<extensions>
<gpxtpx:TrackPointExtension>
<gpxtpx:speed>5.45</gpxtpx:speed>
</gpxtpx:TrackPointExtension>
<opentracks:accuracy_horizontal>4.082</opentracks:accuracy_horizontal></extensions>
</trkpt>
<trkpt lat="50.46105" lon="-104.572113">
<ele>560</ele>
<time>2026-09-29T18:31:32.03-06:00</time>
<extensions>
<gpxtpx:TrackPointExtension>
<gpxtpx:speed>5.96</gpxtpx:speed>
</gpxtpx:TrackPointExtension>
<opentracks:accuracy_horizontal>4.082</opentracks:accuracy_horizontal></extensions>
</trkpt>
<trkpt lat="50.460939" lon="-104.572109">
<ele>559</ele>
<time>2026-09-29T18:31:34.031-06:00</time>
<extensions>
<gpxtpx:TrackPointExtension>
<gpxtpx:speed>5.93</gpxtpx:speed>
</gpxtpx:TrackPointExtension>
<opentracks:accuracy_horizontal>1.02</opentracks:accuracy_horizontal></extensions>
</trkpt>
<trkpt lat="50.46083" lon="-104.572114">
<ele>558</ele>
<time>2026-09-29T18:31:36.043-06:00</time>
<extensions>
<gpxtpx:TrackPointExtension>
<gpxtpx:speed>7.04</gpxtpx:speed>
</gpxtpx:TrackPointExtension>
<opentracks:accuracy_horizontal>1.02</opentracks:accuracy_horizontal></extensions>
</trkpt>
<trkpt lat="50.460719" lon="-104.57211">
<ele>557</ele>
<time>2026-09-29T18:31:38.023-06:00</time>
<extensions>
<gpxtpx:TrackPointExtension>
<gpxtpx:speed>5.76</gpxtpx:speed>
</gpxtpx:TrackPointExtension>
<opentracks:accuracy_horizontal>1.02</opentracks:accuracy_horizontal></extensions>
</trkpt>
<trkpt lat="50.460612" lon="-104.572115">
<ele>557</ele>
<time>2026-09-29T18:31:40.038-06:00</time>
<extensions>
<gpxtpx:TrackPointExtension>
<gpxtpx:speed>6.11</gpxtpx:speed>
</gpxtpx:TrackPointExtension>
<opentracks:accuracy_horizontal>0.51</opentracks:accuracy_horizontal></extensions>
</trkpt>
<trkpt lat="50.460507" lon="-104.572106">
<ele>556</ele>
<time>2026-09-29T18:31:42.021-06:00</time>
<extensions>
<gpxtpx:TrackPointExtension>
<gpxtpx:speed>6</gpxtpx:speed>
</gpxtpx:TrackPointExtension>
<opentracks:accuracy_horizontal>1.02</opentracks:accuracy_horizontal></extensions>
</trkpt>
<trkpt lat="50.460392" lon="-104.572117">
<ele>557</ele>
<time>2026-09-29T18:31:44.019-06:00</time>
<extensions>
<gpxtpx:TrackPointExtension>
<gpxtpx:speed>6.55</gpxtpx:speed>
</gpxtpx:TrackPointExtension>
<opentracks:accuracy_horizontal>1.02</opentracks:accuracy_horizontal></extensions>
</trkpt>
<trkpt lat="50.460265" lon="-104.572144">
<ele>558</ele>
<time>2026-09-29T18:31:46.034-06:00</time>
<extensions>
<gpxtpx:TrackPointExtension>
<gpxtpx:speed>6.12</gpxtpx:speed>
</gpxtpx:TrackPointExtension>
<opentracks:accuracy_horizontal>1.02</opentracks:accuracy_horizontal></extensions>
</trkpt>
<trkpt lat="50.460156" lon="-104.572151">
<ele>558</ele>
<time>2026-09-29T18:31:48.018-06:00</time>
<extensions>
<gpxtpx:TrackPointExtension>
<gpxtpx:speed>5.6</gpxtpx:speed>
</gpxtpx:TrackPointExtension>
<opentracks:accuracy_horizontal>1.02</opentracks:accuracy_horizontal></extensions>
</trkpt>
<trkpt lat="50.460061" lon="-104.57215">
<ele>560</ele>
<time>2026-09-29T18:31:50.026-06:00</time>
<extensions>
<gpxtpx:TrackPointExtension>
<gpxtpx:speed>5.09</gpxtpx:speed>
</gpxtpx:TrackPointExtension>
<opentracks:accuracy_horizontal>4.592</opentracks:accuracy_horizontal></extensions>
</trkpt>
<trkpt lat="50.459941" lon="-104.572134">
<ele>560</ele>
<time>2026-09-29T18:31:53.031-06:00</time>
<extensions>
<gpxtpx:TrackPointExtension>
<gpxtpx:speed>4.08</gpxtpx:speed>
</gpxtpx:TrackPointExtension>
<opentracks:accuracy_horizontal>4.592</opentracks:accuracy_horizontal></extensions>
</trkpt>
<trkpt lat="50.459846" lon="-104.572135">
<ele>560</ele>
<time>2026-09-29T18:31:56.033-06:00</time>
<extensions>
<gpxtpx:TrackPointExtension>
<gpxtpx:speed>3.41</gpxtpx:speed>
</gpxtpx:TrackPointExtension>
<opentracks:accuracy_horizontal>4.592</opentracks:accuracy_horizontal></extensions>
</trkpt>
<trkpt lat="50.459726" lon="-104.572148">
<ele>559</ele>
<time>2026-09-29T18:32:00.026-06:00</time>
<extensions>
<gpxtpx:TrackPointExtension>
<gpxtpx:speed>3.37</gpxtpx:speed>
</gpxtpx:TrackPointExtension>
<opentracks:accuracy_horizontal>5.612</opentracks:accuracy_horizontal></extensions>
</trkpt>
<trkpt lat="50.459615" lon="-104.572192">
<ele>559</ele>
<time>2026-09-29T18:32:03.034-06:00</time>
<extensions>
<gpxtpx:TrackPointExtension>
<gpxtpx:speed>4.3</gpxtpx:speed>
</gpxtpx:TrackPointExtension>
<opentracks:accuracy_horizontal>5.612</opentracks:accuracy_horizontal></extensions>
</trkpt>
<trkpt lat="50.459508" lon="-104.572181">
<ele>558</ele>
<time>2026-09-29T18:32:05.032-06:00</time>
<extensions>
<gpxtpx:TrackPointExtension>
<gpxtpx:speed>6.15</gpxtpx:speed>
</gpxtpx:TrackPointExtension>
<opentracks:accuracy_horizontal>5.102</opentracks:accuracy_horizontal></extensions>
</trkpt>
<trkpt lat="50.45939" lon="-104.572173">
<ele>557</ele>
<time>2026-09-29T18:32:07.039-06:00</time>
<extensions>
<gpxtpx:TrackPointExtension>
<gpxtpx:speed>6.56</gpxtpx:speed>
</gpxtpx:TrackPointExtension>
<opentracks:accuracy_horizontal>4.082</opentracks:accuracy_horizontal></extensions>
</trkpt>
<trkpt lat="50.459271" lon="-104.572151">
<ele>556</ele>
<time>2026-09-29T18:32:09.027-06:00</time>
<extensions>
<gpxtpx:TrackPointExtension>
<gpxtpx:speed>6.54</gpxtpx:speed>
</gpxtpx:TrackPointExtension>
<opentracks:accuracy_horizontal>1.02</opentracks:accuracy_horizontal></extensions>
</trkpt>
<trkpt lat="50.459148" lon="-104.572133">
<ele>555</ele>
<time>2026-09-29T18:32:11.033-06:00</time>
<extensions>
<gpxtpx:TrackPointExtension>
<gpxtpx:speed>6.3</gpxtpx:speed>
</gpxtpx:TrackPointExtension>
<opentracks:accuracy_horizontal>1.02</opentracks:accuracy_horizontal></extensions>
</trkpt>
<trkpt lat="50.45904" lon="-104.572105">
<ele>556</ele>
<time>2026-09-29T18:32:13.016-06:00</time>
<extensions>
<gpxtpx:TrackPointExtension>
<gpxtpx:speed>5.83</gpxtpx:speed>
</gpxtpx:TrackPointExtension>
<opentracks:accuracy_horizontal>1.02</opentracks:accuracy_horizontal></extensions>
</trkpt>
<trkpt lat="50.458934" lon="-104.572105">
<ele>555</ele>
<time>2026-09-29T18:32:15.024-06:00</time>
<extensions>
<gpxtpx:TrackPointExtension>
<gpxtpx:speed>5.5</gpxtpx:speed>
</gpxtpx:TrackPointExtension>
<opentracks:accuracy_horizontal>4.592</opentracks:accuracy_horizontal></extensions>
</trkpt>
<trkpt lat="50.45884" lon="-104.572094">
<ele>556</ele>
<time>2026-09-29T18:32:17.02-06:00</time>
<extensions>
<gpxtpx:TrackPointExtension>
<gpxtpx:speed>5.18</gpxtpx:speed>
</gpxtpx:TrackPointExtension>
<opentracks:accuracy_horizontal>5.612</opentracks:accuracy_horizontal></extensions>
</trkpt>
<trkpt lat="50.458745" lon="-104.572094">
<ele>555</ele>
<time>2026-09-29T18:32:19.002-06:00</time>
<extensions>
<gpxtpx:TrackPointExtension>
<gpxtpx:speed>5.03</gpxtpx:speed>
</gpxtpx:TrackPointExtension>
<opentracks:accuracy_horizontal>5.102</opentracks:accuracy_horizontal></extensions>
</trkpt>
<trkpt lat="50.458616" lon="-104.572087">
<ele>555</ele>
<time>2026-09-29T18:32:22.027-06:00</time>
<extensions>
<gpxtpx:TrackPointExtension>
<gpxtpx:speed>4.7</gpxtpx:speed>
</gpxtpx:TrackPointExtension>
<opentracks:accuracy_horizontal>4.592</opentracks:accuracy_horizontal></extensions>
</trkpt>
<trkpt lat="50.45849" lon="-104.572096">
<ele>555</ele>
<time>2026-09-29T18:32:25.026-06:00</time>
<extensions>
<gpxtpx:TrackPointExtension>
<gpxtpx:speed>4.41</gpxtpx:speed>
</gpxtpx:TrackPointExtension>
<opentracks:accuracy_horizontal>5.102</opentracks:accuracy_horizontal></extensions>
</trkpt>
<trkpt lat="50.458389" lon="-104.572091">
<ele>554</ele>
<time>2026-09-29T18:32:28.02-06:00</time>
<extensions>
<gpxtpx:TrackPointExtension>
<gpxtpx:speed>3.18</gpxtpx:speed>
</gpxtpx:TrackPointExtension>
<opentracks:accuracy_horizontal>5.102</opentracks:accuracy_horizontal></extensions>
</trkpt>
<trkpt lat="50.458307" lon="-104.571994">
<ele>555</ele>
<time>2026-09-29T18:32:31.004-06:00</time>
<extensions>
<gpxtpx:TrackPointExtension>
<gpxtpx:speed>4.45</gpxtpx:speed>
</gpxtpx:TrackPointExtension>
<opentracks:accuracy_horizontal>7.653</opentracks:accuracy_horizontal></extensions>
</trkpt>
<trkpt lat="50.458288" lon="-104.571838">
<ele>555</ele>
<time>2026-09-29T18:32:33.016-06:00</time>
<extensions>
<gpxtpx:TrackPointExtension>
<gpxtpx:speed>4.87</gpxtpx:speed>
</gpxtpx:TrackPointExtension>
<opentracks:accuracy_horizontal>6.122</opentracks:accuracy_horizontal></extensions>
</trkpt>
<trkpt lat="50.458293" lon="-104.571617">
<ele>558</ele>
<time>2026-09-29T18:32:36.029-06:00</time>
<extensions>
<gpxtpx:TrackPointExtension>
<gpxtpx:speed>4.79</gpxtpx:speed>
</gpxtpx:TrackPointExtension>
<opentracks:accuracy_horizontal>5.102</opentracks:accuracy_horizontal></extensions>
</trkpt>
<trkpt lat="50.45829" lon="-104.571474">
<ele>558</ele>
<time>2026-09-29T18:32:39.025-06:00</time>
<extensions>
<gpxtpx:TrackPointExtension>
<gpxtpx:speed>4.18</gpxtpx:speed>
</gpxtpx:TrackPointExtension>
<opentracks:accuracy_horizontal>5.102</opentracks:accuracy_horizontal></extensions>
</trkpt>
<trkpt lat="50.458295" lon="-104.571308">
<ele>559</ele>
<time>2026-09-29T18:32:42.029-06:00</time>
<extensions>
<gpxtpx:TrackPointExtension>
<gpxtpx:speed>3.71</gpxtpx:speed>
</gpxtpx:TrackPointExtension>
<opentracks:accuracy_horizontal>4.592</opentracks:accuracy_horizontal></extensions>
</trkpt>
<trkpt lat="50.458292" lon="-104.571157">
<ele>559</ele>
<time>2026-09-29T18:32:45.034-06:00</time>
<extensions>
<gpxtpx:TrackPointExtension>
<gpxtpx:speed>3.51</gpxtpx:speed>
</gpxtpx:TrackPointExtension>
<opentracks:accuracy_horizontal>4.082</opentracks:accuracy_horizontal></extensions>
</trkpt>
<trkpt lat="50.45829" lon="-104.571012">
<ele>558</ele>
<time>2026-09-29T18:32:48.032-06:00</time>
<extensions>
<gpxtpx:TrackPointExtension>
<gpxtpx:speed>3.36</gpxtpx:speed>
</gpxtpx:TrackPointExtension>
<opentracks:accuracy_horizontal>4.082</opentracks:accuracy_horizontal></extensions>
</trkpt>
<trkpt lat="50.458273" lon="-104.57087">
<ele>558</ele>
<time>2026-09-29T18:32:51.034-06:00</time>
<extensions>
<gpxtpx:TrackPointExtension>
<gpxtpx:speed>4.4</gpxtpx:speed>
</gpxtpx:TrackPointExtension>
<opentracks:accuracy_horizontal>6.122</opentracks:accuracy_horizontal></extensions>
</trkpt>
<trkpt lat="50.458185" lon="-104.570828">
<ele>558</ele>
<time>2026-09-29T18:32:53.02-06:00</time>
<extensions>
<gpxtpx:TrackPointExtension>
<gpxtpx:speed>5.13</gpxtpx:speed>
</gpxtpx:TrackPointExtension>
<opentracks:accuracy_horizontal>5.102</opentracks:accuracy_horizontal></extensions>
</trkpt>
<trkpt lat="50.458093" lon="-104.570819">
<ele>558</ele>
<time>2026-09-29T18:32:55.02-06:00</time>
<extensions>
<gpxtpx:TrackPointExtension>
<gpxtpx:speed>5.28</gpxtpx:speed>
</gpxtpx:TrackPointExtension>
<opentracks:accuracy_horizontal>4.592</opentracks:accuracy_horizontal></extensions>
</trkpt>
<trkpt lat="50.457992" lon="-104.570801">
<ele>558</ele>
<time>2026-09-29T18:32:57.041-06:00</time>
<extensions>
<gpxtpx:TrackPointExtension>
<gpxtpx:speed>5.63</gpxtpx:speed>
</gpxtpx:TrackPointExtension>
<opentracks:accuracy_horizontal>5.102</opentracks:accuracy_horizontal></extensions>
</trkpt>
<trkpt lat="50.457879" lon="-104.570795">
<ele>558</ele>
<time>2026-09-29T18:32:59.034-06:00</time>
<extensions>
<gpxtpx:TrackPointExtension>
<gpxtpx:speed>6.49</gpxtpx:speed>
</gpxtpx:TrackPointExtension>
<opentracks:accuracy_horizontal>1.02</opentracks:accuracy_horizontal></extensions>
</trkpt>
<trkpt lat="50.45776" lon="-104.5708">
<ele>558</ele>
<time>2026-09-29T18:33:01.017-06:00</time>
<extensions>
<gpxtpx:TrackPointExtension>
<gpxtpx:speed>6.45</gpxtpx:speed>
</gpxtpx:TrackPointExtension>
<opentracks:accuracy_horizontal>1.02</opentracks:accuracy_horizontal></extensions>
</trkpt>
<trkpt lat="50.457643" lon="-104.570808">
<ele>558</ele>
<time>2026-09-29T18:33:03.024-06:00</time>
<extensions>
<gpxtpx:TrackPointExtension>
<gpxtpx:speed>6.09</gpxtpx:speed>
</gpxtpx:TrackPointExtension>
<opentracks:accuracy_horizontal>1.02</opentracks:accuracy_horizontal></extensions>
</trkpt>
<trkpt lat="50.457533" lon="-104.570809">
<ele>557</ele>
<time>2026-09-29T18:33:05.017-06:00</time>
<extensions>
<gpxtpx:TrackPointExtension>
<gpxtpx:speed>6.14</gpxtpx:speed>
</gpxtpx:TrackPointExtension>
<opentracks:accuracy_horizontal>1.02</opentracks:accuracy_horizontal></extensions>
</trkpt>
<trkpt lat="50.457434" lon="-104.570822">
<ele>556</ele>
<time>2026-09-29T18:33:07.048-06:00</time>
<extensions>
<gpxtpx:TrackPointExtension>
<gpxtpx:speed>5.57</gpxtpx:speed>
</gpxtpx:TrackPointExtension>
<opentracks:accuracy_horizontal>1.02</opentracks:accuracy_horizontal></extensions>
</trkpt>
<trkpt lat="50.457327" lon="-104.570811">
<ele>557</ele>
<time>2026-09-29T18:33:09.026-06:00</time>
<extensions>
<gpxtpx:TrackPointExtension>
<gpxtpx:speed>6.03</gpxtpx:speed>
</gpxtpx:TrackPointExtension>
<opentracks:accuracy_horizontal>1.02</opentracks:accuracy_horizontal></extensions>
</trkpt>
<trkpt lat="50.45721" lon="-104.570796">
<ele>557</ele>
<time>2026-09-29T18:33:11.015-06:00</time>
<extensions>
<gpxtpx:TrackPointExtension>
<gpxtpx:speed>6.36</gpxtpx:speed>
</gpxtpx:TrackPointExtension>
<opentracks:accuracy_horizontal>1.02</opentracks:accuracy_horizontal></extensions>
</trkpt>
<trkpt lat="50.457108" lon="-104.570793">
<ele>557</ele>
<time>2026-09-29T18:33:13.024-06:00</time>
<extensions>
<gpxtpx:TrackPointExtension>
<gpxtpx:speed>5.5</gpxtpx:speed>
</gpxtpx:TrackPointExtension>
<opentracks:accuracy_horizontal>1.02</opentracks:accuracy_horizontal></extensions>
</trkpt>
<trkpt lat="50.456978" lon="-104.570812">
<ele>556</ele>
<time>2026-09-29T18:33:16.02-06:00</time>
<extensions>
<gpxtpx:TrackPointExtension>
<gpxtpx:speed>4.83</gpxtpx:speed>
</gpxtpx:TrackPointExtension>
<opentracks:accuracy_horizontal>0.51</opentracks:accuracy_horizontal></extensions>
</trkpt>
<trkpt lat="50.456866" lon="-104.570829">
<ele>555</ele>
<time>2026-09-29T18:33:19.015-06:00</time>
<extensions>
<gpxtpx:TrackPointExtension>
<gpxtpx:speed>4.49</gpxtpx:speed>
</gpxtpx:TrackPointExtension>
<opentracks:accuracy_horizontal>1.02</opentracks:accuracy_horizontal></extensions>
</trkpt>
<trkpt lat="50.456747" lon="-104.570862">
<ele>554</ele>
<time>2026-09-29T18:33:22.023-06:00</time>
<extensions>
<gpxtpx:TrackPointExtension>
<gpxtpx:speed>4.56</gpxtpx:speed>
</gpxtpx:TrackPointExtension>
<opentracks:accuracy_horizontal>1.02</opentracks:accuracy_horizontal></extensions>
</trkpt>
<trkpt lat="50.456651" lon="-104.570844">
<ele>555</ele>
<time>2026-09-29T18:33:24.013-06:00</time>
<extensions>
<gpxtpx:TrackPointExtension>
<gpxtpx:speed>4.94</gpxtpx:speed>
</gpxtpx:TrackPointExtension>
<opentracks:accuracy_horizontal>4.082</opentracks:accuracy_horizontal></extensions>
</trkpt>
<trkpt lat="50.456547" lon="-104.570812">
<ele>555</ele>
<time>2026-09-29T18:33:26.02-06:00</time>
<extensions>
<gpxtpx:TrackPointExtension>
<gpxtpx:speed>5.54</gpxtpx:speed>
</gpxtpx:TrackPointExtension>
<opentracks:accuracy_horizontal>5.612</opentracks:accuracy_horizontal></extensions>
</trkpt>
<trkpt lat="50.456427" lon="-104.570816">
<ele>554</ele>
<time>2026-09-29T18:33:28.039-06:00</time>
<extensions>
<gpxtpx:TrackPointExtension>
<gpxtpx:speed>6.54</gpxtpx:speed>
</gpxtpx:TrackPointExtension>
<opentracks:accuracy_horizontal>5.612</opentracks:accuracy_horizontal></extensions>
</trkpt>
<trkpt lat="50.456299" lon="-104.570784">
<ele>554</ele>
<time>2026-09-29T18:33:30.022-06:00</time>
<extensions>
<gpxtpx:TrackPointExtension>
<gpxtpx:speed>7.18</gpxtpx:speed>
</gpxtpx:TrackPointExtension>
<opentracks:accuracy_horizontal>1.02</opentracks:accuracy_horizontal></extensions>
</trkpt>
<trkpt lat="50.456169" lon="-104.570798">
<ele>555</ele>
<time>2026-09-29T18:33:32.021-06:00</time>
<extensions>
<gpxtpx:TrackPointExtension>
<gpxtpx:speed>6.61</gpxtpx:speed>
</gpxtpx:TrackPointExtension>
<opentracks:accuracy_horizontal>1.02</opentracks:accuracy_horizontal></extensions>
</trkpt>
<trkpt lat="50.45605" lon="-104.570802">
<ele>555</ele>
<time>2026-09-29T18:33:34.036-06:00</time>
<extensions>
<gpxtpx:TrackPointExtension>
<gpxtpx:speed>6.45</gpxtpx:speed>
</gpxtpx:TrackPointExtension>
<opentracks:accuracy_horizontal>1.02</opentracks:accuracy_horizontal></extensions>
</trkpt>
<trkpt lat="50.455929" lon="-104.570801">
<ele>555</ele>
<time>2026-09-29T18:33:36.025-06:00</time>
<extensions>
<gpxtpx:TrackPointExtension>
<gpxtpx:speed>6.04</gpxtpx:speed>
</gpxtpx:TrackPointExtension>
<opentracks:accuracy_horizontal>1.02</opentracks:accuracy_horizontal></extensions>
</trkpt>
<trkpt lat="50.455827" lon="-104.570808">
<ele>556</ele>
<time>2026-09-29T18:33:38.032-06:00</time>
<extensions>
<gpxtpx:TrackPointExtension>
<gpxtpx:speed>5.61</gpxtpx:speed>
</gpxtpx:TrackPointExtension>
<opentracks:accuracy_horizontal>6.122</opentracks:accuracy_horizontal></extensions>
</trkpt>
<trkpt lat="50.45573" lon="-104.570827">
<ele>556</ele>
<time>2026-09-29T18:33:40.019-06:00</time>
<extensions>
<gpxtpx:TrackPointExtension>
<gpxtpx:speed>5.42</gpxtpx:speed>
</gpxtpx:TrackPointExtension>
<opentracks:accuracy_horizontal>4.592</opentracks:accuracy_horizontal></extensions>
</trkpt>
<trkpt lat="50.455633" lon="-104.570814">
<ele>556</ele>
<time>2026-09-29T18:33:42.019-06:00</time>
<extensions>
<gpxtpx:TrackPointExtension>
<gpxtpx:speed>5.04</gpxtpx:speed>
</gpxtpx:TrackPointExtension>
<opentracks:accuracy_horizontal>5.102</opentracks:accuracy_horizontal></extensions>
</trkpt>
<trkpt lat="50.455506" lon="-104.570799">
<ele>556</ele>
<time>2026-09-29T18:33:45.026-06:00</time>
<extensions>
<gpxtpx:TrackPointExtension>
<gpxtpx:speed>4.83</gpxtpx:speed>
</gpxtpx:TrackPointExtension>
<opentracks:accuracy_horizontal>4.592</opentracks:accuracy_horizontal></extensions>
</trkpt>
<trkpt lat="50.455395" lon="-104.570806">
<ele>554</ele>
<time>2026-09-29T18:33:48.01-06:00</time>
<extensions>
<gpxtpx:TrackPointExtension>
<gpxtpx:speed>4.08</gpxtpx:speed>
</gpxtpx:TrackPointExtension>
<opentracks:accuracy_horizontal>1.02</opentracks:accuracy_horizontal></extensions>
</trkpt>
<trkpt lat="50.4553" lon="-104.570812">
<ele>554</ele>
<time>2026-09-29T18:33:51.019-06:00</time>
<extensions>
<gpxtpx:TrackPointExtension>
<gpxtpx:speed>2.82</gpxtpx:speed>
</gpxtpx:TrackPointExtension>
<opentracks:accuracy_horizontal>1.02</opentracks:accuracy_horizontal></extensions>
</trkpt>
<trkpt lat="50.45524" lon="-104.57069">
<ele>553</ele>
<time>2026-09-29T18:33:55.025-06:00</time>
<extensions>
<gpxtpx:TrackPointExtension>
<gpxtpx:speed>2.78</gpxtpx:speed>
</gpxtpx:TrackPointExtension>
<opentracks:accuracy_horizontal>5.102</opentracks:accuracy_horizontal></extensions>
</trkpt>
<trkpt lat="50.455239" lon="-104.570526">
<ele>553</ele>
<time>2026-09-29T18:33:58.023-06:00</time>
<extensions>
<gpxtpx:TrackPointExtension>
<gpxtpx:speed>4.37</gpxtpx:speed>
</gpxtpx:TrackPointExtension>
<opentracks:accuracy_horizontal>4.592</opentracks:accuracy_horizontal></extensions>
</trkpt>
<trkpt lat="50.45523" lon="-104.570326">
<ele>555</ele>
<time>2026-09-29T18:34:01.034-06:00</time>
<extensions>
<gpxtpx:TrackPointExtension>
<gpxtpx:speed>5.32</gpxtpx:speed>
</gpxtpx:TrackPointExtension>
<opentracks:accuracy_horizontal>4.082</opentracks:accuracy_horizontal></extensions>
</trkpt>
<trkpt lat="50.455216" lon="-104.570178">
<ele>556</ele>
<time>2026-09-29T18:34:03.018-06:00</time>
<extensions>
<gpxtpx:TrackPointExtension>
<gpxtpx:speed>5.04</gpxtpx:speed>
</gpxtpx:TrackPointExtension>
<opentracks:accuracy_horizontal>1.02</opentracks:accuracy_horizontal></extensions>
</trkpt>
<trkpt lat="50.455166" lon="-104.570029">
<ele>557</ele>
<time>2026-09-29T18:34:05.024-06:00</time>
<extensions>
<gpxtpx:TrackPointExtension>
<gpxtpx:speed>6.71</gpxtpx:speed>
</gpxtpx:TrackPointExtension>
<opentracks:accuracy_horizontal>1.02</opentracks:accuracy_horizontal></extensions>
</trkpt>
<trkpt lat="50.455131" lon="-104.569823">
<ele>557</ele>
<time>2026-09-29T18:34:07.015-06:00</time>
<extensions>
<gpxtpx:TrackPointExtension>
<gpxtpx:speed>7.69</gpxtpx:speed>
</gpxtpx:TrackPointExtension>
<opentracks:accuracy_horizontal>0.51</opentracks:accuracy_horizontal></extensions>
</trkpt>
<trkpt lat="50.455126" lon="-104.569602">
<ele>557</ele>
<time>2026-09-29T18:34:09.01-06:00</time>
<extensions>
<gpxtpx:TrackPointExtension>
<gpxtpx:speed>8.08</gpxtpx:speed>
</gpxtpx:TrackPointExtension>
<opentracks:accuracy_horizontal>1.02</opentracks:accuracy_horizontal></extensions>
</trkpt>
<trkpt lat="50.455122" lon="-104.569384">
<ele>557</ele>
<time>2026-09-29T18:34:11.03-06:00</time>
<extensions>
<gpxtpx:TrackPointExtension>
<gpxtpx:speed>7.46</gpxtpx:speed>
</gpxtpx:TrackPointExtension>
<opentracks:accuracy_horizontal>1.02</opentracks:accuracy_horizontal></extensions>
</trkpt>
<trkpt lat="50.455122" lon="-104.569169">
<ele>557</ele>
<time>2026-09-29T18:34:13.02-06:00</time>
<extensions>
<gpxtpx:TrackPointExtension>
<gpxtpx:speed>7.61</gpxtpx:speed>
</gpxtpx:TrackPointExtension>
<opentracks:accuracy_horizontal>1.02</opentracks:accuracy_horizontal></extensions>
</trkpt>
<trkpt lat="50.455123" lon="-104.568945">
<ele>557</ele>
<time>2026-09-29T18:34:15.017-06:00</time>
<extensions>
<gpxtpx:TrackPointExtension>
<gpxtpx:speed>8</gpxtpx:speed>
</gpxtpx:TrackPointExtension>
<opentracks:accuracy_horizontal>1.02</opentracks:accuracy_horizontal></extensions>
</trkpt>
<trkpt lat="50.45512" lon="-104.568713">
<ele>557</ele>
<time>2026-09-29T18:34:17.028-06:00</time>
<extensions>
<gpxtpx:TrackPointExtension>
<gpxtpx:speed>8.1</gpxtpx:speed>
</gpxtpx:TrackPointExtension>
<opentracks:accuracy_horizontal>1.02</opentracks:accuracy_horizontal></extensions>
</trkpt>
<trkpt lat="50.455132" lon="-104.568482">
<ele>556</ele>
<time>2026-09-29T18:34:19.019-06:00</time>
<extensions>
<gpxtpx:TrackPointExtension>
<gpxtpx:speed>8.16</gpxtpx:speed>
</gpxtpx:TrackPointExtension>
<opentracks:accuracy_horizontal>1.02</opentracks:accuracy_horizontal></extensions>
</trkpt>
<trkpt lat="50.455133" lon="-104.568239">
<ele>557</ele>
<time>2026-09-29T18:34:21.027-06:00</time>
<extensions>
<gpxtpx:TrackPointExtension>
<gpxtpx:speed>8.45</gpxtpx:speed>
</gpxtpx:TrackPointExtension>
<opentracks:accuracy_horizontal>1.02</opentracks:accuracy_horizontal></extensions>
</trkpt>
<trkpt lat="50.455128" lon="-104.568005">
<ele>558</ele>
<time>2026-09-29T18:34:23.025-06:00</time>
<extensions>
<gpxtpx:TrackPointExtension>
<gpxtpx:speed>8.11</gpxtpx:speed>
</gpxtpx:TrackPointExtension>
<opentracks:accuracy_horizontal>1.02</opentracks:accuracy_horizontal></extensions>
</trkpt>
<trkpt lat="50.455119" lon="-104.56778">
<ele>558</ele>
<time>2026-09-29T18:34:25.026-06:00</time>
<extensions>
<gpxtpx:TrackPointExtension>
<gpxtpx:speed>8.28</gpxtpx:speed>
</gpxtpx:TrackPointExtension>
<opentracks:accuracy_horizontal>1.02</opentracks:accuracy_horizontal></extensions>
</trkpt>
<trkpt lat="50.455113" lon="-104.567553">
<ele>558</ele>
<time>2026-09-29T18:34:27.037-06:00</time>
<extensions>
<gpxtpx:TrackPointExtension>
<gpxtpx:speed>7.98</gpxtpx:speed>
</gpxtpx:TrackPointExtension>
<opentracks:accuracy_horizontal>0.51</opentracks:accuracy_horizontal></extensions>
</trkpt>
<trkpt lat="50.455118" lon="-104.567321">
<ele>559</ele>
<time>2026-09-29T18:34:29.031-06:00</time>
<extensions>
<gpxtpx:TrackPointExtension>
<gpxtpx:speed>7.97</gpxtpx:speed>
</gpxtpx:TrackPointExtension>
<opentracks:accuracy_horizontal>1.02</opentracks:accuracy_horizontal></extensions>
</trkpt>
<trkpt lat="50.455118" lon="-104.567105">
<ele>560</ele>
<time>2026-09-29T18:34:31.038-06:00</time>
<extensions>
<gpxtpx:TrackPointExtension>
<gpxtpx:speed>7.85</gpxtpx:speed>
</gpxtpx:TrackPointExtension>
<opentracks:accuracy_horizontal>1.02</opentracks:accuracy_horizontal></extensions>
</trkpt>
<trkpt lat="50.455121" lon="-104.566894">
<ele>560</ele>
<time>2026-09-29T18:34:33.029-06:00</time>
<extensions>
<gpxtpx:TrackPointExtension>
<gpxtpx:speed>7.61</gpxtpx:speed>
</gpxtpx:TrackPointExtension>
<opentracks:accuracy_horizontal>1.02</opentracks:accuracy_horizontal></extensions>
</trkpt>
<trkpt lat="50.455124" lon="-104.566676">
<ele>561</ele>
<time>2026-09-29T18:34:35.029-06:00</time>
<extensions>
<gpxtpx:TrackPointExtension>
<gpxtpx:speed>7.19</gpxtpx:speed>
</gpxtpx:TrackPointExtension>
<opentracks:accuracy_horizontal>1.02</opentracks:accuracy_horizontal></extensions>
</trkpt>
<trkpt lat="50.455119" lon="-104.566482">
<ele>561</ele>
<time>2026-09-29T18:34:37.045-06:00</time>
<extensions>
<gpxtpx:TrackPointExtension>
<gpxtpx:speed>6.89</gpxtpx:speed>
</gpxtpx:TrackPointExtension>
<opentracks:accuracy_horizontal>3.571</opentracks:accuracy_horizontal></extensions>
</trkpt>
<trkpt lat="50.455124" lon="-104.566279">
<ele>560</ele>
<time>2026-09-29T18:34:39.017-06:00</time>
<extensions>
<gpxtpx:TrackPointExtension>
<gpxtpx:speed>7.37</gpxtpx:speed>
</gpxtpx:TrackPointExtension>
<opentracks:accuracy_horizontal>1.02</opentracks:accuracy_horizontal></extensions>
</trkpt>
<trkpt lat="50.45512" lon="-104.566056">
<ele>560</ele>
<time>2026-09-29T18:34:41.029-06:00</time>
<extensions>
<gpxtpx:TrackPointExtension>
<gpxtpx:speed>7.81</gpxtpx:speed>
</gpxtpx:TrackPointExtension>
<opentracks:accuracy_horizontal>0.51</opentracks:accuracy_horizontal></extensions>
</trkpt>
<trkpt lat="50.455118" lon="-104.565829">
<ele>560</ele>
<time>2026-09-29T18:34:43.032-06:00</time>
<extensions>
<gpxtpx:TrackPointExtension>
<gpxtpx:speed>8.08</gpxtpx:speed>
</gpxtpx:TrackPointExtension>
<opentracks:accuracy_horizontal>0.51</opentracks:accuracy_horizontal></extensions>
</trkpt>
<trkpt lat="50.455123" lon="-104.565594">
<ele>560</ele>
<time>2026-09-29T18:34:45.039-06:00</time>
<extensions>
<gpxtpx:TrackPointExtension>
<gpxtpx:speed>8.05</gpxtpx:speed>
</gpxtpx:TrackPointExtension>
<opentracks:accuracy_horizontal>1.02</opentracks:accuracy_horizontal></extensions>
</trkpt>
<trkpt lat="50.455119" lon="-104.56537">
<ele>560</ele>
<time>2026-09-29T18:34:47.032-06:00</time>
<extensions>
<gpxtpx:TrackPointExtension>
<gpxtpx:speed>8.13</gpxtpx:speed>
</gpxtpx:TrackPointExtension>
<opentracks:accuracy_horizontal>1.02</opentracks:accuracy_horizontal></extensions>
</trkpt>
<trkpt lat="50.455116" lon="-104.565131">
<ele>560</ele>
<time>2026-09-29T18:34:49.026-06:00</time>
<extensions>
<gpxtpx:TrackPointExtension>
<gpxtpx:speed>8.35</gpxtpx:speed>
</gpxtpx:TrackPointExtension>
<opentracks:accuracy_horizontal>1.02</opentracks:accuracy_horizontal></extensions>
</trkpt>
<trkpt lat="50.455112" lon="-104.564905">
<ele>560</ele>
<time>2026-09-29T18:34:51.033-06:00</time>
<extensions>
<gpxtpx:TrackPointExtension>
<gpxtpx:speed>8.05</gpxtpx:speed>
</gpxtpx:TrackPointExtension>
<opentracks:accuracy_horizontal>1.02</opentracks:accuracy_horizontal></extensions>
</trkpt>
<trkpt lat="50.455107" lon="-104.564691">
<ele>560</ele>
<time>2026-09-29T18:34:53.032-06:00</time>
<extensions>
<gpxtpx:TrackPointExtension>
<gpxtpx:speed>7.77</gpxtpx:speed>
</gpxtpx:TrackPointExtension>
<opentracks:accuracy_horizontal>1.02</opentracks:accuracy_horizontal></extensions>
</trkpt>
<trkpt lat="50.4551" lon="-104.564472">
<ele>559</ele>
<time>2026-09-29T18:34:55.037-06:00</time>
<extensions>
<gpxtpx:TrackPointExtension>
<gpxtpx:speed>7.86</gpxtpx:speed>
</gpxtpx:TrackPointExtension>
<opentracks:accuracy_horizontal>1.02</opentracks:accuracy_horizontal></extensions>
</trkpt>
<trkpt lat="50.455104" lon="-104.564242">
<ele>559</ele>
<time>2026-09-29T18:34:57.022-06:00</time>
<extensions>
<gpxtpx:TrackPointExtension>
<gpxtpx:speed>8.44</gpxtpx:speed>
</gpxtpx:TrackPointExtension>
<opentracks:accuracy_horizontal>1.02</opentracks:accuracy_horizontal></extensions>
</trkpt>
<trkpt lat="50.455102" lon="-104.563987">
<ele>559</ele>
<time>2026-09-29T18:34:59.033-06:00</time>
<extensions>
<gpxtpx:TrackPointExtension>
<gpxtpx:speed>9.22</gpxtpx:speed>
</gpxtpx:TrackPointExtension>
<opentracks:accuracy_horizontal>1.02</opentracks:accuracy_horizontal></extensions>
</trkpt>
<trkpt lat="50.4551" lon="-104.563735">
<ele>559</ele>
<time>2026-09-29T18:35:01.027-06:00</time>
<extensions>
<gpxtpx:TrackPointExtension>
<gpxtpx:speed>9.58</gpxtpx:speed>
</gpxtpx:TrackPointExtension>
<opentracks:accuracy_horizontal>1.02</opentracks:accuracy_horizontal></extensions>
</trkpt>
<trkpt lat="50.455104" lon="-104.563492">
<ele>559</ele>
<time>2026-09-29T18:35:03.024-06:00</time>
<extensions>
<gpxtpx:TrackPointExtension>
<gpxtpx:speed>8</gpxtpx:speed>
</gpxtpx:TrackPointExtension>
<opentracks:accuracy_horizontal>1.02</opentracks:accuracy_horizontal></extensions>
</trkpt>
<trkpt lat="50.455096" lon="-104.563234">
<ele>559</ele>
<time>2026-09-29T18:35:05.027-06:00</time>
<extensions>
<gpxtpx:TrackPointExtension>
<gpxtpx:speed>9.05</gpxtpx:speed>
</gpxtpx:TrackPointExtension>
<opentracks:accuracy_horizontal>1.02</opentracks:accuracy_horizontal></extensions>
</trkpt>
<trkpt lat="50.455101" lon="-104.56297">
<ele>559</ele>
<time>2026-09-29T18:35:07.021-06:00</time>
<extensions>
<gpxtpx:TrackPointExtension>
<gpxtpx:speed>9</gpxtpx:speed>
</gpxtpx:TrackPointExtension>
<opentracks:accuracy_horizontal>1.02</opentracks:accuracy_horizontal></extensions>
</trkpt>
<trkpt lat="50.455104" lon="-104.562719">
<ele>560</ele>
<time>2026-09-29T18:35:09.021-06:00</time>
<extensions>
<gpxtpx:TrackPointExtension>
<gpxtpx:speed>8.23</gpxtpx:speed>
</gpxtpx:TrackPointExtension>
<opentracks:accuracy_horizontal>1.02</opentracks:accuracy_horizontal></extensions>
</trkpt>
<trkpt lat="50.455102" lon="-104.562479">
<ele>560</ele>
<time>2026-09-29T18:35:11.025-06:00</time>
<extensions>
<gpxtpx:TrackPointExtension>
<gpxtpx:speed>8.14</gpxtpx:speed>
</gpxtpx:TrackPointExtension>
<opentracks:accuracy_horizontal>0.51</opentracks:accuracy_horizontal></extensions>
</trkpt>
<trkpt lat="50.45511" lon="-104.562256">
<ele>559</ele>
<time>2026-09-29T18:35:13.042-06:00</time>
<extensions>
<gpxtpx:TrackPointExtension>
<gpxtpx:speed>7.68</gpxtpx:speed>
</gpxtpx:TrackPointExtension>
<opentracks:accuracy_horizontal>1.02</opentracks:accuracy_horizontal></extensions>
</trkpt>
<trkpt lat="50.455116" lon="-104.562048">
<ele>560</ele>
<time>2026-09-29T18:35:15.03-06:00</time>
<extensions>
<gpxtpx:TrackPointExtension>
<gpxtpx:speed>7.24</gpxtpx:speed>
</gpxtpx:TrackPointExtension>
<opentracks:accuracy_horizontal>1.02</opentracks:accuracy_horizontal></extensions>
</trkpt>
<trkpt lat="50.455115" lon="-104.561833">
<ele>560</ele>
<time>2026-09-29T18:35:17.031-06:00</time>
<extensions>
<gpxtpx:TrackPointExtension>
<gpxtpx:speed>7.56</gpxtpx:speed>
</gpxtpx:TrackPointExtension>
<opentracks:accuracy_horizontal>0.51</opentracks:accuracy_horizontal></extensions>
</trkpt>
<trkpt lat="50.45511" lon="-104.561623">
<ele>561</ele>
<time>2026-09-29T18:35:19.022-06:00</time>
<extensions>
<gpxtpx:TrackPointExtension>
<gpxtpx:speed>7.66</gpxtpx:speed>
</gpxtpx:TrackPointExtension>
<opentracks:accuracy_horizontal>1.02</opentracks:accuracy_horizontal></extensions>
</trkpt>
<trkpt lat="50.455114" lon="-104.561396">
<ele>561</ele>
<time>2026-09-29T18:35:21.039-06:00</time>
<extensions>
<gpxtpx:TrackPointExtension>
<gpxtpx:speed>7.71</gpxtpx:speed>
</gpxtpx:TrackPointExtension>
<opentracks:accuracy_horizontal>1.02</opentracks:accuracy_horizontal></extensions>
</trkpt>
<trkpt lat="50.455109" lon="-104.561179">
<ele>561</ele>
<time>2026-09-29T18:35:23.048-06:00</time>
<extensions>
<gpxtpx:TrackPointExtension>
<gpxtpx:speed>7.63</gpxtpx:speed>
</gpxtpx:TrackPointExtension>
<opentracks:accuracy_horizontal>0.51</opentracks:accuracy_horizontal></extensions>
</trkpt>
<trkpt lat="50.455115" lon="-104.560974">
<ele>559</ele>
<time>2026-09-29T18:35:25.032-06:00</time>
<extensions>
<gpxtpx:TrackPointExtension>
<gpxtpx:speed>7.08</gpxtpx:speed>
</gpxtpx:TrackPointExtension>
<opentracks:accuracy_horizontal>1.02</opentracks:accuracy_horizontal></extensions>
</trkpt>
<trkpt lat="50.455121" lon="-104.560787">
<ele>559</ele>
<time>2026-09-29T18:35:27.011-06:00</time>
<extensions>
<gpxtpx:TrackPointExtension>
<gpxtpx:speed>6.71</gpxtpx:speed>
</gpxtpx:TrackPointExtension>
<opentracks:accuracy_horizontal>1.02</opentracks:accuracy_horizontal></extensions>
</trkpt>
<trkpt lat="50.455121" lon="-104.560597">
<ele>559</ele>
<time>2026-09-29T18:35:29.038-06:00</time>
<extensions>
<gpxtpx:TrackPointExtension>
<gpxtpx:speed>7.33</gpxtpx:speed>
</gpxtpx:TrackPointExtension>
<opentracks:accuracy_horizontal>1.02</opentracks:accuracy_horizontal></extensions>
</trkpt>
<trkpt lat="50.45512" lon="-104.560384">
<ele>560</ele>
<time>2026-09-29T18:35:31.038-06:00</time>
<extensions>
<gpxtpx:TrackPointExtension>
<gpxtpx:speed>7.63</gpxtpx:speed>
</gpxtpx:TrackPointExtension>
<opentracks:accuracy_horizontal>1.02</opentracks:accuracy_horizontal></extensions>
</trkpt>
<trkpt lat="50.45511" lon="-104.560176">
<ele>560</ele>
<time>2026-09-29T18:35:33.029-06:00</time>
<extensions>
<gpxtpx:TrackPointExtension>
<gpxtpx:speed>7.52</gpxtpx:speed>
</gpxtpx:TrackPointExtension>
<opentracks:accuracy_horizontal>1.02</opentracks:accuracy_horizontal></extensions>
</trkpt>
<trkpt lat="50.455111" lon="-104.559953">
<ele>560</ele>
<time>2026-09-29T18:35:35.026-06:00</time>
<extensions>
<gpxtpx:TrackPointExtension>
<gpxtpx:speed>7.22</gpxtpx:speed>
</gpxtpx:TrackPointExtension>
<opentracks:accuracy_horizontal>1.02</opentracks:accuracy_horizontal></extensions>
</trkpt>
<trkpt lat="50.455117" lon="-104.559745">
<ele>561</ele>
<time>2026-09-29T18:35:37.033-06:00</time>
<extensions>
<gpxtpx:TrackPointExtension>
<gpxtpx:speed>7.28</gpxtpx:speed>
</gpxtpx:TrackPointExtension>
<opentracks:accuracy_horizontal>1.02</opentracks:accuracy_horizontal></extensions>
</trkpt>
<trkpt lat="50.45512" lon="-104.55954">
<ele>560</ele>
<time>2026-09-29T18:35:39.037-06:00</time>
<extensions>
<gpxtpx:TrackPointExtension>
<gpxtpx:speed>7.08</gpxtpx:speed>
</gpxtpx:TrackPointExtension>
<opentracks:accuracy_horizontal>0.51</opentracks:accuracy_horizontal></extensions>
</trkpt>
<trkpt lat="50.455118" lon="-104.559354">
<ele>561</ele>
<time>2026-09-29T18:35:41.031-06:00</time>
<extensions>
<gpxtpx:TrackPointExtension>
<gpxtpx:speed>6.82</gpxtpx:speed>
</gpxtpx:TrackPointExtension>
<opentracks:accuracy_horizontal>1.02</opentracks:accuracy_horizontal></extensions>
</trkpt>
<trkpt lat="50.455121" lon="-104.559161">
<ele>562</ele>
<time>2026-09-29T18:35:43.022-06:00</time>
<extensions>
<gpxtpx:TrackPointExtension>
<gpxtpx:speed>6.78</gpxtpx:speed>
</gpxtpx:TrackPointExtension>
<opentracks:accuracy_horizontal>0.51</opentracks:accuracy_horizontal></extensions>
</trkpt>
<trkpt lat="50.455117" lon="-104.558972">
<ele>562</ele>
<time>2026-09-29T18:35:45.018-06:00</time>
<extensions>
<gpxtpx:TrackPointExtension>
<gpxtpx:speed>6.41</gpxtpx:speed>
</gpxtpx:TrackPointExtension>
<opentracks:accuracy_horizontal>1.02</opentracks:accuracy_horizontal></extensions>
</trkpt>
<trkpt lat="50.455112" lon="-104.558792">
<ele>562</ele>
<time>2026-09-29T18:35:47.019-06:00</time>
<extensions>
<gpxtpx:TrackPointExtension>
<gpxtpx:speed>6.34</gpxtpx:speed>
</gpxtpx:TrackPointExtension>
<opentracks:accuracy_horizontal>1.02</opentracks:accuracy_horizontal></extensions>
</trkpt>
<trkpt lat="50.455102" lon="-104.558626">
<ele>562</ele>
<time>2026-09-29T18:35:49.013-06:00</time>
<extensions>
<gpxtpx:TrackPointExtension>
<gpxtpx:speed>6.13</gpxtpx:speed>
</gpxtpx:TrackPointExtension>
<opentracks:accuracy_horizontal>1.02</opentracks:accuracy_horizontal></extensions>
</trkpt>
<trkpt lat="50.455103" lon="-104.558454">
<ele>562</ele>
<time>2026-09-29T18:35:51.012-06:00</time>
<extensions>
<gpxtpx:TrackPointExtension>
<gpxtpx:speed>6.03</gpxtpx:speed>
</gpxtpx:TrackPointExtension>
<opentracks:accuracy_horizontal>5.612</opentracks:accuracy_horizontal></extensions>
</trkpt>
<trkpt lat="50.45511" lon="-104.558303">
<ele>561</ele>
<time>2026-09-29T18:35:53.025-06:00</time>
<extensions>
<gpxtpx:TrackPointExtension>
<gpxtpx:speed>5.95</gpxtpx:speed>
</gpxtpx:TrackPointExtension>
<opentracks:accuracy_horizontal>5.102</opentracks:accuracy_horizontal></extensions>
</trkpt>
<trkpt lat="50.45511" lon="-104.558141">
<ele>560</ele>
<time>2026-09-29T18:35:55.032-06:00</time>
<extensions>
<gpxtpx:TrackPointExtension>
<gpxtpx:speed>5.74</gpxtpx:speed>
</gpxtpx:TrackPointExtension>
<opentracks:accuracy_horizontal>3.571</opentracks:accuracy_horizontal></extensions>
</trkpt>
<trkpt lat="50.455133" lon="-104.557987">
<ele>560</ele>
<time>2026-09-29T18:35:57.035-06:00</time>
<extensions>
<gpxtpx:TrackPointExtension>
<gpxtpx:speed>5.44</gpxtpx:speed>
</gpxtpx:TrackPointExtension>
<opentracks:accuracy_horizontal>3.571</opentracks:accuracy_horizontal></extensions>
</trkpt>
<trkpt lat="50.455198" lon="-104.557878">
<ele>560</ele>
<time>2026-09-29T18:35:59.025-06:00</time>
<extensions>
<gpxtpx:TrackPointExtension>
<gpxtpx:speed>5.29</gpxtpx:speed>
</gpxtpx:TrackPointExtension>
<opentracks:accuracy_horizontal>4.082</opentracks:accuracy_horizontal></extensions>
</trkpt>
<trkpt lat="50.455295" lon="-104.557849">
<ele>559</ele>
<time>2026-09-29T18:36:01.029-06:00</time>
<extensions>
<gpxtpx:TrackPointExtension>
<gpxtpx:speed>5.78</gpxtpx:speed>
</gpxtpx:TrackPointExtension>
<opentracks:accuracy_horizontal>4.082</opentracks:accuracy_horizontal></extensions>
</trkpt>
<trkpt lat="50.45542" lon="-104.557844">
<ele>558</ele>
<time>2026-09-29T18:36:03.032-06:00</time>
<extensions>
<gpxtpx:TrackPointExtension>
<gpxtpx:speed>6.88</gpxtpx:speed>
</gpxtpx:TrackPointExtension>
<opentracks:accuracy_horizontal>4.592</opentracks:accuracy_horizontal></extensions>
</trkpt>
<trkpt lat="50.455549" lon="-104.557832">
<ele>557</ele>
<time>2026-09-29T18:36:05.027-06:00</time>
<extensions>
<gpxtpx:TrackPointExtension>
<gpxtpx:speed>7.18</gpxtpx:speed>
</gpxtpx:TrackPointExtension>
<opentracks:accuracy_horizontal>1.02</opentracks:accuracy_horizontal></extensions>
</trkpt>
<trkpt lat="50.455685" lon="-104.557825">
<ele>556</ele>
<time>2026-09-29T18:36:07.023-06:00</time>
<extensions>
<gpxtpx:TrackPointExtension>
<gpxtpx:speed>7.64</gpxtpx:speed>
</gpxtpx:TrackPointExtension>
<opentracks:accuracy_horizontal>1.02</opentracks:accuracy_horizontal></extensions>
</trkpt>
<trkpt lat="50.455823" lon="-104.557848">
<ele>556</ele>
<time>2026-09-29T18:36:09.031-06:00</time>
<extensions>
<gpxtpx:TrackPointExtension>
<gpxtpx:speed>8.1</gpxtpx:speed>
</gpxtpx:TrackPointExtension>
<opentracks:accuracy_horizontal>1.02</opentracks:accuracy_horizontal></extensions>
</trkpt>
<trkpt lat="50.455958" lon="-104.557907">
<ele>556</ele>
<time>2026-09-29T18:36:11.034-06:00</time>
<extensions>
<gpxtpx:TrackPointExtension>
<gpxtpx:speed>7.64</gpxtpx:speed>
</gpxtpx:TrackPointExtension>
<opentracks:accuracy_horizontal>0.51</opentracks:accuracy_horizontal></extensions>
</trkpt>
<trkpt lat="50.456089" lon="-104.557972">
<ele>555</ele>
<time>2026-09-29T18:36:13.037-06:00</time>
<extensions>
<gpxtpx:TrackPointExtension>
<gpxtpx:speed>7.33</gpxtpx:speed>
</gpxtpx:TrackPointExtension>
<opentracks:accuracy_horizontal>1.02</opentracks:accuracy_horizontal></extensions>
</trkpt>
<trkpt lat="50.456211" lon="-104.558048">
<ele>555</ele>
<time>2026-09-29T18:36:15.032-06:00</time>
<extensions>
<gpxtpx:TrackPointExtension>
<gpxtpx:speed>6.49</gpxtpx:speed>
</gpxtpx:TrackPointExtension>
<opentracks:accuracy_horizontal>1.02</opentracks:accuracy_horizontal></extensions>
</trkpt>
<trkpt lat="50.456322" lon="-104.55808">
<ele>554</ele>
<time>2026-09-29T18:36:17.034-06:00</time>
<extensions>
<gpxtpx:TrackPointExtension>
<gpxtpx:speed>6.16</gpxtpx:speed>
</gpxtpx:TrackPointExtension>
<opentracks:accuracy_horizontal>1.02</opentracks:accuracy_horizontal></extensions>
</trkpt>
<trkpt lat="50.456427" lon="-104.558105">
<ele>554</ele>
<time>2026-09-29T18:36:19.03-06:00</time>
<extensions>
<gpxtpx:TrackPointExtension>
<gpxtpx:speed>6.27</gpxtpx:speed>
</gpxtpx:TrackPointExtension>
<opentracks:accuracy_horizontal>4.082</opentracks:accuracy_horizontal></extensions>
</trkpt>
<trkpt lat="50.456539" lon="-104.558138">
<ele>554</ele>
<time>2026-09-29T18:36:21.04-06:00</time>
<extensions>
<gpxtpx:TrackPointExtension>
<gpxtpx:speed>6.2</gpxtpx:speed>
</gpxtpx:TrackPointExtension>
<opentracks:accuracy_horizontal>4.082</opentracks:accuracy_horizontal></extensions>
</trkpt>
<trkpt lat="50.456655" lon="-104.558157">
<ele>554</ele>
<time>2026-09-29T18:36:23.019-06:00</time>
<extensions>
<gpxtpx:TrackPointExtension>
<gpxtpx:speed>6.65</gpxtpx:speed>
</gpxtpx:TrackPointExtension>
<opentracks:accuracy_horizontal>4.592</opentracks:accuracy_horizontal></extensions>
</trkpt>
<trkpt lat="50.456784" lon="-104.558177">
<ele>555</ele>
<time>2026-09-29T18:36:25.031-06:00</time>
<extensions>
<gpxtpx:TrackPointExtension>
<gpxtpx:speed>7.12</gpxtpx:speed>
</gpxtpx:TrackPointExtension>
<opentracks:accuracy_horizontal>1.02</opentracks:accuracy_horizontal></extensions>
</trkpt>
<trkpt lat="50.456919" lon="-104.558176">
<ele>555</ele>
<time>2026-09-29T18:36:27.037-06:00</time>
<extensions>
<gpxtpx:TrackPointExtension>
<gpxtpx:speed>7.23</gpxtpx:speed>
</gpxtpx:TrackPointExtension>
<opentracks:accuracy_horizontal>1.02</opentracks:accuracy_horizontal></extensions>
</trkpt>
<trkpt lat="50.457056" lon="-104.558176">
<ele>556</ele>
<time>2026-09-29T18:36:29.028-06:00</time>
<extensions>
<gpxtpx:TrackPointExtension>
<gpxtpx:speed>6.57</gpxtpx:speed>
</gpxtpx:TrackPointExtension>
<opentracks:accuracy_horizontal>1.02</opentracks:accuracy_horizontal></extensions>
</trkpt>
<trkpt lat="50.457174" lon="-104.558165">
<ele>557</ele>
<time>2026-09-29T18:36:31.022-06:00</time>
<extensions>
<gpxtpx:TrackPointExtension>
<gpxtpx:speed>5.77</gpxtpx:speed>
</gpxtpx:TrackPointExtension>
<opentracks:accuracy_horizontal>4.082</opentracks:accuracy_horizontal></extensions>
</trkpt>
<trkpt lat="50.45728" lon="-104.558165">
<ele>557</ele>
<time>2026-09-29T18:36:33.025-06:00</time>
<extensions>
<gpxtpx:TrackPointExtension>
<gpxtpx:speed>6.66</gpxtpx:speed>
</gpxtpx:TrackPointExtension>
<opentracks:accuracy_horizontal>5.102</opentracks:accuracy_horizontal></extensions>
</trkpt>
<trkpt lat="50.457391" lon="-104.558157">
<ele>556</ele>
<time>2026-09-29T18:36:35.013-06:00</time>
<extensions>
<gpxtpx:TrackPointExtension>
<gpxtpx:speed>7.18</gpxtpx:speed>
</gpxtpx:TrackPointExtension>
<opentracks:accuracy_horizontal>1.02</opentracks:accuracy_horizontal></extensions>
</trkpt>
<trkpt lat="50.457537" lon="-104.558168">
<ele>556</ele>
<time>2026-09-29T18:36:37.019-06:00</time>
<extensions>
<gpxtpx:TrackPointExtension>
<gpxtpx:speed>6.79</gpxtpx:speed>
</gpxtpx:TrackPointExtension>
<opentracks:accuracy_horizontal>0.51</opentracks:accuracy_horizontal></extensions>
</trkpt>
<trkpt lat="50.457671" lon="-104.558161">
<ele>555</ele>
<time>2026-09-29T18:36:39.036-06:00</time>
<extensions>
<gpxtpx:TrackPointExtension>
<gpxtpx:speed>6.67</gpxtpx:speed>
</gpxtpx:TrackPointExtension>
<opentracks:accuracy_horizontal>1.02</opentracks:accuracy_horizontal></extensions>
</trkpt>
<trkpt lat="50.457793" lon="-104.558172">
<ele>555</ele>
<time>2026-09-29T18:36:41.019-06:00</time>
<extensions>
<gpxtpx:TrackPointExtension>
<gpxtpx:speed>6.56</gpxtpx:speed>
</gpxtpx:TrackPointExtension>
<opentracks:accuracy_horizontal>1.02</opentracks:accuracy_horizontal></extensions>
</trkpt>
<trkpt lat="50.457907" lon="-104.558159">
<ele>555</ele>
<time>2026-09-29T18:36:43.021-06:00</time>
<extensions>
<gpxtpx:TrackPointExtension>
<gpxtpx:speed>6.04</gpxtpx:speed>
</gpxtpx:TrackPointExtension>
<opentracks:accuracy_horizontal>1.02</opentracks:accuracy_horizontal></extensions>
</trkpt>
<trkpt lat="50.458012" lon="-104.55816">
<ele>555</ele>
<time>2026-09-29T18:36:45.031-06:00</time>
<extensions>
<gpxtpx:TrackPointExtension>
<gpxtpx:speed>5.45</gpxtpx:speed>
</gpxtpx:TrackPointExtension>
<opentracks:accuracy_horizontal>1.02</opentracks:accuracy_horizontal></extensions>
</trkpt>
<trkpt lat="50.458107" lon="-104.558142">
<ele>555</ele>
<time>2026-09-29T18:36:47.026-06:00</time>
<extensions>
<gpxtpx:TrackPointExtension>
<gpxtpx:speed>5.05</gpxtpx:speed>
</gpxtpx:TrackPointExtension>
<opentracks:accuracy_horizontal>0.51</opentracks:accuracy_horizontal></extensions>
</trkpt>
<trkpt lat="50.458227" lon="-104.558141">
<ele>556</ele>
<time>2026-09-29T18:36:50.016-06:00</time>
<extensions>
<gpxtpx:TrackPointExtension>
<gpxtpx:speed>4.27</gpxtpx:speed>
</gpxtpx:TrackPointExtension>
<opentracks:accuracy_horizontal>4.592</opentracks:accuracy_horizontal></extensions>
</trkpt>
<trkpt lat="50.458287" lon="-104.557998">
<ele>556</ele>
<time>2026-09-29T18:36:53.027-06:00</time>
<extensions>
<gpxtpx:TrackPointExtension>
<gpxtpx:speed>4.89</gpxtpx:speed>
</gpxtpx:TrackPointExtension>
<opentracks:accuracy_horizontal>4.592</opentracks:accuracy_horizontal></extensions>
</trkpt>
<trkpt lat="50.458286" lon="-104.557843">
<ele>556</ele>
<time>2026-09-29T18:36:55.033-06:00</time>
<extensions>
<gpxtpx:TrackPointExtension>
<gpxtpx:speed>5.55</gpxtpx:speed>
</gpxtpx:TrackPointExtension>
<opentracks:accuracy_horizontal>4.082</opentracks:accuracy_horizontal></extensions>
</trkpt>
<trkpt lat="50.458294" lon="-104.557674">
<ele>556</ele>
<time>2026-09-29T18:36:57.042-06:00</time>
<extensions>
<gpxtpx:TrackPointExtension>
<gpxtpx:speed>6.15</gpxtpx:speed>
</gpxtpx:TrackPointExtension>
<opentracks:accuracy_horizontal>4.082</opentracks:accuracy_horizontal></extensions>
</trkpt>
<trkpt lat="50.458294" lon="-104.557471">
<ele>556</ele>
<time>2026-09-29T18:36:59.024-06:00</time>
<extensions>
<gpxtpx:TrackPointExtension>
<gpxtpx:speed>7.09</gpxtpx:speed>
</gpxtpx:TrackPointExtension>
<opentracks:accuracy_horizontal>1.02</opentracks:accuracy_horizontal></extensions>
</trkpt>
<trkpt lat="50.458294" lon="-104.557266">
<ele>557</ele>
<time>2026-09-29T18:37:01.029-06:00</time>
<extensions>
<gpxtpx:TrackPointExtension>
<gpxtpx:speed>7.28</gpxtpx:speed>
</gpxtpx:TrackPointExtension>
<opentracks:accuracy_horizontal>1.02</opentracks:accuracy_horizontal></extensions>
</trkpt>
<trkpt lat="50.458301" lon="-104.557051">
<ele>557</ele>
<time>2026-09-29T18:37:03.024-06:00</time>
<extensions>
<gpxtpx:TrackPointExtension>
<gpxtpx:speed>7.51</gpxtpx:speed>
</gpxtpx:TrackPointExtension>
<opentracks:accuracy_horizontal>1.02</opentracks:accuracy_horizontal></extensions>
</trkpt>
<trkpt lat="50.458304" lon="-104.556826">
<ele>557</ele>
<time>2026-09-29T18:37:05.033-06:00</time>
<extensions>
<gpxtpx:TrackPointExtension>
<gpxtpx:speed>7.74</gpxtpx:speed>
</gpxtpx:TrackPointExtension>
<opentracks:accuracy_horizontal>1.02</opentracks:accuracy_horizontal></extensions>
</trkpt>
<trkpt lat="50.458305" lon="-104.556596">
<ele>557</ele>
<time>2026-09-29T18:37:07.033-06:00</time>
<extensions>
<gpxtpx:TrackPointExtension>
<gpxtpx:speed>7.79</gpxtpx:speed>
</gpxtpx:TrackPointExtension>
<opentracks:accuracy_horizontal>1.02</opentracks:accuracy_horizontal></extensions>
</trkpt>
<trkpt lat="50.458306" lon="-104.556371">
<ele>557</ele>
<time>2026-09-29T18:37:09.035-06:00</time>
<extensions>
<gpxtpx:TrackPointExtension>
<gpxtpx:speed>7.93</gpxtpx:speed>
</gpxtpx:TrackPointExtension>
<opentracks:accuracy_horizontal>1.02</opentracks:accuracy_horizontal></extensions>
</trkpt>
<trkpt lat="50.458306" lon="-104.556155">
<ele>558</ele>
<time>2026-09-29T18:37:11.03-06:00</time>
<extensions>
<gpxtpx:TrackPointExtension>
<gpxtpx:speed>7.87</gpxtpx:speed>
</gpxtpx:TrackPointExtension>
<opentracks:accuracy_horizontal>1.02</opentracks:accuracy_horizontal></extensions>
</trkpt>
<trkpt lat="50.458296" lon="-104.555936">
<ele>558</ele>
<time>2026-09-29T18:37:13.04-06:00</time>
<extensions>
<gpxtpx:TrackPointExtension>
<gpxtpx:speed>7.77</gpxtpx:speed>
</gpxtpx:TrackPointExtension>
<opentracks:accuracy_horizontal>1.02</opentracks:accuracy_horizontal></extensions>
</trkpt>
<trkpt lat="50.458296" lon="-104.555728">
<ele>559</ele>
<time>2026-09-29T18:37:15.027-06:00</time>
<extensions>
<gpxtpx:TrackPointExtension>
<gpxtpx:speed>7.44</gpxtpx:speed>
</gpxtpx:TrackPointExtension>
<opentracks:accuracy_horizontal>0.51</opentracks:accuracy_horizontal></extensions>
</trkpt>
<trkpt lat="50.458293" lon="-104.555518">
<ele>559</ele>
<time>2026-09-29T18:37:17.024-06:00</time>
<extensions>
<gpxtpx:TrackPointExtension>
<gpxtpx:speed>7.24</gpxtpx:speed>
</gpxtpx:TrackPointExtension>
<opentracks:accuracy_horizontal>1.02</opentracks:accuracy_horizontal></extensions>
</trkpt>
<trkpt lat="50.458287" lon="-104.555313">
<ele>559</ele>
<time>2026-09-29T18:37:19.034-06:00</time>
<extensions>
<gpxtpx:TrackPointExtension>
<gpxtpx:speed>7.18</gpxtpx:speed>
</gpxtpx:TrackPointExtension>
<opentracks:accuracy_horizontal>1.02</opentracks:accuracy_horizontal></extensions>
</trkpt>
<trkpt lat="50.458291" lon="-104.55512">
<ele>559</ele>
<time>2026-09-29T18:37:21.02-06:00</time>
<extensions>
<gpxtpx:TrackPointExtension>
<gpxtpx:speed>7.07</gpxtpx:speed>
</gpxtpx:TrackPointExtension>
<opentracks:accuracy_horizontal>1.02</opentracks:accuracy_horizontal></extensions>
</trkpt>
<trkpt lat="50.458299" lon="-104.55492">
<ele>559</ele>
<time>2026-09-29T18:37:23.031-06:00</time>
<extensions>
<gpxtpx:TrackPointExtension>
<gpxtpx:speed>7.18</gpxtpx:speed>
</gpxtpx:TrackPointExtension>
<opentracks:accuracy_horizontal>1.02</opentracks:accuracy_horizontal></extensions>
</trkpt>
<trkpt lat="50.458295" lon="-104.554716">
<ele>560</ele>
<time>2026-09-29T18:37:25.026-06:00</time>
<extensions>
<gpxtpx:TrackPointExtension>
<gpxtpx:speed>7.04</gpxtpx:speed>
</gpxtpx:TrackPointExtension>
<opentracks:accuracy_horizontal>1.02</opentracks:accuracy_horizontal></extensions>
</trkpt>
<trkpt lat="50.45829" lon="-104.554522">
<ele>560</ele>
<time>2026-09-29T18:37:27.031-06:00</time>
<extensions>
<gpxtpx:TrackPointExtension>
<gpxtpx:speed>7.09</gpxtpx:speed>
</gpxtpx:TrackPointExtension>
<opentracks:accuracy_horizontal>1.02</opentracks:accuracy_horizontal></extensions>
</trkpt>
<trkpt lat="50.458293" lon="-104.554333">
<ele>560</ele>
<time>2026-09-29T18:37:29.033-06:00</time>
<extensions>
<gpxtpx:TrackPointExtension>
<gpxtpx:speed>6.49</gpxtpx:speed>
</gpxtpx:TrackPointExtension>
<opentracks:accuracy_horizontal>0.51</opentracks:accuracy_horizontal></extensions>
</trkpt>
<trkpt lat="50.4583" lon="-104.554153">
<ele>560</ele>
<time>2026-09-29T18:37:31.029-06:00</time>
<extensions>
<gpxtpx:TrackPointExtension>
<gpxtpx:speed>6.25</gpxtpx:speed>
</gpxtpx:TrackPointExtension>
<opentracks:accuracy_horizontal>1.02</opentracks:accuracy_horizontal></extensions>
</trkpt>
<trkpt lat="50.458301" lon="-104.55396">
<ele>560</ele>
<time>2026-09-29T18:37:33.03-06:00</time>
<extensions>
<gpxtpx:TrackPointExtension>
<gpxtpx:speed>6.61</gpxtpx:speed>
</gpxtpx:TrackPointExtension>
<opentracks:accuracy_horizontal>1.02</opentracks:accuracy_horizontal></extensions>
</trkpt>
<trkpt lat="50.4583" lon="-104.553767">
<ele>559</ele>
<time>2026-09-29T18:37:35.027-06:00</time>
<extensions>
<gpxtpx:TrackPointExtension>
<gpxtpx:speed>6.99</gpxtpx:speed>
</gpxtpx:TrackPointExtension>
<opentracks:accuracy_horizontal>1.02</opentracks:accuracy_horizontal></extensions>
</trkpt>
<trkpt lat="50.458303" lon="-104.553558">
<ele>559</ele>
<time>2026-09-29T18:37:37.034-06:00</time>
<extensions>
<gpxtpx:TrackPointExtension>
<gpxtpx:speed>7.16</gpxtpx:speed>
</gpxtpx:TrackPointExtension>
<opentracks:accuracy_horizontal>1.02</opentracks:accuracy_horizontal></extensions>
</trkpt>
<trkpt lat="50.458308" lon="-104.553352">
<ele>559</ele>
<time>2026-09-29T18:37:39.031-06:00</time>
<extensions>
<gpxtpx:TrackPointExtension>
<gpxtpx:speed>7.14</gpxtpx:speed>
</gpxtpx:TrackPointExtension>
<opentracks:accuracy_horizontal>1.02</opentracks:accuracy_horizontal></extensions>
</trkpt>
<trkpt lat="50.458311" lon="-104.553156">
<ele>559</ele>
<time>2026-09-29T18:37:41.025-06:00</time>
<extensions>
<gpxtpx:TrackPointExtension>
<gpxtpx:speed>7.11</gpxtpx:speed>
</gpxtpx:TrackPointExtension>
<opentracks:accuracy_horizontal>1.02</opentracks:accuracy_horizontal></extensions>
</trkpt>
<trkpt lat="50.458303" lon="-104.552946">
<ele>559</ele>
<time>2026-09-29T18:37:43.038-06:00</time>
<extensions>
<gpxtpx:TrackPointExtension>
<gpxtpx:speed>7.15</gpxtpx:speed>
</gpxtpx:TrackPointExtension>
<opentracks:accuracy_horizontal>1.02</opentracks:accuracy_horizontal></extensions>
</trkpt>
<trkpt lat="50.458298" lon="-104.552754">
<ele>560</ele>
<time>2026-09-29T18:37:45.047-06:00</time>
<extensions>
<gpxtpx:TrackPointExtension>
<gpxtpx:speed>7.12</gpxtpx:speed>
</gpxtpx:TrackPointExtension>
<opentracks:accuracy_horizontal>1.02</opentracks:accuracy_horizontal></extensions>
</trkpt>
<trkpt lat="50.458294" lon="-104.552544">
<ele>559</ele>
<time>2026-09-29T18:37:47.042-06:00</time>
<extensions>
<gpxtpx:TrackPointExtension>
<gpxtpx:speed>7.23</gpxtpx:speed>
</gpxtpx:TrackPointExtension>
<opentracks:accuracy_horizontal>1.02</opentracks:accuracy_horizontal></extensions>
</trkpt>
<trkpt lat="50.458293" lon="-104.552343">
<ele>560</ele>
<time>2026-09-29T18:37:49.037-06:00</time>
<extensions>
<gpxtpx:TrackPointExtension>
<gpxtpx:speed>7.18</gpxtpx:speed>
</gpxtpx:TrackPointExtension>
<opentracks:accuracy_horizontal>1.02</opentracks:accuracy_horizontal></extensions>
</trkpt>
<trkpt lat="50.45831" lon="-104.552134">
<ele>560</ele>
<time>2026-09-29T18:37:51.031-06:00</time>
<extensions>
<gpxtpx:TrackPointExtension>
<gpxtpx:speed>7.17</gpxtpx:speed>
</gpxtpx:TrackPointExtension>
<opentracks:accuracy_horizontal>1.02</opentracks:accuracy_horizontal></extensions>
</trkpt>
<trkpt lat="50.458307" lon="-104.551946">
<ele>560</ele>
<time>2026-09-29T18:37:53.042-06:00</time>
<extensions>
<gpxtpx:TrackPointExtension>
<gpxtpx:speed>7.29</gpxtpx:speed>
</gpxtpx:TrackPointExtension>
<opentracks:accuracy_horizontal>1.02</opentracks:accuracy_horizontal></extensions>
</trkpt>
<trkpt lat="50.458306" lon="-104.551739">
<ele>560</ele>
<time>2026-09-29T18:37:55.033-06:00</time>
<extensions>
<gpxtpx:TrackPointExtension>
<gpxtpx:speed>7.27</gpxtpx:speed>
</gpxtpx:TrackPointExtension>
<opentracks:accuracy_horizontal>1.02</opentracks:accuracy_horizontal></extensions>
</trkpt>
<trkpt lat="50.458306" lon="-104.551537">
<ele>560</ele>
<time>2026-09-29T18:37:57.02-06:00</time>
<extensions>
<gpxtpx:TrackPointExtension>
<gpxtpx:speed>7.26</gpxtpx:speed>
</gpxtpx:TrackPointExtension>
<opentracks:accuracy_horizontal>1.02</opentracks:accuracy_horizontal></extensions>
</trkpt>
<trkpt lat="50.458305" lon="-104.551333">
<ele>560</ele>
<time>2026-09-29T18:37:59.025-06:00</time>
<extensions>
<gpxtpx:TrackPointExtension>
<gpxtpx:speed>7.12</gpxtpx:speed>
</gpxtpx:TrackPointExtension>
<opentracks:accuracy_horizontal>1.02</opentracks:accuracy_horizontal></extensions>
</trkpt>
<trkpt lat="50.458298" lon="-104.551127">
<ele>560</ele>
<time>2026-09-29T18:38:01.043-06:00</time>
<extensions>
<gpxtpx:TrackPointExtension>
<gpxtpx:speed>7.12</gpxtpx:speed>
</gpxtpx:TrackPointExtension>
<opentracks:accuracy_horizontal>1.02</opentracks:accuracy_horizontal></extensions>
</trkpt>
<trkpt lat="50.4583" lon="-104.550939">
<ele>559</ele>
<time>2026-09-29T18:38:03.036-06:00</time>
<extensions>
<gpxtpx:TrackPointExtension>
<gpxtpx:speed>6.77</gpxtpx:speed>
</gpxtpx:TrackPointExtension>
<opentracks:accuracy_horizontal>1.02</opentracks:accuracy_horizontal></extensions>
</trkpt>
<trkpt lat="50.458302" lon="-104.550757">
<ele>559</ele>
<time>2026-09-29T18:38:05.026-06:00</time>
<extensions>
<gpxtpx:TrackPointExtension>
<gpxtpx:speed>6.76</gpxtpx:speed>
</gpxtpx:TrackPointExtension>
<opentracks:accuracy_horizontal>1.02</opentracks:accuracy_horizontal></extensions>
</trkpt>
<trkpt lat="50.458294" lon="-104.550574">
<ele>559</ele>
<time>2026-09-29T18:38:07.035-06:00</time>
<extensions>
<gpxtpx:TrackPointExtension>
<gpxtpx:speed>6.56</gpxtpx:speed>
</gpxtpx:TrackPointExtension>
<opentracks:accuracy_horizontal>1.02</opentracks:accuracy_horizontal></extensions>
</trkpt>
<trkpt lat="50.458294" lon="-104.550389">
<ele>559</ele>
<time>2026-09-29T18:38:09.028-06:00</time>
<extensions>
<gpxtpx:TrackPointExtension>
<gpxtpx:speed>6.31</gpxtpx:speed>
</gpxtpx:TrackPointExtension>
<opentracks:accuracy_horizontal>1.02</opentracks:accuracy_horizontal></extensions>
</trkpt>
<trkpt lat="50.458294" lon="-104.550211">
<ele>560</ele>
<time>2026-09-29T18:38:11.043-06:00</time>
<extensions>
<gpxtpx:TrackPointExtension>
<gpxtpx:speed>6.33</gpxtpx:speed>
</gpxtpx:TrackPointExtension>
<opentracks:accuracy_horizontal>1.02</opentracks:accuracy_horizontal></extensions>
</trkpt>
<trkpt lat="50.458304" lon="-104.550046">
<ele>559</ele>
<time>2026-09-29T18:38:13.032-06:00</time>
<extensions>
<gpxtpx:TrackPointExtension>
<gpxtpx:speed>5.67</gpxtpx:speed>
</gpxtpx:TrackPointExtension>
<opentracks:accuracy_horizontal>0.51</opentracks:accuracy_horizontal></extensions>
</trkpt>
<trkpt lat="50.458298" lon="-104.549904">
<ele>560</ele>
<time>2026-09-29T18:38:15.037-06:00</time>
<extensions>
<gpxtpx:TrackPointExtension>
<gpxtpx:speed>5.55</gpxtpx:speed>
</gpxtpx:TrackPointExtension>
<opentracks:accuracy_horizontal>1.02</opentracks:accuracy_horizontal></extensions>
</trkpt>
<trkpt lat="50.458302" lon="-104.549729">
<ele>560</ele>
<time>2026-09-29T18:38:17.032-06:00</time>
<extensions>
<gpxtpx:TrackPointExtension>
<gpxtpx:speed>5.48</gpxtpx:speed>
</gpxtpx:TrackPointExtension>
<opentracks:accuracy_horizontal>1.02</opentracks:accuracy_horizontal></extensions>
</trkpt>
<trkpt lat="50.458297" lon="-104.549578">
<ele>559</ele>
<time>2026-09-29T18:38:19.024-06:00</time>
<extensions>
<gpxtpx:TrackPointExtension>
<gpxtpx:speed>5.8</gpxtpx:speed>
</gpxtpx:TrackPointExtension>
<opentracks:accuracy_horizontal>1.02</opentracks:accuracy_horizontal></extensions>
</trkpt>
<trkpt lat="50.458304" lon="-104.549393">
<ele>559</ele>
<time>2026-09-29T18:38:21.026-06:00</time>
<extensions>
<gpxtpx:TrackPointExtension>
<gpxtpx:speed>6.55</gpxtpx:speed>
</gpxtpx:TrackPointExtension>
<opentracks:accuracy_horizontal>1.02</opentracks:accuracy_horizontal></extensions>
</trkpt>
<trkpt lat="50.458294" lon="-104.549203">
<ele>558</ele>
<time>2026-09-29T18:38:23.027-06:00</time>
<extensions>
<gpxtpx:TrackPointExtension>
<gpxtpx:speed>6.48</gpxtpx:speed>
</gpxtpx:TrackPointExtension>
<opentracks:accuracy_horizontal>1.02</opentracks:accuracy_horizontal></extensions>
</trkpt>
<trkpt lat="50.458285" lon="-104.549021">
<ele>558</ele>
<time>2026-09-29T18:38:25.033-06:00</time>
<extensions>
<gpxtpx:TrackPointExtension>
<gpxtpx:speed>5.77</gpxtpx:speed>
</gpxtpx:TrackPointExtension>
<opentracks:accuracy_horizontal>1.02</opentracks:accuracy_horizontal></extensions>
</trkpt>
<trkpt lat="50.458303" lon="-104.548862">
<ele>557</ele>
<time>2026-09-29T18:38:27.027-06:00</time>
<extensions>
<gpxtpx:TrackPointExtension>
<gpxtpx:speed>5.98</gpxtpx:speed>
</gpxtpx:TrackPointExtension>
<opentracks:accuracy_horizontal>1.02</opentracks:accuracy_horizontal></extensions>
</trkpt>
<trkpt lat="50.458361" lon="-104.548668">
<ele>557</ele>
<time>2026-09-29T18:38:29.033-06:00</time>
<extensions>
<gpxtpx:TrackPointExtension>
<gpxtpx:speed>7.67</gpxtpx:speed>
</gpxtpx:TrackPointExtension>
<opentracks:accuracy_horizontal>1.02</opentracks:accuracy_horizontal></extensions>
</trkpt>
<trkpt lat="50.458359" lon="-104.548423">
<ele>557</ele>
<time>2026-09-29T18:38:31.032-06:00</time>
<extensions>
<gpxtpx:TrackPointExtension>
<gpxtpx:speed>8.95</gpxtpx:speed>
</gpxtpx:TrackPointExtension>
<opentracks:accuracy_horizontal>1.02</opentracks:accuracy_horizontal></extensions>
</trkpt>
<trkpt lat="50.458327" lon="-104.548168">
<ele>557</ele>
<time>2026-09-29T18:38:33.038-06:00</time>
<extensions>
<gpxtpx:TrackPointExtension>
<gpxtpx:speed>8.83</gpxtpx:speed>
</gpxtpx:TrackPointExtension>
<opentracks:accuracy_horizontal>1.02</opentracks:accuracy_horizontal></extensions>
</trkpt>
<trkpt lat="50.458288" lon="-104.547918">
<ele>557</ele>
<time>2026-09-29T18:38:35.028-06:00</time>
<extensions>
<gpxtpx:TrackPointExtension>
<gpxtpx:speed>9.08</gpxtpx:speed>
</gpxtpx:TrackPointExtension>
<opentracks:accuracy_horizontal>0.51</opentracks:accuracy_horizontal></extensions>
</trkpt>
<trkpt lat="50.458284" lon="-104.547665">
<ele>557</ele>
<time>2026-09-29T18:38:37.029-06:00</time>
<extensions>
<gpxtpx:TrackPointExtension>
<gpxtpx:speed>8.73</gpxtpx:speed>
</gpxtpx:TrackPointExtension>
<opentracks:accuracy_horizontal>1.02</opentracks:accuracy_horizontal></extensions>
</trkpt>
<trkpt lat="50.458281" lon="-104.547425">
<ele>558</ele>
<time>2026-09-29T18:38:39.021-06:00</time>
<extensions>
<gpxtpx:TrackPointExtension>
<gpxtpx:speed>8.15</gpxtpx:speed>
</gpxtpx:TrackPointExtension>
<opentracks:accuracy_horizontal>1.02</opentracks:accuracy_horizontal></extensions>
</trkpt>
<trkpt lat="50.458287" lon="-104.547192">
<ele>558</ele>
<time>2026-09-29T18:38:41.016-06:00</time>
<extensions>
<gpxtpx:TrackPointExtension>
<gpxtpx:speed>8.18</gpxtpx:speed>
</gpxtpx:TrackPointExtension>
<opentracks:accuracy_horizontal>1.02</opentracks:accuracy_horizontal></extensions>
</trkpt>
<trkpt lat="50.4583" lon="-104.54695">
<ele>559</ele>
<time>2026-09-29T18:38:43.049-06:00</time>
<extensions>
<gpxtpx:TrackPointExtension>
<gpxtpx:speed>8.57</gpxtpx:speed>
</gpxtpx:TrackPointExtension>
<opentracks:accuracy_horizontal>1.02</opentracks:accuracy_horizontal></extensions>
</trkpt>
<trkpt lat="50.458327" lon="-104.546711">
<ele>559</ele>
<time>2026-09-29T18:38:45.029-06:00</time>
<extensions>
<gpxtpx:TrackPointExtension>
<gpxtpx:speed>8.37</gpxtpx:speed>
</gpxtpx:TrackPointExtension>
<opentracks:accuracy_horizontal>0.51</opentracks:accuracy_horizontal></extensions>
</trkpt>
<trkpt lat="50.458364" lon="-104.546478">
<ele>559</ele>
<time>2026-09-29T18:38:47.033-06:00</time>
<extensions>
<gpxtpx:TrackPointExtension>
<gpxtpx:speed>8.35</gpxtpx:speed>
</gpxtpx:TrackPointExtension>
<opentracks:accuracy_horizontal>1.02</opentracks:accuracy_horizontal></extensions>
</trkpt>
<trkpt lat="50.458396" lon="-104.546243">
<ele>560</ele>
<time>2026-09-29T18:38:49.052-06:00</time>
<extensions>
<gpxtpx:TrackPointExtension>
<gpxtpx:speed>8.13</gpxtpx:speed>
</gpxtpx:TrackPointExtension>
<opentracks:accuracy_horizontal>1.02</opentracks:accuracy_horizontal></extensions>
</trkpt>
<trkpt lat="50.458431" lon="-104.546016">
<ele>561</ele>
<time>2026-09-29T18:38:51.041-06:00</time>
<extensions>
<gpxtpx:TrackPointExtension>
<gpxtpx:speed>8.16</gpxtpx:speed>
</gpxtpx:TrackPointExtension>
<opentracks:accuracy_horizontal>1.02</opentracks:accuracy_horizontal></extensions>
</trkpt>
<trkpt lat="50.458465" lon="-104.545817">
<ele>560</ele>
<time>2026-09-29T18:38:53.041-06:00</time>
<extensions>
<gpxtpx:TrackPointExtension>
<gpxtpx:speed>7.86</gpxtpx:speed>
</gpxtpx:TrackPointExtension>
<opentracks:accuracy_horizontal>1.02</opentracks:accuracy_horizontal></extensions>
</trkpt>
<trkpt lat="50.458496" lon="-104.545609">
<ele>560</ele>
<time>2026-09-29T18:38:55.033-06:00</time>
<extensions>
<gpxtpx:TrackPointExtension>
<gpxtpx:speed>7.45</gpxtpx:speed>
</gpxtpx:TrackPointExtension>
<opentracks:accuracy_horizontal>1.02</opentracks:accuracy_horizontal></extensions>
</trkpt>
<trkpt lat="50.458524" lon="-104.545404">
<ele>560</ele>
<time>2026-09-29T18:38:57.046-06:00</time>
<extensions>
<gpxtpx:TrackPointExtension>
<gpxtpx:speed>7.09</gpxtpx:speed>
</gpxtpx:TrackPointExtension>
<opentracks:accuracy_horizontal>1.02</opentracks:accuracy_horizontal></extensions>
</trkpt>
<trkpt lat="50.458564" lon="-104.545216">
<ele>560</ele>
<time>2026-09-29T18:38:59.089-06:00</time>
<extensions>
<gpxtpx:TrackPointExtension>
<gpxtpx:speed>7.19</gpxtpx:speed>
</gpxtpx:TrackPointExtension>
<opentracks:accuracy_horizontal>1.02</opentracks:accuracy_horizontal></extensions>
</trkpt>
<trkpt lat="50.458598" lon="-104.545035">
<ele>560</ele>
<time>2026-09-29T18:39:01.04-06:00</time>
<extensions>
<gpxtpx:TrackPointExtension>
<gpxtpx:speed>7.24</gpxtpx:speed>
</gpxtpx:TrackPointExtension>
<opentracks:accuracy_horizontal>1.02</opentracks:accuracy_horizontal></extensions>
</trkpt>
<trkpt lat="50.458629" lon="-104.544828">
<ele>560</ele>
<time>2026-09-29T18:39:03.051-06:00</time>
<extensions>
<gpxtpx:TrackPointExtension>
<gpxtpx:speed>7.36</gpxtpx:speed>
</gpxtpx:TrackPointExtension>
<opentracks:accuracy_horizontal>1.02</opentracks:accuracy_horizontal></extensions>
</trkpt>
<trkpt lat="50.458657" lon="-104.544628">
<ele>560</ele>
<time>2026-09-29T18:39:05.048-06:00</time>
<extensions>
<gpxtpx:TrackPointExtension>
<gpxtpx:speed>7.04</gpxtpx:speed>
</gpxtpx:TrackPointExtension>
<opentracks:accuracy_horizontal>1.02</opentracks:accuracy_horizontal></extensions>
</trkpt>
<trkpt lat="50.458679" lon="-104.54445">
<ele>560</ele>
<time>2026-09-29T18:39:07.04-06:00</time>
<extensions>
<gpxtpx:TrackPointExtension>
<gpxtpx:speed>5.77</gpxtpx:speed>
</gpxtpx:TrackPointExtension>
<opentracks:accuracy_horizontal>0.51</opentracks:accuracy_horizontal></extensions>
</trkpt>
<trkpt lat="50.458717" lon="-104.544254">
<ele>560</ele>
<time>2026-09-29T18:39:09.024-06:00</time>
<extensions>
<gpxtpx:TrackPointExtension>
<gpxtpx:speed>6.76</gpxtpx:speed>
</gpxtpx:TrackPointExtension>
<opentracks:accuracy_horizontal>1.02</opentracks:accuracy_horizontal></extensions>
</trkpt>
<trkpt lat="50.45875" lon="-104.54406">
<ele>560</ele>
<time>2026-09-29T18:39:11.024-06:00</time>
<extensions>
<gpxtpx:TrackPointExtension>
<gpxtpx:speed>6.91</gpxtpx:speed>
</gpxtpx:TrackPointExtension>
<opentracks:accuracy_horizontal>0.51</opentracks:accuracy_horizontal></extensions>
</trkpt>
<trkpt lat="50.458786" lon="-104.543882">
<ele>561</ele>
<time>2026-09-29T18:39:13.048-06:00</time>
<extensions>
<gpxtpx:TrackPointExtension>
<gpxtpx:speed>6.9</gpxtpx:speed>
</gpxtpx:TrackPointExtension>
<opentracks:accuracy_horizontal>1.02</opentracks:accuracy_horizontal></extensions>
</trkpt>
<trkpt lat="50.458817" lon="-104.543692">
<ele>561</ele>
<time>2026-09-29T18:39:15.031-06:00</time>
<extensions>
<gpxtpx:TrackPointExtension>
<gpxtpx:speed>6.44</gpxtpx:speed>
</gpxtpx:TrackPointExtension>
<opentracks:accuracy_horizontal>1.02</opentracks:accuracy_horizontal></extensions>
</trkpt>
<trkpt lat="50.458848" lon="-104.54353">
<ele>560</ele>
<time>2026-09-29T18:39:17.043-06:00</time>
<extensions>
<gpxtpx:TrackPointExtension>
<gpxtpx:speed>5.76</gpxtpx:speed>
</gpxtpx:TrackPointExtension>
<opentracks:accuracy_horizontal>1.02</opentracks:accuracy_horizontal></extensions>
</trkpt>
<trkpt lat="50.458867" lon="-104.543373">
<ele>560</ele>
<time>2026-09-29T18:39:19.042-06:00</time>
<extensions>
<gpxtpx:TrackPointExtension>
<gpxtpx:speed>5.41</gpxtpx:speed>
</gpxtpx:TrackPointExtension>
<opentracks:accuracy_horizontal>1.02</opentracks:accuracy_horizontal></extensions>
</trkpt>
<trkpt lat="50.458892" lon="-104.543233">
<ele>560</ele>
<time>2026-09-29T18:39:21.043-06:00</time>
<extensions>
<gpxtpx:TrackPointExtension>
<gpxtpx:speed>4.86</gpxtpx:speed>
</gpxtpx:TrackPointExtension>
<opentracks:accuracy_horizontal>1.02</opentracks:accuracy_horizontal></extensions>
</trkpt>
<trkpt lat="50.458922" lon="-104.543098">
<ele>560</ele>
<time>2026-09-29T18:39:23.047-06:00</time>
<extensions>
<gpxtpx:TrackPointExtension>
<gpxtpx:speed>4.76</gpxtpx:speed>
</gpxtpx:TrackPointExtension>
<opentracks:accuracy_horizontal>1.02</opentracks:accuracy_horizontal></extensions>
</trkpt>
<trkpt lat="50.458962" lon="-104.542883">
<ele>560</ele>
<time>2026-09-29T18:39:26.039-06:00</time>
<extensions>
<gpxtpx:TrackPointExtension>
<gpxtpx:speed>5.8</gpxtpx:speed>
</gpxtpx:TrackPointExtension>
<opentracks:accuracy_horizontal>4.082</opentracks:accuracy_horizontal></extensions>
</trkpt>
<trkpt lat="50.458986" lon="-104.542708">
<ele>561</ele>
<time>2026-09-29T18:39:28.031-06:00</time>
<extensions>
<gpxtpx:TrackPointExtension>
<gpxtpx:speed>6.41</gpxtpx:speed>
</gpxtpx:TrackPointExtension>
<opentracks:accuracy_horizontal>4.082</opentracks:accuracy_horizontal></extensions>
</trkpt>
<trkpt lat="50.45902" lon="-104.542547">
<ele>561</ele>
<time>2026-09-29T18:39:30.031-06:00</time>
<extensions>
<gpxtpx:TrackPointExtension>
<gpxtpx:speed>6.4</gpxtpx:speed>
</gpxtpx:TrackPointExtension>
<opentracks:accuracy_horizontal>1.02</opentracks:accuracy_horizontal></extensions>
</trkpt>
<trkpt lat="50.459049" lon="-104.54238">
<ele>561</ele>
<time>2026-09-29T18:39:32.031-06:00</time>
<extensions>
<gpxtpx:TrackPointExtension>
<gpxtpx:speed>5.97</gpxtpx:speed>
</gpxtpx:TrackPointExtension>
<opentracks:accuracy_horizontal>1.02</opentracks:accuracy_horizontal></extensions>
</trkpt>
<trkpt lat="50.459081" lon="-104.542221">
<ele>560</ele>
<time>2026-09-29T18:39:34.041-06:00</time>
<extensions>
<gpxtpx:TrackPointExtension>
<gpxtpx:speed>5.2</gpxtpx:speed>
</gpxtpx:TrackPointExtension>
<opentracks:accuracy_horizontal>1.02</opentracks:accuracy_horizontal></extensions>
</trkpt>
<trkpt lat="50.459116" lon="-104.542086">
<ele>560</ele>
<time>2026-09-29T18:39:36.045-06:00</time>
<extensions>
<gpxtpx:TrackPointExtension>
<gpxtpx:speed>5.49</gpxtpx:speed>
</gpxtpx:TrackPointExtension>
<opentracks:accuracy_horizontal>1.02</opentracks:accuracy_horizontal></extensions>
</trkpt>
<trkpt lat="50.459132" lon="-104.541924">
<ele>559</ele>
<time>2026-09-29T18:39:38.041-06:00</time>
<extensions>
<gpxtpx:TrackPointExtension>
<gpxtpx:speed>5.51</gpxtpx:speed>
</gpxtpx:TrackPointExtension>
<opentracks:accuracy_horizontal>1.02</opentracks:accuracy_horizontal></extensions>
</trkpt>
<trkpt lat="50.459149" lon="-104.541771">
<ele>559</ele>
<time>2026-09-29T18:39:40.04-06:00</time>
<extensions>
<gpxtpx:TrackPointExtension>
<gpxtpx:speed>5.2</gpxtpx:speed>
</gpxtpx:TrackPointExtension>
<opentracks:accuracy_horizontal>1.02</opentracks:accuracy_horizontal></extensions>
</trkpt>
<trkpt lat="50.459196" lon="-104.541589">
<ele>559</ele>
<time>2026-09-29T18:39:43.039-06:00</time>
<extensions>
<gpxtpx:TrackPointExtension>
<gpxtpx:speed>4.74</gpxtpx:speed>
</gpxtpx:TrackPointExtension>
<opentracks:accuracy_horizontal>1.02</opentracks:accuracy_horizontal></extensions>
</trkpt>
<trkpt lat="50.459274" lon="-104.541435">
<ele>559</ele>
<time>2026-09-29T18:39:46.028-06:00</time>
<extensions>
<gpxtpx:TrackPointExtension>
<gpxtpx:speed>5.22</gpxtpx:speed>
</gpxtpx:TrackPointExtension>
<opentracks:accuracy_horizontal>5.612</opentracks:accuracy_horizontal></extensions>
</trkpt>
<trkpt lat="50.459381" lon="-104.541393">
<ele>559</ele>
<time>2026-09-29T18:39:48.021-06:00</time>
<extensions>
<gpxtpx:TrackPointExtension>
<gpxtpx:speed>6.67</gpxtpx:speed>
</gpxtpx:TrackPointExtension>
<opentracks:accuracy_horizontal>1.02</opentracks:accuracy_horizontal></extensions>
</trkpt>
<trkpt lat="50.459513" lon="-104.541442">
<ele>558</ele>
<time>2026-09-29T18:39:50.028-06:00</time>
<extensions>
<gpxtpx:TrackPointExtension>
<gpxtpx:speed>7.36</gpxtpx:speed>
</gpxtpx:TrackPointExtension>
<opentracks:accuracy_horizontal>1.02</opentracks:accuracy_horizontal></extensions>
</trkpt>
<trkpt lat="50.459639" lon="-104.541489">
<ele>557</ele>
<time>2026-09-29T18:39:52.037-06:00</time>
<extensions>
<gpxtpx:TrackPointExtension>
<gpxtpx:speed>6.49</gpxtpx:speed>
</gpxtpx:TrackPointExtension>
<opentracks:accuracy_horizontal>1.02</opentracks:accuracy_horizontal></extensions>
</trkpt>
<trkpt lat="50.459754" lon="-104.541516">
<ele>557</ele>
<time>2026-09-29T18:39:54.027-06:00</time>
<extensions>
<gpxtpx:TrackPointExtension>
<gpxtpx:speed>6.18</gpxtpx:speed>
</gpxtpx:TrackPointExtension>
<opentracks:accuracy_horizontal>0.51</opentracks:accuracy_horizontal></extensions>
</trkpt>
<trkpt lat="50.459858" lon="-104.541555">
<ele>557</ele>
<time>2026-09-29T18:39:56.035-06:00</time>
<extensions>
<gpxtpx:TrackPointExtension>
<gpxtpx:speed>5.71</gpxtpx:speed>
</gpxtpx:TrackPointExtension>
<opentracks:accuracy_horizontal>5.102</opentracks:accuracy_horizontal></extensions>
</trkpt>
<trkpt lat="50.459972" lon="-104.541583">
<ele>558</ele>
<time>2026-09-29T18:39:58.034-06:00</time>
<extensions>
<gpxtpx:TrackPointExtension>
<gpxtpx:speed>6.6</gpxtpx:speed>
</gpxtpx:TrackPointExtension>
<opentracks:accuracy_horizontal>4.082</opentracks:accuracy_horizontal></extensions>
</trkpt>
<trkpt lat="50.46009" lon="-104.54162">
<ele>558</ele>
<time>2026-09-29T18:40:00.031-06:00</time>
<extensions>
<gpxtpx:TrackPointExtension>
<gpxtpx:speed>6.94</gpxtpx:speed>
</gpxtpx:TrackPointExtension>
<opentracks:accuracy_horizontal>4.592</opentracks:accuracy_horizontal></extensions>
</trkpt>
<trkpt lat="50.460215" lon="-104.541639">
<ele>559</ele>
<time>2026-09-29T18:40:02.031-06:00</time>
<extensions>
<gpxtpx:TrackPointExtension>
<gpxtpx:speed>6.79</gpxtpx:speed>
</gpxtpx:TrackPointExtension>
<opentracks:accuracy_horizontal>1.02</opentracks:accuracy_horizontal></extensions>
</trkpt>
<trkpt lat="50.460327" lon="-104.541649">
<ele>559</ele>
<time>2026-09-29T18:40:04.042-06:00</time>
<extensions>
<gpxtpx:TrackPointExtension>
<gpxtpx:speed>6.06</gpxtpx:speed>
</gpxtpx:TrackPointExtension>
<opentracks:accuracy_horizontal>1.02</opentracks:accuracy_horizontal></extensions>
</trkpt>
<trkpt lat="50.460432" lon="-104.541658">
<ele>559</ele>
<time>2026-09-29T18:40:06.029-06:00</time>
<extensions>
<gpxtpx:TrackPointExtension>
<gpxtpx:speed>5.74</gpxtpx:speed>
</gpxtpx:TrackPointExtension>
<opentracks:accuracy_horizontal>1.02</opentracks:accuracy_horizontal></extensions>
</trkpt>
<trkpt lat="50.460528" lon="-104.541663">
<ele>558</ele>
<time>2026-09-29T18:40:08.045-06:00</time>
<extensions>
<gpxtpx:TrackPointExtension>
<gpxtpx:speed>5.52</gpxtpx:speed>
</gpxtpx:TrackPointExtension>
<opentracks:accuracy_horizontal>1.02</opentracks:accuracy_horizontal></extensions>
</trkpt>
<trkpt lat="50.460624" lon="-104.541667">
<ele>558</ele>
<time>2026-09-29T18:40:10.037-06:00</time>
<extensions>
<gpxtpx:TrackPointExtension>
<gpxtpx:speed>5.57</gpxtpx:speed>
</gpxtpx:TrackPointExtension>
<opentracks:accuracy_horizontal>1.02</opentracks:accuracy_horizontal></extensions>
</trkpt>
<trkpt lat="50.460725" lon="-104.541664">
<ele>558</ele>
<time>2026-09-29T18:40:12.046-06:00</time>
<extensions>
<gpxtpx:TrackPointExtension>
<gpxtpx:speed>6.15</gpxtpx:speed>
</gpxtpx:TrackPointExtension>
<opentracks:accuracy_horizontal>0.51</opentracks:accuracy_horizontal></extensions>
</trkpt>
<trkpt lat="50.460832" lon="-104.541665">
<ele>559</ele>
<time>2026-09-29T18:40:14.044-06:00</time>
<extensions>
<gpxtpx:TrackPointExtension>
<gpxtpx:speed>6.05</gpxtpx:speed>
</gpxtpx:TrackPointExtension>
<opentracks:accuracy_horizontal>0.51</opentracks:accuracy_horizontal></extensions>
</trkpt>
<trkpt lat="50.46094" lon="-104.541669">
<ele>560</ele>
<time>2026-09-29T18:40:16.041-06:00</time>
<extensions>
<gpxtpx:TrackPointExtension>
<gpxtpx:speed>6.25</gpxtpx:speed>
</gpxtpx:TrackPointExtension>
<opentracks:accuracy_horizontal>1.02</opentracks:accuracy_horizontal></extensions>
</trkpt>
<trkpt lat="50.461056" lon="-104.541672">
<ele>559</ele>
<time>2026-09-29T18:40:18.033-06:00</time>
<extensions>
<gpxtpx:TrackPointExtension>
<gpxtpx:speed>6.23</gpxtpx:speed>
</gpxtpx:TrackPointExtension>
<opentracks:accuracy_horizontal>0.51</opentracks:accuracy_horizontal></extensions>
</trkpt>
<trkpt lat="50.461168" lon="-104.541675">
<ele>559</ele>
<time>2026-09-29T18:40:20.033-06:00</time>
<extensions>
<gpxtpx:TrackPointExtension>
<gpxtpx:speed>6.3</gpxtpx:speed>
</gpxtpx:TrackPointExtension>
<opentracks:accuracy_horizontal>1.02</opentracks:accuracy_horizontal></extensions>
</trkpt>
<trkpt lat="50.461281" lon="-104.541668">
<ele>560</ele>
<time>2026-09-29T18:40:22.039-06:00</time>
<extensions>
<gpxtpx:TrackPointExtension>
<gpxtpx:speed>6.03</gpxtpx:speed>
</gpxtpx:TrackPointExtension>
<opentracks:accuracy_horizontal>0.51</opentracks:accuracy_horizontal></extensions>
</trkpt>
<trkpt lat="50.461388" lon="-104.541665">
<ele>559</ele>
<time>2026-09-29T18:40:24.032-06:00</time>
<extensions>
<gpxtpx:TrackPointExtension>
<gpxtpx:speed>6.09</gpxtpx:speed>
</gpxtpx:TrackPointExtension>
<opentracks:accuracy_horizontal>1.02</opentracks:accuracy_horizontal></extensions>
</trkpt>
<trkpt lat="50.461497" lon="-104.541669">
<ele>559</ele>
<time>2026-09-29T18:40:26.044-06:00</time>
<extensions>
<gpxtpx:TrackPointExtension>
<gpxtpx:speed>6.03</gpxtpx:speed>
</gpxtpx:TrackPointExtension>
<opentracks:accuracy_horizontal>0.51</opentracks:accuracy_horizontal></extensions>
</trkpt>
<trkpt lat="50.461602" lon="-104.54166">
<ele>559</ele>
<time>2026-09-29T18:40:28.032-06:00</time>
<extensions>
<gpxtpx:TrackPointExtension>
<gpxtpx:speed>6.12</gpxtpx:speed>
</gpxtpx:TrackPointExtension>
<opentracks:accuracy_horizontal>1.02</opentracks:accuracy_horizontal></extensions>
</trkpt>
<trkpt lat="50.461702" lon="-104.541647">
<ele>559</ele>
<time>2026-09-29T18:40:30.039-06:00</time>
<extensions>
<gpxtpx:TrackPointExtension>
<gpxtpx:speed>5.3</gpxtpx:speed>
</gpxtpx:TrackPointExtension>
<opentracks:accuracy_horizontal>1.02</opentracks:accuracy_horizontal></extensions>
</trkpt>
<trkpt lat="50.461795" lon="-104.541641">
<ele>558</ele>
<time>2026-09-29T18:40:32.037-06:00</time>
<extensions>
<gpxtpx:TrackPointExtension>
<gpxtpx:speed>4.98</gpxtpx:speed>
</gpxtpx:TrackPointExtension>
<opentracks:accuracy_horizontal>4.082</opentracks:accuracy_horizontal></extensions>
</trkpt>
<trkpt lat="50.46192" lon="-104.541625">
<ele>559</ele>
<time>2026-09-29T18:40:35.035-06:00</time>
<extensions>
<gpxtpx:TrackPointExtension>
<gpxtpx:speed>4.85</gpxtpx:speed>
</gpxtpx:TrackPointExtension>
<opentracks:accuracy_horizontal>4.592</opentracks:accuracy_horizontal></extensions>
</trkpt>
<trkpt lat="50.461995" lon="-104.541491">
<ele>558</ele>
<time>2026-09-29T18:40:38.029-06:00</time>
<extensions>
<gpxtpx:TrackPointExtension>
<gpxtpx:speed>4.97</gpxtpx:speed>
</gpxtpx:TrackPointExtension>
<opentracks:accuracy_horizontal>4.592</opentracks:accuracy_horizontal></extensions>
</trkpt>
<trkpt lat="50.462002" lon="-104.541286">
<ele>559</ele>
<time>2026-09-29T18:40:41.028-06:00</time>
<extensions>
<gpxtpx:TrackPointExtension>
<gpxtpx:speed>5.72</gpxtpx:speed>
</gpxtpx:TrackPointExtension>
<opentracks:accuracy_horizontal>1.02</opentracks:accuracy_horizontal></extensions>
</trkpt>
<trkpt lat="50.461987" lon="-104.541122">
<ele>560</ele>
<time>2026-09-29T18:40:43.031-06:00</time>
<extensions>
<gpxtpx:TrackPointExtension>
<gpxtpx:speed>5.42</gpxtpx:speed>
</gpxtpx:TrackPointExtension>
<opentracks:accuracy_horizontal>1.02</opentracks:accuracy_horizontal></extensions>
</trkpt>
<trkpt lat="50.461979" lon="-104.540963">
<ele>559</ele>
<time>2026-09-29T18:40:45.052-06:00</time>
<extensions>
<gpxtpx:TrackPointExtension>
<gpxtpx:speed>5.11</gpxtpx:speed>
</gpxtpx:TrackPointExtension>
<opentracks:accuracy_horizontal>1.02</opentracks:accuracy_horizontal></extensions>
</trkpt>
<trkpt lat="50.461977" lon="-104.540819">
<ele>559</ele>
<time>2026-09-29T18:40:47.023-06:00</time>
<extensions>
<gpxtpx:TrackPointExtension>
<gpxtpx:speed>4.56</gpxtpx:speed>
</gpxtpx:TrackPointExtension>
<opentracks:accuracy_horizontal>1.02</opentracks:accuracy_horizontal></extensions>
</trkpt>
<trkpt lat="50.461989" lon="-104.540644">
<ele>559</ele>
<time>2026-09-29T18:40:50.021-06:00</time>
<extensions>
<gpxtpx:TrackPointExtension>
<gpxtpx:speed>4.45</gpxtpx:speed>
</gpxtpx:TrackPointExtension>
<opentracks:accuracy_horizontal>5.612</opentracks:accuracy_horizontal></extensions>
</trkpt>
<trkpt lat="50.461994" lon="-104.5405">
<ele>559</ele>
<time>2026-09-29T18:40:52.022-06:00</time>
<extensions>
<gpxtpx:TrackPointExtension>
<gpxtpx:speed>4.73</gpxtpx:speed>
</gpxtpx:TrackPointExtension>
<opentracks:accuracy_horizontal>6.122</opentracks:accuracy_horizontal></extensions>
</trkpt>
<trkpt lat="50.462001" lon="-104.540359">
<ele>559</ele>
<time>2026-09-29T18:40:54.029-06:00</time>
<extensions>
<gpxtpx:TrackPointExtension>
<gpxtpx:speed>5.12</gpxtpx:speed>
</gpxtpx:TrackPointExtension>
<opentracks:accuracy_horizontal>1.02</opentracks:accuracy_horizontal></extensions>
</trkpt>
<trkpt lat="50.462019" lon="-104.540214">
<ele>559</ele>
<time>2026-09-29T18:40:56.035-06:00</time>
<extensions>
<gpxtpx:TrackPointExtension>
<gpxtpx:speed>5.22</gpxtpx:speed>
</gpxtpx:TrackPointExtension>
<opentracks:accuracy_horizontal>1.02</opentracks:accuracy_horizontal></extensions>
</trkpt>
<trkpt lat="50.462038" lon="-104.540068">
<ele>559</ele>
<time>2026-09-29T18:40:58.042-06:00</time>
<extensions>
<gpxtpx:TrackPointExtension>
<gpxtpx:speed>5.17</gpxtpx:speed>
</gpxtpx:TrackPointExtension>
<opentracks:accuracy_horizontal>1.02</opentracks:accuracy_horizontal></extensions>
</trkpt>
<trkpt lat="50.462083" lon="-104.539859">
<ele>560</ele>
<time>2026-09-29T18:41:01.029-06:00</time>
<extensions>
<gpxtpx:TrackPointExtension>
<gpxtpx:speed>5.07</gpxtpx:speed>
</gpxtpx:TrackPointExtension>
<opentracks:accuracy_horizontal>1.02</opentracks:accuracy_horizontal></extensions>
</trkpt>
<trkpt lat="50.46214" lon="-104.539678">
<ele>560</ele>
<time>2026-09-29T18:41:04.031-06:00</time>
<extensions>
<gpxtpx:TrackPointExtension>
<gpxtpx:speed>4.5</gpxtpx:speed>
</gpxtpx:TrackPointExtension>
<opentracks:accuracy_horizontal>1.02</opentracks:accuracy_horizontal></extensions>
</trkpt>
<trkpt lat="50.462189" lon="-104.539516">
<ele>560</ele>
<time>2026-09-29T18:41:07.029-06:00</time>
<extensions>
<gpxtpx:TrackPointExtension>
<gpxtpx:speed>4.39</gpxtpx:speed>
</gpxtpx:TrackPointExtension>
<opentracks:accuracy_horizontal>1.02</opentracks:accuracy_horizontal></extensions>
</trkpt>
<trkpt lat="50.462265" lon="-104.539366">
<ele>560</ele>
<time>2026-09-29T18:41:10.041-06:00</time>
<extensions>
<gpxtpx:TrackPointExtension>
<gpxtpx:speed>4.01</gpxtpx:speed>
</gpxtpx:TrackPointExtension>
<opentracks:accuracy_horizontal>0.51</opentracks:accuracy_horizontal></extensions>
</trkpt>
<trkpt lat="50.462339" lon="-104.539261">
<ele>560</ele>
<time>2026-09-29T18:41:13.047-06:00</time>
<extensions>
<gpxtpx:TrackPointExtension>
<gpxtpx:speed>4.17</gpxtpx:speed>
</gpxtpx:TrackPointExtension>
<opentracks:accuracy_horizontal>4.592</opentracks:accuracy_horizontal></extensions>
</trkpt>
<trkpt lat="50.462416" lon="-104.539112">
<ele>561</ele>
<time>2026-09-29T18:41:16.044-06:00</time>
<extensions>
<gpxtpx:TrackPointExtension>
<gpxtpx:speed>5.13</gpxtpx:speed>
</gpxtpx:TrackPointExtension>
<opentracks:accuracy_horizontal>1.02</opentracks:accuracy_horizontal></extensions>
</trkpt>
<trkpt lat="50.462498" lon="-104.539025">
<ele>561</ele>
<time>2026-09-29T18:41:18.022-06:00</time>
<extensions>
<gpxtpx:TrackPointExtension>
<gpxtpx:speed>5.49</gpxtpx:speed>
</gpxtpx:TrackPointExtension>
<opentracks:accuracy_horizontal>1.02</opentracks:accuracy_horizontal></extensions>
</trkpt>
<trkpt lat="50.462583" lon="-104.538918">
<ele>561</ele>
<time>2026-09-29T18:41:20.047-06:00</time>
<extensions>
<gpxtpx:TrackPointExtension>
<gpxtpx:speed>5.4</gpxtpx:speed>
</gpxtpx:TrackPointExtension>
<opentracks:accuracy_horizontal>1.02</opentracks:accuracy_horizontal></extensions>
</trkpt>
<trkpt lat="50.462667" lon="-104.538844">
<ele>561</ele>
<time>2026-09-29T18:41:22.021-06:00</time>
<extensions>
<gpxtpx:TrackPointExtension>
<gpxtpx:speed>5.08</gpxtpx:speed>
</gpxtpx:TrackPointExtension>
<opentracks:accuracy_horizontal>1.02</opentracks:accuracy_horizontal></extensions>
</trkpt>
<trkpt lat="50.462776" lon="-104.538742">
<ele>560</ele>
<time>2026-09-29T18:41:25.043-06:00</time>
<extensions>
<gpxtpx:TrackPointExtension>
<gpxtpx:speed>4.54</gpxtpx:speed>
</gpxtpx:TrackPointExtension>
<opentracks:accuracy_horizontal>0.51</opentracks:accuracy_horizontal></extensions>
</trkpt>
<trkpt lat="50.462898" lon="-104.538688">
<ele>560</ele>
<time>2026-09-29T18:41:28.042-06:00</time>
<extensions>
<gpxtpx:TrackPointExtension>
<gpxtpx:speed>4.77</gpxtpx:speed>
</gpxtpx:TrackPointExtension>
<opentracks:accuracy_horizontal>4.592</opentracks:accuracy_horizontal></extensions>
</trkpt>
<trkpt lat="50.462994" lon="-104.538691">
<ele>560</ele>
<time>2026-09-29T18:41:30.037-06:00</time>
<extensions>
<gpxtpx:TrackPointExtension>
<gpxtpx:speed>5.46</gpxtpx:speed>
</gpxtpx:TrackPointExtension>
<opentracks:accuracy_horizontal>4.592</opentracks:accuracy_horizontal></extensions>
</trkpt>
<trkpt lat="50.463105" lon="-104.538751">
<ele>560</ele>
<time>2026-09-29T18:41:32.042-06:00</time>
<extensions>
<gpxtpx:TrackPointExtension>
<gpxtpx:speed>6.33</gpxtpx:speed>
</gpxtpx:TrackPointExtension>
<opentracks:accuracy_horizontal>5.102</opentracks:accuracy_horizontal></extensions>
</trkpt>
<trkpt lat="50.463192" lon="-104.538869">
<ele>559</ele>
<time>2026-09-29T18:41:34.065-06:00</time>
<extensions>
<gpxtpx:TrackPointExtension>
<gpxtpx:speed>6.34</gpxtpx:speed>
</gpxtpx:TrackPointExtension>
<opentracks:accuracy_horizontal>5.102</opentracks:accuracy_horizontal></extensions>
</trkpt>
<trkpt lat="50.463256" lon="-104.539022">
<ele>559</ele>
<time>2026-09-29T18:41:36.056-06:00</time>
<extensions>
<gpxtpx:TrackPointExtension>
<gpxtpx:speed>6.11</gpxtpx:speed>
</gpxtpx:TrackPointExtension>
<opentracks:accuracy_horizontal>1.02</opentracks:accuracy_horizontal></extensions>
</trkpt>
<trkpt lat="50.463301" lon="-104.539172">
<ele>559</ele>
<time>2026-09-29T18:41:38.039-06:00</time>
<extensions>
<gpxtpx:TrackPointExtension>
<gpxtpx:speed>5.65</gpxtpx:speed>
</gpxtpx:TrackPointExtension>
<opentracks:accuracy_horizontal>1.02</opentracks:accuracy_horizontal></extensions>
</trkpt>
<trkpt lat="50.463352" lon="-104.539301">
<ele>559</ele>
<time>2026-09-29T18:41:40.041-06:00</time>
<extensions>
<gpxtpx:TrackPointExtension>
<gpxtpx:speed>5.32</gpxtpx:speed>
</gpxtpx:TrackPointExtension>
<opentracks:accuracy_horizontal>1.02</opentracks:accuracy_horizontal></extensions>
</trkpt>
<trkpt lat="50.463403" lon="-104.539421">
<ele>559</ele>
<time>2026-09-29T18:41:42.044-06:00</time>
<extensions>
<gpxtpx:TrackPointExtension>
<gpxtpx:speed>4.81</gpxtpx:speed>
</gpxtpx:TrackPointExtension>
<opentracks:accuracy_horizontal>1.02</opentracks:accuracy_horizontal></extensions>
</trkpt>
<trkpt lat="50.463514" lon="-104.539497">
<ele>558</ele>
<time>2026-09-29T18:41:45.051-06:00</time>
<extensions>
<gpxtpx:TrackPointExtension>
<gpxtpx:speed>5.43</gpxtpx:speed>
</gpxtpx:TrackPointExtension>
<opentracks:accuracy_horizontal>4.592</opentracks:accuracy_horizontal></extensions>
</trkpt>
<trkpt lat="50.463613" lon="-104.539434">
<ele>559</ele>
<time>2026-09-29T18:41:47.042-06:00</time>
<extensions>
<gpxtpx:TrackPointExtension>
<gpxtpx:speed>6.11</gpxtpx:speed>
</gpxtpx:TrackPointExtension>
<opentracks:accuracy_horizontal>5.102</opentracks:accuracy_horizontal></extensions>
</trkpt>
<trkpt lat="50.463707" lon="-104.539345">
<ele>559</ele>
<time>2026-09-29T18:41:49.036-06:00</time>
<extensions>
<gpxtpx:TrackPointExtension>
<gpxtpx:speed>6.18</gpxtpx:speed>
</gpxtpx:TrackPointExtension>
<opentracks:accuracy_horizontal>1.02</opentracks:accuracy_horizontal></extensions>
</trkpt>
<trkpt lat="50.463809" lon="-104.539245">
<ele>559</ele>
<time>2026-09-29T18:41:51.037-06:00</time>
<extensions>
<gpxtpx:TrackPointExtension>
<gpxtpx:speed>6.74</gpxtpx:speed>
</gpxtpx:TrackPointExtension>
<opentracks:accuracy_horizontal>1.02</opentracks:accuracy_horizontal></extensions>
</trkpt>
<trkpt lat="50.463909" lon="-104.539135">
<ele>559</ele>
<time>2026-09-29T18:41:53.038-06:00</time>
<extensions>
<gpxtpx:TrackPointExtension>
<gpxtpx:speed>6.55</gpxtpx:speed>
</gpxtpx:TrackPointExtension>
<opentracks:accuracy_horizontal>1.02</opentracks:accuracy_horizontal></extensions>
</trkpt>
<trkpt lat="50.464003" lon="-104.53905">
<ele>559</ele>
<time>2026-09-29T18:41:55.042-06:00</time>
<extensions>
<gpxtpx:TrackPointExtension>
<gpxtpx:speed>5.94</gpxtpx:speed>
</gpxtpx:TrackPointExtension>
<opentracks:accuracy_horizontal>0.51</opentracks:accuracy_horizontal></extensions>
</trkpt>
<trkpt lat="50.464094" lon="-104.538959">
<ele>559</ele>
<time>2026-09-29T18:41:57.043-06:00</time>
<extensions>
<gpxtpx:TrackPointExtension>
<gpxtpx:speed>5.43</gpxtpx:speed>
</gpxtpx:TrackPointExtension>
<opentracks:accuracy_horizontal>1.02</opentracks:accuracy_horizontal></extensions>
</trkpt>
<trkpt lat="50.464213" lon="-104.538877">
<ele>559</ele>
<time>2026-09-29T18:42:00.031-06:00</time>
<extensions>
<gpxtpx:TrackPointExtension>
<gpxtpx:speed>4.36</gpxtpx:speed>
</gpxtpx:TrackPointExtension>
<opentracks:accuracy_horizontal>6.122</opentracks:accuracy_horizontal></extensions>
</trkpt>
<trkpt lat="50.464317" lon="-104.53877">
<ele>561</ele>
<time>2026-09-29T18:42:03.017-06:00</time>
<extensions>
<gpxtpx:TrackPointExtension>
<gpxtpx:speed>4.46</gpxtpx:speed>
</gpxtpx:TrackPointExtension>
<opentracks:accuracy_horizontal>6.122</opentracks:accuracy_horizontal></extensions>
</trkpt>
<trkpt lat="50.464415" lon="-104.538686">
<ele>560</ele>
<time>2026-09-29T18:42:06.02-06:00</time>
<extensions>
<gpxtpx:TrackPointExtension>
<gpxtpx:speed>4.6</gpxtpx:speed>
</gpxtpx:TrackPointExtension>
<opentracks:accuracy_horizontal>1.02</opentracks:accuracy_horizontal></extensions>
</trkpt>
<trkpt lat="50.464496" lon="-104.538619">
<ele>560</ele>
<time>2026-09-29T18:42:08.019-06:00</time>
<extensions>
<gpxtpx:TrackPointExtension>
<gpxtpx:speed>4.72</gpxtpx:speed>
</gpxtpx:TrackPointExtension>
<opentracks:accuracy_horizontal>1.02</opentracks:accuracy_horizontal></extensions>
</trkpt>
<trkpt lat="50.464552" lon="-104.53849">
<ele>561</ele>
<time>2026-09-29T18:42:10.017-06:00</time>
<extensions>
<gpxtpx:TrackPointExtension>
<gpxtpx:speed>5.11</gpxtpx:speed>
</gpxtpx:TrackPointExtension>
<opentracks:accuracy_horizontal>1.02</opentracks:accuracy_horizontal></extensions>
</trkpt>
<trkpt lat="50.464607" lon="-104.53835">
<ele>563</ele>
<time>2026-09-29T18:42:12.027-06:00</time>
<extensions>
<gpxtpx:TrackPointExtension>
<gpxtpx:speed>5.77</gpxtpx:speed>
</gpxtpx:TrackPointExtension>
<opentracks:accuracy_horizontal>1.02</opentracks:accuracy_horizontal></extensions>
</trkpt>
<trkpt lat="50.464647" lon="-104.538209">
<ele>563</ele>
<time>2026-09-29T18:42:14.014-06:00</time>
<extensions>
<gpxtpx:TrackPointExtension>
<gpxtpx:speed>5.39</gpxtpx:speed>
</gpxtpx:TrackPointExtension>
<opentracks:accuracy_horizontal>1.02</opentracks:accuracy_horizontal></extensions>
</trkpt>
<trkpt lat="50.464684" lon="-104.538073">
<ele>564</ele>
<time>2026-09-29T18:42:16.036-06:00</time>
<extensions>
<gpxtpx:TrackPointExtension>
<gpxtpx:speed>5.41</gpxtpx:speed>
</gpxtpx:TrackPointExtension>
<opentracks:accuracy_horizontal>1.02</opentracks:accuracy_horizontal></extensions>
</trkpt>
<trkpt lat="50.464718" lon="-104.537928">
<ele>564</ele>
<time>2026-09-29T18:42:18.042-06:00</time>
<extensions>
<gpxtpx:TrackPointExtension>
<gpxtpx:speed>5.27</gpxtpx:speed>
</gpxtpx:TrackPointExtension>
<opentracks:accuracy_horizontal>3.571</opentracks:accuracy_horizontal></extensions>
</trkpt>
<trkpt lat="50.464767" lon="-104.537734">
<ele>564</ele>
<time>2026-09-29T18:42:21.033-06:00</time>
<extensions>
<gpxtpx:TrackPointExtension>
<gpxtpx:speed>5.36</gpxtpx:speed>
</gpxtpx:TrackPointExtension>
<opentracks:accuracy_horizontal>4.082</opentracks:accuracy_horizontal></extensions>
</trkpt>
<trkpt lat="50.464828" lon="-104.537558">
<ele>562</ele>
<time>2026-09-29T18:42:24.04-06:00</time>
<extensions>
<gpxtpx:TrackPointExtension>
<gpxtpx:speed>4.79</gpxtpx:speed>
</gpxtpx:TrackPointExtension>
<opentracks:accuracy_horizontal>6.633</opentracks:accuracy_horizontal></extensions>
</trkpt>
<trkpt lat="50.464854" lon="-104.537419">
<ele>562</ele>
<time>2026-09-29T18:42:26.037-06:00</time>
<extensions>
<gpxtpx:TrackPointExtension>
<gpxtpx:speed>4.76</gpxtpx:speed>
</gpxtpx:TrackPointExtension>
<opentracks:accuracy_horizontal>6.633</opentracks:accuracy_horizontal></extensions>
</trkpt>
<trkpt lat="50.464876" lon="-104.537259">
<ele>562</ele>
<time>2026-09-29T18:42:29.033-06:00</time>
<extensions>
<gpxtpx:TrackPointExtension>
<gpxtpx:speed>3.81</gpxtpx:speed>
</gpxtpx:TrackPointExtension>
<opentracks:accuracy_horizontal>6.122</opentracks:accuracy_horizontal></extensions>
</trkpt>
<trkpt lat="50.46492" lon="-104.537125">
<ele>562</ele>
<time>2026-09-29T18:42:32.025-06:00</time>
<extensions>
<gpxtpx:TrackPointExtension>
<gpxtpx:speed>3.3</gpxtpx:speed>
</gpxtpx:TrackPointExtension>
<opentracks:accuracy_horizontal>5.102</opentracks:accuracy_horizontal></extensions>
</trkpt>
<trkpt lat="50.464997" lon="-104.537017">
<ele>562</ele>
<time>2026-09-29T18:42:36.02-06:00</time>
<extensions>
<gpxtpx:TrackPointExtension>
<gpxtpx:speed>2.34</gpxtpx:speed>
</gpxtpx:TrackPointExtension>
<opentracks:accuracy_horizontal>5.612</opentracks:accuracy_horizontal></extensions>
</trkpt>
<trkpt lat="50.465065" lon="-104.536993">
<ele>564</ele>
<time>2026-09-29T18:42:46.022-06:00</time>
<extensions>
<gpxtpx:TrackPointExtension>
<gpxtpx:speed>0.43</gpxtpx:speed>
</gpxtpx:TrackPointExtension>
<opentracks:accuracy_horizontal>7.653</opentracks:accuracy_horizontal></extensions>
</trkpt>
<trkpt lat="50.465149" lon="-104.537059">
<ele>557</ele>
<time>2026-09-29T18:43:13.013-06:00</time>
<extensions>
<gpxtpx:TrackPointExtension>
<gpxtpx:speed>0.5</gpxtpx:speed>
</gpxtpx:TrackPointExtension>
<opentracks:accuracy_horizontal>5.102</opentracks:accuracy_horizontal></extensions>
</trkpt>
<trkpt lat="50.465161" lon="-104.537046">
<ele>555</ele>
<time>2026-09-29T18:43:23.012-06:00</time>
<extensions>
<gpxtpx:TrackPointExtension>
<gpxtpx:speed>0.35</gpxtpx:speed>
</gpxtpx:TrackPointExtension>
<opentracks:accuracy_horizontal>17.347</opentracks:accuracy_horizontal></extensions>
</trkpt>
<trkpt lat="50.465214" lon="-104.53717">
<ele>553</ele>
<time>2026-09-29T18:44:03.961-06:00</time>
<extensions>
<gpxtpx:TrackPointExtension>
<gpxtpx:speed>0.23</gpxtpx:speed>
</gpxtpx:TrackPointExtension>
<opentracks:accuracy_horizontal>14.796</opentracks:accuracy_horizontal></extensions>
</trkpt>
<trkpt lat="50.465194" lon="-104.53712">
<ele>559</ele>
<time>2026-09-29T18:44:12.982-06:00</time>
<extensions>
<gpxtpx:TrackPointExtension>
<gpxtpx:speed>0.35</gpxtpx:speed>
</gpxtpx:TrackPointExtension>
<opentracks:accuracy_horizontal>13.265</opentracks:accuracy_horizontal></extensions>
</trkpt>
<trkpt lat="50.46514" lon="-104.537001">
<ele>553</ele>
<time>2026-09-29T18:46:04.013-06:00</time>
<extensions>
<gpxtpx:TrackPointExtension>
<gpxtpx:speed>0.02</gpxtpx:speed>
</gpxtpx:TrackPointExtension>
<opentracks:accuracy_horizontal>10.204</opentracks:accuracy_horizontal></extensions>
</trkpt>
<trkpt lat="50.46515" lon="-104.537057">
<ele>552</ele>
<time>2026-09-29T18:46:14.015-06:00</time>
<extensions>
<gpxtpx:TrackPointExtension>
<gpxtpx:speed>0.23</gpxtpx:speed>
</gpxtpx:TrackPointExtension>
<opentracks:accuracy_horizontal>13.776</opentracks:accuracy_horizontal></extensions>
</trkpt>
<trkpt lat="50.465053" lon="-104.537065">
<ele>553</ele>
<time>2026-09-29T18:48:35.018-06:00</time>
<extensions>
<gpxtpx:TrackPointExtension>
<gpxtpx:speed>0.09</gpxtpx:speed>
</gpxtpx:TrackPointExtension>
<opentracks:accuracy_horizontal>9.694</opentracks:accuracy_horizontal></extensions>
</trkpt>
<trkpt lat="50.465074" lon="-104.537028">
<ele>552</ele>
<time>2026-09-29T18:48:45.008-06:00</time>
<extensions>
<gpxtpx:TrackPointExtension>
<gpxtpx:speed>0.01</gpxtpx:speed>
</gpxtpx:TrackPointExtension>
<opentracks:accuracy_horizontal>12.755</opentracks:accuracy_horizontal></extensions>
</trkpt>
<trkpt lat="50.464973" lon="-104.537062">
<ele>560</ele>
<time>2026-09-29T18:49:08.041-06:00</time>
<extensions>
<gpxtpx:TrackPointExtension>
<gpxtpx:speed>2.02</gpxtpx:speed>
</gpxtpx:TrackPointExtension>
<opentracks:accuracy_horizontal>5.612</opentracks:accuracy_horizontal></extensions>
</trkpt>
<trkpt lat="50.464925" lon="-104.537184">
<ele>560</ele>
<time>2026-09-29T18:49:11.043-06:00</time>
<extensions>
<gpxtpx:TrackPointExtension>
<gpxtpx:speed>4.24</gpxtpx:speed>
</gpxtpx:TrackPointExtension>
<opentracks:accuracy_horizontal>6.633</opentracks:accuracy_horizontal></extensions>
</trkpt>
<trkpt lat="50.464893" lon="-104.537383">
<ele>561</ele>
<time>2026-09-29T18:49:14.051-06:00</time>
<extensions>
<gpxtpx:TrackPointExtension>
<gpxtpx:speed>4.92</gpxtpx:speed>
</gpxtpx:TrackPointExtension>
<opentracks:accuracy_horizontal>5.612</opentracks:accuracy_horizontal></extensions>
</trkpt>
<trkpt lat="50.464862" lon="-104.537538">
<ele>562</ele>
<time>2026-09-29T18:49:16.043-06:00</time>
<extensions>
<gpxtpx:TrackPointExtension>
<gpxtpx:speed>5.68</gpxtpx:speed>
</gpxtpx:TrackPointExtension>
<opentracks:accuracy_horizontal>1.02</opentracks:accuracy_horizontal></extensions>
</trkpt>
<trkpt lat="50.464818" lon="-104.537679">
<ele>562</ele>
<time>2026-09-29T18:49:18.03-06:00</time>
<extensions>
<gpxtpx:TrackPointExtension>
<gpxtpx:speed>5.34</gpxtpx:speed>
</gpxtpx:TrackPointExtension>
<opentracks:accuracy_horizontal>0.51</opentracks:accuracy_horizontal></extensions>
</trkpt>
<trkpt lat="50.464794" lon="-104.537822">
<ele>561</ele>
<time>2026-09-29T18:49:20.05-06:00</time>
<extensions>
<gpxtpx:TrackPointExtension>
<gpxtpx:speed>5.11</gpxtpx:speed>
</gpxtpx:TrackPointExtension>
<opentracks:accuracy_horizontal>5.102</opentracks:accuracy_horizontal></extensions>
</trkpt>
<trkpt lat="50.464756" lon="-104.537954">
<ele>561</ele>
<time>2026-09-29T18:49:22.033-06:00</time>
<extensions>
<gpxtpx:TrackPointExtension>
<gpxtpx:speed>4.88</gpxtpx:speed>
</gpxtpx:TrackPointExtension>
<opentracks:accuracy_horizontal>4.082</opentracks:accuracy_horizontal></extensions>
</trkpt>
<trkpt lat="50.464702" lon="-104.538127">
<ele>562</ele>
<time>2026-09-29T18:49:25.041-06:00</time>
<extensions>
<gpxtpx:TrackPointExtension>
<gpxtpx:speed>4.48</gpxtpx:speed>
</gpxtpx:TrackPointExtension>
<opentracks:accuracy_horizontal>4.082</opentracks:accuracy_horizontal></extensions>
</trkpt>
<trkpt lat="50.464655" lon="-104.538251">
<ele>562</ele>
<time>2026-09-29T18:49:27.024-06:00</time>
<extensions>
<gpxtpx:TrackPointExtension>
<gpxtpx:speed>4.62</gpxtpx:speed>
</gpxtpx:TrackPointExtension>
<opentracks:accuracy_horizontal>4.592</opentracks:accuracy_horizontal></extensions>
</trkpt>
<trkpt lat="50.46461" lon="-104.538379">
<ele>562</ele>
<time>2026-09-29T18:49:29.022-06:00</time>
<extensions>
<gpxtpx:TrackPointExtension>
<gpxtpx:speed>4.62</gpxtpx:speed>
</gpxtpx:TrackPointExtension>
<opentracks:accuracy_horizontal>4.082</opentracks:accuracy_horizontal></extensions>
</trkpt>
<trkpt lat="50.464547" lon="-104.538557">
<ele>561</ele>
<time>2026-09-29T18:49:32.019-06:00</time>
<extensions>
<gpxtpx:TrackPointExtension>
<gpxtpx:speed>4.97</gpxtpx:speed>
</gpxtpx:TrackPointExtension>
<opentracks:accuracy_horizontal>4.592</opentracks:accuracy_horizontal></extensions>
</trkpt>
<trkpt lat="50.464453" lon="-104.538683">
<ele>562</ele>
<time>2026-09-29T18:49:35.03-06:00</time>
<extensions>
<gpxtpx:TrackPointExtension>
<gpxtpx:speed>4.41</gpxtpx:speed>
</gpxtpx:TrackPointExtension>
<opentracks:accuracy_horizontal>3.571</opentracks:accuracy_horizontal></extensions>
</trkpt>
<trkpt lat="50.464358" lon="-104.538808">
<ele>560</ele>
<time>2026-09-29T18:49:38.022-06:00</time>
<extensions>
<gpxtpx:TrackPointExtension>
<gpxtpx:speed>4.7</gpxtpx:speed>
</gpxtpx:TrackPointExtension>
<opentracks:accuracy_horizontal>5.102</opentracks:accuracy_horizontal></extensions>
</trkpt>
<trkpt lat="50.464254" lon="-104.538892">
<ele>560</ele>
<time>2026-09-29T18:49:41.03-06:00</time>
<extensions>
<gpxtpx:TrackPointExtension>
<gpxtpx:speed>4.44</gpxtpx:speed>
</gpxtpx:TrackPointExtension>
<opentracks:accuracy_horizontal>4.592</opentracks:accuracy_horizontal></extensions>
</trkpt>
<trkpt lat="50.464166" lon="-104.538974">
<ele>560</ele>
<time>2026-09-29T18:49:44.026-06:00</time>
<extensions>
<gpxtpx:TrackPointExtension>
<gpxtpx:speed>3.65</gpxtpx:speed>
</gpxtpx:TrackPointExtension>
<opentracks:accuracy_horizontal>4.592</opentracks:accuracy_horizontal></extensions>
</trkpt>
<trkpt lat="50.464079" lon="-104.539074">
<ele>559</ele>
<time>2026-09-29T18:49:47.053-06:00</time>
<extensions>
<gpxtpx:TrackPointExtension>
<gpxtpx:speed>4.4</gpxtpx:speed>
</gpxtpx:TrackPointExtension>
<opentracks:accuracy_horizontal>6.122</opentracks:accuracy_horizontal></extensions>
</trkpt>
<trkpt lat="50.463964" lon="-104.539165">
<ele>560</ele>
<time>2026-09-29T18:49:50.054-06:00</time>
<extensions>
<gpxtpx:TrackPointExtension>
<gpxtpx:speed>4.46</gpxtpx:speed>
</gpxtpx:TrackPointExtension>
<opentracks:accuracy_horizontal>4.082</opentracks:accuracy_horizontal></extensions>
</trkpt>
<trkpt lat="50.463856" lon="-104.53925">
<ele>560</ele>
<time>2026-09-29T18:49:53.027-06:00</time>
<extensions>
<gpxtpx:TrackPointExtension>
<gpxtpx:speed>4.36</gpxtpx:speed>
</gpxtpx:TrackPointExtension>
<opentracks:accuracy_horizontal>4.082</opentracks:accuracy_horizontal></extensions>
</trkpt>
<trkpt lat="50.463747" lon="-104.539348">
<ele>560</ele>
<time>2026-09-29T18:49:56.055-06:00</time>
<extensions>
<gpxtpx:TrackPointExtension>
<gpxtpx:speed>4.56</gpxtpx:speed>
</gpxtpx:TrackPointExtension>
<opentracks:accuracy_horizontal>4.592</opentracks:accuracy_horizontal></extensions>
</trkpt>
<trkpt lat="50.463657" lon="-104.539447">
<ele>560</ele>
<time>2026-09-29T18:49:59.046-06:00</time>
<extensions>
<gpxtpx:TrackPointExtension>
<gpxtpx:speed>4.16</gpxtpx:speed>
</gpxtpx:TrackPointExtension>
<opentracks:accuracy_horizontal>6.122</opentracks:accuracy_horizontal></extensions>
</trkpt>
<trkpt lat="50.463557" lon="-104.539517">
<ele>560</ele>
<time>2026-09-29T18:50:02.035-06:00</time>
<extensions>
<gpxtpx:TrackPointExtension>
<gpxtpx:speed>3.91</gpxtpx:speed>
</gpxtpx:TrackPointExtension>
<opentracks:accuracy_horizontal>5.612</opentracks:accuracy_horizontal></extensions>
</trkpt>
<trkpt lat="50.463444" lon="-104.539537">
<ele>560</ele>
<time>2026-09-29T18:50:05.045-06:00</time>
<extensions>
<gpxtpx:TrackPointExtension>
<gpxtpx:speed>4.32</gpxtpx:speed>
</gpxtpx:TrackPointExtension>
<opentracks:accuracy_horizontal>5.612</opentracks:accuracy_horizontal></extensions>
</trkpt>
<trkpt lat="50.463351" lon="-104.539448">
<ele>559</ele>
<time>2026-09-29T18:50:07.046-06:00</time>
<extensions>
<gpxtpx:TrackPointExtension>
<gpxtpx:speed>6.2</gpxtpx:speed>
</gpxtpx:TrackPointExtension>
<opentracks:accuracy_horizontal>5.102</opentracks:accuracy_horizontal></extensions>
</trkpt>
<trkpt lat="50.463287" lon="-104.5393">
<ele>561</ele>
<time>2026-09-29T18:50:09.045-06:00</time>
<extensions>
<gpxtpx:TrackPointExtension>
<gpxtpx:speed>6.35</gpxtpx:speed>
</gpxtpx:TrackPointExtension>
<opentracks:accuracy_horizontal>4.592</opentracks:accuracy_horizontal></extensions>
</trkpt>
<trkpt lat="50.463233" lon="-104.539171">
<ele>560</ele>
<time>2026-09-29T18:50:11.043-06:00</time>
<extensions>
<gpxtpx:TrackPointExtension>
<gpxtpx:speed>5.27</gpxtpx:speed>
</gpxtpx:TrackPointExtension>
<opentracks:accuracy_horizontal>4.082</opentracks:accuracy_horizontal></extensions>
</trkpt>
<trkpt lat="50.463164" lon="-104.539">
<ele>559</ele>
<time>2026-09-29T18:50:14.051-06:00</time>
<extensions>
<gpxtpx:TrackPointExtension>
<gpxtpx:speed>5.06</gpxtpx:speed>
</gpxtpx:TrackPointExtension>
<opentracks:accuracy_horizontal>4.082</opentracks:accuracy_horizontal></extensions>
</trkpt>
<trkpt lat="50.463106" lon="-104.538831">
<ele>559</ele>
<time>2026-09-29T18:50:17.059-06:00</time>
<extensions>
<gpxtpx:TrackPointExtension>
<gpxtpx:speed>3.87</gpxtpx:speed>
</gpxtpx:TrackPointExtension>
<opentracks:accuracy_horizontal>5.612</opentracks:accuracy_horizontal></extensions>
</trkpt>
<trkpt lat="50.46302" lon="-104.538712">
<ele>559</ele>
<time>2026-09-29T18:50:20.044-06:00</time>
<extensions>
<gpxtpx:TrackPointExtension>
<gpxtpx:speed>4.53</gpxtpx:speed>
</gpxtpx:TrackPointExtension>
<opentracks:accuracy_horizontal>4.592</opentracks:accuracy_horizontal></extensions>
</trkpt>
<trkpt lat="50.462893" lon="-104.538793">
<ele>559</ele>
<time>2026-09-29T18:50:23.049-06:00</time>
<extensions>
<gpxtpx:TrackPointExtension>
<gpxtpx:speed>5.78</gpxtpx:speed>
</gpxtpx:TrackPointExtension>
<opentracks:accuracy_horizontal>5.102</opentracks:accuracy_horizontal></extensions>
</trkpt>
<trkpt lat="50.462799" lon="-104.538879">
<ele>560</ele>
<time>2026-09-29T18:50:25.041-06:00</time>
<extensions>
<gpxtpx:TrackPointExtension>
<gpxtpx:speed>5.72</gpxtpx:speed>
</gpxtpx:TrackPointExtension>
<opentracks:accuracy_horizontal>5.612</opentracks:accuracy_horizontal></extensions>
</trkpt>
<trkpt lat="50.462705" lon="-104.538942">
<ele>560</ele>
<time>2026-09-29T18:50:27.039-06:00</time>
<extensions>
<gpxtpx:TrackPointExtension>
<gpxtpx:speed>4.92</gpxtpx:speed>
</gpxtpx:TrackPointExtension>
<opentracks:accuracy_horizontal>3.571</opentracks:accuracy_horizontal></extensions>
</trkpt>
<trkpt lat="50.462627" lon="-104.539021">
<ele>560</ele>
<time>2026-09-29T18:50:29.048-06:00</time>
<extensions>
<gpxtpx:TrackPointExtension>
<gpxtpx:speed>5.28</gpxtpx:speed>
</gpxtpx:TrackPointExtension>
<opentracks:accuracy_horizontal>1.02</opentracks:accuracy_horizontal></extensions>
</trkpt>
<trkpt lat="50.462525" lon="-104.539111">
<ele>559</ele>
<time>2026-09-29T18:50:31.022-06:00</time>
<extensions>
<gpxtpx:TrackPointExtension>
<gpxtpx:speed>6.53</gpxtpx:speed>
</gpxtpx:TrackPointExtension>
<opentracks:accuracy_horizontal>1.02</opentracks:accuracy_horizontal></extensions>
</trkpt>
<trkpt lat="50.462437" lon="-104.539226">
<ele>559</ele>
<time>2026-09-29T18:50:33.049-06:00</time>
<extensions>
<gpxtpx:TrackPointExtension>
<gpxtpx:speed>6.12</gpxtpx:speed>
</gpxtpx:TrackPointExtension>
<opentracks:accuracy_horizontal>1.02</opentracks:accuracy_horizontal></extensions>
</trkpt>
<trkpt lat="50.462365" lon="-104.539338">
<ele>560</ele>
<time>2026-09-29T18:50:35.043-06:00</time>
<extensions>
<gpxtpx:TrackPointExtension>
<gpxtpx:speed>5.37</gpxtpx:speed>
</gpxtpx:TrackPointExtension>
<opentracks:accuracy_horizontal>4.082</opentracks:accuracy_horizontal></extensions>
</trkpt>
<trkpt lat="50.462296" lon="-104.539455">
<ele>560</ele>
<time>2026-09-29T18:50:37.039-06:00</time>
<extensions>
<gpxtpx:TrackPointExtension>
<gpxtpx:speed>5.73</gpxtpx:speed>
</gpxtpx:TrackPointExtension>
<opentracks:accuracy_horizontal>1.02</opentracks:accuracy_horizontal></extensions>
</trkpt>
<trkpt lat="50.462235" lon="-104.539581">
<ele>560</ele>
<time>2026-09-29T18:50:39.032-06:00</time>
<extensions>
<gpxtpx:TrackPointExtension>
<gpxtpx:speed>5.44</gpxtpx:speed>
</gpxtpx:TrackPointExtension>
<opentracks:accuracy_horizontal>1.02</opentracks:accuracy_horizontal></extensions>
</trkpt>
<trkpt lat="50.46217" lon="-104.539698">
<ele>560</ele>
<time>2026-09-29T18:50:41.027-06:00</time>
<extensions>
<gpxtpx:TrackPointExtension>
<gpxtpx:speed>4.97</gpxtpx:speed>
</gpxtpx:TrackPointExtension>
<opentracks:accuracy_horizontal>1.02</opentracks:accuracy_horizontal></extensions>
</trkpt>
<trkpt lat="50.462105" lon="-104.539883">
<ele>560</ele>
<time>2026-09-29T18:50:44.056-06:00</time>
<extensions>
<gpxtpx:TrackPointExtension>
<gpxtpx:speed>5.12</gpxtpx:speed>
</gpxtpx:TrackPointExtension>
<opentracks:accuracy_horizontal>1.02</opentracks:accuracy_horizontal></extensions>
</trkpt>
<trkpt lat="50.462071" lon="-104.540027">
<ele>560</ele>
<time>2026-09-29T18:50:46.053-06:00</time>
<extensions>
<gpxtpx:TrackPointExtension>
<gpxtpx:speed>5.42</gpxtpx:speed>
</gpxtpx:TrackPointExtension>
<opentracks:accuracy_horizontal>1.02</opentracks:accuracy_horizontal></extensions>
</trkpt>
<trkpt lat="50.462049" lon="-104.540169">
<ele>560</ele>
<time>2026-09-29T18:50:48.049-06:00</time>
<extensions>
<gpxtpx:TrackPointExtension>
<gpxtpx:speed>4.94</gpxtpx:speed>
</gpxtpx:TrackPointExtension>
<opentracks:accuracy_horizontal>1.02</opentracks:accuracy_horizontal></extensions>
</trkpt>
<trkpt lat="50.462024" lon="-104.540309">
<ele>560</ele>
<time>2026-09-29T18:50:50.036-06:00</time>
<extensions>
<gpxtpx:TrackPointExtension>
<gpxtpx:speed>5.08</gpxtpx:speed>
</gpxtpx:TrackPointExtension>
<opentracks:accuracy_horizontal>1.02</opentracks:accuracy_horizontal></extensions>
</trkpt>
<trkpt lat="50.462014" lon="-104.540468">
<ele>560</ele>
<time>2026-09-29T18:50:52.052-06:00</time>
<extensions>
<gpxtpx:TrackPointExtension>
<gpxtpx:speed>5.21</gpxtpx:speed>
</gpxtpx:TrackPointExtension>
<opentracks:accuracy_horizontal>1.02</opentracks:accuracy_horizontal></extensions>
</trkpt>
<trkpt lat="50.462004" lon="-104.540629">
<ele>559</ele>
<time>2026-09-29T18:50:54.056-06:00</time>
<extensions>
<gpxtpx:TrackPointExtension>
<gpxtpx:speed>5.67</gpxtpx:speed>
</gpxtpx:TrackPointExtension>
<opentracks:accuracy_horizontal>0.51</opentracks:accuracy_horizontal></extensions>
</trkpt>
<trkpt lat="50.461995" lon="-104.540777">
<ele>558</ele>
<time>2026-09-29T18:50:56.063-06:00</time>
<extensions>
<gpxtpx:TrackPointExtension>
<gpxtpx:speed>5.04</gpxtpx:speed>
</gpxtpx:TrackPointExtension>
<opentracks:accuracy_horizontal>1.02</opentracks:accuracy_horizontal></extensions>
</trkpt>
<trkpt lat="50.462003" lon="-104.540997">
<ele>559</ele>
<time>2026-09-29T18:50:59.035-06:00</time>
<extensions>
<gpxtpx:TrackPointExtension>
<gpxtpx:speed>5.16</gpxtpx:speed>
</gpxtpx:TrackPointExtension>
<opentracks:accuracy_horizontal>1.02</opentracks:accuracy_horizontal></extensions>
</trkpt>
<trkpt lat="50.461982" lon="-104.541188">
<ele>559</ele>
<time>2026-09-29T18:51:02.05-06:00</time>
<extensions>
<gpxtpx:TrackPointExtension>
<gpxtpx:speed>4.45</gpxtpx:speed>
</gpxtpx:TrackPointExtension>
<opentracks:accuracy_horizontal>4.592</opentracks:accuracy_horizontal></extensions>
</trkpt>
<trkpt lat="50.461986" lon="-104.541366">
<ele>558</ele>
<time>2026-09-29T18:51:05.059-06:00</time>
<extensions>
<gpxtpx:TrackPointExtension>
<gpxtpx:speed>4.34</gpxtpx:speed>
</gpxtpx:TrackPointExtension>
<opentracks:accuracy_horizontal>4.592</opentracks:accuracy_horizontal></extensions>
</trkpt>
<trkpt lat="50.461972" lon="-104.541543">
<ele>558</ele>
<time>2026-09-29T18:51:08.053-06:00</time>
<extensions>
<gpxtpx:TrackPointExtension>
<gpxtpx:speed>4</gpxtpx:speed>
</gpxtpx:TrackPointExtension>
<opentracks:accuracy_horizontal>3.571</opentracks:accuracy_horizontal></extensions>
</trkpt>
<trkpt lat="50.461896" lon="-104.541684">
<ele>558</ele>
<time>2026-09-29T18:51:11.039-06:00</time>
<extensions>
<gpxtpx:TrackPointExtension>
<gpxtpx:speed>4.92</gpxtpx:speed>
</gpxtpx:TrackPointExtension>
<opentracks:accuracy_horizontal>0.51</opentracks:accuracy_horizontal></extensions>
</trkpt>
<trkpt lat="50.461803" lon="-104.541729">
<ele>558</ele>
<time>2026-09-29T18:51:13.047-06:00</time>
<extensions>
<gpxtpx:TrackPointExtension>
<gpxtpx:speed>5.56</gpxtpx:speed>
</gpxtpx:TrackPointExtension>
<opentracks:accuracy_horizontal>1.02</opentracks:accuracy_horizontal></extensions>
</trkpt>
<trkpt lat="50.461707" lon="-104.541761">
<ele>557</ele>
<time>2026-09-29T18:51:15.05-06:00</time>
<extensions>
<gpxtpx:TrackPointExtension>
<gpxtpx:speed>5.39</gpxtpx:speed>
</gpxtpx:TrackPointExtension>
<opentracks:accuracy_horizontal>1.02</opentracks:accuracy_horizontal></extensions>
</trkpt>
<trkpt lat="50.461611" lon="-104.54175">
<ele>558</ele>
<time>2026-09-29T18:51:17.028-06:00</time>
<extensions>
<gpxtpx:TrackPointExtension>
<gpxtpx:speed>6</gpxtpx:speed>
</gpxtpx:TrackPointExtension>
<opentracks:accuracy_horizontal>1.02</opentracks:accuracy_horizontal></extensions>
</trkpt>
<trkpt lat="50.461514" lon="-104.541754">
<ele>557</ele>
<time>2026-09-29T18:51:19.03-06:00</time>
<extensions>
<gpxtpx:TrackPointExtension>
<gpxtpx:speed>5.47</gpxtpx:speed>
</gpxtpx:TrackPointExtension>
<opentracks:accuracy_horizontal>1.02</opentracks:accuracy_horizontal></extensions>
</trkpt>
<trkpt lat="50.461423" lon="-104.541755">
<ele>557</ele>
<time>2026-09-29T18:51:21.03-06:00</time>
<extensions>
<gpxtpx:TrackPointExtension>
<gpxtpx:speed>4.95</gpxtpx:speed>
</gpxtpx:TrackPointExtension>
<opentracks:accuracy_horizontal>1.02</opentracks:accuracy_horizontal></extensions>
</trkpt>
<trkpt lat="50.461332" lon="-104.541748">
<ele>558</ele>
<time>2026-09-29T18:51:23.032-06:00</time>
<extensions>
<gpxtpx:TrackPointExtension>
<gpxtpx:speed>5</gpxtpx:speed>
</gpxtpx:TrackPointExtension>
<opentracks:accuracy_horizontal>4.592</opentracks:accuracy_horizontal></extensions>
</trkpt>
<trkpt lat="50.461201" lon="-104.541738">
<ele>558</ele>
<time>2026-09-29T18:51:26.045-06:00</time>
<extensions>
<gpxtpx:TrackPointExtension>
<gpxtpx:speed>4.58</gpxtpx:speed>
</gpxtpx:TrackPointExtension>
<opentracks:accuracy_horizontal>4.592</opentracks:accuracy_horizontal></extensions>
</trkpt>
<trkpt lat="50.461067" lon="-104.541764">
<ele>559</ele>
<time>2026-09-29T18:51:29.042-06:00</time>
<extensions>
<gpxtpx:TrackPointExtension>
<gpxtpx:speed>5.63</gpxtpx:speed>
</gpxtpx:TrackPointExtension>
<opentracks:accuracy_horizontal>4.082</opentracks:accuracy_horizontal></extensions>
</trkpt>
<trkpt lat="50.460962" lon="-104.541769">
<ele>558</ele>
<time>2026-09-29T18:51:31.049-06:00</time>
<extensions>
<gpxtpx:TrackPointExtension>
<gpxtpx:speed>6.12</gpxtpx:speed>
</gpxtpx:TrackPointExtension>
<opentracks:accuracy_horizontal>4.592</opentracks:accuracy_horizontal></extensions>
</trkpt>
<trkpt lat="50.460858" lon="-104.541757">
<ele>558</ele>
<time>2026-09-29T18:51:33.042-06:00</time>
<extensions>
<gpxtpx:TrackPointExtension>
<gpxtpx:speed>5.54</gpxtpx:speed>
</gpxtpx:TrackPointExtension>
<opentracks:accuracy_horizontal>4.592</opentracks:accuracy_horizontal></extensions>
</trkpt>
<trkpt lat="50.460757" lon="-104.54176">
<ele>558</ele>
<time>2026-09-29T18:51:35.051-06:00</time>
<extensions>
<gpxtpx:TrackPointExtension>
<gpxtpx:speed>5.3</gpxtpx:speed>
</gpxtpx:TrackPointExtension>
<opentracks:accuracy_horizontal>4.592</opentracks:accuracy_horizontal></extensions>
</trkpt>
<trkpt lat="50.460667" lon="-104.541771">
<ele>558</ele>
<time>2026-09-29T18:51:37.043-06:00</time>
<extensions>
<gpxtpx:TrackPointExtension>
<gpxtpx:speed>4.89</gpxtpx:speed>
</gpxtpx:TrackPointExtension>
<opentracks:accuracy_horizontal>3.571</opentracks:accuracy_horizontal></extensions>
</trkpt>
<trkpt lat="50.460541" lon="-104.54179">
<ele>557</ele>
<time>2026-09-29T18:51:40.049-06:00</time>
<extensions>
<gpxtpx:TrackPointExtension>
<gpxtpx:speed>5.24</gpxtpx:speed>
</gpxtpx:TrackPointExtension>
<opentracks:accuracy_horizontal>4.592</opentracks:accuracy_horizontal></extensions>
</trkpt>
<trkpt lat="50.460441" lon="-104.541776">
<ele>557</ele>
<time>2026-09-29T18:51:42.034-06:00</time>
<extensions>
<gpxtpx:TrackPointExtension>
<gpxtpx:speed>5.64</gpxtpx:speed>
</gpxtpx:TrackPointExtension>
<opentracks:accuracy_horizontal>4.082</opentracks:accuracy_horizontal></extensions>
</trkpt>
<trkpt lat="50.460332" lon="-104.541753">
<ele>556</ele>
<time>2026-09-29T18:51:44.045-06:00</time>
<extensions>
<gpxtpx:TrackPointExtension>
<gpxtpx:speed>5.87</gpxtpx:speed>
</gpxtpx:TrackPointExtension>
<opentracks:accuracy_horizontal>1.02</opentracks:accuracy_horizontal></extensions>
</trkpt>
<trkpt lat="50.460219" lon="-104.541715">
<ele>556</ele>
<time>2026-09-29T18:51:46.063-06:00</time>
<extensions>
<gpxtpx:TrackPointExtension>
<gpxtpx:speed>6.39</gpxtpx:speed>
</gpxtpx:TrackPointExtension>
<opentracks:accuracy_horizontal>0.51</opentracks:accuracy_horizontal></extensions>
</trkpt>
<trkpt lat="50.460093" lon="-104.5417">
<ele>556</ele>
<time>2026-09-29T18:51:48.055-06:00</time>
<extensions>
<gpxtpx:TrackPointExtension>
<gpxtpx:speed>6.91</gpxtpx:speed>
</gpxtpx:TrackPointExtension>
<opentracks:accuracy_horizontal>1.02</opentracks:accuracy_horizontal></extensions>
</trkpt>
<trkpt lat="50.459967" lon="-104.541663">
<ele>556</ele>
<time>2026-09-29T18:51:50.053-06:00</time>
<extensions>
<gpxtpx:TrackPointExtension>
<gpxtpx:speed>6.76</gpxtpx:speed>
</gpxtpx:TrackPointExtension>
<opentracks:accuracy_horizontal>1.02</opentracks:accuracy_horizontal></extensions>
</trkpt>
<trkpt lat="50.459859" lon="-104.541627">
<ele>557</ele>
<time>2026-09-29T18:51:52.044-06:00</time>
<extensions>
<gpxtpx:TrackPointExtension>
<gpxtpx:speed>6.14</gpxtpx:speed>
</gpxtpx:TrackPointExtension>
<opentracks:accuracy_horizontal>1.02</opentracks:accuracy_horizontal></extensions>
</trkpt>
<trkpt lat="50.459757" lon="-104.541608">
<ele>557</ele>
<time>2026-09-29T18:51:54.047-06:00</time>
<extensions>
<gpxtpx:TrackPointExtension>
<gpxtpx:speed>5.73</gpxtpx:speed>
</gpxtpx:TrackPointExtension>
<opentracks:accuracy_horizontal>1.02</opentracks:accuracy_horizontal></extensions>
</trkpt>
<trkpt lat="50.459661" lon="-104.541569">
<ele>557</ele>
<time>2026-09-29T18:51:56.043-06:00</time>
<extensions>
<gpxtpx:TrackPointExtension>
<gpxtpx:speed>5.07</gpxtpx:speed>
</gpxtpx:TrackPointExtension>
<opentracks:accuracy_horizontal>1.02</opentracks:accuracy_horizontal></extensions>
</trkpt>
<trkpt lat="50.459543" lon="-104.541517">
<ele>557</ele>
<time>2026-09-29T18:51:59.046-06:00</time>
<extensions>
<gpxtpx:TrackPointExtension>
<gpxtpx:speed>4.33</gpxtpx:speed>
</gpxtpx:TrackPointExtension>
<opentracks:accuracy_horizontal>4.592</opentracks:accuracy_horizontal></extensions>
</trkpt>
<trkpt lat="50.459436" lon="-104.541478">
<ele>557</ele>
<time>2026-09-29T18:52:02.054-06:00</time>
<extensions>
<gpxtpx:TrackPointExtension>
<gpxtpx:speed>2.9</gpxtpx:speed>
</gpxtpx:TrackPointExtension>
<opentracks:accuracy_horizontal>4.082</opentracks:accuracy_horizontal></extensions>
</trkpt>
<trkpt lat="50.45932" lon="-104.54146">
<ele>557</ele>
<time>2026-09-29T18:52:06.055-06:00</time>
<extensions>
<gpxtpx:TrackPointExtension>
<gpxtpx:speed>4.01</gpxtpx:speed>
</gpxtpx:TrackPointExtension>
<opentracks:accuracy_horizontal>4.082</opentracks:accuracy_horizontal></extensions>
</trkpt>
<trkpt lat="50.459252" lon="-104.541554">
<ele>557</ele>
<time>2026-09-29T18:52:08.054-06:00</time>
<extensions>
<gpxtpx:TrackPointExtension>
<gpxtpx:speed>5.46</gpxtpx:speed>
</gpxtpx:TrackPointExtension>
<opentracks:accuracy_horizontal>5.612</opentracks:accuracy_horizontal></extensions>
</trkpt>
<trkpt lat="50.459246" lon="-104.541725">
<ele>558</ele>
<time>2026-09-29T18:52:10.058-06:00</time>
<extensions>
<gpxtpx:TrackPointExtension>
<gpxtpx:speed>6.3</gpxtpx:speed>
</gpxtpx:TrackPointExtension>
<opentracks:accuracy_horizontal>6.633</opentracks:accuracy_horizontal></extensions>
</trkpt>
<trkpt lat="50.459205" lon="-104.541925">
<ele>558</ele>
<time>2026-09-29T18:52:12.053-06:00</time>
<extensions>
<gpxtpx:TrackPointExtension>
<gpxtpx:speed>7.63</gpxtpx:speed>
</gpxtpx:TrackPointExtension>
<opentracks:accuracy_horizontal>6.633</opentracks:accuracy_horizontal></extensions>
</trkpt>
<trkpt lat="50.459154" lon="-104.542126">
<ele>559</ele>
<time>2026-09-29T18:52:14.054-06:00</time>
<extensions>
<gpxtpx:TrackPointExtension>
<gpxtpx:speed>7.35</gpxtpx:speed>
</gpxtpx:TrackPointExtension>
<opentracks:accuracy_horizontal>1.02</opentracks:accuracy_horizontal></extensions>
</trkpt>
<trkpt lat="50.459123" lon="-104.542293">
<ele>559</ele>
<time>2026-09-29T18:52:16.055-06:00</time>
<extensions>
<gpxtpx:TrackPointExtension>
<gpxtpx:speed>4.56</gpxtpx:speed>
</gpxtpx:TrackPointExtension>
<opentracks:accuracy_horizontal>1.02</opentracks:accuracy_horizontal></extensions>
</trkpt>
<trkpt lat="50.459096" lon="-104.542464">
<ele>559</ele>
<time>2026-09-29T18:52:19.048-06:00</time>
<extensions>
<gpxtpx:TrackPointExtension>
<gpxtpx:speed>3.99</gpxtpx:speed>
</gpxtpx:TrackPointExtension>
<opentracks:accuracy_horizontal>1.02</opentracks:accuracy_horizontal></extensions>
</trkpt>
<trkpt lat="50.459047" lon="-104.542345">
<ele>559</ele>
<time>2026-09-29T18:52:23.031-06:00</time>
<extensions>
<gpxtpx:TrackPointExtension>
<gpxtpx:speed>3.2</gpxtpx:speed>
</gpxtpx:TrackPointExtension>
<opentracks:accuracy_horizontal>6.122</opentracks:accuracy_horizontal></extensions>
</trkpt>
<trkpt lat="50.459072" lon="-104.542207">
<ele>558</ele>
<time>2026-09-29T18:52:27.051-06:00</time>
<extensions>
<gpxtpx:TrackPointExtension>
<gpxtpx:speed>1.5</gpxtpx:speed>
</gpxtpx:TrackPointExtension>
<opentracks:accuracy_horizontal>6.633</opentracks:accuracy_horizontal></extensions>
</trkpt>
<trkpt lat="50.459118" lon="-104.542046">
<ele>557</ele>
<time>2026-09-29T18:52:35.058-06:00</time>
<extensions>
<gpxtpx:TrackPointExtension>
<gpxtpx:speed>3.02</gpxtpx:speed>
</gpxtpx:TrackPointExtension>
<opentracks:accuracy_horizontal>7.143</opentracks:accuracy_horizontal></extensions>
</trkpt>
<trkpt lat="50.459141" lon="-104.541877">
<ele>557</ele>
<time>2026-09-29T18:52:38.038-06:00</time>
<extensions>
<gpxtpx:TrackPointExtension>
<gpxtpx:speed>4.25</gpxtpx:speed>
</gpxtpx:TrackPointExtension>
<opentracks:accuracy_horizontal>6.122</opentracks:accuracy_horizontal></extensions>
</trkpt>
<trkpt lat="50.459167" lon="-104.541697">
<ele>558</ele>
<time>2026-09-29T18:52:41.039-06:00</time>
<extensions>
<gpxtpx:TrackPointExtension>
<gpxtpx:speed>3.93</gpxtpx:speed>
</gpxtpx:TrackPointExtension>
<opentracks:accuracy_horizontal>5.102</opentracks:accuracy_horizontal></extensions>
</trkpt>
<trkpt lat="50.459199" lon="-104.54154">
<ele>558</ele>
<time>2026-09-29T18:52:44.048-06:00</time>
<extensions>
<gpxtpx:TrackPointExtension>
<gpxtpx:speed>3.65</gpxtpx:speed>
</gpxtpx:TrackPointExtension>
<opentracks:accuracy_horizontal>7.143</opentracks:accuracy_horizontal></extensions>
</trkpt>
<trkpt lat="50.459251" lon="-104.541395">
<ele>559</ele>
<time>2026-09-29T18:52:47.054-06:00</time>
<extensions>
<gpxtpx:TrackPointExtension>
<gpxtpx:speed>5.31</gpxtpx:speed>
</gpxtpx:TrackPointExtension>
<opentracks:accuracy_horizontal>6.633</opentracks:accuracy_horizontal></extensions>
</trkpt>
<trkpt lat="50.459357" lon="-104.541376">
<ele>559</ele>
<time>2026-09-29T18:52:49.051-06:00</time>
<extensions>
<gpxtpx:TrackPointExtension>
<gpxtpx:speed>6.64</gpxtpx:speed>
</gpxtpx:TrackPointExtension>
<opentracks:accuracy_horizontal>5.612</opentracks:accuracy_horizontal></extensions>
</trkpt>
<trkpt lat="50.459472" lon="-104.541401">
<ele>558</ele>
<time>2026-09-29T18:52:51.069-06:00</time>
<extensions>
<gpxtpx:TrackPointExtension>
<gpxtpx:speed>6.66</gpxtpx:speed>
</gpxtpx:TrackPointExtension>
<opentracks:accuracy_horizontal>5.102</opentracks:accuracy_horizontal></extensions>
</trkpt>
<trkpt lat="50.45958" lon="-104.541435">
<ele>557</ele>
<time>2026-09-29T18:52:53.052-06:00</time>
<extensions>
<gpxtpx:TrackPointExtension>
<gpxtpx:speed>6.55</gpxtpx:speed>
</gpxtpx:TrackPointExtension>
<opentracks:accuracy_horizontal>1.02</opentracks:accuracy_horizontal></extensions>
</trkpt>
<trkpt lat="50.459688" lon="-104.541493">
<ele>557</ele>
<time>2026-09-29T18:52:55.057-06:00</time>
<extensions>
<gpxtpx:TrackPointExtension>
<gpxtpx:speed>6.46</gpxtpx:speed>
</gpxtpx:TrackPointExtension>
<opentracks:accuracy_horizontal>1.02</opentracks:accuracy_horizontal></extensions>
</trkpt>
<trkpt lat="50.459803" lon="-104.541528">
<ele>557</ele>
<time>2026-09-29T18:52:57.055-06:00</time>
<extensions>
<gpxtpx:TrackPointExtension>
<gpxtpx:speed>6.69</gpxtpx:speed>
</gpxtpx:TrackPointExtension>
<opentracks:accuracy_horizontal>1.02</opentracks:accuracy_horizontal></extensions>
</trkpt>
<trkpt lat="50.45992" lon="-104.541583">
<ele>556</ele>
<time>2026-09-29T18:52:59.046-06:00</time>
<extensions>
<gpxtpx:TrackPointExtension>
<gpxtpx:speed>6.78</gpxtpx:speed>
</gpxtpx:TrackPointExtension>
<opentracks:accuracy_horizontal>1.02</opentracks:accuracy_horizontal></extensions>
</trkpt>
<trkpt lat="50.46004" lon="-104.541617">
<ele>556</ele>
<time>2026-09-29T18:53:01.059-06:00</time>
<extensions>
<gpxtpx:TrackPointExtension>
<gpxtpx:speed>6.39</gpxtpx:speed>
</gpxtpx:TrackPointExtension>
<opentracks:accuracy_horizontal>1.02</opentracks:accuracy_horizontal></extensions>
</trkpt>
<trkpt lat="50.460154" lon="-104.541647">
<ele>557</ele>
<time>2026-09-29T18:53:03.053-06:00</time>
<extensions>
<gpxtpx:TrackPointExtension>
<gpxtpx:speed>6.44</gpxtpx:speed>
</gpxtpx:TrackPointExtension>
<opentracks:accuracy_horizontal>1.02</opentracks:accuracy_horizontal></extensions>
</trkpt>
<trkpt lat="50.460268" lon="-104.541657">
<ele>557</ele>
<time>2026-09-29T18:53:05.063-06:00</time>
<extensions>
<gpxtpx:TrackPointExtension>
<gpxtpx:speed>6.36</gpxtpx:speed>
</gpxtpx:TrackPointExtension>
<opentracks:accuracy_horizontal>1.02</opentracks:accuracy_horizontal></extensions>
</trkpt>
<trkpt lat="50.460381" lon="-104.541667">
<ele>557</ele>
<time>2026-09-29T18:53:07.059-06:00</time>
<extensions>
<gpxtpx:TrackPointExtension>
<gpxtpx:speed>6.15</gpxtpx:speed>
</gpxtpx:TrackPointExtension>
<opentracks:accuracy_horizontal>1.02</opentracks:accuracy_horizontal></extensions>
</trkpt>
<trkpt lat="50.46049" lon="-104.541685">
<ele>557</ele>
<time>2026-09-29T18:53:09.062-06:00</time>
<extensions>
<gpxtpx:TrackPointExtension>
<gpxtpx:speed>6.02</gpxtpx:speed>
</gpxtpx:TrackPointExtension>
<opentracks:accuracy_horizontal>1.02</opentracks:accuracy_horizontal></extensions>
</trkpt>
<trkpt lat="50.46059" lon="-104.541681">
<ele>558</ele>
<time>2026-09-29T18:53:11.046-06:00</time>
<extensions>
<gpxtpx:TrackPointExtension>
<gpxtpx:speed>5.22</gpxtpx:speed>
</gpxtpx:TrackPointExtension>
<opentracks:accuracy_horizontal>0.51</opentracks:accuracy_horizontal></extensions>
</trkpt>
<trkpt lat="50.460684" lon="-104.541689">
<ele>558</ele>
<time>2026-09-29T18:53:13.043-06:00</time>
<extensions>
<gpxtpx:TrackPointExtension>
<gpxtpx:speed>5.15</gpxtpx:speed>
</gpxtpx:TrackPointExtension>
<opentracks:accuracy_horizontal>1.02</opentracks:accuracy_horizontal></extensions>
</trkpt>
<trkpt lat="50.460807" lon="-104.541615">
<ele>559</ele>
<time>2026-09-29T18:53:16.051-06:00</time>
<extensions>
<gpxtpx:TrackPointExtension>
<gpxtpx:speed>4.55</gpxtpx:speed>
</gpxtpx:TrackPointExtension>
<opentracks:accuracy_horizontal>1.02</opentracks:accuracy_horizontal></extensions>
</trkpt>
<trkpt lat="50.460849" lon="-104.541426">
<ele>559</ele>
<time>2026-09-29T18:53:19.055-06:00</time>
<extensions>
<gpxtpx:TrackPointExtension>
<gpxtpx:speed>5.33</gpxtpx:speed>
</gpxtpx:TrackPointExtension>
<opentracks:accuracy_horizontal>5.612</opentracks:accuracy_horizontal></extensions>
</trkpt>
<trkpt lat="50.460847" lon="-104.541252">
<ele>560</ele>
<time>2026-09-29T18:53:21.054-06:00</time>
<extensions>
<gpxtpx:TrackPointExtension>
<gpxtpx:speed>5.61</gpxtpx:speed>
</gpxtpx:TrackPointExtension>
<opentracks:accuracy_horizontal>0.51</opentracks:accuracy_horizontal></extensions>
</trkpt>
<trkpt lat="50.460853" lon="-104.541101">
<ele>561</ele>
<time>2026-09-29T18:53:23.05-06:00</time>
<extensions>
<gpxtpx:TrackPointExtension>
<gpxtpx:speed>5.58</gpxtpx:speed>
</gpxtpx:TrackPointExtension>
<opentracks:accuracy_horizontal>0.51</opentracks:accuracy_horizontal></extensions>
</trkpt>
<trkpt lat="50.460883" lon="-104.540896">
<ele>562</ele>
<time>2026-09-29T18:53:26.059-06:00</time>
<extensions>
<gpxtpx:TrackPointExtension>
<gpxtpx:speed>4.77</gpxtpx:speed>
</gpxtpx:TrackPointExtension>
<opentracks:accuracy_horizontal>1.02</opentracks:accuracy_horizontal></extensions>
</trkpt>
<trkpt lat="50.460904" lon="-104.540752">
<ele>561</ele>
<time>2026-09-29T18:53:28.06-06:00</time>
<extensions>
<gpxtpx:TrackPointExtension>
<gpxtpx:speed>4.98</gpxtpx:speed>
</gpxtpx:TrackPointExtension>
<opentracks:accuracy_horizontal>1.02</opentracks:accuracy_horizontal></extensions>
</trkpt>
<trkpt lat="50.460924" lon="-104.540609">
<ele>561</ele>
<time>2026-09-29T18:53:30.05-06:00</time>
<extensions>
<gpxtpx:TrackPointExtension>
<gpxtpx:speed>5.06</gpxtpx:speed>
</gpxtpx:TrackPointExtension>
<opentracks:accuracy_horizontal>1.02</opentracks:accuracy_horizontal></extensions>
</trkpt>
<trkpt lat="50.460908" lon="-104.540453">
<ele>561</ele>
<time>2026-09-29T18:53:32.06-06:00</time>
<extensions>
<gpxtpx:TrackPointExtension>
<gpxtpx:speed>5.92</gpxtpx:speed>
</gpxtpx:TrackPointExtension>
<opentracks:accuracy_horizontal>1.02</opentracks:accuracy_horizontal></extensions>
</trkpt>
<trkpt lat="50.460886" lon="-104.540279">
<ele>562</ele>
<time>2026-09-29T18:53:34.047-06:00</time>
<extensions>
<gpxtpx:TrackPointExtension>
<gpxtpx:speed>6.46</gpxtpx:speed>
</gpxtpx:TrackPointExtension>
<opentracks:accuracy_horizontal>1.02</opentracks:accuracy_horizontal></extensions>
</trkpt>
<trkpt lat="50.460892" lon="-104.540089">
<ele>563</ele>
<time>2026-09-29T18:53:36.045-06:00</time>
<extensions>
<gpxtpx:TrackPointExtension>
<gpxtpx:speed>6.54</gpxtpx:speed>
</gpxtpx:TrackPointExtension>
<opentracks:accuracy_horizontal>1.02</opentracks:accuracy_horizontal></extensions>
</trkpt>
<trkpt lat="50.460895" lon="-104.539909">
<ele>563</ele>
<time>2026-09-29T18:53:38.044-06:00</time>
<extensions>
<gpxtpx:TrackPointExtension>
<gpxtpx:speed>5.92</gpxtpx:speed>
</gpxtpx:TrackPointExtension>
<opentracks:accuracy_horizontal>0.51</opentracks:accuracy_horizontal></extensions>
</trkpt>
<trkpt lat="50.460908" lon="-104.539747">
<ele>563</ele>
<time>2026-09-29T18:53:40.056-06:00</time>
<extensions>
<gpxtpx:TrackPointExtension>
<gpxtpx:speed>5.49</gpxtpx:speed>
</gpxtpx:TrackPointExtension>
<opentracks:accuracy_horizontal>4.082</opentracks:accuracy_horizontal></extensions>
</trkpt>
<trkpt lat="50.460913" lon="-104.539598">
<ele>562</ele>
<time>2026-09-29T18:53:42.069-06:00</time>
<extensions>
<gpxtpx:TrackPointExtension>
<gpxtpx:speed>5.17</gpxtpx:speed>
</gpxtpx:TrackPointExtension>
<opentracks:accuracy_horizontal>4.592</opentracks:accuracy_horizontal></extensions>
</trkpt>
<trkpt lat="50.460856" lon="-104.53944">
<ele>561</ele>
<time>2026-09-29T18:53:45.054-06:00</time>
<extensions>
<gpxtpx:TrackPointExtension>
<gpxtpx:speed>4.75</gpxtpx:speed>
</gpxtpx:TrackPointExtension>
<opentracks:accuracy_horizontal>4.592</opentracks:accuracy_horizontal></extensions>
</trkpt>
<trkpt lat="50.460726" lon="-104.539389">
<ele>560</ele>
<time>2026-09-29T18:53:48.051-06:00</time>
<extensions>
<gpxtpx:TrackPointExtension>
<gpxtpx:speed>5.25</gpxtpx:speed>
</gpxtpx:TrackPointExtension>
<opentracks:accuracy_horizontal>4.592</opentracks:accuracy_horizontal></extensions>
</trkpt>
<trkpt lat="50.460633" lon="-104.539409">
<ele>560</ele>
<time>2026-09-29T18:53:50.048-06:00</time>
<extensions>
<gpxtpx:TrackPointExtension>
<gpxtpx:speed>5</gpxtpx:speed>
</gpxtpx:TrackPointExtension>
<opentracks:accuracy_horizontal>4.592</opentracks:accuracy_horizontal></extensions>
</trkpt>
<trkpt lat="50.460537" lon="-104.53942">
<ele>560</ele>
<time>2026-09-29T18:53:52.048-06:00</time>
<extensions>
<gpxtpx:TrackPointExtension>
<gpxtpx:speed>5</gpxtpx:speed>
</gpxtpx:TrackPointExtension>
<opentracks:accuracy_horizontal>5.102</opentracks:accuracy_horizontal></extensions>
</trkpt>
<trkpt lat="50.46044" lon="-104.539404">
<ele>561</ele>
<time>2026-09-29T18:53:54.06-06:00</time>
<extensions>
<gpxtpx:TrackPointExtension>
<gpxtpx:speed>4.53</gpxtpx:speed>
</gpxtpx:TrackPointExtension>
<opentracks:accuracy_horizontal>1.02</opentracks:accuracy_horizontal></extensions>
</trkpt>
<trkpt lat="50.460329" lon="-104.539405">
<ele>561</ele>
<time>2026-09-29T18:53:57.055-06:00</time>
<extensions>
<gpxtpx:TrackPointExtension>
<gpxtpx:speed>4.1</gpxtpx:speed>
</gpxtpx:TrackPointExtension>
<opentracks:accuracy_horizontal>4.592</opentracks:accuracy_horizontal></extensions>
</trkpt>
<trkpt lat="50.460238" lon="-104.539429">
<ele>562</ele>
<time>2026-09-29T18:54:00.05-06:00</time>
<extensions>
<gpxtpx:TrackPointExtension>
<gpxtpx:speed>2.52</gpxtpx:speed>
</gpxtpx:TrackPointExtension>
<opentracks:accuracy_horizontal>5.612</opentracks:accuracy_horizontal></extensions>
</trkpt>
<trkpt lat="50.460342" lon="-104.539364">
<ele>561</ele>
<time>2026-09-29T18:54:08.056-06:00</time>
<extensions>
<gpxtpx:TrackPointExtension>
<gpxtpx:speed>4.81</gpxtpx:speed>
</gpxtpx:TrackPointExtension>
<opentracks:accuracy_horizontal>6.633</opentracks:accuracy_horizontal></extensions>
</trkpt>
<trkpt lat="50.460442" lon="-104.539369">
<ele>560</ele>
<time>2026-09-29T18:54:10.052-06:00</time>
<extensions>
<gpxtpx:TrackPointExtension>
<gpxtpx:speed>6.65</gpxtpx:speed>
</gpxtpx:TrackPointExtension>
<opentracks:accuracy_horizontal>5.102</opentracks:accuracy_horizontal></extensions>
</trkpt>
<trkpt lat="50.460551" lon="-104.539352">
<ele>560</ele>
<time>2026-09-29T18:54:12.05-06:00</time>
<extensions>
<gpxtpx:TrackPointExtension>
<gpxtpx:speed>6.24</gpxtpx:speed>
</gpxtpx:TrackPointExtension>
<opentracks:accuracy_horizontal>0.51</opentracks:accuracy_horizontal></extensions>
</trkpt>
<trkpt lat="50.460676" lon="-104.539335">
<ele>560</ele>
<time>2026-09-29T18:54:14.051-06:00</time>
<extensions>
<gpxtpx:TrackPointExtension>
<gpxtpx:speed>7.1</gpxtpx:speed>
</gpxtpx:TrackPointExtension>
<opentracks:accuracy_horizontal>1.02</opentracks:accuracy_horizontal></extensions>
</trkpt>
<trkpt lat="50.460806" lon="-104.539321">
<ele>560</ele>
<time>2026-09-29T18:54:16.058-06:00</time>
<extensions>
<gpxtpx:TrackPointExtension>
<gpxtpx:speed>7.19</gpxtpx:speed>
</gpxtpx:TrackPointExtension>
<opentracks:accuracy_horizontal>1.02</opentracks:accuracy_horizontal></extensions>
</trkpt>
<trkpt lat="50.460942" lon="-104.539326">
<ele>560</ele>
<time>2026-09-29T18:54:18.056-06:00</time>
<extensions>
<gpxtpx:TrackPointExtension>
<gpxtpx:speed>7.41</gpxtpx:speed>
</gpxtpx:TrackPointExtension>
<opentracks:accuracy_horizontal>1.02</opentracks:accuracy_horizontal></extensions>
</trkpt>
<trkpt lat="50.461088" lon="-104.539351">
<ele>561</ele>
<time>2026-09-29T18:54:20.049-06:00</time>
<extensions>
<gpxtpx:TrackPointExtension>
<gpxtpx:speed>7.56</gpxtpx:speed>
</gpxtpx:TrackPointExtension>
<opentracks:accuracy_horizontal>1.02</opentracks:accuracy_horizontal></extensions>
</trkpt>
<trkpt lat="50.461224" lon="-104.539371">
<ele>561</ele>
<time>2026-09-29T18:54:22.069-06:00</time>
<extensions>
<gpxtpx:TrackPointExtension>
<gpxtpx:speed>7.09</gpxtpx:speed>
</gpxtpx:TrackPointExtension>
<opentracks:accuracy_horizontal>1.02</opentracks:accuracy_horizontal></extensions>
</trkpt>
<trkpt lat="50.461353" lon="-104.539352">
<ele>560</ele>
<time>2026-09-29T18:54:24.042-06:00</time>
<extensions>
<gpxtpx:TrackPointExtension>
<gpxtpx:speed>6.91</gpxtpx:speed>
</gpxtpx:TrackPointExtension>
<opentracks:accuracy_horizontal>1.02</opentracks:accuracy_horizontal></extensions>
</trkpt>
<trkpt lat="50.461437" lon="-104.539249">
<ele>560</ele>
<time>2026-09-29T18:54:26.054-06:00</time>
<extensions>
<gpxtpx:TrackPointExtension>
<gpxtpx:speed>5.98</gpxtpx:speed>
</gpxtpx:TrackPointExtension>
<opentracks:accuracy_horizontal>4.592</opentracks:accuracy_horizontal></extensions>
</trkpt>
<trkpt lat="50.461483" lon="-104.539104">
<ele>561</ele>
<time>2026-09-29T18:54:28.047-06:00</time>
<extensions>
<gpxtpx:TrackPointExtension>
<gpxtpx:speed>5.52</gpxtpx:speed>
</gpxtpx:TrackPointExtension>
<opentracks:accuracy_horizontal>4.592</opentracks:accuracy_horizontal></extensions>
</trkpt>
<trkpt lat="50.461531" lon="-104.538971">
<ele>560</ele>
<time>2026-09-29T18:54:30.061-06:00</time>
<extensions>
<gpxtpx:TrackPointExtension>
<gpxtpx:speed>5.11</gpxtpx:speed>
</gpxtpx:TrackPointExtension>
<opentracks:accuracy_horizontal>4.082</opentracks:accuracy_horizontal></extensions>
</trkpt>
<trkpt lat="50.46158" lon="-104.538852">
<ele>560</ele>
<time>2026-09-29T18:54:32.061-06:00</time>
<extensions>
<gpxtpx:TrackPointExtension>
<gpxtpx:speed>4.83</gpxtpx:speed>
</gpxtpx:TrackPointExtension>
<opentracks:accuracy_horizontal>3.571</opentracks:accuracy_horizontal></extensions>
</trkpt>
<trkpt lat="50.461638" lon="-104.538736">
<ele>560</ele>
<time>2026-09-29T18:54:34.048-06:00</time>
<extensions>
<gpxtpx:TrackPointExtension>
<gpxtpx:speed>5.25</gpxtpx:speed>
</gpxtpx:TrackPointExtension>
<opentracks:accuracy_horizontal>0.51</opentracks:accuracy_horizontal></extensions>
</trkpt>
<trkpt lat="50.461709" lon="-104.538613">
<ele>561</ele>
<time>2026-09-29T18:54:36.049-06:00</time>
<extensions>
<gpxtpx:TrackPointExtension>
<gpxtpx:speed>5.78</gpxtpx:speed>
</gpxtpx:TrackPointExtension>
<opentracks:accuracy_horizontal>1.02</opentracks:accuracy_horizontal></extensions>
</trkpt>
<trkpt lat="50.461771" lon="-104.538504">
<ele>560</ele>
<time>2026-09-29T18:54:38.055-06:00</time>
<extensions>
<gpxtpx:TrackPointExtension>
<gpxtpx:speed>5.47</gpxtpx:speed>
</gpxtpx:TrackPointExtension>
<opentracks:accuracy_horizontal>1.02</opentracks:accuracy_horizontal></extensions>
</trkpt>
<trkpt lat="50.461829" lon="-104.538391">
<ele>560</ele>
<time>2026-09-29T18:54:40.055-06:00</time>
<extensions>
<gpxtpx:TrackPointExtension>
<gpxtpx:speed>4.98</gpxtpx:speed>
</gpxtpx:TrackPointExtension>
<opentracks:accuracy_horizontal>1.02</opentracks:accuracy_horizontal></extensions>
</trkpt>
<trkpt lat="50.461882" lon="-104.538216">
<ele>560</ele>
<time>2026-09-29T18:54:43.055-06:00</time>
<extensions>
<gpxtpx:TrackPointExtension>
<gpxtpx:speed>4.4</gpxtpx:speed>
</gpxtpx:TrackPointExtension>
<opentracks:accuracy_horizontal>1.02</opentracks:accuracy_horizontal></extensions>
</trkpt>
<trkpt lat="50.461964" lon="-104.538108">
<ele>561</ele>
<time>2026-09-29T18:54:46.064-06:00</time>
<extensions>
<gpxtpx:TrackPointExtension>
<gpxtpx:speed>3.71</gpxtpx:speed>
</gpxtpx:TrackPointExtension>
<opentracks:accuracy_horizontal>5.612</opentracks:accuracy_horizontal></extensions>
</trkpt>
<trkpt lat="50.462049" lon="-104.538198">
<ele>562</ele>
<time>2026-09-29T18:54:49.065-06:00</time>
<extensions>
<gpxtpx:TrackPointExtension>
<gpxtpx:speed>3.97</gpxtpx:speed>
</gpxtpx:TrackPointExtension>
<opentracks:accuracy_horizontal>6.633</opentracks:accuracy_horizontal></extensions>
</trkpt>
<trkpt lat="50.46198" lon="-104.538365">
<ele>562</ele>
<time>2026-09-29T18:54:52.059-06:00</time>
<extensions>
<gpxtpx:TrackPointExtension>
<gpxtpx:speed>5.44</gpxtpx:speed>
</gpxtpx:TrackPointExtension>
<opentracks:accuracy_horizontal>5.102</opentracks:accuracy_horizontal></extensions>
</trkpt>
<trkpt lat="50.461862" lon="-104.538472">
<ele>562</ele>
<time>2026-09-29T18:54:55.05-06:00</time>
<extensions>
<gpxtpx:TrackPointExtension>
<gpxtpx:speed>5.18</gpxtpx:speed>
</gpxtpx:TrackPointExtension>
<opentracks:accuracy_horizontal>4.592</opentracks:accuracy_horizontal></extensions>
</trkpt>
<trkpt lat="50.461785" lon="-104.53855">
<ele>562</ele>
<time>2026-09-29T18:54:57.055-06:00</time>
<extensions>
<gpxtpx:TrackPointExtension>
<gpxtpx:speed>4.91</gpxtpx:speed>
</gpxtpx:TrackPointExtension>
<opentracks:accuracy_horizontal>4.592</opentracks:accuracy_horizontal></extensions>
</trkpt>
<trkpt lat="50.461713" lon="-104.538701">
<ele>561</ele>
<time>2026-09-29T18:55:00.051-06:00</time>
<extensions>
<gpxtpx:TrackPointExtension>
<gpxtpx:speed>4.35</gpxtpx:speed>
</gpxtpx:TrackPointExtension>
<opentracks:accuracy_horizontal>5.102</opentracks:accuracy_horizontal></extensions>
</trkpt>
<trkpt lat="50.461651" lon="-104.538853">
<ele>560</ele>
<time>2026-09-29T18:55:03.052-06:00</time>
<extensions>
<gpxtpx:TrackPointExtension>
<gpxtpx:speed>4.24</gpxtpx:speed>
</gpxtpx:TrackPointExtension>
<opentracks:accuracy_horizontal>4.082</opentracks:accuracy_horizontal></extensions>
</trkpt>
<trkpt lat="50.461591" lon="-104.538995">
<ele>561</ele>
<time>2026-09-29T18:55:06.053-06:00</time>
<extensions>
<gpxtpx:TrackPointExtension>
<gpxtpx:speed>4.07</gpxtpx:speed>
</gpxtpx:TrackPointExtension>
<opentracks:accuracy_horizontal>4.592</opentracks:accuracy_horizontal></extensions>
</trkpt>
<trkpt lat="50.461534" lon="-104.539134">
<ele>561</ele>
<time>2026-09-29T18:55:09.047-06:00</time>
<extensions>
<gpxtpx:TrackPointExtension>
<gpxtpx:speed>3.76</gpxtpx:speed>
</gpxtpx:TrackPointExtension>
<opentracks:accuracy_horizontal>5.102</opentracks:accuracy_horizontal></extensions>
</trkpt>
<trkpt lat="50.461546" lon="-104.539289">
<ele>560</ele>
<time>2026-09-29T18:55:12.043-06:00</time>
<extensions>
<gpxtpx:TrackPointExtension>
<gpxtpx:speed>4.41</gpxtpx:speed>
</gpxtpx:TrackPointExtension>
<opentracks:accuracy_horizontal>5.612</opentracks:accuracy_horizontal></extensions>
</trkpt>
<trkpt lat="50.461669" lon="-104.539391">
<ele>561</ele>
<time>2026-09-29T18:55:15.054-06:00</time>
<extensions>
<gpxtpx:TrackPointExtension>
<gpxtpx:speed>5.26</gpxtpx:speed>
</gpxtpx:TrackPointExtension>
<opentracks:accuracy_horizontal>4.592</opentracks:accuracy_horizontal></extensions>
</trkpt>
<trkpt lat="50.461764" lon="-104.539425">
<ele>560</ele>
<time>2026-09-29T18:55:17.049-06:00</time>
<extensions>
<gpxtpx:TrackPointExtension>
<gpxtpx:speed>5.04</gpxtpx:speed>
</gpxtpx:TrackPointExtension>
<opentracks:accuracy_horizontal>1.02</opentracks:accuracy_horizontal></extensions>
</trkpt>
<trkpt lat="50.461889" lon="-104.539481">
<ele>560</ele>
<time>2026-09-29T18:55:20.052-06:00</time>
<extensions>
<gpxtpx:TrackPointExtension>
<gpxtpx:speed>4.57</gpxtpx:speed>
</gpxtpx:TrackPointExtension>
<opentracks:accuracy_horizontal>0.51</opentracks:accuracy_horizontal></extensions>
</trkpt>
<trkpt lat="50.461986" lon="-104.539565">
<ele>559</ele>
<time>2026-09-29T18:55:23.057-06:00</time>
<extensions>
<gpxtpx:TrackPointExtension>
<gpxtpx:speed>3.79</gpxtpx:speed>
</gpxtpx:TrackPointExtension>
<opentracks:accuracy_horizontal>4.082</opentracks:accuracy_horizontal></extensions>
</trkpt>
<trkpt lat="50.462071" lon="-104.539643">
<ele>560</ele>
<time>2026-09-29T18:55:26.055-06:00</time>
<extensions>
<gpxtpx:TrackPointExtension>
<gpxtpx:speed>3.79</gpxtpx:speed>
</gpxtpx:TrackPointExtension>
<opentracks:accuracy_horizontal>5.102</opentracks:accuracy_horizontal></extensions>
</trkpt>
<trkpt lat="50.46217" lon="-104.539584">
<ele>560</ele>
<time>2026-09-29T18:55:29.033-06:00</time>
<extensions>
<gpxtpx:TrackPointExtension>
<gpxtpx:speed>5.17</gpxtpx:speed>
</gpxtpx:TrackPointExtension>
<opentracks:accuracy_horizontal>9.694</opentracks:accuracy_horizontal></extensions>
</trkpt>
<trkpt lat="50.462235" lon="-104.539424">
<ele>561</ele>
<time>2026-09-29T18:55:31.038-06:00</time>
<extensions>
<gpxtpx:TrackPointExtension>
<gpxtpx:speed>5.67</gpxtpx:speed>
</gpxtpx:TrackPointExtension>
<opentracks:accuracy_horizontal>1.02</opentracks:accuracy_horizontal></extensions>
</trkpt>
<trkpt lat="50.462322" lon="-104.539282">
<ele>561</ele>
<time>2026-09-29T18:55:33.045-06:00</time>
<extensions>
<gpxtpx:TrackPointExtension>
<gpxtpx:speed>6.56</gpxtpx:speed>
</gpxtpx:TrackPointExtension>
<opentracks:accuracy_horizontal>1.02</opentracks:accuracy_horizontal></extensions>
</trkpt>
<trkpt lat="50.462401" lon="-104.539147">
<ele>562</ele>
<time>2026-09-29T18:55:35.056-06:00</time>
<extensions>
<gpxtpx:TrackPointExtension>
<gpxtpx:speed>6.2</gpxtpx:speed>
</gpxtpx:TrackPointExtension>
<opentracks:accuracy_horizontal>0.51</opentracks:accuracy_horizontal></extensions>
</trkpt>
<trkpt lat="50.462483" lon="-104.539055">
<ele>561</ele>
<time>2026-09-29T18:55:37.086-06:00</time>
<extensions>
<gpxtpx:TrackPointExtension>
<gpxtpx:speed>5.63</gpxtpx:speed>
</gpxtpx:TrackPointExtension>
<opentracks:accuracy_horizontal>1.02</opentracks:accuracy_horizontal></extensions>
</trkpt>
<trkpt lat="50.46256" lon="-104.538979">
<ele>561</ele>
<time>2026-09-29T18:55:39.051-06:00</time>
<extensions>
<gpxtpx:TrackPointExtension>
<gpxtpx:speed>5.03</gpxtpx:speed>
</gpxtpx:TrackPointExtension>
<opentracks:accuracy_horizontal>1.02</opentracks:accuracy_horizontal></extensions>
</trkpt>
<trkpt lat="50.462661" lon="-104.538882">
<ele>561</ele>
<time>2026-09-29T18:55:42.057-06:00</time>
<extensions>
<gpxtpx:TrackPointExtension>
<gpxtpx:speed>4.39</gpxtpx:speed>
</gpxtpx:TrackPointExtension>
<opentracks:accuracy_horizontal>3.571</opentracks:accuracy_horizontal></extensions>
</trkpt>
<trkpt lat="50.462761" lon="-104.538798">
<ele>560</ele>
<time>2026-09-29T18:55:45.056-06:00</time>
<extensions>
<gpxtpx:TrackPointExtension>
<gpxtpx:speed>4.05</gpxtpx:speed>
</gpxtpx:TrackPointExtension>
<opentracks:accuracy_horizontal>4.592</opentracks:accuracy_horizontal></extensions>
</trkpt>
<trkpt lat="50.46284" lon="-104.538698">
<ele>561</ele>
<time>2026-09-29T18:55:48.062-06:00</time>
<extensions>
<gpxtpx:TrackPointExtension>
<gpxtpx:speed>3.75</gpxtpx:speed>
</gpxtpx:TrackPointExtension>
<opentracks:accuracy_horizontal>3.571</opentracks:accuracy_horizontal></extensions>
</trkpt>
<trkpt lat="50.462921" lon="-104.538614">
<ele>560</ele>
<time>2026-09-29T18:55:51.055-06:00</time>
<extensions>
<gpxtpx:TrackPointExtension>
<gpxtpx:speed>3.56</gpxtpx:speed>
</gpxtpx:TrackPointExtension>
<opentracks:accuracy_horizontal>5.102</opentracks:accuracy_horizontal></extensions>
</trkpt>
<trkpt lat="50.462967" lon="-104.538441">
<ele>561</ele>
<time>2026-09-29T18:55:55.057-06:00</time>
<extensions>
<gpxtpx:TrackPointExtension>
<gpxtpx:speed>4.1</gpxtpx:speed>
</gpxtpx:TrackPointExtension>
<opentracks:accuracy_horizontal>5.612</opentracks:accuracy_horizontal></extensions>
</trkpt>
<trkpt lat="50.462937" lon="-104.538293">
<ele>561</ele>
<time>2026-09-29T18:55:58.055-06:00</time>
<extensions>
<gpxtpx:TrackPointExtension>
<gpxtpx:speed>4.36</gpxtpx:speed>
</gpxtpx:TrackPointExtension>
<opentracks:accuracy_horizontal>5.612</opentracks:accuracy_horizontal></extensions>
</trkpt>
<trkpt lat="50.462864" lon="-104.538118">
<ele>560</ele>
<time>2026-09-29T18:56:01.057-06:00</time>
<extensions>
<gpxtpx:TrackPointExtension>
<gpxtpx:speed>5.01</gpxtpx:speed>
</gpxtpx:TrackPointExtension>
<opentracks:accuracy_horizontal>4.082</opentracks:accuracy_horizontal></extensions>
</trkpt>
<trkpt lat="50.462814" lon="-104.537976">
<ele>560</ele>
<time>2026-09-29T18:56:03.071-06:00</time>
<extensions>
<gpxtpx:TrackPointExtension>
<gpxtpx:speed>5.71</gpxtpx:speed>
</gpxtpx:TrackPointExtension>
<opentracks:accuracy_horizontal>1.02</opentracks:accuracy_horizontal></extensions>
</trkpt>
<trkpt lat="50.462757" lon="-104.537834">
<ele>560</ele>
<time>2026-09-29T18:56:05.065-06:00</time>
<extensions>
<gpxtpx:TrackPointExtension>
<gpxtpx:speed>5.77</gpxtpx:speed>
</gpxtpx:TrackPointExtension>
<opentracks:accuracy_horizontal>1.02</opentracks:accuracy_horizontal></extensions>
</trkpt>
<trkpt lat="50.46271" lon="-104.537701">
<ele>561</ele>
<time>2026-09-29T18:56:07.065-06:00</time>
<extensions>
<gpxtpx:TrackPointExtension>
<gpxtpx:speed>5.48</gpxtpx:speed>
</gpxtpx:TrackPointExtension>
<opentracks:accuracy_horizontal>1.02</opentracks:accuracy_horizontal></extensions>
</trkpt>
<trkpt lat="50.462662" lon="-104.537575">
<ele>561</ele>
<time>2026-09-29T18:56:09.057-06:00</time>
<extensions>
<gpxtpx:TrackPointExtension>
<gpxtpx:speed>5.06</gpxtpx:speed>
</gpxtpx:TrackPointExtension>
<opentracks:accuracy_horizontal>1.02</opentracks:accuracy_horizontal></extensions>
</trkpt>
<trkpt lat="50.462591" lon="-104.537414">
<ele>561</ele>
<time>2026-09-29T18:56:12.063-06:00</time>
<extensions>
<gpxtpx:TrackPointExtension>
<gpxtpx:speed>4.71</gpxtpx:speed>
</gpxtpx:TrackPointExtension>
<opentracks:accuracy_horizontal>4.592</opentracks:accuracy_horizontal></extensions>
</trkpt>
<trkpt lat="50.462537" lon="-104.537241">
<ele>560</ele>
<time>2026-09-29T18:56:15.04-06:00</time>
<extensions>
<gpxtpx:TrackPointExtension>
<gpxtpx:speed>4.16</gpxtpx:speed>
</gpxtpx:TrackPointExtension>
<opentracks:accuracy_horizontal>5.612</opentracks:accuracy_horizontal></extensions>
</trkpt>
<trkpt lat="50.462478" lon="-104.537083">
<ele>560</ele>
<time>2026-09-29T18:56:18.053-06:00</time>
<extensions>
<gpxtpx:TrackPointExtension>
<gpxtpx:speed>4.53</gpxtpx:speed>
</gpxtpx:TrackPointExtension>
<opentracks:accuracy_horizontal>1.02</opentracks:accuracy_horizontal></extensions>
</trkpt>
<trkpt lat="50.462408" lon="-104.536904">
<ele>562</ele>
<time>2026-09-29T18:56:21.053-06:00</time>
<extensions>
<gpxtpx:TrackPointExtension>
<gpxtpx:speed>5.11</gpxtpx:speed>
</gpxtpx:TrackPointExtension>
<opentracks:accuracy_horizontal>1.02</opentracks:accuracy_horizontal></extensions>
</trkpt>
<trkpt lat="50.462354" lon="-104.536738">
<ele>561</ele>
<time>2026-09-29T18:56:24.024-06:00</time>
<extensions>
<gpxtpx:TrackPointExtension>
<gpxtpx:speed>4.18</gpxtpx:speed>
</gpxtpx:TrackPointExtension>
<opentracks:accuracy_horizontal>1.02</opentracks:accuracy_horizontal></extensions>
</trkpt>
<trkpt lat="50.462296" lon="-104.536599">
<ele>562</ele>
<time>2026-09-29T18:56:27.029-06:00</time>
<extensions>
<gpxtpx:TrackPointExtension>
<gpxtpx:speed>3.81</gpxtpx:speed>
</gpxtpx:TrackPointExtension>
<opentracks:accuracy_horizontal>6.122</opentracks:accuracy_horizontal></extensions>
</trkpt>
<trkpt lat="50.462239" lon="-104.53646">
<ele>561</ele>
<time>2026-09-29T18:56:30.037-06:00</time>
<extensions>
<gpxtpx:TrackPointExtension>
<gpxtpx:speed>4.23</gpxtpx:speed>
</gpxtpx:TrackPointExtension>
<opentracks:accuracy_horizontal>6.122</opentracks:accuracy_horizontal></extensions>
</trkpt>
<trkpt lat="50.462156" lon="-104.536317">
<ele>562</ele>
<time>2026-09-29T18:56:33.039-06:00</time>
<extensions>
<gpxtpx:TrackPointExtension>
<gpxtpx:speed>4.36</gpxtpx:speed>
</gpxtpx:TrackPointExtension>
<opentracks:accuracy_horizontal>5.612</opentracks:accuracy_horizontal></extensions>
</trkpt>
<trkpt lat="50.462063" lon="-104.536209">
<ele>562</ele>
<time>2026-09-29T18:56:36.038-06:00</time>
<extensions>
<gpxtpx:TrackPointExtension>
<gpxtpx:speed>4.42</gpxtpx:speed>
</gpxtpx:TrackPointExtension>
<opentracks:accuracy_horizontal>6.122</opentracks:accuracy_horizontal></extensions>
</trkpt>
<trkpt lat="50.461978" lon="-104.536098">
<ele>561</ele>
<time>2026-09-29T18:56:39.05-06:00</time>
<extensions>
<gpxtpx:TrackPointExtension>
<gpxtpx:speed>4.36</gpxtpx:speed>
</gpxtpx:TrackPointExtension>
<opentracks:accuracy_horizontal>3.061</opentracks:accuracy_horizontal></extensions>
</trkpt>
<trkpt lat="50.461877" lon="-104.536012">
<ele>562</ele>
<time>2026-09-29T18:56:42.053-06:00</time>
<extensions>
<gpxtpx:TrackPointExtension>
<gpxtpx:speed>4.08</gpxtpx:speed>
</gpxtpx:TrackPointExtension>
<opentracks:accuracy_horizontal>5.612</opentracks:accuracy_horizontal></extensions>
</trkpt>
<trkpt lat="50.46177" lon="-104.535923">
<ele>562</ele>
<time>2026-09-29T18:56:45.045-06:00</time>
<extensions>
<gpxtpx:TrackPointExtension>
<gpxtpx:speed>4.35</gpxtpx:speed>
</gpxtpx:TrackPointExtension>
<opentracks:accuracy_horizontal>4.592</opentracks:accuracy_horizontal></extensions>
</trkpt>
<trkpt lat="50.461647" lon="-104.53585">
<ele>562</ele>
<time>2026-09-29T18:56:48.05-06:00</time>
<extensions>
<gpxtpx:TrackPointExtension>
<gpxtpx:speed>4.59</gpxtpx:speed>
</gpxtpx:TrackPointExtension>
<opentracks:accuracy_horizontal>5.102</opentracks:accuracy_horizontal></extensions>
</trkpt>
<trkpt lat="50.461531" lon="-104.535815">
<ele>561</ele>
<time>2026-09-29T18:56:51.05-06:00</time>
<extensions>
<gpxtpx:TrackPointExtension>
<gpxtpx:speed>4.49</gpxtpx:speed>
</gpxtpx:TrackPointExtension>
<opentracks:accuracy_horizontal>5.102</opentracks:accuracy_horizontal></extensions>
</trkpt>
<trkpt lat="50.461413" lon="-104.535744">
<ele>561</ele>
<time>2026-09-29T18:56:54.052-06:00</time>
<extensions>
<gpxtpx:TrackPointExtension>
<gpxtpx:speed>4.73</gpxtpx:speed>
</gpxtpx:TrackPointExtension>
<opentracks:accuracy_horizontal>5.612</opentracks:accuracy_horizontal></extensions>
</trkpt>
<trkpt lat="50.461322" lon="-104.535714">
<ele>561</ele>
<time>2026-09-29T18:56:56.054-06:00</time>
<extensions>
<gpxtpx:TrackPointExtension>
<gpxtpx:speed>4.96</gpxtpx:speed>
</gpxtpx:TrackPointExtension>
<opentracks:accuracy_horizontal>6.122</opentracks:accuracy_horizontal></extensions>
</trkpt>
<trkpt lat="50.461238" lon="-104.535665">
<ele>561</ele>
<time>2026-09-29T18:56:58.022-06:00</time>
<extensions>
<gpxtpx:TrackPointExtension>
<gpxtpx:speed>4.96</gpxtpx:speed>
</gpxtpx:TrackPointExtension>
<opentracks:accuracy_horizontal>6.122</opentracks:accuracy_horizontal></extensions>
</trkpt>
<trkpt lat="50.461123" lon="-104.535606">
<ele>561</ele>
<time>2026-09-29T18:57:01.047-06:00</time>
<extensions>
<gpxtpx:TrackPointExtension>
<gpxtpx:speed>4.5</gpxtpx:speed>
</gpxtpx:TrackPointExtension>
<opentracks:accuracy_horizontal>5.612</opentracks:accuracy_horizontal></extensions>
</trkpt>
<trkpt lat="50.461003" lon="-104.535579">
<ele>560</ele>
<time>2026-09-29T18:57:04.038-06:00</time>
<extensions>
<gpxtpx:TrackPointExtension>
<gpxtpx:speed>4.37</gpxtpx:speed>
</gpxtpx:TrackPointExtension>
<opentracks:accuracy_horizontal>5.102</opentracks:accuracy_horizontal></extensions>
</trkpt>
<trkpt lat="50.460899" lon="-104.535507">
<ele>560</ele>
<time>2026-09-29T18:57:07.032-06:00</time>
<extensions>
<gpxtpx:TrackPointExtension>
<gpxtpx:speed>4.19</gpxtpx:speed>
</gpxtpx:TrackPointExtension>
<opentracks:accuracy_horizontal>5.612</opentracks:accuracy_horizontal></extensions>
</trkpt>
<trkpt lat="50.460796" lon="-104.535473">
<ele>561</ele>
<time>2026-09-29T18:57:10.066-06:00</time>
<extensions>
<gpxtpx:TrackPointExtension>
<gpxtpx:speed>4.65</gpxtpx:speed>
</gpxtpx:TrackPointExtension>
<opentracks:accuracy_horizontal>5.102</opentracks:accuracy_horizontal></extensions>
</trkpt>
<trkpt lat="50.460667" lon="-104.535441">
<ele>559</ele>
<time>2026-09-29T18:57:13.02-06:00</time>
<extensions>
<gpxtpx:TrackPointExtension>
<gpxtpx:speed>5.16</gpxtpx:speed>
</gpxtpx:TrackPointExtension>
<opentracks:accuracy_horizontal>7.143</opentracks:accuracy_horizontal></extensions>
</trkpt>
<trkpt lat="50.460582" lon="-104.535367">
<ele>559</ele>
<time>2026-09-29T18:57:15.037-06:00</time>
<extensions>
<gpxtpx:TrackPointExtension>
<gpxtpx:speed>5.33</gpxtpx:speed>
</gpxtpx:TrackPointExtension>
<opentracks:accuracy_horizontal>5.612</opentracks:accuracy_horizontal></extensions>
</trkpt>
<trkpt lat="50.460498" lon="-104.535292">
<ele>559</ele>
<time>2026-09-29T18:57:17.038-06:00</time>
<extensions>
<gpxtpx:TrackPointExtension>
<gpxtpx:speed>5.52</gpxtpx:speed>
</gpxtpx:TrackPointExtension>
<opentracks:accuracy_horizontal>5.102</opentracks:accuracy_horizontal></extensions>
</trkpt>
<trkpt lat="50.460412" lon="-104.535211">
<ele>558</ele>
<time>2026-09-29T18:57:19.033-06:00</time>
<extensions>
<gpxtpx:TrackPointExtension>
<gpxtpx:speed>5.77</gpxtpx:speed>
</gpxtpx:TrackPointExtension>
<opentracks:accuracy_horizontal>6.122</opentracks:accuracy_horizontal></extensions>
</trkpt>
<trkpt lat="50.460335" lon="-104.535116">
<ele>557</ele>
<time>2026-09-29T18:57:21.041-06:00</time>
<extensions>
<gpxtpx:TrackPointExtension>
<gpxtpx:speed>4.9</gpxtpx:speed>
</gpxtpx:TrackPointExtension>
<opentracks:accuracy_horizontal>1.02</opentracks:accuracy_horizontal></extensions>
</trkpt>
<trkpt lat="50.460251" lon="-104.535051">
<ele>558</ele>
<time>2026-09-29T18:57:23.053-06:00</time>
<extensions>
<gpxtpx:TrackPointExtension>
<gpxtpx:speed>5.32</gpxtpx:speed>
</gpxtpx:TrackPointExtension>
<opentracks:accuracy_horizontal>1.02</opentracks:accuracy_horizontal></extensions>
</trkpt>
<trkpt lat="50.460172" lon="-104.534975">
<ele>558</ele>
<time>2026-09-29T18:57:25.054-06:00</time>
<extensions>
<gpxtpx:TrackPointExtension>
<gpxtpx:speed>4.88</gpxtpx:speed>
</gpxtpx:TrackPointExtension>
<opentracks:accuracy_horizontal>1.02</opentracks:accuracy_horizontal></extensions>
</trkpt>
<trkpt lat="50.46005" lon="-104.534904">
<ele>557</ele>
<time>2026-09-29T18:57:28.047-06:00</time>
<extensions>
<gpxtpx:TrackPointExtension>
<gpxtpx:speed>4.88</gpxtpx:speed>
</gpxtpx:TrackPointExtension>
<opentracks:accuracy_horizontal>0.51</opentracks:accuracy_horizontal></extensions>
</trkpt>
<trkpt lat="50.45994" lon="-104.534956">
<ele>557</ele>
<time>2026-09-29T18:57:30.043-06:00</time>
<extensions>
<gpxtpx:TrackPointExtension>
<gpxtpx:speed>6.33</gpxtpx:speed>
</gpxtpx:TrackPointExtension>
<opentracks:accuracy_horizontal>1.02</opentracks:accuracy_horizontal></extensions>
</trkpt>
<trkpt lat="50.459863" lon="-104.535107">
<ele>557</ele>
<time>2026-09-29T18:57:32.061-06:00</time>
<extensions>
<gpxtpx:TrackPointExtension>
<gpxtpx:speed>7.09</gpxtpx:speed>
</gpxtpx:TrackPointExtension>
<opentracks:accuracy_horizontal>1.02</opentracks:accuracy_horizontal></extensions>
</trkpt>
<trkpt lat="50.459806" lon="-104.535292">
<ele>557</ele>
<time>2026-09-29T18:57:34.059-06:00</time>
<extensions>
<gpxtpx:TrackPointExtension>
<gpxtpx:speed>6.99</gpxtpx:speed>
</gpxtpx:TrackPointExtension>
<opentracks:accuracy_horizontal>1.02</opentracks:accuracy_horizontal></extensions>
</trkpt>
<trkpt lat="50.459744" lon="-104.535456">
<ele>558</ele>
<time>2026-09-29T18:57:36.061-06:00</time>
<extensions>
<gpxtpx:TrackPointExtension>
<gpxtpx:speed>6.51</gpxtpx:speed>
</gpxtpx:TrackPointExtension>
<opentracks:accuracy_horizontal>1.02</opentracks:accuracy_horizontal></extensions>
</trkpt>
<trkpt lat="50.459684" lon="-104.535587">
<ele>558</ele>
<time>2026-09-29T18:57:38.059-06:00</time>
<extensions>
<gpxtpx:TrackPointExtension>
<gpxtpx:speed>5.79</gpxtpx:speed>
</gpxtpx:TrackPointExtension>
<opentracks:accuracy_horizontal>0.51</opentracks:accuracy_horizontal></extensions>
</trkpt>
<trkpt lat="50.459661" lon="-104.535743">
<ele>558</ele>
<time>2026-09-29T18:57:40.051-06:00</time>
<extensions>
<gpxtpx:TrackPointExtension>
<gpxtpx:speed>5.77</gpxtpx:speed>
</gpxtpx:TrackPointExtension>
<opentracks:accuracy_horizontal>4.082</opentracks:accuracy_horizontal></extensions>
</trkpt>
<trkpt lat="50.459602" lon="-104.535889">
<ele>559</ele>
<time>2026-09-29T18:57:42.051-06:00</time>
<extensions>
<gpxtpx:TrackPointExtension>
<gpxtpx:speed>6.21</gpxtpx:speed>
</gpxtpx:TrackPointExtension>
<opentracks:accuracy_horizontal>4.082</opentracks:accuracy_horizontal></extensions>
</trkpt>
<trkpt lat="50.459555" lon="-104.536044">
<ele>559</ele>
<time>2026-09-29T18:57:44.047-06:00</time>
<extensions>
<gpxtpx:TrackPointExtension>
<gpxtpx:speed>6.65</gpxtpx:speed>
</gpxtpx:TrackPointExtension>
<opentracks:accuracy_horizontal>1.02</opentracks:accuracy_horizontal></extensions>
</trkpt>
<trkpt lat="50.459521" lon="-104.536225">
<ele>560</ele>
<time>2026-09-29T18:57:46.049-06:00</time>
<extensions>
<gpxtpx:TrackPointExtension>
<gpxtpx:speed>6.76</gpxtpx:speed>
</gpxtpx:TrackPointExtension>
<opentracks:accuracy_horizontal>1.02</opentracks:accuracy_horizontal></extensions>
</trkpt>
<trkpt lat="50.459491" lon="-104.536441">
<ele>560</ele>
<time>2026-09-29T18:57:48.05-06:00</time>
<extensions>
<gpxtpx:TrackPointExtension>
<gpxtpx:speed>6.68</gpxtpx:speed>
</gpxtpx:TrackPointExtension>
<opentracks:accuracy_horizontal>0.51</opentracks:accuracy_horizontal></extensions>
</trkpt>
<trkpt lat="50.459475" lon="-104.536627">
<ele>559</ele>
<time>2026-09-29T18:57:50.054-06:00</time>
<extensions>
<gpxtpx:TrackPointExtension>
<gpxtpx:speed>6.23</gpxtpx:speed>
</gpxtpx:TrackPointExtension>
<opentracks:accuracy_horizontal>1.02</opentracks:accuracy_horizontal></extensions>
</trkpt>
<trkpt lat="50.459468" lon="-104.536781">
<ele>558</ele>
<time>2026-09-29T18:57:52.047-06:00</time>
<extensions>
<gpxtpx:TrackPointExtension>
<gpxtpx:speed>5.71</gpxtpx:speed>
</gpxtpx:TrackPointExtension>
<opentracks:accuracy_horizontal>0.51</opentracks:accuracy_horizontal></extensions>
</trkpt>
<trkpt lat="50.459471" lon="-104.536942">
<ele>559</ele>
<time>2026-09-29T18:57:54.051-06:00</time>
<extensions>
<gpxtpx:TrackPointExtension>
<gpxtpx:speed>5.46</gpxtpx:speed>
</gpxtpx:TrackPointExtension>
<opentracks:accuracy_horizontal>4.592</opentracks:accuracy_horizontal></extensions>
</trkpt>
<trkpt lat="50.459478" lon="-104.537107">
<ele>559</ele>
<time>2026-09-29T18:57:56.05-06:00</time>
<extensions>
<gpxtpx:TrackPointExtension>
<gpxtpx:speed>5.91</gpxtpx:speed>
</gpxtpx:TrackPointExtension>
<opentracks:accuracy_horizontal>5.102</opentracks:accuracy_horizontal></extensions>
</trkpt>
<trkpt lat="50.459478" lon="-104.537288">
<ele>560</ele>
<time>2026-09-29T18:57:58.067-06:00</time>
<extensions>
<gpxtpx:TrackPointExtension>
<gpxtpx:speed>7.01</gpxtpx:speed>
</gpxtpx:TrackPointExtension>
<opentracks:accuracy_horizontal>1.02</opentracks:accuracy_horizontal></extensions>
</trkpt>
<trkpt lat="50.45949" lon="-104.537503">
<ele>561</ele>
<time>2026-09-29T18:58:00.048-06:00</time>
<extensions>
<gpxtpx:TrackPointExtension>
<gpxtpx:speed>7.42</gpxtpx:speed>
</gpxtpx:TrackPointExtension>
<opentracks:accuracy_horizontal>1.02</opentracks:accuracy_horizontal></extensions>
</trkpt>
<trkpt lat="50.459495" lon="-104.537701">
<ele>561</ele>
<time>2026-09-29T18:58:02.05-06:00</time>
<extensions>
<gpxtpx:TrackPointExtension>
<gpxtpx:speed>6.93</gpxtpx:speed>
</gpxtpx:TrackPointExtension>
<opentracks:accuracy_horizontal>0.51</opentracks:accuracy_horizontal></extensions>
</trkpt>
<trkpt lat="50.459495" lon="-104.537904">
<ele>561</ele>
<time>2026-09-29T18:58:04.047-06:00</time>
<extensions>
<gpxtpx:TrackPointExtension>
<gpxtpx:speed>6.64</gpxtpx:speed>
</gpxtpx:TrackPointExtension>
<opentracks:accuracy_horizontal>1.02</opentracks:accuracy_horizontal></extensions>
</trkpt>
<trkpt lat="50.459496" lon="-104.53808">
<ele>561</ele>
<time>2026-09-29T18:58:06.055-06:00</time>
<extensions>
<gpxtpx:TrackPointExtension>
<gpxtpx:speed>6.4</gpxtpx:speed>
</gpxtpx:TrackPointExtension>
<opentracks:accuracy_horizontal>1.02</opentracks:accuracy_horizontal></extensions>
</trkpt>
<trkpt lat="50.459497" lon="-104.53826">
<ele>560</ele>
<time>2026-09-29T18:58:08.047-06:00</time>
<extensions>
<gpxtpx:TrackPointExtension>
<gpxtpx:speed>6.92</gpxtpx:speed>
</gpxtpx:TrackPointExtension>
<opentracks:accuracy_horizontal>1.02</opentracks:accuracy_horizontal></extensions>
</trkpt>
<trkpt lat="50.459481" lon="-104.53845">
<ele>559</ele>
<time>2026-09-29T18:58:10.051-06:00</time>
<extensions>
<gpxtpx:TrackPointExtension>
<gpxtpx:speed>7.39</gpxtpx:speed>
</gpxtpx:TrackPointExtension>
<opentracks:accuracy_horizontal>1.02</opentracks:accuracy_horizontal></extensions>
</trkpt>
<trkpt lat="50.459493" lon="-104.538674">
<ele>559</ele>
<time>2026-09-29T18:58:12.061-06:00</time>
<extensions>
<gpxtpx:TrackPointExtension>
<gpxtpx:speed>7.5</gpxtpx:speed>
</gpxtpx:TrackPointExtension>
<opentracks:accuracy_horizontal>0.51</opentracks:accuracy_horizontal></extensions>
</trkpt>
<trkpt lat="50.459511" lon="-104.538878">
<ele>558</ele>
<time>2026-09-29T18:58:14.047-06:00</time>
<extensions>
<gpxtpx:TrackPointExtension>
<gpxtpx:speed>7.96</gpxtpx:speed>
</gpxtpx:TrackPointExtension>
<opentracks:accuracy_horizontal>0.51</opentracks:accuracy_horizontal></extensions>
</trkpt>
<trkpt lat="50.459527" lon="-104.539093">
<ele>559</ele>
<time>2026-09-29T18:58:16.039-06:00</time>
<extensions>
<gpxtpx:TrackPointExtension>
<gpxtpx:speed>7.3</gpxtpx:speed>
</gpxtpx:TrackPointExtension>
<opentracks:accuracy_horizontal>1.02</opentracks:accuracy_horizontal></extensions>
</trkpt>
<trkpt lat="50.459542" lon="-104.539298">
<ele>560</ele>
<time>2026-09-29T18:58:18.055-06:00</time>
<extensions>
<gpxtpx:TrackPointExtension>
<gpxtpx:speed>7.27</gpxtpx:speed>
</gpxtpx:TrackPointExtension>
<opentracks:accuracy_horizontal>1.02</opentracks:accuracy_horizontal></extensions>
</trkpt>
<trkpt lat="50.459514" lon="-104.539511">
<ele>559</ele>
<time>2026-09-29T18:58:20.051-06:00</time>
<extensions>
<gpxtpx:TrackPointExtension>
<gpxtpx:speed>7.22</gpxtpx:speed>
</gpxtpx:TrackPointExtension>
<opentracks:accuracy_horizontal>1.02</opentracks:accuracy_horizontal></extensions>
</trkpt>
<trkpt lat="50.459508" lon="-104.539713">
<ele>560</ele>
<time>2026-09-29T18:58:22.047-06:00</time>
<extensions>
<gpxtpx:TrackPointExtension>
<gpxtpx:speed>7.28</gpxtpx:speed>
</gpxtpx:TrackPointExtension>
<opentracks:accuracy_horizontal>1.02</opentracks:accuracy_horizontal></extensions>
</trkpt>
<trkpt lat="50.459497" lon="-104.539907">
<ele>559</ele>
<time>2026-09-29T18:58:24.048-06:00</time>
<extensions>
<gpxtpx:TrackPointExtension>
<gpxtpx:speed>7.19</gpxtpx:speed>
</gpxtpx:TrackPointExtension>
<opentracks:accuracy_horizontal>1.02</opentracks:accuracy_horizontal></extensions>
</trkpt>
<trkpt lat="50.459487" lon="-104.540113">
<ele>558</ele>
<time>2026-09-29T18:58:26.043-06:00</time>
<extensions>
<gpxtpx:TrackPointExtension>
<gpxtpx:speed>7.22</gpxtpx:speed>
</gpxtpx:TrackPointExtension>
<opentracks:accuracy_horizontal>1.02</opentracks:accuracy_horizontal></extensions>
</trkpt>
<trkpt lat="50.459454" lon="-104.540311">
<ele>558</ele>
<time>2026-09-29T18:58:28.049-06:00</time>
<extensions>
<gpxtpx:TrackPointExtension>
<gpxtpx:speed>7</gpxtpx:speed>
</gpxtpx:TrackPointExtension>
<opentracks:accuracy_horizontal>1.02</opentracks:accuracy_horizontal></extensions>
</trkpt>
<trkpt lat="50.459423" lon="-104.540501">
<ele>559</ele>
<time>2026-09-29T18:58:30.053-06:00</time>
<extensions>
<gpxtpx:TrackPointExtension>
<gpxtpx:speed>7.05</gpxtpx:speed>
</gpxtpx:TrackPointExtension>
<opentracks:accuracy_horizontal>1.02</opentracks:accuracy_horizontal></extensions>
</trkpt>
<trkpt lat="50.459391" lon="-104.54069">
<ele>559</ele>
<time>2026-09-29T18:58:32.045-06:00</time>
<extensions>
<gpxtpx:TrackPointExtension>
<gpxtpx:speed>6.97</gpxtpx:speed>
</gpxtpx:TrackPointExtension>
<opentracks:accuracy_horizontal>1.02</opentracks:accuracy_horizontal></extensions>
</trkpt>
<trkpt lat="50.459356" lon="-104.540875">
<ele>559</ele>
<time>2026-09-29T18:58:34.057-06:00</time>
<extensions>
<gpxtpx:TrackPointExtension>
<gpxtpx:speed>6.62</gpxtpx:speed>
</gpxtpx:TrackPointExtension>
<opentracks:accuracy_horizontal>1.02</opentracks:accuracy_horizontal></extensions>
</trkpt>
<trkpt lat="50.459329" lon="-104.541047">
<ele>559</ele>
<time>2026-09-29T18:58:36.048-06:00</time>
<extensions>
<gpxtpx:TrackPointExtension>
<gpxtpx:speed>6.5</gpxtpx:speed>
</gpxtpx:TrackPointExtension>
<opentracks:accuracy_horizontal>1.02</opentracks:accuracy_horizontal></extensions>
</trkpt>
<trkpt lat="50.459299" lon="-104.541228">
<ele>559</ele>
<time>2026-09-29T18:58:38.054-06:00</time>
<extensions>
<gpxtpx:TrackPointExtension>
<gpxtpx:speed>6.34</gpxtpx:speed>
</gpxtpx:TrackPointExtension>
<opentracks:accuracy_horizontal>1.02</opentracks:accuracy_horizontal></extensions>
</trkpt>
<trkpt lat="50.459285" lon="-104.541408">
<ele>559</ele>
<time>2026-09-29T18:58:40.064-06:00</time>
<extensions>
<gpxtpx:TrackPointExtension>
<gpxtpx:speed>6.52</gpxtpx:speed>
</gpxtpx:TrackPointExtension>
<opentracks:accuracy_horizontal>0.51</opentracks:accuracy_horizontal></extensions>
</trkpt>
<trkpt lat="50.459249" lon="-104.541588">
<ele>559</ele>
<time>2026-09-29T18:58:42.057-06:00</time>
<extensions>
<gpxtpx:TrackPointExtension>
<gpxtpx:speed>6.77</gpxtpx:speed>
</gpxtpx:TrackPointExtension>
<opentracks:accuracy_horizontal>1.02</opentracks:accuracy_horizontal></extensions>
</trkpt>
<trkpt lat="50.459224" lon="-104.54177">
<ele>559</ele>
<time>2026-09-29T18:58:44.063-06:00</time>
<extensions>
<gpxtpx:TrackPointExtension>
<gpxtpx:speed>6.89</gpxtpx:speed>
</gpxtpx:TrackPointExtension>
<opentracks:accuracy_horizontal>1.02</opentracks:accuracy_horizontal></extensions>
</trkpt>
<trkpt lat="50.459181" lon="-104.541958">
<ele>559</ele>
<time>2026-09-29T18:58:46.07-06:00</time>
<extensions>
<gpxtpx:TrackPointExtension>
<gpxtpx:speed>7.03</gpxtpx:speed>
</gpxtpx:TrackPointExtension>
<opentracks:accuracy_horizontal>1.02</opentracks:accuracy_horizontal></extensions>
</trkpt>
<trkpt lat="50.459149" lon="-104.542151">
<ele>560</ele>
<time>2026-09-29T18:58:48.049-06:00</time>
<extensions>
<gpxtpx:TrackPointExtension>
<gpxtpx:speed>6.88</gpxtpx:speed>
</gpxtpx:TrackPointExtension>
<opentracks:accuracy_horizontal>1.02</opentracks:accuracy_horizontal></extensions>
</trkpt>
<trkpt lat="50.459108" lon="-104.54234">
<ele>560</ele>
<time>2026-09-29T18:58:50.048-06:00</time>
<extensions>
<gpxtpx:TrackPointExtension>
<gpxtpx:speed>7.03</gpxtpx:speed>
</gpxtpx:TrackPointExtension>
<opentracks:accuracy_horizontal>1.02</opentracks:accuracy_horizontal></extensions>
</trkpt>
<trkpt lat="50.459073" lon="-104.542528">
<ele>559</ele>
<time>2026-09-29T18:58:52.051-06:00</time>
<extensions>
<gpxtpx:TrackPointExtension>
<gpxtpx:speed>6.78</gpxtpx:speed>
</gpxtpx:TrackPointExtension>
<opentracks:accuracy_horizontal>1.02</opentracks:accuracy_horizontal></extensions>
</trkpt>
<trkpt lat="50.459042" lon="-104.542708">
<ele>559</ele>
<time>2026-09-29T18:58:54.052-06:00</time>
<extensions>
<gpxtpx:TrackPointExtension>
<gpxtpx:speed>6.51</gpxtpx:speed>
</gpxtpx:TrackPointExtension>
<opentracks:accuracy_horizontal>1.02</opentracks:accuracy_horizontal></extensions>
</trkpt>
<trkpt lat="50.459006" lon="-104.542892">
<ele>558</ele>
<time>2026-09-29T18:58:56.056-06:00</time>
<extensions>
<gpxtpx:TrackPointExtension>
<gpxtpx:speed>6.98</gpxtpx:speed>
</gpxtpx:TrackPointExtension>
<opentracks:accuracy_horizontal>1.02</opentracks:accuracy_horizontal></extensions>
</trkpt>
<trkpt lat="50.458988" lon="-104.54309">
<ele>558</ele>
<time>2026-09-29T18:58:58.054-06:00</time>
<extensions>
<gpxtpx:TrackPointExtension>
<gpxtpx:speed>7.21</gpxtpx:speed>
</gpxtpx:TrackPointExtension>
<opentracks:accuracy_horizontal>1.02</opentracks:accuracy_horizontal></extensions>
</trkpt>
<trkpt lat="50.458956" lon="-104.543291">
<ele>558</ele>
<time>2026-09-29T18:59:00.107-06:00</time>
<extensions>
<gpxtpx:TrackPointExtension>
<gpxtpx:speed>7.47</gpxtpx:speed>
</gpxtpx:TrackPointExtension>
<opentracks:accuracy_horizontal>0.51</opentracks:accuracy_horizontal></extensions>
</trkpt>
<trkpt lat="50.458921" lon="-104.543494">
<ele>558</ele>
<time>2026-09-29T18:59:02.053-06:00</time>
<extensions>
<gpxtpx:TrackPointExtension>
<gpxtpx:speed>7.2</gpxtpx:speed>
</gpxtpx:TrackPointExtension>
<opentracks:accuracy_horizontal>1.02</opentracks:accuracy_horizontal></extensions>
</trkpt>
<trkpt lat="50.4589" lon="-104.543702">
<ele>558</ele>
<time>2026-09-29T18:59:04.051-06:00</time>
<extensions>
<gpxtpx:TrackPointExtension>
<gpxtpx:speed>7.41</gpxtpx:speed>
</gpxtpx:TrackPointExtension>
<opentracks:accuracy_horizontal>1.02</opentracks:accuracy_horizontal></extensions>
</trkpt>
<trkpt lat="50.458876" lon="-104.543891">
<ele>558</ele>
<time>2026-09-29T18:59:06.055-06:00</time>
<extensions>
<gpxtpx:TrackPointExtension>
<gpxtpx:speed>7.05</gpxtpx:speed>
</gpxtpx:TrackPointExtension>
<opentracks:accuracy_horizontal>1.02</opentracks:accuracy_horizontal></extensions>
</trkpt>
<trkpt lat="50.458828" lon="-104.544083">
<ele>558</ele>
<time>2026-09-29T18:59:08.071-06:00</time>
<extensions>
<gpxtpx:TrackPointExtension>
<gpxtpx:speed>7.22</gpxtpx:speed>
</gpxtpx:TrackPointExtension>
<opentracks:accuracy_horizontal>1.02</opentracks:accuracy_horizontal></extensions>
</trkpt>
<trkpt lat="50.458789" lon="-104.54427">
<ele>559</ele>
<time>2026-09-29T18:59:10.044-06:00</time>
<extensions>
<gpxtpx:TrackPointExtension>
<gpxtpx:speed>6.7</gpxtpx:speed>
</gpxtpx:TrackPointExtension>
<opentracks:accuracy_horizontal>1.02</opentracks:accuracy_horizontal></extensions>
</trkpt>
<trkpt lat="50.458757" lon="-104.544461">
<ele>559</ele>
<time>2026-09-29T18:59:12.05-06:00</time>
<extensions>
<gpxtpx:TrackPointExtension>
<gpxtpx:speed>6.72</gpxtpx:speed>
</gpxtpx:TrackPointExtension>
<opentracks:accuracy_horizontal>1.02</opentracks:accuracy_horizontal></extensions>
</trkpt>
<trkpt lat="50.458721" lon="-104.54463">
<ele>560</ele>
<time>2026-09-29T18:59:14.047-06:00</time>
<extensions>
<gpxtpx:TrackPointExtension>
<gpxtpx:speed>6.16</gpxtpx:speed>
</gpxtpx:TrackPointExtension>
<opentracks:accuracy_horizontal>1.02</opentracks:accuracy_horizontal></extensions>
</trkpt>
<trkpt lat="50.4587" lon="-104.544804">
<ele>560</ele>
<time>2026-09-29T18:59:16.045-06:00</time>
<extensions>
<gpxtpx:TrackPointExtension>
<gpxtpx:speed>6.14</gpxtpx:speed>
</gpxtpx:TrackPointExtension>
<opentracks:accuracy_horizontal>1.02</opentracks:accuracy_horizontal></extensions>
</trkpt>
<trkpt lat="50.458691" lon="-104.544976">
<ele>559</ele>
<time>2026-09-29T18:59:18.037-06:00</time>
<extensions>
<gpxtpx:TrackPointExtension>
<gpxtpx:speed>5.62</gpxtpx:speed>
</gpxtpx:TrackPointExtension>
<opentracks:accuracy_horizontal>7.143</opentracks:accuracy_horizontal></extensions>
</trkpt>
<trkpt lat="50.458656" lon="-104.545124">
<ele>560</ele>
<time>2026-09-29T18:59:20.045-06:00</time>
<extensions>
<gpxtpx:TrackPointExtension>
<gpxtpx:speed>5.98</gpxtpx:speed>
</gpxtpx:TrackPointExtension>
<opentracks:accuracy_horizontal>8.163</opentracks:accuracy_horizontal></extensions>
</trkpt>
<trkpt lat="50.458631" lon="-104.545303">
<ele>559</ele>
<time>2026-09-29T18:59:22.044-06:00</time>
<extensions>
<gpxtpx:TrackPointExtension>
<gpxtpx:speed>6.18</gpxtpx:speed>
</gpxtpx:TrackPointExtension>
<opentracks:accuracy_horizontal>1.02</opentracks:accuracy_horizontal></extensions>
</trkpt>
<trkpt lat="50.458597" lon="-104.54548">
<ele>558</ele>
<time>2026-09-29T18:59:24.047-06:00</time>
<extensions>
<gpxtpx:TrackPointExtension>
<gpxtpx:speed>6.37</gpxtpx:speed>
</gpxtpx:TrackPointExtension>
<opentracks:accuracy_horizontal>1.02</opentracks:accuracy_horizontal></extensions>
</trkpt>
<trkpt lat="50.458554" lon="-104.545652">
<ele>558</ele>
<time>2026-09-29T18:59:26.054-06:00</time>
<extensions>
<gpxtpx:TrackPointExtension>
<gpxtpx:speed>6.62</gpxtpx:speed>
</gpxtpx:TrackPointExtension>
<opentracks:accuracy_horizontal>1.02</opentracks:accuracy_horizontal></extensions>
</trkpt>
<trkpt lat="50.458511" lon="-104.545816">
<ele>557</ele>
<time>2026-09-29T18:59:28.038-06:00</time>
<extensions>
<gpxtpx:TrackPointExtension>
<gpxtpx:speed>6.54</gpxtpx:speed>
</gpxtpx:TrackPointExtension>
<opentracks:accuracy_horizontal>1.02</opentracks:accuracy_horizontal></extensions>
</trkpt>
<trkpt lat="50.458489" lon="-104.546004">
<ele>557</ele>
<time>2026-09-29T18:59:30.046-06:00</time>
<extensions>
<gpxtpx:TrackPointExtension>
<gpxtpx:speed>6.56</gpxtpx:speed>
</gpxtpx:TrackPointExtension>
<opentracks:accuracy_horizontal>1.02</opentracks:accuracy_horizontal></extensions>
</trkpt>
<trkpt lat="50.458466" lon="-104.546184">
<ele>558</ele>
<time>2026-09-29T18:59:32.053-06:00</time>
<extensions>
<gpxtpx:TrackPointExtension>
<gpxtpx:speed>6.5</gpxtpx:speed>
</gpxtpx:TrackPointExtension>
<opentracks:accuracy_horizontal>1.02</opentracks:accuracy_horizontal></extensions>
</trkpt>
<trkpt lat="50.458423" lon="-104.546332">
<ele>558</ele>
<time>2026-09-29T18:59:34.047-06:00</time>
<extensions>
<gpxtpx:TrackPointExtension>
<gpxtpx:speed>6.52</gpxtpx:speed>
</gpxtpx:TrackPointExtension>
<opentracks:accuracy_horizontal>5.612</opentracks:accuracy_horizontal></extensions>
</trkpt>
<trkpt lat="50.45832" lon="-104.546366">
<ele>557</ele>
<time>2026-09-29T18:59:36.065-06:00</time>
<extensions>
<gpxtpx:TrackPointExtension>
<gpxtpx:speed>7.99</gpxtpx:speed>
</gpxtpx:TrackPointExtension>
<opentracks:accuracy_horizontal>6.122</opentracks:accuracy_horizontal></extensions>
</trkpt>
<trkpt lat="50.458189" lon="-104.546332">
<ele>556</ele>
<time>2026-09-29T18:59:38.057-06:00</time>
<extensions>
<gpxtpx:TrackPointExtension>
<gpxtpx:speed>7.4</gpxtpx:speed>
</gpxtpx:TrackPointExtension>
<opentracks:accuracy_horizontal>1.02</opentracks:accuracy_horizontal></extensions>
</trkpt>
<trkpt lat="50.45806" lon="-104.546285">
<ele>555</ele>
<time>2026-09-29T18:59:40.055-06:00</time>
<extensions>
<gpxtpx:TrackPointExtension>
<gpxtpx:speed>7.07</gpxtpx:speed>
</gpxtpx:TrackPointExtension>
<opentracks:accuracy_horizontal>1.02</opentracks:accuracy_horizontal></extensions>
</trkpt>
<trkpt lat="50.457944" lon="-104.546234">
<ele>556</ele>
<time>2026-09-29T18:59:42.061-06:00</time>
<extensions>
<gpxtpx:TrackPointExtension>
<gpxtpx:speed>6.2</gpxtpx:speed>
</gpxtpx:TrackPointExtension>
<opentracks:accuracy_horizontal>1.02</opentracks:accuracy_horizontal></extensions>
</trkpt>
<trkpt lat="50.457834" lon="-104.546197">
<ele>555</ele>
<time>2026-09-29T18:59:44.054-06:00</time>
<extensions>
<gpxtpx:TrackPointExtension>
<gpxtpx:speed>5.65</gpxtpx:speed>
</gpxtpx:TrackPointExtension>
<opentracks:accuracy_horizontal>5.612</opentracks:accuracy_horizontal></extensions>
</trkpt>
<trkpt lat="50.457737" lon="-104.54616">
<ele>555</ele>
<time>2026-09-29T18:59:46.055-06:00</time>
<extensions>
<gpxtpx:TrackPointExtension>
<gpxtpx:speed>5.86</gpxtpx:speed>
</gpxtpx:TrackPointExtension>
<opentracks:accuracy_horizontal>5.612</opentracks:accuracy_horizontal></extensions>
</trkpt>
<trkpt lat="50.45763" lon="-104.546127">
<ele>554</ele>
<time>2026-09-29T18:59:48.039-06:00</time>
<extensions>
<gpxtpx:TrackPointExtension>
<gpxtpx:speed>5.99</gpxtpx:speed>
</gpxtpx:TrackPointExtension>
<opentracks:accuracy_horizontal>5.612</opentracks:accuracy_horizontal></extensions>
</trkpt>
<trkpt lat="50.457529" lon="-104.546095">
<ele>554</ele>
<time>2026-09-29T18:59:50.036-06:00</time>
<extensions>
<gpxtpx:TrackPointExtension>
<gpxtpx:speed>6</gpxtpx:speed>
</gpxtpx:TrackPointExtension>
<opentracks:accuracy_horizontal>6.122</opentracks:accuracy_horizontal></extensions>
</trkpt>
<trkpt lat="50.457407" lon="-104.546132">
<ele>553</ele>
<time>2026-09-29T18:59:53.049-06:00</time>
<extensions>
<gpxtpx:TrackPointExtension>
<gpxtpx:speed>5.01</gpxtpx:speed>
</gpxtpx:TrackPointExtension>
<opentracks:accuracy_horizontal>6.633</opentracks:accuracy_horizontal></extensions>
</trkpt>
<trkpt lat="50.457338" lon="-104.546288">
<ele>553</ele>
<time>2026-09-29T18:59:55.043-06:00</time>
<extensions>
<gpxtpx:TrackPointExtension>
<gpxtpx:speed>7.11</gpxtpx:speed>
</gpxtpx:TrackPointExtension>
<opentracks:accuracy_horizontal>7.653</opentracks:accuracy_horizontal></extensions>
</trkpt>
<trkpt lat="50.457344" lon="-104.546497">
<ele>554</ele>
<time>2026-09-29T18:59:57.056-06:00</time>
<extensions>
<gpxtpx:TrackPointExtension>
<gpxtpx:speed>7.16</gpxtpx:speed>
</gpxtpx:TrackPointExtension>
<opentracks:accuracy_horizontal>7.653</opentracks:accuracy_horizontal></extensions>
</trkpt>
<trkpt lat="50.457343" lon="-104.546682">
<ele>553</ele>
<time>2026-09-29T18:59:59.051-06:00</time>
<extensions>
<gpxtpx:TrackPointExtension>
<gpxtpx:speed>6.81</gpxtpx:speed>
</gpxtpx:TrackPointExtension>
<opentracks:accuracy_horizontal>1.02</opentracks:accuracy_horizontal></extensions>
</trkpt>
<trkpt lat="50.45736" lon="-104.546862">
<ele>554</ele>
<time>2026-09-29T19:00:01.031-06:00</time>
<extensions>
<gpxtpx:TrackPointExtension>
<gpxtpx:speed>6.21</gpxtpx:speed>
</gpxtpx:TrackPointExtension>
<opentracks:accuracy_horizontal>0.51</opentracks:accuracy_horizontal></extensions>
</trkpt>
<trkpt lat="50.457363" lon="-104.547031">
<ele>556</ele>
<time>2026-09-29T19:00:03.041-06:00</time>
<extensions>
<gpxtpx:TrackPointExtension>
<gpxtpx:speed>7.43</gpxtpx:speed>
</gpxtpx:TrackPointExtension>
<opentracks:accuracy_horizontal>1.02</opentracks:accuracy_horizontal></extensions>
</trkpt>
<trkpt lat="50.457357" lon="-104.547206">
<ele>556</ele>
<time>2026-09-29T19:00:05.033-06:00</time>
<extensions>
<gpxtpx:TrackPointExtension>
<gpxtpx:speed>6.26</gpxtpx:speed>
</gpxtpx:TrackPointExtension>
<opentracks:accuracy_horizontal>1.02</opentracks:accuracy_horizontal></extensions>
</trkpt>
<trkpt lat="50.45737" lon="-104.547354">
<ele>558</ele>
<time>2026-09-29T19:00:07.043-06:00</time>
<extensions>
<gpxtpx:TrackPointExtension>
<gpxtpx:speed>5.95</gpxtpx:speed>
</gpxtpx:TrackPointExtension>
<opentracks:accuracy_horizontal>1.02</opentracks:accuracy_horizontal></extensions>
</trkpt>
<trkpt lat="50.457419" lon="-104.547502">
<ele>559</ele>
<time>2026-09-29T19:00:09.029-06:00</time>
<extensions>
<gpxtpx:TrackPointExtension>
<gpxtpx:speed>6.17</gpxtpx:speed>
</gpxtpx:TrackPointExtension>
<opentracks:accuracy_horizontal>1.02</opentracks:accuracy_horizontal></extensions>
</trkpt>
<trkpt lat="50.457519" lon="-104.547547">
<ele>559</ele>
<time>2026-09-29T19:00:11.039-06:00</time>
<extensions>
<gpxtpx:TrackPointExtension>
<gpxtpx:speed>6.04</gpxtpx:speed>
</gpxtpx:TrackPointExtension>
<opentracks:accuracy_horizontal>0.51</opentracks:accuracy_horizontal></extensions>
</trkpt>
<trkpt lat="50.457627" lon="-104.547527">
<ele>558</ele>
<time>2026-09-29T19:00:13.045-06:00</time>
<extensions>
<gpxtpx:TrackPointExtension>
<gpxtpx:speed>6.67</gpxtpx:speed>
</gpxtpx:TrackPointExtension>
<opentracks:accuracy_horizontal>0.51</opentracks:accuracy_horizontal></extensions>
</trkpt>
<trkpt lat="50.45775" lon="-104.5475">
<ele>556</ele>
<time>2026-09-29T19:00:15.054-06:00</time>
<extensions>
<gpxtpx:TrackPointExtension>
<gpxtpx:speed>6.2</gpxtpx:speed>
</gpxtpx:TrackPointExtension>
<opentracks:accuracy_horizontal>1.02</opentracks:accuracy_horizontal></extensions>
</trkpt>
<trkpt lat="50.457851" lon="-104.547515">
<ele>556</ele>
<time>2026-09-29T19:00:17.045-06:00</time>
<extensions>
<gpxtpx:TrackPointExtension>
<gpxtpx:speed>6.27</gpxtpx:speed>
</gpxtpx:TrackPointExtension>
<opentracks:accuracy_horizontal>1.02</opentracks:accuracy_horizontal></extensions>
</trkpt>
<trkpt lat="50.45795" lon="-104.547538">
<ele>556</ele>
<time>2026-09-29T19:00:19.047-06:00</time>
<extensions>
<gpxtpx:TrackPointExtension>
<gpxtpx:speed>5.74</gpxtpx:speed>
</gpxtpx:TrackPointExtension>
<opentracks:accuracy_horizontal>1.02</opentracks:accuracy_horizontal></extensions>
</trkpt>
<trkpt lat="50.458082" lon="-104.547539">
<ele>556</ele>
<time>2026-09-29T19:00:22.061-06:00</time>
<extensions>
<gpxtpx:TrackPointExtension>
<gpxtpx:speed>4.87</gpxtpx:speed>
</gpxtpx:TrackPointExtension>
<opentracks:accuracy_horizontal>5.102</opentracks:accuracy_horizontal></extensions>
</trkpt>
<trkpt lat="50.458185" lon="-104.547526">
<ele>557</ele>
<time>2026-09-29T19:00:25.053-06:00</time>
<extensions>
<gpxtpx:TrackPointExtension>
<gpxtpx:speed>3.22</gpxtpx:speed>
</gpxtpx:TrackPointExtension>
<opentracks:accuracy_horizontal>5.102</opentracks:accuracy_horizontal></extensions>
</trkpt>
<trkpt lat="50.458264" lon="-104.547615">
<ele>557</ele>
<time>2026-09-29T19:00:28.033-06:00</time>
<extensions>
<gpxtpx:TrackPointExtension>
<gpxtpx:speed>3.36</gpxtpx:speed>
</gpxtpx:TrackPointExtension>
<opentracks:accuracy_horizontal>5.102</opentracks:accuracy_horizontal></extensions>
</trkpt>
<trkpt lat="50.458325" lon="-104.547746">
<ele>558</ele>
<time>2026-09-29T19:00:31.051-06:00</time>
<extensions>
<gpxtpx:TrackPointExtension>
<gpxtpx:speed>4.68</gpxtpx:speed>
</gpxtpx:TrackPointExtension>
<opentracks:accuracy_horizontal>3.571</opentracks:accuracy_horizontal></extensions>
</trkpt>
<trkpt lat="50.458352" lon="-104.547891">
<ele>557</ele>
<time>2026-09-29T19:00:33.053-06:00</time>
<extensions>
<gpxtpx:TrackPointExtension>
<gpxtpx:speed>5.2</gpxtpx:speed>
</gpxtpx:TrackPointExtension>
<opentracks:accuracy_horizontal>4.592</opentracks:accuracy_horizontal></extensions>
</trkpt>
<trkpt lat="50.458368" lon="-104.548061">
<ele>557</ele>
<time>2026-09-29T19:00:35.051-06:00</time>
<extensions>
<gpxtpx:TrackPointExtension>
<gpxtpx:speed>6.2</gpxtpx:speed>
</gpxtpx:TrackPointExtension>
<opentracks:accuracy_horizontal>4.082</opentracks:accuracy_horizontal></extensions>
</trkpt>
<trkpt lat="50.458361" lon="-104.548222">
<ele>557</ele>
<time>2026-09-29T19:00:37.063-06:00</time>
<extensions>
<gpxtpx:TrackPointExtension>
<gpxtpx:speed>5.75</gpxtpx:speed>
</gpxtpx:TrackPointExtension>
<opentracks:accuracy_horizontal>1.02</opentracks:accuracy_horizontal></extensions>
</trkpt>
<trkpt lat="50.458354" lon="-104.548382">
<ele>557</ele>
<time>2026-09-29T19:00:40.069-06:00</time>
<extensions>
<gpxtpx:TrackPointExtension>
<gpxtpx:speed>2.82</gpxtpx:speed>
</gpxtpx:TrackPointExtension>
<opentracks:accuracy_horizontal>1.02</opentracks:accuracy_horizontal></extensions>
</trkpt>
<trkpt lat="50.458372" lon="-104.548567">
<ele>558</ele>
<time>2026-09-29T19:00:44.052-06:00</time>
<extensions>
<gpxtpx:TrackPointExtension>
<gpxtpx:speed>3.73</gpxtpx:speed>
</gpxtpx:TrackPointExtension>
<opentracks:accuracy_horizontal>6.122</opentracks:accuracy_horizontal></extensions>
</trkpt>
<trkpt lat="50.458373" lon="-104.548725">
<ele>559</ele>
<time>2026-09-29T19:00:46.062-06:00</time>
<extensions>
<gpxtpx:TrackPointExtension>
<gpxtpx:speed>5.21</gpxtpx:speed>
</gpxtpx:TrackPointExtension>
<opentracks:accuracy_horizontal>6.122</opentracks:accuracy_horizontal></extensions>
</trkpt>
<trkpt lat="50.458357" lon="-104.548896">
<ele>559</ele>
<time>2026-09-29T19:00:48.049-06:00</time>
<extensions>
<gpxtpx:TrackPointExtension>
<gpxtpx:speed>6.33</gpxtpx:speed>
</gpxtpx:TrackPointExtension>
<opentracks:accuracy_horizontal>4.592</opentracks:accuracy_horizontal></extensions>
</trkpt>
<trkpt lat="50.458337" lon="-104.549074">
<ele>559</ele>
<time>2026-09-29T19:00:50.067-06:00</time>
<extensions>
<gpxtpx:TrackPointExtension>
<gpxtpx:speed>6.45</gpxtpx:speed>
</gpxtpx:TrackPointExtension>
<opentracks:accuracy_horizontal>1.02</opentracks:accuracy_horizontal></extensions>
</trkpt>
<trkpt lat="50.458336" lon="-104.549252">
<ele>559</ele>
<time>2026-09-29T19:00:52.076-06:00</time>
<extensions>
<gpxtpx:TrackPointExtension>
<gpxtpx:speed>6.31</gpxtpx:speed>
</gpxtpx:TrackPointExtension>
<opentracks:accuracy_horizontal>0.51</opentracks:accuracy_horizontal></extensions>
</trkpt>
<trkpt lat="50.458343" lon="-104.54943">
<ele>559</ele>
<time>2026-09-29T19:00:54.052-06:00</time>
<extensions>
<gpxtpx:TrackPointExtension>
<gpxtpx:speed>6.32</gpxtpx:speed>
</gpxtpx:TrackPointExtension>
<opentracks:accuracy_horizontal>1.02</opentracks:accuracy_horizontal></extensions>
</trkpt>
<trkpt lat="50.458363" lon="-104.549621">
<ele>558</ele>
<time>2026-09-29T19:00:56.045-06:00</time>
<extensions>
<gpxtpx:TrackPointExtension>
<gpxtpx:speed>6.8</gpxtpx:speed>
</gpxtpx:TrackPointExtension>
<opentracks:accuracy_horizontal>1.02</opentracks:accuracy_horizontal></extensions>
</trkpt>
<trkpt lat="50.458377" lon="-104.549815">
<ele>557</ele>
<time>2026-09-29T19:00:58.036-06:00</time>
<extensions>
<gpxtpx:TrackPointExtension>
<gpxtpx:speed>6.71</gpxtpx:speed>
</gpxtpx:TrackPointExtension>
<opentracks:accuracy_horizontal>1.02</opentracks:accuracy_horizontal></extensions>
</trkpt>
<trkpt lat="50.458383" lon="-104.550005">
<ele>557</ele>
<time>2026-09-29T19:01:00.045-06:00</time>
<extensions>
<gpxtpx:TrackPointExtension>
<gpxtpx:speed>6.84</gpxtpx:speed>
</gpxtpx:TrackPointExtension>
<opentracks:accuracy_horizontal>1.02</opentracks:accuracy_horizontal></extensions>
</trkpt>
<trkpt lat="50.458359" lon="-104.550204">
<ele>556</ele>
<time>2026-09-29T19:01:02.046-06:00</time>
<extensions>
<gpxtpx:TrackPointExtension>
<gpxtpx:speed>6.75</gpxtpx:speed>
</gpxtpx:TrackPointExtension>
<opentracks:accuracy_horizontal>1.02</opentracks:accuracy_horizontal></extensions>
</trkpt>
<trkpt lat="50.458353" lon="-104.550398">
<ele>556</ele>
<time>2026-09-29T19:01:04.053-06:00</time>
<extensions>
<gpxtpx:TrackPointExtension>
<gpxtpx:speed>6.71</gpxtpx:speed>
</gpxtpx:TrackPointExtension>
<opentracks:accuracy_horizontal>1.02</opentracks:accuracy_horizontal></extensions>
</trkpt>
<trkpt lat="50.458357" lon="-104.550585">
<ele>556</ele>
<time>2026-09-29T19:01:06.06-06:00</time>
<extensions>
<gpxtpx:TrackPointExtension>
<gpxtpx:speed>6.75</gpxtpx:speed>
</gpxtpx:TrackPointExtension>
<opentracks:accuracy_horizontal>1.02</opentracks:accuracy_horizontal></extensions>
</trkpt>
<trkpt lat="50.458357" lon="-104.550774">
<ele>557</ele>
<time>2026-09-29T19:01:08.052-06:00</time>
<extensions>
<gpxtpx:TrackPointExtension>
<gpxtpx:speed>6.79</gpxtpx:speed>
</gpxtpx:TrackPointExtension>
<opentracks:accuracy_horizontal>1.02</opentracks:accuracy_horizontal></extensions>
</trkpt>
<trkpt lat="50.458355" lon="-104.550966">
<ele>556</ele>
<time>2026-09-29T19:01:10.03-06:00</time>
<extensions>
<gpxtpx:TrackPointExtension>
<gpxtpx:speed>7.13</gpxtpx:speed>
</gpxtpx:TrackPointExtension>
<opentracks:accuracy_horizontal>1.02</opentracks:accuracy_horizontal></extensions>
</trkpt>
<trkpt lat="50.458348" lon="-104.551172">
<ele>555</ele>
<time>2026-09-29T19:01:12.04-06:00</time>
<extensions>
<gpxtpx:TrackPointExtension>
<gpxtpx:speed>6.94</gpxtpx:speed>
</gpxtpx:TrackPointExtension>
<opentracks:accuracy_horizontal>1.02</opentracks:accuracy_horizontal></extensions>
</trkpt>
<trkpt lat="50.458359" lon="-104.551374">
<ele>556</ele>
<time>2026-09-29T19:01:14.054-06:00</time>
<extensions>
<gpxtpx:TrackPointExtension>
<gpxtpx:speed>7.32</gpxtpx:speed>
</gpxtpx:TrackPointExtension>
<opentracks:accuracy_horizontal>1.02</opentracks:accuracy_horizontal></extensions>
</trkpt>
<trkpt lat="50.458368" lon="-104.551589">
<ele>556</ele>
<time>2026-09-29T19:01:16.065-06:00</time>
<extensions>
<gpxtpx:TrackPointExtension>
<gpxtpx:speed>7.52</gpxtpx:speed>
</gpxtpx:TrackPointExtension>
<opentracks:accuracy_horizontal>1.02</opentracks:accuracy_horizontal></extensions>
</trkpt>
<trkpt lat="50.458367" lon="-104.551795">
<ele>556</ele>
<time>2026-09-29T19:01:18.051-06:00</time>
<extensions>
<gpxtpx:TrackPointExtension>
<gpxtpx:speed>7.27</gpxtpx:speed>
</gpxtpx:TrackPointExtension>
<opentracks:accuracy_horizontal>1.02</opentracks:accuracy_horizontal></extensions>
</trkpt>
<trkpt lat="50.458363" lon="-104.55199">
<ele>555</ele>
<time>2026-09-29T19:01:20.041-06:00</time>
<extensions>
<gpxtpx:TrackPointExtension>
<gpxtpx:speed>7.26</gpxtpx:speed>
</gpxtpx:TrackPointExtension>
<opentracks:accuracy_horizontal>1.02</opentracks:accuracy_horizontal></extensions>
</trkpt>
<trkpt lat="50.458362" lon="-104.552186">
<ele>555</ele>
<time>2026-09-29T19:01:22.063-06:00</time>
<extensions>
<gpxtpx:TrackPointExtension>
<gpxtpx:speed>7.02</gpxtpx:speed>
</gpxtpx:TrackPointExtension>
<opentracks:accuracy_horizontal>1.02</opentracks:accuracy_horizontal></extensions>
</trkpt>
<trkpt lat="50.458375" lon="-104.552401">
<ele>556</ele>
<time>2026-09-29T19:01:24.049-06:00</time>
<extensions>
<gpxtpx:TrackPointExtension>
<gpxtpx:speed>7.39</gpxtpx:speed>
</gpxtpx:TrackPointExtension>
<opentracks:accuracy_horizontal>1.02</opentracks:accuracy_horizontal></extensions>
</trkpt>
<trkpt lat="50.458374" lon="-104.552629">
<ele>557</ele>
<time>2026-09-29T19:01:26.07-06:00</time>
<extensions>
<gpxtpx:TrackPointExtension>
<gpxtpx:speed>7.92</gpxtpx:speed>
</gpxtpx:TrackPointExtension>
<opentracks:accuracy_horizontal>1.02</opentracks:accuracy_horizontal></extensions>
</trkpt>
<trkpt lat="50.458357" lon="-104.55285">
<ele>558</ele>
<time>2026-09-29T19:01:28.049-06:00</time>
<extensions>
<gpxtpx:TrackPointExtension>
<gpxtpx:speed>7.92</gpxtpx:speed>
</gpxtpx:TrackPointExtension>
<opentracks:accuracy_horizontal>1.02</opentracks:accuracy_horizontal></extensions>
</trkpt>
<trkpt lat="50.458364" lon="-104.553075">
<ele>557</ele>
<time>2026-09-29T19:01:30.057-06:00</time>
<extensions>
<gpxtpx:TrackPointExtension>
<gpxtpx:speed>8.11</gpxtpx:speed>
</gpxtpx:TrackPointExtension>
<opentracks:accuracy_horizontal>1.02</opentracks:accuracy_horizontal></extensions>
</trkpt>
<trkpt lat="50.458365" lon="-104.553306">
<ele>558</ele>
<time>2026-09-29T19:01:32.059-06:00</time>
<extensions>
<gpxtpx:TrackPointExtension>
<gpxtpx:speed>8.26</gpxtpx:speed>
</gpxtpx:TrackPointExtension>
<opentracks:accuracy_horizontal>1.02</opentracks:accuracy_horizontal></extensions>
</trkpt>
<trkpt lat="50.45838" lon="-104.553562">
<ele>557</ele>
<time>2026-09-29T19:01:34.062-06:00</time>
<extensions>
<gpxtpx:TrackPointExtension>
<gpxtpx:speed>8.72</gpxtpx:speed>
</gpxtpx:TrackPointExtension>
<opentracks:accuracy_horizontal>1.02</opentracks:accuracy_horizontal></extensions>
</trkpt>
<trkpt lat="50.458384" lon="-104.553805">
<ele>558</ele>
<time>2026-09-29T19:01:36.05-06:00</time>
<extensions>
<gpxtpx:TrackPointExtension>
<gpxtpx:speed>8.67</gpxtpx:speed>
</gpxtpx:TrackPointExtension>
<opentracks:accuracy_horizontal>1.02</opentracks:accuracy_horizontal></extensions>
</trkpt>
<trkpt lat="50.458363" lon="-104.55405">
<ele>558</ele>
<time>2026-09-29T19:01:38.048-06:00</time>
<extensions>
<gpxtpx:TrackPointExtension>
<gpxtpx:speed>8.27</gpxtpx:speed>
</gpxtpx:TrackPointExtension>
<opentracks:accuracy_horizontal>1.02</opentracks:accuracy_horizontal></extensions>
</trkpt>
<trkpt lat="50.458351" lon="-104.55427">
<ele>558</ele>
<time>2026-09-29T19:01:40.037-06:00</time>
<extensions>
<gpxtpx:TrackPointExtension>
<gpxtpx:speed>7.53</gpxtpx:speed>
</gpxtpx:TrackPointExtension>
<opentracks:accuracy_horizontal>1.02</opentracks:accuracy_horizontal></extensions>
</trkpt>
<trkpt lat="50.458356" lon="-104.55449">
<ele>557</ele>
<time>2026-09-29T19:01:42.04-06:00</time>
<extensions>
<gpxtpx:TrackPointExtension>
<gpxtpx:speed>7.97</gpxtpx:speed>
</gpxtpx:TrackPointExtension>
<opentracks:accuracy_horizontal>1.02</opentracks:accuracy_horizontal></extensions>
</trkpt>
<trkpt lat="50.458358" lon="-104.554713">
<ele>557</ele>
<time>2026-09-29T19:01:44.057-06:00</time>
<extensions>
<gpxtpx:TrackPointExtension>
<gpxtpx:speed>8.03</gpxtpx:speed>
</gpxtpx:TrackPointExtension>
<opentracks:accuracy_horizontal>1.02</opentracks:accuracy_horizontal></extensions>
</trkpt>
<trkpt lat="50.458352" lon="-104.55494">
<ele>557</ele>
<time>2026-09-29T19:01:46.058-06:00</time>
<extensions>
<gpxtpx:TrackPointExtension>
<gpxtpx:speed>8.11</gpxtpx:speed>
</gpxtpx:TrackPointExtension>
<opentracks:accuracy_horizontal>1.02</opentracks:accuracy_horizontal></extensions>
</trkpt>
<trkpt lat="50.458358" lon="-104.555191">
<ele>556</ele>
<time>2026-09-29T19:01:48.06-06:00</time>
<extensions>
<gpxtpx:TrackPointExtension>
<gpxtpx:speed>8.63</gpxtpx:speed>
</gpxtpx:TrackPointExtension>
<opentracks:accuracy_horizontal>1.02</opentracks:accuracy_horizontal></extensions>
</trkpt>
<trkpt lat="50.458354" lon="-104.555444">
<ele>555</ele>
<time>2026-09-29T19:01:50.059-06:00</time>
<extensions>
<gpxtpx:TrackPointExtension>
<gpxtpx:speed>9.01</gpxtpx:speed>
</gpxtpx:TrackPointExtension>
<opentracks:accuracy_horizontal>1.02</opentracks:accuracy_horizontal></extensions>
</trkpt>
<trkpt lat="50.458352" lon="-104.555689">
<ele>554</ele>
<time>2026-09-29T19:01:52.053-06:00</time>
<extensions>
<gpxtpx:TrackPointExtension>
<gpxtpx:speed>8.48</gpxtpx:speed>
</gpxtpx:TrackPointExtension>
<opentracks:accuracy_horizontal>1.02</opentracks:accuracy_horizontal></extensions>
</trkpt>
<trkpt lat="50.458356" lon="-104.555934">
<ele>555</ele>
<time>2026-09-29T19:01:54.047-06:00</time>
<extensions>
<gpxtpx:TrackPointExtension>
<gpxtpx:speed>7.96</gpxtpx:speed>
</gpxtpx:TrackPointExtension>
<opentracks:accuracy_horizontal>1.02</opentracks:accuracy_horizontal></extensions>
</trkpt>
<trkpt lat="50.458353" lon="-104.556149">
<ele>555</ele>
<time>2026-09-29T19:01:56.051-06:00</time>
<extensions>
<gpxtpx:TrackPointExtension>
<gpxtpx:speed>7.65</gpxtpx:speed>
</gpxtpx:TrackPointExtension>
<opentracks:accuracy_horizontal>1.02</opentracks:accuracy_horizontal></extensions>
</trkpt>
<trkpt lat="50.458348" lon="-104.556354">
<ele>555</ele>
<time>2026-09-29T19:01:58.055-06:00</time>
<extensions>
<gpxtpx:TrackPointExtension>
<gpxtpx:speed>7.48</gpxtpx:speed>
</gpxtpx:TrackPointExtension>
<opentracks:accuracy_horizontal>1.02</opentracks:accuracy_horizontal></extensions>
</trkpt>
<trkpt lat="50.458349" lon="-104.556514">
<ele>555</ele>
<time>2026-09-29T19:02:00.05-06:00</time>
<extensions>
<gpxtpx:TrackPointExtension>
<gpxtpx:speed>6.25</gpxtpx:speed>
</gpxtpx:TrackPointExtension>
<opentracks:accuracy_horizontal>1.02</opentracks:accuracy_horizontal></extensions>
</trkpt>
<trkpt lat="50.458366" lon="-104.556697">
<ele>556</ele>
<time>2026-09-29T19:02:02.053-06:00</time>
<extensions>
<gpxtpx:TrackPointExtension>
<gpxtpx:speed>5.77</gpxtpx:speed>
</gpxtpx:TrackPointExtension>
<opentracks:accuracy_horizontal>1.02</opentracks:accuracy_horizontal></extensions>
</trkpt>
<trkpt lat="50.458368" lon="-104.556865">
<ele>556</ele>
<time>2026-09-29T19:02:04.045-06:00</time>
<extensions>
<gpxtpx:TrackPointExtension>
<gpxtpx:speed>6.07</gpxtpx:speed>
</gpxtpx:TrackPointExtension>
<opentracks:accuracy_horizontal>1.02</opentracks:accuracy_horizontal></extensions>
</trkpt>
<trkpt lat="50.458365" lon="-104.557031">
<ele>556</ele>
<time>2026-09-29T19:02:06.141-06:00</time>
<extensions>
<gpxtpx:TrackPointExtension>
<gpxtpx:speed>4.75</gpxtpx:speed>
</gpxtpx:TrackPointExtension>
<opentracks:accuracy_horizontal>1.02</opentracks:accuracy_horizontal></extensions>
</trkpt>
<trkpt lat="50.458379" lon="-104.557193">
<ele>556</ele>
<time>2026-09-29T19:02:08.059-06:00</time>
<extensions>
<gpxtpx:TrackPointExtension>
<gpxtpx:speed>5.31</gpxtpx:speed>
</gpxtpx:TrackPointExtension>
<opentracks:accuracy_horizontal>1.02</opentracks:accuracy_horizontal></extensions>
</trkpt>
<trkpt lat="50.458372" lon="-104.557346">
<ele>556</ele>
<time>2026-09-29T19:02:10.052-06:00</time>
<extensions>
<gpxtpx:TrackPointExtension>
<gpxtpx:speed>5.08</gpxtpx:speed>
</gpxtpx:TrackPointExtension>
<opentracks:accuracy_horizontal>1.02</opentracks:accuracy_horizontal></extensions>
</trkpt>
<trkpt lat="50.458384" lon="-104.557532">
<ele>557</ele>
<time>2026-09-29T19:02:13.045-06:00</time>
<extensions>
<gpxtpx:TrackPointExtension>
<gpxtpx:speed>4.36</gpxtpx:speed>
</gpxtpx:TrackPointExtension>
<opentracks:accuracy_horizontal>1.02</opentracks:accuracy_horizontal></extensions>
</trkpt>
<trkpt lat="50.458383" lon="-104.557691">
<ele>557</ele>
<time>2026-09-29T19:02:16.037-06:00</time>
<extensions>
<gpxtpx:TrackPointExtension>
<gpxtpx:speed>2.74</gpxtpx:speed>
</gpxtpx:TrackPointExtension>
<opentracks:accuracy_horizontal>1.02</opentracks:accuracy_horizontal></extensions>
</trkpt>
<trkpt lat="50.458387" lon="-104.557854">
<ele>556</ele>
<time>2026-09-29T19:02:19.041-06:00</time>
<extensions>
<gpxtpx:TrackPointExtension>
<gpxtpx:speed>4.58</gpxtpx:speed>
</gpxtpx:TrackPointExtension>
<opentracks:accuracy_horizontal>8.163</opentracks:accuracy_horizontal></extensions>
</trkpt>
<trkpt lat="50.458341" lon="-104.557999">
<ele>557</ele>
<time>2026-09-29T19:02:21.051-06:00</time>
<extensions>
<gpxtpx:TrackPointExtension>
<gpxtpx:speed>6.38</gpxtpx:speed>
</gpxtpx:TrackPointExtension>
<opentracks:accuracy_horizontal>5.102</opentracks:accuracy_horizontal></extensions>
</trkpt>
<trkpt lat="50.458286" lon="-104.558172">
<ele>556</ele>
<time>2026-09-29T19:02:23.061-06:00</time>
<extensions>
<gpxtpx:TrackPointExtension>
<gpxtpx:speed>6.79</gpxtpx:speed>
</gpxtpx:TrackPointExtension>
<opentracks:accuracy_horizontal>4.592</opentracks:accuracy_horizontal></extensions>
</trkpt>
<trkpt lat="50.458288" lon="-104.558388">
<ele>555</ele>
<time>2026-09-29T19:02:25.066-06:00</time>
<extensions>
<gpxtpx:TrackPointExtension>
<gpxtpx:speed>7.7</gpxtpx:speed>
</gpxtpx:TrackPointExtension>
<opentracks:accuracy_horizontal>0.51</opentracks:accuracy_horizontal></extensions>
</trkpt>
<trkpt lat="50.458299" lon="-104.558621">
<ele>555</ele>
<time>2026-09-29T19:02:27.046-06:00</time>
<extensions>
<gpxtpx:TrackPointExtension>
<gpxtpx:speed>7.97</gpxtpx:speed>
</gpxtpx:TrackPointExtension>
<opentracks:accuracy_horizontal>1.02</opentracks:accuracy_horizontal></extensions>
</trkpt>
<trkpt lat="50.458306" lon="-104.558841">
<ele>555</ele>
<time>2026-09-29T19:02:29.047-06:00</time>
<extensions>
<gpxtpx:TrackPointExtension>
<gpxtpx:speed>7.19</gpxtpx:speed>
</gpxtpx:TrackPointExtension>
<opentracks:accuracy_horizontal>1.02</opentracks:accuracy_horizontal></extensions>
</trkpt>
<trkpt lat="50.458307" lon="-104.559041">
<ele>556</ele>
<time>2026-09-29T19:02:31.042-06:00</time>
<extensions>
<gpxtpx:TrackPointExtension>
<gpxtpx:speed>6.82</gpxtpx:speed>
</gpxtpx:TrackPointExtension>
<opentracks:accuracy_horizontal>1.02</opentracks:accuracy_horizontal></extensions>
</trkpt>
<trkpt lat="50.458302" lon="-104.559217">
<ele>556</ele>
<time>2026-09-29T19:02:33.059-06:00</time>
<extensions>
<gpxtpx:TrackPointExtension>
<gpxtpx:speed>6.01</gpxtpx:speed>
</gpxtpx:TrackPointExtension>
<opentracks:accuracy_horizontal>0.51</opentracks:accuracy_horizontal></extensions>
</trkpt>
<trkpt lat="50.458268" lon="-104.559375">
<ele>556</ele>
<time>2026-09-29T19:02:35.054-06:00</time>
<extensions>
<gpxtpx:TrackPointExtension>
<gpxtpx:speed>5.87</gpxtpx:speed>
</gpxtpx:TrackPointExtension>
<opentracks:accuracy_horizontal>4.082</opentracks:accuracy_horizontal></extensions>
</trkpt>
<trkpt lat="50.458191" lon="-104.559463">
<ele>557</ele>
<time>2026-09-29T19:02:37.055-06:00</time>
<extensions>
<gpxtpx:TrackPointExtension>
<gpxtpx:speed>5.66</gpxtpx:speed>
</gpxtpx:TrackPointExtension>
<opentracks:accuracy_horizontal>4.082</opentracks:accuracy_horizontal></extensions>
</trkpt>
<trkpt lat="50.458076" lon="-104.559493">
<ele>556</ele>
<time>2026-09-29T19:02:39.047-06:00</time>
<extensions>
<gpxtpx:TrackPointExtension>
<gpxtpx:speed>6.37</gpxtpx:speed>
</gpxtpx:TrackPointExtension>
<opentracks:accuracy_horizontal>4.592</opentracks:accuracy_horizontal></extensions>
</trkpt>
<trkpt lat="50.457965" lon="-104.559502">
<ele>555</ele>
<time>2026-09-29T19:02:41.052-06:00</time>
<extensions>
<gpxtpx:TrackPointExtension>
<gpxtpx:speed>6.45</gpxtpx:speed>
</gpxtpx:TrackPointExtension>
<opentracks:accuracy_horizontal>4.592</opentracks:accuracy_horizontal></extensions>
</trkpt>
<trkpt lat="50.457854" lon="-104.55951">
<ele>555</ele>
<time>2026-09-29T19:02:43.048-06:00</time>
<extensions>
<gpxtpx:TrackPointExtension>
<gpxtpx:speed>6.42</gpxtpx:speed>
</gpxtpx:TrackPointExtension>
<opentracks:accuracy_horizontal>1.02</opentracks:accuracy_horizontal></extensions>
</trkpt>
<trkpt lat="50.457744" lon="-104.559509">
<ele>555</ele>
<time>2026-09-29T19:02:45.055-06:00</time>
<extensions>
<gpxtpx:TrackPointExtension>
<gpxtpx:speed>6.51</gpxtpx:speed>
</gpxtpx:TrackPointExtension>
<opentracks:accuracy_horizontal>1.02</opentracks:accuracy_horizontal></extensions>
</trkpt>
<trkpt lat="50.457629" lon="-104.559515">
<ele>554</ele>
<time>2026-09-29T19:02:47.051-06:00</time>
<extensions>
<gpxtpx:TrackPointExtension>
<gpxtpx:speed>6.05</gpxtpx:speed>
</gpxtpx:TrackPointExtension>
<opentracks:accuracy_horizontal>1.02</opentracks:accuracy_horizontal></extensions>
</trkpt>
<trkpt lat="50.457518" lon="-104.559516">
<ele>553</ele>
<time>2026-09-29T19:02:49.073-06:00</time>
<extensions>
<gpxtpx:TrackPointExtension>
<gpxtpx:speed>5.82</gpxtpx:speed>
</gpxtpx:TrackPointExtension>
<opentracks:accuracy_horizontal>1.02</opentracks:accuracy_horizontal></extensions>
</trkpt>
<trkpt lat="50.457413" lon="-104.559514">
<ele>553</ele>
<time>2026-09-29T19:02:51.057-06:00</time>
<extensions>
<gpxtpx:TrackPointExtension>
<gpxtpx:speed>5.45</gpxtpx:speed>
</gpxtpx:TrackPointExtension>
<opentracks:accuracy_horizontal>0.51</opentracks:accuracy_horizontal></extensions>
</trkpt>
<trkpt lat="50.457279" lon="-104.559517">
<ele>553</ele>
<time>2026-09-29T19:02:54.03-06:00</time>
<extensions>
<gpxtpx:TrackPointExtension>
<gpxtpx:speed>4.73</gpxtpx:speed>
</gpxtpx:TrackPointExtension>
<opentracks:accuracy_horizontal>4.592</opentracks:accuracy_horizontal></extensions>
</trkpt>
<trkpt lat="50.457187" lon="-104.559529">
<ele>554</ele>
<time>2026-09-29T19:02:56.053-06:00</time>
<extensions>
<gpxtpx:TrackPointExtension>
<gpxtpx:speed>5.89</gpxtpx:speed>
</gpxtpx:TrackPointExtension>
<opentracks:accuracy_horizontal>6.633</opentracks:accuracy_horizontal></extensions>
</trkpt>
<trkpt lat="50.457051" lon="-104.559546">
<ele>554</ele>
<time>2026-09-29T19:02:59.047-06:00</time>
<extensions>
<gpxtpx:TrackPointExtension>
<gpxtpx:speed>4.72</gpxtpx:speed>
</gpxtpx:TrackPointExtension>
<opentracks:accuracy_horizontal>1.02</opentracks:accuracy_horizontal></extensions>
</trkpt>
<trkpt lat="50.456921" lon="-104.559554">
<ele>553</ele>
<time>2026-09-29T19:03:02.044-06:00</time>
<extensions>
<gpxtpx:TrackPointExtension>
<gpxtpx:speed>5.42</gpxtpx:speed>
</gpxtpx:TrackPointExtension>
<opentracks:accuracy_horizontal>1.02</opentracks:accuracy_horizontal></extensions>
</trkpt>
<trkpt lat="50.456796" lon="-104.559545">
<ele>554</ele>
<time>2026-09-29T19:03:05.065-06:00</time>
<extensions>
<gpxtpx:TrackPointExtension>
<gpxtpx:speed>4.21</gpxtpx:speed>
</gpxtpx:TrackPointExtension>
<opentracks:accuracy_horizontal>1.02</opentracks:accuracy_horizontal></extensions>
</trkpt>
<trkpt lat="50.456695" lon="-104.55954">
<ele>554</ele>
<time>2026-09-29T19:03:07.064-06:00</time>
<extensions>
<gpxtpx:TrackPointExtension>
<gpxtpx:speed>5.1</gpxtpx:speed>
</gpxtpx:TrackPointExtension>
<opentracks:accuracy_horizontal>1.02</opentracks:accuracy_horizontal></extensions>
</trkpt>
<trkpt lat="50.456599" lon="-104.559544">
<ele>554</ele>
<time>2026-09-29T19:03:09.057-06:00</time>
<extensions>
<gpxtpx:TrackPointExtension>
<gpxtpx:speed>5.44</gpxtpx:speed>
</gpxtpx:TrackPointExtension>
<opentracks:accuracy_horizontal>1.02</opentracks:accuracy_horizontal></extensions>
</trkpt>
<trkpt lat="50.456507" lon="-104.559468">
<ele>554</ele>
<time>2026-09-29T19:03:11.042-06:00</time>
<extensions>
<gpxtpx:TrackPointExtension>
<gpxtpx:speed>5.91</gpxtpx:speed>
</gpxtpx:TrackPointExtension>
<opentracks:accuracy_horizontal>1.02</opentracks:accuracy_horizontal></extensions>
</trkpt>
<trkpt lat="50.456459" lon="-104.559302">
<ele>554</ele>
<time>2026-09-29T19:03:13.05-06:00</time>
<extensions>
<gpxtpx:TrackPointExtension>
<gpxtpx:speed>5.89</gpxtpx:speed>
</gpxtpx:TrackPointExtension>
<opentracks:accuracy_horizontal>1.02</opentracks:accuracy_horizontal></extensions>
</trkpt>
<trkpt lat="50.456437" lon="-104.559126">
<ele>554</ele>
<time>2026-09-29T19:03:15.06-06:00</time>
<extensions>
<gpxtpx:TrackPointExtension>
<gpxtpx:speed>5.88</gpxtpx:speed>
</gpxtpx:TrackPointExtension>
<opentracks:accuracy_horizontal>1.02</opentracks:accuracy_horizontal></extensions>
</trkpt>
<trkpt lat="50.456459" lon="-104.558971">
<ele>554</ele>
<time>2026-09-29T19:03:17.083-06:00</time>
<extensions>
<gpxtpx:TrackPointExtension>
<gpxtpx:speed>5.61</gpxtpx:speed>
</gpxtpx:TrackPointExtension>
<opentracks:accuracy_horizontal>1.02</opentracks:accuracy_horizontal></extensions>
</trkpt>
<trkpt lat="50.456487" lon="-104.55879">
<ele>554</ele>
<time>2026-09-29T19:03:20.073-06:00</time>
<extensions>
<gpxtpx:TrackPointExtension>
<gpxtpx:speed>3.01</gpxtpx:speed>
</gpxtpx:TrackPointExtension>
<opentracks:accuracy_horizontal>1.02</opentracks:accuracy_horizontal></extensions>
</trkpt>
<trkpt lat="50.456487" lon="-104.558607">
<ele>555</ele>
<time>2026-09-29T19:03:24.068-06:00</time>
<extensions>
<gpxtpx:TrackPointExtension>
<gpxtpx:speed>3.03</gpxtpx:speed>
</gpxtpx:TrackPointExtension>
<opentracks:accuracy_horizontal>5.102</opentracks:accuracy_horizontal></extensions>
</trkpt>
<trkpt lat="50.456472" lon="-104.558444">
<ele>554</ele>
<time>2026-09-29T19:03:28.07-06:00</time>
<extensions>
<gpxtpx:TrackPointExtension>
<gpxtpx:speed>2.09</gpxtpx:speed>
</gpxtpx:TrackPointExtension>
<opentracks:accuracy_horizontal>6.122</opentracks:accuracy_horizontal></extensions>
</trkpt>
<trkpt lat="50.456452" lon="-104.558289">
<ele>554</ele>
<time>2026-09-29T19:03:35.069-06:00</time>
<extensions>
<gpxtpx:TrackPointExtension>
<gpxtpx:speed>1.63</gpxtpx:speed>
</gpxtpx:TrackPointExtension>
<opentracks:accuracy_horizontal>5.612</opentracks:accuracy_horizontal></extensions>
</trkpt>
<trkpt lat="50.456357" lon="-104.55817">
<ele>557</ele>
<time>2026-09-29T19:03:40.051-06:00</time>
<extensions>
<gpxtpx:TrackPointExtension>
<gpxtpx:speed>5.06</gpxtpx:speed>
</gpxtpx:TrackPointExtension>
<opentracks:accuracy_horizontal>7.143</opentracks:accuracy_horizontal></extensions>
</trkpt>
<trkpt lat="50.456254" lon="-104.558161">
<ele>557</ele>
<time>2026-09-29T19:03:42.067-06:00</time>
<extensions>
<gpxtpx:TrackPointExtension>
<gpxtpx:speed>5.19</gpxtpx:speed>
</gpxtpx:TrackPointExtension>
<opentracks:accuracy_horizontal>6.122</opentracks:accuracy_horizontal></extensions>
</trkpt>
<trkpt lat="50.456148" lon="-104.558135">
<ele>557</ele>
<time>2026-09-29T19:03:44.064-06:00</time>
<extensions>
<gpxtpx:TrackPointExtension>
<gpxtpx:speed>4.82</gpxtpx:speed>
</gpxtpx:TrackPointExtension>
<opentracks:accuracy_horizontal>6.122</opentracks:accuracy_horizontal></extensions>
</trkpt>
<trkpt lat="50.456061" lon="-104.558077">
<ele>556</ele>
<time>2026-09-29T19:03:46.047-06:00</time>
<extensions>
<gpxtpx:TrackPointExtension>
<gpxtpx:speed>4.91</gpxtpx:speed>
</gpxtpx:TrackPointExtension>
<opentracks:accuracy_horizontal>1.02</opentracks:accuracy_horizontal></extensions>
</trkpt>
<trkpt lat="50.455941" lon="-104.558022">
<ele>557</ele>
<time>2026-09-29T19:03:49.059-06:00</time>
<extensions>
<gpxtpx:TrackPointExtension>
<gpxtpx:speed>4.88</gpxtpx:speed>
</gpxtpx:TrackPointExtension>
<opentracks:accuracy_horizontal>2.551</opentracks:accuracy_horizontal></extensions>
</trkpt>
<trkpt lat="50.45586" lon="-104.557949">
<ele>556</ele>
<time>2026-09-29T19:03:51.052-06:00</time>
<extensions>
<gpxtpx:TrackPointExtension>
<gpxtpx:speed>4.61</gpxtpx:speed>
</gpxtpx:TrackPointExtension>
<opentracks:accuracy_horizontal>1.02</opentracks:accuracy_horizontal></extensions>
</trkpt>
<trkpt lat="50.455739" lon="-104.557925">
<ele>556</ele>
<time>2026-09-29T19:03:54.047-06:00</time>
<extensions>
<gpxtpx:TrackPointExtension>
<gpxtpx:speed>4.67</gpxtpx:speed>
</gpxtpx:TrackPointExtension>
<opentracks:accuracy_horizontal>4.592</opentracks:accuracy_horizontal></extensions>
</trkpt>
<trkpt lat="50.455643" lon="-104.557936">
<ele>556</ele>
<time>2026-09-29T19:03:56.064-06:00</time>
<extensions>
<gpxtpx:TrackPointExtension>
<gpxtpx:speed>4.41</gpxtpx:speed>
</gpxtpx:TrackPointExtension>
<opentracks:accuracy_horizontal>1.02</opentracks:accuracy_horizontal></extensions>
</trkpt>
<trkpt lat="50.455505" lon="-104.557897">
<ele>555</ele>
<time>2026-09-29T19:03:59.081-06:00</time>
<extensions>
<gpxtpx:TrackPointExtension>
<gpxtpx:speed>4.81</gpxtpx:speed>
</gpxtpx:TrackPointExtension>
<opentracks:accuracy_horizontal>0.51</opentracks:accuracy_horizontal></extensions>
</trkpt>
<trkpt lat="50.455401" lon="-104.557909">
<ele>555</ele>
<time>2026-09-29T19:04:02.077-06:00</time>
<extensions>
<gpxtpx:TrackPointExtension>
<gpxtpx:speed>3.19</gpxtpx:speed>
</gpxtpx:TrackPointExtension>
<opentracks:accuracy_horizontal>4.592</opentracks:accuracy_horizontal></extensions>
</trkpt>
<trkpt lat="50.455306" lon="-104.557903">
<ele>555</ele>
<time>2026-09-29T19:04:07.066-06:00</time>
<extensions>
<gpxtpx:TrackPointExtension>
<gpxtpx:speed>1.13</gpxtpx:speed>
</gpxtpx:TrackPointExtension>
<opentracks:accuracy_horizontal>5.102</opentracks:accuracy_horizontal></extensions>
</trkpt>
<trkpt lat="50.455287" lon="-104.557903">
<ele>555</ele>
<time>2026-09-29T19:04:17.055-06:00</time>
<extensions>
<gpxtpx:TrackPointExtension>
<gpxtpx:speed>0.08</gpxtpx:speed>
</gpxtpx:TrackPointExtension>
<opentracks:accuracy_horizontal>5.102</opentracks:accuracy_horizontal></extensions>
</trkpt>
<trkpt lat="50.455174" lon="-104.557945">
<ele>555</ele>
<time>2026-09-29T19:04:44.07-06:00</time>
<extensions>
<gpxtpx:TrackPointExtension>
<gpxtpx:speed>3.8</gpxtpx:speed>
</gpxtpx:TrackPointExtension>
<opentracks:accuracy_horizontal>5.102</opentracks:accuracy_horizontal></extensions>
</trkpt>
<trkpt lat="50.455083" lon="-104.557949">
<ele>555</ele>
<time>2026-09-29T19:04:46.064-06:00</time>
<extensions>
<gpxtpx:TrackPointExtension>
<gpxtpx:speed>5.58</gpxtpx:speed>
</gpxtpx:TrackPointExtension>
<opentracks:accuracy_horizontal>4.592</opentracks:accuracy_horizontal></extensions>
</trkpt>
<trkpt lat="50.45497" lon="-104.55794">
<ele>554</ele>
<time>2026-09-29T19:04:48.058-06:00</time>
<extensions>
<gpxtpx:TrackPointExtension>
<gpxtpx:speed>6.73</gpxtpx:speed>
</gpxtpx:TrackPointExtension>
<opentracks:accuracy_horizontal>3.571</opentracks:accuracy_horizontal></extensions>
</trkpt>
<trkpt lat="50.454849" lon="-104.557931">
<ele>553</ele>
<time>2026-09-29T19:04:50.073-06:00</time>
<extensions>
<gpxtpx:TrackPointExtension>
<gpxtpx:speed>6.66</gpxtpx:speed>
</gpxtpx:TrackPointExtension>
<opentracks:accuracy_horizontal>3.571</opentracks:accuracy_horizontal></extensions>
</trkpt>
<trkpt lat="50.454714" lon="-104.557944">
<ele>554</ele>
<time>2026-09-29T19:04:52.059-06:00</time>
<extensions>
<gpxtpx:TrackPointExtension>
<gpxtpx:speed>7.53</gpxtpx:speed>
</gpxtpx:TrackPointExtension>
<opentracks:accuracy_horizontal>1.02</opentracks:accuracy_horizontal></extensions>
</trkpt>
<trkpt lat="50.454582" lon="-104.55793">
<ele>554</ele>
<time>2026-09-29T19:04:54.056-06:00</time>
<extensions>
<gpxtpx:TrackPointExtension>
<gpxtpx:speed>7.34</gpxtpx:speed>
</gpxtpx:TrackPointExtension>
<opentracks:accuracy_horizontal>0.51</opentracks:accuracy_horizontal></extensions>
</trkpt>
<trkpt lat="50.454451" lon="-104.557961">
<ele>555</ele>
<time>2026-09-29T19:04:56.063-06:00</time>
<extensions>
<gpxtpx:TrackPointExtension>
<gpxtpx:speed>7.48</gpxtpx:speed>
</gpxtpx:TrackPointExtension>
<opentracks:accuracy_horizontal>1.02</opentracks:accuracy_horizontal></extensions>
</trkpt>
<trkpt lat="50.454312" lon="-104.557971">
<ele>556</ele>
<time>2026-09-29T19:04:58.051-06:00</time>
<extensions>
<gpxtpx:TrackPointExtension>
<gpxtpx:speed>7.74</gpxtpx:speed>
</gpxtpx:TrackPointExtension>
<opentracks:accuracy_horizontal>1.02</opentracks:accuracy_horizontal></extensions>
</trkpt>
<trkpt lat="50.454163" lon="-104.557979">
<ele>556</ele>
<time>2026-09-29T19:05:00.059-06:00</time>
<extensions>
<gpxtpx:TrackPointExtension>
<gpxtpx:speed>8.23</gpxtpx:speed>
</gpxtpx:TrackPointExtension>
<opentracks:accuracy_horizontal>1.02</opentracks:accuracy_horizontal></extensions>
</trkpt>
<trkpt lat="50.454013" lon="-104.557948">
<ele>556</ele>
<time>2026-09-29T19:05:02.064-06:00</time>
<extensions>
<gpxtpx:TrackPointExtension>
<gpxtpx:speed>8.04</gpxtpx:speed>
</gpxtpx:TrackPointExtension>
<opentracks:accuracy_horizontal>1.02</opentracks:accuracy_horizontal></extensions>
</trkpt>
<trkpt lat="50.453873" lon="-104.557934">
<ele>556</ele>
<time>2026-09-29T19:05:04.062-06:00</time>
<extensions>
<gpxtpx:TrackPointExtension>
<gpxtpx:speed>7.95</gpxtpx:speed>
</gpxtpx:TrackPointExtension>
<opentracks:accuracy_horizontal>1.02</opentracks:accuracy_horizontal></extensions>
</trkpt>
<trkpt lat="50.45375" lon="-104.557937">
<ele>556</ele>
<time>2026-09-29T19:05:06.067-06:00</time>
<extensions>
<gpxtpx:TrackPointExtension>
<gpxtpx:speed>7.13</gpxtpx:speed>
</gpxtpx:TrackPointExtension>
<opentracks:accuracy_horizontal>1.02</opentracks:accuracy_horizontal></extensions>
</trkpt>
<trkpt lat="50.453625" lon="-104.557932">
<ele>555</ele>
<time>2026-09-29T19:05:08.066-06:00</time>
<extensions>
<gpxtpx:TrackPointExtension>
<gpxtpx:speed>6.55</gpxtpx:speed>
</gpxtpx:TrackPointExtension>
<opentracks:accuracy_horizontal>0.51</opentracks:accuracy_horizontal></extensions>
</trkpt>
<trkpt lat="50.453494" lon="-104.557933">
<ele>554</ele>
<time>2026-09-29T19:05:10.053-06:00</time>
<extensions>
<gpxtpx:TrackPointExtension>
<gpxtpx:speed>6.06</gpxtpx:speed>
</gpxtpx:TrackPointExtension>
<opentracks:accuracy_horizontal>3.571</opentracks:accuracy_horizontal></extensions>
</trkpt>
<trkpt lat="50.453379" lon="-104.557935">
<ele>553</ele>
<time>2026-09-29T19:05:12.063-06:00</time>
<extensions>
<gpxtpx:TrackPointExtension>
<gpxtpx:speed>6.58</gpxtpx:speed>
</gpxtpx:TrackPointExtension>
<opentracks:accuracy_horizontal>4.082</opentracks:accuracy_horizontal></extensions>
</trkpt>
<trkpt lat="50.45327" lon="-104.557924">
<ele>553</ele>
<time>2026-09-29T19:05:14.067-06:00</time>
<extensions>
<gpxtpx:TrackPointExtension>
<gpxtpx:speed>6.4</gpxtpx:speed>
</gpxtpx:TrackPointExtension>
<opentracks:accuracy_horizontal>1.02</opentracks:accuracy_horizontal></extensions>
</trkpt>
<trkpt lat="50.453158" lon="-104.557921">
<ele>553</ele>
<time>2026-09-29T19:05:16.051-06:00</time>
<extensions>
<gpxtpx:TrackPointExtension>
<gpxtpx:speed>5.52</gpxtpx:speed>
</gpxtpx:TrackPointExtension>
<opentracks:accuracy_horizontal>1.02</opentracks:accuracy_horizontal></extensions>
</trkpt>
<trkpt lat="50.453036" lon="-104.557918">
<ele>552</ele>
<time>2026-09-29T19:05:18.058-06:00</time>
<extensions>
<gpxtpx:TrackPointExtension>
<gpxtpx:speed>5.96</gpxtpx:speed>
</gpxtpx:TrackPointExtension>
<opentracks:accuracy_horizontal>0.51</opentracks:accuracy_horizontal></extensions>
</trkpt>
<trkpt lat="50.452915" lon="-104.557914">
<ele>553</ele>
<time>2026-09-29T19:05:20.062-06:00</time>
<extensions>
<gpxtpx:TrackPointExtension>
<gpxtpx:speed>6.23</gpxtpx:speed>
</gpxtpx:TrackPointExtension>
<opentracks:accuracy_horizontal>1.02</opentracks:accuracy_horizontal></extensions>
</trkpt>
<trkpt lat="50.452799" lon="-104.55792">
<ele>553</ele>
<time>2026-09-29T19:05:22.053-06:00</time>
<extensions>
<gpxtpx:TrackPointExtension>
<gpxtpx:speed>6.51</gpxtpx:speed>
</gpxtpx:TrackPointExtension>
<opentracks:accuracy_horizontal>1.02</opentracks:accuracy_horizontal></extensions>
</trkpt>
<trkpt lat="50.452679" lon="-104.557918">
<ele>553</ele>
<time>2026-09-29T19:05:24.062-06:00</time>
<extensions>
<gpxtpx:TrackPointExtension>
<gpxtpx:speed>6.55</gpxtpx:speed>
</gpxtpx:TrackPointExtension>
<opentracks:accuracy_horizontal>1.02</opentracks:accuracy_horizontal></extensions>
</trkpt>
<trkpt lat="50.452557" lon="-104.557934">
<ele>553</ele>
<time>2026-09-29T19:05:26.07-06:00</time>
<extensions>
<gpxtpx:TrackPointExtension>
<gpxtpx:speed>6.67</gpxtpx:speed>
</gpxtpx:TrackPointExtension>
<opentracks:accuracy_horizontal>1.02</opentracks:accuracy_horizontal></extensions>
</trkpt>
<trkpt lat="50.452439" lon="-104.55794">
<ele>552</ele>
<time>2026-09-29T19:05:28.075-06:00</time>
<extensions>
<gpxtpx:TrackPointExtension>
<gpxtpx:speed>6.74</gpxtpx:speed>
</gpxtpx:TrackPointExtension>
<opentracks:accuracy_horizontal>1.02</opentracks:accuracy_horizontal></extensions>
</trkpt>
<trkpt lat="50.452318" lon="-104.557939">
<ele>552</ele>
<time>2026-09-29T19:05:30.081-06:00</time>
<extensions>
<gpxtpx:TrackPointExtension>
<gpxtpx:speed>6.97</gpxtpx:speed>
</gpxtpx:TrackPointExtension>
<opentracks:accuracy_horizontal>1.02</opentracks:accuracy_horizontal></extensions>
</trkpt>
<trkpt lat="50.452201" lon="-104.557931">
<ele>552</ele>
<time>2026-09-29T19:05:32.074-06:00</time>
<extensions>
<gpxtpx:TrackPointExtension>
<gpxtpx:speed>6.69</gpxtpx:speed>
</gpxtpx:TrackPointExtension>
<opentracks:accuracy_horizontal>1.02</opentracks:accuracy_horizontal></extensions>
</trkpt>
<trkpt lat="50.452075" lon="-104.557934">
<ele>552</ele>
<time>2026-09-29T19:05:34.082-06:00</time>
<extensions>
<gpxtpx:TrackPointExtension>
<gpxtpx:speed>7.01</gpxtpx:speed>
</gpxtpx:TrackPointExtension>
<opentracks:accuracy_horizontal>1.02</opentracks:accuracy_horizontal></extensions>
</trkpt>
<trkpt lat="50.451949" lon="-104.557928">
<ele>552</ele>
<time>2026-09-29T19:05:36.08-06:00</time>
<extensions>
<gpxtpx:TrackPointExtension>
<gpxtpx:speed>6.86</gpxtpx:speed>
</gpxtpx:TrackPointExtension>
<opentracks:accuracy_horizontal>1.02</opentracks:accuracy_horizontal></extensions>
</trkpt>
<trkpt lat="50.451828" lon="-104.557939">
<ele>552</ele>
<time>2026-09-29T19:05:38.063-06:00</time>
<extensions>
<gpxtpx:TrackPointExtension>
<gpxtpx:speed>6.62</gpxtpx:speed>
</gpxtpx:TrackPointExtension>
<opentracks:accuracy_horizontal>0.51</opentracks:accuracy_horizontal></extensions>
</trkpt>
<trkpt lat="50.451706" lon="-104.557932">
<ele>553</ele>
<time>2026-09-29T19:05:40.062-06:00</time>
<extensions>
<gpxtpx:TrackPointExtension>
<gpxtpx:speed>6.73</gpxtpx:speed>
</gpxtpx:TrackPointExtension>
<opentracks:accuracy_horizontal>1.02</opentracks:accuracy_horizontal></extensions>
</trkpt>
<trkpt lat="50.451592" lon="-104.557924">
<ele>552</ele>
<time>2026-09-29T19:05:42.058-06:00</time>
<extensions>
<gpxtpx:TrackPointExtension>
<gpxtpx:speed>6.84</gpxtpx:speed>
</gpxtpx:TrackPointExtension>
<opentracks:accuracy_horizontal>1.02</opentracks:accuracy_horizontal></extensions>
</trkpt>
<trkpt lat="50.451471" lon="-104.557924">
<ele>552</ele>
<time>2026-09-29T19:05:44.061-06:00</time>
<extensions>
<gpxtpx:TrackPointExtension>
<gpxtpx:speed>6.36</gpxtpx:speed>
</gpxtpx:TrackPointExtension>
<opentracks:accuracy_horizontal>1.02</opentracks:accuracy_horizontal></extensions>
</trkpt>
<trkpt lat="50.451361" lon="-104.557935">
<ele>553</ele>
<time>2026-09-29T19:05:46.05-06:00</time>
<extensions>
<gpxtpx:TrackPointExtension>
<gpxtpx:speed>5.79</gpxtpx:speed>
</gpxtpx:TrackPointExtension>
<opentracks:accuracy_horizontal>1.02</opentracks:accuracy_horizontal></extensions>
</trkpt>
<trkpt lat="50.451263" lon="-104.557942">
<ele>552</ele>
<time>2026-09-29T19:05:48.059-06:00</time>
<extensions>
<gpxtpx:TrackPointExtension>
<gpxtpx:speed>5.77</gpxtpx:speed>
</gpxtpx:TrackPointExtension>
<opentracks:accuracy_horizontal>0.51</opentracks:accuracy_horizontal></extensions>
</trkpt>
<trkpt lat="50.451143" lon="-104.557951">
<ele>552</ele>
<time>2026-09-29T19:05:50.058-06:00</time>
<extensions>
<gpxtpx:TrackPointExtension>
<gpxtpx:speed>6.47</gpxtpx:speed>
</gpxtpx:TrackPointExtension>
<opentracks:accuracy_horizontal>1.02</opentracks:accuracy_horizontal></extensions>
</trkpt>
<trkpt lat="50.451025" lon="-104.557933">
<ele>553</ele>
<time>2026-09-29T19:05:52.046-06:00</time>
<extensions>
<gpxtpx:TrackPointExtension>
<gpxtpx:speed>6.6</gpxtpx:speed>
</gpxtpx:TrackPointExtension>
<opentracks:accuracy_horizontal>1.02</opentracks:accuracy_horizontal></extensions>
</trkpt>
<trkpt lat="50.450892" lon="-104.5579">
<ele>553</ele>
<time>2026-09-29T19:05:54.051-06:00</time>
<extensions>
<gpxtpx:TrackPointExtension>
<gpxtpx:speed>6.8</gpxtpx:speed>
</gpxtpx:TrackPointExtension>
<opentracks:accuracy_horizontal>1.02</opentracks:accuracy_horizontal></extensions>
</trkpt>
<trkpt lat="50.450779" lon="-104.557902">
<ele>553</ele>
<time>2026-09-29T19:05:56.079-06:00</time>
<extensions>
<gpxtpx:TrackPointExtension>
<gpxtpx:speed>6.42</gpxtpx:speed>
</gpxtpx:TrackPointExtension>
<opentracks:accuracy_horizontal>1.02</opentracks:accuracy_horizontal></extensions>
</trkpt>
<trkpt lat="50.450666" lon="-104.557906">
<ele>553</ele>
<time>2026-09-29T19:05:58.059-06:00</time>
<extensions>
<gpxtpx:TrackPointExtension>
<gpxtpx:speed>6.29</gpxtpx:speed>
</gpxtpx:TrackPointExtension>
<opentracks:accuracy_horizontal>1.02</opentracks:accuracy_horizontal></extensions>
</trkpt>
<trkpt lat="50.45057" lon="-104.557914">
<ele>552</ele>
<time>2026-09-29T19:06:00.062-06:00</time>
<extensions>
<gpxtpx:TrackPointExtension>
<gpxtpx:speed>4.28</gpxtpx:speed>
</gpxtpx:TrackPointExtension>
<opentracks:accuracy_horizontal>1.02</opentracks:accuracy_horizontal></extensions>
</trkpt>
<trkpt lat="50.450472" lon="-104.557915">
<ele>552</ele>
<time>2026-09-29T19:06:03.055-06:00</time>
<extensions>
<gpxtpx:TrackPointExtension>
<gpxtpx:speed>3.68</gpxtpx:speed>
</gpxtpx:TrackPointExtension>
<opentracks:accuracy_horizontal>1.02</opentracks:accuracy_horizontal></extensions>
</trkpt>
<trkpt lat="50.450393" lon="-104.557809">
<ele>553</ele>
<time>2026-09-29T19:06:06.057-06:00</time>
<extensions>
<gpxtpx:TrackPointExtension>
<gpxtpx:speed>4.36</gpxtpx:speed>
</gpxtpx:TrackPointExtension>
<opentracks:accuracy_horizontal>5.102</opentracks:accuracy_horizontal></extensions>
</trkpt>
<trkpt lat="50.450348" lon="-104.557627">
<ele>553</ele>
<time>2026-09-29T19:06:09.055-06:00</time>
<extensions>
<gpxtpx:TrackPointExtension>
<gpxtpx:speed>4.23</gpxtpx:speed>
</gpxtpx:TrackPointExtension>
<opentracks:accuracy_horizontal>4.592</opentracks:accuracy_horizontal></extensions>
</trkpt>
<trkpt lat="50.45035" lon="-104.557442">
<ele>554</ele>
<time>2026-09-29T19:06:12.04-06:00</time>
<extensions>
<gpxtpx:TrackPointExtension>
<gpxtpx:speed>4.18</gpxtpx:speed>
</gpxtpx:TrackPointExtension>
<opentracks:accuracy_horizontal>4.082</opentracks:accuracy_horizontal></extensions>
</trkpt>
<trkpt lat="50.450336" lon="-104.557259">
<ele>556</ele>
<time>2026-09-29T19:06:15.039-06:00</time>
<extensions>
<gpxtpx:TrackPointExtension>
<gpxtpx:speed>4.39</gpxtpx:speed>
</gpxtpx:TrackPointExtension>
<opentracks:accuracy_horizontal>4.082</opentracks:accuracy_horizontal></extensions>
</trkpt>
<trkpt lat="50.450351" lon="-104.557098">
<ele>554</ele>
<time>2026-09-29T19:06:18.048-06:00</time>
<extensions>
<gpxtpx:TrackPointExtension>
<gpxtpx:speed>4.59</gpxtpx:speed>
</gpxtpx:TrackPointExtension>
<opentracks:accuracy_horizontal>4.592</opentracks:accuracy_horizontal></extensions>
</trkpt>
<trkpt lat="50.450352" lon="-104.556893">
<ele>555</ele>
<time>2026-09-29T19:06:21.061-06:00</time>
<extensions>
<gpxtpx:TrackPointExtension>
<gpxtpx:speed>4.95</gpxtpx:speed>
</gpxtpx:TrackPointExtension>
<opentracks:accuracy_horizontal>4.082</opentracks:accuracy_horizontal></extensions>
</trkpt>
<trkpt lat="50.450345" lon="-104.556681">
<ele>555</ele>
<time>2026-09-29T19:06:24.052-06:00</time>
<extensions>
<gpxtpx:TrackPointExtension>
<gpxtpx:speed>4.91</gpxtpx:speed>
</gpxtpx:TrackPointExtension>
<opentracks:accuracy_horizontal>4.592</opentracks:accuracy_horizontal></extensions>
</trkpt>
<trkpt lat="50.450346" lon="-104.556532">
<ele>555</ele>
<time>2026-09-29T19:06:26.057-06:00</time>
<extensions>
<gpxtpx:TrackPointExtension>
<gpxtpx:speed>5.09</gpxtpx:speed>
</gpxtpx:TrackPointExtension>
<opentracks:accuracy_horizontal>4.082</opentracks:accuracy_horizontal></extensions>
</trkpt>
<trkpt lat="50.450332" lon="-104.556387">
<ele>555</ele>
<time>2026-09-29T19:06:28.059-06:00</time>
<extensions>
<gpxtpx:TrackPointExtension>
<gpxtpx:speed>5.3</gpxtpx:speed>
</gpxtpx:TrackPointExtension>
<opentracks:accuracy_horizontal>4.082</opentracks:accuracy_horizontal></extensions>
</trkpt>
<trkpt lat="50.450332" lon="-104.556231">
<ele>555</ele>
<time>2026-09-29T19:06:30.05-06:00</time>
<extensions>
<gpxtpx:TrackPointExtension>
<gpxtpx:speed>5.84</gpxtpx:speed>
</gpxtpx:TrackPointExtension>
<opentracks:accuracy_horizontal>4.592</opentracks:accuracy_horizontal></extensions>
</trkpt>
<trkpt lat="50.450353" lon="-104.556052">
<ele>555</ele>
<time>2026-09-29T19:06:32.048-06:00</time>
<extensions>
<gpxtpx:TrackPointExtension>
<gpxtpx:speed>6.5</gpxtpx:speed>
</gpxtpx:TrackPointExtension>
<opentracks:accuracy_horizontal>1.02</opentracks:accuracy_horizontal></extensions>
</trkpt>
<trkpt lat="50.450368" lon="-104.555873">
<ele>555</ele>
<time>2026-09-29T19:06:34.054-06:00</time>
<extensions>
<gpxtpx:TrackPointExtension>
<gpxtpx:speed>6.57</gpxtpx:speed>
</gpxtpx:TrackPointExtension>
<opentracks:accuracy_horizontal>1.02</opentracks:accuracy_horizontal></extensions>
</trkpt>
<trkpt lat="50.450367" lon="-104.555681">
<ele>555</ele>
<time>2026-09-29T19:06:36.057-06:00</time>
<extensions>
<gpxtpx:TrackPointExtension>
<gpxtpx:speed>6.79</gpxtpx:speed>
</gpxtpx:TrackPointExtension>
<opentracks:accuracy_horizontal>1.02</opentracks:accuracy_horizontal></extensions>
</trkpt>
<trkpt lat="50.450374" lon="-104.555512">
<ele>555</ele>
<time>2026-09-29T19:06:38.043-06:00</time>
<extensions>
<gpxtpx:TrackPointExtension>
<gpxtpx:speed>5.67</gpxtpx:speed>
</gpxtpx:TrackPointExtension>
<opentracks:accuracy_horizontal>0.51</opentracks:accuracy_horizontal></extensions>
</trkpt>
<trkpt lat="50.450351" lon="-104.555357">
<ele>556</ele>
<time>2026-09-29T19:06:40.055-06:00</time>
<extensions>
<gpxtpx:TrackPointExtension>
<gpxtpx:speed>5.22</gpxtpx:speed>
</gpxtpx:TrackPointExtension>
<opentracks:accuracy_horizontal>3.571</opentracks:accuracy_horizontal></extensions>
</trkpt>
<trkpt lat="50.450346" lon="-104.555192">
<ele>555</ele>
<time>2026-09-29T19:06:43.09-06:00</time>
<extensions>
<gpxtpx:TrackPointExtension>
<gpxtpx:speed>2.61</gpxtpx:speed>
</gpxtpx:TrackPointExtension>
<opentracks:accuracy_horizontal>2.551</opentracks:accuracy_horizontal></extensions>
</trkpt>
<trkpt lat="50.450353" lon="-104.555026">
<ele>555</ele>
<time>2026-09-29T19:06:47.058-06:00</time>
<extensions>
<gpxtpx:TrackPointExtension>
<gpxtpx:speed>4.41</gpxtpx:speed>
</gpxtpx:TrackPointExtension>
<opentracks:accuracy_horizontal>4.592</opentracks:accuracy_horizontal></extensions>
</trkpt>
<trkpt lat="50.450377" lon="-104.554872">
<ele>555</ele>
<time>2026-09-29T19:06:49.068-06:00</time>
<extensions>
<gpxtpx:TrackPointExtension>
<gpxtpx:speed>5.92</gpxtpx:speed>
</gpxtpx:TrackPointExtension>
<opentracks:accuracy_horizontal>5.102</opentracks:accuracy_horizontal></extensions>
</trkpt>
<trkpt lat="50.450374" lon="-104.55469">
<ele>554</ele>
<time>2026-09-29T19:06:51.061-06:00</time>
<extensions>
<gpxtpx:TrackPointExtension>
<gpxtpx:speed>6.81</gpxtpx:speed>
</gpxtpx:TrackPointExtension>
<opentracks:accuracy_horizontal>1.02</opentracks:accuracy_horizontal></extensions>
</trkpt>
<trkpt lat="50.450369" lon="-104.554484">
<ele>554</ele>
<time>2026-09-29T19:06:53.047-06:00</time>
<extensions>
<gpxtpx:TrackPointExtension>
<gpxtpx:speed>7.02</gpxtpx:speed>
</gpxtpx:TrackPointExtension>
<opentracks:accuracy_horizontal>1.02</opentracks:accuracy_horizontal></extensions>
</trkpt>
<trkpt lat="50.450353" lon="-104.554291">
<ele>555</ele>
<time>2026-09-29T19:06:55.049-06:00</time>
<extensions>
<gpxtpx:TrackPointExtension>
<gpxtpx:speed>6.32</gpxtpx:speed>
</gpxtpx:TrackPointExtension>
<opentracks:accuracy_horizontal>0.51</opentracks:accuracy_horizontal></extensions>
</trkpt>
<trkpt lat="50.45036" lon="-104.554115">
<ele>554</ele>
<time>2026-09-29T19:06:57.037-06:00</time>
<extensions>
<gpxtpx:TrackPointExtension>
<gpxtpx:speed>6.42</gpxtpx:speed>
</gpxtpx:TrackPointExtension>
<opentracks:accuracy_horizontal>1.02</opentracks:accuracy_horizontal></extensions>
</trkpt>
<trkpt lat="50.450358" lon="-104.553938">
<ele>554</ele>
<time>2026-09-29T19:06:59.051-06:00</time>
<extensions>
<gpxtpx:TrackPointExtension>
<gpxtpx:speed>5.95</gpxtpx:speed>
</gpxtpx:TrackPointExtension>
<opentracks:accuracy_horizontal>4.082</opentracks:accuracy_horizontal></extensions>
</trkpt>
<trkpt lat="50.450344" lon="-104.55376">
<ele>555</ele>
<time>2026-09-29T19:07:01.055-06:00</time>
<extensions>
<gpxtpx:TrackPointExtension>
<gpxtpx:speed>6.33</gpxtpx:speed>
</gpxtpx:TrackPointExtension>
<opentracks:accuracy_horizontal>4.592</opentracks:accuracy_horizontal></extensions>
</trkpt>
<trkpt lat="50.450352" lon="-104.553579">
<ele>555</ele>
<time>2026-09-29T19:07:03.047-06:00</time>
<extensions>
<gpxtpx:TrackPointExtension>
<gpxtpx:speed>6.56</gpxtpx:speed>
</gpxtpx:TrackPointExtension>
<opentracks:accuracy_horizontal>4.592</opentracks:accuracy_horizontal></extensions>
</trkpt>
<trkpt lat="50.450352" lon="-104.553407">
<ele>556</ele>
<time>2026-09-29T19:07:05.053-06:00</time>
<extensions>
<gpxtpx:TrackPointExtension>
<gpxtpx:speed>6.39</gpxtpx:speed>
</gpxtpx:TrackPointExtension>
<opentracks:accuracy_horizontal>4.592</opentracks:accuracy_horizontal></extensions>
</trkpt>
<trkpt lat="50.450349" lon="-104.553223">
<ele>556</ele>
<time>2026-09-29T19:07:07.039-06:00</time>
<extensions>
<gpxtpx:TrackPointExtension>
<gpxtpx:speed>6.23</gpxtpx:speed>
</gpxtpx:TrackPointExtension>
<opentracks:accuracy_horizontal>4.082</opentracks:accuracy_horizontal></extensions>
</trkpt>
<trkpt lat="50.45035" lon="-104.553055">
<ele>556</ele>
<time>2026-09-29T19:07:09.052-06:00</time>
<extensions>
<gpxtpx:TrackPointExtension>
<gpxtpx:speed>5.89</gpxtpx:speed>
</gpxtpx:TrackPointExtension>
<opentracks:accuracy_horizontal>4.592</opentracks:accuracy_horizontal></extensions>
</trkpt>
<trkpt lat="50.450346" lon="-104.552892">
<ele>556</ele>
<time>2026-09-29T19:07:11.042-06:00</time>
<extensions>
<gpxtpx:TrackPointExtension>
<gpxtpx:speed>5.36</gpxtpx:speed>
</gpxtpx:TrackPointExtension>
<opentracks:accuracy_horizontal>5.102</opentracks:accuracy_horizontal></extensions>
</trkpt>
<trkpt lat="50.450357" lon="-104.55274">
<ele>556</ele>
<time>2026-09-29T19:07:13.05-06:00</time>
<extensions>
<gpxtpx:TrackPointExtension>
<gpxtpx:speed>5.83</gpxtpx:speed>
</gpxtpx:TrackPointExtension>
<opentracks:accuracy_horizontal>5.102</opentracks:accuracy_horizontal></extensions>
</trkpt>
<trkpt lat="50.450351" lon="-104.552573">
<ele>557</ele>
<time>2026-09-29T19:07:15.058-06:00</time>
<extensions>
<gpxtpx:TrackPointExtension>
<gpxtpx:speed>5.66</gpxtpx:speed>
</gpxtpx:TrackPointExtension>
<opentracks:accuracy_horizontal>4.082</opentracks:accuracy_horizontal></extensions>
</trkpt>
<trkpt lat="50.450348" lon="-104.552408">
<ele>557</ele>
<time>2026-09-29T19:07:17.07-06:00</time>
<extensions>
<gpxtpx:TrackPointExtension>
<gpxtpx:speed>5.77</gpxtpx:speed>
</gpxtpx:TrackPointExtension>
<opentracks:accuracy_horizontal>4.082</opentracks:accuracy_horizontal></extensions>
</trkpt>
<trkpt lat="50.450345" lon="-104.552233">
<ele>557</ele>
<time>2026-09-29T19:07:19.05-06:00</time>
<extensions>
<gpxtpx:TrackPointExtension>
<gpxtpx:speed>5.87</gpxtpx:speed>
</gpxtpx:TrackPointExtension>
<opentracks:accuracy_horizontal>3.571</opentracks:accuracy_horizontal></extensions>
</trkpt>
<trkpt lat="50.450346" lon="-104.552074">
<ele>556</ele>
<time>2026-09-29T19:07:21.057-06:00</time>
<extensions>
<gpxtpx:TrackPointExtension>
<gpxtpx:speed>5.89</gpxtpx:speed>
</gpxtpx:TrackPointExtension>
<opentracks:accuracy_horizontal>4.592</opentracks:accuracy_horizontal></extensions>
</trkpt>
<trkpt lat="50.450356" lon="-104.551917">
<ele>555</ele>
<time>2026-09-29T19:07:23.038-06:00</time>
<extensions>
<gpxtpx:TrackPointExtension>
<gpxtpx:speed>5.92</gpxtpx:speed>
</gpxtpx:TrackPointExtension>
<opentracks:accuracy_horizontal>5.102</opentracks:accuracy_horizontal></extensions>
</trkpt>
<trkpt lat="50.450348" lon="-104.551737">
<ele>555</ele>
<time>2026-09-29T19:07:25.044-06:00</time>
<extensions>
<gpxtpx:TrackPointExtension>
<gpxtpx:speed>6.02</gpxtpx:speed>
</gpxtpx:TrackPointExtension>
<opentracks:accuracy_horizontal>4.592</opentracks:accuracy_horizontal></extensions>
</trkpt>
<trkpt lat="50.450343" lon="-104.551569">
<ele>556</ele>
<time>2026-09-29T19:07:27.043-06:00</time>
<extensions>
<gpxtpx:TrackPointExtension>
<gpxtpx:speed>5.88</gpxtpx:speed>
</gpxtpx:TrackPointExtension>
<opentracks:accuracy_horizontal>4.592</opentracks:accuracy_horizontal></extensions>
</trkpt>
<trkpt lat="50.450351" lon="-104.551389">
<ele>556</ele>
<time>2026-09-29T19:07:29.05-06:00</time>
<extensions>
<gpxtpx:TrackPointExtension>
<gpxtpx:speed>6.29</gpxtpx:speed>
</gpxtpx:TrackPointExtension>
<opentracks:accuracy_horizontal>4.082</opentracks:accuracy_horizontal></extensions>
</trkpt>
<trkpt lat="50.450354" lon="-104.551201">
<ele>556</ele>
<time>2026-09-29T19:07:31.06-06:00</time>
<extensions>
<gpxtpx:TrackPointExtension>
<gpxtpx:speed>6.54</gpxtpx:speed>
</gpxtpx:TrackPointExtension>
<opentracks:accuracy_horizontal>4.082</opentracks:accuracy_horizontal></extensions>
</trkpt>
<trkpt lat="50.450337" lon="-104.551023">
<ele>556</ele>
<time>2026-09-29T19:07:33.039-06:00</time>
<extensions>
<gpxtpx:TrackPointExtension>
<gpxtpx:speed>6.54</gpxtpx:speed>
</gpxtpx:TrackPointExtension>
<opentracks:accuracy_horizontal>4.592</opentracks:accuracy_horizontal></extensions>
</trkpt>
<trkpt lat="50.450335" lon="-104.550833">
<ele>556</ele>
<time>2026-09-29T19:07:35.04-06:00</time>
<extensions>
<gpxtpx:TrackPointExtension>
<gpxtpx:speed>6.89</gpxtpx:speed>
</gpxtpx:TrackPointExtension>
<opentracks:accuracy_horizontal>1.02</opentracks:accuracy_horizontal></extensions>
</trkpt>
<trkpt lat="50.450341" lon="-104.550634">
<ele>556</ele>
<time>2026-09-29T19:07:37.029-06:00</time>
<extensions>
<gpxtpx:TrackPointExtension>
<gpxtpx:speed>7.01</gpxtpx:speed>
</gpxtpx:TrackPointExtension>
<opentracks:accuracy_horizontal>1.02</opentracks:accuracy_horizontal></extensions>
</trkpt>
<trkpt lat="50.450338" lon="-104.550443">
<ele>555</ele>
<time>2026-09-29T19:07:39.032-06:00</time>
<extensions>
<gpxtpx:TrackPointExtension>
<gpxtpx:speed>6.79</gpxtpx:speed>
</gpxtpx:TrackPointExtension>
<opentracks:accuracy_horizontal>4.082</opentracks:accuracy_horizontal></extensions>
</trkpt>
<trkpt lat="50.450343" lon="-104.550256">
<ele>556</ele>
<time>2026-09-29T19:07:41.034-06:00</time>
<extensions>
<gpxtpx:TrackPointExtension>
<gpxtpx:speed>6.76</gpxtpx:speed>
</gpxtpx:TrackPointExtension>
<opentracks:accuracy_horizontal>4.082</opentracks:accuracy_horizontal></extensions>
</trkpt>
<trkpt lat="50.450344" lon="-104.550079">
<ele>555</ele>
<time>2026-09-29T19:07:43.034-06:00</time>
<extensions>
<gpxtpx:TrackPointExtension>
<gpxtpx:speed>5.86</gpxtpx:speed>
</gpxtpx:TrackPointExtension>
<opentracks:accuracy_horizontal>5.102</opentracks:accuracy_horizontal></extensions>
</trkpt>
<trkpt lat="50.450352" lon="-104.549913">
<ele>555</ele>
<time>2026-09-29T19:07:45.047-06:00</time>
<extensions>
<gpxtpx:TrackPointExtension>
<gpxtpx:speed>5.69</gpxtpx:speed>
</gpxtpx:TrackPointExtension>
<opentracks:accuracy_horizontal>4.592</opentracks:accuracy_horizontal></extensions>
</trkpt>
<trkpt lat="50.450346" lon="-104.549762">
<ele>554</ele>
<time>2026-09-29T19:07:47.045-06:00</time>
<extensions>
<gpxtpx:TrackPointExtension>
<gpxtpx:speed>5.48</gpxtpx:speed>
</gpxtpx:TrackPointExtension>
<opentracks:accuracy_horizontal>5.102</opentracks:accuracy_horizontal></extensions>
</trkpt>
<trkpt lat="50.450342" lon="-104.549614">
<ele>554</ele>
<time>2026-09-29T19:07:49.056-06:00</time>
<extensions>
<gpxtpx:TrackPointExtension>
<gpxtpx:speed>4.77</gpxtpx:speed>
</gpxtpx:TrackPointExtension>
<opentracks:accuracy_horizontal>4.082</opentracks:accuracy_horizontal></extensions>
</trkpt>
<trkpt lat="50.450343" lon="-104.549443">
<ele>553</ele>
<time>2026-09-29T19:07:52.053-06:00</time>
<extensions>
<gpxtpx:TrackPointExtension>
<gpxtpx:speed>3.58</gpxtpx:speed>
</gpxtpx:TrackPointExtension>
<opentracks:accuracy_horizontal>5.102</opentracks:accuracy_horizontal></extensions>
</trkpt>
<trkpt lat="50.450389" lon="-104.549318">
<ele>554</ele>
<time>2026-09-29T19:07:56.066-06:00</time>
<extensions>
<gpxtpx:TrackPointExtension>
<gpxtpx:speed>1.59</gpxtpx:speed>
</gpxtpx:TrackPointExtension>
<opentracks:accuracy_horizontal>5.612</opentracks:accuracy_horizontal></extensions>
</trkpt>
<trkpt lat="50.450422" lon="-104.549193">
<ele>554</ele>
<time>2026-09-29T19:08:06.036-06:00</time>
<extensions>
<gpxtpx:TrackPointExtension>
<gpxtpx:speed>0.95</gpxtpx:speed>
</gpxtpx:TrackPointExtension>
<opentracks:accuracy_horizontal>4.082</opentracks:accuracy_horizontal></extensions>
</trkpt>
<trkpt lat="50.450466" lon="-104.549025">
<ele>554</ele>
<time>2026-09-29T19:08:12.06-06:00</time>
<extensions>
<gpxtpx:TrackPointExtension>
<gpxtpx:speed>3.79</gpxtpx:speed>
</gpxtpx:TrackPointExtension>
<opentracks:accuracy_horizontal>5.102</opentracks:accuracy_horizontal></extensions>
</trkpt>
<trkpt lat="50.450563" lon="-104.548916">
<ele>556</ele>
<time>2026-09-29T19:08:15.054-06:00</time>
<extensions>
<gpxtpx:TrackPointExtension>
<gpxtpx:speed>5.01</gpxtpx:speed>
</gpxtpx:TrackPointExtension>
<opentracks:accuracy_horizontal>5.612</opentracks:accuracy_horizontal></extensions>
</trkpt>
<trkpt lat="50.450658" lon="-104.548876">
<ele>557</ele>
<time>2026-09-29T19:08:17.057-06:00</time>
<extensions>
<gpxtpx:TrackPointExtension>
<gpxtpx:speed>5.46</gpxtpx:speed>
</gpxtpx:TrackPointExtension>
<opentracks:accuracy_horizontal>4.592</opentracks:accuracy_horizontal></extensions>
</trkpt>
<trkpt lat="50.450767" lon="-104.548832">
<ele>557</ele>
<time>2026-09-29T19:08:19.056-06:00</time>
<extensions>
<gpxtpx:TrackPointExtension>
<gpxtpx:speed>6.34</gpxtpx:speed>
</gpxtpx:TrackPointExtension>
<opentracks:accuracy_horizontal>4.592</opentracks:accuracy_horizontal></extensions>
</trkpt>
<trkpt lat="50.450862" lon="-104.548783">
<ele>557</ele>
<time>2026-09-29T19:08:21.047-06:00</time>
<extensions>
<gpxtpx:TrackPointExtension>
<gpxtpx:speed>5.54</gpxtpx:speed>
</gpxtpx:TrackPointExtension>
<opentracks:accuracy_horizontal>1.02</opentracks:accuracy_horizontal></extensions>
</trkpt>
<trkpt lat="50.450963" lon="-104.548751">
<ele>557</ele>
<time>2026-09-29T19:08:23.059-06:00</time>
<extensions>
<gpxtpx:TrackPointExtension>
<gpxtpx:speed>6.06</gpxtpx:speed>
</gpxtpx:TrackPointExtension>
<opentracks:accuracy_horizontal>1.02</opentracks:accuracy_horizontal></extensions>
</trkpt>
<trkpt lat="50.451081" lon="-104.548716">
<ele>558</ele>
<time>2026-09-29T19:08:25.053-06:00</time>
<extensions>
<gpxtpx:TrackPointExtension>
<gpxtpx:speed>6.6</gpxtpx:speed>
</gpxtpx:TrackPointExtension>
<opentracks:accuracy_horizontal>1.02</opentracks:accuracy_horizontal></extensions>
</trkpt>
<trkpt lat="50.451185" lon="-104.548693">
<ele>556</ele>
<time>2026-09-29T19:08:27.057-06:00</time>
<extensions>
<gpxtpx:TrackPointExtension>
<gpxtpx:speed>5.71</gpxtpx:speed>
</gpxtpx:TrackPointExtension>
<opentracks:accuracy_horizontal>1.02</opentracks:accuracy_horizontal></extensions>
</trkpt>
<trkpt lat="50.451283" lon="-104.548665">
<ele>556</ele>
<time>2026-09-29T19:08:29.059-06:00</time>
<extensions>
<gpxtpx:TrackPointExtension>
<gpxtpx:speed>5.4</gpxtpx:speed>
</gpxtpx:TrackPointExtension>
<opentracks:accuracy_horizontal>1.02</opentracks:accuracy_horizontal></extensions>
</trkpt>
<trkpt lat="50.451378" lon="-104.54865">
<ele>556</ele>
<time>2026-09-29T19:08:31.047-06:00</time>
<extensions>
<gpxtpx:TrackPointExtension>
<gpxtpx:speed>4.78</gpxtpx:speed>
</gpxtpx:TrackPointExtension>
<opentracks:accuracy_horizontal>1.02</opentracks:accuracy_horizontal></extensions>
</trkpt>
<trkpt lat="50.451495" lon="-104.548633">
<ele>556</ele>
<time>2026-09-29T19:08:34.046-06:00</time>
<extensions>
<gpxtpx:TrackPointExtension>
<gpxtpx:speed>4.73</gpxtpx:speed>
</gpxtpx:TrackPointExtension>
<opentracks:accuracy_horizontal>5.102</opentracks:accuracy_horizontal></extensions>
</trkpt>
<trkpt lat="50.451586" lon="-104.548632">
<ele>557</ele>
<time>2026-09-29T19:08:36.057-06:00</time>
<extensions>
<gpxtpx:TrackPointExtension>
<gpxtpx:speed>5.01</gpxtpx:speed>
</gpxtpx:TrackPointExtension>
<opentracks:accuracy_horizontal>5.612</opentracks:accuracy_horizontal></extensions>
</trkpt>
<trkpt lat="50.451717" lon="-104.548619">
<ele>557</ele>
<time>2026-09-29T19:08:39.054-06:00</time>
<extensions>
<gpxtpx:TrackPointExtension>
<gpxtpx:speed>5.03</gpxtpx:speed>
</gpxtpx:TrackPointExtension>
<opentracks:accuracy_horizontal>0.51</opentracks:accuracy_horizontal></extensions>
</trkpt>
<trkpt lat="50.451814" lon="-104.548619">
<ele>556</ele>
<time>2026-09-29T19:08:41.05-06:00</time>
<extensions>
<gpxtpx:TrackPointExtension>
<gpxtpx:speed>5.58</gpxtpx:speed>
</gpxtpx:TrackPointExtension>
<opentracks:accuracy_horizontal>1.02</opentracks:accuracy_horizontal></extensions>
</trkpt>
<trkpt lat="50.451922" lon="-104.548614">
<ele>556</ele>
<time>2026-09-29T19:08:43.054-06:00</time>
<extensions>
<gpxtpx:TrackPointExtension>
<gpxtpx:speed>6.28</gpxtpx:speed>
</gpxtpx:TrackPointExtension>
<opentracks:accuracy_horizontal>0.51</opentracks:accuracy_horizontal></extensions>
</trkpt>
<trkpt lat="50.452047" lon="-104.548639">
<ele>557</ele>
<time>2026-09-29T19:08:45.043-06:00</time>
<extensions>
<gpxtpx:TrackPointExtension>
<gpxtpx:speed>7.45</gpxtpx:speed>
</gpxtpx:TrackPointExtension>
<opentracks:accuracy_horizontal>0.51</opentracks:accuracy_horizontal></extensions>
</trkpt>
<trkpt lat="50.452192" lon="-104.548653">
<ele>557</ele>
<time>2026-09-29T19:08:47.065-06:00</time>
<extensions>
<gpxtpx:TrackPointExtension>
<gpxtpx:speed>7.9</gpxtpx:speed>
</gpxtpx:TrackPointExtension>
<opentracks:accuracy_horizontal>1.02</opentracks:accuracy_horizontal></extensions>
</trkpt>
<trkpt lat="50.452324" lon="-104.548647">
<ele>557</ele>
<time>2026-09-29T19:08:49.061-06:00</time>
<extensions>
<gpxtpx:TrackPointExtension>
<gpxtpx:speed>7.14</gpxtpx:speed>
</gpxtpx:TrackPointExtension>
<opentracks:accuracy_horizontal>1.02</opentracks:accuracy_horizontal></extensions>
</trkpt>
<trkpt lat="50.452447" lon="-104.548674">
<ele>558</ele>
<time>2026-09-29T19:08:51.055-06:00</time>
<extensions>
<gpxtpx:TrackPointExtension>
<gpxtpx:speed>6.79</gpxtpx:speed>
</gpxtpx:TrackPointExtension>
<opentracks:accuracy_horizontal>1.02</opentracks:accuracy_horizontal></extensions>
</trkpt>
<trkpt lat="50.45256" lon="-104.548658">
<ele>557</ele>
<time>2026-09-29T19:08:53.064-06:00</time>
<extensions>
<gpxtpx:TrackPointExtension>
<gpxtpx:speed>6.29</gpxtpx:speed>
</gpxtpx:TrackPointExtension>
<opentracks:accuracy_horizontal>5.612</opentracks:accuracy_horizontal></extensions>
</trkpt>
<trkpt lat="50.452674" lon="-104.548633">
<ele>555</ele>
<time>2026-09-29T19:08:55.051-06:00</time>
<extensions>
<gpxtpx:TrackPointExtension>
<gpxtpx:speed>6.36</gpxtpx:speed>
</gpxtpx:TrackPointExtension>
<opentracks:accuracy_horizontal>5.612</opentracks:accuracy_horizontal></extensions>
</trkpt>
<trkpt lat="50.452788" lon="-104.548619">
<ele>554</ele>
<time>2026-09-29T19:08:57.049-06:00</time>
<extensions>
<gpxtpx:TrackPointExtension>
<gpxtpx:speed>6.71</gpxtpx:speed>
</gpxtpx:TrackPointExtension>
<opentracks:accuracy_horizontal>3.571</opentracks:accuracy_horizontal></extensions>
</trkpt>
<trkpt lat="50.45292" lon="-104.548634">
<ele>555</ele>
<time>2026-09-29T19:08:59.043-06:00</time>
<extensions>
<gpxtpx:TrackPointExtension>
<gpxtpx:speed>9.43</gpxtpx:speed>
</gpxtpx:TrackPointExtension>
<opentracks:accuracy_horizontal>1.02</opentracks:accuracy_horizontal></extensions>
</trkpt>
<trkpt lat="50.453068" lon="-104.548618">
<ele>555</ele>
<time>2026-09-29T19:09:01.053-06:00</time>
<extensions>
<gpxtpx:TrackPointExtension>
<gpxtpx:speed>7.96</gpxtpx:speed>
</gpxtpx:TrackPointExtension>
<opentracks:accuracy_horizontal>1.02</opentracks:accuracy_horizontal></extensions>
</trkpt>
<trkpt lat="50.453199" lon="-104.54861">
<ele>554</ele>
<time>2026-09-29T19:09:03.046-06:00</time>
<extensions>
<gpxtpx:TrackPointExtension>
<gpxtpx:speed>7.74</gpxtpx:speed>
</gpxtpx:TrackPointExtension>
<opentracks:accuracy_horizontal>1.02</opentracks:accuracy_horizontal></extensions>
</trkpt>
<trkpt lat="50.453336" lon="-104.548615">
<ele>555</ele>
<time>2026-09-29T19:09:05.04-06:00</time>
<extensions>
<gpxtpx:TrackPointExtension>
<gpxtpx:speed>7.75</gpxtpx:speed>
</gpxtpx:TrackPointExtension>
<opentracks:accuracy_horizontal>1.02</opentracks:accuracy_horizontal></extensions>
</trkpt>
<trkpt lat="50.453473" lon="-104.54862">
<ele>555</ele>
<time>2026-09-29T19:09:07.051-06:00</time>
<extensions>
<gpxtpx:TrackPointExtension>
<gpxtpx:speed>7.9</gpxtpx:speed>
</gpxtpx:TrackPointExtension>
<opentracks:accuracy_horizontal>1.02</opentracks:accuracy_horizontal></extensions>
</trkpt>
<trkpt lat="50.453625" lon="-104.548627">
<ele>553</ele>
<time>2026-09-29T19:09:09.045-06:00</time>
<extensions>
<gpxtpx:TrackPointExtension>
<gpxtpx:speed>8.5</gpxtpx:speed>
</gpxtpx:TrackPointExtension>
<opentracks:accuracy_horizontal>1.02</opentracks:accuracy_horizontal></extensions>
</trkpt>
<trkpt lat="50.453785" lon="-104.548623">
<ele>553</ele>
<time>2026-09-29T19:09:11.064-06:00</time>
<extensions>
<gpxtpx:TrackPointExtension>
<gpxtpx:speed>9.05</gpxtpx:speed>
</gpxtpx:TrackPointExtension>
<opentracks:accuracy_horizontal>1.02</opentracks:accuracy_horizontal></extensions>
</trkpt>
<trkpt lat="50.453936" lon="-104.548628">
<ele>554</ele>
<time>2026-09-29T19:09:13.068-06:00</time>
<extensions>
<gpxtpx:TrackPointExtension>
<gpxtpx:speed>8.8</gpxtpx:speed>
</gpxtpx:TrackPointExtension>
<opentracks:accuracy_horizontal>1.02</opentracks:accuracy_horizontal></extensions>
</trkpt>
<trkpt lat="50.454095" lon="-104.548629">
<ele>554</ele>
<time>2026-09-29T19:09:15.057-06:00</time>
<extensions>
<gpxtpx:TrackPointExtension>
<gpxtpx:speed>8.48</gpxtpx:speed>
</gpxtpx:TrackPointExtension>
<opentracks:accuracy_horizontal>1.02</opentracks:accuracy_horizontal></extensions>
</trkpt>
<trkpt lat="50.454245" lon="-104.548622">
<ele>554</ele>
<time>2026-09-29T19:09:17.045-06:00</time>
<extensions>
<gpxtpx:TrackPointExtension>
<gpxtpx:speed>7.86</gpxtpx:speed>
</gpxtpx:TrackPointExtension>
<opentracks:accuracy_horizontal>1.02</opentracks:accuracy_horizontal></extensions>
</trkpt>
<trkpt lat="50.454392" lon="-104.548641">
<ele>553</ele>
<time>2026-09-29T19:09:19.054-06:00</time>
<extensions>
<gpxtpx:TrackPointExtension>
<gpxtpx:speed>7.49</gpxtpx:speed>
</gpxtpx:TrackPointExtension>
<opentracks:accuracy_horizontal>0.51</opentracks:accuracy_horizontal></extensions>
</trkpt>
<trkpt lat="50.454521" lon="-104.548658">
<ele>553</ele>
<time>2026-09-29T19:09:21.063-06:00</time>
<extensions>
<gpxtpx:TrackPointExtension>
<gpxtpx:speed>7.08</gpxtpx:speed>
</gpxtpx:TrackPointExtension>
<opentracks:accuracy_horizontal>0.51</opentracks:accuracy_horizontal></extensions>
</trkpt>
<trkpt lat="50.454644" lon="-104.548651">
<ele>553</ele>
<time>2026-09-29T19:09:23.056-06:00</time>
<extensions>
<gpxtpx:TrackPointExtension>
<gpxtpx:speed>6.77</gpxtpx:speed>
</gpxtpx:TrackPointExtension>
<opentracks:accuracy_horizontal>4.592</opentracks:accuracy_horizontal></extensions>
</trkpt>
<trkpt lat="50.454762" lon="-104.548631">
<ele>553</ele>
<time>2026-09-29T19:09:25.058-06:00</time>
<extensions>
<gpxtpx:TrackPointExtension>
<gpxtpx:speed>6.53</gpxtpx:speed>
</gpxtpx:TrackPointExtension>
<opentracks:accuracy_horizontal>4.082</opentracks:accuracy_horizontal></extensions>
</trkpt>
<trkpt lat="50.454859" lon="-104.548637">
<ele>552</ele>
<time>2026-09-29T19:09:27.049-06:00</time>
<extensions>
<gpxtpx:TrackPointExtension>
<gpxtpx:speed>5.33</gpxtpx:speed>
</gpxtpx:TrackPointExtension>
<opentracks:accuracy_horizontal>4.592</opentracks:accuracy_horizontal></extensions>
</trkpt>
<trkpt lat="50.45499" lon="-104.54864">
<ele>552</ele>
<time>2026-09-29T19:09:30.061-06:00</time>
<extensions>
<gpxtpx:TrackPointExtension>
<gpxtpx:speed>3.94</gpxtpx:speed>
</gpxtpx:TrackPointExtension>
<opentracks:accuracy_horizontal>5.102</opentracks:accuracy_horizontal></extensions>
</trkpt>
<trkpt lat="50.455092" lon="-104.548577">
<ele>552</ele>
<time>2026-09-29T19:09:33.063-06:00</time>
<extensions>
<gpxtpx:TrackPointExtension>
<gpxtpx:speed>5.35</gpxtpx:speed>
</gpxtpx:TrackPointExtension>
<opentracks:accuracy_horizontal>7.653</opentracks:accuracy_horizontal></extensions>
</trkpt>
<trkpt lat="50.455111" lon="-104.548422">
<ele>552</ele>
<time>2026-09-29T19:09:35.05-06:00</time>
<extensions>
<gpxtpx:TrackPointExtension>
<gpxtpx:speed>6.54</gpxtpx:speed>
</gpxtpx:TrackPointExtension>
<opentracks:accuracy_horizontal>6.633</opentracks:accuracy_horizontal></extensions>
</trkpt>
<trkpt lat="50.455109" lon="-104.548214">
<ele>552</ele>
<time>2026-09-29T19:09:37.05-06:00</time>
<extensions>
<gpxtpx:TrackPointExtension>
<gpxtpx:speed>7.54</gpxtpx:speed>
</gpxtpx:TrackPointExtension>
<opentracks:accuracy_horizontal>5.612</opentracks:accuracy_horizontal></extensions>
</trkpt>
<trkpt lat="50.455121" lon="-104.547989">
<ele>552</ele>
<time>2026-09-29T19:09:39.05-06:00</time>
<extensions>
<gpxtpx:TrackPointExtension>
<gpxtpx:speed>7.84</gpxtpx:speed>
</gpxtpx:TrackPointExtension>
<opentracks:accuracy_horizontal>1.02</opentracks:accuracy_horizontal></extensions>
</trkpt>
<trkpt lat="50.455113" lon="-104.54775">
<ele>554</ele>
<time>2026-09-29T19:09:41.062-06:00</time>
<extensions>
<gpxtpx:TrackPointExtension>
<gpxtpx:speed>9.37</gpxtpx:speed>
</gpxtpx:TrackPointExtension>
<opentracks:accuracy_horizontal>1.02</opentracks:accuracy_horizontal></extensions>
</trkpt>
<trkpt lat="50.455107" lon="-104.54749">
<ele>555</ele>
<time>2026-09-29T19:09:43.062-06:00</time>
<extensions>
<gpxtpx:TrackPointExtension>
<gpxtpx:speed>10.11</gpxtpx:speed>
</gpxtpx:TrackPointExtension>
<opentracks:accuracy_horizontal>0.51</opentracks:accuracy_horizontal></extensions>
</trkpt>
<trkpt lat="50.455102" lon="-104.547218">
<ele>555</ele>
<time>2026-09-29T19:09:45.035-06:00</time>
<extensions>
<gpxtpx:TrackPointExtension>
<gpxtpx:speed>10.13</gpxtpx:speed>
</gpxtpx:TrackPointExtension>
<opentracks:accuracy_horizontal>1.02</opentracks:accuracy_horizontal></extensions>
</trkpt>
<trkpt lat="50.455104" lon="-104.546957">
<ele>554</ele>
<time>2026-09-29T19:09:47.049-06:00</time>
<extensions>
<gpxtpx:TrackPointExtension>
<gpxtpx:speed>9.24</gpxtpx:speed>
</gpxtpx:TrackPointExtension>
<opentracks:accuracy_horizontal>1.02</opentracks:accuracy_horizontal></extensions>
</trkpt>
<trkpt lat="50.455097" lon="-104.546688">
<ele>552</ele>
<time>2026-09-29T19:09:49.056-06:00</time>
<extensions>
<gpxtpx:TrackPointExtension>
<gpxtpx:speed>9.13</gpxtpx:speed>
</gpxtpx:TrackPointExtension>
<opentracks:accuracy_horizontal>1.02</opentracks:accuracy_horizontal></extensions>
</trkpt>
<trkpt lat="50.455105" lon="-104.546444">
<ele>553</ele>
<time>2026-09-29T19:09:51.079-06:00</time>
<extensions>
<gpxtpx:TrackPointExtension>
<gpxtpx:speed>8.43</gpxtpx:speed>
</gpxtpx:TrackPointExtension>
<opentracks:accuracy_horizontal>0.51</opentracks:accuracy_horizontal></extensions>
</trkpt>
<trkpt lat="50.455109" lon="-104.546228">
<ele>553</ele>
<time>2026-09-29T19:09:53.057-06:00</time>
<extensions>
<gpxtpx:TrackPointExtension>
<gpxtpx:speed>7.46</gpxtpx:speed>
</gpxtpx:TrackPointExtension>
<opentracks:accuracy_horizontal>0.51</opentracks:accuracy_horizontal></extensions>
</trkpt>
<trkpt lat="50.455105" lon="-104.546026">
<ele>553</ele>
<time>2026-09-29T19:09:55.068-06:00</time>
<extensions>
<gpxtpx:TrackPointExtension>
<gpxtpx:speed>7.54</gpxtpx:speed>
</gpxtpx:TrackPointExtension>
<opentracks:accuracy_horizontal>1.02</opentracks:accuracy_horizontal></extensions>
</trkpt>
<trkpt lat="50.455112" lon="-104.545802">
<ele>553</ele>
<time>2026-09-29T19:09:57.052-06:00</time>
<extensions>
<gpxtpx:TrackPointExtension>
<gpxtpx:speed>8.09</gpxtpx:speed>
</gpxtpx:TrackPointExtension>
<opentracks:accuracy_horizontal>1.02</opentracks:accuracy_horizontal></extensions>
</trkpt>
<trkpt lat="50.455111" lon="-104.545558">
<ele>554</ele>
<time>2026-09-29T19:09:59.05-06:00</time>
<extensions>
<gpxtpx:TrackPointExtension>
<gpxtpx:speed>8.28</gpxtpx:speed>
</gpxtpx:TrackPointExtension>
<opentracks:accuracy_horizontal>1.02</opentracks:accuracy_horizontal></extensions>
</trkpt>
<trkpt lat="50.45512" lon="-104.545315">
<ele>554</ele>
<time>2026-09-29T19:10:01.033-06:00</time>
<extensions>
<gpxtpx:TrackPointExtension>
<gpxtpx:speed>8.58</gpxtpx:speed>
</gpxtpx:TrackPointExtension>
<opentracks:accuracy_horizontal>1.02</opentracks:accuracy_horizontal></extensions>
</trkpt>
<trkpt lat="50.455123" lon="-104.545057">
<ele>553</ele>
<time>2026-09-29T19:10:03.051-06:00</time>
<extensions>
<gpxtpx:TrackPointExtension>
<gpxtpx:speed>7.85</gpxtpx:speed>
</gpxtpx:TrackPointExtension>
<opentracks:accuracy_horizontal>1.02</opentracks:accuracy_horizontal></extensions>
</trkpt>
<trkpt lat="50.455111" lon="-104.544792">
<ele>554</ele>
<time>2026-09-29T19:10:05.056-06:00</time>
<extensions>
<gpxtpx:TrackPointExtension>
<gpxtpx:speed>9.16</gpxtpx:speed>
</gpxtpx:TrackPointExtension>
<opentracks:accuracy_horizontal>1.02</opentracks:accuracy_horizontal></extensions>
</trkpt>
<trkpt lat="50.455107" lon="-104.544533">
<ele>555</ele>
<time>2026-09-29T19:10:07.047-06:00</time>
<extensions>
<gpxtpx:TrackPointExtension>
<gpxtpx:speed>8.9</gpxtpx:speed>
</gpxtpx:TrackPointExtension>
<opentracks:accuracy_horizontal>1.02</opentracks:accuracy_horizontal></extensions>
</trkpt>
<trkpt lat="50.45511" lon="-104.544285">
<ele>554</ele>
<time>2026-09-29T19:10:09.038-06:00</time>
<extensions>
<gpxtpx:TrackPointExtension>
<gpxtpx:speed>8.82</gpxtpx:speed>
</gpxtpx:TrackPointExtension>
<opentracks:accuracy_horizontal>1.02</opentracks:accuracy_horizontal></extensions>
</trkpt>
<trkpt lat="50.455109" lon="-104.544063">
<ele>554</ele>
<time>2026-09-29T19:10:11.046-06:00</time>
<extensions>
<gpxtpx:TrackPointExtension>
<gpxtpx:speed>7.7</gpxtpx:speed>
</gpxtpx:TrackPointExtension>
<opentracks:accuracy_horizontal>1.02</opentracks:accuracy_horizontal></extensions>
</trkpt>
<trkpt lat="50.4551" lon="-104.543868">
<ele>554</ele>
<time>2026-09-29T19:10:13.057-06:00</time>
<extensions>
<gpxtpx:TrackPointExtension>
<gpxtpx:speed>7.23</gpxtpx:speed>
</gpxtpx:TrackPointExtension>
<opentracks:accuracy_horizontal>1.02</opentracks:accuracy_horizontal></extensions>
</trkpt>
<trkpt lat="50.455103" lon="-104.543666">
<ele>554</ele>
<time>2026-09-29T19:10:15.059-06:00</time>
<extensions>
<gpxtpx:TrackPointExtension>
<gpxtpx:speed>6.56</gpxtpx:speed>
</gpxtpx:TrackPointExtension>
<opentracks:accuracy_horizontal>1.02</opentracks:accuracy_horizontal></extensions>
</trkpt>
<trkpt lat="50.455099" lon="-104.54349">
<ele>554</ele>
<time>2026-09-29T19:10:17.05-06:00</time>
<extensions>
<gpxtpx:TrackPointExtension>
<gpxtpx:speed>6.33</gpxtpx:speed>
</gpxtpx:TrackPointExtension>
<opentracks:accuracy_horizontal>1.02</opentracks:accuracy_horizontal></extensions>
</trkpt>
<trkpt lat="50.455099" lon="-104.543302">
<ele>554</ele>
<time>2026-09-29T19:10:19.056-06:00</time>
<extensions>
<gpxtpx:TrackPointExtension>
<gpxtpx:speed>6.72</gpxtpx:speed>
</gpxtpx:TrackPointExtension>
<opentracks:accuracy_horizontal>1.02</opentracks:accuracy_horizontal></extensions>
</trkpt>
<trkpt lat="50.455094" lon="-104.543115">
<ele>553</ele>
<time>2026-09-29T19:10:21.045-06:00</time>
<extensions>
<gpxtpx:TrackPointExtension>
<gpxtpx:speed>6.71</gpxtpx:speed>
</gpxtpx:TrackPointExtension>
<opentracks:accuracy_horizontal>1.02</opentracks:accuracy_horizontal></extensions>
</trkpt>
<trkpt lat="50.455098" lon="-104.54292">
<ele>552</ele>
<time>2026-09-29T19:10:23.051-06:00</time>
<extensions>
<gpxtpx:TrackPointExtension>
<gpxtpx:speed>7.29</gpxtpx:speed>
</gpxtpx:TrackPointExtension>
<opentracks:accuracy_horizontal>1.02</opentracks:accuracy_horizontal></extensions>
</trkpt>
<trkpt lat="50.455093" lon="-104.542704">
<ele>552</ele>
<time>2026-09-29T19:10:25.057-06:00</time>
<extensions>
<gpxtpx:TrackPointExtension>
<gpxtpx:speed>8.29</gpxtpx:speed>
</gpxtpx:TrackPointExtension>
<opentracks:accuracy_horizontal>0.51</opentracks:accuracy_horizontal></extensions>
</trkpt>
<trkpt lat="50.455097" lon="-104.542486">
<ele>552</ele>
<time>2026-09-29T19:10:27.055-06:00</time>
<extensions>
<gpxtpx:TrackPointExtension>
<gpxtpx:speed>8.09</gpxtpx:speed>
</gpxtpx:TrackPointExtension>
<opentracks:accuracy_horizontal>1.02</opentracks:accuracy_horizontal></extensions>
</trkpt>
<trkpt lat="50.455106" lon="-104.542252">
<ele>552</ele>
<time>2026-09-29T19:10:29.065-06:00</time>
<extensions>
<gpxtpx:TrackPointExtension>
<gpxtpx:speed>8.43</gpxtpx:speed>
</gpxtpx:TrackPointExtension>
<opentracks:accuracy_horizontal>1.02</opentracks:accuracy_horizontal></extensions>
</trkpt>
<trkpt lat="50.4551" lon="-104.54201">
<ele>553</ele>
<time>2026-09-29T19:10:31.059-06:00</time>
<extensions>
<gpxtpx:TrackPointExtension>
<gpxtpx:speed>8.2</gpxtpx:speed>
</gpxtpx:TrackPointExtension>
<opentracks:accuracy_horizontal>1.02</opentracks:accuracy_horizontal></extensions>
</trkpt>
<trkpt lat="50.455093" lon="-104.541786">
<ele>554</ele>
<time>2026-09-29T19:10:33.065-06:00</time>
<extensions>
<gpxtpx:TrackPointExtension>
<gpxtpx:speed>7.9</gpxtpx:speed>
</gpxtpx:TrackPointExtension>
<opentracks:accuracy_horizontal>1.02</opentracks:accuracy_horizontal></extensions>
</trkpt>
<trkpt lat="50.455099" lon="-104.541575">
<ele>555</ele>
<time>2026-09-29T19:10:35.052-06:00</time>
<extensions>
<gpxtpx:TrackPointExtension>
<gpxtpx:speed>7.21</gpxtpx:speed>
</gpxtpx:TrackPointExtension>
<opentracks:accuracy_horizontal>1.02</opentracks:accuracy_horizontal></extensions>
</trkpt>
<trkpt lat="50.455097" lon="-104.541378">
<ele>555</ele>
<time>2026-09-29T19:10:37.057-06:00</time>
<extensions>
<gpxtpx:TrackPointExtension>
<gpxtpx:speed>6.71</gpxtpx:speed>
</gpxtpx:TrackPointExtension>
<opentracks:accuracy_horizontal>1.02</opentracks:accuracy_horizontal></extensions>
</trkpt>
<trkpt lat="50.455097" lon="-104.541196">
<ele>555</ele>
<time>2026-09-29T19:10:39.058-06:00</time>
<extensions>
<gpxtpx:TrackPointExtension>
<gpxtpx:speed>5.98</gpxtpx:speed>
</gpxtpx:TrackPointExtension>
<opentracks:accuracy_horizontal>4.082</opentracks:accuracy_horizontal></extensions>
</trkpt>
<trkpt lat="50.455095" lon="-104.541042">
<ele>554</ele>
<time>2026-09-29T19:10:41.055-06:00</time>
<extensions>
<gpxtpx:TrackPointExtension>
<gpxtpx:speed>4.48</gpxtpx:speed>
</gpxtpx:TrackPointExtension>
<opentracks:accuracy_horizontal>4.592</opentracks:accuracy_horizontal></extensions>
</trkpt>
<trkpt lat="50.455096" lon="-104.54087">
<ele>553</ele>
<time>2026-09-29T19:10:44.058-06:00</time>
<extensions>
<gpxtpx:TrackPointExtension>
<gpxtpx:speed>3.63</gpxtpx:speed>
</gpxtpx:TrackPointExtension>
<opentracks:accuracy_horizontal>4.592</opentracks:accuracy_horizontal></extensions>
</trkpt>
<trkpt lat="50.455096" lon="-104.540698">
<ele>553</ele>
<time>2026-09-29T19:10:49.065-06:00</time>
<extensions>
<gpxtpx:TrackPointExtension>
<gpxtpx:speed>3.16</gpxtpx:speed>
</gpxtpx:TrackPointExtension>
<opentracks:accuracy_horizontal>5.612</opentracks:accuracy_horizontal></extensions>
</trkpt>
<trkpt lat="50.455097" lon="-104.540533">
<ele>554</ele>
<time>2026-09-29T19:10:52.061-06:00</time>
<extensions>
<gpxtpx:TrackPointExtension>
<gpxtpx:speed>4.55</gpxtpx:speed>
</gpxtpx:TrackPointExtension>
<opentracks:accuracy_horizontal>5.102</opentracks:accuracy_horizontal></extensions>
</trkpt>
<trkpt lat="50.455098" lon="-104.54031">
<ele>555</ele>
<time>2026-09-29T19:10:55.059-06:00</time>
<extensions>
<gpxtpx:TrackPointExtension>
<gpxtpx:speed>6.34</gpxtpx:speed>
</gpxtpx:TrackPointExtension>
<opentracks:accuracy_horizontal>4.082</opentracks:accuracy_horizontal></extensions>
</trkpt>
<trkpt lat="50.455099" lon="-104.540117">
<ele>555</ele>
<time>2026-09-29T19:10:57.068-06:00</time>
<extensions>
<gpxtpx:TrackPointExtension>
<gpxtpx:speed>7.08</gpxtpx:speed>
</gpxtpx:TrackPointExtension>
<opentracks:accuracy_horizontal>4.082</opentracks:accuracy_horizontal></extensions>
</trkpt>
<trkpt lat="50.455099" lon="-104.53988">
<ele>555</ele>
<time>2026-09-29T19:10:59.068-06:00</time>
<extensions>
<gpxtpx:TrackPointExtension>
<gpxtpx:speed>8.43</gpxtpx:speed>
</gpxtpx:TrackPointExtension>
<opentracks:accuracy_horizontal>1.02</opentracks:accuracy_horizontal></extensions>
</trkpt>
<trkpt lat="50.455096" lon="-104.539624">
<ele>556</ele>
<time>2026-09-29T19:11:01.063-06:00</time>
<extensions>
<gpxtpx:TrackPointExtension>
<gpxtpx:speed>8.77</gpxtpx:speed>
</gpxtpx:TrackPointExtension>
<opentracks:accuracy_horizontal>1.02</opentracks:accuracy_horizontal></extensions>
</trkpt>
<trkpt lat="50.455079" lon="-104.539375">
<ele>556</ele>
<time>2026-09-29T19:11:03.067-06:00</time>
<extensions>
<gpxtpx:TrackPointExtension>
<gpxtpx:speed>8.41</gpxtpx:speed>
</gpxtpx:TrackPointExtension>
<opentracks:accuracy_horizontal>1.02</opentracks:accuracy_horizontal></extensions>
</trkpt>
<trkpt lat="50.455074" lon="-104.539141">
<ele>556</ele>
<time>2026-09-29T19:11:05.061-06:00</time>
<extensions>
<gpxtpx:TrackPointExtension>
<gpxtpx:speed>7.91</gpxtpx:speed>
</gpxtpx:TrackPointExtension>
<opentracks:accuracy_horizontal>1.02</opentracks:accuracy_horizontal></extensions>
</trkpt>
<trkpt lat="50.455077" lon="-104.53893">
<ele>556</ele>
<time>2026-09-29T19:11:07.064-06:00</time>
<extensions>
<gpxtpx:TrackPointExtension>
<gpxtpx:speed>6.62</gpxtpx:speed>
</gpxtpx:TrackPointExtension>
<opentracks:accuracy_horizontal>1.02</opentracks:accuracy_horizontal></extensions>
</trkpt>
<trkpt lat="50.455089" lon="-104.538768">
<ele>556</ele>
<time>2026-09-29T19:11:09.058-06:00</time>
<extensions>
<gpxtpx:TrackPointExtension>
<gpxtpx:speed>5.86</gpxtpx:speed>
</gpxtpx:TrackPointExtension>
<opentracks:accuracy_horizontal>1.02</opentracks:accuracy_horizontal></extensions>
</trkpt>
<trkpt lat="50.455099" lon="-104.538625">
<ele>556</ele>
<time>2026-09-29T19:11:11.062-06:00</time>
<extensions>
<gpxtpx:TrackPointExtension>
<gpxtpx:speed>5.25</gpxtpx:speed>
</gpxtpx:TrackPointExtension>
<opentracks:accuracy_horizontal>5.102</opentracks:accuracy_horizontal></extensions>
</trkpt>
<trkpt lat="50.455103" lon="-104.538474">
<ele>556</ele>
<time>2026-09-29T19:11:13.048-06:00</time>
<extensions>
<gpxtpx:TrackPointExtension>
<gpxtpx:speed>4.9</gpxtpx:speed>
</gpxtpx:TrackPointExtension>
<opentracks:accuracy_horizontal>4.082</opentracks:accuracy_horizontal></extensions>
</trkpt>
<trkpt lat="50.4551" lon="-104.538271">
<ele>556</ele>
<time>2026-09-29T19:11:16.066-06:00</time>
<extensions>
<gpxtpx:TrackPointExtension>
<gpxtpx:speed>4.39</gpxtpx:speed>
</gpxtpx:TrackPointExtension>
<opentracks:accuracy_horizontal>4.592</opentracks:accuracy_horizontal></extensions>
</trkpt>
<trkpt lat="50.455088" lon="-104.538107">
<ele>555</ele>
<time>2026-09-29T19:11:19.065-06:00</time>
<extensions>
<gpxtpx:TrackPointExtension>
<gpxtpx:speed>3.71</gpxtpx:speed>
</gpxtpx:TrackPointExtension>
<opentracks:accuracy_horizontal>4.592</opentracks:accuracy_horizontal></extensions>
</trkpt>
<trkpt lat="50.455091" lon="-104.537957">
<ele>555</ele>
<time>2026-09-29T19:11:22.049-06:00</time>
<extensions>
<gpxtpx:TrackPointExtension>
<gpxtpx:speed>4.15</gpxtpx:speed>
</gpxtpx:TrackPointExtension>
<opentracks:accuracy_horizontal>5.612</opentracks:accuracy_horizontal></extensions>
</trkpt>
<trkpt lat="50.455138" lon="-104.537779">
<ele>556</ele>
<time>2026-09-29T19:11:25.045-06:00</time>
<extensions>
<gpxtpx:TrackPointExtension>
<gpxtpx:speed>4.77</gpxtpx:speed>
</gpxtpx:TrackPointExtension>
<opentracks:accuracy_horizontal>4.592</opentracks:accuracy_horizontal></extensions>
</trkpt>
<trkpt lat="50.455165" lon="-104.537642">
<ele>557</ele>
<time>2026-09-29T19:11:27.062-06:00</time>
<extensions>
<gpxtpx:TrackPointExtension>
<gpxtpx:speed>4.22</gpxtpx:speed>
</gpxtpx:TrackPointExtension>
<opentracks:accuracy_horizontal>5.102</opentracks:accuracy_horizontal></extensions>
</trkpt>
<trkpt lat="50.455263" lon="-104.537619">
<ele>558</ele>
<time>2026-09-29T19:11:30.058-06:00</time>
<extensions>
<gpxtpx:TrackPointExtension>
<gpxtpx:speed>3.29</gpxtpx:speed>
</gpxtpx:TrackPointExtension>
<opentracks:accuracy_horizontal>1.02</opentracks:accuracy_horizontal></extensions>
</trkpt>
<trkpt lat="50.455351" lon="-104.537563">
<ele>558</ele>
<time>2026-09-29T19:11:33.064-06:00</time>
<extensions>
<gpxtpx:TrackPointExtension>
<gpxtpx:speed>4.3</gpxtpx:speed>
</gpxtpx:TrackPointExtension>
<opentracks:accuracy_horizontal>4.592</opentracks:accuracy_horizontal></extensions>
</trkpt>
<trkpt lat="50.455453" lon="-104.537481">
<ele>558</ele>
<time>2026-09-29T19:11:36.064-06:00</time>
<extensions>
<gpxtpx:TrackPointExtension>
<gpxtpx:speed>4.31</gpxtpx:speed>
</gpxtpx:TrackPointExtension>
<opentracks:accuracy_horizontal>5.102</opentracks:accuracy_horizontal></extensions>
</trkpt>
<trkpt lat="50.455542" lon="-104.537374">
<ele>557</ele>
<time>2026-09-29T19:11:39.061-06:00</time>
<extensions>
<gpxtpx:TrackPointExtension>
<gpxtpx:speed>4.47</gpxtpx:speed>
</gpxtpx:TrackPointExtension>
<opentracks:accuracy_horizontal>4.082</opentracks:accuracy_horizontal></extensions>
</trkpt>
<trkpt lat="50.455618" lon="-104.537235">
<ele>556</ele>
<time>2026-09-29T19:11:42.068-06:00</time>
<extensions>
<gpxtpx:TrackPointExtension>
<gpxtpx:speed>4.17</gpxtpx:speed>
</gpxtpx:TrackPointExtension>
<opentracks:accuracy_horizontal>1.02</opentracks:accuracy_horizontal></extensions>
</trkpt>
<trkpt lat="50.455684" lon="-104.537116">
<ele>556</ele>
<time>2026-09-29T19:11:45.057-06:00</time>
<extensions>
<gpxtpx:TrackPointExtension>
<gpxtpx:speed>3.89</gpxtpx:speed>
</gpxtpx:TrackPointExtension>
<opentracks:accuracy_horizontal>1.02</opentracks:accuracy_horizontal></extensions>
</trkpt>
<trkpt lat="50.455741" lon="-104.53697">
<ele>557</ele>
<time>2026-09-29T19:11:48.045-06:00</time>
<extensions>
<gpxtpx:TrackPointExtension>
<gpxtpx:speed>3.85</gpxtpx:speed>
</gpxtpx:TrackPointExtension>
<opentracks:accuracy_horizontal>1.02</opentracks:accuracy_horizontal></extensions>
</trkpt>
<trkpt lat="50.455784" lon="-104.536819">
<ele>557</ele>
<time>2026-09-29T19:11:51.051-06:00</time>
<extensions>
<gpxtpx:TrackPointExtension>
<gpxtpx:speed>4.03</gpxtpx:speed>
</gpxtpx:TrackPointExtension>
<opentracks:accuracy_horizontal>1.02</opentracks:accuracy_horizontal></extensions>
</trkpt>
<trkpt lat="50.45581" lon="-104.536656">
<ele>557</ele>
<time>2026-09-29T19:11:54.049-06:00</time>
<extensions>
<gpxtpx:TrackPointExtension>
<gpxtpx:speed>4.25</gpxtpx:speed>
</gpxtpx:TrackPointExtension>
<opentracks:accuracy_horizontal>1.02</opentracks:accuracy_horizontal></extensions>
</trkpt>
<trkpt lat="50.455836" lon="-104.536488">
<ele>557</ele>
<time>2026-09-29T19:11:57.054-06:00</time>
<extensions>
<gpxtpx:TrackPointExtension>
<gpxtpx:speed>4.17</gpxtpx:speed>
</gpxtpx:TrackPointExtension>
<opentracks:accuracy_horizontal>1.02</opentracks:accuracy_horizontal></extensions>
</trkpt>
<trkpt lat="50.45586" lon="-104.536301">
<ele>558</ele>
<time>2026-09-29T19:12:00.05-06:00</time>
<extensions>
<gpxtpx:TrackPointExtension>
<gpxtpx:speed>4.98</gpxtpx:speed>
</gpxtpx:TrackPointExtension>
<opentracks:accuracy_horizontal>1.02</opentracks:accuracy_horizontal></extensions>
</trkpt>
<trkpt lat="50.455888" lon="-104.536146">
<ele>558</ele>
<time>2026-09-29T19:12:02.071-06:00</time>
<extensions>
<gpxtpx:TrackPointExtension>
<gpxtpx:speed>5.68</gpxtpx:speed>
</gpxtpx:TrackPointExtension>
<opentracks:accuracy_horizontal>1.02</opentracks:accuracy_horizontal></extensions>
</trkpt>
<trkpt lat="50.455894" lon="-104.535987">
<ele>557</ele>
<time>2026-09-29T19:12:04.063-06:00</time>
<extensions>
<gpxtpx:TrackPointExtension>
<gpxtpx:speed>5.36</gpxtpx:speed>
</gpxtpx:TrackPointExtension>
<opentracks:accuracy_horizontal>0.51</opentracks:accuracy_horizontal></extensions>
</trkpt>
<trkpt lat="50.455891" lon="-104.535837">
<ele>557</ele>
<time>2026-09-29T19:12:06.07-06:00</time>
<extensions>
<gpxtpx:TrackPointExtension>
<gpxtpx:speed>5.28</gpxtpx:speed>
</gpxtpx:TrackPointExtension>
<opentracks:accuracy_horizontal>1.02</opentracks:accuracy_horizontal></extensions>
</trkpt>
<trkpt lat="50.455877" lon="-104.535679">
<ele>556</ele>
<time>2026-09-29T19:12:08.057-06:00</time>
<extensions>
<gpxtpx:TrackPointExtension>
<gpxtpx:speed>5.45</gpxtpx:speed>
</gpxtpx:TrackPointExtension>
<opentracks:accuracy_horizontal>1.02</opentracks:accuracy_horizontal></extensions>
</trkpt>
<trkpt lat="50.455862" lon="-104.535525">
<ele>556</ele>
<time>2026-09-29T19:12:10.064-06:00</time>
<extensions>
<gpxtpx:TrackPointExtension>
<gpxtpx:speed>5.61</gpxtpx:speed>
</gpxtpx:TrackPointExtension>
<opentracks:accuracy_horizontal>1.02</opentracks:accuracy_horizontal></extensions>
</trkpt>
<trkpt lat="50.455845" lon="-104.535363">
<ele>555</ele>
<time>2026-09-29T19:12:12.058-06:00</time>
<extensions>
<gpxtpx:TrackPointExtension>
<gpxtpx:speed>5.53</gpxtpx:speed>
</gpxtpx:TrackPointExtension>
<opentracks:accuracy_horizontal>1.02</opentracks:accuracy_horizontal></extensions>
</trkpt>
<trkpt lat="50.45582" lon="-104.535208">
<ele>554</ele>
<time>2026-09-29T19:12:14.053-06:00</time>
<extensions>
<gpxtpx:TrackPointExtension>
<gpxtpx:speed>5.49</gpxtpx:speed>
</gpxtpx:TrackPointExtension>
<opentracks:accuracy_horizontal>1.02</opentracks:accuracy_horizontal></extensions>
</trkpt>
<trkpt lat="50.455795" lon="-104.535051">
<ele>555</ele>
<time>2026-09-29T19:12:16.087-06:00</time>
<extensions>
<gpxtpx:TrackPointExtension>
<gpxtpx:speed>5.55</gpxtpx:speed>
</gpxtpx:TrackPointExtension>
<opentracks:accuracy_horizontal>1.02</opentracks:accuracy_horizontal></extensions>
</trkpt>
<trkpt lat="50.455773" lon="-104.534907">
<ele>554</ele>
<time>2026-09-29T19:12:18.049-06:00</time>
<extensions>
<gpxtpx:TrackPointExtension>
<gpxtpx:speed>5.44</gpxtpx:speed>
</gpxtpx:TrackPointExtension>
<opentracks:accuracy_horizontal>1.02</opentracks:accuracy_horizontal></extensions>
</trkpt>
<trkpt lat="50.455753" lon="-104.534712">
<ele>554</ele>
<time>2026-09-29T19:12:21.058-06:00</time>
<extensions>
<gpxtpx:TrackPointExtension>
<gpxtpx:speed>4.8</gpxtpx:speed>
</gpxtpx:TrackPointExtension>
<opentracks:accuracy_horizontal>1.02</opentracks:accuracy_horizontal></extensions>
</trkpt>
<trkpt lat="50.455795" lon="-104.53458">
<ele>555</ele>
<time>2026-09-29T19:12:23.06-06:00</time>
<extensions>
<gpxtpx:TrackPointExtension>
<gpxtpx:speed>4.76</gpxtpx:speed>
</gpxtpx:TrackPointExtension>
<opentracks:accuracy_horizontal>1.02</opentracks:accuracy_horizontal></extensions>
</trkpt>
<trkpt lat="50.455872" lon="-104.534501">
<ele>557</ele>
<time>2026-09-29T19:12:25.06-06:00</time>
<extensions>
<gpxtpx:TrackPointExtension>
<gpxtpx:speed>5.29</gpxtpx:speed>
</gpxtpx:TrackPointExtension>
<opentracks:accuracy_horizontal>1.02</opentracks:accuracy_horizontal></extensions>
</trkpt>
<trkpt lat="50.455961" lon="-104.534392">
<ele>558</ele>
<time>2026-09-29T19:12:28.07-06:00</time>
<extensions>
<gpxtpx:TrackPointExtension>
<gpxtpx:speed>3.55</gpxtpx:speed>
</gpxtpx:TrackPointExtension>
<opentracks:accuracy_horizontal>0.51</opentracks:accuracy_horizontal></extensions>
</trkpt>
<trkpt lat="50.456037" lon="-104.534288">
<ele>558</ele>
<time>2026-09-29T19:12:32.069-06:00</time>
<extensions>
<gpxtpx:TrackPointExtension>
<gpxtpx:speed>2.07</gpxtpx:speed>
</gpxtpx:TrackPointExtension>
<opentracks:accuracy_horizontal>5.102</opentracks:accuracy_horizontal></extensions>
</trkpt>
<trkpt lat="50.45612" lon="-104.534183">
<ele>558</ele>
<time>2026-09-29T19:12:39.063-06:00</time>
<extensions>
<gpxtpx:TrackPointExtension>
<gpxtpx:speed>1.84</gpxtpx:speed>
</gpxtpx:TrackPointExtension>
<opentracks:accuracy_horizontal>6.122</opentracks:accuracy_horizontal></extensions>
</trkpt>
<trkpt lat="50.456199" lon="-104.534112">
<ele>558</ele>
<time>2026-09-29T19:12:44.056-06:00</time>
<extensions>
<gpxtpx:TrackPointExtension>
<gpxtpx:speed>2.96</gpxtpx:speed>
</gpxtpx:TrackPointExtension>
<opentracks:accuracy_horizontal>7.653</opentracks:accuracy_horizontal></extensions>
</trkpt>
<trkpt lat="50.456271" lon="-104.53424">
<ele>558</ele>
<time>2026-09-29T19:12:47.057-06:00</time>
<extensions>
<gpxtpx:TrackPointExtension>
<gpxtpx:speed>5.1</gpxtpx:speed>
</gpxtpx:TrackPointExtension>
<opentracks:accuracy_horizontal>6.122</opentracks:accuracy_horizontal></extensions>
</trkpt>
<trkpt lat="50.456304" lon="-104.53438">
<ele>559</ele>
<time>2026-09-29T19:12:49.061-06:00</time>
<extensions>
<gpxtpx:TrackPointExtension>
<gpxtpx:speed>5.51</gpxtpx:speed>
</gpxtpx:TrackPointExtension>
<opentracks:accuracy_horizontal>5.612</opentracks:accuracy_horizontal></extensions>
</trkpt>
<trkpt lat="50.456329" lon="-104.534558">
<ele>559</ele>
<time>2026-09-29T19:12:51.064-06:00</time>
<extensions>
<gpxtpx:TrackPointExtension>
<gpxtpx:speed>7.07</gpxtpx:speed>
</gpxtpx:TrackPointExtension>
<opentracks:accuracy_horizontal>4.592</opentracks:accuracy_horizontal></extensions>
</trkpt>
<trkpt lat="50.456351" lon="-104.534766">
<ele>559</ele>
<time>2026-09-29T19:12:53.062-06:00</time>
<extensions>
<gpxtpx:TrackPointExtension>
<gpxtpx:speed>7.56</gpxtpx:speed>
</gpxtpx:TrackPointExtension>
<opentracks:accuracy_horizontal>1.02</opentracks:accuracy_horizontal></extensions>
</trkpt>
<trkpt lat="50.456401" lon="-104.534963">
<ele>559</ele>
<time>2026-09-29T19:12:55.059-06:00</time>
<extensions>
<gpxtpx:TrackPointExtension>
<gpxtpx:speed>7.85</gpxtpx:speed>
</gpxtpx:TrackPointExtension>
<opentracks:accuracy_horizontal>1.02</opentracks:accuracy_horizontal></extensions>
</trkpt>
<trkpt lat="50.456445" lon="-104.535184">
<ele>559</ele>
<time>2026-09-29T19:12:57.064-06:00</time>
<extensions>
<gpxtpx:TrackPointExtension>
<gpxtpx:speed>8.58</gpxtpx:speed>
</gpxtpx:TrackPointExtension>
<opentracks:accuracy_horizontal>1.02</opentracks:accuracy_horizontal></extensions>
</trkpt>
<trkpt lat="50.45647" lon="-104.535417">
<ele>558</ele>
<time>2026-09-29T19:12:59.065-06:00</time>
<extensions>
<gpxtpx:TrackPointExtension>
<gpxtpx:speed>8.25</gpxtpx:speed>
</gpxtpx:TrackPointExtension>
<opentracks:accuracy_horizontal>1.02</opentracks:accuracy_horizontal></extensions>
</trkpt>
<trkpt lat="50.456501" lon="-104.53563">
<ele>558</ele>
<time>2026-09-29T19:13:01.057-06:00</time>
<extensions>
<gpxtpx:TrackPointExtension>
<gpxtpx:speed>7.48</gpxtpx:speed>
</gpxtpx:TrackPointExtension>
<opentracks:accuracy_horizontal>1.02</opentracks:accuracy_horizontal></extensions>
</trkpt>
<trkpt lat="50.456547" lon="-104.535828">
<ele>558</ele>
<time>2026-09-29T19:13:03.058-06:00</time>
<extensions>
<gpxtpx:TrackPointExtension>
<gpxtpx:speed>7.38</gpxtpx:speed>
</gpxtpx:TrackPointExtension>
<opentracks:accuracy_horizontal>1.02</opentracks:accuracy_horizontal></extensions>
</trkpt>
<trkpt lat="50.456593" lon="-104.536025">
<ele>558</ele>
<time>2026-09-29T19:13:05.059-06:00</time>
<extensions>
<gpxtpx:TrackPointExtension>
<gpxtpx:speed>7.61</gpxtpx:speed>
</gpxtpx:TrackPointExtension>
<opentracks:accuracy_horizontal>5.102</opentracks:accuracy_horizontal></extensions>
</trkpt>
<trkpt lat="50.456639" lon="-104.536243">
<ele>557</ele>
<time>2026-09-29T19:13:07.066-06:00</time>
<extensions>
<gpxtpx:TrackPointExtension>
<gpxtpx:speed>7.98</gpxtpx:speed>
</gpxtpx:TrackPointExtension>
<opentracks:accuracy_horizontal>4.082</opentracks:accuracy_horizontal></extensions>
</trkpt>
<trkpt lat="50.456712" lon="-104.536425">
<ele>557</ele>
<time>2026-09-29T19:13:09.085-06:00</time>
<extensions>
<gpxtpx:TrackPointExtension>
<gpxtpx:speed>7.61</gpxtpx:speed>
</gpxtpx:TrackPointExtension>
<opentracks:accuracy_horizontal>1.02</opentracks:accuracy_horizontal></extensions>
</trkpt>
<trkpt lat="50.456799" lon="-104.536594">
<ele>557</ele>
<time>2026-09-29T19:13:11.049-06:00</time>
<extensions>
<gpxtpx:TrackPointExtension>
<gpxtpx:speed>7.52</gpxtpx:speed>
</gpxtpx:TrackPointExtension>
<opentracks:accuracy_horizontal>1.02</opentracks:accuracy_horizontal></extensions>
</trkpt>
<trkpt lat="50.456883" lon="-104.536749">
<ele>557</ele>
<time>2026-09-29T19:13:13.074-06:00</time>
<extensions>
<gpxtpx:TrackPointExtension>
<gpxtpx:speed>7.5</gpxtpx:speed>
</gpxtpx:TrackPointExtension>
<opentracks:accuracy_horizontal>1.02</opentracks:accuracy_horizontal></extensions>
</trkpt>
<trkpt lat="50.456983" lon="-104.536861">
<ele>557</ele>
<time>2026-09-29T19:13:15.051-06:00</time>
<extensions>
<gpxtpx:TrackPointExtension>
<gpxtpx:speed>7.04</gpxtpx:speed>
</gpxtpx:TrackPointExtension>
<opentracks:accuracy_horizontal>1.02</opentracks:accuracy_horizontal></extensions>
</trkpt>
<trkpt lat="50.457102" lon="-104.536968">
<ele>557</ele>
<time>2026-09-29T19:13:17.062-06:00</time>
<extensions>
<gpxtpx:TrackPointExtension>
<gpxtpx:speed>7.29</gpxtpx:speed>
</gpxtpx:TrackPointExtension>
<opentracks:accuracy_horizontal>0.51</opentracks:accuracy_horizontal></extensions>
</trkpt>
<trkpt lat="50.457222" lon="-104.537059">
<ele>558</ele>
<time>2026-09-29T19:13:19.055-06:00</time>
<extensions>
<gpxtpx:TrackPointExtension>
<gpxtpx:speed>7.46</gpxtpx:speed>
</gpxtpx:TrackPointExtension>
<opentracks:accuracy_horizontal>1.02</opentracks:accuracy_horizontal></extensions>
</trkpt>
<trkpt lat="50.457346" lon="-104.537115">
<ele>557</ele>
<time>2026-09-29T19:13:21.059-06:00</time>
<extensions>
<gpxtpx:TrackPointExtension>
<gpxtpx:speed>6.97</gpxtpx:speed>
</gpxtpx:TrackPointExtension>
<opentracks:accuracy_horizontal>1.02</opentracks:accuracy_horizontal></extensions>
</trkpt>
<trkpt lat="50.457464" lon="-104.537149">
<ele>557</ele>
<time>2026-09-29T19:13:23.064-06:00</time>
<extensions>
<gpxtpx:TrackPointExtension>
<gpxtpx:speed>6.55</gpxtpx:speed>
</gpxtpx:TrackPointExtension>
<opentracks:accuracy_horizontal>1.02</opentracks:accuracy_horizontal></extensions>
</trkpt>
<trkpt lat="50.457584" lon="-104.537173">
<ele>558</ele>
<time>2026-09-29T19:13:25.054-06:00</time>
<extensions>
<gpxtpx:TrackPointExtension>
<gpxtpx:speed>6.46</gpxtpx:speed>
</gpxtpx:TrackPointExtension>
<opentracks:accuracy_horizontal>1.02</opentracks:accuracy_horizontal></extensions>
</trkpt>
<trkpt lat="50.457682" lon="-104.537144">
<ele>558</ele>
<time>2026-09-29T19:13:27.062-06:00</time>
<extensions>
<gpxtpx:TrackPointExtension>
<gpxtpx:speed>6.02</gpxtpx:speed>
</gpxtpx:TrackPointExtension>
<opentracks:accuracy_horizontal>1.02</opentracks:accuracy_horizontal></extensions>
</trkpt>
<trkpt lat="50.457786" lon="-104.537127">
<ele>558</ele>
<time>2026-09-29T19:13:29.065-06:00</time>
<extensions>
<gpxtpx:TrackPointExtension>
<gpxtpx:speed>5.96</gpxtpx:speed>
</gpxtpx:TrackPointExtension>
<opentracks:accuracy_horizontal>1.02</opentracks:accuracy_horizontal></extensions>
</trkpt>
<trkpt lat="50.457894" lon="-104.53713">
<ele>558</ele>
<time>2026-09-29T19:13:31.067-06:00</time>
<extensions>
<gpxtpx:TrackPointExtension>
<gpxtpx:speed>5.98</gpxtpx:speed>
</gpxtpx:TrackPointExtension>
<opentracks:accuracy_horizontal>1.02</opentracks:accuracy_horizontal></extensions>
</trkpt>
<trkpt lat="50.458" lon="-104.53715">
<ele>558</ele>
<time>2026-09-29T19:13:33.058-06:00</time>
<extensions>
<gpxtpx:TrackPointExtension>
<gpxtpx:speed>5.9</gpxtpx:speed>
</gpxtpx:TrackPointExtension>
<opentracks:accuracy_horizontal>1.02</opentracks:accuracy_horizontal></extensions>
</trkpt>
<trkpt lat="50.458114" lon="-104.537169">
<ele>559</ele>
<time>2026-09-29T19:13:35.07-06:00</time>
<extensions>
<gpxtpx:TrackPointExtension>
<gpxtpx:speed>5.89</gpxtpx:speed>
</gpxtpx:TrackPointExtension>
<opentracks:accuracy_horizontal>1.02</opentracks:accuracy_horizontal></extensions>
</trkpt>
<trkpt lat="50.458213" lon="-104.537178">
<ele>559</ele>
<time>2026-09-29T19:13:37.071-06:00</time>
<extensions>
<gpxtpx:TrackPointExtension>
<gpxtpx:speed>5.76</gpxtpx:speed>
</gpxtpx:TrackPointExtension>
<opentracks:accuracy_horizontal>1.02</opentracks:accuracy_horizontal></extensions>
</trkpt>
<trkpt lat="50.458319" lon="-104.537182">
<ele>558</ele>
<time>2026-09-29T19:13:39.047-06:00</time>
<extensions>
<gpxtpx:TrackPointExtension>
<gpxtpx:speed>5.9</gpxtpx:speed>
</gpxtpx:TrackPointExtension>
<opentracks:accuracy_horizontal>1.02</opentracks:accuracy_horizontal></extensions>
</trkpt>
<trkpt lat="50.458425" lon="-104.537188">
<ele>558</ele>
<time>2026-09-29T19:13:41.053-06:00</time>
<extensions>
<gpxtpx:TrackPointExtension>
<gpxtpx:speed>5.71</gpxtpx:speed>
</gpxtpx:TrackPointExtension>
<opentracks:accuracy_horizontal>1.02</opentracks:accuracy_horizontal></extensions>
</trkpt>
<trkpt lat="50.458532" lon="-104.53719">
<ele>558</ele>
<time>2026-09-29T19:13:43.061-06:00</time>
<extensions>
<gpxtpx:TrackPointExtension>
<gpxtpx:speed>6.07</gpxtpx:speed>
</gpxtpx:TrackPointExtension>
<opentracks:accuracy_horizontal>1.02</opentracks:accuracy_horizontal></extensions>
</trkpt>
<trkpt lat="50.458648" lon="-104.537193">
<ele>558</ele>
<time>2026-09-29T19:13:45.054-06:00</time>
<extensions>
<gpxtpx:TrackPointExtension>
<gpxtpx:speed>6.19</gpxtpx:speed>
</gpxtpx:TrackPointExtension>
<opentracks:accuracy_horizontal>0.51</opentracks:accuracy_horizontal></extensions>
</trkpt>
<trkpt lat="50.458754" lon="-104.537211">
<ele>558</ele>
<time>2026-09-29T19:13:47.07-06:00</time>
<extensions>
<gpxtpx:TrackPointExtension>
<gpxtpx:speed>5.81</gpxtpx:speed>
</gpxtpx:TrackPointExtension>
<opentracks:accuracy_horizontal>1.02</opentracks:accuracy_horizontal></extensions>
</trkpt>
<trkpt lat="50.458864" lon="-104.537211">
<ele>558</ele>
<time>2026-09-29T19:13:49.065-06:00</time>
<extensions>
<gpxtpx:TrackPointExtension>
<gpxtpx:speed>6.09</gpxtpx:speed>
</gpxtpx:TrackPointExtension>
<opentracks:accuracy_horizontal>0.51</opentracks:accuracy_horizontal></extensions>
</trkpt>
<trkpt lat="50.458972" lon="-104.537202">
<ele>558</ele>
<time>2026-09-29T19:13:51.067-06:00</time>
<extensions>
<gpxtpx:TrackPointExtension>
<gpxtpx:speed>5.88</gpxtpx:speed>
</gpxtpx:TrackPointExtension>
<opentracks:accuracy_horizontal>1.02</opentracks:accuracy_horizontal></extensions>
</trkpt>
<trkpt lat="50.459069" lon="-104.53719">
<ele>558</ele>
<time>2026-09-29T19:13:53.059-06:00</time>
<extensions>
<gpxtpx:TrackPointExtension>
<gpxtpx:speed>5.13</gpxtpx:speed>
</gpxtpx:TrackPointExtension>
<opentracks:accuracy_horizontal>1.02</opentracks:accuracy_horizontal></extensions>
</trkpt>
<trkpt lat="50.459165" lon="-104.537168">
<ele>559</ele>
<time>2026-09-29T19:13:55.077-06:00</time>
<extensions>
<gpxtpx:TrackPointExtension>
<gpxtpx:speed>5.09</gpxtpx:speed>
</gpxtpx:TrackPointExtension>
<opentracks:accuracy_horizontal>1.02</opentracks:accuracy_horizontal></extensions>
</trkpt>
<trkpt lat="50.459294" lon="-104.537193">
<ele>559</ele>
<time>2026-09-29T19:13:58.078-06:00</time>
<extensions>
<gpxtpx:TrackPointExtension>
<gpxtpx:speed>4.46</gpxtpx:speed>
</gpxtpx:TrackPointExtension>
<opentracks:accuracy_horizontal>1.02</opentracks:accuracy_horizontal></extensions>
</trkpt>
<trkpt lat="50.459381" lon="-104.537127">
<ele>559</ele>
<time>2026-09-29T19:14:00.078-06:00</time>
<extensions>
<gpxtpx:TrackPointExtension>
<gpxtpx:speed>5.7</gpxtpx:speed>
</gpxtpx:TrackPointExtension>
<opentracks:accuracy_horizontal>1.02</opentracks:accuracy_horizontal></extensions>
</trkpt>
<trkpt lat="50.459432" lon="-104.53697">
<ele>558</ele>
<time>2026-09-29T19:14:02.061-06:00</time>
<extensions>
<gpxtpx:TrackPointExtension>
<gpxtpx:speed>5.92</gpxtpx:speed>
</gpxtpx:TrackPointExtension>
<opentracks:accuracy_horizontal>1.02</opentracks:accuracy_horizontal></extensions>
</trkpt>
<trkpt lat="50.459434" lon="-104.536779">
<ele>558</ele>
<time>2026-09-29T19:14:04.059-06:00</time>
<extensions>
<gpxtpx:TrackPointExtension>
<gpxtpx:speed>6.73</gpxtpx:speed>
</gpxtpx:TrackPointExtension>
<opentracks:accuracy_horizontal>1.02</opentracks:accuracy_horizontal></extensions>
</trkpt>
<trkpt lat="50.459436" lon="-104.536558">
<ele>558</ele>
<time>2026-09-29T19:14:06.063-06:00</time>
<extensions>
<gpxtpx:TrackPointExtension>
<gpxtpx:speed>7.24</gpxtpx:speed>
</gpxtpx:TrackPointExtension>
<opentracks:accuracy_horizontal>1.02</opentracks:accuracy_horizontal></extensions>
</trkpt>
<trkpt lat="50.459447" lon="-104.536366">
<ele>557</ele>
<time>2026-09-29T19:14:08.085-06:00</time>
<extensions>
<gpxtpx:TrackPointExtension>
<gpxtpx:speed>7.39</gpxtpx:speed>
</gpxtpx:TrackPointExtension>
<opentracks:accuracy_horizontal>1.02</opentracks:accuracy_horizontal></extensions>
</trkpt>
<trkpt lat="50.459472" lon="-104.536162">
<ele>557</ele>
<time>2026-09-29T19:14:10.066-06:00</time>
<extensions>
<gpxtpx:TrackPointExtension>
<gpxtpx:speed>7.41</gpxtpx:speed>
</gpxtpx:TrackPointExtension>
<opentracks:accuracy_horizontal>1.02</opentracks:accuracy_horizontal></extensions>
</trkpt>
<trkpt lat="50.459508" lon="-104.535967">
<ele>557</ele>
<time>2026-09-29T19:14:12.077-06:00</time>
<extensions>
<gpxtpx:TrackPointExtension>
<gpxtpx:speed>7.64</gpxtpx:speed>
</gpxtpx:TrackPointExtension>
<opentracks:accuracy_horizontal>1.02</opentracks:accuracy_horizontal></extensions>
</trkpt>
<trkpt lat="50.459577" lon="-104.535775">
<ele>557</ele>
<time>2026-09-29T19:14:14.075-06:00</time>
<extensions>
<gpxtpx:TrackPointExtension>
<gpxtpx:speed>7.64</gpxtpx:speed>
</gpxtpx:TrackPointExtension>
<opentracks:accuracy_horizontal>1.02</opentracks:accuracy_horizontal></extensions>
</trkpt>
<trkpt lat="50.459655" lon="-104.535586">
<ele>557</ele>
<time>2026-09-29T19:14:16.05-06:00</time>
<extensions>
<gpxtpx:TrackPointExtension>
<gpxtpx:speed>7.78</gpxtpx:speed>
</gpxtpx:TrackPointExtension>
<opentracks:accuracy_horizontal>1.02</opentracks:accuracy_horizontal></extensions>
</trkpt>
<trkpt lat="50.459721" lon="-104.535399">
<ele>556</ele>
<time>2026-09-29T19:14:18.059-06:00</time>
<extensions>
<gpxtpx:TrackPointExtension>
<gpxtpx:speed>7.65</gpxtpx:speed>
</gpxtpx:TrackPointExtension>
<opentracks:accuracy_horizontal>1.02</opentracks:accuracy_horizontal></extensions>
</trkpt>
<trkpt lat="50.459768" lon="-104.535217">
<ele>556</ele>
<time>2026-09-29T19:14:20.056-06:00</time>
<extensions>
<gpxtpx:TrackPointExtension>
<gpxtpx:speed>6.91</gpxtpx:speed>
</gpxtpx:TrackPointExtension>
<opentracks:accuracy_horizontal>0.51</opentracks:accuracy_horizontal></extensions>
</trkpt>
<trkpt lat="50.459826" lon="-104.535055">
<ele>556</ele>
<time>2026-09-29T19:14:22.069-06:00</time>
<extensions>
<gpxtpx:TrackPointExtension>
<gpxtpx:speed>6.78</gpxtpx:speed>
</gpxtpx:TrackPointExtension>
<opentracks:accuracy_horizontal>1.02</opentracks:accuracy_horizontal></extensions>
</trkpt>
<trkpt lat="50.459889" lon="-104.534876">
<ele>557</ele>
<time>2026-09-29T19:14:24.069-06:00</time>
<extensions>
<gpxtpx:TrackPointExtension>
<gpxtpx:speed>7.02</gpxtpx:speed>
</gpxtpx:TrackPointExtension>
<opentracks:accuracy_horizontal>1.02</opentracks:accuracy_horizontal></extensions>
</trkpt>
<trkpt lat="50.459952" lon="-104.534704">
<ele>557</ele>
<time>2026-09-29T19:14:26.067-06:00</time>
<extensions>
<gpxtpx:TrackPointExtension>
<gpxtpx:speed>7.22</gpxtpx:speed>
</gpxtpx:TrackPointExtension>
<opentracks:accuracy_horizontal>1.02</opentracks:accuracy_horizontal></extensions>
</trkpt>
<trkpt lat="50.460022" lon="-104.534522">
<ele>557</ele>
<time>2026-09-29T19:14:28.059-06:00</time>
<extensions>
<gpxtpx:TrackPointExtension>
<gpxtpx:speed>7.35</gpxtpx:speed>
</gpxtpx:TrackPointExtension>
<opentracks:accuracy_horizontal>1.02</opentracks:accuracy_horizontal></extensions>
</trkpt>
<trkpt lat="50.460096" lon="-104.534326">
<ele>557</ele>
<time>2026-09-29T19:14:30.079-06:00</time>
<extensions>
<gpxtpx:TrackPointExtension>
<gpxtpx:speed>7.88</gpxtpx:speed>
</gpxtpx:TrackPointExtension>
<opentracks:accuracy_horizontal>1.02</opentracks:accuracy_horizontal></extensions>
</trkpt>
<trkpt lat="50.46017" lon="-104.534136">
<ele>558</ele>
<time>2026-09-29T19:14:32.064-06:00</time>
<extensions>
<gpxtpx:TrackPointExtension>
<gpxtpx:speed>7.84</gpxtpx:speed>
</gpxtpx:TrackPointExtension>
<opentracks:accuracy_horizontal>1.02</opentracks:accuracy_horizontal></extensions>
</trkpt>
<trkpt lat="50.460242" lon="-104.533939">
<ele>558</ele>
<time>2026-09-29T19:14:34.066-06:00</time>
<extensions>
<gpxtpx:TrackPointExtension>
<gpxtpx:speed>7.85</gpxtpx:speed>
</gpxtpx:TrackPointExtension>
<opentracks:accuracy_horizontal>1.02</opentracks:accuracy_horizontal></extensions>
</trkpt>
<trkpt lat="50.460324" lon="-104.533742">
<ele>557</ele>
<time>2026-09-29T19:14:36.061-06:00</time>
<extensions>
<gpxtpx:TrackPointExtension>
<gpxtpx:speed>7.64</gpxtpx:speed>
</gpxtpx:TrackPointExtension>
<opentracks:accuracy_horizontal>1.02</opentracks:accuracy_horizontal></extensions>
</trkpt>
<trkpt lat="50.46039" lon="-104.533559">
<ele>558</ele>
<time>2026-09-29T19:14:38.081-06:00</time>
<extensions>
<gpxtpx:TrackPointExtension>
<gpxtpx:speed>7.14</gpxtpx:speed>
</gpxtpx:TrackPointExtension>
<opentracks:accuracy_horizontal>1.02</opentracks:accuracy_horizontal></extensions>
</trkpt>
<trkpt lat="50.460454" lon="-104.533402">
<ele>558</ele>
<time>2026-09-29T19:14:40.066-06:00</time>
<extensions>
<gpxtpx:TrackPointExtension>
<gpxtpx:speed>6.97</gpxtpx:speed>
</gpxtpx:TrackPointExtension>
<opentracks:accuracy_horizontal>0.51</opentracks:accuracy_horizontal></extensions>
</trkpt>
<trkpt lat="50.460521" lon="-104.533242">
<ele>558</ele>
<time>2026-09-29T19:14:42.071-06:00</time>
<extensions>
<gpxtpx:TrackPointExtension>
<gpxtpx:speed>7.07</gpxtpx:speed>
</gpxtpx:TrackPointExtension>
<opentracks:accuracy_horizontal>1.02</opentracks:accuracy_horizontal></extensions>
</trkpt>
<trkpt lat="50.460578" lon="-104.533078">
<ele>558</ele>
<time>2026-09-29T19:14:44.067-06:00</time>
<extensions>
<gpxtpx:TrackPointExtension>
<gpxtpx:speed>6.75</gpxtpx:speed>
</gpxtpx:TrackPointExtension>
<opentracks:accuracy_horizontal>1.02</opentracks:accuracy_horizontal></extensions>
</trkpt>
<trkpt lat="50.460629" lon="-104.532894">
<ele>559</ele>
<time>2026-09-29T19:14:46.059-06:00</time>
<extensions>
<gpxtpx:TrackPointExtension>
<gpxtpx:speed>7.18</gpxtpx:speed>
</gpxtpx:TrackPointExtension>
<opentracks:accuracy_horizontal>0.51</opentracks:accuracy_horizontal></extensions>
</trkpt>
<trkpt lat="50.460679" lon="-104.532705">
<ele>559</ele>
<time>2026-09-29T19:14:48.053-06:00</time>
<extensions>
<gpxtpx:TrackPointExtension>
<gpxtpx:speed>7.49</gpxtpx:speed>
</gpxtpx:TrackPointExtension>
<opentracks:accuracy_horizontal>1.02</opentracks:accuracy_horizontal></extensions>
</trkpt>
<trkpt lat="50.460738" lon="-104.532515">
<ele>559</ele>
<time>2026-09-29T19:14:50.073-06:00</time>
<extensions>
<gpxtpx:TrackPointExtension>
<gpxtpx:speed>7.42</gpxtpx:speed>
</gpxtpx:TrackPointExtension>
<opentracks:accuracy_horizontal>1.02</opentracks:accuracy_horizontal></extensions>
</trkpt>
<trkpt lat="50.46077" lon="-104.532317">
<ele>559</ele>
<time>2026-09-29T19:14:52.062-06:00</time>
<extensions>
<gpxtpx:TrackPointExtension>
<gpxtpx:speed>7.46</gpxtpx:speed>
</gpxtpx:TrackPointExtension>
<opentracks:accuracy_horizontal>0.51</opentracks:accuracy_horizontal></extensions>
</trkpt>
<trkpt lat="50.460772" lon="-104.532104">
<ele>559</ele>
<time>2026-09-29T19:14:54.067-06:00</time>
<extensions>
<gpxtpx:TrackPointExtension>
<gpxtpx:speed>7.52</gpxtpx:speed>
</gpxtpx:TrackPointExtension>
<opentracks:accuracy_horizontal>1.02</opentracks:accuracy_horizontal></extensions>
</trkpt>
<trkpt lat="50.460766" lon="-104.531894">
<ele>559</ele>
<time>2026-09-29T19:14:56.07-06:00</time>
<extensions>
<gpxtpx:TrackPointExtension>
<gpxtpx:speed>7.06</gpxtpx:speed>
</gpxtpx:TrackPointExtension>
<opentracks:accuracy_horizontal>1.02</opentracks:accuracy_horizontal></extensions>
</trkpt>
<trkpt lat="50.460764" lon="-104.531685">
<ele>559</ele>
<time>2026-09-29T19:14:58.062-06:00</time>
<extensions>
<gpxtpx:TrackPointExtension>
<gpxtpx:speed>7.32</gpxtpx:speed>
</gpxtpx:TrackPointExtension>
<opentracks:accuracy_horizontal>1.02</opentracks:accuracy_horizontal></extensions>
</trkpt>
<trkpt lat="50.460745" lon="-104.531449">
<ele>561</ele>
<time>2026-09-29T19:15:00.08-06:00</time>
<extensions>
<gpxtpx:TrackPointExtension>
<gpxtpx:speed>7.64</gpxtpx:speed>
</gpxtpx:TrackPointExtension>
<opentracks:accuracy_horizontal>1.02</opentracks:accuracy_horizontal></extensions>
</trkpt>
<trkpt lat="50.460745" lon="-104.531234">
<ele>561</ele>
<time>2026-09-29T19:15:02.073-06:00</time>
<extensions>
<gpxtpx:TrackPointExtension>
<gpxtpx:speed>7.95</gpxtpx:speed>
</gpxtpx:TrackPointExtension>
<opentracks:accuracy_horizontal>1.02</opentracks:accuracy_horizontal></extensions>
</trkpt>
<trkpt lat="50.460749" lon="-104.531013">
<ele>561</ele>
<time>2026-09-29T19:15:04.083-06:00</time>
<extensions>
<gpxtpx:TrackPointExtension>
<gpxtpx:speed>8.25</gpxtpx:speed>
</gpxtpx:TrackPointExtension>
<opentracks:accuracy_horizontal>1.02</opentracks:accuracy_horizontal></extensions>
</trkpt>
<trkpt lat="50.460749" lon="-104.530781">
<ele>560</ele>
<time>2026-09-29T19:15:06.06-06:00</time>
<extensions>
<gpxtpx:TrackPointExtension>
<gpxtpx:speed>7.53</gpxtpx:speed>
</gpxtpx:TrackPointExtension>
<opentracks:accuracy_horizontal>1.02</opentracks:accuracy_horizontal></extensions>
</trkpt>
<trkpt lat="50.460745" lon="-104.530546">
<ele>559</ele>
<time>2026-09-29T19:15:08.065-06:00</time>
<extensions>
<gpxtpx:TrackPointExtension>
<gpxtpx:speed>7.62</gpxtpx:speed>
</gpxtpx:TrackPointExtension>
<opentracks:accuracy_horizontal>1.02</opentracks:accuracy_horizontal></extensions>
</trkpt>
<trkpt lat="50.460747" lon="-104.530306">
<ele>559</ele>
<time>2026-09-29T19:15:10.063-06:00</time>
<extensions>
<gpxtpx:TrackPointExtension>
<gpxtpx:speed>8.21</gpxtpx:speed>
</gpxtpx:TrackPointExtension>
<opentracks:accuracy_horizontal>1.02</opentracks:accuracy_horizontal></extensions>
</trkpt>
<trkpt lat="50.460741" lon="-104.530065">
<ele>558</ele>
<time>2026-09-29T19:15:12.069-06:00</time>
<extensions>
<gpxtpx:TrackPointExtension>
<gpxtpx:speed>8.14</gpxtpx:speed>
</gpxtpx:TrackPointExtension>
<opentracks:accuracy_horizontal>1.02</opentracks:accuracy_horizontal></extensions>
</trkpt>
<trkpt lat="50.460743" lon="-104.529846">
<ele>558</ele>
<time>2026-09-29T19:15:14.07-06:00</time>
<extensions>
<gpxtpx:TrackPointExtension>
<gpxtpx:speed>7.2</gpxtpx:speed>
</gpxtpx:TrackPointExtension>
<opentracks:accuracy_horizontal>0.51</opentracks:accuracy_horizontal></extensions>
</trkpt>
<trkpt lat="50.460744" lon="-104.529654">
<ele>557</ele>
<time>2026-09-29T19:15:16.072-06:00</time>
<extensions>
<gpxtpx:TrackPointExtension>
<gpxtpx:speed>6.85</gpxtpx:speed>
</gpxtpx:TrackPointExtension>
<opentracks:accuracy_horizontal>0.51</opentracks:accuracy_horizontal></extensions>
</trkpt>
<trkpt lat="50.460743" lon="-104.529464">
<ele>557</ele>
<time>2026-09-29T19:15:18.062-06:00</time>
<extensions>
<gpxtpx:TrackPointExtension>
<gpxtpx:speed>7.04</gpxtpx:speed>
</gpxtpx:TrackPointExtension>
<opentracks:accuracy_horizontal>5.102</opentracks:accuracy_horizontal></extensions>
</trkpt>
<trkpt lat="50.46075" lon="-104.529276">
<ele>557</ele>
<time>2026-09-29T19:15:20.067-06:00</time>
<extensions>
<gpxtpx:TrackPointExtension>
<gpxtpx:speed>6.96</gpxtpx:speed>
</gpxtpx:TrackPointExtension>
<opentracks:accuracy_horizontal>6.122</opentracks:accuracy_horizontal></extensions>
</trkpt>
<trkpt lat="50.460753" lon="-104.529102">
<ele>557</ele>
<time>2026-09-29T19:15:22.075-06:00</time>
<extensions>
<gpxtpx:TrackPointExtension>
<gpxtpx:speed>6.34</gpxtpx:speed>
</gpxtpx:TrackPointExtension>
<opentracks:accuracy_horizontal>1.02</opentracks:accuracy_horizontal></extensions>
</trkpt>
<trkpt lat="50.460756" lon="-104.528931">
<ele>557</ele>
<time>2026-09-29T19:15:24.07-06:00</time>
<extensions>
<gpxtpx:TrackPointExtension>
<gpxtpx:speed>5.64</gpxtpx:speed>
</gpxtpx:TrackPointExtension>
<opentracks:accuracy_horizontal>1.02</opentracks:accuracy_horizontal></extensions>
</trkpt>
<trkpt lat="50.460751" lon="-104.528777">
<ele>557</ele>
<time>2026-09-29T19:15:26.07-06:00</time>
<extensions>
<gpxtpx:TrackPointExtension>
<gpxtpx:speed>5.68</gpxtpx:speed>
</gpxtpx:TrackPointExtension>
<opentracks:accuracy_horizontal>5.612</opentracks:accuracy_horizontal></extensions>
</trkpt>
<trkpt lat="50.460763" lon="-104.52862">
<ele>557</ele>
<time>2026-09-29T19:15:28.061-06:00</time>
<extensions>
<gpxtpx:TrackPointExtension>
<gpxtpx:speed>5.69</gpxtpx:speed>
</gpxtpx:TrackPointExtension>
<opentracks:accuracy_horizontal>7.143</opentracks:accuracy_horizontal></extensions>
</trkpt>
<trkpt lat="50.460762" lon="-104.528454">
<ele>557</ele>
<time>2026-09-29T19:15:30.057-06:00</time>
<extensions>
<gpxtpx:TrackPointExtension>
<gpxtpx:speed>5.79</gpxtpx:speed>
</gpxtpx:TrackPointExtension>
<opentracks:accuracy_horizontal>7.143</opentracks:accuracy_horizontal></extensions>
</trkpt>
<trkpt lat="50.460751" lon="-104.528304">
<ele>557</ele>
<time>2026-09-29T19:15:32.063-06:00</time>
<extensions>
<gpxtpx:TrackPointExtension>
<gpxtpx:speed>5.53</gpxtpx:speed>
</gpxtpx:TrackPointExtension>
<opentracks:accuracy_horizontal>1.02</opentracks:accuracy_horizontal></extensions>
</trkpt>
<trkpt lat="50.460746" lon="-104.528138">
<ele>557</ele>
<time>2026-09-29T19:15:34.073-06:00</time>
<extensions>
<gpxtpx:TrackPointExtension>
<gpxtpx:speed>5.52</gpxtpx:speed>
</gpxtpx:TrackPointExtension>
<opentracks:accuracy_horizontal>1.02</opentracks:accuracy_horizontal></extensions>
</trkpt>
<trkpt lat="50.460748" lon="-104.527979">
<ele>558</ele>
<time>2026-09-29T19:15:36.067-06:00</time>
<extensions>
<gpxtpx:TrackPointExtension>
<gpxtpx:speed>5.72</gpxtpx:speed>
</gpxtpx:TrackPointExtension>
<opentracks:accuracy_horizontal>1.02</opentracks:accuracy_horizontal></extensions>
</trkpt>
<trkpt lat="50.460747" lon="-104.527821">
<ele>559</ele>
<time>2026-09-29T19:15:38.082-06:00</time>
<extensions>
<gpxtpx:TrackPointExtension>
<gpxtpx:speed>5.54</gpxtpx:speed>
</gpxtpx:TrackPointExtension>
<opentracks:accuracy_horizontal>1.02</opentracks:accuracy_horizontal></extensions>
</trkpt>
<trkpt lat="50.460737" lon="-104.527674">
<ele>559</ele>
<time>2026-09-29T19:15:40.078-06:00</time>
<extensions>
<gpxtpx:TrackPointExtension>
<gpxtpx:speed>5.37</gpxtpx:speed>
</gpxtpx:TrackPointExtension>
<opentracks:accuracy_horizontal>1.02</opentracks:accuracy_horizontal></extensions>
</trkpt>
<trkpt lat="50.460728" lon="-104.527532">
<ele>559</ele>
<time>2026-09-29T19:15:42.065-06:00</time>
<extensions>
<gpxtpx:TrackPointExtension>
<gpxtpx:speed>5.38</gpxtpx:speed>
</gpxtpx:TrackPointExtension>
<opentracks:accuracy_horizontal>1.02</opentracks:accuracy_horizontal></extensions>
</trkpt>
<trkpt lat="50.460719" lon="-104.527388">
<ele>559</ele>
<time>2026-09-29T19:15:44.067-06:00</time>
<extensions>
<gpxtpx:TrackPointExtension>
<gpxtpx:speed>4.93</gpxtpx:speed>
</gpxtpx:TrackPointExtension>
<opentracks:accuracy_horizontal>1.02</opentracks:accuracy_horizontal></extensions>
</trkpt>
<trkpt lat="50.46072" lon="-104.527194">
<ele>559</ele>
<time>2026-09-29T19:15:47.063-06:00</time>
<extensions>
<gpxtpx:TrackPointExtension>
<gpxtpx:speed>4.23</gpxtpx:speed>
</gpxtpx:TrackPointExtension>
<opentracks:accuracy_horizontal>4.592</opentracks:accuracy_horizontal></extensions>
</trkpt>
<trkpt lat="50.460715" lon="-104.527027">
<ele>559</ele>
<time>2026-09-29T19:15:50.063-06:00</time>
<extensions>
<gpxtpx:TrackPointExtension>
<gpxtpx:speed>3.91</gpxtpx:speed>
</gpxtpx:TrackPointExtension>
<opentracks:accuracy_horizontal>4.592</opentracks:accuracy_horizontal></extensions>
</trkpt>
<trkpt lat="50.460806" lon="-104.527093">
<ele>561</ele>
<time>2026-09-29T19:15:55.083-06:00</time>
<extensions>
<gpxtpx:TrackPointExtension>
<gpxtpx:speed>2.79</gpxtpx:speed>
</gpxtpx:TrackPointExtension>
<opentracks:accuracy_horizontal>7.143</opentracks:accuracy_horizontal></extensions>
</trkpt>
<trkpt lat="50.460813" lon="-104.527286">
<ele>562</ele>
<time>2026-09-29T19:15:59.067-06:00</time>
<extensions>
<gpxtpx:TrackPointExtension>
<gpxtpx:speed>5.01</gpxtpx:speed>
</gpxtpx:TrackPointExtension>
<opentracks:accuracy_horizontal>5.612</opentracks:accuracy_horizontal></extensions>
</trkpt>
<trkpt lat="50.460796" lon="-104.527471">
<ele>562</ele>
<time>2026-09-29T19:16:01.068-06:00</time>
<extensions>
<gpxtpx:TrackPointExtension>
<gpxtpx:speed>5.89</gpxtpx:speed>
</gpxtpx:TrackPointExtension>
<opentracks:accuracy_horizontal>4.082</opentracks:accuracy_horizontal></extensions>
</trkpt>
<trkpt lat="50.460798" lon="-104.527658">
<ele>564</ele>
<time>2026-09-29T19:16:03.065-06:00</time>
<extensions>
<gpxtpx:TrackPointExtension>
<gpxtpx:speed>6.32</gpxtpx:speed>
</gpxtpx:TrackPointExtension>
<opentracks:accuracy_horizontal>3.571</opentracks:accuracy_horizontal></extensions>
</trkpt>
<trkpt lat="50.460808" lon="-104.527864">
<ele>563</ele>
<time>2026-09-29T19:16:05.063-06:00</time>
<extensions>
<gpxtpx:TrackPointExtension>
<gpxtpx:speed>7.13</gpxtpx:speed>
</gpxtpx:TrackPointExtension>
<opentracks:accuracy_horizontal>0.51</opentracks:accuracy_horizontal></extensions>
</trkpt>
<trkpt lat="50.460816" lon="-104.528068">
<ele>563</ele>
<time>2026-09-29T19:16:07.071-06:00</time>
<extensions>
<gpxtpx:TrackPointExtension>
<gpxtpx:speed>7.21</gpxtpx:speed>
</gpxtpx:TrackPointExtension>
<opentracks:accuracy_horizontal>1.02</opentracks:accuracy_horizontal></extensions>
</trkpt>
<trkpt lat="50.460815" lon="-104.528259">
<ele>562</ele>
<time>2026-09-29T19:16:09.071-06:00</time>
<extensions>
<gpxtpx:TrackPointExtension>
<gpxtpx:speed>6.31</gpxtpx:speed>
</gpxtpx:TrackPointExtension>
<opentracks:accuracy_horizontal>1.02</opentracks:accuracy_horizontal></extensions>
</trkpt>
<trkpt lat="50.460805" lon="-104.528445">
<ele>562</ele>
<time>2026-09-29T19:16:11.068-06:00</time>
<extensions>
<gpxtpx:TrackPointExtension>
<gpxtpx:speed>6.44</gpxtpx:speed>
</gpxtpx:TrackPointExtension>
<opentracks:accuracy_horizontal>1.02</opentracks:accuracy_horizontal></extensions>
</trkpt>
<trkpt lat="50.460812" lon="-104.528618">
<ele>562</ele>
<time>2026-09-29T19:16:13.066-06:00</time>
<extensions>
<gpxtpx:TrackPointExtension>
<gpxtpx:speed>6.17</gpxtpx:speed>
</gpxtpx:TrackPointExtension>
<opentracks:accuracy_horizontal>0.51</opentracks:accuracy_horizontal></extensions>
</trkpt>
<trkpt lat="50.460818" lon="-104.528794">
<ele>563</ele>
<time>2026-09-29T19:16:15.058-06:00</time>
<extensions>
<gpxtpx:TrackPointExtension>
<gpxtpx:speed>5.87</gpxtpx:speed>
</gpxtpx:TrackPointExtension>
<opentracks:accuracy_horizontal>1.02</opentracks:accuracy_horizontal></extensions>
</trkpt>
<trkpt lat="50.460818" lon="-104.528969">
<ele>562</ele>
<time>2026-09-29T19:16:17.066-06:00</time>
<extensions>
<gpxtpx:TrackPointExtension>
<gpxtpx:speed>6.23</gpxtpx:speed>
</gpxtpx:TrackPointExtension>
<opentracks:accuracy_horizontal>1.02</opentracks:accuracy_horizontal></extensions>
</trkpt>
<trkpt lat="50.460816" lon="-104.529151">
<ele>561</ele>
<time>2026-09-29T19:16:19.065-06:00</time>
<extensions>
<gpxtpx:TrackPointExtension>
<gpxtpx:speed>6.48</gpxtpx:speed>
</gpxtpx:TrackPointExtension>
<opentracks:accuracy_horizontal>1.02</opentracks:accuracy_horizontal></extensions>
</trkpt>
<trkpt lat="50.460818" lon="-104.529349">
<ele>561</ele>
<time>2026-09-29T19:16:21.069-06:00</time>
<extensions>
<gpxtpx:TrackPointExtension>
<gpxtpx:speed>6.73</gpxtpx:speed>
</gpxtpx:TrackPointExtension>
<opentracks:accuracy_horizontal>1.02</opentracks:accuracy_horizontal></extensions>
</trkpt>
<trkpt lat="50.460812" lon="-104.529547">
<ele>560</ele>
<time>2026-09-29T19:16:23.062-06:00</time>
<extensions>
<gpxtpx:TrackPointExtension>
<gpxtpx:speed>6.44</gpxtpx:speed>
</gpxtpx:TrackPointExtension>
<opentracks:accuracy_horizontal>1.02</opentracks:accuracy_horizontal></extensions>
</trkpt>
<trkpt lat="50.460815" lon="-104.52971">
<ele>560</ele>
<time>2026-09-29T19:16:25.067-06:00</time>
<extensions>
<gpxtpx:TrackPointExtension>
<gpxtpx:speed>6.23</gpxtpx:speed>
</gpxtpx:TrackPointExtension>
<opentracks:accuracy_horizontal>1.02</opentracks:accuracy_horizontal></extensions>
</trkpt>
<trkpt lat="50.460808" lon="-104.529904">
<ele>560</ele>
<time>2026-09-29T19:16:27.071-06:00</time>
<extensions>
<gpxtpx:TrackPointExtension>
<gpxtpx:speed>6.56</gpxtpx:speed>
</gpxtpx:TrackPointExtension>
<opentracks:accuracy_horizontal>0.51</opentracks:accuracy_horizontal></extensions>
</trkpt>
<trkpt lat="50.460794" lon="-104.530097">
<ele>560</ele>
<time>2026-09-29T19:16:29.06-06:00</time>
<extensions>
<gpxtpx:TrackPointExtension>
<gpxtpx:speed>6.88</gpxtpx:speed>
</gpxtpx:TrackPointExtension>
<opentracks:accuracy_horizontal>1.02</opentracks:accuracy_horizontal></extensions>
</trkpt>
<trkpt lat="50.460798" lon="-104.530292">
<ele>560</ele>
<time>2026-09-29T19:16:31.062-06:00</time>
<extensions>
<gpxtpx:TrackPointExtension>
<gpxtpx:speed>6.56</gpxtpx:speed>
</gpxtpx:TrackPointExtension>
<opentracks:accuracy_horizontal>1.02</opentracks:accuracy_horizontal></extensions>
</trkpt>
<trkpt lat="50.460844" lon="-104.530463">
<ele>560</ele>
<time>2026-09-29T19:16:33.061-06:00</time>
<extensions>
<gpxtpx:TrackPointExtension>
<gpxtpx:speed>6.11</gpxtpx:speed>
</gpxtpx:TrackPointExtension>
<opentracks:accuracy_horizontal>1.02</opentracks:accuracy_horizontal></extensions>
</trkpt>
<trkpt lat="50.460927" lon="-104.530565">
<ele>560</ele>
<time>2026-09-29T19:16:35.074-06:00</time>
<extensions>
<gpxtpx:TrackPointExtension>
<gpxtpx:speed>5.89</gpxtpx:speed>
</gpxtpx:TrackPointExtension>
<opentracks:accuracy_horizontal>5.102</opentracks:accuracy_horizontal></extensions>
</trkpt>
<trkpt lat="50.461032" lon="-104.530552">
<ele>559</ele>
<time>2026-09-29T19:16:37.073-06:00</time>
<extensions>
<gpxtpx:TrackPointExtension>
<gpxtpx:speed>5.84</gpxtpx:speed>
</gpxtpx:TrackPointExtension>
<opentracks:accuracy_horizontal>6.122</opentracks:accuracy_horizontal></extensions>
</trkpt>
<trkpt lat="50.461144" lon="-104.530532">
<ele>559</ele>
<time>2026-09-29T19:16:39.062-06:00</time>
<extensions>
<gpxtpx:TrackPointExtension>
<gpxtpx:speed>6.19</gpxtpx:speed>
</gpxtpx:TrackPointExtension>
<opentracks:accuracy_horizontal>5.102</opentracks:accuracy_horizontal></extensions>
</trkpt>
<trkpt lat="50.46126" lon="-104.530519">
<ele>559</ele>
<time>2026-09-29T19:16:41.057-06:00</time>
<extensions>
<gpxtpx:TrackPointExtension>
<gpxtpx:speed>7.06</gpxtpx:speed>
</gpxtpx:TrackPointExtension>
<opentracks:accuracy_horizontal>4.082</opentracks:accuracy_horizontal></extensions>
</trkpt>
<trkpt lat="50.461391" lon="-104.530522">
<ele>560</ele>
<time>2026-09-29T19:16:43.063-06:00</time>
<extensions>
<gpxtpx:TrackPointExtension>
<gpxtpx:speed>7.08</gpxtpx:speed>
</gpxtpx:TrackPointExtension>
<opentracks:accuracy_horizontal>1.02</opentracks:accuracy_horizontal></extensions>
</trkpt>
<trkpt lat="50.461515" lon="-104.530537">
<ele>560</ele>
<time>2026-09-29T19:16:45.083-06:00</time>
<extensions>
<gpxtpx:TrackPointExtension>
<gpxtpx:speed>6.93</gpxtpx:speed>
</gpxtpx:TrackPointExtension>
<opentracks:accuracy_horizontal>1.02</opentracks:accuracy_horizontal></extensions>
</trkpt>
<trkpt lat="50.461649" lon="-104.530538">
<ele>562</ele>
<time>2026-09-29T19:16:47.056-06:00</time>
<extensions>
<gpxtpx:TrackPointExtension>
<gpxtpx:speed>7</gpxtpx:speed>
</gpxtpx:TrackPointExtension>
<opentracks:accuracy_horizontal>1.02</opentracks:accuracy_horizontal></extensions>
</trkpt>
<trkpt lat="50.461788" lon="-104.530552">
<ele>561</ele>
<time>2026-09-29T19:16:49.08-06:00</time>
<extensions>
<gpxtpx:TrackPointExtension>
<gpxtpx:speed>8.14</gpxtpx:speed>
</gpxtpx:TrackPointExtension>
<opentracks:accuracy_horizontal>1.02</opentracks:accuracy_horizontal></extensions>
</trkpt>
<trkpt lat="50.461906" lon="-104.530542">
<ele>561</ele>
<time>2026-09-29T19:16:51.057-06:00</time>
<extensions>
<gpxtpx:TrackPointExtension>
<gpxtpx:speed>6.6</gpxtpx:speed>
</gpxtpx:TrackPointExtension>
<opentracks:accuracy_horizontal>1.02</opentracks:accuracy_horizontal></extensions>
</trkpt>
<trkpt lat="50.462017" lon="-104.530576">
<ele>561</ele>
<time>2026-09-29T19:16:53.066-06:00</time>
<extensions>
<gpxtpx:TrackPointExtension>
<gpxtpx:speed>6.76</gpxtpx:speed>
</gpxtpx:TrackPointExtension>
<opentracks:accuracy_horizontal>0.51</opentracks:accuracy_horizontal></extensions>
</trkpt>
<trkpt lat="50.462144" lon="-104.530612">
<ele>561</ele>
<time>2026-09-29T19:16:55.058-06:00</time>
<extensions>
<gpxtpx:TrackPointExtension>
<gpxtpx:speed>7.67</gpxtpx:speed>
</gpxtpx:TrackPointExtension>
<opentracks:accuracy_horizontal>1.02</opentracks:accuracy_horizontal></extensions>
</trkpt>
<trkpt lat="50.462278" lon="-104.53065">
<ele>562</ele>
<time>2026-09-29T19:16:57.062-06:00</time>
<extensions>
<gpxtpx:TrackPointExtension>
<gpxtpx:speed>7.6</gpxtpx:speed>
</gpxtpx:TrackPointExtension>
<opentracks:accuracy_horizontal>1.02</opentracks:accuracy_horizontal></extensions>
</trkpt>
<trkpt lat="50.462413" lon="-104.5307">
<ele>561</ele>
<time>2026-09-29T19:16:59.064-06:00</time>
<extensions>
<gpxtpx:TrackPointExtension>
<gpxtpx:speed>7.95</gpxtpx:speed>
</gpxtpx:TrackPointExtension>
<opentracks:accuracy_horizontal>0.51</opentracks:accuracy_horizontal></extensions>
</trkpt>
<trkpt lat="50.462549" lon="-104.530752">
<ele>562</ele>
<time>2026-09-29T19:17:01.074-06:00</time>
<extensions>
<gpxtpx:TrackPointExtension>
<gpxtpx:speed>7.9</gpxtpx:speed>
</gpxtpx:TrackPointExtension>
<opentracks:accuracy_horizontal>1.02</opentracks:accuracy_horizontal></extensions>
</trkpt>
<trkpt lat="50.462685" lon="-104.53079">
<ele>561</ele>
<time>2026-09-29T19:17:03.062-06:00</time>
<extensions>
<gpxtpx:TrackPointExtension>
<gpxtpx:speed>7.88</gpxtpx:speed>
</gpxtpx:TrackPointExtension>
<opentracks:accuracy_horizontal>0.51</opentracks:accuracy_horizontal></extensions>
</trkpt>
<trkpt lat="50.462833" lon="-104.530811">
<ele>561</ele>
<time>2026-09-29T19:17:05.066-06:00</time>
<extensions>
<gpxtpx:TrackPointExtension>
<gpxtpx:speed>7.87</gpxtpx:speed>
</gpxtpx:TrackPointExtension>
<opentracks:accuracy_horizontal>1.02</opentracks:accuracy_horizontal></extensions>
</trkpt>
<trkpt lat="50.462959" lon="-104.530828">
<ele>561</ele>
<time>2026-09-29T19:17:07.068-06:00</time>
<extensions>
<gpxtpx:TrackPointExtension>
<gpxtpx:speed>7.35</gpxtpx:speed>
</gpxtpx:TrackPointExtension>
<opentracks:accuracy_horizontal>1.02</opentracks:accuracy_horizontal></extensions>
</trkpt>
<trkpt lat="50.463083" lon="-104.53085">
<ele>561</ele>
<time>2026-09-29T19:17:09.07-06:00</time>
<extensions>
<gpxtpx:TrackPointExtension>
<gpxtpx:speed>6.59</gpxtpx:speed>
</gpxtpx:TrackPointExtension>
<opentracks:accuracy_horizontal>1.02</opentracks:accuracy_horizontal></extensions>
</trkpt>
<trkpt lat="50.463192" lon="-104.530842">
<ele>561</ele>
<time>2026-09-29T19:17:11.073-06:00</time>
<extensions>
<gpxtpx:TrackPointExtension>
<gpxtpx:speed>5.79</gpxtpx:speed>
</gpxtpx:TrackPointExtension>
<opentracks:accuracy_horizontal>0.51</opentracks:accuracy_horizontal></extensions>
</trkpt>
<trkpt lat="50.463289" lon="-104.53083">
<ele>562</ele>
<time>2026-09-29T19:17:13.068-06:00</time>
<extensions>
<gpxtpx:TrackPointExtension>
<gpxtpx:speed>5.38</gpxtpx:speed>
</gpxtpx:TrackPointExtension>
<opentracks:accuracy_horizontal>3.571</opentracks:accuracy_horizontal></extensions>
</trkpt>
<trkpt lat="50.463386" lon="-104.530825">
<ele>562</ele>
<time>2026-09-29T19:17:15.066-06:00</time>
<extensions>
<gpxtpx:TrackPointExtension>
<gpxtpx:speed>5.23</gpxtpx:speed>
</gpxtpx:TrackPointExtension>
<opentracks:accuracy_horizontal>4.082</opentracks:accuracy_horizontal></extensions>
</trkpt>
<trkpt lat="50.463492" lon="-104.530832">
<ele>561</ele>
<time>2026-09-29T19:17:17.064-06:00</time>
<extensions>
<gpxtpx:TrackPointExtension>
<gpxtpx:speed>5.63</gpxtpx:speed>
</gpxtpx:TrackPointExtension>
<opentracks:accuracy_horizontal>5.102</opentracks:accuracy_horizontal></extensions>
</trkpt>
<trkpt lat="50.463593" lon="-104.530825">
<ele>561</ele>
<time>2026-09-29T19:17:19.065-06:00</time>
<extensions>
<gpxtpx:TrackPointExtension>
<gpxtpx:speed>5.74</gpxtpx:speed>
</gpxtpx:TrackPointExtension>
<opentracks:accuracy_horizontal>4.592</opentracks:accuracy_horizontal></extensions>
</trkpt>
<trkpt lat="50.463691" lon="-104.530832">
<ele>561</ele>
<time>2026-09-29T19:17:21.073-06:00</time>
<extensions>
<gpxtpx:TrackPointExtension>
<gpxtpx:speed>5.48</gpxtpx:speed>
</gpxtpx:TrackPointExtension>
<opentracks:accuracy_horizontal>1.02</opentracks:accuracy_horizontal></extensions>
</trkpt>
<trkpt lat="50.463783" lon="-104.530836">
<ele>561</ele>
<time>2026-09-29T19:17:23.063-06:00</time>
<extensions>
<gpxtpx:TrackPointExtension>
<gpxtpx:speed>5.25</gpxtpx:speed>
</gpxtpx:TrackPointExtension>
<opentracks:accuracy_horizontal>0.51</opentracks:accuracy_horizontal></extensions>
</trkpt>
<trkpt lat="50.463876" lon="-104.530821">
<ele>562</ele>
<time>2026-09-29T19:17:25.068-06:00</time>
<extensions>
<gpxtpx:TrackPointExtension>
<gpxtpx:speed>5.15</gpxtpx:speed>
</gpxtpx:TrackPointExtension>
<opentracks:accuracy_horizontal>1.02</opentracks:accuracy_horizontal></extensions>
</trkpt>
<trkpt lat="50.463973" lon="-104.530825">
<ele>562</ele>
<time>2026-09-29T19:17:27.06-06:00</time>
<extensions>
<gpxtpx:TrackPointExtension>
<gpxtpx:speed>5.3</gpxtpx:speed>
</gpxtpx:TrackPointExtension>
<opentracks:accuracy_horizontal>0.51</opentracks:accuracy_horizontal></extensions>
</trkpt>
<trkpt lat="50.46407" lon="-104.53085">
<ele>562</ele>
<time>2026-09-29T19:17:29.069-06:00</time>
<extensions>
<gpxtpx:TrackPointExtension>
<gpxtpx:speed>4.95</gpxtpx:speed>
</gpxtpx:TrackPointExtension>
<opentracks:accuracy_horizontal>1.02</opentracks:accuracy_horizontal></extensions>
</trkpt>
<trkpt lat="50.464201" lon="-104.530864">
<ele>563</ele>
<time>2026-09-29T19:17:32.065-06:00</time>
<extensions>
<gpxtpx:TrackPointExtension>
<gpxtpx:speed>5.02</gpxtpx:speed>
</gpxtpx:TrackPointExtension>
<opentracks:accuracy_horizontal>1.02</opentracks:accuracy_horizontal></extensions>
</trkpt>
<trkpt lat="50.464321" lon="-104.530841">
<ele>563</ele>
<time>2026-09-29T19:17:35.079-06:00</time>
<extensions>
<gpxtpx:TrackPointExtension>
<gpxtpx:speed>4.79</gpxtpx:speed>
</gpxtpx:TrackPointExtension>
<opentracks:accuracy_horizontal>1.02</opentracks:accuracy_horizontal></extensions>
</trkpt>
<trkpt lat="50.464438" lon="-104.530854">
<ele>562</ele>
<time>2026-09-29T19:17:38.063-06:00</time>
<extensions>
<gpxtpx:TrackPointExtension>
<gpxtpx:speed>4.14</gpxtpx:speed>
</gpxtpx:TrackPointExtension>
<opentracks:accuracy_horizontal>1.02</opentracks:accuracy_horizontal></extensions>
</trkpt>
<trkpt lat="50.464512" lon="-104.530983">
<ele>562</ele>
<time>2026-09-29T19:17:41.091-06:00</time>
<extensions>
<gpxtpx:TrackPointExtension>
<gpxtpx:speed>4.1</gpxtpx:speed>
</gpxtpx:TrackPointExtension>
<opentracks:accuracy_horizontal>4.082</opentracks:accuracy_horizontal></extensions>
</trkpt>
<trkpt lat="50.46457" lon="-104.531165">
<ele>563</ele>
<time>2026-09-29T19:17:44.07-06:00</time>
<extensions>
<gpxtpx:TrackPointExtension>
<gpxtpx:speed>5.28</gpxtpx:speed>
</gpxtpx:TrackPointExtension>
<opentracks:accuracy_horizontal>3.571</opentracks:accuracy_horizontal></extensions>
</trkpt>
<trkpt lat="50.464592" lon="-104.531336">
<ele>563</ele>
<time>2026-09-29T19:17:46.071-06:00</time>
<extensions>
<gpxtpx:TrackPointExtension>
<gpxtpx:speed>6.33</gpxtpx:speed>
</gpxtpx:TrackPointExtension>
<opentracks:accuracy_horizontal>1.02</opentracks:accuracy_horizontal></extensions>
</trkpt>
<trkpt lat="50.464603" lon="-104.531526">
<ele>563</ele>
<time>2026-09-29T19:17:48.074-06:00</time>
<extensions>
<gpxtpx:TrackPointExtension>
<gpxtpx:speed>6.96</gpxtpx:speed>
</gpxtpx:TrackPointExtension>
<opentracks:accuracy_horizontal>1.02</opentracks:accuracy_horizontal></extensions>
</trkpt>
<trkpt lat="50.464593" lon="-104.53173">
<ele>562</ele>
<time>2026-09-29T19:17:50.079-06:00</time>
<extensions>
<gpxtpx:TrackPointExtension>
<gpxtpx:speed>7.55</gpxtpx:speed>
</gpxtpx:TrackPointExtension>
<opentracks:accuracy_horizontal>1.02</opentracks:accuracy_horizontal></extensions>
</trkpt>
<trkpt lat="50.464591" lon="-104.531953">
<ele>562</ele>
<time>2026-09-29T19:17:52.076-06:00</time>
<extensions>
<gpxtpx:TrackPointExtension>
<gpxtpx:speed>7.85</gpxtpx:speed>
</gpxtpx:TrackPointExtension>
<opentracks:accuracy_horizontal>1.02</opentracks:accuracy_horizontal></extensions>
</trkpt>
<trkpt lat="50.464597" lon="-104.532169">
<ele>563</ele>
<time>2026-09-29T19:17:54.079-06:00</time>
<extensions>
<gpxtpx:TrackPointExtension>
<gpxtpx:speed>7.25</gpxtpx:speed>
</gpxtpx:TrackPointExtension>
<opentracks:accuracy_horizontal>0.51</opentracks:accuracy_horizontal></extensions>
</trkpt>
<trkpt lat="50.464597" lon="-104.532355">
<ele>563</ele>
<time>2026-09-29T19:17:56.068-06:00</time>
<extensions>
<gpxtpx:TrackPointExtension>
<gpxtpx:speed>6.77</gpxtpx:speed>
</gpxtpx:TrackPointExtension>
<opentracks:accuracy_horizontal>1.02</opentracks:accuracy_horizontal></extensions>
</trkpt>
<trkpt lat="50.464612" lon="-104.532549">
<ele>563</ele>
<time>2026-09-29T19:17:58.066-06:00</time>
<extensions>
<gpxtpx:TrackPointExtension>
<gpxtpx:speed>6.84</gpxtpx:speed>
</gpxtpx:TrackPointExtension>
<opentracks:accuracy_horizontal>0.51</opentracks:accuracy_horizontal></extensions>
</trkpt>
<trkpt lat="50.46462" lon="-104.532749">
<ele>563</ele>
<time>2026-09-29T19:18:00.065-06:00</time>
<extensions>
<gpxtpx:TrackPointExtension>
<gpxtpx:speed>7.08</gpxtpx:speed>
</gpxtpx:TrackPointExtension>
<opentracks:accuracy_horizontal>1.02</opentracks:accuracy_horizontal></extensions>
</trkpt>
<trkpt lat="50.464631" lon="-104.53295">
<ele>563</ele>
<time>2026-09-29T19:18:02.07-06:00</time>
<extensions>
<gpxtpx:TrackPointExtension>
<gpxtpx:speed>7.1</gpxtpx:speed>
</gpxtpx:TrackPointExtension>
<opentracks:accuracy_horizontal>1.02</opentracks:accuracy_horizontal></extensions>
</trkpt>
<trkpt lat="50.464624" lon="-104.533158">
<ele>563</ele>
<time>2026-09-29T19:18:04.073-06:00</time>
<extensions>
<gpxtpx:TrackPointExtension>
<gpxtpx:speed>7.37</gpxtpx:speed>
</gpxtpx:TrackPointExtension>
<opentracks:accuracy_horizontal>1.02</opentracks:accuracy_horizontal></extensions>
</trkpt>
<trkpt lat="50.464607" lon="-104.533362">
<ele>562</ele>
<time>2026-09-29T19:18:06.079-06:00</time>
<extensions>
<gpxtpx:TrackPointExtension>
<gpxtpx:speed>7.01</gpxtpx:speed>
</gpxtpx:TrackPointExtension>
<opentracks:accuracy_horizontal>1.02</opentracks:accuracy_horizontal></extensions>
</trkpt>
<trkpt lat="50.464609" lon="-104.533549">
<ele>562</ele>
<time>2026-09-29T19:18:08.062-06:00</time>
<extensions>
<gpxtpx:TrackPointExtension>
<gpxtpx:speed>6.68</gpxtpx:speed>
</gpxtpx:TrackPointExtension>
<opentracks:accuracy_horizontal>1.02</opentracks:accuracy_horizontal></extensions>
</trkpt>
<trkpt lat="50.464598" lon="-104.53373">
<ele>562</ele>
<time>2026-09-29T19:18:10.063-06:00</time>
<extensions>
<gpxtpx:TrackPointExtension>
<gpxtpx:speed>6.37</gpxtpx:speed>
</gpxtpx:TrackPointExtension>
<opentracks:accuracy_horizontal>1.02</opentracks:accuracy_horizontal></extensions>
</trkpt>
<trkpt lat="50.464601" lon="-104.533898">
<ele>563</ele>
<time>2026-09-29T19:18:12.066-06:00</time>
<extensions>
<gpxtpx:TrackPointExtension>
<gpxtpx:speed>5.89</gpxtpx:speed>
</gpxtpx:TrackPointExtension>
<opentracks:accuracy_horizontal>0.51</opentracks:accuracy_horizontal></extensions>
</trkpt>
<trkpt lat="50.464592" lon="-104.534072">
<ele>563</ele>
<time>2026-09-29T19:18:14.078-06:00</time>
<extensions>
<gpxtpx:TrackPointExtension>
<gpxtpx:speed>5.89</gpxtpx:speed>
</gpxtpx:TrackPointExtension>
<opentracks:accuracy_horizontal>1.02</opentracks:accuracy_horizontal></extensions>
</trkpt>
<trkpt lat="50.4646" lon="-104.534244">
<ele>562</ele>
<time>2026-09-29T19:18:16.073-06:00</time>
<extensions>
<gpxtpx:TrackPointExtension>
<gpxtpx:speed>5.65</gpxtpx:speed>
</gpxtpx:TrackPointExtension>
<opentracks:accuracy_horizontal>1.02</opentracks:accuracy_horizontal></extensions>
</trkpt>
<trkpt lat="50.464592" lon="-104.534398">
<ele>562</ele>
<time>2026-09-29T19:18:18.065-06:00</time>
<extensions>
<gpxtpx:TrackPointExtension>
<gpxtpx:speed>5.83</gpxtpx:speed>
</gpxtpx:TrackPointExtension>
<opentracks:accuracy_horizontal>1.02</opentracks:accuracy_horizontal></extensions>
</trkpt>
<trkpt lat="50.46459" lon="-104.534546">
<ele>562</ele>
<time>2026-09-29T19:18:20.058-06:00</time>
<extensions>
<gpxtpx:TrackPointExtension>
<gpxtpx:speed>5.69</gpxtpx:speed>
</gpxtpx:TrackPointExtension>
<opentracks:accuracy_horizontal>1.02</opentracks:accuracy_horizontal></extensions>
</trkpt>
<trkpt lat="50.46459" lon="-104.534713">
<ele>562</ele>
<time>2026-09-29T19:18:22.069-06:00</time>
<extensions>
<gpxtpx:TrackPointExtension>
<gpxtpx:speed>5.45</gpxtpx:speed>
</gpxtpx:TrackPointExtension>
<opentracks:accuracy_horizontal>1.02</opentracks:accuracy_horizontal></extensions>
</trkpt>
<trkpt lat="50.464585" lon="-104.53486">
<ele>562</ele>
<time>2026-09-29T19:18:24.07-06:00</time>
<extensions>
<gpxtpx:TrackPointExtension>
<gpxtpx:speed>5.38</gpxtpx:speed>
</gpxtpx:TrackPointExtension>
<opentracks:accuracy_horizontal>1.02</opentracks:accuracy_horizontal></extensions>
</trkpt>
<trkpt lat="50.464569" lon="-104.535015">
<ele>562</ele>
<time>2026-09-29T19:18:26.074-06:00</time>
<extensions>
<gpxtpx:TrackPointExtension>
<gpxtpx:speed>5.92</gpxtpx:speed>
</gpxtpx:TrackPointExtension>
<opentracks:accuracy_horizontal>1.02</opentracks:accuracy_horizontal></extensions>
</trkpt>
<trkpt lat="50.464534" lon="-104.535181">
<ele>562</ele>
<time>2026-09-29T19:18:28.057-06:00</time>
<extensions>
<gpxtpx:TrackPointExtension>
<gpxtpx:speed>5.28</gpxtpx:speed>
</gpxtpx:TrackPointExtension>
<opentracks:accuracy_horizontal>1.02</opentracks:accuracy_horizontal></extensions>
</trkpt>
<trkpt lat="50.464508" lon="-104.535336">
<ele>562</ele>
<time>2026-09-29T19:18:30.064-06:00</time>
<extensions>
<gpxtpx:TrackPointExtension>
<gpxtpx:speed>5.83</gpxtpx:speed>
</gpxtpx:TrackPointExtension>
<opentracks:accuracy_horizontal>1.02</opentracks:accuracy_horizontal></extensions>
</trkpt>
<trkpt lat="50.464478" lon="-104.535495">
<ele>561</ele>
<time>2026-09-29T19:18:32.067-06:00</time>
<extensions>
<gpxtpx:TrackPointExtension>
<gpxtpx:speed>5.88</gpxtpx:speed>
</gpxtpx:TrackPointExtension>
<opentracks:accuracy_horizontal>1.02</opentracks:accuracy_horizontal></extensions>
</trkpt>
<trkpt lat="50.46444" lon="-104.53565">
<ele>561</ele>
<time>2026-09-29T19:18:34.06-06:00</time>
<extensions>
<gpxtpx:TrackPointExtension>
<gpxtpx:speed>5.79</gpxtpx:speed>
</gpxtpx:TrackPointExtension>
<opentracks:accuracy_horizontal>0.51</opentracks:accuracy_horizontal></extensions>
</trkpt>
<trkpt lat="50.464409" lon="-104.535824">
<ele>560</ele>
<time>2026-09-29T19:18:36.084-06:00</time>
<extensions>
<gpxtpx:TrackPointExtension>
<gpxtpx:speed>6.52</gpxtpx:speed>
</gpxtpx:TrackPointExtension>
<opentracks:accuracy_horizontal>1.02</opentracks:accuracy_horizontal></extensions>
</trkpt>
<trkpt lat="50.464377" lon="-104.535991">
<ele>560</ele>
<time>2026-09-29T19:18:38.074-06:00</time>
<extensions>
<gpxtpx:TrackPointExtension>
<gpxtpx:speed>6.39</gpxtpx:speed>
</gpxtpx:TrackPointExtension>
<opentracks:accuracy_horizontal>1.02</opentracks:accuracy_horizontal></extensions>
</trkpt>
<trkpt lat="50.464361" lon="-104.53615">
<ele>560</ele>
<time>2026-09-29T19:18:40.071-06:00</time>
<extensions>
<gpxtpx:TrackPointExtension>
<gpxtpx:speed>5.85</gpxtpx:speed>
</gpxtpx:TrackPointExtension>
<opentracks:accuracy_horizontal>1.02</opentracks:accuracy_horizontal></extensions>
</trkpt>
<trkpt lat="50.464355" lon="-104.536309">
<ele>560</ele>
<time>2026-09-29T19:18:42.087-06:00</time>
<extensions>
<gpxtpx:TrackPointExtension>
<gpxtpx:speed>5.36</gpxtpx:speed>
</gpxtpx:TrackPointExtension>
<opentracks:accuracy_horizontal>1.02</opentracks:accuracy_horizontal></extensions>
</trkpt>
<trkpt lat="50.464397" lon="-104.536435">
<ele>560</ele>
<time>2026-09-29T19:18:44.059-06:00</time>
<extensions>
<gpxtpx:TrackPointExtension>
<gpxtpx:speed>5.09</gpxtpx:speed>
</gpxtpx:TrackPointExtension>
<opentracks:accuracy_horizontal>1.02</opentracks:accuracy_horizontal></extensions>
</trkpt>
<trkpt lat="50.464507" lon="-104.536502">
<ele>560</ele>
<time>2026-09-29T19:18:47.065-06:00</time>
<extensions>
<gpxtpx:TrackPointExtension>
<gpxtpx:speed>4.46</gpxtpx:speed>
</gpxtpx:TrackPointExtension>
<opentracks:accuracy_horizontal>6.122</opentracks:accuracy_horizontal></extensions>
</trkpt>
<trkpt lat="50.46462" lon="-104.536539">
<ele>561</ele>
<time>2026-09-29T19:18:50.075-06:00</time>
<extensions>
<gpxtpx:TrackPointExtension>
<gpxtpx:speed>3.97</gpxtpx:speed>
</gpxtpx:TrackPointExtension>
<opentracks:accuracy_horizontal>5.102</opentracks:accuracy_horizontal></extensions>
</trkpt>
<trkpt lat="50.464723" lon="-104.536582">
<ele>562</ele>
<time>2026-09-29T19:18:53.056-06:00</time>
<extensions>
<gpxtpx:TrackPointExtension>
<gpxtpx:speed>4.08</gpxtpx:speed>
</gpxtpx:TrackPointExtension>
<opentracks:accuracy_horizontal>0.51</opentracks:accuracy_horizontal></extensions>
</trkpt>
<trkpt lat="50.464817" lon="-104.536629">
<ele>562</ele>
<time>2026-09-29T19:18:56.071-06:00</time>
<extensions>
<gpxtpx:TrackPointExtension>
<gpxtpx:speed>3.71</gpxtpx:speed>
</gpxtpx:TrackPointExtension>
<opentracks:accuracy_horizontal>1.02</opentracks:accuracy_horizontal></extensions>
</trkpt>
<trkpt lat="50.464914" lon="-104.536703">
<ele>561</ele>
<time>2026-09-29T19:19:00.086-06:00</time>
<extensions>
<gpxtpx:TrackPointExtension>
<gpxtpx:speed>2.87</gpxtpx:speed>
</gpxtpx:TrackPointExtension>
<opentracks:accuracy_horizontal>1.02</opentracks:accuracy_horizontal></extensions>
</trkpt>
<trkpt lat="50.464948" lon="-104.536875">
<ele>562</ele>
<time>2026-09-29T19:19:04.065-06:00</time>
<extensions>
<gpxtpx:TrackPointExtension>
<gpxtpx:speed>2.94</gpxtpx:speed>
</gpxtpx:TrackPointExtension>
<opentracks:accuracy_horizontal>1.02</opentracks:accuracy_horizontal></extensions>
</trkpt>
<trkpt lat="50.46499" lon="-104.537018">
<ele>562</ele>
<time>2026-09-29T19:19:09.078-06:00</time>
<extensions>
<gpxtpx:TrackPointExtension>
<gpxtpx:speed>1.75</gpxtpx:speed>
</gpxtpx:TrackPointExtension>
<opentracks:accuracy_horizontal>6.122</opentracks:accuracy_horizontal></extensions>
</trkpt>
<trkpt lat="50.465052" lon="-104.537031">
<ele>563</ele>
<time>2026-09-29T19:19:19.061-06:00</time>
<extensions>
<gpxtpx:TrackPointExtension>
<gpxtpx:speed>0.51</gpxtpx:speed>
</gpxtpx:TrackPointExtension>
<opentracks:accuracy_horizontal>6.633</opentracks:accuracy_horizontal></extensions>
</trkpt>
<trkpt lat="50.465109" lon="-104.537056">
<ele>555</ele>
<time>2026-09-29T19:20:25.03-06:00</time>
<extensions>
<gpxtpx:TrackPointExtension>
<gpxtpx:speed>0.12</gpxtpx:speed>
</gpxtpx:TrackPointExtension>
<opentracks:accuracy_horizontal>11.735</opentracks:accuracy_horizontal></extensions>
</trkpt>
</trkseg>
</trk>
</gpx>
