<?xml version="1.0" encoding="UTF-8"?>
<gpx
version="1.1"
creator="OpenTracks"
xmlns="http://www.topografix.com/GPX/1/1"
xmlns:topografix="http://www.topografix.com/GPX/Private/TopoGrafix/0/1"
xmlns:xsi="http://www.w3.org/2001/XMLSchema-instance"
xmlns:opentracks="http://opentracksapp.com/xmlschemas/v1"
xmlns:gpxtpx="http://www.garmin.com/xmlschemas/TrackPointExtension/v2"
xmlns:gpxtrkx="http://www.garmin.com/xmlschemas/TrackStatsExtension/v1"
xmlns:cluetrust="http://www.cluetrust.com/Schemas/"
xmlns:pwr="http://www.garmin.com/xmlschemas/PowerExtension/v1"
xsi:schemaLocation="http://www.topografix.com/GPX/1/1 http://www.topografix.com/GPX/1/1/gpx.xsd http://www.topografix.com/GPX/Private/TopoGrafix/0/1 http://www.topografix.com/GPX/Private/TopoGrafix/0/1/topografix.xsd http://www.garmin.com/xmlschemas/TrackPointExtension/v2 https://www8.garmin.com/xmlschemas/TrackPointExtensionv2.xsd http://www.garmin.com/xmlschemas/PowerExtension/v1 https://www8.garmin.com/xmlschemas/PowerExtensionv1.xsd http://www.garmin.com/xmlschemas/TrackStatsExtension/v1 https://www8.garmin.com/xmlschemas/TrackStatsExtension.xsd http://www.cluetrust.com/Schemas https://www.cluetrust.com/Schemas/gpxdata10.xsd http://opentracksapp.com/xmlschemas/v1 http://opentracksapp.com/xmlschemas/OpenTracks_v1.xsd">
<trk>
<name><![CDATA[2026-08-28T18:40-06]]></name>
<desc><![CDATA[]]></desc>
<type><![CDATA[cycling]]></type>
<extensions>
<topografix:color>c0c0c0</topografix:color>
<opentracks:trackid>f108238b-7295-441b-b50e-e6e8a88ffa7e</opentracks:trackid>
<opentracks:typeTranslated><![CDATA[cycling]]></opentracks:typeTranslated>
<gpxtrkx:TrackStatsExtension>
<gpxtrkx:Distance>18881.830078125</gpxtrkx:Distance>
<gpxtrkx:TimerTime>4149</gpxtrkx:TimerTime>
<gpxtrkx:MovingTime>3719</gpxtrkx:MovingTime>
<gpxtrkx:StoppedTime>429</gpxtrkx:StoppedTime>
<gpxtrkx:MaxSpeed>10.570389747619629</gpxtrkx:MaxSpeed>
</gpxtrkx:TrackStatsExtension>
</extensions>
<trkseg>
<trkpt lat="50.465162" lon="-104.536915">
<ele>578.8</ele>
<time>2026-08-28T18:40:38.59-06:00</time>
<extensions>
<gpxtpx:TrackPointExtension>
<gpxtpx:speed>0</gpxtpx:speed>
</gpxtpx:TrackPointExtension>
<opentracks:accuracy_horizontal>36.205</opentracks:accuracy_horizontal></extensions>
</trkpt>
<trkpt lat="50.465157" lon="-104.537058">
<ele>560.4</ele>
<time>2026-08-28T18:40:44.157-06:00</time>
<extensions>
<gpxtpx:TrackPointExtension>
<gpxtpx:speed>0</gpxtpx:speed>
</gpxtpx:TrackPointExtension>
<opentracks:accuracy_horizontal>8.169</opentracks:accuracy_horizontal></extensions>
</trkpt>
<trkpt lat="50.465177" lon="-104.537095">
<ele>565.5</ele>
<time>2026-08-28T18:40:53.161-06:00</time>
<extensions>
<gpxtpx:TrackPointExtension>
<gpxtpx:speed>0</gpxtpx:speed>
</gpxtpx:TrackPointExtension>
<opentracks:accuracy_horizontal>4.976</opentracks:accuracy_horizontal></extensions>
</trkpt>
<trkpt lat="50.465086" lon="-104.537049">
<ele>556.7</ele>
<time>2026-08-28T18:42:16.19-06:00</time>
<extensions>
<gpxtpx:TrackPointExtension>
<gpxtpx:speed>1.19</gpxtpx:speed>
</gpxtpx:TrackPointExtension>
<opentracks:accuracy_horizontal>8.887</opentracks:accuracy_horizontal></extensions>
</trkpt>
<trkpt lat="50.465115" lon="-104.536954">
<ele>558.1</ele>
<time>2026-08-28T18:42:26.182-06:00</time>
<extensions>
<gpxtpx:TrackPointExtension>
<gpxtpx:speed>1.04</gpxtpx:speed>
</gpxtpx:TrackPointExtension>
<opentracks:accuracy_horizontal>16.431</opentracks:accuracy_horizontal></extensions>
</trkpt>
<trkpt lat="50.465054" lon="-104.537059">
<ele>552.1</ele>
<time>2026-08-28T18:44:17.146-06:00</time>
<extensions>
<gpxtpx:TrackPointExtension>
<gpxtpx:speed>0.07</gpxtpx:speed>
</gpxtpx:TrackPointExtension>
<opentracks:accuracy_horizontal>4.579</opentracks:accuracy_horizontal></extensions>
</trkpt>
<trkpt lat="50.465032" lon="-104.537076">
<ele>552.8</ele>
<time>2026-08-28T18:44:27.143-06:00</time>
<extensions>
<gpxtpx:TrackPointExtension>
<gpxtpx:speed>0.73</gpxtpx:speed>
</gpxtpx:TrackPointExtension>
<opentracks:accuracy_horizontal>4.721</opentracks:accuracy_horizontal></extensions>
</trkpt>
<trkpt lat="50.464967" lon="-104.537178">
<ele>551.7</ele>
<time>2026-08-28T18:44:33.162-06:00</time>
<extensions>
<gpxtpx:TrackPointExtension>
<gpxtpx:speed>1.88</gpxtpx:speed>
</gpxtpx:TrackPointExtension>
<opentracks:accuracy_horizontal>5.439</opentracks:accuracy_horizontal></extensions>
</trkpt>
<trkpt lat="50.464955" lon="-104.537333">
<ele>551.6</ele>
<time>2026-08-28T18:44:38.134-06:00</time>
<extensions>
<gpxtpx:TrackPointExtension>
<gpxtpx:speed>2.07</gpxtpx:speed>
</gpxtpx:TrackPointExtension>
<opentracks:accuracy_horizontal>5.275</opentracks:accuracy_horizontal></extensions>
</trkpt>
<trkpt lat="50.464933" lon="-104.537514">
<ele>551.3</ele>
<time>2026-08-28T18:44:42.144-06:00</time>
<extensions>
<gpxtpx:TrackPointExtension>
<gpxtpx:speed>2.5</gpxtpx:speed>
</gpxtpx:TrackPointExtension>
<opentracks:accuracy_horizontal>5.187</opentracks:accuracy_horizontal></extensions>
</trkpt>
<trkpt lat="50.464895" lon="-104.537678">
<ele>551.4</ele>
<time>2026-08-28T18:44:45.122-06:00</time>
<extensions>
<gpxtpx:TrackPointExtension>
<gpxtpx:speed>2.9</gpxtpx:speed>
</gpxtpx:TrackPointExtension>
<opentracks:accuracy_horizontal>5.319</opentracks:accuracy_horizontal></extensions>
</trkpt>
<trkpt lat="50.464837" lon="-104.537787">
<ele>553.4</ele>
<time>2026-08-28T18:44:47.15-06:00</time>
<extensions>
<gpxtpx:TrackPointExtension>
<gpxtpx:speed>3.25</gpxtpx:speed>
</gpxtpx:TrackPointExtension>
<opentracks:accuracy_horizontal>3.746</opentracks:accuracy_horizontal></extensions>
</trkpt>
<trkpt lat="50.464773" lon="-104.537942">
<ele>555</ele>
<time>2026-08-28T18:44:50.111-06:00</time>
<extensions>
<gpxtpx:TrackPointExtension>
<gpxtpx:speed>3.51</gpxtpx:speed>
</gpxtpx:TrackPointExtension>
<opentracks:accuracy_horizontal>3.311</opentracks:accuracy_horizontal></extensions>
</trkpt>
<trkpt lat="50.464709" lon="-104.538114">
<ele>558</ele>
<time>2026-08-28T18:44:53.115-06:00</time>
<extensions>
<gpxtpx:TrackPointExtension>
<gpxtpx:speed>3.79</gpxtpx:speed>
</gpxtpx:TrackPointExtension>
<opentracks:accuracy_horizontal>3.136</opentracks:accuracy_horizontal></extensions>
</trkpt>
<trkpt lat="50.464655" lon="-104.53826">
<ele>557.8</ele>
<time>2026-08-28T18:44:56.143-06:00</time>
<extensions>
<gpxtpx:TrackPointExtension>
<gpxtpx:speed>3.84</gpxtpx:speed>
</gpxtpx:TrackPointExtension>
<opentracks:accuracy_horizontal>3.806</opentracks:accuracy_horizontal></extensions>
</trkpt>
<trkpt lat="50.464608" lon="-104.538425">
<ele>558</ele>
<time>2026-08-28T18:44:59.144-06:00</time>
<extensions>
<gpxtpx:TrackPointExtension>
<gpxtpx:speed>3.98</gpxtpx:speed>
</gpxtpx:TrackPointExtension>
<opentracks:accuracy_horizontal>4.21</opentracks:accuracy_horizontal></extensions>
</trkpt>
<trkpt lat="50.464576" lon="-104.538589">
<ele>557.4</ele>
<time>2026-08-28T18:45:02.142-06:00</time>
<extensions>
<gpxtpx:TrackPointExtension>
<gpxtpx:speed>3.82</gpxtpx:speed>
</gpxtpx:TrackPointExtension>
<opentracks:accuracy_horizontal>4.67</opentracks:accuracy_horizontal></extensions>
</trkpt>
<trkpt lat="50.464539" lon="-104.53874">
<ele>557.7</ele>
<time>2026-08-28T18:45:05.142-06:00</time>
<extensions>
<gpxtpx:TrackPointExtension>
<gpxtpx:speed>3.2</gpxtpx:speed>
</gpxtpx:TrackPointExtension>
<opentracks:accuracy_horizontal>4.671</opentracks:accuracy_horizontal></extensions>
</trkpt>
<trkpt lat="50.464448" lon="-104.538855">
<ele>557.5</ele>
<time>2026-08-28T18:45:08.147-06:00</time>
<extensions>
<gpxtpx:TrackPointExtension>
<gpxtpx:speed>2.59</gpxtpx:speed>
</gpxtpx:TrackPointExtension>
<opentracks:accuracy_horizontal>4.866</opentracks:accuracy_horizontal></extensions>
</trkpt>
<trkpt lat="50.464351" lon="-104.538905">
<ele>555.2</ele>
<time>2026-08-28T18:45:11.118-06:00</time>
<extensions>
<gpxtpx:TrackPointExtension>
<gpxtpx:speed>2.6</gpxtpx:speed>
</gpxtpx:TrackPointExtension>
<opentracks:accuracy_horizontal>4.947</opentracks:accuracy_horizontal></extensions>
</trkpt>
<trkpt lat="50.464266" lon="-104.539001">
<ele>553.9</ele>
<time>2026-08-28T18:45:14.145-06:00</time>
<extensions>
<gpxtpx:TrackPointExtension>
<gpxtpx:speed>3.34</gpxtpx:speed>
</gpxtpx:TrackPointExtension>
<opentracks:accuracy_horizontal>5.039</opentracks:accuracy_horizontal></extensions>
</trkpt>
<trkpt lat="50.464202" lon="-104.539101">
<ele>555.4</ele>
<time>2026-08-28T18:45:17.15-06:00</time>
<extensions>
<gpxtpx:TrackPointExtension>
<gpxtpx:speed>2.92</gpxtpx:speed>
</gpxtpx:TrackPointExtension>
<opentracks:accuracy_horizontal>4.958</opentracks:accuracy_horizontal></extensions>
</trkpt>
<trkpt lat="50.464101" lon="-104.539185">
<ele>555.6</ele>
<time>2026-08-28T18:45:20.143-06:00</time>
<extensions>
<gpxtpx:TrackPointExtension>
<gpxtpx:speed>3.09</gpxtpx:speed>
</gpxtpx:TrackPointExtension>
<opentracks:accuracy_horizontal>5.1</opentracks:accuracy_horizontal></extensions>
</trkpt>
<trkpt lat="50.463994" lon="-104.539267">
<ele>555.2</ele>
<time>2026-08-28T18:45:23.139-06:00</time>
<extensions>
<gpxtpx:TrackPointExtension>
<gpxtpx:speed>2.92</gpxtpx:speed>
</gpxtpx:TrackPointExtension>
<opentracks:accuracy_horizontal>5.052</opentracks:accuracy_horizontal></extensions>
</trkpt>
<trkpt lat="50.463918" lon="-104.539345">
<ele>554.8</ele>
<time>2026-08-28T18:45:26.153-06:00</time>
<extensions>
<gpxtpx:TrackPointExtension>
<gpxtpx:speed>3.09</gpxtpx:speed>
</gpxtpx:TrackPointExtension>
<opentracks:accuracy_horizontal>5.147</opentracks:accuracy_horizontal></extensions>
</trkpt>
<trkpt lat="50.463809" lon="-104.539411">
<ele>554.8</ele>
<time>2026-08-28T18:45:29.137-06:00</time>
<extensions>
<gpxtpx:TrackPointExtension>
<gpxtpx:speed>2.88</gpxtpx:speed>
</gpxtpx:TrackPointExtension>
<opentracks:accuracy_horizontal>5.033</opentracks:accuracy_horizontal></extensions>
</trkpt>
<trkpt lat="50.463711" lon="-104.539458">
<ele>553.8</ele>
<time>2026-08-28T18:45:32.144-06:00</time>
<extensions>
<gpxtpx:TrackPointExtension>
<gpxtpx:speed>3.01</gpxtpx:speed>
</gpxtpx:TrackPointExtension>
<opentracks:accuracy_horizontal>4.905</opentracks:accuracy_horizontal></extensions>
</trkpt>
<trkpt lat="50.463626" lon="-104.539532">
<ele>554.3</ele>
<time>2026-08-28T18:45:35.145-06:00</time>
<extensions>
<gpxtpx:TrackPointExtension>
<gpxtpx:speed>3.08</gpxtpx:speed>
</gpxtpx:TrackPointExtension>
<opentracks:accuracy_horizontal>5.648</opentracks:accuracy_horizontal></extensions>
</trkpt>
<trkpt lat="50.463543" lon="-104.539611">
<ele>554.2</ele>
<time>2026-08-28T18:45:38.149-06:00</time>
<extensions>
<gpxtpx:TrackPointExtension>
<gpxtpx:speed>3.98</gpxtpx:speed>
</gpxtpx:TrackPointExtension>
<opentracks:accuracy_horizontal>4.986</opentracks:accuracy_horizontal></extensions>
</trkpt>
<trkpt lat="50.463478" lon="-104.539732">
<ele>554.5</ele>
<time>2026-08-28T18:45:42.135-06:00</time>
<extensions>
<gpxtpx:TrackPointExtension>
<gpxtpx:speed>2.87</gpxtpx:speed>
</gpxtpx:TrackPointExtension>
<opentracks:accuracy_horizontal>4.688</opentracks:accuracy_horizontal></extensions>
</trkpt>
<trkpt lat="50.463556" lon="-104.5399">
<ele>554.7</ele>
<time>2026-08-28T18:45:46.142-06:00</time>
<extensions>
<gpxtpx:TrackPointExtension>
<gpxtpx:speed>3.66</gpxtpx:speed>
</gpxtpx:TrackPointExtension>
<opentracks:accuracy_horizontal>4.971</opentracks:accuracy_horizontal></extensions>
</trkpt>
<trkpt lat="50.463608" lon="-104.540049">
<ele>555.2</ele>
<time>2026-08-28T18:45:48.148-06:00</time>
<extensions>
<gpxtpx:TrackPointExtension>
<gpxtpx:speed>4.34</gpxtpx:speed>
</gpxtpx:TrackPointExtension>
<opentracks:accuracy_horizontal>4.796</opentracks:accuracy_horizontal></extensions>
</trkpt>
<trkpt lat="50.463656" lon="-104.5402">
<ele>555.4</ele>
<time>2026-08-28T18:45:50.145-06:00</time>
<extensions>
<gpxtpx:TrackPointExtension>
<gpxtpx:speed>4.53</gpxtpx:speed>
</gpxtpx:TrackPointExtension>
<opentracks:accuracy_horizontal>4.797</opentracks:accuracy_horizontal></extensions>
</trkpt>
<trkpt lat="50.463681" lon="-104.540342">
<ele>553.7</ele>
<time>2026-08-28T18:45:52.15-06:00</time>
<extensions>
<gpxtpx:TrackPointExtension>
<gpxtpx:speed>4.81</gpxtpx:speed>
</gpxtpx:TrackPointExtension>
<opentracks:accuracy_horizontal>4.798</opentracks:accuracy_horizontal></extensions>
</trkpt>
<trkpt lat="50.463695" lon="-104.540483">
<ele>553.6</ele>
<time>2026-08-28T18:45:54.144-06:00</time>
<extensions>
<gpxtpx:TrackPointExtension>
<gpxtpx:speed>4.66</gpxtpx:speed>
</gpxtpx:TrackPointExtension>
<opentracks:accuracy_horizontal>4.799</opentracks:accuracy_horizontal></extensions>
</trkpt>
<trkpt lat="50.463704" lon="-104.540689">
<ele>554.1</ele>
<time>2026-08-28T18:45:57.147-06:00</time>
<extensions>
<gpxtpx:TrackPointExtension>
<gpxtpx:speed>4.63</gpxtpx:speed>
</gpxtpx:TrackPointExtension>
<opentracks:accuracy_horizontal>4.695</opentracks:accuracy_horizontal></extensions>
</trkpt>
<trkpt lat="50.463679" lon="-104.540889">
<ele>554.6</ele>
<time>2026-08-28T18:46:00.136-06:00</time>
<extensions>
<gpxtpx:TrackPointExtension>
<gpxtpx:speed>4.39</gpxtpx:speed>
</gpxtpx:TrackPointExtension>
<opentracks:accuracy_horizontal>4.696</opentracks:accuracy_horizontal></extensions>
</trkpt>
<trkpt lat="50.463665" lon="-104.541103">
<ele>556.1</ele>
<time>2026-08-28T18:46:03.139-06:00</time>
<extensions>
<gpxtpx:TrackPointExtension>
<gpxtpx:speed>4.76</gpxtpx:speed>
</gpxtpx:TrackPointExtension>
<opentracks:accuracy_horizontal>4.697</opentracks:accuracy_horizontal></extensions>
</trkpt>
<trkpt lat="50.46363" lon="-104.541303">
<ele>555.5</ele>
<time>2026-08-28T18:46:06.149-06:00</time>
<extensions>
<gpxtpx:TrackPointExtension>
<gpxtpx:speed>4.7</gpxtpx:speed>
</gpxtpx:TrackPointExtension>
<opentracks:accuracy_horizontal>4.699</opentracks:accuracy_horizontal></extensions>
</trkpt>
<trkpt lat="50.463598" lon="-104.541441">
<ele>556</ele>
<time>2026-08-28T18:46:08.133-06:00</time>
<extensions>
<gpxtpx:TrackPointExtension>
<gpxtpx:speed>4.84</gpxtpx:speed>
</gpxtpx:TrackPointExtension>
<opentracks:accuracy_horizontal>4.699</opentracks:accuracy_horizontal></extensions>
</trkpt>
<trkpt lat="50.46356" lon="-104.541637">
<ele>556.4</ele>
<time>2026-08-28T18:46:11.164-06:00</time>
<extensions>
<gpxtpx:TrackPointExtension>
<gpxtpx:speed>4.56</gpxtpx:speed>
</gpxtpx:TrackPointExtension>
<opentracks:accuracy_horizontal>4.701</opentracks:accuracy_horizontal></extensions>
</trkpt>
<trkpt lat="50.463503" lon="-104.541837">
<ele>556.1</ele>
<time>2026-08-28T18:46:14.16-06:00</time>
<extensions>
<gpxtpx:TrackPointExtension>
<gpxtpx:speed>5.1</gpxtpx:speed>
</gpxtpx:TrackPointExtension>
<opentracks:accuracy_horizontal>4.702</opentracks:accuracy_horizontal></extensions>
</trkpt>
<trkpt lat="50.463469" lon="-104.541989">
<ele>555.9</ele>
<time>2026-08-28T18:46:16.161-06:00</time>
<extensions>
<gpxtpx:TrackPointExtension>
<gpxtpx:speed>5.51</gpxtpx:speed>
</gpxtpx:TrackPointExtension>
<opentracks:accuracy_horizontal>4.703</opentracks:accuracy_horizontal></extensions>
</trkpt>
<trkpt lat="50.463443" lon="-104.542143">
<ele>555.9</ele>
<time>2026-08-28T18:46:18.145-06:00</time>
<extensions>
<gpxtpx:TrackPointExtension>
<gpxtpx:speed>5.53</gpxtpx:speed>
</gpxtpx:TrackPointExtension>
<opentracks:accuracy_horizontal>4.704</opentracks:accuracy_horizontal></extensions>
</trkpt>
<trkpt lat="50.463434" lon="-104.542288">
<ele>555.5</ele>
<time>2026-08-28T18:46:20.157-06:00</time>
<extensions>
<gpxtpx:TrackPointExtension>
<gpxtpx:speed>5.37</gpxtpx:speed>
</gpxtpx:TrackPointExtension>
<opentracks:accuracy_horizontal>4.705</opentracks:accuracy_horizontal></extensions>
</trkpt>
<trkpt lat="50.463402" lon="-104.542493">
<ele>555.8</ele>
<time>2026-08-28T18:46:23.14-06:00</time>
<extensions>
<gpxtpx:TrackPointExtension>
<gpxtpx:speed>4.9</gpxtpx:speed>
</gpxtpx:TrackPointExtension>
<opentracks:accuracy_horizontal>4.706</opentracks:accuracy_horizontal></extensions>
</trkpt>
<trkpt lat="50.46335" lon="-104.542681">
<ele>555.7</ele>
<time>2026-08-28T18:46:26.142-06:00</time>
<extensions>
<gpxtpx:TrackPointExtension>
<gpxtpx:speed>4.96</gpxtpx:speed>
</gpxtpx:TrackPointExtension>
<opentracks:accuracy_horizontal>4.707</opentracks:accuracy_horizontal></extensions>
</trkpt>
<trkpt lat="50.463329" lon="-104.542828">
<ele>555.6</ele>
<time>2026-08-28T18:46:28.138-06:00</time>
<extensions>
<gpxtpx:TrackPointExtension>
<gpxtpx:speed>4.61</gpxtpx:speed>
</gpxtpx:TrackPointExtension>
<opentracks:accuracy_horizontal>5.272</opentracks:accuracy_horizontal></extensions>
</trkpt>
<trkpt lat="50.463297" lon="-104.542978">
<ele>556</ele>
<time>2026-08-28T18:46:30.159-06:00</time>
<extensions>
<gpxtpx:TrackPointExtension>
<gpxtpx:speed>4.97</gpxtpx:speed>
</gpxtpx:TrackPointExtension>
<opentracks:accuracy_horizontal>5.273</opentracks:accuracy_horizontal></extensions>
</trkpt>
<trkpt lat="50.463268" lon="-104.543124">
<ele>556.6</ele>
<time>2026-08-28T18:46:32.156-06:00</time>
<extensions>
<gpxtpx:TrackPointExtension>
<gpxtpx:speed>5.4</gpxtpx:speed>
</gpxtpx:TrackPointExtension>
<opentracks:accuracy_horizontal>5.273</opentracks:accuracy_horizontal></extensions>
</trkpt>
<trkpt lat="50.463246" lon="-104.543269">
<ele>556.9</ele>
<time>2026-08-28T18:46:34.148-06:00</time>
<extensions>
<gpxtpx:TrackPointExtension>
<gpxtpx:speed>5.26</gpxtpx:speed>
</gpxtpx:TrackPointExtension>
<opentracks:accuracy_horizontal>5.274</opentracks:accuracy_horizontal></extensions>
</trkpt>
<trkpt lat="50.463211" lon="-104.543456">
<ele>556.6</ele>
<time>2026-08-28T18:46:37.157-06:00</time>
<extensions>
<gpxtpx:TrackPointExtension>
<gpxtpx:speed>4.69</gpxtpx:speed>
</gpxtpx:TrackPointExtension>
<opentracks:accuracy_horizontal>5.276</opentracks:accuracy_horizontal></extensions>
</trkpt>
<trkpt lat="50.46318" lon="-104.543611">
<ele>556.7</ele>
<time>2026-08-28T18:46:39.152-06:00</time>
<extensions>
<gpxtpx:TrackPointExtension>
<gpxtpx:speed>5.08</gpxtpx:speed>
</gpxtpx:TrackPointExtension>
<opentracks:accuracy_horizontal>5.276</opentracks:accuracy_horizontal></extensions>
</trkpt>
<trkpt lat="50.463154" lon="-104.543765">
<ele>556.5</ele>
<time>2026-08-28T18:46:41.146-06:00</time>
<extensions>
<gpxtpx:TrackPointExtension>
<gpxtpx:speed>4.87</gpxtpx:speed>
</gpxtpx:TrackPointExtension>
<opentracks:accuracy_horizontal>5.277</opentracks:accuracy_horizontal></extensions>
</trkpt>
<trkpt lat="50.463123" lon="-104.543907">
<ele>555</ele>
<time>2026-08-28T18:46:43.143-06:00</time>
<extensions>
<gpxtpx:TrackPointExtension>
<gpxtpx:speed>5.02</gpxtpx:speed>
</gpxtpx:TrackPointExtension>
<opentracks:accuracy_horizontal>4.715</opentracks:accuracy_horizontal></extensions>
</trkpt>
<trkpt lat="50.463095" lon="-104.544118">
<ele>554.8</ele>
<time>2026-08-28T18:46:46.174-06:00</time>
<extensions>
<gpxtpx:TrackPointExtension>
<gpxtpx:speed>4.96</gpxtpx:speed>
</gpxtpx:TrackPointExtension>
<opentracks:accuracy_horizontal>4.716</opentracks:accuracy_horizontal></extensions>
</trkpt>
<trkpt lat="50.463074" lon="-104.544262">
<ele>555.1</ele>
<time>2026-08-28T18:46:48.144-06:00</time>
<extensions>
<gpxtpx:TrackPointExtension>
<gpxtpx:speed>4.76</gpxtpx:speed>
</gpxtpx:TrackPointExtension>
<opentracks:accuracy_horizontal>4.717</opentracks:accuracy_horizontal></extensions>
</trkpt>
<trkpt lat="50.46305" lon="-104.544401">
<ele>555.2</ele>
<time>2026-08-28T18:46:50.146-06:00</time>
<extensions>
<gpxtpx:TrackPointExtension>
<gpxtpx:speed>4.88</gpxtpx:speed>
</gpxtpx:TrackPointExtension>
<opentracks:accuracy_horizontal>4.718</opentracks:accuracy_horizontal></extensions>
</trkpt>
<trkpt lat="50.46303" lon="-104.544549">
<ele>555</ele>
<time>2026-08-28T18:46:52.149-06:00</time>
<extensions>
<gpxtpx:TrackPointExtension>
<gpxtpx:speed>5.26</gpxtpx:speed>
</gpxtpx:TrackPointExtension>
<opentracks:accuracy_horizontal>4.718</opentracks:accuracy_horizontal></extensions>
</trkpt>
<trkpt lat="50.463013" lon="-104.544705">
<ele>554.9</ele>
<time>2026-08-28T18:46:54.138-06:00</time>
<extensions>
<gpxtpx:TrackPointExtension>
<gpxtpx:speed>5.05</gpxtpx:speed>
</gpxtpx:TrackPointExtension>
<opentracks:accuracy_horizontal>4.719</opentracks:accuracy_horizontal></extensions>
</trkpt>
<trkpt lat="50.462983" lon="-104.544901">
<ele>554.9</ele>
<time>2026-08-28T18:46:57.154-06:00</time>
<extensions>
<gpxtpx:TrackPointExtension>
<gpxtpx:speed>4.4</gpxtpx:speed>
</gpxtpx:TrackPointExtension>
<opentracks:accuracy_horizontal>4.721</opentracks:accuracy_horizontal></extensions>
</trkpt>
<trkpt lat="50.462931" lon="-104.545091">
<ele>555.4</ele>
<time>2026-08-28T18:47:00.146-06:00</time>
<extensions>
<gpxtpx:TrackPointExtension>
<gpxtpx:speed>4.88</gpxtpx:speed>
</gpxtpx:TrackPointExtension>
<opentracks:accuracy_horizontal>4.722</opentracks:accuracy_horizontal></extensions>
</trkpt>
<trkpt lat="50.462888" lon="-104.545216">
<ele>555.9</ele>
<time>2026-08-28T18:47:02.154-06:00</time>
<extensions>
<gpxtpx:TrackPointExtension>
<gpxtpx:speed>4.53</gpxtpx:speed>
</gpxtpx:TrackPointExtension>
<opentracks:accuracy_horizontal>4.723</opentracks:accuracy_horizontal></extensions>
</trkpt>
<trkpt lat="50.462864" lon="-104.545398">
<ele>556.3</ele>
<time>2026-08-28T18:47:05.16-06:00</time>
<extensions>
<gpxtpx:TrackPointExtension>
<gpxtpx:speed>4.32</gpxtpx:speed>
</gpxtpx:TrackPointExtension>
<opentracks:accuracy_horizontal>4.724</opentracks:accuracy_horizontal></extensions>
</trkpt>
<trkpt lat="50.462845" lon="-104.545605">
<ele>555.7</ele>
<time>2026-08-28T18:47:08.147-06:00</time>
<extensions>
<gpxtpx:TrackPointExtension>
<gpxtpx:speed>4.7</gpxtpx:speed>
</gpxtpx:TrackPointExtension>
<opentracks:accuracy_horizontal>4.725</opentracks:accuracy_horizontal></extensions>
</trkpt>
<trkpt lat="50.462812" lon="-104.545783">
<ele>556</ele>
<time>2026-08-28T18:47:11.15-06:00</time>
<extensions>
<gpxtpx:TrackPointExtension>
<gpxtpx:speed>4.17</gpxtpx:speed>
</gpxtpx:TrackPointExtension>
<opentracks:accuracy_horizontal>4.726</opentracks:accuracy_horizontal></extensions>
</trkpt>
<trkpt lat="50.462774" lon="-104.545982">
<ele>554.5</ele>
<time>2026-08-28T18:47:14.14-06:00</time>
<extensions>
<gpxtpx:TrackPointExtension>
<gpxtpx:speed>4.2</gpxtpx:speed>
</gpxtpx:TrackPointExtension>
<opentracks:accuracy_horizontal>4.728</opentracks:accuracy_horizontal></extensions>
</trkpt>
<trkpt lat="50.462739" lon="-104.54614">
<ele>554.5</ele>
<time>2026-08-28T18:47:17.143-06:00</time>
<extensions>
<gpxtpx:TrackPointExtension>
<gpxtpx:speed>4.09</gpxtpx:speed>
</gpxtpx:TrackPointExtension>
<opentracks:accuracy_horizontal>4.729</opentracks:accuracy_horizontal></extensions>
</trkpt>
<trkpt lat="50.462705" lon="-104.546336">
<ele>554.6</ele>
<time>2026-08-28T18:47:20.147-06:00</time>
<extensions>
<gpxtpx:TrackPointExtension>
<gpxtpx:speed>4.09</gpxtpx:speed>
</gpxtpx:TrackPointExtension>
<opentracks:accuracy_horizontal>4.73</opentracks:accuracy_horizontal></extensions>
</trkpt>
<trkpt lat="50.462621" lon="-104.546491">
<ele>554.9</ele>
<time>2026-08-28T18:47:23.149-06:00</time>
<extensions>
<gpxtpx:TrackPointExtension>
<gpxtpx:speed>4.04</gpxtpx:speed>
</gpxtpx:TrackPointExtension>
<opentracks:accuracy_horizontal>4.732</opentracks:accuracy_horizontal></extensions>
</trkpt>
<trkpt lat="50.462533" lon="-104.546553">
<ele>557.3</ele>
<time>2026-08-28T18:47:25.161-06:00</time>
<extensions>
<gpxtpx:TrackPointExtension>
<gpxtpx:speed>4.18</gpxtpx:speed>
</gpxtpx:TrackPointExtension>
<opentracks:accuracy_horizontal>4.732</opentracks:accuracy_horizontal></extensions>
</trkpt>
<trkpt lat="50.462425" lon="-104.546562">
<ele>556.8</ele>
<time>2026-08-28T18:47:27.143-06:00</time>
<extensions>
<gpxtpx:TrackPointExtension>
<gpxtpx:speed>4.68</gpxtpx:speed>
</gpxtpx:TrackPointExtension>
<opentracks:accuracy_horizontal>4.733</opentracks:accuracy_horizontal></extensions>
</trkpt>
<trkpt lat="50.462315" lon="-104.546575">
<ele>556.2</ele>
<time>2026-08-28T18:47:29.141-06:00</time>
<extensions>
<gpxtpx:TrackPointExtension>
<gpxtpx:speed>4.93</gpxtpx:speed>
</gpxtpx:TrackPointExtension>
<opentracks:accuracy_horizontal>4.734</opentracks:accuracy_horizontal></extensions>
</trkpt>
<trkpt lat="50.462196" lon="-104.546583">
<ele>555.6</ele>
<time>2026-08-28T18:47:31.159-06:00</time>
<extensions>
<gpxtpx:TrackPointExtension>
<gpxtpx:speed>5.63</gpxtpx:speed>
</gpxtpx:TrackPointExtension>
<opentracks:accuracy_horizontal>4.735</opentracks:accuracy_horizontal></extensions>
</trkpt>
<trkpt lat="50.462079" lon="-104.546583">
<ele>555.9</ele>
<time>2026-08-28T18:47:33.145-06:00</time>
<extensions>
<gpxtpx:TrackPointExtension>
<gpxtpx:speed>5.91</gpxtpx:speed>
</gpxtpx:TrackPointExtension>
<opentracks:accuracy_horizontal>4.736</opentracks:accuracy_horizontal></extensions>
</trkpt>
<trkpt lat="50.461983" lon="-104.546578">
<ele>556.2</ele>
<time>2026-08-28T18:47:35.168-06:00</time>
<extensions>
<gpxtpx:TrackPointExtension>
<gpxtpx:speed>4.99</gpxtpx:speed>
</gpxtpx:TrackPointExtension>
<opentracks:accuracy_horizontal>4.737</opentracks:accuracy_horizontal></extensions>
</trkpt>
<trkpt lat="50.461885" lon="-104.546601">
<ele>556.5</ele>
<time>2026-08-28T18:47:37.143-06:00</time>
<extensions>
<gpxtpx:TrackPointExtension>
<gpxtpx:speed>5.88</gpxtpx:speed>
</gpxtpx:TrackPointExtension>
<opentracks:accuracy_horizontal>4.737</opentracks:accuracy_horizontal></extensions>
</trkpt>
<trkpt lat="50.461769" lon="-104.546569">
<ele>558.4</ele>
<time>2026-08-28T18:47:39.151-06:00</time>
<extensions>
<gpxtpx:TrackPointExtension>
<gpxtpx:speed>6.46</gpxtpx:speed>
</gpxtpx:TrackPointExtension>
<opentracks:accuracy_horizontal>4.738</opentracks:accuracy_horizontal></extensions>
</trkpt>
<trkpt lat="50.461668" lon="-104.546551">
<ele>557.7</ele>
<time>2026-08-28T18:47:41.153-06:00</time>
<extensions>
<gpxtpx:TrackPointExtension>
<gpxtpx:speed>5.24</gpxtpx:speed>
</gpxtpx:TrackPointExtension>
<opentracks:accuracy_horizontal>4.83</opentracks:accuracy_horizontal></extensions>
</trkpt>
<trkpt lat="50.461553" lon="-104.54656">
<ele>558.2</ele>
<time>2026-08-28T18:47:44.152-06:00</time>
<extensions>
<gpxtpx:TrackPointExtension>
<gpxtpx:speed>4.49</gpxtpx:speed>
</gpxtpx:TrackPointExtension>
<opentracks:accuracy_horizontal>4.74</opentracks:accuracy_horizontal></extensions>
</trkpt>
<trkpt lat="50.461428" lon="-104.546528">
<ele>557.3</ele>
<time>2026-08-28T18:47:47.155-06:00</time>
<extensions>
<gpxtpx:TrackPointExtension>
<gpxtpx:speed>4.4</gpxtpx:speed>
</gpxtpx:TrackPointExtension>
<opentracks:accuracy_horizontal>4.741</opentracks:accuracy_horizontal></extensions>
</trkpt>
<trkpt lat="50.461315" lon="-104.546605">
<ele>555.9</ele>
<time>2026-08-28T18:47:50.155-06:00</time>
<extensions>
<gpxtpx:TrackPointExtension>
<gpxtpx:speed>5</gpxtpx:speed>
</gpxtpx:TrackPointExtension>
<opentracks:accuracy_horizontal>4.743</opentracks:accuracy_horizontal></extensions>
</trkpt>
<trkpt lat="50.46127" lon="-104.546733">
<ele>555.6</ele>
<time>2026-08-28T18:47:52.162-06:00</time>
<extensions>
<gpxtpx:TrackPointExtension>
<gpxtpx:speed>4.84</gpxtpx:speed>
</gpxtpx:TrackPointExtension>
<opentracks:accuracy_horizontal>5.304</opentracks:accuracy_horizontal></extensions>
</trkpt>
<trkpt lat="50.46127" lon="-104.546874">
<ele>556.2</ele>
<time>2026-08-28T18:47:54.123-06:00</time>
<extensions>
<gpxtpx:TrackPointExtension>
<gpxtpx:speed>4.67</gpxtpx:speed>
</gpxtpx:TrackPointExtension>
<opentracks:accuracy_horizontal>4.744</opentracks:accuracy_horizontal></extensions>
</trkpt>
<trkpt lat="50.461269" lon="-104.547082">
<ele>555.7</ele>
<time>2026-08-28T18:47:57.151-06:00</time>
<extensions>
<gpxtpx:TrackPointExtension>
<gpxtpx:speed>4.99</gpxtpx:speed>
</gpxtpx:TrackPointExtension>
<opentracks:accuracy_horizontal>4.746</opentracks:accuracy_horizontal></extensions>
</trkpt>
<trkpt lat="50.461271" lon="-104.547247">
<ele>555.7</ele>
<time>2026-08-28T18:47:59.161-06:00</time>
<extensions>
<gpxtpx:TrackPointExtension>
<gpxtpx:speed>5.13</gpxtpx:speed>
</gpxtpx:TrackPointExtension>
<opentracks:accuracy_horizontal>4.746</opentracks:accuracy_horizontal></extensions>
</trkpt>
<trkpt lat="50.461282" lon="-104.54741">
<ele>555.9</ele>
<time>2026-08-28T18:48:01.142-06:00</time>
<extensions>
<gpxtpx:TrackPointExtension>
<gpxtpx:speed>5.09</gpxtpx:speed>
</gpxtpx:TrackPointExtension>
<opentracks:accuracy_horizontal>4.747</opentracks:accuracy_horizontal></extensions>
</trkpt>
<trkpt lat="50.461295" lon="-104.547555">
<ele>555.7</ele>
<time>2026-08-28T18:48:03.15-06:00</time>
<extensions>
<gpxtpx:TrackPointExtension>
<gpxtpx:speed>4.9</gpxtpx:speed>
</gpxtpx:TrackPointExtension>
<opentracks:accuracy_horizontal>4.748</opentracks:accuracy_horizontal></extensions>
</trkpt>
<trkpt lat="50.461284" lon="-104.547758">
<ele>555.9</ele>
<time>2026-08-28T18:48:06.161-06:00</time>
<extensions>
<gpxtpx:TrackPointExtension>
<gpxtpx:speed>4.48</gpxtpx:speed>
</gpxtpx:TrackPointExtension>
<opentracks:accuracy_horizontal>4.749</opentracks:accuracy_horizontal></extensions>
</trkpt>
<trkpt lat="50.461284" lon="-104.547966">
<ele>556.7</ele>
<time>2026-08-28T18:48:09.152-06:00</time>
<extensions>
<gpxtpx:TrackPointExtension>
<gpxtpx:speed>5.23</gpxtpx:speed>
</gpxtpx:TrackPointExtension>
<opentracks:accuracy_horizontal>4.75</opentracks:accuracy_horizontal></extensions>
</trkpt>
<trkpt lat="50.461294" lon="-104.548113">
<ele>557.3</ele>
<time>2026-08-28T18:48:11.146-06:00</time>
<extensions>
<gpxtpx:TrackPointExtension>
<gpxtpx:speed>4.58</gpxtpx:speed>
</gpxtpx:TrackPointExtension>
<opentracks:accuracy_horizontal>4.751</opentracks:accuracy_horizontal></extensions>
</trkpt>
<trkpt lat="50.461295" lon="-104.548299">
<ele>557.6</ele>
<time>2026-08-28T18:48:14.151-06:00</time>
<extensions>
<gpxtpx:TrackPointExtension>
<gpxtpx:speed>4.28</gpxtpx:speed>
</gpxtpx:TrackPointExtension>
<opentracks:accuracy_horizontal>4.752</opentracks:accuracy_horizontal></extensions>
</trkpt>
<trkpt lat="50.461291" lon="-104.548465">
<ele>557.7</ele>
<time>2026-08-28T18:48:17.131-06:00</time>
<extensions>
<gpxtpx:TrackPointExtension>
<gpxtpx:speed>2.9</gpxtpx:speed>
</gpxtpx:TrackPointExtension>
<opentracks:accuracy_horizontal>4.754</opentracks:accuracy_horizontal></extensions>
</trkpt>
<trkpt lat="50.461311" lon="-104.548646">
<ele>558.2</ele>
<time>2026-08-28T18:48:23.144-06:00</time>
<extensions>
<gpxtpx:TrackPointExtension>
<gpxtpx:speed>3.09</gpxtpx:speed>
</gpxtpx:TrackPointExtension>
<opentracks:accuracy_horizontal>4.756</opentracks:accuracy_horizontal></extensions>
</trkpt>
<trkpt lat="50.46123" lon="-104.548772">
<ele>559.3</ele>
<time>2026-08-28T18:48:26.157-06:00</time>
<extensions>
<gpxtpx:TrackPointExtension>
<gpxtpx:speed>4.68</gpxtpx:speed>
</gpxtpx:TrackPointExtension>
<opentracks:accuracy_horizontal>4.757</opentracks:accuracy_horizontal></extensions>
</trkpt>
<trkpt lat="50.461098" lon="-104.548828">
<ele>559.3</ele>
<time>2026-08-28T18:48:28.16-06:00</time>
<extensions>
<gpxtpx:TrackPointExtension>
<gpxtpx:speed>5.58</gpxtpx:speed>
</gpxtpx:TrackPointExtension>
<opentracks:accuracy_horizontal>4.853</opentracks:accuracy_horizontal></extensions>
</trkpt>
<trkpt lat="50.460928" lon="-104.548827">
<ele>560.1</ele>
<time>2026-08-28T18:48:30.149-06:00</time>
<extensions>
<gpxtpx:TrackPointExtension>
<gpxtpx:speed>7.49</gpxtpx:speed>
</gpxtpx:TrackPointExtension>
<opentracks:accuracy_horizontal>4.759</opentracks:accuracy_horizontal></extensions>
</trkpt>
<trkpt lat="50.460831" lon="-104.548822">
<ele>560</ele>
<time>2026-08-28T18:48:31.157-06:00</time>
<extensions>
<gpxtpx:TrackPointExtension>
<gpxtpx:speed>8.23</gpxtpx:speed>
</gpxtpx:TrackPointExtension>
<opentracks:accuracy_horizontal>4.759</opentracks:accuracy_horizontal></extensions>
</trkpt>
<trkpt lat="50.460663" lon="-104.548804">
<ele>560</ele>
<time>2026-08-28T18:48:33.152-06:00</time>
<extensions>
<gpxtpx:TrackPointExtension>
<gpxtpx:speed>8.49</gpxtpx:speed>
</gpxtpx:TrackPointExtension>
<opentracks:accuracy_horizontal>4.76</opentracks:accuracy_horizontal></extensions>
</trkpt>
<trkpt lat="50.46051" lon="-104.54881">
<ele>559.5</ele>
<time>2026-08-28T18:48:35.143-06:00</time>
<extensions>
<gpxtpx:TrackPointExtension>
<gpxtpx:speed>8.15</gpxtpx:speed>
</gpxtpx:TrackPointExtension>
<opentracks:accuracy_horizontal>4.761</opentracks:accuracy_horizontal></extensions>
</trkpt>
<trkpt lat="50.460359" lon="-104.54883">
<ele>559.2</ele>
<time>2026-08-28T18:48:37.157-06:00</time>
<extensions>
<gpxtpx:TrackPointExtension>
<gpxtpx:speed>8.23</gpxtpx:speed>
</gpxtpx:TrackPointExtension>
<opentracks:accuracy_horizontal>4.762</opentracks:accuracy_horizontal></extensions>
</trkpt>
<trkpt lat="50.460201" lon="-104.54883">
<ele>560</ele>
<time>2026-08-28T18:48:39.154-06:00</time>
<extensions>
<gpxtpx:TrackPointExtension>
<gpxtpx:speed>8.71</gpxtpx:speed>
</gpxtpx:TrackPointExtension>
<opentracks:accuracy_horizontal>4.762</opentracks:accuracy_horizontal></extensions>
</trkpt>
<trkpt lat="50.460049" lon="-104.548816">
<ele>559.8</ele>
<time>2026-08-28T18:48:41.146-06:00</time>
<extensions>
<gpxtpx:TrackPointExtension>
<gpxtpx:speed>7.84</gpxtpx:speed>
</gpxtpx:TrackPointExtension>
<opentracks:accuracy_horizontal>4.763</opentracks:accuracy_horizontal></extensions>
</trkpt>
<trkpt lat="50.459914" lon="-104.548822">
<ele>558.6</ele>
<time>2026-08-28T18:48:43.146-06:00</time>
<extensions>
<gpxtpx:TrackPointExtension>
<gpxtpx:speed>7.43</gpxtpx:speed>
</gpxtpx:TrackPointExtension>
<opentracks:accuracy_horizontal>4.764</opentracks:accuracy_horizontal></extensions>
</trkpt>
<trkpt lat="50.45977" lon="-104.548816">
<ele>558</ele>
<time>2026-08-28T18:48:45.147-06:00</time>
<extensions>
<gpxtpx:TrackPointExtension>
<gpxtpx:speed>7.59</gpxtpx:speed>
</gpxtpx:TrackPointExtension>
<opentracks:accuracy_horizontal>5.641</opentracks:accuracy_horizontal></extensions>
</trkpt>
<trkpt lat="50.459641" lon="-104.548809">
<ele>558</ele>
<time>2026-08-28T18:48:47.152-06:00</time>
<extensions>
<gpxtpx:TrackPointExtension>
<gpxtpx:speed>7.23</gpxtpx:speed>
</gpxtpx:TrackPointExtension>
<opentracks:accuracy_horizontal>4.766</opentracks:accuracy_horizontal></extensions>
</trkpt>
<trkpt lat="50.459517" lon="-104.548805">
<ele>557.8</ele>
<time>2026-08-28T18:48:49.155-06:00</time>
<extensions>
<gpxtpx:TrackPointExtension>
<gpxtpx:speed>6.91</gpxtpx:speed>
</gpxtpx:TrackPointExtension>
<opentracks:accuracy_horizontal>4.766</opentracks:accuracy_horizontal></extensions>
</trkpt>
<trkpt lat="50.45939" lon="-104.548812">
<ele>557.4</ele>
<time>2026-08-28T18:48:51.131-06:00</time>
<extensions>
<gpxtpx:TrackPointExtension>
<gpxtpx:speed>7.17</gpxtpx:speed>
</gpxtpx:TrackPointExtension>
<opentracks:accuracy_horizontal>4.767</opentracks:accuracy_horizontal></extensions>
</trkpt>
<trkpt lat="50.459259" lon="-104.548816">
<ele>557.4</ele>
<time>2026-08-28T18:48:53.143-06:00</time>
<extensions>
<gpxtpx:TrackPointExtension>
<gpxtpx:speed>6.89</gpxtpx:speed>
</gpxtpx:TrackPointExtension>
<opentracks:accuracy_horizontal>4.768</opentracks:accuracy_horizontal></extensions>
</trkpt>
<trkpt lat="50.459134" lon="-104.548812">
<ele>557.4</ele>
<time>2026-08-28T18:48:55.158-06:00</time>
<extensions>
<gpxtpx:TrackPointExtension>
<gpxtpx:speed>7.13</gpxtpx:speed>
</gpxtpx:TrackPointExtension>
<opentracks:accuracy_horizontal>4.769</opentracks:accuracy_horizontal></extensions>
</trkpt>
<trkpt lat="50.459008" lon="-104.548817">
<ele>558.3</ele>
<time>2026-08-28T18:48:57.159-06:00</time>
<extensions>
<gpxtpx:TrackPointExtension>
<gpxtpx:speed>6.54</gpxtpx:speed>
</gpxtpx:TrackPointExtension>
<opentracks:accuracy_horizontal>4.77</opentracks:accuracy_horizontal></extensions>
</trkpt>
<trkpt lat="50.458889" lon="-104.548802">
<ele>558.4</ele>
<time>2026-08-28T18:48:59.146-06:00</time>
<extensions>
<gpxtpx:TrackPointExtension>
<gpxtpx:speed>6.59</gpxtpx:speed>
</gpxtpx:TrackPointExtension>
<opentracks:accuracy_horizontal>4.77</opentracks:accuracy_horizontal></extensions>
</trkpt>
<trkpt lat="50.458763" lon="-104.548809">
<ele>557.9</ele>
<time>2026-08-28T18:49:01.164-06:00</time>
<extensions>
<gpxtpx:TrackPointExtension>
<gpxtpx:speed>6.26</gpxtpx:speed>
</gpxtpx:TrackPointExtension>
<opentracks:accuracy_horizontal>4.771</opentracks:accuracy_horizontal></extensions>
</trkpt>
<trkpt lat="50.458655" lon="-104.548828">
<ele>557.9</ele>
<time>2026-08-28T18:49:03.147-06:00</time>
<extensions>
<gpxtpx:TrackPointExtension>
<gpxtpx:speed>5.63</gpxtpx:speed>
</gpxtpx:TrackPointExtension>
<opentracks:accuracy_horizontal>4.772</opentracks:accuracy_horizontal></extensions>
</trkpt>
<trkpt lat="50.458559" lon="-104.548827">
<ele>558.8</ele>
<time>2026-08-28T18:49:05.159-06:00</time>
<extensions>
<gpxtpx:TrackPointExtension>
<gpxtpx:speed>5.36</gpxtpx:speed>
</gpxtpx:TrackPointExtension>
<opentracks:accuracy_horizontal>4.773</opentracks:accuracy_horizontal></extensions>
</trkpt>
<trkpt lat="50.458459" lon="-104.548819">
<ele>558.4</ele>
<time>2026-08-28T18:49:07.157-06:00</time>
<extensions>
<gpxtpx:TrackPointExtension>
<gpxtpx:speed>5.59</gpxtpx:speed>
</gpxtpx:TrackPointExtension>
<opentracks:accuracy_horizontal>4.773</opentracks:accuracy_horizontal></extensions>
</trkpt>
<trkpt lat="50.458345" lon="-104.548831">
<ele>558.3</ele>
<time>2026-08-28T18:49:09.154-06:00</time>
<extensions>
<gpxtpx:TrackPointExtension>
<gpxtpx:speed>6.4</gpxtpx:speed>
</gpxtpx:TrackPointExtension>
<opentracks:accuracy_horizontal>4.774</opentracks:accuracy_horizontal></extensions>
</trkpt>
<trkpt lat="50.45822" lon="-104.548837">
<ele>558.5</ele>
<time>2026-08-28T18:49:11.15-06:00</time>
<extensions>
<gpxtpx:TrackPointExtension>
<gpxtpx:speed>6.72</gpxtpx:speed>
</gpxtpx:TrackPointExtension>
<opentracks:accuracy_horizontal>4.775</opentracks:accuracy_horizontal></extensions>
</trkpt>
<trkpt lat="50.458099" lon="-104.548816">
<ele>558.8</ele>
<time>2026-08-28T18:49:13.155-06:00</time>
<extensions>
<gpxtpx:TrackPointExtension>
<gpxtpx:speed>6.07</gpxtpx:speed>
</gpxtpx:TrackPointExtension>
<opentracks:accuracy_horizontal>4.776</opentracks:accuracy_horizontal></extensions>
</trkpt>
<trkpt lat="50.457996" lon="-104.548806">
<ele>558.7</ele>
<time>2026-08-28T18:49:15.146-06:00</time>
<extensions>
<gpxtpx:TrackPointExtension>
<gpxtpx:speed>5.82</gpxtpx:speed>
</gpxtpx:TrackPointExtension>
<opentracks:accuracy_horizontal>4.777</opentracks:accuracy_horizontal></extensions>
</trkpt>
<trkpt lat="50.457885" lon="-104.548806">
<ele>557.9</ele>
<time>2026-08-28T18:49:17.162-06:00</time>
<extensions>
<gpxtpx:TrackPointExtension>
<gpxtpx:speed>5.83</gpxtpx:speed>
</gpxtpx:TrackPointExtension>
<opentracks:accuracy_horizontal>4.777</opentracks:accuracy_horizontal></extensions>
</trkpt>
<trkpt lat="50.457775" lon="-104.548823">
<ele>558.1</ele>
<time>2026-08-28T18:49:19.146-06:00</time>
<extensions>
<gpxtpx:TrackPointExtension>
<gpxtpx:speed>5.83</gpxtpx:speed>
</gpxtpx:TrackPointExtension>
<opentracks:accuracy_horizontal>4.778</opentracks:accuracy_horizontal></extensions>
</trkpt>
<trkpt lat="50.457655" lon="-104.548824">
<ele>558.3</ele>
<time>2026-08-28T18:49:21.164-06:00</time>
<extensions>
<gpxtpx:TrackPointExtension>
<gpxtpx:speed>6.52</gpxtpx:speed>
</gpxtpx:TrackPointExtension>
<opentracks:accuracy_horizontal>4.779</opentracks:accuracy_horizontal></extensions>
</trkpt>
<trkpt lat="50.457531" lon="-104.548828">
<ele>557.7</ele>
<time>2026-08-28T18:49:23.156-06:00</time>
<extensions>
<gpxtpx:TrackPointExtension>
<gpxtpx:speed>6.27</gpxtpx:speed>
</gpxtpx:TrackPointExtension>
<opentracks:accuracy_horizontal>4.78</opentracks:accuracy_horizontal></extensions>
</trkpt>
<trkpt lat="50.457414" lon="-104.548842">
<ele>557.8</ele>
<time>2026-08-28T18:49:25.147-06:00</time>
<extensions>
<gpxtpx:TrackPointExtension>
<gpxtpx:speed>5.75</gpxtpx:speed>
</gpxtpx:TrackPointExtension>
<opentracks:accuracy_horizontal>4.78</opentracks:accuracy_horizontal></extensions>
</trkpt>
<trkpt lat="50.457307" lon="-104.548837">
<ele>558</ele>
<time>2026-08-28T18:49:27.144-06:00</time>
<extensions>
<gpxtpx:TrackPointExtension>
<gpxtpx:speed>6.4</gpxtpx:speed>
</gpxtpx:TrackPointExtension>
<opentracks:accuracy_horizontal>4.781</opentracks:accuracy_horizontal></extensions>
</trkpt>
<trkpt lat="50.457186" lon="-104.54884">
<ele>558.2</ele>
<time>2026-08-28T18:49:29.157-06:00</time>
<extensions>
<gpxtpx:TrackPointExtension>
<gpxtpx:speed>6.62</gpxtpx:speed>
</gpxtpx:TrackPointExtension>
<opentracks:accuracy_horizontal>4.782</opentracks:accuracy_horizontal></extensions>
</trkpt>
<trkpt lat="50.457068" lon="-104.548852">
<ele>558.2</ele>
<time>2026-08-28T18:49:31.133-06:00</time>
<extensions>
<gpxtpx:TrackPointExtension>
<gpxtpx:speed>6.13</gpxtpx:speed>
</gpxtpx:TrackPointExtension>
<opentracks:accuracy_horizontal>4.783</opentracks:accuracy_horizontal></extensions>
</trkpt>
<trkpt lat="50.456963" lon="-104.548846">
<ele>558.3</ele>
<time>2026-08-28T18:49:33.14-06:00</time>
<extensions>
<gpxtpx:TrackPointExtension>
<gpxtpx:speed>5.88</gpxtpx:speed>
</gpxtpx:TrackPointExtension>
<opentracks:accuracy_horizontal>4.783</opentracks:accuracy_horizontal></extensions>
</trkpt>
<trkpt lat="50.456856" lon="-104.548836">
<ele>558.5</ele>
<time>2026-08-28T18:49:35.16-06:00</time>
<extensions>
<gpxtpx:TrackPointExtension>
<gpxtpx:speed>5.81</gpxtpx:speed>
</gpxtpx:TrackPointExtension>
<opentracks:accuracy_horizontal>4.784</opentracks:accuracy_horizontal></extensions>
</trkpt>
<trkpt lat="50.456742" lon="-104.548827">
<ele>558.4</ele>
<time>2026-08-28T18:49:37.161-06:00</time>
<extensions>
<gpxtpx:TrackPointExtension>
<gpxtpx:speed>6.37</gpxtpx:speed>
</gpxtpx:TrackPointExtension>
<opentracks:accuracy_horizontal>4.785</opentracks:accuracy_horizontal></extensions>
</trkpt>
<trkpt lat="50.456614" lon="-104.548831">
<ele>558.5</ele>
<time>2026-08-28T18:49:39.148-06:00</time>
<extensions>
<gpxtpx:TrackPointExtension>
<gpxtpx:speed>6.61</gpxtpx:speed>
</gpxtpx:TrackPointExtension>
<opentracks:accuracy_horizontal>4.786</opentracks:accuracy_horizontal></extensions>
</trkpt>
<trkpt lat="50.456501" lon="-104.548841">
<ele>559.5</ele>
<time>2026-08-28T18:49:41.147-06:00</time>
<extensions>
<gpxtpx:TrackPointExtension>
<gpxtpx:speed>5.9</gpxtpx:speed>
</gpxtpx:TrackPointExtension>
<opentracks:accuracy_horizontal>4.786</opentracks:accuracy_horizontal></extensions>
</trkpt>
<trkpt lat="50.456396" lon="-104.548852">
<ele>559.6</ele>
<time>2026-08-28T18:49:43.152-06:00</time>
<extensions>
<gpxtpx:TrackPointExtension>
<gpxtpx:speed>5.46</gpxtpx:speed>
</gpxtpx:TrackPointExtension>
<opentracks:accuracy_horizontal>4.787</opentracks:accuracy_horizontal></extensions>
</trkpt>
<trkpt lat="50.456294" lon="-104.548849">
<ele>559</ele>
<time>2026-08-28T18:49:45.146-06:00</time>
<extensions>
<gpxtpx:TrackPointExtension>
<gpxtpx:speed>5.6</gpxtpx:speed>
</gpxtpx:TrackPointExtension>
<opentracks:accuracy_horizontal>4.788</opentracks:accuracy_horizontal></extensions>
</trkpt>
<trkpt lat="50.456195" lon="-104.548844">
<ele>558.5</ele>
<time>2026-08-28T18:49:47.153-06:00</time>
<extensions>
<gpxtpx:TrackPointExtension>
<gpxtpx:speed>5.67</gpxtpx:speed>
</gpxtpx:TrackPointExtension>
<opentracks:accuracy_horizontal>4.843</opentracks:accuracy_horizontal></extensions>
</trkpt>
<trkpt lat="50.456087" lon="-104.548839">
<ele>558.4</ele>
<time>2026-08-28T18:49:49.146-06:00</time>
<extensions>
<gpxtpx:TrackPointExtension>
<gpxtpx:speed>5.72</gpxtpx:speed>
</gpxtpx:TrackPointExtension>
<opentracks:accuracy_horizontal>4.789</opentracks:accuracy_horizontal></extensions>
</trkpt>
<trkpt lat="50.455981" lon="-104.548838">
<ele>558.4</ele>
<time>2026-08-28T18:49:51.161-06:00</time>
<extensions>
<gpxtpx:TrackPointExtension>
<gpxtpx:speed>5.33</gpxtpx:speed>
</gpxtpx:TrackPointExtension>
<opentracks:accuracy_horizontal>4.79</opentracks:accuracy_horizontal></extensions>
</trkpt>
<trkpt lat="50.455868" lon="-104.548825">
<ele>558.5</ele>
<time>2026-08-28T18:49:53.152-06:00</time>
<extensions>
<gpxtpx:TrackPointExtension>
<gpxtpx:speed>5.9</gpxtpx:speed>
</gpxtpx:TrackPointExtension>
<opentracks:accuracy_horizontal>4.791</opentracks:accuracy_horizontal></extensions>
</trkpt>
<trkpt lat="50.455765" lon="-104.548803">
<ele>558.7</ele>
<time>2026-08-28T18:49:55.161-06:00</time>
<extensions>
<gpxtpx:TrackPointExtension>
<gpxtpx:speed>5.35</gpxtpx:speed>
</gpxtpx:TrackPointExtension>
<opentracks:accuracy_horizontal>4.792</opentracks:accuracy_horizontal></extensions>
</trkpt>
<trkpt lat="50.455675" lon="-104.548806">
<ele>558.4</ele>
<time>2026-08-28T18:49:57.15-06:00</time>
<extensions>
<gpxtpx:TrackPointExtension>
<gpxtpx:speed>4.77</gpxtpx:speed>
</gpxtpx:TrackPointExtension>
<opentracks:accuracy_horizontal>4.792</opentracks:accuracy_horizontal></extensions>
</trkpt>
<trkpt lat="50.455586" lon="-104.548829">
<ele>558.4</ele>
<time>2026-08-28T18:49:59.149-06:00</time>
<extensions>
<gpxtpx:TrackPointExtension>
<gpxtpx:speed>5.09</gpxtpx:speed>
</gpxtpx:TrackPointExtension>
<opentracks:accuracy_horizontal>4.793</opentracks:accuracy_horizontal></extensions>
</trkpt>
<trkpt lat="50.455486" lon="-104.548828">
<ele>558.5</ele>
<time>2026-08-28T18:50:01.158-06:00</time>
<extensions>
<gpxtpx:TrackPointExtension>
<gpxtpx:speed>5.03</gpxtpx:speed>
</gpxtpx:TrackPointExtension>
<opentracks:accuracy_horizontal>4.794</opentracks:accuracy_horizontal></extensions>
</trkpt>
<trkpt lat="50.455392" lon="-104.548837">
<ele>558.7</ele>
<time>2026-08-28T18:50:03.159-06:00</time>
<extensions>
<gpxtpx:TrackPointExtension>
<gpxtpx:speed>4.68</gpxtpx:speed>
</gpxtpx:TrackPointExtension>
<opentracks:accuracy_horizontal>4.795</opentracks:accuracy_horizontal></extensions>
</trkpt>
<trkpt lat="50.455276" lon="-104.548831">
<ele>558.6</ele>
<time>2026-08-28T18:50:06.156-06:00</time>
<extensions>
<gpxtpx:TrackPointExtension>
<gpxtpx:speed>3.62</gpxtpx:speed>
</gpxtpx:TrackPointExtension>
<opentracks:accuracy_horizontal>4.796</opentracks:accuracy_horizontal></extensions>
</trkpt>
<trkpt lat="50.455206" lon="-104.548924">
<ele>557.3</ele>
<time>2026-08-28T18:50:09.164-06:00</time>
<extensions>
<gpxtpx:TrackPointExtension>
<gpxtpx:speed>4.66</gpxtpx:speed>
</gpxtpx:TrackPointExtension>
<opentracks:accuracy_horizontal>4.797</opentracks:accuracy_horizontal></extensions>
</trkpt>
<trkpt lat="50.455202" lon="-104.549085">
<ele>557.3</ele>
<time>2026-08-28T18:50:11.148-06:00</time>
<extensions>
<gpxtpx:TrackPointExtension>
<gpxtpx:speed>4.94</gpxtpx:speed>
</gpxtpx:TrackPointExtension>
<opentracks:accuracy_horizontal>4.925</opentracks:accuracy_horizontal></extensions>
</trkpt>
<trkpt lat="50.455227" lon="-104.549237">
<ele>557.3</ele>
<time>2026-08-28T18:50:13.157-06:00</time>
<extensions>
<gpxtpx:TrackPointExtension>
<gpxtpx:speed>4.47</gpxtpx:speed>
</gpxtpx:TrackPointExtension>
<opentracks:accuracy_horizontal>4.926</opentracks:accuracy_horizontal></extensions>
</trkpt>
<trkpt lat="50.455248" lon="-104.549382">
<ele>557.3</ele>
<time>2026-08-28T18:50:15.146-06:00</time>
<extensions>
<gpxtpx:TrackPointExtension>
<gpxtpx:speed>4.68</gpxtpx:speed>
</gpxtpx:TrackPointExtension>
<opentracks:accuracy_horizontal>4.799</opentracks:accuracy_horizontal></extensions>
</trkpt>
<trkpt lat="50.455261" lon="-104.54954">
<ele>557.2</ele>
<time>2026-08-28T18:50:17.155-06:00</time>
<extensions>
<gpxtpx:TrackPointExtension>
<gpxtpx:speed>5.36</gpxtpx:speed>
</gpxtpx:TrackPointExtension>
<opentracks:accuracy_horizontal>4.8</opentracks:accuracy_horizontal></extensions>
</trkpt>
<trkpt lat="50.455264" lon="-104.549707">
<ele>557.2</ele>
<time>2026-08-28T18:50:19.15-06:00</time>
<extensions>
<gpxtpx:TrackPointExtension>
<gpxtpx:speed>5.48</gpxtpx:speed>
</gpxtpx:TrackPointExtension>
<opentracks:accuracy_horizontal>4.8</opentracks:accuracy_horizontal></extensions>
</trkpt>
<trkpt lat="50.455266" lon="-104.54986">
<ele>557</ele>
<time>2026-08-28T18:50:21.151-06:00</time>
<extensions>
<gpxtpx:TrackPointExtension>
<gpxtpx:speed>5.26</gpxtpx:speed>
</gpxtpx:TrackPointExtension>
<opentracks:accuracy_horizontal>4.801</opentracks:accuracy_horizontal></extensions>
</trkpt>
<trkpt lat="50.45527" lon="-104.550061">
<ele>556.5</ele>
<time>2026-08-28T18:50:24.153-06:00</time>
<extensions>
<gpxtpx:TrackPointExtension>
<gpxtpx:speed>4.98</gpxtpx:speed>
</gpxtpx:TrackPointExtension>
<opentracks:accuracy_horizontal>4.802</opentracks:accuracy_horizontal></extensions>
</trkpt>
<trkpt lat="50.45526" lon="-104.550261">
<ele>556.5</ele>
<time>2026-08-28T18:50:27.148-06:00</time>
<extensions>
<gpxtpx:TrackPointExtension>
<gpxtpx:speed>4.44</gpxtpx:speed>
</gpxtpx:TrackPointExtension>
<opentracks:accuracy_horizontal>4.803</opentracks:accuracy_horizontal></extensions>
</trkpt>
<trkpt lat="50.455256" lon="-104.550409">
<ele>556</ele>
<time>2026-08-28T18:50:29.162-06:00</time>
<extensions>
<gpxtpx:TrackPointExtension>
<gpxtpx:speed>4.82</gpxtpx:speed>
</gpxtpx:TrackPointExtension>
<opentracks:accuracy_horizontal>4.804</opentracks:accuracy_horizontal></extensions>
</trkpt>
<trkpt lat="50.455247" lon="-104.550557">
<ele>556.3</ele>
<time>2026-08-28T18:50:31.151-06:00</time>
<extensions>
<gpxtpx:TrackPointExtension>
<gpxtpx:speed>5.2</gpxtpx:speed>
</gpxtpx:TrackPointExtension>
<opentracks:accuracy_horizontal>4.805</opentracks:accuracy_horizontal></extensions>
</trkpt>
<trkpt lat="50.455244" lon="-104.550705">
<ele>556.9</ele>
<time>2026-08-28T18:50:33.149-06:00</time>
<extensions>
<gpxtpx:TrackPointExtension>
<gpxtpx:speed>5.02</gpxtpx:speed>
</gpxtpx:TrackPointExtension>
<opentracks:accuracy_horizontal>4.805</opentracks:accuracy_horizontal></extensions>
</trkpt>
<trkpt lat="50.455243" lon="-104.550847">
<ele>556.8</ele>
<time>2026-08-28T18:50:35.155-06:00</time>
<extensions>
<gpxtpx:TrackPointExtension>
<gpxtpx:speed>3.99</gpxtpx:speed>
</gpxtpx:TrackPointExtension>
<opentracks:accuracy_horizontal>4.806</opentracks:accuracy_horizontal></extensions>
</trkpt>
<trkpt lat="50.455233" lon="-104.551048">
<ele>557.1</ele>
<time>2026-08-28T18:50:38.143-06:00</time>
<extensions>
<gpxtpx:TrackPointExtension>
<gpxtpx:speed>4.93</gpxtpx:speed>
</gpxtpx:TrackPointExtension>
<opentracks:accuracy_horizontal>4.807</opentracks:accuracy_horizontal></extensions>
</trkpt>
<trkpt lat="50.45523" lon="-104.551238">
<ele>556.9</ele>
<time>2026-08-28T18:50:40.141-06:00</time>
<extensions>
<gpxtpx:TrackPointExtension>
<gpxtpx:speed>5.21</gpxtpx:speed>
</gpxtpx:TrackPointExtension>
<opentracks:accuracy_horizontal>4.808</opentracks:accuracy_horizontal></extensions>
</trkpt>
<trkpt lat="50.455239" lon="-104.551414">
<ele>556.3</ele>
<time>2026-08-28T18:50:42.135-06:00</time>
<extensions>
<gpxtpx:TrackPointExtension>
<gpxtpx:speed>5.11</gpxtpx:speed>
</gpxtpx:TrackPointExtension>
<opentracks:accuracy_horizontal>4.809</opentracks:accuracy_horizontal></extensions>
</trkpt>
<trkpt lat="50.455246" lon="-104.551603">
<ele>556.7</ele>
<time>2026-08-28T18:50:44.151-06:00</time>
<extensions>
<gpxtpx:TrackPointExtension>
<gpxtpx:speed>6.37</gpxtpx:speed>
</gpxtpx:TrackPointExtension>
<opentracks:accuracy_horizontal>4.809</opentracks:accuracy_horizontal></extensions>
</trkpt>
<trkpt lat="50.455248" lon="-104.55182">
<ele>557.2</ele>
<time>2026-08-28T18:50:46.172-06:00</time>
<extensions>
<gpxtpx:TrackPointExtension>
<gpxtpx:speed>6.47</gpxtpx:speed>
</gpxtpx:TrackPointExtension>
<opentracks:accuracy_horizontal>4.81</opentracks:accuracy_horizontal></extensions>
</trkpt>
<trkpt lat="50.455257" lon="-104.552004">
<ele>557.6</ele>
<time>2026-08-28T18:50:48.159-06:00</time>
<extensions>
<gpxtpx:TrackPointExtension>
<gpxtpx:speed>5.91</gpxtpx:speed>
</gpxtpx:TrackPointExtension>
<opentracks:accuracy_horizontal>4.811</opentracks:accuracy_horizontal></extensions>
</trkpt>
<trkpt lat="50.455255" lon="-104.552175">
<ele>558.1</ele>
<time>2026-08-28T18:50:50.151-06:00</time>
<extensions>
<gpxtpx:TrackPointExtension>
<gpxtpx:speed>5.95</gpxtpx:speed>
</gpxtpx:TrackPointExtension>
<opentracks:accuracy_horizontal>4.089</opentracks:accuracy_horizontal></extensions>
</trkpt>
<trkpt lat="50.455253" lon="-104.552366">
<ele>557.6</ele>
<time>2026-08-28T18:50:52.153-06:00</time>
<extensions>
<gpxtpx:TrackPointExtension>
<gpxtpx:speed>6.21</gpxtpx:speed>
</gpxtpx:TrackPointExtension>
<opentracks:accuracy_horizontal>4.812</opentracks:accuracy_horizontal></extensions>
</trkpt>
<trkpt lat="50.455257" lon="-104.552542">
<ele>557.9</ele>
<time>2026-08-28T18:50:54.159-06:00</time>
<extensions>
<gpxtpx:TrackPointExtension>
<gpxtpx:speed>6.21</gpxtpx:speed>
</gpxtpx:TrackPointExtension>
<opentracks:accuracy_horizontal>4.866</opentracks:accuracy_horizontal></extensions>
</trkpt>
<trkpt lat="50.455266" lon="-104.552707">
<ele>557.3</ele>
<time>2026-08-28T18:50:56.166-06:00</time>
<extensions>
<gpxtpx:TrackPointExtension>
<gpxtpx:speed>5.85</gpxtpx:speed>
</gpxtpx:TrackPointExtension>
<opentracks:accuracy_horizontal>4.813</opentracks:accuracy_horizontal></extensions>
</trkpt>
<trkpt lat="50.45526" lon="-104.552869">
<ele>556</ele>
<time>2026-08-28T18:50:58.159-06:00</time>
<extensions>
<gpxtpx:TrackPointExtension>
<gpxtpx:speed>5.53</gpxtpx:speed>
</gpxtpx:TrackPointExtension>
<opentracks:accuracy_horizontal>4.814</opentracks:accuracy_horizontal></extensions>
</trkpt>
<trkpt lat="50.455251" lon="-104.553041">
<ele>555.1</ele>
<time>2026-08-28T18:51:00.164-06:00</time>
<extensions>
<gpxtpx:TrackPointExtension>
<gpxtpx:speed>5.75</gpxtpx:speed>
</gpxtpx:TrackPointExtension>
<opentracks:accuracy_horizontal>4.815</opentracks:accuracy_horizontal></extensions>
</trkpt>
<trkpt lat="50.455249" lon="-104.553226">
<ele>555.6</ele>
<time>2026-08-28T18:51:02.156-06:00</time>
<extensions>
<gpxtpx:TrackPointExtension>
<gpxtpx:speed>6.19</gpxtpx:speed>
</gpxtpx:TrackPointExtension>
<opentracks:accuracy_horizontal>4.815</opentracks:accuracy_horizontal></extensions>
</trkpt>
<trkpt lat="50.455253" lon="-104.553412">
<ele>556.1</ele>
<time>2026-08-28T18:51:04.147-06:00</time>
<extensions>
<gpxtpx:TrackPointExtension>
<gpxtpx:speed>6.33</gpxtpx:speed>
</gpxtpx:TrackPointExtension>
<opentracks:accuracy_horizontal>4.816</opentracks:accuracy_horizontal></extensions>
</trkpt>
<trkpt lat="50.455257" lon="-104.553605">
<ele>556.3</ele>
<time>2026-08-28T18:51:06.146-06:00</time>
<extensions>
<gpxtpx:TrackPointExtension>
<gpxtpx:speed>6.32</gpxtpx:speed>
</gpxtpx:TrackPointExtension>
<opentracks:accuracy_horizontal>4.817</opentracks:accuracy_horizontal></extensions>
</trkpt>
<trkpt lat="50.455262" lon="-104.553817">
<ele>555.7</ele>
<time>2026-08-28T18:51:08.154-06:00</time>
<extensions>
<gpxtpx:TrackPointExtension>
<gpxtpx:speed>7.19</gpxtpx:speed>
</gpxtpx:TrackPointExtension>
<opentracks:accuracy_horizontal>4.817</opentracks:accuracy_horizontal></extensions>
</trkpt>
<trkpt lat="50.455265" lon="-104.554038">
<ele>556.5</ele>
<time>2026-08-28T18:51:10.159-06:00</time>
<extensions>
<gpxtpx:TrackPointExtension>
<gpxtpx:speed>7.04</gpxtpx:speed>
</gpxtpx:TrackPointExtension>
<opentracks:accuracy_horizontal>4.818</opentracks:accuracy_horizontal></extensions>
</trkpt>
<trkpt lat="50.455269" lon="-104.554238">
<ele>556.4</ele>
<time>2026-08-28T18:51:12.155-06:00</time>
<extensions>
<gpxtpx:TrackPointExtension>
<gpxtpx:speed>7.14</gpxtpx:speed>
</gpxtpx:TrackPointExtension>
<opentracks:accuracy_horizontal>4.819</opentracks:accuracy_horizontal></extensions>
</trkpt>
<trkpt lat="50.455266" lon="-104.554445">
<ele>557.1</ele>
<time>2026-08-28T18:51:14.146-06:00</time>
<extensions>
<gpxtpx:TrackPointExtension>
<gpxtpx:speed>7.21</gpxtpx:speed>
</gpxtpx:TrackPointExtension>
<opentracks:accuracy_horizontal>4.819</opentracks:accuracy_horizontal></extensions>
</trkpt>
<trkpt lat="50.45526" lon="-104.554663">
<ele>557.5</ele>
<time>2026-08-28T18:51:16.167-06:00</time>
<extensions>
<gpxtpx:TrackPointExtension>
<gpxtpx:speed>7.14</gpxtpx:speed>
</gpxtpx:TrackPointExtension>
<opentracks:accuracy_horizontal>4.82</opentracks:accuracy_horizontal></extensions>
</trkpt>
<trkpt lat="50.455256" lon="-104.554883">
<ele>557.2</ele>
<time>2026-08-28T18:51:18.161-06:00</time>
<extensions>
<gpxtpx:TrackPointExtension>
<gpxtpx:speed>7.04</gpxtpx:speed>
</gpxtpx:TrackPointExtension>
<opentracks:accuracy_horizontal>4.821</opentracks:accuracy_horizontal></extensions>
</trkpt>
<trkpt lat="50.455256" lon="-104.555086">
<ele>557.5</ele>
<time>2026-08-28T18:51:20.163-06:00</time>
<extensions>
<gpxtpx:TrackPointExtension>
<gpxtpx:speed>6.56</gpxtpx:speed>
</gpxtpx:TrackPointExtension>
<opentracks:accuracy_horizontal>4.821</opentracks:accuracy_horizontal></extensions>
</trkpt>
<trkpt lat="50.455254" lon="-104.555274">
<ele>557.4</ele>
<time>2026-08-28T18:51:22.147-06:00</time>
<extensions>
<gpxtpx:TrackPointExtension>
<gpxtpx:speed>6.76</gpxtpx:speed>
</gpxtpx:TrackPointExtension>
<opentracks:accuracy_horizontal>4.822</opentracks:accuracy_horizontal></extensions>
</trkpt>
<trkpt lat="50.455253" lon="-104.555478">
<ele>557</ele>
<time>2026-08-28T18:51:24.158-06:00</time>
<extensions>
<gpxtpx:TrackPointExtension>
<gpxtpx:speed>6.66</gpxtpx:speed>
</gpxtpx:TrackPointExtension>
<opentracks:accuracy_horizontal>4.823</opentracks:accuracy_horizontal></extensions>
</trkpt>
<trkpt lat="50.455252" lon="-104.555683">
<ele>556.8</ele>
<time>2026-08-28T18:51:26.147-06:00</time>
<extensions>
<gpxtpx:TrackPointExtension>
<gpxtpx:speed>6.75</gpxtpx:speed>
</gpxtpx:TrackPointExtension>
<opentracks:accuracy_horizontal>4.823</opentracks:accuracy_horizontal></extensions>
</trkpt>
<trkpt lat="50.455253" lon="-104.555879">
<ele>557.1</ele>
<time>2026-08-28T18:51:28.166-06:00</time>
<extensions>
<gpxtpx:TrackPointExtension>
<gpxtpx:speed>6.45</gpxtpx:speed>
</gpxtpx:TrackPointExtension>
<opentracks:accuracy_horizontal>4.824</opentracks:accuracy_horizontal></extensions>
</trkpt>
<trkpt lat="50.455257" lon="-104.556053">
<ele>556.8</ele>
<time>2026-08-28T18:51:30.156-06:00</time>
<extensions>
<gpxtpx:TrackPointExtension>
<gpxtpx:speed>6.19</gpxtpx:speed>
</gpxtpx:TrackPointExtension>
<opentracks:accuracy_horizontal>4.825</opentracks:accuracy_horizontal></extensions>
</trkpt>
<trkpt lat="50.455259" lon="-104.556244">
<ele>556.2</ele>
<time>2026-08-28T18:51:32.142-06:00</time>
<extensions>
<gpxtpx:TrackPointExtension>
<gpxtpx:speed>6.61</gpxtpx:speed>
</gpxtpx:TrackPointExtension>
<opentracks:accuracy_horizontal>4.825</opentracks:accuracy_horizontal></extensions>
</trkpt>
<trkpt lat="50.455258" lon="-104.556438">
<ele>556.1</ele>
<time>2026-08-28T18:51:34.148-06:00</time>
<extensions>
<gpxtpx:TrackPointExtension>
<gpxtpx:speed>6.07</gpxtpx:speed>
</gpxtpx:TrackPointExtension>
<opentracks:accuracy_horizontal>4.826</opentracks:accuracy_horizontal></extensions>
</trkpt>
<trkpt lat="50.455258" lon="-104.556622">
<ele>555</ele>
<time>2026-08-28T18:51:36.149-06:00</time>
<extensions>
<gpxtpx:TrackPointExtension>
<gpxtpx:speed>5.79</gpxtpx:speed>
</gpxtpx:TrackPointExtension>
<opentracks:accuracy_horizontal>4.827</opentracks:accuracy_horizontal></extensions>
</trkpt>
<trkpt lat="50.455247" lon="-104.5568">
<ele>555.3</ele>
<time>2026-08-28T18:51:38.158-06:00</time>
<extensions>
<gpxtpx:TrackPointExtension>
<gpxtpx:speed>6.84</gpxtpx:speed>
</gpxtpx:TrackPointExtension>
<opentracks:accuracy_horizontal>3.946</opentracks:accuracy_horizontal></extensions>
</trkpt>
<trkpt lat="50.455231" lon="-104.556988">
<ele>555.8</ele>
<time>2026-08-28T18:51:40.141-06:00</time>
<extensions>
<gpxtpx:TrackPointExtension>
<gpxtpx:speed>5.84</gpxtpx:speed>
</gpxtpx:TrackPointExtension>
<opentracks:accuracy_horizontal>4.828</opentracks:accuracy_horizontal></extensions>
</trkpt>
<trkpt lat="50.455242" lon="-104.557132">
<ele>556.1</ele>
<time>2026-08-28T18:51:42.152-06:00</time>
<extensions>
<gpxtpx:TrackPointExtension>
<gpxtpx:speed>5.14</gpxtpx:speed>
</gpxtpx:TrackPointExtension>
<opentracks:accuracy_horizontal>4.829</opentracks:accuracy_horizontal></extensions>
</trkpt>
<trkpt lat="50.455253" lon="-104.557292">
<ele>555.4</ele>
<time>2026-08-28T18:51:45.148-06:00</time>
<extensions>
<gpxtpx:TrackPointExtension>
<gpxtpx:speed>3.7</gpxtpx:speed>
</gpxtpx:TrackPointExtension>
<opentracks:accuracy_horizontal>4.83</opentracks:accuracy_horizontal></extensions>
</trkpt>
<trkpt lat="50.455247" lon="-104.557441">
<ele>555.6</ele>
<time>2026-08-28T18:51:48.147-06:00</time>
<extensions>
<gpxtpx:TrackPointExtension>
<gpxtpx:speed>2.86</gpxtpx:speed>
</gpxtpx:TrackPointExtension>
<opentracks:accuracy_horizontal>4.831</opentracks:accuracy_horizontal></extensions>
</trkpt>
<trkpt lat="50.455266" lon="-104.557598">
<ele>556.3</ele>
<time>2026-08-28T18:51:51.154-06:00</time>
<extensions>
<gpxtpx:TrackPointExtension>
<gpxtpx:speed>4.17</gpxtpx:speed>
</gpxtpx:TrackPointExtension>
<opentracks:accuracy_horizontal>4.832</opentracks:accuracy_horizontal></extensions>
</trkpt>
<trkpt lat="50.455281" lon="-104.557757">
<ele>556</ele>
<time>2026-08-28T18:51:53.145-06:00</time>
<extensions>
<gpxtpx:TrackPointExtension>
<gpxtpx:speed>5.12</gpxtpx:speed>
</gpxtpx:TrackPointExtension>
<opentracks:accuracy_horizontal>4.221</opentracks:accuracy_horizontal></extensions>
</trkpt>
<trkpt lat="50.455277" lon="-104.557946">
<ele>557.1</ele>
<time>2026-08-28T18:51:55.127-06:00</time>
<extensions>
<gpxtpx:TrackPointExtension>
<gpxtpx:speed>6.28</gpxtpx:speed>
</gpxtpx:TrackPointExtension>
<opentracks:accuracy_horizontal>3.949</opentracks:accuracy_horizontal></extensions>
</trkpt>
<trkpt lat="50.455265" lon="-104.558165">
<ele>558.5</ele>
<time>2026-08-28T18:51:57.148-06:00</time>
<extensions>
<gpxtpx:TrackPointExtension>
<gpxtpx:speed>7.18</gpxtpx:speed>
</gpxtpx:TrackPointExtension>
<opentracks:accuracy_horizontal>3.944</opentracks:accuracy_horizontal></extensions>
</trkpt>
<trkpt lat="50.455262" lon="-104.558397">
<ele>559</ele>
<time>2026-08-28T18:51:59.159-06:00</time>
<extensions>
<gpxtpx:TrackPointExtension>
<gpxtpx:speed>7.15</gpxtpx:speed>
</gpxtpx:TrackPointExtension>
<opentracks:accuracy_horizontal>4.234</opentracks:accuracy_horizontal></extensions>
</trkpt>
<trkpt lat="50.455256" lon="-104.558635">
<ele>559.1</ele>
<time>2026-08-28T18:52:01.151-06:00</time>
<extensions>
<gpxtpx:TrackPointExtension>
<gpxtpx:speed>7.69</gpxtpx:speed>
</gpxtpx:TrackPointExtension>
<opentracks:accuracy_horizontal>4.234</opentracks:accuracy_horizontal></extensions>
</trkpt>
<trkpt lat="50.455264" lon="-104.558874">
<ele>558.3</ele>
<time>2026-08-28T18:52:03.153-06:00</time>
<extensions>
<gpxtpx:TrackPointExtension>
<gpxtpx:speed>7.87</gpxtpx:speed>
</gpxtpx:TrackPointExtension>
<opentracks:accuracy_horizontal>3.945</opentracks:accuracy_horizontal></extensions>
</trkpt>
<trkpt lat="50.455268" lon="-104.559107">
<ele>558.6</ele>
<time>2026-08-28T18:52:05.152-06:00</time>
<extensions>
<gpxtpx:TrackPointExtension>
<gpxtpx:speed>7.89</gpxtpx:speed>
</gpxtpx:TrackPointExtension>
<opentracks:accuracy_horizontal>3.945</opentracks:accuracy_horizontal></extensions>
</trkpt>
<trkpt lat="50.455263" lon="-104.559336">
<ele>558.3</ele>
<time>2026-08-28T18:52:07.152-06:00</time>
<extensions>
<gpxtpx:TrackPointExtension>
<gpxtpx:speed>7.75</gpxtpx:speed>
</gpxtpx:TrackPointExtension>
<opentracks:accuracy_horizontal>3.945</opentracks:accuracy_horizontal></extensions>
</trkpt>
<trkpt lat="50.455254" lon="-104.559555">
<ele>557.9</ele>
<time>2026-08-28T18:52:09.162-06:00</time>
<extensions>
<gpxtpx:TrackPointExtension>
<gpxtpx:speed>7.59</gpxtpx:speed>
</gpxtpx:TrackPointExtension>
<opentracks:accuracy_horizontal>3.946</opentracks:accuracy_horizontal></extensions>
</trkpt>
<trkpt lat="50.455255" lon="-104.559765">
<ele>557.8</ele>
<time>2026-08-28T18:52:11.164-06:00</time>
<extensions>
<gpxtpx:TrackPointExtension>
<gpxtpx:speed>7.26</gpxtpx:speed>
</gpxtpx:TrackPointExtension>
<opentracks:accuracy_horizontal>4.838</opentracks:accuracy_horizontal></extensions>
</trkpt>
<trkpt lat="50.455251" lon="-104.559985">
<ele>557.7</ele>
<time>2026-08-28T18:52:13.143-06:00</time>
<extensions>
<gpxtpx:TrackPointExtension>
<gpxtpx:speed>7.23</gpxtpx:speed>
</gpxtpx:TrackPointExtension>
<opentracks:accuracy_horizontal>4.838</opentracks:accuracy_horizontal></extensions>
</trkpt>
<trkpt lat="50.455256" lon="-104.560207">
<ele>556.9</ele>
<time>2026-08-28T18:52:15.154-06:00</time>
<extensions>
<gpxtpx:TrackPointExtension>
<gpxtpx:speed>7.88</gpxtpx:speed>
</gpxtpx:TrackPointExtension>
<opentracks:accuracy_horizontal>4.112</opentracks:accuracy_horizontal></extensions>
</trkpt>
<trkpt lat="50.455261" lon="-104.560442">
<ele>556.8</ele>
<time>2026-08-28T18:52:17.145-06:00</time>
<extensions>
<gpxtpx:TrackPointExtension>
<gpxtpx:speed>7.99</gpxtpx:speed>
</gpxtpx:TrackPointExtension>
<opentracks:accuracy_horizontal>4.84</opentracks:accuracy_horizontal></extensions>
</trkpt>
<trkpt lat="50.455253" lon="-104.560656">
<ele>557.1</ele>
<time>2026-08-28T18:52:19.17-06:00</time>
<extensions>
<gpxtpx:TrackPointExtension>
<gpxtpx:speed>7.7</gpxtpx:speed>
</gpxtpx:TrackPointExtension>
<opentracks:accuracy_horizontal>4.84</opentracks:accuracy_horizontal></extensions>
</trkpt>
<trkpt lat="50.45525" lon="-104.560887">
<ele>557.1</ele>
<time>2026-08-28T18:52:21.157-06:00</time>
<extensions>
<gpxtpx:TrackPointExtension>
<gpxtpx:speed>7.62</gpxtpx:speed>
</gpxtpx:TrackPointExtension>
<opentracks:accuracy_horizontal>4.841</opentracks:accuracy_horizontal></extensions>
</trkpt>
<trkpt lat="50.455255" lon="-104.5611">
<ele>557</ele>
<time>2026-08-28T18:52:23.144-06:00</time>
<extensions>
<gpxtpx:TrackPointExtension>
<gpxtpx:speed>7.68</gpxtpx:speed>
</gpxtpx:TrackPointExtension>
<opentracks:accuracy_horizontal>4.978</opentracks:accuracy_horizontal></extensions>
</trkpt>
<trkpt lat="50.455256" lon="-104.561317">
<ele>556.4</ele>
<time>2026-08-28T18:52:25.161-06:00</time>
<extensions>
<gpxtpx:TrackPointExtension>
<gpxtpx:speed>7.73</gpxtpx:speed>
</gpxtpx:TrackPointExtension>
<opentracks:accuracy_horizontal>4.842</opentracks:accuracy_horizontal></extensions>
</trkpt>
<trkpt lat="50.455247" lon="-104.561541">
<ele>556</ele>
<time>2026-08-28T18:52:27.162-06:00</time>
<extensions>
<gpxtpx:TrackPointExtension>
<gpxtpx:speed>7.59</gpxtpx:speed>
</gpxtpx:TrackPointExtension>
<opentracks:accuracy_horizontal>4.115</opentracks:accuracy_horizontal></extensions>
</trkpt>
<trkpt lat="50.455247" lon="-104.561774">
<ele>556.9</ele>
<time>2026-08-28T18:52:29.15-06:00</time>
<extensions>
<gpxtpx:TrackPointExtension>
<gpxtpx:speed>7.45</gpxtpx:speed>
</gpxtpx:TrackPointExtension>
<opentracks:accuracy_horizontal>4.115</opentracks:accuracy_horizontal></extensions>
</trkpt>
<trkpt lat="50.455257" lon="-104.561991">
<ele>557.5</ele>
<time>2026-08-28T18:52:31.15-06:00</time>
<extensions>
<gpxtpx:TrackPointExtension>
<gpxtpx:speed>7.71</gpxtpx:speed>
</gpxtpx:TrackPointExtension>
<opentracks:accuracy_horizontal>4.844</opentracks:accuracy_horizontal></extensions>
</trkpt>
<trkpt lat="50.455262" lon="-104.562217">
<ele>557.5</ele>
<time>2026-08-28T18:52:33.147-06:00</time>
<extensions>
<gpxtpx:TrackPointExtension>
<gpxtpx:speed>7.93</gpxtpx:speed>
</gpxtpx:TrackPointExtension>
<opentracks:accuracy_horizontal>4.845</opentracks:accuracy_horizontal></extensions>
</trkpt>
<trkpt lat="50.455256" lon="-104.562447">
<ele>557</ele>
<time>2026-08-28T18:52:35.158-06:00</time>
<extensions>
<gpxtpx:TrackPointExtension>
<gpxtpx:speed>7.86</gpxtpx:speed>
</gpxtpx:TrackPointExtension>
<opentracks:accuracy_horizontal>4.845</opentracks:accuracy_horizontal></extensions>
</trkpt>
<trkpt lat="50.455266" lon="-104.562685">
<ele>556.3</ele>
<time>2026-08-28T18:52:37.16-06:00</time>
<extensions>
<gpxtpx:TrackPointExtension>
<gpxtpx:speed>8.35</gpxtpx:speed>
</gpxtpx:TrackPointExtension>
<opentracks:accuracy_horizontal>4.846</opentracks:accuracy_horizontal></extensions>
</trkpt>
<trkpt lat="50.455253" lon="-104.562962">
<ele>556.5</ele>
<time>2026-08-28T18:52:39.157-06:00</time>
<extensions>
<gpxtpx:TrackPointExtension>
<gpxtpx:speed>9.58</gpxtpx:speed>
</gpxtpx:TrackPointExtension>
<opentracks:accuracy_horizontal>4.846</opentracks:accuracy_horizontal></extensions>
</trkpt>
<trkpt lat="50.455253" lon="-104.563223">
<ele>556.6</ele>
<time>2026-08-28T18:52:41.164-06:00</time>
<extensions>
<gpxtpx:TrackPointExtension>
<gpxtpx:speed>8.93</gpxtpx:speed>
</gpxtpx:TrackPointExtension>
<opentracks:accuracy_horizontal>4.847</opentracks:accuracy_horizontal></extensions>
</trkpt>
<trkpt lat="50.45525" lon="-104.563466">
<ele>556.3</ele>
<time>2026-08-28T18:52:43.143-06:00</time>
<extensions>
<gpxtpx:TrackPointExtension>
<gpxtpx:speed>8.69</gpxtpx:speed>
</gpxtpx:TrackPointExtension>
<opentracks:accuracy_horizontal>4.203</opentracks:accuracy_horizontal></extensions>
</trkpt>
<trkpt lat="50.455242" lon="-104.563703">
<ele>556.4</ele>
<time>2026-08-28T18:52:45.15-06:00</time>
<extensions>
<gpxtpx:TrackPointExtension>
<gpxtpx:speed>8.6</gpxtpx:speed>
</gpxtpx:TrackPointExtension>
<opentracks:accuracy_horizontal>4.97</opentracks:accuracy_horizontal></extensions>
</trkpt>
<trkpt lat="50.455247" lon="-104.563985">
<ele>555.3</ele>
<time>2026-08-28T18:52:47.155-06:00</time>
<extensions>
<gpxtpx:TrackPointExtension>
<gpxtpx:speed>9.27</gpxtpx:speed>
</gpxtpx:TrackPointExtension>
<opentracks:accuracy_horizontal>5.069</opentracks:accuracy_horizontal></extensions>
</trkpt>
<trkpt lat="50.455233" lon="-104.564259">
<ele>554.4</ele>
<time>2026-08-28T18:52:49.162-06:00</time>
<extensions>
<gpxtpx:TrackPointExtension>
<gpxtpx:speed>9.45</gpxtpx:speed>
</gpxtpx:TrackPointExtension>
<opentracks:accuracy_horizontal>4.849</opentracks:accuracy_horizontal></extensions>
</trkpt>
<trkpt lat="50.455243" lon="-104.564525">
<ele>554.5</ele>
<time>2026-08-28T18:52:51.155-06:00</time>
<extensions>
<gpxtpx:TrackPointExtension>
<gpxtpx:speed>8.93</gpxtpx:speed>
</gpxtpx:TrackPointExtension>
<opentracks:accuracy_horizontal>4.85</opentracks:accuracy_horizontal></extensions>
</trkpt>
<trkpt lat="50.45525" lon="-104.564781">
<ele>554.7</ele>
<time>2026-08-28T18:52:53.151-06:00</time>
<extensions>
<gpxtpx:TrackPointExtension>
<gpxtpx:speed>8.27</gpxtpx:speed>
</gpxtpx:TrackPointExtension>
<opentracks:accuracy_horizontal>4.85</opentracks:accuracy_horizontal></extensions>
</trkpt>
<trkpt lat="50.455266" lon="-104.565002">
<ele>555.3</ele>
<time>2026-08-28T18:52:55.162-06:00</time>
<extensions>
<gpxtpx:TrackPointExtension>
<gpxtpx:speed>7.74</gpxtpx:speed>
</gpxtpx:TrackPointExtension>
<opentracks:accuracy_horizontal>4.851</opentracks:accuracy_horizontal></extensions>
</trkpt>
<trkpt lat="50.455268" lon="-104.565219">
<ele>554.8</ele>
<time>2026-08-28T18:52:57.147-06:00</time>
<extensions>
<gpxtpx:TrackPointExtension>
<gpxtpx:speed>7.7</gpxtpx:speed>
</gpxtpx:TrackPointExtension>
<opentracks:accuracy_horizontal>4.852</opentracks:accuracy_horizontal></extensions>
</trkpt>
<trkpt lat="50.455255" lon="-104.565434">
<ele>554.7</ele>
<time>2026-08-28T18:52:59.154-06:00</time>
<extensions>
<gpxtpx:TrackPointExtension>
<gpxtpx:speed>6.92</gpxtpx:speed>
</gpxtpx:TrackPointExtension>
<opentracks:accuracy_horizontal>4.123</opentracks:accuracy_horizontal></extensions>
</trkpt>
<trkpt lat="50.455247" lon="-104.565645">
<ele>554.8</ele>
<time>2026-08-28T18:53:01.133-06:00</time>
<extensions>
<gpxtpx:TrackPointExtension>
<gpxtpx:speed>7.38</gpxtpx:speed>
</gpxtpx:TrackPointExtension>
<opentracks:accuracy_horizontal>4.853</opentracks:accuracy_horizontal></extensions>
</trkpt>
<trkpt lat="50.45524" lon="-104.565853">
<ele>555.2</ele>
<time>2026-08-28T18:53:03.151-06:00</time>
<extensions>
<gpxtpx:TrackPointExtension>
<gpxtpx:speed>7.23</gpxtpx:speed>
</gpxtpx:TrackPointExtension>
<opentracks:accuracy_horizontal>4.853</opentracks:accuracy_horizontal></extensions>
</trkpt>
<trkpt lat="50.455243" lon="-104.566068">
<ele>555.8</ele>
<time>2026-08-28T18:53:05.146-06:00</time>
<extensions>
<gpxtpx:TrackPointExtension>
<gpxtpx:speed>7.06</gpxtpx:speed>
</gpxtpx:TrackPointExtension>
<opentracks:accuracy_horizontal>4.854</opentracks:accuracy_horizontal></extensions>
</trkpt>
<trkpt lat="50.455248" lon="-104.566273">
<ele>556.2</ele>
<time>2026-08-28T18:53:07.131-06:00</time>
<extensions>
<gpxtpx:TrackPointExtension>
<gpxtpx:speed>6.78</gpxtpx:speed>
</gpxtpx:TrackPointExtension>
<opentracks:accuracy_horizontal>4.855</opentracks:accuracy_horizontal></extensions>
</trkpt>
<trkpt lat="50.455253" lon="-104.56645">
<ele>556</ele>
<time>2026-08-28T18:53:09.152-06:00</time>
<extensions>
<gpxtpx:TrackPointExtension>
<gpxtpx:speed>5.83</gpxtpx:speed>
</gpxtpx:TrackPointExtension>
<opentracks:accuracy_horizontal>4.855</opentracks:accuracy_horizontal></extensions>
</trkpt>
<trkpt lat="50.455251" lon="-104.566623">
<ele>556.1</ele>
<time>2026-08-28T18:53:11.155-06:00</time>
<extensions>
<gpxtpx:TrackPointExtension>
<gpxtpx:speed>6.28</gpxtpx:speed>
</gpxtpx:TrackPointExtension>
<opentracks:accuracy_horizontal>3.956</opentracks:accuracy_horizontal></extensions>
</trkpt>
<trkpt lat="50.455254" lon="-104.566808">
<ele>556</ele>
<time>2026-08-28T18:53:13.154-06:00</time>
<extensions>
<gpxtpx:TrackPointExtension>
<gpxtpx:speed>6.18</gpxtpx:speed>
</gpxtpx:TrackPointExtension>
<opentracks:accuracy_horizontal>3.956</opentracks:accuracy_horizontal></extensions>
</trkpt>
<trkpt lat="50.455264" lon="-104.566994">
<ele>556.7</ele>
<time>2026-08-28T18:53:15.152-06:00</time>
<extensions>
<gpxtpx:TrackPointExtension>
<gpxtpx:speed>6.16</gpxtpx:speed>
</gpxtpx:TrackPointExtension>
<opentracks:accuracy_horizontal>3.957</opentracks:accuracy_horizontal></extensions>
</trkpt>
<trkpt lat="50.455262" lon="-104.567153">
<ele>557.1</ele>
<time>2026-08-28T18:53:17.156-06:00</time>
<extensions>
<gpxtpx:TrackPointExtension>
<gpxtpx:speed>5.5</gpxtpx:speed>
</gpxtpx:TrackPointExtension>
<opentracks:accuracy_horizontal>3.957</opentracks:accuracy_horizontal></extensions>
</trkpt>
<trkpt lat="50.455247" lon="-104.567313">
<ele>556.7</ele>
<time>2026-08-28T18:53:19.165-06:00</time>
<extensions>
<gpxtpx:TrackPointExtension>
<gpxtpx:speed>5.34</gpxtpx:speed>
</gpxtpx:TrackPointExtension>
<opentracks:accuracy_horizontal>3.957</opentracks:accuracy_horizontal></extensions>
</trkpt>
<trkpt lat="50.455231" lon="-104.567453">
<ele>557</ele>
<time>2026-08-28T18:53:21.172-06:00</time>
<extensions>
<gpxtpx:TrackPointExtension>
<gpxtpx:speed>5.39</gpxtpx:speed>
</gpxtpx:TrackPointExtension>
<opentracks:accuracy_horizontal>3.958</opentracks:accuracy_horizontal></extensions>
</trkpt>
<trkpt lat="50.455231" lon="-104.567613">
<ele>557.3</ele>
<time>2026-08-28T18:53:23.149-06:00</time>
<extensions>
<gpxtpx:TrackPointExtension>
<gpxtpx:speed>5.43</gpxtpx:speed>
</gpxtpx:TrackPointExtension>
<opentracks:accuracy_horizontal>3.958</opentracks:accuracy_horizontal></extensions>
</trkpt>
<trkpt lat="50.455223" lon="-104.56778">
<ele>557.2</ele>
<time>2026-08-28T18:53:25.161-06:00</time>
<extensions>
<gpxtpx:TrackPointExtension>
<gpxtpx:speed>5.79</gpxtpx:speed>
</gpxtpx:TrackPointExtension>
<opentracks:accuracy_horizontal>3.958</opentracks:accuracy_horizontal></extensions>
</trkpt>
<trkpt lat="50.455145" lon="-104.567939">
<ele>557.7</ele>
<time>2026-08-28T18:53:27.151-06:00</time>
<extensions>
<gpxtpx:TrackPointExtension>
<gpxtpx:speed>6.89</gpxtpx:speed>
</gpxtpx:TrackPointExtension>
<opentracks:accuracy_horizontal>4.296</opentracks:accuracy_horizontal></extensions>
</trkpt>
<trkpt lat="50.454984" lon="-104.568001">
<ele>558.2</ele>
<time>2026-08-28T18:53:29.157-06:00</time>
<extensions>
<gpxtpx:TrackPointExtension>
<gpxtpx:speed>6.54</gpxtpx:speed>
</gpxtpx:TrackPointExtension>
<opentracks:accuracy_horizontal>3.984</opentracks:accuracy_horizontal></extensions>
</trkpt>
<trkpt lat="50.454829" lon="-104.567962">
<ele>557.3</ele>
<time>2026-08-28T18:53:31.146-06:00</time>
<extensions>
<gpxtpx:TrackPointExtension>
<gpxtpx:speed>6.56</gpxtpx:speed>
</gpxtpx:TrackPointExtension>
<opentracks:accuracy_horizontal>3.959</opentracks:accuracy_horizontal></extensions>
</trkpt>
<trkpt lat="50.454696" lon="-104.56794">
<ele>556.3</ele>
<time>2026-08-28T18:53:33.143-06:00</time>
<extensions>
<gpxtpx:TrackPointExtension>
<gpxtpx:speed>6.62</gpxtpx:speed>
</gpxtpx:TrackPointExtension>
<opentracks:accuracy_horizontal>3.96</opentracks:accuracy_horizontal></extensions>
</trkpt>
<trkpt lat="50.454569" lon="-104.567942">
<ele>556.9</ele>
<time>2026-08-28T18:53:35.153-06:00</time>
<extensions>
<gpxtpx:TrackPointExtension>
<gpxtpx:speed>6.91</gpxtpx:speed>
</gpxtpx:TrackPointExtension>
<opentracks:accuracy_horizontal>3.96</opentracks:accuracy_horizontal></extensions>
</trkpt>
<trkpt lat="50.454425" lon="-104.567957">
<ele>557.2</ele>
<time>2026-08-28T18:53:37.154-06:00</time>
<extensions>
<gpxtpx:TrackPointExtension>
<gpxtpx:speed>7.06</gpxtpx:speed>
</gpxtpx:TrackPointExtension>
<opentracks:accuracy_horizontal>3.96</opentracks:accuracy_horizontal></extensions>
</trkpt>
<trkpt lat="50.454283" lon="-104.56792">
<ele>558.5</ele>
<time>2026-08-28T18:53:39.143-06:00</time>
<extensions>
<gpxtpx:TrackPointExtension>
<gpxtpx:speed>7.26</gpxtpx:speed>
</gpxtpx:TrackPointExtension>
<opentracks:accuracy_horizontal>4.23</opentracks:accuracy_horizontal></extensions>
</trkpt>
<trkpt lat="50.454162" lon="-104.567925">
<ele>559.2</ele>
<time>2026-08-28T18:53:41.149-06:00</time>
<extensions>
<gpxtpx:TrackPointExtension>
<gpxtpx:speed>6.43</gpxtpx:speed>
</gpxtpx:TrackPointExtension>
<opentracks:accuracy_horizontal>3.961</opentracks:accuracy_horizontal></extensions>
</trkpt>
<trkpt lat="50.454057" lon="-104.567924">
<ele>559.1</ele>
<time>2026-08-28T18:53:43.128-06:00</time>
<extensions>
<gpxtpx:TrackPointExtension>
<gpxtpx:speed>5.81</gpxtpx:speed>
</gpxtpx:TrackPointExtension>
<opentracks:accuracy_horizontal>3.961</opentracks:accuracy_horizontal></extensions>
</trkpt>
<trkpt lat="50.453949" lon="-104.567932">
<ele>559.1</ele>
<time>2026-08-28T18:53:45.169-06:00</time>
<extensions>
<gpxtpx:TrackPointExtension>
<gpxtpx:speed>6.11</gpxtpx:speed>
</gpxtpx:TrackPointExtension>
<opentracks:accuracy_horizontal>3.962</opentracks:accuracy_horizontal></extensions>
</trkpt>
<trkpt lat="50.453834" lon="-104.567959">
<ele>558.1</ele>
<time>2026-08-28T18:53:47.171-06:00</time>
<extensions>
<gpxtpx:TrackPointExtension>
<gpxtpx:speed>6.11</gpxtpx:speed>
</gpxtpx:TrackPointExtension>
<opentracks:accuracy_horizontal>3.962</opentracks:accuracy_horizontal></extensions>
</trkpt>
<trkpt lat="50.453721" lon="-104.567986">
<ele>558.1</ele>
<time>2026-08-28T18:53:49.158-06:00</time>
<extensions>
<gpxtpx:TrackPointExtension>
<gpxtpx:speed>5.47</gpxtpx:speed>
</gpxtpx:TrackPointExtension>
<opentracks:accuracy_horizontal>4.913</opentracks:accuracy_horizontal></extensions>
</trkpt>
<trkpt lat="50.453628" lon="-104.567998">
<ele>558.4</ele>
<time>2026-08-28T18:53:51.134-06:00</time>
<extensions>
<gpxtpx:TrackPointExtension>
<gpxtpx:speed>4.83</gpxtpx:speed>
</gpxtpx:TrackPointExtension>
<opentracks:accuracy_horizontal>4.009</opentracks:accuracy_horizontal></extensions>
</trkpt>
<trkpt lat="50.453497" lon="-104.568027">
<ele>559.5</ele>
<time>2026-08-28T18:53:54.163-06:00</time>
<extensions>
<gpxtpx:TrackPointExtension>
<gpxtpx:speed>4.6</gpxtpx:speed>
</gpxtpx:TrackPointExtension>
<opentracks:accuracy_horizontal>4.024</opentracks:accuracy_horizontal></extensions>
</trkpt>
<trkpt lat="50.453386" lon="-104.568021">
<ele>561.1</ele>
<time>2026-08-28T18:53:57.15-06:00</time>
<extensions>
<gpxtpx:TrackPointExtension>
<gpxtpx:speed>5.04</gpxtpx:speed>
</gpxtpx:TrackPointExtension>
<opentracks:accuracy_horizontal>3.964</opentracks:accuracy_horizontal></extensions>
</trkpt>
<trkpt lat="50.453252" lon="-104.567977">
<ele>560.5</ele>
<time>2026-08-28T18:54:00.15-06:00</time>
<extensions>
<gpxtpx:TrackPointExtension>
<gpxtpx:speed>4.94</gpxtpx:speed>
</gpxtpx:TrackPointExtension>
<opentracks:accuracy_horizontal>3.964</opentracks:accuracy_horizontal></extensions>
</trkpt>
<trkpt lat="50.453161" lon="-104.56796">
<ele>559.4</ele>
<time>2026-08-28T18:54:02.171-06:00</time>
<extensions>
<gpxtpx:TrackPointExtension>
<gpxtpx:speed>4.59</gpxtpx:speed>
</gpxtpx:TrackPointExtension>
<opentracks:accuracy_horizontal>3.965</opentracks:accuracy_horizontal></extensions>
</trkpt>
<trkpt lat="50.453068" lon="-104.567965">
<ele>558.7</ele>
<time>2026-08-28T18:54:04.159-06:00</time>
<extensions>
<gpxtpx:TrackPointExtension>
<gpxtpx:speed>4.87</gpxtpx:speed>
</gpxtpx:TrackPointExtension>
<opentracks:accuracy_horizontal>3.965</opentracks:accuracy_horizontal></extensions>
</trkpt>
<trkpt lat="50.452967" lon="-104.567967">
<ele>558</ele>
<time>2026-08-28T18:54:06.16-06:00</time>
<extensions>
<gpxtpx:TrackPointExtension>
<gpxtpx:speed>5.21</gpxtpx:speed>
</gpxtpx:TrackPointExtension>
<opentracks:accuracy_horizontal>4.014</opentracks:accuracy_horizontal></extensions>
</trkpt>
<trkpt lat="50.452857" lon="-104.567964">
<ele>557.4</ele>
<time>2026-08-28T18:54:08.146-06:00</time>
<extensions>
<gpxtpx:TrackPointExtension>
<gpxtpx:speed>5.06</gpxtpx:speed>
</gpxtpx:TrackPointExtension>
<opentracks:accuracy_horizontal>4.55</opentracks:accuracy_horizontal></extensions>
</trkpt>
<trkpt lat="50.45273" lon="-104.567955">
<ele>556.6</ele>
<time>2026-08-28T18:54:11.148-06:00</time>
<extensions>
<gpxtpx:TrackPointExtension>
<gpxtpx:speed>4.68</gpxtpx:speed>
</gpxtpx:TrackPointExtension>
<opentracks:accuracy_horizontal>5.116</opentracks:accuracy_horizontal></extensions>
</trkpt>
<trkpt lat="50.45261" lon="-104.56795">
<ele>556.7</ele>
<time>2026-08-28T18:54:14.133-06:00</time>
<extensions>
<gpxtpx:TrackPointExtension>
<gpxtpx:speed>3.9</gpxtpx:speed>
</gpxtpx:TrackPointExtension>
<opentracks:accuracy_horizontal>5.386</opentracks:accuracy_horizontal></extensions>
</trkpt>
<trkpt lat="50.452509" lon="-104.567972">
<ele>556.2</ele>
<time>2026-08-28T18:54:17.16-06:00</time>
<extensions>
<gpxtpx:TrackPointExtension>
<gpxtpx:speed>4</gpxtpx:speed>
</gpxtpx:TrackPointExtension>
<opentracks:accuracy_horizontal>5.553</opentracks:accuracy_horizontal></extensions>
</trkpt>
<trkpt lat="50.452409" lon="-104.567994">
<ele>557.4</ele>
<time>2026-08-28T18:54:20.161-06:00</time>
<extensions>
<gpxtpx:TrackPointExtension>
<gpxtpx:speed>2.96</gpxtpx:speed>
</gpxtpx:TrackPointExtension>
<opentracks:accuracy_horizontal>4.699</opentracks:accuracy_horizontal></extensions>
</trkpt>
<trkpt lat="50.452318" lon="-104.56797">
<ele>558.1</ele>
<time>2026-08-28T18:54:26.148-06:00</time>
<extensions>
<gpxtpx:TrackPointExtension>
<gpxtpx:speed>2.2</gpxtpx:speed>
</gpxtpx:TrackPointExtension>
<opentracks:accuracy_horizontal>4.024</opentracks:accuracy_horizontal></extensions>
</trkpt>
<trkpt lat="50.452217" lon="-104.567971">
<ele>557</ele>
<time>2026-08-28T18:54:30.154-06:00</time>
<extensions>
<gpxtpx:TrackPointExtension>
<gpxtpx:speed>3.13</gpxtpx:speed>
</gpxtpx:TrackPointExtension>
<opentracks:accuracy_horizontal>4.591</opentracks:accuracy_horizontal></extensions>
</trkpt>
<trkpt lat="50.452105" lon="-104.567962">
<ele>556.7</ele>
<time>2026-08-28T18:54:33.152-06:00</time>
<extensions>
<gpxtpx:TrackPointExtension>
<gpxtpx:speed>3.74</gpxtpx:speed>
</gpxtpx:TrackPointExtension>
<opentracks:accuracy_horizontal>4.25</opentracks:accuracy_horizontal></extensions>
</trkpt>
<trkpt lat="50.452006" lon="-104.567979">
<ele>555.2</ele>
<time>2026-08-28T18:54:35.156-06:00</time>
<extensions>
<gpxtpx:TrackPointExtension>
<gpxtpx:speed>3.65</gpxtpx:speed>
</gpxtpx:TrackPointExtension>
<opentracks:accuracy_horizontal>3.97</opentracks:accuracy_horizontal></extensions>
</trkpt>
<trkpt lat="50.451864" lon="-104.567958">
<ele>555.1</ele>
<time>2026-08-28T18:54:38.164-06:00</time>
<extensions>
<gpxtpx:TrackPointExtension>
<gpxtpx:speed>5.09</gpxtpx:speed>
</gpxtpx:TrackPointExtension>
<opentracks:accuracy_horizontal>3.971</opentracks:accuracy_horizontal></extensions>
</trkpt>
<trkpt lat="50.451771" lon="-104.567947">
<ele>554.9</ele>
<time>2026-08-28T18:54:40.153-06:00</time>
<extensions>
<gpxtpx:TrackPointExtension>
<gpxtpx:speed>4.24</gpxtpx:speed>
</gpxtpx:TrackPointExtension>
<opentracks:accuracy_horizontal>3.971</opentracks:accuracy_horizontal></extensions>
</trkpt>
<trkpt lat="50.451648" lon="-104.567965">
<ele>556</ele>
<time>2026-08-28T18:54:43.118-06:00</time>
<extensions>
<gpxtpx:TrackPointExtension>
<gpxtpx:speed>4.81</gpxtpx:speed>
</gpxtpx:TrackPointExtension>
<opentracks:accuracy_horizontal>3.971</opentracks:accuracy_horizontal></extensions>
</trkpt>
<trkpt lat="50.45153" lon="-104.567932">
<ele>557.5</ele>
<time>2026-08-28T18:54:46.145-06:00</time>
<extensions>
<gpxtpx:TrackPointExtension>
<gpxtpx:speed>3.58</gpxtpx:speed>
</gpxtpx:TrackPointExtension>
<opentracks:accuracy_horizontal>4.236</opentracks:accuracy_horizontal></extensions>
</trkpt>
<trkpt lat="50.451422" lon="-104.567919">
<ele>558.2</ele>
<time>2026-08-28T18:54:49.16-06:00</time>
<extensions>
<gpxtpx:TrackPointExtension>
<gpxtpx:speed>3.89</gpxtpx:speed>
</gpxtpx:TrackPointExtension>
<opentracks:accuracy_horizontal>3.972</opentracks:accuracy_horizontal></extensions>
</trkpt>
<trkpt lat="50.451295" lon="-104.567953">
<ele>557.7</ele>
<time>2026-08-28T18:54:52.151-06:00</time>
<extensions>
<gpxtpx:TrackPointExtension>
<gpxtpx:speed>5.13</gpxtpx:speed>
</gpxtpx:TrackPointExtension>
<opentracks:accuracy_horizontal>3.973</opentracks:accuracy_horizontal></extensions>
</trkpt>
<trkpt lat="50.451192" lon="-104.567941">
<ele>557.9</ele>
<time>2026-08-28T18:54:54.153-06:00</time>
<extensions>
<gpxtpx:TrackPointExtension>
<gpxtpx:speed>5.28</gpxtpx:speed>
</gpxtpx:TrackPointExtension>
<opentracks:accuracy_horizontal>3.973</opentracks:accuracy_horizontal></extensions>
</trkpt>
<trkpt lat="50.451079" lon="-104.567933">
<ele>557.8</ele>
<time>2026-08-28T18:54:56.15-06:00</time>
<extensions>
<gpxtpx:TrackPointExtension>
<gpxtpx:speed>5.73</gpxtpx:speed>
</gpxtpx:TrackPointExtension>
<opentracks:accuracy_horizontal>4.057</opentracks:accuracy_horizontal></extensions>
</trkpt>
<trkpt lat="50.450951" lon="-104.567917">
<ele>557.4</ele>
<time>2026-08-28T18:54:58.153-06:00</time>
<extensions>
<gpxtpx:TrackPointExtension>
<gpxtpx:speed>6</gpxtpx:speed>
</gpxtpx:TrackPointExtension>
<opentracks:accuracy_horizontal>3.974</opentracks:accuracy_horizontal></extensions>
</trkpt>
<trkpt lat="50.450838" lon="-104.567913">
<ele>556.5</ele>
<time>2026-08-28T18:55:00.15-06:00</time>
<extensions>
<gpxtpx:TrackPointExtension>
<gpxtpx:speed>5.33</gpxtpx:speed>
</gpxtpx:TrackPointExtension>
<opentracks:accuracy_horizontal>3.974</opentracks:accuracy_horizontal></extensions>
</trkpt>
<trkpt lat="50.450743" lon="-104.567948">
<ele>555.7</ele>
<time>2026-08-28T18:55:02.161-06:00</time>
<extensions>
<gpxtpx:TrackPointExtension>
<gpxtpx:speed>3.97</gpxtpx:speed>
</gpxtpx:TrackPointExtension>
<opentracks:accuracy_horizontal>3.975</opentracks:accuracy_horizontal></extensions>
</trkpt>
<trkpt lat="50.45064" lon="-104.567943">
<ele>556.3</ele>
<time>2026-08-28T18:55:05.159-06:00</time>
<extensions>
<gpxtpx:TrackPointExtension>
<gpxtpx:speed>3.25</gpxtpx:speed>
</gpxtpx:TrackPointExtension>
<opentracks:accuracy_horizontal>3.975</opentracks:accuracy_horizontal></extensions>
</trkpt>
<trkpt lat="50.450544" lon="-104.567956">
<ele>556.9</ele>
<time>2026-08-28T18:55:09.142-06:00</time>
<extensions>
<gpxtpx:TrackPointExtension>
<gpxtpx:speed>2.6</gpxtpx:speed>
</gpxtpx:TrackPointExtension>
<opentracks:accuracy_horizontal>3.976</opentracks:accuracy_horizontal></extensions>
</trkpt>
<trkpt lat="50.450448" lon="-104.568008">
<ele>556.7</ele>
<time>2026-08-28T18:55:13.14-06:00</time>
<extensions>
<gpxtpx:TrackPointExtension>
<gpxtpx:speed>2.74</gpxtpx:speed>
</gpxtpx:TrackPointExtension>
<opentracks:accuracy_horizontal>3.976</opentracks:accuracy_horizontal></extensions>
</trkpt>
<trkpt lat="50.450386" lon="-104.568137">
<ele>556.3</ele>
<time>2026-08-28T18:55:17.169-06:00</time>
<extensions>
<gpxtpx:TrackPointExtension>
<gpxtpx:speed>3.55</gpxtpx:speed>
</gpxtpx:TrackPointExtension>
<opentracks:accuracy_horizontal>3.977</opentracks:accuracy_horizontal></extensions>
</trkpt>
<trkpt lat="50.450397" lon="-104.568305">
<ele>555.4</ele>
<time>2026-08-28T18:55:20.15-06:00</time>
<extensions>
<gpxtpx:TrackPointExtension>
<gpxtpx:speed>3.72</gpxtpx:speed>
</gpxtpx:TrackPointExtension>
<opentracks:accuracy_horizontal>3.978</opentracks:accuracy_horizontal></extensions>
</trkpt>
<trkpt lat="50.45042" lon="-104.568483">
<ele>554.9</ele>
<time>2026-08-28T18:55:23.149-06:00</time>
<extensions>
<gpxtpx:TrackPointExtension>
<gpxtpx:speed>4.21</gpxtpx:speed>
</gpxtpx:TrackPointExtension>
<opentracks:accuracy_horizontal>3.978</opentracks:accuracy_horizontal></extensions>
</trkpt>
<trkpt lat="50.450439" lon="-104.568627">
<ele>554.9</ele>
<time>2026-08-28T18:55:25.155-06:00</time>
<extensions>
<gpxtpx:TrackPointExtension>
<gpxtpx:speed>4.47</gpxtpx:speed>
</gpxtpx:TrackPointExtension>
<opentracks:accuracy_horizontal>3.978</opentracks:accuracy_horizontal></extensions>
</trkpt>
<trkpt lat="50.450438" lon="-104.568774">
<ele>554.8</ele>
<time>2026-08-28T18:55:27.133-06:00</time>
<extensions>
<gpxtpx:TrackPointExtension>
<gpxtpx:speed>4.28</gpxtpx:speed>
</gpxtpx:TrackPointExtension>
<opentracks:accuracy_horizontal>3.979</opentracks:accuracy_horizontal></extensions>
</trkpt>
<trkpt lat="50.450417" lon="-104.568967">
<ele>554.3</ele>
<time>2026-08-28T18:55:30.153-06:00</time>
<extensions>
<gpxtpx:TrackPointExtension>
<gpxtpx:speed>4.28</gpxtpx:speed>
</gpxtpx:TrackPointExtension>
<opentracks:accuracy_horizontal>3.979</opentracks:accuracy_horizontal></extensions>
</trkpt>
<trkpt lat="50.45043" lon="-104.569157">
<ele>554.5</ele>
<time>2026-08-28T18:55:33.154-06:00</time>
<extensions>
<gpxtpx:TrackPointExtension>
<gpxtpx:speed>4.32</gpxtpx:speed>
</gpxtpx:TrackPointExtension>
<opentracks:accuracy_horizontal>3.98</opentracks:accuracy_horizontal></extensions>
</trkpt>
<trkpt lat="50.45041" lon="-104.569298">
<ele>555.6</ele>
<time>2026-08-28T18:55:35.156-06:00</time>
<extensions>
<gpxtpx:TrackPointExtension>
<gpxtpx:speed>3.84</gpxtpx:speed>
</gpxtpx:TrackPointExtension>
<opentracks:accuracy_horizontal>3.98</opentracks:accuracy_horizontal></extensions>
</trkpt>
<trkpt lat="50.450306" lon="-104.569399">
<ele>556.4</ele>
<time>2026-08-28T18:55:38.124-06:00</time>
<extensions>
<gpxtpx:TrackPointExtension>
<gpxtpx:speed>5.11</gpxtpx:speed>
</gpxtpx:TrackPointExtension>
<opentracks:accuracy_horizontal>4.059</opentracks:accuracy_horizontal></extensions>
</trkpt>
<trkpt lat="50.450176" lon="-104.569405">
<ele>556.4</ele>
<time>2026-08-28T18:55:40.146-06:00</time>
<extensions>
<gpxtpx:TrackPointExtension>
<gpxtpx:speed>5.46</gpxtpx:speed>
</gpxtpx:TrackPointExtension>
<opentracks:accuracy_horizontal>3.994</opentracks:accuracy_horizontal></extensions>
</trkpt>
<trkpt lat="50.450063" lon="-104.569423">
<ele>556.4</ele>
<time>2026-08-28T18:55:42.152-06:00</time>
<extensions>
<gpxtpx:TrackPointExtension>
<gpxtpx:speed>5.25</gpxtpx:speed>
</gpxtpx:TrackPointExtension>
<opentracks:accuracy_horizontal>4.035</opentracks:accuracy_horizontal></extensions>
</trkpt>
<trkpt lat="50.449967" lon="-104.569434">
<ele>556.3</ele>
<time>2026-08-28T18:55:44.152-06:00</time>
<extensions>
<gpxtpx:TrackPointExtension>
<gpxtpx:speed>4.98</gpxtpx:speed>
</gpxtpx:TrackPointExtension>
<opentracks:accuracy_horizontal>3.982</opentracks:accuracy_horizontal></extensions>
</trkpt>
<trkpt lat="50.44987" lon="-104.569425">
<ele>556.1</ele>
<time>2026-08-28T18:55:46.161-06:00</time>
<extensions>
<gpxtpx:TrackPointExtension>
<gpxtpx:speed>5.1</gpxtpx:speed>
</gpxtpx:TrackPointExtension>
<opentracks:accuracy_horizontal>3.994</opentracks:accuracy_horizontal></extensions>
</trkpt>
<trkpt lat="50.449771" lon="-104.569408">
<ele>556.4</ele>
<time>2026-08-28T18:55:48.161-06:00</time>
<extensions>
<gpxtpx:TrackPointExtension>
<gpxtpx:speed>5.03</gpxtpx:speed>
</gpxtpx:TrackPointExtension>
<opentracks:accuracy_horizontal>3.982</opentracks:accuracy_horizontal></extensions>
</trkpt>
<trkpt lat="50.449676" lon="-104.569387">
<ele>556.3</ele>
<time>2026-08-28T18:55:50.154-06:00</time>
<extensions>
<gpxtpx:TrackPointExtension>
<gpxtpx:speed>4.86</gpxtpx:speed>
</gpxtpx:TrackPointExtension>
<opentracks:accuracy_horizontal>3.983</opentracks:accuracy_horizontal></extensions>
</trkpt>
<trkpt lat="50.449584" lon="-104.569393">
<ele>556.3</ele>
<time>2026-08-28T18:55:52.149-06:00</time>
<extensions>
<gpxtpx:TrackPointExtension>
<gpxtpx:speed>4.74</gpxtpx:speed>
</gpxtpx:TrackPointExtension>
<opentracks:accuracy_horizontal>3.983</opentracks:accuracy_horizontal></extensions>
</trkpt>
<trkpt lat="50.449488" lon="-104.569407">
<ele>557.1</ele>
<time>2026-08-28T18:55:54.151-06:00</time>
<extensions>
<gpxtpx:TrackPointExtension>
<gpxtpx:speed>5.74</gpxtpx:speed>
</gpxtpx:TrackPointExtension>
<opentracks:accuracy_horizontal>3.983</opentracks:accuracy_horizontal></extensions>
</trkpt>
<trkpt lat="50.449379" lon="-104.569411">
<ele>557.8</ele>
<time>2026-08-28T18:55:56.15-06:00</time>
<extensions>
<gpxtpx:TrackPointExtension>
<gpxtpx:speed>5.38</gpxtpx:speed>
</gpxtpx:TrackPointExtension>
<opentracks:accuracy_horizontal>4.241</opentracks:accuracy_horizontal></extensions>
</trkpt>
<trkpt lat="50.449281" lon="-104.569416">
<ele>557.2</ele>
<time>2026-08-28T18:55:58.164-06:00</time>
<extensions>
<gpxtpx:TrackPointExtension>
<gpxtpx:speed>5.03</gpxtpx:speed>
</gpxtpx:TrackPointExtension>
<opentracks:accuracy_horizontal>3.984</opentracks:accuracy_horizontal></extensions>
</trkpt>
<trkpt lat="50.449172" lon="-104.569404">
<ele>556.9</ele>
<time>2026-08-28T18:56:01.158-06:00</time>
<extensions>
<gpxtpx:TrackPointExtension>
<gpxtpx:speed>3.26</gpxtpx:speed>
</gpxtpx:TrackPointExtension>
<opentracks:accuracy_horizontal>3.984</opentracks:accuracy_horizontal></extensions>
</trkpt>
<trkpt lat="50.449044" lon="-104.56939">
<ele>556.8</ele>
<time>2026-08-28T18:56:05.173-06:00</time>
<extensions>
<gpxtpx:TrackPointExtension>
<gpxtpx:speed>4.28</gpxtpx:speed>
</gpxtpx:TrackPointExtension>
<opentracks:accuracy_horizontal>3.985</opentracks:accuracy_horizontal></extensions>
</trkpt>
<trkpt lat="50.448937" lon="-104.569445">
<ele>556.3</ele>
<time>2026-08-28T18:56:08.159-06:00</time>
<extensions>
<gpxtpx:TrackPointExtension>
<gpxtpx:speed>3.66</gpxtpx:speed>
</gpxtpx:TrackPointExtension>
<opentracks:accuracy_horizontal>3.986</opentracks:accuracy_horizontal></extensions>
</trkpt>
<trkpt lat="50.448835" lon="-104.569489">
<ele>555.5</ele>
<time>2026-08-28T18:56:12.155-06:00</time>
<extensions>
<gpxtpx:TrackPointExtension>
<gpxtpx:speed>4.63</gpxtpx:speed>
</gpxtpx:TrackPointExtension>
<opentracks:accuracy_horizontal>3.986</opentracks:accuracy_horizontal></extensions>
</trkpt>
<trkpt lat="50.448864" lon="-104.569701">
<ele>555.9</ele>
<time>2026-08-28T18:56:15.151-06:00</time>
<extensions>
<gpxtpx:TrackPointExtension>
<gpxtpx:speed>4.98</gpxtpx:speed>
</gpxtpx:TrackPointExtension>
<opentracks:accuracy_horizontal>4.939</opentracks:accuracy_horizontal></extensions>
</trkpt>
<trkpt lat="50.448878" lon="-104.569865">
<ele>554.9</ele>
<time>2026-08-28T18:56:17.15-06:00</time>
<extensions>
<gpxtpx:TrackPointExtension>
<gpxtpx:speed>5.41</gpxtpx:speed>
</gpxtpx:TrackPointExtension>
<opentracks:accuracy_horizontal>4.939</opentracks:accuracy_horizontal></extensions>
</trkpt>
<trkpt lat="50.448876" lon="-104.570022">
<ele>554.4</ele>
<time>2026-08-28T18:56:19.152-06:00</time>
<extensions>
<gpxtpx:TrackPointExtension>
<gpxtpx:speed>5.49</gpxtpx:speed>
</gpxtpx:TrackPointExtension>
<opentracks:accuracy_horizontal>4.939</opentracks:accuracy_horizontal></extensions>
</trkpt>
<trkpt lat="50.448876" lon="-104.570176">
<ele>553.8</ele>
<time>2026-08-28T18:56:21.159-06:00</time>
<extensions>
<gpxtpx:TrackPointExtension>
<gpxtpx:speed>5.28</gpxtpx:speed>
</gpxtpx:TrackPointExtension>
<opentracks:accuracy_horizontal>4.939</opentracks:accuracy_horizontal></extensions>
</trkpt>
<trkpt lat="50.448876" lon="-104.570322">
<ele>554</ele>
<time>2026-08-28T18:56:23.14-06:00</time>
<extensions>
<gpxtpx:TrackPointExtension>
<gpxtpx:speed>5.06</gpxtpx:speed>
</gpxtpx:TrackPointExtension>
<opentracks:accuracy_horizontal>3.988</opentracks:accuracy_horizontal></extensions>
</trkpt>
<trkpt lat="50.448866" lon="-104.570525">
<ele>553.7</ele>
<time>2026-08-28T18:56:26.164-06:00</time>
<extensions>
<gpxtpx:TrackPointExtension>
<gpxtpx:speed>4.61</gpxtpx:speed>
</gpxtpx:TrackPointExtension>
<opentracks:accuracy_horizontal>3.989</opentracks:accuracy_horizontal></extensions>
</trkpt>
<trkpt lat="50.448841" lon="-104.570719">
<ele>555.1</ele>
<time>2026-08-28T18:56:29.165-06:00</time>
<extensions>
<gpxtpx:TrackPointExtension>
<gpxtpx:speed>4.43</gpxtpx:speed>
</gpxtpx:TrackPointExtension>
<opentracks:accuracy_horizontal>3.989</opentracks:accuracy_horizontal></extensions>
</trkpt>
<trkpt lat="50.448744" lon="-104.570783">
<ele>554.9</ele>
<time>2026-08-28T18:56:31.153-06:00</time>
<extensions>
<gpxtpx:TrackPointExtension>
<gpxtpx:speed>4.97</gpxtpx:speed>
</gpxtpx:TrackPointExtension>
<opentracks:accuracy_horizontal>3.989</opentracks:accuracy_horizontal></extensions>
</trkpt>
<trkpt lat="50.448628" lon="-104.570788">
<ele>554.8</ele>
<time>2026-08-28T18:56:33.154-06:00</time>
<extensions>
<gpxtpx:TrackPointExtension>
<gpxtpx:speed>4.31</gpxtpx:speed>
</gpxtpx:TrackPointExtension>
<opentracks:accuracy_horizontal>3.99</opentracks:accuracy_horizontal></extensions>
</trkpt>
<trkpt lat="50.448495" lon="-104.570806">
<ele>555</ele>
<time>2026-08-28T18:56:36.15-06:00</time>
<extensions>
<gpxtpx:TrackPointExtension>
<gpxtpx:speed>4.44</gpxtpx:speed>
</gpxtpx:TrackPointExtension>
<opentracks:accuracy_horizontal>3.99</opentracks:accuracy_horizontal></extensions>
</trkpt>
<trkpt lat="50.448406" lon="-104.570843">
<ele>555.6</ele>
<time>2026-08-28T18:56:38.175-06:00</time>
<extensions>
<gpxtpx:TrackPointExtension>
<gpxtpx:speed>5.08</gpxtpx:speed>
</gpxtpx:TrackPointExtension>
<opentracks:accuracy_horizontal>3.991</opentracks:accuracy_horizontal></extensions>
</trkpt>
<trkpt lat="50.448282" lon="-104.570848">
<ele>557.6</ele>
<time>2026-08-28T18:56:41.169-06:00</time>
<extensions>
<gpxtpx:TrackPointExtension>
<gpxtpx:speed>4.55</gpxtpx:speed>
</gpxtpx:TrackPointExtension>
<opentracks:accuracy_horizontal>3.991</opentracks:accuracy_horizontal></extensions>
</trkpt>
<trkpt lat="50.448181" lon="-104.570847">
<ele>557.9</ele>
<time>2026-08-28T18:56:43.153-06:00</time>
<extensions>
<gpxtpx:TrackPointExtension>
<gpxtpx:speed>5.36</gpxtpx:speed>
</gpxtpx:TrackPointExtension>
<opentracks:accuracy_horizontal>3.991</opentracks:accuracy_horizontal></extensions>
</trkpt>
<trkpt lat="50.448075" lon="-104.570862">
<ele>558.6</ele>
<time>2026-08-28T18:56:45.156-06:00</time>
<extensions>
<gpxtpx:TrackPointExtension>
<gpxtpx:speed>5.42</gpxtpx:speed>
</gpxtpx:TrackPointExtension>
<opentracks:accuracy_horizontal>3.992</opentracks:accuracy_horizontal></extensions>
</trkpt>
<trkpt lat="50.447974" lon="-104.570872">
<ele>558.8</ele>
<time>2026-08-28T18:56:47.172-06:00</time>
<extensions>
<gpxtpx:TrackPointExtension>
<gpxtpx:speed>4.91</gpxtpx:speed>
</gpxtpx:TrackPointExtension>
<opentracks:accuracy_horizontal>3.992</opentracks:accuracy_horizontal></extensions>
</trkpt>
<trkpt lat="50.447857" lon="-104.570873">
<ele>559.3</ele>
<time>2026-08-28T18:56:50.157-06:00</time>
<extensions>
<gpxtpx:TrackPointExtension>
<gpxtpx:speed>4.13</gpxtpx:speed>
</gpxtpx:TrackPointExtension>
<opentracks:accuracy_horizontal>4.245</opentracks:accuracy_horizontal></extensions>
</trkpt>
<trkpt lat="50.447744" lon="-104.570827">
<ele>559.4</ele>
<time>2026-08-28T18:56:53.157-06:00</time>
<extensions>
<gpxtpx:TrackPointExtension>
<gpxtpx:speed>4.08</gpxtpx:speed>
</gpxtpx:TrackPointExtension>
<opentracks:accuracy_horizontal>4.245</opentracks:accuracy_horizontal></extensions>
</trkpt>
<trkpt lat="50.447612" lon="-104.570801">
<ele>559.3</ele>
<time>2026-08-28T18:56:56.15-06:00</time>
<extensions>
<gpxtpx:TrackPointExtension>
<gpxtpx:speed>5.02</gpxtpx:speed>
</gpxtpx:TrackPointExtension>
<opentracks:accuracy_horizontal>3.994</opentracks:accuracy_horizontal></extensions>
</trkpt>
<trkpt lat="50.44752" lon="-104.570658">
<ele>559.4</ele>
<time>2026-08-28T18:56:58.161-06:00</time>
<extensions>
<gpxtpx:TrackPointExtension>
<gpxtpx:speed>6.66</gpxtpx:speed>
</gpxtpx:TrackPointExtension>
<opentracks:accuracy_horizontal>4.134</opentracks:accuracy_horizontal></extensions>
</trkpt>
<trkpt lat="50.447492" lon="-104.570385">
<ele>558.3</ele>
<time>2026-08-28T18:57:00.171-06:00</time>
<extensions>
<gpxtpx:TrackPointExtension>
<gpxtpx:speed>8.23</gpxtpx:speed>
</gpxtpx:TrackPointExtension>
<opentracks:accuracy_horizontal>4.258</opentracks:accuracy_horizontal></extensions>
</trkpt>
<trkpt lat="50.447508" lon="-104.570118">
<ele>558.4</ele>
<time>2026-08-28T18:57:02.17-06:00</time>
<extensions>
<gpxtpx:TrackPointExtension>
<gpxtpx:speed>8.11</gpxtpx:speed>
</gpxtpx:TrackPointExtension>
<opentracks:accuracy_horizontal>4.259</opentracks:accuracy_horizontal></extensions>
</trkpt>
<trkpt lat="50.447519" lon="-104.569877">
<ele>558.1</ele>
<time>2026-08-28T18:57:04.165-06:00</time>
<extensions>
<gpxtpx:TrackPointExtension>
<gpxtpx:speed>7.87</gpxtpx:speed>
</gpxtpx:TrackPointExtension>
<opentracks:accuracy_horizontal>4.259</opentracks:accuracy_horizontal></extensions>
</trkpt>
<trkpt lat="50.447523" lon="-104.569652">
<ele>558.5</ele>
<time>2026-08-28T18:57:06.16-06:00</time>
<extensions>
<gpxtpx:TrackPointExtension>
<gpxtpx:speed>7.83</gpxtpx:speed>
</gpxtpx:TrackPointExtension>
<opentracks:accuracy_horizontal>4.26</opentracks:accuracy_horizontal></extensions>
</trkpt>
<trkpt lat="50.447524" lon="-104.569426">
<ele>558.1</ele>
<time>2026-08-28T18:57:08.154-06:00</time>
<extensions>
<gpxtpx:TrackPointExtension>
<gpxtpx:speed>7.86</gpxtpx:speed>
</gpxtpx:TrackPointExtension>
<opentracks:accuracy_horizontal>4.26</opentracks:accuracy_horizontal></extensions>
</trkpt>
<trkpt lat="50.447521" lon="-104.5692">
<ele>558.2</ele>
<time>2026-08-28T18:57:10.167-06:00</time>
<extensions>
<gpxtpx:TrackPointExtension>
<gpxtpx:speed>7.46</gpxtpx:speed>
</gpxtpx:TrackPointExtension>
<opentracks:accuracy_horizontal>4.26</opentracks:accuracy_horizontal></extensions>
</trkpt>
<trkpt lat="50.44753" lon="-104.568995">
<ele>558</ele>
<time>2026-08-28T18:57:12.166-06:00</time>
<extensions>
<gpxtpx:TrackPointExtension>
<gpxtpx:speed>7.2</gpxtpx:speed>
</gpxtpx:TrackPointExtension>
<opentracks:accuracy_horizontal>3.996</opentracks:accuracy_horizontal></extensions>
</trkpt>
<trkpt lat="50.447525" lon="-104.568796">
<ele>558.2</ele>
<time>2026-08-28T18:57:14.151-06:00</time>
<extensions>
<gpxtpx:TrackPointExtension>
<gpxtpx:speed>7.17</gpxtpx:speed>
</gpxtpx:TrackPointExtension>
<opentracks:accuracy_horizontal>3.997</opentracks:accuracy_horizontal></extensions>
</trkpt>
<trkpt lat="50.447524" lon="-104.568612">
<ele>558.4</ele>
<time>2026-08-28T18:57:16.168-06:00</time>
<extensions>
<gpxtpx:TrackPointExtension>
<gpxtpx:speed>6.62</gpxtpx:speed>
</gpxtpx:TrackPointExtension>
<opentracks:accuracy_horizontal>3.997</opentracks:accuracy_horizontal></extensions>
</trkpt>
<trkpt lat="50.447521" lon="-104.568408">
<ele>559</ele>
<time>2026-08-28T18:57:18.156-06:00</time>
<extensions>
<gpxtpx:TrackPointExtension>
<gpxtpx:speed>7.02</gpxtpx:speed>
</gpxtpx:TrackPointExtension>
<opentracks:accuracy_horizontal>3.997</opentracks:accuracy_horizontal></extensions>
</trkpt>
<trkpt lat="50.447526" lon="-104.568226">
<ele>559</ele>
<time>2026-08-28T18:57:20.159-06:00</time>
<extensions>
<gpxtpx:TrackPointExtension>
<gpxtpx:speed>6.24</gpxtpx:speed>
</gpxtpx:TrackPointExtension>
<opentracks:accuracy_horizontal>3.998</opentracks:accuracy_horizontal></extensions>
</trkpt>
<trkpt lat="50.447516" lon="-104.568036">
<ele>559</ele>
<time>2026-08-28T18:57:22.163-06:00</time>
<extensions>
<gpxtpx:TrackPointExtension>
<gpxtpx:speed>7.06</gpxtpx:speed>
</gpxtpx:TrackPointExtension>
<opentracks:accuracy_horizontal>3.998</opentracks:accuracy_horizontal></extensions>
</trkpt>
<trkpt lat="50.447507" lon="-104.567838">
<ele>559.5</ele>
<time>2026-08-28T18:57:24.159-06:00</time>
<extensions>
<gpxtpx:TrackPointExtension>
<gpxtpx:speed>6.42</gpxtpx:speed>
</gpxtpx:TrackPointExtension>
<opentracks:accuracy_horizontal>3.998</opentracks:accuracy_horizontal></extensions>
</trkpt>
<trkpt lat="50.447524" lon="-104.567676">
<ele>559.5</ele>
<time>2026-08-28T18:57:26.152-06:00</time>
<extensions>
<gpxtpx:TrackPointExtension>
<gpxtpx:speed>5.76</gpxtpx:speed>
</gpxtpx:TrackPointExtension>
<opentracks:accuracy_horizontal>3.999</opentracks:accuracy_horizontal></extensions>
</trkpt>
<trkpt lat="50.447538" lon="-104.567501">
<ele>559.1</ele>
<time>2026-08-28T18:57:28.163-06:00</time>
<extensions>
<gpxtpx:TrackPointExtension>
<gpxtpx:speed>6.46</gpxtpx:speed>
</gpxtpx:TrackPointExtension>
<opentracks:accuracy_horizontal>3.999</opentracks:accuracy_horizontal></extensions>
</trkpt>
<trkpt lat="50.447516" lon="-104.567312">
<ele>559.4</ele>
<time>2026-08-28T18:57:30.166-06:00</time>
<extensions>
<gpxtpx:TrackPointExtension>
<gpxtpx:speed>6.41</gpxtpx:speed>
</gpxtpx:TrackPointExtension>
<opentracks:accuracy_horizontal>3.999</opentracks:accuracy_horizontal></extensions>
</trkpt>
<trkpt lat="50.44751" lon="-104.567133">
<ele>559.7</ele>
<time>2026-08-28T18:57:32.155-06:00</time>
<extensions>
<gpxtpx:TrackPointExtension>
<gpxtpx:speed>5.93</gpxtpx:speed>
</gpxtpx:TrackPointExtension>
<opentracks:accuracy_horizontal>3.999</opentracks:accuracy_horizontal></extensions>
</trkpt>
<trkpt lat="50.447513" lon="-104.566963">
<ele>559.8</ele>
<time>2026-08-28T18:57:34.162-06:00</time>
<extensions>
<gpxtpx:TrackPointExtension>
<gpxtpx:speed>5.89</gpxtpx:speed>
</gpxtpx:TrackPointExtension>
<opentracks:accuracy_horizontal>4</opentracks:accuracy_horizontal></extensions>
</trkpt>
<trkpt lat="50.447508" lon="-104.566804">
<ele>559.7</ele>
<time>2026-08-28T18:57:36.159-06:00</time>
<extensions>
<gpxtpx:TrackPointExtension>
<gpxtpx:speed>5.57</gpxtpx:speed>
</gpxtpx:TrackPointExtension>
<opentracks:accuracy_horizontal>4</opentracks:accuracy_horizontal></extensions>
</trkpt>
<trkpt lat="50.447514" lon="-104.566647">
<ele>560.3</ele>
<time>2026-08-28T18:57:38.151-06:00</time>
<extensions>
<gpxtpx:TrackPointExtension>
<gpxtpx:speed>6.16</gpxtpx:speed>
</gpxtpx:TrackPointExtension>
<opentracks:accuracy_horizontal>4</opentracks:accuracy_horizontal></extensions>
</trkpt>
<trkpt lat="50.447556" lon="-104.566485">
<ele>560.6</ele>
<time>2026-08-28T18:57:40.147-06:00</time>
<extensions>
<gpxtpx:TrackPointExtension>
<gpxtpx:speed>5.7</gpxtpx:speed>
</gpxtpx:TrackPointExtension>
<opentracks:accuracy_horizontal>4.001</opentracks:accuracy_horizontal></extensions>
</trkpt>
<trkpt lat="50.447645" lon="-104.566381">
<ele>560.4</ele>
<time>2026-08-28T18:57:42.159-06:00</time>
<extensions>
<gpxtpx:TrackPointExtension>
<gpxtpx:speed>6.42</gpxtpx:speed>
</gpxtpx:TrackPointExtension>
<opentracks:accuracy_horizontal>4.072</opentracks:accuracy_horizontal></extensions>
</trkpt>
<trkpt lat="50.44778" lon="-104.566353">
<ele>559.2</ele>
<time>2026-08-28T18:57:44.152-06:00</time>
<extensions>
<gpxtpx:TrackPointExtension>
<gpxtpx:speed>5.96</gpxtpx:speed>
</gpxtpx:TrackPointExtension>
<opentracks:accuracy_horizontal>4.001</opentracks:accuracy_horizontal></extensions>
</trkpt>
<trkpt lat="50.447905" lon="-104.566379">
<ele>559</ele>
<time>2026-08-28T18:57:46.133-06:00</time>
<extensions>
<gpxtpx:TrackPointExtension>
<gpxtpx:speed>5.59</gpxtpx:speed>
</gpxtpx:TrackPointExtension>
<opentracks:accuracy_horizontal>4.294</opentracks:accuracy_horizontal></extensions>
</trkpt>
<trkpt lat="50.448014" lon="-104.566397">
<ele>559.1</ele>
<time>2026-08-28T18:57:48.154-06:00</time>
<extensions>
<gpxtpx:TrackPointExtension>
<gpxtpx:speed>5.48</gpxtpx:speed>
</gpxtpx:TrackPointExtension>
<opentracks:accuracy_horizontal>4.002</opentracks:accuracy_horizontal></extensions>
</trkpt>
<trkpt lat="50.448115" lon="-104.566412">
<ele>560.7</ele>
<time>2026-08-28T18:57:50.169-06:00</time>
<extensions>
<gpxtpx:TrackPointExtension>
<gpxtpx:speed>5.9</gpxtpx:speed>
</gpxtpx:TrackPointExtension>
<opentracks:accuracy_horizontal>4.002</opentracks:accuracy_horizontal></extensions>
</trkpt>
<trkpt lat="50.448237" lon="-104.566407">
<ele>560.7</ele>
<time>2026-08-28T18:57:52.158-06:00</time>
<extensions>
<gpxtpx:TrackPointExtension>
<gpxtpx:speed>6.3</gpxtpx:speed>
</gpxtpx:TrackPointExtension>
<opentracks:accuracy_horizontal>4.003</opentracks:accuracy_horizontal></extensions>
</trkpt>
<trkpt lat="50.448358" lon="-104.56639">
<ele>558.7</ele>
<time>2026-08-28T18:57:54.171-06:00</time>
<extensions>
<gpxtpx:TrackPointExtension>
<gpxtpx:speed>5.82</gpxtpx:speed>
</gpxtpx:TrackPointExtension>
<opentracks:accuracy_horizontal>4.003</opentracks:accuracy_horizontal></extensions>
</trkpt>
<trkpt lat="50.448462" lon="-104.566391">
<ele>558.7</ele>
<time>2026-08-28T18:57:56.156-06:00</time>
<extensions>
<gpxtpx:TrackPointExtension>
<gpxtpx:speed>5.66</gpxtpx:speed>
</gpxtpx:TrackPointExtension>
<opentracks:accuracy_horizontal>4.25</opentracks:accuracy_horizontal></extensions>
</trkpt>
<trkpt lat="50.448569" lon="-104.566395">
<ele>559.5</ele>
<time>2026-08-28T18:57:58.165-06:00</time>
<extensions>
<gpxtpx:TrackPointExtension>
<gpxtpx:speed>5.53</gpxtpx:speed>
</gpxtpx:TrackPointExtension>
<opentracks:accuracy_horizontal>4.004</opentracks:accuracy_horizontal></extensions>
</trkpt>
<trkpt lat="50.448661" lon="-104.566384">
<ele>560</ele>
<time>2026-08-28T18:58:00.151-06:00</time>
<extensions>
<gpxtpx:TrackPointExtension>
<gpxtpx:speed>4.72</gpxtpx:speed>
</gpxtpx:TrackPointExtension>
<opentracks:accuracy_horizontal>4.296</opentracks:accuracy_horizontal></extensions>
</trkpt>
<trkpt lat="50.44876" lon="-104.566406">
<ele>559.7</ele>
<time>2026-08-28T18:58:02.139-06:00</time>
<extensions>
<gpxtpx:TrackPointExtension>
<gpxtpx:speed>4.55</gpxtpx:speed>
</gpxtpx:TrackPointExtension>
<opentracks:accuracy_horizontal>4.297</opentracks:accuracy_horizontal></extensions>
</trkpt>
<trkpt lat="50.448867" lon="-104.566386">
<ele>558.8</ele>
<time>2026-08-28T18:58:04.157-06:00</time>
<extensions>
<gpxtpx:TrackPointExtension>
<gpxtpx:speed>4.86</gpxtpx:speed>
</gpxtpx:TrackPointExtension>
<opentracks:accuracy_horizontal>4.005</opentracks:accuracy_horizontal></extensions>
</trkpt>
<trkpt lat="50.448973" lon="-104.56638">
<ele>558.3</ele>
<time>2026-08-28T18:58:06.171-06:00</time>
<extensions>
<gpxtpx:TrackPointExtension>
<gpxtpx:speed>4.91</gpxtpx:speed>
</gpxtpx:TrackPointExtension>
<opentracks:accuracy_horizontal>4.005</opentracks:accuracy_horizontal></extensions>
</trkpt>
<trkpt lat="50.449073" lon="-104.566397">
<ele>556.9</ele>
<time>2026-08-28T18:58:08.163-06:00</time>
<extensions>
<gpxtpx:TrackPointExtension>
<gpxtpx:speed>4.41</gpxtpx:speed>
</gpxtpx:TrackPointExtension>
<opentracks:accuracy_horizontal>4.005</opentracks:accuracy_horizontal></extensions>
</trkpt>
<trkpt lat="50.449205" lon="-104.566389">
<ele>556.2</ele>
<time>2026-08-28T18:58:11.155-06:00</time>
<extensions>
<gpxtpx:TrackPointExtension>
<gpxtpx:speed>5.14</gpxtpx:speed>
</gpxtpx:TrackPointExtension>
<opentracks:accuracy_horizontal>4.006</opentracks:accuracy_horizontal></extensions>
</trkpt>
<trkpt lat="50.449334" lon="-104.566379">
<ele>556.1</ele>
<time>2026-08-28T18:58:14.165-06:00</time>
<extensions>
<gpxtpx:TrackPointExtension>
<gpxtpx:speed>4.6</gpxtpx:speed>
</gpxtpx:TrackPointExtension>
<opentracks:accuracy_horizontal>4.006</opentracks:accuracy_horizontal></extensions>
</trkpt>
<trkpt lat="50.449463" lon="-104.566405">
<ele>557.9</ele>
<time>2026-08-28T18:58:17.155-06:00</time>
<extensions>
<gpxtpx:TrackPointExtension>
<gpxtpx:speed>4.71</gpxtpx:speed>
</gpxtpx:TrackPointExtension>
<opentracks:accuracy_horizontal>4.251</opentracks:accuracy_horizontal></extensions>
</trkpt>
<trkpt lat="50.449573" lon="-104.566372">
<ele>558</ele>
<time>2026-08-28T18:58:19.169-06:00</time>
<extensions>
<gpxtpx:TrackPointExtension>
<gpxtpx:speed>5.47</gpxtpx:speed>
</gpxtpx:TrackPointExtension>
<opentracks:accuracy_horizontal>4.007</opentracks:accuracy_horizontal></extensions>
</trkpt>
<trkpt lat="50.449669" lon="-104.566357">
<ele>558.3</ele>
<time>2026-08-28T18:58:21.16-06:00</time>
<extensions>
<gpxtpx:TrackPointExtension>
<gpxtpx:speed>5.05</gpxtpx:speed>
</gpxtpx:TrackPointExtension>
<opentracks:accuracy_horizontal>4.007</opentracks:accuracy_horizontal></extensions>
</trkpt>
<trkpt lat="50.44976" lon="-104.566359">
<ele>558.4</ele>
<time>2026-08-28T18:58:23.161-06:00</time>
<extensions>
<gpxtpx:TrackPointExtension>
<gpxtpx:speed>4.57</gpxtpx:speed>
</gpxtpx:TrackPointExtension>
<opentracks:accuracy_horizontal>4.008</opentracks:accuracy_horizontal></extensions>
</trkpt>
<trkpt lat="50.449878" lon="-104.566353">
<ele>558</ele>
<time>2026-08-28T18:58:26.168-06:00</time>
<extensions>
<gpxtpx:TrackPointExtension>
<gpxtpx:speed>4.44</gpxtpx:speed>
</gpxtpx:TrackPointExtension>
<opentracks:accuracy_horizontal>4.008</opentracks:accuracy_horizontal></extensions>
</trkpt>
<trkpt lat="50.450004" lon="-104.566342">
<ele>558.7</ele>
<time>2026-08-28T18:58:29.162-06:00</time>
<extensions>
<gpxtpx:TrackPointExtension>
<gpxtpx:speed>4.81</gpxtpx:speed>
</gpxtpx:TrackPointExtension>
<opentracks:accuracy_horizontal>4.009</opentracks:accuracy_horizontal></extensions>
</trkpt>
<trkpt lat="50.450129" lon="-104.566333">
<ele>558.6</ele>
<time>2026-08-28T18:58:32.167-06:00</time>
<extensions>
<gpxtpx:TrackPointExtension>
<gpxtpx:speed>3.88</gpxtpx:speed>
</gpxtpx:TrackPointExtension>
<opentracks:accuracy_horizontal>4.009</opentracks:accuracy_horizontal></extensions>
</trkpt>
<trkpt lat="50.450243" lon="-104.566355">
<ele>558.5</ele>
<time>2026-08-28T18:58:35.167-06:00</time>
<extensions>
<gpxtpx:TrackPointExtension>
<gpxtpx:speed>3.47</gpxtpx:speed>
</gpxtpx:TrackPointExtension>
<opentracks:accuracy_horizontal>4.01</opentracks:accuracy_horizontal></extensions>
</trkpt>
<trkpt lat="50.450337" lon="-104.566292">
<ele>558.6</ele>
<time>2026-08-28T18:58:38.155-06:00</time>
<extensions>
<gpxtpx:TrackPointExtension>
<gpxtpx:speed>3.83</gpxtpx:speed>
</gpxtpx:TrackPointExtension>
<opentracks:accuracy_horizontal>4.08</opentracks:accuracy_horizontal></extensions>
</trkpt>
<trkpt lat="50.450359" lon="-104.56615">
<ele>559.2</ele>
<time>2026-08-28T18:58:41.155-06:00</time>
<extensions>
<gpxtpx:TrackPointExtension>
<gpxtpx:speed>3.87</gpxtpx:speed>
</gpxtpx:TrackPointExtension>
<opentracks:accuracy_horizontal>4.011</opentracks:accuracy_horizontal></extensions>
</trkpt>
<trkpt lat="50.450346" lon="-104.565975">
<ele>558.6</ele>
<time>2026-08-28T18:58:44.158-06:00</time>
<extensions>
<gpxtpx:TrackPointExtension>
<gpxtpx:speed>4.62</gpxtpx:speed>
</gpxtpx:TrackPointExtension>
<opentracks:accuracy_horizontal>4.011</opentracks:accuracy_horizontal></extensions>
</trkpt>
<trkpt lat="50.450338" lon="-104.565834">
<ele>558</ele>
<time>2026-08-28T18:58:46.18-06:00</time>
<extensions>
<gpxtpx:TrackPointExtension>
<gpxtpx:speed>4.52</gpxtpx:speed>
</gpxtpx:TrackPointExtension>
<opentracks:accuracy_horizontal>4.252</opentracks:accuracy_horizontal></extensions>
</trkpt>
<trkpt lat="50.45034" lon="-104.565632">
<ele>558.2</ele>
<time>2026-08-28T18:58:49.176-06:00</time>
<extensions>
<gpxtpx:TrackPointExtension>
<gpxtpx:speed>5.17</gpxtpx:speed>
</gpxtpx:TrackPointExtension>
<opentracks:accuracy_horizontal>4.012</opentracks:accuracy_horizontal></extensions>
</trkpt>
<trkpt lat="50.450339" lon="-104.565479">
<ele>558.5</ele>
<time>2026-08-28T18:58:51.166-06:00</time>
<extensions>
<gpxtpx:TrackPointExtension>
<gpxtpx:speed>5.51</gpxtpx:speed>
</gpxtpx:TrackPointExtension>
<opentracks:accuracy_horizontal>4.253</opentracks:accuracy_horizontal></extensions>
</trkpt>
<trkpt lat="50.450324" lon="-104.565338">
<ele>558.7</ele>
<time>2026-08-28T18:58:53.16-06:00</time>
<extensions>
<gpxtpx:TrackPointExtension>
<gpxtpx:speed>5.51</gpxtpx:speed>
</gpxtpx:TrackPointExtension>
<opentracks:accuracy_horizontal>4.012</opentracks:accuracy_horizontal></extensions>
</trkpt>
<trkpt lat="50.450316" lon="-104.565182">
<ele>560.1</ele>
<time>2026-08-28T18:58:55.159-06:00</time>
<extensions>
<gpxtpx:TrackPointExtension>
<gpxtpx:speed>5.59</gpxtpx:speed>
</gpxtpx:TrackPointExtension>
<opentracks:accuracy_horizontal>4.013</opentracks:accuracy_horizontal></extensions>
</trkpt>
<trkpt lat="50.450365" lon="-104.565045">
<ele>561.1</ele>
<time>2026-08-28T18:58:57.145-06:00</time>
<extensions>
<gpxtpx:TrackPointExtension>
<gpxtpx:speed>5.65</gpxtpx:speed>
</gpxtpx:TrackPointExtension>
<opentracks:accuracy_horizontal>4.013</opentracks:accuracy_horizontal></extensions>
</trkpt>
<trkpt lat="50.450479" lon="-104.564963">
<ele>561</ele>
<time>2026-08-28T18:58:59.155-06:00</time>
<extensions>
<gpxtpx:TrackPointExtension>
<gpxtpx:speed>6.35</gpxtpx:speed>
</gpxtpx:TrackPointExtension>
<opentracks:accuracy_horizontal>4.306</opentracks:accuracy_horizontal></extensions>
</trkpt>
<trkpt lat="50.450622" lon="-104.56493">
<ele>561.3</ele>
<time>2026-08-28T18:59:01.174-06:00</time>
<extensions>
<gpxtpx:TrackPointExtension>
<gpxtpx:speed>5.85</gpxtpx:speed>
</gpxtpx:TrackPointExtension>
<opentracks:accuracy_horizontal>4.306</opentracks:accuracy_horizontal></extensions>
</trkpt>
<trkpt lat="50.450747" lon="-104.564943">
<ele>560.4</ele>
<time>2026-08-28T18:59:03.169-06:00</time>
<extensions>
<gpxtpx:TrackPointExtension>
<gpxtpx:speed>5.82</gpxtpx:speed>
</gpxtpx:TrackPointExtension>
<opentracks:accuracy_horizontal>4.306</opentracks:accuracy_horizontal></extensions>
</trkpt>
<trkpt lat="50.450858" lon="-104.564946">
<ele>559.3</ele>
<time>2026-08-28T18:59:05.168-06:00</time>
<extensions>
<gpxtpx:TrackPointExtension>
<gpxtpx:speed>5.47</gpxtpx:speed>
</gpxtpx:TrackPointExtension>
<opentracks:accuracy_horizontal>4.306</opentracks:accuracy_horizontal></extensions>
</trkpt>
<trkpt lat="50.45097" lon="-104.564936">
<ele>559</ele>
<time>2026-08-28T18:59:07.164-06:00</time>
<extensions>
<gpxtpx:TrackPointExtension>
<gpxtpx:speed>5.69</gpxtpx:speed>
</gpxtpx:TrackPointExtension>
<opentracks:accuracy_horizontal>4.307</opentracks:accuracy_horizontal></extensions>
</trkpt>
<trkpt lat="50.451081" lon="-104.56494">
<ele>559.3</ele>
<time>2026-08-28T18:59:09.153-06:00</time>
<extensions>
<gpxtpx:TrackPointExtension>
<gpxtpx:speed>5.7</gpxtpx:speed>
</gpxtpx:TrackPointExtension>
<opentracks:accuracy_horizontal>4.307</opentracks:accuracy_horizontal></extensions>
</trkpt>
<trkpt lat="50.451194" lon="-104.564945">
<ele>559.2</ele>
<time>2026-08-28T18:59:11.157-06:00</time>
<extensions>
<gpxtpx:TrackPointExtension>
<gpxtpx:speed>5.82</gpxtpx:speed>
</gpxtpx:TrackPointExtension>
<opentracks:accuracy_horizontal>4.307</opentracks:accuracy_horizontal></extensions>
</trkpt>
<trkpt lat="50.451307" lon="-104.564925">
<ele>559.2</ele>
<time>2026-08-28T18:59:13.161-06:00</time>
<extensions>
<gpxtpx:TrackPointExtension>
<gpxtpx:speed>5.81</gpxtpx:speed>
</gpxtpx:TrackPointExtension>
<opentracks:accuracy_horizontal>4.308</opentracks:accuracy_horizontal></extensions>
</trkpt>
<trkpt lat="50.451412" lon="-104.564923">
<ele>558.6</ele>
<time>2026-08-28T18:59:15.162-06:00</time>
<extensions>
<gpxtpx:TrackPointExtension>
<gpxtpx:speed>5.41</gpxtpx:speed>
</gpxtpx:TrackPointExtension>
<opentracks:accuracy_horizontal>4.308</opentracks:accuracy_horizontal></extensions>
</trkpt>
<trkpt lat="50.451541" lon="-104.56495">
<ele>559</ele>
<time>2026-08-28T18:59:18.17-06:00</time>
<extensions>
<gpxtpx:TrackPointExtension>
<gpxtpx:speed>4.62</gpxtpx:speed>
</gpxtpx:TrackPointExtension>
<opentracks:accuracy_horizontal>4.308</opentracks:accuracy_horizontal></extensions>
</trkpt>
<trkpt lat="50.451659" lon="-104.564945">
<ele>557.7</ele>
<time>2026-08-28T18:59:21.174-06:00</time>
<extensions>
<gpxtpx:TrackPointExtension>
<gpxtpx:speed>3.97</gpxtpx:speed>
</gpxtpx:TrackPointExtension>
<opentracks:accuracy_horizontal>4.254</opentracks:accuracy_horizontal></extensions>
</trkpt>
<trkpt lat="50.451786" lon="-104.564948">
<ele>556.1</ele>
<time>2026-08-28T18:59:24.167-06:00</time>
<extensions>
<gpxtpx:TrackPointExtension>
<gpxtpx:speed>3.94</gpxtpx:speed>
</gpxtpx:TrackPointExtension>
<opentracks:accuracy_horizontal>4.017</opentracks:accuracy_horizontal></extensions>
</trkpt>
<trkpt lat="50.451883" lon="-104.564949">
<ele>557</ele>
<time>2026-08-28T18:59:26.165-06:00</time>
<extensions>
<gpxtpx:TrackPointExtension>
<gpxtpx:speed>5.07</gpxtpx:speed>
</gpxtpx:TrackPointExtension>
<opentracks:accuracy_horizontal>4.018</opentracks:accuracy_horizontal></extensions>
</trkpt>
<trkpt lat="50.451988" lon="-104.564935">
<ele>557.3</ele>
<time>2026-08-28T18:59:28.164-06:00</time>
<extensions>
<gpxtpx:TrackPointExtension>
<gpxtpx:speed>5.55</gpxtpx:speed>
</gpxtpx:TrackPointExtension>
<opentracks:accuracy_horizontal>4.018</opentracks:accuracy_horizontal></extensions>
</trkpt>
<trkpt lat="50.452095" lon="-104.564931">
<ele>557.6</ele>
<time>2026-08-28T18:59:30.165-06:00</time>
<extensions>
<gpxtpx:TrackPointExtension>
<gpxtpx:speed>5.75</gpxtpx:speed>
</gpxtpx:TrackPointExtension>
<opentracks:accuracy_horizontal>4.018</opentracks:accuracy_horizontal></extensions>
</trkpt>
<trkpt lat="50.452204" lon="-104.564931">
<ele>557.7</ele>
<time>2026-08-28T18:59:32.169-06:00</time>
<extensions>
<gpxtpx:TrackPointExtension>
<gpxtpx:speed>5.62</gpxtpx:speed>
</gpxtpx:TrackPointExtension>
<opentracks:accuracy_horizontal>4.019</opentracks:accuracy_horizontal></extensions>
</trkpt>
<trkpt lat="50.452311" lon="-104.564926">
<ele>557.7</ele>
<time>2026-08-28T18:59:34.167-06:00</time>
<extensions>
<gpxtpx:TrackPointExtension>
<gpxtpx:speed>5.99</gpxtpx:speed>
</gpxtpx:TrackPointExtension>
<opentracks:accuracy_horizontal>4.019</opentracks:accuracy_horizontal></extensions>
</trkpt>
<trkpt lat="50.45242" lon="-104.564907">
<ele>557.4</ele>
<time>2026-08-28T18:59:36.162-06:00</time>
<extensions>
<gpxtpx:TrackPointExtension>
<gpxtpx:speed>5.82</gpxtpx:speed>
</gpxtpx:TrackPointExtension>
<opentracks:accuracy_horizontal>4.255</opentracks:accuracy_horizontal></extensions>
</trkpt>
<trkpt lat="50.452526" lon="-104.564912">
<ele>557.2</ele>
<time>2026-08-28T18:59:38.15-06:00</time>
<extensions>
<gpxtpx:TrackPointExtension>
<gpxtpx:speed>6.53</gpxtpx:speed>
</gpxtpx:TrackPointExtension>
<opentracks:accuracy_horizontal>4.424</opentracks:accuracy_horizontal></extensions>
</trkpt>
<trkpt lat="50.452633" lon="-104.564946">
<ele>557.3</ele>
<time>2026-08-28T18:59:40.148-06:00</time>
<extensions>
<gpxtpx:TrackPointExtension>
<gpxtpx:speed>5.78</gpxtpx:speed>
</gpxtpx:TrackPointExtension>
<opentracks:accuracy_horizontal>4.255</opentracks:accuracy_horizontal></extensions>
</trkpt>
<trkpt lat="50.452735" lon="-104.564951">
<ele>556.8</ele>
<time>2026-08-28T18:59:42.166-06:00</time>
<extensions>
<gpxtpx:TrackPointExtension>
<gpxtpx:speed>5.32</gpxtpx:speed>
</gpxtpx:TrackPointExtension>
<opentracks:accuracy_horizontal>4.255</opentracks:accuracy_horizontal></extensions>
</trkpt>
<trkpt lat="50.452828" lon="-104.564966">
<ele>556.4</ele>
<time>2026-08-28T18:59:44.151-06:00</time>
<extensions>
<gpxtpx:TrackPointExtension>
<gpxtpx:speed>4.97</gpxtpx:speed>
</gpxtpx:TrackPointExtension>
<opentracks:accuracy_horizontal>4.255</opentracks:accuracy_horizontal></extensions>
</trkpt>
<trkpt lat="50.452918" lon="-104.564986">
<ele>556.8</ele>
<time>2026-08-28T18:59:46.165-06:00</time>
<extensions>
<gpxtpx:TrackPointExtension>
<gpxtpx:speed>4.87</gpxtpx:speed>
</gpxtpx:TrackPointExtension>
<opentracks:accuracy_horizontal>4.256</opentracks:accuracy_horizontal></extensions>
</trkpt>
<trkpt lat="50.453021" lon="-104.56498">
<ele>556.5</ele>
<time>2026-08-28T18:59:48.166-06:00</time>
<extensions>
<gpxtpx:TrackPointExtension>
<gpxtpx:speed>5.17</gpxtpx:speed>
</gpxtpx:TrackPointExtension>
<opentracks:accuracy_horizontal>4.256</opentracks:accuracy_horizontal></extensions>
</trkpt>
<trkpt lat="50.453123" lon="-104.564959">
<ele>557</ele>
<time>2026-08-28T18:59:50.162-06:00</time>
<extensions>
<gpxtpx:TrackPointExtension>
<gpxtpx:speed>5.02</gpxtpx:speed>
</gpxtpx:TrackPointExtension>
<opentracks:accuracy_horizontal>4.256</opentracks:accuracy_horizontal></extensions>
</trkpt>
<trkpt lat="50.453234" lon="-104.564963">
<ele>558.1</ele>
<time>2026-08-28T18:59:53.171-06:00</time>
<extensions>
<gpxtpx:TrackPointExtension>
<gpxtpx:speed>3.64</gpxtpx:speed>
</gpxtpx:TrackPointExtension>
<opentracks:accuracy_horizontal>4.256</opentracks:accuracy_horizontal></extensions>
</trkpt>
<trkpt lat="50.453349" lon="-104.56498">
<ele>558</ele>
<time>2026-08-28T18:59:56.17-06:00</time>
<extensions>
<gpxtpx:TrackPointExtension>
<gpxtpx:speed>4.38</gpxtpx:speed>
</gpxtpx:TrackPointExtension>
<opentracks:accuracy_horizontal>4.256</opentracks:accuracy_horizontal></extensions>
</trkpt>
<trkpt lat="50.453474" lon="-104.565029">
<ele>557.5</ele>
<time>2026-08-28T18:59:59.155-06:00</time>
<extensions>
<gpxtpx:TrackPointExtension>
<gpxtpx:speed>4.49</gpxtpx:speed>
</gpxtpx:TrackPointExtension>
<opentracks:accuracy_horizontal>4.256</opentracks:accuracy_horizontal></extensions>
</trkpt>
<trkpt lat="50.453564" lon="-104.564996">
<ele>557.4</ele>
<time>2026-08-28T19:00:01.133-06:00</time>
<extensions>
<gpxtpx:TrackPointExtension>
<gpxtpx:speed>4.8</gpxtpx:speed>
</gpxtpx:TrackPointExtension>
<opentracks:accuracy_horizontal>4.256</opentracks:accuracy_horizontal></extensions>
</trkpt>
<trkpt lat="50.453683" lon="-104.564951">
<ele>557.4</ele>
<time>2026-08-28T19:00:04.16-06:00</time>
<extensions>
<gpxtpx:TrackPointExtension>
<gpxtpx:speed>4.65</gpxtpx:speed>
</gpxtpx:TrackPointExtension>
<opentracks:accuracy_horizontal>4.256</opentracks:accuracy_horizontal></extensions>
</trkpt>
<trkpt lat="50.453773" lon="-104.564942">
<ele>557.6</ele>
<time>2026-08-28T19:00:06.154-06:00</time>
<extensions>
<gpxtpx:TrackPointExtension>
<gpxtpx:speed>5.18</gpxtpx:speed>
</gpxtpx:TrackPointExtension>
<opentracks:accuracy_horizontal>4.256</opentracks:accuracy_horizontal></extensions>
</trkpt>
<trkpt lat="50.453871" lon="-104.564952">
<ele>557.8</ele>
<time>2026-08-28T19:00:08.13-06:00</time>
<extensions>
<gpxtpx:TrackPointExtension>
<gpxtpx:speed>5.29</gpxtpx:speed>
</gpxtpx:TrackPointExtension>
<opentracks:accuracy_horizontal>4.257</opentracks:accuracy_horizontal></extensions>
</trkpt>
<trkpt lat="50.45397" lon="-104.564959">
<ele>557.7</ele>
<time>2026-08-28T19:00:10.151-06:00</time>
<extensions>
<gpxtpx:TrackPointExtension>
<gpxtpx:speed>5.36</gpxtpx:speed>
</gpxtpx:TrackPointExtension>
<opentracks:accuracy_horizontal>4.257</opentracks:accuracy_horizontal></extensions>
</trkpt>
<trkpt lat="50.454066" lon="-104.564957">
<ele>557</ele>
<time>2026-08-28T19:00:12.151-06:00</time>
<extensions>
<gpxtpx:TrackPointExtension>
<gpxtpx:speed>5.1</gpxtpx:speed>
</gpxtpx:TrackPointExtension>
<opentracks:accuracy_horizontal>4.257</opentracks:accuracy_horizontal></extensions>
</trkpt>
<trkpt lat="50.454156" lon="-104.564963">
<ele>556.7</ele>
<time>2026-08-28T19:00:14.153-06:00</time>
<extensions>
<gpxtpx:TrackPointExtension>
<gpxtpx:speed>4.5</gpxtpx:speed>
</gpxtpx:TrackPointExtension>
<opentracks:accuracy_horizontal>4.257</opentracks:accuracy_horizontal></extensions>
</trkpt>
<trkpt lat="50.454245" lon="-104.564982">
<ele>556.7</ele>
<time>2026-08-28T19:00:16.165-06:00</time>
<extensions>
<gpxtpx:TrackPointExtension>
<gpxtpx:speed>4.65</gpxtpx:speed>
</gpxtpx:TrackPointExtension>
<opentracks:accuracy_horizontal>4.257</opentracks:accuracy_horizontal></extensions>
</trkpt>
<trkpt lat="50.454341" lon="-104.564983">
<ele>557.2</ele>
<time>2026-08-28T19:00:18.16-06:00</time>
<extensions>
<gpxtpx:TrackPointExtension>
<gpxtpx:speed>5.02</gpxtpx:speed>
</gpxtpx:TrackPointExtension>
<opentracks:accuracy_horizontal>4.257</opentracks:accuracy_horizontal></extensions>
</trkpt>
<trkpt lat="50.454434" lon="-104.564968">
<ele>557.5</ele>
<time>2026-08-28T19:00:20.181-06:00</time>
<extensions>
<gpxtpx:TrackPointExtension>
<gpxtpx:speed>4.85</gpxtpx:speed>
</gpxtpx:TrackPointExtension>
<opentracks:accuracy_horizontal>4.418</opentracks:accuracy_horizontal></extensions>
</trkpt>
<trkpt lat="50.454555" lon="-104.564957">
<ele>557.3</ele>
<time>2026-08-28T19:00:23.159-06:00</time>
<extensions>
<gpxtpx:TrackPointExtension>
<gpxtpx:speed>4.05</gpxtpx:speed>
</gpxtpx:TrackPointExtension>
<opentracks:accuracy_horizontal>4.257</opentracks:accuracy_horizontal></extensions>
</trkpt>
<trkpt lat="50.454685" lon="-104.564949">
<ele>557</ele>
<time>2026-08-28T19:00:26.136-06:00</time>
<extensions>
<gpxtpx:TrackPointExtension>
<gpxtpx:speed>4.47</gpxtpx:speed>
</gpxtpx:TrackPointExtension>
<opentracks:accuracy_horizontal>4.257</opentracks:accuracy_horizontal></extensions>
</trkpt>
<trkpt lat="50.454787" lon="-104.564971">
<ele>556.2</ele>
<time>2026-08-28T19:00:29.158-06:00</time>
<extensions>
<gpxtpx:TrackPointExtension>
<gpxtpx:speed>3.41</gpxtpx:speed>
</gpxtpx:TrackPointExtension>
<opentracks:accuracy_horizontal>4.258</opentracks:accuracy_horizontal></extensions>
</trkpt>
<trkpt lat="50.454879" lon="-104.564933">
<ele>556.9</ele>
<time>2026-08-28T19:00:32.16-06:00</time>
<extensions>
<gpxtpx:TrackPointExtension>
<gpxtpx:speed>3.55</gpxtpx:speed>
</gpxtpx:TrackPointExtension>
<opentracks:accuracy_horizontal>4.258</opentracks:accuracy_horizontal></extensions>
</trkpt>
<trkpt lat="50.454983" lon="-104.564929">
<ele>556.9</ele>
<time>2026-08-28T19:00:36.166-06:00</time>
<extensions>
<gpxtpx:TrackPointExtension>
<gpxtpx:speed>2.03</gpxtpx:speed>
</gpxtpx:TrackPointExtension>
<opentracks:accuracy_horizontal>4.258</opentracks:accuracy_horizontal></extensions>
</trkpt>
<trkpt lat="50.455063" lon="-104.565002">
<ele>557</ele>
<time>2026-08-28T19:00:40.16-06:00</time>
<extensions>
<gpxtpx:TrackPointExtension>
<gpxtpx:speed>1.68</gpxtpx:speed>
</gpxtpx:TrackPointExtension>
<opentracks:accuracy_horizontal>4.258</opentracks:accuracy_horizontal></extensions>
</trkpt>
<trkpt lat="50.455135" lon="-104.565134">
<ele>557.7</ele>
<time>2026-08-28T19:00:47.142-06:00</time>
<extensions>
<gpxtpx:TrackPointExtension>
<gpxtpx:speed>2.52</gpxtpx:speed>
</gpxtpx:TrackPointExtension>
<opentracks:accuracy_horizontal>4.258</opentracks:accuracy_horizontal></extensions>
</trkpt>
<trkpt lat="50.455145" lon="-104.565308">
<ele>557.3</ele>
<time>2026-08-28T19:00:51.158-06:00</time>
<extensions>
<gpxtpx:TrackPointExtension>
<gpxtpx:speed>2.99</gpxtpx:speed>
</gpxtpx:TrackPointExtension>
<opentracks:accuracy_horizontal>4.258</opentracks:accuracy_horizontal></extensions>
</trkpt>
<trkpt lat="50.455155" lon="-104.565465">
<ele>556</ele>
<time>2026-08-28T19:00:55.164-06:00</time>
<extensions>
<gpxtpx:TrackPointExtension>
<gpxtpx:speed>2.45</gpxtpx:speed>
</gpxtpx:TrackPointExtension>
<opentracks:accuracy_horizontal>4.259</opentracks:accuracy_horizontal></extensions>
</trkpt>
<trkpt lat="50.455158" lon="-104.565606">
<ele>555.9</ele>
<time>2026-08-28T19:00:59.176-06:00</time>
<extensions>
<gpxtpx:TrackPointExtension>
<gpxtpx:speed>2.61</gpxtpx:speed>
</gpxtpx:TrackPointExtension>
<opentracks:accuracy_horizontal>4.259</opentracks:accuracy_horizontal></extensions>
</trkpt>
<trkpt lat="50.45517" lon="-104.56578">
<ele>556.9</ele>
<time>2026-08-28T19:01:03.163-06:00</time>
<extensions>
<gpxtpx:TrackPointExtension>
<gpxtpx:speed>4.23</gpxtpx:speed>
</gpxtpx:TrackPointExtension>
<opentracks:accuracy_horizontal>4.259</opentracks:accuracy_horizontal></extensions>
</trkpt>
<trkpt lat="50.455196" lon="-104.56592">
<ele>557.2</ele>
<time>2026-08-28T19:01:05.155-06:00</time>
<extensions>
<gpxtpx:TrackPointExtension>
<gpxtpx:speed>5.59</gpxtpx:speed>
</gpxtpx:TrackPointExtension>
<opentracks:accuracy_horizontal>4.259</opentracks:accuracy_horizontal></extensions>
</trkpt>
<trkpt lat="50.455254" lon="-104.56606">
<ele>556.8</ele>
<time>2026-08-28T19:01:07.157-06:00</time>
<extensions>
<gpxtpx:TrackPointExtension>
<gpxtpx:speed>4.97</gpxtpx:speed>
</gpxtpx:TrackPointExtension>
<opentracks:accuracy_horizontal>4.411</opentracks:accuracy_horizontal></extensions>
</trkpt>
<trkpt lat="50.455276" lon="-104.566236">
<ele>556.8</ele>
<time>2026-08-28T19:01:10.167-06:00</time>
<extensions>
<gpxtpx:TrackPointExtension>
<gpxtpx:speed>4.37</gpxtpx:speed>
</gpxtpx:TrackPointExtension>
<opentracks:accuracy_horizontal>4.259</opentracks:accuracy_horizontal></extensions>
</trkpt>
<trkpt lat="50.455282" lon="-104.566412">
<ele>556.8</ele>
<time>2026-08-28T19:01:13.157-06:00</time>
<extensions>
<gpxtpx:TrackPointExtension>
<gpxtpx:speed>3.58</gpxtpx:speed>
</gpxtpx:TrackPointExtension>
<opentracks:accuracy_horizontal>4.259</opentracks:accuracy_horizontal></extensions>
</trkpt>
<trkpt lat="50.455399" lon="-104.566432">
<ele>557.9</ele>
<time>2026-08-28T19:01:16.155-06:00</time>
<extensions>
<gpxtpx:TrackPointExtension>
<gpxtpx:speed>4.93</gpxtpx:speed>
</gpxtpx:TrackPointExtension>
<opentracks:accuracy_horizontal>4.259</opentracks:accuracy_horizontal></extensions>
</trkpt>
<trkpt lat="50.455524" lon="-104.566411">
<ele>557.3</ele>
<time>2026-08-28T19:01:19.159-06:00</time>
<extensions>
<gpxtpx:TrackPointExtension>
<gpxtpx:speed>4.4</gpxtpx:speed>
</gpxtpx:TrackPointExtension>
<opentracks:accuracy_horizontal>4.26</opentracks:accuracy_horizontal></extensions>
</trkpt>
<trkpt lat="50.45564" lon="-104.56642">
<ele>557.2</ele>
<time>2026-08-28T19:01:22.147-06:00</time>
<extensions>
<gpxtpx:TrackPointExtension>
<gpxtpx:speed>4</gpxtpx:speed>
</gpxtpx:TrackPointExtension>
<opentracks:accuracy_horizontal>4.26</opentracks:accuracy_horizontal></extensions>
</trkpt>
<trkpt lat="50.455749" lon="-104.566416">
<ele>558.3</ele>
<time>2026-08-28T19:01:25.151-06:00</time>
<extensions>
<gpxtpx:TrackPointExtension>
<gpxtpx:speed>4.25</gpxtpx:speed>
</gpxtpx:TrackPointExtension>
<opentracks:accuracy_horizontal>4.26</opentracks:accuracy_horizontal></extensions>
</trkpt>
<trkpt lat="50.455853" lon="-104.566405">
<ele>559</ele>
<time>2026-08-28T19:01:28.159-06:00</time>
<extensions>
<gpxtpx:TrackPointExtension>
<gpxtpx:speed>3.72</gpxtpx:speed>
</gpxtpx:TrackPointExtension>
<opentracks:accuracy_horizontal>4.26</opentracks:accuracy_horizontal></extensions>
</trkpt>
<trkpt lat="50.455972" lon="-104.566386">
<ele>558.6</ele>
<time>2026-08-28T19:01:31.164-06:00</time>
<extensions>
<gpxtpx:TrackPointExtension>
<gpxtpx:speed>3.75</gpxtpx:speed>
</gpxtpx:TrackPointExtension>
<opentracks:accuracy_horizontal>4.26</opentracks:accuracy_horizontal></extensions>
</trkpt>
<trkpt lat="50.456081" lon="-104.566393">
<ele>557.5</ele>
<time>2026-08-28T19:01:34.161-06:00</time>
<extensions>
<gpxtpx:TrackPointExtension>
<gpxtpx:speed>3.67</gpxtpx:speed>
</gpxtpx:TrackPointExtension>
<opentracks:accuracy_horizontal>4.26</opentracks:accuracy_horizontal></extensions>
</trkpt>
<trkpt lat="50.456185" lon="-104.566384">
<ele>556.5</ele>
<time>2026-08-28T19:01:37.156-06:00</time>
<extensions>
<gpxtpx:TrackPointExtension>
<gpxtpx:speed>3.59</gpxtpx:speed>
</gpxtpx:TrackPointExtension>
<opentracks:accuracy_horizontal>4.26</opentracks:accuracy_horizontal></extensions>
</trkpt>
<trkpt lat="50.456293" lon="-104.566401">
<ele>557.4</ele>
<time>2026-08-28T19:01:40.166-06:00</time>
<extensions>
<gpxtpx:TrackPointExtension>
<gpxtpx:speed>3.14</gpxtpx:speed>
</gpxtpx:TrackPointExtension>
<opentracks:accuracy_horizontal>4.566</opentracks:accuracy_horizontal></extensions>
</trkpt>
<trkpt lat="50.456408" lon="-104.566394">
<ele>557</ele>
<time>2026-08-28T19:01:44.166-06:00</time>
<extensions>
<gpxtpx:TrackPointExtension>
<gpxtpx:speed>2.97</gpxtpx:speed>
</gpxtpx:TrackPointExtension>
<opentracks:accuracy_horizontal>4.26</opentracks:accuracy_horizontal></extensions>
</trkpt>
<trkpt lat="50.4565" lon="-104.566409">
<ele>556.9</ele>
<time>2026-08-28T19:01:47.162-06:00</time>
<extensions>
<gpxtpx:TrackPointExtension>
<gpxtpx:speed>2.9</gpxtpx:speed>
</gpxtpx:TrackPointExtension>
<opentracks:accuracy_horizontal>4.261</opentracks:accuracy_horizontal></extensions>
</trkpt>
<trkpt lat="50.456597" lon="-104.566412">
<ele>556</ele>
<time>2026-08-28T19:01:50.163-06:00</time>
<extensions>
<gpxtpx:TrackPointExtension>
<gpxtpx:speed>3.24</gpxtpx:speed>
</gpxtpx:TrackPointExtension>
<opentracks:accuracy_horizontal>4.261</opentracks:accuracy_horizontal></extensions>
</trkpt>
<trkpt lat="50.456697" lon="-104.566419">
<ele>555.6</ele>
<time>2026-08-28T19:01:53.161-06:00</time>
<extensions>
<gpxtpx:TrackPointExtension>
<gpxtpx:speed>3.68</gpxtpx:speed>
</gpxtpx:TrackPointExtension>
<opentracks:accuracy_horizontal>4.261</opentracks:accuracy_horizontal></extensions>
</trkpt>
<trkpt lat="50.456808" lon="-104.566403">
<ele>555.3</ele>
<time>2026-08-28T19:01:56.157-06:00</time>
<extensions>
<gpxtpx:TrackPointExtension>
<gpxtpx:speed>3.66</gpxtpx:speed>
</gpxtpx:TrackPointExtension>
<opentracks:accuracy_horizontal>4.261</opentracks:accuracy_horizontal></extensions>
</trkpt>
<trkpt lat="50.456923" lon="-104.566383">
<ele>556.7</ele>
<time>2026-08-28T19:01:59.163-06:00</time>
<extensions>
<gpxtpx:TrackPointExtension>
<gpxtpx:speed>3.6</gpxtpx:speed>
</gpxtpx:TrackPointExtension>
<opentracks:accuracy_horizontal>4.261</opentracks:accuracy_horizontal></extensions>
</trkpt>
<trkpt lat="50.457034" lon="-104.566389">
<ele>556.2</ele>
<time>2026-08-28T19:02:02.161-06:00</time>
<extensions>
<gpxtpx:TrackPointExtension>
<gpxtpx:speed>4.44</gpxtpx:speed>
</gpxtpx:TrackPointExtension>
<opentracks:accuracy_horizontal>4.261</opentracks:accuracy_horizontal></extensions>
</trkpt>
<trkpt lat="50.457155" lon="-104.566385">
<ele>555.7</ele>
<time>2026-08-28T19:02:05.16-06:00</time>
<extensions>
<gpxtpx:TrackPointExtension>
<gpxtpx:speed>4.1</gpxtpx:speed>
</gpxtpx:TrackPointExtension>
<opentracks:accuracy_horizontal>4.261</opentracks:accuracy_horizontal></extensions>
</trkpt>
<trkpt lat="50.457287" lon="-104.566365">
<ele>556</ele>
<time>2026-08-28T19:02:08.159-06:00</time>
<extensions>
<gpxtpx:TrackPointExtension>
<gpxtpx:speed>4.49</gpxtpx:speed>
</gpxtpx:TrackPointExtension>
<opentracks:accuracy_horizontal>4.261</opentracks:accuracy_horizontal></extensions>
</trkpt>
<trkpt lat="50.457404" lon="-104.566376">
<ele>555.6</ele>
<time>2026-08-28T19:02:11.166-06:00</time>
<extensions>
<gpxtpx:TrackPointExtension>
<gpxtpx:speed>4.43</gpxtpx:speed>
</gpxtpx:TrackPointExtension>
<opentracks:accuracy_horizontal>4.261</opentracks:accuracy_horizontal></extensions>
</trkpt>
<trkpt lat="50.457541" lon="-104.566396">
<ele>556</ele>
<time>2026-08-28T19:02:14.17-06:00</time>
<extensions>
<gpxtpx:TrackPointExtension>
<gpxtpx:speed>4.42</gpxtpx:speed>
</gpxtpx:TrackPointExtension>
<opentracks:accuracy_horizontal>4.261</opentracks:accuracy_horizontal></extensions>
</trkpt>
<trkpt lat="50.457671" lon="-104.566388">
<ele>556.2</ele>
<time>2026-08-28T19:02:17.161-06:00</time>
<extensions>
<gpxtpx:TrackPointExtension>
<gpxtpx:speed>4.69</gpxtpx:speed>
</gpxtpx:TrackPointExtension>
<opentracks:accuracy_horizontal>4.261</opentracks:accuracy_horizontal></extensions>
</trkpt>
<trkpt lat="50.457762" lon="-104.566395">
<ele>556.3</ele>
<time>2026-08-28T19:02:19.175-06:00</time>
<extensions>
<gpxtpx:TrackPointExtension>
<gpxtpx:speed>4.65</gpxtpx:speed>
</gpxtpx:TrackPointExtension>
<opentracks:accuracy_horizontal>4.262</opentracks:accuracy_horizontal></extensions>
</trkpt>
<trkpt lat="50.457882" lon="-104.56639">
<ele>556.5</ele>
<time>2026-08-28T19:02:22.168-06:00</time>
<extensions>
<gpxtpx:TrackPointExtension>
<gpxtpx:speed>3.99</gpxtpx:speed>
</gpxtpx:TrackPointExtension>
<opentracks:accuracy_horizontal>4.262</opentracks:accuracy_horizontal></extensions>
</trkpt>
<trkpt lat="50.457994" lon="-104.566391">
<ele>556.8</ele>
<time>2026-08-28T19:02:25.138-06:00</time>
<extensions>
<gpxtpx:TrackPointExtension>
<gpxtpx:speed>3.72</gpxtpx:speed>
</gpxtpx:TrackPointExtension>
<opentracks:accuracy_horizontal>4.262</opentracks:accuracy_horizontal></extensions>
</trkpt>
<trkpt lat="50.458091" lon="-104.566409">
<ele>556.1</ele>
<time>2026-08-28T19:02:28.156-06:00</time>
<extensions>
<gpxtpx:TrackPointExtension>
<gpxtpx:speed>3.46</gpxtpx:speed>
</gpxtpx:TrackPointExtension>
<opentracks:accuracy_horizontal>4.262</opentracks:accuracy_horizontal></extensions>
</trkpt>
<trkpt lat="50.45819" lon="-104.566372">
<ele>556.3</ele>
<time>2026-08-28T19:02:31.139-06:00</time>
<extensions>
<gpxtpx:TrackPointExtension>
<gpxtpx:speed>3.52</gpxtpx:speed>
</gpxtpx:TrackPointExtension>
<opentracks:accuracy_horizontal>4.262</opentracks:accuracy_horizontal></extensions>
</trkpt>
<trkpt lat="50.458293" lon="-104.566356">
<ele>557.1</ele>
<time>2026-08-28T19:02:34.173-06:00</time>
<extensions>
<gpxtpx:TrackPointExtension>
<gpxtpx:speed>3.11</gpxtpx:speed>
</gpxtpx:TrackPointExtension>
<opentracks:accuracy_horizontal>4.262</opentracks:accuracy_horizontal></extensions>
</trkpt>
<trkpt lat="50.458391" lon="-104.566309">
<ele>556</ele>
<time>2026-08-28T19:02:37.161-06:00</time>
<extensions>
<gpxtpx:TrackPointExtension>
<gpxtpx:speed>3.27</gpxtpx:speed>
</gpxtpx:TrackPointExtension>
<opentracks:accuracy_horizontal>4.262</opentracks:accuracy_horizontal></extensions>
</trkpt>
<trkpt lat="50.45849" lon="-104.566225">
<ele>557.6</ele>
<time>2026-08-28T19:02:40.164-06:00</time>
<extensions>
<gpxtpx:TrackPointExtension>
<gpxtpx:speed>3.56</gpxtpx:speed>
</gpxtpx:TrackPointExtension>
<opentracks:accuracy_horizontal>4.262</opentracks:accuracy_horizontal></extensions>
</trkpt>
<trkpt lat="50.458582" lon="-104.566117">
<ele>556.2</ele>
<time>2026-08-28T19:02:44.144-06:00</time>
<extensions>
<gpxtpx:TrackPointExtension>
<gpxtpx:speed>3.14</gpxtpx:speed>
</gpxtpx:TrackPointExtension>
<opentracks:accuracy_horizontal>4.262</opentracks:accuracy_horizontal></extensions>
</trkpt>
<trkpt lat="50.458659" lon="-104.566003">
<ele>556.8</ele>
<time>2026-08-28T19:02:48.167-06:00</time>
<extensions>
<gpxtpx:TrackPointExtension>
<gpxtpx:speed>2.18</gpxtpx:speed>
</gpxtpx:TrackPointExtension>
<opentracks:accuracy_horizontal>4.262</opentracks:accuracy_horizontal></extensions>
</trkpt>
<trkpt lat="50.458732" lon="-104.5659">
<ele>558.2</ele>
<time>2026-08-28T19:02:53.147-06:00</time>
<extensions>
<gpxtpx:TrackPointExtension>
<gpxtpx:speed>2.13</gpxtpx:speed>
</gpxtpx:TrackPointExtension>
<opentracks:accuracy_horizontal>4.262</opentracks:accuracy_horizontal></extensions>
</trkpt>
<trkpt lat="50.458819" lon="-104.565861">
<ele>558.3</ele>
<time>2026-08-28T19:02:57.161-06:00</time>
<extensions>
<gpxtpx:TrackPointExtension>
<gpxtpx:speed>2.9</gpxtpx:speed>
</gpxtpx:TrackPointExtension>
<opentracks:accuracy_horizontal>4.263</opentracks:accuracy_horizontal></extensions>
</trkpt>
<trkpt lat="50.458894" lon="-104.565963">
<ele>558.4</ele>
<time>2026-08-28T19:03:00.156-06:00</time>
<extensions>
<gpxtpx:TrackPointExtension>
<gpxtpx:speed>3.7</gpxtpx:speed>
</gpxtpx:TrackPointExtension>
<opentracks:accuracy_horizontal>4.263</opentracks:accuracy_horizontal></extensions>
</trkpt>
<trkpt lat="50.45897" lon="-104.566108">
<ele>558.4</ele>
<time>2026-08-28T19:03:03.16-06:00</time>
<extensions>
<gpxtpx:TrackPointExtension>
<gpxtpx:speed>4.38</gpxtpx:speed>
</gpxtpx:TrackPointExtension>
<opentracks:accuracy_horizontal>4.263</opentracks:accuracy_horizontal></extensions>
</trkpt>
<trkpt lat="50.459041" lon="-104.566245">
<ele>558.8</ele>
<time>2026-08-28T19:03:05.166-06:00</time>
<extensions>
<gpxtpx:TrackPointExtension>
<gpxtpx:speed>5.17</gpxtpx:speed>
</gpxtpx:TrackPointExtension>
<opentracks:accuracy_horizontal>4.554</opentracks:accuracy_horizontal></extensions>
</trkpt>
<trkpt lat="50.459102" lon="-104.566395">
<ele>559.3</ele>
<time>2026-08-28T19:03:07.165-06:00</time>
<extensions>
<gpxtpx:TrackPointExtension>
<gpxtpx:speed>5.27</gpxtpx:speed>
</gpxtpx:TrackPointExtension>
<opentracks:accuracy_horizontal>4.263</opentracks:accuracy_horizontal></extensions>
</trkpt>
<trkpt lat="50.459134" lon="-104.566547">
<ele>558.7</ele>
<time>2026-08-28T19:03:09.169-06:00</time>
<extensions>
<gpxtpx:TrackPointExtension>
<gpxtpx:speed>4.41</gpxtpx:speed>
</gpxtpx:TrackPointExtension>
<opentracks:accuracy_horizontal>4.263</opentracks:accuracy_horizontal></extensions>
</trkpt>
<trkpt lat="50.45918" lon="-104.566759">
<ele>558.9</ele>
<time>2026-08-28T19:03:12.133-06:00</time>
<extensions>
<gpxtpx:TrackPointExtension>
<gpxtpx:speed>4.77</gpxtpx:speed>
</gpxtpx:TrackPointExtension>
<opentracks:accuracy_horizontal>4.263</opentracks:accuracy_horizontal></extensions>
</trkpt>
<trkpt lat="50.459206" lon="-104.56691">
<ele>558.9</ele>
<time>2026-08-28T19:03:14.128-06:00</time>
<extensions>
<gpxtpx:TrackPointExtension>
<gpxtpx:speed>4.38</gpxtpx:speed>
</gpxtpx:TrackPointExtension>
<opentracks:accuracy_horizontal>4.263</opentracks:accuracy_horizontal></extensions>
</trkpt>
<trkpt lat="50.459248" lon="-104.567093">
<ele>558</ele>
<time>2026-08-28T19:03:17.158-06:00</time>
<extensions>
<gpxtpx:TrackPointExtension>
<gpxtpx:speed>3.99</gpxtpx:speed>
</gpxtpx:TrackPointExtension>
<opentracks:accuracy_horizontal>4.61</opentracks:accuracy_horizontal></extensions>
</trkpt>
<trkpt lat="50.459287" lon="-104.567297">
<ele>559</ele>
<time>2026-08-28T19:03:20.161-06:00</time>
<extensions>
<gpxtpx:TrackPointExtension>
<gpxtpx:speed>5.18</gpxtpx:speed>
</gpxtpx:TrackPointExtension>
<opentracks:accuracy_horizontal>4.966</opentracks:accuracy_horizontal></extensions>
</trkpt>
<trkpt lat="50.459287" lon="-104.56748">
<ele>560.1</ele>
<time>2026-08-28T19:03:23.16-06:00</time>
<extensions>
<gpxtpx:TrackPointExtension>
<gpxtpx:speed>3.82</gpxtpx:speed>
</gpxtpx:TrackPointExtension>
<opentracks:accuracy_horizontal>4.186</opentracks:accuracy_horizontal></extensions>
</trkpt>
<trkpt lat="50.459277" lon="-104.567664">
<ele>558.5</ele>
<time>2026-08-28T19:03:26.159-06:00</time>
<extensions>
<gpxtpx:TrackPointExtension>
<gpxtpx:speed>4.09</gpxtpx:speed>
</gpxtpx:TrackPointExtension>
<opentracks:accuracy_horizontal>4.102</opentracks:accuracy_horizontal></extensions>
</trkpt>
<trkpt lat="50.459262" lon="-104.567846">
<ele>557.2</ele>
<time>2026-08-28T19:03:29.162-06:00</time>
<extensions>
<gpxtpx:TrackPointExtension>
<gpxtpx:speed>4.01</gpxtpx:speed>
</gpxtpx:TrackPointExtension>
<opentracks:accuracy_horizontal>4.244</opentracks:accuracy_horizontal></extensions>
</trkpt>
<trkpt lat="50.459265" lon="-104.568043">
<ele>556.1</ele>
<time>2026-08-28T19:03:32.171-06:00</time>
<extensions>
<gpxtpx:TrackPointExtension>
<gpxtpx:speed>4.12</gpxtpx:speed>
</gpxtpx:TrackPointExtension>
<opentracks:accuracy_horizontal>4.108</opentracks:accuracy_horizontal></extensions>
</trkpt>
<trkpt lat="50.459271" lon="-104.568221">
<ele>556.5</ele>
<time>2026-08-28T19:03:35.175-06:00</time>
<extensions>
<gpxtpx:TrackPointExtension>
<gpxtpx:speed>3.94</gpxtpx:speed>
</gpxtpx:TrackPointExtension>
<opentracks:accuracy_horizontal>4.139</opentracks:accuracy_horizontal></extensions>
</trkpt>
<trkpt lat="50.459287" lon="-104.568422">
<ele>554.1</ele>
<time>2026-08-28T19:03:38.174-06:00</time>
<extensions>
<gpxtpx:TrackPointExtension>
<gpxtpx:speed>4.46</gpxtpx:speed>
</gpxtpx:TrackPointExtension>
<opentracks:accuracy_horizontal>4.435</opentracks:accuracy_horizontal></extensions>
</trkpt>
<trkpt lat="50.459289" lon="-104.568602">
<ele>554.7</ele>
<time>2026-08-28T19:03:41.167-06:00</time>
<extensions>
<gpxtpx:TrackPointExtension>
<gpxtpx:speed>4.28</gpxtpx:speed>
</gpxtpx:TrackPointExtension>
<opentracks:accuracy_horizontal>3.961</opentracks:accuracy_horizontal></extensions>
</trkpt>
<trkpt lat="50.459296" lon="-104.568768">
<ele>554.4</ele>
<time>2026-08-28T19:03:44.16-06:00</time>
<extensions>
<gpxtpx:TrackPointExtension>
<gpxtpx:speed>3.81</gpxtpx:speed>
</gpxtpx:TrackPointExtension>
<opentracks:accuracy_horizontal>3.961</opentracks:accuracy_horizontal></extensions>
</trkpt>
<trkpt lat="50.459274" lon="-104.568959">
<ele>554.8</ele>
<time>2026-08-28T19:03:47.15-06:00</time>
<extensions>
<gpxtpx:TrackPointExtension>
<gpxtpx:speed>3.68</gpxtpx:speed>
</gpxtpx:TrackPointExtension>
<opentracks:accuracy_horizontal>3.961</opentracks:accuracy_horizontal></extensions>
</trkpt>
<trkpt lat="50.459273" lon="-104.569122">
<ele>555.4</ele>
<time>2026-08-28T19:03:50.152-06:00</time>
<extensions>
<gpxtpx:TrackPointExtension>
<gpxtpx:speed>3.93</gpxtpx:speed>
</gpxtpx:TrackPointExtension>
<opentracks:accuracy_horizontal>3.961</opentracks:accuracy_horizontal></extensions>
</trkpt>
<trkpt lat="50.459248" lon="-104.569288">
<ele>556</ele>
<time>2026-08-28T19:03:53.158-06:00</time>
<extensions>
<gpxtpx:TrackPointExtension>
<gpxtpx:speed>4.18</gpxtpx:speed>
</gpxtpx:TrackPointExtension>
<opentracks:accuracy_horizontal>3.961</opentracks:accuracy_horizontal></extensions>
</trkpt>
<trkpt lat="50.459209" lon="-104.56946">
<ele>556.2</ele>
<time>2026-08-28T19:03:56.167-06:00</time>
<extensions>
<gpxtpx:TrackPointExtension>
<gpxtpx:speed>3.91</gpxtpx:speed>
</gpxtpx:TrackPointExtension>
<opentracks:accuracy_horizontal>4.035</opentracks:accuracy_horizontal></extensions>
</trkpt>
<trkpt lat="50.45918" lon="-104.56965">
<ele>556.3</ele>
<time>2026-08-28T19:03:59.16-06:00</time>
<extensions>
<gpxtpx:TrackPointExtension>
<gpxtpx:speed>4.1</gpxtpx:speed>
</gpxtpx:TrackPointExtension>
<opentracks:accuracy_horizontal>4.264</opentracks:accuracy_horizontal></extensions>
</trkpt>
<trkpt lat="50.459163" lon="-104.569789">
<ele>557.1</ele>
<time>2026-08-28T19:04:01.172-06:00</time>
<extensions>
<gpxtpx:TrackPointExtension>
<gpxtpx:speed>5.19</gpxtpx:speed>
</gpxtpx:TrackPointExtension>
<opentracks:accuracy_horizontal>4.16</opentracks:accuracy_horizontal></extensions>
</trkpt>
<trkpt lat="50.459154" lon="-104.569946">
<ele>556.8</ele>
<time>2026-08-28T19:04:03.163-06:00</time>
<extensions>
<gpxtpx:TrackPointExtension>
<gpxtpx:speed>5.7</gpxtpx:speed>
</gpxtpx:TrackPointExtension>
<opentracks:accuracy_horizontal>4.264</opentracks:accuracy_horizontal></extensions>
</trkpt>
<trkpt lat="50.459136" lon="-104.570113">
<ele>557</ele>
<time>2026-08-28T19:04:05.153-06:00</time>
<extensions>
<gpxtpx:TrackPointExtension>
<gpxtpx:speed>6.05</gpxtpx:speed>
</gpxtpx:TrackPointExtension>
<opentracks:accuracy_horizontal>4.264</opentracks:accuracy_horizontal></extensions>
</trkpt>
<trkpt lat="50.459099" lon="-104.570296">
<ele>557.5</ele>
<time>2026-08-28T19:04:07.157-06:00</time>
<extensions>
<gpxtpx:TrackPointExtension>
<gpxtpx:speed>6.65</gpxtpx:speed>
</gpxtpx:TrackPointExtension>
<opentracks:accuracy_horizontal>4.264</opentracks:accuracy_horizontal></extensions>
</trkpt>
<trkpt lat="50.459054" lon="-104.570459">
<ele>557.3</ele>
<time>2026-08-28T19:04:09.157-06:00</time>
<extensions>
<gpxtpx:TrackPointExtension>
<gpxtpx:speed>5.65</gpxtpx:speed>
</gpxtpx:TrackPointExtension>
<opentracks:accuracy_horizontal>4.264</opentracks:accuracy_horizontal></extensions>
</trkpt>
<trkpt lat="50.459029" lon="-104.57061">
<ele>556.7</ele>
<time>2026-08-28T19:04:11.16-06:00</time>
<extensions>
<gpxtpx:TrackPointExtension>
<gpxtpx:speed>5.94</gpxtpx:speed>
</gpxtpx:TrackPointExtension>
<opentracks:accuracy_horizontal>4.264</opentracks:accuracy_horizontal></extensions>
</trkpt>
<trkpt lat="50.458985" lon="-104.570766">
<ele>556.8</ele>
<time>2026-08-28T19:04:13.165-06:00</time>
<extensions>
<gpxtpx:TrackPointExtension>
<gpxtpx:speed>6.05</gpxtpx:speed>
</gpxtpx:TrackPointExtension>
<opentracks:accuracy_horizontal>4.371</opentracks:accuracy_horizontal></extensions>
</trkpt>
<trkpt lat="50.458869" lon="-104.570878">
<ele>556.6</ele>
<time>2026-08-28T19:04:15.162-06:00</time>
<extensions>
<gpxtpx:TrackPointExtension>
<gpxtpx:speed>6.14</gpxtpx:speed>
</gpxtpx:TrackPointExtension>
<opentracks:accuracy_horizontal>4.41</opentracks:accuracy_horizontal></extensions>
</trkpt>
<trkpt lat="50.458714" lon="-104.570901">
<ele>556.4</ele>
<time>2026-08-28T19:04:17.174-06:00</time>
<extensions>
<gpxtpx:TrackPointExtension>
<gpxtpx:speed>6.05</gpxtpx:speed>
</gpxtpx:TrackPointExtension>
<opentracks:accuracy_horizontal>4.563</opentracks:accuracy_horizontal></extensions>
</trkpt>
<trkpt lat="50.458578" lon="-104.570849">
<ele>555.9</ele>
<time>2026-08-28T19:04:19.17-06:00</time>
<extensions>
<gpxtpx:TrackPointExtension>
<gpxtpx:speed>5.66</gpxtpx:speed>
</gpxtpx:TrackPointExtension>
<opentracks:accuracy_horizontal>4.359</opentracks:accuracy_horizontal></extensions>
</trkpt>
<trkpt lat="50.458467" lon="-104.570823">
<ele>556.2</ele>
<time>2026-08-28T19:04:21.159-06:00</time>
<extensions>
<gpxtpx:TrackPointExtension>
<gpxtpx:speed>6.2</gpxtpx:speed>
</gpxtpx:TrackPointExtension>
<opentracks:accuracy_horizontal>4.329</opentracks:accuracy_horizontal></extensions>
</trkpt>
<trkpt lat="50.458332" lon="-104.570832">
<ele>557</ele>
<time>2026-08-28T19:04:23.154-06:00</time>
<extensions>
<gpxtpx:TrackPointExtension>
<gpxtpx:speed>6.98</gpxtpx:speed>
</gpxtpx:TrackPointExtension>
<opentracks:accuracy_horizontal>4.214</opentracks:accuracy_horizontal></extensions>
</trkpt>
<trkpt lat="50.458202" lon="-104.570831">
<ele>556.9</ele>
<time>2026-08-28T19:04:25.156-06:00</time>
<extensions>
<gpxtpx:TrackPointExtension>
<gpxtpx:speed>6.02</gpxtpx:speed>
</gpxtpx:TrackPointExtension>
<opentracks:accuracy_horizontal>4.118</opentracks:accuracy_horizontal></extensions>
</trkpt>
<trkpt lat="50.458102" lon="-104.570837">
<ele>557.3</ele>
<time>2026-08-28T19:04:27.157-06:00</time>
<extensions>
<gpxtpx:TrackPointExtension>
<gpxtpx:speed>5.53</gpxtpx:speed>
</gpxtpx:TrackPointExtension>
<opentracks:accuracy_horizontal>4.045</opentracks:accuracy_horizontal></extensions>
</trkpt>
<trkpt lat="50.45801" lon="-104.570822">
<ele>556.9</ele>
<time>2026-08-28T19:04:29.165-06:00</time>
<extensions>
<gpxtpx:TrackPointExtension>
<gpxtpx:speed>5.39</gpxtpx:speed>
</gpxtpx:TrackPointExtension>
<opentracks:accuracy_horizontal>4.156</opentracks:accuracy_horizontal></extensions>
</trkpt>
<trkpt lat="50.457906" lon="-104.570815">
<ele>556.9</ele>
<time>2026-08-28T19:04:31.155-06:00</time>
<extensions>
<gpxtpx:TrackPointExtension>
<gpxtpx:speed>6.09</gpxtpx:speed>
</gpxtpx:TrackPointExtension>
<opentracks:accuracy_horizontal>4.264</opentracks:accuracy_horizontal></extensions>
</trkpt>
<trkpt lat="50.457779" lon="-104.57083">
<ele>556.1</ele>
<time>2026-08-28T19:04:33.159-06:00</time>
<extensions>
<gpxtpx:TrackPointExtension>
<gpxtpx:speed>6.99</gpxtpx:speed>
</gpxtpx:TrackPointExtension>
<opentracks:accuracy_horizontal>4.264</opentracks:accuracy_horizontal></extensions>
</trkpt>
<trkpt lat="50.457649" lon="-104.570847">
<ele>555.3</ele>
<time>2026-08-28T19:04:35.165-06:00</time>
<extensions>
<gpxtpx:TrackPointExtension>
<gpxtpx:speed>6.47</gpxtpx:speed>
</gpxtpx:TrackPointExtension>
<opentracks:accuracy_horizontal>4.264</opentracks:accuracy_horizontal></extensions>
</trkpt>
<trkpt lat="50.457538" lon="-104.570842">
<ele>555.7</ele>
<time>2026-08-28T19:04:37.17-06:00</time>
<extensions>
<gpxtpx:TrackPointExtension>
<gpxtpx:speed>6.05</gpxtpx:speed>
</gpxtpx:TrackPointExtension>
<opentracks:accuracy_horizontal>4.264</opentracks:accuracy_horizontal></extensions>
</trkpt>
<trkpt lat="50.45742" lon="-104.570837">
<ele>555.6</ele>
<time>2026-08-28T19:04:39.16-06:00</time>
<extensions>
<gpxtpx:TrackPointExtension>
<gpxtpx:speed>6.44</gpxtpx:speed>
</gpxtpx:TrackPointExtension>
<opentracks:accuracy_horizontal>4.292</opentracks:accuracy_horizontal></extensions>
</trkpt>
<trkpt lat="50.457289" lon="-104.570843">
<ele>555.6</ele>
<time>2026-08-28T19:04:41.169-06:00</time>
<extensions>
<gpxtpx:TrackPointExtension>
<gpxtpx:speed>6.19</gpxtpx:speed>
</gpxtpx:TrackPointExtension>
<opentracks:accuracy_horizontal>4.256</opentracks:accuracy_horizontal></extensions>
</trkpt>
<trkpt lat="50.457194" lon="-104.57084">
<ele>556.1</ele>
<time>2026-08-28T19:04:43.167-06:00</time>
<extensions>
<gpxtpx:TrackPointExtension>
<gpxtpx:speed>4.95</gpxtpx:speed>
</gpxtpx:TrackPointExtension>
<opentracks:accuracy_horizontal>4.191</opentracks:accuracy_horizontal></extensions>
</trkpt>
<trkpt lat="50.457067" lon="-104.57082">
<ele>556.6</ele>
<time>2026-08-28T19:04:46.165-06:00</time>
<extensions>
<gpxtpx:TrackPointExtension>
<gpxtpx:speed>4.16</gpxtpx:speed>
</gpxtpx:TrackPointExtension>
<opentracks:accuracy_horizontal>4.196</opentracks:accuracy_horizontal></extensions>
</trkpt>
<trkpt lat="50.456976" lon="-104.570839">
<ele>556.9</ele>
<time>2026-08-28T19:04:49.174-06:00</time>
<extensions>
<gpxtpx:TrackPointExtension>
<gpxtpx:speed>2.78</gpxtpx:speed>
</gpxtpx:TrackPointExtension>
<opentracks:accuracy_horizontal>4.009</opentracks:accuracy_horizontal></extensions>
</trkpt>
<trkpt lat="50.456882" lon="-104.570856">
<ele>557.3</ele>
<time>2026-08-28T19:04:55.161-06:00</time>
<extensions>
<gpxtpx:TrackPointExtension>
<gpxtpx:speed>1.86</gpxtpx:speed>
</gpxtpx:TrackPointExtension>
<opentracks:accuracy_horizontal>4.065</opentracks:accuracy_horizontal></extensions>
</trkpt>
<trkpt lat="50.456773" lon="-104.57087">
<ele>557.1</ele>
<time>2026-08-28T19:05:00.147-06:00</time>
<extensions>
<gpxtpx:TrackPointExtension>
<gpxtpx:speed>2.78</gpxtpx:speed>
</gpxtpx:TrackPointExtension>
<opentracks:accuracy_horizontal>3.999</opentracks:accuracy_horizontal></extensions>
</trkpt>
<trkpt lat="50.456664" lon="-104.570865">
<ele>556.7</ele>
<time>2026-08-28T19:05:03.186-06:00</time>
<extensions>
<gpxtpx:TrackPointExtension>
<gpxtpx:speed>3.92</gpxtpx:speed>
</gpxtpx:TrackPointExtension>
<opentracks:accuracy_horizontal>3.959</opentracks:accuracy_horizontal></extensions>
</trkpt>
<trkpt lat="50.456541" lon="-104.570845">
<ele>555.8</ele>
<time>2026-08-28T19:05:06.16-06:00</time>
<extensions>
<gpxtpx:TrackPointExtension>
<gpxtpx:speed>4.05</gpxtpx:speed>
</gpxtpx:TrackPointExtension>
<opentracks:accuracy_horizontal>4.265</opentracks:accuracy_horizontal></extensions>
</trkpt>
<trkpt lat="50.456419" lon="-104.570867">
<ele>555.6</ele>
<time>2026-08-28T19:05:09.166-06:00</time>
<extensions>
<gpxtpx:TrackPointExtension>
<gpxtpx:speed>4.74</gpxtpx:speed>
</gpxtpx:TrackPointExtension>
<opentracks:accuracy_horizontal>4.05</opentracks:accuracy_horizontal></extensions>
</trkpt>
<trkpt lat="50.456303" lon="-104.570841">
<ele>555.4</ele>
<time>2026-08-28T19:05:12.16-06:00</time>
<extensions>
<gpxtpx:TrackPointExtension>
<gpxtpx:speed>4.61</gpxtpx:speed>
</gpxtpx:TrackPointExtension>
<opentracks:accuracy_horizontal>3.959</opentracks:accuracy_horizontal></extensions>
</trkpt>
<trkpt lat="50.45621" lon="-104.570824">
<ele>554.7</ele>
<time>2026-08-28T19:05:14.167-06:00</time>
<extensions>
<gpxtpx:TrackPointExtension>
<gpxtpx:speed>4.88</gpxtpx:speed>
</gpxtpx:TrackPointExtension>
<opentracks:accuracy_horizontal>3.985</opentracks:accuracy_horizontal></extensions>
</trkpt>
<trkpt lat="50.456085" lon="-104.570817">
<ele>553.6</ele>
<time>2026-08-28T19:05:17.146-06:00</time>
<extensions>
<gpxtpx:TrackPointExtension>
<gpxtpx:speed>4.1</gpxtpx:speed>
</gpxtpx:TrackPointExtension>
<opentracks:accuracy_horizontal>4.166</opentracks:accuracy_horizontal></extensions>
</trkpt>
<trkpt lat="50.45597" lon="-104.570824">
<ele>553.8</ele>
<time>2026-08-28T19:05:20.165-06:00</time>
<extensions>
<gpxtpx:TrackPointExtension>
<gpxtpx:speed>4.24</gpxtpx:speed>
</gpxtpx:TrackPointExtension>
<opentracks:accuracy_horizontal>4.103</opentracks:accuracy_horizontal></extensions>
</trkpt>
<trkpt lat="50.455848" lon="-104.570847">
<ele>554.4</ele>
<time>2026-08-28T19:05:23.159-06:00</time>
<extensions>
<gpxtpx:TrackPointExtension>
<gpxtpx:speed>3.83</gpxtpx:speed>
</gpxtpx:TrackPointExtension>
<opentracks:accuracy_horizontal>4.389</opentracks:accuracy_horizontal></extensions>
</trkpt>
<trkpt lat="50.455753" lon="-104.570845">
<ele>553.7</ele>
<time>2026-08-28T19:05:26.176-06:00</time>
<extensions>
<gpxtpx:TrackPointExtension>
<gpxtpx:speed>3.4</gpxtpx:speed>
</gpxtpx:TrackPointExtension>
<opentracks:accuracy_horizontal>4.226</opentracks:accuracy_horizontal></extensions>
</trkpt>
<trkpt lat="50.455634" lon="-104.570839">
<ele>552.3</ele>
<time>2026-08-28T19:05:29.17-06:00</time>
<extensions>
<gpxtpx:TrackPointExtension>
<gpxtpx:speed>3.99</gpxtpx:speed>
</gpxtpx:TrackPointExtension>
<opentracks:accuracy_horizontal>4.41</opentracks:accuracy_horizontal></extensions>
</trkpt>
<trkpt lat="50.455508" lon="-104.570855">
<ele>551.6</ele>
<time>2026-08-28T19:05:32.168-06:00</time>
<extensions>
<gpxtpx:TrackPointExtension>
<gpxtpx:speed>3.41</gpxtpx:speed>
</gpxtpx:TrackPointExtension>
<opentracks:accuracy_horizontal>4.265</opentracks:accuracy_horizontal></extensions>
</trkpt>
<trkpt lat="50.455404" lon="-104.570836">
<ele>552</ele>
<time>2026-08-28T19:05:36.162-06:00</time>
<extensions>
<gpxtpx:TrackPointExtension>
<gpxtpx:speed>2.86</gpxtpx:speed>
</gpxtpx:TrackPointExtension>
<opentracks:accuracy_horizontal>3.959</opentracks:accuracy_horizontal></extensions>
</trkpt>
<trkpt lat="50.455309" lon="-104.570851">
<ele>552</ele>
<time>2026-08-28T19:05:40.164-06:00</time>
<extensions>
<gpxtpx:TrackPointExtension>
<gpxtpx:speed>1.7</gpxtpx:speed>
</gpxtpx:TrackPointExtension>
<opentracks:accuracy_horizontal>3.959</opentracks:accuracy_horizontal></extensions>
</trkpt>
<trkpt lat="50.455234" lon="-104.570931">
<ele>554.1</ele>
<time>2026-08-28T19:05:45.166-06:00</time>
<extensions>
<gpxtpx:TrackPointExtension>
<gpxtpx:speed>3.73</gpxtpx:speed>
</gpxtpx:TrackPointExtension>
<opentracks:accuracy_horizontal>3.959</opentracks:accuracy_horizontal></extensions>
</trkpt>
<trkpt lat="50.455143" lon="-104.570918">
<ele>555.1</ele>
<time>2026-08-28T19:05:47.158-06:00</time>
<extensions>
<gpxtpx:TrackPointExtension>
<gpxtpx:speed>5.4</gpxtpx:speed>
</gpxtpx:TrackPointExtension>
<opentracks:accuracy_horizontal>3.958</opentracks:accuracy_horizontal></extensions>
</trkpt>
<trkpt lat="50.455035" lon="-104.570835">
<ele>555.5</ele>
<time>2026-08-28T19:05:49.157-06:00</time>
<extensions>
<gpxtpx:TrackPointExtension>
<gpxtpx:speed>5.32</gpxtpx:speed>
</gpxtpx:TrackPointExtension>
<opentracks:accuracy_horizontal>3.958</opentracks:accuracy_horizontal></extensions>
</trkpt>
<trkpt lat="50.454928" lon="-104.570816">
<ele>555.9</ele>
<time>2026-08-28T19:05:51.169-06:00</time>
<extensions>
<gpxtpx:TrackPointExtension>
<gpxtpx:speed>5</gpxtpx:speed>
</gpxtpx:TrackPointExtension>
<opentracks:accuracy_horizontal>3.958</opentracks:accuracy_horizontal></extensions>
</trkpt>
<trkpt lat="50.454815" lon="-104.570841">
<ele>555.6</ele>
<time>2026-08-28T19:05:53.16-06:00</time>
<extensions>
<gpxtpx:TrackPointExtension>
<gpxtpx:speed>5.26</gpxtpx:speed>
</gpxtpx:TrackPointExtension>
<opentracks:accuracy_horizontal>4.063</opentracks:accuracy_horizontal></extensions>
</trkpt>
<trkpt lat="50.454702" lon="-104.570838">
<ele>554.9</ele>
<time>2026-08-28T19:05:55.173-06:00</time>
<extensions>
<gpxtpx:TrackPointExtension>
<gpxtpx:speed>5.73</gpxtpx:speed>
</gpxtpx:TrackPointExtension>
<opentracks:accuracy_horizontal>3.958</opentracks:accuracy_horizontal></extensions>
</trkpt>
<trkpt lat="50.454589" lon="-104.570819">
<ele>554.3</ele>
<time>2026-08-28T19:05:57.167-06:00</time>
<extensions>
<gpxtpx:TrackPointExtension>
<gpxtpx:speed>5.22</gpxtpx:speed>
</gpxtpx:TrackPointExtension>
<opentracks:accuracy_horizontal>3.958</opentracks:accuracy_horizontal></extensions>
</trkpt>
<trkpt lat="50.454465" lon="-104.570812">
<ele>554.6</ele>
<time>2026-08-28T19:05:59.161-06:00</time>
<extensions>
<gpxtpx:TrackPointExtension>
<gpxtpx:speed>6.62</gpxtpx:speed>
</gpxtpx:TrackPointExtension>
<opentracks:accuracy_horizontal>4.104</opentracks:accuracy_horizontal></extensions>
</trkpt>
<trkpt lat="50.454333" lon="-104.570813">
<ele>554.2</ele>
<time>2026-08-28T19:06:01.164-06:00</time>
<extensions>
<gpxtpx:TrackPointExtension>
<gpxtpx:speed>6.52</gpxtpx:speed>
</gpxtpx:TrackPointExtension>
<opentracks:accuracy_horizontal>4.534</opentracks:accuracy_horizontal></extensions>
</trkpt>
<trkpt lat="50.454229" lon="-104.570828">
<ele>553.9</ele>
<time>2026-08-28T19:06:03.157-06:00</time>
<extensions>
<gpxtpx:TrackPointExtension>
<gpxtpx:speed>5.87</gpxtpx:speed>
</gpxtpx:TrackPointExtension>
<opentracks:accuracy_horizontal>4.74</opentracks:accuracy_horizontal></extensions>
</trkpt>
<trkpt lat="50.454125" lon="-104.570841">
<ele>553.4</ele>
<time>2026-08-28T19:06:05.149-06:00</time>
<extensions>
<gpxtpx:TrackPointExtension>
<gpxtpx:speed>5.28</gpxtpx:speed>
</gpxtpx:TrackPointExtension>
<opentracks:accuracy_horizontal>4.589</opentracks:accuracy_horizontal></extensions>
</trkpt>
<trkpt lat="50.454008" lon="-104.570857">
<ele>553.3</ele>
<time>2026-08-28T19:06:07.147-06:00</time>
<extensions>
<gpxtpx:TrackPointExtension>
<gpxtpx:speed>5.96</gpxtpx:speed>
</gpxtpx:TrackPointExtension>
<opentracks:accuracy_horizontal>4.275</opentracks:accuracy_horizontal></extensions>
</trkpt>
<trkpt lat="50.453895" lon="-104.570846">
<ele>553.3</ele>
<time>2026-08-28T19:06:09.142-06:00</time>
<extensions>
<gpxtpx:TrackPointExtension>
<gpxtpx:speed>5.92</gpxtpx:speed>
</gpxtpx:TrackPointExtension>
<opentracks:accuracy_horizontal>4.265</opentracks:accuracy_horizontal></extensions>
</trkpt>
<trkpt lat="50.453793" lon="-104.570824">
<ele>552</ele>
<time>2026-08-28T19:06:11.148-06:00</time>
<extensions>
<gpxtpx:TrackPointExtension>
<gpxtpx:speed>5.66</gpxtpx:speed>
</gpxtpx:TrackPointExtension>
<opentracks:accuracy_horizontal>4.265</opentracks:accuracy_horizontal></extensions>
</trkpt>
<trkpt lat="50.453693" lon="-104.570825">
<ele>551.6</ele>
<time>2026-08-28T19:06:13.168-06:00</time>
<extensions>
<gpxtpx:TrackPointExtension>
<gpxtpx:speed>5.33</gpxtpx:speed>
</gpxtpx:TrackPointExtension>
<opentracks:accuracy_horizontal>4.327</opentracks:accuracy_horizontal></extensions>
</trkpt>
<trkpt lat="50.453593" lon="-104.570854">
<ele>551.6</ele>
<time>2026-08-28T19:06:16.165-06:00</time>
<extensions>
<gpxtpx:TrackPointExtension>
<gpxtpx:speed>3.04</gpxtpx:speed>
</gpxtpx:TrackPointExtension>
<opentracks:accuracy_horizontal>4.149</opentracks:accuracy_horizontal></extensions>
</trkpt>
<trkpt lat="50.453503" lon="-104.570859">
<ele>552.5</ele>
<time>2026-08-28T19:06:19.154-06:00</time>
<extensions>
<gpxtpx:TrackPointExtension>
<gpxtpx:speed>3.92</gpxtpx:speed>
</gpxtpx:TrackPointExtension>
<opentracks:accuracy_horizontal>4.12</opentracks:accuracy_horizontal></extensions>
</trkpt>
<trkpt lat="50.453386" lon="-104.570851">
<ele>554.4</ele>
<time>2026-08-28T19:06:22.165-06:00</time>
<extensions>
<gpxtpx:TrackPointExtension>
<gpxtpx:speed>3.96</gpxtpx:speed>
</gpxtpx:TrackPointExtension>
<opentracks:accuracy_horizontal>4.238</opentracks:accuracy_horizontal></extensions>
</trkpt>
<trkpt lat="50.453284" lon="-104.570842">
<ele>553.3</ele>
<time>2026-08-28T19:06:25.16-06:00</time>
<extensions>
<gpxtpx:TrackPointExtension>
<gpxtpx:speed>3.42</gpxtpx:speed>
</gpxtpx:TrackPointExtension>
<opentracks:accuracy_horizontal>4.23</opentracks:accuracy_horizontal></extensions>
</trkpt>
<trkpt lat="50.453147" lon="-104.57085">
<ele>553.2</ele>
<time>2026-08-28T19:06:28.169-06:00</time>
<extensions>
<gpxtpx:TrackPointExtension>
<gpxtpx:speed>4.61</gpxtpx:speed>
</gpxtpx:TrackPointExtension>
<opentracks:accuracy_horizontal>4.265</opentracks:accuracy_horizontal></extensions>
</trkpt>
<trkpt lat="50.453056" lon="-104.570847">
<ele>552.7</ele>
<time>2026-08-28T19:06:30.152-06:00</time>
<extensions>
<gpxtpx:TrackPointExtension>
<gpxtpx:speed>4.31</gpxtpx:speed>
</gpxtpx:TrackPointExtension>
<opentracks:accuracy_horizontal>4.09</opentracks:accuracy_horizontal></extensions>
</trkpt>
<trkpt lat="50.452931" lon="-104.570861">
<ele>551.9</ele>
<time>2026-08-28T19:06:33.173-06:00</time>
<extensions>
<gpxtpx:TrackPointExtension>
<gpxtpx:speed>4.23</gpxtpx:speed>
</gpxtpx:TrackPointExtension>
<opentracks:accuracy_horizontal>4.113</opentracks:accuracy_horizontal></extensions>
</trkpt>
<trkpt lat="50.452839" lon="-104.570874">
<ele>552</ele>
<time>2026-08-28T19:06:35.163-06:00</time>
<extensions>
<gpxtpx:TrackPointExtension>
<gpxtpx:speed>4.39</gpxtpx:speed>
</gpxtpx:TrackPointExtension>
<opentracks:accuracy_horizontal>4.006</opentracks:accuracy_horizontal></extensions>
</trkpt>
<trkpt lat="50.452729" lon="-104.570857">
<ele>551.9</ele>
<time>2026-08-28T19:06:38.16-06:00</time>
<extensions>
<gpxtpx:TrackPointExtension>
<gpxtpx:speed>3.97</gpxtpx:speed>
</gpxtpx:TrackPointExtension>
<opentracks:accuracy_horizontal>3.957</opentracks:accuracy_horizontal></extensions>
</trkpt>
<trkpt lat="50.452631" lon="-104.570858">
<ele>552.5</ele>
<time>2026-08-28T19:06:41.166-06:00</time>
<extensions>
<gpxtpx:TrackPointExtension>
<gpxtpx:speed>3.69</gpxtpx:speed>
</gpxtpx:TrackPointExtension>
<opentracks:accuracy_horizontal>4.122</opentracks:accuracy_horizontal></extensions>
</trkpt>
<trkpt lat="50.452533" lon="-104.57087">
<ele>552</ele>
<time>2026-08-28T19:06:44.156-06:00</time>
<extensions>
<gpxtpx:TrackPointExtension>
<gpxtpx:speed>3.89</gpxtpx:speed>
</gpxtpx:TrackPointExtension>
<opentracks:accuracy_horizontal>4.027</opentracks:accuracy_horizontal></extensions>
</trkpt>
<trkpt lat="50.452414" lon="-104.570847">
<ele>552</ele>
<time>2026-08-28T19:06:47.142-06:00</time>
<extensions>
<gpxtpx:TrackPointExtension>
<gpxtpx:speed>3.57</gpxtpx:speed>
</gpxtpx:TrackPointExtension>
<opentracks:accuracy_horizontal>4.145</opentracks:accuracy_horizontal></extensions>
</trkpt>
<trkpt lat="50.452303" lon="-104.570845">
<ele>551.9</ele>
<time>2026-08-28T19:06:50.171-06:00</time>
<extensions>
<gpxtpx:TrackPointExtension>
<gpxtpx:speed>3.35</gpxtpx:speed>
</gpxtpx:TrackPointExtension>
<opentracks:accuracy_horizontal>3.957</opentracks:accuracy_horizontal></extensions>
</trkpt>
<trkpt lat="50.452208" lon="-104.570842">
<ele>551.6</ele>
<time>2026-08-28T19:06:53.159-06:00</time>
<extensions>
<gpxtpx:TrackPointExtension>
<gpxtpx:speed>3.16</gpxtpx:speed>
</gpxtpx:TrackPointExtension>
<opentracks:accuracy_horizontal>3.96</opentracks:accuracy_horizontal></extensions>
</trkpt>
<trkpt lat="50.45211" lon="-104.570858">
<ele>551</ele>
<time>2026-08-28T19:06:56.16-06:00</time>
<extensions>
<gpxtpx:TrackPointExtension>
<gpxtpx:speed>3.38</gpxtpx:speed>
</gpxtpx:TrackPointExtension>
<opentracks:accuracy_horizontal>4.159</opentracks:accuracy_horizontal></extensions>
</trkpt>
<trkpt lat="50.452001" lon="-104.570854">
<ele>551.3</ele>
<time>2026-08-28T19:06:59.164-06:00</time>
<extensions>
<gpxtpx:TrackPointExtension>
<gpxtpx:speed>3.67</gpxtpx:speed>
</gpxtpx:TrackPointExtension>
<opentracks:accuracy_horizontal>4.352</opentracks:accuracy_horizontal></extensions>
</trkpt>
<trkpt lat="50.451897" lon="-104.570857">
<ele>552.5</ele>
<time>2026-08-28T19:07:02.151-06:00</time>
<extensions>
<gpxtpx:TrackPointExtension>
<gpxtpx:speed>3.02</gpxtpx:speed>
</gpxtpx:TrackPointExtension>
<opentracks:accuracy_horizontal>4.222</opentracks:accuracy_horizontal></extensions>
</trkpt>
<trkpt lat="50.4518" lon="-104.57084">
<ele>553.2</ele>
<time>2026-08-28T19:07:05.157-06:00</time>
<extensions>
<gpxtpx:TrackPointExtension>
<gpxtpx:speed>3.8</gpxtpx:speed>
</gpxtpx:TrackPointExtension>
<opentracks:accuracy_horizontal>4.277</opentracks:accuracy_horizontal></extensions>
</trkpt>
<trkpt lat="50.45171" lon="-104.570813">
<ele>552.9</ele>
<time>2026-08-28T19:07:07.17-06:00</time>
<extensions>
<gpxtpx:TrackPointExtension>
<gpxtpx:speed>4.38</gpxtpx:speed>
</gpxtpx:TrackPointExtension>
<opentracks:accuracy_horizontal>4.315</opentracks:accuracy_horizontal></extensions>
</trkpt>
<trkpt lat="50.451575" lon="-104.570816">
<ele>553.4</ele>
<time>2026-08-28T19:07:10.158-06:00</time>
<extensions>
<gpxtpx:TrackPointExtension>
<gpxtpx:speed>4.5</gpxtpx:speed>
</gpxtpx:TrackPointExtension>
<opentracks:accuracy_horizontal>4.247</opentracks:accuracy_horizontal></extensions>
</trkpt>
<trkpt lat="50.451474" lon="-104.570824">
<ele>553.6</ele>
<time>2026-08-28T19:07:12.165-06:00</time>
<extensions>
<gpxtpx:TrackPointExtension>
<gpxtpx:speed>4.83</gpxtpx:speed>
</gpxtpx:TrackPointExtension>
<opentracks:accuracy_horizontal>4.055</opentracks:accuracy_horizontal></extensions>
</trkpt>
<trkpt lat="50.451372" lon="-104.570839">
<ele>553.4</ele>
<time>2026-08-28T19:07:14.161-06:00</time>
<extensions>
<gpxtpx:TrackPointExtension>
<gpxtpx:speed>5.33</gpxtpx:speed>
</gpxtpx:TrackPointExtension>
<opentracks:accuracy_horizontal>4.102</opentracks:accuracy_horizontal></extensions>
</trkpt>
<trkpt lat="50.451259" lon="-104.570828">
<ele>554.4</ele>
<time>2026-08-28T19:07:16.158-06:00</time>
<extensions>
<gpxtpx:TrackPointExtension>
<gpxtpx:speed>5.57</gpxtpx:speed>
</gpxtpx:TrackPointExtension>
<opentracks:accuracy_horizontal>4.063</opentracks:accuracy_horizontal></extensions>
</trkpt>
<trkpt lat="50.451154" lon="-104.570827">
<ele>554.7</ele>
<time>2026-08-28T19:07:18.159-06:00</time>
<extensions>
<gpxtpx:TrackPointExtension>
<gpxtpx:speed>5.43</gpxtpx:speed>
</gpxtpx:TrackPointExtension>
<opentracks:accuracy_horizontal>4.148</opentracks:accuracy_horizontal></extensions>
</trkpt>
<trkpt lat="50.451045" lon="-104.570831">
<ele>555.2</ele>
<time>2026-08-28T19:07:20.141-06:00</time>
<extensions>
<gpxtpx:TrackPointExtension>
<gpxtpx:speed>5.45</gpxtpx:speed>
</gpxtpx:TrackPointExtension>
<opentracks:accuracy_horizontal>3.956</opentracks:accuracy_horizontal></extensions>
</trkpt>
<trkpt lat="50.450941" lon="-104.570815">
<ele>555.6</ele>
<time>2026-08-28T19:07:22.156-06:00</time>
<extensions>
<gpxtpx:TrackPointExtension>
<gpxtpx:speed>5.44</gpxtpx:speed>
</gpxtpx:TrackPointExtension>
<opentracks:accuracy_horizontal>4.104</opentracks:accuracy_horizontal></extensions>
</trkpt>
<trkpt lat="50.45084" lon="-104.570803">
<ele>555.3</ele>
<time>2026-08-28T19:07:24.164-06:00</time>
<extensions>
<gpxtpx:TrackPointExtension>
<gpxtpx:speed>4.97</gpxtpx:speed>
</gpxtpx:TrackPointExtension>
<opentracks:accuracy_horizontal>4.264</opentracks:accuracy_horizontal></extensions>
</trkpt>
<trkpt lat="50.450747" lon="-104.570811">
<ele>555.2</ele>
<time>2026-08-28T19:07:26.17-06:00</time>
<extensions>
<gpxtpx:TrackPointExtension>
<gpxtpx:speed>4.75</gpxtpx:speed>
</gpxtpx:TrackPointExtension>
<opentracks:accuracy_horizontal>4.337</opentracks:accuracy_horizontal></extensions>
</trkpt>
<trkpt lat="50.450627" lon="-104.570829">
<ele>555.4</ele>
<time>2026-08-28T19:07:29.16-06:00</time>
<extensions>
<gpxtpx:TrackPointExtension>
<gpxtpx:speed>4.11</gpxtpx:speed>
</gpxtpx:TrackPointExtension>
<opentracks:accuracy_horizontal>4.308</opentracks:accuracy_horizontal></extensions>
</trkpt>
<trkpt lat="50.450539" lon="-104.570779">
<ele>553.3</ele>
<time>2026-08-28T19:07:32.167-06:00</time>
<extensions>
<gpxtpx:TrackPointExtension>
<gpxtpx:speed>3.52</gpxtpx:speed>
</gpxtpx:TrackPointExtension>
<opentracks:accuracy_horizontal>4.103</opentracks:accuracy_horizontal></extensions>
</trkpt>
<trkpt lat="50.450435" lon="-104.570817">
<ele>553.4</ele>
<time>2026-08-28T19:07:35.164-06:00</time>
<extensions>
<gpxtpx:TrackPointExtension>
<gpxtpx:speed>3.62</gpxtpx:speed>
</gpxtpx:TrackPointExtension>
<opentracks:accuracy_horizontal>4.003</opentracks:accuracy_horizontal></extensions>
</trkpt>
<trkpt lat="50.450331" lon="-104.570809">
<ele>553.6</ele>
<time>2026-08-28T19:07:38.166-06:00</time>
<extensions>
<gpxtpx:TrackPointExtension>
<gpxtpx:speed>3.68</gpxtpx:speed>
</gpxtpx:TrackPointExtension>
<opentracks:accuracy_horizontal>3.956</opentracks:accuracy_horizontal></extensions>
</trkpt>
<trkpt lat="50.450217" lon="-104.570813">
<ele>553.6</ele>
<time>2026-08-28T19:07:41.172-06:00</time>
<extensions>
<gpxtpx:TrackPointExtension>
<gpxtpx:speed>4.65</gpxtpx:speed>
</gpxtpx:TrackPointExtension>
<opentracks:accuracy_horizontal>4.264</opentracks:accuracy_horizontal></extensions>
</trkpt>
<trkpt lat="50.45009" lon="-104.57082">
<ele>553.6</ele>
<time>2026-08-28T19:07:44.141-06:00</time>
<extensions>
<gpxtpx:TrackPointExtension>
<gpxtpx:speed>4.32</gpxtpx:speed>
</gpxtpx:TrackPointExtension>
<opentracks:accuracy_horizontal>4.049</opentracks:accuracy_horizontal></extensions>
</trkpt>
<trkpt lat="50.449959" lon="-104.570832">
<ele>553.4</ele>
<time>2026-08-28T19:07:47.161-06:00</time>
<extensions>
<gpxtpx:TrackPointExtension>
<gpxtpx:speed>4.59</gpxtpx:speed>
</gpxtpx:TrackPointExtension>
<opentracks:accuracy_horizontal>3.956</opentracks:accuracy_horizontal></extensions>
</trkpt>
<trkpt lat="50.449828" lon="-104.570821">
<ele>553.6</ele>
<time>2026-08-28T19:07:50.167-06:00</time>
<extensions>
<gpxtpx:TrackPointExtension>
<gpxtpx:speed>4.24</gpxtpx:speed>
</gpxtpx:TrackPointExtension>
<opentracks:accuracy_horizontal>3.956</opentracks:accuracy_horizontal></extensions>
</trkpt>
<trkpt lat="50.449696" lon="-104.570809">
<ele>554</ele>
<time>2026-08-28T19:07:53.167-06:00</time>
<extensions>
<gpxtpx:TrackPointExtension>
<gpxtpx:speed>4.89</gpxtpx:speed>
</gpxtpx:TrackPointExtension>
<opentracks:accuracy_horizontal>3.956</opentracks:accuracy_horizontal></extensions>
</trkpt>
<trkpt lat="50.449567" lon="-104.570787">
<ele>552.8</ele>
<time>2026-08-28T19:07:56.175-06:00</time>
<extensions>
<gpxtpx:TrackPointExtension>
<gpxtpx:speed>4.19</gpxtpx:speed>
</gpxtpx:TrackPointExtension>
<opentracks:accuracy_horizontal>4.298</opentracks:accuracy_horizontal></extensions>
</trkpt>
<trkpt lat="50.449437" lon="-104.570814">
<ele>552.9</ele>
<time>2026-08-28T19:07:59.16-06:00</time>
<extensions>
<gpxtpx:TrackPointExtension>
<gpxtpx:speed>4.86</gpxtpx:speed>
</gpxtpx:TrackPointExtension>
<opentracks:accuracy_horizontal>4.208</opentracks:accuracy_horizontal></extensions>
</trkpt>
<trkpt lat="50.44931" lon="-104.570829">
<ele>553.2</ele>
<time>2026-08-28T19:08:02.161-06:00</time>
<extensions>
<gpxtpx:TrackPointExtension>
<gpxtpx:speed>4.11</gpxtpx:speed>
</gpxtpx:TrackPointExtension>
<opentracks:accuracy_horizontal>4.02</opentracks:accuracy_horizontal></extensions>
</trkpt>
<trkpt lat="50.449176" lon="-104.570837">
<ele>553.5</ele>
<time>2026-08-28T19:08:05.166-06:00</time>
<extensions>
<gpxtpx:TrackPointExtension>
<gpxtpx:speed>4.99</gpxtpx:speed>
</gpxtpx:TrackPointExtension>
<opentracks:accuracy_horizontal>4.264</opentracks:accuracy_horizontal></extensions>
</trkpt>
<trkpt lat="50.449083" lon="-104.570845">
<ele>553.9</ele>
<time>2026-08-28T19:08:07.172-06:00</time>
<extensions>
<gpxtpx:TrackPointExtension>
<gpxtpx:speed>4.6</gpxtpx:speed>
</gpxtpx:TrackPointExtension>
<opentracks:accuracy_horizontal>4.264</opentracks:accuracy_horizontal></extensions>
</trkpt>
<trkpt lat="50.448973" lon="-104.570839">
<ele>554.1</ele>
<time>2026-08-28T19:08:10.162-06:00</time>
<extensions>
<gpxtpx:TrackPointExtension>
<gpxtpx:speed>4.2</gpxtpx:speed>
</gpxtpx:TrackPointExtension>
<opentracks:accuracy_horizontal>4.104</opentracks:accuracy_horizontal></extensions>
</trkpt>
<trkpt lat="50.448863" lon="-104.570856">
<ele>556.3</ele>
<time>2026-08-28T19:08:14.17-06:00</time>
<extensions>
<gpxtpx:TrackPointExtension>
<gpxtpx:speed>2.73</gpxtpx:speed>
</gpxtpx:TrackPointExtension>
<opentracks:accuracy_horizontal>3.993</opentracks:accuracy_horizontal></extensions>
</trkpt>
<trkpt lat="50.448834" lon="-104.570999">
<ele>557.5</ele>
<time>2026-08-28T19:08:18.17-06:00</time>
<extensions>
<gpxtpx:TrackPointExtension>
<gpxtpx:speed>3.76</gpxtpx:speed>
</gpxtpx:TrackPointExtension>
<opentracks:accuracy_horizontal>3.955</opentracks:accuracy_horizontal></extensions>
</trkpt>
<trkpt lat="50.448862" lon="-104.571168">
<ele>557</ele>
<time>2026-08-28T19:08:21.17-06:00</time>
<extensions>
<gpxtpx:TrackPointExtension>
<gpxtpx:speed>3.74</gpxtpx:speed>
</gpxtpx:TrackPointExtension>
<opentracks:accuracy_horizontal>4.263</opentracks:accuracy_horizontal></extensions>
</trkpt>
<trkpt lat="50.448863" lon="-104.571331">
<ele>556.1</ele>
<time>2026-08-28T19:08:24.172-06:00</time>
<extensions>
<gpxtpx:TrackPointExtension>
<gpxtpx:speed>3.54</gpxtpx:speed>
</gpxtpx:TrackPointExtension>
<opentracks:accuracy_horizontal>4.263</opentracks:accuracy_horizontal></extensions>
</trkpt>
<trkpt lat="50.448859" lon="-104.571488">
<ele>555.1</ele>
<time>2026-08-28T19:08:27.164-06:00</time>
<extensions>
<gpxtpx:TrackPointExtension>
<gpxtpx:speed>3.48</gpxtpx:speed>
</gpxtpx:TrackPointExtension>
<opentracks:accuracy_horizontal>4.263</opentracks:accuracy_horizontal></extensions>
</trkpt>
<trkpt lat="50.448852" lon="-104.57164">
<ele>554.4</ele>
<time>2026-08-28T19:08:30.157-06:00</time>
<extensions>
<gpxtpx:TrackPointExtension>
<gpxtpx:speed>3.3</gpxtpx:speed>
</gpxtpx:TrackPointExtension>
<opentracks:accuracy_horizontal>4.263</opentracks:accuracy_horizontal></extensions>
</trkpt>
<trkpt lat="50.448863" lon="-104.571797">
<ele>553.7</ele>
<time>2026-08-28T19:08:33.147-06:00</time>
<extensions>
<gpxtpx:TrackPointExtension>
<gpxtpx:speed>3.08</gpxtpx:speed>
</gpxtpx:TrackPointExtension>
<opentracks:accuracy_horizontal>3.955</opentracks:accuracy_horizontal></extensions>
</trkpt>
<trkpt lat="50.448887" lon="-104.571939">
<ele>553.3</ele>
<time>2026-08-28T19:08:37.163-06:00</time>
<extensions>
<gpxtpx:TrackPointExtension>
<gpxtpx:speed>1.75</gpxtpx:speed>
</gpxtpx:TrackPointExtension>
<opentracks:accuracy_horizontal>3.955</opentracks:accuracy_horizontal></extensions>
</trkpt>
<trkpt lat="50.448834" lon="-104.571944">
<ele>555.9</ele>
<time>2026-08-28T19:08:47.155-06:00</time>
<extensions>
<gpxtpx:TrackPointExtension>
<gpxtpx:speed>1.87</gpxtpx:speed>
</gpxtpx:TrackPointExtension>
<opentracks:accuracy_horizontal>3.955</opentracks:accuracy_horizontal></extensions>
</trkpt>
<trkpt lat="50.448899" lon="-104.572083">
<ele>553.5</ele>
<time>2026-08-28T19:08:53.164-06:00</time>
<extensions>
<gpxtpx:TrackPointExtension>
<gpxtpx:speed>2.29</gpxtpx:speed>
</gpxtpx:TrackPointExtension>
<opentracks:accuracy_horizontal>3.954</opentracks:accuracy_horizontal></extensions>
</trkpt>
<trkpt lat="50.448958" lon="-104.572243">
<ele>553.8</ele>
<time>2026-08-28T19:08:57.173-06:00</time>
<extensions>
<gpxtpx:TrackPointExtension>
<gpxtpx:speed>3.2</gpxtpx:speed>
</gpxtpx:TrackPointExtension>
<opentracks:accuracy_horizontal>3.954</opentracks:accuracy_horizontal></extensions>
</trkpt>
<trkpt lat="50.448932" lon="-104.572464">
<ele>553.2</ele>
<time>2026-08-28T19:09:00.176-06:00</time>
<extensions>
<gpxtpx:TrackPointExtension>
<gpxtpx:speed>4.71</gpxtpx:speed>
</gpxtpx:TrackPointExtension>
<opentracks:accuracy_horizontal>4.262</opentracks:accuracy_horizontal></extensions>
</trkpt>
<trkpt lat="50.448897" lon="-104.572644">
<ele>553.1</ele>
<time>2026-08-28T19:09:02.167-06:00</time>
<extensions>
<gpxtpx:TrackPointExtension>
<gpxtpx:speed>5.76</gpxtpx:speed>
</gpxtpx:TrackPointExtension>
<opentracks:accuracy_horizontal>4.262</opentracks:accuracy_horizontal></extensions>
</trkpt>
<trkpt lat="50.44889" lon="-104.572823">
<ele>552.7</ele>
<time>2026-08-28T19:09:04.164-06:00</time>
<extensions>
<gpxtpx:TrackPointExtension>
<gpxtpx:speed>6.15</gpxtpx:speed>
</gpxtpx:TrackPointExtension>
<opentracks:accuracy_horizontal>4.262</opentracks:accuracy_horizontal></extensions>
</trkpt>
<trkpt lat="50.448884" lon="-104.573013">
<ele>553.2</ele>
<time>2026-08-28T19:09:06.177-06:00</time>
<extensions>
<gpxtpx:TrackPointExtension>
<gpxtpx:speed>6.74</gpxtpx:speed>
</gpxtpx:TrackPointExtension>
<opentracks:accuracy_horizontal>4.262</opentracks:accuracy_horizontal></extensions>
</trkpt>
<trkpt lat="50.448883" lon="-104.573214">
<ele>553.2</ele>
<time>2026-08-28T19:09:08.171-06:00</time>
<extensions>
<gpxtpx:TrackPointExtension>
<gpxtpx:speed>7.11</gpxtpx:speed>
</gpxtpx:TrackPointExtension>
<opentracks:accuracy_horizontal>4.262</opentracks:accuracy_horizontal></extensions>
</trkpt>
<trkpt lat="50.448874" lon="-104.573399">
<ele>553</ele>
<time>2026-08-28T19:09:10.174-06:00</time>
<extensions>
<gpxtpx:TrackPointExtension>
<gpxtpx:speed>6.29</gpxtpx:speed>
</gpxtpx:TrackPointExtension>
<opentracks:accuracy_horizontal>4.262</opentracks:accuracy_horizontal></extensions>
</trkpt>
<trkpt lat="50.448862" lon="-104.573564">
<ele>552.3</ele>
<time>2026-08-28T19:09:12.174-06:00</time>
<extensions>
<gpxtpx:TrackPointExtension>
<gpxtpx:speed>5.86</gpxtpx:speed>
</gpxtpx:TrackPointExtension>
<opentracks:accuracy_horizontal>3.954</opentracks:accuracy_horizontal></extensions>
</trkpt>
<trkpt lat="50.448863" lon="-104.573738">
<ele>552</ele>
<time>2026-08-28T19:09:14.181-06:00</time>
<extensions>
<gpxtpx:TrackPointExtension>
<gpxtpx:speed>6.16</gpxtpx:speed>
</gpxtpx:TrackPointExtension>
<opentracks:accuracy_horizontal>3.954</opentracks:accuracy_horizontal></extensions>
</trkpt>
<trkpt lat="50.448865" lon="-104.573921">
<ele>553.1</ele>
<time>2026-08-28T19:09:16.166-06:00</time>
<extensions>
<gpxtpx:TrackPointExtension>
<gpxtpx:speed>6.79</gpxtpx:speed>
</gpxtpx:TrackPointExtension>
<opentracks:accuracy_horizontal>3.954</opentracks:accuracy_horizontal></extensions>
</trkpt>
<trkpt lat="50.448852" lon="-104.574107">
<ele>553.9</ele>
<time>2026-08-28T19:09:18.174-06:00</time>
<extensions>
<gpxtpx:TrackPointExtension>
<gpxtpx:speed>6.23</gpxtpx:speed>
</gpxtpx:TrackPointExtension>
<opentracks:accuracy_horizontal>3.954</opentracks:accuracy_horizontal></extensions>
</trkpt>
<trkpt lat="50.448853" lon="-104.574267">
<ele>554.7</ele>
<time>2026-08-28T19:09:20.164-06:00</time>
<extensions>
<gpxtpx:TrackPointExtension>
<gpxtpx:speed>5.79</gpxtpx:speed>
</gpxtpx:TrackPointExtension>
<opentracks:accuracy_horizontal>3.954</opentracks:accuracy_horizontal></extensions>
</trkpt>
<trkpt lat="50.448853" lon="-104.574422">
<ele>554.9</ele>
<time>2026-08-28T19:09:22.164-06:00</time>
<extensions>
<gpxtpx:TrackPointExtension>
<gpxtpx:speed>5.58</gpxtpx:speed>
</gpxtpx:TrackPointExtension>
<opentracks:accuracy_horizontal>3.954</opentracks:accuracy_horizontal></extensions>
</trkpt>
<trkpt lat="50.448853" lon="-104.574587">
<ele>555.3</ele>
<time>2026-08-28T19:09:24.171-06:00</time>
<extensions>
<gpxtpx:TrackPointExtension>
<gpxtpx:speed>5.82</gpxtpx:speed>
</gpxtpx:TrackPointExtension>
<opentracks:accuracy_horizontal>3.954</opentracks:accuracy_horizontal></extensions>
</trkpt>
<trkpt lat="50.448854" lon="-104.574761">
<ele>556.1</ele>
<time>2026-08-28T19:09:26.161-06:00</time>
<extensions>
<gpxtpx:TrackPointExtension>
<gpxtpx:speed>5.97</gpxtpx:speed>
</gpxtpx:TrackPointExtension>
<opentracks:accuracy_horizontal>4.261</opentracks:accuracy_horizontal></extensions>
</trkpt>
<trkpt lat="50.448862" lon="-104.574946">
<ele>556.5</ele>
<time>2026-08-28T19:09:28.156-06:00</time>
<extensions>
<gpxtpx:TrackPointExtension>
<gpxtpx:speed>6.23</gpxtpx:speed>
</gpxtpx:TrackPointExtension>
<opentracks:accuracy_horizontal>4.261</opentracks:accuracy_horizontal></extensions>
</trkpt>
<trkpt lat="50.448869" lon="-104.575128">
<ele>555.7</ele>
<time>2026-08-28T19:09:30.163-06:00</time>
<extensions>
<gpxtpx:TrackPointExtension>
<gpxtpx:speed>6.12</gpxtpx:speed>
</gpxtpx:TrackPointExtension>
<opentracks:accuracy_horizontal>4.261</opentracks:accuracy_horizontal></extensions>
</trkpt>
<trkpt lat="50.448873" lon="-104.575301">
<ele>555.7</ele>
<time>2026-08-28T19:09:32.168-06:00</time>
<extensions>
<gpxtpx:TrackPointExtension>
<gpxtpx:speed>6.04</gpxtpx:speed>
</gpxtpx:TrackPointExtension>
<opentracks:accuracy_horizontal>4.261</opentracks:accuracy_horizontal></extensions>
</trkpt>
<trkpt lat="50.448872" lon="-104.575469">
<ele>556.3</ele>
<time>2026-08-28T19:09:34.158-06:00</time>
<extensions>
<gpxtpx:TrackPointExtension>
<gpxtpx:speed>5.69</gpxtpx:speed>
</gpxtpx:TrackPointExtension>
<opentracks:accuracy_horizontal>3.953</opentracks:accuracy_horizontal></extensions>
</trkpt>
<trkpt lat="50.448872" lon="-104.575636">
<ele>556.2</ele>
<time>2026-08-28T19:09:36.177-06:00</time>
<extensions>
<gpxtpx:TrackPointExtension>
<gpxtpx:speed>5.82</gpxtpx:speed>
</gpxtpx:TrackPointExtension>
<opentracks:accuracy_horizontal>3.953</opentracks:accuracy_horizontal></extensions>
</trkpt>
<trkpt lat="50.448872" lon="-104.57581">
<ele>556.2</ele>
<time>2026-08-28T19:09:38.166-06:00</time>
<extensions>
<gpxtpx:TrackPointExtension>
<gpxtpx:speed>6.1</gpxtpx:speed>
</gpxtpx:TrackPointExtension>
<opentracks:accuracy_horizontal>3.953</opentracks:accuracy_horizontal></extensions>
</trkpt>
<trkpt lat="50.448876" lon="-104.575993">
<ele>556.3</ele>
<time>2026-08-28T19:09:40.152-06:00</time>
<extensions>
<gpxtpx:TrackPointExtension>
<gpxtpx:speed>6.48</gpxtpx:speed>
</gpxtpx:TrackPointExtension>
<opentracks:accuracy_horizontal>4.385</opentracks:accuracy_horizontal></extensions>
</trkpt>
<trkpt lat="50.448879" lon="-104.576187">
<ele>556.2</ele>
<time>2026-08-28T19:09:42.148-06:00</time>
<extensions>
<gpxtpx:TrackPointExtension>
<gpxtpx:speed>6.48</gpxtpx:speed>
</gpxtpx:TrackPointExtension>
<opentracks:accuracy_horizontal>4.261</opentracks:accuracy_horizontal></extensions>
</trkpt>
<trkpt lat="50.448877" lon="-104.576374">
<ele>555.8</ele>
<time>2026-08-28T19:09:44.172-06:00</time>
<extensions>
<gpxtpx:TrackPointExtension>
<gpxtpx:speed>6.1</gpxtpx:speed>
</gpxtpx:TrackPointExtension>
<opentracks:accuracy_horizontal>4.261</opentracks:accuracy_horizontal></extensions>
</trkpt>
<trkpt lat="50.448873" lon="-104.576551">
<ele>555</ele>
<time>2026-08-28T19:09:46.17-06:00</time>
<extensions>
<gpxtpx:TrackPointExtension>
<gpxtpx:speed>6.28</gpxtpx:speed>
</gpxtpx:TrackPointExtension>
<opentracks:accuracy_horizontal>4.261</opentracks:accuracy_horizontal></extensions>
</trkpt>
<trkpt lat="50.448876" lon="-104.576744">
<ele>555</ele>
<time>2026-08-28T19:09:48.159-06:00</time>
<extensions>
<gpxtpx:TrackPointExtension>
<gpxtpx:speed>6.7</gpxtpx:speed>
</gpxtpx:TrackPointExtension>
<opentracks:accuracy_horizontal>4.261</opentracks:accuracy_horizontal></extensions>
</trkpt>
<trkpt lat="50.448874" lon="-104.57693">
<ele>554.5</ele>
<time>2026-08-28T19:09:50.17-06:00</time>
<extensions>
<gpxtpx:TrackPointExtension>
<gpxtpx:speed>6.33</gpxtpx:speed>
</gpxtpx:TrackPointExtension>
<opentracks:accuracy_horizontal>4.261</opentracks:accuracy_horizontal></extensions>
</trkpt>
<trkpt lat="50.448869" lon="-104.57712">
<ele>553.9</ele>
<time>2026-08-28T19:09:52.177-06:00</time>
<extensions>
<gpxtpx:TrackPointExtension>
<gpxtpx:speed>6.59</gpxtpx:speed>
</gpxtpx:TrackPointExtension>
<opentracks:accuracy_horizontal>4.261</opentracks:accuracy_horizontal></extensions>
</trkpt>
<trkpt lat="50.448869" lon="-104.577317">
<ele>553.3</ele>
<time>2026-08-28T19:09:54.168-06:00</time>
<extensions>
<gpxtpx:TrackPointExtension>
<gpxtpx:speed>6.51</gpxtpx:speed>
</gpxtpx:TrackPointExtension>
<opentracks:accuracy_horizontal>4.26</opentracks:accuracy_horizontal></extensions>
</trkpt>
<trkpt lat="50.448869" lon="-104.577496">
<ele>552.4</ele>
<time>2026-08-28T19:09:56.171-06:00</time>
<extensions>
<gpxtpx:TrackPointExtension>
<gpxtpx:speed>6.15</gpxtpx:speed>
</gpxtpx:TrackPointExtension>
<opentracks:accuracy_horizontal>4.26</opentracks:accuracy_horizontal></extensions>
</trkpt>
<trkpt lat="50.448872" lon="-104.577674">
<ele>553.1</ele>
<time>2026-08-28T19:09:58.163-06:00</time>
<extensions>
<gpxtpx:TrackPointExtension>
<gpxtpx:speed>6.48</gpxtpx:speed>
</gpxtpx:TrackPointExtension>
<opentracks:accuracy_horizontal>4.26</opentracks:accuracy_horizontal></extensions>
</trkpt>
<trkpt lat="50.448859" lon="-104.577873">
<ele>554.2</ele>
<time>2026-08-28T19:10:00.173-06:00</time>
<extensions>
<gpxtpx:TrackPointExtension>
<gpxtpx:speed>6.87</gpxtpx:speed>
</gpxtpx:TrackPointExtension>
<opentracks:accuracy_horizontal>4.26</opentracks:accuracy_horizontal></extensions>
</trkpt>
<trkpt lat="50.448864" lon="-104.578058">
<ele>554.6</ele>
<time>2026-08-28T19:10:02.171-06:00</time>
<extensions>
<gpxtpx:TrackPointExtension>
<gpxtpx:speed>6.15</gpxtpx:speed>
</gpxtpx:TrackPointExtension>
<opentracks:accuracy_horizontal>3.953</opentracks:accuracy_horizontal></extensions>
</trkpt>
<trkpt lat="50.448868" lon="-104.578231">
<ele>554.3</ele>
<time>2026-08-28T19:10:04.156-06:00</time>
<extensions>
<gpxtpx:TrackPointExtension>
<gpxtpx:speed>5.61</gpxtpx:speed>
</gpxtpx:TrackPointExtension>
<opentracks:accuracy_horizontal>4.26</opentracks:accuracy_horizontal></extensions>
</trkpt>
<trkpt lat="50.448859" lon="-104.578397">
<ele>554.2</ele>
<time>2026-08-28T19:10:06.16-06:00</time>
<extensions>
<gpxtpx:TrackPointExtension>
<gpxtpx:speed>5.74</gpxtpx:speed>
</gpxtpx:TrackPointExtension>
<opentracks:accuracy_horizontal>4.381</opentracks:accuracy_horizontal></extensions>
</trkpt>
<trkpt lat="50.448862" lon="-104.578574">
<ele>554.9</ele>
<time>2026-08-28T19:10:08.166-06:00</time>
<extensions>
<gpxtpx:TrackPointExtension>
<gpxtpx:speed>6.32</gpxtpx:speed>
</gpxtpx:TrackPointExtension>
<opentracks:accuracy_horizontal>4.339</opentracks:accuracy_horizontal></extensions>
</trkpt>
<trkpt lat="50.448869" lon="-104.578756">
<ele>556.3</ele>
<time>2026-08-28T19:10:10.157-06:00</time>
<extensions>
<gpxtpx:TrackPointExtension>
<gpxtpx:speed>5.96</gpxtpx:speed>
</gpxtpx:TrackPointExtension>
<opentracks:accuracy_horizontal>4.381</opentracks:accuracy_horizontal></extensions>
</trkpt>
<trkpt lat="50.448879" lon="-104.578936">
<ele>556.1</ele>
<time>2026-08-28T19:10:12.169-06:00</time>
<extensions>
<gpxtpx:TrackPointExtension>
<gpxtpx:speed>5.59</gpxtpx:speed>
</gpxtpx:TrackPointExtension>
<opentracks:accuracy_horizontal>3.952</opentracks:accuracy_horizontal></extensions>
</trkpt>
<trkpt lat="50.448884" lon="-104.579082">
<ele>556.7</ele>
<time>2026-08-28T19:10:14.164-06:00</time>
<extensions>
<gpxtpx:TrackPointExtension>
<gpxtpx:speed>4.62</gpxtpx:speed>
</gpxtpx:TrackPointExtension>
<opentracks:accuracy_horizontal>4.466</opentracks:accuracy_horizontal></extensions>
</trkpt>
<trkpt lat="50.448876" lon="-104.579245">
<ele>554.8</ele>
<time>2026-08-28T19:10:17.165-06:00</time>
<extensions>
<gpxtpx:TrackPointExtension>
<gpxtpx:speed>3.66</gpxtpx:speed>
</gpxtpx:TrackPointExtension>
<opentracks:accuracy_horizontal>4.465</opentracks:accuracy_horizontal></extensions>
</trkpt>
<trkpt lat="50.448788" lon="-104.579366">
<ele>555.3</ele>
<time>2026-08-28T19:10:20.172-06:00</time>
<extensions>
<gpxtpx:TrackPointExtension>
<gpxtpx:speed>4.42</gpxtpx:speed>
</gpxtpx:TrackPointExtension>
<opentracks:accuracy_horizontal>4.259</opentracks:accuracy_horizontal></extensions>
</trkpt>
<trkpt lat="50.448695" lon="-104.579395">
<ele>555.4</ele>
<time>2026-08-28T19:10:22.171-06:00</time>
<extensions>
<gpxtpx:TrackPointExtension>
<gpxtpx:speed>4.39</gpxtpx:speed>
</gpxtpx:TrackPointExtension>
<opentracks:accuracy_horizontal>4.259</opentracks:accuracy_horizontal></extensions>
</trkpt>
<trkpt lat="50.44857" lon="-104.579406">
<ele>555.7</ele>
<time>2026-08-28T19:10:25.179-06:00</time>
<extensions>
<gpxtpx:TrackPointExtension>
<gpxtpx:speed>4.03</gpxtpx:speed>
</gpxtpx:TrackPointExtension>
<opentracks:accuracy_horizontal>4.463</opentracks:accuracy_horizontal></extensions>
</trkpt>
<trkpt lat="50.448446" lon="-104.579397">
<ele>556.8</ele>
<time>2026-08-28T19:10:28.163-06:00</time>
<extensions>
<gpxtpx:TrackPointExtension>
<gpxtpx:speed>4</gpxtpx:speed>
</gpxtpx:TrackPointExtension>
<opentracks:accuracy_horizontal>4.259</opentracks:accuracy_horizontal></extensions>
</trkpt>
<trkpt lat="50.448327" lon="-104.579405">
<ele>557.6</ele>
<time>2026-08-28T19:10:31.161-06:00</time>
<extensions>
<gpxtpx:TrackPointExtension>
<gpxtpx:speed>4.62</gpxtpx:speed>
</gpxtpx:TrackPointExtension>
<opentracks:accuracy_horizontal>4.259</opentracks:accuracy_horizontal></extensions>
</trkpt>
<trkpt lat="50.448197" lon="-104.579408">
<ele>557.8</ele>
<time>2026-08-28T19:10:34.179-06:00</time>
<extensions>
<gpxtpx:TrackPointExtension>
<gpxtpx:speed>3.86</gpxtpx:speed>
</gpxtpx:TrackPointExtension>
<opentracks:accuracy_horizontal>4.063</opentracks:accuracy_horizontal></extensions>
</trkpt>
<trkpt lat="50.448071" lon="-104.579419">
<ele>558.2</ele>
<time>2026-08-28T19:10:37.16-06:00</time>
<extensions>
<gpxtpx:TrackPointExtension>
<gpxtpx:speed>4.68</gpxtpx:speed>
</gpxtpx:TrackPointExtension>
<opentracks:accuracy_horizontal>4.259</opentracks:accuracy_horizontal></extensions>
</trkpt>
<trkpt lat="50.44798" lon="-104.579443">
<ele>558.4</ele>
<time>2026-08-28T19:10:39.16-06:00</time>
<extensions>
<gpxtpx:TrackPointExtension>
<gpxtpx:speed>4.4</gpxtpx:speed>
</gpxtpx:TrackPointExtension>
<opentracks:accuracy_horizontal>4.259</opentracks:accuracy_horizontal></extensions>
</trkpt>
<trkpt lat="50.44785" lon="-104.57945">
<ele>558.9</ele>
<time>2026-08-28T19:10:42.161-06:00</time>
<extensions>
<gpxtpx:TrackPointExtension>
<gpxtpx:speed>4.93</gpxtpx:speed>
</gpxtpx:TrackPointExtension>
<opentracks:accuracy_horizontal>4.258</opentracks:accuracy_horizontal></extensions>
</trkpt>
<trkpt lat="50.447729" lon="-104.579436">
<ele>558.1</ele>
<time>2026-08-28T19:10:45.163-06:00</time>
<extensions>
<gpxtpx:TrackPointExtension>
<gpxtpx:speed>3.94</gpxtpx:speed>
</gpxtpx:TrackPointExtension>
<opentracks:accuracy_horizontal>3.952</opentracks:accuracy_horizontal></extensions>
</trkpt>
<trkpt lat="50.447623" lon="-104.579434">
<ele>557.2</ele>
<time>2026-08-28T19:10:48.168-06:00</time>
<extensions>
<gpxtpx:TrackPointExtension>
<gpxtpx:speed>3.65</gpxtpx:speed>
</gpxtpx:TrackPointExtension>
<opentracks:accuracy_horizontal>3.952</opentracks:accuracy_horizontal></extensions>
</trkpt>
<trkpt lat="50.44753" lon="-104.579426">
<ele>557.2</ele>
<time>2026-08-28T19:10:51.16-06:00</time>
<extensions>
<gpxtpx:TrackPointExtension>
<gpxtpx:speed>2.66</gpxtpx:speed>
</gpxtpx:TrackPointExtension>
<opentracks:accuracy_horizontal>3.951</opentracks:accuracy_horizontal></extensions>
</trkpt>
<trkpt lat="50.447438" lon="-104.579397">
<ele>556.8</ele>
<time>2026-08-28T19:10:56.173-06:00</time>
<extensions>
<gpxtpx:TrackPointExtension>
<gpxtpx:speed>2.03</gpxtpx:speed>
</gpxtpx:TrackPointExtension>
<opentracks:accuracy_horizontal>3.957</opentracks:accuracy_horizontal></extensions>
</trkpt>
<trkpt lat="50.447344" lon="-104.57939">
<ele>557</ele>
<time>2026-08-28T19:11:02.159-06:00</time>
<extensions>
<gpxtpx:TrackPointExtension>
<gpxtpx:speed>1.33</gpxtpx:speed>
</gpxtpx:TrackPointExtension>
<opentracks:accuracy_horizontal>4.152</opentracks:accuracy_horizontal></extensions>
</trkpt>
<trkpt lat="50.447413" lon="-104.579273">
<ele>556.2</ele>
<time>2026-08-28T19:11:06.166-06:00</time>
<extensions>
<gpxtpx:TrackPointExtension>
<gpxtpx:speed>1.85</gpxtpx:speed>
</gpxtpx:TrackPointExtension>
<opentracks:accuracy_horizontal>3.951</opentracks:accuracy_horizontal></extensions>
</trkpt>
<trkpt lat="50.447511" lon="-104.579284">
<ele>555.7</ele>
<time>2026-08-28T19:11:13.151-06:00</time>
<extensions>
<gpxtpx:TrackPointExtension>
<gpxtpx:speed>1.81</gpxtpx:speed>
</gpxtpx:TrackPointExtension>
<opentracks:accuracy_horizontal>4.257</opentracks:accuracy_horizontal></extensions>
</trkpt>
<trkpt lat="50.447455" lon="-104.579395">
<ele>554.8</ele>
<time>2026-08-28T19:11:17.172-06:00</time>
<extensions>
<gpxtpx:TrackPointExtension>
<gpxtpx:speed>1.83</gpxtpx:speed>
</gpxtpx:TrackPointExtension>
<opentracks:accuracy_horizontal>3.951</opentracks:accuracy_horizontal></extensions>
</trkpt>
<trkpt lat="50.447347" lon="-104.579398">
<ele>553.8</ele>
<time>2026-08-28T19:11:25.168-06:00</time>
<extensions>
<gpxtpx:TrackPointExtension>
<gpxtpx:speed>1.09</gpxtpx:speed>
</gpxtpx:TrackPointExtension>
<opentracks:accuracy_horizontal>3.951</opentracks:accuracy_horizontal></extensions>
</trkpt>
<trkpt lat="50.447255" lon="-104.579423">
<ele>555.7</ele>
<time>2026-08-28T19:11:35.16-06:00</time>
<extensions>
<gpxtpx:TrackPointExtension>
<gpxtpx:speed>1.98</gpxtpx:speed>
</gpxtpx:TrackPointExtension>
<opentracks:accuracy_horizontal>4.256</opentracks:accuracy_horizontal></extensions>
</trkpt>
<trkpt lat="50.447164" lon="-104.579378">
<ele>557.3</ele>
<time>2026-08-28T19:11:44.166-06:00</time>
<extensions>
<gpxtpx:TrackPointExtension>
<gpxtpx:speed>1.71</gpxtpx:speed>
</gpxtpx:TrackPointExtension>
<opentracks:accuracy_horizontal>3.95</opentracks:accuracy_horizontal></extensions>
</trkpt>
<trkpt lat="50.447166" lon="-104.579251">
<ele>557.9</ele>
<time>2026-08-28T19:11:54.18-06:00</time>
<extensions>
<gpxtpx:TrackPointExtension>
<gpxtpx:speed>0</gpxtpx:speed>
</gpxtpx:TrackPointExtension>
<opentracks:accuracy_horizontal>3.95</opentracks:accuracy_horizontal></extensions>
</trkpt>
<trkpt lat="50.447125" lon="-104.579071">
<ele>557.2</ele>
<time>2026-08-28T19:12:05.17-06:00</time>
<extensions>
<gpxtpx:TrackPointExtension>
<gpxtpx:speed>3.87</gpxtpx:speed>
</gpxtpx:TrackPointExtension>
<opentracks:accuracy_horizontal>3.95</opentracks:accuracy_horizontal></extensions>
</trkpt>
<trkpt lat="50.447119" lon="-104.578927">
<ele>557.3</ele>
<time>2026-08-28T19:12:07.169-06:00</time>
<extensions>
<gpxtpx:TrackPointExtension>
<gpxtpx:speed>5.43</gpxtpx:speed>
</gpxtpx:TrackPointExtension>
<opentracks:accuracy_horizontal>3.95</opentracks:accuracy_horizontal></extensions>
</trkpt>
<trkpt lat="50.447122" lon="-104.578726">
<ele>557.1</ele>
<time>2026-08-28T19:12:09.181-06:00</time>
<extensions>
<gpxtpx:TrackPointExtension>
<gpxtpx:speed>6.94</gpxtpx:speed>
</gpxtpx:TrackPointExtension>
<opentracks:accuracy_horizontal>3.949</opentracks:accuracy_horizontal></extensions>
</trkpt>
<trkpt lat="50.447123" lon="-104.578515">
<ele>556.9</ele>
<time>2026-08-28T19:12:11.172-06:00</time>
<extensions>
<gpxtpx:TrackPointExtension>
<gpxtpx:speed>6.79</gpxtpx:speed>
</gpxtpx:TrackPointExtension>
<opentracks:accuracy_horizontal>3.949</opentracks:accuracy_horizontal></extensions>
</trkpt>
<trkpt lat="50.447123" lon="-104.5783">
<ele>556.5</ele>
<time>2026-08-28T19:12:13.162-06:00</time>
<extensions>
<gpxtpx:TrackPointExtension>
<gpxtpx:speed>7.73</gpxtpx:speed>
</gpxtpx:TrackPointExtension>
<opentracks:accuracy_horizontal>3.949</opentracks:accuracy_horizontal></extensions>
</trkpt>
<trkpt lat="50.44712" lon="-104.57807">
<ele>556.2</ele>
<time>2026-08-28T19:12:15.17-06:00</time>
<extensions>
<gpxtpx:TrackPointExtension>
<gpxtpx:speed>8.04</gpxtpx:speed>
</gpxtpx:TrackPointExtension>
<opentracks:accuracy_horizontal>3.949</opentracks:accuracy_horizontal></extensions>
</trkpt>
<trkpt lat="50.447087" lon="-104.577824">
<ele>555.2</ele>
<time>2026-08-28T19:12:17.168-06:00</time>
<extensions>
<gpxtpx:TrackPointExtension>
<gpxtpx:speed>9.22</gpxtpx:speed>
</gpxtpx:TrackPointExtension>
<opentracks:accuracy_horizontal>3.949</opentracks:accuracy_horizontal></extensions>
</trkpt>
<trkpt lat="50.447055" lon="-104.577562">
<ele>556.2</ele>
<time>2026-08-28T19:12:19.174-06:00</time>
<extensions>
<gpxtpx:TrackPointExtension>
<gpxtpx:speed>9.49</gpxtpx:speed>
</gpxtpx:TrackPointExtension>
<opentracks:accuracy_horizontal>3.949</opentracks:accuracy_horizontal></extensions>
</trkpt>
<trkpt lat="50.447052" lon="-104.577416">
<ele>556.4</ele>
<time>2026-08-28T19:12:20.172-06:00</time>
<extensions>
<gpxtpx:TrackPointExtension>
<gpxtpx:speed>9.46</gpxtpx:speed>
</gpxtpx:TrackPointExtension>
<opentracks:accuracy_horizontal>3.949</opentracks:accuracy_horizontal></extensions>
</trkpt>
<trkpt lat="50.447059" lon="-104.577151">
<ele>555.9</ele>
<time>2026-08-28T19:12:22.178-06:00</time>
<extensions>
<gpxtpx:TrackPointExtension>
<gpxtpx:speed>9.25</gpxtpx:speed>
</gpxtpx:TrackPointExtension>
<opentracks:accuracy_horizontal>3.949</opentracks:accuracy_horizontal></extensions>
</trkpt>
<trkpt lat="50.447061" lon="-104.57691">
<ele>555.4</ele>
<time>2026-08-28T19:12:24.171-06:00</time>
<extensions>
<gpxtpx:TrackPointExtension>
<gpxtpx:speed>8.19</gpxtpx:speed>
</gpxtpx:TrackPointExtension>
<opentracks:accuracy_horizontal>3.949</opentracks:accuracy_horizontal></extensions>
</trkpt>
<trkpt lat="50.447062" lon="-104.576676">
<ele>555.7</ele>
<time>2026-08-28T19:12:26.157-06:00</time>
<extensions>
<gpxtpx:TrackPointExtension>
<gpxtpx:speed>7.94</gpxtpx:speed>
</gpxtpx:TrackPointExtension>
<opentracks:accuracy_horizontal>3.949</opentracks:accuracy_horizontal></extensions>
</trkpt>
<trkpt lat="50.447058" lon="-104.576442">
<ele>555.8</ele>
<time>2026-08-28T19:12:28.174-06:00</time>
<extensions>
<gpxtpx:TrackPointExtension>
<gpxtpx:speed>8.33</gpxtpx:speed>
</gpxtpx:TrackPointExtension>
<opentracks:accuracy_horizontal>4.528</opentracks:accuracy_horizontal></extensions>
</trkpt>
<trkpt lat="50.447058" lon="-104.576194">
<ele>555.3</ele>
<time>2026-08-28T19:12:30.17-06:00</time>
<extensions>
<gpxtpx:TrackPointExtension>
<gpxtpx:speed>8.68</gpxtpx:speed>
</gpxtpx:TrackPointExtension>
<opentracks:accuracy_horizontal>3.949</opentracks:accuracy_horizontal></extensions>
</trkpt>
<trkpt lat="50.44706" lon="-104.575942">
<ele>555.5</ele>
<time>2026-08-28T19:12:32.161-06:00</time>
<extensions>
<gpxtpx:TrackPointExtension>
<gpxtpx:speed>8.57</gpxtpx:speed>
</gpxtpx:TrackPointExtension>
<opentracks:accuracy_horizontal>3.949</opentracks:accuracy_horizontal></extensions>
</trkpt>
<trkpt lat="50.44706" lon="-104.575694">
<ele>555.6</ele>
<time>2026-08-28T19:12:34.179-06:00</time>
<extensions>
<gpxtpx:TrackPointExtension>
<gpxtpx:speed>8.52</gpxtpx:speed>
</gpxtpx:TrackPointExtension>
<opentracks:accuracy_horizontal>3.949</opentracks:accuracy_horizontal></extensions>
</trkpt>
<trkpt lat="50.44706" lon="-104.575441">
<ele>555.9</ele>
<time>2026-08-28T19:12:36.177-06:00</time>
<extensions>
<gpxtpx:TrackPointExtension>
<gpxtpx:speed>8.73</gpxtpx:speed>
</gpxtpx:TrackPointExtension>
<opentracks:accuracy_horizontal>3.949</opentracks:accuracy_horizontal></extensions>
</trkpt>
<trkpt lat="50.447062" lon="-104.575194">
<ele>556.2</ele>
<time>2026-08-28T19:12:38.175-06:00</time>
<extensions>
<gpxtpx:TrackPointExtension>
<gpxtpx:speed>8.64</gpxtpx:speed>
</gpxtpx:TrackPointExtension>
<opentracks:accuracy_horizontal>3.949</opentracks:accuracy_horizontal></extensions>
</trkpt>
<trkpt lat="50.447067" lon="-104.574952">
<ele>556.8</ele>
<time>2026-08-28T19:12:40.175-06:00</time>
<extensions>
<gpxtpx:TrackPointExtension>
<gpxtpx:speed>8.5</gpxtpx:speed>
</gpxtpx:TrackPointExtension>
<opentracks:accuracy_horizontal>3.949</opentracks:accuracy_horizontal></extensions>
</trkpt>
<trkpt lat="50.447067" lon="-104.57471">
<ele>556.8</ele>
<time>2026-08-28T19:12:42.173-06:00</time>
<extensions>
<gpxtpx:TrackPointExtension>
<gpxtpx:speed>8.48</gpxtpx:speed>
</gpxtpx:TrackPointExtension>
<opentracks:accuracy_horizontal>3.949</opentracks:accuracy_horizontal></extensions>
</trkpt>
<trkpt lat="50.447065" lon="-104.574461">
<ele>556.4</ele>
<time>2026-08-28T19:12:44.169-06:00</time>
<extensions>
<gpxtpx:TrackPointExtension>
<gpxtpx:speed>8.41</gpxtpx:speed>
</gpxtpx:TrackPointExtension>
<opentracks:accuracy_horizontal>3.988</opentracks:accuracy_horizontal></extensions>
</trkpt>
<trkpt lat="50.447067" lon="-104.57422">
<ele>556.8</ele>
<time>2026-08-28T19:12:46.173-06:00</time>
<extensions>
<gpxtpx:TrackPointExtension>
<gpxtpx:speed>8.55</gpxtpx:speed>
</gpxtpx:TrackPointExtension>
<opentracks:accuracy_horizontal>3.949</opentracks:accuracy_horizontal></extensions>
</trkpt>
<trkpt lat="50.447068" lon="-104.573967">
<ele>557.2</ele>
<time>2026-08-28T19:12:48.164-06:00</time>
<extensions>
<gpxtpx:TrackPointExtension>
<gpxtpx:speed>8.63</gpxtpx:speed>
</gpxtpx:TrackPointExtension>
<opentracks:accuracy_horizontal>3.949</opentracks:accuracy_horizontal></extensions>
</trkpt>
<trkpt lat="50.447069" lon="-104.57372">
<ele>557.3</ele>
<time>2026-08-28T19:12:50.167-06:00</time>
<extensions>
<gpxtpx:TrackPointExtension>
<gpxtpx:speed>8.45</gpxtpx:speed>
</gpxtpx:TrackPointExtension>
<opentracks:accuracy_horizontal>3.948</opentracks:accuracy_horizontal></extensions>
</trkpt>
<trkpt lat="50.447065" lon="-104.573486">
<ele>557</ele>
<time>2026-08-28T19:12:52.173-06:00</time>
<extensions>
<gpxtpx:TrackPointExtension>
<gpxtpx:speed>8.48</gpxtpx:speed>
</gpxtpx:TrackPointExtension>
<opentracks:accuracy_horizontal>3.948</opentracks:accuracy_horizontal></extensions>
</trkpt>
<trkpt lat="50.447064" lon="-104.573245">
<ele>557.4</ele>
<time>2026-08-28T19:12:54.176-06:00</time>
<extensions>
<gpxtpx:TrackPointExtension>
<gpxtpx:speed>8.44</gpxtpx:speed>
</gpxtpx:TrackPointExtension>
<opentracks:accuracy_horizontal>3.948</opentracks:accuracy_horizontal></extensions>
</trkpt>
<trkpt lat="50.447061" lon="-104.573011">
<ele>556.7</ele>
<time>2026-08-28T19:12:56.174-06:00</time>
<extensions>
<gpxtpx:TrackPointExtension>
<gpxtpx:speed>8.41</gpxtpx:speed>
</gpxtpx:TrackPointExtension>
<opentracks:accuracy_horizontal>3.948</opentracks:accuracy_horizontal></extensions>
</trkpt>
<trkpt lat="50.447057" lon="-104.57274">
<ele>557.1</ele>
<time>2026-08-28T19:12:58.176-06:00</time>
<extensions>
<gpxtpx:TrackPointExtension>
<gpxtpx:speed>9.14</gpxtpx:speed>
</gpxtpx:TrackPointExtension>
<opentracks:accuracy_horizontal>3.948</opentracks:accuracy_horizontal></extensions>
</trkpt>
<trkpt lat="50.447065" lon="-104.572594">
<ele>557.7</ele>
<time>2026-08-28T19:12:59.172-06:00</time>
<extensions>
<gpxtpx:TrackPointExtension>
<gpxtpx:speed>9.17</gpxtpx:speed>
</gpxtpx:TrackPointExtension>
<opentracks:accuracy_horizontal>3.948</opentracks:accuracy_horizontal></extensions>
</trkpt>
<trkpt lat="50.447076" lon="-104.572347">
<ele>557.4</ele>
<time>2026-08-28T19:13:01.174-06:00</time>
<extensions>
<gpxtpx:TrackPointExtension>
<gpxtpx:speed>8.64</gpxtpx:speed>
</gpxtpx:TrackPointExtension>
<opentracks:accuracy_horizontal>3.948</opentracks:accuracy_horizontal></extensions>
</trkpt>
<trkpt lat="50.447067" lon="-104.572112">
<ele>557.1</ele>
<time>2026-08-28T19:13:03.16-06:00</time>
<extensions>
<gpxtpx:TrackPointExtension>
<gpxtpx:speed>8.55</gpxtpx:speed>
</gpxtpx:TrackPointExtension>
<opentracks:accuracy_horizontal>3.948</opentracks:accuracy_horizontal></extensions>
</trkpt>
<trkpt lat="50.447056" lon="-104.571874">
<ele>556.2</ele>
<time>2026-08-28T19:13:05.166-06:00</time>
<extensions>
<gpxtpx:TrackPointExtension>
<gpxtpx:speed>8.38</gpxtpx:speed>
</gpxtpx:TrackPointExtension>
<opentracks:accuracy_horizontal>3.948</opentracks:accuracy_horizontal></extensions>
</trkpt>
<trkpt lat="50.447042" lon="-104.571629">
<ele>555.3</ele>
<time>2026-08-28T19:13:07.163-06:00</time>
<extensions>
<gpxtpx:TrackPointExtension>
<gpxtpx:speed>8.48</gpxtpx:speed>
</gpxtpx:TrackPointExtension>
<opentracks:accuracy_horizontal>3.948</opentracks:accuracy_horizontal></extensions>
</trkpt>
<trkpt lat="50.447033" lon="-104.571389">
<ele>555</ele>
<time>2026-08-28T19:13:09.171-06:00</time>
<extensions>
<gpxtpx:TrackPointExtension>
<gpxtpx:speed>8.35</gpxtpx:speed>
</gpxtpx:TrackPointExtension>
<opentracks:accuracy_horizontal>3.948</opentracks:accuracy_horizontal></extensions>
</trkpt>
<trkpt lat="50.447027" lon="-104.571152">
<ele>555.5</ele>
<time>2026-08-28T19:13:11.145-06:00</time>
<extensions>
<gpxtpx:TrackPointExtension>
<gpxtpx:speed>8.25</gpxtpx:speed>
</gpxtpx:TrackPointExtension>
<opentracks:accuracy_horizontal>3.948</opentracks:accuracy_horizontal></extensions>
</trkpt>
<trkpt lat="50.44703" lon="-104.570911">
<ele>555.3</ele>
<time>2026-08-28T19:13:13.165-06:00</time>
<extensions>
<gpxtpx:TrackPointExtension>
<gpxtpx:speed>8.09</gpxtpx:speed>
</gpxtpx:TrackPointExtension>
<opentracks:accuracy_horizontal>3.948</opentracks:accuracy_horizontal></extensions>
</trkpt>
<trkpt lat="50.44704" lon="-104.570668">
<ele>555.1</ele>
<time>2026-08-28T19:13:15.165-06:00</time>
<extensions>
<gpxtpx:TrackPointExtension>
<gpxtpx:speed>8.2</gpxtpx:speed>
</gpxtpx:TrackPointExtension>
<opentracks:accuracy_horizontal>3.948</opentracks:accuracy_horizontal></extensions>
</trkpt>
<trkpt lat="50.447033" lon="-104.570439">
<ele>554.6</ele>
<time>2026-08-28T19:13:17.162-06:00</time>
<extensions>
<gpxtpx:TrackPointExtension>
<gpxtpx:speed>7.76</gpxtpx:speed>
</gpxtpx:TrackPointExtension>
<opentracks:accuracy_horizontal>3.948</opentracks:accuracy_horizontal></extensions>
</trkpt>
<trkpt lat="50.447027" lon="-104.570221">
<ele>555.6</ele>
<time>2026-08-28T19:13:19.166-06:00</time>
<extensions>
<gpxtpx:TrackPointExtension>
<gpxtpx:speed>8.01</gpxtpx:speed>
</gpxtpx:TrackPointExtension>
<opentracks:accuracy_horizontal>3.948</opentracks:accuracy_horizontal></extensions>
</trkpt>
<trkpt lat="50.447023" lon="-104.570014">
<ele>555.8</ele>
<time>2026-08-28T19:13:21.167-06:00</time>
<extensions>
<gpxtpx:TrackPointExtension>
<gpxtpx:speed>7.27</gpxtpx:speed>
</gpxtpx:TrackPointExtension>
<opentracks:accuracy_horizontal>3.948</opentracks:accuracy_horizontal></extensions>
</trkpt>
<trkpt lat="50.447014" lon="-104.569799">
<ele>555.6</ele>
<time>2026-08-28T19:13:23.164-06:00</time>
<extensions>
<gpxtpx:TrackPointExtension>
<gpxtpx:speed>7.78</gpxtpx:speed>
</gpxtpx:TrackPointExtension>
<opentracks:accuracy_horizontal>3.948</opentracks:accuracy_horizontal></extensions>
</trkpt>
<trkpt lat="50.447009" lon="-104.569579">
<ele>556</ele>
<time>2026-08-28T19:13:25.169-06:00</time>
<extensions>
<gpxtpx:TrackPointExtension>
<gpxtpx:speed>7.81</gpxtpx:speed>
</gpxtpx:TrackPointExtension>
<opentracks:accuracy_horizontal>3.948</opentracks:accuracy_horizontal></extensions>
</trkpt>
<trkpt lat="50.447006" lon="-104.56936">
<ele>555.6</ele>
<time>2026-08-28T19:13:27.171-06:00</time>
<extensions>
<gpxtpx:TrackPointExtension>
<gpxtpx:speed>7.45</gpxtpx:speed>
</gpxtpx:TrackPointExtension>
<opentracks:accuracy_horizontal>3.948</opentracks:accuracy_horizontal></extensions>
</trkpt>
<trkpt lat="50.447" lon="-104.56915">
<ele>555.6</ele>
<time>2026-08-28T19:13:29.173-06:00</time>
<extensions>
<gpxtpx:TrackPointExtension>
<gpxtpx:speed>7.56</gpxtpx:speed>
</gpxtpx:TrackPointExtension>
<opentracks:accuracy_horizontal>3.948</opentracks:accuracy_horizontal></extensions>
</trkpt>
<trkpt lat="50.446994" lon="-104.568934">
<ele>555.6</ele>
<time>2026-08-28T19:13:31.174-06:00</time>
<extensions>
<gpxtpx:TrackPointExtension>
<gpxtpx:speed>7.66</gpxtpx:speed>
</gpxtpx:TrackPointExtension>
<opentracks:accuracy_horizontal>3.947</opentracks:accuracy_horizontal></extensions>
</trkpt>
<trkpt lat="50.446991" lon="-104.568716">
<ele>555.1</ele>
<time>2026-08-28T19:13:33.176-06:00</time>
<extensions>
<gpxtpx:TrackPointExtension>
<gpxtpx:speed>7.06</gpxtpx:speed>
</gpxtpx:TrackPointExtension>
<opentracks:accuracy_horizontal>3.947</opentracks:accuracy_horizontal></extensions>
</trkpt>
<trkpt lat="50.446989" lon="-104.568509">
<ele>555</ele>
<time>2026-08-28T19:13:35.194-06:00</time>
<extensions>
<gpxtpx:TrackPointExtension>
<gpxtpx:speed>7.41</gpxtpx:speed>
</gpxtpx:TrackPointExtension>
<opentracks:accuracy_horizontal>3.947</opentracks:accuracy_horizontal></extensions>
</trkpt>
<trkpt lat="50.446988" lon="-104.568294">
<ele>555.1</ele>
<time>2026-08-28T19:13:37.168-06:00</time>
<extensions>
<gpxtpx:TrackPointExtension>
<gpxtpx:speed>7.67</gpxtpx:speed>
</gpxtpx:TrackPointExtension>
<opentracks:accuracy_horizontal>3.947</opentracks:accuracy_horizontal></extensions>
</trkpt>
<trkpt lat="50.446985" lon="-104.568065">
<ele>555.3</ele>
<time>2026-08-28T19:13:39.173-06:00</time>
<extensions>
<gpxtpx:TrackPointExtension>
<gpxtpx:speed>7.66</gpxtpx:speed>
</gpxtpx:TrackPointExtension>
<opentracks:accuracy_horizontal>3.947</opentracks:accuracy_horizontal></extensions>
</trkpt>
<trkpt lat="50.446977" lon="-104.567844">
<ele>555.5</ele>
<time>2026-08-28T19:13:41.174-06:00</time>
<extensions>
<gpxtpx:TrackPointExtension>
<gpxtpx:speed>7.87</gpxtpx:speed>
</gpxtpx:TrackPointExtension>
<opentracks:accuracy_horizontal>3.947</opentracks:accuracy_horizontal></extensions>
</trkpt>
<trkpt lat="50.446975" lon="-104.567613">
<ele>555.7</ele>
<time>2026-08-28T19:13:43.165-06:00</time>
<extensions>
<gpxtpx:TrackPointExtension>
<gpxtpx:speed>8.05</gpxtpx:speed>
</gpxtpx:TrackPointExtension>
<opentracks:accuracy_horizontal>3.947</opentracks:accuracy_horizontal></extensions>
</trkpt>
<trkpt lat="50.446971" lon="-104.56737">
<ele>555.8</ele>
<time>2026-08-28T19:13:45.171-06:00</time>
<extensions>
<gpxtpx:TrackPointExtension>
<gpxtpx:speed>8.33</gpxtpx:speed>
</gpxtpx:TrackPointExtension>
<opentracks:accuracy_horizontal>3.947</opentracks:accuracy_horizontal></extensions>
</trkpt>
<trkpt lat="50.446974" lon="-104.567135">
<ele>556.1</ele>
<time>2026-08-28T19:13:47.175-06:00</time>
<extensions>
<gpxtpx:TrackPointExtension>
<gpxtpx:speed>8.32</gpxtpx:speed>
</gpxtpx:TrackPointExtension>
<opentracks:accuracy_horizontal>3.947</opentracks:accuracy_horizontal></extensions>
</trkpt>
<trkpt lat="50.446972" lon="-104.566902">
<ele>556.5</ele>
<time>2026-08-28T19:13:49.17-06:00</time>
<extensions>
<gpxtpx:TrackPointExtension>
<gpxtpx:speed>8.36</gpxtpx:speed>
</gpxtpx:TrackPointExtension>
<opentracks:accuracy_horizontal>3.947</opentracks:accuracy_horizontal></extensions>
</trkpt>
<trkpt lat="50.446975" lon="-104.56666">
<ele>556.5</ele>
<time>2026-08-28T19:13:51.172-06:00</time>
<extensions>
<gpxtpx:TrackPointExtension>
<gpxtpx:speed>8.43</gpxtpx:speed>
</gpxtpx:TrackPointExtension>
<opentracks:accuracy_horizontal>3.947</opentracks:accuracy_horizontal></extensions>
</trkpt>
<trkpt lat="50.446972" lon="-104.566415">
<ele>557.3</ele>
<time>2026-08-28T19:13:53.175-06:00</time>
<extensions>
<gpxtpx:TrackPointExtension>
<gpxtpx:speed>8.53</gpxtpx:speed>
</gpxtpx:TrackPointExtension>
<opentracks:accuracy_horizontal>3.947</opentracks:accuracy_horizontal></extensions>
</trkpt>
<trkpt lat="50.446962" lon="-104.566181">
<ele>557</ele>
<time>2026-08-28T19:13:55.167-06:00</time>
<extensions>
<gpxtpx:TrackPointExtension>
<gpxtpx:speed>8.45</gpxtpx:speed>
</gpxtpx:TrackPointExtension>
<opentracks:accuracy_horizontal>3.947</opentracks:accuracy_horizontal></extensions>
</trkpt>
<trkpt lat="50.446955" lon="-104.565943">
<ele>556.3</ele>
<time>2026-08-28T19:13:57.178-06:00</time>
<extensions>
<gpxtpx:TrackPointExtension>
<gpxtpx:speed>8.57</gpxtpx:speed>
</gpxtpx:TrackPointExtension>
<opentracks:accuracy_horizontal>3.947</opentracks:accuracy_horizontal></extensions>
</trkpt>
<trkpt lat="50.446956" lon="-104.565695">
<ele>557.4</ele>
<time>2026-08-28T19:13:59.173-06:00</time>
<extensions>
<gpxtpx:TrackPointExtension>
<gpxtpx:speed>9.27</gpxtpx:speed>
</gpxtpx:TrackPointExtension>
<opentracks:accuracy_horizontal>4.145</opentracks:accuracy_horizontal></extensions>
</trkpt>
<trkpt lat="50.446961" lon="-104.565449">
<ele>557.6</ele>
<time>2026-08-28T19:14:01.166-06:00</time>
<extensions>
<gpxtpx:TrackPointExtension>
<gpxtpx:speed>8.66</gpxtpx:speed>
</gpxtpx:TrackPointExtension>
<opentracks:accuracy_horizontal>3.947</opentracks:accuracy_horizontal></extensions>
</trkpt>
<trkpt lat="50.446949" lon="-104.565201">
<ele>557.1</ele>
<time>2026-08-28T19:14:03.174-06:00</time>
<extensions>
<gpxtpx:TrackPointExtension>
<gpxtpx:speed>8.66</gpxtpx:speed>
</gpxtpx:TrackPointExtension>
<opentracks:accuracy_horizontal>3.947</opentracks:accuracy_horizontal></extensions>
</trkpt>
<trkpt lat="50.446945" lon="-104.564951">
<ele>556.1</ele>
<time>2026-08-28T19:14:05.166-06:00</time>
<extensions>
<gpxtpx:TrackPointExtension>
<gpxtpx:speed>9.08</gpxtpx:speed>
</gpxtpx:TrackPointExtension>
<opentracks:accuracy_horizontal>3.947</opentracks:accuracy_horizontal></extensions>
</trkpt>
<trkpt lat="50.446947" lon="-104.564704">
<ele>555.6</ele>
<time>2026-08-28T19:14:07.17-06:00</time>
<extensions>
<gpxtpx:TrackPointExtension>
<gpxtpx:speed>8.76</gpxtpx:speed>
</gpxtpx:TrackPointExtension>
<opentracks:accuracy_horizontal>3.947</opentracks:accuracy_horizontal></extensions>
</trkpt>
<trkpt lat="50.446943" lon="-104.564467">
<ele>555.7</ele>
<time>2026-08-28T19:14:09.176-06:00</time>
<extensions>
<gpxtpx:TrackPointExtension>
<gpxtpx:speed>8.87</gpxtpx:speed>
</gpxtpx:TrackPointExtension>
<opentracks:accuracy_horizontal>3.946</opentracks:accuracy_horizontal></extensions>
</trkpt>
<trkpt lat="50.446942" lon="-104.564202">
<ele>555.6</ele>
<time>2026-08-28T19:14:11.168-06:00</time>
<extensions>
<gpxtpx:TrackPointExtension>
<gpxtpx:speed>9.11</gpxtpx:speed>
</gpxtpx:TrackPointExtension>
<opentracks:accuracy_horizontal>3.946</opentracks:accuracy_horizontal></extensions>
</trkpt>
<trkpt lat="50.446948" lon="-104.563942">
<ele>555.1</ele>
<time>2026-08-28T19:14:13.17-06:00</time>
<extensions>
<gpxtpx:TrackPointExtension>
<gpxtpx:speed>8.59</gpxtpx:speed>
</gpxtpx:TrackPointExtension>
<opentracks:accuracy_horizontal>3.946</opentracks:accuracy_horizontal></extensions>
</trkpt>
<trkpt lat="50.446945" lon="-104.563707">
<ele>555.2</ele>
<time>2026-08-28T19:14:15.174-06:00</time>
<extensions>
<gpxtpx:TrackPointExtension>
<gpxtpx:speed>8.73</gpxtpx:speed>
</gpxtpx:TrackPointExtension>
<opentracks:accuracy_horizontal>4.235</opentracks:accuracy_horizontal></extensions>
</trkpt>
<trkpt lat="50.446946" lon="-104.563467">
<ele>555.5</ele>
<time>2026-08-28T19:14:17.173-06:00</time>
<extensions>
<gpxtpx:TrackPointExtension>
<gpxtpx:speed>8.67</gpxtpx:speed>
</gpxtpx:TrackPointExtension>
<opentracks:accuracy_horizontal>4.787</opentracks:accuracy_horizontal></extensions>
</trkpt>
<trkpt lat="50.446942" lon="-104.563196">
<ele>554.6</ele>
<time>2026-08-28T19:14:19.164-06:00</time>
<extensions>
<gpxtpx:TrackPointExtension>
<gpxtpx:speed>8.9</gpxtpx:speed>
</gpxtpx:TrackPointExtension>
<opentracks:accuracy_horizontal>4.925</opentracks:accuracy_horizontal></extensions>
</trkpt>
<trkpt lat="50.446936" lon="-104.562943">
<ele>554.9</ele>
<time>2026-08-28T19:14:21.176-06:00</time>
<extensions>
<gpxtpx:TrackPointExtension>
<gpxtpx:speed>8.5</gpxtpx:speed>
</gpxtpx:TrackPointExtension>
<opentracks:accuracy_horizontal>4.31</opentracks:accuracy_horizontal></extensions>
</trkpt>
<trkpt lat="50.446936" lon="-104.562712">
<ele>553.3</ele>
<time>2026-08-28T19:14:23.171-06:00</time>
<extensions>
<gpxtpx:TrackPointExtension>
<gpxtpx:speed>8.26</gpxtpx:speed>
</gpxtpx:TrackPointExtension>
<opentracks:accuracy_horizontal>3.946</opentracks:accuracy_horizontal></extensions>
</trkpt>
<trkpt lat="50.446926" lon="-104.562473">
<ele>552.6</ele>
<time>2026-08-28T19:14:25.15-06:00</time>
<extensions>
<gpxtpx:TrackPointExtension>
<gpxtpx:speed>8.7</gpxtpx:speed>
</gpxtpx:TrackPointExtension>
<opentracks:accuracy_horizontal>3.946</opentracks:accuracy_horizontal></extensions>
</trkpt>
<trkpt lat="50.446927" lon="-104.562218">
<ele>552.4</ele>
<time>2026-08-28T19:14:27.169-06:00</time>
<extensions>
<gpxtpx:TrackPointExtension>
<gpxtpx:speed>8.87</gpxtpx:speed>
</gpxtpx:TrackPointExtension>
<opentracks:accuracy_horizontal>3.946</opentracks:accuracy_horizontal></extensions>
</trkpt>
<trkpt lat="50.446927" lon="-104.561969">
<ele>552.8</ele>
<time>2026-08-28T19:14:29.195-06:00</time>
<extensions>
<gpxtpx:TrackPointExtension>
<gpxtpx:speed>8.74</gpxtpx:speed>
</gpxtpx:TrackPointExtension>
<opentracks:accuracy_horizontal>3.946</opentracks:accuracy_horizontal></extensions>
</trkpt>
<trkpt lat="50.446924" lon="-104.561722">
<ele>552.9</ele>
<time>2026-08-28T19:14:31.167-06:00</time>
<extensions>
<gpxtpx:TrackPointExtension>
<gpxtpx:speed>8.72</gpxtpx:speed>
</gpxtpx:TrackPointExtension>
<opentracks:accuracy_horizontal>3.946</opentracks:accuracy_horizontal></extensions>
</trkpt>
<trkpt lat="50.446922" lon="-104.561474">
<ele>553.2</ele>
<time>2026-08-28T19:14:33.176-06:00</time>
<extensions>
<gpxtpx:TrackPointExtension>
<gpxtpx:speed>8.54</gpxtpx:speed>
</gpxtpx:TrackPointExtension>
<opentracks:accuracy_horizontal>3.946</opentracks:accuracy_horizontal></extensions>
</trkpt>
<trkpt lat="50.446921" lon="-104.561227">
<ele>554</ele>
<time>2026-08-28T19:14:35.17-06:00</time>
<extensions>
<gpxtpx:TrackPointExtension>
<gpxtpx:speed>8.47</gpxtpx:speed>
</gpxtpx:TrackPointExtension>
<opentracks:accuracy_horizontal>3.946</opentracks:accuracy_horizontal></extensions>
</trkpt>
<trkpt lat="50.446922" lon="-104.561">
<ele>554</ele>
<time>2026-08-28T19:14:37.184-06:00</time>
<extensions>
<gpxtpx:TrackPointExtension>
<gpxtpx:speed>8.01</gpxtpx:speed>
</gpxtpx:TrackPointExtension>
<opentracks:accuracy_horizontal>3.946</opentracks:accuracy_horizontal></extensions>
</trkpt>
<trkpt lat="50.446907" lon="-104.560771">
<ele>554.2</ele>
<time>2026-08-28T19:14:39.165-06:00</time>
<extensions>
<gpxtpx:TrackPointExtension>
<gpxtpx:speed>8.33</gpxtpx:speed>
</gpxtpx:TrackPointExtension>
<opentracks:accuracy_horizontal>3.946</opentracks:accuracy_horizontal></extensions>
</trkpt>
<trkpt lat="50.446873" lon="-104.56053">
<ele>555.1</ele>
<time>2026-08-28T19:14:41.18-06:00</time>
<extensions>
<gpxtpx:TrackPointExtension>
<gpxtpx:speed>8.53</gpxtpx:speed>
</gpxtpx:TrackPointExtension>
<opentracks:accuracy_horizontal>3.946</opentracks:accuracy_horizontal></extensions>
</trkpt>
<trkpt lat="50.446876" lon="-104.560289">
<ele>554.3</ele>
<time>2026-08-28T19:14:43.156-06:00</time>
<extensions>
<gpxtpx:TrackPointExtension>
<gpxtpx:speed>7.81</gpxtpx:speed>
</gpxtpx:TrackPointExtension>
<opentracks:accuracy_horizontal>3.946</opentracks:accuracy_horizontal></extensions>
</trkpt>
<trkpt lat="50.446877" lon="-104.560091">
<ele>554.3</ele>
<time>2026-08-28T19:14:45.169-06:00</time>
<extensions>
<gpxtpx:TrackPointExtension>
<gpxtpx:speed>6.77</gpxtpx:speed>
</gpxtpx:TrackPointExtension>
<opentracks:accuracy_horizontal>3.946</opentracks:accuracy_horizontal></extensions>
</trkpt>
<trkpt lat="50.446874" lon="-104.559909">
<ele>554.8</ele>
<time>2026-08-28T19:14:47.18-06:00</time>
<extensions>
<gpxtpx:TrackPointExtension>
<gpxtpx:speed>7.68</gpxtpx:speed>
</gpxtpx:TrackPointExtension>
<opentracks:accuracy_horizontal>4.242</opentracks:accuracy_horizontal></extensions>
</trkpt>
<trkpt lat="50.446892" lon="-104.559698">
<ele>556.1</ele>
<time>2026-08-28T19:14:49.153-06:00</time>
<extensions>
<gpxtpx:TrackPointExtension>
<gpxtpx:speed>6.65</gpxtpx:speed>
</gpxtpx:TrackPointExtension>
<opentracks:accuracy_horizontal>3.945</opentracks:accuracy_horizontal></extensions>
</trkpt>
<trkpt lat="50.446899" lon="-104.559527">
<ele>555.5</ele>
<time>2026-08-28T19:14:51.166-06:00</time>
<extensions>
<gpxtpx:TrackPointExtension>
<gpxtpx:speed>6.31</gpxtpx:speed>
</gpxtpx:TrackPointExtension>
<opentracks:accuracy_horizontal>3.945</opentracks:accuracy_horizontal></extensions>
</trkpt>
<trkpt lat="50.44689" lon="-104.559337">
<ele>556</ele>
<time>2026-08-28T19:14:53.172-06:00</time>
<extensions>
<gpxtpx:TrackPointExtension>
<gpxtpx:speed>7.04</gpxtpx:speed>
</gpxtpx:TrackPointExtension>
<opentracks:accuracy_horizontal>3.945</opentracks:accuracy_horizontal></extensions>
</trkpt>
<trkpt lat="50.446891" lon="-104.559138">
<ele>556</ele>
<time>2026-08-28T19:14:55.176-06:00</time>
<extensions>
<gpxtpx:TrackPointExtension>
<gpxtpx:speed>6.38</gpxtpx:speed>
</gpxtpx:TrackPointExtension>
<opentracks:accuracy_horizontal>3.945</opentracks:accuracy_horizontal></extensions>
</trkpt>
<trkpt lat="50.446895" lon="-104.558955">
<ele>555.9</ele>
<time>2026-08-28T19:14:57.17-06:00</time>
<extensions>
<gpxtpx:TrackPointExtension>
<gpxtpx:speed>6.38</gpxtpx:speed>
</gpxtpx:TrackPointExtension>
<opentracks:accuracy_horizontal>3.945</opentracks:accuracy_horizontal></extensions>
</trkpt>
<trkpt lat="50.446889" lon="-104.558762">
<ele>555.4</ele>
<time>2026-08-28T19:14:59.181-06:00</time>
<extensions>
<gpxtpx:TrackPointExtension>
<gpxtpx:speed>6.79</gpxtpx:speed>
</gpxtpx:TrackPointExtension>
<opentracks:accuracy_horizontal>3.945</opentracks:accuracy_horizontal></extensions>
</trkpt>
<trkpt lat="50.446892" lon="-104.558563">
<ele>556.4</ele>
<time>2026-08-28T19:15:01.168-06:00</time>
<extensions>
<gpxtpx:TrackPointExtension>
<gpxtpx:speed>6.63</gpxtpx:speed>
</gpxtpx:TrackPointExtension>
<opentracks:accuracy_horizontal>3.945</opentracks:accuracy_horizontal></extensions>
</trkpt>
<trkpt lat="50.446893" lon="-104.558393">
<ele>557.1</ele>
<time>2026-08-28T19:15:03.17-06:00</time>
<extensions>
<gpxtpx:TrackPointExtension>
<gpxtpx:speed>6.35</gpxtpx:speed>
</gpxtpx:TrackPointExtension>
<opentracks:accuracy_horizontal>3.945</opentracks:accuracy_horizontal></extensions>
</trkpt>
<trkpt lat="50.446884" lon="-104.558213">
<ele>556.7</ele>
<time>2026-08-28T19:15:05.173-06:00</time>
<extensions>
<gpxtpx:TrackPointExtension>
<gpxtpx:speed>6.94</gpxtpx:speed>
</gpxtpx:TrackPointExtension>
<opentracks:accuracy_horizontal>3.945</opentracks:accuracy_horizontal></extensions>
</trkpt>
<trkpt lat="50.44688" lon="-104.558017">
<ele>556.6</ele>
<time>2026-08-28T19:15:07.172-06:00</time>
<extensions>
<gpxtpx:TrackPointExtension>
<gpxtpx:speed>6.61</gpxtpx:speed>
</gpxtpx:TrackPointExtension>
<opentracks:accuracy_horizontal>3.945</opentracks:accuracy_horizontal></extensions>
</trkpt>
<trkpt lat="50.446885" lon="-104.557836">
<ele>557.3</ele>
<time>2026-08-28T19:15:09.174-06:00</time>
<extensions>
<gpxtpx:TrackPointExtension>
<gpxtpx:speed>5.97</gpxtpx:speed>
</gpxtpx:TrackPointExtension>
<opentracks:accuracy_horizontal>3.945</opentracks:accuracy_horizontal></extensions>
</trkpt>
<trkpt lat="50.446887" lon="-104.557658">
<ele>557.1</ele>
<time>2026-08-28T19:15:11.169-06:00</time>
<extensions>
<gpxtpx:TrackPointExtension>
<gpxtpx:speed>6.68</gpxtpx:speed>
</gpxtpx:TrackPointExtension>
<opentracks:accuracy_horizontal>3.945</opentracks:accuracy_horizontal></extensions>
</trkpt>
<trkpt lat="50.446879" lon="-104.557459">
<ele>557.1</ele>
<time>2026-08-28T19:15:13.189-06:00</time>
<extensions>
<gpxtpx:TrackPointExtension>
<gpxtpx:speed>6.77</gpxtpx:speed>
</gpxtpx:TrackPointExtension>
<opentracks:accuracy_horizontal>3.945</opentracks:accuracy_horizontal></extensions>
</trkpt>
<trkpt lat="50.44688" lon="-104.557272">
<ele>557.5</ele>
<time>2026-08-28T19:15:15.17-06:00</time>
<extensions>
<gpxtpx:TrackPointExtension>
<gpxtpx:speed>6.04</gpxtpx:speed>
</gpxtpx:TrackPointExtension>
<opentracks:accuracy_horizontal>3.945</opentracks:accuracy_horizontal></extensions>
</trkpt>
<trkpt lat="50.446886" lon="-104.557101">
<ele>556.7</ele>
<time>2026-08-28T19:15:17.167-06:00</time>
<extensions>
<gpxtpx:TrackPointExtension>
<gpxtpx:speed>5.96</gpxtpx:speed>
</gpxtpx:TrackPointExtension>
<opentracks:accuracy_horizontal>3.945</opentracks:accuracy_horizontal></extensions>
</trkpt>
<trkpt lat="50.446881" lon="-104.556922">
<ele>556</ele>
<time>2026-08-28T19:15:19.173-06:00</time>
<extensions>
<gpxtpx:TrackPointExtension>
<gpxtpx:speed>6.43</gpxtpx:speed>
</gpxtpx:TrackPointExtension>
<opentracks:accuracy_horizontal>3.945</opentracks:accuracy_horizontal></extensions>
</trkpt>
<trkpt lat="50.446879" lon="-104.556727">
<ele>556.5</ele>
<time>2026-08-28T19:15:21.169-06:00</time>
<extensions>
<gpxtpx:TrackPointExtension>
<gpxtpx:speed>6.65</gpxtpx:speed>
</gpxtpx:TrackPointExtension>
<opentracks:accuracy_horizontal>3.944</opentracks:accuracy_horizontal></extensions>
</trkpt>
<trkpt lat="50.446887" lon="-104.556552">
<ele>557.7</ele>
<time>2026-08-28T19:15:23.174-06:00</time>
<extensions>
<gpxtpx:TrackPointExtension>
<gpxtpx:speed>5.99</gpxtpx:speed>
</gpxtpx:TrackPointExtension>
<opentracks:accuracy_horizontal>3.944</opentracks:accuracy_horizontal></extensions>
</trkpt>
<trkpt lat="50.446874" lon="-104.556387">
<ele>557.5</ele>
<time>2026-08-28T19:15:25.182-06:00</time>
<extensions>
<gpxtpx:TrackPointExtension>
<gpxtpx:speed>6.3</gpxtpx:speed>
</gpxtpx:TrackPointExtension>
<opentracks:accuracy_horizontal>3.944</opentracks:accuracy_horizontal></extensions>
</trkpt>
<trkpt lat="50.446862" lon="-104.556191">
<ele>556.7</ele>
<time>2026-08-28T19:15:27.176-06:00</time>
<extensions>
<gpxtpx:TrackPointExtension>
<gpxtpx:speed>7.08</gpxtpx:speed>
</gpxtpx:TrackPointExtension>
<opentracks:accuracy_horizontal>3.944</opentracks:accuracy_horizontal></extensions>
</trkpt>
<trkpt lat="50.446859" lon="-104.556005">
<ele>556.8</ele>
<time>2026-08-28T19:15:29.171-06:00</time>
<extensions>
<gpxtpx:TrackPointExtension>
<gpxtpx:speed>6.37</gpxtpx:speed>
</gpxtpx:TrackPointExtension>
<opentracks:accuracy_horizontal>3.944</opentracks:accuracy_horizontal></extensions>
</trkpt>
<trkpt lat="50.446864" lon="-104.555834">
<ele>556.8</ele>
<time>2026-08-28T19:15:31.175-06:00</time>
<extensions>
<gpxtpx:TrackPointExtension>
<gpxtpx:speed>6.02</gpxtpx:speed>
</gpxtpx:TrackPointExtension>
<opentracks:accuracy_horizontal>3.944</opentracks:accuracy_horizontal></extensions>
</trkpt>
<trkpt lat="50.446871" lon="-104.555657">
<ele>557.2</ele>
<time>2026-08-28T19:15:33.168-06:00</time>
<extensions>
<gpxtpx:TrackPointExtension>
<gpxtpx:speed>6.25</gpxtpx:speed>
</gpxtpx:TrackPointExtension>
<opentracks:accuracy_horizontal>3.944</opentracks:accuracy_horizontal></extensions>
</trkpt>
<trkpt lat="50.446874" lon="-104.555473">
<ele>557.1</ele>
<time>2026-08-28T19:15:35.167-06:00</time>
<extensions>
<gpxtpx:TrackPointExtension>
<gpxtpx:speed>6.41</gpxtpx:speed>
</gpxtpx:TrackPointExtension>
<opentracks:accuracy_horizontal>3.944</opentracks:accuracy_horizontal></extensions>
</trkpt>
<trkpt lat="50.446873" lon="-104.555291">
<ele>556.6</ele>
<time>2026-08-28T19:15:37.179-06:00</time>
<extensions>
<gpxtpx:TrackPointExtension>
<gpxtpx:speed>6.29</gpxtpx:speed>
</gpxtpx:TrackPointExtension>
<opentracks:accuracy_horizontal>3.944</opentracks:accuracy_horizontal></extensions>
</trkpt>
<trkpt lat="50.446846" lon="-104.555131">
<ele>555.7</ele>
<time>2026-08-28T19:15:39.158-06:00</time>
<extensions>
<gpxtpx:TrackPointExtension>
<gpxtpx:speed>5.98</gpxtpx:speed>
</gpxtpx:TrackPointExtension>
<opentracks:accuracy_horizontal>3.944</opentracks:accuracy_horizontal></extensions>
</trkpt>
<trkpt lat="50.446764" lon="-104.554996">
<ele>555.5</ele>
<time>2026-08-28T19:15:41.173-06:00</time>
<extensions>
<gpxtpx:TrackPointExtension>
<gpxtpx:speed>6.85</gpxtpx:speed>
</gpxtpx:TrackPointExtension>
<opentracks:accuracy_horizontal>4.526</opentracks:accuracy_horizontal></extensions>
</trkpt>
<trkpt lat="50.446631" lon="-104.554932">
<ele>555.7</ele>
<time>2026-08-28T19:15:43.179-06:00</time>
<extensions>
<gpxtpx:TrackPointExtension>
<gpxtpx:speed>7.35</gpxtpx:speed>
</gpxtpx:TrackPointExtension>
<opentracks:accuracy_horizontal>3.985</opentracks:accuracy_horizontal></extensions>
</trkpt>
<trkpt lat="50.446492" lon="-104.554969">
<ele>555.1</ele>
<time>2026-08-28T19:15:45.161-06:00</time>
<extensions>
<gpxtpx:TrackPointExtension>
<gpxtpx:speed>6.42</gpxtpx:speed>
</gpxtpx:TrackPointExtension>
<opentracks:accuracy_horizontal>4.206</opentracks:accuracy_horizontal></extensions>
</trkpt>
<trkpt lat="50.446362" lon="-104.555011">
<ele>555.8</ele>
<time>2026-08-28T19:15:47.171-06:00</time>
<extensions>
<gpxtpx:TrackPointExtension>
<gpxtpx:speed>6.51</gpxtpx:speed>
</gpxtpx:TrackPointExtension>
<opentracks:accuracy_horizontal>3.967</opentracks:accuracy_horizontal></extensions>
</trkpt>
<trkpt lat="50.446236" lon="-104.555009">
<ele>555.3</ele>
<time>2026-08-28T19:15:49.171-06:00</time>
<extensions>
<gpxtpx:TrackPointExtension>
<gpxtpx:speed>6.36</gpxtpx:speed>
</gpxtpx:TrackPointExtension>
<opentracks:accuracy_horizontal>3.944</opentracks:accuracy_horizontal></extensions>
</trkpt>
<trkpt lat="50.446126" lon="-104.554997">
<ele>555.3</ele>
<time>2026-08-28T19:15:51.179-06:00</time>
<extensions>
<gpxtpx:TrackPointExtension>
<gpxtpx:speed>6.18</gpxtpx:speed>
</gpxtpx:TrackPointExtension>
<opentracks:accuracy_horizontal>3.944</opentracks:accuracy_horizontal></extensions>
</trkpt>
<trkpt lat="50.446027" lon="-104.555001">
<ele>555.5</ele>
<time>2026-08-28T19:15:53.173-06:00</time>
<extensions>
<gpxtpx:TrackPointExtension>
<gpxtpx:speed>5.52</gpxtpx:speed>
</gpxtpx:TrackPointExtension>
<opentracks:accuracy_horizontal>3.944</opentracks:accuracy_horizontal></extensions>
</trkpt>
<trkpt lat="50.445922" lon="-104.55503">
<ele>555.7</ele>
<time>2026-08-28T19:15:55.179-06:00</time>
<extensions>
<gpxtpx:TrackPointExtension>
<gpxtpx:speed>5.98</gpxtpx:speed>
</gpxtpx:TrackPointExtension>
<opentracks:accuracy_horizontal>3.943</opentracks:accuracy_horizontal></extensions>
</trkpt>
<trkpt lat="50.445803" lon="-104.555091">
<ele>555.8</ele>
<time>2026-08-28T19:15:57.167-06:00</time>
<extensions>
<gpxtpx:TrackPointExtension>
<gpxtpx:speed>6.85</gpxtpx:speed>
</gpxtpx:TrackPointExtension>
<opentracks:accuracy_horizontal>3.943</opentracks:accuracy_horizontal></extensions>
</trkpt>
<trkpt lat="50.445685" lon="-104.555174">
<ele>555.2</ele>
<time>2026-08-28T19:15:59.171-06:00</time>
<extensions>
<gpxtpx:TrackPointExtension>
<gpxtpx:speed>6.52</gpxtpx:speed>
</gpxtpx:TrackPointExtension>
<opentracks:accuracy_horizontal>3.943</opentracks:accuracy_horizontal></extensions>
</trkpt>
<trkpt lat="50.445583" lon="-104.555253">
<ele>554.7</ele>
<time>2026-08-28T19:16:01.186-06:00</time>
<extensions>
<gpxtpx:TrackPointExtension>
<gpxtpx:speed>6.07</gpxtpx:speed>
</gpxtpx:TrackPointExtension>
<opentracks:accuracy_horizontal>3.943</opentracks:accuracy_horizontal></extensions>
</trkpt>
<trkpt lat="50.445487" lon="-104.55536">
<ele>554.5</ele>
<time>2026-08-28T19:16:03.175-06:00</time>
<extensions>
<gpxtpx:TrackPointExtension>
<gpxtpx:speed>6.8</gpxtpx:speed>
</gpxtpx:TrackPointExtension>
<opentracks:accuracy_horizontal>3.943</opentracks:accuracy_horizontal></extensions>
</trkpt>
<trkpt lat="50.445387" lon="-104.555485">
<ele>554.4</ele>
<time>2026-08-28T19:16:05.185-06:00</time>
<extensions>
<gpxtpx:TrackPointExtension>
<gpxtpx:speed>6.87</gpxtpx:speed>
</gpxtpx:TrackPointExtension>
<opentracks:accuracy_horizontal>3.943</opentracks:accuracy_horizontal></extensions>
</trkpt>
<trkpt lat="50.445289" lon="-104.555593">
<ele>554.1</ele>
<time>2026-08-28T19:16:07.173-06:00</time>
<extensions>
<gpxtpx:TrackPointExtension>
<gpxtpx:speed>6.52</gpxtpx:speed>
</gpxtpx:TrackPointExtension>
<opentracks:accuracy_horizontal>3.943</opentracks:accuracy_horizontal></extensions>
</trkpt>
<trkpt lat="50.44519" lon="-104.555695">
<ele>553.7</ele>
<time>2026-08-28T19:16:09.135-06:00</time>
<extensions>
<gpxtpx:TrackPointExtension>
<gpxtpx:speed>6.89</gpxtpx:speed>
</gpxtpx:TrackPointExtension>
<opentracks:accuracy_horizontal>3.943</opentracks:accuracy_horizontal></extensions>
</trkpt>
<trkpt lat="50.445082" lon="-104.555804">
<ele>553</ele>
<time>2026-08-28T19:16:11.184-06:00</time>
<extensions>
<gpxtpx:TrackPointExtension>
<gpxtpx:speed>6.74</gpxtpx:speed>
</gpxtpx:TrackPointExtension>
<opentracks:accuracy_horizontal>3.943</opentracks:accuracy_horizontal></extensions>
</trkpt>
<trkpt lat="50.44498" lon="-104.55591">
<ele>553.1</ele>
<time>2026-08-28T19:16:13.181-06:00</time>
<extensions>
<gpxtpx:TrackPointExtension>
<gpxtpx:speed>6.59</gpxtpx:speed>
</gpxtpx:TrackPointExtension>
<opentracks:accuracy_horizontal>3.943</opentracks:accuracy_horizontal></extensions>
</trkpt>
<trkpt lat="50.444875" lon="-104.556019">
<ele>553.1</ele>
<time>2026-08-28T19:16:15.173-06:00</time>
<extensions>
<gpxtpx:TrackPointExtension>
<gpxtpx:speed>6.7</gpxtpx:speed>
</gpxtpx:TrackPointExtension>
<opentracks:accuracy_horizontal>3.943</opentracks:accuracy_horizontal></extensions>
</trkpt>
<trkpt lat="50.44478" lon="-104.556115">
<ele>552.8</ele>
<time>2026-08-28T19:16:17.177-06:00</time>
<extensions>
<gpxtpx:TrackPointExtension>
<gpxtpx:speed>6.25</gpxtpx:speed>
</gpxtpx:TrackPointExtension>
<opentracks:accuracy_horizontal>3.943</opentracks:accuracy_horizontal></extensions>
</trkpt>
<trkpt lat="50.444677" lon="-104.556206">
<ele>552.4</ele>
<time>2026-08-28T19:16:19.18-06:00</time>
<extensions>
<gpxtpx:TrackPointExtension>
<gpxtpx:speed>6.77</gpxtpx:speed>
</gpxtpx:TrackPointExtension>
<opentracks:accuracy_horizontal>3.943</opentracks:accuracy_horizontal></extensions>
</trkpt>
<trkpt lat="50.444567" lon="-104.556315">
<ele>552.6</ele>
<time>2026-08-28T19:16:21.178-06:00</time>
<extensions>
<gpxtpx:TrackPointExtension>
<gpxtpx:speed>6.72</gpxtpx:speed>
</gpxtpx:TrackPointExtension>
<opentracks:accuracy_horizontal>3.943</opentracks:accuracy_horizontal></extensions>
</trkpt>
<trkpt lat="50.444465" lon="-104.556414">
<ele>552.7</ele>
<time>2026-08-28T19:16:23.174-06:00</time>
<extensions>
<gpxtpx:TrackPointExtension>
<gpxtpx:speed>6.29</gpxtpx:speed>
</gpxtpx:TrackPointExtension>
<opentracks:accuracy_horizontal>3.943</opentracks:accuracy_horizontal></extensions>
</trkpt>
<trkpt lat="50.444358" lon="-104.556532">
<ele>552.3</ele>
<time>2026-08-28T19:16:25.182-06:00</time>
<extensions>
<gpxtpx:TrackPointExtension>
<gpxtpx:speed>6.86</gpxtpx:speed>
</gpxtpx:TrackPointExtension>
<opentracks:accuracy_horizontal>3.943</opentracks:accuracy_horizontal></extensions>
</trkpt>
<trkpt lat="50.444255" lon="-104.556654">
<ele>552.1</ele>
<time>2026-08-28T19:16:27.172-06:00</time>
<extensions>
<gpxtpx:TrackPointExtension>
<gpxtpx:speed>6.61</gpxtpx:speed>
</gpxtpx:TrackPointExtension>
<opentracks:accuracy_horizontal>4.009</opentracks:accuracy_horizontal></extensions>
</trkpt>
<trkpt lat="50.444155" lon="-104.556764">
<ele>552.4</ele>
<time>2026-08-28T19:16:29.172-06:00</time>
<extensions>
<gpxtpx:TrackPointExtension>
<gpxtpx:speed>6.86</gpxtpx:speed>
</gpxtpx:TrackPointExtension>
<opentracks:accuracy_horizontal>3.997</opentracks:accuracy_horizontal></extensions>
</trkpt>
<trkpt lat="50.444049" lon="-104.556879">
<ele>552.6</ele>
<time>2026-08-28T19:16:31.177-06:00</time>
<extensions>
<gpxtpx:TrackPointExtension>
<gpxtpx:speed>7</gpxtpx:speed>
</gpxtpx:TrackPointExtension>
<opentracks:accuracy_horizontal>3.942</opentracks:accuracy_horizontal></extensions>
</trkpt>
<trkpt lat="50.443939" lon="-104.556985">
<ele>553.1</ele>
<time>2026-08-28T19:16:33.183-06:00</time>
<extensions>
<gpxtpx:TrackPointExtension>
<gpxtpx:speed>7.26</gpxtpx:speed>
</gpxtpx:TrackPointExtension>
<opentracks:accuracy_horizontal>3.942</opentracks:accuracy_horizontal></extensions>
</trkpt>
<trkpt lat="50.443824" lon="-104.557094">
<ele>553.1</ele>
<time>2026-08-28T19:16:35.177-06:00</time>
<extensions>
<gpxtpx:TrackPointExtension>
<gpxtpx:speed>7.01</gpxtpx:speed>
</gpxtpx:TrackPointExtension>
<opentracks:accuracy_horizontal>3.942</opentracks:accuracy_horizontal></extensions>
</trkpt>
<trkpt lat="50.443715" lon="-104.557211">
<ele>552.1</ele>
<time>2026-08-28T19:16:37.183-06:00</time>
<extensions>
<gpxtpx:TrackPointExtension>
<gpxtpx:speed>7.26</gpxtpx:speed>
</gpxtpx:TrackPointExtension>
<opentracks:accuracy_horizontal>3.942</opentracks:accuracy_horizontal></extensions>
</trkpt>
<trkpt lat="50.443613" lon="-104.557335">
<ele>551.9</ele>
<time>2026-08-28T19:16:39.165-06:00</time>
<extensions>
<gpxtpx:TrackPointExtension>
<gpxtpx:speed>6.84</gpxtpx:speed>
</gpxtpx:TrackPointExtension>
<opentracks:accuracy_horizontal>3.942</opentracks:accuracy_horizontal></extensions>
</trkpt>
<trkpt lat="50.443497" lon="-104.557461">
<ele>552.6</ele>
<time>2026-08-28T19:16:41.177-06:00</time>
<extensions>
<gpxtpx:TrackPointExtension>
<gpxtpx:speed>7.3</gpxtpx:speed>
</gpxtpx:TrackPointExtension>
<opentracks:accuracy_horizontal>4.232</opentracks:accuracy_horizontal></extensions>
</trkpt>
<trkpt lat="50.443375" lon="-104.557569">
<ele>554.2</ele>
<time>2026-08-28T19:16:43.15-06:00</time>
<extensions>
<gpxtpx:TrackPointExtension>
<gpxtpx:speed>7.4</gpxtpx:speed>
</gpxtpx:TrackPointExtension>
<opentracks:accuracy_horizontal>3.942</opentracks:accuracy_horizontal></extensions>
</trkpt>
<trkpt lat="50.443268" lon="-104.557692">
<ele>553.7</ele>
<time>2026-08-28T19:16:45.166-06:00</time>
<extensions>
<gpxtpx:TrackPointExtension>
<gpxtpx:speed>6.92</gpxtpx:speed>
</gpxtpx:TrackPointExtension>
<opentracks:accuracy_horizontal>3.942</opentracks:accuracy_horizontal></extensions>
</trkpt>
<trkpt lat="50.443164" lon="-104.557804">
<ele>552.5</ele>
<time>2026-08-28T19:16:47.163-06:00</time>
<extensions>
<gpxtpx:TrackPointExtension>
<gpxtpx:speed>7.1</gpxtpx:speed>
</gpxtpx:TrackPointExtension>
<opentracks:accuracy_horizontal>3.942</opentracks:accuracy_horizontal></extensions>
</trkpt>
<trkpt lat="50.443051" lon="-104.557904">
<ele>552.7</ele>
<time>2026-08-28T19:16:49.16-06:00</time>
<extensions>
<gpxtpx:TrackPointExtension>
<gpxtpx:speed>7.09</gpxtpx:speed>
</gpxtpx:TrackPointExtension>
<opentracks:accuracy_horizontal>3.942</opentracks:accuracy_horizontal></extensions>
</trkpt>
<trkpt lat="50.442941" lon="-104.558005">
<ele>552.5</ele>
<time>2026-08-28T19:16:51.175-06:00</time>
<extensions>
<gpxtpx:TrackPointExtension>
<gpxtpx:speed>7.2</gpxtpx:speed>
</gpxtpx:TrackPointExtension>
<opentracks:accuracy_horizontal>3.942</opentracks:accuracy_horizontal></extensions>
</trkpt>
<trkpt lat="50.442831" lon="-104.558115">
<ele>552.5</ele>
<time>2026-08-28T19:16:53.191-06:00</time>
<extensions>
<gpxtpx:TrackPointExtension>
<gpxtpx:speed>6.93</gpxtpx:speed>
</gpxtpx:TrackPointExtension>
<opentracks:accuracy_horizontal>3.942</opentracks:accuracy_horizontal></extensions>
</trkpt>
<trkpt lat="50.442726" lon="-104.558222">
<ele>552.1</ele>
<time>2026-08-28T19:16:55.179-06:00</time>
<extensions>
<gpxtpx:TrackPointExtension>
<gpxtpx:speed>6.89</gpxtpx:speed>
</gpxtpx:TrackPointExtension>
<opentracks:accuracy_horizontal>3.942</opentracks:accuracy_horizontal></extensions>
</trkpt>
<trkpt lat="50.442615" lon="-104.558308">
<ele>552.7</ele>
<time>2026-08-28T19:16:57.168-06:00</time>
<extensions>
<gpxtpx:TrackPointExtension>
<gpxtpx:speed>6.56</gpxtpx:speed>
</gpxtpx:TrackPointExtension>
<opentracks:accuracy_horizontal>3.941</opentracks:accuracy_horizontal></extensions>
</trkpt>
<trkpt lat="50.442505" lon="-104.558366">
<ele>552.6</ele>
<time>2026-08-28T19:16:59.198-06:00</time>
<extensions>
<gpxtpx:TrackPointExtension>
<gpxtpx:speed>6.29</gpxtpx:speed>
</gpxtpx:TrackPointExtension>
<opentracks:accuracy_horizontal>3.941</opentracks:accuracy_horizontal></extensions>
</trkpt>
<trkpt lat="50.44239" lon="-104.558423">
<ele>552.1</ele>
<time>2026-08-28T19:17:01.175-06:00</time>
<extensions>
<gpxtpx:TrackPointExtension>
<gpxtpx:speed>6.47</gpxtpx:speed>
</gpxtpx:TrackPointExtension>
<opentracks:accuracy_horizontal>4.078</opentracks:accuracy_horizontal></extensions>
</trkpt>
<trkpt lat="50.442272" lon="-104.55848">
<ele>552.9</ele>
<time>2026-08-28T19:17:03.183-06:00</time>
<extensions>
<gpxtpx:TrackPointExtension>
<gpxtpx:speed>6.36</gpxtpx:speed>
</gpxtpx:TrackPointExtension>
<opentracks:accuracy_horizontal>4.083</opentracks:accuracy_horizontal></extensions>
</trkpt>
<trkpt lat="50.442158" lon="-104.558508">
<ele>553.5</ele>
<time>2026-08-28T19:17:05.174-06:00</time>
<extensions>
<gpxtpx:TrackPointExtension>
<gpxtpx:speed>5.83</gpxtpx:speed>
</gpxtpx:TrackPointExtension>
<opentracks:accuracy_horizontal>3.98</opentracks:accuracy_horizontal></extensions>
</trkpt>
<trkpt lat="50.442043" lon="-104.558521">
<ele>553.3</ele>
<time>2026-08-28T19:17:07.178-06:00</time>
<extensions>
<gpxtpx:TrackPointExtension>
<gpxtpx:speed>6.26</gpxtpx:speed>
</gpxtpx:TrackPointExtension>
<opentracks:accuracy_horizontal>4.229</opentracks:accuracy_horizontal></extensions>
</trkpt>
<trkpt lat="50.441924" lon="-104.558528">
<ele>554.2</ele>
<time>2026-08-28T19:17:09.187-06:00</time>
<extensions>
<gpxtpx:TrackPointExtension>
<gpxtpx:speed>6.39</gpxtpx:speed>
</gpxtpx:TrackPointExtension>
<opentracks:accuracy_horizontal>3.941</opentracks:accuracy_horizontal></extensions>
</trkpt>
<trkpt lat="50.441813" lon="-104.558528">
<ele>555.3</ele>
<time>2026-08-28T19:17:11.192-06:00</time>
<extensions>
<gpxtpx:TrackPointExtension>
<gpxtpx:speed>6.28</gpxtpx:speed>
</gpxtpx:TrackPointExtension>
<opentracks:accuracy_horizontal>3.941</opentracks:accuracy_horizontal></extensions>
</trkpt>
<trkpt lat="50.441703" lon="-104.55853">
<ele>555.2</ele>
<time>2026-08-28T19:17:13.173-06:00</time>
<extensions>
<gpxtpx:TrackPointExtension>
<gpxtpx:speed>5.69</gpxtpx:speed>
</gpxtpx:TrackPointExtension>
<opentracks:accuracy_horizontal>3.941</opentracks:accuracy_horizontal></extensions>
</trkpt>
<trkpt lat="50.4416" lon="-104.558537">
<ele>554.5</ele>
<time>2026-08-28T19:17:15.172-06:00</time>
<extensions>
<gpxtpx:TrackPointExtension>
<gpxtpx:speed>5.5</gpxtpx:speed>
</gpxtpx:TrackPointExtension>
<opentracks:accuracy_horizontal>3.946</opentracks:accuracy_horizontal></extensions>
</trkpt>
<trkpt lat="50.441502" lon="-104.558536">
<ele>554.3</ele>
<time>2026-08-28T19:17:17.184-06:00</time>
<extensions>
<gpxtpx:TrackPointExtension>
<gpxtpx:speed>5.64</gpxtpx:speed>
</gpxtpx:TrackPointExtension>
<opentracks:accuracy_horizontal>3.949</opentracks:accuracy_horizontal></extensions>
</trkpt>
<trkpt lat="50.441401" lon="-104.558535">
<ele>554.3</ele>
<time>2026-08-28T19:17:19.168-06:00</time>
<extensions>
<gpxtpx:TrackPointExtension>
<gpxtpx:speed>5.57</gpxtpx:speed>
</gpxtpx:TrackPointExtension>
<opentracks:accuracy_horizontal>3.941</opentracks:accuracy_horizontal></extensions>
</trkpt>
<trkpt lat="50.441305" lon="-104.558523">
<ele>554.4</ele>
<time>2026-08-28T19:17:21.184-06:00</time>
<extensions>
<gpxtpx:TrackPointExtension>
<gpxtpx:speed>5.94</gpxtpx:speed>
</gpxtpx:TrackPointExtension>
<opentracks:accuracy_horizontal>4.227</opentracks:accuracy_horizontal></extensions>
</trkpt>
<trkpt lat="50.441202" lon="-104.558505">
<ele>554.7</ele>
<time>2026-08-28T19:17:23.173-06:00</time>
<extensions>
<gpxtpx:TrackPointExtension>
<gpxtpx:speed>5.7</gpxtpx:speed>
</gpxtpx:TrackPointExtension>
<opentracks:accuracy_horizontal>4.227</opentracks:accuracy_horizontal></extensions>
</trkpt>
<trkpt lat="50.441105" lon="-104.558503">
<ele>554.4</ele>
<time>2026-08-28T19:17:25.168-06:00</time>
<extensions>
<gpxtpx:TrackPointExtension>
<gpxtpx:speed>5.32</gpxtpx:speed>
</gpxtpx:TrackPointExtension>
<opentracks:accuracy_horizontal>4.227</opentracks:accuracy_horizontal></extensions>
</trkpt>
<trkpt lat="50.44101" lon="-104.558524">
<ele>554.7</ele>
<time>2026-08-28T19:17:27.183-06:00</time>
<extensions>
<gpxtpx:TrackPointExtension>
<gpxtpx:speed>5.58</gpxtpx:speed>
</gpxtpx:TrackPointExtension>
<opentracks:accuracy_horizontal>4.082</opentracks:accuracy_horizontal></extensions>
</trkpt>
<trkpt lat="50.44091" lon="-104.558528">
<ele>554.4</ele>
<time>2026-08-28T19:17:29.17-06:00</time>
<extensions>
<gpxtpx:TrackPointExtension>
<gpxtpx:speed>5.48</gpxtpx:speed>
</gpxtpx:TrackPointExtension>
<opentracks:accuracy_horizontal>4.118</opentracks:accuracy_horizontal></extensions>
</trkpt>
<trkpt lat="50.440816" lon="-104.558517">
<ele>554.2</ele>
<time>2026-08-28T19:17:31.176-06:00</time>
<extensions>
<gpxtpx:TrackPointExtension>
<gpxtpx:speed>5.24</gpxtpx:speed>
</gpxtpx:TrackPointExtension>
<opentracks:accuracy_horizontal>3.94</opentracks:accuracy_horizontal></extensions>
</trkpt>
<trkpt lat="50.440678" lon="-104.558518">
<ele>554.1</ele>
<time>2026-08-28T19:17:34.174-06:00</time>
<extensions>
<gpxtpx:TrackPointExtension>
<gpxtpx:speed>5.04</gpxtpx:speed>
</gpxtpx:TrackPointExtension>
<opentracks:accuracy_horizontal>3.94</opentracks:accuracy_horizontal></extensions>
</trkpt>
<trkpt lat="50.44058" lon="-104.558511">
<ele>554.6</ele>
<time>2026-08-28T19:17:36.179-06:00</time>
<extensions>
<gpxtpx:TrackPointExtension>
<gpxtpx:speed>5.1</gpxtpx:speed>
</gpxtpx:TrackPointExtension>
<opentracks:accuracy_horizontal>3.94</opentracks:accuracy_horizontal></extensions>
</trkpt>
<trkpt lat="50.440482" lon="-104.558505">
<ele>554.8</ele>
<time>2026-08-28T19:17:38.175-06:00</time>
<extensions>
<gpxtpx:TrackPointExtension>
<gpxtpx:speed>4.86</gpxtpx:speed>
</gpxtpx:TrackPointExtension>
<opentracks:accuracy_horizontal>3.94</opentracks:accuracy_horizontal></extensions>
</trkpt>
<trkpt lat="50.440381" lon="-104.558506">
<ele>555.3</ele>
<time>2026-08-28T19:17:40.173-06:00</time>
<extensions>
<gpxtpx:TrackPointExtension>
<gpxtpx:speed>5.3</gpxtpx:speed>
</gpxtpx:TrackPointExtension>
<opentracks:accuracy_horizontal>4.225</opentracks:accuracy_horizontal></extensions>
</trkpt>
<trkpt lat="50.440266" lon="-104.558495">
<ele>556.2</ele>
<time>2026-08-28T19:17:42.179-06:00</time>
<extensions>
<gpxtpx:TrackPointExtension>
<gpxtpx:speed>6.09</gpxtpx:speed>
</gpxtpx:TrackPointExtension>
<opentracks:accuracy_horizontal>4.107</opentracks:accuracy_horizontal></extensions>
</trkpt>
<trkpt lat="50.440169" lon="-104.558482">
<ele>556.9</ele>
<time>2026-08-28T19:17:44.159-06:00</time>
<extensions>
<gpxtpx:TrackPointExtension>
<gpxtpx:speed>5.34</gpxtpx:speed>
</gpxtpx:TrackPointExtension>
<opentracks:accuracy_horizontal>4.014</opentracks:accuracy_horizontal></extensions>
</trkpt>
<trkpt lat="50.440076" lon="-104.558494">
<ele>557</ele>
<time>2026-08-28T19:17:46.176-06:00</time>
<extensions>
<gpxtpx:TrackPointExtension>
<gpxtpx:speed>5.28</gpxtpx:speed>
</gpxtpx:TrackPointExtension>
<opentracks:accuracy_horizontal>4.044</opentracks:accuracy_horizontal></extensions>
</trkpt>
<trkpt lat="50.439971" lon="-104.558507">
<ele>557.1</ele>
<time>2026-08-28T19:17:48.169-06:00</time>
<extensions>
<gpxtpx:TrackPointExtension>
<gpxtpx:speed>5.74</gpxtpx:speed>
</gpxtpx:TrackPointExtension>
<opentracks:accuracy_horizontal>3.976</opentracks:accuracy_horizontal></extensions>
</trkpt>
<trkpt lat="50.43986" lon="-104.558508">
<ele>557</ele>
<time>2026-08-28T19:17:50.187-06:00</time>
<extensions>
<gpxtpx:TrackPointExtension>
<gpxtpx:speed>5.48</gpxtpx:speed>
</gpxtpx:TrackPointExtension>
<opentracks:accuracy_horizontal>3.94</opentracks:accuracy_horizontal></extensions>
</trkpt>
<trkpt lat="50.439764" lon="-104.558501">
<ele>556.7</ele>
<time>2026-08-28T19:17:52.181-06:00</time>
<extensions>
<gpxtpx:TrackPointExtension>
<gpxtpx:speed>5.19</gpxtpx:speed>
</gpxtpx:TrackPointExtension>
<opentracks:accuracy_horizontal>4.224</opentracks:accuracy_horizontal></extensions>
</trkpt>
<trkpt lat="50.43967" lon="-104.558495">
<ele>556.9</ele>
<time>2026-08-28T19:17:54.171-06:00</time>
<extensions>
<gpxtpx:TrackPointExtension>
<gpxtpx:speed>5.3</gpxtpx:speed>
</gpxtpx:TrackPointExtension>
<opentracks:accuracy_horizontal>4.057</opentracks:accuracy_horizontal></extensions>
</trkpt>
<trkpt lat="50.439564" lon="-104.558489">
<ele>557</ele>
<time>2026-08-28T19:17:56.173-06:00</time>
<extensions>
<gpxtpx:TrackPointExtension>
<gpxtpx:speed>5.35</gpxtpx:speed>
</gpxtpx:TrackPointExtension>
<opentracks:accuracy_horizontal>4.22</opentracks:accuracy_horizontal></extensions>
</trkpt>
<trkpt lat="50.439455" lon="-104.558495">
<ele>556.7</ele>
<time>2026-08-28T19:17:58.169-06:00</time>
<extensions>
<gpxtpx:TrackPointExtension>
<gpxtpx:speed>5.3</gpxtpx:speed>
</gpxtpx:TrackPointExtension>
<opentracks:accuracy_horizontal>4.095</opentracks:accuracy_horizontal></extensions>
</trkpt>
<trkpt lat="50.439351" lon="-104.558498">
<ele>555.8</ele>
<time>2026-08-28T19:18:00.157-06:00</time>
<extensions>
<gpxtpx:TrackPointExtension>
<gpxtpx:speed>5.53</gpxtpx:speed>
</gpxtpx:TrackPointExtension>
<opentracks:accuracy_horizontal>4.027</opentracks:accuracy_horizontal></extensions>
</trkpt>
<trkpt lat="50.439235" lon="-104.558487">
<ele>555.6</ele>
<time>2026-08-28T19:18:02.165-06:00</time>
<extensions>
<gpxtpx:TrackPointExtension>
<gpxtpx:speed>5.78</gpxtpx:speed>
</gpxtpx:TrackPointExtension>
<opentracks:accuracy_horizontal>3.939</opentracks:accuracy_horizontal></extensions>
</trkpt>
<trkpt lat="50.439119" lon="-104.55847">
<ele>555.4</ele>
<time>2026-08-28T19:18:04.191-06:00</time>
<extensions>
<gpxtpx:TrackPointExtension>
<gpxtpx:speed>6.25</gpxtpx:speed>
</gpxtpx:TrackPointExtension>
<opentracks:accuracy_horizontal>3.939</opentracks:accuracy_horizontal></extensions>
</trkpt>
<trkpt lat="50.439" lon="-104.558468">
<ele>555.3</ele>
<time>2026-08-28T19:18:06.18-06:00</time>
<extensions>
<gpxtpx:TrackPointExtension>
<gpxtpx:speed>6.19</gpxtpx:speed>
</gpxtpx:TrackPointExtension>
<opentracks:accuracy_horizontal>3.939</opentracks:accuracy_horizontal></extensions>
</trkpt>
<trkpt lat="50.438887" lon="-104.55849">
<ele>555.3</ele>
<time>2026-08-28T19:18:08.188-06:00</time>
<extensions>
<gpxtpx:TrackPointExtension>
<gpxtpx:speed>6.19</gpxtpx:speed>
</gpxtpx:TrackPointExtension>
<opentracks:accuracy_horizontal>3.939</opentracks:accuracy_horizontal></extensions>
</trkpt>
<trkpt lat="50.438778" lon="-104.558497">
<ele>555.5</ele>
<time>2026-08-28T19:18:10.178-06:00</time>
<extensions>
<gpxtpx:TrackPointExtension>
<gpxtpx:speed>5.88</gpxtpx:speed>
</gpxtpx:TrackPointExtension>
<opentracks:accuracy_horizontal>4</opentracks:accuracy_horizontal></extensions>
</trkpt>
<trkpt lat="50.438682" lon="-104.558506">
<ele>555.6</ele>
<time>2026-08-28T19:18:12.177-06:00</time>
<extensions>
<gpxtpx:TrackPointExtension>
<gpxtpx:speed>5.29</gpxtpx:speed>
</gpxtpx:TrackPointExtension>
<opentracks:accuracy_horizontal>4.103</opentracks:accuracy_horizontal></extensions>
</trkpt>
<trkpt lat="50.438587" lon="-104.558519">
<ele>555.1</ele>
<time>2026-08-28T19:18:14.168-06:00</time>
<extensions>
<gpxtpx:TrackPointExtension>
<gpxtpx:speed>5.22</gpxtpx:speed>
</gpxtpx:TrackPointExtension>
<opentracks:accuracy_horizontal>4.036</opentracks:accuracy_horizontal></extensions>
</trkpt>
<trkpt lat="50.438494" lon="-104.558536">
<ele>554.8</ele>
<time>2026-08-28T19:18:16.157-06:00</time>
<extensions>
<gpxtpx:TrackPointExtension>
<gpxtpx:speed>5.04</gpxtpx:speed>
</gpxtpx:TrackPointExtension>
<opentracks:accuracy_horizontal>3.939</opentracks:accuracy_horizontal></extensions>
</trkpt>
<trkpt lat="50.438375" lon="-104.558592">
<ele>555</ele>
<time>2026-08-28T19:18:19.176-06:00</time>
<extensions>
<gpxtpx:TrackPointExtension>
<gpxtpx:speed>4.32</gpxtpx:speed>
</gpxtpx:TrackPointExtension>
<opentracks:accuracy_horizontal>3.947</opentracks:accuracy_horizontal></extensions>
</trkpt>
<trkpt lat="50.438379" lon="-104.558802">
<ele>553.6</ele>
<time>2026-08-28T19:18:22.174-06:00</time>
<extensions>
<gpxtpx:TrackPointExtension>
<gpxtpx:speed>4.81</gpxtpx:speed>
</gpxtpx:TrackPointExtension>
<opentracks:accuracy_horizontal>3.939</opentracks:accuracy_horizontal></extensions>
</trkpt>
<trkpt lat="50.438399" lon="-104.558941">
<ele>554</ele>
<time>2026-08-28T19:18:24.171-06:00</time>
<extensions>
<gpxtpx:TrackPointExtension>
<gpxtpx:speed>4.22</gpxtpx:speed>
</gpxtpx:TrackPointExtension>
<opentracks:accuracy_horizontal>3.938</opentracks:accuracy_horizontal></extensions>
</trkpt>
<trkpt lat="50.438407" lon="-104.559129">
<ele>553.5</ele>
<time>2026-08-28T19:18:27.18-06:00</time>
<extensions>
<gpxtpx:TrackPointExtension>
<gpxtpx:speed>4.76</gpxtpx:speed>
</gpxtpx:TrackPointExtension>
<opentracks:accuracy_horizontal>3.938</opentracks:accuracy_horizontal></extensions>
</trkpt>
<trkpt lat="50.438426" lon="-104.559276">
<ele>553.2</ele>
<time>2026-08-28T19:18:29.17-06:00</time>
<extensions>
<gpxtpx:TrackPointExtension>
<gpxtpx:speed>4.89</gpxtpx:speed>
</gpxtpx:TrackPointExtension>
<opentracks:accuracy_horizontal>4.314</opentracks:accuracy_horizontal></extensions>
</trkpt>
<trkpt lat="50.438431" lon="-104.559475">
<ele>552.9</ele>
<time>2026-08-28T19:18:32.18-06:00</time>
<extensions>
<gpxtpx:TrackPointExtension>
<gpxtpx:speed>4.2</gpxtpx:speed>
</gpxtpx:TrackPointExtension>
<opentracks:accuracy_horizontal>3.938</opentracks:accuracy_horizontal></extensions>
</trkpt>
<trkpt lat="50.4384" lon="-104.559636">
<ele>554.6</ele>
<time>2026-08-28T19:18:35.189-06:00</time>
<extensions>
<gpxtpx:TrackPointExtension>
<gpxtpx:speed>3.18</gpxtpx:speed>
</gpxtpx:TrackPointExtension>
<opentracks:accuracy_horizontal>3.938</opentracks:accuracy_horizontal></extensions>
</trkpt>
<trkpt lat="50.438312" lon="-104.559667">
<ele>554</ele>
<time>2026-08-28T19:18:37.188-06:00</time>
<extensions>
<gpxtpx:TrackPointExtension>
<gpxtpx:speed>4.31</gpxtpx:speed>
</gpxtpx:TrackPointExtension>
<opentracks:accuracy_horizontal>4.01</opentracks:accuracy_horizontal></extensions>
</trkpt>
<trkpt lat="50.438221" lon="-104.55954">
<ele>553.4</ele>
<time>2026-08-28T19:18:39.188-06:00</time>
<extensions>
<gpxtpx:TrackPointExtension>
<gpxtpx:speed>4.21</gpxtpx:speed>
</gpxtpx:TrackPointExtension>
<opentracks:accuracy_horizontal>3.938</opentracks:accuracy_horizontal></extensions>
</trkpt>
<trkpt lat="50.438204" lon="-104.559375">
<ele>554.7</ele>
<time>2026-08-28T19:18:41.183-06:00</time>
<extensions>
<gpxtpx:TrackPointExtension>
<gpxtpx:speed>4.96</gpxtpx:speed>
</gpxtpx:TrackPointExtension>
<opentracks:accuracy_horizontal>4.533</opentracks:accuracy_horizontal></extensions>
</trkpt>
<trkpt lat="50.438208" lon="-104.559212">
<ele>553.5</ele>
<time>2026-08-28T19:18:43.173-06:00</time>
<extensions>
<gpxtpx:TrackPointExtension>
<gpxtpx:speed>4.49</gpxtpx:speed>
</gpxtpx:TrackPointExtension>
<opentracks:accuracy_horizontal>3.938</opentracks:accuracy_horizontal></extensions>
</trkpt>
<trkpt lat="50.438185" lon="-104.559022">
<ele>551.7</ele>
<time>2026-08-28T19:18:46.179-06:00</time>
<extensions>
<gpxtpx:TrackPointExtension>
<gpxtpx:speed>4.53</gpxtpx:speed>
</gpxtpx:TrackPointExtension>
<opentracks:accuracy_horizontal>3.938</opentracks:accuracy_horizontal></extensions>
</trkpt>
<trkpt lat="50.438205" lon="-104.558827">
<ele>552.3</ele>
<time>2026-08-28T19:18:49.179-06:00</time>
<extensions>
<gpxtpx:TrackPointExtension>
<gpxtpx:speed>3.5</gpxtpx:speed>
</gpxtpx:TrackPointExtension>
<opentracks:accuracy_horizontal>3.938</opentracks:accuracy_horizontal></extensions>
</trkpt>
<trkpt lat="50.438216" lon="-104.558684">
<ele>552.7</ele>
<time>2026-08-28T19:18:53.174-06:00</time>
<extensions>
<gpxtpx:TrackPointExtension>
<gpxtpx:speed>2.75</gpxtpx:speed>
</gpxtpx:TrackPointExtension>
<opentracks:accuracy_horizontal>3.937</opentracks:accuracy_horizontal></extensions>
</trkpt>
<trkpt lat="50.438242" lon="-104.558517">
<ele>554.7</ele>
<time>2026-08-28T19:18:58.173-06:00</time>
<extensions>
<gpxtpx:TrackPointExtension>
<gpxtpx:speed>3.41</gpxtpx:speed>
</gpxtpx:TrackPointExtension>
<opentracks:accuracy_horizontal>3.937</opentracks:accuracy_horizontal></extensions>
</trkpt>
<trkpt lat="50.438322" lon="-104.558423">
<ele>555.2</ele>
<time>2026-08-28T19:19:00.179-06:00</time>
<extensions>
<gpxtpx:TrackPointExtension>
<gpxtpx:speed>4.08</gpxtpx:speed>
</gpxtpx:TrackPointExtension>
<opentracks:accuracy_horizontal>3.937</opentracks:accuracy_horizontal></extensions>
</trkpt>
<trkpt lat="50.438418" lon="-104.558386">
<ele>555.6</ele>
<time>2026-08-28T19:19:02.175-06:00</time>
<extensions>
<gpxtpx:TrackPointExtension>
<gpxtpx:speed>5.01</gpxtpx:speed>
</gpxtpx:TrackPointExtension>
<opentracks:accuracy_horizontal>3.937</opentracks:accuracy_horizontal></extensions>
</trkpt>
<trkpt lat="50.438525" lon="-104.558365">
<ele>555.8</ele>
<time>2026-08-28T19:19:04.179-06:00</time>
<extensions>
<gpxtpx:TrackPointExtension>
<gpxtpx:speed>5.51</gpxtpx:speed>
</gpxtpx:TrackPointExtension>
<opentracks:accuracy_horizontal>3.937</opentracks:accuracy_horizontal></extensions>
</trkpt>
<trkpt lat="50.438627" lon="-104.558363">
<ele>555.7</ele>
<time>2026-08-28T19:19:06.186-06:00</time>
<extensions>
<gpxtpx:TrackPointExtension>
<gpxtpx:speed>5.21</gpxtpx:speed>
</gpxtpx:TrackPointExtension>
<opentracks:accuracy_horizontal>3.937</opentracks:accuracy_horizontal></extensions>
</trkpt>
<trkpt lat="50.438723" lon="-104.558351">
<ele>555.8</ele>
<time>2026-08-28T19:19:08.174-06:00</time>
<extensions>
<gpxtpx:TrackPointExtension>
<gpxtpx:speed>5.03</gpxtpx:speed>
</gpxtpx:TrackPointExtension>
<opentracks:accuracy_horizontal>3.937</opentracks:accuracy_horizontal></extensions>
</trkpt>
<trkpt lat="50.438815" lon="-104.558341">
<ele>556</ele>
<time>2026-08-28T19:19:10.169-06:00</time>
<extensions>
<gpxtpx:TrackPointExtension>
<gpxtpx:speed>4.59</gpxtpx:speed>
</gpxtpx:TrackPointExtension>
<opentracks:accuracy_horizontal>3.937</opentracks:accuracy_horizontal></extensions>
</trkpt>
<trkpt lat="50.438914" lon="-104.558352">
<ele>554.7</ele>
<time>2026-08-28T19:19:12.157-06:00</time>
<extensions>
<gpxtpx:TrackPointExtension>
<gpxtpx:speed>4.83</gpxtpx:speed>
</gpxtpx:TrackPointExtension>
<opentracks:accuracy_horizontal>3.937</opentracks:accuracy_horizontal></extensions>
</trkpt>
<trkpt lat="50.439041" lon="-104.558344">
<ele>553.5</ele>
<time>2026-08-28T19:19:15.185-06:00</time>
<extensions>
<gpxtpx:TrackPointExtension>
<gpxtpx:speed>4.6</gpxtpx:speed>
</gpxtpx:TrackPointExtension>
<opentracks:accuracy_horizontal>3.937</opentracks:accuracy_horizontal></extensions>
</trkpt>
<trkpt lat="50.439102" lon="-104.558186">
<ele>553.7</ele>
<time>2026-08-28T19:19:18.172-06:00</time>
<extensions>
<gpxtpx:TrackPointExtension>
<gpxtpx:speed>4.81</gpxtpx:speed>
</gpxtpx:TrackPointExtension>
<opentracks:accuracy_horizontal>3.936</opentracks:accuracy_horizontal></extensions>
</trkpt>
<trkpt lat="50.439083" lon="-104.558028">
<ele>553.7</ele>
<time>2026-08-28T19:19:20.172-06:00</time>
<extensions>
<gpxtpx:TrackPointExtension>
<gpxtpx:speed>4.97</gpxtpx:speed>
</gpxtpx:TrackPointExtension>
<opentracks:accuracy_horizontal>3.936</opentracks:accuracy_horizontal></extensions>
</trkpt>
<trkpt lat="50.43907" lon="-104.557875">
<ele>553.7</ele>
<time>2026-08-28T19:19:22.192-06:00</time>
<extensions>
<gpxtpx:TrackPointExtension>
<gpxtpx:speed>5.15</gpxtpx:speed>
</gpxtpx:TrackPointExtension>
<opentracks:accuracy_horizontal>3.936</opentracks:accuracy_horizontal></extensions>
</trkpt>
<trkpt lat="50.439064" lon="-104.557686">
<ele>554.5</ele>
<time>2026-08-28T19:19:25.171-06:00</time>
<extensions>
<gpxtpx:TrackPointExtension>
<gpxtpx:speed>4.24</gpxtpx:speed>
</gpxtpx:TrackPointExtension>
<opentracks:accuracy_horizontal>3.936</opentracks:accuracy_horizontal></extensions>
</trkpt>
<trkpt lat="50.439079" lon="-104.55748">
<ele>554.8</ele>
<time>2026-08-28T19:19:28.173-06:00</time>
<extensions>
<gpxtpx:TrackPointExtension>
<gpxtpx:speed>4.91</gpxtpx:speed>
</gpxtpx:TrackPointExtension>
<opentracks:accuracy_horizontal>3.936</opentracks:accuracy_horizontal></extensions>
</trkpt>
<trkpt lat="50.439071" lon="-104.557335">
<ele>555</ele>
<time>2026-08-28T19:19:30.17-06:00</time>
<extensions>
<gpxtpx:TrackPointExtension>
<gpxtpx:speed>4.78</gpxtpx:speed>
</gpxtpx:TrackPointExtension>
<opentracks:accuracy_horizontal>3.936</opentracks:accuracy_horizontal></extensions>
</trkpt>
<trkpt lat="50.439065" lon="-104.55719">
<ele>555.4</ele>
<time>2026-08-28T19:19:32.175-06:00</time>
<extensions>
<gpxtpx:TrackPointExtension>
<gpxtpx:speed>4.86</gpxtpx:speed>
</gpxtpx:TrackPointExtension>
<opentracks:accuracy_horizontal>3.936</opentracks:accuracy_horizontal></extensions>
</trkpt>
<trkpt lat="50.439079" lon="-104.556973">
<ele>554.9</ele>
<time>2026-08-28T19:19:35.183-06:00</time>
<extensions>
<gpxtpx:TrackPointExtension>
<gpxtpx:speed>5.45</gpxtpx:speed>
</gpxtpx:TrackPointExtension>
<opentracks:accuracy_horizontal>3.936</opentracks:accuracy_horizontal></extensions>
</trkpt>
<trkpt lat="50.439076" lon="-104.556812">
<ele>554.9</ele>
<time>2026-08-28T19:19:37.176-06:00</time>
<extensions>
<gpxtpx:TrackPointExtension>
<gpxtpx:speed>5.53</gpxtpx:speed>
</gpxtpx:TrackPointExtension>
<opentracks:accuracy_horizontal>3.936</opentracks:accuracy_horizontal></extensions>
</trkpt>
<trkpt lat="50.439071" lon="-104.556654">
<ele>554.6</ele>
<time>2026-08-28T19:19:39.179-06:00</time>
<extensions>
<gpxtpx:TrackPointExtension>
<gpxtpx:speed>5.28</gpxtpx:speed>
</gpxtpx:TrackPointExtension>
<opentracks:accuracy_horizontal>3.936</opentracks:accuracy_horizontal></extensions>
</trkpt>
<trkpt lat="50.439075" lon="-104.556483">
<ele>554.5</ele>
<time>2026-08-28T19:19:41.183-06:00</time>
<extensions>
<gpxtpx:TrackPointExtension>
<gpxtpx:speed>5.83</gpxtpx:speed>
</gpxtpx:TrackPointExtension>
<opentracks:accuracy_horizontal>4.517</opentracks:accuracy_horizontal></extensions>
</trkpt>
<trkpt lat="50.439087" lon="-104.55631">
<ele>555</ele>
<time>2026-08-28T19:19:43.172-06:00</time>
<extensions>
<gpxtpx:TrackPointExtension>
<gpxtpx:speed>5.41</gpxtpx:speed>
</gpxtpx:TrackPointExtension>
<opentracks:accuracy_horizontal>3.935</opentracks:accuracy_horizontal></extensions>
</trkpt>
<trkpt lat="50.43909" lon="-104.556115">
<ele>554.7</ele>
<time>2026-08-28T19:19:46.192-06:00</time>
<extensions>
<gpxtpx:TrackPointExtension>
<gpxtpx:speed>5.02</gpxtpx:speed>
</gpxtpx:TrackPointExtension>
<opentracks:accuracy_horizontal>3.935</opentracks:accuracy_horizontal></extensions>
</trkpt>
<trkpt lat="50.439083" lon="-104.555973">
<ele>554.4</ele>
<time>2026-08-28T19:19:48.168-06:00</time>
<extensions>
<gpxtpx:TrackPointExtension>
<gpxtpx:speed>5.32</gpxtpx:speed>
</gpxtpx:TrackPointExtension>
<opentracks:accuracy_horizontal>3.935</opentracks:accuracy_horizontal></extensions>
</trkpt>
<trkpt lat="50.439072" lon="-104.555813">
<ele>554.1</ele>
<time>2026-08-28T19:19:50.167-06:00</time>
<extensions>
<gpxtpx:TrackPointExtension>
<gpxtpx:speed>5.25</gpxtpx:speed>
</gpxtpx:TrackPointExtension>
<opentracks:accuracy_horizontal>3.935</opentracks:accuracy_horizontal></extensions>
</trkpt>
<trkpt lat="50.43907" lon="-104.555667">
<ele>554.7</ele>
<time>2026-08-28T19:19:52.177-06:00</time>
<extensions>
<gpxtpx:TrackPointExtension>
<gpxtpx:speed>5.18</gpxtpx:speed>
</gpxtpx:TrackPointExtension>
<opentracks:accuracy_horizontal>3.935</opentracks:accuracy_horizontal></extensions>
</trkpt>
<trkpt lat="50.439083" lon="-104.555497">
<ele>554.7</ele>
<time>2026-08-28T19:19:54.162-06:00</time>
<extensions>
<gpxtpx:TrackPointExtension>
<gpxtpx:speed>5.67</gpxtpx:speed>
</gpxtpx:TrackPointExtension>
<opentracks:accuracy_horizontal>3.935</opentracks:accuracy_horizontal></extensions>
</trkpt>
<trkpt lat="50.439091" lon="-104.555315">
<ele>554.7</ele>
<time>2026-08-28T19:19:56.175-06:00</time>
<extensions>
<gpxtpx:TrackPointExtension>
<gpxtpx:speed>5.87</gpxtpx:speed>
</gpxtpx:TrackPointExtension>
<opentracks:accuracy_horizontal>4.517</opentracks:accuracy_horizontal></extensions>
</trkpt>
<trkpt lat="50.439079" lon="-104.555133">
<ele>554.8</ele>
<time>2026-08-28T19:19:58.182-06:00</time>
<extensions>
<gpxtpx:TrackPointExtension>
<gpxtpx:speed>6.62</gpxtpx:speed>
</gpxtpx:TrackPointExtension>
<opentracks:accuracy_horizontal>3.935</opentracks:accuracy_horizontal></extensions>
</trkpt>
<trkpt lat="50.439076" lon="-104.554936">
<ele>555.1</ele>
<time>2026-08-28T19:20:00.171-06:00</time>
<extensions>
<gpxtpx:TrackPointExtension>
<gpxtpx:speed>6.6</gpxtpx:speed>
</gpxtpx:TrackPointExtension>
<opentracks:accuracy_horizontal>3.935</opentracks:accuracy_horizontal></extensions>
</trkpt>
<trkpt lat="50.439084" lon="-104.554746">
<ele>554.7</ele>
<time>2026-08-28T19:20:02.175-06:00</time>
<extensions>
<gpxtpx:TrackPointExtension>
<gpxtpx:speed>6.14</gpxtpx:speed>
</gpxtpx:TrackPointExtension>
<opentracks:accuracy_horizontal>3.935</opentracks:accuracy_horizontal></extensions>
</trkpt>
<trkpt lat="50.43908" lon="-104.554571">
<ele>554.6</ele>
<time>2026-08-28T19:20:04.2-06:00</time>
<extensions>
<gpxtpx:TrackPointExtension>
<gpxtpx:speed>6.21</gpxtpx:speed>
</gpxtpx:TrackPointExtension>
<opentracks:accuracy_horizontal>3.935</opentracks:accuracy_horizontal></extensions>
</trkpt>
<trkpt lat="50.439065" lon="-104.554382">
<ele>554.1</ele>
<time>2026-08-28T19:20:06.184-06:00</time>
<extensions>
<gpxtpx:TrackPointExtension>
<gpxtpx:speed>6.79</gpxtpx:speed>
</gpxtpx:TrackPointExtension>
<opentracks:accuracy_horizontal>3.935</opentracks:accuracy_horizontal></extensions>
</trkpt>
<trkpt lat="50.439053" lon="-104.554186">
<ele>554.2</ele>
<time>2026-08-28T19:20:08.181-06:00</time>
<extensions>
<gpxtpx:TrackPointExtension>
<gpxtpx:speed>6.62</gpxtpx:speed>
</gpxtpx:TrackPointExtension>
<opentracks:accuracy_horizontal>3.935</opentracks:accuracy_horizontal></extensions>
</trkpt>
<trkpt lat="50.439058" lon="-104.554001">
<ele>554.3</ele>
<time>2026-08-28T19:20:10.173-06:00</time>
<extensions>
<gpxtpx:TrackPointExtension>
<gpxtpx:speed>6.22</gpxtpx:speed>
</gpxtpx:TrackPointExtension>
<opentracks:accuracy_horizontal>3.934</opentracks:accuracy_horizontal></extensions>
</trkpt>
<trkpt lat="50.439073" lon="-104.553816">
<ele>554.3</ele>
<time>2026-08-28T19:20:12.178-06:00</time>
<extensions>
<gpxtpx:TrackPointExtension>
<gpxtpx:speed>6.46</gpxtpx:speed>
</gpxtpx:TrackPointExtension>
<opentracks:accuracy_horizontal>3.934</opentracks:accuracy_horizontal></extensions>
</trkpt>
<trkpt lat="50.439086" lon="-104.55363">
<ele>554.3</ele>
<time>2026-08-28T19:20:14.182-06:00</time>
<extensions>
<gpxtpx:TrackPointExtension>
<gpxtpx:speed>6.4</gpxtpx:speed>
</gpxtpx:TrackPointExtension>
<opentracks:accuracy_horizontal>3.934</opentracks:accuracy_horizontal></extensions>
</trkpt>
<trkpt lat="50.439094" lon="-104.553453">
<ele>554</ele>
<time>2026-08-28T19:20:16.158-06:00</time>
<extensions>
<gpxtpx:TrackPointExtension>
<gpxtpx:speed>6.1</gpxtpx:speed>
</gpxtpx:TrackPointExtension>
<opentracks:accuracy_horizontal>3.934</opentracks:accuracy_horizontal></extensions>
</trkpt>
<trkpt lat="50.439098" lon="-104.553278">
<ele>553.9</ele>
<time>2026-08-28T19:20:18.174-06:00</time>
<extensions>
<gpxtpx:TrackPointExtension>
<gpxtpx:speed>6.28</gpxtpx:speed>
</gpxtpx:TrackPointExtension>
<opentracks:accuracy_horizontal>3.934</opentracks:accuracy_horizontal></extensions>
</trkpt>
<trkpt lat="50.439096" lon="-104.553079">
<ele>553.7</ele>
<time>2026-08-28T19:20:20.173-06:00</time>
<extensions>
<gpxtpx:TrackPointExtension>
<gpxtpx:speed>6.74</gpxtpx:speed>
</gpxtpx:TrackPointExtension>
<opentracks:accuracy_horizontal>3.934</opentracks:accuracy_horizontal></extensions>
</trkpt>
<trkpt lat="50.439084" lon="-104.552894">
<ele>553.8</ele>
<time>2026-08-28T19:20:22.168-06:00</time>
<extensions>
<gpxtpx:TrackPointExtension>
<gpxtpx:speed>6.14</gpxtpx:speed>
</gpxtpx:TrackPointExtension>
<opentracks:accuracy_horizontal>3.934</opentracks:accuracy_horizontal></extensions>
</trkpt>
<trkpt lat="50.43907" lon="-104.552725">
<ele>554.4</ele>
<time>2026-08-28T19:20:24.16-06:00</time>
<extensions>
<gpxtpx:TrackPointExtension>
<gpxtpx:speed>6.24</gpxtpx:speed>
</gpxtpx:TrackPointExtension>
<opentracks:accuracy_horizontal>3.934</opentracks:accuracy_horizontal></extensions>
</trkpt>
<trkpt lat="50.439048" lon="-104.55254">
<ele>554.7</ele>
<time>2026-08-28T19:20:26.182-06:00</time>
<extensions>
<gpxtpx:TrackPointExtension>
<gpxtpx:speed>6.87</gpxtpx:speed>
</gpxtpx:TrackPointExtension>
<opentracks:accuracy_horizontal>3.934</opentracks:accuracy_horizontal></extensions>
</trkpt>
<trkpt lat="50.438999" lon="-104.552361">
<ele>554.8</ele>
<time>2026-08-28T19:20:28.181-06:00</time>
<extensions>
<gpxtpx:TrackPointExtension>
<gpxtpx:speed>6.32</gpxtpx:speed>
</gpxtpx:TrackPointExtension>
<opentracks:accuracy_horizontal>3.934</opentracks:accuracy_horizontal></extensions>
</trkpt>
<trkpt lat="50.438933" lon="-104.552208">
<ele>554.8</ele>
<time>2026-08-28T19:20:30.186-06:00</time>
<extensions>
<gpxtpx:TrackPointExtension>
<gpxtpx:speed>5.93</gpxtpx:speed>
</gpxtpx:TrackPointExtension>
<opentracks:accuracy_horizontal>3.934</opentracks:accuracy_horizontal></extensions>
</trkpt>
<trkpt lat="50.438869" lon="-104.552072">
<ele>554.1</ele>
<time>2026-08-28T19:20:32.177-06:00</time>
<extensions>
<gpxtpx:TrackPointExtension>
<gpxtpx:speed>5.67</gpxtpx:speed>
</gpxtpx:TrackPointExtension>
<opentracks:accuracy_horizontal>3.934</opentracks:accuracy_horizontal></extensions>
</trkpt>
<trkpt lat="50.438795" lon="-104.551958">
<ele>553.5</ele>
<time>2026-08-28T19:20:34.186-06:00</time>
<extensions>
<gpxtpx:TrackPointExtension>
<gpxtpx:speed>5.51</gpxtpx:speed>
</gpxtpx:TrackPointExtension>
<opentracks:accuracy_horizontal>4.204</opentracks:accuracy_horizontal></extensions>
</trkpt>
<trkpt lat="50.438732" lon="-104.55185">
<ele>553.8</ele>
<time>2026-08-28T19:20:36.177-06:00</time>
<extensions>
<gpxtpx:TrackPointExtension>
<gpxtpx:speed>4.57</gpxtpx:speed>
</gpxtpx:TrackPointExtension>
<opentracks:accuracy_horizontal>4.39</opentracks:accuracy_horizontal></extensions>
</trkpt>
<trkpt lat="50.438651" lon="-104.55175">
<ele>553.4</ele>
<time>2026-08-28T19:20:39.176-06:00</time>
<extensions>
<gpxtpx:TrackPointExtension>
<gpxtpx:speed>3.91</gpxtpx:speed>
</gpxtpx:TrackPointExtension>
<opentracks:accuracy_horizontal>3.937</opentracks:accuracy_horizontal></extensions>
</trkpt>
<trkpt lat="50.438538" lon="-104.551638">
<ele>554.4</ele>
<time>2026-08-28T19:20:42.185-06:00</time>
<extensions>
<gpxtpx:TrackPointExtension>
<gpxtpx:speed>4.2</gpxtpx:speed>
</gpxtpx:TrackPointExtension>
<opentracks:accuracy_horizontal>4.202</opentracks:accuracy_horizontal></extensions>
</trkpt>
<trkpt lat="50.438453" lon="-104.551535">
<ele>554.2</ele>
<time>2026-08-28T19:20:45.187-06:00</time>
<extensions>
<gpxtpx:TrackPointExtension>
<gpxtpx:speed>3.09</gpxtpx:speed>
</gpxtpx:TrackPointExtension>
<opentracks:accuracy_horizontal>4.202</opentracks:accuracy_horizontal></extensions>
</trkpt>
<trkpt lat="50.438405" lon="-104.551413">
<ele>553.6</ele>
<time>2026-08-28T19:20:50.178-06:00</time>
<extensions>
<gpxtpx:TrackPointExtension>
<gpxtpx:speed>1.85</gpxtpx:speed>
</gpxtpx:TrackPointExtension>
<opentracks:accuracy_horizontal>3.933</opentracks:accuracy_horizontal></extensions>
</trkpt>
<trkpt lat="50.438418" lon="-104.551282">
<ele>554.1</ele>
<time>2026-08-28T19:21:00.176-06:00</time>
<extensions>
<gpxtpx:TrackPointExtension>
<gpxtpx:speed>1.56</gpxtpx:speed>
</gpxtpx:TrackPointExtension>
<opentracks:accuracy_horizontal>3.932</opentracks:accuracy_horizontal></extensions>
</trkpt>
<trkpt lat="50.43832" lon="-104.551265">
<ele>554.1</ele>
<time>2026-08-28T19:21:08.19-06:00</time>
<extensions>
<gpxtpx:TrackPointExtension>
<gpxtpx:speed>3.77</gpxtpx:speed>
</gpxtpx:TrackPointExtension>
<opentracks:accuracy_horizontal>3.932</opentracks:accuracy_horizontal></extensions>
</trkpt>
<trkpt lat="50.438311" lon="-104.551028">
<ele>555.6</ele>
<time>2026-08-28T19:21:11.179-06:00</time>
<extensions>
<gpxtpx:TrackPointExtension>
<gpxtpx:speed>6.26</gpxtpx:speed>
</gpxtpx:TrackPointExtension>
<opentracks:accuracy_horizontal>3.932</opentracks:accuracy_horizontal></extensions>
</trkpt>
<trkpt lat="50.438407" lon="-104.550819">
<ele>554.6</ele>
<time>2026-08-28T19:21:13.174-06:00</time>
<extensions>
<gpxtpx:TrackPointExtension>
<gpxtpx:speed>8.11</gpxtpx:speed>
</gpxtpx:TrackPointExtension>
<opentracks:accuracy_horizontal>3.932</opentracks:accuracy_horizontal></extensions>
</trkpt>
<trkpt lat="50.438475" lon="-104.55072">
<ele>554.4</ele>
<time>2026-08-28T19:21:14.178-06:00</time>
<extensions>
<gpxtpx:TrackPointExtension>
<gpxtpx:speed>8.33</gpxtpx:speed>
</gpxtpx:TrackPointExtension>
<opentracks:accuracy_horizontal>3.932</opentracks:accuracy_horizontal></extensions>
</trkpt>
<trkpt lat="50.438541" lon="-104.550622">
<ele>554.3</ele>
<time>2026-08-28T19:21:15.177-06:00</time>
<extensions>
<gpxtpx:TrackPointExtension>
<gpxtpx:speed>8.67</gpxtpx:speed>
</gpxtpx:TrackPointExtension>
<opentracks:accuracy_horizontal>3.932</opentracks:accuracy_horizontal></extensions>
</trkpt>
<trkpt lat="50.43867" lon="-104.550437">
<ele>554.3</ele>
<time>2026-08-28T19:21:17.173-06:00</time>
<extensions>
<gpxtpx:TrackPointExtension>
<gpxtpx:speed>9.65</gpxtpx:speed>
</gpxtpx:TrackPointExtension>
<opentracks:accuracy_horizontal>4.291</opentracks:accuracy_horizontal></extensions>
</trkpt>
<trkpt lat="50.438735" lon="-104.550332">
<ele>554.2</ele>
<time>2026-08-28T19:21:18.182-06:00</time>
<extensions>
<gpxtpx:TrackPointExtension>
<gpxtpx:speed>9.84</gpxtpx:speed>
</gpxtpx:TrackPointExtension>
<opentracks:accuracy_horizontal>4.291</opentracks:accuracy_horizontal></extensions>
</trkpt>
<trkpt lat="50.4388" lon="-104.550226">
<ele>554.2</ele>
<time>2026-08-28T19:21:19.173-06:00</time>
<extensions>
<gpxtpx:TrackPointExtension>
<gpxtpx:speed>10.4</gpxtpx:speed>
</gpxtpx:TrackPointExtension>
<opentracks:accuracy_horizontal>3.932</opentracks:accuracy_horizontal></extensions>
</trkpt>
<trkpt lat="50.438875" lon="-104.550118">
<ele>554.5</ele>
<time>2026-08-28T19:21:20.174-06:00</time>
<extensions>
<gpxtpx:TrackPointExtension>
<gpxtpx:speed>10.55</gpxtpx:speed>
</gpxtpx:TrackPointExtension>
<opentracks:accuracy_horizontal>3.932</opentracks:accuracy_horizontal></extensions>
</trkpt>
<trkpt lat="50.438956" lon="-104.550017">
<ele>554.3</ele>
<time>2026-08-28T19:21:21.188-06:00</time>
<extensions>
<gpxtpx:TrackPointExtension>
<gpxtpx:speed>10.57</gpxtpx:speed>
</gpxtpx:TrackPointExtension>
<opentracks:accuracy_horizontal>3.932</opentracks:accuracy_horizontal></extensions>
</trkpt>
<trkpt lat="50.439038" lon="-104.549922">
<ele>554.5</ele>
<time>2026-08-28T19:21:22.18-06:00</time>
<extensions>
<gpxtpx:TrackPointExtension>
<gpxtpx:speed>10.48</gpxtpx:speed>
</gpxtpx:TrackPointExtension>
<opentracks:accuracy_horizontal>3.931</opentracks:accuracy_horizontal></extensions>
</trkpt>
<trkpt lat="50.43912" lon="-104.549844">
<ele>554.8</ele>
<time>2026-08-28T19:21:23.168-06:00</time>
<extensions>
<gpxtpx:TrackPointExtension>
<gpxtpx:speed>10.26</gpxtpx:speed>
</gpxtpx:TrackPointExtension>
<opentracks:accuracy_horizontal>3.931</opentracks:accuracy_horizontal></extensions>
</trkpt>
<trkpt lat="50.439278" lon="-104.549709">
<ele>555</ele>
<time>2026-08-28T19:21:25.161-06:00</time>
<extensions>
<gpxtpx:TrackPointExtension>
<gpxtpx:speed>9.96</gpxtpx:speed>
</gpxtpx:TrackPointExtension>
<opentracks:accuracy_horizontal>3.931</opentracks:accuracy_horizontal></extensions>
</trkpt>
<trkpt lat="50.439355" lon="-104.549638">
<ele>554.9</ele>
<time>2026-08-28T19:21:26.175-06:00</time>
<extensions>
<gpxtpx:TrackPointExtension>
<gpxtpx:speed>9.74</gpxtpx:speed>
</gpxtpx:TrackPointExtension>
<opentracks:accuracy_horizontal>3.931</opentracks:accuracy_horizontal></extensions>
</trkpt>
<trkpt lat="50.439508" lon="-104.549515">
<ele>554.8</ele>
<time>2026-08-28T19:21:28.171-06:00</time>
<extensions>
<gpxtpx:TrackPointExtension>
<gpxtpx:speed>9.11</gpxtpx:speed>
</gpxtpx:TrackPointExtension>
<opentracks:accuracy_horizontal>3.931</opentracks:accuracy_horizontal></extensions>
</trkpt>
<trkpt lat="50.439663" lon="-104.549416">
<ele>554.6</ele>
<time>2026-08-28T19:21:30.18-06:00</time>
<extensions>
<gpxtpx:TrackPointExtension>
<gpxtpx:speed>9.06</gpxtpx:speed>
</gpxtpx:TrackPointExtension>
<opentracks:accuracy_horizontal>3.931</opentracks:accuracy_horizontal></extensions>
</trkpt>
<trkpt lat="50.439814" lon="-104.549342">
<ele>554.4</ele>
<time>2026-08-28T19:21:32.155-06:00</time>
<extensions>
<gpxtpx:TrackPointExtension>
<gpxtpx:speed>8.36</gpxtpx:speed>
</gpxtpx:TrackPointExtension>
<opentracks:accuracy_horizontal>3.931</opentracks:accuracy_horizontal></extensions>
</trkpt>
<trkpt lat="50.439945" lon="-104.549278">
<ele>554.3</ele>
<time>2026-08-28T19:21:34.175-06:00</time>
<extensions>
<gpxtpx:TrackPointExtension>
<gpxtpx:speed>6.83</gpxtpx:speed>
</gpxtpx:TrackPointExtension>
<opentracks:accuracy_horizontal>4.001</opentracks:accuracy_horizontal></extensions>
</trkpt>
<trkpt lat="50.440057" lon="-104.549231">
<ele>554.3</ele>
<time>2026-08-28T19:21:36.17-06:00</time>
<extensions>
<gpxtpx:TrackPointExtension>
<gpxtpx:speed>6.21</gpxtpx:speed>
</gpxtpx:TrackPointExtension>
<opentracks:accuracy_horizontal>3.931</opentracks:accuracy_horizontal></extensions>
</trkpt>
<trkpt lat="50.440152" lon="-104.549183">
<ele>554.5</ele>
<time>2026-08-28T19:21:38.174-06:00</time>
<extensions>
<gpxtpx:TrackPointExtension>
<gpxtpx:speed>5.16</gpxtpx:speed>
</gpxtpx:TrackPointExtension>
<opentracks:accuracy_horizontal>3.931</opentracks:accuracy_horizontal></extensions>
</trkpt>
<trkpt lat="50.440281" lon="-104.549144">
<ele>554.7</ele>
<time>2026-08-28T19:21:41.179-06:00</time>
<extensions>
<gpxtpx:TrackPointExtension>
<gpxtpx:speed>5.47</gpxtpx:speed>
</gpxtpx:TrackPointExtension>
<opentracks:accuracy_horizontal>3.931</opentracks:accuracy_horizontal></extensions>
</trkpt>
<trkpt lat="50.440377" lon="-104.549151">
<ele>555.5</ele>
<time>2026-08-28T19:21:43.18-06:00</time>
<extensions>
<gpxtpx:TrackPointExtension>
<gpxtpx:speed>4.51</gpxtpx:speed>
</gpxtpx:TrackPointExtension>
<opentracks:accuracy_horizontal>3.931</opentracks:accuracy_horizontal></extensions>
</trkpt>
<trkpt lat="50.440505" lon="-104.549157">
<ele>554.2</ele>
<time>2026-08-28T19:21:46.186-06:00</time>
<extensions>
<gpxtpx:TrackPointExtension>
<gpxtpx:speed>4.99</gpxtpx:speed>
</gpxtpx:TrackPointExtension>
<opentracks:accuracy_horizontal>3.93</opentracks:accuracy_horizontal></extensions>
</trkpt>
<trkpt lat="50.44058" lon="-104.549068">
<ele>553.3</ele>
<time>2026-08-28T19:21:48.178-06:00</time>
<extensions>
<gpxtpx:TrackPointExtension>
<gpxtpx:speed>5.61</gpxtpx:speed>
</gpxtpx:TrackPointExtension>
<opentracks:accuracy_horizontal>3.93</opentracks:accuracy_horizontal></extensions>
</trkpt>
<trkpt lat="50.440612" lon="-104.548886">
<ele>552.9</ele>
<time>2026-08-28T19:21:50.175-06:00</time>
<extensions>
<gpxtpx:TrackPointExtension>
<gpxtpx:speed>6.64</gpxtpx:speed>
</gpxtpx:TrackPointExtension>
<opentracks:accuracy_horizontal>4.016</opentracks:accuracy_horizontal></extensions>
</trkpt>
<trkpt lat="50.44059" lon="-104.548695">
<ele>554.3</ele>
<time>2026-08-28T19:21:52.177-06:00</time>
<extensions>
<gpxtpx:TrackPointExtension>
<gpxtpx:speed>6.2</gpxtpx:speed>
</gpxtpx:TrackPointExtension>
<opentracks:accuracy_horizontal>3.962</opentracks:accuracy_horizontal></extensions>
</trkpt>
<trkpt lat="50.440567" lon="-104.548499">
<ele>554.7</ele>
<time>2026-08-28T19:21:54.162-06:00</time>
<extensions>
<gpxtpx:TrackPointExtension>
<gpxtpx:speed>5.97</gpxtpx:speed>
</gpxtpx:TrackPointExtension>
<opentracks:accuracy_horizontal>3.93</opentracks:accuracy_horizontal></extensions>
</trkpt>
<trkpt lat="50.440566" lon="-104.548315">
<ele>554</ele>
<time>2026-08-28T19:21:56.179-06:00</time>
<extensions>
<gpxtpx:TrackPointExtension>
<gpxtpx:speed>6.37</gpxtpx:speed>
</gpxtpx:TrackPointExtension>
<opentracks:accuracy_horizontal>3.93</opentracks:accuracy_horizontal></extensions>
</trkpt>
<trkpt lat="50.440534" lon="-104.548099">
<ele>553.6</ele>
<time>2026-08-28T19:21:58.173-06:00</time>
<extensions>
<gpxtpx:TrackPointExtension>
<gpxtpx:speed>7.15</gpxtpx:speed>
</gpxtpx:TrackPointExtension>
<opentracks:accuracy_horizontal>3.93</opentracks:accuracy_horizontal></extensions>
</trkpt>
<trkpt lat="50.440519" lon="-104.547901">
<ele>553.7</ele>
<time>2026-08-28T19:22:00.171-06:00</time>
<extensions>
<gpxtpx:TrackPointExtension>
<gpxtpx:speed>6.9</gpxtpx:speed>
</gpxtpx:TrackPointExtension>
<opentracks:accuracy_horizontal>3.93</opentracks:accuracy_horizontal></extensions>
</trkpt>
<trkpt lat="50.44051" lon="-104.547722">
<ele>554.1</ele>
<time>2026-08-28T19:22:02.18-06:00</time>
<extensions>
<gpxtpx:TrackPointExtension>
<gpxtpx:speed>6.6</gpxtpx:speed>
</gpxtpx:TrackPointExtension>
<opentracks:accuracy_horizontal>3.93</opentracks:accuracy_horizontal></extensions>
</trkpt>
<trkpt lat="50.440505" lon="-104.54753">
<ele>554</ele>
<time>2026-08-28T19:22:04.188-06:00</time>
<extensions>
<gpxtpx:TrackPointExtension>
<gpxtpx:speed>6.98</gpxtpx:speed>
</gpxtpx:TrackPointExtension>
<opentracks:accuracy_horizontal>3.93</opentracks:accuracy_horizontal></extensions>
</trkpt>
<trkpt lat="50.440499" lon="-104.547343">
<ele>554.3</ele>
<time>2026-08-28T19:22:06.187-06:00</time>
<extensions>
<gpxtpx:TrackPointExtension>
<gpxtpx:speed>6.44</gpxtpx:speed>
</gpxtpx:TrackPointExtension>
<opentracks:accuracy_horizontal>3.93</opentracks:accuracy_horizontal></extensions>
</trkpt>
<trkpt lat="50.44049" lon="-104.547151">
<ele>553.8</ele>
<time>2026-08-28T19:22:08.187-06:00</time>
<extensions>
<gpxtpx:TrackPointExtension>
<gpxtpx:speed>7.06</gpxtpx:speed>
</gpxtpx:TrackPointExtension>
<opentracks:accuracy_horizontal>3.929</opentracks:accuracy_horizontal></extensions>
</trkpt>
<trkpt lat="50.440486" lon="-104.546951">
<ele>553.7</ele>
<time>2026-08-28T19:22:10.188-06:00</time>
<extensions>
<gpxtpx:TrackPointExtension>
<gpxtpx:speed>6.82</gpxtpx:speed>
</gpxtpx:TrackPointExtension>
<opentracks:accuracy_horizontal>3.929</opentracks:accuracy_horizontal></extensions>
</trkpt>
<trkpt lat="50.440482" lon="-104.546762">
<ele>554.1</ele>
<time>2026-08-28T19:22:12.18-06:00</time>
<extensions>
<gpxtpx:TrackPointExtension>
<gpxtpx:speed>6.82</gpxtpx:speed>
</gpxtpx:TrackPointExtension>
<opentracks:accuracy_horizontal>3.929</opentracks:accuracy_horizontal></extensions>
</trkpt>
<trkpt lat="50.440476" lon="-104.546564">
<ele>555.2</ele>
<time>2026-08-28T19:22:14.178-06:00</time>
<extensions>
<gpxtpx:TrackPointExtension>
<gpxtpx:speed>6.94</gpxtpx:speed>
</gpxtpx:TrackPointExtension>
<opentracks:accuracy_horizontal>3.929</opentracks:accuracy_horizontal></extensions>
</trkpt>
<trkpt lat="50.440462" lon="-104.54639">
<ele>555.4</ele>
<time>2026-08-28T19:22:16.18-06:00</time>
<extensions>
<gpxtpx:TrackPointExtension>
<gpxtpx:speed>5.9</gpxtpx:speed>
</gpxtpx:TrackPointExtension>
<opentracks:accuracy_horizontal>3.929</opentracks:accuracy_horizontal></extensions>
</trkpt>
<trkpt lat="50.440455" lon="-104.546206">
<ele>555.1</ele>
<time>2026-08-28T19:22:18.185-06:00</time>
<extensions>
<gpxtpx:TrackPointExtension>
<gpxtpx:speed>6.58</gpxtpx:speed>
</gpxtpx:TrackPointExtension>
<opentracks:accuracy_horizontal>3.929</opentracks:accuracy_horizontal></extensions>
</trkpt>
<trkpt lat="50.440463" lon="-104.545998">
<ele>555.2</ele>
<time>2026-08-28T19:22:20.181-06:00</time>
<extensions>
<gpxtpx:TrackPointExtension>
<gpxtpx:speed>6.71</gpxtpx:speed>
</gpxtpx:TrackPointExtension>
<opentracks:accuracy_horizontal>3.929</opentracks:accuracy_horizontal></extensions>
</trkpt>
<trkpt lat="50.440451" lon="-104.54582">
<ele>554.3</ele>
<time>2026-08-28T19:22:22.174-06:00</time>
<extensions>
<gpxtpx:TrackPointExtension>
<gpxtpx:speed>6.08</gpxtpx:speed>
</gpxtpx:TrackPointExtension>
<opentracks:accuracy_horizontal>3.929</opentracks:accuracy_horizontal></extensions>
</trkpt>
<trkpt lat="50.440437" lon="-104.545628">
<ele>553.4</ele>
<time>2026-08-28T19:22:24.174-06:00</time>
<extensions>
<gpxtpx:TrackPointExtension>
<gpxtpx:speed>7.44</gpxtpx:speed>
</gpxtpx:TrackPointExtension>
<opentracks:accuracy_horizontal>3.929</opentracks:accuracy_horizontal></extensions>
</trkpt>
<trkpt lat="50.440427" lon="-104.545418">
<ele>552.6</ele>
<time>2026-08-28T19:22:26.173-06:00</time>
<extensions>
<gpxtpx:TrackPointExtension>
<gpxtpx:speed>7.05</gpxtpx:speed>
</gpxtpx:TrackPointExtension>
<opentracks:accuracy_horizontal>3.929</opentracks:accuracy_horizontal></extensions>
</trkpt>
<trkpt lat="50.440417" lon="-104.545213">
<ele>552.3</ele>
<time>2026-08-28T19:22:28.195-06:00</time>
<extensions>
<gpxtpx:TrackPointExtension>
<gpxtpx:speed>7.13</gpxtpx:speed>
</gpxtpx:TrackPointExtension>
<opentracks:accuracy_horizontal>3.929</opentracks:accuracy_horizontal></extensions>
</trkpt>
<trkpt lat="50.44039" lon="-104.545017">
<ele>552.4</ele>
<time>2026-08-28T19:22:30.176-06:00</time>
<extensions>
<gpxtpx:TrackPointExtension>
<gpxtpx:speed>6.88</gpxtpx:speed>
</gpxtpx:TrackPointExtension>
<opentracks:accuracy_horizontal>3.928</opentracks:accuracy_horizontal></extensions>
</trkpt>
<trkpt lat="50.440359" lon="-104.544819">
<ele>553</ele>
<time>2026-08-28T19:22:32.176-06:00</time>
<extensions>
<gpxtpx:TrackPointExtension>
<gpxtpx:speed>6.92</gpxtpx:speed>
</gpxtpx:TrackPointExtension>
<opentracks:accuracy_horizontal>3.928</opentracks:accuracy_horizontal></extensions>
</trkpt>
<trkpt lat="50.440318" lon="-104.544624">
<ele>553</ele>
<time>2026-08-28T19:22:34.18-06:00</time>
<extensions>
<gpxtpx:TrackPointExtension>
<gpxtpx:speed>6.98</gpxtpx:speed>
</gpxtpx:TrackPointExtension>
<opentracks:accuracy_horizontal>3.928</opentracks:accuracy_horizontal></extensions>
</trkpt>
<trkpt lat="50.440258" lon="-104.544421">
<ele>552.1</ele>
<time>2026-08-28T19:22:36.176-06:00</time>
<extensions>
<gpxtpx:TrackPointExtension>
<gpxtpx:speed>7.1</gpxtpx:speed>
</gpxtpx:TrackPointExtension>
<opentracks:accuracy_horizontal>3.928</opentracks:accuracy_horizontal></extensions>
</trkpt>
<trkpt lat="50.440205" lon="-104.544233">
<ele>552.3</ele>
<time>2026-08-28T19:22:38.172-06:00</time>
<extensions>
<gpxtpx:TrackPointExtension>
<gpxtpx:speed>7.77</gpxtpx:speed>
</gpxtpx:TrackPointExtension>
<opentracks:accuracy_horizontal>3.928</opentracks:accuracy_horizontal></extensions>
</trkpt>
<trkpt lat="50.440142" lon="-104.54404">
<ele>553.6</ele>
<time>2026-08-28T19:22:40.159-06:00</time>
<extensions>
<gpxtpx:TrackPointExtension>
<gpxtpx:speed>7.02</gpxtpx:speed>
</gpxtpx:TrackPointExtension>
<opentracks:accuracy_horizontal>3.928</opentracks:accuracy_horizontal></extensions>
</trkpt>
<trkpt lat="50.440078" lon="-104.543872">
<ele>553.5</ele>
<time>2026-08-28T19:22:42.176-06:00</time>
<extensions>
<gpxtpx:TrackPointExtension>
<gpxtpx:speed>7.25</gpxtpx:speed>
</gpxtpx:TrackPointExtension>
<opentracks:accuracy_horizontal>3.928</opentracks:accuracy_horizontal></extensions>
</trkpt>
<trkpt lat="50.440013" lon="-104.543699">
<ele>554.3</ele>
<time>2026-08-28T19:22:44.189-06:00</time>
<extensions>
<gpxtpx:TrackPointExtension>
<gpxtpx:speed>7.19</gpxtpx:speed>
</gpxtpx:TrackPointExtension>
<opentracks:accuracy_horizontal>3.928</opentracks:accuracy_horizontal></extensions>
</trkpt>
<trkpt lat="50.439942" lon="-104.543515">
<ele>554.2</ele>
<time>2026-08-28T19:22:46.172-06:00</time>
<extensions>
<gpxtpx:TrackPointExtension>
<gpxtpx:speed>7.35</gpxtpx:speed>
</gpxtpx:TrackPointExtension>
<opentracks:accuracy_horizontal>3.928</opentracks:accuracy_horizontal></extensions>
</trkpt>
<trkpt lat="50.439871" lon="-104.543343">
<ele>554.6</ele>
<time>2026-08-28T19:22:48.187-06:00</time>
<extensions>
<gpxtpx:TrackPointExtension>
<gpxtpx:speed>6.97</gpxtpx:speed>
</gpxtpx:TrackPointExtension>
<opentracks:accuracy_horizontal>3.928</opentracks:accuracy_horizontal></extensions>
</trkpt>
<trkpt lat="50.439796" lon="-104.543173">
<ele>554.9</ele>
<time>2026-08-28T19:22:50.18-06:00</time>
<extensions>
<gpxtpx:TrackPointExtension>
<gpxtpx:speed>7.17</gpxtpx:speed>
</gpxtpx:TrackPointExtension>
<opentracks:accuracy_horizontal>3.928</opentracks:accuracy_horizontal></extensions>
</trkpt>
<trkpt lat="50.439734" lon="-104.542999">
<ele>554.7</ele>
<time>2026-08-28T19:22:52.17-06:00</time>
<extensions>
<gpxtpx:TrackPointExtension>
<gpxtpx:speed>6.75</gpxtpx:speed>
</gpxtpx:TrackPointExtension>
<opentracks:accuracy_horizontal>4.412</opentracks:accuracy_horizontal></extensions>
</trkpt>
<trkpt lat="50.439671" lon="-104.542824">
<ele>554.8</ele>
<time>2026-08-28T19:22:54.174-06:00</time>
<extensions>
<gpxtpx:TrackPointExtension>
<gpxtpx:speed>7.03</gpxtpx:speed>
</gpxtpx:TrackPointExtension>
<opentracks:accuracy_horizontal>3.927</opentracks:accuracy_horizontal></extensions>
</trkpt>
<trkpt lat="50.439606" lon="-104.542658">
<ele>555.3</ele>
<time>2026-08-28T19:22:56.176-06:00</time>
<extensions>
<gpxtpx:TrackPointExtension>
<gpxtpx:speed>6.95</gpxtpx:speed>
</gpxtpx:TrackPointExtension>
<opentracks:accuracy_horizontal>3.927</opentracks:accuracy_horizontal></extensions>
</trkpt>
<trkpt lat="50.439534" lon="-104.542484">
<ele>555.9</ele>
<time>2026-08-28T19:22:58.184-06:00</time>
<extensions>
<gpxtpx:TrackPointExtension>
<gpxtpx:speed>6.92</gpxtpx:speed>
</gpxtpx:TrackPointExtension>
<opentracks:accuracy_horizontal>3.994</opentracks:accuracy_horizontal></extensions>
</trkpt>
<trkpt lat="50.439469" lon="-104.542305">
<ele>555.3</ele>
<time>2026-08-28T19:23:00.191-06:00</time>
<extensions>
<gpxtpx:TrackPointExtension>
<gpxtpx:speed>7.07</gpxtpx:speed>
</gpxtpx:TrackPointExtension>
<opentracks:accuracy_horizontal>3.927</opentracks:accuracy_horizontal></extensions>
</trkpt>
<trkpt lat="50.439405" lon="-104.542137">
<ele>555.4</ele>
<time>2026-08-28T19:23:02.173-06:00</time>
<extensions>
<gpxtpx:TrackPointExtension>
<gpxtpx:speed>6.97</gpxtpx:speed>
</gpxtpx:TrackPointExtension>
<opentracks:accuracy_horizontal>3.927</opentracks:accuracy_horizontal></extensions>
</trkpt>
<trkpt lat="50.439334" lon="-104.541977">
<ele>555.9</ele>
<time>2026-08-28T19:23:04.169-06:00</time>
<extensions>
<gpxtpx:TrackPointExtension>
<gpxtpx:speed>7.42</gpxtpx:speed>
</gpxtpx:TrackPointExtension>
<opentracks:accuracy_horizontal>3.927</opentracks:accuracy_horizontal></extensions>
</trkpt>
<trkpt lat="50.43926" lon="-104.541803">
<ele>556.1</ele>
<time>2026-08-28T19:23:06.191-06:00</time>
<extensions>
<gpxtpx:TrackPointExtension>
<gpxtpx:speed>6.57</gpxtpx:speed>
</gpxtpx:TrackPointExtension>
<opentracks:accuracy_horizontal>3.927</opentracks:accuracy_horizontal></extensions>
</trkpt>
<trkpt lat="50.439199" lon="-104.541643">
<ele>555.8</ele>
<time>2026-08-28T19:23:08.183-06:00</time>
<extensions>
<gpxtpx:TrackPointExtension>
<gpxtpx:speed>6.86</gpxtpx:speed>
</gpxtpx:TrackPointExtension>
<opentracks:accuracy_horizontal>3.927</opentracks:accuracy_horizontal></extensions>
</trkpt>
<trkpt lat="50.439136" lon="-104.541468">
<ele>555.6</ele>
<time>2026-08-28T19:23:10.174-06:00</time>
<extensions>
<gpxtpx:TrackPointExtension>
<gpxtpx:speed>6.43</gpxtpx:speed>
</gpxtpx:TrackPointExtension>
<opentracks:accuracy_horizontal>3.992</opentracks:accuracy_horizontal></extensions>
</trkpt>
<trkpt lat="50.439082" lon="-104.541302">
<ele>554.5</ele>
<time>2026-08-28T19:23:12.19-06:00</time>
<extensions>
<gpxtpx:TrackPointExtension>
<gpxtpx:speed>6.42</gpxtpx:speed>
</gpxtpx:TrackPointExtension>
<opentracks:accuracy_horizontal>3.926</opentracks:accuracy_horizontal></extensions>
</trkpt>
<trkpt lat="50.439021" lon="-104.541121">
<ele>554.3</ele>
<time>2026-08-28T19:23:14.183-06:00</time>
<extensions>
<gpxtpx:TrackPointExtension>
<gpxtpx:speed>7.05</gpxtpx:speed>
</gpxtpx:TrackPointExtension>
<opentracks:accuracy_horizontal>3.926</opentracks:accuracy_horizontal></extensions>
</trkpt>
<trkpt lat="50.438959" lon="-104.540942">
<ele>555</ele>
<time>2026-08-28T19:23:16.178-06:00</time>
<extensions>
<gpxtpx:TrackPointExtension>
<gpxtpx:speed>6.48</gpxtpx:speed>
</gpxtpx:TrackPointExtension>
<opentracks:accuracy_horizontal>3.926</opentracks:accuracy_horizontal></extensions>
</trkpt>
<trkpt lat="50.438884" lon="-104.540781">
<ele>555</ele>
<time>2026-08-28T19:23:18.187-06:00</time>
<extensions>
<gpxtpx:TrackPointExtension>
<gpxtpx:speed>7.27</gpxtpx:speed>
</gpxtpx:TrackPointExtension>
<opentracks:accuracy_horizontal>3.926</opentracks:accuracy_horizontal></extensions>
</trkpt>
<trkpt lat="50.438807" lon="-104.540612">
<ele>555.2</ele>
<time>2026-08-28T19:23:20.178-06:00</time>
<extensions>
<gpxtpx:TrackPointExtension>
<gpxtpx:speed>6.74</gpxtpx:speed>
</gpxtpx:TrackPointExtension>
<opentracks:accuracy_horizontal>3.926</opentracks:accuracy_horizontal></extensions>
</trkpt>
<trkpt lat="50.438744" lon="-104.54044">
<ele>554.5</ele>
<time>2026-08-28T19:23:22.183-06:00</time>
<extensions>
<gpxtpx:TrackPointExtension>
<gpxtpx:speed>7.2</gpxtpx:speed>
</gpxtpx:TrackPointExtension>
<opentracks:accuracy_horizontal>3.926</opentracks:accuracy_horizontal></extensions>
</trkpt>
<trkpt lat="50.438673" lon="-104.540269">
<ele>554.4</ele>
<time>2026-08-28T19:23:24.184-06:00</time>
<extensions>
<gpxtpx:TrackPointExtension>
<gpxtpx:speed>6.75</gpxtpx:speed>
</gpxtpx:TrackPointExtension>
<opentracks:accuracy_horizontal>3.926</opentracks:accuracy_horizontal></extensions>
</trkpt>
<trkpt lat="50.438595" lon="-104.540118">
<ele>554.3</ele>
<time>2026-08-28T19:23:26.194-06:00</time>
<extensions>
<gpxtpx:TrackPointExtension>
<gpxtpx:speed>7.1</gpxtpx:speed>
</gpxtpx:TrackPointExtension>
<opentracks:accuracy_horizontal>3.926</opentracks:accuracy_horizontal></extensions>
</trkpt>
<trkpt lat="50.438511" lon="-104.539966">
<ele>554</ele>
<time>2026-08-28T19:23:28.176-06:00</time>
<extensions>
<gpxtpx:TrackPointExtension>
<gpxtpx:speed>6.7</gpxtpx:speed>
</gpxtpx:TrackPointExtension>
<opentracks:accuracy_horizontal>3.926</opentracks:accuracy_horizontal></extensions>
</trkpt>
<trkpt lat="50.438425" lon="-104.539823">
<ele>553.9</ele>
<time>2026-08-28T19:23:30.186-06:00</time>
<extensions>
<gpxtpx:TrackPointExtension>
<gpxtpx:speed>7.01</gpxtpx:speed>
</gpxtpx:TrackPointExtension>
<opentracks:accuracy_horizontal>3.926</opentracks:accuracy_horizontal></extensions>
</trkpt>
<trkpt lat="50.438331" lon="-104.539685">
<ele>554</ele>
<time>2026-08-28T19:23:32.187-06:00</time>
<extensions>
<gpxtpx:TrackPointExtension>
<gpxtpx:speed>6.83</gpxtpx:speed>
</gpxtpx:TrackPointExtension>
<opentracks:accuracy_horizontal>3.997</opentracks:accuracy_horizontal></extensions>
</trkpt>
<trkpt lat="50.438235" lon="-104.539551">
<ele>554</ele>
<time>2026-08-28T19:23:34.183-06:00</time>
<extensions>
<gpxtpx:TrackPointExtension>
<gpxtpx:speed>6.92</gpxtpx:speed>
</gpxtpx:TrackPointExtension>
<opentracks:accuracy_horizontal>3.942</opentracks:accuracy_horizontal></extensions>
</trkpt>
<trkpt lat="50.438132" lon="-104.539429">
<ele>553.9</ele>
<time>2026-08-28T19:23:36.181-06:00</time>
<extensions>
<gpxtpx:TrackPointExtension>
<gpxtpx:speed>6.44</gpxtpx:speed>
</gpxtpx:TrackPointExtension>
<opentracks:accuracy_horizontal>4.419</opentracks:accuracy_horizontal></extensions>
</trkpt>
<trkpt lat="50.438031" lon="-104.53932">
<ele>552</ele>
<time>2026-08-28T19:23:38.172-06:00</time>
<extensions>
<gpxtpx:TrackPointExtension>
<gpxtpx:speed>7.3</gpxtpx:speed>
</gpxtpx:TrackPointExtension>
<opentracks:accuracy_horizontal>3.925</opentracks:accuracy_horizontal></extensions>
</trkpt>
<trkpt lat="50.43791" lon="-104.539192">
<ele>553.2</ele>
<time>2026-08-28T19:23:40.174-06:00</time>
<extensions>
<gpxtpx:TrackPointExtension>
<gpxtpx:speed>7.29</gpxtpx:speed>
</gpxtpx:TrackPointExtension>
<opentracks:accuracy_horizontal>3.998</opentracks:accuracy_horizontal></extensions>
</trkpt>
<trkpt lat="50.437791" lon="-104.539084">
<ele>553.1</ele>
<time>2026-08-28T19:23:42.189-06:00</time>
<extensions>
<gpxtpx:TrackPointExtension>
<gpxtpx:speed>7.34</gpxtpx:speed>
</gpxtpx:TrackPointExtension>
<opentracks:accuracy_horizontal>3.925</opentracks:accuracy_horizontal></extensions>
</trkpt>
<trkpt lat="50.437681" lon="-104.538973">
<ele>553.4</ele>
<time>2026-08-28T19:23:44.185-06:00</time>
<extensions>
<gpxtpx:TrackPointExtension>
<gpxtpx:speed>7.37</gpxtpx:speed>
</gpxtpx:TrackPointExtension>
<opentracks:accuracy_horizontal>3.925</opentracks:accuracy_horizontal></extensions>
</trkpt>
<trkpt lat="50.437561" lon="-104.53886">
<ele>552.8</ele>
<time>2026-08-28T19:23:46.163-06:00</time>
<extensions>
<gpxtpx:TrackPointExtension>
<gpxtpx:speed>7.45</gpxtpx:speed>
</gpxtpx:TrackPointExtension>
<opentracks:accuracy_horizontal>3.925</opentracks:accuracy_horizontal></extensions>
</trkpt>
<trkpt lat="50.437438" lon="-104.53874">
<ele>552.8</ele>
<time>2026-08-28T19:23:48.179-06:00</time>
<extensions>
<gpxtpx:TrackPointExtension>
<gpxtpx:speed>7.99</gpxtpx:speed>
</gpxtpx:TrackPointExtension>
<opentracks:accuracy_horizontal>3.925</opentracks:accuracy_horizontal></extensions>
</trkpt>
<trkpt lat="50.437324" lon="-104.5386">
<ele>552.9</ele>
<time>2026-08-28T19:23:50.169-06:00</time>
<extensions>
<gpxtpx:TrackPointExtension>
<gpxtpx:speed>7.99</gpxtpx:speed>
</gpxtpx:TrackPointExtension>
<opentracks:accuracy_horizontal>3.925</opentracks:accuracy_horizontal></extensions>
</trkpt>
<trkpt lat="50.437223" lon="-104.538449">
<ele>553.9</ele>
<time>2026-08-28T19:23:52.181-06:00</time>
<extensions>
<gpxtpx:TrackPointExtension>
<gpxtpx:speed>7.41</gpxtpx:speed>
</gpxtpx:TrackPointExtension>
<opentracks:accuracy_horizontal>3.925</opentracks:accuracy_horizontal></extensions>
</trkpt>
<trkpt lat="50.437145" lon="-104.538266">
<ele>554.8</ele>
<time>2026-08-28T19:23:54.2-06:00</time>
<extensions>
<gpxtpx:TrackPointExtension>
<gpxtpx:speed>7.32</gpxtpx:speed>
</gpxtpx:TrackPointExtension>
<opentracks:accuracy_horizontal>3.924</opentracks:accuracy_horizontal></extensions>
</trkpt>
<trkpt lat="50.437075" lon="-104.538089">
<ele>554.8</ele>
<time>2026-08-28T19:23:56.189-06:00</time>
<extensions>
<gpxtpx:TrackPointExtension>
<gpxtpx:speed>7.23</gpxtpx:speed>
</gpxtpx:TrackPointExtension>
<opentracks:accuracy_horizontal>3.924</opentracks:accuracy_horizontal></extensions>
</trkpt>
<trkpt lat="50.436992" lon="-104.537927">
<ele>554.5</ele>
<time>2026-08-28T19:23:58.177-06:00</time>
<extensions>
<gpxtpx:TrackPointExtension>
<gpxtpx:speed>6.87</gpxtpx:speed>
</gpxtpx:TrackPointExtension>
<opentracks:accuracy_horizontal>3.924</opentracks:accuracy_horizontal></extensions>
</trkpt>
<trkpt lat="50.43691" lon="-104.537777">
<ele>554.6</ele>
<time>2026-08-28T19:24:00.181-06:00</time>
<extensions>
<gpxtpx:TrackPointExtension>
<gpxtpx:speed>7.29</gpxtpx:speed>
</gpxtpx:TrackPointExtension>
<opentracks:accuracy_horizontal>3.924</opentracks:accuracy_horizontal></extensions>
</trkpt>
<trkpt lat="50.43684" lon="-104.537604">
<ele>555.2</ele>
<time>2026-08-28T19:24:02.187-06:00</time>
<extensions>
<gpxtpx:TrackPointExtension>
<gpxtpx:speed>6.46</gpxtpx:speed>
</gpxtpx:TrackPointExtension>
<opentracks:accuracy_horizontal>3.924</opentracks:accuracy_horizontal></extensions>
</trkpt>
<trkpt lat="50.43678" lon="-104.537438">
<ele>555.1</ele>
<time>2026-08-28T19:24:04.193-06:00</time>
<extensions>
<gpxtpx:TrackPointExtension>
<gpxtpx:speed>6.94</gpxtpx:speed>
</gpxtpx:TrackPointExtension>
<opentracks:accuracy_horizontal>3.924</opentracks:accuracy_horizontal></extensions>
</trkpt>
<trkpt lat="50.436719" lon="-104.537257">
<ele>554.7</ele>
<time>2026-08-28T19:24:06.182-06:00</time>
<extensions>
<gpxtpx:TrackPointExtension>
<gpxtpx:speed>6.55</gpxtpx:speed>
</gpxtpx:TrackPointExtension>
<opentracks:accuracy_horizontal>3.924</opentracks:accuracy_horizontal></extensions>
</trkpt>
<trkpt lat="50.436668" lon="-104.5371">
<ele>554.6</ele>
<time>2026-08-28T19:24:08.171-06:00</time>
<extensions>
<gpxtpx:TrackPointExtension>
<gpxtpx:speed>6.15</gpxtpx:speed>
</gpxtpx:TrackPointExtension>
<opentracks:accuracy_horizontal>3.924</opentracks:accuracy_horizontal></extensions>
</trkpt>
<trkpt lat="50.436598" lon="-104.536954">
<ele>554.4</ele>
<time>2026-08-28T19:24:10.177-06:00</time>
<extensions>
<gpxtpx:TrackPointExtension>
<gpxtpx:speed>6.57</gpxtpx:speed>
</gpxtpx:TrackPointExtension>
<opentracks:accuracy_horizontal>3.924</opentracks:accuracy_horizontal></extensions>
</trkpt>
<trkpt lat="50.436532" lon="-104.536805">
<ele>554.1</ele>
<time>2026-08-28T19:24:12.18-06:00</time>
<extensions>
<gpxtpx:TrackPointExtension>
<gpxtpx:speed>5.63</gpxtpx:speed>
</gpxtpx:TrackPointExtension>
<opentracks:accuracy_horizontal>3.924</opentracks:accuracy_horizontal></extensions>
</trkpt>
<trkpt lat="50.436501" lon="-104.536658">
<ele>553.5</ele>
<time>2026-08-28T19:24:14.183-06:00</time>
<extensions>
<gpxtpx:TrackPointExtension>
<gpxtpx:speed>5.3</gpxtpx:speed>
</gpxtpx:TrackPointExtension>
<opentracks:accuracy_horizontal>3.923</opentracks:accuracy_horizontal></extensions>
</trkpt>
<trkpt lat="50.436462" lon="-104.53653">
<ele>553.6</ele>
<time>2026-08-28T19:24:16.182-06:00</time>
<extensions>
<gpxtpx:TrackPointExtension>
<gpxtpx:speed>4.8</gpxtpx:speed>
</gpxtpx:TrackPointExtension>
<opentracks:accuracy_horizontal>3.923</opentracks:accuracy_horizontal></extensions>
</trkpt>
<trkpt lat="50.436385" lon="-104.536385">
<ele>552.9</ele>
<time>2026-08-28T19:24:19.177-06:00</time>
<extensions>
<gpxtpx:TrackPointExtension>
<gpxtpx:speed>3.62</gpxtpx:speed>
</gpxtpx:TrackPointExtension>
<opentracks:accuracy_horizontal>3.923</opentracks:accuracy_horizontal></extensions>
</trkpt>
<trkpt lat="50.436314" lon="-104.536268">
<ele>553.6</ele>
<time>2026-08-28T19:24:23.177-06:00</time>
<extensions>
<gpxtpx:TrackPointExtension>
<gpxtpx:speed>2.21</gpxtpx:speed>
</gpxtpx:TrackPointExtension>
<opentracks:accuracy_horizontal>3.923</opentracks:accuracy_horizontal></extensions>
</trkpt>
<trkpt lat="50.436259" lon="-104.536136">
<ele>554.4</ele>
<time>2026-08-28T19:24:28.18-06:00</time>
<extensions>
<gpxtpx:TrackPointExtension>
<gpxtpx:speed>3.26</gpxtpx:speed>
</gpxtpx:TrackPointExtension>
<opentracks:accuracy_horizontal>3.923</opentracks:accuracy_horizontal></extensions>
</trkpt>
<trkpt lat="50.43619" lon="-104.535993">
<ele>555.3</ele>
<time>2026-08-28T19:24:31.184-06:00</time>
<extensions>
<gpxtpx:TrackPointExtension>
<gpxtpx:speed>4.48</gpxtpx:speed>
</gpxtpx:TrackPointExtension>
<opentracks:accuracy_horizontal>3.923</opentracks:accuracy_horizontal></extensions>
</trkpt>
<trkpt lat="50.436124" lon="-104.535861">
<ele>555.7</ele>
<time>2026-08-28T19:24:33.179-06:00</time>
<extensions>
<gpxtpx:TrackPointExtension>
<gpxtpx:speed>5.52</gpxtpx:speed>
</gpxtpx:TrackPointExtension>
<opentracks:accuracy_horizontal>3.922</opentracks:accuracy_horizontal></extensions>
</trkpt>
<trkpt lat="50.436046" lon="-104.535708">
<ele>556</ele>
<time>2026-08-28T19:24:35.175-06:00</time>
<extensions>
<gpxtpx:TrackPointExtension>
<gpxtpx:speed>6.68</gpxtpx:speed>
</gpxtpx:TrackPointExtension>
<opentracks:accuracy_horizontal>3.922</opentracks:accuracy_horizontal></extensions>
</trkpt>
<trkpt lat="50.435975" lon="-104.535523">
<ele>555.2</ele>
<time>2026-08-28T19:24:37.182-06:00</time>
<extensions>
<gpxtpx:TrackPointExtension>
<gpxtpx:speed>7.11</gpxtpx:speed>
</gpxtpx:TrackPointExtension>
<opentracks:accuracy_horizontal>3.922</opentracks:accuracy_horizontal></extensions>
</trkpt>
<trkpt lat="50.435907" lon="-104.535311">
<ele>554.7</ele>
<time>2026-08-28T19:24:39.19-06:00</time>
<extensions>
<gpxtpx:TrackPointExtension>
<gpxtpx:speed>8.23</gpxtpx:speed>
</gpxtpx:TrackPointExtension>
<opentracks:accuracy_horizontal>3.922</opentracks:accuracy_horizontal></extensions>
</trkpt>
<trkpt lat="50.435832" lon="-104.535116">
<ele>555.3</ele>
<time>2026-08-28T19:24:41.177-06:00</time>
<extensions>
<gpxtpx:TrackPointExtension>
<gpxtpx:speed>7.6</gpxtpx:speed>
</gpxtpx:TrackPointExtension>
<opentracks:accuracy_horizontal>3.922</opentracks:accuracy_horizontal></extensions>
</trkpt>
<trkpt lat="50.435751" lon="-104.534946">
<ele>554.5</ele>
<time>2026-08-28T19:24:43.181-06:00</time>
<extensions>
<gpxtpx:TrackPointExtension>
<gpxtpx:speed>7.36</gpxtpx:speed>
</gpxtpx:TrackPointExtension>
<opentracks:accuracy_horizontal>4.166</opentracks:accuracy_horizontal></extensions>
</trkpt>
<trkpt lat="50.435673" lon="-104.534759">
<ele>554.1</ele>
<time>2026-08-28T19:24:45.186-06:00</time>
<extensions>
<gpxtpx:TrackPointExtension>
<gpxtpx:speed>7.89</gpxtpx:speed>
</gpxtpx:TrackPointExtension>
<opentracks:accuracy_horizontal>3.922</opentracks:accuracy_horizontal></extensions>
</trkpt>
<trkpt lat="50.435611" lon="-104.53457">
<ele>554.1</ele>
<time>2026-08-28T19:24:47.188-06:00</time>
<extensions>
<gpxtpx:TrackPointExtension>
<gpxtpx:speed>7.36</gpxtpx:speed>
</gpxtpx:TrackPointExtension>
<opentracks:accuracy_horizontal>3.922</opentracks:accuracy_horizontal></extensions>
</trkpt>
<trkpt lat="50.43556" lon="-104.534377">
<ele>554</ele>
<time>2026-08-28T19:24:49.172-06:00</time>
<extensions>
<gpxtpx:TrackPointExtension>
<gpxtpx:speed>7.06</gpxtpx:speed>
</gpxtpx:TrackPointExtension>
<opentracks:accuracy_horizontal>3.922</opentracks:accuracy_horizontal></extensions>
</trkpt>
<trkpt lat="50.435508" lon="-104.534189">
<ele>554.1</ele>
<time>2026-08-28T19:24:51.182-06:00</time>
<extensions>
<gpxtpx:TrackPointExtension>
<gpxtpx:speed>7.6</gpxtpx:speed>
</gpxtpx:TrackPointExtension>
<opentracks:accuracy_horizontal>3.922</opentracks:accuracy_horizontal></extensions>
</trkpt>
<trkpt lat="50.435455" lon="-104.533991">
<ele>554.6</ele>
<time>2026-08-28T19:24:53.174-06:00</time>
<extensions>
<gpxtpx:TrackPointExtension>
<gpxtpx:speed>7.48</gpxtpx:speed>
</gpxtpx:TrackPointExtension>
<opentracks:accuracy_horizontal>3.921</opentracks:accuracy_horizontal></extensions>
</trkpt>
<trkpt lat="50.4354" lon="-104.533792">
<ele>554.5</ele>
<time>2026-08-28T19:24:55.18-06:00</time>
<extensions>
<gpxtpx:TrackPointExtension>
<gpxtpx:speed>7.54</gpxtpx:speed>
</gpxtpx:TrackPointExtension>
<opentracks:accuracy_horizontal>3.921</opentracks:accuracy_horizontal></extensions>
</trkpt>
<trkpt lat="50.435345" lon="-104.533593">
<ele>554.6</ele>
<time>2026-08-28T19:24:57.166-06:00</time>
<extensions>
<gpxtpx:TrackPointExtension>
<gpxtpx:speed>7.43</gpxtpx:speed>
</gpxtpx:TrackPointExtension>
<opentracks:accuracy_horizontal>3.921</opentracks:accuracy_horizontal></extensions>
</trkpt>
<trkpt lat="50.435289" lon="-104.533395">
<ele>554.5</ele>
<time>2026-08-28T19:24:59.177-06:00</time>
<extensions>
<gpxtpx:TrackPointExtension>
<gpxtpx:speed>7.62</gpxtpx:speed>
</gpxtpx:TrackPointExtension>
<opentracks:accuracy_horizontal>3.921</opentracks:accuracy_horizontal></extensions>
</trkpt>
<trkpt lat="50.435233" lon="-104.533201">
<ele>554.1</ele>
<time>2026-08-28T19:25:01.16-06:00</time>
<extensions>
<gpxtpx:TrackPointExtension>
<gpxtpx:speed>7.28</gpxtpx:speed>
</gpxtpx:TrackPointExtension>
<opentracks:accuracy_horizontal>3.921</opentracks:accuracy_horizontal></extensions>
</trkpt>
<trkpt lat="50.435178" lon="-104.533015">
<ele>553.8</ele>
<time>2026-08-28T19:25:03.177-06:00</time>
<extensions>
<gpxtpx:TrackPointExtension>
<gpxtpx:speed>7.48</gpxtpx:speed>
</gpxtpx:TrackPointExtension>
<opentracks:accuracy_horizontal>3.921</opentracks:accuracy_horizontal></extensions>
</trkpt>
<trkpt lat="50.435126" lon="-104.532816">
<ele>553.6</ele>
<time>2026-08-28T19:25:05.184-06:00</time>
<extensions>
<gpxtpx:TrackPointExtension>
<gpxtpx:speed>7.51</gpxtpx:speed>
</gpxtpx:TrackPointExtension>
<opentracks:accuracy_horizontal>3.921</opentracks:accuracy_horizontal></extensions>
</trkpt>
<trkpt lat="50.435073" lon="-104.532606">
<ele>553.5</ele>
<time>2026-08-28T19:25:07.192-06:00</time>
<extensions>
<gpxtpx:TrackPointExtension>
<gpxtpx:speed>7.38</gpxtpx:speed>
</gpxtpx:TrackPointExtension>
<opentracks:accuracy_horizontal>3.921</opentracks:accuracy_horizontal></extensions>
</trkpt>
<trkpt lat="50.435017" lon="-104.532397">
<ele>553.2</ele>
<time>2026-08-28T19:25:09.175-06:00</time>
<extensions>
<gpxtpx:TrackPointExtension>
<gpxtpx:speed>7.53</gpxtpx:speed>
</gpxtpx:TrackPointExtension>
<opentracks:accuracy_horizontal>3.995</opentracks:accuracy_horizontal></extensions>
</trkpt>
<trkpt lat="50.434958" lon="-104.532196">
<ele>553</ele>
<time>2026-08-28T19:25:11.188-06:00</time>
<extensions>
<gpxtpx:TrackPointExtension>
<gpxtpx:speed>7.61</gpxtpx:speed>
</gpxtpx:TrackPointExtension>
<opentracks:accuracy_horizontal>3.961</opentracks:accuracy_horizontal></extensions>
</trkpt>
<trkpt lat="50.434901" lon="-104.531989">
<ele>553.7</ele>
<time>2026-08-28T19:25:13.182-06:00</time>
<extensions>
<gpxtpx:TrackPointExtension>
<gpxtpx:speed>7.21</gpxtpx:speed>
</gpxtpx:TrackPointExtension>
<opentracks:accuracy_horizontal>4.03</opentracks:accuracy_horizontal></extensions>
</trkpt>
<trkpt lat="50.434851" lon="-104.531809">
<ele>554.4</ele>
<time>2026-08-28T19:25:15.176-06:00</time>
<extensions>
<gpxtpx:TrackPointExtension>
<gpxtpx:speed>6.98</gpxtpx:speed>
</gpxtpx:TrackPointExtension>
<opentracks:accuracy_horizontal>4.135</opentracks:accuracy_horizontal></extensions>
</trkpt>
<trkpt lat="50.434801" lon="-104.531636">
<ele>554.8</ele>
<time>2026-08-28T19:25:17.186-06:00</time>
<extensions>
<gpxtpx:TrackPointExtension>
<gpxtpx:speed>6.92</gpxtpx:speed>
</gpxtpx:TrackPointExtension>
<opentracks:accuracy_horizontal>3.945</opentracks:accuracy_horizontal></extensions>
</trkpt>
<trkpt lat="50.434747" lon="-104.531444">
<ele>556.1</ele>
<time>2026-08-28T19:25:19.182-06:00</time>
<extensions>
<gpxtpx:TrackPointExtension>
<gpxtpx:speed>7.32</gpxtpx:speed>
</gpxtpx:TrackPointExtension>
<opentracks:accuracy_horizontal>3.92</opentracks:accuracy_horizontal></extensions>
</trkpt>
<trkpt lat="50.434695" lon="-104.531249">
<ele>557</ele>
<time>2026-08-28T19:25:21.183-06:00</time>
<extensions>
<gpxtpx:TrackPointExtension>
<gpxtpx:speed>7.16</gpxtpx:speed>
</gpxtpx:TrackPointExtension>
<opentracks:accuracy_horizontal>3.92</opentracks:accuracy_horizontal></extensions>
</trkpt>
<trkpt lat="50.434642" lon="-104.531055">
<ele>556.7</ele>
<time>2026-08-28T19:25:23.19-06:00</time>
<extensions>
<gpxtpx:TrackPointExtension>
<gpxtpx:speed>7.28</gpxtpx:speed>
</gpxtpx:TrackPointExtension>
<opentracks:accuracy_horizontal>3.92</opentracks:accuracy_horizontal></extensions>
</trkpt>
<trkpt lat="50.434586" lon="-104.530875">
<ele>556.5</ele>
<time>2026-08-28T19:25:25.175-06:00</time>
<extensions>
<gpxtpx:TrackPointExtension>
<gpxtpx:speed>7.41</gpxtpx:speed>
</gpxtpx:TrackPointExtension>
<opentracks:accuracy_horizontal>3.92</opentracks:accuracy_horizontal></extensions>
</trkpt>
<trkpt lat="50.434534" lon="-104.530693">
<ele>556.9</ele>
<time>2026-08-28T19:25:27.183-06:00</time>
<extensions>
<gpxtpx:TrackPointExtension>
<gpxtpx:speed>6.61</gpxtpx:speed>
</gpxtpx:TrackPointExtension>
<opentracks:accuracy_horizontal>3.92</opentracks:accuracy_horizontal></extensions>
</trkpt>
<trkpt lat="50.434493" lon="-104.530531">
<ele>556.6</ele>
<time>2026-08-28T19:25:29.187-06:00</time>
<extensions>
<gpxtpx:TrackPointExtension>
<gpxtpx:speed>6.2</gpxtpx:speed>
</gpxtpx:TrackPointExtension>
<opentracks:accuracy_horizontal>3.92</opentracks:accuracy_horizontal></extensions>
</trkpt>
<trkpt lat="50.434448" lon="-104.530358">
<ele>557.2</ele>
<time>2026-08-28T19:25:31.184-06:00</time>
<extensions>
<gpxtpx:TrackPointExtension>
<gpxtpx:speed>6.34</gpxtpx:speed>
</gpxtpx:TrackPointExtension>
<opentracks:accuracy_horizontal>4.062</opentracks:accuracy_horizontal></extensions>
</trkpt>
<trkpt lat="50.434405" lon="-104.530185">
<ele>558.1</ele>
<time>2026-08-28T19:25:33.183-06:00</time>
<extensions>
<gpxtpx:TrackPointExtension>
<gpxtpx:speed>6.47</gpxtpx:speed>
</gpxtpx:TrackPointExtension>
<opentracks:accuracy_horizontal>4.116</opentracks:accuracy_horizontal></extensions>
</trkpt>
<trkpt lat="50.434354" lon="-104.530002">
<ele>558.1</ele>
<time>2026-08-28T19:25:35.188-06:00</time>
<extensions>
<gpxtpx:TrackPointExtension>
<gpxtpx:speed>7.05</gpxtpx:speed>
</gpxtpx:TrackPointExtension>
<opentracks:accuracy_horizontal>4.068</opentracks:accuracy_horizontal></extensions>
</trkpt>
<trkpt lat="50.434292" lon="-104.529817">
<ele>557</ele>
<time>2026-08-28T19:25:37.19-06:00</time>
<extensions>
<gpxtpx:TrackPointExtension>
<gpxtpx:speed>6.74</gpxtpx:speed>
</gpxtpx:TrackPointExtension>
<opentracks:accuracy_horizontal>4.187</opentracks:accuracy_horizontal></extensions>
</trkpt>
<trkpt lat="50.434235" lon="-104.5296">
<ele>557.2</ele>
<time>2026-08-28T19:25:39.196-06:00</time>
<extensions>
<gpxtpx:TrackPointExtension>
<gpxtpx:speed>7.22</gpxtpx:speed>
</gpxtpx:TrackPointExtension>
<opentracks:accuracy_horizontal>4.051</opentracks:accuracy_horizontal></extensions>
</trkpt>
<trkpt lat="50.434176" lon="-104.529393">
<ele>557.3</ele>
<time>2026-08-28T19:25:41.174-06:00</time>
<extensions>
<gpxtpx:TrackPointExtension>
<gpxtpx:speed>6.71</gpxtpx:speed>
</gpxtpx:TrackPointExtension>
<opentracks:accuracy_horizontal>3.973</opentracks:accuracy_horizontal></extensions>
</trkpt>
<trkpt lat="50.434117" lon="-104.529224">
<ele>557.4</ele>
<time>2026-08-28T19:25:43.182-06:00</time>
<extensions>
<gpxtpx:TrackPointExtension>
<gpxtpx:speed>6.58</gpxtpx:speed>
</gpxtpx:TrackPointExtension>
<opentracks:accuracy_horizontal>3.919</opentracks:accuracy_horizontal></extensions>
</trkpt>
<trkpt lat="50.434068" lon="-104.529051">
<ele>556.9</ele>
<time>2026-08-28T19:25:45.186-06:00</time>
<extensions>
<gpxtpx:TrackPointExtension>
<gpxtpx:speed>6.14</gpxtpx:speed>
</gpxtpx:TrackPointExtension>
<opentracks:accuracy_horizontal>3.976</opentracks:accuracy_horizontal></extensions>
</trkpt>
<trkpt lat="50.434026" lon="-104.528892">
<ele>555.9</ele>
<time>2026-08-28T19:25:47.179-06:00</time>
<extensions>
<gpxtpx:TrackPointExtension>
<gpxtpx:speed>6.63</gpxtpx:speed>
</gpxtpx:TrackPointExtension>
<opentracks:accuracy_horizontal>3.93</opentracks:accuracy_horizontal></extensions>
</trkpt>
<trkpt lat="50.433974" lon="-104.528708">
<ele>555.8</ele>
<time>2026-08-28T19:25:49.187-06:00</time>
<extensions>
<gpxtpx:TrackPointExtension>
<gpxtpx:speed>6.31</gpxtpx:speed>
</gpxtpx:TrackPointExtension>
<opentracks:accuracy_horizontal>3.918</opentracks:accuracy_horizontal></extensions>
</trkpt>
<trkpt lat="50.433932" lon="-104.528543">
<ele>555.9</ele>
<time>2026-08-28T19:25:51.182-06:00</time>
<extensions>
<gpxtpx:TrackPointExtension>
<gpxtpx:speed>5.75</gpxtpx:speed>
</gpxtpx:TrackPointExtension>
<opentracks:accuracy_horizontal>3.918</opentracks:accuracy_horizontal></extensions>
</trkpt>
<trkpt lat="50.433897" lon="-104.528384">
<ele>556.8</ele>
<time>2026-08-28T19:25:53.187-06:00</time>
<extensions>
<gpxtpx:TrackPointExtension>
<gpxtpx:speed>5.88</gpxtpx:speed>
</gpxtpx:TrackPointExtension>
<opentracks:accuracy_horizontal>3.918</opentracks:accuracy_horizontal></extensions>
</trkpt>
<trkpt lat="50.433851" lon="-104.528202">
<ele>556.8</ele>
<time>2026-08-28T19:25:55.195-06:00</time>
<extensions>
<gpxtpx:TrackPointExtension>
<gpxtpx:speed>6.53</gpxtpx:speed>
</gpxtpx:TrackPointExtension>
<opentracks:accuracy_horizontal>4.067</opentracks:accuracy_horizontal></extensions>
</trkpt>
<trkpt lat="50.433809" lon="-104.528036">
<ele>555.7</ele>
<time>2026-08-28T19:25:57.183-06:00</time>
<extensions>
<gpxtpx:TrackPointExtension>
<gpxtpx:speed>6.24</gpxtpx:speed>
</gpxtpx:TrackPointExtension>
<opentracks:accuracy_horizontal>4.007</opentracks:accuracy_horizontal></extensions>
</trkpt>
<trkpt lat="50.433785" lon="-104.527887">
<ele>555.4</ele>
<time>2026-08-28T19:25:59.185-06:00</time>
<extensions>
<gpxtpx:TrackPointExtension>
<gpxtpx:speed>5.53</gpxtpx:speed>
</gpxtpx:TrackPointExtension>
<opentracks:accuracy_horizontal>3.918</opentracks:accuracy_horizontal></extensions>
</trkpt>
<trkpt lat="50.433761" lon="-104.527727">
<ele>555.2</ele>
<time>2026-08-28T19:26:01.18-06:00</time>
<extensions>
<gpxtpx:TrackPointExtension>
<gpxtpx:speed>5.56</gpxtpx:speed>
</gpxtpx:TrackPointExtension>
<opentracks:accuracy_horizontal>3.918</opentracks:accuracy_horizontal></extensions>
</trkpt>
<trkpt lat="50.433747" lon="-104.527562">
<ele>555.8</ele>
<time>2026-08-28T19:26:03.192-06:00</time>
<extensions>
<gpxtpx:TrackPointExtension>
<gpxtpx:speed>5.6</gpxtpx:speed>
</gpxtpx:TrackPointExtension>
<opentracks:accuracy_horizontal>3.918</opentracks:accuracy_horizontal></extensions>
</trkpt>
<trkpt lat="50.433734" lon="-104.527407">
<ele>555.9</ele>
<time>2026-08-28T19:26:05.182-06:00</time>
<extensions>
<gpxtpx:TrackPointExtension>
<gpxtpx:speed>5.34</gpxtpx:speed>
</gpxtpx:TrackPointExtension>
<opentracks:accuracy_horizontal>3.918</opentracks:accuracy_horizontal></extensions>
</trkpt>
<trkpt lat="50.433726" lon="-104.527256">
<ele>556.2</ele>
<time>2026-08-28T19:26:07.18-06:00</time>
<extensions>
<gpxtpx:TrackPointExtension>
<gpxtpx:speed>5.1</gpxtpx:speed>
</gpxtpx:TrackPointExtension>
<opentracks:accuracy_horizontal>3.994</opentracks:accuracy_horizontal></extensions>
</trkpt>
<trkpt lat="50.433722" lon="-104.527105">
<ele>556.5</ele>
<time>2026-08-28T19:26:09.173-06:00</time>
<extensions>
<gpxtpx:TrackPointExtension>
<gpxtpx:speed>5.02</gpxtpx:speed>
</gpxtpx:TrackPointExtension>
<opentracks:accuracy_horizontal>3.917</opentracks:accuracy_horizontal></extensions>
</trkpt>
<trkpt lat="50.433727" lon="-104.52695">
<ele>557</ele>
<time>2026-08-28T19:26:11.168-06:00</time>
<extensions>
<gpxtpx:TrackPointExtension>
<gpxtpx:speed>5.02</gpxtpx:speed>
</gpxtpx:TrackPointExtension>
<opentracks:accuracy_horizontal>3.917</opentracks:accuracy_horizontal></extensions>
</trkpt>
<trkpt lat="50.433735" lon="-104.526803">
<ele>557.5</ele>
<time>2026-08-28T19:26:13.175-06:00</time>
<extensions>
<gpxtpx:TrackPointExtension>
<gpxtpx:speed>5.06</gpxtpx:speed>
</gpxtpx:TrackPointExtension>
<opentracks:accuracy_horizontal>3.917</opentracks:accuracy_horizontal></extensions>
</trkpt>
<trkpt lat="50.433734" lon="-104.526653">
<ele>557</ele>
<time>2026-08-28T19:26:15.17-06:00</time>
<extensions>
<gpxtpx:TrackPointExtension>
<gpxtpx:speed>4.98</gpxtpx:speed>
</gpxtpx:TrackPointExtension>
<opentracks:accuracy_horizontal>3.917</opentracks:accuracy_horizontal></extensions>
</trkpt>
<trkpt lat="50.433727" lon="-104.526499">
<ele>556.7</ele>
<time>2026-08-28T19:26:17.173-06:00</time>
<extensions>
<gpxtpx:TrackPointExtension>
<gpxtpx:speed>5.05</gpxtpx:speed>
</gpxtpx:TrackPointExtension>
<opentracks:accuracy_horizontal>3.917</opentracks:accuracy_horizontal></extensions>
</trkpt>
<trkpt lat="50.433763" lon="-104.526354">
<ele>558.7</ele>
<time>2026-08-28T19:26:19.2-06:00</time>
<extensions>
<gpxtpx:TrackPointExtension>
<gpxtpx:speed>4.89</gpxtpx:speed>
</gpxtpx:TrackPointExtension>
<opentracks:accuracy_horizontal>3.917</opentracks:accuracy_horizontal></extensions>
</trkpt>
<trkpt lat="50.433849" lon="-104.526272">
<ele>557.8</ele>
<time>2026-08-28T19:26:21.194-06:00</time>
<extensions>
<gpxtpx:TrackPointExtension>
<gpxtpx:speed>5.13</gpxtpx:speed>
</gpxtpx:TrackPointExtension>
<opentracks:accuracy_horizontal>3.917</opentracks:accuracy_horizontal></extensions>
</trkpt>
<trkpt lat="50.433954" lon="-104.526225">
<ele>557.1</ele>
<time>2026-08-28T19:26:23.184-06:00</time>
<extensions>
<gpxtpx:TrackPointExtension>
<gpxtpx:speed>5.44</gpxtpx:speed>
</gpxtpx:TrackPointExtension>
<opentracks:accuracy_horizontal>3.917</opentracks:accuracy_horizontal></extensions>
</trkpt>
<trkpt lat="50.434067" lon="-104.526224">
<ele>556.3</ele>
<time>2026-08-28T19:26:25.182-06:00</time>
<extensions>
<gpxtpx:TrackPointExtension>
<gpxtpx:speed>5.91</gpxtpx:speed>
</gpxtpx:TrackPointExtension>
<opentracks:accuracy_horizontal>3.916</opentracks:accuracy_horizontal></extensions>
</trkpt>
<trkpt lat="50.434182" lon="-104.526237">
<ele>556.1</ele>
<time>2026-08-28T19:26:27.192-06:00</time>
<extensions>
<gpxtpx:TrackPointExtension>
<gpxtpx:speed>5.93</gpxtpx:speed>
</gpxtpx:TrackPointExtension>
<opentracks:accuracy_horizontal>3.916</opentracks:accuracy_horizontal></extensions>
</trkpt>
<trkpt lat="50.434285" lon="-104.526233">
<ele>556</ele>
<time>2026-08-28T19:26:29.183-06:00</time>
<extensions>
<gpxtpx:TrackPointExtension>
<gpxtpx:speed>5.5</gpxtpx:speed>
</gpxtpx:TrackPointExtension>
<opentracks:accuracy_horizontal>3.916</opentracks:accuracy_horizontal></extensions>
</trkpt>
<trkpt lat="50.434387" lon="-104.52622">
<ele>555.5</ele>
<time>2026-08-28T19:26:31.164-06:00</time>
<extensions>
<gpxtpx:TrackPointExtension>
<gpxtpx:speed>5.81</gpxtpx:speed>
</gpxtpx:TrackPointExtension>
<opentracks:accuracy_horizontal>3.916</opentracks:accuracy_horizontal></extensions>
</trkpt>
<trkpt lat="50.434488" lon="-104.526213">
<ele>555.3</ele>
<time>2026-08-28T19:26:33.19-06:00</time>
<extensions>
<gpxtpx:TrackPointExtension>
<gpxtpx:speed>5.78</gpxtpx:speed>
</gpxtpx:TrackPointExtension>
<opentracks:accuracy_horizontal>3.916</opentracks:accuracy_horizontal></extensions>
</trkpt>
<trkpt lat="50.434591" lon="-104.526203">
<ele>555.2</ele>
<time>2026-08-28T19:26:35.194-06:00</time>
<extensions>
<gpxtpx:TrackPointExtension>
<gpxtpx:speed>5.83</gpxtpx:speed>
</gpxtpx:TrackPointExtension>
<opentracks:accuracy_horizontal>3.916</opentracks:accuracy_horizontal></extensions>
</trkpt>
<trkpt lat="50.434697" lon="-104.526197">
<ele>554.7</ele>
<time>2026-08-28T19:26:37.19-06:00</time>
<extensions>
<gpxtpx:TrackPointExtension>
<gpxtpx:speed>6.14</gpxtpx:speed>
</gpxtpx:TrackPointExtension>
<opentracks:accuracy_horizontal>3.916</opentracks:accuracy_horizontal></extensions>
</trkpt>
<trkpt lat="50.434804" lon="-104.526193">
<ele>556.9</ele>
<time>2026-08-28T19:26:39.174-06:00</time>
<extensions>
<gpxtpx:TrackPointExtension>
<gpxtpx:speed>6.47</gpxtpx:speed>
</gpxtpx:TrackPointExtension>
<opentracks:accuracy_horizontal>4.249</opentracks:accuracy_horizontal></extensions>
</trkpt>
<trkpt lat="50.434916" lon="-104.526211">
<ele>557.6</ele>
<time>2026-08-28T19:26:41.177-06:00</time>
<extensions>
<gpxtpx:TrackPointExtension>
<gpxtpx:speed>5.94</gpxtpx:speed>
</gpxtpx:TrackPointExtension>
<opentracks:accuracy_horizontal>3.915</opentracks:accuracy_horizontal></extensions>
</trkpt>
<trkpt lat="50.435019" lon="-104.526212">
<ele>557.2</ele>
<time>2026-08-28T19:26:43.181-06:00</time>
<extensions>
<gpxtpx:TrackPointExtension>
<gpxtpx:speed>5.47</gpxtpx:speed>
</gpxtpx:TrackPointExtension>
<opentracks:accuracy_horizontal>3.915</opentracks:accuracy_horizontal></extensions>
</trkpt>
<trkpt lat="50.435117" lon="-104.526234">
<ele>556.8</ele>
<time>2026-08-28T19:26:45.186-06:00</time>
<extensions>
<gpxtpx:TrackPointExtension>
<gpxtpx:speed>5.7</gpxtpx:speed>
</gpxtpx:TrackPointExtension>
<opentracks:accuracy_horizontal>3.915</opentracks:accuracy_horizontal></extensions>
</trkpt>
<trkpt lat="50.435232" lon="-104.526253">
<ele>556.6</ele>
<time>2026-08-28T19:26:47.184-06:00</time>
<extensions>
<gpxtpx:TrackPointExtension>
<gpxtpx:speed>6.19</gpxtpx:speed>
</gpxtpx:TrackPointExtension>
<opentracks:accuracy_horizontal>3.915</opentracks:accuracy_horizontal></extensions>
</trkpt>
<trkpt lat="50.435352" lon="-104.526287">
<ele>556.5</ele>
<time>2026-08-28T19:26:49.187-06:00</time>
<extensions>
<gpxtpx:TrackPointExtension>
<gpxtpx:speed>6.34</gpxtpx:speed>
</gpxtpx:TrackPointExtension>
<opentracks:accuracy_horizontal>3.915</opentracks:accuracy_horizontal></extensions>
</trkpt>
<trkpt lat="50.435464" lon="-104.526335">
<ele>556.2</ele>
<time>2026-08-28T19:26:51.186-06:00</time>
<extensions>
<gpxtpx:TrackPointExtension>
<gpxtpx:speed>6.33</gpxtpx:speed>
</gpxtpx:TrackPointExtension>
<opentracks:accuracy_horizontal>3.915</opentracks:accuracy_horizontal></extensions>
</trkpt>
<trkpt lat="50.435572" lon="-104.526373">
<ele>555.6</ele>
<time>2026-08-28T19:26:53.183-06:00</time>
<extensions>
<gpxtpx:TrackPointExtension>
<gpxtpx:speed>6.27</gpxtpx:speed>
</gpxtpx:TrackPointExtension>
<opentracks:accuracy_horizontal>3.915</opentracks:accuracy_horizontal></extensions>
</trkpt>
<trkpt lat="50.435681" lon="-104.526395">
<ele>555.6</ele>
<time>2026-08-28T19:26:55.182-06:00</time>
<extensions>
<gpxtpx:TrackPointExtension>
<gpxtpx:speed>5.87</gpxtpx:speed>
</gpxtpx:TrackPointExtension>
<opentracks:accuracy_horizontal>3.915</opentracks:accuracy_horizontal></extensions>
</trkpt>
<trkpt lat="50.435791" lon="-104.526421">
<ele>556.1</ele>
<time>2026-08-28T19:26:57.197-06:00</time>
<extensions>
<gpxtpx:TrackPointExtension>
<gpxtpx:speed>6.31</gpxtpx:speed>
</gpxtpx:TrackPointExtension>
<opentracks:accuracy_horizontal>3.914</opentracks:accuracy_horizontal></extensions>
</trkpt>
<trkpt lat="50.435907" lon="-104.526459">
<ele>556.6</ele>
<time>2026-08-28T19:26:59.178-06:00</time>
<extensions>
<gpxtpx:TrackPointExtension>
<gpxtpx:speed>6.69</gpxtpx:speed>
</gpxtpx:TrackPointExtension>
<opentracks:accuracy_horizontal>3.914</opentracks:accuracy_horizontal></extensions>
</trkpt>
<trkpt lat="50.43602" lon="-104.526486">
<ele>556.4</ele>
<time>2026-08-28T19:27:01.178-06:00</time>
<extensions>
<gpxtpx:TrackPointExtension>
<gpxtpx:speed>5.94</gpxtpx:speed>
</gpxtpx:TrackPointExtension>
<opentracks:accuracy_horizontal>3.914</opentracks:accuracy_horizontal></extensions>
</trkpt>
<trkpt lat="50.43613" lon="-104.526501">
<ele>555.5</ele>
<time>2026-08-28T19:27:03.189-06:00</time>
<extensions>
<gpxtpx:TrackPointExtension>
<gpxtpx:speed>5.7</gpxtpx:speed>
</gpxtpx:TrackPointExtension>
<opentracks:accuracy_horizontal>3.914</opentracks:accuracy_horizontal></extensions>
</trkpt>
<trkpt lat="50.436232" lon="-104.526519">
<ele>555.8</ele>
<time>2026-08-28T19:27:05.196-06:00</time>
<extensions>
<gpxtpx:TrackPointExtension>
<gpxtpx:speed>5.61</gpxtpx:speed>
</gpxtpx:TrackPointExtension>
<opentracks:accuracy_horizontal>3.914</opentracks:accuracy_horizontal></extensions>
</trkpt>
<trkpt lat="50.436334" lon="-104.526525">
<ele>556.1</ele>
<time>2026-08-28T19:27:07.178-06:00</time>
<extensions>
<gpxtpx:TrackPointExtension>
<gpxtpx:speed>5.51</gpxtpx:speed>
</gpxtpx:TrackPointExtension>
<opentracks:accuracy_horizontal>3.914</opentracks:accuracy_horizontal></extensions>
</trkpt>
<trkpt lat="50.436442" lon="-104.526512">
<ele>555.9</ele>
<time>2026-08-28T19:27:09.188-06:00</time>
<extensions>
<gpxtpx:TrackPointExtension>
<gpxtpx:speed>5.59</gpxtpx:speed>
</gpxtpx:TrackPointExtension>
<opentracks:accuracy_horizontal>3.914</opentracks:accuracy_horizontal></extensions>
</trkpt>
<trkpt lat="50.436547" lon="-104.526502">
<ele>555.4</ele>
<time>2026-08-28T19:27:11.189-06:00</time>
<extensions>
<gpxtpx:TrackPointExtension>
<gpxtpx:speed>5.69</gpxtpx:speed>
</gpxtpx:TrackPointExtension>
<opentracks:accuracy_horizontal>3.914</opentracks:accuracy_horizontal></extensions>
</trkpt>
<trkpt lat="50.436657" lon="-104.526496">
<ele>555.4</ele>
<time>2026-08-28T19:27:13.175-06:00</time>
<extensions>
<gpxtpx:TrackPointExtension>
<gpxtpx:speed>5.97</gpxtpx:speed>
</gpxtpx:TrackPointExtension>
<opentracks:accuracy_horizontal>3.913</opentracks:accuracy_horizontal></extensions>
</trkpt>
<trkpt lat="50.436772" lon="-104.526498">
<ele>555.8</ele>
<time>2026-08-28T19:27:15.191-06:00</time>
<extensions>
<gpxtpx:TrackPointExtension>
<gpxtpx:speed>6.11</gpxtpx:speed>
</gpxtpx:TrackPointExtension>
<opentracks:accuracy_horizontal>3.913</opentracks:accuracy_horizontal></extensions>
</trkpt>
<trkpt lat="50.43689" lon="-104.526487">
<ele>555.7</ele>
<time>2026-08-28T19:27:17.166-06:00</time>
<extensions>
<gpxtpx:TrackPointExtension>
<gpxtpx:speed>6.37</gpxtpx:speed>
</gpxtpx:TrackPointExtension>
<opentracks:accuracy_horizontal>3.913</opentracks:accuracy_horizontal></extensions>
</trkpt>
<trkpt lat="50.437007" lon="-104.526481">
<ele>555.1</ele>
<time>2026-08-28T19:27:19.181-06:00</time>
<extensions>
<gpxtpx:TrackPointExtension>
<gpxtpx:speed>5.9</gpxtpx:speed>
</gpxtpx:TrackPointExtension>
<opentracks:accuracy_horizontal>3.913</opentracks:accuracy_horizontal></extensions>
</trkpt>
<trkpt lat="50.437111" lon="-104.526489">
<ele>555.4</ele>
<time>2026-08-28T19:27:21.158-06:00</time>
<extensions>
<gpxtpx:TrackPointExtension>
<gpxtpx:speed>5.81</gpxtpx:speed>
</gpxtpx:TrackPointExtension>
<opentracks:accuracy_horizontal>4.485</opentracks:accuracy_horizontal></extensions>
</trkpt>
<trkpt lat="50.437217" lon="-104.526484">
<ele>554.7</ele>
<time>2026-08-28T19:27:23.173-06:00</time>
<extensions>
<gpxtpx:TrackPointExtension>
<gpxtpx:speed>5.86</gpxtpx:speed>
</gpxtpx:TrackPointExtension>
<opentracks:accuracy_horizontal>3.913</opentracks:accuracy_horizontal></extensions>
</trkpt>
<trkpt lat="50.437339" lon="-104.526479">
<ele>554.2</ele>
<time>2026-08-28T19:27:25.198-06:00</time>
<extensions>
<gpxtpx:TrackPointExtension>
<gpxtpx:speed>6.71</gpxtpx:speed>
</gpxtpx:TrackPointExtension>
<opentracks:accuracy_horizontal>3.913</opentracks:accuracy_horizontal></extensions>
</trkpt>
<trkpt lat="50.437467" lon="-104.526474">
<ele>554.1</ele>
<time>2026-08-28T19:27:27.188-06:00</time>
<extensions>
<gpxtpx:TrackPointExtension>
<gpxtpx:speed>7.09</gpxtpx:speed>
</gpxtpx:TrackPointExtension>
<opentracks:accuracy_horizontal>3.913</opentracks:accuracy_horizontal></extensions>
</trkpt>
<trkpt lat="50.437594" lon="-104.526477">
<ele>554.5</ele>
<time>2026-08-28T19:27:29.192-06:00</time>
<extensions>
<gpxtpx:TrackPointExtension>
<gpxtpx:speed>6.64</gpxtpx:speed>
</gpxtpx:TrackPointExtension>
<opentracks:accuracy_horizontal>3.912</opentracks:accuracy_horizontal></extensions>
</trkpt>
<trkpt lat="50.437722" lon="-104.526471">
<ele>555</ele>
<time>2026-08-28T19:27:31.19-06:00</time>
<extensions>
<gpxtpx:TrackPointExtension>
<gpxtpx:speed>6.98</gpxtpx:speed>
</gpxtpx:TrackPointExtension>
<opentracks:accuracy_horizontal>3.912</opentracks:accuracy_horizontal></extensions>
</trkpt>
<trkpt lat="50.43785" lon="-104.52648">
<ele>555.7</ele>
<time>2026-08-28T19:27:33.174-06:00</time>
<extensions>
<gpxtpx:TrackPointExtension>
<gpxtpx:speed>6.48</gpxtpx:speed>
</gpxtpx:TrackPointExtension>
<opentracks:accuracy_horizontal>3.912</opentracks:accuracy_horizontal></extensions>
</trkpt>
<trkpt lat="50.437975" lon="-104.526485">
<ele>556.1</ele>
<time>2026-08-28T19:27:35.184-06:00</time>
<extensions>
<gpxtpx:TrackPointExtension>
<gpxtpx:speed>6.81</gpxtpx:speed>
</gpxtpx:TrackPointExtension>
<opentracks:accuracy_horizontal>3.912</opentracks:accuracy_horizontal></extensions>
</trkpt>
<trkpt lat="50.438101" lon="-104.52653">
<ele>555.6</ele>
<time>2026-08-28T19:27:37.192-06:00</time>
<extensions>
<gpxtpx:TrackPointExtension>
<gpxtpx:speed>6.45</gpxtpx:speed>
</gpxtpx:TrackPointExtension>
<opentracks:accuracy_horizontal>3.912</opentracks:accuracy_horizontal></extensions>
</trkpt>
<trkpt lat="50.438236" lon="-104.526634">
<ele>557.6</ele>
<time>2026-08-28T19:27:39.186-06:00</time>
<extensions>
<gpxtpx:TrackPointExtension>
<gpxtpx:speed>7.74</gpxtpx:speed>
</gpxtpx:TrackPointExtension>
<opentracks:accuracy_horizontal>3.912</opentracks:accuracy_horizontal></extensions>
</trkpt>
<trkpt lat="50.43837" lon="-104.526701">
<ele>557.8</ele>
<time>2026-08-28T19:27:41.177-06:00</time>
<extensions>
<gpxtpx:TrackPointExtension>
<gpxtpx:speed>6.65</gpxtpx:speed>
</gpxtpx:TrackPointExtension>
<opentracks:accuracy_horizontal>4.134</opentracks:accuracy_horizontal></extensions>
</trkpt>
<trkpt lat="50.438481" lon="-104.526768">
<ele>557.3</ele>
<time>2026-08-28T19:27:43.185-06:00</time>
<extensions>
<gpxtpx:TrackPointExtension>
<gpxtpx:speed>7.19</gpxtpx:speed>
</gpxtpx:TrackPointExtension>
<opentracks:accuracy_horizontal>3.912</opentracks:accuracy_horizontal></extensions>
</trkpt>
<trkpt lat="50.438594" lon="-104.52687">
<ele>557.6</ele>
<time>2026-08-28T19:27:45.149-06:00</time>
<extensions>
<gpxtpx:TrackPointExtension>
<gpxtpx:speed>6.58</gpxtpx:speed>
</gpxtpx:TrackPointExtension>
<opentracks:accuracy_horizontal>3.911</opentracks:accuracy_horizontal></extensions>
</trkpt>
<trkpt lat="50.438708" lon="-104.526948">
<ele>557.5</ele>
<time>2026-08-28T19:27:47.174-06:00</time>
<extensions>
<gpxtpx:TrackPointExtension>
<gpxtpx:speed>6.77</gpxtpx:speed>
</gpxtpx:TrackPointExtension>
<opentracks:accuracy_horizontal>3.911</opentracks:accuracy_horizontal></extensions>
</trkpt>
<trkpt lat="50.438829" lon="-104.527013">
<ele>557.2</ele>
<time>2026-08-28T19:27:49.184-06:00</time>
<extensions>
<gpxtpx:TrackPointExtension>
<gpxtpx:speed>6.6</gpxtpx:speed>
</gpxtpx:TrackPointExtension>
<opentracks:accuracy_horizontal>3.911</opentracks:accuracy_horizontal></extensions>
</trkpt>
<trkpt lat="50.438923" lon="-104.527102">
<ele>555.9</ele>
<time>2026-08-28T19:27:51.179-06:00</time>
<extensions>
<gpxtpx:TrackPointExtension>
<gpxtpx:speed>6.22</gpxtpx:speed>
</gpxtpx:TrackPointExtension>
<opentracks:accuracy_horizontal>3.911</opentracks:accuracy_horizontal></extensions>
</trkpt>
<trkpt lat="50.439034" lon="-104.527181">
<ele>556.2</ele>
<time>2026-08-28T19:27:53.185-06:00</time>
<extensions>
<gpxtpx:TrackPointExtension>
<gpxtpx:speed>6.6</gpxtpx:speed>
</gpxtpx:TrackPointExtension>
<opentracks:accuracy_horizontal>3.911</opentracks:accuracy_horizontal></extensions>
</trkpt>
<trkpt lat="50.439148" lon="-104.527251">
<ele>556</ele>
<time>2026-08-28T19:27:55.175-06:00</time>
<extensions>
<gpxtpx:TrackPointExtension>
<gpxtpx:speed>6.37</gpxtpx:speed>
</gpxtpx:TrackPointExtension>
<opentracks:accuracy_horizontal>3.911</opentracks:accuracy_horizontal></extensions>
</trkpt>
<trkpt lat="50.439252" lon="-104.527323">
<ele>556.3</ele>
<time>2026-08-28T19:27:57.186-06:00</time>
<extensions>
<gpxtpx:TrackPointExtension>
<gpxtpx:speed>6.45</gpxtpx:speed>
</gpxtpx:TrackPointExtension>
<opentracks:accuracy_horizontal>3.912</opentracks:accuracy_horizontal></extensions>
</trkpt>
<trkpt lat="50.439372" lon="-104.527391">
<ele>557.2</ele>
<time>2026-08-28T19:27:59.189-06:00</time>
<extensions>
<gpxtpx:TrackPointExtension>
<gpxtpx:speed>6.9</gpxtpx:speed>
</gpxtpx:TrackPointExtension>
<opentracks:accuracy_horizontal>3.911</opentracks:accuracy_horizontal></extensions>
</trkpt>
<trkpt lat="50.439494" lon="-104.527433">
<ele>557.4</ele>
<time>2026-08-28T19:28:01.195-06:00</time>
<extensions>
<gpxtpx:TrackPointExtension>
<gpxtpx:speed>6.6</gpxtpx:speed>
</gpxtpx:TrackPointExtension>
<opentracks:accuracy_horizontal>3.91</opentracks:accuracy_horizontal></extensions>
</trkpt>
<trkpt lat="50.439617" lon="-104.527467">
<ele>557.3</ele>
<time>2026-08-28T19:28:03.177-06:00</time>
<extensions>
<gpxtpx:TrackPointExtension>
<gpxtpx:speed>7.17</gpxtpx:speed>
</gpxtpx:TrackPointExtension>
<opentracks:accuracy_horizontal>3.91</opentracks:accuracy_horizontal></extensions>
</trkpt>
<trkpt lat="50.439753" lon="-104.527484">
<ele>557.2</ele>
<time>2026-08-28T19:28:05.187-06:00</time>
<extensions>
<gpxtpx:TrackPointExtension>
<gpxtpx:speed>6.48</gpxtpx:speed>
</gpxtpx:TrackPointExtension>
<opentracks:accuracy_horizontal>3.91</opentracks:accuracy_horizontal></extensions>
</trkpt>
<trkpt lat="50.439873" lon="-104.527496">
<ele>556.6</ele>
<time>2026-08-28T19:28:07.173-06:00</time>
<extensions>
<gpxtpx:TrackPointExtension>
<gpxtpx:speed>6.68</gpxtpx:speed>
</gpxtpx:TrackPointExtension>
<opentracks:accuracy_horizontal>3.91</opentracks:accuracy_horizontal></extensions>
</trkpt>
<trkpt lat="50.439993" lon="-104.527508">
<ele>556.6</ele>
<time>2026-08-28T19:28:09.178-06:00</time>
<extensions>
<gpxtpx:TrackPointExtension>
<gpxtpx:speed>6.3</gpxtpx:speed>
</gpxtpx:TrackPointExtension>
<opentracks:accuracy_horizontal>3.91</opentracks:accuracy_horizontal></extensions>
</trkpt>
<trkpt lat="50.440093" lon="-104.527506">
<ele>556.6</ele>
<time>2026-08-28T19:28:11.182-06:00</time>
<extensions>
<gpxtpx:TrackPointExtension>
<gpxtpx:speed>5.32</gpxtpx:speed>
</gpxtpx:TrackPointExtension>
<opentracks:accuracy_horizontal>3.91</opentracks:accuracy_horizontal></extensions>
</trkpt>
<trkpt lat="50.4402" lon="-104.527537">
<ele>556.6</ele>
<time>2026-08-28T19:28:14.183-06:00</time>
<extensions>
<gpxtpx:TrackPointExtension>
<gpxtpx:speed>2.94</gpxtpx:speed>
</gpxtpx:TrackPointExtension>
<opentracks:accuracy_horizontal>3.91</opentracks:accuracy_horizontal></extensions>
</trkpt>
<trkpt lat="50.440293" lon="-104.527493">
<ele>556.2</ele>
<time>2026-08-28T19:28:18.182-06:00</time>
<extensions>
<gpxtpx:TrackPointExtension>
<gpxtpx:speed>4.28</gpxtpx:speed>
</gpxtpx:TrackPointExtension>
<opentracks:accuracy_horizontal>3.909</opentracks:accuracy_horizontal></extensions>
</trkpt>
<trkpt lat="50.440416" lon="-104.527469">
<ele>556.6</ele>
<time>2026-08-28T19:28:21.19-06:00</time>
<extensions>
<gpxtpx:TrackPointExtension>
<gpxtpx:speed>5.09</gpxtpx:speed>
</gpxtpx:TrackPointExtension>
<opentracks:accuracy_horizontal>3.909</opentracks:accuracy_horizontal></extensions>
</trkpt>
<trkpt lat="50.440533" lon="-104.527458">
<ele>556.5</ele>
<time>2026-08-28T19:28:23.158-06:00</time>
<extensions>
<gpxtpx:TrackPointExtension>
<gpxtpx:speed>6.89</gpxtpx:speed>
</gpxtpx:TrackPointExtension>
<opentracks:accuracy_horizontal>3.964</opentracks:accuracy_horizontal></extensions>
</trkpt>
<trkpt lat="50.440681" lon="-104.527473">
<ele>557.1</ele>
<time>2026-08-28T19:28:25.177-06:00</time>
<extensions>
<gpxtpx:TrackPointExtension>
<gpxtpx:speed>7.23</gpxtpx:speed>
</gpxtpx:TrackPointExtension>
<opentracks:accuracy_horizontal>4.478</opentracks:accuracy_horizontal></extensions>
</trkpt>
<trkpt lat="50.44082" lon="-104.527471">
<ele>557.4</ele>
<time>2026-08-28T19:28:27.175-06:00</time>
<extensions>
<gpxtpx:TrackPointExtension>
<gpxtpx:speed>6.87</gpxtpx:speed>
</gpxtpx:TrackPointExtension>
<opentracks:accuracy_horizontal>4.544</opentracks:accuracy_horizontal></extensions>
</trkpt>
<trkpt lat="50.440948" lon="-104.52747">
<ele>557.5</ele>
<time>2026-08-28T19:28:29.182-06:00</time>
<extensions>
<gpxtpx:TrackPointExtension>
<gpxtpx:speed>7.17</gpxtpx:speed>
</gpxtpx:TrackPointExtension>
<opentracks:accuracy_horizontal>4.79</opentracks:accuracy_horizontal></extensions>
</trkpt>
<trkpt lat="50.441078" lon="-104.527469">
<ele>557.6</ele>
<time>2026-08-28T19:28:31.163-06:00</time>
<extensions>
<gpxtpx:TrackPointExtension>
<gpxtpx:speed>6.76</gpxtpx:speed>
</gpxtpx:TrackPointExtension>
<opentracks:accuracy_horizontal>4.58</opentracks:accuracy_horizontal></extensions>
</trkpt>
<trkpt lat="50.441199" lon="-104.527484">
<ele>557.5</ele>
<time>2026-08-28T19:28:33.184-06:00</time>
<extensions>
<gpxtpx:TrackPointExtension>
<gpxtpx:speed>7.06</gpxtpx:speed>
</gpxtpx:TrackPointExtension>
<opentracks:accuracy_horizontal>4.487</opentracks:accuracy_horizontal></extensions>
</trkpt>
<trkpt lat="50.441325" lon="-104.527479">
<ele>557.4</ele>
<time>2026-08-28T19:28:35.189-06:00</time>
<extensions>
<gpxtpx:TrackPointExtension>
<gpxtpx:speed>7.05</gpxtpx:speed>
</gpxtpx:TrackPointExtension>
<opentracks:accuracy_horizontal>4.419</opentracks:accuracy_horizontal></extensions>
</trkpt>
<trkpt lat="50.441472" lon="-104.527444">
<ele>555.6</ele>
<time>2026-08-28T19:28:37.186-06:00</time>
<extensions>
<gpxtpx:TrackPointExtension>
<gpxtpx:speed>6.84</gpxtpx:speed>
</gpxtpx:TrackPointExtension>
<opentracks:accuracy_horizontal>4.124</opentracks:accuracy_horizontal></extensions>
</trkpt>
<trkpt lat="50.441599" lon="-104.527458">
<ele>555.1</ele>
<time>2026-08-28T19:28:39.183-06:00</time>
<extensions>
<gpxtpx:TrackPointExtension>
<gpxtpx:speed>6.91</gpxtpx:speed>
</gpxtpx:TrackPointExtension>
<opentracks:accuracy_horizontal>3.908</opentracks:accuracy_horizontal></extensions>
</trkpt>
<trkpt lat="50.44173" lon="-104.527476">
<ele>555.3</ele>
<time>2026-08-28T19:28:41.185-06:00</time>
<extensions>
<gpxtpx:TrackPointExtension>
<gpxtpx:speed>7.06</gpxtpx:speed>
</gpxtpx:TrackPointExtension>
<opentracks:accuracy_horizontal>3.917</opentracks:accuracy_horizontal></extensions>
</trkpt>
<trkpt lat="50.441846" lon="-104.527487">
<ele>555.5</ele>
<time>2026-08-28T19:28:43.19-06:00</time>
<extensions>
<gpxtpx:TrackPointExtension>
<gpxtpx:speed>6.26</gpxtpx:speed>
</gpxtpx:TrackPointExtension>
<opentracks:accuracy_horizontal>3.931</opentracks:accuracy_horizontal></extensions>
</trkpt>
<trkpt lat="50.441959" lon="-104.527506">
<ele>556.2</ele>
<time>2026-08-28T19:28:45.185-06:00</time>
<extensions>
<gpxtpx:TrackPointExtension>
<gpxtpx:speed>6.47</gpxtpx:speed>
</gpxtpx:TrackPointExtension>
<opentracks:accuracy_horizontal>4.476</opentracks:accuracy_horizontal></extensions>
</trkpt>
<trkpt lat="50.442088" lon="-104.527513">
<ele>557.3</ele>
<time>2026-08-28T19:28:47.185-06:00</time>
<extensions>
<gpxtpx:TrackPointExtension>
<gpxtpx:speed>6.18</gpxtpx:speed>
</gpxtpx:TrackPointExtension>
<opentracks:accuracy_horizontal>4.476</opentracks:accuracy_horizontal></extensions>
</trkpt>
<trkpt lat="50.442215" lon="-104.527494">
<ele>557.3</ele>
<time>2026-08-28T19:28:49.194-06:00</time>
<extensions>
<gpxtpx:TrackPointExtension>
<gpxtpx:speed>5.95</gpxtpx:speed>
</gpxtpx:TrackPointExtension>
<opentracks:accuracy_horizontal>4.476</opentracks:accuracy_horizontal></extensions>
</trkpt>
<trkpt lat="50.442343" lon="-104.527466">
<ele>557</ele>
<time>2026-08-28T19:28:51.176-06:00</time>
<extensions>
<gpxtpx:TrackPointExtension>
<gpxtpx:speed>6.49</gpxtpx:speed>
</gpxtpx:TrackPointExtension>
<opentracks:accuracy_horizontal>3.907</opentracks:accuracy_horizontal></extensions>
</trkpt>
<trkpt lat="50.442456" lon="-104.527474">
<ele>556.1</ele>
<time>2026-08-28T19:28:53.183-06:00</time>
<extensions>
<gpxtpx:TrackPointExtension>
<gpxtpx:speed>6.04</gpxtpx:speed>
</gpxtpx:TrackPointExtension>
<opentracks:accuracy_horizontal>3.907</opentracks:accuracy_horizontal></extensions>
</trkpt>
<trkpt lat="50.44256" lon="-104.527474">
<ele>555.8</ele>
<time>2026-08-28T19:28:55.168-06:00</time>
<extensions>
<gpxtpx:TrackPointExtension>
<gpxtpx:speed>5.9</gpxtpx:speed>
</gpxtpx:TrackPointExtension>
<opentracks:accuracy_horizontal>3.907</opentracks:accuracy_horizontal></extensions>
</trkpt>
<trkpt lat="50.442659" lon="-104.52748">
<ele>556</ele>
<time>2026-08-28T19:28:57.192-06:00</time>
<extensions>
<gpxtpx:TrackPointExtension>
<gpxtpx:speed>5.53</gpxtpx:speed>
</gpxtpx:TrackPointExtension>
<opentracks:accuracy_horizontal>3.907</opentracks:accuracy_horizontal></extensions>
</trkpt>
<trkpt lat="50.442765" lon="-104.527474">
<ele>556</ele>
<time>2026-08-28T19:28:59.184-06:00</time>
<extensions>
<gpxtpx:TrackPointExtension>
<gpxtpx:speed>5.65</gpxtpx:speed>
</gpxtpx:TrackPointExtension>
<opentracks:accuracy_horizontal>3.912</opentracks:accuracy_horizontal></extensions>
</trkpt>
<trkpt lat="50.442868" lon="-104.527464">
<ele>555.9</ele>
<time>2026-08-28T19:29:01.173-06:00</time>
<extensions>
<gpxtpx:TrackPointExtension>
<gpxtpx:speed>5.29</gpxtpx:speed>
</gpxtpx:TrackPointExtension>
<opentracks:accuracy_horizontal>4.12</opentracks:accuracy_horizontal></extensions>
</trkpt>
<trkpt lat="50.442961" lon="-104.527465">
<ele>556.1</ele>
<time>2026-08-28T19:29:03.173-06:00</time>
<extensions>
<gpxtpx:TrackPointExtension>
<gpxtpx:speed>5.12</gpxtpx:speed>
</gpxtpx:TrackPointExtension>
<opentracks:accuracy_horizontal>3.906</opentracks:accuracy_horizontal></extensions>
</trkpt>
<trkpt lat="50.443057" lon="-104.527477">
<ele>556.1</ele>
<time>2026-08-28T19:29:05.174-06:00</time>
<extensions>
<gpxtpx:TrackPointExtension>
<gpxtpx:speed>5.17</gpxtpx:speed>
</gpxtpx:TrackPointExtension>
<opentracks:accuracy_horizontal>3.906</opentracks:accuracy_horizontal></extensions>
</trkpt>
<trkpt lat="50.44316" lon="-104.527486">
<ele>556.1</ele>
<time>2026-08-28T19:29:07.188-06:00</time>
<extensions>
<gpxtpx:TrackPointExtension>
<gpxtpx:speed>5.16</gpxtpx:speed>
</gpxtpx:TrackPointExtension>
<opentracks:accuracy_horizontal>3.906</opentracks:accuracy_horizontal></extensions>
</trkpt>
<trkpt lat="50.443258" lon="-104.527496">
<ele>556.3</ele>
<time>2026-08-28T19:29:09.184-06:00</time>
<extensions>
<gpxtpx:TrackPointExtension>
<gpxtpx:speed>5.08</gpxtpx:speed>
</gpxtpx:TrackPointExtension>
<opentracks:accuracy_horizontal>3.906</opentracks:accuracy_horizontal></extensions>
</trkpt>
<trkpt lat="50.443357" lon="-104.527503">
<ele>557</ele>
<time>2026-08-28T19:29:11.192-06:00</time>
<extensions>
<gpxtpx:TrackPointExtension>
<gpxtpx:speed>5.08</gpxtpx:speed>
</gpxtpx:TrackPointExtension>
<opentracks:accuracy_horizontal>3.906</opentracks:accuracy_horizontal></extensions>
</trkpt>
<trkpt lat="50.443457" lon="-104.527516">
<ele>556.7</ele>
<time>2026-08-28T19:29:13.192-06:00</time>
<extensions>
<gpxtpx:TrackPointExtension>
<gpxtpx:speed>5.22</gpxtpx:speed>
</gpxtpx:TrackPointExtension>
<opentracks:accuracy_horizontal>3.906</opentracks:accuracy_horizontal></extensions>
</trkpt>
<trkpt lat="50.443549" lon="-104.527578">
<ele>556.8</ele>
<time>2026-08-28T19:29:15.185-06:00</time>
<extensions>
<gpxtpx:TrackPointExtension>
<gpxtpx:speed>5.28</gpxtpx:speed>
</gpxtpx:TrackPointExtension>
<opentracks:accuracy_horizontal>3.905</opentracks:accuracy_horizontal></extensions>
</trkpt>
<trkpt lat="50.443614" lon="-104.527718">
<ele>555.7</ele>
<time>2026-08-28T19:29:17.192-06:00</time>
<extensions>
<gpxtpx:TrackPointExtension>
<gpxtpx:speed>5.55</gpxtpx:speed>
</gpxtpx:TrackPointExtension>
<opentracks:accuracy_horizontal>3.905</opentracks:accuracy_horizontal></extensions>
</trkpt>
<trkpt lat="50.443659" lon="-104.527881">
<ele>555.2</ele>
<time>2026-08-28T19:29:19.186-06:00</time>
<extensions>
<gpxtpx:TrackPointExtension>
<gpxtpx:speed>5.96</gpxtpx:speed>
</gpxtpx:TrackPointExtension>
<opentracks:accuracy_horizontal>3.905</opentracks:accuracy_horizontal></extensions>
</trkpt>
<trkpt lat="50.443676" lon="-104.52806">
<ele>555.4</ele>
<time>2026-08-28T19:29:21.189-06:00</time>
<extensions>
<gpxtpx:TrackPointExtension>
<gpxtpx:speed>6.19</gpxtpx:speed>
</gpxtpx:TrackPointExtension>
<opentracks:accuracy_horizontal>3.905</opentracks:accuracy_horizontal></extensions>
</trkpt>
<trkpt lat="50.443672" lon="-104.52822">
<ele>555.2</ele>
<time>2026-08-28T19:29:23.178-06:00</time>
<extensions>
<gpxtpx:TrackPointExtension>
<gpxtpx:speed>5.46</gpxtpx:speed>
</gpxtpx:TrackPointExtension>
<opentracks:accuracy_horizontal>3.905</opentracks:accuracy_horizontal></extensions>
</trkpt>
<trkpt lat="50.443666" lon="-104.528371">
<ele>555</ele>
<time>2026-08-28T19:29:25.173-06:00</time>
<extensions>
<gpxtpx:TrackPointExtension>
<gpxtpx:speed>5.44</gpxtpx:speed>
</gpxtpx:TrackPointExtension>
<opentracks:accuracy_horizontal>3.905</opentracks:accuracy_horizontal></extensions>
</trkpt>
<trkpt lat="50.443672" lon="-104.528532">
<ele>555</ele>
<time>2026-08-28T19:29:27.195-06:00</time>
<extensions>
<gpxtpx:TrackPointExtension>
<gpxtpx:speed>5.74</gpxtpx:speed>
</gpxtpx:TrackPointExtension>
<opentracks:accuracy_horizontal>3.905</opentracks:accuracy_horizontal></extensions>
</trkpt>
<trkpt lat="50.44368" lon="-104.528697">
<ele>555.1</ele>
<time>2026-08-28T19:29:29.182-06:00</time>
<extensions>
<gpxtpx:TrackPointExtension>
<gpxtpx:speed>5.81</gpxtpx:speed>
</gpxtpx:TrackPointExtension>
<opentracks:accuracy_horizontal>3.904</opentracks:accuracy_horizontal></extensions>
</trkpt>
<trkpt lat="50.443683" lon="-104.528857">
<ele>556.2</ele>
<time>2026-08-28T19:29:31.181-06:00</time>
<extensions>
<gpxtpx:TrackPointExtension>
<gpxtpx:speed>5.7</gpxtpx:speed>
</gpxtpx:TrackPointExtension>
<opentracks:accuracy_horizontal>3.904</opentracks:accuracy_horizontal></extensions>
</trkpt>
<trkpt lat="50.443682" lon="-104.529021">
<ele>556.3</ele>
<time>2026-08-28T19:29:33.163-06:00</time>
<extensions>
<gpxtpx:TrackPointExtension>
<gpxtpx:speed>5.64</gpxtpx:speed>
</gpxtpx:TrackPointExtension>
<opentracks:accuracy_horizontal>3.904</opentracks:accuracy_horizontal></extensions>
</trkpt>
<trkpt lat="50.443681" lon="-104.529179">
<ele>556.1</ele>
<time>2026-08-28T19:29:35.189-06:00</time>
<extensions>
<gpxtpx:TrackPointExtension>
<gpxtpx:speed>5.24</gpxtpx:speed>
</gpxtpx:TrackPointExtension>
<opentracks:accuracy_horizontal>3.904</opentracks:accuracy_horizontal></extensions>
</trkpt>
<trkpt lat="50.443682" lon="-104.529331">
<ele>555.8</ele>
<time>2026-08-28T19:29:37.169-06:00</time>
<extensions>
<gpxtpx:TrackPointExtension>
<gpxtpx:speed>5.45</gpxtpx:speed>
</gpxtpx:TrackPointExtension>
<opentracks:accuracy_horizontal>3.904</opentracks:accuracy_horizontal></extensions>
</trkpt>
<trkpt lat="50.443675" lon="-104.529491">
<ele>556.2</ele>
<time>2026-08-28T19:29:39.181-06:00</time>
<extensions>
<gpxtpx:TrackPointExtension>
<gpxtpx:speed>5.79</gpxtpx:speed>
</gpxtpx:TrackPointExtension>
<opentracks:accuracy_horizontal>3.959</opentracks:accuracy_horizontal></extensions>
</trkpt>
<trkpt lat="50.443668" lon="-104.529653">
<ele>556.5</ele>
<time>2026-08-28T19:29:41.161-06:00</time>
<extensions>
<gpxtpx:TrackPointExtension>
<gpxtpx:speed>5.15</gpxtpx:speed>
</gpxtpx:TrackPointExtension>
<opentracks:accuracy_horizontal>3.904</opentracks:accuracy_horizontal></extensions>
</trkpt>
<trkpt lat="50.443668" lon="-104.529799">
<ele>556.1</ele>
<time>2026-08-28T19:29:43.179-06:00</time>
<extensions>
<gpxtpx:TrackPointExtension>
<gpxtpx:speed>5.27</gpxtpx:speed>
</gpxtpx:TrackPointExtension>
<opentracks:accuracy_horizontal>3.904</opentracks:accuracy_horizontal></extensions>
</trkpt>
<trkpt lat="50.443668" lon="-104.529959">
<ele>556.1</ele>
<time>2026-08-28T19:29:45.187-06:00</time>
<extensions>
<gpxtpx:TrackPointExtension>
<gpxtpx:speed>5.55</gpxtpx:speed>
</gpxtpx:TrackPointExtension>
<opentracks:accuracy_horizontal>3.903</opentracks:accuracy_horizontal></extensions>
</trkpt>
<trkpt lat="50.443663" lon="-104.530122">
<ele>556.2</ele>
<time>2026-08-28T19:29:47.178-06:00</time>
<extensions>
<gpxtpx:TrackPointExtension>
<gpxtpx:speed>5.44</gpxtpx:speed>
</gpxtpx:TrackPointExtension>
<opentracks:accuracy_horizontal>3.903</opentracks:accuracy_horizontal></extensions>
</trkpt>
<trkpt lat="50.443662" lon="-104.530282">
<ele>556.2</ele>
<time>2026-08-28T19:29:49.188-06:00</time>
<extensions>
<gpxtpx:TrackPointExtension>
<gpxtpx:speed>5.33</gpxtpx:speed>
</gpxtpx:TrackPointExtension>
<opentracks:accuracy_horizontal>4.225</opentracks:accuracy_horizontal></extensions>
</trkpt>
<trkpt lat="50.443662" lon="-104.530446">
<ele>556.8</ele>
<time>2026-08-28T19:29:51.184-06:00</time>
<extensions>
<gpxtpx:TrackPointExtension>
<gpxtpx:speed>5.67</gpxtpx:speed>
</gpxtpx:TrackPointExtension>
<opentracks:accuracy_horizontal>3.903</opentracks:accuracy_horizontal></extensions>
</trkpt>
<trkpt lat="50.443662" lon="-104.530615">
<ele>557.3</ele>
<time>2026-08-28T19:29:53.186-06:00</time>
<extensions>
<gpxtpx:TrackPointExtension>
<gpxtpx:speed>5.89</gpxtpx:speed>
</gpxtpx:TrackPointExtension>
<opentracks:accuracy_horizontal>3.903</opentracks:accuracy_horizontal></extensions>
</trkpt>
<trkpt lat="50.44367" lon="-104.530783">
<ele>558</ele>
<time>2026-08-28T19:29:55.191-06:00</time>
<extensions>
<gpxtpx:TrackPointExtension>
<gpxtpx:speed>5.86</gpxtpx:speed>
</gpxtpx:TrackPointExtension>
<opentracks:accuracy_horizontal>4.224</opentracks:accuracy_horizontal></extensions>
</trkpt>
<trkpt lat="50.44368" lon="-104.530954">
<ele>558.5</ele>
<time>2026-08-28T19:29:57.182-06:00</time>
<extensions>
<gpxtpx:TrackPointExtension>
<gpxtpx:speed>5.7</gpxtpx:speed>
</gpxtpx:TrackPointExtension>
<opentracks:accuracy_horizontal>4.224</opentracks:accuracy_horizontal></extensions>
</trkpt>
<trkpt lat="50.443687" lon="-104.531124">
<ele>559</ele>
<time>2026-08-28T19:29:59.184-06:00</time>
<extensions>
<gpxtpx:TrackPointExtension>
<gpxtpx:speed>5.81</gpxtpx:speed>
</gpxtpx:TrackPointExtension>
<opentracks:accuracy_horizontal>4.224</opentracks:accuracy_horizontal></extensions>
</trkpt>
<trkpt lat="50.443686" lon="-104.531287">
<ele>559.3</ele>
<time>2026-08-28T19:30:01.183-06:00</time>
<extensions>
<gpxtpx:TrackPointExtension>
<gpxtpx:speed>5.46</gpxtpx:speed>
</gpxtpx:TrackPointExtension>
<opentracks:accuracy_horizontal>4.223</opentracks:accuracy_horizontal></extensions>
</trkpt>
<trkpt lat="50.44368" lon="-104.531429">
<ele>560.4</ele>
<time>2026-08-28T19:30:03.184-06:00</time>
<extensions>
<gpxtpx:TrackPointExtension>
<gpxtpx:speed>4.62</gpxtpx:speed>
</gpxtpx:TrackPointExtension>
<opentracks:accuracy_horizontal>4.5</opentracks:accuracy_horizontal></extensions>
</trkpt>
<trkpt lat="50.443666" lon="-104.531613">
<ele>561.5</ele>
<time>2026-08-28T19:30:06.183-06:00</time>
<extensions>
<gpxtpx:TrackPointExtension>
<gpxtpx:speed>4.41</gpxtpx:speed>
</gpxtpx:TrackPointExtension>
<opentracks:accuracy_horizontal>4.223</opentracks:accuracy_horizontal></extensions>
</trkpt>
<trkpt lat="50.443667" lon="-104.531829">
<ele>562.4</ele>
<time>2026-08-28T19:30:09.181-06:00</time>
<extensions>
<gpxtpx:TrackPointExtension>
<gpxtpx:speed>5.1</gpxtpx:speed>
</gpxtpx:TrackPointExtension>
<opentracks:accuracy_horizontal>3.902</opentracks:accuracy_horizontal></extensions>
</trkpt>
<trkpt lat="50.443673" lon="-104.53198">
<ele>561.9</ele>
<time>2026-08-28T19:30:11.186-06:00</time>
<extensions>
<gpxtpx:TrackPointExtension>
<gpxtpx:speed>4.94</gpxtpx:speed>
</gpxtpx:TrackPointExtension>
<opentracks:accuracy_horizontal>3.902</opentracks:accuracy_horizontal></extensions>
</trkpt>
<trkpt lat="50.443672" lon="-104.532162">
<ele>562.2</ele>
<time>2026-08-28T19:30:14.181-06:00</time>
<extensions>
<gpxtpx:TrackPointExtension>
<gpxtpx:speed>4.3</gpxtpx:speed>
</gpxtpx:TrackPointExtension>
<opentracks:accuracy_horizontal>3.901</opentracks:accuracy_horizontal></extensions>
</trkpt>
<trkpt lat="50.443671" lon="-104.532352">
<ele>561.9</ele>
<time>2026-08-28T19:30:17.178-06:00</time>
<extensions>
<gpxtpx:TrackPointExtension>
<gpxtpx:speed>3.46</gpxtpx:speed>
</gpxtpx:TrackPointExtension>
<opentracks:accuracy_horizontal>4.472</opentracks:accuracy_horizontal></extensions>
</trkpt>
<trkpt lat="50.443668" lon="-104.532525">
<ele>561.8</ele>
<time>2026-08-28T19:30:21.183-06:00</time>
<extensions>
<gpxtpx:TrackPointExtension>
<gpxtpx:speed>2.78</gpxtpx:speed>
</gpxtpx:TrackPointExtension>
<opentracks:accuracy_horizontal>3.901</opentracks:accuracy_horizontal></extensions>
</trkpt>
<trkpt lat="50.443688" lon="-104.532673">
<ele>562.8</ele>
<time>2026-08-28T19:30:25.184-06:00</time>
<extensions>
<gpxtpx:TrackPointExtension>
<gpxtpx:speed>2.41</gpxtpx:speed>
</gpxtpx:TrackPointExtension>
<opentracks:accuracy_horizontal>3.901</opentracks:accuracy_horizontal></extensions>
</trkpt>
<trkpt lat="50.443782" lon="-104.532666">
<ele>563</ele>
<time>2026-08-28T19:30:30.184-06:00</time>
<extensions>
<gpxtpx:TrackPointExtension>
<gpxtpx:speed>1.37</gpxtpx:speed>
</gpxtpx:TrackPointExtension>
<opentracks:accuracy_horizontal>3.9</opentracks:accuracy_horizontal></extensions>
</trkpt>
<trkpt lat="50.443887" lon="-104.532676">
<ele>562.7</ele>
<time>2026-08-28T19:30:36.181-06:00</time>
<extensions>
<gpxtpx:TrackPointExtension>
<gpxtpx:speed>2.56</gpxtpx:speed>
</gpxtpx:TrackPointExtension>
<opentracks:accuracy_horizontal>4.053</opentracks:accuracy_horizontal></extensions>
</trkpt>
<trkpt lat="50.443983" lon="-104.532664">
<ele>564.8</ele>
<time>2026-08-28T19:30:40.178-06:00</time>
<extensions>
<gpxtpx:TrackPointExtension>
<gpxtpx:speed>2.92</gpxtpx:speed>
</gpxtpx:TrackPointExtension>
<opentracks:accuracy_horizontal>4.259</opentracks:accuracy_horizontal></extensions>
</trkpt>
<trkpt lat="50.444091" lon="-104.532637">
<ele>562.7</ele>
<time>2026-08-28T19:30:44.171-06:00</time>
<extensions>
<gpxtpx:TrackPointExtension>
<gpxtpx:speed>2.28</gpxtpx:speed>
</gpxtpx:TrackPointExtension>
<opentracks:accuracy_horizontal>4.061</opentracks:accuracy_horizontal></extensions>
</trkpt>
<trkpt lat="50.444202" lon="-104.532627">
<ele>561.5</ele>
<time>2026-08-28T19:30:48.185-06:00</time>
<extensions>
<gpxtpx:TrackPointExtension>
<gpxtpx:speed>2.58</gpxtpx:speed>
</gpxtpx:TrackPointExtension>
<opentracks:accuracy_horizontal>4.217</opentracks:accuracy_horizontal></extensions>
</trkpt>
<trkpt lat="50.444293" lon="-104.53262">
<ele>560.4</ele>
<time>2026-08-28T19:30:52.179-06:00</time>
<extensions>
<gpxtpx:TrackPointExtension>
<gpxtpx:speed>2.57</gpxtpx:speed>
</gpxtpx:TrackPointExtension>
<opentracks:accuracy_horizontal>4.217</opentracks:accuracy_horizontal></extensions>
</trkpt>
<trkpt lat="50.444384" lon="-104.532648">
<ele>559.7</ele>
<time>2026-08-28T19:30:56.194-06:00</time>
<extensions>
<gpxtpx:TrackPointExtension>
<gpxtpx:speed>2.28</gpxtpx:speed>
</gpxtpx:TrackPointExtension>
<opentracks:accuracy_horizontal>3.898</opentracks:accuracy_horizontal></extensions>
</trkpt>
<trkpt lat="50.444484" lon="-104.532663">
<ele>559.1</ele>
<time>2026-08-28T19:31:01.202-06:00</time>
<extensions>
<gpxtpx:TrackPointExtension>
<gpxtpx:speed>1.95</gpxtpx:speed>
</gpxtpx:TrackPointExtension>
<opentracks:accuracy_horizontal>3.898</opentracks:accuracy_horizontal></extensions>
</trkpt>
<trkpt lat="50.444586" lon="-104.532673">
<ele>559.3</ele>
<time>2026-08-28T19:31:07.179-06:00</time>
<extensions>
<gpxtpx:TrackPointExtension>
<gpxtpx:speed>1.62</gpxtpx:speed>
</gpxtpx:TrackPointExtension>
<opentracks:accuracy_horizontal>3.924</opentracks:accuracy_horizontal></extensions>
</trkpt>
<trkpt lat="50.444685" lon="-104.532672">
<ele>559.2</ele>
<time>2026-08-28T19:31:15.186-06:00</time>
<extensions>
<gpxtpx:TrackPointExtension>
<gpxtpx:speed>1.31</gpxtpx:speed>
</gpxtpx:TrackPointExtension>
<opentracks:accuracy_horizontal>3.989</opentracks:accuracy_horizontal></extensions>
</trkpt>
<trkpt lat="50.444778" lon="-104.53267">
<ele>560.5</ele>
<time>2026-08-28T19:31:20.176-06:00</time>
<extensions>
<gpxtpx:TrackPointExtension>
<gpxtpx:speed>2.45</gpxtpx:speed>
</gpxtpx:TrackPointExtension>
<opentracks:accuracy_horizontal>4.045</opentracks:accuracy_horizontal></extensions>
</trkpt>
<trkpt lat="50.444874" lon="-104.532685">
<ele>560.7</ele>
<time>2026-08-28T19:31:23.174-06:00</time>
<extensions>
<gpxtpx:TrackPointExtension>
<gpxtpx:speed>2.33</gpxtpx:speed>
</gpxtpx:TrackPointExtension>
<opentracks:accuracy_horizontal>4.459</opentracks:accuracy_horizontal></extensions>
</trkpt>
<trkpt lat="50.444981" lon="-104.53268">
<ele>561.1</ele>
<time>2026-08-28T19:31:29.183-06:00</time>
<extensions>
<gpxtpx:TrackPointExtension>
<gpxtpx:speed>2.39</gpxtpx:speed>
</gpxtpx:TrackPointExtension>
<opentracks:accuracy_horizontal>4.271</opentracks:accuracy_horizontal></extensions>
</trkpt>
<trkpt lat="50.445101" lon="-104.532693">
<ele>561.6</ele>
<time>2026-08-28T19:31:34.188-06:00</time>
<extensions>
<gpxtpx:TrackPointExtension>
<gpxtpx:speed>2.11</gpxtpx:speed>
</gpxtpx:TrackPointExtension>
<opentracks:accuracy_horizontal>5.596</opentracks:accuracy_horizontal></extensions>
</trkpt>
<trkpt lat="50.4452" lon="-104.5327">
<ele>560.3</ele>
<time>2026-08-28T19:31:38.18-06:00</time>
<extensions>
<gpxtpx:TrackPointExtension>
<gpxtpx:speed>2.33</gpxtpx:speed>
</gpxtpx:TrackPointExtension>
<opentracks:accuracy_horizontal>4.939</opentracks:accuracy_horizontal></extensions>
</trkpt>
<trkpt lat="50.445297" lon="-104.532649">
<ele>560.1</ele>
<time>2026-08-28T19:31:41.194-06:00</time>
<extensions>
<gpxtpx:TrackPointExtension>
<gpxtpx:speed>2.33</gpxtpx:speed>
</gpxtpx:TrackPointExtension>
<opentracks:accuracy_horizontal>4.612</opentracks:accuracy_horizontal></extensions>
</trkpt>
<trkpt lat="50.445409" lon="-104.532653">
<ele>561.2</ele>
<time>2026-08-28T19:31:45.18-06:00</time>
<extensions>
<gpxtpx:TrackPointExtension>
<gpxtpx:speed>2.97</gpxtpx:speed>
</gpxtpx:TrackPointExtension>
<opentracks:accuracy_horizontal>4.016</opentracks:accuracy_horizontal></extensions>
</trkpt>
<trkpt lat="50.445513" lon="-104.532674">
<ele>560.8</ele>
<time>2026-08-28T19:31:49.193-06:00</time>
<extensions>
<gpxtpx:TrackPointExtension>
<gpxtpx:speed>3.04</gpxtpx:speed>
</gpxtpx:TrackPointExtension>
<opentracks:accuracy_horizontal>3.503</opentracks:accuracy_horizontal></extensions>
</trkpt>
<trkpt lat="50.44561" lon="-104.532669">
<ele>561.4</ele>
<time>2026-08-28T19:31:52.178-06:00</time>
<extensions>
<gpxtpx:TrackPointExtension>
<gpxtpx:speed>2.88</gpxtpx:speed>
</gpxtpx:TrackPointExtension>
<opentracks:accuracy_horizontal>3.196</opentracks:accuracy_horizontal></extensions>
</trkpt>
<trkpt lat="50.4457" lon="-104.532673">
<ele>560.5</ele>
<time>2026-08-28T19:31:55.169-06:00</time>
<extensions>
<gpxtpx:TrackPointExtension>
<gpxtpx:speed>2.94</gpxtpx:speed>
</gpxtpx:TrackPointExtension>
<opentracks:accuracy_horizontal>3.268</opentracks:accuracy_horizontal></extensions>
</trkpt>
<trkpt lat="50.445811" lon="-104.53267">
<ele>559.6</ele>
<time>2026-08-28T19:31:59.189-06:00</time>
<extensions>
<gpxtpx:TrackPointExtension>
<gpxtpx:speed>2.66</gpxtpx:speed>
</gpxtpx:TrackPointExtension>
<opentracks:accuracy_horizontal>3.109</opentracks:accuracy_horizontal></extensions>
</trkpt>
<trkpt lat="50.445928" lon="-104.532673">
<ele>559.3</ele>
<time>2026-08-28T19:32:03.185-06:00</time>
<extensions>
<gpxtpx:TrackPointExtension>
<gpxtpx:speed>3.19</gpxtpx:speed>
</gpxtpx:TrackPointExtension>
<opentracks:accuracy_horizontal>3.032</opentracks:accuracy_horizontal></extensions>
</trkpt>
<trkpt lat="50.446027" lon="-104.532669">
<ele>559</ele>
<time>2026-08-28T19:32:06.182-06:00</time>
<extensions>
<gpxtpx:TrackPointExtension>
<gpxtpx:speed>3.47</gpxtpx:speed>
</gpxtpx:TrackPointExtension>
<opentracks:accuracy_horizontal>2.904</opentracks:accuracy_horizontal></extensions>
</trkpt>
<trkpt lat="50.446145" lon="-104.532663">
<ele>560</ele>
<time>2026-08-28T19:32:09.191-06:00</time>
<extensions>
<gpxtpx:TrackPointExtension>
<gpxtpx:speed>5.04</gpxtpx:speed>
</gpxtpx:TrackPointExtension>
<opentracks:accuracy_horizontal>3.059</opentracks:accuracy_horizontal></extensions>
</trkpt>
<trkpt lat="50.446249" lon="-104.532676">
<ele>560.8</ele>
<time>2026-08-28T19:32:11.196-06:00</time>
<extensions>
<gpxtpx:TrackPointExtension>
<gpxtpx:speed>5.55</gpxtpx:speed>
</gpxtpx:TrackPointExtension>
<opentracks:accuracy_horizontal>3.166</opentracks:accuracy_horizontal></extensions>
</trkpt>
<trkpt lat="50.446365" lon="-104.532667">
<ele>560.4</ele>
<time>2026-08-28T19:32:13.191-06:00</time>
<extensions>
<gpxtpx:TrackPointExtension>
<gpxtpx:speed>6.31</gpxtpx:speed>
</gpxtpx:TrackPointExtension>
<opentracks:accuracy_horizontal>3.126</opentracks:accuracy_horizontal></extensions>
</trkpt>
<trkpt lat="50.446504" lon="-104.532652">
<ele>559.7</ele>
<time>2026-08-28T19:32:15.181-06:00</time>
<extensions>
<gpxtpx:TrackPointExtension>
<gpxtpx:speed>6.77</gpxtpx:speed>
</gpxtpx:TrackPointExtension>
<opentracks:accuracy_horizontal>3.892</opentracks:accuracy_horizontal></extensions>
</trkpt>
<trkpt lat="50.446648" lon="-104.532652">
<ele>559.2</ele>
<time>2026-08-28T19:32:17.197-06:00</time>
<extensions>
<gpxtpx:TrackPointExtension>
<gpxtpx:speed>7.02</gpxtpx:speed>
</gpxtpx:TrackPointExtension>
<opentracks:accuracy_horizontal>3.892</opentracks:accuracy_horizontal></extensions>
</trkpt>
<trkpt lat="50.446782" lon="-104.532663">
<ele>558.5</ele>
<time>2026-08-28T19:32:19.197-06:00</time>
<extensions>
<gpxtpx:TrackPointExtension>
<gpxtpx:speed>6.48</gpxtpx:speed>
</gpxtpx:TrackPointExtension>
<opentracks:accuracy_horizontal>3.892</opentracks:accuracy_horizontal></extensions>
</trkpt>
<trkpt lat="50.446899" lon="-104.53267">
<ele>558.3</ele>
<time>2026-08-28T19:32:21.194-06:00</time>
<extensions>
<gpxtpx:TrackPointExtension>
<gpxtpx:speed>6.37</gpxtpx:speed>
</gpxtpx:TrackPointExtension>
<opentracks:accuracy_horizontal>3.892</opentracks:accuracy_horizontal></extensions>
</trkpt>
<trkpt lat="50.447018" lon="-104.532674">
<ele>558.6</ele>
<time>2026-08-28T19:32:23.181-06:00</time>
<extensions>
<gpxtpx:TrackPointExtension>
<gpxtpx:speed>6.89</gpxtpx:speed>
</gpxtpx:TrackPointExtension>
<opentracks:accuracy_horizontal>4.081</opentracks:accuracy_horizontal></extensions>
</trkpt>
<trkpt lat="50.447143" lon="-104.532715">
<ele>558.6</ele>
<time>2026-08-28T19:32:25.184-06:00</time>
<extensions>
<gpxtpx:TrackPointExtension>
<gpxtpx:speed>6.58</gpxtpx:speed>
</gpxtpx:TrackPointExtension>
<opentracks:accuracy_horizontal>3.919</opentracks:accuracy_horizontal></extensions>
</trkpt>
<trkpt lat="50.44726" lon="-104.532732">
<ele>558.2</ele>
<time>2026-08-28T19:32:27.19-06:00</time>
<extensions>
<gpxtpx:TrackPointExtension>
<gpxtpx:speed>6.63</gpxtpx:speed>
</gpxtpx:TrackPointExtension>
<opentracks:accuracy_horizontal>3.891</opentracks:accuracy_horizontal></extensions>
</trkpt>
<trkpt lat="50.447391" lon="-104.532716">
<ele>557.7</ele>
<time>2026-08-28T19:32:29.197-06:00</time>
<extensions>
<gpxtpx:TrackPointExtension>
<gpxtpx:speed>7.1</gpxtpx:speed>
</gpxtpx:TrackPointExtension>
<opentracks:accuracy_horizontal>4.08</opentracks:accuracy_horizontal></extensions>
</trkpt>
<trkpt lat="50.447528" lon="-104.532741">
<ele>557.8</ele>
<time>2026-08-28T19:32:31.182-06:00</time>
<extensions>
<gpxtpx:TrackPointExtension>
<gpxtpx:speed>7.46</gpxtpx:speed>
</gpxtpx:TrackPointExtension>
<opentracks:accuracy_horizontal>3.891</opentracks:accuracy_horizontal></extensions>
</trkpt>
<trkpt lat="50.447669" lon="-104.53276">
<ele>557.8</ele>
<time>2026-08-28T19:32:33.194-06:00</time>
<extensions>
<gpxtpx:TrackPointExtension>
<gpxtpx:speed>7.15</gpxtpx:speed>
</gpxtpx:TrackPointExtension>
<opentracks:accuracy_horizontal>3.891</opentracks:accuracy_horizontal></extensions>
</trkpt>
<trkpt lat="50.447813" lon="-104.532731">
<ele>557.7</ele>
<time>2026-08-28T19:32:35.194-06:00</time>
<extensions>
<gpxtpx:TrackPointExtension>
<gpxtpx:speed>8.01</gpxtpx:speed>
</gpxtpx:TrackPointExtension>
<opentracks:accuracy_horizontal>3.891</opentracks:accuracy_horizontal></extensions>
</trkpt>
<trkpt lat="50.447948" lon="-104.532732">
<ele>557.6</ele>
<time>2026-08-28T19:32:37.185-06:00</time>
<extensions>
<gpxtpx:TrackPointExtension>
<gpxtpx:speed>7.47</gpxtpx:speed>
</gpxtpx:TrackPointExtension>
<opentracks:accuracy_horizontal>3.891</opentracks:accuracy_horizontal></extensions>
</trkpt>
<trkpt lat="50.448084" lon="-104.532743">
<ele>558</ele>
<time>2026-08-28T19:32:39.193-06:00</time>
<extensions>
<gpxtpx:TrackPointExtension>
<gpxtpx:speed>7.75</gpxtpx:speed>
</gpxtpx:TrackPointExtension>
<opentracks:accuracy_horizontal>3.943</opentracks:accuracy_horizontal></extensions>
</trkpt>
<trkpt lat="50.448221" lon="-104.532739">
<ele>558.9</ele>
<time>2026-08-28T19:32:41.184-06:00</time>
<extensions>
<gpxtpx:TrackPointExtension>
<gpxtpx:speed>6.75</gpxtpx:speed>
</gpxtpx:TrackPointExtension>
<opentracks:accuracy_horizontal>3.89</opentracks:accuracy_horizontal></extensions>
</trkpt>
<trkpt lat="50.448343" lon="-104.532733">
<ele>558.4</ele>
<time>2026-08-28T19:32:43.186-06:00</time>
<extensions>
<gpxtpx:TrackPointExtension>
<gpxtpx:speed>6.45</gpxtpx:speed>
</gpxtpx:TrackPointExtension>
<opentracks:accuracy_horizontal>3.89</opentracks:accuracy_horizontal></extensions>
</trkpt>
<trkpt lat="50.448464" lon="-104.532712">
<ele>557.7</ele>
<time>2026-08-28T19:32:45.183-06:00</time>
<extensions>
<gpxtpx:TrackPointExtension>
<gpxtpx:speed>6.36</gpxtpx:speed>
</gpxtpx:TrackPointExtension>
<opentracks:accuracy_horizontal>3.89</opentracks:accuracy_horizontal></extensions>
</trkpt>
<trkpt lat="50.448577" lon="-104.532717">
<ele>558.7</ele>
<time>2026-08-28T19:32:47.182-06:00</time>
<extensions>
<gpxtpx:TrackPointExtension>
<gpxtpx:speed>5.67</gpxtpx:speed>
</gpxtpx:TrackPointExtension>
<opentracks:accuracy_horizontal>3.89</opentracks:accuracy_horizontal></extensions>
</trkpt>
<trkpt lat="50.448675" lon="-104.53274">
<ele>558.9</ele>
<time>2026-08-28T19:32:49.199-06:00</time>
<extensions>
<gpxtpx:TrackPointExtension>
<gpxtpx:speed>5.36</gpxtpx:speed>
</gpxtpx:TrackPointExtension>
<opentracks:accuracy_horizontal>3.89</opentracks:accuracy_horizontal></extensions>
</trkpt>
<trkpt lat="50.44878" lon="-104.532718">
<ele>558.6</ele>
<time>2026-08-28T19:32:51.196-06:00</time>
<extensions>
<gpxtpx:TrackPointExtension>
<gpxtpx:speed>5.27</gpxtpx:speed>
</gpxtpx:TrackPointExtension>
<opentracks:accuracy_horizontal>3.89</opentracks:accuracy_horizontal></extensions>
</trkpt>
<trkpt lat="50.448871" lon="-104.532695">
<ele>557.9</ele>
<time>2026-08-28T19:32:53.179-06:00</time>
<extensions>
<gpxtpx:TrackPointExtension>
<gpxtpx:speed>4.98</gpxtpx:speed>
</gpxtpx:TrackPointExtension>
<opentracks:accuracy_horizontal>3.889</opentracks:accuracy_horizontal></extensions>
</trkpt>
<trkpt lat="50.448961" lon="-104.532685">
<ele>557.5</ele>
<time>2026-08-28T19:32:55.201-06:00</time>
<extensions>
<gpxtpx:TrackPointExtension>
<gpxtpx:speed>4.79</gpxtpx:speed>
</gpxtpx:TrackPointExtension>
<opentracks:accuracy_horizontal>3.889</opentracks:accuracy_horizontal></extensions>
</trkpt>
<trkpt lat="50.449084" lon="-104.532698">
<ele>557</ele>
<time>2026-08-28T19:32:58.181-06:00</time>
<extensions>
<gpxtpx:TrackPointExtension>
<gpxtpx:speed>4.21</gpxtpx:speed>
</gpxtpx:TrackPointExtension>
<opentracks:accuracy_horizontal>3.889</opentracks:accuracy_horizontal></extensions>
</trkpt>
<trkpt lat="50.449196" lon="-104.532697">
<ele>556.8</ele>
<time>2026-08-28T19:33:01.19-06:00</time>
<extensions>
<gpxtpx:TrackPointExtension>
<gpxtpx:speed>3.99</gpxtpx:speed>
</gpxtpx:TrackPointExtension>
<opentracks:accuracy_horizontal>3.889</opentracks:accuracy_horizontal></extensions>
</trkpt>
<trkpt lat="50.449305" lon="-104.5327">
<ele>556.6</ele>
<time>2026-08-28T19:33:04.177-06:00</time>
<extensions>
<gpxtpx:TrackPointExtension>
<gpxtpx:speed>3.98</gpxtpx:speed>
</gpxtpx:TrackPointExtension>
<opentracks:accuracy_horizontal>3.888</opentracks:accuracy_horizontal></extensions>
</trkpt>
<trkpt lat="50.449414" lon="-104.532703">
<ele>556.9</ele>
<time>2026-08-28T19:33:07.174-06:00</time>
<extensions>
<gpxtpx:TrackPointExtension>
<gpxtpx:speed>4.2</gpxtpx:speed>
</gpxtpx:TrackPointExtension>
<opentracks:accuracy_horizontal>3.888</opentracks:accuracy_horizontal></extensions>
</trkpt>
<trkpt lat="50.449538" lon="-104.532705">
<ele>557</ele>
<time>2026-08-28T19:33:10.189-06:00</time>
<extensions>
<gpxtpx:TrackPointExtension>
<gpxtpx:speed>4.44</gpxtpx:speed>
</gpxtpx:TrackPointExtension>
<opentracks:accuracy_horizontal>3.888</opentracks:accuracy_horizontal></extensions>
</trkpt>
<trkpt lat="50.449665" lon="-104.532711">
<ele>557.8</ele>
<time>2026-08-28T19:33:13.186-06:00</time>
<extensions>
<gpxtpx:TrackPointExtension>
<gpxtpx:speed>4.81</gpxtpx:speed>
</gpxtpx:TrackPointExtension>
<opentracks:accuracy_horizontal>3.888</opentracks:accuracy_horizontal></extensions>
</trkpt>
<trkpt lat="50.449756" lon="-104.532708">
<ele>557.4</ele>
<time>2026-08-28T19:33:15.181-06:00</time>
<extensions>
<gpxtpx:TrackPointExtension>
<gpxtpx:speed>4.97</gpxtpx:speed>
</gpxtpx:TrackPointExtension>
<opentracks:accuracy_horizontal>3.888</opentracks:accuracy_horizontal></extensions>
</trkpt>
<trkpt lat="50.449848" lon="-104.532702">
<ele>557.5</ele>
<time>2026-08-28T19:33:17.174-06:00</time>
<extensions>
<gpxtpx:TrackPointExtension>
<gpxtpx:speed>4.48</gpxtpx:speed>
</gpxtpx:TrackPointExtension>
<opentracks:accuracy_horizontal>3.887</opentracks:accuracy_horizontal></extensions>
</trkpt>
<trkpt lat="50.449974" lon="-104.532721">
<ele>558.5</ele>
<time>2026-08-28T19:33:20.205-06:00</time>
<extensions>
<gpxtpx:TrackPointExtension>
<gpxtpx:speed>4.83</gpxtpx:speed>
</gpxtpx:TrackPointExtension>
<opentracks:accuracy_horizontal>3.887</opentracks:accuracy_horizontal></extensions>
</trkpt>
<trkpt lat="50.4501" lon="-104.532708">
<ele>559</ele>
<time>2026-08-28T19:33:23.197-06:00</time>
<extensions>
<gpxtpx:TrackPointExtension>
<gpxtpx:speed>4.31</gpxtpx:speed>
</gpxtpx:TrackPointExtension>
<opentracks:accuracy_horizontal>3.887</opentracks:accuracy_horizontal></extensions>
</trkpt>
<trkpt lat="50.450226" lon="-104.532694">
<ele>558.8</ele>
<time>2026-08-28T19:33:26.198-06:00</time>
<extensions>
<gpxtpx:TrackPointExtension>
<gpxtpx:speed>4.67</gpxtpx:speed>
</gpxtpx:TrackPointExtension>
<opentracks:accuracy_horizontal>3.887</opentracks:accuracy_horizontal></extensions>
</trkpt>
<trkpt lat="50.450351" lon="-104.532676">
<ele>558.2</ele>
<time>2026-08-28T19:33:29.182-06:00</time>
<extensions>
<gpxtpx:TrackPointExtension>
<gpxtpx:speed>4.47</gpxtpx:speed>
</gpxtpx:TrackPointExtension>
<opentracks:accuracy_horizontal>3.886</opentracks:accuracy_horizontal></extensions>
</trkpt>
<trkpt lat="50.45048" lon="-104.532694">
<ele>557.9</ele>
<time>2026-08-28T19:33:32.194-06:00</time>
<extensions>
<gpxtpx:TrackPointExtension>
<gpxtpx:speed>4.69</gpxtpx:speed>
</gpxtpx:TrackPointExtension>
<opentracks:accuracy_horizontal>3.886</opentracks:accuracy_horizontal></extensions>
</trkpt>
<trkpt lat="50.450599" lon="-104.532659">
<ele>558.3</ele>
<time>2026-08-28T19:33:35.192-06:00</time>
<extensions>
<gpxtpx:TrackPointExtension>
<gpxtpx:speed>4.44</gpxtpx:speed>
</gpxtpx:TrackPointExtension>
<opentracks:accuracy_horizontal>3.886</opentracks:accuracy_horizontal></extensions>
</trkpt>
<trkpt lat="50.450721" lon="-104.532627">
<ele>558.4</ele>
<time>2026-08-28T19:33:38.184-06:00</time>
<extensions>
<gpxtpx:TrackPointExtension>
<gpxtpx:speed>4.36</gpxtpx:speed>
</gpxtpx:TrackPointExtension>
<opentracks:accuracy_horizontal>3.886</opentracks:accuracy_horizontal></extensions>
</trkpt>
<trkpt lat="50.45083" lon="-104.532611">
<ele>560.1</ele>
<time>2026-08-28T19:33:41.182-06:00</time>
<extensions>
<gpxtpx:TrackPointExtension>
<gpxtpx:speed>3.67</gpxtpx:speed>
</gpxtpx:TrackPointExtension>
<opentracks:accuracy_horizontal>3.886</opentracks:accuracy_horizontal></extensions>
</trkpt>
<trkpt lat="50.450926" lon="-104.532571">
<ele>559.4</ele>
<time>2026-08-28T19:33:44.208-06:00</time>
<extensions>
<gpxtpx:TrackPointExtension>
<gpxtpx:speed>3.98</gpxtpx:speed>
</gpxtpx:TrackPointExtension>
<opentracks:accuracy_horizontal>4.065</opentracks:accuracy_horizontal></extensions>
</trkpt>
<trkpt lat="50.451026" lon="-104.53252">
<ele>557.8</ele>
<time>2026-08-28T19:33:47.19-06:00</time>
<extensions>
<gpxtpx:TrackPointExtension>
<gpxtpx:speed>3.83</gpxtpx:speed>
</gpxtpx:TrackPointExtension>
<opentracks:accuracy_horizontal>3.885</opentracks:accuracy_horizontal></extensions>
</trkpt>
<trkpt lat="50.451128" lon="-104.532485">
<ele>557.8</ele>
<time>2026-08-28T19:33:50.202-06:00</time>
<extensions>
<gpxtpx:TrackPointExtension>
<gpxtpx:speed>3.22</gpxtpx:speed>
</gpxtpx:TrackPointExtension>
<opentracks:accuracy_horizontal>3.885</opentracks:accuracy_horizontal></extensions>
</trkpt>
<trkpt lat="50.451226" lon="-104.532462">
<ele>557.9</ele>
<time>2026-08-28T19:33:58.19-06:00</time>
<extensions>
<gpxtpx:TrackPointExtension>
<gpxtpx:speed>2.4</gpxtpx:speed>
</gpxtpx:TrackPointExtension>
<opentracks:accuracy_horizontal>3.884</opentracks:accuracy_horizontal></extensions>
</trkpt>
<trkpt lat="50.451306" lon="-104.532381">
<ele>556.9</ele>
<time>2026-08-28T19:34:03.185-06:00</time>
<extensions>
<gpxtpx:TrackPointExtension>
<gpxtpx:speed>1.71</gpxtpx:speed>
</gpxtpx:TrackPointExtension>
<opentracks:accuracy_horizontal>3.884</opentracks:accuracy_horizontal></extensions>
</trkpt>
<trkpt lat="50.451396" lon="-104.532366">
<ele>557.3</ele>
<time>2026-08-28T19:34:11.178-06:00</time>
<extensions>
<gpxtpx:TrackPointExtension>
<gpxtpx:speed>2.34</gpxtpx:speed>
</gpxtpx:TrackPointExtension>
<opentracks:accuracy_horizontal>3.883</opentracks:accuracy_horizontal></extensions>
</trkpt>
<trkpt lat="50.451451" lon="-104.53255">
<ele>557.2</ele>
<time>2026-08-28T19:34:14.199-06:00</time>
<extensions>
<gpxtpx:TrackPointExtension>
<gpxtpx:speed>5.16</gpxtpx:speed>
</gpxtpx:TrackPointExtension>
<opentracks:accuracy_horizontal>3.883</opentracks:accuracy_horizontal></extensions>
</trkpt>
<trkpt lat="50.451478" lon="-104.532727">
<ele>556.9</ele>
<time>2026-08-28T19:34:16.201-06:00</time>
<extensions>
<gpxtpx:TrackPointExtension>
<gpxtpx:speed>5.94</gpxtpx:speed>
</gpxtpx:TrackPointExtension>
<opentracks:accuracy_horizontal>3.883</opentracks:accuracy_horizontal></extensions>
</trkpt>
<trkpt lat="50.451546" lon="-104.53287">
<ele>557</ele>
<time>2026-08-28T19:34:18.194-06:00</time>
<extensions>
<gpxtpx:TrackPointExtension>
<gpxtpx:speed>5.81</gpxtpx:speed>
</gpxtpx:TrackPointExtension>
<opentracks:accuracy_horizontal>4.058</opentracks:accuracy_horizontal></extensions>
</trkpt>
<trkpt lat="50.45165" lon="-104.532938">
<ele>557.6</ele>
<time>2026-08-28T19:34:20.176-06:00</time>
<extensions>
<gpxtpx:TrackPointExtension>
<gpxtpx:speed>5.59</gpxtpx:speed>
</gpxtpx:TrackPointExtension>
<opentracks:accuracy_horizontal>4.192</opentracks:accuracy_horizontal></extensions>
</trkpt>
<trkpt lat="50.451755" lon="-104.532967">
<ele>557.7</ele>
<time>2026-08-28T19:34:22.183-06:00</time>
<extensions>
<gpxtpx:TrackPointExtension>
<gpxtpx:speed>5.7</gpxtpx:speed>
</gpxtpx:TrackPointExtension>
<opentracks:accuracy_horizontal>4.191</opentracks:accuracy_horizontal></extensions>
</trkpt>
<trkpt lat="50.451872" lon="-104.532939">
<ele>557.6</ele>
<time>2026-08-28T19:34:24.19-06:00</time>
<extensions>
<gpxtpx:TrackPointExtension>
<gpxtpx:speed>6.34</gpxtpx:speed>
</gpxtpx:TrackPointExtension>
<opentracks:accuracy_horizontal>3.882</opentracks:accuracy_horizontal></extensions>
</trkpt>
<trkpt lat="50.451998" lon="-104.532869">
<ele>557.2</ele>
<time>2026-08-28T19:34:26.182-06:00</time>
<extensions>
<gpxtpx:TrackPointExtension>
<gpxtpx:speed>7.33</gpxtpx:speed>
</gpxtpx:TrackPointExtension>
<opentracks:accuracy_horizontal>3.882</opentracks:accuracy_horizontal></extensions>
</trkpt>
<trkpt lat="50.452123" lon="-104.532774">
<ele>556.9</ele>
<time>2026-08-28T19:34:28.173-06:00</time>
<extensions>
<gpxtpx:TrackPointExtension>
<gpxtpx:speed>6.7</gpxtpx:speed>
</gpxtpx:TrackPointExtension>
<opentracks:accuracy_horizontal>3.882</opentracks:accuracy_horizontal></extensions>
</trkpt>
<trkpt lat="50.452236" lon="-104.532709">
<ele>556.9</ele>
<time>2026-08-28T19:34:30.185-06:00</time>
<extensions>
<gpxtpx:TrackPointExtension>
<gpxtpx:speed>6.81</gpxtpx:speed>
</gpxtpx:TrackPointExtension>
<opentracks:accuracy_horizontal>3.881</opentracks:accuracy_horizontal></extensions>
</trkpt>
<trkpt lat="50.452364" lon="-104.532685">
<ele>557.2</ele>
<time>2026-08-28T19:34:32.186-06:00</time>
<extensions>
<gpxtpx:TrackPointExtension>
<gpxtpx:speed>7.01</gpxtpx:speed>
</gpxtpx:TrackPointExtension>
<opentracks:accuracy_horizontal>3.881</opentracks:accuracy_horizontal></extensions>
</trkpt>
<trkpt lat="50.452484" lon="-104.532723">
<ele>556.3</ele>
<time>2026-08-28T19:34:34.199-06:00</time>
<extensions>
<gpxtpx:TrackPointExtension>
<gpxtpx:speed>6.78</gpxtpx:speed>
</gpxtpx:TrackPointExtension>
<opentracks:accuracy_horizontal>3.881</opentracks:accuracy_horizontal></extensions>
</trkpt>
<trkpt lat="50.452612" lon="-104.532733">
<ele>555.3</ele>
<time>2026-08-28T19:34:36.175-06:00</time>
<extensions>
<gpxtpx:TrackPointExtension>
<gpxtpx:speed>6.73</gpxtpx:speed>
</gpxtpx:TrackPointExtension>
<opentracks:accuracy_horizontal>3.881</opentracks:accuracy_horizontal></extensions>
</trkpt>
<trkpt lat="50.452737" lon="-104.532706">
<ele>554.5</ele>
<time>2026-08-28T19:34:38.199-06:00</time>
<extensions>
<gpxtpx:TrackPointExtension>
<gpxtpx:speed>6.28</gpxtpx:speed>
</gpxtpx:TrackPointExtension>
<opentracks:accuracy_horizontal>3.881</opentracks:accuracy_horizontal></extensions>
</trkpt>
<trkpt lat="50.452846" lon="-104.532707">
<ele>555.3</ele>
<time>2026-08-28T19:34:40.205-06:00</time>
<extensions>
<gpxtpx:TrackPointExtension>
<gpxtpx:speed>6.06</gpxtpx:speed>
</gpxtpx:TrackPointExtension>
<opentracks:accuracy_horizontal>3.881</opentracks:accuracy_horizontal></extensions>
</trkpt>
<trkpt lat="50.452959" lon="-104.532714">
<ele>555.3</ele>
<time>2026-08-28T19:34:42.198-06:00</time>
<extensions>
<gpxtpx:TrackPointExtension>
<gpxtpx:speed>6.21</gpxtpx:speed>
</gpxtpx:TrackPointExtension>
<opentracks:accuracy_horizontal>3.88</opentracks:accuracy_horizontal></extensions>
</trkpt>
<trkpt lat="50.453071" lon="-104.53278">
<ele>554.6</ele>
<time>2026-08-28T19:34:44.196-06:00</time>
<extensions>
<gpxtpx:TrackPointExtension>
<gpxtpx:speed>6.48</gpxtpx:speed>
</gpxtpx:TrackPointExtension>
<opentracks:accuracy_horizontal>3.88</opentracks:accuracy_horizontal></extensions>
</trkpt>
<trkpt lat="50.453162" lon="-104.532915">
<ele>554.4</ele>
<time>2026-08-28T19:34:46.201-06:00</time>
<extensions>
<gpxtpx:TrackPointExtension>
<gpxtpx:speed>6.21</gpxtpx:speed>
</gpxtpx:TrackPointExtension>
<opentracks:accuracy_horizontal>3.88</opentracks:accuracy_horizontal></extensions>
</trkpt>
<trkpt lat="50.453236" lon="-104.533058">
<ele>555</ele>
<time>2026-08-28T19:34:48.199-06:00</time>
<extensions>
<gpxtpx:TrackPointExtension>
<gpxtpx:speed>6.16</gpxtpx:speed>
</gpxtpx:TrackPointExtension>
<opentracks:accuracy_horizontal>3.881</opentracks:accuracy_horizontal></extensions>
</trkpt>
<trkpt lat="50.453283" lon="-104.53321">
<ele>555.4</ele>
<time>2026-08-28T19:34:50.194-06:00</time>
<extensions>
<gpxtpx:TrackPointExtension>
<gpxtpx:speed>5.71</gpxtpx:speed>
</gpxtpx:TrackPointExtension>
<opentracks:accuracy_horizontal>3.88</opentracks:accuracy_horizontal></extensions>
</trkpt>
<trkpt lat="50.453315" lon="-104.533366">
<ele>555.6</ele>
<time>2026-08-28T19:34:52.199-06:00</time>
<extensions>
<gpxtpx:TrackPointExtension>
<gpxtpx:speed>5.63</gpxtpx:speed>
</gpxtpx:TrackPointExtension>
<opentracks:accuracy_horizontal>3.88</opentracks:accuracy_horizontal></extensions>
</trkpt>
<trkpt lat="50.453328" lon="-104.533523">
<ele>555.7</ele>
<time>2026-08-28T19:34:54.189-06:00</time>
<extensions>
<gpxtpx:TrackPointExtension>
<gpxtpx:speed>4.88</gpxtpx:speed>
</gpxtpx:TrackPointExtension>
<opentracks:accuracy_horizontal>3.879</opentracks:accuracy_horizontal></extensions>
</trkpt>
<trkpt lat="50.453334" lon="-104.533725">
<ele>555</ele>
<time>2026-08-28T19:34:57.184-06:00</time>
<extensions>
<gpxtpx:TrackPointExtension>
<gpxtpx:speed>4.73</gpxtpx:speed>
</gpxtpx:TrackPointExtension>
<opentracks:accuracy_horizontal>3.879</opentracks:accuracy_horizontal></extensions>
</trkpt>
<trkpt lat="50.453328" lon="-104.533923">
<ele>554.7</ele>
<time>2026-08-28T19:35:00.192-06:00</time>
<extensions>
<gpxtpx:TrackPointExtension>
<gpxtpx:speed>3.99</gpxtpx:speed>
</gpxtpx:TrackPointExtension>
<opentracks:accuracy_horizontal>3.879</opentracks:accuracy_horizontal></extensions>
</trkpt>
<trkpt lat="50.453317" lon="-104.5341">
<ele>555.6</ele>
<time>2026-08-28T19:35:03.191-06:00</time>
<extensions>
<gpxtpx:TrackPointExtension>
<gpxtpx:speed>4.43</gpxtpx:speed>
</gpxtpx:TrackPointExtension>
<opentracks:accuracy_horizontal>3.879</opentracks:accuracy_horizontal></extensions>
</trkpt>
<trkpt lat="50.453286" lon="-104.53428">
<ele>555.4</ele>
<time>2026-08-28T19:35:06.188-06:00</time>
<extensions>
<gpxtpx:TrackPointExtension>
<gpxtpx:speed>4.32</gpxtpx:speed>
</gpxtpx:TrackPointExtension>
<opentracks:accuracy_horizontal>3.878</opentracks:accuracy_horizontal></extensions>
</trkpt>
<trkpt lat="50.453259" lon="-104.534481">
<ele>555.5</ele>
<time>2026-08-28T19:35:09.188-06:00</time>
<extensions>
<gpxtpx:TrackPointExtension>
<gpxtpx:speed>4.32</gpxtpx:speed>
</gpxtpx:TrackPointExtension>
<opentracks:accuracy_horizontal>3.878</opentracks:accuracy_horizontal></extensions>
</trkpt>
<trkpt lat="50.453237" lon="-104.534639">
<ele>555.8</ele>
<time>2026-08-28T19:35:12.197-06:00</time>
<extensions>
<gpxtpx:TrackPointExtension>
<gpxtpx:speed>3.3</gpxtpx:speed>
</gpxtpx:TrackPointExtension>
<opentracks:accuracy_horizontal>3.878</opentracks:accuracy_horizontal></extensions>
</trkpt>
<trkpt lat="50.453234" lon="-104.534811">
<ele>555.5</ele>
<time>2026-08-28T19:35:16.191-06:00</time>
<extensions>
<gpxtpx:TrackPointExtension>
<gpxtpx:speed>2.97</gpxtpx:speed>
</gpxtpx:TrackPointExtension>
<opentracks:accuracy_horizontal>3.878</opentracks:accuracy_horizontal></extensions>
</trkpt>
<trkpt lat="50.453262" lon="-104.534975">
<ele>556.3</ele>
<time>2026-08-28T19:35:20.192-06:00</time>
<extensions>
<gpxtpx:TrackPointExtension>
<gpxtpx:speed>2.99</gpxtpx:speed>
</gpxtpx:TrackPointExtension>
<opentracks:accuracy_horizontal>3.877</opentracks:accuracy_horizontal></extensions>
</trkpt>
<trkpt lat="50.453279" lon="-104.535122">
<ele>555.9</ele>
<time>2026-08-28T19:35:23.194-06:00</time>
<extensions>
<gpxtpx:TrackPointExtension>
<gpxtpx:speed>3.78</gpxtpx:speed>
</gpxtpx:TrackPointExtension>
<opentracks:accuracy_horizontal>3.877</opentracks:accuracy_horizontal></extensions>
</trkpt>
<trkpt lat="50.453286" lon="-104.535302">
<ele>555.9</ele>
<time>2026-08-28T19:35:26.185-06:00</time>
<extensions>
<gpxtpx:TrackPointExtension>
<gpxtpx:speed>3.99</gpxtpx:speed>
</gpxtpx:TrackPointExtension>
<opentracks:accuracy_horizontal>3.877</opentracks:accuracy_horizontal></extensions>
</trkpt>
<trkpt lat="50.453268" lon="-104.535493">
<ele>555.4</ele>
<time>2026-08-28T19:35:29.189-06:00</time>
<extensions>
<gpxtpx:TrackPointExtension>
<gpxtpx:speed>3.99</gpxtpx:speed>
</gpxtpx:TrackPointExtension>
<opentracks:accuracy_horizontal>3.876</opentracks:accuracy_horizontal></extensions>
</trkpt>
<trkpt lat="50.453208" lon="-104.535678">
<ele>555.4</ele>
<time>2026-08-28T19:35:32.186-06:00</time>
<extensions>
<gpxtpx:TrackPointExtension>
<gpxtpx:speed>5.34</gpxtpx:speed>
</gpxtpx:TrackPointExtension>
<opentracks:accuracy_horizontal>3.876</opentracks:accuracy_horizontal></extensions>
</trkpt>
<trkpt lat="50.453145" lon="-104.535793">
<ele>555.5</ele>
<time>2026-08-28T19:35:34.184-06:00</time>
<extensions>
<gpxtpx:TrackPointExtension>
<gpxtpx:speed>4.44</gpxtpx:speed>
</gpxtpx:TrackPointExtension>
<opentracks:accuracy_horizontal>3.876</opentracks:accuracy_horizontal></extensions>
</trkpt>
<trkpt lat="50.453096" lon="-104.535954">
<ele>555.5</ele>
<time>2026-08-28T19:35:37.165-06:00</time>
<extensions>
<gpxtpx:TrackPointExtension>
<gpxtpx:speed>4.29</gpxtpx:speed>
</gpxtpx:TrackPointExtension>
<opentracks:accuracy_horizontal>3.876</opentracks:accuracy_horizontal></extensions>
</trkpt>
<trkpt lat="50.453063" lon="-104.536127">
<ele>557.3</ele>
<time>2026-08-28T19:35:40.185-06:00</time>
<extensions>
<gpxtpx:TrackPointExtension>
<gpxtpx:speed>4.09</gpxtpx:speed>
</gpxtpx:TrackPointExtension>
<opentracks:accuracy_horizontal>3.876</opentracks:accuracy_horizontal></extensions>
</trkpt>
<trkpt lat="50.453047" lon="-104.536284">
<ele>556.5</ele>
<time>2026-08-28T19:35:46.201-06:00</time>
<extensions>
<gpxtpx:TrackPointExtension>
<gpxtpx:speed>1.5</gpxtpx:speed>
</gpxtpx:TrackPointExtension>
<opentracks:accuracy_horizontal>3.875</opentracks:accuracy_horizontal></extensions>
</trkpt>
<trkpt lat="50.453019" lon="-104.536421">
<ele>555.2</ele>
<time>2026-08-28T19:35:52.18-06:00</time>
<extensions>
<gpxtpx:TrackPointExtension>
<gpxtpx:speed>1.56</gpxtpx:speed>
</gpxtpx:TrackPointExtension>
<opentracks:accuracy_horizontal>3.874</opentracks:accuracy_horizontal></extensions>
</trkpt>
<trkpt lat="50.453005" lon="-104.536568">
<ele>555.5</ele>
<time>2026-08-28T19:35:56.188-06:00</time>
<extensions>
<gpxtpx:TrackPointExtension>
<gpxtpx:speed>3.12</gpxtpx:speed>
</gpxtpx:TrackPointExtension>
<opentracks:accuracy_horizontal>3.874</opentracks:accuracy_horizontal></extensions>
</trkpt>
<trkpt lat="50.452976" lon="-104.536707">
<ele>555.4</ele>
<time>2026-08-28T19:35:59.195-06:00</time>
<extensions>
<gpxtpx:TrackPointExtension>
<gpxtpx:speed>2.84</gpxtpx:speed>
</gpxtpx:TrackPointExtension>
<opentracks:accuracy_horizontal>3.874</opentracks:accuracy_horizontal></extensions>
</trkpt>
<trkpt lat="50.452933" lon="-104.536862">
<ele>555.1</ele>
<time>2026-08-28T19:36:03.197-06:00</time>
<extensions>
<gpxtpx:TrackPointExtension>
<gpxtpx:speed>2.39</gpxtpx:speed>
</gpxtpx:TrackPointExtension>
<opentracks:accuracy_horizontal>3.874</opentracks:accuracy_horizontal></extensions>
</trkpt>
<trkpt lat="50.452914" lon="-104.537004">
<ele>555.7</ele>
<time>2026-08-28T19:36:07.193-06:00</time>
<extensions>
<gpxtpx:TrackPointExtension>
<gpxtpx:speed>2.77</gpxtpx:speed>
</gpxtpx:TrackPointExtension>
<opentracks:accuracy_horizontal>3.873</opentracks:accuracy_horizontal></extensions>
</trkpt>
<trkpt lat="50.452926" lon="-104.537172">
<ele>556.5</ele>
<time>2026-08-28T19:36:11.189-06:00</time>
<extensions>
<gpxtpx:TrackPointExtension>
<gpxtpx:speed>2.99</gpxtpx:speed>
</gpxtpx:TrackPointExtension>
<opentracks:accuracy_horizontal>3.873</opentracks:accuracy_horizontal></extensions>
</trkpt>
<trkpt lat="50.452984" lon="-104.537304">
<ele>556</ele>
<time>2026-08-28T19:36:15.188-06:00</time>
<extensions>
<gpxtpx:TrackPointExtension>
<gpxtpx:speed>3.24</gpxtpx:speed>
</gpxtpx:TrackPointExtension>
<opentracks:accuracy_horizontal>3.872</opentracks:accuracy_horizontal></extensions>
</trkpt>
<trkpt lat="50.453082" lon="-104.537331">
<ele>556.2</ele>
<time>2026-08-28T19:36:18.169-06:00</time>
<extensions>
<gpxtpx:TrackPointExtension>
<gpxtpx:speed>3.13</gpxtpx:speed>
</gpxtpx:TrackPointExtension>
<opentracks:accuracy_horizontal>3.872</opentracks:accuracy_horizontal></extensions>
</trkpt>
<trkpt lat="50.453169" lon="-104.537373">
<ele>555.4</ele>
<time>2026-08-28T19:36:21.196-06:00</time>
<extensions>
<gpxtpx:TrackPointExtension>
<gpxtpx:speed>3.11</gpxtpx:speed>
</gpxtpx:TrackPointExtension>
<opentracks:accuracy_horizontal>3.872</opentracks:accuracy_horizontal></extensions>
</trkpt>
<trkpt lat="50.453264" lon="-104.537401">
<ele>555.9</ele>
<time>2026-08-28T19:36:24.193-06:00</time>
<extensions>
<gpxtpx:TrackPointExtension>
<gpxtpx:speed>3.65</gpxtpx:speed>
</gpxtpx:TrackPointExtension>
<opentracks:accuracy_horizontal>3.872</opentracks:accuracy_horizontal></extensions>
</trkpt>
<trkpt lat="50.453362" lon="-104.537454">
<ele>556</ele>
<time>2026-08-28T19:36:27.192-06:00</time>
<extensions>
<gpxtpx:TrackPointExtension>
<gpxtpx:speed>3.69</gpxtpx:speed>
</gpxtpx:TrackPointExtension>
<opentracks:accuracy_horizontal>3.871</opentracks:accuracy_horizontal></extensions>
</trkpt>
<trkpt lat="50.453475" lon="-104.537519">
<ele>556.1</ele>
<time>2026-08-28T19:36:31.187-06:00</time>
<extensions>
<gpxtpx:TrackPointExtension>
<gpxtpx:speed>3.29</gpxtpx:speed>
</gpxtpx:TrackPointExtension>
<opentracks:accuracy_horizontal>3.871</opentracks:accuracy_horizontal></extensions>
</trkpt>
<trkpt lat="50.453571" lon="-104.537566">
<ele>556.9</ele>
<time>2026-08-28T19:36:35.192-06:00</time>
<extensions>
<gpxtpx:TrackPointExtension>
<gpxtpx:speed>2.76</gpxtpx:speed>
</gpxtpx:TrackPointExtension>
<opentracks:accuracy_horizontal>3.871</opentracks:accuracy_horizontal></extensions>
</trkpt>
<trkpt lat="50.453655" lon="-104.537617">
<ele>557.9</ele>
<time>2026-08-28T19:36:39.202-06:00</time>
<extensions>
<gpxtpx:TrackPointExtension>
<gpxtpx:speed>2.63</gpxtpx:speed>
</gpxtpx:TrackPointExtension>
<opentracks:accuracy_horizontal>3.87</opentracks:accuracy_horizontal></extensions>
</trkpt>
<trkpt lat="50.453759" lon="-104.537639">
<ele>557.7</ele>
<time>2026-08-28T19:36:44.184-06:00</time>
<extensions>
<gpxtpx:TrackPointExtension>
<gpxtpx:speed>2.86</gpxtpx:speed>
</gpxtpx:TrackPointExtension>
<opentracks:accuracy_horizontal>3.87</opentracks:accuracy_horizontal></extensions>
</trkpt>
<trkpt lat="50.453856" lon="-104.537624">
<ele>557.1</ele>
<time>2026-08-28T19:36:47.175-06:00</time>
<extensions>
<gpxtpx:TrackPointExtension>
<gpxtpx:speed>3.69</gpxtpx:speed>
</gpxtpx:TrackPointExtension>
<opentracks:accuracy_horizontal>3.87</opentracks:accuracy_horizontal></extensions>
</trkpt>
<trkpt lat="50.453966" lon="-104.537593">
<ele>556.8</ele>
<time>2026-08-28T19:36:50.204-06:00</time>
<extensions>
<gpxtpx:TrackPointExtension>
<gpxtpx:speed>3.52</gpxtpx:speed>
</gpxtpx:TrackPointExtension>
<opentracks:accuracy_horizontal>3.869</opentracks:accuracy_horizontal></extensions>
</trkpt>
<trkpt lat="50.454079" lon="-104.537592">
<ele>556.5</ele>
<time>2026-08-28T19:36:54.187-06:00</time>
<extensions>
<gpxtpx:TrackPointExtension>
<gpxtpx:speed>3.05</gpxtpx:speed>
</gpxtpx:TrackPointExtension>
<opentracks:accuracy_horizontal>3.869</opentracks:accuracy_horizontal></extensions>
</trkpt>
<trkpt lat="50.454193" lon="-104.537595">
<ele>555.8</ele>
<time>2026-08-28T19:36:58.195-06:00</time>
<extensions>
<gpxtpx:TrackPointExtension>
<gpxtpx:speed>3.19</gpxtpx:speed>
</gpxtpx:TrackPointExtension>
<opentracks:accuracy_horizontal>3.869</opentracks:accuracy_horizontal></extensions>
</trkpt>
<trkpt lat="50.454289" lon="-104.537598">
<ele>555.8</ele>
<time>2026-08-28T19:37:01.204-06:00</time>
<extensions>
<gpxtpx:TrackPointExtension>
<gpxtpx:speed>3.03</gpxtpx:speed>
</gpxtpx:TrackPointExtension>
<opentracks:accuracy_horizontal>3.868</opentracks:accuracy_horizontal></extensions>
</trkpt>
<trkpt lat="50.454389" lon="-104.537618">
<ele>555</ele>
<time>2026-08-28T19:37:05.186-06:00</time>
<extensions>
<gpxtpx:TrackPointExtension>
<gpxtpx:speed>2.79</gpxtpx:speed>
</gpxtpx:TrackPointExtension>
<opentracks:accuracy_horizontal>4.055</opentracks:accuracy_horizontal></extensions>
</trkpt>
<trkpt lat="50.454483" lon="-104.537631">
<ele>555.4</ele>
<time>2026-08-28T19:37:08.188-06:00</time>
<extensions>
<gpxtpx:TrackPointExtension>
<gpxtpx:speed>2.97</gpxtpx:speed>
</gpxtpx:TrackPointExtension>
<opentracks:accuracy_horizontal>3.868</opentracks:accuracy_horizontal></extensions>
</trkpt>
<trkpt lat="50.454592" lon="-104.537645">
<ele>557</ele>
<time>2026-08-28T19:37:12.19-06:00</time>
<extensions>
<gpxtpx:TrackPointExtension>
<gpxtpx:speed>3.23</gpxtpx:speed>
</gpxtpx:TrackPointExtension>
<opentracks:accuracy_horizontal>3.867</opentracks:accuracy_horizontal></extensions>
</trkpt>
<trkpt lat="50.454688" lon="-104.537658">
<ele>556.8</ele>
<time>2026-08-28T19:37:15.2-06:00</time>
<extensions>
<gpxtpx:TrackPointExtension>
<gpxtpx:speed>3.39</gpxtpx:speed>
</gpxtpx:TrackPointExtension>
<opentracks:accuracy_horizontal>4.117</opentracks:accuracy_horizontal></extensions>
</trkpt>
<trkpt lat="50.454787" lon="-104.537695">
<ele>556.8</ele>
<time>2026-08-28T19:37:19.198-06:00</time>
<extensions>
<gpxtpx:TrackPointExtension>
<gpxtpx:speed>2.71</gpxtpx:speed>
</gpxtpx:TrackPointExtension>
<opentracks:accuracy_horizontal>4.171</opentracks:accuracy_horizontal></extensions>
</trkpt>
<trkpt lat="50.454885" lon="-104.537673">
<ele>556.9</ele>
<time>2026-08-28T19:37:23.196-06:00</time>
<extensions>
<gpxtpx:TrackPointExtension>
<gpxtpx:speed>2.45</gpxtpx:speed>
</gpxtpx:TrackPointExtension>
<opentracks:accuracy_horizontal>3.881</opentracks:accuracy_horizontal></extensions>
</trkpt>
<trkpt lat="50.454987" lon="-104.537626">
<ele>556.2</ele>
<time>2026-08-28T19:37:27.199-06:00</time>
<extensions>
<gpxtpx:TrackPointExtension>
<gpxtpx:speed>2.44</gpxtpx:speed>
</gpxtpx:TrackPointExtension>
<opentracks:accuracy_horizontal>3.726</opentracks:accuracy_horizontal></extensions>
</trkpt>
<trkpt lat="50.455078" lon="-104.537594">
<ele>556.2</ele>
<time>2026-08-28T19:37:32.187-06:00</time>
<extensions>
<gpxtpx:TrackPointExtension>
<gpxtpx:speed>1.89</gpxtpx:speed>
</gpxtpx:TrackPointExtension>
<opentracks:accuracy_horizontal>3.726</opentracks:accuracy_horizontal></extensions>
</trkpt>
<trkpt lat="50.455174" lon="-104.537582">
<ele>557.2</ele>
<time>2026-08-28T19:37:37.19-06:00</time>
<extensions>
<gpxtpx:TrackPointExtension>
<gpxtpx:speed>2</gpxtpx:speed>
</gpxtpx:TrackPointExtension>
<opentracks:accuracy_horizontal>3.725</opentracks:accuracy_horizontal></extensions>
</trkpt>
<trkpt lat="50.455281" lon="-104.537601">
<ele>556.9</ele>
<time>2026-08-28T19:37:41.183-06:00</time>
<extensions>
<gpxtpx:TrackPointExtension>
<gpxtpx:speed>2.66</gpxtpx:speed>
</gpxtpx:TrackPointExtension>
<opentracks:accuracy_horizontal>3.736</opentracks:accuracy_horizontal></extensions>
</trkpt>
<trkpt lat="50.45537" lon="-104.537569">
<ele>556.6</ele>
<time>2026-08-28T19:37:44.2-06:00</time>
<extensions>
<gpxtpx:TrackPointExtension>
<gpxtpx:speed>3.29</gpxtpx:speed>
</gpxtpx:TrackPointExtension>
<opentracks:accuracy_horizontal>3.725</opentracks:accuracy_horizontal></extensions>
</trkpt>
<trkpt lat="50.455462" lon="-104.53751">
<ele>557</ele>
<time>2026-08-28T19:37:47.209-06:00</time>
<extensions>
<gpxtpx:TrackPointExtension>
<gpxtpx:speed>3.76</gpxtpx:speed>
</gpxtpx:TrackPointExtension>
<opentracks:accuracy_horizontal>3.729</opentracks:accuracy_horizontal></extensions>
</trkpt>
<trkpt lat="50.455541" lon="-104.537395">
<ele>556.9</ele>
<time>2026-08-28T19:37:50.185-06:00</time>
<extensions>
<gpxtpx:TrackPointExtension>
<gpxtpx:speed>3.6</gpxtpx:speed>
</gpxtpx:TrackPointExtension>
<opentracks:accuracy_horizontal>3.725</opentracks:accuracy_horizontal></extensions>
</trkpt>
<trkpt lat="50.455609" lon="-104.537282">
<ele>556.4</ele>
<time>2026-08-28T19:37:53.196-06:00</time>
<extensions>
<gpxtpx:TrackPointExtension>
<gpxtpx:speed>3.37</gpxtpx:speed>
</gpxtpx:TrackPointExtension>
<opentracks:accuracy_horizontal>3.724</opentracks:accuracy_horizontal></extensions>
</trkpt>
<trkpt lat="50.455662" lon="-104.537166">
<ele>556.7</ele>
<time>2026-08-28T19:37:56.184-06:00</time>
<extensions>
<gpxtpx:TrackPointExtension>
<gpxtpx:speed>3.27</gpxtpx:speed>
</gpxtpx:TrackPointExtension>
<opentracks:accuracy_horizontal>3.724</opentracks:accuracy_horizontal></extensions>
</trkpt>
<trkpt lat="50.455721" lon="-104.537046">
<ele>556.3</ele>
<time>2026-08-28T19:37:59.189-06:00</time>
<extensions>
<gpxtpx:TrackPointExtension>
<gpxtpx:speed>3.79</gpxtpx:speed>
</gpxtpx:TrackPointExtension>
<opentracks:accuracy_horizontal>3.724</opentracks:accuracy_horizontal></extensions>
</trkpt>
<trkpt lat="50.45577" lon="-104.536909">
<ele>556.8</ele>
<time>2026-08-28T19:38:02.186-06:00</time>
<extensions>
<gpxtpx:TrackPointExtension>
<gpxtpx:speed>3.65</gpxtpx:speed>
</gpxtpx:TrackPointExtension>
<opentracks:accuracy_horizontal>3.724</opentracks:accuracy_horizontal></extensions>
</trkpt>
<trkpt lat="50.455801" lon="-104.536763">
<ele>557.4</ele>
<time>2026-08-28T19:38:05.187-06:00</time>
<extensions>
<gpxtpx:TrackPointExtension>
<gpxtpx:speed>3.53</gpxtpx:speed>
</gpxtpx:TrackPointExtension>
<opentracks:accuracy_horizontal>3.724</opentracks:accuracy_horizontal></extensions>
</trkpt>
<trkpt lat="50.455838" lon="-104.536592">
<ele>557.4</ele>
<time>2026-08-28T19:38:09.193-06:00</time>
<extensions>
<gpxtpx:TrackPointExtension>
<gpxtpx:speed>3.34</gpxtpx:speed>
</gpxtpx:TrackPointExtension>
<opentracks:accuracy_horizontal>3.723</opentracks:accuracy_horizontal></extensions>
</trkpt>
<trkpt lat="50.455865" lon="-104.536448">
<ele>557.4</ele>
<time>2026-08-28T19:38:12.195-06:00</time>
<extensions>
<gpxtpx:TrackPointExtension>
<gpxtpx:speed>3.37</gpxtpx:speed>
</gpxtpx:TrackPointExtension>
<opentracks:accuracy_horizontal>3.723</opentracks:accuracy_horizontal></extensions>
</trkpt>
<trkpt lat="50.455879" lon="-104.536306">
<ele>557.3</ele>
<time>2026-08-28T19:38:15.206-06:00</time>
<extensions>
<gpxtpx:TrackPointExtension>
<gpxtpx:speed>3.6</gpxtpx:speed>
</gpxtpx:TrackPointExtension>
<opentracks:accuracy_horizontal>3.723</opentracks:accuracy_horizontal></extensions>
</trkpt>
<trkpt lat="50.455885" lon="-104.536152">
<ele>557</ele>
<time>2026-08-28T19:38:18.189-06:00</time>
<extensions>
<gpxtpx:TrackPointExtension>
<gpxtpx:speed>4.12</gpxtpx:speed>
</gpxtpx:TrackPointExtension>
<opentracks:accuracy_horizontal>3.723</opentracks:accuracy_horizontal></extensions>
</trkpt>
<trkpt lat="50.455891" lon="-104.535975">
<ele>557.1</ele>
<time>2026-08-28T19:38:21.186-06:00</time>
<extensions>
<gpxtpx:TrackPointExtension>
<gpxtpx:speed>4.04</gpxtpx:speed>
</gpxtpx:TrackPointExtension>
<opentracks:accuracy_horizontal>3.723</opentracks:accuracy_horizontal></extensions>
</trkpt>
<trkpt lat="50.455892" lon="-104.53581">
<ele>557.7</ele>
<time>2026-08-28T19:38:24.194-06:00</time>
<extensions>
<gpxtpx:TrackPointExtension>
<gpxtpx:speed>3.9</gpxtpx:speed>
</gpxtpx:TrackPointExtension>
<opentracks:accuracy_horizontal>3.722</opentracks:accuracy_horizontal></extensions>
</trkpt>
<trkpt lat="50.45588" lon="-104.535633">
<ele>557</ele>
<time>2026-08-28T19:38:27.191-06:00</time>
<extensions>
<gpxtpx:TrackPointExtension>
<gpxtpx:speed>4.21</gpxtpx:speed>
</gpxtpx:TrackPointExtension>
<opentracks:accuracy_horizontal>3.722</opentracks:accuracy_horizontal></extensions>
</trkpt>
<trkpt lat="50.455865" lon="-104.535435">
<ele>556</ele>
<time>2026-08-28T19:38:30.195-06:00</time>
<extensions>
<gpxtpx:TrackPointExtension>
<gpxtpx:speed>4.29</gpxtpx:speed>
</gpxtpx:TrackPointExtension>
<opentracks:accuracy_horizontal>3.722</opentracks:accuracy_horizontal></extensions>
</trkpt>
<trkpt lat="50.455829" lon="-104.535252">
<ele>556</ele>
<time>2026-08-28T19:38:33.2-06:00</time>
<extensions>
<gpxtpx:TrackPointExtension>
<gpxtpx:speed>4.64</gpxtpx:speed>
</gpxtpx:TrackPointExtension>
<opentracks:accuracy_horizontal>3.722</opentracks:accuracy_horizontal></extensions>
</trkpt>
<trkpt lat="50.4558" lon="-104.53508">
<ele>555.3</ele>
<time>2026-08-28T19:38:36.198-06:00</time>
<extensions>
<gpxtpx:TrackPointExtension>
<gpxtpx:speed>4.34</gpxtpx:speed>
</gpxtpx:TrackPointExtension>
<opentracks:accuracy_horizontal>3.722</opentracks:accuracy_horizontal></extensions>
</trkpt>
<trkpt lat="50.455759" lon="-104.534909">
<ele>555</ele>
<time>2026-08-28T19:38:39.198-06:00</time>
<extensions>
<gpxtpx:TrackPointExtension>
<gpxtpx:speed>4.46</gpxtpx:speed>
</gpxtpx:TrackPointExtension>
<opentracks:accuracy_horizontal>3.846</opentracks:accuracy_horizontal></extensions>
</trkpt>
<trkpt lat="50.455737" lon="-104.534757">
<ele>555.9</ele>
<time>2026-08-28T19:38:42.197-06:00</time>
<extensions>
<gpxtpx:TrackPointExtension>
<gpxtpx:speed>2.99</gpxtpx:speed>
</gpxtpx:TrackPointExtension>
<opentracks:accuracy_horizontal>3.781</opentracks:accuracy_horizontal></extensions>
</trkpt>
<trkpt lat="50.455792" lon="-104.534584">
<ele>556</ele>
<time>2026-08-28T19:38:46.203-06:00</time>
<extensions>
<gpxtpx:TrackPointExtension>
<gpxtpx:speed>3.89</gpxtpx:speed>
</gpxtpx:TrackPointExtension>
<opentracks:accuracy_horizontal>3.851</opentracks:accuracy_horizontal></extensions>
</trkpt>
<trkpt lat="50.455876" lon="-104.534482">
<ele>556.3</ele>
<time>2026-08-28T19:38:49.199-06:00</time>
<extensions>
<gpxtpx:TrackPointExtension>
<gpxtpx:speed>3.24</gpxtpx:speed>
</gpxtpx:TrackPointExtension>
<opentracks:accuracy_horizontal>3.721</opentracks:accuracy_horizontal></extensions>
</trkpt>
<trkpt lat="50.455957" lon="-104.534412">
<ele>556.1</ele>
<time>2026-08-28T19:38:52.188-06:00</time>
<extensions>
<gpxtpx:TrackPointExtension>
<gpxtpx:speed>3.22</gpxtpx:speed>
</gpxtpx:TrackPointExtension>
<opentracks:accuracy_horizontal>3.721</opentracks:accuracy_horizontal></extensions>
</trkpt>
<trkpt lat="50.456037" lon="-104.534316">
<ele>556</ele>
<time>2026-08-28T19:38:57.2-06:00</time>
<extensions>
<gpxtpx:TrackPointExtension>
<gpxtpx:speed>1.23</gpxtpx:speed>
</gpxtpx:TrackPointExtension>
<opentracks:accuracy_horizontal>3.72</opentracks:accuracy_horizontal></extensions>
</trkpt>
<trkpt lat="50.456113" lon="-104.534224">
<ele>556.8</ele>
<time>2026-08-28T19:39:04.184-06:00</time>
<extensions>
<gpxtpx:TrackPointExtension>
<gpxtpx:speed>1.35</gpxtpx:speed>
</gpxtpx:TrackPointExtension>
<opentracks:accuracy_horizontal>3.843</opentracks:accuracy_horizontal></extensions>
</trkpt>
<trkpt lat="50.456173" lon="-104.534119">
<ele>556.8</ele>
<time>2026-08-28T19:39:10.186-06:00</time>
<extensions>
<gpxtpx:TrackPointExtension>
<gpxtpx:speed>1.68</gpxtpx:speed>
</gpxtpx:TrackPointExtension>
<opentracks:accuracy_horizontal>3.785</opentracks:accuracy_horizontal></extensions>
</trkpt>
<trkpt lat="50.456187" lon="-104.533934">
<ele>557.3</ele>
<time>2026-08-28T19:39:16.193-06:00</time>
<extensions>
<gpxtpx:TrackPointExtension>
<gpxtpx:speed>3.41</gpxtpx:speed>
</gpxtpx:TrackPointExtension>
<opentracks:accuracy_horizontal>3.992</opentracks:accuracy_horizontal></extensions>
</trkpt>
<trkpt lat="50.456178" lon="-104.533767">
<ele>558.6</ele>
<time>2026-08-28T19:39:19.189-06:00</time>
<extensions>
<gpxtpx:TrackPointExtension>
<gpxtpx:speed>3.62</gpxtpx:speed>
</gpxtpx:TrackPointExtension>
<opentracks:accuracy_horizontal>3.769</opentracks:accuracy_horizontal></extensions>
</trkpt>
<trkpt lat="50.456187" lon="-104.533608">
<ele>559.1</ele>
<time>2026-08-28T19:39:22.174-06:00</time>
<extensions>
<gpxtpx:TrackPointExtension>
<gpxtpx:speed>3.34</gpxtpx:speed>
</gpxtpx:TrackPointExtension>
<opentracks:accuracy_horizontal>3.856</opentracks:accuracy_horizontal></extensions>
</trkpt>
<trkpt lat="50.456212" lon="-104.533457">
<ele>559.5</ele>
<time>2026-08-28T19:39:25.19-06:00</time>
<extensions>
<gpxtpx:TrackPointExtension>
<gpxtpx:speed>3.25</gpxtpx:speed>
</gpxtpx:TrackPointExtension>
<opentracks:accuracy_horizontal>3.719</opentracks:accuracy_horizontal></extensions>
</trkpt>
<trkpt lat="50.45625" lon="-104.533325">
<ele>559.1</ele>
<time>2026-08-28T19:39:28.185-06:00</time>
<extensions>
<gpxtpx:TrackPointExtension>
<gpxtpx:speed>3.56</gpxtpx:speed>
</gpxtpx:TrackPointExtension>
<opentracks:accuracy_horizontal>3.718</opentracks:accuracy_horizontal></extensions>
</trkpt>
<trkpt lat="50.456289" lon="-104.533184">
<ele>559.9</ele>
<time>2026-08-28T19:39:31.188-06:00</time>
<extensions>
<gpxtpx:TrackPointExtension>
<gpxtpx:speed>3.45</gpxtpx:speed>
</gpxtpx:TrackPointExtension>
<opentracks:accuracy_horizontal>3.779</opentracks:accuracy_horizontal></extensions>
</trkpt>
<trkpt lat="50.456355" lon="-104.533065">
<ele>559.1</ele>
<time>2026-08-28T19:39:34.185-06:00</time>
<extensions>
<gpxtpx:TrackPointExtension>
<gpxtpx:speed>3.43</gpxtpx:speed>
</gpxtpx:TrackPointExtension>
<opentracks:accuracy_horizontal>3.718</opentracks:accuracy_horizontal></extensions>
</trkpt>
<trkpt lat="50.456428" lon="-104.53295">
<ele>558.1</ele>
<time>2026-08-28T19:39:37.188-06:00</time>
<extensions>
<gpxtpx:TrackPointExtension>
<gpxtpx:speed>3.05</gpxtpx:speed>
</gpxtpx:TrackPointExtension>
<opentracks:accuracy_horizontal>3.718</opentracks:accuracy_horizontal></extensions>
</trkpt>
<trkpt lat="50.45656" lon="-104.533045">
<ele>557.8</ele>
<time>2026-08-28T19:39:40.202-06:00</time>
<extensions>
<gpxtpx:TrackPointExtension>
<gpxtpx:speed>4.38</gpxtpx:speed>
</gpxtpx:TrackPointExtension>
<opentracks:accuracy_horizontal>4.105</opentracks:accuracy_horizontal></extensions>
</trkpt>
<trkpt lat="50.45666" lon="-104.533116">
<ele>558.5</ele>
<time>2026-08-28T19:39:43.193-06:00</time>
<extensions>
<gpxtpx:TrackPointExtension>
<gpxtpx:speed>3.69</gpxtpx:speed>
</gpxtpx:TrackPointExtension>
<opentracks:accuracy_horizontal>3.717</opentracks:accuracy_horizontal></extensions>
</trkpt>
<trkpt lat="50.456756" lon="-104.533153">
<ele>558.7</ele>
<time>2026-08-28T19:39:46.197-06:00</time>
<extensions>
<gpxtpx:TrackPointExtension>
<gpxtpx:speed>3.74</gpxtpx:speed>
</gpxtpx:TrackPointExtension>
<opentracks:accuracy_horizontal>3.717</opentracks:accuracy_horizontal></extensions>
</trkpt>
<trkpt lat="50.456874" lon="-104.533151">
<ele>558.7</ele>
<time>2026-08-28T19:39:50.181-06:00</time>
<extensions>
<gpxtpx:TrackPointExtension>
<gpxtpx:speed>3.22</gpxtpx:speed>
</gpxtpx:TrackPointExtension>
<opentracks:accuracy_horizontal>3.717</opentracks:accuracy_horizontal></extensions>
</trkpt>
<trkpt lat="50.456964" lon="-104.533124">
<ele>560</ele>
<time>2026-08-28T19:39:53.194-06:00</time>
<extensions>
<gpxtpx:TrackPointExtension>
<gpxtpx:speed>3.19</gpxtpx:speed>
</gpxtpx:TrackPointExtension>
<opentracks:accuracy_horizontal>3.717</opentracks:accuracy_horizontal></extensions>
</trkpt>
<trkpt lat="50.457053" lon="-104.533087">
<ele>559.2</ele>
<time>2026-08-28T19:39:56.189-06:00</time>
<extensions>
<gpxtpx:TrackPointExtension>
<gpxtpx:speed>3.31</gpxtpx:speed>
</gpxtpx:TrackPointExtension>
<opentracks:accuracy_horizontal>3.717</opentracks:accuracy_horizontal></extensions>
</trkpt>
<trkpt lat="50.457152" lon="-104.533008">
<ele>559</ele>
<time>2026-08-28T19:39:59.195-06:00</time>
<extensions>
<gpxtpx:TrackPointExtension>
<gpxtpx:speed>3.58</gpxtpx:speed>
</gpxtpx:TrackPointExtension>
<opentracks:accuracy_horizontal>3.716</opentracks:accuracy_horizontal></extensions>
</trkpt>
<trkpt lat="50.457233" lon="-104.532929">
<ele>558.9</ele>
<time>2026-08-28T19:40:02.196-06:00</time>
<extensions>
<gpxtpx:TrackPointExtension>
<gpxtpx:speed>3.51</gpxtpx:speed>
</gpxtpx:TrackPointExtension>
<opentracks:accuracy_horizontal>3.845</opentracks:accuracy_horizontal></extensions>
</trkpt>
<trkpt lat="50.457301" lon="-104.532797">
<ele>560.1</ele>
<time>2026-08-28T19:40:05.188-06:00</time>
<extensions>
<gpxtpx:TrackPointExtension>
<gpxtpx:speed>3.39</gpxtpx:speed>
</gpxtpx:TrackPointExtension>
<opentracks:accuracy_horizontal>3.716</opentracks:accuracy_horizontal></extensions>
</trkpt>
<trkpt lat="50.457347" lon="-104.532676">
<ele>561</ele>
<time>2026-08-28T19:40:08.194-06:00</time>
<extensions>
<gpxtpx:TrackPointExtension>
<gpxtpx:speed>3.26</gpxtpx:speed>
</gpxtpx:TrackPointExtension>
<opentracks:accuracy_horizontal>3.716</opentracks:accuracy_horizontal></extensions>
</trkpt>
<trkpt lat="50.457388" lon="-104.532533">
<ele>560.1</ele>
<time>2026-08-28T19:40:11.191-06:00</time>
<extensions>
<gpxtpx:TrackPointExtension>
<gpxtpx:speed>3.52</gpxtpx:speed>
</gpxtpx:TrackPointExtension>
<opentracks:accuracy_horizontal>3.716</opentracks:accuracy_horizontal></extensions>
</trkpt>
<trkpt lat="50.457435" lon="-104.532394">
<ele>559.4</ele>
<time>2026-08-28T19:40:14.188-06:00</time>
<extensions>
<gpxtpx:TrackPointExtension>
<gpxtpx:speed>3.19</gpxtpx:speed>
</gpxtpx:TrackPointExtension>
<opentracks:accuracy_horizontal>3.715</opentracks:accuracy_horizontal></extensions>
</trkpt>
<trkpt lat="50.457494" lon="-104.532237">
<ele>559.3</ele>
<time>2026-08-28T19:40:18.18-06:00</time>
<extensions>
<gpxtpx:TrackPointExtension>
<gpxtpx:speed>3.12</gpxtpx:speed>
</gpxtpx:TrackPointExtension>
<opentracks:accuracy_horizontal>3.715</opentracks:accuracy_horizontal></extensions>
</trkpt>
<trkpt lat="50.457542" lon="-104.532106">
<ele>559.9</ele>
<time>2026-08-28T19:40:21.177-06:00</time>
<extensions>
<gpxtpx:TrackPointExtension>
<gpxtpx:speed>3.02</gpxtpx:speed>
</gpxtpx:TrackPointExtension>
<opentracks:accuracy_horizontal>3.745</opentracks:accuracy_horizontal></extensions>
</trkpt>
<trkpt lat="50.457577" lon="-104.531963">
<ele>560.3</ele>
<time>2026-08-28T19:40:24.19-06:00</time>
<extensions>
<gpxtpx:TrackPointExtension>
<gpxtpx:speed>3.22</gpxtpx:speed>
</gpxtpx:TrackPointExtension>
<opentracks:accuracy_horizontal>3.715</opentracks:accuracy_horizontal></extensions>
</trkpt>
<trkpt lat="50.457622" lon="-104.531836">
<ele>560</ele>
<time>2026-08-28T19:40:27.175-06:00</time>
<extensions>
<gpxtpx:TrackPointExtension>
<gpxtpx:speed>3.11</gpxtpx:speed>
</gpxtpx:TrackPointExtension>
<opentracks:accuracy_horizontal>3.715</opentracks:accuracy_horizontal></extensions>
</trkpt>
<trkpt lat="50.457652" lon="-104.531689">
<ele>560</ele>
<time>2026-08-28T19:40:33.182-06:00</time>
<extensions>
<gpxtpx:TrackPointExtension>
<gpxtpx:speed>1.52</gpxtpx:speed>
</gpxtpx:TrackPointExtension>
<opentracks:accuracy_horizontal>4.011</opentracks:accuracy_horizontal></extensions>
</trkpt>
<trkpt lat="50.457748" lon="-104.531669">
<ele>560.7</ele>
<time>2026-08-28T19:40:38.208-06:00</time>
<extensions>
<gpxtpx:TrackPointExtension>
<gpxtpx:speed>1.85</gpxtpx:speed>
</gpxtpx:TrackPointExtension>
<opentracks:accuracy_horizontal>4.215</opentracks:accuracy_horizontal></extensions>
</trkpt>
<trkpt lat="50.457808" lon="-104.531781">
<ele>561.8</ele>
<time>2026-08-28T19:40:42.197-06:00</time>
<extensions>
<gpxtpx:TrackPointExtension>
<gpxtpx:speed>1.67</gpxtpx:speed>
</gpxtpx:TrackPointExtension>
<opentracks:accuracy_horizontal>4.183</opentracks:accuracy_horizontal></extensions>
</trkpt>
<trkpt lat="50.457913" lon="-104.53176">
<ele>562.7</ele>
<time>2026-08-28T19:40:47.176-06:00</time>
<extensions>
<gpxtpx:TrackPointExtension>
<gpxtpx:speed>2.87</gpxtpx:speed>
</gpxtpx:TrackPointExtension>
<opentracks:accuracy_horizontal>4.263</opentracks:accuracy_horizontal></extensions>
</trkpt>
<trkpt lat="50.458008" lon="-104.531744">
<ele>563.1</ele>
<time>2026-08-28T19:40:51.199-06:00</time>
<extensions>
<gpxtpx:TrackPointExtension>
<gpxtpx:speed>2.53</gpxtpx:speed>
</gpxtpx:TrackPointExtension>
<opentracks:accuracy_horizontal>3.843</opentracks:accuracy_horizontal></extensions>
</trkpt>
<trkpt lat="50.458121" lon="-104.531789">
<ele>562.1</ele>
<time>2026-08-28T19:40:56.204-06:00</time>
<extensions>
<gpxtpx:TrackPointExtension>
<gpxtpx:speed>2.09</gpxtpx:speed>
</gpxtpx:TrackPointExtension>
<opentracks:accuracy_horizontal>4.222</opentracks:accuracy_horizontal></extensions>
</trkpt>
<trkpt lat="50.458207" lon="-104.531889">
<ele>562.6</ele>
<time>2026-08-28T19:41:00.189-06:00</time>
<extensions>
<gpxtpx:TrackPointExtension>
<gpxtpx:speed>2</gpxtpx:speed>
</gpxtpx:TrackPointExtension>
<opentracks:accuracy_horizontal>4.282</opentracks:accuracy_horizontal></extensions>
</trkpt>
<trkpt lat="50.458212" lon="-104.532052">
<ele>562</ele>
<time>2026-08-28T19:41:03.19-06:00</time>
<extensions>
<gpxtpx:TrackPointExtension>
<gpxtpx:speed>2.88</gpxtpx:speed>
</gpxtpx:TrackPointExtension>
<opentracks:accuracy_horizontal>4.213</opentracks:accuracy_horizontal></extensions>
</trkpt>
<trkpt lat="50.458175" lon="-104.532222">
<ele>561.9</ele>
<time>2026-08-28T19:41:06.204-06:00</time>
<extensions>
<gpxtpx:TrackPointExtension>
<gpxtpx:speed>3.08</gpxtpx:speed>
</gpxtpx:TrackPointExtension>
<opentracks:accuracy_horizontal>3.968</opentracks:accuracy_horizontal></extensions>
</trkpt>
<trkpt lat="50.458114" lon="-104.532346">
<ele>560.9</ele>
<time>2026-08-28T19:41:09.2-06:00</time>
<extensions>
<gpxtpx:TrackPointExtension>
<gpxtpx:speed>3.18</gpxtpx:speed>
</gpxtpx:TrackPointExtension>
<opentracks:accuracy_horizontal>3.92</opentracks:accuracy_horizontal></extensions>
</trkpt>
<trkpt lat="50.458059" lon="-104.532487">
<ele>560.6</ele>
<time>2026-08-28T19:41:12.207-06:00</time>
<extensions>
<gpxtpx:TrackPointExtension>
<gpxtpx:speed>3.05</gpxtpx:speed>
</gpxtpx:TrackPointExtension>
<opentracks:accuracy_horizontal>3.877</opentracks:accuracy_horizontal></extensions>
</trkpt>
<trkpt lat="50.458039" lon="-104.532648">
<ele>560</ele>
<time>2026-08-28T19:41:15.182-06:00</time>
<extensions>
<gpxtpx:TrackPointExtension>
<gpxtpx:speed>3.71</gpxtpx:speed>
</gpxtpx:TrackPointExtension>
<opentracks:accuracy_horizontal>3.712</opentracks:accuracy_horizontal></extensions>
</trkpt>
<trkpt lat="50.458057" lon="-104.532829">
<ele>559.6</ele>
<time>2026-08-28T19:41:18.211-06:00</time>
<extensions>
<gpxtpx:TrackPointExtension>
<gpxtpx:speed>4.05</gpxtpx:speed>
</gpxtpx:TrackPointExtension>
<opentracks:accuracy_horizontal>3.828</opentracks:accuracy_horizontal></extensions>
</trkpt>
<trkpt lat="50.458106" lon="-104.532977">
<ele>558.5</ele>
<time>2026-08-28T19:41:21.184-06:00</time>
<extensions>
<gpxtpx:TrackPointExtension>
<gpxtpx:speed>4.5</gpxtpx:speed>
</gpxtpx:TrackPointExtension>
<opentracks:accuracy_horizontal>4.01</opentracks:accuracy_horizontal></extensions>
</trkpt>
<trkpt lat="50.458209" lon="-104.53308">
<ele>558</ele>
<time>2026-08-28T19:41:24.187-06:00</time>
<extensions>
<gpxtpx:TrackPointExtension>
<gpxtpx:speed>4.19</gpxtpx:speed>
</gpxtpx:TrackPointExtension>
<opentracks:accuracy_horizontal>3.885</opentracks:accuracy_horizontal></extensions>
</trkpt>
<trkpt lat="50.458306" lon="-104.533145">
<ele>557.6</ele>
<time>2026-08-28T19:41:27.187-06:00</time>
<extensions>
<gpxtpx:TrackPointExtension>
<gpxtpx:speed>3.72</gpxtpx:speed>
</gpxtpx:TrackPointExtension>
<opentracks:accuracy_horizontal>3.711</opentracks:accuracy_horizontal></extensions>
</trkpt>
<trkpt lat="50.45841" lon="-104.533119">
<ele>557.6</ele>
<time>2026-08-28T19:41:30.181-06:00</time>
<extensions>
<gpxtpx:TrackPointExtension>
<gpxtpx:speed>3.41</gpxtpx:speed>
</gpxtpx:TrackPointExtension>
<opentracks:accuracy_horizontal>3.711</opentracks:accuracy_horizontal></extensions>
</trkpt>
<trkpt lat="50.458517" lon="-104.533089">
<ele>556.8</ele>
<time>2026-08-28T19:41:34.201-06:00</time>
<extensions>
<gpxtpx:TrackPointExtension>
<gpxtpx:speed>2.87</gpxtpx:speed>
</gpxtpx:TrackPointExtension>
<opentracks:accuracy_horizontal>3.71</opentracks:accuracy_horizontal></extensions>
</trkpt>
<trkpt lat="50.458614" lon="-104.533044">
<ele>556.9</ele>
<time>2026-08-28T19:41:38.184-06:00</time>
<extensions>
<gpxtpx:TrackPointExtension>
<gpxtpx:speed>2.65</gpxtpx:speed>
</gpxtpx:TrackPointExtension>
<opentracks:accuracy_horizontal>3.843</opentracks:accuracy_horizontal></extensions>
</trkpt>
<trkpt lat="50.458731" lon="-104.533067">
<ele>557.2</ele>
<time>2026-08-28T19:41:42.166-06:00</time>
<extensions>
<gpxtpx:TrackPointExtension>
<gpxtpx:speed>3.18</gpxtpx:speed>
</gpxtpx:TrackPointExtension>
<opentracks:accuracy_horizontal>4.409</opentracks:accuracy_horizontal></extensions>
</trkpt>
<trkpt lat="50.458834" lon="-104.533108">
<ele>557</ele>
<time>2026-08-28T19:41:45.191-06:00</time>
<extensions>
<gpxtpx:TrackPointExtension>
<gpxtpx:speed>3.19</gpxtpx:speed>
</gpxtpx:TrackPointExtension>
<opentracks:accuracy_horizontal>4.056</opentracks:accuracy_horizontal></extensions>
</trkpt>
<trkpt lat="50.458932" lon="-104.533116">
<ele>557</ele>
<time>2026-08-28T19:41:48.199-06:00</time>
<extensions>
<gpxtpx:TrackPointExtension>
<gpxtpx:speed>2.9</gpxtpx:speed>
</gpxtpx:TrackPointExtension>
<opentracks:accuracy_horizontal>3.986</opentracks:accuracy_horizontal></extensions>
</trkpt>
<trkpt lat="50.459001" lon="-104.533019">
<ele>556.2</ele>
<time>2026-08-28T19:41:51.191-06:00</time>
<extensions>
<gpxtpx:TrackPointExtension>
<gpxtpx:speed>3</gpxtpx:speed>
</gpxtpx:TrackPointExtension>
<opentracks:accuracy_horizontal>3.975</opentracks:accuracy_horizontal></extensions>
</trkpt>
<trkpt lat="50.459086" lon="-104.532947">
<ele>554.9</ele>
<time>2026-08-28T19:41:54.193-06:00</time>
<extensions>
<gpxtpx:TrackPointExtension>
<gpxtpx:speed>3.15</gpxtpx:speed>
</gpxtpx:TrackPointExtension>
<opentracks:accuracy_horizontal>4.117</opentracks:accuracy_horizontal></extensions>
</trkpt>
<trkpt lat="50.459195" lon="-104.532991">
<ele>555.1</ele>
<time>2026-08-28T19:41:57.193-06:00</time>
<extensions>
<gpxtpx:TrackPointExtension>
<gpxtpx:speed>2.94</gpxtpx:speed>
</gpxtpx:TrackPointExtension>
<opentracks:accuracy_horizontal>4.355</opentracks:accuracy_horizontal></extensions>
</trkpt>
<trkpt lat="50.459302" lon="-104.53305">
<ele>557.1</ele>
<time>2026-08-28T19:42:01.191-06:00</time>
<extensions>
<gpxtpx:TrackPointExtension>
<gpxtpx:speed>2.68</gpxtpx:speed>
</gpxtpx:TrackPointExtension>
<opentracks:accuracy_horizontal>4.219</opentracks:accuracy_horizontal></extensions>
</trkpt>
<trkpt lat="50.459391" lon="-104.533009">
<ele>558.2</ele>
<time>2026-08-28T19:42:05.183-06:00</time>
<extensions>
<gpxtpx:TrackPointExtension>
<gpxtpx:speed>2.42</gpxtpx:speed>
</gpxtpx:TrackPointExtension>
<opentracks:accuracy_horizontal>3.794</opentracks:accuracy_horizontal></extensions>
</trkpt>
<trkpt lat="50.459482" lon="-104.53291">
<ele>558.8</ele>
<time>2026-08-28T19:42:09.201-06:00</time>
<extensions>
<gpxtpx:TrackPointExtension>
<gpxtpx:speed>2.33</gpxtpx:speed>
</gpxtpx:TrackPointExtension>
<opentracks:accuracy_horizontal>3.812</opentracks:accuracy_horizontal></extensions>
</trkpt>
<trkpt lat="50.459568" lon="-104.532824">
<ele>560.5</ele>
<time>2026-08-28T19:42:14.174-06:00</time>
<extensions>
<gpxtpx:TrackPointExtension>
<gpxtpx:speed>2.23</gpxtpx:speed>
</gpxtpx:TrackPointExtension>
<opentracks:accuracy_horizontal>4.31</opentracks:accuracy_horizontal></extensions>
</trkpt>
<trkpt lat="50.459652" lon="-104.532888">
<ele>560.7</ele>
<time>2026-08-28T19:42:17.205-06:00</time>
<extensions>
<gpxtpx:TrackPointExtension>
<gpxtpx:speed>2.52</gpxtpx:speed>
</gpxtpx:TrackPointExtension>
<opentracks:accuracy_horizontal>4.155</opentracks:accuracy_horizontal></extensions>
</trkpt>
<trkpt lat="50.459724" lon="-104.532979">
<ele>560.5</ele>
<time>2026-08-28T19:42:20.19-06:00</time>
<extensions>
<gpxtpx:TrackPointExtension>
<gpxtpx:speed>2.31</gpxtpx:speed>
</gpxtpx:TrackPointExtension>
<opentracks:accuracy_horizontal>3.894</opentracks:accuracy_horizontal></extensions>
</trkpt>
<trkpt lat="50.45982" lon="-104.532956">
<ele>561.8</ele>
<time>2026-08-28T19:42:24.183-06:00</time>
<extensions>
<gpxtpx:TrackPointExtension>
<gpxtpx:speed>2.85</gpxtpx:speed>
</gpxtpx:TrackPointExtension>
<opentracks:accuracy_horizontal>3.804</opentracks:accuracy_horizontal></extensions>
</trkpt>
<trkpt lat="50.459912" lon="-104.53295">
<ele>562.4</ele>
<time>2026-08-28T19:42:27.18-06:00</time>
<extensions>
<gpxtpx:TrackPointExtension>
<gpxtpx:speed>2.97</gpxtpx:speed>
</gpxtpx:TrackPointExtension>
<opentracks:accuracy_horizontal>4.095</opentracks:accuracy_horizontal></extensions>
</trkpt>
<trkpt lat="50.459995" lon="-104.53301">
<ele>561.4</ele>
<time>2026-08-28T19:42:30.189-06:00</time>
<extensions>
<gpxtpx:TrackPointExtension>
<gpxtpx:speed>2.19</gpxtpx:speed>
</gpxtpx:TrackPointExtension>
<opentracks:accuracy_horizontal>4.231</opentracks:accuracy_horizontal></extensions>
</trkpt>
<trkpt lat="50.460063" lon="-104.533138">
<ele>560.3</ele>
<time>2026-08-28T19:42:35.181-06:00</time>
<extensions>
<gpxtpx:TrackPointExtension>
<gpxtpx:speed>1.69</gpxtpx:speed>
</gpxtpx:TrackPointExtension>
<opentracks:accuracy_horizontal>3.98</opentracks:accuracy_horizontal></extensions>
</trkpt>
<trkpt lat="50.460154" lon="-104.533111">
<ele>561.7</ele>
<time>2026-08-28T19:42:41.204-06:00</time>
<extensions>
<gpxtpx:TrackPointExtension>
<gpxtpx:speed>1.38</gpxtpx:speed>
</gpxtpx:TrackPointExtension>
<opentracks:accuracy_horizontal>4.286</opentracks:accuracy_horizontal></extensions>
</trkpt>
<trkpt lat="50.460223" lon="-104.533012">
<ele>563.1</ele>
<time>2026-08-28T19:42:46.2-06:00</time>
<extensions>
<gpxtpx:TrackPointExtension>
<gpxtpx:speed>1.88</gpxtpx:speed>
</gpxtpx:TrackPointExtension>
<opentracks:accuracy_horizontal>3.795</opentracks:accuracy_horizontal></extensions>
</trkpt>
<trkpt lat="50.460323" lon="-104.532959">
<ele>563.2</ele>
<time>2026-08-28T19:42:51.195-06:00</time>
<extensions>
<gpxtpx:TrackPointExtension>
<gpxtpx:speed>1.96</gpxtpx:speed>
</gpxtpx:TrackPointExtension>
<opentracks:accuracy_horizontal>3.705</opentracks:accuracy_horizontal></extensions>
</trkpt>
<trkpt lat="50.460422" lon="-104.533015">
<ele>562.4</ele>
<time>2026-08-28T19:42:55.192-06:00</time>
<extensions>
<gpxtpx:TrackPointExtension>
<gpxtpx:speed>1.96</gpxtpx:speed>
</gpxtpx:TrackPointExtension>
<opentracks:accuracy_horizontal>4.002</opentracks:accuracy_horizontal></extensions>
</trkpt>
<trkpt lat="50.460509" lon="-104.533064">
<ele>562.4</ele>
<time>2026-08-28T19:43:00.193-06:00</time>
<extensions>
<gpxtpx:TrackPointExtension>
<gpxtpx:speed>1.89</gpxtpx:speed>
</gpxtpx:TrackPointExtension>
<opentracks:accuracy_horizontal>4.275</opentracks:accuracy_horizontal></extensions>
</trkpt>
<trkpt lat="50.460604" lon="-104.533135">
<ele>562.7</ele>
<time>2026-08-28T19:43:05.187-06:00</time>
<extensions>
<gpxtpx:TrackPointExtension>
<gpxtpx:speed>1.77</gpxtpx:speed>
</gpxtpx:TrackPointExtension>
<opentracks:accuracy_horizontal>3.631</opentracks:accuracy_horizontal></extensions>
</trkpt>
<trkpt lat="50.460693" lon="-104.533166">
<ele>561.6</ele>
<time>2026-08-28T19:43:10.185-06:00</time>
<extensions>
<gpxtpx:TrackPointExtension>
<gpxtpx:speed>2.11</gpxtpx:speed>
</gpxtpx:TrackPointExtension>
<opentracks:accuracy_horizontal>3.094</opentracks:accuracy_horizontal></extensions>
</trkpt>
<trkpt lat="50.460773" lon="-104.533232">
<ele>560.9</ele>
<time>2026-08-28T19:43:14.184-06:00</time>
<extensions>
<gpxtpx:TrackPointExtension>
<gpxtpx:speed>2.48</gpxtpx:speed>
</gpxtpx:TrackPointExtension>
<opentracks:accuracy_horizontal>3.214</opentracks:accuracy_horizontal></extensions>
</trkpt>
<trkpt lat="50.46088" lon="-104.533302">
<ele>560.3</ele>
<time>2026-08-28T19:43:18.188-06:00</time>
<extensions>
<gpxtpx:TrackPointExtension>
<gpxtpx:speed>3.59</gpxtpx:speed>
</gpxtpx:TrackPointExtension>
<opentracks:accuracy_horizontal>3.221</opentracks:accuracy_horizontal></extensions>
</trkpt>
<trkpt lat="50.460996" lon="-104.533341">
<ele>560.3</ele>
<time>2026-08-28T19:43:21.201-06:00</time>
<extensions>
<gpxtpx:TrackPointExtension>
<gpxtpx:speed>3.54</gpxtpx:speed>
</gpxtpx:TrackPointExtension>
<opentracks:accuracy_horizontal>3.073</opentracks:accuracy_horizontal></extensions>
</trkpt>
<trkpt lat="50.461091" lon="-104.53342">
<ele>560.9</ele>
<time>2026-08-28T19:43:24.193-06:00</time>
<extensions>
<gpxtpx:TrackPointExtension>
<gpxtpx:speed>3.28</gpxtpx:speed>
</gpxtpx:TrackPointExtension>
<opentracks:accuracy_horizontal>2.963</opentracks:accuracy_horizontal></extensions>
</trkpt>
<trkpt lat="50.461174" lon="-104.533502">
<ele>560.4</ele>
<time>2026-08-28T19:43:27.187-06:00</time>
<extensions>
<gpxtpx:TrackPointExtension>
<gpxtpx:speed>3.45</gpxtpx:speed>
</gpxtpx:TrackPointExtension>
<opentracks:accuracy_horizontal>2.966</opentracks:accuracy_horizontal></extensions>
</trkpt>
<trkpt lat="50.461261" lon="-104.533594">
<ele>560.4</ele>
<time>2026-08-28T19:43:30.196-06:00</time>
<extensions>
<gpxtpx:TrackPointExtension>
<gpxtpx:speed>3.49</gpxtpx:speed>
</gpxtpx:TrackPointExtension>
<opentracks:accuracy_horizontal>2.95</opentracks:accuracy_horizontal></extensions>
</trkpt>
<trkpt lat="50.461345" lon="-104.533673">
<ele>560.8</ele>
<time>2026-08-28T19:43:33.197-06:00</time>
<extensions>
<gpxtpx:TrackPointExtension>
<gpxtpx:speed>3.72</gpxtpx:speed>
</gpxtpx:TrackPointExtension>
<opentracks:accuracy_horizontal>2.881</opentracks:accuracy_horizontal></extensions>
</trkpt>
<trkpt lat="50.461437" lon="-104.533738">
<ele>560.3</ele>
<time>2026-08-28T19:43:36.186-06:00</time>
<extensions>
<gpxtpx:TrackPointExtension>
<gpxtpx:speed>3.5</gpxtpx:speed>
</gpxtpx:TrackPointExtension>
<opentracks:accuracy_horizontal>2.792</opentracks:accuracy_horizontal></extensions>
</trkpt>
<trkpt lat="50.461531" lon="-104.533776">
<ele>560.8</ele>
<time>2026-08-28T19:43:39.174-06:00</time>
<extensions>
<gpxtpx:TrackPointExtension>
<gpxtpx:speed>3.77</gpxtpx:speed>
</gpxtpx:TrackPointExtension>
<opentracks:accuracy_horizontal>2.805</opentracks:accuracy_horizontal></extensions>
</trkpt>
<trkpt lat="50.461629" lon="-104.533832">
<ele>560.5</ele>
<time>2026-08-28T19:43:42.19-06:00</time>
<extensions>
<gpxtpx:TrackPointExtension>
<gpxtpx:speed>3.4</gpxtpx:speed>
</gpxtpx:TrackPointExtension>
<opentracks:accuracy_horizontal>2.795</opentracks:accuracy_horizontal></extensions>
</trkpt>
<trkpt lat="50.461722" lon="-104.533883">
<ele>560.7</ele>
<time>2026-08-28T19:43:45.194-06:00</time>
<extensions>
<gpxtpx:TrackPointExtension>
<gpxtpx:speed>3.45</gpxtpx:speed>
</gpxtpx:TrackPointExtension>
<opentracks:accuracy_horizontal>2.799</opentracks:accuracy_horizontal></extensions>
</trkpt>
<trkpt lat="50.461801" lon="-104.533985">
<ele>560.2</ele>
<time>2026-08-28T19:43:48.203-06:00</time>
<extensions>
<gpxtpx:TrackPointExtension>
<gpxtpx:speed>3.93</gpxtpx:speed>
</gpxtpx:TrackPointExtension>
<opentracks:accuracy_horizontal>2.803</opentracks:accuracy_horizontal></extensions>
</trkpt>
<trkpt lat="50.461896" lon="-104.534058">
<ele>560.5</ele>
<time>2026-08-28T19:43:51.173-06:00</time>
<extensions>
<gpxtpx:TrackPointExtension>
<gpxtpx:speed>4.32</gpxtpx:speed>
</gpxtpx:TrackPointExtension>
<opentracks:accuracy_horizontal>2.731</opentracks:accuracy_horizontal></extensions>
</trkpt>
<trkpt lat="50.462004" lon="-104.534122">
<ele>559.8</ele>
<time>2026-08-28T19:43:54.187-06:00</time>
<extensions>
<gpxtpx:TrackPointExtension>
<gpxtpx:speed>4</gpxtpx:speed>
</gpxtpx:TrackPointExtension>
<opentracks:accuracy_horizontal>2.735</opentracks:accuracy_horizontal></extensions>
</trkpt>
<trkpt lat="50.462108" lon="-104.534181">
<ele>560.4</ele>
<time>2026-08-28T19:43:57.202-06:00</time>
<extensions>
<gpxtpx:TrackPointExtension>
<gpxtpx:speed>3.78</gpxtpx:speed>
</gpxtpx:TrackPointExtension>
<opentracks:accuracy_horizontal>2.813</opentracks:accuracy_horizontal></extensions>
</trkpt>
<trkpt lat="50.462208" lon="-104.53424">
<ele>559.9</ele>
<time>2026-08-28T19:44:00.206-06:00</time>
<extensions>
<gpxtpx:TrackPointExtension>
<gpxtpx:speed>4.08</gpxtpx:speed>
</gpxtpx:TrackPointExtension>
<opentracks:accuracy_horizontal>2.906</opentracks:accuracy_horizontal></extensions>
</trkpt>
<trkpt lat="50.462314" lon="-104.534327">
<ele>559.7</ele>
<time>2026-08-28T19:44:03.196-06:00</time>
<extensions>
<gpxtpx:TrackPointExtension>
<gpxtpx:speed>4.36</gpxtpx:speed>
</gpxtpx:TrackPointExtension>
<opentracks:accuracy_horizontal>3.701</opentracks:accuracy_horizontal></extensions>
</trkpt>
<trkpt lat="50.46242" lon="-104.534394">
<ele>559.2</ele>
<time>2026-08-28T19:44:06.2-06:00</time>
<extensions>
<gpxtpx:TrackPointExtension>
<gpxtpx:speed>4.45</gpxtpx:speed>
</gpxtpx:TrackPointExtension>
<opentracks:accuracy_horizontal>3.701</opentracks:accuracy_horizontal></extensions>
</trkpt>
<trkpt lat="50.462524" lon="-104.534461">
<ele>559.3</ele>
<time>2026-08-28T19:44:09.187-06:00</time>
<extensions>
<gpxtpx:TrackPointExtension>
<gpxtpx:speed>4.1</gpxtpx:speed>
</gpxtpx:TrackPointExtension>
<opentracks:accuracy_horizontal>3.701</opentracks:accuracy_horizontal></extensions>
</trkpt>
<trkpt lat="50.462611" lon="-104.534563">
<ele>559.1</ele>
<time>2026-08-28T19:44:12.206-06:00</time>
<extensions>
<gpxtpx:TrackPointExtension>
<gpxtpx:speed>3.78</gpxtpx:speed>
</gpxtpx:TrackPointExtension>
<opentracks:accuracy_horizontal>3.758</opentracks:accuracy_horizontal></extensions>
</trkpt>
<trkpt lat="50.462673" lon="-104.534702">
<ele>559.5</ele>
<time>2026-08-28T19:44:16.197-06:00</time>
<extensions>
<gpxtpx:TrackPointExtension>
<gpxtpx:speed>2.98</gpxtpx:speed>
</gpxtpx:TrackPointExtension>
<opentracks:accuracy_horizontal>3.884</opentracks:accuracy_horizontal></extensions>
</trkpt>
<trkpt lat="50.462781" lon="-104.534699">
<ele>559.6</ele>
<time>2026-08-28T19:44:20.178-06:00</time>
<extensions>
<gpxtpx:TrackPointExtension>
<gpxtpx:speed>3.55</gpxtpx:speed>
</gpxtpx:TrackPointExtension>
<opentracks:accuracy_horizontal>3.999</opentracks:accuracy_horizontal></extensions>
</trkpt>
<trkpt lat="50.462859" lon="-104.534611">
<ele>559.9</ele>
<time>2026-08-28T19:44:23.196-06:00</time>
<extensions>
<gpxtpx:TrackPointExtension>
<gpxtpx:speed>3.22</gpxtpx:speed>
</gpxtpx:TrackPointExtension>
<opentracks:accuracy_horizontal>3.969</opentracks:accuracy_horizontal></extensions>
</trkpt>
<trkpt lat="50.462957" lon="-104.534655">
<ele>560.2</ele>
<time>2026-08-28T19:44:27.184-06:00</time>
<extensions>
<gpxtpx:TrackPointExtension>
<gpxtpx:speed>2.69</gpxtpx:speed>
</gpxtpx:TrackPointExtension>
<opentracks:accuracy_horizontal>3.699</opentracks:accuracy_horizontal></extensions>
</trkpt>
<trkpt lat="50.463056" lon="-104.534656">
<ele>560.6</ele>
<time>2026-08-28T19:44:31.189-06:00</time>
<extensions>
<gpxtpx:TrackPointExtension>
<gpxtpx:speed>3.16</gpxtpx:speed>
</gpxtpx:TrackPointExtension>
<opentracks:accuracy_horizontal>3.717</opentracks:accuracy_horizontal></extensions>
</trkpt>
<trkpt lat="50.463166" lon="-104.534703">
<ele>560.8</ele>
<time>2026-08-28T19:44:34.198-06:00</time>
<extensions>
<gpxtpx:TrackPointExtension>
<gpxtpx:speed>4.11</gpxtpx:speed>
</gpxtpx:TrackPointExtension>
<opentracks:accuracy_horizontal>3.759</opentracks:accuracy_horizontal></extensions>
</trkpt>
<trkpt lat="50.463294" lon="-104.534745">
<ele>560.8</ele>
<time>2026-08-28T19:44:37.2-06:00</time>
<extensions>
<gpxtpx:TrackPointExtension>
<gpxtpx:speed>3.57</gpxtpx:speed>
</gpxtpx:TrackPointExtension>
<opentracks:accuracy_horizontal>3.705</opentracks:accuracy_horizontal></extensions>
</trkpt>
<trkpt lat="50.463433" lon="-104.534787">
<ele>560.6</ele>
<time>2026-08-28T19:44:40.195-06:00</time>
<extensions>
<gpxtpx:TrackPointExtension>
<gpxtpx:speed>4.48</gpxtpx:speed>
</gpxtpx:TrackPointExtension>
<opentracks:accuracy_horizontal>4</opentracks:accuracy_horizontal></extensions>
</trkpt>
<trkpt lat="50.463541" lon="-104.534823">
<ele>561.4</ele>
<time>2026-08-28T19:44:43.2-06:00</time>
<extensions>
<gpxtpx:TrackPointExtension>
<gpxtpx:speed>4.23</gpxtpx:speed>
</gpxtpx:TrackPointExtension>
<opentracks:accuracy_horizontal>3.698</opentracks:accuracy_horizontal></extensions>
</trkpt>
<trkpt lat="50.463663" lon="-104.534907">
<ele>559.8</ele>
<time>2026-08-28T19:44:46.174-06:00</time>
<extensions>
<gpxtpx:TrackPointExtension>
<gpxtpx:speed>3.95</gpxtpx:speed>
</gpxtpx:TrackPointExtension>
<opentracks:accuracy_horizontal>3.824</opentracks:accuracy_horizontal></extensions>
</trkpt>
<trkpt lat="50.463782" lon="-104.534926">
<ele>559.7</ele>
<time>2026-08-28T19:44:49.192-06:00</time>
<extensions>
<gpxtpx:TrackPointExtension>
<gpxtpx:speed>4.27</gpxtpx:speed>
</gpxtpx:TrackPointExtension>
<opentracks:accuracy_horizontal>3.698</opentracks:accuracy_horizontal></extensions>
</trkpt>
<trkpt lat="50.463898" lon="-104.53498">
<ele>559.3</ele>
<time>2026-08-28T19:44:52.214-06:00</time>
<extensions>
<gpxtpx:TrackPointExtension>
<gpxtpx:speed>4.44</gpxtpx:speed>
</gpxtpx:TrackPointExtension>
<opentracks:accuracy_horizontal>3.698</opentracks:accuracy_horizontal></extensions>
</trkpt>
<trkpt lat="50.464003" lon="-104.535079">
<ele>559.5</ele>
<time>2026-08-28T19:44:55.203-06:00</time>
<extensions>
<gpxtpx:TrackPointExtension>
<gpxtpx:speed>4.21</gpxtpx:speed>
</gpxtpx:TrackPointExtension>
<opentracks:accuracy_horizontal>3.698</opentracks:accuracy_horizontal></extensions>
</trkpt>
<trkpt lat="50.464122" lon="-104.535143">
<ele>560.3</ele>
<time>2026-08-28T19:44:58.206-06:00</time>
<extensions>
<gpxtpx:TrackPointExtension>
<gpxtpx:speed>4.48</gpxtpx:speed>
</gpxtpx:TrackPointExtension>
<opentracks:accuracy_horizontal>3.697</opentracks:accuracy_horizontal></extensions>
</trkpt>
<trkpt lat="50.464231" lon="-104.53515">
<ele>560.8</ele>
<time>2026-08-28T19:45:01.198-06:00</time>
<extensions>
<gpxtpx:TrackPointExtension>
<gpxtpx:speed>3.35</gpxtpx:speed>
</gpxtpx:TrackPointExtension>
<opentracks:accuracy_horizontal>3.793</opentracks:accuracy_horizontal></extensions>
</trkpt>
<trkpt lat="50.464332" lon="-104.535165">
<ele>561</ele>
<time>2026-08-28T19:45:05.209-06:00</time>
<extensions>
<gpxtpx:TrackPointExtension>
<gpxtpx:speed>2.08</gpxtpx:speed>
</gpxtpx:TrackPointExtension>
<opentracks:accuracy_horizontal>3.697</opentracks:accuracy_horizontal></extensions>
</trkpt>
<trkpt lat="50.464422" lon="-104.535237">
<ele>561.7</ele>
<time>2026-08-28T19:45:10.201-06:00</time>
<extensions>
<gpxtpx:TrackPointExtension>
<gpxtpx:speed>2.04</gpxtpx:speed>
</gpxtpx:TrackPointExtension>
<opentracks:accuracy_horizontal>3.697</opentracks:accuracy_horizontal></extensions>
</trkpt>
<trkpt lat="50.464459" lon="-104.535374">
<ele>561.7</ele>
<time>2026-08-28T19:45:13.198-06:00</time>
<extensions>
<gpxtpx:TrackPointExtension>
<gpxtpx:speed>2.68</gpxtpx:speed>
</gpxtpx:TrackPointExtension>
<opentracks:accuracy_horizontal>3.697</opentracks:accuracy_horizontal></extensions>
</trkpt>
<trkpt lat="50.46449" lon="-104.535527">
<ele>562.4</ele>
<time>2026-08-28T19:45:16.208-06:00</time>
<extensions>
<gpxtpx:TrackPointExtension>
<gpxtpx:speed>3.87</gpxtpx:speed>
</gpxtpx:TrackPointExtension>
<opentracks:accuracy_horizontal>4.004</opentracks:accuracy_horizontal></extensions>
</trkpt>
<trkpt lat="50.464475" lon="-104.535724">
<ele>562.6</ele>
<time>2026-08-28T19:45:19.208-06:00</time>
<extensions>
<gpxtpx:TrackPointExtension>
<gpxtpx:speed>3.95</gpxtpx:speed>
</gpxtpx:TrackPointExtension>
<opentracks:accuracy_horizontal>3.696</opentracks:accuracy_horizontal></extensions>
</trkpt>
<trkpt lat="50.464445" lon="-104.535904">
<ele>561.8</ele>
<time>2026-08-28T19:45:22.203-06:00</time>
<extensions>
<gpxtpx:TrackPointExtension>
<gpxtpx:speed>4.78</gpxtpx:speed>
</gpxtpx:TrackPointExtension>
<opentracks:accuracy_horizontal>3.696</opentracks:accuracy_horizontal></extensions>
</trkpt>
<trkpt lat="50.464391" lon="-104.536087">
<ele>561.6</ele>
<time>2026-08-28T19:45:25.202-06:00</time>
<extensions>
<gpxtpx:TrackPointExtension>
<gpxtpx:speed>3.96</gpxtpx:speed>
</gpxtpx:TrackPointExtension>
<opentracks:accuracy_horizontal>3.696</opentracks:accuracy_horizontal></extensions>
</trkpt>
<trkpt lat="50.464357" lon="-104.536274">
<ele>561.3</ele>
<time>2026-08-28T19:45:28.197-06:00</time>
<extensions>
<gpxtpx:TrackPointExtension>
<gpxtpx:speed>3.93</gpxtpx:speed>
</gpxtpx:TrackPointExtension>
<opentracks:accuracy_horizontal>3.696</opentracks:accuracy_horizontal></extensions>
</trkpt>
<trkpt lat="50.464413" lon="-104.53644">
<ele>559.9</ele>
<time>2026-08-28T19:45:31.203-06:00</time>
<extensions>
<gpxtpx:TrackPointExtension>
<gpxtpx:speed>4.18</gpxtpx:speed>
</gpxtpx:TrackPointExtension>
<opentracks:accuracy_horizontal>3.695</opentracks:accuracy_horizontal></extensions>
</trkpt>
<trkpt lat="50.464527" lon="-104.536495">
<ele>559.2</ele>
<time>2026-08-28T19:45:34.195-06:00</time>
<extensions>
<gpxtpx:TrackPointExtension>
<gpxtpx:speed>4.07</gpxtpx:speed>
</gpxtpx:TrackPointExtension>
<opentracks:accuracy_horizontal>3.695</opentracks:accuracy_horizontal></extensions>
</trkpt>
<trkpt lat="50.464629" lon="-104.536523">
<ele>559.5</ele>
<time>2026-08-28T19:45:37.19-06:00</time>
<extensions>
<gpxtpx:TrackPointExtension>
<gpxtpx:speed>3.94</gpxtpx:speed>
</gpxtpx:TrackPointExtension>
<opentracks:accuracy_horizontal>3.695</opentracks:accuracy_horizontal></extensions>
</trkpt>
<trkpt lat="50.464731" lon="-104.536563">
<ele>560.1</ele>
<time>2026-08-28T19:45:40.202-06:00</time>
<extensions>
<gpxtpx:TrackPointExtension>
<gpxtpx:speed>4.14</gpxtpx:speed>
</gpxtpx:TrackPointExtension>
<opentracks:accuracy_horizontal>3.695</opentracks:accuracy_horizontal></extensions>
</trkpt>
<trkpt lat="50.464819" lon="-104.536595">
<ele>560.1</ele>
<time>2026-08-28T19:45:43.205-06:00</time>
<extensions>
<gpxtpx:TrackPointExtension>
<gpxtpx:speed>3.38</gpxtpx:speed>
</gpxtpx:TrackPointExtension>
<opentracks:accuracy_horizontal>3.695</opentracks:accuracy_horizontal></extensions>
</trkpt>
<trkpt lat="50.464931" lon="-104.536663">
<ele>560.6</ele>
<time>2026-08-28T19:45:47.213-06:00</time>
<extensions>
<gpxtpx:TrackPointExtension>
<gpxtpx:speed>3.01</gpxtpx:speed>
</gpxtpx:TrackPointExtension>
<opentracks:accuracy_horizontal>3.753</opentracks:accuracy_horizontal></extensions>
</trkpt>
<trkpt lat="50.46498" lon="-104.536804">
<ele>561.9</ele>
<time>2026-08-28T19:45:51.205-06:00</time>
<extensions>
<gpxtpx:TrackPointExtension>
<gpxtpx:speed>2.43</gpxtpx:speed>
</gpxtpx:TrackPointExtension>
<opentracks:accuracy_horizontal>3.694</opentracks:accuracy_horizontal></extensions>
</trkpt>
<trkpt lat="50.464989" lon="-104.536961">
<ele>561</ele>
<time>2026-08-28T19:45:56.19-06:00</time>
<extensions>
<gpxtpx:TrackPointExtension>
<gpxtpx:speed>1.25</gpxtpx:speed>
</gpxtpx:TrackPointExtension>
<opentracks:accuracy_horizontal>3.694</opentracks:accuracy_horizontal></extensions>
</trkpt>
<trkpt lat="50.46505" lon="-104.537006">
<ele>562.1</ele>
<time>2026-08-28T19:46:06.211-06:00</time>
<extensions>
<gpxtpx:TrackPointExtension>
<gpxtpx:speed>0</gpxtpx:speed>
</gpxtpx:TrackPointExtension>
<opentracks:accuracy_horizontal>4.67</opentracks:accuracy_horizontal></extensions>
</trkpt>
<trkpt lat="50.465142" lon="-104.537024">
<ele>556.5</ele>
<time>2026-08-28T19:47:58.202-06:00</time>
<extensions>
<gpxtpx:TrackPointExtension>
<gpxtpx:speed>0</gpxtpx:speed>
</gpxtpx:TrackPointExtension>
<opentracks:accuracy_horizontal>3.752</opentracks:accuracy_horizontal></extensions>
</trkpt>
<trkpt lat="50.465142" lon="-104.537024">
<ele>557</ele>
<time>2026-08-28T19:48:08.166-06:00</time>
<extensions>
<gpxtpx:TrackPointExtension>
<gpxtpx:speed>0</gpxtpx:speed>
</gpxtpx:TrackPointExtension>
<opentracks:accuracy_horizontal>3.61</opentracks:accuracy_horizontal></extensions>
</trkpt>
<trkpt lat="50.465123" lon="-104.537152">
<ele>557.7</ele>
<time>2026-08-28T19:49:41.26-06:00</time>
<extensions>
<gpxtpx:TrackPointExtension>
<gpxtpx:speed>0.48</gpxtpx:speed>
</gpxtpx:TrackPointExtension>
<opentracks:accuracy_horizontal>5.697</opentracks:accuracy_horizontal></extensions>
</trkpt>
</trkseg>
</trk>
</gpx>
