<?xml version="1.0" encoding="UTF-8"?>
<gpx
version="1.1"
creator="OpenTracks"
xmlns="http://www.topografix.com/GPX/1/1"
xmlns:topografix="http://www.topografix.com/GPX/Private/TopoGrafix/0/1"
xmlns:xsi="http://www.w3.org/2001/XMLSchema-instance"
xmlns:opentracks="http://opentracksapp.com/xmlschemas/v1"
xmlns:gpxtpx="http://www.garmin.com/xmlschemas/TrackPointExtension/v2"
xmlns:gpxtrkx="http://www.garmin.com/xmlschemas/TrackStatsExtension/v1"
xmlns:cluetrust="http://www.cluetrust.com/Schemas/"
xmlns:pwr="http://www.garmin.com/xmlschemas/PowerExtension/v1"
xsi:schemaLocation="http://www.topografix.com/GPX/1/1 http://www.topografix.com/GPX/1/1/gpx.xsd http://www.topografix.com/GPX/Private/TopoGrafix/0/1 http://www.topografix.com/GPX/Private/TopoGrafix/0/1/topografix.xsd http://www.garmin.com/xmlschemas/TrackPointExtension/v2 https://www8.garmin.com/xmlschemas/TrackPointExtensionv2.xsd http://www.garmin.com/xmlschemas/PowerExtension/v1 https://www8.garmin.com/xmlschemas/PowerExtensionv1.xsd http://www.garmin.com/xmlschemas/TrackStatsExtension/v1 https://www8.garmin.com/xmlschemas/TrackStatsExtension.xsd http://www.cluetrust.com/Schemas https://www.cluetrust.com/Schemas/gpxdata10.xsd http://opentracksapp.com/xmlschemas/v1 http://opentracksapp.com/xmlschemas/OpenTracks_v1.xsd">
<trk>
<name><![CDATA[2026-08-27T18:34-06]]></name>
<desc><![CDATA[]]></desc>
<type><![CDATA[cycling]]></type>
<extensions>
<topografix:color>c0c0c0</topografix:color>
<opentracks:trackid>b20d7308-e606-40ca-8704-c28825f9a2b6</opentracks:trackid>
<opentracks:typeTranslated><![CDATA[cycling]]></opentracks:typeTranslated>
<gpxtrkx:TrackStatsExtension>
<gpxtrkx:Distance>12938.9013671875</gpxtrkx:Distance>
<gpxtrkx:TimerTime>2762</gpxtrkx:TimerTime>
<gpxtrkx:MovingTime>2555</gpxtrkx:MovingTime>
<gpxtrkx:StoppedTime>206</gpxtrkx:StoppedTime>
<gpxtrkx:MaxSpeed>10.372188568115234</gpxtrkx:MaxSpeed>
</gpxtrkx:TrackStatsExtension>
</extensions>
<trkseg>
<trkpt lat="50.465097" lon="-104.537064">
<ele>557.8</ele>
<time>2026-08-27T18:34:10.4-06:00</time>
<extensions>
<gpxtpx:TrackPointExtension>
<gpxtpx:speed>0</gpxtpx:speed>
</gpxtpx:TrackPointExtension>
<opentracks:accuracy_horizontal>11.997</opentracks:accuracy_horizontal></extensions>
</trkpt>
<trkpt lat="50.465092" lon="-104.537098">
<ele>558.5</ele>
<time>2026-08-27T18:34:19.826-06:00</time>
<extensions>
<gpxtpx:TrackPointExtension>
<gpxtpx:speed>0</gpxtpx:speed>
</gpxtpx:TrackPointExtension>
<opentracks:accuracy_horizontal>5.605</opentracks:accuracy_horizontal></extensions>
</trkpt>
<trkpt lat="50.46517" lon="-104.537019">
<ele>557.9</ele>
<time>2026-08-27T18:35:30.776-06:00</time>
<extensions>
<gpxtpx:TrackPointExtension>
<gpxtpx:speed>1.21</gpxtpx:speed>
</gpxtpx:TrackPointExtension>
<opentracks:accuracy_horizontal>9.385</opentracks:accuracy_horizontal></extensions>
</trkpt>
<trkpt lat="50.465139" lon="-104.537026">
<ele>555.3</ele>
<time>2026-08-27T18:35:40.77-06:00</time>
<extensions>
<gpxtpx:TrackPointExtension>
<gpxtpx:speed>0.27</gpxtpx:speed>
</gpxtpx:TrackPointExtension>
<opentracks:accuracy_horizontal>9.732</opentracks:accuracy_horizontal></extensions>
</trkpt>
<trkpt lat="50.465033" lon="-104.537005">
<ele>555.2</ele>
<time>2026-08-27T18:35:52.77-06:00</time>
<extensions>
<gpxtpx:TrackPointExtension>
<gpxtpx:speed>2.13</gpxtpx:speed>
</gpxtpx:TrackPointExtension>
<opentracks:accuracy_horizontal>6.595</opentracks:accuracy_horizontal></extensions>
</trkpt>
<trkpt lat="50.464969" lon="-104.53715">
<ele>555.1</ele>
<time>2026-08-27T18:35:57.78-06:00</time>
<extensions>
<gpxtpx:TrackPointExtension>
<gpxtpx:speed>2.41</gpxtpx:speed>
</gpxtpx:TrackPointExtension>
<opentracks:accuracy_horizontal>6.487</opentracks:accuracy_horizontal></extensions>
</trkpt>
<trkpt lat="50.464933" lon="-104.537287">
<ele>555.2</ele>
<time>2026-08-27T18:36:00.783-06:00</time>
<extensions>
<gpxtpx:TrackPointExtension>
<gpxtpx:speed>2.77</gpxtpx:speed>
</gpxtpx:TrackPointExtension>
<opentracks:accuracy_horizontal>6.158</opentracks:accuracy_horizontal></extensions>
</trkpt>
<trkpt lat="50.464913" lon="-104.537435">
<ele>557.1</ele>
<time>2026-08-27T18:36:03.768-06:00</time>
<extensions>
<gpxtpx:TrackPointExtension>
<gpxtpx:speed>3.02</gpxtpx:speed>
</gpxtpx:TrackPointExtension>
<opentracks:accuracy_horizontal>6.169</opentracks:accuracy_horizontal></extensions>
</trkpt>
<trkpt lat="50.464871" lon="-104.537604">
<ele>558</ele>
<time>2026-08-27T18:36:06.784-06:00</time>
<extensions>
<gpxtpx:TrackPointExtension>
<gpxtpx:speed>3.33</gpxtpx:speed>
</gpxtpx:TrackPointExtension>
<opentracks:accuracy_horizontal>5.826</opentracks:accuracy_horizontal></extensions>
</trkpt>
<trkpt lat="50.46482" lon="-104.537771">
<ele>559.6</ele>
<time>2026-08-27T18:36:09.781-06:00</time>
<extensions>
<gpxtpx:TrackPointExtension>
<gpxtpx:speed>3.56</gpxtpx:speed>
</gpxtpx:TrackPointExtension>
<opentracks:accuracy_horizontal>5.233</opentracks:accuracy_horizontal></extensions>
</trkpt>
<trkpt lat="50.464759" lon="-104.537952">
<ele>559.3</ele>
<time>2026-08-27T18:36:12.775-06:00</time>
<extensions>
<gpxtpx:TrackPointExtension>
<gpxtpx:speed>3.88</gpxtpx:speed>
</gpxtpx:TrackPointExtension>
<opentracks:accuracy_horizontal>4.597</opentracks:accuracy_horizontal></extensions>
</trkpt>
<trkpt lat="50.464703" lon="-104.538103">
<ele>559.4</ele>
<time>2026-08-27T18:36:15.779-06:00</time>
<extensions>
<gpxtpx:TrackPointExtension>
<gpxtpx:speed>3.94</gpxtpx:speed>
</gpxtpx:TrackPointExtension>
<opentracks:accuracy_horizontal>4.432</opentracks:accuracy_horizontal></extensions>
</trkpt>
<trkpt lat="50.464668" lon="-104.538239">
<ele>558.7</ele>
<time>2026-08-27T18:36:19.779-06:00</time>
<extensions>
<gpxtpx:TrackPointExtension>
<gpxtpx:speed>3.48</gpxtpx:speed>
</gpxtpx:TrackPointExtension>
<opentracks:accuracy_horizontal>4.543</opentracks:accuracy_horizontal></extensions>
</trkpt>
<trkpt lat="50.464645" lon="-104.538339">
<ele>558.6</ele>
<time>2026-08-27T18:36:29.783-06:00</time>
<extensions>
<gpxtpx:TrackPointExtension>
<gpxtpx:speed>1.74</gpxtpx:speed>
</gpxtpx:TrackPointExtension>
<opentracks:accuracy_horizontal>6.572</opentracks:accuracy_horizontal></extensions>
</trkpt>
<trkpt lat="50.464579" lon="-104.538448">
<ele>559.5</ele>
<time>2026-08-27T18:37:26.767-06:00</time>
<extensions>
<gpxtpx:TrackPointExtension>
<gpxtpx:speed>2.57</gpxtpx:speed>
</gpxtpx:TrackPointExtension>
<opentracks:accuracy_horizontal>5.266</opentracks:accuracy_horizontal></extensions>
</trkpt>
<trkpt lat="50.464524" lon="-104.538612">
<ele>558.2</ele>
<time>2026-08-27T18:37:30.783-06:00</time>
<extensions>
<gpxtpx:TrackPointExtension>
<gpxtpx:speed>2.99</gpxtpx:speed>
</gpxtpx:TrackPointExtension>
<opentracks:accuracy_horizontal>5.392</opentracks:accuracy_horizontal></extensions>
</trkpt>
<trkpt lat="50.464454" lon="-104.53874">
<ele>557.6</ele>
<time>2026-08-27T18:37:33.782-06:00</time>
<extensions>
<gpxtpx:TrackPointExtension>
<gpxtpx:speed>3.31</gpxtpx:speed>
</gpxtpx:TrackPointExtension>
<opentracks:accuracy_horizontal>5.318</opentracks:accuracy_horizontal></extensions>
</trkpt>
<trkpt lat="50.464347" lon="-104.538816">
<ele>558</ele>
<time>2026-08-27T18:37:36.782-06:00</time>
<extensions>
<gpxtpx:TrackPointExtension>
<gpxtpx:speed>3.61</gpxtpx:speed>
</gpxtpx:TrackPointExtension>
<opentracks:accuracy_horizontal>5.077</opentracks:accuracy_horizontal></extensions>
</trkpt>
<trkpt lat="50.464236" lon="-104.538922">
<ele>558.5</ele>
<time>2026-08-27T18:37:39.772-06:00</time>
<extensions>
<gpxtpx:TrackPointExtension>
<gpxtpx:speed>3.91</gpxtpx:speed>
</gpxtpx:TrackPointExtension>
<opentracks:accuracy_horizontal>4.921</opentracks:accuracy_horizontal></extensions>
</trkpt>
<trkpt lat="50.464125" lon="-104.539002">
<ele>558.1</ele>
<time>2026-08-27T18:37:42.775-06:00</time>
<extensions>
<gpxtpx:TrackPointExtension>
<gpxtpx:speed>4.07</gpxtpx:speed>
</gpxtpx:TrackPointExtension>
<opentracks:accuracy_horizontal>5.059</opentracks:accuracy_horizontal></extensions>
</trkpt>
<trkpt lat="50.46402" lon="-104.539097">
<ele>557.7</ele>
<time>2026-08-27T18:37:45.78-06:00</time>
<extensions>
<gpxtpx:TrackPointExtension>
<gpxtpx:speed>4.19</gpxtpx:speed>
</gpxtpx:TrackPointExtension>
<opentracks:accuracy_horizontal>5.139</opentracks:accuracy_horizontal></extensions>
</trkpt>
<trkpt lat="50.463909" lon="-104.5392">
<ele>558.2</ele>
<time>2026-08-27T18:37:48.767-06:00</time>
<extensions>
<gpxtpx:TrackPointExtension>
<gpxtpx:speed>4.33</gpxtpx:speed>
</gpxtpx:TrackPointExtension>
<opentracks:accuracy_horizontal>5.367</opentracks:accuracy_horizontal></extensions>
</trkpt>
<trkpt lat="50.463799" lon="-104.539303">
<ele>560.8</ele>
<time>2026-08-27T18:37:51.755-06:00</time>
<extensions>
<gpxtpx:TrackPointExtension>
<gpxtpx:speed>4.9</gpxtpx:speed>
</gpxtpx:TrackPointExtension>
<opentracks:accuracy_horizontal>4.192</opentracks:accuracy_horizontal></extensions>
</trkpt>
<trkpt lat="50.463687" lon="-104.539391">
<ele>561.1</ele>
<time>2026-08-27T18:37:54.78-06:00</time>
<extensions>
<gpxtpx:TrackPointExtension>
<gpxtpx:speed>4.12</gpxtpx:speed>
</gpxtpx:TrackPointExtension>
<opentracks:accuracy_horizontal>4.217</opentracks:accuracy_horizontal></extensions>
</trkpt>
<trkpt lat="50.463594" lon="-104.539475">
<ele>561.5</ele>
<time>2026-08-27T18:37:57.791-06:00</time>
<extensions>
<gpxtpx:TrackPointExtension>
<gpxtpx:speed>3.94</gpxtpx:speed>
</gpxtpx:TrackPointExtension>
<opentracks:accuracy_horizontal>4.193</opentracks:accuracy_horizontal></extensions>
</trkpt>
<trkpt lat="50.463499" lon="-104.539546">
<ele>561.5</ele>
<time>2026-08-27T18:38:00.792-06:00</time>
<extensions>
<gpxtpx:TrackPointExtension>
<gpxtpx:speed>3.47</gpxtpx:speed>
</gpxtpx:TrackPointExtension>
<opentracks:accuracy_horizontal>4.194</opentracks:accuracy_horizontal></extensions>
</trkpt>
<trkpt lat="50.463407" lon="-104.539517">
<ele>562.1</ele>
<time>2026-08-27T18:38:03.776-06:00</time>
<extensions>
<gpxtpx:TrackPointExtension>
<gpxtpx:speed>3.8</gpxtpx:speed>
</gpxtpx:TrackPointExtension>
<opentracks:accuracy_horizontal>4.303</opentracks:accuracy_horizontal></extensions>
</trkpt>
<trkpt lat="50.463327" lon="-104.539425">
<ele>561.7</ele>
<time>2026-08-27T18:38:06.784-06:00</time>
<extensions>
<gpxtpx:TrackPointExtension>
<gpxtpx:speed>3.96</gpxtpx:speed>
</gpxtpx:TrackPointExtension>
<opentracks:accuracy_horizontal>4.299</opentracks:accuracy_horizontal></extensions>
</trkpt>
<trkpt lat="50.46326" lon="-104.539252">
<ele>561.8</ele>
<time>2026-08-27T18:38:09.774-06:00</time>
<extensions>
<gpxtpx:TrackPointExtension>
<gpxtpx:speed>4.09</gpxtpx:speed>
</gpxtpx:TrackPointExtension>
<opentracks:accuracy_horizontal>4.195</opentracks:accuracy_horizontal></extensions>
</trkpt>
<trkpt lat="50.463207" lon="-104.539097">
<ele>562.1</ele>
<time>2026-08-27T18:38:12.783-06:00</time>
<extensions>
<gpxtpx:TrackPointExtension>
<gpxtpx:speed>3.9</gpxtpx:speed>
</gpxtpx:TrackPointExtension>
<opentracks:accuracy_horizontal>4.196</opentracks:accuracy_horizontal></extensions>
</trkpt>
<trkpt lat="50.463154" lon="-104.538948">
<ele>561.9</ele>
<time>2026-08-27T18:38:15.777-06:00</time>
<extensions>
<gpxtpx:TrackPointExtension>
<gpxtpx:speed>3.95</gpxtpx:speed>
</gpxtpx:TrackPointExtension>
<opentracks:accuracy_horizontal>4.196</opentracks:accuracy_horizontal></extensions>
</trkpt>
<trkpt lat="50.4631" lon="-104.538786">
<ele>561.7</ele>
<time>2026-08-27T18:38:18.776-06:00</time>
<extensions>
<gpxtpx:TrackPointExtension>
<gpxtpx:speed>4.06</gpxtpx:speed>
</gpxtpx:TrackPointExtension>
<opentracks:accuracy_horizontal>4.182</opentracks:accuracy_horizontal></extensions>
</trkpt>
<trkpt lat="50.463048" lon="-104.538635">
<ele>561.5</ele>
<time>2026-08-27T18:38:21.786-06:00</time>
<extensions>
<gpxtpx:TrackPointExtension>
<gpxtpx:speed>3.78</gpxtpx:speed>
</gpxtpx:TrackPointExtension>
<opentracks:accuracy_horizontal>4.197</opentracks:accuracy_horizontal></extensions>
</trkpt>
<trkpt lat="50.463002" lon="-104.538489">
<ele>561</ele>
<time>2026-08-27T18:38:24.782-06:00</time>
<extensions>
<gpxtpx:TrackPointExtension>
<gpxtpx:speed>4.04</gpxtpx:speed>
</gpxtpx:TrackPointExtension>
<opentracks:accuracy_horizontal>4.198</opentracks:accuracy_horizontal></extensions>
</trkpt>
<trkpt lat="50.462948" lon="-104.53834">
<ele>561</ele>
<time>2026-08-27T18:38:27.783-06:00</time>
<extensions>
<gpxtpx:TrackPointExtension>
<gpxtpx:speed>3.94</gpxtpx:speed>
</gpxtpx:TrackPointExtension>
<opentracks:accuracy_horizontal>4.198</opentracks:accuracy_horizontal></extensions>
</trkpt>
<trkpt lat="50.462895" lon="-104.538188">
<ele>561.2</ele>
<time>2026-08-27T18:38:30.783-06:00</time>
<extensions>
<gpxtpx:TrackPointExtension>
<gpxtpx:speed>4</gpxtpx:speed>
</gpxtpx:TrackPointExtension>
<opentracks:accuracy_horizontal>4.199</opentracks:accuracy_horizontal></extensions>
</trkpt>
<trkpt lat="50.462857" lon="-104.538033">
<ele>560.7</ele>
<time>2026-08-27T18:38:33.787-06:00</time>
<extensions>
<gpxtpx:TrackPointExtension>
<gpxtpx:speed>3.56</gpxtpx:speed>
</gpxtpx:TrackPointExtension>
<opentracks:accuracy_horizontal>4.199</opentracks:accuracy_horizontal></extensions>
</trkpt>
<trkpt lat="50.462798" lon="-104.537884">
<ele>561.1</ele>
<time>2026-08-27T18:38:36.782-06:00</time>
<extensions>
<gpxtpx:TrackPointExtension>
<gpxtpx:speed>3.81</gpxtpx:speed>
</gpxtpx:TrackPointExtension>
<opentracks:accuracy_horizontal>4.2</opentracks:accuracy_horizontal></extensions>
</trkpt>
<trkpt lat="50.462733" lon="-104.537716">
<ele>560.7</ele>
<time>2026-08-27T18:38:39.774-06:00</time>
<extensions>
<gpxtpx:TrackPointExtension>
<gpxtpx:speed>4.2</gpxtpx:speed>
</gpxtpx:TrackPointExtension>
<opentracks:accuracy_horizontal>4.2</opentracks:accuracy_horizontal></extensions>
</trkpt>
<trkpt lat="50.462669" lon="-104.537557">
<ele>561.9</ele>
<time>2026-08-27T18:38:42.781-06:00</time>
<extensions>
<gpxtpx:TrackPointExtension>
<gpxtpx:speed>4.14</gpxtpx:speed>
</gpxtpx:TrackPointExtension>
<opentracks:accuracy_horizontal>4.201</opentracks:accuracy_horizontal></extensions>
</trkpt>
<trkpt lat="50.462605" lon="-104.53742">
<ele>563.4</ele>
<time>2026-08-27T18:38:45.775-06:00</time>
<extensions>
<gpxtpx:TrackPointExtension>
<gpxtpx:speed>3.98</gpxtpx:speed>
</gpxtpx:TrackPointExtension>
<opentracks:accuracy_horizontal>4.673</opentracks:accuracy_horizontal></extensions>
</trkpt>
<trkpt lat="50.462556" lon="-104.537267">
<ele>562.7</ele>
<time>2026-08-27T18:38:48.788-06:00</time>
<extensions>
<gpxtpx:TrackPointExtension>
<gpxtpx:speed>4.05</gpxtpx:speed>
</gpxtpx:TrackPointExtension>
<opentracks:accuracy_horizontal>4.896</opentracks:accuracy_horizontal></extensions>
</trkpt>
<trkpt lat="50.462523" lon="-104.537115">
<ele>561.8</ele>
<time>2026-08-27T18:38:51.788-06:00</time>
<extensions>
<gpxtpx:TrackPointExtension>
<gpxtpx:speed>3.75</gpxtpx:speed>
</gpxtpx:TrackPointExtension>
<opentracks:accuracy_horizontal>4.699</opentracks:accuracy_horizontal></extensions>
</trkpt>
<trkpt lat="50.462461" lon="-104.536998">
<ele>561.1</ele>
<time>2026-08-27T18:38:54.772-06:00</time>
<extensions>
<gpxtpx:TrackPointExtension>
<gpxtpx:speed>3.51</gpxtpx:speed>
</gpxtpx:TrackPointExtension>
<opentracks:accuracy_horizontal>4.72</opentracks:accuracy_horizontal></extensions>
</trkpt>
<trkpt lat="50.46239" lon="-104.536878">
<ele>561.3</ele>
<time>2026-08-27T18:38:57.77-06:00</time>
<extensions>
<gpxtpx:TrackPointExtension>
<gpxtpx:speed>4.34</gpxtpx:speed>
</gpxtpx:TrackPointExtension>
<opentracks:accuracy_horizontal>4.692</opentracks:accuracy_horizontal></extensions>
</trkpt>
<trkpt lat="50.462348" lon="-104.53674">
<ele>562.1</ele>
<time>2026-08-27T18:39:00.774-06:00</time>
<extensions>
<gpxtpx:TrackPointExtension>
<gpxtpx:speed>3.58</gpxtpx:speed>
</gpxtpx:TrackPointExtension>
<opentracks:accuracy_horizontal>4.556</opentracks:accuracy_horizontal></extensions>
</trkpt>
<trkpt lat="50.462291" lon="-104.536598">
<ele>562.1</ele>
<time>2026-08-27T18:39:04.761-06:00</time>
<extensions>
<gpxtpx:TrackPointExtension>
<gpxtpx:speed>3.43</gpxtpx:speed>
</gpxtpx:TrackPointExtension>
<opentracks:accuracy_horizontal>4.875</opentracks:accuracy_horizontal></extensions>
</trkpt>
<trkpt lat="50.462201" lon="-104.536665">
<ele>561.4</ele>
<time>2026-08-27T18:39:08.774-06:00</time>
<extensions>
<gpxtpx:TrackPointExtension>
<gpxtpx:speed>3.62</gpxtpx:speed>
</gpxtpx:TrackPointExtension>
<opentracks:accuracy_horizontal>5.571</opentracks:accuracy_horizontal></extensions>
</trkpt>
<trkpt lat="50.462105" lon="-104.536811">
<ele>561.6</ele>
<time>2026-08-27T18:39:11.785-06:00</time>
<extensions>
<gpxtpx:TrackPointExtension>
<gpxtpx:speed>3.72</gpxtpx:speed>
</gpxtpx:TrackPointExtension>
<opentracks:accuracy_horizontal>5.459</opentracks:accuracy_horizontal></extensions>
</trkpt>
<trkpt lat="50.462021" lon="-104.536905">
<ele>562.2</ele>
<time>2026-08-27T18:39:14.772-06:00</time>
<extensions>
<gpxtpx:TrackPointExtension>
<gpxtpx:speed>3.36</gpxtpx:speed>
</gpxtpx:TrackPointExtension>
<opentracks:accuracy_horizontal>5.383</opentracks:accuracy_horizontal></extensions>
</trkpt>
<trkpt lat="50.461942" lon="-104.537006">
<ele>561.6</ele>
<time>2026-08-27T18:39:17.779-06:00</time>
<extensions>
<gpxtpx:TrackPointExtension>
<gpxtpx:speed>3.86</gpxtpx:speed>
</gpxtpx:TrackPointExtension>
<opentracks:accuracy_horizontal>5.283</opentracks:accuracy_horizontal></extensions>
</trkpt>
<trkpt lat="50.461845" lon="-104.5371">
<ele>562.4</ele>
<time>2026-08-27T18:39:20.788-06:00</time>
<extensions>
<gpxtpx:TrackPointExtension>
<gpxtpx:speed>3.36</gpxtpx:speed>
</gpxtpx:TrackPointExtension>
<opentracks:accuracy_horizontal>5.503</opentracks:accuracy_horizontal></extensions>
</trkpt>
<trkpt lat="50.461757" lon="-104.537167">
<ele>562.2</ele>
<time>2026-08-27T18:39:23.764-06:00</time>
<extensions>
<gpxtpx:TrackPointExtension>
<gpxtpx:speed>3.3</gpxtpx:speed>
</gpxtpx:TrackPointExtension>
<opentracks:accuracy_horizontal>5.311</opentracks:accuracy_horizontal></extensions>
</trkpt>
<trkpt lat="50.461678" lon="-104.537268">
<ele>562.4</ele>
<time>2026-08-27T18:39:26.784-06:00</time>
<extensions>
<gpxtpx:TrackPointExtension>
<gpxtpx:speed>3.74</gpxtpx:speed>
</gpxtpx:TrackPointExtension>
<opentracks:accuracy_horizontal>5.022</opentracks:accuracy_horizontal></extensions>
</trkpt>
<trkpt lat="50.461608" lon="-104.53738">
<ele>562.9</ele>
<time>2026-08-27T18:39:29.78-06:00</time>
<extensions>
<gpxtpx:TrackPointExtension>
<gpxtpx:speed>3.73</gpxtpx:speed>
</gpxtpx:TrackPointExtension>
<opentracks:accuracy_horizontal>4.878</opentracks:accuracy_horizontal></extensions>
</trkpt>
<trkpt lat="50.461528" lon="-104.537476">
<ele>562.7</ele>
<time>2026-08-27T18:39:32.782-06:00</time>
<extensions>
<gpxtpx:TrackPointExtension>
<gpxtpx:speed>4.09</gpxtpx:speed>
</gpxtpx:TrackPointExtension>
<opentracks:accuracy_horizontal>5.083</opentracks:accuracy_horizontal></extensions>
</trkpt>
<trkpt lat="50.461424" lon="-104.537576">
<ele>561.5</ele>
<time>2026-08-27T18:39:35.778-06:00</time>
<extensions>
<gpxtpx:TrackPointExtension>
<gpxtpx:speed>3.66</gpxtpx:speed>
</gpxtpx:TrackPointExtension>
<opentracks:accuracy_horizontal>5.083</opentracks:accuracy_horizontal></extensions>
</trkpt>
<trkpt lat="50.461334" lon="-104.53768">
<ele>561.6</ele>
<time>2026-08-27T18:39:38.77-06:00</time>
<extensions>
<gpxtpx:TrackPointExtension>
<gpxtpx:speed>3.83</gpxtpx:speed>
</gpxtpx:TrackPointExtension>
<opentracks:accuracy_horizontal>5.043</opentracks:accuracy_horizontal></extensions>
</trkpt>
<trkpt lat="50.461236" lon="-104.537799">
<ele>561.5</ele>
<time>2026-08-27T18:39:41.779-06:00</time>
<extensions>
<gpxtpx:TrackPointExtension>
<gpxtpx:speed>4.28</gpxtpx:speed>
</gpxtpx:TrackPointExtension>
<opentracks:accuracy_horizontal>5.11</opentracks:accuracy_horizontal></extensions>
</trkpt>
<trkpt lat="50.46116" lon="-104.537966">
<ele>561.8</ele>
<time>2026-08-27T18:39:44.776-06:00</time>
<extensions>
<gpxtpx:TrackPointExtension>
<gpxtpx:speed>4.43</gpxtpx:speed>
</gpxtpx:TrackPointExtension>
<opentracks:accuracy_horizontal>5.099</opentracks:accuracy_horizontal></extensions>
</trkpt>
<trkpt lat="50.461114" lon="-104.538144">
<ele>561.1</ele>
<time>2026-08-27T18:39:47.776-06:00</time>
<extensions>
<gpxtpx:TrackPointExtension>
<gpxtpx:speed>4.21</gpxtpx:speed>
</gpxtpx:TrackPointExtension>
<opentracks:accuracy_horizontal>4.87</opentracks:accuracy_horizontal></extensions>
</trkpt>
<trkpt lat="50.461033" lon="-104.538248">
<ele>562.7</ele>
<time>2026-08-27T18:39:50.775-06:00</time>
<extensions>
<gpxtpx:TrackPointExtension>
<gpxtpx:speed>4.21</gpxtpx:speed>
</gpxtpx:TrackPointExtension>
<opentracks:accuracy_horizontal>4.898</opentracks:accuracy_horizontal></extensions>
</trkpt>
<trkpt lat="50.460929" lon="-104.538328">
<ele>564</ele>
<time>2026-08-27T18:39:53.795-06:00</time>
<extensions>
<gpxtpx:TrackPointExtension>
<gpxtpx:speed>3.88</gpxtpx:speed>
</gpxtpx:TrackPointExtension>
<opentracks:accuracy_horizontal>4.941</opentracks:accuracy_horizontal></extensions>
</trkpt>
<trkpt lat="50.460796" lon="-104.538323">
<ele>563.8</ele>
<time>2026-08-27T18:39:56.782-06:00</time>
<extensions>
<gpxtpx:TrackPointExtension>
<gpxtpx:speed>3.92</gpxtpx:speed>
</gpxtpx:TrackPointExtension>
<opentracks:accuracy_horizontal>4.861</opentracks:accuracy_horizontal></extensions>
</trkpt>
<trkpt lat="50.460707" lon="-104.538305">
<ele>563.9</ele>
<time>2026-08-27T18:39:58.753-06:00</time>
<extensions>
<gpxtpx:TrackPointExtension>
<gpxtpx:speed>4.04</gpxtpx:speed>
</gpxtpx:TrackPointExtension>
<opentracks:accuracy_horizontal>4.846</opentracks:accuracy_horizontal></extensions>
</trkpt>
<trkpt lat="50.460578" lon="-104.538283">
<ele>562.9</ele>
<time>2026-08-27T18:40:01.78-06:00</time>
<extensions>
<gpxtpx:TrackPointExtension>
<gpxtpx:speed>4.24</gpxtpx:speed>
</gpxtpx:TrackPointExtension>
<opentracks:accuracy_horizontal>4.671</opentracks:accuracy_horizontal></extensions>
</trkpt>
<trkpt lat="50.460459" lon="-104.538268">
<ele>563.1</ele>
<time>2026-08-27T18:40:04.771-06:00</time>
<extensions>
<gpxtpx:TrackPointExtension>
<gpxtpx:speed>4.37</gpxtpx:speed>
</gpxtpx:TrackPointExtension>
<opentracks:accuracy_horizontal>4.875</opentracks:accuracy_horizontal></extensions>
</trkpt>
<trkpt lat="50.460321" lon="-104.538277">
<ele>563.9</ele>
<time>2026-08-27T18:40:07.771-06:00</time>
<extensions>
<gpxtpx:TrackPointExtension>
<gpxtpx:speed>4.66</gpxtpx:speed>
</gpxtpx:TrackPointExtension>
<opentracks:accuracy_horizontal>4.858</opentracks:accuracy_horizontal></extensions>
</trkpt>
<trkpt lat="50.460225" lon="-104.538251">
<ele>563.2</ele>
<time>2026-08-27T18:40:09.752-06:00</time>
<extensions>
<gpxtpx:TrackPointExtension>
<gpxtpx:speed>4.73</gpxtpx:speed>
</gpxtpx:TrackPointExtension>
<opentracks:accuracy_horizontal>4.92</opentracks:accuracy_horizontal></extensions>
</trkpt>
<trkpt lat="50.460151" lon="-104.538169">
<ele>563.3</ele>
<time>2026-08-27T18:40:11.773-06:00</time>
<extensions>
<gpxtpx:TrackPointExtension>
<gpxtpx:speed>4.43</gpxtpx:speed>
</gpxtpx:TrackPointExtension>
<opentracks:accuracy_horizontal>5.232</opentracks:accuracy_horizontal></extensions>
</trkpt>
<trkpt lat="50.46011" lon="-104.538044">
<ele>565.8</ele>
<time>2026-08-27T18:40:13.768-06:00</time>
<extensions>
<gpxtpx:TrackPointExtension>
<gpxtpx:speed>3.78</gpxtpx:speed>
</gpxtpx:TrackPointExtension>
<opentracks:accuracy_horizontal>5.533</opentracks:accuracy_horizontal></extensions>
</trkpt>
<trkpt lat="50.460115" lon="-104.537828">
<ele>564.4</ele>
<time>2026-08-27T18:40:15.775-06:00</time>
<extensions>
<gpxtpx:TrackPointExtension>
<gpxtpx:speed>3.62</gpxtpx:speed>
</gpxtpx:TrackPointExtension>
<opentracks:accuracy_horizontal>5.318</opentracks:accuracy_horizontal></extensions>
</trkpt>
<trkpt lat="50.460123" lon="-104.537684">
<ele>563.9</ele>
<time>2026-08-27T18:40:17.757-06:00</time>
<extensions>
<gpxtpx:TrackPointExtension>
<gpxtpx:speed>4.01</gpxtpx:speed>
</gpxtpx:TrackPointExtension>
<opentracks:accuracy_horizontal>5.232</opentracks:accuracy_horizontal></extensions>
</trkpt>
<trkpt lat="50.460137" lon="-104.53754">
<ele>562.6</ele>
<time>2026-08-27T18:40:19.781-06:00</time>
<extensions>
<gpxtpx:TrackPointExtension>
<gpxtpx:speed>4.03</gpxtpx:speed>
</gpxtpx:TrackPointExtension>
<opentracks:accuracy_horizontal>5.051</opentracks:accuracy_horizontal></extensions>
</trkpt>
<trkpt lat="50.460143" lon="-104.537363">
<ele>563.2</ele>
<time>2026-08-27T18:40:22.784-06:00</time>
<extensions>
<gpxtpx:TrackPointExtension>
<gpxtpx:speed>3.81</gpxtpx:speed>
</gpxtpx:TrackPointExtension>
<opentracks:accuracy_horizontal>5.051</opentracks:accuracy_horizontal></extensions>
</trkpt>
<trkpt lat="50.46016" lon="-104.537222">
<ele>562.6</ele>
<time>2026-08-27T18:40:24.781-06:00</time>
<extensions>
<gpxtpx:TrackPointExtension>
<gpxtpx:speed>3.41</gpxtpx:speed>
</gpxtpx:TrackPointExtension>
<opentracks:accuracy_horizontal>4.794</opentracks:accuracy_horizontal></extensions>
</trkpt>
<trkpt lat="50.460231" lon="-104.53707">
<ele>562.6</ele>
<time>2026-08-27T18:40:27.778-06:00</time>
<extensions>
<gpxtpx:TrackPointExtension>
<gpxtpx:speed>3.45</gpxtpx:speed>
</gpxtpx:TrackPointExtension>
<opentracks:accuracy_horizontal>4.694</opentracks:accuracy_horizontal></extensions>
</trkpt>
<trkpt lat="50.460217" lon="-104.536913">
<ele>563.6</ele>
<time>2026-08-27T18:40:31.784-06:00</time>
<extensions>
<gpxtpx:TrackPointExtension>
<gpxtpx:speed>3.81</gpxtpx:speed>
</gpxtpx:TrackPointExtension>
<opentracks:accuracy_horizontal>4.848</opentracks:accuracy_horizontal></extensions>
</trkpt>
<trkpt lat="50.460196" lon="-104.53673">
<ele>564.1</ele>
<time>2026-08-27T18:40:34.751-06:00</time>
<extensions>
<gpxtpx:TrackPointExtension>
<gpxtpx:speed>3.97</gpxtpx:speed>
</gpxtpx:TrackPointExtension>
<opentracks:accuracy_horizontal>5.03</opentracks:accuracy_horizontal></extensions>
</trkpt>
<trkpt lat="50.46017" lon="-104.536548">
<ele>564.1</ele>
<time>2026-08-27T18:40:37.774-06:00</time>
<extensions>
<gpxtpx:TrackPointExtension>
<gpxtpx:speed>4.1</gpxtpx:speed>
</gpxtpx:TrackPointExtension>
<opentracks:accuracy_horizontal>4.863</opentracks:accuracy_horizontal></extensions>
</trkpt>
<trkpt lat="50.460186" lon="-104.536363">
<ele>565.7</ele>
<time>2026-08-27T18:40:40.781-06:00</time>
<extensions>
<gpxtpx:TrackPointExtension>
<gpxtpx:speed>3.94</gpxtpx:speed>
</gpxtpx:TrackPointExtension>
<opentracks:accuracy_horizontal>4.804</opentracks:accuracy_horizontal></extensions>
</trkpt>
<trkpt lat="50.460246" lon="-104.536205">
<ele>565.4</ele>
<time>2026-08-27T18:40:43.771-06:00</time>
<extensions>
<gpxtpx:TrackPointExtension>
<gpxtpx:speed>3.81</gpxtpx:speed>
</gpxtpx:TrackPointExtension>
<opentracks:accuracy_horizontal>4.839</opentracks:accuracy_horizontal></extensions>
</trkpt>
<trkpt lat="50.460291" lon="-104.536037">
<ele>563.6</ele>
<time>2026-08-27T18:40:46.786-06:00</time>
<extensions>
<gpxtpx:TrackPointExtension>
<gpxtpx:speed>3.9</gpxtpx:speed>
</gpxtpx:TrackPointExtension>
<opentracks:accuracy_horizontal>4.923</opentracks:accuracy_horizontal></extensions>
</trkpt>
<trkpt lat="50.460372" lon="-104.535865">
<ele>563.5</ele>
<time>2026-08-27T18:40:49.773-06:00</time>
<extensions>
<gpxtpx:TrackPointExtension>
<gpxtpx:speed>4.18</gpxtpx:speed>
</gpxtpx:TrackPointExtension>
<opentracks:accuracy_horizontal>4.815</opentracks:accuracy_horizontal></extensions>
</trkpt>
<trkpt lat="50.460434" lon="-104.535715">
<ele>563.7</ele>
<time>2026-08-27T18:40:52.787-06:00</time>
<extensions>
<gpxtpx:TrackPointExtension>
<gpxtpx:speed>3.4</gpxtpx:speed>
</gpxtpx:TrackPointExtension>
<opentracks:accuracy_horizontal>4.675</opentracks:accuracy_horizontal></extensions>
</trkpt>
<trkpt lat="50.460493" lon="-104.535564">
<ele>561.9</ele>
<time>2026-08-27T18:40:56.785-06:00</time>
<extensions>
<gpxtpx:TrackPointExtension>
<gpxtpx:speed>2.89</gpxtpx:speed>
</gpxtpx:TrackPointExtension>
<opentracks:accuracy_horizontal>4.651</opentracks:accuracy_horizontal></extensions>
</trkpt>
<trkpt lat="50.460546" lon="-104.535433">
<ele>562.7</ele>
<time>2026-08-27T18:41:00.775-06:00</time>
<extensions>
<gpxtpx:TrackPointExtension>
<gpxtpx:speed>2.69</gpxtpx:speed>
</gpxtpx:TrackPointExtension>
<opentracks:accuracy_horizontal>4.469</opentracks:accuracy_horizontal></extensions>
</trkpt>
<trkpt lat="50.460497" lon="-104.535292">
<ele>564.1</ele>
<time>2026-08-27T18:41:05.779-06:00</time>
<extensions>
<gpxtpx:TrackPointExtension>
<gpxtpx:speed>2.79</gpxtpx:speed>
</gpxtpx:TrackPointExtension>
<opentracks:accuracy_horizontal>4.543</opentracks:accuracy_horizontal></extensions>
</trkpt>
<trkpt lat="50.460388" lon="-104.535223">
<ele>564.3</ele>
<time>2026-08-27T18:41:09.783-06:00</time>
<extensions>
<gpxtpx:TrackPointExtension>
<gpxtpx:speed>3.88</gpxtpx:speed>
</gpxtpx:TrackPointExtension>
<opentracks:accuracy_horizontal>4.803</opentracks:accuracy_horizontal></extensions>
</trkpt>
<trkpt lat="50.460294" lon="-104.535156">
<ele>564.1</ele>
<time>2026-08-27T18:41:12.77-06:00</time>
<extensions>
<gpxtpx:TrackPointExtension>
<gpxtpx:speed>3.23</gpxtpx:speed>
</gpxtpx:TrackPointExtension>
<opentracks:accuracy_horizontal>4.772</opentracks:accuracy_horizontal></extensions>
</trkpt>
<trkpt lat="50.460186" lon="-104.535076">
<ele>565</ele>
<time>2026-08-27T18:41:16.784-06:00</time>
<extensions>
<gpxtpx:TrackPointExtension>
<gpxtpx:speed>3.75</gpxtpx:speed>
</gpxtpx:TrackPointExtension>
<opentracks:accuracy_horizontal>4.924</opentracks:accuracy_horizontal></extensions>
</trkpt>
<trkpt lat="50.4601" lon="-104.535025">
<ele>565</ele>
<time>2026-08-27T18:41:19.775-06:00</time>
<extensions>
<gpxtpx:TrackPointExtension>
<gpxtpx:speed>3.23</gpxtpx:speed>
</gpxtpx:TrackPointExtension>
<opentracks:accuracy_horizontal>4.91</opentracks:accuracy_horizontal></extensions>
</trkpt>
<trkpt lat="50.460015" lon="-104.534958">
<ele>565.2</ele>
<time>2026-08-27T18:41:22.773-06:00</time>
<extensions>
<gpxtpx:TrackPointExtension>
<gpxtpx:speed>2.98</gpxtpx:speed>
</gpxtpx:TrackPointExtension>
<opentracks:accuracy_horizontal>4.682</opentracks:accuracy_horizontal></extensions>
</trkpt>
<trkpt lat="50.459968" lon="-104.534809">
<ele>566</ele>
<time>2026-08-27T18:41:25.752-06:00</time>
<extensions>
<gpxtpx:TrackPointExtension>
<gpxtpx:speed>3.46</gpxtpx:speed>
</gpxtpx:TrackPointExtension>
<opentracks:accuracy_horizontal>4.723</opentracks:accuracy_horizontal></extensions>
</trkpt>
<trkpt lat="50.459955" lon="-104.534657">
<ele>566.5</ele>
<time>2026-08-27T18:41:28.787-06:00</time>
<extensions>
<gpxtpx:TrackPointExtension>
<gpxtpx:speed>3.17</gpxtpx:speed>
</gpxtpx:TrackPointExtension>
<opentracks:accuracy_horizontal>4.748</opentracks:accuracy_horizontal></extensions>
</trkpt>
<trkpt lat="50.460004" lon="-104.534495">
<ele>565.4</ele>
<time>2026-08-27T18:41:31.777-06:00</time>
<extensions>
<gpxtpx:TrackPointExtension>
<gpxtpx:speed>3.15</gpxtpx:speed>
</gpxtpx:TrackPointExtension>
<opentracks:accuracy_horizontal>4.726</opentracks:accuracy_horizontal></extensions>
</trkpt>
<trkpt lat="50.460053" lon="-104.534329">
<ele>565</ele>
<time>2026-08-27T18:41:34.788-06:00</time>
<extensions>
<gpxtpx:TrackPointExtension>
<gpxtpx:speed>3.41</gpxtpx:speed>
</gpxtpx:TrackPointExtension>
<opentracks:accuracy_horizontal>4.626</opentracks:accuracy_horizontal></extensions>
</trkpt>
<trkpt lat="50.4601" lon="-104.534186">
<ele>564.5</ele>
<time>2026-08-27T18:41:37.779-06:00</time>
<extensions>
<gpxtpx:TrackPointExtension>
<gpxtpx:speed>3.43</gpxtpx:speed>
</gpxtpx:TrackPointExtension>
<opentracks:accuracy_horizontal>4.709</opentracks:accuracy_horizontal></extensions>
</trkpt>
<trkpt lat="50.460164" lon="-104.534043">
<ele>566</ele>
<time>2026-08-27T18:41:40.79-06:00</time>
<extensions>
<gpxtpx:TrackPointExtension>
<gpxtpx:speed>3.97</gpxtpx:speed>
</gpxtpx:TrackPointExtension>
<opentracks:accuracy_horizontal>4.776</opentracks:accuracy_horizontal></extensions>
</trkpt>
<trkpt lat="50.460209" lon="-104.533911">
<ele>567</ele>
<time>2026-08-27T18:41:42.773-06:00</time>
<extensions>
<gpxtpx:TrackPointExtension>
<gpxtpx:speed>5.04</gpxtpx:speed>
</gpxtpx:TrackPointExtension>
<opentracks:accuracy_horizontal>5.005</opentracks:accuracy_horizontal></extensions>
</trkpt>
<trkpt lat="50.460264" lon="-104.533768">
<ele>565.9</ele>
<time>2026-08-27T18:41:44.783-06:00</time>
<extensions>
<gpxtpx:TrackPointExtension>
<gpxtpx:speed>6</gpxtpx:speed>
</gpxtpx:TrackPointExtension>
<opentracks:accuracy_horizontal>5.007</opentracks:accuracy_horizontal></extensions>
</trkpt>
<trkpt lat="50.460324" lon="-104.533586">
<ele>565.8</ele>
<time>2026-08-27T18:41:46.775-06:00</time>
<extensions>
<gpxtpx:TrackPointExtension>
<gpxtpx:speed>6.2</gpxtpx:speed>
</gpxtpx:TrackPointExtension>
<opentracks:accuracy_horizontal>4.824</opentracks:accuracy_horizontal></extensions>
</trkpt>
<trkpt lat="50.460394" lon="-104.533418">
<ele>565.3</ele>
<time>2026-08-27T18:41:48.772-06:00</time>
<extensions>
<gpxtpx:TrackPointExtension>
<gpxtpx:speed>6.51</gpxtpx:speed>
</gpxtpx:TrackPointExtension>
<opentracks:accuracy_horizontal>4.885</opentracks:accuracy_horizontal></extensions>
</trkpt>
<trkpt lat="50.460474" lon="-104.533217">
<ele>565.3</ele>
<time>2026-08-27T18:41:50.783-06:00</time>
<extensions>
<gpxtpx:TrackPointExtension>
<gpxtpx:speed>6.84</gpxtpx:speed>
</gpxtpx:TrackPointExtension>
<opentracks:accuracy_horizontal>4.885</opentracks:accuracy_horizontal></extensions>
</trkpt>
<trkpt lat="50.460534" lon="-104.533035">
<ele>564.6</ele>
<time>2026-08-27T18:41:52.783-06:00</time>
<extensions>
<gpxtpx:TrackPointExtension>
<gpxtpx:speed>6.53</gpxtpx:speed>
</gpxtpx:TrackPointExtension>
<opentracks:accuracy_horizontal>4.888</opentracks:accuracy_horizontal></extensions>
</trkpt>
<trkpt lat="50.460594" lon="-104.532871">
<ele>564.1</ele>
<time>2026-08-27T18:41:54.792-06:00</time>
<extensions>
<gpxtpx:TrackPointExtension>
<gpxtpx:speed>6.1</gpxtpx:speed>
</gpxtpx:TrackPointExtension>
<opentracks:accuracy_horizontal>4.845</opentracks:accuracy_horizontal></extensions>
</trkpt>
<trkpt lat="50.46065" lon="-104.532729">
<ele>563.6</ele>
<time>2026-08-27T18:41:56.78-06:00</time>
<extensions>
<gpxtpx:TrackPointExtension>
<gpxtpx:speed>6.05</gpxtpx:speed>
</gpxtpx:TrackPointExtension>
<opentracks:accuracy_horizontal>4.825</opentracks:accuracy_horizontal></extensions>
</trkpt>
<trkpt lat="50.460695" lon="-104.532571">
<ele>563.4</ele>
<time>2026-08-27T18:41:58.745-06:00</time>
<extensions>
<gpxtpx:TrackPointExtension>
<gpxtpx:speed>5.82</gpxtpx:speed>
</gpxtpx:TrackPointExtension>
<opentracks:accuracy_horizontal>4.785</opentracks:accuracy_horizontal></extensions>
</trkpt>
<trkpt lat="50.46073" lon="-104.532419">
<ele>562.7</ele>
<time>2026-08-27T18:42:00.783-06:00</time>
<extensions>
<gpxtpx:TrackPointExtension>
<gpxtpx:speed>5.79</gpxtpx:speed>
</gpxtpx:TrackPointExtension>
<opentracks:accuracy_horizontal>4.759</opentracks:accuracy_horizontal></extensions>
</trkpt>
<trkpt lat="50.460757" lon="-104.532281">
<ele>561.4</ele>
<time>2026-08-27T18:42:02.768-06:00</time>
<extensions>
<gpxtpx:TrackPointExtension>
<gpxtpx:speed>5.24</gpxtpx:speed>
</gpxtpx:TrackPointExtension>
<opentracks:accuracy_horizontal>4.602</opentracks:accuracy_horizontal></extensions>
</trkpt>
<trkpt lat="50.460768" lon="-104.532071">
<ele>560.7</ele>
<time>2026-08-27T18:42:05.811-06:00</time>
<extensions>
<gpxtpx:TrackPointExtension>
<gpxtpx:speed>5.28</gpxtpx:speed>
</gpxtpx:TrackPointExtension>
<opentracks:accuracy_horizontal>4.71</opentracks:accuracy_horizontal></extensions>
</trkpt>
<trkpt lat="50.460769" lon="-104.531924">
<ele>561</ele>
<time>2026-08-27T18:42:07.791-06:00</time>
<extensions>
<gpxtpx:TrackPointExtension>
<gpxtpx:speed>5.24</gpxtpx:speed>
</gpxtpx:TrackPointExtension>
<opentracks:accuracy_horizontal>4.797</opentracks:accuracy_horizontal></extensions>
</trkpt>
<trkpt lat="50.460767" lon="-104.531775">
<ele>561</ele>
<time>2026-08-27T18:42:09.778-06:00</time>
<extensions>
<gpxtpx:TrackPointExtension>
<gpxtpx:speed>5.18</gpxtpx:speed>
</gpxtpx:TrackPointExtension>
<opentracks:accuracy_horizontal>4.77</opentracks:accuracy_horizontal></extensions>
</trkpt>
<trkpt lat="50.460765" lon="-104.531628">
<ele>561.4</ele>
<time>2026-08-27T18:42:11.779-06:00</time>
<extensions>
<gpxtpx:TrackPointExtension>
<gpxtpx:speed>5.14</gpxtpx:speed>
</gpxtpx:TrackPointExtension>
<opentracks:accuracy_horizontal>4.785</opentracks:accuracy_horizontal></extensions>
</trkpt>
<trkpt lat="50.460758" lon="-104.531476">
<ele>562.8</ele>
<time>2026-08-27T18:42:13.781-06:00</time>
<extensions>
<gpxtpx:TrackPointExtension>
<gpxtpx:speed>5.19</gpxtpx:speed>
</gpxtpx:TrackPointExtension>
<opentracks:accuracy_horizontal>4.787</opentracks:accuracy_horizontal></extensions>
</trkpt>
<trkpt lat="50.460754" lon="-104.531335">
<ele>563.6</ele>
<time>2026-08-27T18:42:15.773-06:00</time>
<extensions>
<gpxtpx:TrackPointExtension>
<gpxtpx:speed>4.92</gpxtpx:speed>
</gpxtpx:TrackPointExtension>
<opentracks:accuracy_horizontal>4.802</opentracks:accuracy_horizontal></extensions>
</trkpt>
<trkpt lat="50.460746" lon="-104.531183">
<ele>563.5</ele>
<time>2026-08-27T18:42:17.779-06:00</time>
<extensions>
<gpxtpx:TrackPointExtension>
<gpxtpx:speed>4.97</gpxtpx:speed>
</gpxtpx:TrackPointExtension>
<opentracks:accuracy_horizontal>4.745</opentracks:accuracy_horizontal></extensions>
</trkpt>
<trkpt lat="50.460741" lon="-104.531036">
<ele>563.3</ele>
<time>2026-08-27T18:42:19.794-06:00</time>
<extensions>
<gpxtpx:TrackPointExtension>
<gpxtpx:speed>5</gpxtpx:speed>
</gpxtpx:TrackPointExtension>
<opentracks:accuracy_horizontal>4.718</opentracks:accuracy_horizontal></extensions>
</trkpt>
<trkpt lat="50.460739" lon="-104.530892">
<ele>562.9</ele>
<time>2026-08-27T18:42:21.778-06:00</time>
<extensions>
<gpxtpx:TrackPointExtension>
<gpxtpx:speed>4.27</gpxtpx:speed>
</gpxtpx:TrackPointExtension>
<opentracks:accuracy_horizontal>4.581</opentracks:accuracy_horizontal></extensions>
</trkpt>
<trkpt lat="50.460738" lon="-104.530721">
<ele>563.2</ele>
<time>2026-08-27T18:42:24.789-06:00</time>
<extensions>
<gpxtpx:TrackPointExtension>
<gpxtpx:speed>3.47</gpxtpx:speed>
</gpxtpx:TrackPointExtension>
<opentracks:accuracy_horizontal>4.696</opentracks:accuracy_horizontal></extensions>
</trkpt>
<trkpt lat="50.46066" lon="-104.530649">
<ele>562.3</ele>
<time>2026-08-27T18:42:27.78-06:00</time>
<extensions>
<gpxtpx:TrackPointExtension>
<gpxtpx:speed>4.62</gpxtpx:speed>
</gpxtpx:TrackPointExtension>
<opentracks:accuracy_horizontal>4.954</opentracks:accuracy_horizontal></extensions>
</trkpt>
<trkpt lat="50.460565" lon="-104.530651">
<ele>562</ele>
<time>2026-08-27T18:42:29.787-06:00</time>
<extensions>
<gpxtpx:TrackPointExtension>
<gpxtpx:speed>4.64</gpxtpx:speed>
</gpxtpx:TrackPointExtension>
<opentracks:accuracy_horizontal>5.186</opentracks:accuracy_horizontal></extensions>
</trkpt>
<trkpt lat="50.460457" lon="-104.530682">
<ele>562.4</ele>
<time>2026-08-27T18:42:31.784-06:00</time>
<extensions>
<gpxtpx:TrackPointExtension>
<gpxtpx:speed>5.19</gpxtpx:speed>
</gpxtpx:TrackPointExtension>
<opentracks:accuracy_horizontal>5.099</opentracks:accuracy_horizontal></extensions>
</trkpt>
<trkpt lat="50.46035" lon="-104.530694">
<ele>564.1</ele>
<time>2026-08-27T18:42:33.772-06:00</time>
<extensions>
<gpxtpx:TrackPointExtension>
<gpxtpx:speed>5.39</gpxtpx:speed>
</gpxtpx:TrackPointExtension>
<opentracks:accuracy_horizontal>4.951</opentracks:accuracy_horizontal></extensions>
</trkpt>
<trkpt lat="50.460246" lon="-104.530694">
<ele>565.2</ele>
<time>2026-08-27T18:42:35.777-06:00</time>
<extensions>
<gpxtpx:TrackPointExtension>
<gpxtpx:speed>5.4</gpxtpx:speed>
</gpxtpx:TrackPointExtension>
<opentracks:accuracy_horizontal>4.85</opentracks:accuracy_horizontal></extensions>
</trkpt>
<trkpt lat="50.460144" lon="-104.530687">
<ele>564.8</ele>
<time>2026-08-27T18:42:37.771-06:00</time>
<extensions>
<gpxtpx:TrackPointExtension>
<gpxtpx:speed>5.06</gpxtpx:speed>
</gpxtpx:TrackPointExtension>
<opentracks:accuracy_horizontal>4.736</opentracks:accuracy_horizontal></extensions>
</trkpt>
<trkpt lat="50.46001" lon="-104.530662">
<ele>564.7</ele>
<time>2026-08-27T18:42:40.795-06:00</time>
<extensions>
<gpxtpx:TrackPointExtension>
<gpxtpx:speed>4.81</gpxtpx:speed>
</gpxtpx:TrackPointExtension>
<opentracks:accuracy_horizontal>4.797</opentracks:accuracy_horizontal></extensions>
</trkpt>
<trkpt lat="50.459922" lon="-104.530615">
<ele>565.2</ele>
<time>2026-08-27T18:42:42.772-06:00</time>
<extensions>
<gpxtpx:TrackPointExtension>
<gpxtpx:speed>4.86</gpxtpx:speed>
</gpxtpx:TrackPointExtension>
<opentracks:accuracy_horizontal>4.803</opentracks:accuracy_horizontal></extensions>
</trkpt>
<trkpt lat="50.459838" lon="-104.530558">
<ele>565.6</ele>
<time>2026-08-27T18:42:44.782-06:00</time>
<extensions>
<gpxtpx:TrackPointExtension>
<gpxtpx:speed>4.61</gpxtpx:speed>
</gpxtpx:TrackPointExtension>
<opentracks:accuracy_horizontal>4.836</opentracks:accuracy_horizontal></extensions>
</trkpt>
<trkpt lat="50.459753" lon="-104.530505">
<ele>565.4</ele>
<time>2026-08-27T18:42:46.768-06:00</time>
<extensions>
<gpxtpx:TrackPointExtension>
<gpxtpx:speed>4.72</gpxtpx:speed>
</gpxtpx:TrackPointExtension>
<opentracks:accuracy_horizontal>4.594</opentracks:accuracy_horizontal></extensions>
</trkpt>
<trkpt lat="50.459664" lon="-104.53042">
<ele>565.5</ele>
<time>2026-08-27T18:42:48.779-06:00</time>
<extensions>
<gpxtpx:TrackPointExtension>
<gpxtpx:speed>4.93</gpxtpx:speed>
</gpxtpx:TrackPointExtension>
<opentracks:accuracy_horizontal>4.691</opentracks:accuracy_horizontal></extensions>
</trkpt>
<trkpt lat="50.459592" lon="-104.530327">
<ele>566.8</ele>
<time>2026-08-27T18:42:50.782-06:00</time>
<extensions>
<gpxtpx:TrackPointExtension>
<gpxtpx:speed>4.46</gpxtpx:speed>
</gpxtpx:TrackPointExtension>
<opentracks:accuracy_horizontal>4.671</opentracks:accuracy_horizontal></extensions>
</trkpt>
<trkpt lat="50.459499" lon="-104.53022">
<ele>567.5</ele>
<time>2026-08-27T18:42:53.794-06:00</time>
<extensions>
<gpxtpx:TrackPointExtension>
<gpxtpx:speed>4.53</gpxtpx:speed>
</gpxtpx:TrackPointExtension>
<opentracks:accuracy_horizontal>4.476</opentracks:accuracy_horizontal></extensions>
</trkpt>
<trkpt lat="50.459412" lon="-104.530183">
<ele>567.6</ele>
<time>2026-08-27T18:42:55.791-06:00</time>
<extensions>
<gpxtpx:TrackPointExtension>
<gpxtpx:speed>5.11</gpxtpx:speed>
</gpxtpx:TrackPointExtension>
<opentracks:accuracy_horizontal>4.539</opentracks:accuracy_horizontal></extensions>
</trkpt>
<trkpt lat="50.459327" lon="-104.53013">
<ele>566.3</ele>
<time>2026-08-27T18:42:57.784-06:00</time>
<extensions>
<gpxtpx:TrackPointExtension>
<gpxtpx:speed>4.61</gpxtpx:speed>
</gpxtpx:TrackPointExtension>
<opentracks:accuracy_horizontal>4.569</opentracks:accuracy_horizontal></extensions>
</trkpt>
<trkpt lat="50.459227" lon="-104.530007">
<ele>565.7</ele>
<time>2026-08-27T18:43:00.791-06:00</time>
<extensions>
<gpxtpx:TrackPointExtension>
<gpxtpx:speed>4.63</gpxtpx:speed>
</gpxtpx:TrackPointExtension>
<opentracks:accuracy_horizontal>4.718</opentracks:accuracy_horizontal></extensions>
</trkpt>
<trkpt lat="50.459137" lon="-104.529942">
<ele>565.4</ele>
<time>2026-08-27T18:43:02.781-06:00</time>
<extensions>
<gpxtpx:TrackPointExtension>
<gpxtpx:speed>5.4</gpxtpx:speed>
</gpxtpx:TrackPointExtension>
<opentracks:accuracy_horizontal>5.019</opentracks:accuracy_horizontal></extensions>
</trkpt>
<trkpt lat="50.459035" lon="-104.529898">
<ele>564.5</ele>
<time>2026-08-27T18:43:04.785-06:00</time>
<extensions>
<gpxtpx:TrackPointExtension>
<gpxtpx:speed>5.43</gpxtpx:speed>
</gpxtpx:TrackPointExtension>
<opentracks:accuracy_horizontal>4.733</opentracks:accuracy_horizontal></extensions>
</trkpt>
<trkpt lat="50.458935" lon="-104.529864">
<ele>564.2</ele>
<time>2026-08-27T18:43:06.795-06:00</time>
<extensions>
<gpxtpx:TrackPointExtension>
<gpxtpx:speed>5.23</gpxtpx:speed>
</gpxtpx:TrackPointExtension>
<opentracks:accuracy_horizontal>4.663</opentracks:accuracy_horizontal></extensions>
</trkpt>
<trkpt lat="50.458841" lon="-104.529855">
<ele>564.3</ele>
<time>2026-08-27T18:43:08.782-06:00</time>
<extensions>
<gpxtpx:TrackPointExtension>
<gpxtpx:speed>5.34</gpxtpx:speed>
</gpxtpx:TrackPointExtension>
<opentracks:accuracy_horizontal>4.689</opentracks:accuracy_horizontal></extensions>
</trkpt>
<trkpt lat="50.458744" lon="-104.529857">
<ele>564.8</ele>
<time>2026-08-27T18:43:10.788-06:00</time>
<extensions>
<gpxtpx:TrackPointExtension>
<gpxtpx:speed>5.25</gpxtpx:speed>
</gpxtpx:TrackPointExtension>
<opentracks:accuracy_horizontal>4.796</opentracks:accuracy_horizontal></extensions>
</trkpt>
<trkpt lat="50.458647" lon="-104.529854">
<ele>565</ele>
<time>2026-08-27T18:43:12.795-06:00</time>
<extensions>
<gpxtpx:TrackPointExtension>
<gpxtpx:speed>5.31</gpxtpx:speed>
</gpxtpx:TrackPointExtension>
<opentracks:accuracy_horizontal>4.757</opentracks:accuracy_horizontal></extensions>
</trkpt>
<trkpt lat="50.458542" lon="-104.529867">
<ele>564.5</ele>
<time>2026-08-27T18:43:14.779-06:00</time>
<extensions>
<gpxtpx:TrackPointExtension>
<gpxtpx:speed>5.32</gpxtpx:speed>
</gpxtpx:TrackPointExtension>
<opentracks:accuracy_horizontal>4.716</opentracks:accuracy_horizontal></extensions>
</trkpt>
<trkpt lat="50.458444" lon="-104.529888">
<ele>564.4</ele>
<time>2026-08-27T18:43:16.787-06:00</time>
<extensions>
<gpxtpx:TrackPointExtension>
<gpxtpx:speed>5.14</gpxtpx:speed>
</gpxtpx:TrackPointExtension>
<opentracks:accuracy_horizontal>4.751</opentracks:accuracy_horizontal></extensions>
</trkpt>
<trkpt lat="50.458317" lon="-104.529959">
<ele>564.5</ele>
<time>2026-08-27T18:43:19.794-06:00</time>
<extensions>
<gpxtpx:TrackPointExtension>
<gpxtpx:speed>5.1</gpxtpx:speed>
</gpxtpx:TrackPointExtension>
<opentracks:accuracy_horizontal>4.819</opentracks:accuracy_horizontal></extensions>
</trkpt>
<trkpt lat="50.458227" lon="-104.530006">
<ele>563.7</ele>
<time>2026-08-27T18:43:21.791-06:00</time>
<extensions>
<gpxtpx:TrackPointExtension>
<gpxtpx:speed>5.29</gpxtpx:speed>
</gpxtpx:TrackPointExtension>
<opentracks:accuracy_horizontal>5.06</opentracks:accuracy_horizontal></extensions>
</trkpt>
<trkpt lat="50.458131" lon="-104.530079">
<ele>563.5</ele>
<time>2026-08-27T18:43:23.781-06:00</time>
<extensions>
<gpxtpx:TrackPointExtension>
<gpxtpx:speed>5.64</gpxtpx:speed>
</gpxtpx:TrackPointExtension>
<opentracks:accuracy_horizontal>5.161</opentracks:accuracy_horizontal></extensions>
</trkpt>
<trkpt lat="50.458041" lon="-104.530171">
<ele>563.4</ele>
<time>2026-08-27T18:43:25.795-06:00</time>
<extensions>
<gpxtpx:TrackPointExtension>
<gpxtpx:speed>5.81</gpxtpx:speed>
</gpxtpx:TrackPointExtension>
<opentracks:accuracy_horizontal>4.988</opentracks:accuracy_horizontal></extensions>
</trkpt>
<trkpt lat="50.457944" lon="-104.530242">
<ele>563.1</ele>
<time>2026-08-27T18:43:27.781-06:00</time>
<extensions>
<gpxtpx:TrackPointExtension>
<gpxtpx:speed>6.01</gpxtpx:speed>
</gpxtpx:TrackPointExtension>
<opentracks:accuracy_horizontal>4.761</opentracks:accuracy_horizontal></extensions>
</trkpt>
<trkpt lat="50.457843" lon="-104.530257">
<ele>563</ele>
<time>2026-08-27T18:43:29.794-06:00</time>
<extensions>
<gpxtpx:TrackPointExtension>
<gpxtpx:speed>5.33</gpxtpx:speed>
</gpxtpx:TrackPointExtension>
<opentracks:accuracy_horizontal>4.671</opentracks:accuracy_horizontal></extensions>
</trkpt>
<trkpt lat="50.457748" lon="-104.530279">
<ele>562.3</ele>
<time>2026-08-27T18:43:31.783-06:00</time>
<extensions>
<gpxtpx:TrackPointExtension>
<gpxtpx:speed>5.5</gpxtpx:speed>
</gpxtpx:TrackPointExtension>
<opentracks:accuracy_horizontal>4.791</opentracks:accuracy_horizontal></extensions>
</trkpt>
<trkpt lat="50.457646" lon="-104.53034">
<ele>561.1</ele>
<time>2026-08-27T18:43:33.795-06:00</time>
<extensions>
<gpxtpx:TrackPointExtension>
<gpxtpx:speed>5.66</gpxtpx:speed>
</gpxtpx:TrackPointExtension>
<opentracks:accuracy_horizontal>4.794</opentracks:accuracy_horizontal></extensions>
</trkpt>
<trkpt lat="50.457547" lon="-104.530421">
<ele>561.1</ele>
<time>2026-08-27T18:43:35.781-06:00</time>
<extensions>
<gpxtpx:TrackPointExtension>
<gpxtpx:speed>5.87</gpxtpx:speed>
</gpxtpx:TrackPointExtension>
<opentracks:accuracy_horizontal>4.8</opentracks:accuracy_horizontal></extensions>
</trkpt>
<trkpt lat="50.457451" lon="-104.530507">
<ele>561</ele>
<time>2026-08-27T18:43:37.783-06:00</time>
<extensions>
<gpxtpx:TrackPointExtension>
<gpxtpx:speed>5.64</gpxtpx:speed>
</gpxtpx:TrackPointExtension>
<opentracks:accuracy_horizontal>4.856</opentracks:accuracy_horizontal></extensions>
</trkpt>
<trkpt lat="50.457369" lon="-104.530606">
<ele>560.2</ele>
<time>2026-08-27T18:43:39.781-06:00</time>
<extensions>
<gpxtpx:TrackPointExtension>
<gpxtpx:speed>5.79</gpxtpx:speed>
</gpxtpx:TrackPointExtension>
<opentracks:accuracy_horizontal>4.968</opentracks:accuracy_horizontal></extensions>
</trkpt>
<trkpt lat="50.457293" lon="-104.530725">
<ele>560</ele>
<time>2026-08-27T18:43:41.788-06:00</time>
<extensions>
<gpxtpx:TrackPointExtension>
<gpxtpx:speed>5.83</gpxtpx:speed>
</gpxtpx:TrackPointExtension>
<opentracks:accuracy_horizontal>5.008</opentracks:accuracy_horizontal></extensions>
</trkpt>
<trkpt lat="50.457224" lon="-104.530845">
<ele>560.1</ele>
<time>2026-08-27T18:43:43.782-06:00</time>
<extensions>
<gpxtpx:TrackPointExtension>
<gpxtpx:speed>5.77</gpxtpx:speed>
</gpxtpx:TrackPointExtension>
<opentracks:accuracy_horizontal>4.738</opentracks:accuracy_horizontal></extensions>
</trkpt>
<trkpt lat="50.457163" lon="-104.530976">
<ele>560.8</ele>
<time>2026-08-27T18:43:45.777-06:00</time>
<extensions>
<gpxtpx:TrackPointExtension>
<gpxtpx:speed>5.19</gpxtpx:speed>
</gpxtpx:TrackPointExtension>
<opentracks:accuracy_horizontal>4.685</opentracks:accuracy_horizontal></extensions>
</trkpt>
<trkpt lat="50.457103" lon="-104.53109">
<ele>560.3</ele>
<time>2026-08-27T18:43:47.782-06:00</time>
<extensions>
<gpxtpx:TrackPointExtension>
<gpxtpx:speed>5.35</gpxtpx:speed>
</gpxtpx:TrackPointExtension>
<opentracks:accuracy_horizontal>4.795</opentracks:accuracy_horizontal></extensions>
</trkpt>
<trkpt lat="50.457036" lon="-104.531207">
<ele>560.7</ele>
<time>2026-08-27T18:43:49.77-06:00</time>
<extensions>
<gpxtpx:TrackPointExtension>
<gpxtpx:speed>5.57</gpxtpx:speed>
</gpxtpx:TrackPointExtension>
<opentracks:accuracy_horizontal>4.782</opentracks:accuracy_horizontal></extensions>
</trkpt>
<trkpt lat="50.456981" lon="-104.531337">
<ele>560.4</ele>
<time>2026-08-27T18:43:51.776-06:00</time>
<extensions>
<gpxtpx:TrackPointExtension>
<gpxtpx:speed>5.62</gpxtpx:speed>
</gpxtpx:TrackPointExtension>
<opentracks:accuracy_horizontal>4.747</opentracks:accuracy_horizontal></extensions>
</trkpt>
<trkpt lat="50.456936" lon="-104.531473">
<ele>560.2</ele>
<time>2026-08-27T18:43:53.796-06:00</time>
<extensions>
<gpxtpx:TrackPointExtension>
<gpxtpx:speed>5.45</gpxtpx:speed>
</gpxtpx:TrackPointExtension>
<opentracks:accuracy_horizontal>4.741</opentracks:accuracy_horizontal></extensions>
</trkpt>
<trkpt lat="50.456895" lon="-104.531665">
<ele>561.7</ele>
<time>2026-08-27T18:43:56.8-06:00</time>
<extensions>
<gpxtpx:TrackPointExtension>
<gpxtpx:speed>4.98</gpxtpx:speed>
</gpxtpx:TrackPointExtension>
<opentracks:accuracy_horizontal>5.026</opentracks:accuracy_horizontal></extensions>
</trkpt>
<trkpt lat="50.456856" lon="-104.531798">
<ele>562.3</ele>
<time>2026-08-27T18:43:58.787-06:00</time>
<extensions>
<gpxtpx:TrackPointExtension>
<gpxtpx:speed>5.19</gpxtpx:speed>
</gpxtpx:TrackPointExtension>
<opentracks:accuracy_horizontal>4.769</opentracks:accuracy_horizontal></extensions>
</trkpt>
<trkpt lat="50.456819" lon="-104.531952">
<ele>562</ele>
<time>2026-08-27T18:44:00.796-06:00</time>
<extensions>
<gpxtpx:TrackPointExtension>
<gpxtpx:speed>5.86</gpxtpx:speed>
</gpxtpx:TrackPointExtension>
<opentracks:accuracy_horizontal>4.805</opentracks:accuracy_horizontal></extensions>
</trkpt>
<trkpt lat="50.456769" lon="-104.532106">
<ele>562.4</ele>
<time>2026-08-27T18:44:02.788-06:00</time>
<extensions>
<gpxtpx:TrackPointExtension>
<gpxtpx:speed>5.62</gpxtpx:speed>
</gpxtpx:TrackPointExtension>
<opentracks:accuracy_horizontal>4.777</opentracks:accuracy_horizontal></extensions>
</trkpt>
<trkpt lat="50.456714" lon="-104.532241">
<ele>561.5</ele>
<time>2026-08-27T18:44:04.789-06:00</time>
<extensions>
<gpxtpx:TrackPointExtension>
<gpxtpx:speed>5.97</gpxtpx:speed>
</gpxtpx:TrackPointExtension>
<opentracks:accuracy_horizontal>4.63</opentracks:accuracy_horizontal></extensions>
</trkpt>
<trkpt lat="50.45666" lon="-104.532388">
<ele>561</ele>
<time>2026-08-27T18:44:06.784-06:00</time>
<extensions>
<gpxtpx:TrackPointExtension>
<gpxtpx:speed>5.94</gpxtpx:speed>
</gpxtpx:TrackPointExtension>
<opentracks:accuracy_horizontal>4.749</opentracks:accuracy_horizontal></extensions>
</trkpt>
<trkpt lat="50.456609" lon="-104.532522">
<ele>561.4</ele>
<time>2026-08-27T18:44:08.792-06:00</time>
<extensions>
<gpxtpx:TrackPointExtension>
<gpxtpx:speed>5.5</gpxtpx:speed>
</gpxtpx:TrackPointExtension>
<opentracks:accuracy_horizontal>4.844</opentracks:accuracy_horizontal></extensions>
</trkpt>
<trkpt lat="50.456558" lon="-104.532647">
<ele>562.2</ele>
<time>2026-08-27T18:44:10.799-06:00</time>
<extensions>
<gpxtpx:TrackPointExtension>
<gpxtpx:speed>5.06</gpxtpx:speed>
</gpxtpx:TrackPointExtension>
<opentracks:accuracy_horizontal>4.832</opentracks:accuracy_horizontal></extensions>
</trkpt>
<trkpt lat="50.456494" lon="-104.532819">
<ele>561.7</ele>
<time>2026-08-27T18:44:13.792-06:00</time>
<extensions>
<gpxtpx:TrackPointExtension>
<gpxtpx:speed>4.66</gpxtpx:speed>
</gpxtpx:TrackPointExtension>
<opentracks:accuracy_horizontal>4.729</opentracks:accuracy_horizontal></extensions>
</trkpt>
<trkpt lat="50.456442" lon="-104.532987">
<ele>562.8</ele>
<time>2026-08-27T18:44:16.8-06:00</time>
<extensions>
<gpxtpx:TrackPointExtension>
<gpxtpx:speed>4.53</gpxtpx:speed>
</gpxtpx:TrackPointExtension>
<opentracks:accuracy_horizontal>4.792</opentracks:accuracy_horizontal></extensions>
</trkpt>
<trkpt lat="50.456387" lon="-104.533139">
<ele>563.8</ele>
<time>2026-08-27T18:44:19.795-06:00</time>
<extensions>
<gpxtpx:TrackPointExtension>
<gpxtpx:speed>4.15</gpxtpx:speed>
</gpxtpx:TrackPointExtension>
<opentracks:accuracy_horizontal>4.989</opentracks:accuracy_horizontal></extensions>
</trkpt>
<trkpt lat="50.456349" lon="-104.533316">
<ele>563.6</ele>
<time>2026-08-27T18:44:22.794-06:00</time>
<extensions>
<gpxtpx:TrackPointExtension>
<gpxtpx:speed>4.59</gpxtpx:speed>
</gpxtpx:TrackPointExtension>
<opentracks:accuracy_horizontal>4.697</opentracks:accuracy_horizontal></extensions>
</trkpt>
<trkpt lat="50.456312" lon="-104.533516">
<ele>562.8</ele>
<time>2026-08-27T18:44:25.833-06:00</time>
<extensions>
<gpxtpx:TrackPointExtension>
<gpxtpx:speed>4.93</gpxtpx:speed>
</gpxtpx:TrackPointExtension>
<opentracks:accuracy_horizontal>4.874</opentracks:accuracy_horizontal></extensions>
</trkpt>
<trkpt lat="50.456288" lon="-104.533656">
<ele>561.7</ele>
<time>2026-08-27T18:44:27.785-06:00</time>
<extensions>
<gpxtpx:TrackPointExtension>
<gpxtpx:speed>4.88</gpxtpx:speed>
</gpxtpx:TrackPointExtension>
<opentracks:accuracy_horizontal>4.656</opentracks:accuracy_horizontal></extensions>
</trkpt>
<trkpt lat="50.45626" lon="-104.533827">
<ele>562.3</ele>
<time>2026-08-27T18:44:29.791-06:00</time>
<extensions>
<gpxtpx:TrackPointExtension>
<gpxtpx:speed>4.98</gpxtpx:speed>
</gpxtpx:TrackPointExtension>
<opentracks:accuracy_horizontal>4.362</opentracks:accuracy_horizontal></extensions>
</trkpt>
<trkpt lat="50.456254" lon="-104.533972">
<ele>561.9</ele>
<time>2026-08-27T18:44:31.78-06:00</time>
<extensions>
<gpxtpx:TrackPointExtension>
<gpxtpx:speed>4.75</gpxtpx:speed>
</gpxtpx:TrackPointExtension>
<opentracks:accuracy_horizontal>4.363</opentracks:accuracy_horizontal></extensions>
</trkpt>
<trkpt lat="50.456269" lon="-104.534177">
<ele>561.6</ele>
<time>2026-08-27T18:44:34.787-06:00</time>
<extensions>
<gpxtpx:TrackPointExtension>
<gpxtpx:speed>4.67</gpxtpx:speed>
</gpxtpx:TrackPointExtension>
<opentracks:accuracy_horizontal>4.813</opentracks:accuracy_horizontal></extensions>
</trkpt>
<trkpt lat="50.456293" lon="-104.53432">
<ele>560.5</ele>
<time>2026-08-27T18:44:36.786-06:00</time>
<extensions>
<gpxtpx:TrackPointExtension>
<gpxtpx:speed>5.29</gpxtpx:speed>
</gpxtpx:TrackPointExtension>
<opentracks:accuracy_horizontal>5.01</opentracks:accuracy_horizontal></extensions>
</trkpt>
<trkpt lat="50.45633" lon="-104.534463">
<ele>560.7</ele>
<time>2026-08-27T18:44:38.775-06:00</time>
<extensions>
<gpxtpx:TrackPointExtension>
<gpxtpx:speed>5.19</gpxtpx:speed>
</gpxtpx:TrackPointExtension>
<opentracks:accuracy_horizontal>4.894</opentracks:accuracy_horizontal></extensions>
</trkpt>
<trkpt lat="50.456361" lon="-104.534603">
<ele>558.9</ele>
<time>2026-08-27T18:44:40.778-06:00</time>
<extensions>
<gpxtpx:TrackPointExtension>
<gpxtpx:speed>5.99</gpxtpx:speed>
</gpxtpx:TrackPointExtension>
<opentracks:accuracy_horizontal>4.364</opentracks:accuracy_horizontal></extensions>
</trkpt>
<trkpt lat="50.456376" lon="-104.534775">
<ele>559.3</ele>
<time>2026-08-27T18:44:42.789-06:00</time>
<extensions>
<gpxtpx:TrackPointExtension>
<gpxtpx:speed>6.1</gpxtpx:speed>
</gpxtpx:TrackPointExtension>
<opentracks:accuracy_horizontal>4.481</opentracks:accuracy_horizontal></extensions>
</trkpt>
<trkpt lat="50.456398" lon="-104.53495">
<ele>560.1</ele>
<time>2026-08-27T18:44:44.792-06:00</time>
<extensions>
<gpxtpx:TrackPointExtension>
<gpxtpx:speed>6.19</gpxtpx:speed>
</gpxtpx:TrackPointExtension>
<opentracks:accuracy_horizontal>4.481</opentracks:accuracy_horizontal></extensions>
</trkpt>
<trkpt lat="50.456438" lon="-104.535128">
<ele>560.1</ele>
<time>2026-08-27T18:44:46.77-06:00</time>
<extensions>
<gpxtpx:TrackPointExtension>
<gpxtpx:speed>6.4</gpxtpx:speed>
</gpxtpx:TrackPointExtension>
<opentracks:accuracy_horizontal>4.481</opentracks:accuracy_horizontal></extensions>
</trkpt>
<trkpt lat="50.456474" lon="-104.5353">
<ele>560.1</ele>
<time>2026-08-27T18:44:48.787-06:00</time>
<extensions>
<gpxtpx:TrackPointExtension>
<gpxtpx:speed>6.03</gpxtpx:speed>
</gpxtpx:TrackPointExtension>
<opentracks:accuracy_horizontal>4.482</opentracks:accuracy_horizontal></extensions>
</trkpt>
<trkpt lat="50.456494" lon="-104.535473">
<ele>560.9</ele>
<time>2026-08-27T18:44:50.779-06:00</time>
<extensions>
<gpxtpx:TrackPointExtension>
<gpxtpx:speed>6.26</gpxtpx:speed>
</gpxtpx:TrackPointExtension>
<opentracks:accuracy_horizontal>4.364</opentracks:accuracy_horizontal></extensions>
</trkpt>
<trkpt lat="50.456515" lon="-104.535647">
<ele>561.4</ele>
<time>2026-08-27T18:44:52.78-06:00</time>
<extensions>
<gpxtpx:TrackPointExtension>
<gpxtpx:speed>6.2</gpxtpx:speed>
</gpxtpx:TrackPointExtension>
<opentracks:accuracy_horizontal>4.364</opentracks:accuracy_horizontal></extensions>
</trkpt>
<trkpt lat="50.456564" lon="-104.535813">
<ele>561.6</ele>
<time>2026-08-27T18:44:54.8-06:00</time>
<extensions>
<gpxtpx:TrackPointExtension>
<gpxtpx:speed>6.25</gpxtpx:speed>
</gpxtpx:TrackPointExtension>
<opentracks:accuracy_horizontal>4.263</opentracks:accuracy_horizontal></extensions>
</trkpt>
<trkpt lat="50.456598" lon="-104.535993">
<ele>561.6</ele>
<time>2026-08-27T18:44:56.787-06:00</time>
<extensions>
<gpxtpx:TrackPointExtension>
<gpxtpx:speed>6.52</gpxtpx:speed>
</gpxtpx:TrackPointExtension>
<opentracks:accuracy_horizontal>4.34</opentracks:accuracy_horizontal></extensions>
</trkpt>
<trkpt lat="50.456622" lon="-104.536189">
<ele>561</ele>
<time>2026-08-27T18:44:58.767-06:00</time>
<extensions>
<gpxtpx:TrackPointExtension>
<gpxtpx:speed>6.78</gpxtpx:speed>
</gpxtpx:TrackPointExtension>
<opentracks:accuracy_horizontal>4.365</opentracks:accuracy_horizontal></extensions>
</trkpt>
<trkpt lat="50.456676" lon="-104.536365">
<ele>560.7</ele>
<time>2026-08-27T18:45:00.771-06:00</time>
<extensions>
<gpxtpx:TrackPointExtension>
<gpxtpx:speed>6.47</gpxtpx:speed>
</gpxtpx:TrackPointExtension>
<opentracks:accuracy_horizontal>4.365</opentracks:accuracy_horizontal></extensions>
</trkpt>
<trkpt lat="50.456742" lon="-104.536519">
<ele>561.8</ele>
<time>2026-08-27T18:45:02.776-06:00</time>
<extensions>
<gpxtpx:TrackPointExtension>
<gpxtpx:speed>6.8</gpxtpx:speed>
</gpxtpx:TrackPointExtension>
<opentracks:accuracy_horizontal>4.483</opentracks:accuracy_horizontal></extensions>
</trkpt>
<trkpt lat="50.456806" lon="-104.536678">
<ele>561.2</ele>
<time>2026-08-27T18:45:04.783-06:00</time>
<extensions>
<gpxtpx:TrackPointExtension>
<gpxtpx:speed>6.44</gpxtpx:speed>
</gpxtpx:TrackPointExtension>
<opentracks:accuracy_horizontal>4.365</opentracks:accuracy_horizontal></extensions>
</trkpt>
<trkpt lat="50.456898" lon="-104.536802">
<ele>561.2</ele>
<time>2026-08-27T18:45:06.789-06:00</time>
<extensions>
<gpxtpx:TrackPointExtension>
<gpxtpx:speed>6.62</gpxtpx:speed>
</gpxtpx:TrackPointExtension>
<opentracks:accuracy_horizontal>4.365</opentracks:accuracy_horizontal></extensions>
</trkpt>
<trkpt lat="50.456997" lon="-104.536915">
<ele>561.7</ele>
<time>2026-08-27T18:45:08.805-06:00</time>
<extensions>
<gpxtpx:TrackPointExtension>
<gpxtpx:speed>6.65</gpxtpx:speed>
</gpxtpx:TrackPointExtension>
<opentracks:accuracy_horizontal>4.365</opentracks:accuracy_horizontal></extensions>
</trkpt>
<trkpt lat="50.457097" lon="-104.537029">
<ele>561.4</ele>
<time>2026-08-27T18:45:10.788-06:00</time>
<extensions>
<gpxtpx:TrackPointExtension>
<gpxtpx:speed>6.5</gpxtpx:speed>
</gpxtpx:TrackPointExtension>
<opentracks:accuracy_horizontal>4.365</opentracks:accuracy_horizontal></extensions>
</trkpt>
<trkpt lat="50.457201" lon="-104.537116">
<ele>561.6</ele>
<time>2026-08-27T18:45:12.782-06:00</time>
<extensions>
<gpxtpx:TrackPointExtension>
<gpxtpx:speed>6.25</gpxtpx:speed>
</gpxtpx:TrackPointExtension>
<opentracks:accuracy_horizontal>4.366</opentracks:accuracy_horizontal></extensions>
</trkpt>
<trkpt lat="50.457307" lon="-104.537176">
<ele>562</ele>
<time>2026-08-27T18:45:14.784-06:00</time>
<extensions>
<gpxtpx:TrackPointExtension>
<gpxtpx:speed>5.85</gpxtpx:speed>
</gpxtpx:TrackPointExtension>
<opentracks:accuracy_horizontal>4.484</opentracks:accuracy_horizontal></extensions>
</trkpt>
<trkpt lat="50.457412" lon="-104.537218">
<ele>561.9</ele>
<time>2026-08-27T18:45:16.782-06:00</time>
<extensions>
<gpxtpx:TrackPointExtension>
<gpxtpx:speed>5.77</gpxtpx:speed>
</gpxtpx:TrackPointExtension>
<opentracks:accuracy_horizontal>4.366</opentracks:accuracy_horizontal></extensions>
</trkpt>
<trkpt lat="50.457513" lon="-104.53725">
<ele>562.4</ele>
<time>2026-08-27T18:45:18.781-06:00</time>
<extensions>
<gpxtpx:TrackPointExtension>
<gpxtpx:speed>5.3</gpxtpx:speed>
</gpxtpx:TrackPointExtension>
<opentracks:accuracy_horizontal>4.366</opentracks:accuracy_horizontal></extensions>
</trkpt>
<trkpt lat="50.457609" lon="-104.537255">
<ele>562.6</ele>
<time>2026-08-27T18:45:20.793-06:00</time>
<extensions>
<gpxtpx:TrackPointExtension>
<gpxtpx:speed>5.24</gpxtpx:speed>
</gpxtpx:TrackPointExtension>
<opentracks:accuracy_horizontal>4.366</opentracks:accuracy_horizontal></extensions>
</trkpt>
<trkpt lat="50.457709" lon="-104.537228">
<ele>562.5</ele>
<time>2026-08-27T18:45:22.779-06:00</time>
<extensions>
<gpxtpx:TrackPointExtension>
<gpxtpx:speed>5.41</gpxtpx:speed>
</gpxtpx:TrackPointExtension>
<opentracks:accuracy_horizontal>4.366</opentracks:accuracy_horizontal></extensions>
</trkpt>
<trkpt lat="50.457805" lon="-104.537218">
<ele>562.4</ele>
<time>2026-08-27T18:45:24.79-06:00</time>
<extensions>
<gpxtpx:TrackPointExtension>
<gpxtpx:speed>5.56</gpxtpx:speed>
</gpxtpx:TrackPointExtension>
<opentracks:accuracy_horizontal>4.367</opentracks:accuracy_horizontal></extensions>
</trkpt>
<trkpt lat="50.457912" lon="-104.537231">
<ele>562.1</ele>
<time>2026-08-27T18:45:26.789-06:00</time>
<extensions>
<gpxtpx:TrackPointExtension>
<gpxtpx:speed>5.66</gpxtpx:speed>
</gpxtpx:TrackPointExtension>
<opentracks:accuracy_horizontal>4.367</opentracks:accuracy_horizontal></extensions>
</trkpt>
<trkpt lat="50.458021" lon="-104.537231">
<ele>561.9</ele>
<time>2026-08-27T18:45:28.778-06:00</time>
<extensions>
<gpxtpx:TrackPointExtension>
<gpxtpx:speed>5.97</gpxtpx:speed>
</gpxtpx:TrackPointExtension>
<opentracks:accuracy_horizontal>4.367</opentracks:accuracy_horizontal></extensions>
</trkpt>
<trkpt lat="50.458133" lon="-104.537229">
<ele>561.4</ele>
<time>2026-08-27T18:45:30.789-06:00</time>
<extensions>
<gpxtpx:TrackPointExtension>
<gpxtpx:speed>5.93</gpxtpx:speed>
</gpxtpx:TrackPointExtension>
<opentracks:accuracy_horizontal>4.367</opentracks:accuracy_horizontal></extensions>
</trkpt>
<trkpt lat="50.458242" lon="-104.53724">
<ele>561.8</ele>
<time>2026-08-27T18:45:32.779-06:00</time>
<extensions>
<gpxtpx:TrackPointExtension>
<gpxtpx:speed>6.19</gpxtpx:speed>
</gpxtpx:TrackPointExtension>
<opentracks:accuracy_horizontal>4.367</opentracks:accuracy_horizontal></extensions>
</trkpt>
<trkpt lat="50.458349" lon="-104.537255">
<ele>562.1</ele>
<time>2026-08-27T18:45:34.782-06:00</time>
<extensions>
<gpxtpx:TrackPointExtension>
<gpxtpx:speed>6.14</gpxtpx:speed>
</gpxtpx:TrackPointExtension>
<opentracks:accuracy_horizontal>4.367</opentracks:accuracy_horizontal></extensions>
</trkpt>
<trkpt lat="50.458462" lon="-104.537276">
<ele>561.9</ele>
<time>2026-08-27T18:45:36.784-06:00</time>
<extensions>
<gpxtpx:TrackPointExtension>
<gpxtpx:speed>6.35</gpxtpx:speed>
</gpxtpx:TrackPointExtension>
<opentracks:accuracy_horizontal>4.367</opentracks:accuracy_horizontal></extensions>
</trkpt>
<trkpt lat="50.458577" lon="-104.537243">
<ele>562.1</ele>
<time>2026-08-27T18:45:38.777-06:00</time>
<extensions>
<gpxtpx:TrackPointExtension>
<gpxtpx:speed>6.37</gpxtpx:speed>
</gpxtpx:TrackPointExtension>
<opentracks:accuracy_horizontal>4.368</opentracks:accuracy_horizontal></extensions>
</trkpt>
<trkpt lat="50.458694" lon="-104.537208">
<ele>562</ele>
<time>2026-08-27T18:45:40.783-06:00</time>
<extensions>
<gpxtpx:TrackPointExtension>
<gpxtpx:speed>6.25</gpxtpx:speed>
</gpxtpx:TrackPointExtension>
<opentracks:accuracy_horizontal>4.368</opentracks:accuracy_horizontal></extensions>
</trkpt>
<trkpt lat="50.458814" lon="-104.537228">
<ele>562.4</ele>
<time>2026-08-27T18:45:42.775-06:00</time>
<extensions>
<gpxtpx:TrackPointExtension>
<gpxtpx:speed>6.62</gpxtpx:speed>
</gpxtpx:TrackPointExtension>
<opentracks:accuracy_horizontal>4.368</opentracks:accuracy_horizontal></extensions>
</trkpt>
<trkpt lat="50.458938" lon="-104.537246">
<ele>562.9</ele>
<time>2026-08-27T18:45:44.787-06:00</time>
<extensions>
<gpxtpx:TrackPointExtension>
<gpxtpx:speed>6.38</gpxtpx:speed>
</gpxtpx:TrackPointExtension>
<opentracks:accuracy_horizontal>4.368</opentracks:accuracy_horizontal></extensions>
</trkpt>
<trkpt lat="50.459048" lon="-104.537234">
<ele>562.8</ele>
<time>2026-08-27T18:45:46.772-06:00</time>
<extensions>
<gpxtpx:TrackPointExtension>
<gpxtpx:speed>5.99</gpxtpx:speed>
</gpxtpx:TrackPointExtension>
<opentracks:accuracy_horizontal>4.368</opentracks:accuracy_horizontal></extensions>
</trkpt>
<trkpt lat="50.459157" lon="-104.537213">
<ele>562.4</ele>
<time>2026-08-27T18:45:48.778-06:00</time>
<extensions>
<gpxtpx:TrackPointExtension>
<gpxtpx:speed>5.45</gpxtpx:speed>
</gpxtpx:TrackPointExtension>
<opentracks:accuracy_horizontal>4.563</opentracks:accuracy_horizontal></extensions>
</trkpt>
<trkpt lat="50.459252" lon="-104.537238">
<ele>563.4</ele>
<time>2026-08-27T18:45:50.795-06:00</time>
<extensions>
<gpxtpx:TrackPointExtension>
<gpxtpx:speed>5.07</gpxtpx:speed>
</gpxtpx:TrackPointExtension>
<opentracks:accuracy_horizontal>4.369</opentracks:accuracy_horizontal></extensions>
</trkpt>
<trkpt lat="50.459375" lon="-104.537233">
<ele>564</ele>
<time>2026-08-27T18:45:53.781-06:00</time>
<extensions>
<gpxtpx:TrackPointExtension>
<gpxtpx:speed>4.09</gpxtpx:speed>
</gpxtpx:TrackPointExtension>
<opentracks:accuracy_horizontal>4.369</opentracks:accuracy_horizontal></extensions>
</trkpt>
<trkpt lat="50.459428" lon="-104.537401">
<ele>562.2</ele>
<time>2026-08-27T18:45:57.784-06:00</time>
<extensions>
<gpxtpx:TrackPointExtension>
<gpxtpx:speed>4.69</gpxtpx:speed>
</gpxtpx:TrackPointExtension>
<opentracks:accuracy_horizontal>4.369</opentracks:accuracy_horizontal></extensions>
</trkpt>
<trkpt lat="50.459453" lon="-104.537553">
<ele>562.8</ele>
<time>2026-08-27T18:45:59.794-06:00</time>
<extensions>
<gpxtpx:TrackPointExtension>
<gpxtpx:speed>5.63</gpxtpx:speed>
</gpxtpx:TrackPointExtension>
<opentracks:accuracy_horizontal>4.369</opentracks:accuracy_horizontal></extensions>
</trkpt>
<trkpt lat="50.459489" lon="-104.537737">
<ele>562.7</ele>
<time>2026-08-27T18:46:01.783-06:00</time>
<extensions>
<gpxtpx:TrackPointExtension>
<gpxtpx:speed>6.77</gpxtpx:speed>
</gpxtpx:TrackPointExtension>
<opentracks:accuracy_horizontal>4.369</opentracks:accuracy_horizontal></extensions>
</trkpt>
<trkpt lat="50.459496" lon="-104.537973">
<ele>561.7</ele>
<time>2026-08-27T18:46:03.789-06:00</time>
<extensions>
<gpxtpx:TrackPointExtension>
<gpxtpx:speed>8.45</gpxtpx:speed>
</gpxtpx:TrackPointExtension>
<opentracks:accuracy_horizontal>4.274</opentracks:accuracy_horizontal></extensions>
</trkpt>
<trkpt lat="50.459492" lon="-104.538115">
<ele>561.7</ele>
<time>2026-08-27T18:46:04.796-06:00</time>
<extensions>
<gpxtpx:TrackPointExtension>
<gpxtpx:speed>9.45</gpxtpx:speed>
</gpxtpx:TrackPointExtension>
<opentracks:accuracy_horizontal>4.378</opentracks:accuracy_horizontal></extensions>
</trkpt>
<trkpt lat="50.459494" lon="-104.538262">
<ele>561.5</ele>
<time>2026-08-27T18:46:05.786-06:00</time>
<extensions>
<gpxtpx:TrackPointExtension>
<gpxtpx:speed>9.7</gpxtpx:speed>
</gpxtpx:TrackPointExtension>
<opentracks:accuracy_horizontal>4.379</opentracks:accuracy_horizontal></extensions>
</trkpt>
<trkpt lat="50.459494" lon="-104.538412">
<ele>560.8</ele>
<time>2026-08-27T18:46:06.777-06:00</time>
<extensions>
<gpxtpx:TrackPointExtension>
<gpxtpx:speed>9.97</gpxtpx:speed>
</gpxtpx:TrackPointExtension>
<opentracks:accuracy_horizontal>4.379</opentracks:accuracy_horizontal></extensions>
</trkpt>
<trkpt lat="50.459484" lon="-104.538566">
<ele>560.4</ele>
<time>2026-08-27T18:46:07.779-06:00</time>
<extensions>
<gpxtpx:TrackPointExtension>
<gpxtpx:speed>10.11</gpxtpx:speed>
</gpxtpx:TrackPointExtension>
<opentracks:accuracy_horizontal>4.379</opentracks:accuracy_horizontal></extensions>
</trkpt>
<trkpt lat="50.459475" lon="-104.538716">
<ele>560.6</ele>
<time>2026-08-27T18:46:08.77-06:00</time>
<extensions>
<gpxtpx:TrackPointExtension>
<gpxtpx:speed>10.19</gpxtpx:speed>
</gpxtpx:TrackPointExtension>
<opentracks:accuracy_horizontal>4.379</opentracks:accuracy_horizontal></extensions>
</trkpt>
<trkpt lat="50.459473" lon="-104.538872">
<ele>561.4</ele>
<time>2026-08-27T18:46:09.784-06:00</time>
<extensions>
<gpxtpx:TrackPointExtension>
<gpxtpx:speed>10.2</gpxtpx:speed>
</gpxtpx:TrackPointExtension>
<opentracks:accuracy_horizontal>4.379</opentracks:accuracy_horizontal></extensions>
</trkpt>
<trkpt lat="50.459481" lon="-104.539023">
<ele>561.2</ele>
<time>2026-08-27T18:46:10.782-06:00</time>
<extensions>
<gpxtpx:TrackPointExtension>
<gpxtpx:speed>10.3</gpxtpx:speed>
</gpxtpx:TrackPointExtension>
<opentracks:accuracy_horizontal>4.379</opentracks:accuracy_horizontal></extensions>
</trkpt>
<trkpt lat="50.459483" lon="-104.539175">
<ele>561</ele>
<time>2026-08-27T18:46:11.781-06:00</time>
<extensions>
<gpxtpx:TrackPointExtension>
<gpxtpx:speed>10.37</gpxtpx:speed>
</gpxtpx:TrackPointExtension>
<opentracks:accuracy_horizontal>4.38</opentracks:accuracy_horizontal></extensions>
</trkpt>
<trkpt lat="50.459479" lon="-104.539323">
<ele>560.8</ele>
<time>2026-08-27T18:46:12.785-06:00</time>
<extensions>
<gpxtpx:TrackPointExtension>
<gpxtpx:speed>10.28</gpxtpx:speed>
</gpxtpx:TrackPointExtension>
<opentracks:accuracy_horizontal>4.38</opentracks:accuracy_horizontal></extensions>
</trkpt>
<trkpt lat="50.459476" lon="-104.539467">
<ele>560.5</ele>
<time>2026-08-27T18:46:13.787-06:00</time>
<extensions>
<gpxtpx:TrackPointExtension>
<gpxtpx:speed>10.22</gpxtpx:speed>
</gpxtpx:TrackPointExtension>
<opentracks:accuracy_horizontal>4.38</opentracks:accuracy_horizontal></extensions>
</trkpt>
<trkpt lat="50.459473" lon="-104.539608">
<ele>560.7</ele>
<time>2026-08-27T18:46:14.793-06:00</time>
<extensions>
<gpxtpx:TrackPointExtension>
<gpxtpx:speed>10.06</gpxtpx:speed>
</gpxtpx:TrackPointExtension>
<opentracks:accuracy_horizontal>4.49</opentracks:accuracy_horizontal></extensions>
</trkpt>
<trkpt lat="50.459467" lon="-104.539878">
<ele>560.9</ele>
<time>2026-08-27T18:46:16.764-06:00</time>
<extensions>
<gpxtpx:TrackPointExtension>
<gpxtpx:speed>9.47</gpxtpx:speed>
</gpxtpx:TrackPointExtension>
<opentracks:accuracy_horizontal>4.37</opentracks:accuracy_horizontal></extensions>
</trkpt>
<trkpt lat="50.459482" lon="-104.540128">
<ele>561.4</ele>
<time>2026-08-27T18:46:18.789-06:00</time>
<extensions>
<gpxtpx:TrackPointExtension>
<gpxtpx:speed>8.67</gpxtpx:speed>
</gpxtpx:TrackPointExtension>
<opentracks:accuracy_horizontal>4.353</opentracks:accuracy_horizontal></extensions>
</trkpt>
<trkpt lat="50.45945" lon="-104.540346">
<ele>560.1</ele>
<time>2026-08-27T18:46:20.786-06:00</time>
<extensions>
<gpxtpx:TrackPointExtension>
<gpxtpx:speed>8.14</gpxtpx:speed>
</gpxtpx:TrackPointExtension>
<opentracks:accuracy_horizontal>4.276</opentracks:accuracy_horizontal></extensions>
</trkpt>
<trkpt lat="50.459405" lon="-104.540549">
<ele>561.3</ele>
<time>2026-08-27T18:46:22.791-06:00</time>
<extensions>
<gpxtpx:TrackPointExtension>
<gpxtpx:speed>6.89</gpxtpx:speed>
</gpxtpx:TrackPointExtension>
<opentracks:accuracy_horizontal>4.277</opentracks:accuracy_horizontal></extensions>
</trkpt>
<trkpt lat="50.459362" lon="-104.540712">
<ele>562</ele>
<time>2026-08-27T18:46:24.79-06:00</time>
<extensions>
<gpxtpx:TrackPointExtension>
<gpxtpx:speed>6.33</gpxtpx:speed>
</gpxtpx:TrackPointExtension>
<opentracks:accuracy_horizontal>4.277</opentracks:accuracy_horizontal></extensions>
</trkpt>
<trkpt lat="50.459334" lon="-104.540873">
<ele>562.7</ele>
<time>2026-08-27T18:46:26.784-06:00</time>
<extensions>
<gpxtpx:TrackPointExtension>
<gpxtpx:speed>5.87</gpxtpx:speed>
</gpxtpx:TrackPointExtension>
<opentracks:accuracy_horizontal>4.277</opentracks:accuracy_horizontal></extensions>
</trkpt>
<trkpt lat="50.459311" lon="-104.541024">
<ele>561.9</ele>
<time>2026-08-27T18:46:28.791-06:00</time>
<extensions>
<gpxtpx:TrackPointExtension>
<gpxtpx:speed>5.77</gpxtpx:speed>
</gpxtpx:TrackPointExtension>
<opentracks:accuracy_horizontal>4.278</opentracks:accuracy_horizontal></extensions>
</trkpt>
<trkpt lat="50.459268" lon="-104.541177">
<ele>562.6</ele>
<time>2026-08-27T18:46:30.792-06:00</time>
<extensions>
<gpxtpx:TrackPointExtension>
<gpxtpx:speed>5.99</gpxtpx:speed>
</gpxtpx:TrackPointExtension>
<opentracks:accuracy_horizontal>4.372</opentracks:accuracy_horizontal></extensions>
</trkpt>
<trkpt lat="50.459241" lon="-104.541343">
<ele>562.9</ele>
<time>2026-08-27T18:46:32.789-06:00</time>
<extensions>
<gpxtpx:TrackPointExtension>
<gpxtpx:speed>6.11</gpxtpx:speed>
</gpxtpx:TrackPointExtension>
<opentracks:accuracy_horizontal>4.372</opentracks:accuracy_horizontal></extensions>
</trkpt>
<trkpt lat="50.459225" lon="-104.541513">
<ele>562.6</ele>
<time>2026-08-27T18:46:34.788-06:00</time>
<extensions>
<gpxtpx:TrackPointExtension>
<gpxtpx:speed>5.99</gpxtpx:speed>
</gpxtpx:TrackPointExtension>
<opentracks:accuracy_horizontal>4.372</opentracks:accuracy_horizontal></extensions>
</trkpt>
<trkpt lat="50.459205" lon="-104.541668">
<ele>562.6</ele>
<time>2026-08-27T18:46:36.785-06:00</time>
<extensions>
<gpxtpx:TrackPointExtension>
<gpxtpx:speed>5.78</gpxtpx:speed>
</gpxtpx:TrackPointExtension>
<opentracks:accuracy_horizontal>4.372</opentracks:accuracy_horizontal></extensions>
</trkpt>
<trkpt lat="50.459181" lon="-104.541828">
<ele>562.9</ele>
<time>2026-08-27T18:46:38.787-06:00</time>
<extensions>
<gpxtpx:TrackPointExtension>
<gpxtpx:speed>5.99</gpxtpx:speed>
</gpxtpx:TrackPointExtension>
<opentracks:accuracy_horizontal>4.372</opentracks:accuracy_horizontal></extensions>
</trkpt>
<trkpt lat="50.459152" lon="-104.541988">
<ele>562.4</ele>
<time>2026-08-27T18:46:40.8-06:00</time>
<extensions>
<gpxtpx:TrackPointExtension>
<gpxtpx:speed>5.99</gpxtpx:speed>
</gpxtpx:TrackPointExtension>
<opentracks:accuracy_horizontal>4.372</opentracks:accuracy_horizontal></extensions>
</trkpt>
<trkpt lat="50.459114" lon="-104.542159">
<ele>562.2</ele>
<time>2026-08-27T18:46:42.781-06:00</time>
<extensions>
<gpxtpx:TrackPointExtension>
<gpxtpx:speed>6.54</gpxtpx:speed>
</gpxtpx:TrackPointExtension>
<opentracks:accuracy_horizontal>4.372</opentracks:accuracy_horizontal></extensions>
</trkpt>
<trkpt lat="50.45908" lon="-104.542352">
<ele>562.4</ele>
<time>2026-08-27T18:46:44.784-06:00</time>
<extensions>
<gpxtpx:TrackPointExtension>
<gpxtpx:speed>7.02</gpxtpx:speed>
</gpxtpx:TrackPointExtension>
<opentracks:accuracy_horizontal>4.373</opentracks:accuracy_horizontal></extensions>
</trkpt>
<trkpt lat="50.459051" lon="-104.54255">
<ele>562.1</ele>
<time>2026-08-27T18:46:46.787-06:00</time>
<extensions>
<gpxtpx:TrackPointExtension>
<gpxtpx:speed>6.21</gpxtpx:speed>
</gpxtpx:TrackPointExtension>
<opentracks:accuracy_horizontal>4.373</opentracks:accuracy_horizontal></extensions>
</trkpt>
<trkpt lat="50.459036" lon="-104.542733">
<ele>561.3</ele>
<time>2026-08-27T18:46:48.796-06:00</time>
<extensions>
<gpxtpx:TrackPointExtension>
<gpxtpx:speed>6.94</gpxtpx:speed>
</gpxtpx:TrackPointExtension>
<opentracks:accuracy_horizontal>4.978</opentracks:accuracy_horizontal></extensions>
</trkpt>
<trkpt lat="50.459006" lon="-104.542937">
<ele>561.9</ele>
<time>2026-08-27T18:46:50.788-06:00</time>
<extensions>
<gpxtpx:TrackPointExtension>
<gpxtpx:speed>7.24</gpxtpx:speed>
</gpxtpx:TrackPointExtension>
<opentracks:accuracy_horizontal>4.281</opentracks:accuracy_horizontal></extensions>
</trkpt>
<trkpt lat="50.458964" lon="-104.543131">
<ele>561.4</ele>
<time>2026-08-27T18:46:52.805-06:00</time>
<extensions>
<gpxtpx:TrackPointExtension>
<gpxtpx:speed>7.17</gpxtpx:speed>
</gpxtpx:TrackPointExtension>
<opentracks:accuracy_horizontal>4.281</opentracks:accuracy_horizontal></extensions>
</trkpt>
<trkpt lat="50.458928" lon="-104.543324">
<ele>561</ele>
<time>2026-08-27T18:46:54.791-06:00</time>
<extensions>
<gpxtpx:TrackPointExtension>
<gpxtpx:speed>7.18</gpxtpx:speed>
</gpxtpx:TrackPointExtension>
<opentracks:accuracy_horizontal>4.281</opentracks:accuracy_horizontal></extensions>
</trkpt>
<trkpt lat="50.458905" lon="-104.543517">
<ele>560.8</ele>
<time>2026-08-27T18:46:56.792-06:00</time>
<extensions>
<gpxtpx:TrackPointExtension>
<gpxtpx:speed>7.09</gpxtpx:speed>
</gpxtpx:TrackPointExtension>
<opentracks:accuracy_horizontal>4.282</opentracks:accuracy_horizontal></extensions>
</trkpt>
<trkpt lat="50.458876" lon="-104.543714">
<ele>560.6</ele>
<time>2026-08-27T18:46:58.79-06:00</time>
<extensions>
<gpxtpx:TrackPointExtension>
<gpxtpx:speed>7.18</gpxtpx:speed>
</gpxtpx:TrackPointExtension>
<opentracks:accuracy_horizontal>4.359</opentracks:accuracy_horizontal></extensions>
</trkpt>
<trkpt lat="50.458843" lon="-104.543906">
<ele>560.7</ele>
<time>2026-08-27T18:47:00.782-06:00</time>
<extensions>
<gpxtpx:TrackPointExtension>
<gpxtpx:speed>7.06</gpxtpx:speed>
</gpxtpx:TrackPointExtension>
<opentracks:accuracy_horizontal>4.34</opentracks:accuracy_horizontal></extensions>
</trkpt>
<trkpt lat="50.458815" lon="-104.544107">
<ele>560</ele>
<time>2026-08-27T18:47:02.791-06:00</time>
<extensions>
<gpxtpx:TrackPointExtension>
<gpxtpx:speed>7.36</gpxtpx:speed>
</gpxtpx:TrackPointExtension>
<opentracks:accuracy_horizontal>4.36</opentracks:accuracy_horizontal></extensions>
</trkpt>
<trkpt lat="50.458773" lon="-104.544312">
<ele>560</ele>
<time>2026-08-27T18:47:04.796-06:00</time>
<extensions>
<gpxtpx:TrackPointExtension>
<gpxtpx:speed>7.63</gpxtpx:speed>
</gpxtpx:TrackPointExtension>
<opentracks:accuracy_horizontal>4.283</opentracks:accuracy_horizontal></extensions>
</trkpt>
<trkpt lat="50.45873" lon="-104.544528">
<ele>560.5</ele>
<time>2026-08-27T18:47:06.78-06:00</time>
<extensions>
<gpxtpx:TrackPointExtension>
<gpxtpx:speed>8.54</gpxtpx:speed>
</gpxtpx:TrackPointExtension>
<opentracks:accuracy_horizontal>4.283</opentracks:accuracy_horizontal></extensions>
</trkpt>
<trkpt lat="50.458696" lon="-104.544777">
<ele>560.4</ele>
<time>2026-08-27T18:47:08.788-06:00</time>
<extensions>
<gpxtpx:TrackPointExtension>
<gpxtpx:speed>9.06</gpxtpx:speed>
</gpxtpx:TrackPointExtension>
<opentracks:accuracy_horizontal>4.361</opentracks:accuracy_horizontal></extensions>
</trkpt>
<trkpt lat="50.45865" lon="-104.545028">
<ele>560.3</ele>
<time>2026-08-27T18:47:10.791-06:00</time>
<extensions>
<gpxtpx:TrackPointExtension>
<gpxtpx:speed>9.03</gpxtpx:speed>
</gpxtpx:TrackPointExtension>
<opentracks:accuracy_horizontal>4.374</opentracks:accuracy_horizontal></extensions>
</trkpt>
<trkpt lat="50.458602" lon="-104.545271">
<ele>560.2</ele>
<time>2026-08-27T18:47:12.793-06:00</time>
<extensions>
<gpxtpx:TrackPointExtension>
<gpxtpx:speed>8.74</gpxtpx:speed>
</gpxtpx:TrackPointExtension>
<opentracks:accuracy_horizontal>4.375</opentracks:accuracy_horizontal></extensions>
</trkpt>
<trkpt lat="50.458559" lon="-104.545514">
<ele>560.6</ele>
<time>2026-08-27T18:47:14.791-06:00</time>
<extensions>
<gpxtpx:TrackPointExtension>
<gpxtpx:speed>8.84</gpxtpx:speed>
</gpxtpx:TrackPointExtension>
<opentracks:accuracy_horizontal>4.375</opentracks:accuracy_horizontal></extensions>
</trkpt>
<trkpt lat="50.45852" lon="-104.545764">
<ele>560.7</ele>
<time>2026-08-27T18:47:16.794-06:00</time>
<extensions>
<gpxtpx:TrackPointExtension>
<gpxtpx:speed>9.05</gpxtpx:speed>
</gpxtpx:TrackPointExtension>
<opentracks:accuracy_horizontal>4.375</opentracks:accuracy_horizontal></extensions>
</trkpt>
<trkpt lat="50.458468" lon="-104.546002">
<ele>560.3</ele>
<time>2026-08-27T18:47:18.787-06:00</time>
<extensions>
<gpxtpx:TrackPointExtension>
<gpxtpx:speed>8.78</gpxtpx:speed>
</gpxtpx:TrackPointExtension>
<opentracks:accuracy_horizontal>4.375</opentracks:accuracy_horizontal></extensions>
</trkpt>
<trkpt lat="50.458425" lon="-104.546241">
<ele>560.5</ele>
<time>2026-08-27T18:47:20.791-06:00</time>
<extensions>
<gpxtpx:TrackPointExtension>
<gpxtpx:speed>8.79</gpxtpx:speed>
</gpxtpx:TrackPointExtension>
<opentracks:accuracy_horizontal>4.285</opentracks:accuracy_horizontal></extensions>
</trkpt>
<trkpt lat="50.458394" lon="-104.546487">
<ele>560.9</ele>
<time>2026-08-27T18:47:22.778-06:00</time>
<extensions>
<gpxtpx:TrackPointExtension>
<gpxtpx:speed>8.8</gpxtpx:speed>
</gpxtpx:TrackPointExtension>
<opentracks:accuracy_horizontal>4.33</opentracks:accuracy_horizontal></extensions>
</trkpt>
<trkpt lat="50.458359" lon="-104.546738">
<ele>560.4</ele>
<time>2026-08-27T18:47:24.779-06:00</time>
<extensions>
<gpxtpx:TrackPointExtension>
<gpxtpx:speed>8.89</gpxtpx:speed>
</gpxtpx:TrackPointExtension>
<opentracks:accuracy_horizontal>4.286</opentracks:accuracy_horizontal></extensions>
</trkpt>
<trkpt lat="50.45832" lon="-104.54698">
<ele>560.6</ele>
<time>2026-08-27T18:47:26.765-06:00</time>
<extensions>
<gpxtpx:TrackPointExtension>
<gpxtpx:speed>8.59</gpxtpx:speed>
</gpxtpx:TrackPointExtension>
<opentracks:accuracy_horizontal>4.286</opentracks:accuracy_horizontal></extensions>
</trkpt>
<trkpt lat="50.458312" lon="-104.547209">
<ele>561.3</ele>
<time>2026-08-27T18:47:28.788-06:00</time>
<extensions>
<gpxtpx:TrackPointExtension>
<gpxtpx:speed>7.7</gpxtpx:speed>
</gpxtpx:TrackPointExtension>
<opentracks:accuracy_horizontal>4.287</opentracks:accuracy_horizontal></extensions>
</trkpt>
<trkpt lat="50.458313" lon="-104.54742">
<ele>560.8</ele>
<time>2026-08-27T18:47:30.812-06:00</time>
<extensions>
<gpxtpx:TrackPointExtension>
<gpxtpx:speed>7.06</gpxtpx:speed>
</gpxtpx:TrackPointExtension>
<opentracks:accuracy_horizontal>4.287</opentracks:accuracy_horizontal></extensions>
</trkpt>
<trkpt lat="50.458312" lon="-104.547603">
<ele>560.5</ele>
<time>2026-08-27T18:47:32.788-06:00</time>
<extensions>
<gpxtpx:TrackPointExtension>
<gpxtpx:speed>6.38</gpxtpx:speed>
</gpxtpx:TrackPointExtension>
<opentracks:accuracy_horizontal>4.287</opentracks:accuracy_horizontal></extensions>
</trkpt>
<trkpt lat="50.458316" lon="-104.547781">
<ele>560.3</ele>
<time>2026-08-27T18:47:34.777-06:00</time>
<extensions>
<gpxtpx:TrackPointExtension>
<gpxtpx:speed>6.15</gpxtpx:speed>
</gpxtpx:TrackPointExtension>
<opentracks:accuracy_horizontal>4.287</opentracks:accuracy_horizontal></extensions>
</trkpt>
<trkpt lat="50.458322" lon="-104.547942">
<ele>560.1</ele>
<time>2026-08-27T18:47:36.787-06:00</time>
<extensions>
<gpxtpx:TrackPointExtension>
<gpxtpx:speed>5.68</gpxtpx:speed>
</gpxtpx:TrackPointExtension>
<opentracks:accuracy_horizontal>4.288</opentracks:accuracy_horizontal></extensions>
</trkpt>
<trkpt lat="50.458323" lon="-104.548087">
<ele>560.6</ele>
<time>2026-08-27T18:47:38.793-06:00</time>
<extensions>
<gpxtpx:TrackPointExtension>
<gpxtpx:speed>5.13</gpxtpx:speed>
</gpxtpx:TrackPointExtension>
<opentracks:accuracy_horizontal>4.376</opentracks:accuracy_horizontal></extensions>
</trkpt>
<trkpt lat="50.458339" lon="-104.548228">
<ele>560.6</ele>
<time>2026-08-27T18:47:40.793-06:00</time>
<extensions>
<gpxtpx:TrackPointExtension>
<gpxtpx:speed>4.67</gpxtpx:speed>
</gpxtpx:TrackPointExtension>
<opentracks:accuracy_horizontal>4.288</opentracks:accuracy_horizontal></extensions>
</trkpt>
<trkpt lat="50.458347" lon="-104.548395">
<ele>560.6</ele>
<time>2026-08-27T18:47:43.786-06:00</time>
<extensions>
<gpxtpx:TrackPointExtension>
<gpxtpx:speed>3.71</gpxtpx:speed>
</gpxtpx:TrackPointExtension>
<opentracks:accuracy_horizontal>4.366</opentracks:accuracy_horizontal></extensions>
</trkpt>
<trkpt lat="50.458333" lon="-104.548541">
<ele>559.4</ele>
<time>2026-08-27T18:47:47.796-06:00</time>
<extensions>
<gpxtpx:TrackPointExtension>
<gpxtpx:speed>2.23</gpxtpx:speed>
</gpxtpx:TrackPointExtension>
<opentracks:accuracy_horizontal>4.289</opentracks:accuracy_horizontal></extensions>
</trkpt>
<trkpt lat="50.458386" lon="-104.548691">
<ele>560.8</ele>
<time>2026-08-27T18:47:51.786-06:00</time>
<extensions>
<gpxtpx:TrackPointExtension>
<gpxtpx:speed>3.18</gpxtpx:speed>
</gpxtpx:TrackPointExtension>
<opentracks:accuracy_horizontal>4.499</opentracks:accuracy_horizontal></extensions>
</trkpt>
<trkpt lat="50.458369" lon="-104.548852">
<ele>559.6</ele>
<time>2026-08-27T18:47:55.78-06:00</time>
<extensions>
<gpxtpx:TrackPointExtension>
<gpxtpx:speed>3.8</gpxtpx:speed>
</gpxtpx:TrackPointExtension>
<opentracks:accuracy_horizontal>4.377</opentracks:accuracy_horizontal></extensions>
</trkpt>
<trkpt lat="50.458319" lon="-104.549065">
<ele>559.6</ele>
<time>2026-08-27T18:47:58.795-06:00</time>
<extensions>
<gpxtpx:TrackPointExtension>
<gpxtpx:speed>6.68</gpxtpx:speed>
</gpxtpx:TrackPointExtension>
<opentracks:accuracy_horizontal>4.33</opentracks:accuracy_horizontal></extensions>
</trkpt>
<trkpt lat="50.458319" lon="-104.549284">
<ele>560.3</ele>
<time>2026-08-27T18:48:00.798-06:00</time>
<extensions>
<gpxtpx:TrackPointExtension>
<gpxtpx:speed>7.36</gpxtpx:speed>
</gpxtpx:TrackPointExtension>
<opentracks:accuracy_horizontal>4.397</opentracks:accuracy_horizontal></extensions>
</trkpt>
<trkpt lat="50.458317" lon="-104.549511">
<ele>560.2</ele>
<time>2026-08-27T18:48:02.787-06:00</time>
<extensions>
<gpxtpx:TrackPointExtension>
<gpxtpx:speed>7.97</gpxtpx:speed>
</gpxtpx:TrackPointExtension>
<opentracks:accuracy_horizontal>4.397</opentracks:accuracy_horizontal></extensions>
</trkpt>
<trkpt lat="50.458314" lon="-104.549746">
<ele>559.9</ele>
<time>2026-08-27T18:48:04.795-06:00</time>
<extensions>
<gpxtpx:TrackPointExtension>
<gpxtpx:speed>7.84</gpxtpx:speed>
</gpxtpx:TrackPointExtension>
<opentracks:accuracy_horizontal>4.397</opentracks:accuracy_horizontal></extensions>
</trkpt>
<trkpt lat="50.458312" lon="-104.549972">
<ele>560</ele>
<time>2026-08-27T18:48:06.793-06:00</time>
<extensions>
<gpxtpx:TrackPointExtension>
<gpxtpx:speed>7.8</gpxtpx:speed>
</gpxtpx:TrackPointExtension>
<opentracks:accuracy_horizontal>4.369</opentracks:accuracy_horizontal></extensions>
</trkpt>
<trkpt lat="50.458315" lon="-104.550199">
<ele>559.9</ele>
<time>2026-08-27T18:48:08.787-06:00</time>
<extensions>
<gpxtpx:TrackPointExtension>
<gpxtpx:speed>7.63</gpxtpx:speed>
</gpxtpx:TrackPointExtension>
<opentracks:accuracy_horizontal>4.292</opentracks:accuracy_horizontal></extensions>
</trkpt>
<trkpt lat="50.458339" lon="-104.550429">
<ele>559.7</ele>
<time>2026-08-27T18:48:10.787-06:00</time>
<extensions>
<gpxtpx:TrackPointExtension>
<gpxtpx:speed>7.89</gpxtpx:speed>
</gpxtpx:TrackPointExtension>
<opentracks:accuracy_horizontal>4.292</opentracks:accuracy_horizontal></extensions>
</trkpt>
<trkpt lat="50.458347" lon="-104.550652">
<ele>559.6</ele>
<time>2026-08-27T18:48:12.79-06:00</time>
<extensions>
<gpxtpx:TrackPointExtension>
<gpxtpx:speed>7.73</gpxtpx:speed>
</gpxtpx:TrackPointExtension>
<opentracks:accuracy_horizontal>4.293</opentracks:accuracy_horizontal></extensions>
</trkpt>
<trkpt lat="50.458334" lon="-104.55086">
<ele>560.1</ele>
<time>2026-08-27T18:48:14.785-06:00</time>
<extensions>
<gpxtpx:TrackPointExtension>
<gpxtpx:speed>7.46</gpxtpx:speed>
</gpxtpx:TrackPointExtension>
<opentracks:accuracy_horizontal>4.293</opentracks:accuracy_horizontal></extensions>
</trkpt>
<trkpt lat="50.458327" lon="-104.551065">
<ele>560.6</ele>
<time>2026-08-27T18:48:16.786-06:00</time>
<extensions>
<gpxtpx:TrackPointExtension>
<gpxtpx:speed>7.5</gpxtpx:speed>
</gpxtpx:TrackPointExtension>
<opentracks:accuracy_horizontal>4.293</opentracks:accuracy_horizontal></extensions>
</trkpt>
<trkpt lat="50.458325" lon="-104.55129">
<ele>561.4</ele>
<time>2026-08-27T18:48:18.775-06:00</time>
<extensions>
<gpxtpx:TrackPointExtension>
<gpxtpx:speed>8.09</gpxtpx:speed>
</gpxtpx:TrackPointExtension>
<opentracks:accuracy_horizontal>4.294</opentracks:accuracy_horizontal></extensions>
</trkpt>
<trkpt lat="50.458331" lon="-104.551539">
<ele>561.4</ele>
<time>2026-08-27T18:48:20.785-06:00</time>
<extensions>
<gpxtpx:TrackPointExtension>
<gpxtpx:speed>8.23</gpxtpx:speed>
</gpxtpx:TrackPointExtension>
<opentracks:accuracy_horizontal>4.294</opentracks:accuracy_horizontal></extensions>
</trkpt>
<trkpt lat="50.458323" lon="-104.551766">
<ele>561.1</ele>
<time>2026-08-27T18:48:22.784-06:00</time>
<extensions>
<gpxtpx:TrackPointExtension>
<gpxtpx:speed>8.06</gpxtpx:speed>
</gpxtpx:TrackPointExtension>
<opentracks:accuracy_horizontal>4.294</opentracks:accuracy_horizontal></extensions>
</trkpt>
<trkpt lat="50.458323" lon="-104.552001">
<ele>561.4</ele>
<time>2026-08-27T18:48:24.792-06:00</time>
<extensions>
<gpxtpx:TrackPointExtension>
<gpxtpx:speed>8.24</gpxtpx:speed>
</gpxtpx:TrackPointExtension>
<opentracks:accuracy_horizontal>4.294</opentracks:accuracy_horizontal></extensions>
</trkpt>
<trkpt lat="50.45833" lon="-104.552235">
<ele>561.5</ele>
<time>2026-08-27T18:48:26.785-06:00</time>
<extensions>
<gpxtpx:TrackPointExtension>
<gpxtpx:speed>7.92</gpxtpx:speed>
</gpxtpx:TrackPointExtension>
<opentracks:accuracy_horizontal>4.372</opentracks:accuracy_horizontal></extensions>
</trkpt>
<trkpt lat="50.45833" lon="-104.55246">
<ele>561.2</ele>
<time>2026-08-27T18:48:28.787-06:00</time>
<extensions>
<gpxtpx:TrackPointExtension>
<gpxtpx:speed>7.48</gpxtpx:speed>
</gpxtpx:TrackPointExtension>
<opentracks:accuracy_horizontal>4.295</opentracks:accuracy_horizontal></extensions>
</trkpt>
<trkpt lat="50.458329" lon="-104.552672">
<ele>561.1</ele>
<time>2026-08-27T18:48:30.783-06:00</time>
<extensions>
<gpxtpx:TrackPointExtension>
<gpxtpx:speed>7.41</gpxtpx:speed>
</gpxtpx:TrackPointExtension>
<opentracks:accuracy_horizontal>4.373</opentracks:accuracy_horizontal></extensions>
</trkpt>
<trkpt lat="50.458314" lon="-104.552878">
<ele>561</ele>
<time>2026-08-27T18:48:32.786-06:00</time>
<extensions>
<gpxtpx:TrackPointExtension>
<gpxtpx:speed>7.06</gpxtpx:speed>
</gpxtpx:TrackPointExtension>
<opentracks:accuracy_horizontal>4.296</opentracks:accuracy_horizontal></extensions>
</trkpt>
<trkpt lat="50.458314" lon="-104.55309">
<ele>561.7</ele>
<time>2026-08-27T18:48:34.756-06:00</time>
<extensions>
<gpxtpx:TrackPointExtension>
<gpxtpx:speed>7.48</gpxtpx:speed>
</gpxtpx:TrackPointExtension>
<opentracks:accuracy_horizontal>4.38</opentracks:accuracy_horizontal></extensions>
</trkpt>
<trkpt lat="50.458327" lon="-104.553294">
<ele>561.5</ele>
<time>2026-08-27T18:48:36.785-06:00</time>
<extensions>
<gpxtpx:TrackPointExtension>
<gpxtpx:speed>7.36</gpxtpx:speed>
</gpxtpx:TrackPointExtension>
<opentracks:accuracy_horizontal>4.38</opentracks:accuracy_horizontal></extensions>
</trkpt>
<trkpt lat="50.458318" lon="-104.553501">
<ele>561.4</ele>
<time>2026-08-27T18:48:38.773-06:00</time>
<extensions>
<gpxtpx:TrackPointExtension>
<gpxtpx:speed>7.38</gpxtpx:speed>
</gpxtpx:TrackPointExtension>
<opentracks:accuracy_horizontal>4.38</opentracks:accuracy_horizontal></extensions>
</trkpt>
<trkpt lat="50.458324" lon="-104.553715">
<ele>561.3</ele>
<time>2026-08-27T18:48:40.772-06:00</time>
<extensions>
<gpxtpx:TrackPointExtension>
<gpxtpx:speed>7.44</gpxtpx:speed>
</gpxtpx:TrackPointExtension>
<opentracks:accuracy_horizontal>4.662</opentracks:accuracy_horizontal></extensions>
</trkpt>
<trkpt lat="50.458327" lon="-104.55394">
<ele>560.9</ele>
<time>2026-08-27T18:48:42.794-06:00</time>
<extensions>
<gpxtpx:TrackPointExtension>
<gpxtpx:speed>7.71</gpxtpx:speed>
</gpxtpx:TrackPointExtension>
<opentracks:accuracy_horizontal>4.38</opentracks:accuracy_horizontal></extensions>
</trkpt>
<trkpt lat="50.458328" lon="-104.554164">
<ele>560.7</ele>
<time>2026-08-27T18:48:44.789-06:00</time>
<extensions>
<gpxtpx:TrackPointExtension>
<gpxtpx:speed>7.15</gpxtpx:speed>
</gpxtpx:TrackPointExtension>
<opentracks:accuracy_horizontal>4.38</opentracks:accuracy_horizontal></extensions>
</trkpt>
<trkpt lat="50.458326" lon="-104.554361">
<ele>560.4</ele>
<time>2026-08-27T18:48:46.788-06:00</time>
<extensions>
<gpxtpx:TrackPointExtension>
<gpxtpx:speed>6.92</gpxtpx:speed>
</gpxtpx:TrackPointExtension>
<opentracks:accuracy_horizontal>4.503</opentracks:accuracy_horizontal></extensions>
</trkpt>
<trkpt lat="50.458338" lon="-104.554556">
<ele>560.6</ele>
<time>2026-08-27T18:48:48.782-06:00</time>
<extensions>
<gpxtpx:TrackPointExtension>
<gpxtpx:speed>6.76</gpxtpx:speed>
</gpxtpx:TrackPointExtension>
<opentracks:accuracy_horizontal>4.503</opentracks:accuracy_horizontal></extensions>
</trkpt>
<trkpt lat="50.45834" lon="-104.554761">
<ele>561.1</ele>
<time>2026-08-27T18:48:50.804-06:00</time>
<extensions>
<gpxtpx:TrackPointExtension>
<gpxtpx:speed>7.19</gpxtpx:speed>
</gpxtpx:TrackPointExtension>
<opentracks:accuracy_horizontal>4.404</opentracks:accuracy_horizontal></extensions>
</trkpt>
<trkpt lat="50.458336" lon="-104.554972">
<ele>560.6</ele>
<time>2026-08-27T18:48:52.786-06:00</time>
<extensions>
<gpxtpx:TrackPointExtension>
<gpxtpx:speed>7.32</gpxtpx:speed>
</gpxtpx:TrackPointExtension>
<opentracks:accuracy_horizontal>4.404</opentracks:accuracy_horizontal></extensions>
</trkpt>
<trkpt lat="50.458333" lon="-104.55518">
<ele>559.9</ele>
<time>2026-08-27T18:48:54.8-06:00</time>
<extensions>
<gpxtpx:TrackPointExtension>
<gpxtpx:speed>7.17</gpxtpx:speed>
</gpxtpx:TrackPointExtension>
<opentracks:accuracy_horizontal>4.504</opentracks:accuracy_horizontal></extensions>
</trkpt>
<trkpt lat="50.458331" lon="-104.555396">
<ele>559.6</ele>
<time>2026-08-27T18:48:56.791-06:00</time>
<extensions>
<gpxtpx:TrackPointExtension>
<gpxtpx:speed>7.66</gpxtpx:speed>
</gpxtpx:TrackPointExtension>
<opentracks:accuracy_horizontal>4.381</opentracks:accuracy_horizontal></extensions>
</trkpt>
<trkpt lat="50.45832" lon="-104.555628">
<ele>559.4</ele>
<time>2026-08-27T18:48:58.794-06:00</time>
<extensions>
<gpxtpx:TrackPointExtension>
<gpxtpx:speed>7.64</gpxtpx:speed>
</gpxtpx:TrackPointExtension>
<opentracks:accuracy_horizontal>4.381</opentracks:accuracy_horizontal></extensions>
</trkpt>
<trkpt lat="50.458336" lon="-104.555851">
<ele>559</ele>
<time>2026-08-27T18:49:00.78-06:00</time>
<extensions>
<gpxtpx:TrackPointExtension>
<gpxtpx:speed>7.5</gpxtpx:speed>
</gpxtpx:TrackPointExtension>
<opentracks:accuracy_horizontal>4.381</opentracks:accuracy_horizontal></extensions>
</trkpt>
<trkpt lat="50.458346" lon="-104.556064">
<ele>560</ele>
<time>2026-08-27T18:49:02.786-06:00</time>
<extensions>
<gpxtpx:TrackPointExtension>
<gpxtpx:speed>7.62</gpxtpx:speed>
</gpxtpx:TrackPointExtension>
<opentracks:accuracy_horizontal>4.381</opentracks:accuracy_horizontal></extensions>
</trkpt>
<trkpt lat="50.458337" lon="-104.556268">
<ele>560</ele>
<time>2026-08-27T18:49:04.78-06:00</time>
<extensions>
<gpxtpx:TrackPointExtension>
<gpxtpx:speed>7.4</gpxtpx:speed>
</gpxtpx:TrackPointExtension>
<opentracks:accuracy_horizontal>4.505</opentracks:accuracy_horizontal></extensions>
</trkpt>
<trkpt lat="50.458321" lon="-104.556471">
<ele>559.9</ele>
<time>2026-08-27T18:49:06.794-06:00</time>
<extensions>
<gpxtpx:TrackPointExtension>
<gpxtpx:speed>7.1</gpxtpx:speed>
</gpxtpx:TrackPointExtension>
<opentracks:accuracy_horizontal>4.505</opentracks:accuracy_horizontal></extensions>
</trkpt>
<trkpt lat="50.458326" lon="-104.556671">
<ele>560.5</ele>
<time>2026-08-27T18:49:08.777-06:00</time>
<extensions>
<gpxtpx:TrackPointExtension>
<gpxtpx:speed>7.21</gpxtpx:speed>
</gpxtpx:TrackPointExtension>
<opentracks:accuracy_horizontal>4.059</opentracks:accuracy_horizontal></extensions>
</trkpt>
<trkpt lat="50.458339" lon="-104.556876">
<ele>560.5</ele>
<time>2026-08-27T18:49:10.776-06:00</time>
<extensions>
<gpxtpx:TrackPointExtension>
<gpxtpx:speed>7.01</gpxtpx:speed>
</gpxtpx:TrackPointExtension>
<opentracks:accuracy_horizontal>4.025</opentracks:accuracy_horizontal></extensions>
</trkpt>
<trkpt lat="50.458336" lon="-104.557082">
<ele>561.2</ele>
<time>2026-08-27T18:49:12.788-06:00</time>
<extensions>
<gpxtpx:TrackPointExtension>
<gpxtpx:speed>7.37</gpxtpx:speed>
</gpxtpx:TrackPointExtension>
<opentracks:accuracy_horizontal>4.382</opentracks:accuracy_horizontal></extensions>
</trkpt>
<trkpt lat="50.458333" lon="-104.557294">
<ele>561.8</ele>
<time>2026-08-27T18:49:14.793-06:00</time>
<extensions>
<gpxtpx:TrackPointExtension>
<gpxtpx:speed>7.23</gpxtpx:speed>
</gpxtpx:TrackPointExtension>
<opentracks:accuracy_horizontal>4.09</opentracks:accuracy_horizontal></extensions>
</trkpt>
<trkpt lat="50.458339" lon="-104.557502">
<ele>561.3</ele>
<time>2026-08-27T18:49:16.796-06:00</time>
<extensions>
<gpxtpx:TrackPointExtension>
<gpxtpx:speed>7.31</gpxtpx:speed>
</gpxtpx:TrackPointExtension>
<opentracks:accuracy_horizontal>4.301</opentracks:accuracy_horizontal></extensions>
</trkpt>
<trkpt lat="50.458329" lon="-104.557682">
<ele>560.7</ele>
<time>2026-08-27T18:49:18.787-06:00</time>
<extensions>
<gpxtpx:TrackPointExtension>
<gpxtpx:speed>5.76</gpxtpx:speed>
</gpxtpx:TrackPointExtension>
<opentracks:accuracy_horizontal>3.999</opentracks:accuracy_horizontal></extensions>
</trkpt>
<trkpt lat="50.45832" lon="-104.557834">
<ele>560.7</ele>
<time>2026-08-27T18:49:20.79-06:00</time>
<extensions>
<gpxtpx:TrackPointExtension>
<gpxtpx:speed>5.32</gpxtpx:speed>
</gpxtpx:TrackPointExtension>
<opentracks:accuracy_horizontal>4.018</opentracks:accuracy_horizontal></extensions>
</trkpt>
<trkpt lat="50.458328" lon="-104.557978">
<ele>560.6</ele>
<time>2026-08-27T18:49:22.789-06:00</time>
<extensions>
<gpxtpx:TrackPointExtension>
<gpxtpx:speed>5</gpxtpx:speed>
</gpxtpx:TrackPointExtension>
<opentracks:accuracy_horizontal>3.988</opentracks:accuracy_horizontal></extensions>
</trkpt>
<trkpt lat="50.458331" lon="-104.558121">
<ele>560.6</ele>
<time>2026-08-27T18:49:24.794-06:00</time>
<extensions>
<gpxtpx:TrackPointExtension>
<gpxtpx:speed>5.02</gpxtpx:speed>
</gpxtpx:TrackPointExtension>
<opentracks:accuracy_horizontal>3.933</opentracks:accuracy_horizontal></extensions>
</trkpt>
<trkpt lat="50.458273" lon="-104.558236">
<ele>559.8</ele>
<time>2026-08-27T18:49:26.783-06:00</time>
<extensions>
<gpxtpx:TrackPointExtension>
<gpxtpx:speed>5.24</gpxtpx:speed>
</gpxtpx:TrackPointExtension>
<opentracks:accuracy_horizontal>4.38</opentracks:accuracy_horizontal></extensions>
</trkpt>
<trkpt lat="50.458169" lon="-104.558268">
<ele>559.3</ele>
<time>2026-08-27T18:49:28.758-06:00</time>
<extensions>
<gpxtpx:TrackPointExtension>
<gpxtpx:speed>5.41</gpxtpx:speed>
</gpxtpx:TrackPointExtension>
<opentracks:accuracy_horizontal>4.303</opentracks:accuracy_horizontal></extensions>
</trkpt>
<trkpt lat="50.458062" lon="-104.558252">
<ele>560.2</ele>
<time>2026-08-27T18:49:30.797-06:00</time>
<extensions>
<gpxtpx:TrackPointExtension>
<gpxtpx:speed>5.6</gpxtpx:speed>
</gpxtpx:TrackPointExtension>
<opentracks:accuracy_horizontal>4.379</opentracks:accuracy_horizontal></extensions>
</trkpt>
<trkpt lat="50.45795" lon="-104.558228">
<ele>560.6</ele>
<time>2026-08-27T18:49:32.788-06:00</time>
<extensions>
<gpxtpx:TrackPointExtension>
<gpxtpx:speed>5.42</gpxtpx:speed>
</gpxtpx:TrackPointExtension>
<opentracks:accuracy_horizontal>4.383</opentracks:accuracy_horizontal></extensions>
</trkpt>
<trkpt lat="50.457844" lon="-104.558217">
<ele>560.7</ele>
<time>2026-08-27T18:49:34.795-06:00</time>
<extensions>
<gpxtpx:TrackPointExtension>
<gpxtpx:speed>5.34</gpxtpx:speed>
</gpxtpx:TrackPointExtension>
<opentracks:accuracy_horizontal>4.383</opentracks:accuracy_horizontal></extensions>
</trkpt>
<trkpt lat="50.457744" lon="-104.558211">
<ele>561.5</ele>
<time>2026-08-27T18:49:36.778-06:00</time>
<extensions>
<gpxtpx:TrackPointExtension>
<gpxtpx:speed>5.15</gpxtpx:speed>
</gpxtpx:TrackPointExtension>
<opentracks:accuracy_horizontal>4.39</opentracks:accuracy_horizontal></extensions>
</trkpt>
<trkpt lat="50.457641" lon="-104.558192">
<ele>561.6</ele>
<time>2026-08-27T18:49:38.784-06:00</time>
<extensions>
<gpxtpx:TrackPointExtension>
<gpxtpx:speed>5.13</gpxtpx:speed>
</gpxtpx:TrackPointExtension>
<opentracks:accuracy_horizontal>4.383</opentracks:accuracy_horizontal></extensions>
</trkpt>
<trkpt lat="50.457547" lon="-104.558186">
<ele>561.7</ele>
<time>2026-08-27T18:49:40.787-06:00</time>
<extensions>
<gpxtpx:TrackPointExtension>
<gpxtpx:speed>4.93</gpxtpx:speed>
</gpxtpx:TrackPointExtension>
<opentracks:accuracy_horizontal>4.383</opentracks:accuracy_horizontal></extensions>
</trkpt>
<trkpt lat="50.457451" lon="-104.558175">
<ele>561.5</ele>
<time>2026-08-27T18:49:42.803-06:00</time>
<extensions>
<gpxtpx:TrackPointExtension>
<gpxtpx:speed>5.09</gpxtpx:speed>
</gpxtpx:TrackPointExtension>
<opentracks:accuracy_horizontal>4.383</opentracks:accuracy_horizontal></extensions>
</trkpt>
<trkpt lat="50.457345" lon="-104.558189">
<ele>562.1</ele>
<time>2026-08-27T18:49:44.785-06:00</time>
<extensions>
<gpxtpx:TrackPointExtension>
<gpxtpx:speed>5.14</gpxtpx:speed>
</gpxtpx:TrackPointExtension>
<opentracks:accuracy_horizontal>4.384</opentracks:accuracy_horizontal></extensions>
</trkpt>
<trkpt lat="50.457239" lon="-104.558193">
<ele>561.2</ele>
<time>2026-08-27T18:49:46.778-06:00</time>
<extensions>
<gpxtpx:TrackPointExtension>
<gpxtpx:speed>4.96</gpxtpx:speed>
</gpxtpx:TrackPointExtension>
<opentracks:accuracy_horizontal>4.384</opentracks:accuracy_horizontal></extensions>
</trkpt>
<trkpt lat="50.457097" lon="-104.558222">
<ele>561.3</ele>
<time>2026-08-27T18:49:49.792-06:00</time>
<extensions>
<gpxtpx:TrackPointExtension>
<gpxtpx:speed>5.39</gpxtpx:speed>
</gpxtpx:TrackPointExtension>
<opentracks:accuracy_horizontal>4.384</opentracks:accuracy_horizontal></extensions>
</trkpt>
<trkpt lat="50.456997" lon="-104.558221">
<ele>561.2</ele>
<time>2026-08-27T18:49:51.775-06:00</time>
<extensions>
<gpxtpx:TrackPointExtension>
<gpxtpx:speed>5.24</gpxtpx:speed>
</gpxtpx:TrackPointExtension>
<opentracks:accuracy_horizontal>4.353</opentracks:accuracy_horizontal></extensions>
</trkpt>
<trkpt lat="50.456865" lon="-104.558207">
<ele>560.9</ele>
<time>2026-08-27T18:49:54.794-06:00</time>
<extensions>
<gpxtpx:TrackPointExtension>
<gpxtpx:speed>4.7</gpxtpx:speed>
</gpxtpx:TrackPointExtension>
<opentracks:accuracy_horizontal>4.384</opentracks:accuracy_horizontal></extensions>
</trkpt>
<trkpt lat="50.456726" lon="-104.558189">
<ele>560.3</ele>
<time>2026-08-27T18:49:57.787-06:00</time>
<extensions>
<gpxtpx:TrackPointExtension>
<gpxtpx:speed>5.79</gpxtpx:speed>
</gpxtpx:TrackPointExtension>
<opentracks:accuracy_horizontal>4.384</opentracks:accuracy_horizontal></extensions>
</trkpt>
<trkpt lat="50.456618" lon="-104.558183">
<ele>560</ele>
<time>2026-08-27T18:49:59.785-06:00</time>
<extensions>
<gpxtpx:TrackPointExtension>
<gpxtpx:speed>5.88</gpxtpx:speed>
</gpxtpx:TrackPointExtension>
<opentracks:accuracy_horizontal>4.384</opentracks:accuracy_horizontal></extensions>
</trkpt>
<trkpt lat="50.456503" lon="-104.558199">
<ele>560.5</ele>
<time>2026-08-27T18:50:01.793-06:00</time>
<extensions>
<gpxtpx:TrackPointExtension>
<gpxtpx:speed>5.84</gpxtpx:speed>
</gpxtpx:TrackPointExtension>
<opentracks:accuracy_horizontal>4.414</opentracks:accuracy_horizontal></extensions>
</trkpt>
<trkpt lat="50.456418" lon="-104.558351">
<ele>561.2</ele>
<time>2026-08-27T18:50:03.801-06:00</time>
<extensions>
<gpxtpx:TrackPointExtension>
<gpxtpx:speed>5.62</gpxtpx:speed>
</gpxtpx:TrackPointExtension>
<opentracks:accuracy_horizontal>5.044</opentracks:accuracy_horizontal></extensions>
</trkpt>
<trkpt lat="50.456395" lon="-104.558548">
<ele>561.1</ele>
<time>2026-08-27T18:50:05.803-06:00</time>
<extensions>
<gpxtpx:TrackPointExtension>
<gpxtpx:speed>5.45</gpxtpx:speed>
</gpxtpx:TrackPointExtension>
<opentracks:accuracy_horizontal>4.551</opentracks:accuracy_horizontal></extensions>
</trkpt>
<trkpt lat="50.456406" lon="-104.558743">
<ele>560.8</ele>
<time>2026-08-27T18:50:07.808-06:00</time>
<extensions>
<gpxtpx:TrackPointExtension>
<gpxtpx:speed>5.29</gpxtpx:speed>
</gpxtpx:TrackPointExtension>
<opentracks:accuracy_horizontal>4.555</opentracks:accuracy_horizontal></extensions>
</trkpt>
<trkpt lat="50.456426" lon="-104.558927">
<ele>561.1</ele>
<time>2026-08-27T18:50:09.803-06:00</time>
<extensions>
<gpxtpx:TrackPointExtension>
<gpxtpx:speed>5.29</gpxtpx:speed>
</gpxtpx:TrackPointExtension>
<opentracks:accuracy_horizontal>4.308</opentracks:accuracy_horizontal></extensions>
</trkpt>
<trkpt lat="50.456431" lon="-104.559079">
<ele>561.1</ele>
<time>2026-08-27T18:50:11.795-06:00</time>
<extensions>
<gpxtpx:TrackPointExtension>
<gpxtpx:speed>5.02</gpxtpx:speed>
</gpxtpx:TrackPointExtension>
<opentracks:accuracy_horizontal>4.309</opentracks:accuracy_horizontal></extensions>
</trkpt>
<trkpt lat="50.456426" lon="-104.559225">
<ele>561</ele>
<time>2026-08-27T18:50:13.799-06:00</time>
<extensions>
<gpxtpx:TrackPointExtension>
<gpxtpx:speed>5.05</gpxtpx:speed>
</gpxtpx:TrackPointExtension>
<opentracks:accuracy_horizontal>4.309</opentracks:accuracy_horizontal></extensions>
</trkpt>
<trkpt lat="50.456457" lon="-104.559379">
<ele>560.4</ele>
<time>2026-08-27T18:50:15.798-06:00</time>
<extensions>
<gpxtpx:TrackPointExtension>
<gpxtpx:speed>5.3</gpxtpx:speed>
</gpxtpx:TrackPointExtension>
<opentracks:accuracy_horizontal>4.309</opentracks:accuracy_horizontal></extensions>
</trkpt>
<trkpt lat="50.456548" lon="-104.559505">
<ele>561</ele>
<time>2026-08-27T18:50:17.787-06:00</time>
<extensions>
<gpxtpx:TrackPointExtension>
<gpxtpx:speed>5.55</gpxtpx:speed>
</gpxtpx:TrackPointExtension>
<opentracks:accuracy_horizontal>4.171</opentracks:accuracy_horizontal></extensions>
</trkpt>
<trkpt lat="50.456663" lon="-104.559545">
<ele>561</ele>
<time>2026-08-27T18:50:19.788-06:00</time>
<extensions>
<gpxtpx:TrackPointExtension>
<gpxtpx:speed>5.48</gpxtpx:speed>
</gpxtpx:TrackPointExtension>
<opentracks:accuracy_horizontal>4.51</opentracks:accuracy_horizontal></extensions>
</trkpt>
<trkpt lat="50.456775" lon="-104.559525">
<ele>560.9</ele>
<time>2026-08-27T18:50:21.792-06:00</time>
<extensions>
<gpxtpx:TrackPointExtension>
<gpxtpx:speed>5.51</gpxtpx:speed>
</gpxtpx:TrackPointExtension>
<opentracks:accuracy_horizontal>4.51</opentracks:accuracy_horizontal></extensions>
</trkpt>
<trkpt lat="50.456882" lon="-104.559523">
<ele>561.1</ele>
<time>2026-08-27T18:50:23.786-06:00</time>
<extensions>
<gpxtpx:TrackPointExtension>
<gpxtpx:speed>5.53</gpxtpx:speed>
</gpxtpx:TrackPointExtension>
<opentracks:accuracy_horizontal>4.51</opentracks:accuracy_horizontal></extensions>
</trkpt>
<trkpt lat="50.456987" lon="-104.559531">
<ele>561.6</ele>
<time>2026-08-27T18:50:25.792-06:00</time>
<extensions>
<gpxtpx:TrackPointExtension>
<gpxtpx:speed>5.76</gpxtpx:speed>
</gpxtpx:TrackPointExtension>
<opentracks:accuracy_horizontal>4.385</opentracks:accuracy_horizontal></extensions>
</trkpt>
<trkpt lat="50.457096" lon="-104.559529">
<ele>562</ele>
<time>2026-08-27T18:50:27.801-06:00</time>
<extensions>
<gpxtpx:TrackPointExtension>
<gpxtpx:speed>5.77</gpxtpx:speed>
</gpxtpx:TrackPointExtension>
<opentracks:accuracy_horizontal>4.385</opentracks:accuracy_horizontal></extensions>
</trkpt>
<trkpt lat="50.4572" lon="-104.559529">
<ele>562</ele>
<time>2026-08-27T18:50:29.793-06:00</time>
<extensions>
<gpxtpx:TrackPointExtension>
<gpxtpx:speed>5.66</gpxtpx:speed>
</gpxtpx:TrackPointExtension>
<opentracks:accuracy_horizontal>4.386</opentracks:accuracy_horizontal></extensions>
</trkpt>
<trkpt lat="50.457301" lon="-104.55955">
<ele>562.4</ele>
<time>2026-08-27T18:50:31.8-06:00</time>
<extensions>
<gpxtpx:TrackPointExtension>
<gpxtpx:speed>5.71</gpxtpx:speed>
</gpxtpx:TrackPointExtension>
<opentracks:accuracy_horizontal>4.386</opentracks:accuracy_horizontal></extensions>
</trkpt>
<trkpt lat="50.457404" lon="-104.559551">
<ele>563</ele>
<time>2026-08-27T18:50:33.785-06:00</time>
<extensions>
<gpxtpx:TrackPointExtension>
<gpxtpx:speed>5.63</gpxtpx:speed>
</gpxtpx:TrackPointExtension>
<opentracks:accuracy_horizontal>4.386</opentracks:accuracy_horizontal></extensions>
</trkpt>
<trkpt lat="50.457508" lon="-104.559548">
<ele>562.7</ele>
<time>2026-08-27T18:50:35.79-06:00</time>
<extensions>
<gpxtpx:TrackPointExtension>
<gpxtpx:speed>5.61</gpxtpx:speed>
</gpxtpx:TrackPointExtension>
<opentracks:accuracy_horizontal>4.386</opentracks:accuracy_horizontal></extensions>
</trkpt>
<trkpt lat="50.457616" lon="-104.559544">
<ele>562.9</ele>
<time>2026-08-27T18:50:37.792-06:00</time>
<extensions>
<gpxtpx:TrackPointExtension>
<gpxtpx:speed>5.47</gpxtpx:speed>
</gpxtpx:TrackPointExtension>
<opentracks:accuracy_horizontal>4.386</opentracks:accuracy_horizontal></extensions>
</trkpt>
<trkpt lat="50.457718" lon="-104.559546">
<ele>562.9</ele>
<time>2026-08-27T18:50:39.804-06:00</time>
<extensions>
<gpxtpx:TrackPointExtension>
<gpxtpx:speed>5.46</gpxtpx:speed>
</gpxtpx:TrackPointExtension>
<opentracks:accuracy_horizontal>4.511</opentracks:accuracy_horizontal></extensions>
</trkpt>
<trkpt lat="50.45782" lon="-104.559546">
<ele>562.8</ele>
<time>2026-08-27T18:50:41.804-06:00</time>
<extensions>
<gpxtpx:TrackPointExtension>
<gpxtpx:speed>5.39</gpxtpx:speed>
</gpxtpx:TrackPointExtension>
<opentracks:accuracy_horizontal>4.511</opentracks:accuracy_horizontal></extensions>
</trkpt>
<trkpt lat="50.457927" lon="-104.559539">
<ele>563.2</ele>
<time>2026-08-27T18:50:43.801-06:00</time>
<extensions>
<gpxtpx:TrackPointExtension>
<gpxtpx:speed>5.38</gpxtpx:speed>
</gpxtpx:TrackPointExtension>
<opentracks:accuracy_horizontal>4.386</opentracks:accuracy_horizontal></extensions>
</trkpt>
<trkpt lat="50.458026" lon="-104.559539">
<ele>562.8</ele>
<time>2026-08-27T18:50:45.757-06:00</time>
<extensions>
<gpxtpx:TrackPointExtension>
<gpxtpx:speed>5.12</gpxtpx:speed>
</gpxtpx:TrackPointExtension>
<opentracks:accuracy_horizontal>4.512</opentracks:accuracy_horizontal></extensions>
</trkpt>
<trkpt lat="50.458136" lon="-104.559534">
<ele>562.8</ele>
<time>2026-08-27T18:50:48.796-06:00</time>
<extensions>
<gpxtpx:TrackPointExtension>
<gpxtpx:speed>4.47</gpxtpx:speed>
</gpxtpx:TrackPointExtension>
<opentracks:accuracy_horizontal>4.397</opentracks:accuracy_horizontal></extensions>
</trkpt>
<trkpt lat="50.458239" lon="-104.55954">
<ele>562.3</ele>
<time>2026-08-27T18:50:52.803-06:00</time>
<extensions>
<gpxtpx:TrackPointExtension>
<gpxtpx:speed>2.99</gpxtpx:speed>
</gpxtpx:TrackPointExtension>
<opentracks:accuracy_horizontal>4.599</opentracks:accuracy_horizontal></extensions>
</trkpt>
<trkpt lat="50.458291" lon="-104.559673">
<ele>562.4</ele>
<time>2026-08-27T18:50:55.793-06:00</time>
<extensions>
<gpxtpx:TrackPointExtension>
<gpxtpx:speed>4.04</gpxtpx:speed>
</gpxtpx:TrackPointExtension>
<opentracks:accuracy_horizontal>4.512</opentracks:accuracy_horizontal></extensions>
</trkpt>
<trkpt lat="50.458328" lon="-104.559832">
<ele>561.6</ele>
<time>2026-08-27T18:50:58.785-06:00</time>
<extensions>
<gpxtpx:TrackPointExtension>
<gpxtpx:speed>4.3</gpxtpx:speed>
</gpxtpx:TrackPointExtension>
<opentracks:accuracy_horizontal>4.512</opentracks:accuracy_horizontal></extensions>
</trkpt>
<trkpt lat="50.458338" lon="-104.56">
<ele>560.8</ele>
<time>2026-08-27T18:51:01.794-06:00</time>
<extensions>
<gpxtpx:TrackPointExtension>
<gpxtpx:speed>4.15</gpxtpx:speed>
</gpxtpx:TrackPointExtension>
<opentracks:accuracy_horizontal>4.295</opentracks:accuracy_horizontal></extensions>
</trkpt>
<trkpt lat="50.458346" lon="-104.56019">
<ele>560.2</ele>
<time>2026-08-27T18:51:04.794-06:00</time>
<extensions>
<gpxtpx:TrackPointExtension>
<gpxtpx:speed>4.68</gpxtpx:speed>
</gpxtpx:TrackPointExtension>
<opentracks:accuracy_horizontal>4.169</opentracks:accuracy_horizontal></extensions>
</trkpt>
<trkpt lat="50.458346" lon="-104.56034">
<ele>560</ele>
<time>2026-08-27T18:51:06.787-06:00</time>
<extensions>
<gpxtpx:TrackPointExtension>
<gpxtpx:speed>5.1</gpxtpx:speed>
</gpxtpx:TrackPointExtension>
<opentracks:accuracy_horizontal>4.169</opentracks:accuracy_horizontal></extensions>
</trkpt>
<trkpt lat="50.458347" lon="-104.560491">
<ele>560.1</ele>
<time>2026-08-27T18:51:08.775-06:00</time>
<extensions>
<gpxtpx:TrackPointExtension>
<gpxtpx:speed>5.42</gpxtpx:speed>
</gpxtpx:TrackPointExtension>
<opentracks:accuracy_horizontal>4.169</opentracks:accuracy_horizontal></extensions>
</trkpt>
<trkpt lat="50.458347" lon="-104.560653">
<ele>560</ele>
<time>2026-08-27T18:51:10.799-06:00</time>
<extensions>
<gpxtpx:TrackPointExtension>
<gpxtpx:speed>5.52</gpxtpx:speed>
</gpxtpx:TrackPointExtension>
<opentracks:accuracy_horizontal>4.169</opentracks:accuracy_horizontal></extensions>
</trkpt>
<trkpt lat="50.458347" lon="-104.560801">
<ele>560.1</ele>
<time>2026-08-27T18:51:12.79-06:00</time>
<extensions>
<gpxtpx:TrackPointExtension>
<gpxtpx:speed>5.35</gpxtpx:speed>
</gpxtpx:TrackPointExtension>
<opentracks:accuracy_horizontal>4.169</opentracks:accuracy_horizontal></extensions>
</trkpt>
<trkpt lat="50.458343" lon="-104.560952">
<ele>559.5</ele>
<time>2026-08-27T18:51:14.79-06:00</time>
<extensions>
<gpxtpx:TrackPointExtension>
<gpxtpx:speed>5.08</gpxtpx:speed>
</gpxtpx:TrackPointExtension>
<opentracks:accuracy_horizontal>4.232</opentracks:accuracy_horizontal></extensions>
</trkpt>
<trkpt lat="50.458331" lon="-104.561093">
<ele>559.2</ele>
<time>2026-08-27T18:51:16.795-06:00</time>
<extensions>
<gpxtpx:TrackPointExtension>
<gpxtpx:speed>5.13</gpxtpx:speed>
</gpxtpx:TrackPointExtension>
<opentracks:accuracy_horizontal>4.245</opentracks:accuracy_horizontal></extensions>
</trkpt>
<trkpt lat="50.458317" lon="-104.561254">
<ele>559.3</ele>
<time>2026-08-27T18:51:18.8-06:00</time>
<extensions>
<gpxtpx:TrackPointExtension>
<gpxtpx:speed>5.1</gpxtpx:speed>
</gpxtpx:TrackPointExtension>
<opentracks:accuracy_horizontal>4.182</opentracks:accuracy_horizontal></extensions>
</trkpt>
<trkpt lat="50.458317" lon="-104.5614">
<ele>559.1</ele>
<time>2026-08-27T18:51:20.805-06:00</time>
<extensions>
<gpxtpx:TrackPointExtension>
<gpxtpx:speed>4.83</gpxtpx:speed>
</gpxtpx:TrackPointExtension>
<opentracks:accuracy_horizontal>4.168</opentracks:accuracy_horizontal></extensions>
</trkpt>
<trkpt lat="50.45833" lon="-104.561591">
<ele>558.9</ele>
<time>2026-08-27T18:51:23.784-06:00</time>
<extensions>
<gpxtpx:TrackPointExtension>
<gpxtpx:speed>3.8</gpxtpx:speed>
</gpxtpx:TrackPointExtension>
<opentracks:accuracy_horizontal>4.168</opentracks:accuracy_horizontal></extensions>
</trkpt>
<trkpt lat="50.458329" lon="-104.561737">
<ele>558.3</ele>
<time>2026-08-27T18:51:26.793-06:00</time>
<extensions>
<gpxtpx:TrackPointExtension>
<gpxtpx:speed>3.34</gpxtpx:speed>
</gpxtpx:TrackPointExtension>
<opentracks:accuracy_horizontal>4.168</opentracks:accuracy_horizontal></extensions>
</trkpt>
<trkpt lat="50.458318" lon="-104.561879">
<ele>558.5</ele>
<time>2026-08-27T18:51:29.796-06:00</time>
<extensions>
<gpxtpx:TrackPointExtension>
<gpxtpx:speed>3.19</gpxtpx:speed>
</gpxtpx:TrackPointExtension>
<opentracks:accuracy_horizontal>4.07</opentracks:accuracy_horizontal></extensions>
</trkpt>
<trkpt lat="50.458364" lon="-104.562025">
<ele>558.7</ele>
<time>2026-08-27T18:51:33.79-06:00</time>
<extensions>
<gpxtpx:TrackPointExtension>
<gpxtpx:speed>3.48</gpxtpx:speed>
</gpxtpx:TrackPointExtension>
<opentracks:accuracy_horizontal>3.93</opentracks:accuracy_horizontal></extensions>
</trkpt>
<trkpt lat="50.458447" lon="-104.561971">
<ele>559.9</ele>
<time>2026-08-27T18:51:35.803-06:00</time>
<extensions>
<gpxtpx:TrackPointExtension>
<gpxtpx:speed>4.04</gpxtpx:speed>
</gpxtpx:TrackPointExtension>
<opentracks:accuracy_horizontal>4.515</opentracks:accuracy_horizontal></extensions>
</trkpt>
<trkpt lat="50.458523" lon="-104.561873">
<ele>559.4</ele>
<time>2026-08-27T18:51:37.787-06:00</time>
<extensions>
<gpxtpx:TrackPointExtension>
<gpxtpx:speed>3.76</gpxtpx:speed>
</gpxtpx:TrackPointExtension>
<opentracks:accuracy_horizontal>4.515</opentracks:accuracy_horizontal></extensions>
</trkpt>
<trkpt lat="50.45862" lon="-104.561773">
<ele>560.5</ele>
<time>2026-08-27T18:51:40.806-06:00</time>
<extensions>
<gpxtpx:TrackPointExtension>
<gpxtpx:speed>3.61</gpxtpx:speed>
</gpxtpx:TrackPointExtension>
<opentracks:accuracy_horizontal>4.515</opentracks:accuracy_horizontal></extensions>
</trkpt>
<trkpt lat="50.45874" lon="-104.561753">
<ele>559.5</ele>
<time>2026-08-27T18:51:44.804-06:00</time>
<extensions>
<gpxtpx:TrackPointExtension>
<gpxtpx:speed>3.92</gpxtpx:speed>
</gpxtpx:TrackPointExtension>
<opentracks:accuracy_horizontal>4.653</opentracks:accuracy_horizontal></extensions>
</trkpt>
<trkpt lat="50.458825" lon="-104.5619">
<ele>559.6</ele>
<time>2026-08-27T18:51:47.794-06:00</time>
<extensions>
<gpxtpx:TrackPointExtension>
<gpxtpx:speed>3.91</gpxtpx:speed>
</gpxtpx:TrackPointExtension>
<opentracks:accuracy_horizontal>4.515</opentracks:accuracy_horizontal></extensions>
</trkpt>
<trkpt lat="50.458904" lon="-104.562031">
<ele>559.4</ele>
<time>2026-08-27T18:51:50.785-06:00</time>
<extensions>
<gpxtpx:TrackPointExtension>
<gpxtpx:speed>4.3</gpxtpx:speed>
</gpxtpx:TrackPointExtension>
<opentracks:accuracy_horizontal>4.515</opentracks:accuracy_horizontal></extensions>
</trkpt>
<trkpt lat="50.458984" lon="-104.562182">
<ele>558.2</ele>
<time>2026-08-27T18:51:53.774-06:00</time>
<extensions>
<gpxtpx:TrackPointExtension>
<gpxtpx:speed>4.43</gpxtpx:speed>
</gpxtpx:TrackPointExtension>
<opentracks:accuracy_horizontal>4.388</opentracks:accuracy_horizontal></extensions>
</trkpt>
<trkpt lat="50.459071" lon="-104.56231">
<ele>558.7</ele>
<time>2026-08-27T18:51:56.787-06:00</time>
<extensions>
<gpxtpx:TrackPointExtension>
<gpxtpx:speed>4.37</gpxtpx:speed>
</gpxtpx:TrackPointExtension>
<opentracks:accuracy_horizontal>3.967</opentracks:accuracy_horizontal></extensions>
</trkpt>
<trkpt lat="50.459195" lon="-104.562284">
<ele>559.5</ele>
<time>2026-08-27T18:51:59.794-06:00</time>
<extensions>
<gpxtpx:TrackPointExtension>
<gpxtpx:speed>4.52</gpxtpx:speed>
</gpxtpx:TrackPointExtension>
<opentracks:accuracy_horizontal>4.516</opentracks:accuracy_horizontal></extensions>
</trkpt>
<trkpt lat="50.459325" lon="-104.562269">
<ele>559.4</ele>
<time>2026-08-27T18:52:02.799-06:00</time>
<extensions>
<gpxtpx:TrackPointExtension>
<gpxtpx:speed>4.57</gpxtpx:speed>
</gpxtpx:TrackPointExtension>
<opentracks:accuracy_horizontal>4.516</opentracks:accuracy_horizontal></extensions>
</trkpt>
<trkpt lat="50.459452" lon="-104.562289">
<ele>560.3</ele>
<time>2026-08-27T18:52:05.794-06:00</time>
<extensions>
<gpxtpx:TrackPointExtension>
<gpxtpx:speed>4.71</gpxtpx:speed>
</gpxtpx:TrackPointExtension>
<opentracks:accuracy_horizontal>4.516</opentracks:accuracy_horizontal></extensions>
</trkpt>
<trkpt lat="50.45958" lon="-104.562231">
<ele>560.7</ele>
<time>2026-08-27T18:52:08.813-06:00</time>
<extensions>
<gpxtpx:TrackPointExtension>
<gpxtpx:speed>5.12</gpxtpx:speed>
</gpxtpx:TrackPointExtension>
<opentracks:accuracy_horizontal>4.516</opentracks:accuracy_horizontal></extensions>
</trkpt>
<trkpt lat="50.459662" lon="-104.56212">
<ele>560.5</ele>
<time>2026-08-27T18:52:10.806-06:00</time>
<extensions>
<gpxtpx:TrackPointExtension>
<gpxtpx:speed>4.51</gpxtpx:speed>
</gpxtpx:TrackPointExtension>
<opentracks:accuracy_horizontal>4.516</opentracks:accuracy_horizontal></extensions>
</trkpt>
<trkpt lat="50.459768" lon="-104.562013">
<ele>560.7</ele>
<time>2026-08-27T18:52:13.786-06:00</time>
<extensions>
<gpxtpx:TrackPointExtension>
<gpxtpx:speed>4.94</gpxtpx:speed>
</gpxtpx:TrackPointExtension>
<opentracks:accuracy_horizontal>4.516</opentracks:accuracy_horizontal></extensions>
</trkpt>
<trkpt lat="50.459848" lon="-104.561934">
<ele>561.1</ele>
<time>2026-08-27T18:52:15.792-06:00</time>
<extensions>
<gpxtpx:TrackPointExtension>
<gpxtpx:speed>4.83</gpxtpx:speed>
</gpxtpx:TrackPointExtension>
<opentracks:accuracy_horizontal>4.389</opentracks:accuracy_horizontal></extensions>
</trkpt>
<trkpt lat="50.459923" lon="-104.561843">
<ele>561.4</ele>
<time>2026-08-27T18:52:17.789-06:00</time>
<extensions>
<gpxtpx:TrackPointExtension>
<gpxtpx:speed>4.68</gpxtpx:speed>
</gpxtpx:TrackPointExtension>
<opentracks:accuracy_horizontal>4.389</opentracks:accuracy_horizontal></extensions>
</trkpt>
<trkpt lat="50.460032" lon="-104.561743">
<ele>561.6</ele>
<time>2026-08-27T18:52:20.787-06:00</time>
<extensions>
<gpxtpx:TrackPointExtension>
<gpxtpx:speed>4.85</gpxtpx:speed>
</gpxtpx:TrackPointExtension>
<opentracks:accuracy_horizontal>4.389</opentracks:accuracy_horizontal></extensions>
</trkpt>
<trkpt lat="50.460149" lon="-104.561645">
<ele>561.2</ele>
<time>2026-08-27T18:52:23.795-06:00</time>
<extensions>
<gpxtpx:TrackPointExtension>
<gpxtpx:speed>4.76</gpxtpx:speed>
</gpxtpx:TrackPointExtension>
<opentracks:accuracy_horizontal>4.389</opentracks:accuracy_horizontal></extensions>
</trkpt>
<trkpt lat="50.46024" lon="-104.561543">
<ele>562.3</ele>
<time>2026-08-27T18:52:26.785-06:00</time>
<extensions>
<gpxtpx:TrackPointExtension>
<gpxtpx:speed>3.99</gpxtpx:speed>
</gpxtpx:TrackPointExtension>
<opentracks:accuracy_horizontal>4.389</opentracks:accuracy_horizontal></extensions>
</trkpt>
<trkpt lat="50.460336" lon="-104.561445">
<ele>562.6</ele>
<time>2026-08-27T18:52:29.785-06:00</time>
<extensions>
<gpxtpx:TrackPointExtension>
<gpxtpx:speed>4.35</gpxtpx:speed>
</gpxtpx:TrackPointExtension>
<opentracks:accuracy_horizontal>4.324</opentracks:accuracy_horizontal></extensions>
</trkpt>
<trkpt lat="50.460434" lon="-104.561349">
<ele>562.1</ele>
<time>2026-08-27T18:52:32.802-06:00</time>
<extensions>
<gpxtpx:TrackPointExtension>
<gpxtpx:speed>4.2</gpxtpx:speed>
</gpxtpx:TrackPointExtension>
<opentracks:accuracy_horizontal>4.517</opentracks:accuracy_horizontal></extensions>
</trkpt>
<trkpt lat="50.460537" lon="-104.561264">
<ele>562.8</ele>
<time>2026-08-27T18:52:35.797-06:00</time>
<extensions>
<gpxtpx:TrackPointExtension>
<gpxtpx:speed>4.27</gpxtpx:speed>
</gpxtpx:TrackPointExtension>
<opentracks:accuracy_horizontal>4.389</opentracks:accuracy_horizontal></extensions>
</trkpt>
<trkpt lat="50.460624" lon="-104.561172">
<ele>562.3</ele>
<time>2026-08-27T18:52:38.779-06:00</time>
<extensions>
<gpxtpx:TrackPointExtension>
<gpxtpx:speed>3.98</gpxtpx:speed>
</gpxtpx:TrackPointExtension>
<opentracks:accuracy_horizontal>4.518</opentracks:accuracy_horizontal></extensions>
</trkpt>
<trkpt lat="50.460703" lon="-104.561003">
<ele>562.6</ele>
<time>2026-08-27T18:52:41.786-06:00</time>
<extensions>
<gpxtpx:TrackPointExtension>
<gpxtpx:speed>4.23</gpxtpx:speed>
</gpxtpx:TrackPointExtension>
<opentracks:accuracy_horizontal>4.518</opentracks:accuracy_horizontal></extensions>
</trkpt>
<trkpt lat="50.460732" lon="-104.560835">
<ele>562.6</ele>
<time>2026-08-27T18:52:44.786-06:00</time>
<extensions>
<gpxtpx:TrackPointExtension>
<gpxtpx:speed>3.37</gpxtpx:speed>
</gpxtpx:TrackPointExtension>
<opentracks:accuracy_horizontal>4.518</opentracks:accuracy_horizontal></extensions>
</trkpt>
<trkpt lat="50.4608" lon="-104.560743">
<ele>563.2</ele>
<time>2026-08-27T18:52:50.8-06:00</time>
<extensions>
<gpxtpx:TrackPointExtension>
<gpxtpx:speed>2.54</gpxtpx:speed>
</gpxtpx:TrackPointExtension>
<opentracks:accuracy_horizontal>4.565</opentracks:accuracy_horizontal></extensions>
</trkpt>
<trkpt lat="50.460826" lon="-104.560893">
<ele>562.5</ele>
<time>2026-08-27T18:52:55.81-06:00</time>
<extensions>
<gpxtpx:TrackPointExtension>
<gpxtpx:speed>3.29</gpxtpx:speed>
</gpxtpx:TrackPointExtension>
<opentracks:accuracy_horizontal>4.518</opentracks:accuracy_horizontal></extensions>
</trkpt>
<trkpt lat="50.46076" lon="-104.561033">
<ele>561.1</ele>
<time>2026-08-27T18:52:58.792-06:00</time>
<extensions>
<gpxtpx:TrackPointExtension>
<gpxtpx:speed>4.25</gpxtpx:speed>
</gpxtpx:TrackPointExtension>
<opentracks:accuracy_horizontal>4.518</opentracks:accuracy_horizontal></extensions>
</trkpt>
<trkpt lat="50.460675" lon="-104.561091">
<ele>560.8</ele>
<time>2026-08-27T18:53:00.794-06:00</time>
<extensions>
<gpxtpx:TrackPointExtension>
<gpxtpx:speed>4.54</gpxtpx:speed>
</gpxtpx:TrackPointExtension>
<opentracks:accuracy_horizontal>4.519</opentracks:accuracy_horizontal></extensions>
</trkpt>
<trkpt lat="50.460573" lon="-104.5612">
<ele>561.4</ele>
<time>2026-08-27T18:53:03.801-06:00</time>
<extensions>
<gpxtpx:TrackPointExtension>
<gpxtpx:speed>4.78</gpxtpx:speed>
</gpxtpx:TrackPointExtension>
<opentracks:accuracy_horizontal>4.519</opentracks:accuracy_horizontal></extensions>
</trkpt>
<trkpt lat="50.460496" lon="-104.561276">
<ele>561.7</ele>
<time>2026-08-27T18:53:05.801-06:00</time>
<extensions>
<gpxtpx:TrackPointExtension>
<gpxtpx:speed>4.8</gpxtpx:speed>
</gpxtpx:TrackPointExtension>
<opentracks:accuracy_horizontal>4.39</opentracks:accuracy_horizontal></extensions>
</trkpt>
<trkpt lat="50.460389" lon="-104.561358">
<ele>562.1</ele>
<time>2026-08-27T18:53:08.795-06:00</time>
<extensions>
<gpxtpx:TrackPointExtension>
<gpxtpx:speed>4.51</gpxtpx:speed>
</gpxtpx:TrackPointExtension>
<opentracks:accuracy_horizontal>4.39</opentracks:accuracy_horizontal></extensions>
</trkpt>
<trkpt lat="50.460299" lon="-104.561384">
<ele>561.6</ele>
<time>2026-08-27T18:53:10.8-06:00</time>
<extensions>
<gpxtpx:TrackPointExtension>
<gpxtpx:speed>4.83</gpxtpx:speed>
</gpxtpx:TrackPointExtension>
<opentracks:accuracy_horizontal>4.39</opentracks:accuracy_horizontal></extensions>
</trkpt>
<trkpt lat="50.460201" lon="-104.561311">
<ele>560.8</ele>
<time>2026-08-27T18:53:12.79-06:00</time>
<extensions>
<gpxtpx:TrackPointExtension>
<gpxtpx:speed>6.09</gpxtpx:speed>
</gpxtpx:TrackPointExtension>
<opentracks:accuracy_horizontal>4.519</opentracks:accuracy_horizontal></extensions>
</trkpt>
<trkpt lat="50.460124" lon="-104.561141">
<ele>560.7</ele>
<time>2026-08-27T18:53:14.805-06:00</time>
<extensions>
<gpxtpx:TrackPointExtension>
<gpxtpx:speed>6.69</gpxtpx:speed>
</gpxtpx:TrackPointExtension>
<opentracks:accuracy_horizontal>4.602</opentracks:accuracy_horizontal></extensions>
</trkpt>
<trkpt lat="50.460075" lon="-104.560966">
<ele>561</ele>
<time>2026-08-27T18:53:16.786-06:00</time>
<extensions>
<gpxtpx:TrackPointExtension>
<gpxtpx:speed>5.87</gpxtpx:speed>
</gpxtpx:TrackPointExtension>
<opentracks:accuracy_horizontal>4.558</opentracks:accuracy_horizontal></extensions>
</trkpt>
<trkpt lat="50.460021" lon="-104.560838">
<ele>563.1</ele>
<time>2026-08-27T18:53:18.809-06:00</time>
<extensions>
<gpxtpx:TrackPointExtension>
<gpxtpx:speed>4.65</gpxtpx:speed>
</gpxtpx:TrackPointExtension>
<opentracks:accuracy_horizontal>4.519</opentracks:accuracy_horizontal></extensions>
</trkpt>
<trkpt lat="50.459953" lon="-104.560699">
<ele>561.4</ele>
<time>2026-08-27T18:53:22.798-06:00</time>
<extensions>
<gpxtpx:TrackPointExtension>
<gpxtpx:speed>2.95</gpxtpx:speed>
</gpxtpx:TrackPointExtension>
<opentracks:accuracy_horizontal>4.519</opentracks:accuracy_horizontal></extensions>
</trkpt>
<trkpt lat="50.459911" lon="-104.560538">
<ele>562.1</ele>
<time>2026-08-27T18:53:26.807-06:00</time>
<extensions>
<gpxtpx:TrackPointExtension>
<gpxtpx:speed>3.9</gpxtpx:speed>
</gpxtpx:TrackPointExtension>
<opentracks:accuracy_horizontal>4.39</opentracks:accuracy_horizontal></extensions>
</trkpt>
<trkpt lat="50.45996" lon="-104.560354">
<ele>561.6</ele>
<time>2026-08-27T18:53:29.8-06:00</time>
<extensions>
<gpxtpx:TrackPointExtension>
<gpxtpx:speed>4.99</gpxtpx:speed>
</gpxtpx:TrackPointExtension>
<opentracks:accuracy_horizontal>4.39</opentracks:accuracy_horizontal></extensions>
</trkpt>
<trkpt lat="50.460037" lon="-104.560275">
<ele>560.8</ele>
<time>2026-08-27T18:53:31.793-06:00</time>
<extensions>
<gpxtpx:TrackPointExtension>
<gpxtpx:speed>4.74</gpxtpx:speed>
</gpxtpx:TrackPointExtension>
<opentracks:accuracy_horizontal>4.926</opentracks:accuracy_horizontal></extensions>
</trkpt>
<trkpt lat="50.460113" lon="-104.560188">
<ele>560.9</ele>
<time>2026-08-27T18:53:33.774-06:00</time>
<extensions>
<gpxtpx:TrackPointExtension>
<gpxtpx:speed>5.15</gpxtpx:speed>
</gpxtpx:TrackPointExtension>
<opentracks:accuracy_horizontal>4.39</opentracks:accuracy_horizontal></extensions>
</trkpt>
<trkpt lat="50.460167" lon="-104.560035">
<ele>561</ele>
<time>2026-08-27T18:53:35.789-06:00</time>
<extensions>
<gpxtpx:TrackPointExtension>
<gpxtpx:speed>5.51</gpxtpx:speed>
</gpxtpx:TrackPointExtension>
<opentracks:accuracy_horizontal>4.39</opentracks:accuracy_horizontal></extensions>
</trkpt>
<trkpt lat="50.460191" lon="-104.559869">
<ele>560.9</ele>
<time>2026-08-27T18:53:37.787-06:00</time>
<extensions>
<gpxtpx:TrackPointExtension>
<gpxtpx:speed>5.37</gpxtpx:speed>
</gpxtpx:TrackPointExtension>
<opentracks:accuracy_horizontal>4.39</opentracks:accuracy_horizontal></extensions>
</trkpt>
<trkpt lat="50.460186" lon="-104.55972">
<ele>561.4</ele>
<time>2026-08-27T18:53:39.794-06:00</time>
<extensions>
<gpxtpx:TrackPointExtension>
<gpxtpx:speed>4.94</gpxtpx:speed>
</gpxtpx:TrackPointExtension>
<opentracks:accuracy_horizontal>4.39</opentracks:accuracy_horizontal></extensions>
</trkpt>
<trkpt lat="50.460195" lon="-104.55954">
<ele>561.4</ele>
<time>2026-08-27T18:53:42.807-06:00</time>
<extensions>
<gpxtpx:TrackPointExtension>
<gpxtpx:speed>4.06</gpxtpx:speed>
</gpxtpx:TrackPointExtension>
<opentracks:accuracy_horizontal>4.39</opentracks:accuracy_horizontal></extensions>
</trkpt>
<trkpt lat="50.46029" lon="-104.559476">
<ele>561.6</ele>
<time>2026-08-27T18:53:45.793-06:00</time>
<extensions>
<gpxtpx:TrackPointExtension>
<gpxtpx:speed>4.99</gpxtpx:speed>
</gpxtpx:TrackPointExtension>
<opentracks:accuracy_horizontal>4.52</opentracks:accuracy_horizontal></extensions>
</trkpt>
<trkpt lat="50.460406" lon="-104.559472">
<ele>560.4</ele>
<time>2026-08-27T18:53:48.792-06:00</time>
<extensions>
<gpxtpx:TrackPointExtension>
<gpxtpx:speed>3.89</gpxtpx:speed>
</gpxtpx:TrackPointExtension>
<opentracks:accuracy_horizontal>4.786</opentracks:accuracy_horizontal></extensions>
</trkpt>
<trkpt lat="50.460511" lon="-104.559493">
<ele>560.9</ele>
<time>2026-08-27T18:53:51.803-06:00</time>
<extensions>
<gpxtpx:TrackPointExtension>
<gpxtpx:speed>4.31</gpxtpx:speed>
</gpxtpx:TrackPointExtension>
<opentracks:accuracy_horizontal>4.604</opentracks:accuracy_horizontal></extensions>
</trkpt>
<trkpt lat="50.460629" lon="-104.559499">
<ele>560.7</ele>
<time>2026-08-27T18:53:54.81-06:00</time>
<extensions>
<gpxtpx:TrackPointExtension>
<gpxtpx:speed>4.08</gpxtpx:speed>
</gpxtpx:TrackPointExtension>
<opentracks:accuracy_horizontal>4.722</opentracks:accuracy_horizontal></extensions>
</trkpt>
<trkpt lat="50.460725" lon="-104.559517">
<ele>560.7</ele>
<time>2026-08-27T18:53:57.788-06:00</time>
<extensions>
<gpxtpx:TrackPointExtension>
<gpxtpx:speed>3.9</gpxtpx:speed>
</gpxtpx:TrackPointExtension>
<opentracks:accuracy_horizontal>4.631</opentracks:accuracy_horizontal></extensions>
</trkpt>
<trkpt lat="50.460825" lon="-104.559522">
<ele>561.5</ele>
<time>2026-08-27T18:54:00.793-06:00</time>
<extensions>
<gpxtpx:TrackPointExtension>
<gpxtpx:speed>4</gpxtpx:speed>
</gpxtpx:TrackPointExtension>
<opentracks:accuracy_horizontal>4.439</opentracks:accuracy_horizontal></extensions>
</trkpt>
<trkpt lat="50.460931" lon="-104.559502">
<ele>561.7</ele>
<time>2026-08-27T18:54:03.801-06:00</time>
<extensions>
<gpxtpx:TrackPointExtension>
<gpxtpx:speed>3.19</gpxtpx:speed>
</gpxtpx:TrackPointExtension>
<opentracks:accuracy_horizontal>4.39</opentracks:accuracy_horizontal></extensions>
</trkpt>
<trkpt lat="50.461037" lon="-104.559457">
<ele>560.8</ele>
<time>2026-08-27T18:54:07.797-06:00</time>
<extensions>
<gpxtpx:TrackPointExtension>
<gpxtpx:speed>3</gpxtpx:speed>
</gpxtpx:TrackPointExtension>
<opentracks:accuracy_horizontal>4.391</opentracks:accuracy_horizontal></extensions>
</trkpt>
<trkpt lat="50.461121" lon="-104.559322">
<ele>560.9</ele>
<time>2026-08-27T18:54:10.8-06:00</time>
<extensions>
<gpxtpx:TrackPointExtension>
<gpxtpx:speed>3.9</gpxtpx:speed>
</gpxtpx:TrackPointExtension>
<opentracks:accuracy_horizontal>4.391</opentracks:accuracy_horizontal></extensions>
</trkpt>
<trkpt lat="50.461159" lon="-104.559138">
<ele>561.5</ele>
<time>2026-08-27T18:54:13.805-06:00</time>
<extensions>
<gpxtpx:TrackPointExtension>
<gpxtpx:speed>4.05</gpxtpx:speed>
</gpxtpx:TrackPointExtension>
<opentracks:accuracy_horizontal>4.391</opentracks:accuracy_horizontal></extensions>
</trkpt>
<trkpt lat="50.461172" lon="-104.558958">
<ele>561.2</ele>
<time>2026-08-27T18:54:16.802-06:00</time>
<extensions>
<gpxtpx:TrackPointExtension>
<gpxtpx:speed>4.37</gpxtpx:speed>
</gpxtpx:TrackPointExtension>
<opentracks:accuracy_horizontal>4.391</opentracks:accuracy_horizontal></extensions>
</trkpt>
<trkpt lat="50.461197" lon="-104.558772">
<ele>560.8</ele>
<time>2026-08-27T18:54:19.803-06:00</time>
<extensions>
<gpxtpx:TrackPointExtension>
<gpxtpx:speed>4.18</gpxtpx:speed>
</gpxtpx:TrackPointExtension>
<opentracks:accuracy_horizontal>4.391</opentracks:accuracy_horizontal></extensions>
</trkpt>
<trkpt lat="50.461232" lon="-104.558591">
<ele>561</ele>
<time>2026-08-27T18:54:22.803-06:00</time>
<extensions>
<gpxtpx:TrackPointExtension>
<gpxtpx:speed>4.63</gpxtpx:speed>
</gpxtpx:TrackPointExtension>
<opentracks:accuracy_horizontal>4.391</opentracks:accuracy_horizontal></extensions>
</trkpt>
<trkpt lat="50.461263" lon="-104.558393">
<ele>561.7</ele>
<time>2026-08-27T18:54:25.803-06:00</time>
<extensions>
<gpxtpx:TrackPointExtension>
<gpxtpx:speed>4.42</gpxtpx:speed>
</gpxtpx:TrackPointExtension>
<opentracks:accuracy_horizontal>4.391</opentracks:accuracy_horizontal></extensions>
</trkpt>
<trkpt lat="50.46128" lon="-104.558217">
<ele>561.8</ele>
<time>2026-08-27T18:54:28.805-06:00</time>
<extensions>
<gpxtpx:TrackPointExtension>
<gpxtpx:speed>4.11</gpxtpx:speed>
</gpxtpx:TrackPointExtension>
<opentracks:accuracy_horizontal>4.391</opentracks:accuracy_horizontal></extensions>
</trkpt>
<trkpt lat="50.461315" lon="-104.558067">
<ele>562</ele>
<time>2026-08-27T18:54:31.795-06:00</time>
<extensions>
<gpxtpx:TrackPointExtension>
<gpxtpx:speed>3.66</gpxtpx:speed>
</gpxtpx:TrackPointExtension>
<opentracks:accuracy_horizontal>4.391</opentracks:accuracy_horizontal></extensions>
</trkpt>
<trkpt lat="50.461345" lon="-104.557923">
<ele>562.4</ele>
<time>2026-08-27T18:54:34.796-06:00</time>
<extensions>
<gpxtpx:TrackPointExtension>
<gpxtpx:speed>3.48</gpxtpx:speed>
</gpxtpx:TrackPointExtension>
<opentracks:accuracy_horizontal>4.521</opentracks:accuracy_horizontal></extensions>
</trkpt>
<trkpt lat="50.461377" lon="-104.557743">
<ele>562.1</ele>
<time>2026-08-27T18:54:38.8-06:00</time>
<extensions>
<gpxtpx:TrackPointExtension>
<gpxtpx:speed>2.9</gpxtpx:speed>
</gpxtpx:TrackPointExtension>
<opentracks:accuracy_horizontal>4.505</opentracks:accuracy_horizontal></extensions>
</trkpt>
<trkpt lat="50.461383" lon="-104.557587">
<ele>562.1</ele>
<time>2026-08-27T18:54:41.793-06:00</time>
<extensions>
<gpxtpx:TrackPointExtension>
<gpxtpx:speed>3.41</gpxtpx:speed>
</gpxtpx:TrackPointExtension>
<opentracks:accuracy_horizontal>4.391</opentracks:accuracy_horizontal></extensions>
</trkpt>
<trkpt lat="50.461312" lon="-104.557434">
<ele>560.6</ele>
<time>2026-08-27T18:54:44.787-06:00</time>
<extensions>
<gpxtpx:TrackPointExtension>
<gpxtpx:speed>3.74</gpxtpx:speed>
</gpxtpx:TrackPointExtension>
<opentracks:accuracy_horizontal>4.391</opentracks:accuracy_horizontal></extensions>
</trkpt>
<trkpt lat="50.461188" lon="-104.557372">
<ele>560.1</ele>
<time>2026-08-27T18:54:47.777-06:00</time>
<extensions>
<gpxtpx:TrackPointExtension>
<gpxtpx:speed>2.97</gpxtpx:speed>
</gpxtpx:TrackPointExtension>
<opentracks:accuracy_horizontal>4.391</opentracks:accuracy_horizontal></extensions>
</trkpt>
<trkpt lat="50.46108" lon="-104.557364">
<ele>560.2</ele>
<time>2026-08-27T18:54:50.805-06:00</time>
<extensions>
<gpxtpx:TrackPointExtension>
<gpxtpx:speed>3.72</gpxtpx:speed>
</gpxtpx:TrackPointExtension>
<opentracks:accuracy_horizontal>4.605</opentracks:accuracy_horizontal></extensions>
</trkpt>
<trkpt lat="50.460987" lon="-104.557296">
<ele>559.7</ele>
<time>2026-08-27T18:54:53.793-06:00</time>
<extensions>
<gpxtpx:TrackPointExtension>
<gpxtpx:speed>3.03</gpxtpx:speed>
</gpxtpx:TrackPointExtension>
<opentracks:accuracy_horizontal>4.436</opentracks:accuracy_horizontal></extensions>
</trkpt>
<trkpt lat="50.460885" lon="-104.557274">
<ele>560.3</ele>
<time>2026-08-27T18:54:57.795-06:00</time>
<extensions>
<gpxtpx:TrackPointExtension>
<gpxtpx:speed>2.18</gpxtpx:speed>
</gpxtpx:TrackPointExtension>
<opentracks:accuracy_horizontal>4.391</opentracks:accuracy_horizontal></extensions>
</trkpt>
<trkpt lat="50.460828" lon="-104.557145">
<ele>560.6</ele>
<time>2026-08-27T18:55:01.806-06:00</time>
<extensions>
<gpxtpx:TrackPointExtension>
<gpxtpx:speed>2.31</gpxtpx:speed>
</gpxtpx:TrackPointExtension>
<opentracks:accuracy_horizontal>4.522</opentracks:accuracy_horizontal></extensions>
</trkpt>
<trkpt lat="50.460782" lon="-104.556996">
<ele>560.9</ele>
<time>2026-08-27T18:55:06.794-06:00</time>
<extensions>
<gpxtpx:TrackPointExtension>
<gpxtpx:speed>3.36</gpxtpx:speed>
</gpxtpx:TrackPointExtension>
<opentracks:accuracy_horizontal>4.39</opentracks:accuracy_horizontal></extensions>
</trkpt>
<trkpt lat="50.460798" lon="-104.556823">
<ele>560</ele>
<time>2026-08-27T18:55:10.8-06:00</time>
<extensions>
<gpxtpx:TrackPointExtension>
<gpxtpx:speed>3.16</gpxtpx:speed>
</gpxtpx:TrackPointExtension>
<opentracks:accuracy_horizontal>4.39</opentracks:accuracy_horizontal></extensions>
</trkpt>
<trkpt lat="50.460823" lon="-104.556654">
<ele>559.3</ele>
<time>2026-08-27T18:55:14.808-06:00</time>
<extensions>
<gpxtpx:TrackPointExtension>
<gpxtpx:speed>2.84</gpxtpx:speed>
</gpxtpx:TrackPointExtension>
<opentracks:accuracy_horizontal>4.39</opentracks:accuracy_horizontal></extensions>
</trkpt>
<trkpt lat="50.460832" lon="-104.556499">
<ele>559.6</ele>
<time>2026-08-27T18:55:18.806-06:00</time>
<extensions>
<gpxtpx:TrackPointExtension>
<gpxtpx:speed>2.53</gpxtpx:speed>
</gpxtpx:TrackPointExtension>
<opentracks:accuracy_horizontal>4.338</opentracks:accuracy_horizontal></extensions>
</trkpt>
<trkpt lat="50.460781" lon="-104.556341">
<ele>559.1</ele>
<time>2026-08-27T18:55:23.808-06:00</time>
<extensions>
<gpxtpx:TrackPointExtension>
<gpxtpx:speed>2.29</gpxtpx:speed>
</gpxtpx:TrackPointExtension>
<opentracks:accuracy_horizontal>4.39</opentracks:accuracy_horizontal></extensions>
</trkpt>
<trkpt lat="50.460718" lon="-104.556212">
<ele>558.1</ele>
<time>2026-08-27T18:55:28.801-06:00</time>
<extensions>
<gpxtpx:TrackPointExtension>
<gpxtpx:speed>1.9</gpxtpx:speed>
</gpxtpx:TrackPointExtension>
<opentracks:accuracy_horizontal>4.39</opentracks:accuracy_horizontal></extensions>
</trkpt>
<trkpt lat="50.460598" lon="-104.556139">
<ele>558.2</ele>
<time>2026-08-27T18:55:32.789-06:00</time>
<extensions>
<gpxtpx:TrackPointExtension>
<gpxtpx:speed>4.87</gpxtpx:speed>
</gpxtpx:TrackPointExtension>
<opentracks:accuracy_horizontal>4.39</opentracks:accuracy_horizontal></extensions>
</trkpt>
<trkpt lat="50.460496" lon="-104.556155">
<ele>558.5</ele>
<time>2026-08-27T18:55:34.808-06:00</time>
<extensions>
<gpxtpx:TrackPointExtension>
<gpxtpx:speed>4.51</gpxtpx:speed>
</gpxtpx:TrackPointExtension>
<opentracks:accuracy_horizontal>4.776</opentracks:accuracy_horizontal></extensions>
</trkpt>
<trkpt lat="50.460362" lon="-104.556155">
<ele>558.2</ele>
<time>2026-08-27T18:55:37.799-06:00</time>
<extensions>
<gpxtpx:TrackPointExtension>
<gpxtpx:speed>4.61</gpxtpx:speed>
</gpxtpx:TrackPointExtension>
<opentracks:accuracy_horizontal>4.39</opentracks:accuracy_horizontal></extensions>
</trkpt>
<trkpt lat="50.460243" lon="-104.556154">
<ele>558.6</ele>
<time>2026-08-27T18:55:40.813-06:00</time>
<extensions>
<gpxtpx:TrackPointExtension>
<gpxtpx:speed>4.35</gpxtpx:speed>
</gpxtpx:TrackPointExtension>
<opentracks:accuracy_horizontal>4.39</opentracks:accuracy_horizontal></extensions>
</trkpt>
<trkpt lat="50.460132" lon="-104.55617">
<ele>558.9</ele>
<time>2026-08-27T18:55:43.794-06:00</time>
<extensions>
<gpxtpx:TrackPointExtension>
<gpxtpx:speed>4.12</gpxtpx:speed>
</gpxtpx:TrackPointExtension>
<opentracks:accuracy_horizontal>4.39</opentracks:accuracy_horizontal></extensions>
</trkpt>
<trkpt lat="50.460012" lon="-104.556224">
<ele>558.5</ele>
<time>2026-08-27T18:55:46.793-06:00</time>
<extensions>
<gpxtpx:TrackPointExtension>
<gpxtpx:speed>4.59</gpxtpx:speed>
</gpxtpx:TrackPointExtension>
<opentracks:accuracy_horizontal>4.421</opentracks:accuracy_horizontal></extensions>
</trkpt>
<trkpt lat="50.45989" lon="-104.556272">
<ele>559.9</ele>
<time>2026-08-27T18:55:49.794-06:00</time>
<extensions>
<gpxtpx:TrackPointExtension>
<gpxtpx:speed>5.01</gpxtpx:speed>
</gpxtpx:TrackPointExtension>
<opentracks:accuracy_horizontal>4.341</opentracks:accuracy_horizontal></extensions>
</trkpt>
<trkpt lat="50.459795" lon="-104.556237">
<ele>559.9</ele>
<time>2026-08-27T18:55:51.788-06:00</time>
<extensions>
<gpxtpx:TrackPointExtension>
<gpxtpx:speed>5.21</gpxtpx:speed>
</gpxtpx:TrackPointExtension>
<opentracks:accuracy_horizontal>4.421</opentracks:accuracy_horizontal></extensions>
</trkpt>
<trkpt lat="50.459708" lon="-104.556191">
<ele>560</ele>
<time>2026-08-27T18:55:53.794-06:00</time>
<extensions>
<gpxtpx:TrackPointExtension>
<gpxtpx:speed>4.78</gpxtpx:speed>
</gpxtpx:TrackPointExtension>
<opentracks:accuracy_horizontal>4.39</opentracks:accuracy_horizontal></extensions>
</trkpt>
<trkpt lat="50.459606" lon="-104.556115">
<ele>559.7</ele>
<time>2026-08-27T18:55:56.787-06:00</time>
<extensions>
<gpxtpx:TrackPointExtension>
<gpxtpx:speed>3.74</gpxtpx:speed>
</gpxtpx:TrackPointExtension>
<opentracks:accuracy_horizontal>4.39</opentracks:accuracy_horizontal></extensions>
</trkpt>
<trkpt lat="50.459522" lon="-104.556026">
<ele>558.8</ele>
<time>2026-08-27T18:56:00.796-06:00</time>
<extensions>
<gpxtpx:TrackPointExtension>
<gpxtpx:speed>2.42</gpxtpx:speed>
</gpxtpx:TrackPointExtension>
<opentracks:accuracy_horizontal>4.39</opentracks:accuracy_horizontal></extensions>
</trkpt>
<trkpt lat="50.459473" lon="-104.555893">
<ele>558.6</ele>
<time>2026-08-27T18:56:05.801-06:00</time>
<extensions>
<gpxtpx:TrackPointExtension>
<gpxtpx:speed>2.86</gpxtpx:speed>
</gpxtpx:TrackPointExtension>
<opentracks:accuracy_horizontal>4.39</opentracks:accuracy_horizontal></extensions>
</trkpt>
<trkpt lat="50.459353" lon="-104.555914">
<ele>558.6</ele>
<time>2026-08-27T18:56:09.8-06:00</time>
<extensions>
<gpxtpx:TrackPointExtension>
<gpxtpx:speed>2.93</gpxtpx:speed>
</gpxtpx:TrackPointExtension>
<opentracks:accuracy_horizontal>4.39</opentracks:accuracy_horizontal></extensions>
</trkpt>
<trkpt lat="50.459243" lon="-104.555877">
<ele>558.4</ele>
<time>2026-08-27T18:56:13.794-06:00</time>
<extensions>
<gpxtpx:TrackPointExtension>
<gpxtpx:speed>3.7</gpxtpx:speed>
</gpxtpx:TrackPointExtension>
<opentracks:accuracy_horizontal>4.39</opentracks:accuracy_horizontal></extensions>
</trkpt>
<trkpt lat="50.459128" lon="-104.555851">
<ele>559</ele>
<time>2026-08-27T18:56:16.817-06:00</time>
<extensions>
<gpxtpx:TrackPointExtension>
<gpxtpx:speed>4.23</gpxtpx:speed>
</gpxtpx:TrackPointExtension>
<opentracks:accuracy_horizontal>4.523</opentracks:accuracy_horizontal></extensions>
</trkpt>
<trkpt lat="50.459025" lon="-104.555842">
<ele>558.9</ele>
<time>2026-08-27T18:56:19.798-06:00</time>
<extensions>
<gpxtpx:TrackPointExtension>
<gpxtpx:speed>3.61</gpxtpx:speed>
</gpxtpx:TrackPointExtension>
<opentracks:accuracy_horizontal>4.523</opentracks:accuracy_horizontal></extensions>
</trkpt>
<trkpt lat="50.458927" lon="-104.555838">
<ele>559.4</ele>
<time>2026-08-27T18:56:22.805-06:00</time>
<extensions>
<gpxtpx:TrackPointExtension>
<gpxtpx:speed>3.39</gpxtpx:speed>
</gpxtpx:TrackPointExtension>
<opentracks:accuracy_horizontal>4.523</opentracks:accuracy_horizontal></extensions>
</trkpt>
<trkpt lat="50.458825" lon="-104.555835">
<ele>560.2</ele>
<time>2026-08-27T18:56:25.805-06:00</time>
<extensions>
<gpxtpx:TrackPointExtension>
<gpxtpx:speed>3.39</gpxtpx:speed>
</gpxtpx:TrackPointExtension>
<opentracks:accuracy_horizontal>4.523</opentracks:accuracy_horizontal></extensions>
</trkpt>
<trkpt lat="50.458724" lon="-104.555822">
<ele>560.8</ele>
<time>2026-08-27T18:56:28.787-06:00</time>
<extensions>
<gpxtpx:TrackPointExtension>
<gpxtpx:speed>3.51</gpxtpx:speed>
</gpxtpx:TrackPointExtension>
<opentracks:accuracy_horizontal>4.523</opentracks:accuracy_horizontal></extensions>
</trkpt>
<trkpt lat="50.458667" lon="-104.55598">
<ele>560.9</ele>
<time>2026-08-27T18:56:31.806-06:00</time>
<extensions>
<gpxtpx:TrackPointExtension>
<gpxtpx:speed>3.58</gpxtpx:speed>
</gpxtpx:TrackPointExtension>
<opentracks:accuracy_horizontal>4.523</opentracks:accuracy_horizontal></extensions>
</trkpt>
<trkpt lat="50.458647" lon="-104.556158">
<ele>560.1</ele>
<time>2026-08-27T18:56:34.803-06:00</time>
<extensions>
<gpxtpx:TrackPointExtension>
<gpxtpx:speed>3.22</gpxtpx:speed>
</gpxtpx:TrackPointExtension>
<opentracks:accuracy_horizontal>3.932</opentracks:accuracy_horizontal></extensions>
</trkpt>
<trkpt lat="50.458596" lon="-104.556298">
<ele>560.1</ele>
<time>2026-08-27T18:56:38.804-06:00</time>
<extensions>
<gpxtpx:TrackPointExtension>
<gpxtpx:speed>2.77</gpxtpx:speed>
</gpxtpx:TrackPointExtension>
<opentracks:accuracy_horizontal>4.052</opentracks:accuracy_horizontal></extensions>
</trkpt>
<trkpt lat="50.458526" lon="-104.556396">
<ele>559.9</ele>
<time>2026-08-27T18:56:42.795-06:00</time>
<extensions>
<gpxtpx:TrackPointExtension>
<gpxtpx:speed>2.16</gpxtpx:speed>
</gpxtpx:TrackPointExtension>
<opentracks:accuracy_horizontal>4.389</opentracks:accuracy_horizontal></extensions>
</trkpt>
<trkpt lat="50.458441" lon="-104.556449">
<ele>559.7</ele>
<time>2026-08-27T18:56:46.81-06:00</time>
<extensions>
<gpxtpx:TrackPointExtension>
<gpxtpx:speed>2.43</gpxtpx:speed>
</gpxtpx:TrackPointExtension>
<opentracks:accuracy_horizontal>4.635</opentracks:accuracy_horizontal></extensions>
</trkpt>
<trkpt lat="50.458353" lon="-104.556539">
<ele>561.5</ele>
<time>2026-08-27T18:56:51.793-06:00</time>
<extensions>
<gpxtpx:TrackPointExtension>
<gpxtpx:speed>2.23</gpxtpx:speed>
</gpxtpx:TrackPointExtension>
<opentracks:accuracy_horizontal>4.389</opentracks:accuracy_horizontal></extensions>
</trkpt>
<trkpt lat="50.458316" lon="-104.556678">
<ele>561.4</ele>
<time>2026-08-27T18:56:55.793-06:00</time>
<extensions>
<gpxtpx:TrackPointExtension>
<gpxtpx:speed>3.1</gpxtpx:speed>
</gpxtpx:TrackPointExtension>
<opentracks:accuracy_horizontal>4.523</opentracks:accuracy_horizontal></extensions>
</trkpt>
<trkpt lat="50.458334" lon="-104.556837">
<ele>560.9</ele>
<time>2026-08-27T18:56:58.792-06:00</time>
<extensions>
<gpxtpx:TrackPointExtension>
<gpxtpx:speed>3.54</gpxtpx:speed>
</gpxtpx:TrackPointExtension>
<opentracks:accuracy_horizontal>4.194</opentracks:accuracy_horizontal></extensions>
</trkpt>
<trkpt lat="50.458347" lon="-104.557015">
<ele>561</ele>
<time>2026-08-27T18:57:01.807-06:00</time>
<extensions>
<gpxtpx:TrackPointExtension>
<gpxtpx:speed>3.88</gpxtpx:speed>
</gpxtpx:TrackPointExtension>
<opentracks:accuracy_horizontal>4.294</opentracks:accuracy_horizontal></extensions>
</trkpt>
<trkpt lat="50.458335" lon="-104.557208">
<ele>560.9</ele>
<time>2026-08-27T18:57:04.788-06:00</time>
<extensions>
<gpxtpx:TrackPointExtension>
<gpxtpx:speed>4.08</gpxtpx:speed>
</gpxtpx:TrackPointExtension>
<opentracks:accuracy_horizontal>4.523</opentracks:accuracy_horizontal></extensions>
</trkpt>
<trkpt lat="50.458327" lon="-104.557367">
<ele>561.3</ele>
<time>2026-08-27T18:57:07.79-06:00</time>
<extensions>
<gpxtpx:TrackPointExtension>
<gpxtpx:speed>4.28</gpxtpx:speed>
</gpxtpx:TrackPointExtension>
<opentracks:accuracy_horizontal>4.523</opentracks:accuracy_horizontal></extensions>
</trkpt>
<trkpt lat="50.45833" lon="-104.557552">
<ele>559.7</ele>
<time>2026-08-27T18:57:10.791-06:00</time>
<extensions>
<gpxtpx:TrackPointExtension>
<gpxtpx:speed>4.45</gpxtpx:speed>
</gpxtpx:TrackPointExtension>
<opentracks:accuracy_horizontal>4.254</opentracks:accuracy_horizontal></extensions>
</trkpt>
<trkpt lat="50.458337" lon="-104.557757">
<ele>559.6</ele>
<time>2026-08-27T18:57:13.803-06:00</time>
<extensions>
<gpxtpx:TrackPointExtension>
<gpxtpx:speed>4.62</gpxtpx:speed>
</gpxtpx:TrackPointExtension>
<opentracks:accuracy_horizontal>4.149</opentracks:accuracy_horizontal></extensions>
</trkpt>
<trkpt lat="50.458343" lon="-104.557958">
<ele>559.6</ele>
<time>2026-08-27T18:57:16.8-06:00</time>
<extensions>
<gpxtpx:TrackPointExtension>
<gpxtpx:speed>4.09</gpxtpx:speed>
</gpxtpx:TrackPointExtension>
<opentracks:accuracy_horizontal>4.149</opentracks:accuracy_horizontal></extensions>
</trkpt>
<trkpt lat="50.458355" lon="-104.558128">
<ele>559.8</ele>
<time>2026-08-27T18:57:20.792-06:00</time>
<extensions>
<gpxtpx:TrackPointExtension>
<gpxtpx:speed>2.68</gpxtpx:speed>
</gpxtpx:TrackPointExtension>
<opentracks:accuracy_horizontal>3.972</opentracks:accuracy_horizontal></extensions>
</trkpt>
<trkpt lat="50.458349" lon="-104.558294">
<ele>559.3</ele>
<time>2026-08-27T18:57:24.806-06:00</time>
<extensions>
<gpxtpx:TrackPointExtension>
<gpxtpx:speed>3.64</gpxtpx:speed>
</gpxtpx:TrackPointExtension>
<opentracks:accuracy_horizontal>4.523</opentracks:accuracy_horizontal></extensions>
</trkpt>
<trkpt lat="50.458325" lon="-104.558445">
<ele>559.4</ele>
<time>2026-08-27T18:57:27.801-06:00</time>
<extensions>
<gpxtpx:TrackPointExtension>
<gpxtpx:speed>3.56</gpxtpx:speed>
</gpxtpx:TrackPointExtension>
<opentracks:accuracy_horizontal>4.12</opentracks:accuracy_horizontal></extensions>
</trkpt>
<trkpt lat="50.458336" lon="-104.558619">
<ele>559.3</ele>
<time>2026-08-27T18:57:30.808-06:00</time>
<extensions>
<gpxtpx:TrackPointExtension>
<gpxtpx:speed>4.18</gpxtpx:speed>
</gpxtpx:TrackPointExtension>
<opentracks:accuracy_horizontal>4.523</opentracks:accuracy_horizontal></extensions>
</trkpt>
<trkpt lat="50.458325" lon="-104.558797">
<ele>559.9</ele>
<time>2026-08-27T18:57:33.805-06:00</time>
<extensions>
<gpxtpx:TrackPointExtension>
<gpxtpx:speed>3.8</gpxtpx:speed>
</gpxtpx:TrackPointExtension>
<opentracks:accuracy_horizontal>4.369</opentracks:accuracy_horizontal></extensions>
</trkpt>
<trkpt lat="50.458321" lon="-104.558949">
<ele>560.6</ele>
<time>2026-08-27T18:57:36.801-06:00</time>
<extensions>
<gpxtpx:TrackPointExtension>
<gpxtpx:speed>3.67</gpxtpx:speed>
</gpxtpx:TrackPointExtension>
<opentracks:accuracy_horizontal>4.523</opentracks:accuracy_horizontal></extensions>
</trkpt>
<trkpt lat="50.45831" lon="-104.559137">
<ele>560.4</ele>
<time>2026-08-27T18:57:39.81-06:00</time>
<extensions>
<gpxtpx:TrackPointExtension>
<gpxtpx:speed>3.94</gpxtpx:speed>
</gpxtpx:TrackPointExtension>
<opentracks:accuracy_horizontal>4.264</opentracks:accuracy_horizontal></extensions>
</trkpt>
<trkpt lat="50.458315" lon="-104.559295">
<ele>560.2</ele>
<time>2026-08-27T18:57:42.799-06:00</time>
<extensions>
<gpxtpx:TrackPointExtension>
<gpxtpx:speed>4.06</gpxtpx:speed>
</gpxtpx:TrackPointExtension>
<opentracks:accuracy_horizontal>4.389</opentracks:accuracy_horizontal></extensions>
</trkpt>
<trkpt lat="50.458314" lon="-104.559472">
<ele>559.7</ele>
<time>2026-08-27T18:57:45.789-06:00</time>
<extensions>
<gpxtpx:TrackPointExtension>
<gpxtpx:speed>4.04</gpxtpx:speed>
</gpxtpx:TrackPointExtension>
<opentracks:accuracy_horizontal>4.264</opentracks:accuracy_horizontal></extensions>
</trkpt>
<trkpt lat="50.458321" lon="-104.559637">
<ele>559.7</ele>
<time>2026-08-27T18:57:48.8-06:00</time>
<extensions>
<gpxtpx:TrackPointExtension>
<gpxtpx:speed>3.35</gpxtpx:speed>
</gpxtpx:TrackPointExtension>
<opentracks:accuracy_horizontal>4.433</opentracks:accuracy_horizontal></extensions>
</trkpt>
<trkpt lat="50.458322" lon="-104.559796">
<ele>560.4</ele>
<time>2026-08-27T18:57:52.803-06:00</time>
<extensions>
<gpxtpx:TrackPointExtension>
<gpxtpx:speed>3.25</gpxtpx:speed>
</gpxtpx:TrackPointExtension>
<opentracks:accuracy_horizontal>4.306</opentracks:accuracy_horizontal></extensions>
</trkpt>
<trkpt lat="50.45834" lon="-104.559945">
<ele>559.7</ele>
<time>2026-08-27T18:57:55.807-06:00</time>
<extensions>
<gpxtpx:TrackPointExtension>
<gpxtpx:speed>3.18</gpxtpx:speed>
</gpxtpx:TrackPointExtension>
<opentracks:accuracy_horizontal>4.429</opentracks:accuracy_horizontal></extensions>
</trkpt>
<trkpt lat="50.458325" lon="-104.560098">
<ele>559.7</ele>
<time>2026-08-27T18:57:58.799-06:00</time>
<extensions>
<gpxtpx:TrackPointExtension>
<gpxtpx:speed>3.57</gpxtpx:speed>
</gpxtpx:TrackPointExtension>
<opentracks:accuracy_horizontal>4.147</opentracks:accuracy_horizontal></extensions>
</trkpt>
<trkpt lat="50.458329" lon="-104.560252">
<ele>559.5</ele>
<time>2026-08-27T18:58:01.797-06:00</time>
<extensions>
<gpxtpx:TrackPointExtension>
<gpxtpx:speed>3.54</gpxtpx:speed>
</gpxtpx:TrackPointExtension>
<opentracks:accuracy_horizontal>4.239</opentracks:accuracy_horizontal></extensions>
</trkpt>
<trkpt lat="50.458332" lon="-104.560436">
<ele>560.9</ele>
<time>2026-08-27T18:58:05.799-06:00</time>
<extensions>
<gpxtpx:TrackPointExtension>
<gpxtpx:speed>3.15</gpxtpx:speed>
</gpxtpx:TrackPointExtension>
<opentracks:accuracy_horizontal>4.146</opentracks:accuracy_horizontal></extensions>
</trkpt>
<trkpt lat="50.458324" lon="-104.560583">
<ele>561.2</ele>
<time>2026-08-27T18:58:08.792-06:00</time>
<extensions>
<gpxtpx:TrackPointExtension>
<gpxtpx:speed>3.49</gpxtpx:speed>
</gpxtpx:TrackPointExtension>
<opentracks:accuracy_horizontal>4.146</opentracks:accuracy_horizontal></extensions>
</trkpt>
<trkpt lat="50.458314" lon="-104.560734">
<ele>561.4</ele>
<time>2026-08-27T18:58:11.792-06:00</time>
<extensions>
<gpxtpx:TrackPointExtension>
<gpxtpx:speed>3.65</gpxtpx:speed>
</gpxtpx:TrackPointExtension>
<opentracks:accuracy_horizontal>4.146</opentracks:accuracy_horizontal></extensions>
</trkpt>
<trkpt lat="50.45832" lon="-104.560877">
<ele>561.1</ele>
<time>2026-08-27T18:58:14.793-06:00</time>
<extensions>
<gpxtpx:TrackPointExtension>
<gpxtpx:speed>3.36</gpxtpx:speed>
</gpxtpx:TrackPointExtension>
<opentracks:accuracy_horizontal>4.146</opentracks:accuracy_horizontal></extensions>
</trkpt>
<trkpt lat="50.458312" lon="-104.56106">
<ele>560.8</ele>
<time>2026-08-27T18:58:18.782-06:00</time>
<extensions>
<gpxtpx:TrackPointExtension>
<gpxtpx:speed>3.12</gpxtpx:speed>
</gpxtpx:TrackPointExtension>
<opentracks:accuracy_horizontal>4.151</opentracks:accuracy_horizontal></extensions>
</trkpt>
<trkpt lat="50.458311" lon="-104.561201">
<ele>560.3</ele>
<time>2026-08-27T18:58:21.784-06:00</time>
<extensions>
<gpxtpx:TrackPointExtension>
<gpxtpx:speed>3.13</gpxtpx:speed>
</gpxtpx:TrackPointExtension>
<opentracks:accuracy_horizontal>4.157</opentracks:accuracy_horizontal></extensions>
</trkpt>
<trkpt lat="50.458318" lon="-104.561343">
<ele>560</ele>
<time>2026-08-27T18:58:24.815-06:00</time>
<extensions>
<gpxtpx:TrackPointExtension>
<gpxtpx:speed>3.48</gpxtpx:speed>
</gpxtpx:TrackPointExtension>
<opentracks:accuracy_horizontal>4.166</opentracks:accuracy_horizontal></extensions>
</trkpt>
<trkpt lat="50.458329" lon="-104.561502">
<ele>560.2</ele>
<time>2026-08-27T18:58:27.8-06:00</time>
<extensions>
<gpxtpx:TrackPointExtension>
<gpxtpx:speed>3.51</gpxtpx:speed>
</gpxtpx:TrackPointExtension>
<opentracks:accuracy_horizontal>4.145</opentracks:accuracy_horizontal></extensions>
</trkpt>
<trkpt lat="50.458328" lon="-104.561651">
<ele>560</ele>
<time>2026-08-27T18:58:30.796-06:00</time>
<extensions>
<gpxtpx:TrackPointExtension>
<gpxtpx:speed>3.42</gpxtpx:speed>
</gpxtpx:TrackPointExtension>
<opentracks:accuracy_horizontal>4.145</opentracks:accuracy_horizontal></extensions>
</trkpt>
<trkpt lat="50.458341" lon="-104.561793">
<ele>560.2</ele>
<time>2026-08-27T18:58:33.803-06:00</time>
<extensions>
<gpxtpx:TrackPointExtension>
<gpxtpx:speed>3.39</gpxtpx:speed>
</gpxtpx:TrackPointExtension>
<opentracks:accuracy_horizontal>4.055</opentracks:accuracy_horizontal></extensions>
</trkpt>
<trkpt lat="50.458357" lon="-104.561973">
<ele>560.5</ele>
<time>2026-08-27T18:58:37.798-06:00</time>
<extensions>
<gpxtpx:TrackPointExtension>
<gpxtpx:speed>3.12</gpxtpx:speed>
</gpxtpx:TrackPointExtension>
<opentracks:accuracy_horizontal>4.055</opentracks:accuracy_horizontal></extensions>
</trkpt>
<trkpt lat="50.45834" lon="-104.562113">
<ele>560.4</ele>
<time>2026-08-27T18:58:40.785-06:00</time>
<extensions>
<gpxtpx:TrackPointExtension>
<gpxtpx:speed>3.39</gpxtpx:speed>
</gpxtpx:TrackPointExtension>
<opentracks:accuracy_horizontal>4.144</opentracks:accuracy_horizontal></extensions>
</trkpt>
<trkpt lat="50.45826" lon="-104.56218">
<ele>559.7</ele>
<time>2026-08-27T18:58:43.806-06:00</time>
<extensions>
<gpxtpx:TrackPointExtension>
<gpxtpx:speed>3.23</gpxtpx:speed>
</gpxtpx:TrackPointExtension>
<opentracks:accuracy_horizontal>4.177</opentracks:accuracy_horizontal></extensions>
</trkpt>
<trkpt lat="50.458162" lon="-104.562172">
<ele>559.6</ele>
<time>2026-08-27T18:58:46.78-06:00</time>
<extensions>
<gpxtpx:TrackPointExtension>
<gpxtpx:speed>2.96</gpxtpx:speed>
</gpxtpx:TrackPointExtension>
<opentracks:accuracy_horizontal>4.522</opentracks:accuracy_horizontal></extensions>
</trkpt>
<trkpt lat="50.458044" lon="-104.562173">
<ele>560.7</ele>
<time>2026-08-27T18:58:50.796-06:00</time>
<extensions>
<gpxtpx:TrackPointExtension>
<gpxtpx:speed>3.44</gpxtpx:speed>
</gpxtpx:TrackPointExtension>
<opentracks:accuracy_horizontal>4.572</opentracks:accuracy_horizontal></extensions>
</trkpt>
<trkpt lat="50.457957" lon="-104.562135">
<ele>559.8</ele>
<time>2026-08-27T18:58:53.809-06:00</time>
<extensions>
<gpxtpx:TrackPointExtension>
<gpxtpx:speed>2.92</gpxtpx:speed>
</gpxtpx:TrackPointExtension>
<opentracks:accuracy_horizontal>4.522</opentracks:accuracy_horizontal></extensions>
</trkpt>
<trkpt lat="50.457855" lon="-104.562111">
<ele>560.4</ele>
<time>2026-08-27T18:58:57.799-06:00</time>
<extensions>
<gpxtpx:TrackPointExtension>
<gpxtpx:speed>2.98</gpxtpx:speed>
</gpxtpx:TrackPointExtension>
<opentracks:accuracy_horizontal>4.521</opentracks:accuracy_horizontal></extensions>
</trkpt>
<trkpt lat="50.45775" lon="-104.5621">
<ele>560.5</ele>
<time>2026-08-27T18:59:01.792-06:00</time>
<extensions>
<gpxtpx:TrackPointExtension>
<gpxtpx:speed>2.96</gpxtpx:speed>
</gpxtpx:TrackPointExtension>
<opentracks:accuracy_horizontal>4.542</opentracks:accuracy_horizontal></extensions>
</trkpt>
<trkpt lat="50.45765" lon="-104.562094">
<ele>560.4</ele>
<time>2026-08-27T18:59:05.808-06:00</time>
<extensions>
<gpxtpx:TrackPointExtension>
<gpxtpx:speed>3.03</gpxtpx:speed>
</gpxtpx:TrackPointExtension>
<opentracks:accuracy_horizontal>4.527</opentracks:accuracy_horizontal></extensions>
</trkpt>
<trkpt lat="50.457539" lon="-104.562096">
<ele>562</ele>
<time>2026-08-27T18:59:09.812-06:00</time>
<extensions>
<gpxtpx:TrackPointExtension>
<gpxtpx:speed>2.97</gpxtpx:speed>
</gpxtpx:TrackPointExtension>
<opentracks:accuracy_horizontal>4.521</opentracks:accuracy_horizontal></extensions>
</trkpt>
<trkpt lat="50.457449" lon="-104.562097">
<ele>561.6</ele>
<time>2026-08-27T18:59:12.798-06:00</time>
<extensions>
<gpxtpx:TrackPointExtension>
<gpxtpx:speed>3.21</gpxtpx:speed>
</gpxtpx:TrackPointExtension>
<opentracks:accuracy_horizontal>4.521</opentracks:accuracy_horizontal></extensions>
</trkpt>
<trkpt lat="50.457356" lon="-104.562103">
<ele>561.6</ele>
<time>2026-08-27T18:59:15.807-06:00</time>
<extensions>
<gpxtpx:TrackPointExtension>
<gpxtpx:speed>3.09</gpxtpx:speed>
</gpxtpx:TrackPointExtension>
<opentracks:accuracy_horizontal>4.649</opentracks:accuracy_horizontal></extensions>
</trkpt>
<trkpt lat="50.457244" lon="-104.562087">
<ele>562.1</ele>
<time>2026-08-27T18:59:19.802-06:00</time>
<extensions>
<gpxtpx:TrackPointExtension>
<gpxtpx:speed>3.15</gpxtpx:speed>
</gpxtpx:TrackPointExtension>
<opentracks:accuracy_horizontal>4.571</opentracks:accuracy_horizontal></extensions>
</trkpt>
<trkpt lat="50.45715" lon="-104.562087">
<ele>562.7</ele>
<time>2026-08-27T18:59:22.824-06:00</time>
<extensions>
<gpxtpx:TrackPointExtension>
<gpxtpx:speed>3.07</gpxtpx:speed>
</gpxtpx:TrackPointExtension>
<opentracks:accuracy_horizontal>4.521</opentracks:accuracy_horizontal></extensions>
</trkpt>
<trkpt lat="50.457053" lon="-104.562074">
<ele>563.3</ele>
<time>2026-08-27T18:59:25.799-06:00</time>
<extensions>
<gpxtpx:TrackPointExtension>
<gpxtpx:speed>3.46</gpxtpx:speed>
</gpxtpx:TrackPointExtension>
<opentracks:accuracy_horizontal>4.521</opentracks:accuracy_horizontal></extensions>
</trkpt>
<trkpt lat="50.456958" lon="-104.56206">
<ele>563.5</ele>
<time>2026-08-27T18:59:28.804-06:00</time>
<extensions>
<gpxtpx:TrackPointExtension>
<gpxtpx:speed>3.08</gpxtpx:speed>
</gpxtpx:TrackPointExtension>
<opentracks:accuracy_horizontal>4.52</opentracks:accuracy_horizontal></extensions>
</trkpt>
<trkpt lat="50.456867" lon="-104.562075">
<ele>562.8</ele>
<time>2026-08-27T18:59:31.792-06:00</time>
<extensions>
<gpxtpx:TrackPointExtension>
<gpxtpx:speed>3.53</gpxtpx:speed>
</gpxtpx:TrackPointExtension>
<opentracks:accuracy_horizontal>4.52</opentracks:accuracy_horizontal></extensions>
</trkpt>
<trkpt lat="50.456776" lon="-104.562073">
<ele>562.9</ele>
<time>2026-08-27T18:59:34.792-06:00</time>
<extensions>
<gpxtpx:TrackPointExtension>
<gpxtpx:speed>3.49</gpxtpx:speed>
</gpxtpx:TrackPointExtension>
<opentracks:accuracy_horizontal>4.52</opentracks:accuracy_horizontal></extensions>
</trkpt>
<trkpt lat="50.456682" lon="-104.562089">
<ele>562.8</ele>
<time>2026-08-27T18:59:37.802-06:00</time>
<extensions>
<gpxtpx:TrackPointExtension>
<gpxtpx:speed>3.08</gpxtpx:speed>
</gpxtpx:TrackPointExtension>
<opentracks:accuracy_horizontal>4.52</opentracks:accuracy_horizontal></extensions>
</trkpt>
<trkpt lat="50.456568" lon="-104.562093">
<ele>563.1</ele>
<time>2026-08-27T18:59:41.799-06:00</time>
<extensions>
<gpxtpx:TrackPointExtension>
<gpxtpx:speed>3.2</gpxtpx:speed>
</gpxtpx:TrackPointExtension>
<opentracks:accuracy_horizontal>4.726</opentracks:accuracy_horizontal></extensions>
</trkpt>
<trkpt lat="50.456477" lon="-104.562101">
<ele>562.9</ele>
<time>2026-08-27T18:59:44.816-06:00</time>
<extensions>
<gpxtpx:TrackPointExtension>
<gpxtpx:speed>2.91</gpxtpx:speed>
</gpxtpx:TrackPointExtension>
<opentracks:accuracy_horizontal>4.532</opentracks:accuracy_horizontal></extensions>
</trkpt>
<trkpt lat="50.456369" lon="-104.562096">
<ele>563.3</ele>
<time>2026-08-27T18:59:48.807-06:00</time>
<extensions>
<gpxtpx:TrackPointExtension>
<gpxtpx:speed>2.87</gpxtpx:speed>
</gpxtpx:TrackPointExtension>
<opentracks:accuracy_horizontal>4.52</opentracks:accuracy_horizontal></extensions>
</trkpt>
<trkpt lat="50.456276" lon="-104.562108">
<ele>563.2</ele>
<time>2026-08-27T18:59:51.798-06:00</time>
<extensions>
<gpxtpx:TrackPointExtension>
<gpxtpx:speed>3.31</gpxtpx:speed>
</gpxtpx:TrackPointExtension>
<opentracks:accuracy_horizontal>4.52</opentracks:accuracy_horizontal></extensions>
</trkpt>
<trkpt lat="50.456183" lon="-104.562095">
<ele>562.1</ele>
<time>2026-08-27T18:59:54.805-06:00</time>
<extensions>
<gpxtpx:TrackPointExtension>
<gpxtpx:speed>3.28</gpxtpx:speed>
</gpxtpx:TrackPointExtension>
<opentracks:accuracy_horizontal>4.519</opentracks:accuracy_horizontal></extensions>
</trkpt>
<trkpt lat="50.456084" lon="-104.562103">
<ele>562</ele>
<time>2026-08-27T18:59:57.798-06:00</time>
<extensions>
<gpxtpx:TrackPointExtension>
<gpxtpx:speed>2.77</gpxtpx:speed>
</gpxtpx:TrackPointExtension>
<opentracks:accuracy_horizontal>4.519</opentracks:accuracy_horizontal></extensions>
</trkpt>
<trkpt lat="50.455973" lon="-104.56207">
<ele>561.3</ele>
<time>2026-08-27T19:00:01.799-06:00</time>
<extensions>
<gpxtpx:TrackPointExtension>
<gpxtpx:speed>2.75</gpxtpx:speed>
</gpxtpx:TrackPointExtension>
<opentracks:accuracy_horizontal>4.519</opentracks:accuracy_horizontal></extensions>
</trkpt>
<trkpt lat="50.455878" lon="-104.562057">
<ele>561.7</ele>
<time>2026-08-27T19:00:04.815-06:00</time>
<extensions>
<gpxtpx:TrackPointExtension>
<gpxtpx:speed>3.04</gpxtpx:speed>
</gpxtpx:TrackPointExtension>
<opentracks:accuracy_horizontal>4.519</opentracks:accuracy_horizontal></extensions>
</trkpt>
<trkpt lat="50.455786" lon="-104.562046">
<ele>561.9</ele>
<time>2026-08-27T19:00:07.801-06:00</time>
<extensions>
<gpxtpx:TrackPointExtension>
<gpxtpx:speed>3.36</gpxtpx:speed>
</gpxtpx:TrackPointExtension>
<opentracks:accuracy_horizontal>4.519</opentracks:accuracy_horizontal></extensions>
</trkpt>
<trkpt lat="50.455668" lon="-104.562088">
<ele>562.5</ele>
<time>2026-08-27T19:00:11.81-06:00</time>
<extensions>
<gpxtpx:TrackPointExtension>
<gpxtpx:speed>3.14</gpxtpx:speed>
</gpxtpx:TrackPointExtension>
<opentracks:accuracy_horizontal>4.519</opentracks:accuracy_horizontal></extensions>
</trkpt>
<trkpt lat="50.455577" lon="-104.562104">
<ele>562</ele>
<time>2026-08-27T19:00:14.809-06:00</time>
<extensions>
<gpxtpx:TrackPointExtension>
<gpxtpx:speed>3.06</gpxtpx:speed>
</gpxtpx:TrackPointExtension>
<opentracks:accuracy_horizontal>4.519</opentracks:accuracy_horizontal></extensions>
</trkpt>
<trkpt lat="50.455485" lon="-104.562122">
<ele>561.7</ele>
<time>2026-08-27T19:00:18.816-06:00</time>
<extensions>
<gpxtpx:TrackPointExtension>
<gpxtpx:speed>2.23</gpxtpx:speed>
</gpxtpx:TrackPointExtension>
<opentracks:accuracy_horizontal>4.518</opentracks:accuracy_horizontal></extensions>
</trkpt>
<trkpt lat="50.455407" lon="-104.562023">
<ele>561.2</ele>
<time>2026-08-27T19:00:25.799-06:00</time>
<extensions>
<gpxtpx:TrackPointExtension>
<gpxtpx:speed>1.74</gpxtpx:speed>
</gpxtpx:TrackPointExtension>
<opentracks:accuracy_horizontal>4.518</opentracks:accuracy_horizontal></extensions>
</trkpt>
<trkpt lat="50.455316" lon="-104.562009">
<ele>561.1</ele>
<time>2026-08-27T19:00:30.802-06:00</time>
<extensions>
<gpxtpx:TrackPointExtension>
<gpxtpx:speed>1.23</gpxtpx:speed>
</gpxtpx:TrackPointExtension>
<opentracks:accuracy_horizontal>4.687</opentracks:accuracy_horizontal></extensions>
</trkpt>
<trkpt lat="50.455267" lon="-104.561878">
<ele>561</ele>
<time>2026-08-27T19:00:40.8-06:00</time>
<extensions>
<gpxtpx:TrackPointExtension>
<gpxtpx:speed>1.94</gpxtpx:speed>
</gpxtpx:TrackPointExtension>
<opentracks:accuracy_horizontal>4.858</opentracks:accuracy_horizontal></extensions>
</trkpt>
<trkpt lat="50.455259" lon="-104.561732">
<ele>559.1</ele>
<time>2026-08-27T19:00:46.784-06:00</time>
<extensions>
<gpxtpx:TrackPointExtension>
<gpxtpx:speed>2.05</gpxtpx:speed>
</gpxtpx:TrackPointExtension>
<opentracks:accuracy_horizontal>4.644</opentracks:accuracy_horizontal></extensions>
</trkpt>
<trkpt lat="50.455254" lon="-104.561578">
<ele>559</ele>
<time>2026-08-27T19:00:52.822-06:00</time>
<extensions>
<gpxtpx:TrackPointExtension>
<gpxtpx:speed>1.66</gpxtpx:speed>
</gpxtpx:TrackPointExtension>
<opentracks:accuracy_horizontal>4.675</opentracks:accuracy_horizontal></extensions>
</trkpt>
<trkpt lat="50.455243" lon="-104.561426">
<ele>558.3</ele>
<time>2026-08-27T19:00:58.808-06:00</time>
<extensions>
<gpxtpx:TrackPointExtension>
<gpxtpx:speed>1.42</gpxtpx:speed>
</gpxtpx:TrackPointExtension>
<opentracks:accuracy_horizontal>4.768</opentracks:accuracy_horizontal></extensions>
</trkpt>
<trkpt lat="50.455268" lon="-104.561267">
<ele>558.7</ele>
<time>2026-08-27T19:01:04.799-06:00</time>
<extensions>
<gpxtpx:TrackPointExtension>
<gpxtpx:speed>1.74</gpxtpx:speed>
</gpxtpx:TrackPointExtension>
<opentracks:accuracy_horizontal>4.497</opentracks:accuracy_horizontal></extensions>
</trkpt>
<trkpt lat="50.45526" lon="-104.561126">
<ele>559.3</ele>
<time>2026-08-27T19:01:09.81-06:00</time>
<extensions>
<gpxtpx:TrackPointExtension>
<gpxtpx:speed>1.6</gpxtpx:speed>
</gpxtpx:TrackPointExtension>
<opentracks:accuracy_horizontal>3.562</opentracks:accuracy_horizontal></extensions>
</trkpt>
<trkpt lat="50.455264" lon="-104.560966">
<ele>558.9</ele>
<time>2026-08-27T19:01:16.807-06:00</time>
<extensions>
<gpxtpx:TrackPointExtension>
<gpxtpx:speed>1.51</gpxtpx:speed>
</gpxtpx:TrackPointExtension>
<opentracks:accuracy_horizontal>3.673</opentracks:accuracy_horizontal></extensions>
</trkpt>
<trkpt lat="50.455261" lon="-104.560825">
<ele>559.1</ele>
<time>2026-08-27T19:01:23.815-06:00</time>
<extensions>
<gpxtpx:TrackPointExtension>
<gpxtpx:speed>3.31</gpxtpx:speed>
</gpxtpx:TrackPointExtension>
<opentracks:accuracy_horizontal>3.807</opentracks:accuracy_horizontal></extensions>
</trkpt>
<trkpt lat="50.455271" lon="-104.560674">
<ele>558.5</ele>
<time>2026-08-27T19:01:29.817-06:00</time>
<extensions>
<gpxtpx:TrackPointExtension>
<gpxtpx:speed>2.6</gpxtpx:speed>
</gpxtpx:TrackPointExtension>
<opentracks:accuracy_horizontal>4.673</opentracks:accuracy_horizontal></extensions>
</trkpt>
<trkpt lat="50.455214" lon="-104.56056">
<ele>558.5</ele>
<time>2026-08-27T19:01:32.813-06:00</time>
<extensions>
<gpxtpx:TrackPointExtension>
<gpxtpx:speed>1.67</gpxtpx:speed>
</gpxtpx:TrackPointExtension>
<opentracks:accuracy_horizontal>4.641</opentracks:accuracy_horizontal></extensions>
</trkpt>
<trkpt lat="50.455089" lon="-104.560617">
<ele>557.1</ele>
<time>2026-08-27T19:01:35.803-06:00</time>
<extensions>
<gpxtpx:TrackPointExtension>
<gpxtpx:speed>2.28</gpxtpx:speed>
</gpxtpx:TrackPointExtension>
<opentracks:accuracy_horizontal>4.825</opentracks:accuracy_horizontal></extensions>
</trkpt>
<trkpt lat="50.454976" lon="-104.560675">
<ele>555.5</ele>
<time>2026-08-27T19:01:37.804-06:00</time>
<extensions>
<gpxtpx:TrackPointExtension>
<gpxtpx:speed>2.94</gpxtpx:speed>
</gpxtpx:TrackPointExtension>
<opentracks:accuracy_horizontal>5.036</opentracks:accuracy_horizontal></extensions>
</trkpt>
<trkpt lat="50.454855" lon="-104.560682">
<ele>554.4</ele>
<time>2026-08-27T19:01:39.801-06:00</time>
<extensions>
<gpxtpx:TrackPointExtension>
<gpxtpx:speed>5.1</gpxtpx:speed>
</gpxtpx:TrackPointExtension>
<opentracks:accuracy_horizontal>5.222</opentracks:accuracy_horizontal></extensions>
</trkpt>
<trkpt lat="50.454706" lon="-104.560674">
<ele>558.1</ele>
<time>2026-08-27T19:01:41.81-06:00</time>
<extensions>
<gpxtpx:TrackPointExtension>
<gpxtpx:speed>6.47</gpxtpx:speed>
</gpxtpx:TrackPointExtension>
<opentracks:accuracy_horizontal>4.873</opentracks:accuracy_horizontal></extensions>
</trkpt>
<trkpt lat="50.454558" lon="-104.560679">
<ele>559.8</ele>
<time>2026-08-27T19:01:43.805-06:00</time>
<extensions>
<gpxtpx:TrackPointExtension>
<gpxtpx:speed>6.26</gpxtpx:speed>
</gpxtpx:TrackPointExtension>
<opentracks:accuracy_horizontal>4.514</opentracks:accuracy_horizontal></extensions>
</trkpt>
<trkpt lat="50.454432" lon="-104.560668">
<ele>560.7</ele>
<time>2026-08-27T19:01:45.78-06:00</time>
<extensions>
<gpxtpx:TrackPointExtension>
<gpxtpx:speed>6.42</gpxtpx:speed>
</gpxtpx:TrackPointExtension>
<opentracks:accuracy_horizontal>4.513</opentracks:accuracy_horizontal></extensions>
</trkpt>
<trkpt lat="50.454313" lon="-104.560652">
<ele>562</ele>
<time>2026-08-27T19:01:47.803-06:00</time>
<extensions>
<gpxtpx:TrackPointExtension>
<gpxtpx:speed>5.63</gpxtpx:speed>
</gpxtpx:TrackPointExtension>
<opentracks:accuracy_horizontal>4.513</opentracks:accuracy_horizontal></extensions>
</trkpt>
<trkpt lat="50.454206" lon="-104.56067">
<ele>562.8</ele>
<time>2026-08-27T19:01:49.808-06:00</time>
<extensions>
<gpxtpx:TrackPointExtension>
<gpxtpx:speed>5.81</gpxtpx:speed>
</gpxtpx:TrackPointExtension>
<opentracks:accuracy_horizontal>4.513</opentracks:accuracy_horizontal></extensions>
</trkpt>
<trkpt lat="50.454103" lon="-104.560675">
<ele>563.5</ele>
<time>2026-08-27T19:01:51.8-06:00</time>
<extensions>
<gpxtpx:TrackPointExtension>
<gpxtpx:speed>5.42</gpxtpx:speed>
</gpxtpx:TrackPointExtension>
<opentracks:accuracy_horizontal>4.513</opentracks:accuracy_horizontal></extensions>
</trkpt>
<trkpt lat="50.454006" lon="-104.560664">
<ele>563.5</ele>
<time>2026-08-27T19:01:53.774-06:00</time>
<extensions>
<gpxtpx:TrackPointExtension>
<gpxtpx:speed>5.28</gpxtpx:speed>
</gpxtpx:TrackPointExtension>
<opentracks:accuracy_horizontal>4.513</opentracks:accuracy_horizontal></extensions>
</trkpt>
<trkpt lat="50.45391" lon="-104.560658">
<ele>563.3</ele>
<time>2026-08-27T19:01:55.795-06:00</time>
<extensions>
<gpxtpx:TrackPointExtension>
<gpxtpx:speed>5.36</gpxtpx:speed>
</gpxtpx:TrackPointExtension>
<opentracks:accuracy_horizontal>4.513</opentracks:accuracy_horizontal></extensions>
</trkpt>
<trkpt lat="50.453811" lon="-104.560654">
<ele>563.5</ele>
<time>2026-08-27T19:01:57.805-06:00</time>
<extensions>
<gpxtpx:TrackPointExtension>
<gpxtpx:speed>5.44</gpxtpx:speed>
</gpxtpx:TrackPointExtension>
<opentracks:accuracy_horizontal>4.557</opentracks:accuracy_horizontal></extensions>
</trkpt>
<trkpt lat="50.453702" lon="-104.560636">
<ele>564.3</ele>
<time>2026-08-27T19:01:59.785-06:00</time>
<extensions>
<gpxtpx:TrackPointExtension>
<gpxtpx:speed>5.52</gpxtpx:speed>
</gpxtpx:TrackPointExtension>
<opentracks:accuracy_horizontal>4.512</opentracks:accuracy_horizontal></extensions>
</trkpt>
<trkpt lat="50.45359" lon="-104.560627">
<ele>564.9</ele>
<time>2026-08-27T19:02:01.798-06:00</time>
<extensions>
<gpxtpx:TrackPointExtension>
<gpxtpx:speed>5.79</gpxtpx:speed>
</gpxtpx:TrackPointExtension>
<opentracks:accuracy_horizontal>4.512</opentracks:accuracy_horizontal></extensions>
</trkpt>
<trkpt lat="50.453491" lon="-104.560652">
<ele>565.4</ele>
<time>2026-08-27T19:02:03.801-06:00</time>
<extensions>
<gpxtpx:TrackPointExtension>
<gpxtpx:speed>5.28</gpxtpx:speed>
</gpxtpx:TrackPointExtension>
<opentracks:accuracy_horizontal>4.512</opentracks:accuracy_horizontal></extensions>
</trkpt>
<trkpt lat="50.453396" lon="-104.560658">
<ele>565.8</ele>
<time>2026-08-27T19:02:05.81-06:00</time>
<extensions>
<gpxtpx:TrackPointExtension>
<gpxtpx:speed>5.38</gpxtpx:speed>
</gpxtpx:TrackPointExtension>
<opentracks:accuracy_horizontal>4.114</opentracks:accuracy_horizontal></extensions>
</trkpt>
<trkpt lat="50.45329" lon="-104.560647">
<ele>566.2</ele>
<time>2026-08-27T19:02:07.814-06:00</time>
<extensions>
<gpxtpx:TrackPointExtension>
<gpxtpx:speed>5.78</gpxtpx:speed>
</gpxtpx:TrackPointExtension>
<opentracks:accuracy_horizontal>4.152</opentracks:accuracy_horizontal></extensions>
</trkpt>
<trkpt lat="50.453181" lon="-104.560643">
<ele>566.9</ele>
<time>2026-08-27T19:02:09.802-06:00</time>
<extensions>
<gpxtpx:TrackPointExtension>
<gpxtpx:speed>6.44</gpxtpx:speed>
</gpxtpx:TrackPointExtension>
<opentracks:accuracy_horizontal>4.308</opentracks:accuracy_horizontal></extensions>
</trkpt>
<trkpt lat="50.453062" lon="-104.560639">
<ele>567.1</ele>
<time>2026-08-27T19:02:11.816-06:00</time>
<extensions>
<gpxtpx:TrackPointExtension>
<gpxtpx:speed>6.79</gpxtpx:speed>
</gpxtpx:TrackPointExtension>
<opentracks:accuracy_horizontal>4.512</opentracks:accuracy_horizontal></extensions>
</trkpt>
<trkpt lat="50.45294" lon="-104.560648">
<ele>567.4</ele>
<time>2026-08-27T19:02:13.801-06:00</time>
<extensions>
<gpxtpx:TrackPointExtension>
<gpxtpx:speed>6.78</gpxtpx:speed>
</gpxtpx:TrackPointExtension>
<opentracks:accuracy_horizontal>4.512</opentracks:accuracy_horizontal></extensions>
</trkpt>
<trkpt lat="50.452813" lon="-104.560634">
<ele>567.7</ele>
<time>2026-08-27T19:02:15.799-06:00</time>
<extensions>
<gpxtpx:TrackPointExtension>
<gpxtpx:speed>7.2</gpxtpx:speed>
</gpxtpx:TrackPointExtension>
<opentracks:accuracy_horizontal>4.511</opentracks:accuracy_horizontal></extensions>
</trkpt>
<trkpt lat="50.452678" lon="-104.560601">
<ele>567.1</ele>
<time>2026-08-27T19:02:17.81-06:00</time>
<extensions>
<gpxtpx:TrackPointExtension>
<gpxtpx:speed>7.36</gpxtpx:speed>
</gpxtpx:TrackPointExtension>
<opentracks:accuracy_horizontal>4.511</opentracks:accuracy_horizontal></extensions>
</trkpt>
<trkpt lat="50.452538" lon="-104.560591">
<ele>566.9</ele>
<time>2026-08-27T19:02:19.801-06:00</time>
<extensions>
<gpxtpx:TrackPointExtension>
<gpxtpx:speed>7.33</gpxtpx:speed>
</gpxtpx:TrackPointExtension>
<opentracks:accuracy_horizontal>4.511</opentracks:accuracy_horizontal></extensions>
</trkpt>
<trkpt lat="50.452402" lon="-104.560601">
<ele>566.9</ele>
<time>2026-08-27T19:02:21.791-06:00</time>
<extensions>
<gpxtpx:TrackPointExtension>
<gpxtpx:speed>7.62</gpxtpx:speed>
</gpxtpx:TrackPointExtension>
<opentracks:accuracy_horizontal>4.511</opentracks:accuracy_horizontal></extensions>
</trkpt>
<trkpt lat="50.452263" lon="-104.560611">
<ele>566.3</ele>
<time>2026-08-27T19:02:23.811-06:00</time>
<extensions>
<gpxtpx:TrackPointExtension>
<gpxtpx:speed>7.58</gpxtpx:speed>
</gpxtpx:TrackPointExtension>
<opentracks:accuracy_horizontal>4.511</opentracks:accuracy_horizontal></extensions>
</trkpt>
<trkpt lat="50.452121" lon="-104.560626">
<ele>566.4</ele>
<time>2026-08-27T19:02:25.801-06:00</time>
<extensions>
<gpxtpx:TrackPointExtension>
<gpxtpx:speed>7.68</gpxtpx:speed>
</gpxtpx:TrackPointExtension>
<opentracks:accuracy_horizontal>4.511</opentracks:accuracy_horizontal></extensions>
</trkpt>
<trkpt lat="50.451986" lon="-104.560635">
<ele>566.6</ele>
<time>2026-08-27T19:02:27.797-06:00</time>
<extensions>
<gpxtpx:TrackPointExtension>
<gpxtpx:speed>7.42</gpxtpx:speed>
</gpxtpx:TrackPointExtension>
<opentracks:accuracy_horizontal>4.51</opentracks:accuracy_horizontal></extensions>
</trkpt>
<trkpt lat="50.451854" lon="-104.560649">
<ele>566</ele>
<time>2026-08-27T19:02:29.814-06:00</time>
<extensions>
<gpxtpx:TrackPointExtension>
<gpxtpx:speed>7.32</gpxtpx:speed>
</gpxtpx:TrackPointExtension>
<opentracks:accuracy_horizontal>4.51</opentracks:accuracy_horizontal></extensions>
</trkpt>
<trkpt lat="50.451722" lon="-104.560653">
<ele>565.7</ele>
<time>2026-08-27T19:02:31.809-06:00</time>
<extensions>
<gpxtpx:TrackPointExtension>
<gpxtpx:speed>7.52</gpxtpx:speed>
</gpxtpx:TrackPointExtension>
<opentracks:accuracy_horizontal>4.51</opentracks:accuracy_horizontal></extensions>
</trkpt>
<trkpt lat="50.451583" lon="-104.56065">
<ele>565.8</ele>
<time>2026-08-27T19:02:33.807-06:00</time>
<extensions>
<gpxtpx:TrackPointExtension>
<gpxtpx:speed>7.59</gpxtpx:speed>
</gpxtpx:TrackPointExtension>
<opentracks:accuracy_horizontal>4.788</opentracks:accuracy_horizontal></extensions>
</trkpt>
<trkpt lat="50.451443" lon="-104.560652">
<ele>566.3</ele>
<time>2026-08-27T19:02:35.809-06:00</time>
<extensions>
<gpxtpx:TrackPointExtension>
<gpxtpx:speed>7.51</gpxtpx:speed>
</gpxtpx:TrackPointExtension>
<opentracks:accuracy_horizontal>4.856</opentracks:accuracy_horizontal></extensions>
</trkpt>
<trkpt lat="50.45131" lon="-104.560652">
<ele>565.6</ele>
<time>2026-08-27T19:02:37.811-06:00</time>
<extensions>
<gpxtpx:TrackPointExtension>
<gpxtpx:speed>7.31</gpxtpx:speed>
</gpxtpx:TrackPointExtension>
<opentracks:accuracy_horizontal>4.856</opentracks:accuracy_horizontal></extensions>
</trkpt>
<trkpt lat="50.451183" lon="-104.560641">
<ele>565.6</ele>
<time>2026-08-27T19:02:39.805-06:00</time>
<extensions>
<gpxtpx:TrackPointExtension>
<gpxtpx:speed>7.07</gpxtpx:speed>
</gpxtpx:TrackPointExtension>
<opentracks:accuracy_horizontal>4.641</opentracks:accuracy_horizontal></extensions>
</trkpt>
<trkpt lat="50.451055" lon="-104.560635">
<ele>566.7</ele>
<time>2026-08-27T19:02:41.811-06:00</time>
<extensions>
<gpxtpx:TrackPointExtension>
<gpxtpx:speed>7.22</gpxtpx:speed>
</gpxtpx:TrackPointExtension>
<opentracks:accuracy_horizontal>4.519</opentracks:accuracy_horizontal></extensions>
</trkpt>
<trkpt lat="50.450925" lon="-104.560627">
<ele>566.7</ele>
<time>2026-08-27T19:02:43.801-06:00</time>
<extensions>
<gpxtpx:TrackPointExtension>
<gpxtpx:speed>7.29</gpxtpx:speed>
</gpxtpx:TrackPointExtension>
<opentracks:accuracy_horizontal>4.509</opentracks:accuracy_horizontal></extensions>
</trkpt>
<trkpt lat="50.450782" lon="-104.560611">
<ele>566.2</ele>
<time>2026-08-27T19:02:45.812-06:00</time>
<extensions>
<gpxtpx:TrackPointExtension>
<gpxtpx:speed>7.34</gpxtpx:speed>
</gpxtpx:TrackPointExtension>
<opentracks:accuracy_horizontal>4.456</opentracks:accuracy_horizontal></extensions>
</trkpt>
<trkpt lat="50.450647" lon="-104.560604">
<ele>566.7</ele>
<time>2026-08-27T19:02:47.805-06:00</time>
<extensions>
<gpxtpx:TrackPointExtension>
<gpxtpx:speed>7.3</gpxtpx:speed>
</gpxtpx:TrackPointExtension>
<opentracks:accuracy_horizontal>4.551</opentracks:accuracy_horizontal></extensions>
</trkpt>
<trkpt lat="50.450516" lon="-104.560604">
<ele>568</ele>
<time>2026-08-27T19:02:49.801-06:00</time>
<extensions>
<gpxtpx:TrackPointExtension>
<gpxtpx:speed>6.78</gpxtpx:speed>
</gpxtpx:TrackPointExtension>
<opentracks:accuracy_horizontal>4.571</opentracks:accuracy_horizontal></extensions>
</trkpt>
<trkpt lat="50.450415" lon="-104.560562">
<ele>568</ele>
<time>2026-08-27T19:02:51.8-06:00</time>
<extensions>
<gpxtpx:TrackPointExtension>
<gpxtpx:speed>6.38</gpxtpx:speed>
</gpxtpx:TrackPointExtension>
<opentracks:accuracy_horizontal>4.796</opentracks:accuracy_horizontal></extensions>
</trkpt>
<trkpt lat="50.450367" lon="-104.560393">
<ele>566.6</ele>
<time>2026-08-27T19:02:53.818-06:00</time>
<extensions>
<gpxtpx:TrackPointExtension>
<gpxtpx:speed>7.24</gpxtpx:speed>
</gpxtpx:TrackPointExtension>
<opentracks:accuracy_horizontal>4.593</opentracks:accuracy_horizontal></extensions>
</trkpt>
<trkpt lat="50.450356" lon="-104.560198">
<ele>565</ele>
<time>2026-08-27T19:02:55.807-06:00</time>
<extensions>
<gpxtpx:TrackPointExtension>
<gpxtpx:speed>6.52</gpxtpx:speed>
</gpxtpx:TrackPointExtension>
<opentracks:accuracy_horizontal>4.508</opentracks:accuracy_horizontal></extensions>
</trkpt>
<trkpt lat="50.450371" lon="-104.560022">
<ele>563.9</ele>
<time>2026-08-27T19:02:57.804-06:00</time>
<extensions>
<gpxtpx:TrackPointExtension>
<gpxtpx:speed>6.51</gpxtpx:speed>
</gpxtpx:TrackPointExtension>
<opentracks:accuracy_horizontal>3.973</opentracks:accuracy_horizontal></extensions>
</trkpt>
<trkpt lat="50.450384" lon="-104.55985">
<ele>562.8</ele>
<time>2026-08-27T19:02:59.806-06:00</time>
<extensions>
<gpxtpx:TrackPointExtension>
<gpxtpx:speed>5.87</gpxtpx:speed>
</gpxtpx:TrackPointExtension>
<opentracks:accuracy_horizontal>4.062</opentracks:accuracy_horizontal></extensions>
</trkpt>
<trkpt lat="50.450381" lon="-104.559683">
<ele>561.7</ele>
<time>2026-08-27T19:03:01.802-06:00</time>
<extensions>
<gpxtpx:TrackPointExtension>
<gpxtpx:speed>5.9</gpxtpx:speed>
</gpxtpx:TrackPointExtension>
<opentracks:accuracy_horizontal>4.508</opentracks:accuracy_horizontal></extensions>
</trkpt>
<trkpt lat="50.450388" lon="-104.559513">
<ele>561.2</ele>
<time>2026-08-27T19:03:03.801-06:00</time>
<extensions>
<gpxtpx:TrackPointExtension>
<gpxtpx:speed>6.08</gpxtpx:speed>
</gpxtpx:TrackPointExtension>
<opentracks:accuracy_horizontal>4.508</opentracks:accuracy_horizontal></extensions>
</trkpt>
<trkpt lat="50.450396" lon="-104.559338">
<ele>560.3</ele>
<time>2026-08-27T19:03:05.817-06:00</time>
<extensions>
<gpxtpx:TrackPointExtension>
<gpxtpx:speed>6.21</gpxtpx:speed>
</gpxtpx:TrackPointExtension>
<opentracks:accuracy_horizontal>4.507</opentracks:accuracy_horizontal></extensions>
</trkpt>
<trkpt lat="50.450395" lon="-104.559158">
<ele>559.6</ele>
<time>2026-08-27T19:03:07.806-06:00</time>
<extensions>
<gpxtpx:TrackPointExtension>
<gpxtpx:speed>6.36</gpxtpx:speed>
</gpxtpx:TrackPointExtension>
<opentracks:accuracy_horizontal>4.507</opentracks:accuracy_horizontal></extensions>
</trkpt>
<trkpt lat="50.450388" lon="-104.55898">
<ele>559.7</ele>
<time>2026-08-27T19:03:09.799-06:00</time>
<extensions>
<gpxtpx:TrackPointExtension>
<gpxtpx:speed>5.92</gpxtpx:speed>
</gpxtpx:TrackPointExtension>
<opentracks:accuracy_horizontal>4.507</opentracks:accuracy_horizontal></extensions>
</trkpt>
<trkpt lat="50.450392" lon="-104.558817">
<ele>559</ele>
<time>2026-08-27T19:03:11.795-06:00</time>
<extensions>
<gpxtpx:TrackPointExtension>
<gpxtpx:speed>5.72</gpxtpx:speed>
</gpxtpx:TrackPointExtension>
<opentracks:accuracy_horizontal>4.507</opentracks:accuracy_horizontal></extensions>
</trkpt>
<trkpt lat="50.450394" lon="-104.558644">
<ele>558.2</ele>
<time>2026-08-27T19:03:13.782-06:00</time>
<extensions>
<gpxtpx:TrackPointExtension>
<gpxtpx:speed>6.37</gpxtpx:speed>
</gpxtpx:TrackPointExtension>
<opentracks:accuracy_horizontal>4.507</opentracks:accuracy_horizontal></extensions>
</trkpt>
<trkpt lat="50.4504" lon="-104.558449">
<ele>558.3</ele>
<time>2026-08-27T19:03:15.796-06:00</time>
<extensions>
<gpxtpx:TrackPointExtension>
<gpxtpx:speed>6.86</gpxtpx:speed>
</gpxtpx:TrackPointExtension>
<opentracks:accuracy_horizontal>4.507</opentracks:accuracy_horizontal></extensions>
</trkpt>
<trkpt lat="50.4504" lon="-104.558254">
<ele>558.3</ele>
<time>2026-08-27T19:03:17.801-06:00</time>
<extensions>
<gpxtpx:TrackPointExtension>
<gpxtpx:speed>6.47</gpxtpx:speed>
</gpxtpx:TrackPointExtension>
<opentracks:accuracy_horizontal>4.506</opentracks:accuracy_horizontal></extensions>
</trkpt>
<trkpt lat="50.450393" lon="-104.55808">
<ele>558.3</ele>
<time>2026-08-27T19:03:19.801-06:00</time>
<extensions>
<gpxtpx:TrackPointExtension>
<gpxtpx:speed>5.83</gpxtpx:speed>
</gpxtpx:TrackPointExtension>
<opentracks:accuracy_horizontal>4.506</opentracks:accuracy_horizontal></extensions>
</trkpt>
<trkpt lat="50.450383" lon="-104.557901">
<ele>558.7</ele>
<time>2026-08-27T19:03:21.81-06:00</time>
<extensions>
<gpxtpx:TrackPointExtension>
<gpxtpx:speed>6.48</gpxtpx:speed>
</gpxtpx:TrackPointExtension>
<opentracks:accuracy_horizontal>4.506</opentracks:accuracy_horizontal></extensions>
</trkpt>
<trkpt lat="50.450387" lon="-104.557709">
<ele>558.2</ele>
<time>2026-08-27T19:03:23.805-06:00</time>
<extensions>
<gpxtpx:TrackPointExtension>
<gpxtpx:speed>6.42</gpxtpx:speed>
</gpxtpx:TrackPointExtension>
<opentracks:accuracy_horizontal>4.506</opentracks:accuracy_horizontal></extensions>
</trkpt>
<trkpt lat="50.45039" lon="-104.557536">
<ele>558.3</ele>
<time>2026-08-27T19:03:25.81-06:00</time>
<extensions>
<gpxtpx:TrackPointExtension>
<gpxtpx:speed>6.04</gpxtpx:speed>
</gpxtpx:TrackPointExtension>
<opentracks:accuracy_horizontal>4.506</opentracks:accuracy_horizontal></extensions>
</trkpt>
<trkpt lat="50.450394" lon="-104.557379">
<ele>557.6</ele>
<time>2026-08-27T19:03:27.81-06:00</time>
<extensions>
<gpxtpx:TrackPointExtension>
<gpxtpx:speed>5.46</gpxtpx:speed>
</gpxtpx:TrackPointExtension>
<opentracks:accuracy_horizontal>4.505</opentracks:accuracy_horizontal></extensions>
</trkpt>
<trkpt lat="50.450393" lon="-104.557227">
<ele>557.4</ele>
<time>2026-08-27T19:03:29.8-06:00</time>
<extensions>
<gpxtpx:TrackPointExtension>
<gpxtpx:speed>5.35</gpxtpx:speed>
</gpxtpx:TrackPointExtension>
<opentracks:accuracy_horizontal>4.505</opentracks:accuracy_horizontal></extensions>
</trkpt>
<trkpt lat="50.450379" lon="-104.557067">
<ele>557.4</ele>
<time>2026-08-27T19:03:31.81-06:00</time>
<extensions>
<gpxtpx:TrackPointExtension>
<gpxtpx:speed>5.65</gpxtpx:speed>
</gpxtpx:TrackPointExtension>
<opentracks:accuracy_horizontal>4.505</opentracks:accuracy_horizontal></extensions>
</trkpt>
<trkpt lat="50.450379" lon="-104.556895">
<ele>557.6</ele>
<time>2026-08-27T19:03:33.82-06:00</time>
<extensions>
<gpxtpx:TrackPointExtension>
<gpxtpx:speed>5.79</gpxtpx:speed>
</gpxtpx:TrackPointExtension>
<opentracks:accuracy_horizontal>4.505</opentracks:accuracy_horizontal></extensions>
</trkpt>
<trkpt lat="50.450384" lon="-104.556723">
<ele>557.9</ele>
<time>2026-08-27T19:03:35.809-06:00</time>
<extensions>
<gpxtpx:TrackPointExtension>
<gpxtpx:speed>5.96</gpxtpx:speed>
</gpxtpx:TrackPointExtension>
<opentracks:accuracy_horizontal>4.505</opentracks:accuracy_horizontal></extensions>
</trkpt>
<trkpt lat="50.450392" lon="-104.556545">
<ele>557.8</ele>
<time>2026-08-27T19:03:37.799-06:00</time>
<extensions>
<gpxtpx:TrackPointExtension>
<gpxtpx:speed>6.02</gpxtpx:speed>
</gpxtpx:TrackPointExtension>
<opentracks:accuracy_horizontal>4.504</opentracks:accuracy_horizontal></extensions>
</trkpt>
<trkpt lat="50.450398" lon="-104.556368">
<ele>557.6</ele>
<time>2026-08-27T19:03:39.807-06:00</time>
<extensions>
<gpxtpx:TrackPointExtension>
<gpxtpx:speed>5.95</gpxtpx:speed>
</gpxtpx:TrackPointExtension>
<opentracks:accuracy_horizontal>4.504</opentracks:accuracy_horizontal></extensions>
</trkpt>
<trkpt lat="50.450393" lon="-104.556204">
<ele>557.6</ele>
<time>2026-08-27T19:03:41.811-06:00</time>
<extensions>
<gpxtpx:TrackPointExtension>
<gpxtpx:speed>5.82</gpxtpx:speed>
</gpxtpx:TrackPointExtension>
<opentracks:accuracy_horizontal>4.504</opentracks:accuracy_horizontal></extensions>
</trkpt>
<trkpt lat="50.450383" lon="-104.556043">
<ele>557.7</ele>
<time>2026-08-27T19:03:43.805-06:00</time>
<extensions>
<gpxtpx:TrackPointExtension>
<gpxtpx:speed>5.63</gpxtpx:speed>
</gpxtpx:TrackPointExtension>
<opentracks:accuracy_horizontal>4.504</opentracks:accuracy_horizontal></extensions>
</trkpt>
<trkpt lat="50.45039" lon="-104.555889">
<ele>557.6</ele>
<time>2026-08-27T19:03:45.804-06:00</time>
<extensions>
<gpxtpx:TrackPointExtension>
<gpxtpx:speed>5.64</gpxtpx:speed>
</gpxtpx:TrackPointExtension>
<opentracks:accuracy_horizontal>4.504</opentracks:accuracy_horizontal></extensions>
</trkpt>
<trkpt lat="50.450399" lon="-104.555709">
<ele>557.3</ele>
<time>2026-08-27T19:03:47.799-06:00</time>
<extensions>
<gpxtpx:TrackPointExtension>
<gpxtpx:speed>5.68</gpxtpx:speed>
</gpxtpx:TrackPointExtension>
<opentracks:accuracy_horizontal>4.334</opentracks:accuracy_horizontal></extensions>
</trkpt>
<trkpt lat="50.450387" lon="-104.555554">
<ele>558.4</ele>
<time>2026-08-27T19:03:49.815-06:00</time>
<extensions>
<gpxtpx:TrackPointExtension>
<gpxtpx:speed>5.34</gpxtpx:speed>
</gpxtpx:TrackPointExtension>
<opentracks:accuracy_horizontal>4.503</opentracks:accuracy_horizontal></extensions>
</trkpt>
<trkpt lat="50.450391" lon="-104.555358">
<ele>558.9</ele>
<time>2026-08-27T19:03:52.81-06:00</time>
<extensions>
<gpxtpx:TrackPointExtension>
<gpxtpx:speed>4.63</gpxtpx:speed>
</gpxtpx:TrackPointExtension>
<opentracks:accuracy_horizontal>4.503</opentracks:accuracy_horizontal></extensions>
</trkpt>
<trkpt lat="50.450375" lon="-104.555154">
<ele>558.6</ele>
<time>2026-08-27T19:03:55.822-06:00</time>
<extensions>
<gpxtpx:TrackPointExtension>
<gpxtpx:speed>4.54</gpxtpx:speed>
</gpxtpx:TrackPointExtension>
<opentracks:accuracy_horizontal>4.503</opentracks:accuracy_horizontal></extensions>
</trkpt>
<trkpt lat="50.450343" lon="-104.555005">
<ele>558.1</ele>
<time>2026-08-27T19:03:57.804-06:00</time>
<extensions>
<gpxtpx:TrackPointExtension>
<gpxtpx:speed>5.13</gpxtpx:speed>
</gpxtpx:TrackPointExtension>
<opentracks:accuracy_horizontal>4.503</opentracks:accuracy_horizontal></extensions>
</trkpt>
<trkpt lat="50.450233" lon="-104.554897">
<ele>558.5</ele>
<time>2026-08-27T19:03:59.802-06:00</time>
<extensions>
<gpxtpx:TrackPointExtension>
<gpxtpx:speed>5.41</gpxtpx:speed>
</gpxtpx:TrackPointExtension>
<opentracks:accuracy_horizontal>4.383</opentracks:accuracy_horizontal></extensions>
</trkpt>
<trkpt lat="50.450112" lon="-104.554886">
<ele>559.5</ele>
<time>2026-08-27T19:04:01.803-06:00</time>
<extensions>
<gpxtpx:TrackPointExtension>
<gpxtpx:speed>5.28</gpxtpx:speed>
</gpxtpx:TrackPointExtension>
<opentracks:accuracy_horizontal>4.59</opentracks:accuracy_horizontal></extensions>
</trkpt>
<trkpt lat="50.450004" lon="-104.554901">
<ele>559.7</ele>
<time>2026-08-27T19:04:03.808-06:00</time>
<extensions>
<gpxtpx:TrackPointExtension>
<gpxtpx:speed>4.92</gpxtpx:speed>
</gpxtpx:TrackPointExtension>
<opentracks:accuracy_horizontal>4.502</opentracks:accuracy_horizontal></extensions>
</trkpt>
<trkpt lat="50.449906" lon="-104.554901">
<ele>559.6</ele>
<time>2026-08-27T19:04:05.811-06:00</time>
<extensions>
<gpxtpx:TrackPointExtension>
<gpxtpx:speed>5.13</gpxtpx:speed>
</gpxtpx:TrackPointExtension>
<opentracks:accuracy_horizontal>4.502</opentracks:accuracy_horizontal></extensions>
</trkpt>
<trkpt lat="50.449811" lon="-104.5549">
<ele>560.4</ele>
<time>2026-08-27T19:04:07.774-06:00</time>
<extensions>
<gpxtpx:TrackPointExtension>
<gpxtpx:speed>5.1</gpxtpx:speed>
</gpxtpx:TrackPointExtension>
<opentracks:accuracy_horizontal>4.502</opentracks:accuracy_horizontal></extensions>
</trkpt>
<trkpt lat="50.449672" lon="-104.554887">
<ele>560.3</ele>
<time>2026-08-27T19:04:10.791-06:00</time>
<extensions>
<gpxtpx:TrackPointExtension>
<gpxtpx:speed>5.18</gpxtpx:speed>
</gpxtpx:TrackPointExtension>
<opentracks:accuracy_horizontal>4.501</opentracks:accuracy_horizontal></extensions>
</trkpt>
<trkpt lat="50.449578" lon="-104.554902">
<ele>560.3</ele>
<time>2026-08-27T19:04:12.797-06:00</time>
<extensions>
<gpxtpx:TrackPointExtension>
<gpxtpx:speed>5.62</gpxtpx:speed>
</gpxtpx:TrackPointExtension>
<opentracks:accuracy_horizontal>4.529</opentracks:accuracy_horizontal></extensions>
</trkpt>
<trkpt lat="50.449475" lon="-104.554914">
<ele>560.2</ele>
<time>2026-08-27T19:04:14.811-06:00</time>
<extensions>
<gpxtpx:TrackPointExtension>
<gpxtpx:speed>5.63</gpxtpx:speed>
</gpxtpx:TrackPointExtension>
<opentracks:accuracy_horizontal>4.513</opentracks:accuracy_horizontal></extensions>
</trkpt>
<trkpt lat="50.449361" lon="-104.554915">
<ele>560.4</ele>
<time>2026-08-27T19:04:16.792-06:00</time>
<extensions>
<gpxtpx:TrackPointExtension>
<gpxtpx:speed>5.34</gpxtpx:speed>
</gpxtpx:TrackPointExtension>
<opentracks:accuracy_horizontal>4.501</opentracks:accuracy_horizontal></extensions>
</trkpt>
<trkpt lat="50.449253" lon="-104.554909">
<ele>560</ele>
<time>2026-08-27T19:04:18.799-06:00</time>
<extensions>
<gpxtpx:TrackPointExtension>
<gpxtpx:speed>5.42</gpxtpx:speed>
</gpxtpx:TrackPointExtension>
<opentracks:accuracy_horizontal>4.5</opentracks:accuracy_horizontal></extensions>
</trkpt>
<trkpt lat="50.449155" lon="-104.554893">
<ele>559.9</ele>
<time>2026-08-27T19:04:20.794-06:00</time>
<extensions>
<gpxtpx:TrackPointExtension>
<gpxtpx:speed>5.65</gpxtpx:speed>
</gpxtpx:TrackPointExtension>
<opentracks:accuracy_horizontal>4.5</opentracks:accuracy_horizontal></extensions>
</trkpt>
<trkpt lat="50.449055" lon="-104.554894">
<ele>560.5</ele>
<time>2026-08-27T19:04:22.794-06:00</time>
<extensions>
<gpxtpx:TrackPointExtension>
<gpxtpx:speed>5.76</gpxtpx:speed>
</gpxtpx:TrackPointExtension>
<opentracks:accuracy_horizontal>4.5</opentracks:accuracy_horizontal></extensions>
</trkpt>
<trkpt lat="50.448952" lon="-104.554902">
<ele>560.4</ele>
<time>2026-08-27T19:04:24.778-06:00</time>
<extensions>
<gpxtpx:TrackPointExtension>
<gpxtpx:speed>5.34</gpxtpx:speed>
</gpxtpx:TrackPointExtension>
<opentracks:accuracy_horizontal>4.5</opentracks:accuracy_horizontal></extensions>
</trkpt>
<trkpt lat="50.448865" lon="-104.554833">
<ele>560</ele>
<time>2026-08-27T19:04:26.816-06:00</time>
<extensions>
<gpxtpx:TrackPointExtension>
<gpxtpx:speed>5.89</gpxtpx:speed>
</gpxtpx:TrackPointExtension>
<opentracks:accuracy_horizontal>4.5</opentracks:accuracy_horizontal></extensions>
</trkpt>
<trkpt lat="50.448799" lon="-104.554672">
<ele>560.1</ele>
<time>2026-08-27T19:04:28.809-06:00</time>
<extensions>
<gpxtpx:TrackPointExtension>
<gpxtpx:speed>7.08</gpxtpx:speed>
</gpxtpx:TrackPointExtension>
<opentracks:accuracy_horizontal>4.499</opentracks:accuracy_horizontal></extensions>
</trkpt>
<trkpt lat="50.448782" lon="-104.554465">
<ele>559.6</ele>
<time>2026-08-27T19:04:30.804-06:00</time>
<extensions>
<gpxtpx:TrackPointExtension>
<gpxtpx:speed>6.58</gpxtpx:speed>
</gpxtpx:TrackPointExtension>
<opentracks:accuracy_horizontal>4.499</opentracks:accuracy_horizontal></extensions>
</trkpt>
<trkpt lat="50.448783" lon="-104.554281">
<ele>560.6</ele>
<time>2026-08-27T19:04:32.804-06:00</time>
<extensions>
<gpxtpx:TrackPointExtension>
<gpxtpx:speed>6.81</gpxtpx:speed>
</gpxtpx:TrackPointExtension>
<opentracks:accuracy_horizontal>4.499</opentracks:accuracy_horizontal></extensions>
</trkpt>
<trkpt lat="50.448803" lon="-104.554086">
<ele>560.1</ele>
<time>2026-08-27T19:04:34.804-06:00</time>
<extensions>
<gpxtpx:TrackPointExtension>
<gpxtpx:speed>6.91</gpxtpx:speed>
</gpxtpx:TrackPointExtension>
<opentracks:accuracy_horizontal>4.499</opentracks:accuracy_horizontal></extensions>
</trkpt>
<trkpt lat="50.448822" lon="-104.553901">
<ele>560.2</ele>
<time>2026-08-27T19:04:36.797-06:00</time>
<extensions>
<gpxtpx:TrackPointExtension>
<gpxtpx:speed>6.47</gpxtpx:speed>
</gpxtpx:TrackPointExtension>
<opentracks:accuracy_horizontal>4.517</opentracks:accuracy_horizontal></extensions>
</trkpt>
<trkpt lat="50.448827" lon="-104.553734">
<ele>560.2</ele>
<time>2026-08-27T19:04:38.785-06:00</time>
<extensions>
<gpxtpx:TrackPointExtension>
<gpxtpx:speed>6.21</gpxtpx:speed>
</gpxtpx:TrackPointExtension>
<opentracks:accuracy_horizontal>4.833</opentracks:accuracy_horizontal></extensions>
</trkpt>
<trkpt lat="50.44884" lon="-104.55357">
<ele>560.2</ele>
<time>2026-08-27T19:04:40.815-06:00</time>
<extensions>
<gpxtpx:TrackPointExtension>
<gpxtpx:speed>6.09</gpxtpx:speed>
</gpxtpx:TrackPointExtension>
<opentracks:accuracy_horizontal>4.79</opentracks:accuracy_horizontal></extensions>
</trkpt>
<trkpt lat="50.448844" lon="-104.553396">
<ele>559.4</ele>
<time>2026-08-27T19:04:42.803-06:00</time>
<extensions>
<gpxtpx:TrackPointExtension>
<gpxtpx:speed>5.78</gpxtpx:speed>
</gpxtpx:TrackPointExtension>
<opentracks:accuracy_horizontal>4.544</opentracks:accuracy_horizontal></extensions>
</trkpt>
<trkpt lat="50.448841" lon="-104.553234">
<ele>558.6</ele>
<time>2026-08-27T19:04:44.803-06:00</time>
<extensions>
<gpxtpx:TrackPointExtension>
<gpxtpx:speed>5.73</gpxtpx:speed>
</gpxtpx:TrackPointExtension>
<opentracks:accuracy_horizontal>4.498</opentracks:accuracy_horizontal></extensions>
</trkpt>
<trkpt lat="50.448838" lon="-104.55306">
<ele>558.4</ele>
<time>2026-08-27T19:04:46.81-06:00</time>
<extensions>
<gpxtpx:TrackPointExtension>
<gpxtpx:speed>5.42</gpxtpx:speed>
</gpxtpx:TrackPointExtension>
<opentracks:accuracy_horizontal>4.497</opentracks:accuracy_horizontal></extensions>
</trkpt>
<trkpt lat="50.448821" lon="-104.552887">
<ele>557.6</ele>
<time>2026-08-27T19:04:48.802-06:00</time>
<extensions>
<gpxtpx:TrackPointExtension>
<gpxtpx:speed>5.69</gpxtpx:speed>
</gpxtpx:TrackPointExtension>
<opentracks:accuracy_horizontal>4.497</opentracks:accuracy_horizontal></extensions>
</trkpt>
<trkpt lat="50.448819" lon="-104.552728">
<ele>556</ele>
<time>2026-08-27T19:04:50.81-06:00</time>
<extensions>
<gpxtpx:TrackPointExtension>
<gpxtpx:speed>5.74</gpxtpx:speed>
</gpxtpx:TrackPointExtension>
<opentracks:accuracy_horizontal>4.642</opentracks:accuracy_horizontal></extensions>
</trkpt>
<trkpt lat="50.448831" lon="-104.552551">
<ele>556.5</ele>
<time>2026-08-27T19:04:52.81-06:00</time>
<extensions>
<gpxtpx:TrackPointExtension>
<gpxtpx:speed>6.04</gpxtpx:speed>
</gpxtpx:TrackPointExtension>
<opentracks:accuracy_horizontal>4.539</opentracks:accuracy_horizontal></extensions>
</trkpt>
<trkpt lat="50.448834" lon="-104.552369">
<ele>556.8</ele>
<time>2026-08-27T19:04:54.796-06:00</time>
<extensions>
<gpxtpx:TrackPointExtension>
<gpxtpx:speed>6.2</gpxtpx:speed>
</gpxtpx:TrackPointExtension>
<opentracks:accuracy_horizontal>4.496</opentracks:accuracy_horizontal></extensions>
</trkpt>
<trkpt lat="50.448836" lon="-104.55219">
<ele>556.3</ele>
<time>2026-08-27T19:04:56.782-06:00</time>
<extensions>
<gpxtpx:TrackPointExtension>
<gpxtpx:speed>5.85</gpxtpx:speed>
</gpxtpx:TrackPointExtension>
<opentracks:accuracy_horizontal>4.496</opentracks:accuracy_horizontal></extensions>
</trkpt>
<trkpt lat="50.448846" lon="-104.55201">
<ele>556.3</ele>
<time>2026-08-27T19:04:58.799-06:00</time>
<extensions>
<gpxtpx:TrackPointExtension>
<gpxtpx:speed>6.08</gpxtpx:speed>
</gpxtpx:TrackPointExtension>
<opentracks:accuracy_horizontal>4.408</opentracks:accuracy_horizontal></extensions>
</trkpt>
<trkpt lat="50.448852" lon="-104.551837">
<ele>556.5</ele>
<time>2026-08-27T19:05:00.813-06:00</time>
<extensions>
<gpxtpx:TrackPointExtension>
<gpxtpx:speed>6.04</gpxtpx:speed>
</gpxtpx:TrackPointExtension>
<opentracks:accuracy_horizontal>4.496</opentracks:accuracy_horizontal></extensions>
</trkpt>
<trkpt lat="50.448841" lon="-104.551646">
<ele>556.9</ele>
<time>2026-08-27T19:05:02.801-06:00</time>
<extensions>
<gpxtpx:TrackPointExtension>
<gpxtpx:speed>6.52</gpxtpx:speed>
</gpxtpx:TrackPointExtension>
<opentracks:accuracy_horizontal>4.496</opentracks:accuracy_horizontal></extensions>
</trkpt>
<trkpt lat="50.448845" lon="-104.551456">
<ele>557</ele>
<time>2026-08-27T19:05:04.789-06:00</time>
<extensions>
<gpxtpx:TrackPointExtension>
<gpxtpx:speed>6.44</gpxtpx:speed>
</gpxtpx:TrackPointExtension>
<opentracks:accuracy_horizontal>4.495</opentracks:accuracy_horizontal></extensions>
</trkpt>
<trkpt lat="50.448856" lon="-104.551283">
<ele>556.6</ele>
<time>2026-08-27T19:05:06.812-06:00</time>
<extensions>
<gpxtpx:TrackPointExtension>
<gpxtpx:speed>5.91</gpxtpx:speed>
</gpxtpx:TrackPointExtension>
<opentracks:accuracy_horizontal>4.495</opentracks:accuracy_horizontal></extensions>
</trkpt>
<trkpt lat="50.448853" lon="-104.551114">
<ele>556.7</ele>
<time>2026-08-27T19:05:08.801-06:00</time>
<extensions>
<gpxtpx:TrackPointExtension>
<gpxtpx:speed>5.81</gpxtpx:speed>
</gpxtpx:TrackPointExtension>
<opentracks:accuracy_horizontal>4.557</opentracks:accuracy_horizontal></extensions>
</trkpt>
<trkpt lat="50.448831" lon="-104.550933">
<ele>558.1</ele>
<time>2026-08-27T19:05:10.8-06:00</time>
<extensions>
<gpxtpx:TrackPointExtension>
<gpxtpx:speed>6.2</gpxtpx:speed>
</gpxtpx:TrackPointExtension>
<opentracks:accuracy_horizontal>4.524</opentracks:accuracy_horizontal></extensions>
</trkpt>
<trkpt lat="50.448833" lon="-104.550744">
<ele>558.2</ele>
<time>2026-08-27T19:05:12.8-06:00</time>
<extensions>
<gpxtpx:TrackPointExtension>
<gpxtpx:speed>6.3</gpxtpx:speed>
</gpxtpx:TrackPointExtension>
<opentracks:accuracy_horizontal>4.494</opentracks:accuracy_horizontal></extensions>
</trkpt>
<trkpt lat="50.448849" lon="-104.550562">
<ele>558.8</ele>
<time>2026-08-27T19:05:14.823-06:00</time>
<extensions>
<gpxtpx:TrackPointExtension>
<gpxtpx:speed>5.9</gpxtpx:speed>
</gpxtpx:TrackPointExtension>
<opentracks:accuracy_horizontal>4.494</opentracks:accuracy_horizontal></extensions>
</trkpt>
<trkpt lat="50.448843" lon="-104.550387">
<ele>558.5</ele>
<time>2026-08-27T19:05:16.8-06:00</time>
<extensions>
<gpxtpx:TrackPointExtension>
<gpxtpx:speed>5.99</gpxtpx:speed>
</gpxtpx:TrackPointExtension>
<opentracks:accuracy_horizontal>4.494</opentracks:accuracy_horizontal></extensions>
</trkpt>
<trkpt lat="50.448828" lon="-104.55022">
<ele>558.5</ele>
<time>2026-08-27T19:05:18.793-06:00</time>
<extensions>
<gpxtpx:TrackPointExtension>
<gpxtpx:speed>5.79</gpxtpx:speed>
</gpxtpx:TrackPointExtension>
<opentracks:accuracy_horizontal>4.31</opentracks:accuracy_horizontal></extensions>
</trkpt>
<trkpt lat="50.448847" lon="-104.550073">
<ele>558.4</ele>
<time>2026-08-27T19:05:20.8-06:00</time>
<extensions>
<gpxtpx:TrackPointExtension>
<gpxtpx:speed>5.28</gpxtpx:speed>
</gpxtpx:TrackPointExtension>
<opentracks:accuracy_horizontal>4.493</opentracks:accuracy_horizontal></extensions>
</trkpt>
<trkpt lat="50.448922" lon="-104.549987">
<ele>556.8</ele>
<time>2026-08-27T19:05:22.822-06:00</time>
<extensions>
<gpxtpx:TrackPointExtension>
<gpxtpx:speed>5.39</gpxtpx:speed>
</gpxtpx:TrackPointExtension>
<opentracks:accuracy_horizontal>4.587</opentracks:accuracy_horizontal></extensions>
</trkpt>
<trkpt lat="50.449051" lon="-104.549982">
<ele>557.1</ele>
<time>2026-08-27T19:05:24.808-06:00</time>
<extensions>
<gpxtpx:TrackPointExtension>
<gpxtpx:speed>6.12</gpxtpx:speed>
</gpxtpx:TrackPointExtension>
<opentracks:accuracy_horizontal>4.546</opentracks:accuracy_horizontal></extensions>
</trkpt>
<trkpt lat="50.449186" lon="-104.550024">
<ele>557.6</ele>
<time>2026-08-27T19:05:26.795-06:00</time>
<extensions>
<gpxtpx:TrackPointExtension>
<gpxtpx:speed>5.88</gpxtpx:speed>
</gpxtpx:TrackPointExtension>
<opentracks:accuracy_horizontal>4.508</opentracks:accuracy_horizontal></extensions>
</trkpt>
<trkpt lat="50.449294" lon="-104.550041">
<ele>558.5</ele>
<time>2026-08-27T19:05:28.807-06:00</time>
<extensions>
<gpxtpx:TrackPointExtension>
<gpxtpx:speed>5.96</gpxtpx:speed>
</gpxtpx:TrackPointExtension>
<opentracks:accuracy_horizontal>4.492</opentracks:accuracy_horizontal></extensions>
</trkpt>
<trkpt lat="50.449399" lon="-104.550055">
<ele>559.8</ele>
<time>2026-08-27T19:05:30.785-06:00</time>
<extensions>
<gpxtpx:TrackPointExtension>
<gpxtpx:speed>5.48</gpxtpx:speed>
</gpxtpx:TrackPointExtension>
<opentracks:accuracy_horizontal>4.492</opentracks:accuracy_horizontal></extensions>
</trkpt>
<trkpt lat="50.449496" lon="-104.550061">
<ele>560.7</ele>
<time>2026-08-27T19:05:32.79-06:00</time>
<extensions>
<gpxtpx:TrackPointExtension>
<gpxtpx:speed>5.26</gpxtpx:speed>
</gpxtpx:TrackPointExtension>
<opentracks:accuracy_horizontal>4.492</opentracks:accuracy_horizontal></extensions>
</trkpt>
<trkpt lat="50.449588" lon="-104.550069">
<ele>561.5</ele>
<time>2026-08-27T19:05:34.804-06:00</time>
<extensions>
<gpxtpx:TrackPointExtension>
<gpxtpx:speed>5.22</gpxtpx:speed>
</gpxtpx:TrackPointExtension>
<opentracks:accuracy_horizontal>4.492</opentracks:accuracy_horizontal></extensions>
</trkpt>
<trkpt lat="50.44969" lon="-104.550072">
<ele>562</ele>
<time>2026-08-27T19:05:36.796-06:00</time>
<extensions>
<gpxtpx:TrackPointExtension>
<gpxtpx:speed>5.28</gpxtpx:speed>
</gpxtpx:TrackPointExtension>
<opentracks:accuracy_horizontal>4.551</opentracks:accuracy_horizontal></extensions>
</trkpt>
<trkpt lat="50.449794" lon="-104.550075">
<ele>562.4</ele>
<time>2026-08-27T19:05:38.814-06:00</time>
<extensions>
<gpxtpx:TrackPointExtension>
<gpxtpx:speed>5.59</gpxtpx:speed>
</gpxtpx:TrackPointExtension>
<opentracks:accuracy_horizontal>4.491</opentracks:accuracy_horizontal></extensions>
</trkpt>
<trkpt lat="50.4499" lon="-104.550078">
<ele>562.4</ele>
<time>2026-08-27T19:05:40.813-06:00</time>
<extensions>
<gpxtpx:TrackPointExtension>
<gpxtpx:speed>5.64</gpxtpx:speed>
</gpxtpx:TrackPointExtension>
<opentracks:accuracy_horizontal>4.515</opentracks:accuracy_horizontal></extensions>
</trkpt>
<trkpt lat="50.449996" lon="-104.550085">
<ele>562.5</ele>
<time>2026-08-27T19:05:42.812-06:00</time>
<extensions>
<gpxtpx:TrackPointExtension>
<gpxtpx:speed>4.99</gpxtpx:speed>
</gpxtpx:TrackPointExtension>
<opentracks:accuracy_horizontal>4.566</opentracks:accuracy_horizontal></extensions>
</trkpt>
<trkpt lat="50.450119" lon="-104.550075">
<ele>561.4</ele>
<time>2026-08-27T19:05:45.822-06:00</time>
<extensions>
<gpxtpx:TrackPointExtension>
<gpxtpx:speed>4.48</gpxtpx:speed>
</gpxtpx:TrackPointExtension>
<opentracks:accuracy_horizontal>4.49</opentracks:accuracy_horizontal></extensions>
</trkpt>
<trkpt lat="50.450222" lon="-104.55008">
<ele>561.2</ele>
<time>2026-08-27T19:05:48.807-06:00</time>
<extensions>
<gpxtpx:TrackPointExtension>
<gpxtpx:speed>3.24</gpxtpx:speed>
</gpxtpx:TrackPointExtension>
<opentracks:accuracy_horizontal>4.713</opentracks:accuracy_horizontal></extensions>
</trkpt>
<trkpt lat="50.450312" lon="-104.550056">
<ele>561.3</ele>
<time>2026-08-27T19:05:51.805-06:00</time>
<extensions>
<gpxtpx:TrackPointExtension>
<gpxtpx:speed>3.37</gpxtpx:speed>
</gpxtpx:TrackPointExtension>
<opentracks:accuracy_horizontal>4.981</opentracks:accuracy_horizontal></extensions>
</trkpt>
<trkpt lat="50.450397" lon="-104.549946">
<ele>562.2</ele>
<time>2026-08-27T19:05:53.815-06:00</time>
<extensions>
<gpxtpx:TrackPointExtension>
<gpxtpx:speed>3.93</gpxtpx:speed>
</gpxtpx:TrackPointExtension>
<opentracks:accuracy_horizontal>4.927</opentracks:accuracy_horizontal></extensions>
</trkpt>
<trkpt lat="50.450417" lon="-104.549792">
<ele>561.5</ele>
<time>2026-08-27T19:05:55.809-06:00</time>
<extensions>
<gpxtpx:TrackPointExtension>
<gpxtpx:speed>3.06</gpxtpx:speed>
</gpxtpx:TrackPointExtension>
<opentracks:accuracy_horizontal>4.489</opentracks:accuracy_horizontal></extensions>
</trkpt>
<trkpt lat="50.450461" lon="-104.54996">
<ele>559.7</ele>
<time>2026-08-27T19:06:02.79-06:00</time>
<extensions>
<gpxtpx:TrackPointExtension>
<gpxtpx:speed>3.92</gpxtpx:speed>
</gpxtpx:TrackPointExtension>
<opentracks:accuracy_horizontal>4.488</opentracks:accuracy_horizontal></extensions>
</trkpt>
<trkpt lat="50.450542" lon="-104.550091">
<ele>561.4</ele>
<time>2026-08-27T19:06:05.812-06:00</time>
<extensions>
<gpxtpx:TrackPointExtension>
<gpxtpx:speed>4.34</gpxtpx:speed>
</gpxtpx:TrackPointExtension>
<opentracks:accuracy_horizontal>4.488</opentracks:accuracy_horizontal></extensions>
</trkpt>
<trkpt lat="50.450633" lon="-104.550105">
<ele>561.2</ele>
<time>2026-08-27T19:06:07.805-06:00</time>
<extensions>
<gpxtpx:TrackPointExtension>
<gpxtpx:speed>4.76</gpxtpx:speed>
</gpxtpx:TrackPointExtension>
<opentracks:accuracy_horizontal>4.487</opentracks:accuracy_horizontal></extensions>
</trkpt>
<trkpt lat="50.450726" lon="-104.550092">
<ele>561.6</ele>
<time>2026-08-27T19:06:09.801-06:00</time>
<extensions>
<gpxtpx:TrackPointExtension>
<gpxtpx:speed>4.57</gpxtpx:speed>
</gpxtpx:TrackPointExtension>
<opentracks:accuracy_horizontal>4.487</opentracks:accuracy_horizontal></extensions>
</trkpt>
<trkpt lat="50.450848" lon="-104.550075">
<ele>561.6</ele>
<time>2026-08-27T19:06:12.809-06:00</time>
<extensions>
<gpxtpx:TrackPointExtension>
<gpxtpx:speed>4.6</gpxtpx:speed>
</gpxtpx:TrackPointExtension>
<opentracks:accuracy_horizontal>4.487</opentracks:accuracy_horizontal></extensions>
</trkpt>
<trkpt lat="50.450938" lon="-104.550066">
<ele>561.3</ele>
<time>2026-08-27T19:06:14.818-06:00</time>
<extensions>
<gpxtpx:TrackPointExtension>
<gpxtpx:speed>5.15</gpxtpx:speed>
</gpxtpx:TrackPointExtension>
<opentracks:accuracy_horizontal>4.486</opentracks:accuracy_horizontal></extensions>
</trkpt>
<trkpt lat="50.451039" lon="-104.550059">
<ele>561.5</ele>
<time>2026-08-27T19:06:16.81-06:00</time>
<extensions>
<gpxtpx:TrackPointExtension>
<gpxtpx:speed>5.02</gpxtpx:speed>
</gpxtpx:TrackPointExtension>
<opentracks:accuracy_horizontal>4.554</opentracks:accuracy_horizontal></extensions>
</trkpt>
<trkpt lat="50.451133" lon="-104.550059">
<ele>561.4</ele>
<time>2026-08-27T19:06:18.811-06:00</time>
<extensions>
<gpxtpx:TrackPointExtension>
<gpxtpx:speed>4.99</gpxtpx:speed>
</gpxtpx:TrackPointExtension>
<opentracks:accuracy_horizontal>4.486</opentracks:accuracy_horizontal></extensions>
</trkpt>
<trkpt lat="50.451223" lon="-104.550061">
<ele>560.9</ele>
<time>2026-08-27T19:06:20.805-06:00</time>
<extensions>
<gpxtpx:TrackPointExtension>
<gpxtpx:speed>5.05</gpxtpx:speed>
</gpxtpx:TrackPointExtension>
<opentracks:accuracy_horizontal>4.486</opentracks:accuracy_horizontal></extensions>
</trkpt>
<trkpt lat="50.451317" lon="-104.550047">
<ele>561.1</ele>
<time>2026-08-27T19:06:22.799-06:00</time>
<extensions>
<gpxtpx:TrackPointExtension>
<gpxtpx:speed>4.76</gpxtpx:speed>
</gpxtpx:TrackPointExtension>
<opentracks:accuracy_horizontal>4.485</opentracks:accuracy_horizontal></extensions>
</trkpt>
<trkpt lat="50.451442" lon="-104.550024">
<ele>560.5</ele>
<time>2026-08-27T19:06:25.796-06:00</time>
<extensions>
<gpxtpx:TrackPointExtension>
<gpxtpx:speed>4.24</gpxtpx:speed>
</gpxtpx:TrackPointExtension>
<opentracks:accuracy_horizontal>4.485</opentracks:accuracy_horizontal></extensions>
</trkpt>
<trkpt lat="50.451557" lon="-104.550057">
<ele>560.4</ele>
<time>2026-08-27T19:06:28.807-06:00</time>
<extensions>
<gpxtpx:TrackPointExtension>
<gpxtpx:speed>4.2</gpxtpx:speed>
</gpxtpx:TrackPointExtension>
<opentracks:accuracy_horizontal>4.605</opentracks:accuracy_horizontal></extensions>
</trkpt>
<trkpt lat="50.451667" lon="-104.550074">
<ele>561</ele>
<time>2026-08-27T19:06:31.805-06:00</time>
<extensions>
<gpxtpx:TrackPointExtension>
<gpxtpx:speed>3.8</gpxtpx:speed>
</gpxtpx:TrackPointExtension>
<opentracks:accuracy_horizontal>4.52</opentracks:accuracy_horizontal></extensions>
</trkpt>
<trkpt lat="50.45177" lon="-104.550061">
<ele>562</ele>
<time>2026-08-27T19:06:34.807-06:00</time>
<extensions>
<gpxtpx:TrackPointExtension>
<gpxtpx:speed>3.21</gpxtpx:speed>
</gpxtpx:TrackPointExtension>
<opentracks:accuracy_horizontal>4.484</opentracks:accuracy_horizontal></extensions>
</trkpt>
<trkpt lat="50.451875" lon="-104.549993">
<ele>562.6</ele>
<time>2026-08-27T19:06:38.799-06:00</time>
<extensions>
<gpxtpx:TrackPointExtension>
<gpxtpx:speed>3.15</gpxtpx:speed>
</gpxtpx:TrackPointExtension>
<opentracks:accuracy_horizontal>4.483</opentracks:accuracy_horizontal></extensions>
</trkpt>
<trkpt lat="50.451897" lon="-104.549809">
<ele>562.1</ele>
<time>2026-08-27T19:06:41.787-06:00</time>
<extensions>
<gpxtpx:TrackPointExtension>
<gpxtpx:speed>3.37</gpxtpx:speed>
</gpxtpx:TrackPointExtension>
<opentracks:accuracy_horizontal>4.483</opentracks:accuracy_horizontal></extensions>
</trkpt>
<trkpt lat="50.451888" lon="-104.549648">
<ele>561.8</ele>
<time>2026-08-27T19:06:44.81-06:00</time>
<extensions>
<gpxtpx:TrackPointExtension>
<gpxtpx:speed>3.54</gpxtpx:speed>
</gpxtpx:TrackPointExtension>
<opentracks:accuracy_horizontal>4.482</opentracks:accuracy_horizontal></extensions>
</trkpt>
<trkpt lat="50.451892" lon="-104.549474">
<ele>561.5</ele>
<time>2026-08-27T19:06:47.797-06:00</time>
<extensions>
<gpxtpx:TrackPointExtension>
<gpxtpx:speed>3.34</gpxtpx:speed>
</gpxtpx:TrackPointExtension>
<opentracks:accuracy_horizontal>4.482</opentracks:accuracy_horizontal></extensions>
</trkpt>
<trkpt lat="50.451884" lon="-104.54933">
<ele>562.6</ele>
<time>2026-08-27T19:06:50.814-06:00</time>
<extensions>
<gpxtpx:TrackPointExtension>
<gpxtpx:speed>3.32</gpxtpx:speed>
</gpxtpx:TrackPointExtension>
<opentracks:accuracy_horizontal>4.481</opentracks:accuracy_horizontal></extensions>
</trkpt>
<trkpt lat="50.451891" lon="-104.549173">
<ele>561.9</ele>
<time>2026-08-27T19:06:53.804-06:00</time>
<extensions>
<gpxtpx:TrackPointExtension>
<gpxtpx:speed>3.38</gpxtpx:speed>
</gpxtpx:TrackPointExtension>
<opentracks:accuracy_horizontal>4.481</opentracks:accuracy_horizontal></extensions>
</trkpt>
<trkpt lat="50.451861" lon="-104.549018">
<ele>561.1</ele>
<time>2026-08-27T19:06:57.803-06:00</time>
<extensions>
<gpxtpx:TrackPointExtension>
<gpxtpx:speed>2.43</gpxtpx:speed>
</gpxtpx:TrackPointExtension>
<opentracks:accuracy_horizontal>4.48</opentracks:accuracy_horizontal></extensions>
</trkpt>
<trkpt lat="50.451855" lon="-104.548868">
<ele>562.2</ele>
<time>2026-08-27T19:07:02.807-06:00</time>
<extensions>
<gpxtpx:TrackPointExtension>
<gpxtpx:speed>2.28</gpxtpx:speed>
</gpxtpx:TrackPointExtension>
<opentracks:accuracy_horizontal>4.48</opentracks:accuracy_horizontal></extensions>
</trkpt>
<trkpt lat="50.451795" lon="-104.548743">
<ele>562</ele>
<time>2026-08-27T19:07:07.83-06:00</time>
<extensions>
<gpxtpx:TrackPointExtension>
<gpxtpx:speed>2.64</gpxtpx:speed>
</gpxtpx:TrackPointExtension>
<opentracks:accuracy_horizontal>4.479</opentracks:accuracy_horizontal></extensions>
</trkpt>
<trkpt lat="50.451844" lon="-104.548603">
<ele>561.3</ele>
<time>2026-08-27T19:07:10.799-06:00</time>
<extensions>
<gpxtpx:TrackPointExtension>
<gpxtpx:speed>4.79</gpxtpx:speed>
</gpxtpx:TrackPointExtension>
<opentracks:accuracy_horizontal>4.449</opentracks:accuracy_horizontal></extensions>
</trkpt>
<trkpt lat="50.45187" lon="-104.548441">
<ele>561.9</ele>
<time>2026-08-27T19:07:12.814-06:00</time>
<extensions>
<gpxtpx:TrackPointExtension>
<gpxtpx:speed>5.75</gpxtpx:speed>
</gpxtpx:TrackPointExtension>
<opentracks:accuracy_horizontal>4.478</opentracks:accuracy_horizontal></extensions>
</trkpt>
<trkpt lat="50.451868" lon="-104.548252">
<ele>561</ele>
<time>2026-08-27T19:07:14.799-06:00</time>
<extensions>
<gpxtpx:TrackPointExtension>
<gpxtpx:speed>6.35</gpxtpx:speed>
</gpxtpx:TrackPointExtension>
<opentracks:accuracy_horizontal>4.478</opentracks:accuracy_horizontal></extensions>
</trkpt>
<trkpt lat="50.451865" lon="-104.548058">
<ele>560.7</ele>
<time>2026-08-27T19:07:16.806-06:00</time>
<extensions>
<gpxtpx:TrackPointExtension>
<gpxtpx:speed>6.6</gpxtpx:speed>
</gpxtpx:TrackPointExtension>
<opentracks:accuracy_horizontal>4.477</opentracks:accuracy_horizontal></extensions>
</trkpt>
<trkpt lat="50.45186" lon="-104.547871">
<ele>560.8</ele>
<time>2026-08-27T19:07:18.814-06:00</time>
<extensions>
<gpxtpx:TrackPointExtension>
<gpxtpx:speed>6.54</gpxtpx:speed>
</gpxtpx:TrackPointExtension>
<opentracks:accuracy_horizontal>4.477</opentracks:accuracy_horizontal></extensions>
</trkpt>
<trkpt lat="50.451863" lon="-104.547686">
<ele>561.1</ele>
<time>2026-08-27T19:07:20.823-06:00</time>
<extensions>
<gpxtpx:TrackPointExtension>
<gpxtpx:speed>6.65</gpxtpx:speed>
</gpxtpx:TrackPointExtension>
<opentracks:accuracy_horizontal>4.477</opentracks:accuracy_horizontal></extensions>
</trkpt>
<trkpt lat="50.451876" lon="-104.5475">
<ele>561.6</ele>
<time>2026-08-27T19:07:22.819-06:00</time>
<extensions>
<gpxtpx:TrackPointExtension>
<gpxtpx:speed>6.64</gpxtpx:speed>
</gpxtpx:TrackPointExtension>
<opentracks:accuracy_horizontal>4.477</opentracks:accuracy_horizontal></extensions>
</trkpt>
<trkpt lat="50.451878" lon="-104.547322">
<ele>560.7</ele>
<time>2026-08-27T19:07:24.803-06:00</time>
<extensions>
<gpxtpx:TrackPointExtension>
<gpxtpx:speed>5.95</gpxtpx:speed>
</gpxtpx:TrackPointExtension>
<opentracks:accuracy_horizontal>4.476</opentracks:accuracy_horizontal></extensions>
</trkpt>
<trkpt lat="50.451875" lon="-104.547135">
<ele>560.7</ele>
<time>2026-08-27T19:07:26.816-06:00</time>
<extensions>
<gpxtpx:TrackPointExtension>
<gpxtpx:speed>6.59</gpxtpx:speed>
</gpxtpx:TrackPointExtension>
<opentracks:accuracy_horizontal>4.476</opentracks:accuracy_horizontal></extensions>
</trkpt>
<trkpt lat="50.45188" lon="-104.546939">
<ele>560.6</ele>
<time>2026-08-27T19:07:28.809-06:00</time>
<extensions>
<gpxtpx:TrackPointExtension>
<gpxtpx:speed>6.78</gpxtpx:speed>
</gpxtpx:TrackPointExtension>
<opentracks:accuracy_horizontal>4.119</opentracks:accuracy_horizontal></extensions>
</trkpt>
<trkpt lat="50.451881" lon="-104.546762">
<ele>560.7</ele>
<time>2026-08-27T19:07:30.808-06:00</time>
<extensions>
<gpxtpx:TrackPointExtension>
<gpxtpx:speed>6.07</gpxtpx:speed>
</gpxtpx:TrackPointExtension>
<opentracks:accuracy_horizontal>4.475</opentracks:accuracy_horizontal></extensions>
</trkpt>
<trkpt lat="50.451877" lon="-104.54659">
<ele>560</ele>
<time>2026-08-27T19:07:32.812-06:00</time>
<extensions>
<gpxtpx:TrackPointExtension>
<gpxtpx:speed>6.29</gpxtpx:speed>
</gpxtpx:TrackPointExtension>
<opentracks:accuracy_horizontal>4.475</opentracks:accuracy_horizontal></extensions>
</trkpt>
<trkpt lat="50.451885" lon="-104.546401">
<ele>560.3</ele>
<time>2026-08-27T19:07:34.819-06:00</time>
<extensions>
<gpxtpx:TrackPointExtension>
<gpxtpx:speed>6.86</gpxtpx:speed>
</gpxtpx:TrackPointExtension>
<opentracks:accuracy_horizontal>4.475</opentracks:accuracy_horizontal></extensions>
</trkpt>
<trkpt lat="50.451888" lon="-104.546206">
<ele>560</ele>
<time>2026-08-27T19:07:36.81-06:00</time>
<extensions>
<gpxtpx:TrackPointExtension>
<gpxtpx:speed>6.57</gpxtpx:speed>
</gpxtpx:TrackPointExtension>
<opentracks:accuracy_horizontal>4.474</opentracks:accuracy_horizontal></extensions>
</trkpt>
<trkpt lat="50.451879" lon="-104.546017">
<ele>559.7</ele>
<time>2026-08-27T19:07:38.806-06:00</time>
<extensions>
<gpxtpx:TrackPointExtension>
<gpxtpx:speed>6.65</gpxtpx:speed>
</gpxtpx:TrackPointExtension>
<opentracks:accuracy_horizontal>4.474</opentracks:accuracy_horizontal></extensions>
</trkpt>
<trkpt lat="50.451887" lon="-104.54583">
<ele>559.8</ele>
<time>2026-08-27T19:07:40.806-06:00</time>
<extensions>
<gpxtpx:TrackPointExtension>
<gpxtpx:speed>6.95</gpxtpx:speed>
</gpxtpx:TrackPointExtension>
<opentracks:accuracy_horizontal>4.069</opentracks:accuracy_horizontal></extensions>
</trkpt>
<trkpt lat="50.451905" lon="-104.545637">
<ele>560.3</ele>
<time>2026-08-27T19:07:42.812-06:00</time>
<extensions>
<gpxtpx:TrackPointExtension>
<gpxtpx:speed>6.6</gpxtpx:speed>
</gpxtpx:TrackPointExtension>
<opentracks:accuracy_horizontal>3.96</opentracks:accuracy_horizontal></extensions>
</trkpt>
<trkpt lat="50.451898" lon="-104.545437">
<ele>561.3</ele>
<time>2026-08-27T19:07:44.804-06:00</time>
<extensions>
<gpxtpx:TrackPointExtension>
<gpxtpx:speed>7.05</gpxtpx:speed>
</gpxtpx:TrackPointExtension>
<opentracks:accuracy_horizontal>3.944</opentracks:accuracy_horizontal></extensions>
</trkpt>
<trkpt lat="50.451892" lon="-104.545244">
<ele>560.3</ele>
<time>2026-08-27T19:07:46.814-06:00</time>
<extensions>
<gpxtpx:TrackPointExtension>
<gpxtpx:speed>6.44</gpxtpx:speed>
</gpxtpx:TrackPointExtension>
<opentracks:accuracy_horizontal>3.92</opentracks:accuracy_horizontal></extensions>
</trkpt>
<trkpt lat="50.451874" lon="-104.545057">
<ele>559.5</ele>
<time>2026-08-27T19:07:48.814-06:00</time>
<extensions>
<gpxtpx:TrackPointExtension>
<gpxtpx:speed>6.49</gpxtpx:speed>
</gpxtpx:TrackPointExtension>
<opentracks:accuracy_horizontal>4.039</opentracks:accuracy_horizontal></extensions>
</trkpt>
<trkpt lat="50.451865" lon="-104.544854">
<ele>560.5</ele>
<time>2026-08-27T19:07:50.807-06:00</time>
<extensions>
<gpxtpx:TrackPointExtension>
<gpxtpx:speed>6.77</gpxtpx:speed>
</gpxtpx:TrackPointExtension>
<opentracks:accuracy_horizontal>3.978</opentracks:accuracy_horizontal></extensions>
</trkpt>
<trkpt lat="50.451866" lon="-104.544666">
<ele>559.9</ele>
<time>2026-08-27T19:07:52.796-06:00</time>
<extensions>
<gpxtpx:TrackPointExtension>
<gpxtpx:speed>6.23</gpxtpx:speed>
</gpxtpx:TrackPointExtension>
<opentracks:accuracy_horizontal>4.472</opentracks:accuracy_horizontal></extensions>
</trkpt>
<trkpt lat="50.451869" lon="-104.544503">
<ele>558.6</ele>
<time>2026-08-27T19:07:54.787-06:00</time>
<extensions>
<gpxtpx:TrackPointExtension>
<gpxtpx:speed>5.59</gpxtpx:speed>
</gpxtpx:TrackPointExtension>
<opentracks:accuracy_horizontal>3.931</opentracks:accuracy_horizontal></extensions>
</trkpt>
<trkpt lat="50.451875" lon="-104.544348">
<ele>558.9</ele>
<time>2026-08-27T19:07:56.793-06:00</time>
<extensions>
<gpxtpx:TrackPointExtension>
<gpxtpx:speed>5.93</gpxtpx:speed>
</gpxtpx:TrackPointExtension>
<opentracks:accuracy_horizontal>4.003</opentracks:accuracy_horizontal></extensions>
</trkpt>
<trkpt lat="50.451876" lon="-104.544168">
<ele>559.3</ele>
<time>2026-08-27T19:07:58.81-06:00</time>
<extensions>
<gpxtpx:TrackPointExtension>
<gpxtpx:speed>6.47</gpxtpx:speed>
</gpxtpx:TrackPointExtension>
<opentracks:accuracy_horizontal>4.083</opentracks:accuracy_horizontal></extensions>
</trkpt>
<trkpt lat="50.451888" lon="-104.543971">
<ele>559.3</ele>
<time>2026-08-27T19:08:00.826-06:00</time>
<extensions>
<gpxtpx:TrackPointExtension>
<gpxtpx:speed>6.82</gpxtpx:speed>
</gpxtpx:TrackPointExtension>
<opentracks:accuracy_horizontal>4.471</opentracks:accuracy_horizontal></extensions>
</trkpt>
<trkpt lat="50.451895" lon="-104.543783">
<ele>559.4</ele>
<time>2026-08-27T19:08:02.817-06:00</time>
<extensions>
<gpxtpx:TrackPointExtension>
<gpxtpx:speed>6.41</gpxtpx:speed>
</gpxtpx:TrackPointExtension>
<opentracks:accuracy_horizontal>4.47</opentracks:accuracy_horizontal></extensions>
</trkpt>
<trkpt lat="50.451898" lon="-104.543603">
<ele>559.6</ele>
<time>2026-08-27T19:08:04.801-06:00</time>
<extensions>
<gpxtpx:TrackPointExtension>
<gpxtpx:speed>6.65</gpxtpx:speed>
</gpxtpx:TrackPointExtension>
<opentracks:accuracy_horizontal>4.47</opentracks:accuracy_horizontal></extensions>
</trkpt>
<trkpt lat="50.451902" lon="-104.543399">
<ele>560.3</ele>
<time>2026-08-27T19:08:06.804-06:00</time>
<extensions>
<gpxtpx:TrackPointExtension>
<gpxtpx:speed>7.37</gpxtpx:speed>
</gpxtpx:TrackPointExtension>
<opentracks:accuracy_horizontal>4.47</opentracks:accuracy_horizontal></extensions>
</trkpt>
<trkpt lat="50.451894" lon="-104.543174">
<ele>560.8</ele>
<time>2026-08-27T19:08:08.821-06:00</time>
<extensions>
<gpxtpx:TrackPointExtension>
<gpxtpx:speed>7.49</gpxtpx:speed>
</gpxtpx:TrackPointExtension>
<opentracks:accuracy_horizontal>4.469</opentracks:accuracy_horizontal></extensions>
</trkpt>
<trkpt lat="50.451897" lon="-104.542951">
<ele>560.8</ele>
<time>2026-08-27T19:08:10.806-06:00</time>
<extensions>
<gpxtpx:TrackPointExtension>
<gpxtpx:speed>7.14</gpxtpx:speed>
</gpxtpx:TrackPointExtension>
<opentracks:accuracy_horizontal>4.009</opentracks:accuracy_horizontal></extensions>
</trkpt>
<trkpt lat="50.451882" lon="-104.542744">
<ele>561.1</ele>
<time>2026-08-27T19:08:12.805-06:00</time>
<extensions>
<gpxtpx:TrackPointExtension>
<gpxtpx:speed>7.17</gpxtpx:speed>
</gpxtpx:TrackPointExtension>
<opentracks:accuracy_horizontal>3.923</opentracks:accuracy_horizontal></extensions>
</trkpt>
<trkpt lat="50.451868" lon="-104.542546">
<ele>560.8</ele>
<time>2026-08-27T19:08:14.82-06:00</time>
<extensions>
<gpxtpx:TrackPointExtension>
<gpxtpx:speed>6.76</gpxtpx:speed>
</gpxtpx:TrackPointExtension>
<opentracks:accuracy_horizontal>4.468</opentracks:accuracy_horizontal></extensions>
</trkpt>
<trkpt lat="50.451859" lon="-104.542361">
<ele>560.7</ele>
<time>2026-08-27T19:08:16.815-06:00</time>
<extensions>
<gpxtpx:TrackPointExtension>
<gpxtpx:speed>6.77</gpxtpx:speed>
</gpxtpx:TrackPointExtension>
<opentracks:accuracy_horizontal>3.94</opentracks:accuracy_horizontal></extensions>
</trkpt>
<trkpt lat="50.451861" lon="-104.542178">
<ele>561.2</ele>
<time>2026-08-27T19:08:18.821-06:00</time>
<extensions>
<gpxtpx:TrackPointExtension>
<gpxtpx:speed>6.47</gpxtpx:speed>
</gpxtpx:TrackPointExtension>
<opentracks:accuracy_horizontal>4.468</opentracks:accuracy_horizontal></extensions>
</trkpt>
<trkpt lat="50.451862" lon="-104.542009">
<ele>561.6</ele>
<time>2026-08-27T19:08:20.816-06:00</time>
<extensions>
<gpxtpx:TrackPointExtension>
<gpxtpx:speed>5.8</gpxtpx:speed>
</gpxtpx:TrackPointExtension>
<opentracks:accuracy_horizontal>4.467</opentracks:accuracy_horizontal></extensions>
</trkpt>
<trkpt lat="50.451878" lon="-104.541846">
<ele>561.6</ele>
<time>2026-08-27T19:08:22.806-06:00</time>
<extensions>
<gpxtpx:TrackPointExtension>
<gpxtpx:speed>5.61</gpxtpx:speed>
</gpxtpx:TrackPointExtension>
<opentracks:accuracy_horizontal>4.118</opentracks:accuracy_horizontal></extensions>
</trkpt>
<trkpt lat="50.451894" lon="-104.541685">
<ele>561.9</ele>
<time>2026-08-27T19:08:24.81-06:00</time>
<extensions>
<gpxtpx:TrackPointExtension>
<gpxtpx:speed>5.56</gpxtpx:speed>
</gpxtpx:TrackPointExtension>
<opentracks:accuracy_horizontal>4.126</opentracks:accuracy_horizontal></extensions>
</trkpt>
<trkpt lat="50.451896" lon="-104.541525">
<ele>561.9</ele>
<time>2026-08-27T19:08:26.794-06:00</time>
<extensions>
<gpxtpx:TrackPointExtension>
<gpxtpx:speed>5.3</gpxtpx:speed>
</gpxtpx:TrackPointExtension>
<opentracks:accuracy_horizontal>4.076</opentracks:accuracy_horizontal></extensions>
</trkpt>
<trkpt lat="50.451889" lon="-104.541373">
<ele>561.4</ele>
<time>2026-08-27T19:08:28.807-06:00</time>
<extensions>
<gpxtpx:TrackPointExtension>
<gpxtpx:speed>5.3</gpxtpx:speed>
</gpxtpx:TrackPointExtension>
<opentracks:accuracy_horizontal>4.112</opentracks:accuracy_horizontal></extensions>
</trkpt>
<trkpt lat="50.451884" lon="-104.541222">
<ele>560.6</ele>
<time>2026-08-27T19:08:30.807-06:00</time>
<extensions>
<gpxtpx:TrackPointExtension>
<gpxtpx:speed>4.99</gpxtpx:speed>
</gpxtpx:TrackPointExtension>
<opentracks:accuracy_horizontal>4.086</opentracks:accuracy_horizontal></extensions>
</trkpt>
<trkpt lat="50.451889" lon="-104.541078">
<ele>560.3</ele>
<time>2026-08-27T19:08:32.799-06:00</time>
<extensions>
<gpxtpx:TrackPointExtension>
<gpxtpx:speed>5.04</gpxtpx:speed>
</gpxtpx:TrackPointExtension>
<opentracks:accuracy_horizontal>3.976</opentracks:accuracy_horizontal></extensions>
</trkpt>
<trkpt lat="50.451889" lon="-104.540929">
<ele>560.2</ele>
<time>2026-08-27T19:08:34.818-06:00</time>
<extensions>
<gpxtpx:TrackPointExtension>
<gpxtpx:speed>5</gpxtpx:speed>
</gpxtpx:TrackPointExtension>
<opentracks:accuracy_horizontal>3.936</opentracks:accuracy_horizontal></extensions>
</trkpt>
<trkpt lat="50.45189" lon="-104.540774">
<ele>559.9</ele>
<time>2026-08-27T19:08:36.811-06:00</time>
<extensions>
<gpxtpx:TrackPointExtension>
<gpxtpx:speed>5.4</gpxtpx:speed>
</gpxtpx:TrackPointExtension>
<opentracks:accuracy_horizontal>4.465</opentracks:accuracy_horizontal></extensions>
</trkpt>
<trkpt lat="50.451898" lon="-104.540617">
<ele>560.4</ele>
<time>2026-08-27T19:08:38.806-06:00</time>
<extensions>
<gpxtpx:TrackPointExtension>
<gpxtpx:speed>5.48</gpxtpx:speed>
</gpxtpx:TrackPointExtension>
<opentracks:accuracy_horizontal>4.017</opentracks:accuracy_horizontal></extensions>
</trkpt>
<trkpt lat="50.451895" lon="-104.540465">
<ele>561.1</ele>
<time>2026-08-27T19:08:40.818-06:00</time>
<extensions>
<gpxtpx:TrackPointExtension>
<gpxtpx:speed>5.28</gpxtpx:speed>
</gpxtpx:TrackPointExtension>
<opentracks:accuracy_horizontal>4.125</opentracks:accuracy_horizontal></extensions>
</trkpt>
<trkpt lat="50.451891" lon="-104.540253">
<ele>561.4</ele>
<time>2026-08-27T19:08:43.816-06:00</time>
<extensions>
<gpxtpx:TrackPointExtension>
<gpxtpx:speed>4.52</gpxtpx:speed>
</gpxtpx:TrackPointExtension>
<opentracks:accuracy_horizontal>4.182</opentracks:accuracy_horizontal></extensions>
</trkpt>
<trkpt lat="50.451883" lon="-104.540061">
<ele>560.3</ele>
<time>2026-08-27T19:08:46.811-06:00</time>
<extensions>
<gpxtpx:TrackPointExtension>
<gpxtpx:speed>4.92</gpxtpx:speed>
</gpxtpx:TrackPointExtension>
<opentracks:accuracy_horizontal>4.041</opentracks:accuracy_horizontal></extensions>
</trkpt>
<trkpt lat="50.451863" lon="-104.539874">
<ele>561.7</ele>
<time>2026-08-27T19:08:49.81-06:00</time>
<extensions>
<gpxtpx:TrackPointExtension>
<gpxtpx:speed>4.19</gpxtpx:speed>
</gpxtpx:TrackPointExtension>
<opentracks:accuracy_horizontal>4.269</opentracks:accuracy_horizontal></extensions>
</trkpt>
<trkpt lat="50.451875" lon="-104.539692">
<ele>561.5</ele>
<time>2026-08-27T19:08:52.813-06:00</time>
<extensions>
<gpxtpx:TrackPointExtension>
<gpxtpx:speed>3.78</gpxtpx:speed>
</gpxtpx:TrackPointExtension>
<opentracks:accuracy_horizontal>4.165</opentracks:accuracy_horizontal></extensions>
</trkpt>
<trkpt lat="50.451864" lon="-104.539527">
<ele>560.9</ele>
<time>2026-08-27T19:08:55.809-06:00</time>
<extensions>
<gpxtpx:TrackPointExtension>
<gpxtpx:speed>3.42</gpxtpx:speed>
</gpxtpx:TrackPointExtension>
<opentracks:accuracy_horizontal>4.016</opentracks:accuracy_horizontal></extensions>
</trkpt>
<trkpt lat="50.451788" lon="-104.5394">
<ele>561.6</ele>
<time>2026-08-27T19:08:58.811-06:00</time>
<extensions>
<gpxtpx:TrackPointExtension>
<gpxtpx:speed>3.51</gpxtpx:speed>
</gpxtpx:TrackPointExtension>
<opentracks:accuracy_horizontal>4.048</opentracks:accuracy_horizontal></extensions>
</trkpt>
<trkpt lat="50.451673" lon="-104.539367">
<ele>561.8</ele>
<time>2026-08-27T19:09:01.812-06:00</time>
<extensions>
<gpxtpx:TrackPointExtension>
<gpxtpx:speed>3.75</gpxtpx:speed>
</gpxtpx:TrackPointExtension>
<opentracks:accuracy_horizontal>4.055</opentracks:accuracy_horizontal></extensions>
</trkpt>
<trkpt lat="50.451562" lon="-104.539414">
<ele>562.4</ele>
<time>2026-08-27T19:09:04.804-06:00</time>
<extensions>
<gpxtpx:TrackPointExtension>
<gpxtpx:speed>4.13</gpxtpx:speed>
</gpxtpx:TrackPointExtension>
<opentracks:accuracy_horizontal>4.229</opentracks:accuracy_horizontal></extensions>
</trkpt>
<trkpt lat="50.451438" lon="-104.539396">
<ele>562.6</ele>
<time>2026-08-27T19:09:07.805-06:00</time>
<extensions>
<gpxtpx:TrackPointExtension>
<gpxtpx:speed>4.06</gpxtpx:speed>
</gpxtpx:TrackPointExtension>
<opentracks:accuracy_horizontal>4.14</opentracks:accuracy_horizontal></extensions>
</trkpt>
<trkpt lat="50.451313" lon="-104.5394">
<ele>563</ele>
<time>2026-08-27T19:09:10.805-06:00</time>
<extensions>
<gpxtpx:TrackPointExtension>
<gpxtpx:speed>4.35</gpxtpx:speed>
</gpxtpx:TrackPointExtension>
<opentracks:accuracy_horizontal>4.014</opentracks:accuracy_horizontal></extensions>
</trkpt>
<trkpt lat="50.451191" lon="-104.539409">
<ele>563.2</ele>
<time>2026-08-27T19:09:13.801-06:00</time>
<extensions>
<gpxtpx:TrackPointExtension>
<gpxtpx:speed>4.59</gpxtpx:speed>
</gpxtpx:TrackPointExtension>
<opentracks:accuracy_horizontal>4.014</opentracks:accuracy_horizontal></extensions>
</trkpt>
<trkpt lat="50.451099" lon="-104.539433">
<ele>563.3</ele>
<time>2026-08-27T19:09:15.779-06:00</time>
<extensions>
<gpxtpx:TrackPointExtension>
<gpxtpx:speed>5.08</gpxtpx:speed>
</gpxtpx:TrackPointExtension>
<opentracks:accuracy_horizontal>3.904</opentracks:accuracy_horizontal></extensions>
</trkpt>
<trkpt lat="50.450968" lon="-104.539431">
<ele>562</ele>
<time>2026-08-27T19:09:18.816-06:00</time>
<extensions>
<gpxtpx:TrackPointExtension>
<gpxtpx:speed>5.27</gpxtpx:speed>
</gpxtpx:TrackPointExtension>
<opentracks:accuracy_horizontal>4.372</opentracks:accuracy_horizontal></extensions>
</trkpt>
<trkpt lat="50.450858" lon="-104.539449">
<ele>561.6</ele>
<time>2026-08-27T19:09:20.792-06:00</time>
<extensions>
<gpxtpx:TrackPointExtension>
<gpxtpx:speed>5.14</gpxtpx:speed>
</gpxtpx:TrackPointExtension>
<opentracks:accuracy_horizontal>4.751</opentracks:accuracy_horizontal></extensions>
</trkpt>
<trkpt lat="50.450758" lon="-104.539458">
<ele>562.8</ele>
<time>2026-08-27T19:09:22.784-06:00</time>
<extensions>
<gpxtpx:TrackPointExtension>
<gpxtpx:speed>5.21</gpxtpx:speed>
</gpxtpx:TrackPointExtension>
<opentracks:accuracy_horizontal>4.478</opentracks:accuracy_horizontal></extensions>
</trkpt>
<trkpt lat="50.450651" lon="-104.539431">
<ele>562.3</ele>
<time>2026-08-27T19:09:24.803-06:00</time>
<extensions>
<gpxtpx:TrackPointExtension>
<gpxtpx:speed>5.84</gpxtpx:speed>
</gpxtpx:TrackPointExtension>
<opentracks:accuracy_horizontal>4.013</opentracks:accuracy_horizontal></extensions>
</trkpt>
<trkpt lat="50.450548" lon="-104.539411">
<ele>562.2</ele>
<time>2026-08-27T19:09:26.805-06:00</time>
<extensions>
<gpxtpx:TrackPointExtension>
<gpxtpx:speed>5.43</gpxtpx:speed>
</gpxtpx:TrackPointExtension>
<opentracks:accuracy_horizontal>4.013</opentracks:accuracy_horizontal></extensions>
</trkpt>
<trkpt lat="50.450446" lon="-104.5394">
<ele>562.2</ele>
<time>2026-08-27T19:09:28.813-06:00</time>
<extensions>
<gpxtpx:TrackPointExtension>
<gpxtpx:speed>5.28</gpxtpx:speed>
</gpxtpx:TrackPointExtension>
<opentracks:accuracy_horizontal>3.986</opentracks:accuracy_horizontal></extensions>
</trkpt>
<trkpt lat="50.450346" lon="-104.539386">
<ele>562.8</ele>
<time>2026-08-27T19:09:30.811-06:00</time>
<extensions>
<gpxtpx:TrackPointExtension>
<gpxtpx:speed>5.42</gpxtpx:speed>
</gpxtpx:TrackPointExtension>
<opentracks:accuracy_horizontal>4.013</opentracks:accuracy_horizontal></extensions>
</trkpt>
<trkpt lat="50.450253" lon="-104.539386">
<ele>563.8</ele>
<time>2026-08-27T19:09:32.824-06:00</time>
<extensions>
<gpxtpx:TrackPointExtension>
<gpxtpx:speed>4.93</gpxtpx:speed>
</gpxtpx:TrackPointExtension>
<opentracks:accuracy_horizontal>4.013</opentracks:accuracy_horizontal></extensions>
</trkpt>
<trkpt lat="50.450126" lon="-104.539387">
<ele>564.1</ele>
<time>2026-08-27T19:09:35.815-06:00</time>
<extensions>
<gpxtpx:TrackPointExtension>
<gpxtpx:speed>4.95</gpxtpx:speed>
</gpxtpx:TrackPointExtension>
<opentracks:accuracy_horizontal>4.012</opentracks:accuracy_horizontal></extensions>
</trkpt>
<trkpt lat="50.44999" lon="-104.539379">
<ele>563.8</ele>
<time>2026-08-27T19:09:38.808-06:00</time>
<extensions>
<gpxtpx:TrackPointExtension>
<gpxtpx:speed>5.19</gpxtpx:speed>
</gpxtpx:TrackPointExtension>
<opentracks:accuracy_horizontal>4.072</opentracks:accuracy_horizontal></extensions>
</trkpt>
<trkpt lat="50.449896" lon="-104.539365">
<ele>563.7</ele>
<time>2026-08-27T19:09:40.808-06:00</time>
<extensions>
<gpxtpx:TrackPointExtension>
<gpxtpx:speed>4.89</gpxtpx:speed>
</gpxtpx:TrackPointExtension>
<opentracks:accuracy_horizontal>4.516</opentracks:accuracy_horizontal></extensions>
</trkpt>
<trkpt lat="50.449764" lon="-104.539356">
<ele>564.9</ele>
<time>2026-08-27T19:09:43.809-06:00</time>
<extensions>
<gpxtpx:TrackPointExtension>
<gpxtpx:speed>4.8</gpxtpx:speed>
</gpxtpx:TrackPointExtension>
<opentracks:accuracy_horizontal>4.446</opentracks:accuracy_horizontal></extensions>
</trkpt>
<trkpt lat="50.449672" lon="-104.539328">
<ele>565</ele>
<time>2026-08-27T19:09:45.811-06:00</time>
<extensions>
<gpxtpx:TrackPointExtension>
<gpxtpx:speed>5.25</gpxtpx:speed>
</gpxtpx:TrackPointExtension>
<opentracks:accuracy_horizontal>4.446</opentracks:accuracy_horizontal></extensions>
</trkpt>
<trkpt lat="50.449579" lon="-104.539332">
<ele>564.3</ele>
<time>2026-08-27T19:09:47.806-06:00</time>
<extensions>
<gpxtpx:TrackPointExtension>
<gpxtpx:speed>5.16</gpxtpx:speed>
</gpxtpx:TrackPointExtension>
<opentracks:accuracy_horizontal>4.446</opentracks:accuracy_horizontal></extensions>
</trkpt>
<trkpt lat="50.44949" lon="-104.539368">
<ele>564.4</ele>
<time>2026-08-27T19:09:49.815-06:00</time>
<extensions>
<gpxtpx:TrackPointExtension>
<gpxtpx:speed>5.29</gpxtpx:speed>
</gpxtpx:TrackPointExtension>
<opentracks:accuracy_horizontal>4.445</opentracks:accuracy_horizontal></extensions>
</trkpt>
<trkpt lat="50.449399" lon="-104.539416">
<ele>563.8</ele>
<time>2026-08-27T19:09:51.818-06:00</time>
<extensions>
<gpxtpx:TrackPointExtension>
<gpxtpx:speed>5.25</gpxtpx:speed>
</gpxtpx:TrackPointExtension>
<opentracks:accuracy_horizontal>4.445</opentracks:accuracy_horizontal></extensions>
</trkpt>
<trkpt lat="50.449301" lon="-104.539457">
<ele>563.6</ele>
<time>2026-08-27T19:09:53.815-06:00</time>
<extensions>
<gpxtpx:TrackPointExtension>
<gpxtpx:speed>6.03</gpxtpx:speed>
</gpxtpx:TrackPointExtension>
<opentracks:accuracy_horizontal>4.008</opentracks:accuracy_horizontal></extensions>
</trkpt>
<trkpt lat="50.449205" lon="-104.539597">
<ele>564.1</ele>
<time>2026-08-27T19:09:55.821-06:00</time>
<extensions>
<gpxtpx:TrackPointExtension>
<gpxtpx:speed>6.76</gpxtpx:speed>
</gpxtpx:TrackPointExtension>
<opentracks:accuracy_horizontal>4.017</opentracks:accuracy_horizontal></extensions>
</trkpt>
<trkpt lat="50.449217" lon="-104.539855">
<ele>563.8</ele>
<time>2026-08-27T19:09:57.808-06:00</time>
<extensions>
<gpxtpx:TrackPointExtension>
<gpxtpx:speed>7.22</gpxtpx:speed>
</gpxtpx:TrackPointExtension>
<opentracks:accuracy_horizontal>4.139</opentracks:accuracy_horizontal></extensions>
</trkpt>
<trkpt lat="50.449232" lon="-104.54009">
<ele>562.6</ele>
<time>2026-08-27T19:09:59.787-06:00</time>
<extensions>
<gpxtpx:TrackPointExtension>
<gpxtpx:speed>7.46</gpxtpx:speed>
</gpxtpx:TrackPointExtension>
<opentracks:accuracy_horizontal>4.004</opentracks:accuracy_horizontal></extensions>
</trkpt>
<trkpt lat="50.449257" lon="-104.540291">
<ele>562.7</ele>
<time>2026-08-27T19:10:01.805-06:00</time>
<extensions>
<gpxtpx:TrackPointExtension>
<gpxtpx:speed>6.9</gpxtpx:speed>
</gpxtpx:TrackPointExtension>
<opentracks:accuracy_horizontal>4.082</opentracks:accuracy_horizontal></extensions>
</trkpt>
<trkpt lat="50.449259" lon="-104.540491">
<ele>563</ele>
<time>2026-08-27T19:10:03.802-06:00</time>
<extensions>
<gpxtpx:TrackPointExtension>
<gpxtpx:speed>7.25</gpxtpx:speed>
</gpxtpx:TrackPointExtension>
<opentracks:accuracy_horizontal>4.015</opentracks:accuracy_horizontal></extensions>
</trkpt>
<trkpt lat="50.449262" lon="-104.540698">
<ele>561.2</ele>
<time>2026-08-27T19:10:05.808-06:00</time>
<extensions>
<gpxtpx:TrackPointExtension>
<gpxtpx:speed>7.02</gpxtpx:speed>
</gpxtpx:TrackPointExtension>
<opentracks:accuracy_horizontal>4.055</opentracks:accuracy_horizontal></extensions>
</trkpt>
<trkpt lat="50.449264" lon="-104.540899">
<ele>561.1</ele>
<time>2026-08-27T19:10:07.81-06:00</time>
<extensions>
<gpxtpx:TrackPointExtension>
<gpxtpx:speed>7.43</gpxtpx:speed>
</gpxtpx:TrackPointExtension>
<opentracks:accuracy_horizontal>4.015</opentracks:accuracy_horizontal></extensions>
</trkpt>
<trkpt lat="50.449269" lon="-104.541102">
<ele>560.9</ele>
<time>2026-08-27T19:10:09.803-06:00</time>
<extensions>
<gpxtpx:TrackPointExtension>
<gpxtpx:speed>7.05</gpxtpx:speed>
</gpxtpx:TrackPointExtension>
<opentracks:accuracy_horizontal>4.015</opentracks:accuracy_horizontal></extensions>
</trkpt>
<trkpt lat="50.449267" lon="-104.541311">
<ele>561.3</ele>
<time>2026-08-27T19:10:11.804-06:00</time>
<extensions>
<gpxtpx:TrackPointExtension>
<gpxtpx:speed>7.36</gpxtpx:speed>
</gpxtpx:TrackPointExtension>
<opentracks:accuracy_horizontal>4.014</opentracks:accuracy_horizontal></extensions>
</trkpt>
<trkpt lat="50.449253" lon="-104.541521">
<ele>561.1</ele>
<time>2026-08-27T19:10:13.798-06:00</time>
<extensions>
<gpxtpx:TrackPointExtension>
<gpxtpx:speed>7.49</gpxtpx:speed>
</gpxtpx:TrackPointExtension>
<opentracks:accuracy_horizontal>4.014</opentracks:accuracy_horizontal></extensions>
</trkpt>
<trkpt lat="50.449254" lon="-104.541747">
<ele>561.2</ele>
<time>2026-08-27T19:10:15.798-06:00</time>
<extensions>
<gpxtpx:TrackPointExtension>
<gpxtpx:speed>7.66</gpxtpx:speed>
</gpxtpx:TrackPointExtension>
<opentracks:accuracy_horizontal>3.921</opentracks:accuracy_horizontal></extensions>
</trkpt>
<trkpt lat="50.44926" lon="-104.541964">
<ele>561.9</ele>
<time>2026-08-27T19:10:17.801-06:00</time>
<extensions>
<gpxtpx:TrackPointExtension>
<gpxtpx:speed>7.53</gpxtpx:speed>
</gpxtpx:TrackPointExtension>
<opentracks:accuracy_horizontal>3.899</opentracks:accuracy_horizontal></extensions>
</trkpt>
<trkpt lat="50.449256" lon="-104.542181">
<ele>561.7</ele>
<time>2026-08-27T19:10:19.788-06:00</time>
<extensions>
<gpxtpx:TrackPointExtension>
<gpxtpx:speed>7.39</gpxtpx:speed>
</gpxtpx:TrackPointExtension>
<opentracks:accuracy_horizontal>4.013</opentracks:accuracy_horizontal></extensions>
</trkpt>
<trkpt lat="50.44926" lon="-104.5424">
<ele>562.1</ele>
<time>2026-08-27T19:10:21.813-06:00</time>
<extensions>
<gpxtpx:TrackPointExtension>
<gpxtpx:speed>7.51</gpxtpx:speed>
</gpxtpx:TrackPointExtension>
<opentracks:accuracy_horizontal>3.895</opentracks:accuracy_horizontal></extensions>
</trkpt>
<trkpt lat="50.44926" lon="-104.542616">
<ele>562.3</ele>
<time>2026-08-27T19:10:23.827-06:00</time>
<extensions>
<gpxtpx:TrackPointExtension>
<gpxtpx:speed>7.62</gpxtpx:speed>
</gpxtpx:TrackPointExtension>
<opentracks:accuracy_horizontal>3.895</opentracks:accuracy_horizontal></extensions>
</trkpt>
<trkpt lat="50.449256" lon="-104.542823">
<ele>562.2</ele>
<time>2026-08-27T19:10:25.808-06:00</time>
<extensions>
<gpxtpx:TrackPointExtension>
<gpxtpx:speed>7.44</gpxtpx:speed>
</gpxtpx:TrackPointExtension>
<opentracks:accuracy_horizontal>3.895</opentracks:accuracy_horizontal></extensions>
</trkpt>
<trkpt lat="50.449254" lon="-104.543031">
<ele>562.4</ele>
<time>2026-08-27T19:10:27.809-06:00</time>
<extensions>
<gpxtpx:TrackPointExtension>
<gpxtpx:speed>7.39</gpxtpx:speed>
</gpxtpx:TrackPointExtension>
<opentracks:accuracy_horizontal>3.895</opentracks:accuracy_horizontal></extensions>
</trkpt>
<trkpt lat="50.449252" lon="-104.543236">
<ele>562.2</ele>
<time>2026-08-27T19:10:29.806-06:00</time>
<extensions>
<gpxtpx:TrackPointExtension>
<gpxtpx:speed>7.29</gpxtpx:speed>
</gpxtpx:TrackPointExtension>
<opentracks:accuracy_horizontal>3.894</opentracks:accuracy_horizontal></extensions>
</trkpt>
<trkpt lat="50.449252" lon="-104.54344">
<ele>562.4</ele>
<time>2026-08-27T19:10:31.816-06:00</time>
<extensions>
<gpxtpx:TrackPointExtension>
<gpxtpx:speed>7.24</gpxtpx:speed>
</gpxtpx:TrackPointExtension>
<opentracks:accuracy_horizontal>4.011</opentracks:accuracy_horizontal></extensions>
</trkpt>
<trkpt lat="50.449257" lon="-104.543644">
<ele>562.3</ele>
<time>2026-08-27T19:10:33.812-06:00</time>
<extensions>
<gpxtpx:TrackPointExtension>
<gpxtpx:speed>7.09</gpxtpx:speed>
</gpxtpx:TrackPointExtension>
<opentracks:accuracy_horizontal>3.926</opentracks:accuracy_horizontal></extensions>
</trkpt>
<trkpt lat="50.449255" lon="-104.543842">
<ele>561.7</ele>
<time>2026-08-27T19:10:35.817-06:00</time>
<extensions>
<gpxtpx:TrackPointExtension>
<gpxtpx:speed>6.75</gpxtpx:speed>
</gpxtpx:TrackPointExtension>
<opentracks:accuracy_horizontal>4.057</opentracks:accuracy_horizontal></extensions>
</trkpt>
<trkpt lat="50.449251" lon="-104.544021">
<ele>561.1</ele>
<time>2026-08-27T19:10:37.813-06:00</time>
<extensions>
<gpxtpx:TrackPointExtension>
<gpxtpx:speed>6.73</gpxtpx:speed>
</gpxtpx:TrackPointExtension>
<opentracks:accuracy_horizontal>4.038</opentracks:accuracy_horizontal></extensions>
</trkpt>
<trkpt lat="50.449246" lon="-104.544216">
<ele>560.9</ele>
<time>2026-08-27T19:10:39.804-06:00</time>
<extensions>
<gpxtpx:TrackPointExtension>
<gpxtpx:speed>6.88</gpxtpx:speed>
</gpxtpx:TrackPointExtension>
<opentracks:accuracy_horizontal>4.024</opentracks:accuracy_horizontal></extensions>
</trkpt>
<trkpt lat="50.449252" lon="-104.544423">
<ele>560.7</ele>
<time>2026-08-27T19:10:41.813-06:00</time>
<extensions>
<gpxtpx:TrackPointExtension>
<gpxtpx:speed>6.73</gpxtpx:speed>
</gpxtpx:TrackPointExtension>
<opentracks:accuracy_horizontal>4.051</opentracks:accuracy_horizontal></extensions>
</trkpt>
<trkpt lat="50.44926" lon="-104.544635">
<ele>561</ele>
<time>2026-08-27T19:10:43.806-06:00</time>
<extensions>
<gpxtpx:TrackPointExtension>
<gpxtpx:speed>7.02</gpxtpx:speed>
</gpxtpx:TrackPointExtension>
<opentracks:accuracy_horizontal>4.009</opentracks:accuracy_horizontal></extensions>
</trkpt>
<trkpt lat="50.449257" lon="-104.544837">
<ele>561.1</ele>
<time>2026-08-27T19:10:45.813-06:00</time>
<extensions>
<gpxtpx:TrackPointExtension>
<gpxtpx:speed>6.84</gpxtpx:speed>
</gpxtpx:TrackPointExtension>
<opentracks:accuracy_horizontal>4.009</opentracks:accuracy_horizontal></extensions>
</trkpt>
<trkpt lat="50.449252" lon="-104.545038">
<ele>561.1</ele>
<time>2026-08-27T19:10:47.804-06:00</time>
<extensions>
<gpxtpx:TrackPointExtension>
<gpxtpx:speed>7.27</gpxtpx:speed>
</gpxtpx:TrackPointExtension>
<opentracks:accuracy_horizontal>4.008</opentracks:accuracy_horizontal></extensions>
</trkpt>
<trkpt lat="50.449248" lon="-104.545248">
<ele>560.7</ele>
<time>2026-08-27T19:10:49.813-06:00</time>
<extensions>
<gpxtpx:TrackPointExtension>
<gpxtpx:speed>7.33</gpxtpx:speed>
</gpxtpx:TrackPointExtension>
<opentracks:accuracy_horizontal>4.008</opentracks:accuracy_horizontal></extensions>
</trkpt>
<trkpt lat="50.449251" lon="-104.545464">
<ele>560.6</ele>
<time>2026-08-27T19:10:51.804-06:00</time>
<extensions>
<gpxtpx:TrackPointExtension>
<gpxtpx:speed>7.55</gpxtpx:speed>
</gpxtpx:TrackPointExtension>
<opentracks:accuracy_horizontal>4.008</opentracks:accuracy_horizontal></extensions>
</trkpt>
<trkpt lat="50.449248" lon="-104.54568">
<ele>560.2</ele>
<time>2026-08-27T19:10:53.806-06:00</time>
<extensions>
<gpxtpx:TrackPointExtension>
<gpxtpx:speed>7.8</gpxtpx:speed>
</gpxtpx:TrackPointExtension>
<opentracks:accuracy_horizontal>3.891</opentracks:accuracy_horizontal></extensions>
</trkpt>
<trkpt lat="50.44925" lon="-104.545902">
<ele>560.1</ele>
<time>2026-08-27T19:10:55.811-06:00</time>
<extensions>
<gpxtpx:TrackPointExtension>
<gpxtpx:speed>7.67</gpxtpx:speed>
</gpxtpx:TrackPointExtension>
<opentracks:accuracy_horizontal>3.891</opentracks:accuracy_horizontal></extensions>
</trkpt>
<trkpt lat="50.449246" lon="-104.54612">
<ele>560.5</ele>
<time>2026-08-27T19:10:57.808-06:00</time>
<extensions>
<gpxtpx:TrackPointExtension>
<gpxtpx:speed>7.71</gpxtpx:speed>
</gpxtpx:TrackPointExtension>
<opentracks:accuracy_horizontal>3.891</opentracks:accuracy_horizontal></extensions>
</trkpt>
<trkpt lat="50.449242" lon="-104.546342">
<ele>559.9</ele>
<time>2026-08-27T19:10:59.802-06:00</time>
<extensions>
<gpxtpx:TrackPointExtension>
<gpxtpx:speed>7.45</gpxtpx:speed>
</gpxtpx:TrackPointExtension>
<opentracks:accuracy_horizontal>3.89</opentracks:accuracy_horizontal></extensions>
</trkpt>
<trkpt lat="50.449266" lon="-104.546556">
<ele>560.9</ele>
<time>2026-08-27T19:11:01.805-06:00</time>
<extensions>
<gpxtpx:TrackPointExtension>
<gpxtpx:speed>7.43</gpxtpx:speed>
</gpxtpx:TrackPointExtension>
<opentracks:accuracy_horizontal>3.89</opentracks:accuracy_horizontal></extensions>
</trkpt>
<trkpt lat="50.449272" lon="-104.546782">
<ele>561.3</ele>
<time>2026-08-27T19:11:03.812-06:00</time>
<extensions>
<gpxtpx:TrackPointExtension>
<gpxtpx:speed>7.49</gpxtpx:speed>
</gpxtpx:TrackPointExtension>
<opentracks:accuracy_horizontal>3.89</opentracks:accuracy_horizontal></extensions>
</trkpt>
<trkpt lat="50.449263" lon="-104.546997">
<ele>560.6</ele>
<time>2026-08-27T19:11:05.803-06:00</time>
<extensions>
<gpxtpx:TrackPointExtension>
<gpxtpx:speed>7.45</gpxtpx:speed>
</gpxtpx:TrackPointExtension>
<opentracks:accuracy_horizontal>3.89</opentracks:accuracy_horizontal></extensions>
</trkpt>
<trkpt lat="50.449271" lon="-104.547198">
<ele>560.4</ele>
<time>2026-08-27T19:11:07.802-06:00</time>
<extensions>
<gpxtpx:TrackPointExtension>
<gpxtpx:speed>7.16</gpxtpx:speed>
</gpxtpx:TrackPointExtension>
<opentracks:accuracy_horizontal>3.889</opentracks:accuracy_horizontal></extensions>
</trkpt>
<trkpt lat="50.449281" lon="-104.547399">
<ele>559.9</ele>
<time>2026-08-27T19:11:09.805-06:00</time>
<extensions>
<gpxtpx:TrackPointExtension>
<gpxtpx:speed>6.87</gpxtpx:speed>
</gpxtpx:TrackPointExtension>
<opentracks:accuracy_horizontal>3.889</opentracks:accuracy_horizontal></extensions>
</trkpt>
<trkpt lat="50.44928" lon="-104.547586">
<ele>559.7</ele>
<time>2026-08-27T19:11:11.807-06:00</time>
<extensions>
<gpxtpx:TrackPointExtension>
<gpxtpx:speed>6.69</gpxtpx:speed>
</gpxtpx:TrackPointExtension>
<opentracks:accuracy_horizontal>4.005</opentracks:accuracy_horizontal></extensions>
</trkpt>
<trkpt lat="50.449272" lon="-104.547774">
<ele>560.2</ele>
<time>2026-08-27T19:11:13.801-06:00</time>
<extensions>
<gpxtpx:TrackPointExtension>
<gpxtpx:speed>6.75</gpxtpx:speed>
</gpxtpx:TrackPointExtension>
<opentracks:accuracy_horizontal>3.889</opentracks:accuracy_horizontal></extensions>
</trkpt>
<trkpt lat="50.449269" lon="-104.547949">
<ele>560.4</ele>
<time>2026-08-27T19:11:15.806-06:00</time>
<extensions>
<gpxtpx:TrackPointExtension>
<gpxtpx:speed>5.47</gpxtpx:speed>
</gpxtpx:TrackPointExtension>
<opentracks:accuracy_horizontal>3.888</opentracks:accuracy_horizontal></extensions>
</trkpt>
<trkpt lat="50.449269" lon="-104.548098">
<ele>560.1</ele>
<time>2026-08-27T19:11:17.81-06:00</time>
<extensions>
<gpxtpx:TrackPointExtension>
<gpxtpx:speed>5.54</gpxtpx:speed>
</gpxtpx:TrackPointExtension>
<opentracks:accuracy_horizontal>3.888</opentracks:accuracy_horizontal></extensions>
</trkpt>
<trkpt lat="50.449274" lon="-104.548239">
<ele>560.4</ele>
<time>2026-08-27T19:11:19.808-06:00</time>
<extensions>
<gpxtpx:TrackPointExtension>
<gpxtpx:speed>5.16</gpxtpx:speed>
</gpxtpx:TrackPointExtension>
<opentracks:accuracy_horizontal>3.888</opentracks:accuracy_horizontal></extensions>
</trkpt>
<trkpt lat="50.449273" lon="-104.548436">
<ele>560.7</ele>
<time>2026-08-27T19:11:22.809-06:00</time>
<extensions>
<gpxtpx:TrackPointExtension>
<gpxtpx:speed>3.79</gpxtpx:speed>
</gpxtpx:TrackPointExtension>
<opentracks:accuracy_horizontal>3.887</opentracks:accuracy_horizontal></extensions>
</trkpt>
<trkpt lat="50.449269" lon="-104.548582">
<ele>561.5</ele>
<time>2026-08-27T19:11:25.792-06:00</time>
<extensions>
<gpxtpx:TrackPointExtension>
<gpxtpx:speed>3.65</gpxtpx:speed>
</gpxtpx:TrackPointExtension>
<opentracks:accuracy_horizontal>3.946</opentracks:accuracy_horizontal></extensions>
</trkpt>
<trkpt lat="50.449257" lon="-104.548757">
<ele>561</ele>
<time>2026-08-27T19:11:28.797-06:00</time>
<extensions>
<gpxtpx:TrackPointExtension>
<gpxtpx:speed>3.75</gpxtpx:speed>
</gpxtpx:TrackPointExtension>
<opentracks:accuracy_horizontal>3.887</opentracks:accuracy_horizontal></extensions>
</trkpt>
<trkpt lat="50.44925" lon="-104.548906">
<ele>560.9</ele>
<time>2026-08-27T19:11:31.823-06:00</time>
<extensions>
<gpxtpx:TrackPointExtension>
<gpxtpx:speed>2.8</gpxtpx:speed>
</gpxtpx:TrackPointExtension>
<opentracks:accuracy_horizontal>3.921</opentracks:accuracy_horizontal></extensions>
</trkpt>
<trkpt lat="50.449258" lon="-104.549054">
<ele>559.9</ele>
<time>2026-08-27T19:11:37.813-06:00</time>
<extensions>
<gpxtpx:TrackPointExtension>
<gpxtpx:speed>2.4</gpxtpx:speed>
</gpxtpx:TrackPointExtension>
<opentracks:accuracy_horizontal>3.885</opentracks:accuracy_horizontal></extensions>
</trkpt>
<trkpt lat="50.449309" lon="-104.549189">
<ele>560.3</ele>
<time>2026-08-27T19:11:40.796-06:00</time>
<extensions>
<gpxtpx:TrackPointExtension>
<gpxtpx:speed>4.66</gpxtpx:speed>
</gpxtpx:TrackPointExtension>
<opentracks:accuracy_horizontal>3.885</opentracks:accuracy_horizontal></extensions>
</trkpt>
<trkpt lat="50.44941" lon="-104.549234">
<ele>561.1</ele>
<time>2026-08-27T19:11:42.803-06:00</time>
<extensions>
<gpxtpx:TrackPointExtension>
<gpxtpx:speed>6.21</gpxtpx:speed>
</gpxtpx:TrackPointExtension>
<opentracks:accuracy_horizontal>3.968</opentracks:accuracy_horizontal></extensions>
</trkpt>
<trkpt lat="50.44954" lon="-104.549254">
<ele>560.9</ele>
<time>2026-08-27T19:11:44.813-06:00</time>
<extensions>
<gpxtpx:TrackPointExtension>
<gpxtpx:speed>7.45</gpxtpx:speed>
</gpxtpx:TrackPointExtension>
<opentracks:accuracy_horizontal>4.14</opentracks:accuracy_horizontal></extensions>
</trkpt>
<trkpt lat="50.449701" lon="-104.549242">
<ele>560.9</ele>
<time>2026-08-27T19:11:46.803-06:00</time>
<extensions>
<gpxtpx:TrackPointExtension>
<gpxtpx:speed>8.94</gpxtpx:speed>
</gpxtpx:TrackPointExtension>
<opentracks:accuracy_horizontal>4.147</opentracks:accuracy_horizontal></extensions>
</trkpt>
<trkpt lat="50.449793" lon="-104.549218">
<ele>560.9</ele>
<time>2026-08-27T19:11:47.81-06:00</time>
<extensions>
<gpxtpx:TrackPointExtension>
<gpxtpx:speed>9.4</gpxtpx:speed>
</gpxtpx:TrackPointExtension>
<opentracks:accuracy_horizontal>4.13</opentracks:accuracy_horizontal></extensions>
</trkpt>
<trkpt lat="50.449884" lon="-104.549187">
<ele>560.8</ele>
<time>2026-08-27T19:11:48.818-06:00</time>
<extensions>
<gpxtpx:TrackPointExtension>
<gpxtpx:speed>9.4</gpxtpx:speed>
</gpxtpx:TrackPointExtension>
<opentracks:accuracy_horizontal>4.121</opentracks:accuracy_horizontal></extensions>
</trkpt>
<trkpt lat="50.449972" lon="-104.54915">
<ele>560.6</ele>
<time>2026-08-27T19:11:49.813-06:00</time>
<extensions>
<gpxtpx:TrackPointExtension>
<gpxtpx:speed>9.53</gpxtpx:speed>
</gpxtpx:TrackPointExtension>
<opentracks:accuracy_horizontal>4.28</opentracks:accuracy_horizontal></extensions>
</trkpt>
<trkpt lat="50.45014" lon="-104.549108">
<ele>560</ele>
<time>2026-08-27T19:11:51.809-06:00</time>
<extensions>
<gpxtpx:TrackPointExtension>
<gpxtpx:speed>9.19</gpxtpx:speed>
</gpxtpx:TrackPointExtension>
<opentracks:accuracy_horizontal>4.465</opentracks:accuracy_horizontal></extensions>
</trkpt>
<trkpt lat="50.450229" lon="-104.549082">
<ele>560</ele>
<time>2026-08-27T19:11:52.786-06:00</time>
<extensions>
<gpxtpx:TrackPointExtension>
<gpxtpx:speed>9.08</gpxtpx:speed>
</gpxtpx:TrackPointExtension>
<opentracks:accuracy_horizontal>4.429</opentracks:accuracy_horizontal></extensions>
</trkpt>
<trkpt lat="50.450396" lon="-104.549017">
<ele>559.7</ele>
<time>2026-08-27T19:11:54.818-06:00</time>
<extensions>
<gpxtpx:TrackPointExtension>
<gpxtpx:speed>9</gpxtpx:speed>
</gpxtpx:TrackPointExtension>
<opentracks:accuracy_horizontal>4.287</opentracks:accuracy_horizontal></extensions>
</trkpt>
<trkpt lat="50.45056" lon="-104.548946">
<ele>559.6</ele>
<time>2026-08-27T19:11:56.821-06:00</time>
<extensions>
<gpxtpx:TrackPointExtension>
<gpxtpx:speed>9.11</gpxtpx:speed>
</gpxtpx:TrackPointExtension>
<opentracks:accuracy_horizontal>4.251</opentracks:accuracy_horizontal></extensions>
</trkpt>
<trkpt lat="50.450727" lon="-104.548891">
<ele>559.3</ele>
<time>2026-08-27T19:11:58.807-06:00</time>
<extensions>
<gpxtpx:TrackPointExtension>
<gpxtpx:speed>9.33</gpxtpx:speed>
</gpxtpx:TrackPointExtension>
<opentracks:accuracy_horizontal>4.176</opentracks:accuracy_horizontal></extensions>
</trkpt>
<trkpt lat="50.450885" lon="-104.548846">
<ele>558.6</ele>
<time>2026-08-27T19:12:00.816-06:00</time>
<extensions>
<gpxtpx:TrackPointExtension>
<gpxtpx:speed>8.59</gpxtpx:speed>
</gpxtpx:TrackPointExtension>
<opentracks:accuracy_horizontal>4.24</opentracks:accuracy_horizontal></extensions>
</trkpt>
<trkpt lat="50.451034" lon="-104.548779">
<ele>559.4</ele>
<time>2026-08-27T19:12:02.808-06:00</time>
<extensions>
<gpxtpx:TrackPointExtension>
<gpxtpx:speed>8.75</gpxtpx:speed>
</gpxtpx:TrackPointExtension>
<opentracks:accuracy_horizontal>4.265</opentracks:accuracy_horizontal></extensions>
</trkpt>
<trkpt lat="50.451195" lon="-104.548743">
<ele>560.4</ele>
<time>2026-08-27T19:12:04.791-06:00</time>
<extensions>
<gpxtpx:TrackPointExtension>
<gpxtpx:speed>8.69</gpxtpx:speed>
</gpxtpx:TrackPointExtension>
<opentracks:accuracy_horizontal>4.294</opentracks:accuracy_horizontal></extensions>
</trkpt>
<trkpt lat="50.451341" lon="-104.54873">
<ele>560.2</ele>
<time>2026-08-27T19:12:06.823-06:00</time>
<extensions>
<gpxtpx:TrackPointExtension>
<gpxtpx:speed>8.42</gpxtpx:speed>
</gpxtpx:TrackPointExtension>
<opentracks:accuracy_horizontal>4.368</opentracks:accuracy_horizontal></extensions>
</trkpt>
<trkpt lat="50.451483" lon="-104.548715">
<ele>559.6</ele>
<time>2026-08-27T19:12:08.812-06:00</time>
<extensions>
<gpxtpx:TrackPointExtension>
<gpxtpx:speed>7.82</gpxtpx:speed>
</gpxtpx:TrackPointExtension>
<opentracks:accuracy_horizontal>4.514</opentracks:accuracy_horizontal></extensions>
</trkpt>
<trkpt lat="50.451615" lon="-104.548696">
<ele>560.3</ele>
<time>2026-08-27T19:12:10.811-06:00</time>
<extensions>
<gpxtpx:TrackPointExtension>
<gpxtpx:speed>7.61</gpxtpx:speed>
</gpxtpx:TrackPointExtension>
<opentracks:accuracy_horizontal>4.391</opentracks:accuracy_horizontal></extensions>
</trkpt>
<trkpt lat="50.451751" lon="-104.548693">
<ele>561.1</ele>
<time>2026-08-27T19:12:12.804-06:00</time>
<extensions>
<gpxtpx:TrackPointExtension>
<gpxtpx:speed>7.65</gpxtpx:speed>
</gpxtpx:TrackPointExtension>
<opentracks:accuracy_horizontal>4.195</opentracks:accuracy_horizontal></extensions>
</trkpt>
<trkpt lat="50.451893" lon="-104.548691">
<ele>561.3</ele>
<time>2026-08-27T19:12:14.813-06:00</time>
<extensions>
<gpxtpx:TrackPointExtension>
<gpxtpx:speed>7.48</gpxtpx:speed>
</gpxtpx:TrackPointExtension>
<opentracks:accuracy_horizontal>4.026</opentracks:accuracy_horizontal></extensions>
</trkpt>
<trkpt lat="50.452032" lon="-104.548688">
<ele>561.4</ele>
<time>2026-08-27T19:12:16.806-06:00</time>
<extensions>
<gpxtpx:TrackPointExtension>
<gpxtpx:speed>7.82</gpxtpx:speed>
</gpxtpx:TrackPointExtension>
<opentracks:accuracy_horizontal>4</opentracks:accuracy_horizontal></extensions>
</trkpt>
<trkpt lat="50.452169" lon="-104.548689">
<ele>561.4</ele>
<time>2026-08-27T19:12:18.803-06:00</time>
<extensions>
<gpxtpx:TrackPointExtension>
<gpxtpx:speed>7.57</gpxtpx:speed>
</gpxtpx:TrackPointExtension>
<opentracks:accuracy_horizontal>4.095</opentracks:accuracy_horizontal></extensions>
</trkpt>
<trkpt lat="50.452301" lon="-104.54869">
<ele>561.6</ele>
<time>2026-08-27T19:12:20.813-06:00</time>
<extensions>
<gpxtpx:TrackPointExtension>
<gpxtpx:speed>7.26</gpxtpx:speed>
</gpxtpx:TrackPointExtension>
<opentracks:accuracy_horizontal>4.077</opentracks:accuracy_horizontal></extensions>
</trkpt>
<trkpt lat="50.452431" lon="-104.548702">
<ele>561.6</ele>
<time>2026-08-27T19:12:22.813-06:00</time>
<extensions>
<gpxtpx:TrackPointExtension>
<gpxtpx:speed>7.46</gpxtpx:speed>
</gpxtpx:TrackPointExtension>
<opentracks:accuracy_horizontal>3.978</opentracks:accuracy_horizontal></extensions>
</trkpt>
<trkpt lat="50.452556" lon="-104.548718">
<ele>562.4</ele>
<time>2026-08-27T19:12:24.815-06:00</time>
<extensions>
<gpxtpx:TrackPointExtension>
<gpxtpx:speed>6.86</gpxtpx:speed>
</gpxtpx:TrackPointExtension>
<opentracks:accuracy_horizontal>4.028</opentracks:accuracy_horizontal></extensions>
</trkpt>
<trkpt lat="50.452684" lon="-104.548693">
<ele>562.9</ele>
<time>2026-08-27T19:12:26.81-06:00</time>
<extensions>
<gpxtpx:TrackPointExtension>
<gpxtpx:speed>7.14</gpxtpx:speed>
</gpxtpx:TrackPointExtension>
<opentracks:accuracy_horizontal>4.169</opentracks:accuracy_horizontal></extensions>
</trkpt>
<trkpt lat="50.452808" lon="-104.548668">
<ele>562.8</ele>
<time>2026-08-27T19:12:28.82-06:00</time>
<extensions>
<gpxtpx:TrackPointExtension>
<gpxtpx:speed>6.8</gpxtpx:speed>
</gpxtpx:TrackPointExtension>
<opentracks:accuracy_horizontal>4.196</opentracks:accuracy_horizontal></extensions>
</trkpt>
<trkpt lat="50.452931" lon="-104.548686">
<ele>562.8</ele>
<time>2026-08-27T19:12:30.82-06:00</time>
<extensions>
<gpxtpx:TrackPointExtension>
<gpxtpx:speed>6.93</gpxtpx:speed>
</gpxtpx:TrackPointExtension>
<opentracks:accuracy_horizontal>4.107</opentracks:accuracy_horizontal></extensions>
</trkpt>
<trkpt lat="50.453054" lon="-104.548697">
<ele>563</ele>
<time>2026-08-27T19:12:32.812-06:00</time>
<extensions>
<gpxtpx:TrackPointExtension>
<gpxtpx:speed>6.78</gpxtpx:speed>
</gpxtpx:TrackPointExtension>
<opentracks:accuracy_horizontal>4.116</opentracks:accuracy_horizontal></extensions>
</trkpt>
<trkpt lat="50.453175" lon="-104.548695">
<ele>563.1</ele>
<time>2026-08-27T19:12:34.81-06:00</time>
<extensions>
<gpxtpx:TrackPointExtension>
<gpxtpx:speed>7.06</gpxtpx:speed>
</gpxtpx:TrackPointExtension>
<opentracks:accuracy_horizontal>4.155</opentracks:accuracy_horizontal></extensions>
</trkpt>
<trkpt lat="50.453308" lon="-104.548699">
<ele>562.7</ele>
<time>2026-08-27T19:12:36.803-06:00</time>
<extensions>
<gpxtpx:TrackPointExtension>
<gpxtpx:speed>6.8</gpxtpx:speed>
</gpxtpx:TrackPointExtension>
<opentracks:accuracy_horizontal>4.138</opentracks:accuracy_horizontal></extensions>
</trkpt>
<trkpt lat="50.453436" lon="-104.548685">
<ele>562.6</ele>
<time>2026-08-27T19:12:38.808-06:00</time>
<extensions>
<gpxtpx:TrackPointExtension>
<gpxtpx:speed>7.08</gpxtpx:speed>
</gpxtpx:TrackPointExtension>
<opentracks:accuracy_horizontal>4.177</opentracks:accuracy_horizontal></extensions>
</trkpt>
<trkpt lat="50.453569" lon="-104.548684">
<ele>563</ele>
<time>2026-08-27T19:12:40.799-06:00</time>
<extensions>
<gpxtpx:TrackPointExtension>
<gpxtpx:speed>7.04</gpxtpx:speed>
</gpxtpx:TrackPointExtension>
<opentracks:accuracy_horizontal>4.036</opentracks:accuracy_horizontal></extensions>
</trkpt>
<trkpt lat="50.453694" lon="-104.548678">
<ele>563.1</ele>
<time>2026-08-27T19:12:42.791-06:00</time>
<extensions>
<gpxtpx:TrackPointExtension>
<gpxtpx:speed>6.7</gpxtpx:speed>
</gpxtpx:TrackPointExtension>
<opentracks:accuracy_horizontal>4.05</opentracks:accuracy_horizontal></extensions>
</trkpt>
<trkpt lat="50.453817" lon="-104.54867">
<ele>563.4</ele>
<time>2026-08-27T19:12:44.82-06:00</time>
<extensions>
<gpxtpx:TrackPointExtension>
<gpxtpx:speed>6.94</gpxtpx:speed>
</gpxtpx:TrackPointExtension>
<opentracks:accuracy_horizontal>4.023</opentracks:accuracy_horizontal></extensions>
</trkpt>
<trkpt lat="50.453939" lon="-104.548666">
<ele>563.4</ele>
<time>2026-08-27T19:12:46.818-06:00</time>
<extensions>
<gpxtpx:TrackPointExtension>
<gpxtpx:speed>6.51</gpxtpx:speed>
</gpxtpx:TrackPointExtension>
<opentracks:accuracy_horizontal>4.078</opentracks:accuracy_horizontal></extensions>
</trkpt>
<trkpt lat="50.454057" lon="-104.548663">
<ele>563.7</ele>
<time>2026-08-27T19:12:48.814-06:00</time>
<extensions>
<gpxtpx:TrackPointExtension>
<gpxtpx:speed>6.31</gpxtpx:speed>
</gpxtpx:TrackPointExtension>
<opentracks:accuracy_horizontal>4.085</opentracks:accuracy_horizontal></extensions>
</trkpt>
<trkpt lat="50.454175" lon="-104.548665">
<ele>563.8</ele>
<time>2026-08-27T19:12:50.822-06:00</time>
<extensions>
<gpxtpx:TrackPointExtension>
<gpxtpx:speed>6.39</gpxtpx:speed>
</gpxtpx:TrackPointExtension>
<opentracks:accuracy_horizontal>4.025</opentracks:accuracy_horizontal></extensions>
</trkpt>
<trkpt lat="50.454281" lon="-104.548669">
<ele>564.1</ele>
<time>2026-08-27T19:12:52.813-06:00</time>
<extensions>
<gpxtpx:TrackPointExtension>
<gpxtpx:speed>5.8</gpxtpx:speed>
</gpxtpx:TrackPointExtension>
<opentracks:accuracy_horizontal>4.204</opentracks:accuracy_horizontal></extensions>
</trkpt>
<trkpt lat="50.454384" lon="-104.54866">
<ele>563.6</ele>
<time>2026-08-27T19:12:54.806-06:00</time>
<extensions>
<gpxtpx:TrackPointExtension>
<gpxtpx:speed>5.61</gpxtpx:speed>
</gpxtpx:TrackPointExtension>
<opentracks:accuracy_horizontal>4.293</opentracks:accuracy_horizontal></extensions>
</trkpt>
<trkpt lat="50.454491" lon="-104.548661">
<ele>562.9</ele>
<time>2026-08-27T19:12:56.816-06:00</time>
<extensions>
<gpxtpx:TrackPointExtension>
<gpxtpx:speed>5.88</gpxtpx:speed>
</gpxtpx:TrackPointExtension>
<opentracks:accuracy_horizontal>4.113</opentracks:accuracy_horizontal></extensions>
</trkpt>
<trkpt lat="50.45459" lon="-104.548667">
<ele>562.8</ele>
<time>2026-08-27T19:12:58.807-06:00</time>
<extensions>
<gpxtpx:TrackPointExtension>
<gpxtpx:speed>5.63</gpxtpx:speed>
</gpxtpx:TrackPointExtension>
<opentracks:accuracy_horizontal>4.045</opentracks:accuracy_horizontal></extensions>
</trkpt>
<trkpt lat="50.454715" lon="-104.548669">
<ele>562.5</ele>
<time>2026-08-27T19:13:01.807-06:00</time>
<extensions>
<gpxtpx:TrackPointExtension>
<gpxtpx:speed>4.37</gpxtpx:speed>
</gpxtpx:TrackPointExtension>
<opentracks:accuracy_horizontal>4.23</opentracks:accuracy_horizontal></extensions>
</trkpt>
<trkpt lat="50.454834" lon="-104.54867">
<ele>563.2</ele>
<time>2026-08-27T19:13:04.819-06:00</time>
<extensions>
<gpxtpx:TrackPointExtension>
<gpxtpx:speed>3.9</gpxtpx:speed>
</gpxtpx:TrackPointExtension>
<opentracks:accuracy_horizontal>4.139</opentracks:accuracy_horizontal></extensions>
</trkpt>
<trkpt lat="50.454931" lon="-104.5487">
<ele>562.5</ele>
<time>2026-08-27T19:13:09.811-06:00</time>
<extensions>
<gpxtpx:TrackPointExtension>
<gpxtpx:speed>2</gpxtpx:speed>
</gpxtpx:TrackPointExtension>
<opentracks:accuracy_horizontal>4.272</opentracks:accuracy_horizontal></extensions>
</trkpt>
<trkpt lat="50.455022" lon="-104.548714">
<ele>562.5</ele>
<time>2026-08-27T19:13:16.824-06:00</time>
<extensions>
<gpxtpx:TrackPointExtension>
<gpxtpx:speed>1.21</gpxtpx:speed>
</gpxtpx:TrackPointExtension>
<opentracks:accuracy_horizontal>4.411</opentracks:accuracy_horizontal></extensions>
</trkpt>
<trkpt lat="50.455124" lon="-104.548659">
<ele>562.4</ele>
<time>2026-08-27T19:13:21.81-06:00</time>
<extensions>
<gpxtpx:TrackPointExtension>
<gpxtpx:speed>4.08</gpxtpx:speed>
</gpxtpx:TrackPointExtension>
<opentracks:accuracy_horizontal>4.434</opentracks:accuracy_horizontal></extensions>
</trkpt>
<trkpt lat="50.455262" lon="-104.548668">
<ele>560.4</ele>
<time>2026-08-27T19:13:24.803-06:00</time>
<extensions>
<gpxtpx:TrackPointExtension>
<gpxtpx:speed>5.97</gpxtpx:speed>
</gpxtpx:TrackPointExtension>
<opentracks:accuracy_horizontal>4.425</opentracks:accuracy_horizontal></extensions>
</trkpt>
<trkpt lat="50.455382" lon="-104.548677">
<ele>560.9</ele>
<time>2026-08-27T19:13:26.81-06:00</time>
<extensions>
<gpxtpx:TrackPointExtension>
<gpxtpx:speed>7.2</gpxtpx:speed>
</gpxtpx:TrackPointExtension>
<opentracks:accuracy_horizontal>4.125</opentracks:accuracy_horizontal></extensions>
</trkpt>
<trkpt lat="50.45552" lon="-104.548686">
<ele>560.5</ele>
<time>2026-08-27T19:13:28.808-06:00</time>
<extensions>
<gpxtpx:TrackPointExtension>
<gpxtpx:speed>7.19</gpxtpx:speed>
</gpxtpx:TrackPointExtension>
<opentracks:accuracy_horizontal>4.035</opentracks:accuracy_horizontal></extensions>
</trkpt>
<trkpt lat="50.455659" lon="-104.548694">
<ele>561.4</ele>
<time>2026-08-27T19:13:30.8-06:00</time>
<extensions>
<gpxtpx:TrackPointExtension>
<gpxtpx:speed>7.76</gpxtpx:speed>
</gpxtpx:TrackPointExtension>
<opentracks:accuracy_horizontal>4.05</opentracks:accuracy_horizontal></extensions>
</trkpt>
<trkpt lat="50.455803" lon="-104.548703">
<ele>561.9</ele>
<time>2026-08-27T19:13:32.796-06:00</time>
<extensions>
<gpxtpx:TrackPointExtension>
<gpxtpx:speed>7.77</gpxtpx:speed>
</gpxtpx:TrackPointExtension>
<opentracks:accuracy_horizontal>3.972</opentracks:accuracy_horizontal></extensions>
</trkpt>
<trkpt lat="50.455947" lon="-104.54871">
<ele>562.3</ele>
<time>2026-08-27T19:13:34.807-06:00</time>
<extensions>
<gpxtpx:TrackPointExtension>
<gpxtpx:speed>7.96</gpxtpx:speed>
</gpxtpx:TrackPointExtension>
<opentracks:accuracy_horizontal>4.115</opentracks:accuracy_horizontal></extensions>
</trkpt>
<trkpt lat="50.456099" lon="-104.548718">
<ele>562.6</ele>
<time>2026-08-27T19:13:36.812-06:00</time>
<extensions>
<gpxtpx:TrackPointExtension>
<gpxtpx:speed>8.58</gpxtpx:speed>
</gpxtpx:TrackPointExtension>
<opentracks:accuracy_horizontal>4.152</opentracks:accuracy_horizontal></extensions>
</trkpt>
<trkpt lat="50.456256" lon="-104.548719">
<ele>562.7</ele>
<time>2026-08-27T19:13:38.809-06:00</time>
<extensions>
<gpxtpx:TrackPointExtension>
<gpxtpx:speed>8.46</gpxtpx:speed>
</gpxtpx:TrackPointExtension>
<opentracks:accuracy_horizontal>4.121</opentracks:accuracy_horizontal></extensions>
</trkpt>
<trkpt lat="50.456415" lon="-104.548708">
<ele>562.7</ele>
<time>2026-08-27T19:13:40.807-06:00</time>
<extensions>
<gpxtpx:TrackPointExtension>
<gpxtpx:speed>8.63</gpxtpx:speed>
</gpxtpx:TrackPointExtension>
<opentracks:accuracy_horizontal>4.017</opentracks:accuracy_horizontal></extensions>
</trkpt>
<trkpt lat="50.456569" lon="-104.548702">
<ele>562.8</ele>
<time>2026-08-27T19:13:42.812-06:00</time>
<extensions>
<gpxtpx:TrackPointExtension>
<gpxtpx:speed>8.39</gpxtpx:speed>
</gpxtpx:TrackPointExtension>
<opentracks:accuracy_horizontal>3.99</opentracks:accuracy_horizontal></extensions>
</trkpt>
<trkpt lat="50.45672" lon="-104.548705">
<ele>562.9</ele>
<time>2026-08-27T19:13:44.814-06:00</time>
<extensions>
<gpxtpx:TrackPointExtension>
<gpxtpx:speed>8.58</gpxtpx:speed>
</gpxtpx:TrackPointExtension>
<opentracks:accuracy_horizontal>4.035</opentracks:accuracy_horizontal></extensions>
</trkpt>
<trkpt lat="50.456874" lon="-104.548704">
<ele>562.5</ele>
<time>2026-08-27T19:13:46.804-06:00</time>
<extensions>
<gpxtpx:TrackPointExtension>
<gpxtpx:speed>8.53</gpxtpx:speed>
</gpxtpx:TrackPointExtension>
<opentracks:accuracy_horizontal>3.991</opentracks:accuracy_horizontal></extensions>
</trkpt>
<trkpt lat="50.457032" lon="-104.548704">
<ele>562.3</ele>
<time>2026-08-27T19:13:48.801-06:00</time>
<extensions>
<gpxtpx:TrackPointExtension>
<gpxtpx:speed>8.93</gpxtpx:speed>
</gpxtpx:TrackPointExtension>
<opentracks:accuracy_horizontal>3.964</opentracks:accuracy_horizontal></extensions>
</trkpt>
<trkpt lat="50.457198" lon="-104.548698">
<ele>562.4</ele>
<time>2026-08-27T19:13:50.789-06:00</time>
<extensions>
<gpxtpx:TrackPointExtension>
<gpxtpx:speed>9.14</gpxtpx:speed>
</gpxtpx:TrackPointExtension>
<opentracks:accuracy_horizontal>3.975</opentracks:accuracy_horizontal></extensions>
</trkpt>
<trkpt lat="50.45736" lon="-104.548707">
<ele>562.2</ele>
<time>2026-08-27T19:13:52.814-06:00</time>
<extensions>
<gpxtpx:TrackPointExtension>
<gpxtpx:speed>8.52</gpxtpx:speed>
</gpxtpx:TrackPointExtension>
<opentracks:accuracy_horizontal>4.087</opentracks:accuracy_horizontal></extensions>
</trkpt>
<trkpt lat="50.457511" lon="-104.548702">
<ele>562.5</ele>
<time>2026-08-27T19:13:54.806-06:00</time>
<extensions>
<gpxtpx:TrackPointExtension>
<gpxtpx:speed>7.77</gpxtpx:speed>
</gpxtpx:TrackPointExtension>
<opentracks:accuracy_horizontal>4.047</opentracks:accuracy_horizontal></extensions>
</trkpt>
<trkpt lat="50.457643" lon="-104.548684">
<ele>562.6</ele>
<time>2026-08-27T19:13:56.819-06:00</time>
<extensions>
<gpxtpx:TrackPointExtension>
<gpxtpx:speed>7.25</gpxtpx:speed>
</gpxtpx:TrackPointExtension>
<opentracks:accuracy_horizontal>4.094</opentracks:accuracy_horizontal></extensions>
</trkpt>
<trkpt lat="50.457766" lon="-104.548685">
<ele>562.3</ele>
<time>2026-08-27T19:13:58.807-06:00</time>
<extensions>
<gpxtpx:TrackPointExtension>
<gpxtpx:speed>6.99</gpxtpx:speed>
</gpxtpx:TrackPointExtension>
<opentracks:accuracy_horizontal>4.309</opentracks:accuracy_horizontal></extensions>
</trkpt>
<trkpt lat="50.45788" lon="-104.548705">
<ele>562.5</ele>
<time>2026-08-27T19:14:00.811-06:00</time>
<extensions>
<gpxtpx:TrackPointExtension>
<gpxtpx:speed>6.56</gpxtpx:speed>
</gpxtpx:TrackPointExtension>
<opentracks:accuracy_horizontal>4.202</opentracks:accuracy_horizontal></extensions>
</trkpt>
<trkpt lat="50.45799" lon="-104.548702">
<ele>563.4</ele>
<time>2026-08-27T19:14:02.822-06:00</time>
<extensions>
<gpxtpx:TrackPointExtension>
<gpxtpx:speed>6.01</gpxtpx:speed>
</gpxtpx:TrackPointExtension>
<opentracks:accuracy_horizontal>4.25</opentracks:accuracy_horizontal></extensions>
</trkpt>
<trkpt lat="50.458087" lon="-104.548707">
<ele>564.1</ele>
<time>2026-08-27T19:14:04.811-06:00</time>
<extensions>
<gpxtpx:TrackPointExtension>
<gpxtpx:speed>5.12</gpxtpx:speed>
</gpxtpx:TrackPointExtension>
<opentracks:accuracy_horizontal>4.32</opentracks:accuracy_horizontal></extensions>
</trkpt>
<trkpt lat="50.458198" lon="-104.5487">
<ele>563.2</ele>
<time>2026-08-27T19:14:07.824-06:00</time>
<extensions>
<gpxtpx:TrackPointExtension>
<gpxtpx:speed>3.62</gpxtpx:speed>
</gpxtpx:TrackPointExtension>
<opentracks:accuracy_horizontal>4.302</opentracks:accuracy_horizontal></extensions>
</trkpt>
<trkpt lat="50.458311" lon="-104.548632">
<ele>562.9</ele>
<time>2026-08-27T19:14:10.822-06:00</time>
<extensions>
<gpxtpx:TrackPointExtension>
<gpxtpx:speed>4.86</gpxtpx:speed>
</gpxtpx:TrackPointExtension>
<opentracks:accuracy_horizontal>4.085</opentracks:accuracy_horizontal></extensions>
</trkpt>
<trkpt lat="50.458362" lon="-104.54845">
<ele>562.3</ele>
<time>2026-08-27T19:14:12.823-06:00</time>
<extensions>
<gpxtpx:TrackPointExtension>
<gpxtpx:speed>6.07</gpxtpx:speed>
</gpxtpx:TrackPointExtension>
<opentracks:accuracy_horizontal>3.865</opentracks:accuracy_horizontal></extensions>
</trkpt>
<trkpt lat="50.458348" lon="-104.54824">
<ele>562</ele>
<time>2026-08-27T19:14:14.817-06:00</time>
<extensions>
<gpxtpx:TrackPointExtension>
<gpxtpx:speed>6.43</gpxtpx:speed>
</gpxtpx:TrackPointExtension>
<opentracks:accuracy_horizontal>3.865</opentracks:accuracy_horizontal></extensions>
</trkpt>
<trkpt lat="50.458331" lon="-104.548038">
<ele>561.1</ele>
<time>2026-08-27T19:14:16.819-06:00</time>
<extensions>
<gpxtpx:TrackPointExtension>
<gpxtpx:speed>7.17</gpxtpx:speed>
</gpxtpx:TrackPointExtension>
<opentracks:accuracy_horizontal>3.876</opentracks:accuracy_horizontal></extensions>
</trkpt>
<trkpt lat="50.458326" lon="-104.547818">
<ele>560.5</ele>
<time>2026-08-27T19:14:18.814-06:00</time>
<extensions>
<gpxtpx:TrackPointExtension>
<gpxtpx:speed>7.55</gpxtpx:speed>
</gpxtpx:TrackPointExtension>
<opentracks:accuracy_horizontal>4.056</opentracks:accuracy_horizontal></extensions>
</trkpt>
<trkpt lat="50.458324" lon="-104.547601">
<ele>560.1</ele>
<time>2026-08-27T19:14:20.82-06:00</time>
<extensions>
<gpxtpx:TrackPointExtension>
<gpxtpx:speed>7.3</gpxtpx:speed>
</gpxtpx:TrackPointExtension>
<opentracks:accuracy_horizontal>4.132</opentracks:accuracy_horizontal></extensions>
</trkpt>
<trkpt lat="50.458324" lon="-104.547399">
<ele>559.4</ele>
<time>2026-08-27T19:14:22.796-06:00</time>
<extensions>
<gpxtpx:TrackPointExtension>
<gpxtpx:speed>6.66</gpxtpx:speed>
</gpxtpx:TrackPointExtension>
<opentracks:accuracy_horizontal>4.102</opentracks:accuracy_horizontal></extensions>
</trkpt>
<trkpt lat="50.458323" lon="-104.547214">
<ele>559.3</ele>
<time>2026-08-27T19:14:24.816-06:00</time>
<extensions>
<gpxtpx:TrackPointExtension>
<gpxtpx:speed>6.54</gpxtpx:speed>
</gpxtpx:TrackPointExtension>
<opentracks:accuracy_horizontal>4.086</opentracks:accuracy_horizontal></extensions>
</trkpt>
<trkpt lat="50.458326" lon="-104.547024">
<ele>559.4</ele>
<time>2026-08-27T19:14:26.811-06:00</time>
<extensions>
<gpxtpx:TrackPointExtension>
<gpxtpx:speed>6.65</gpxtpx:speed>
</gpxtpx:TrackPointExtension>
<opentracks:accuracy_horizontal>3.996</opentracks:accuracy_horizontal></extensions>
</trkpt>
<trkpt lat="50.458341" lon="-104.546842">
<ele>558.7</ele>
<time>2026-08-27T19:14:28.819-06:00</time>
<extensions>
<gpxtpx:TrackPointExtension>
<gpxtpx:speed>6.31</gpxtpx:speed>
</gpxtpx:TrackPointExtension>
<opentracks:accuracy_horizontal>3.951</opentracks:accuracy_horizontal></extensions>
</trkpt>
<trkpt lat="50.458365" lon="-104.546679">
<ele>559</ele>
<time>2026-08-27T19:14:30.812-06:00</time>
<extensions>
<gpxtpx:TrackPointExtension>
<gpxtpx:speed>5.88</gpxtpx:speed>
</gpxtpx:TrackPointExtension>
<opentracks:accuracy_horizontal>4.002</opentracks:accuracy_horizontal></extensions>
</trkpt>
<trkpt lat="50.458386" lon="-104.546517">
<ele>559.2</ele>
<time>2026-08-27T19:14:32.82-06:00</time>
<extensions>
<gpxtpx:TrackPointExtension>
<gpxtpx:speed>6.02</gpxtpx:speed>
</gpxtpx:TrackPointExtension>
<opentracks:accuracy_horizontal>3.985</opentracks:accuracy_horizontal></extensions>
</trkpt>
<trkpt lat="50.458407" lon="-104.546345">
<ele>558.6</ele>
<time>2026-08-27T19:14:34.797-06:00</time>
<extensions>
<gpxtpx:TrackPointExtension>
<gpxtpx:speed>5.96</gpxtpx:speed>
</gpxtpx:TrackPointExtension>
<opentracks:accuracy_horizontal>4.021</opentracks:accuracy_horizontal></extensions>
</trkpt>
<trkpt lat="50.458432" lon="-104.546169">
<ele>558.7</ele>
<time>2026-08-27T19:14:36.82-06:00</time>
<extensions>
<gpxtpx:TrackPointExtension>
<gpxtpx:speed>6.33</gpxtpx:speed>
</gpxtpx:TrackPointExtension>
<opentracks:accuracy_horizontal>4.124</opentracks:accuracy_horizontal></extensions>
</trkpt>
<trkpt lat="50.458459" lon="-104.545998">
<ele>558.7</ele>
<time>2026-08-27T19:14:38.827-06:00</time>
<extensions>
<gpxtpx:TrackPointExtension>
<gpxtpx:speed>6.32</gpxtpx:speed>
</gpxtpx:TrackPointExtension>
<opentracks:accuracy_horizontal>4.159</opentracks:accuracy_horizontal></extensions>
</trkpt>
<trkpt lat="50.458492" lon="-104.545834">
<ele>559</ele>
<time>2026-08-27T19:14:40.814-06:00</time>
<extensions>
<gpxtpx:TrackPointExtension>
<gpxtpx:speed>5.75</gpxtpx:speed>
</gpxtpx:TrackPointExtension>
<opentracks:accuracy_horizontal>4.058</opentracks:accuracy_horizontal></extensions>
</trkpt>
<trkpt lat="50.458524" lon="-104.545674">
<ele>559.5</ele>
<time>2026-08-27T19:14:42.823-06:00</time>
<extensions>
<gpxtpx:TrackPointExtension>
<gpxtpx:speed>5.83</gpxtpx:speed>
</gpxtpx:TrackPointExtension>
<opentracks:accuracy_horizontal>3.977</opentracks:accuracy_horizontal></extensions>
</trkpt>
<trkpt lat="50.458551" lon="-104.545513">
<ele>559.9</ele>
<time>2026-08-27T19:14:44.813-06:00</time>
<extensions>
<gpxtpx:TrackPointExtension>
<gpxtpx:speed>5.72</gpxtpx:speed>
</gpxtpx:TrackPointExtension>
<opentracks:accuracy_horizontal>3.953</opentracks:accuracy_horizontal></extensions>
</trkpt>
<trkpt lat="50.458579" lon="-104.545356">
<ele>560.2</ele>
<time>2026-08-27T19:14:46.817-06:00</time>
<extensions>
<gpxtpx:TrackPointExtension>
<gpxtpx:speed>5.67</gpxtpx:speed>
</gpxtpx:TrackPointExtension>
<opentracks:accuracy_horizontal>4.036</opentracks:accuracy_horizontal></extensions>
</trkpt>
<trkpt lat="50.458611" lon="-104.545205">
<ele>560.5</ele>
<time>2026-08-27T19:14:48.82-06:00</time>
<extensions>
<gpxtpx:TrackPointExtension>
<gpxtpx:speed>5.77</gpxtpx:speed>
</gpxtpx:TrackPointExtension>
<opentracks:accuracy_horizontal>4.076</opentracks:accuracy_horizontal></extensions>
</trkpt>
<trkpt lat="50.458635" lon="-104.545047">
<ele>560.4</ele>
<time>2026-08-27T19:14:50.816-06:00</time>
<extensions>
<gpxtpx:TrackPointExtension>
<gpxtpx:speed>5.62</gpxtpx:speed>
</gpxtpx:TrackPointExtension>
<opentracks:accuracy_horizontal>4.053</opentracks:accuracy_horizontal></extensions>
</trkpt>
<trkpt lat="50.458664" lon="-104.544878">
<ele>561.3</ele>
<time>2026-08-27T19:14:52.808-06:00</time>
<extensions>
<gpxtpx:TrackPointExtension>
<gpxtpx:speed>5.81</gpxtpx:speed>
</gpxtpx:TrackPointExtension>
<opentracks:accuracy_horizontal>4.072</opentracks:accuracy_horizontal></extensions>
</trkpt>
<trkpt lat="50.458691" lon="-104.544717">
<ele>561.8</ele>
<time>2026-08-27T19:14:54.818-06:00</time>
<extensions>
<gpxtpx:TrackPointExtension>
<gpxtpx:speed>5.66</gpxtpx:speed>
</gpxtpx:TrackPointExtension>
<opentracks:accuracy_horizontal>4.087</opentracks:accuracy_horizontal></extensions>
</trkpt>
<trkpt lat="50.458714" lon="-104.544566">
<ele>562.4</ele>
<time>2026-08-27T19:14:56.81-06:00</time>
<extensions>
<gpxtpx:TrackPointExtension>
<gpxtpx:speed>5.54</gpxtpx:speed>
</gpxtpx:TrackPointExtension>
<opentracks:accuracy_horizontal>4.043</opentracks:accuracy_horizontal></extensions>
</trkpt>
<trkpt lat="50.458749" lon="-104.5444">
<ele>562.4</ele>
<time>2026-08-27T19:14:58.814-06:00</time>
<extensions>
<gpxtpx:TrackPointExtension>
<gpxtpx:speed>6.02</gpxtpx:speed>
</gpxtpx:TrackPointExtension>
<opentracks:accuracy_horizontal>4.049</opentracks:accuracy_horizontal></extensions>
</trkpt>
<trkpt lat="50.458779" lon="-104.544224">
<ele>562.2</ele>
<time>2026-08-27T19:15:00.791-06:00</time>
<extensions>
<gpxtpx:TrackPointExtension>
<gpxtpx:speed>6.23</gpxtpx:speed>
</gpxtpx:TrackPointExtension>
<opentracks:accuracy_horizontal>4.056</opentracks:accuracy_horizontal></extensions>
</trkpt>
<trkpt lat="50.458807" lon="-104.544042">
<ele>561.5</ele>
<time>2026-08-27T19:15:02.808-06:00</time>
<extensions>
<gpxtpx:TrackPointExtension>
<gpxtpx:speed>6.46</gpxtpx:speed>
</gpxtpx:TrackPointExtension>
<opentracks:accuracy_horizontal>4.026</opentracks:accuracy_horizontal></extensions>
</trkpt>
<trkpt lat="50.458836" lon="-104.543869">
<ele>561.5</ele>
<time>2026-08-27T19:15:04.824-06:00</time>
<extensions>
<gpxtpx:TrackPointExtension>
<gpxtpx:speed>6.31</gpxtpx:speed>
</gpxtpx:TrackPointExtension>
<opentracks:accuracy_horizontal>3.99</opentracks:accuracy_horizontal></extensions>
</trkpt>
<trkpt lat="50.458868" lon="-104.543683">
<ele>560.7</ele>
<time>2026-08-27T19:15:06.816-06:00</time>
<extensions>
<gpxtpx:TrackPointExtension>
<gpxtpx:speed>6.58</gpxtpx:speed>
</gpxtpx:TrackPointExtension>
<opentracks:accuracy_horizontal>3.971</opentracks:accuracy_horizontal></extensions>
</trkpt>
<trkpt lat="50.458904" lon="-104.543489">
<ele>561.3</ele>
<time>2026-08-27T19:15:08.825-06:00</time>
<extensions>
<gpxtpx:TrackPointExtension>
<gpxtpx:speed>6.9</gpxtpx:speed>
</gpxtpx:TrackPointExtension>
<opentracks:accuracy_horizontal>3.938</opentracks:accuracy_horizontal></extensions>
</trkpt>
<trkpt lat="50.458935" lon="-104.543305">
<ele>560.8</ele>
<time>2026-08-27T19:15:10.805-06:00</time>
<extensions>
<gpxtpx:TrackPointExtension>
<gpxtpx:speed>6.36</gpxtpx:speed>
</gpxtpx:TrackPointExtension>
<opentracks:accuracy_horizontal>3.872</opentracks:accuracy_horizontal></extensions>
</trkpt>
<trkpt lat="50.458959" lon="-104.543132">
<ele>560.9</ele>
<time>2026-08-27T19:15:12.815-06:00</time>
<extensions>
<gpxtpx:TrackPointExtension>
<gpxtpx:speed>6.83</gpxtpx:speed>
</gpxtpx:TrackPointExtension>
<opentracks:accuracy_horizontal>3.906</opentracks:accuracy_horizontal></extensions>
</trkpt>
<trkpt lat="50.458994" lon="-104.542934">
<ele>561</ele>
<time>2026-08-27T19:15:14.818-06:00</time>
<extensions>
<gpxtpx:TrackPointExtension>
<gpxtpx:speed>6.86</gpxtpx:speed>
</gpxtpx:TrackPointExtension>
<opentracks:accuracy_horizontal>3.874</opentracks:accuracy_horizontal></extensions>
</trkpt>
<trkpt lat="50.459029" lon="-104.542764">
<ele>560.5</ele>
<time>2026-08-27T19:15:16.809-06:00</time>
<extensions>
<gpxtpx:TrackPointExtension>
<gpxtpx:speed>6.02</gpxtpx:speed>
</gpxtpx:TrackPointExtension>
<opentracks:accuracy_horizontal>4.053</opentracks:accuracy_horizontal></extensions>
</trkpt>
<trkpt lat="50.459062" lon="-104.542614">
<ele>560.6</ele>
<time>2026-08-27T19:15:18.82-06:00</time>
<extensions>
<gpxtpx:TrackPointExtension>
<gpxtpx:speed>5.16</gpxtpx:speed>
</gpxtpx:TrackPointExtension>
<opentracks:accuracy_horizontal>4.146</opentracks:accuracy_horizontal></extensions>
</trkpt>
<trkpt lat="50.459086" lon="-104.542451">
<ele>559.8</ele>
<time>2026-08-27T19:15:21.814-06:00</time>
<extensions>
<gpxtpx:TrackPointExtension>
<gpxtpx:speed>3.62</gpxtpx:speed>
</gpxtpx:TrackPointExtension>
<opentracks:accuracy_horizontal>4.27</opentracks:accuracy_horizontal></extensions>
</trkpt>
<trkpt lat="50.459196" lon="-104.542455">
<ele>558.8</ele>
<time>2026-08-27T19:15:24.827-06:00</time>
<extensions>
<gpxtpx:TrackPointExtension>
<gpxtpx:speed>4.95</gpxtpx:speed>
</gpxtpx:TrackPointExtension>
<opentracks:accuracy_horizontal>4.451</opentracks:accuracy_horizontal></extensions>
</trkpt>
<trkpt lat="50.459317" lon="-104.542522">
<ele>559.5</ele>
<time>2026-08-27T19:15:27.807-06:00</time>
<extensions>
<gpxtpx:TrackPointExtension>
<gpxtpx:speed>4.51</gpxtpx:speed>
</gpxtpx:TrackPointExtension>
<opentracks:accuracy_horizontal>4.357</opentracks:accuracy_horizontal></extensions>
</trkpt>
<trkpt lat="50.459422" lon="-104.542554">
<ele>559.9</ele>
<time>2026-08-27T19:15:30.819-06:00</time>
<extensions>
<gpxtpx:TrackPointExtension>
<gpxtpx:speed>4.4</gpxtpx:speed>
</gpxtpx:TrackPointExtension>
<opentracks:accuracy_horizontal>4.396</opentracks:accuracy_horizontal></extensions>
</trkpt>
<trkpt lat="50.459523" lon="-104.542638">
<ele>561.1</ele>
<time>2026-08-27T19:15:33.805-06:00</time>
<extensions>
<gpxtpx:TrackPointExtension>
<gpxtpx:speed>4.34</gpxtpx:speed>
</gpxtpx:TrackPointExtension>
<opentracks:accuracy_horizontal>4.525</opentracks:accuracy_horizontal></extensions>
</trkpt>
<trkpt lat="50.459648" lon="-104.542729">
<ele>562.2</ele>
<time>2026-08-27T19:15:36.816-06:00</time>
<extensions>
<gpxtpx:TrackPointExtension>
<gpxtpx:speed>4.89</gpxtpx:speed>
</gpxtpx:TrackPointExtension>
<opentracks:accuracy_horizontal>4.674</opentracks:accuracy_horizontal></extensions>
</trkpt>
<trkpt lat="50.459766" lon="-104.542772">
<ele>563</ele>
<time>2026-08-27T19:15:39.824-06:00</time>
<extensions>
<gpxtpx:TrackPointExtension>
<gpxtpx:speed>4.59</gpxtpx:speed>
</gpxtpx:TrackPointExtension>
<opentracks:accuracy_horizontal>4.625</opentracks:accuracy_horizontal></extensions>
</trkpt>
<trkpt lat="50.459903" lon="-104.542799">
<ele>562.5</ele>
<time>2026-08-27T19:15:42.821-06:00</time>
<extensions>
<gpxtpx:TrackPointExtension>
<gpxtpx:speed>5.47</gpxtpx:speed>
</gpxtpx:TrackPointExtension>
<opentracks:accuracy_horizontal>4.526</opentracks:accuracy_horizontal></extensions>
</trkpt>
<trkpt lat="50.46001" lon="-104.542831">
<ele>562.3</ele>
<time>2026-08-27T19:15:44.82-06:00</time>
<extensions>
<gpxtpx:TrackPointExtension>
<gpxtpx:speed>5.5</gpxtpx:speed>
</gpxtpx:TrackPointExtension>
<opentracks:accuracy_horizontal>4.457</opentracks:accuracy_horizontal></extensions>
</trkpt>
<trkpt lat="50.46012" lon="-104.542852">
<ele>562.7</ele>
<time>2026-08-27T19:15:46.808-06:00</time>
<extensions>
<gpxtpx:TrackPointExtension>
<gpxtpx:speed>5.58</gpxtpx:speed>
</gpxtpx:TrackPointExtension>
<opentracks:accuracy_horizontal>4.336</opentracks:accuracy_horizontal></extensions>
</trkpt>
<trkpt lat="50.460233" lon="-104.542857">
<ele>563.5</ele>
<time>2026-08-27T19:15:48.82-06:00</time>
<extensions>
<gpxtpx:TrackPointExtension>
<gpxtpx:speed>5.72</gpxtpx:speed>
</gpxtpx:TrackPointExtension>
<opentracks:accuracy_horizontal>4.017</opentracks:accuracy_horizontal></extensions>
</trkpt>
<trkpt lat="50.460335" lon="-104.542843">
<ele>563.3</ele>
<time>2026-08-27T19:15:50.822-06:00</time>
<extensions>
<gpxtpx:TrackPointExtension>
<gpxtpx:speed>5.53</gpxtpx:speed>
</gpxtpx:TrackPointExtension>
<opentracks:accuracy_horizontal>4.043</opentracks:accuracy_horizontal></extensions>
</trkpt>
<trkpt lat="50.460439" lon="-104.542854">
<ele>563</ele>
<time>2026-08-27T19:15:52.814-06:00</time>
<extensions>
<gpxtpx:TrackPointExtension>
<gpxtpx:speed>5.71</gpxtpx:speed>
</gpxtpx:TrackPointExtension>
<opentracks:accuracy_horizontal>4.133</opentracks:accuracy_horizontal></extensions>
</trkpt>
<trkpt lat="50.460541" lon="-104.542856">
<ele>563.2</ele>
<time>2026-08-27T19:15:54.82-06:00</time>
<extensions>
<gpxtpx:TrackPointExtension>
<gpxtpx:speed>5.57</gpxtpx:speed>
</gpxtpx:TrackPointExtension>
<opentracks:accuracy_horizontal>4.248</opentracks:accuracy_horizontal></extensions>
</trkpt>
<trkpt lat="50.460649" lon="-104.542852">
<ele>564</ele>
<time>2026-08-27T19:15:56.822-06:00</time>
<extensions>
<gpxtpx:TrackPointExtension>
<gpxtpx:speed>5.61</gpxtpx:speed>
</gpxtpx:TrackPointExtension>
<opentracks:accuracy_horizontal>4.246</opentracks:accuracy_horizontal></extensions>
</trkpt>
<trkpt lat="50.460753" lon="-104.542854">
<ele>564</ele>
<time>2026-08-27T19:15:58.823-06:00</time>
<extensions>
<gpxtpx:TrackPointExtension>
<gpxtpx:speed>5.22</gpxtpx:speed>
</gpxtpx:TrackPointExtension>
<opentracks:accuracy_horizontal>4.314</opentracks:accuracy_horizontal></extensions>
</trkpt>
<trkpt lat="50.460858" lon="-104.542802">
<ele>563.3</ele>
<time>2026-08-27T19:16:00.806-06:00</time>
<extensions>
<gpxtpx:TrackPointExtension>
<gpxtpx:speed>5.41</gpxtpx:speed>
</gpxtpx:TrackPointExtension>
<opentracks:accuracy_horizontal>4.382</opentracks:accuracy_horizontal></extensions>
</trkpt>
<trkpt lat="50.460924" lon="-104.542634">
<ele>563.3</ele>
<time>2026-08-27T19:16:02.819-06:00</time>
<extensions>
<gpxtpx:TrackPointExtension>
<gpxtpx:speed>5.99</gpxtpx:speed>
</gpxtpx:TrackPointExtension>
<opentracks:accuracy_horizontal>4.589</opentracks:accuracy_horizontal></extensions>
</trkpt>
<trkpt lat="50.46092" lon="-104.542421">
<ele>562.1</ele>
<time>2026-08-27T19:16:04.826-06:00</time>
<extensions>
<gpxtpx:TrackPointExtension>
<gpxtpx:speed>5.42</gpxtpx:speed>
</gpxtpx:TrackPointExtension>
<opentracks:accuracy_horizontal>4.512</opentracks:accuracy_horizontal></extensions>
</trkpt>
<trkpt lat="50.460888" lon="-104.542255">
<ele>560.7</ele>
<time>2026-08-27T19:16:06.812-06:00</time>
<extensions>
<gpxtpx:TrackPointExtension>
<gpxtpx:speed>4.9</gpxtpx:speed>
</gpxtpx:TrackPointExtension>
<opentracks:accuracy_horizontal>4.34</opentracks:accuracy_horizontal></extensions>
</trkpt>
<trkpt lat="50.460877" lon="-104.542063">
<ele>560.6</ele>
<time>2026-08-27T19:16:09.814-06:00</time>
<extensions>
<gpxtpx:TrackPointExtension>
<gpxtpx:speed>4.02</gpxtpx:speed>
</gpxtpx:TrackPointExtension>
<opentracks:accuracy_horizontal>4.029</opentracks:accuracy_horizontal></extensions>
</trkpt>
<trkpt lat="50.460887" lon="-104.541903">
<ele>561.4</ele>
<time>2026-08-27T19:16:13.798-06:00</time>
<extensions>
<gpxtpx:TrackPointExtension>
<gpxtpx:speed>1.88</gpxtpx:speed>
</gpxtpx:TrackPointExtension>
<opentracks:accuracy_horizontal>4.026</opentracks:accuracy_horizontal></extensions>
</trkpt>
<trkpt lat="50.460869" lon="-104.541758">
<ele>561.5</ele>
<time>2026-08-27T19:16:18.82-06:00</time>
<extensions>
<gpxtpx:TrackPointExtension>
<gpxtpx:speed>2.47</gpxtpx:speed>
</gpxtpx:TrackPointExtension>
<opentracks:accuracy_horizontal>4.055</opentracks:accuracy_horizontal></extensions>
</trkpt>
<trkpt lat="50.460952" lon="-104.541674">
<ele>561.9</ele>
<time>2026-08-27T19:16:22.804-06:00</time>
<extensions>
<gpxtpx:TrackPointExtension>
<gpxtpx:speed>3.86</gpxtpx:speed>
</gpxtpx:TrackPointExtension>
<opentracks:accuracy_horizontal>4.123</opentracks:accuracy_horizontal></extensions>
</trkpt>
<trkpt lat="50.461068" lon="-104.541683">
<ele>561.3</ele>
<time>2026-08-27T19:16:25.81-06:00</time>
<extensions>
<gpxtpx:TrackPointExtension>
<gpxtpx:speed>4.32</gpxtpx:speed>
</gpxtpx:TrackPointExtension>
<opentracks:accuracy_horizontal>4.363</opentracks:accuracy_horizontal></extensions>
</trkpt>
<trkpt lat="50.461173" lon="-104.541747">
<ele>560.9</ele>
<time>2026-08-27T19:16:28.799-06:00</time>
<extensions>
<gpxtpx:TrackPointExtension>
<gpxtpx:speed>4.72</gpxtpx:speed>
</gpxtpx:TrackPointExtension>
<opentracks:accuracy_horizontal>4.179</opentracks:accuracy_horizontal></extensions>
</trkpt>
<trkpt lat="50.461302" lon="-104.541732">
<ele>561.8</ele>
<time>2026-08-27T19:16:31.821-06:00</time>
<extensions>
<gpxtpx:TrackPointExtension>
<gpxtpx:speed>4.51</gpxtpx:speed>
</gpxtpx:TrackPointExtension>
<opentracks:accuracy_horizontal>4.114</opentracks:accuracy_horizontal></extensions>
</trkpt>
<trkpt lat="50.461436" lon="-104.541734">
<ele>561.8</ele>
<time>2026-08-27T19:16:34.812-06:00</time>
<extensions>
<gpxtpx:TrackPointExtension>
<gpxtpx:speed>5.4</gpxtpx:speed>
</gpxtpx:TrackPointExtension>
<opentracks:accuracy_horizontal>3.957</opentracks:accuracy_horizontal></extensions>
</trkpt>
<trkpt lat="50.461541" lon="-104.541736">
<ele>562</ele>
<time>2026-08-27T19:16:36.816-06:00</time>
<extensions>
<gpxtpx:TrackPointExtension>
<gpxtpx:speed>5.54</gpxtpx:speed>
</gpxtpx:TrackPointExtension>
<opentracks:accuracy_horizontal>4.123</opentracks:accuracy_horizontal></extensions>
</trkpt>
<trkpt lat="50.461659" lon="-104.541735">
<ele>561.5</ele>
<time>2026-08-27T19:16:38.82-06:00</time>
<extensions>
<gpxtpx:TrackPointExtension>
<gpxtpx:speed>6.53</gpxtpx:speed>
</gpxtpx:TrackPointExtension>
<opentracks:accuracy_horizontal>4.246</opentracks:accuracy_horizontal></extensions>
</trkpt>
<trkpt lat="50.461784" lon="-104.541739">
<ele>561.2</ele>
<time>2026-08-27T19:16:40.795-06:00</time>
<extensions>
<gpxtpx:TrackPointExtension>
<gpxtpx:speed>6.32</gpxtpx:speed>
</gpxtpx:TrackPointExtension>
<opentracks:accuracy_horizontal>4.234</opentracks:accuracy_horizontal></extensions>
</trkpt>
<trkpt lat="50.4619" lon="-104.541724">
<ele>561.6</ele>
<time>2026-08-27T19:16:42.796-06:00</time>
<extensions>
<gpxtpx:TrackPointExtension>
<gpxtpx:speed>6.42</gpxtpx:speed>
</gpxtpx:TrackPointExtension>
<opentracks:accuracy_horizontal>4.257</opentracks:accuracy_horizontal></extensions>
</trkpt>
<trkpt lat="50.462016" lon="-104.541728">
<ele>562.9</ele>
<time>2026-08-27T19:16:44.819-06:00</time>
<extensions>
<gpxtpx:TrackPointExtension>
<gpxtpx:speed>6.89</gpxtpx:speed>
</gpxtpx:TrackPointExtension>
<opentracks:accuracy_horizontal>4.279</opentracks:accuracy_horizontal></extensions>
</trkpt>
<trkpt lat="50.462139" lon="-104.541697">
<ele>563.4</ele>
<time>2026-08-27T19:16:46.84-06:00</time>
<extensions>
<gpxtpx:TrackPointExtension>
<gpxtpx:speed>6.99</gpxtpx:speed>
</gpxtpx:TrackPointExtension>
<opentracks:accuracy_horizontal>4.301</opentracks:accuracy_horizontal></extensions>
</trkpt>
<trkpt lat="50.462264" lon="-104.541683">
<ele>563.2</ele>
<time>2026-08-27T19:16:48.813-06:00</time>
<extensions>
<gpxtpx:TrackPointExtension>
<gpxtpx:speed>7.17</gpxtpx:speed>
</gpxtpx:TrackPointExtension>
<opentracks:accuracy_horizontal>4.444</opentracks:accuracy_horizontal></extensions>
</trkpt>
<trkpt lat="50.462392" lon="-104.541709">
<ele>562.9</ele>
<time>2026-08-27T19:16:50.82-06:00</time>
<extensions>
<gpxtpx:TrackPointExtension>
<gpxtpx:speed>6.79</gpxtpx:speed>
</gpxtpx:TrackPointExtension>
<opentracks:accuracy_horizontal>4.403</opentracks:accuracy_horizontal></extensions>
</trkpt>
<trkpt lat="50.462507" lon="-104.54172">
<ele>562.5</ele>
<time>2026-08-27T19:16:52.813-06:00</time>
<extensions>
<gpxtpx:TrackPointExtension>
<gpxtpx:speed>6.18</gpxtpx:speed>
</gpxtpx:TrackPointExtension>
<opentracks:accuracy_horizontal>4.584</opentracks:accuracy_horizontal></extensions>
</trkpt>
<trkpt lat="50.46262" lon="-104.541743">
<ele>562.7</ele>
<time>2026-08-27T19:16:54.813-06:00</time>
<extensions>
<gpxtpx:TrackPointExtension>
<gpxtpx:speed>6.94</gpxtpx:speed>
</gpxtpx:TrackPointExtension>
<opentracks:accuracy_horizontal>4.793</opentracks:accuracy_horizontal></extensions>
</trkpt>
<trkpt lat="50.462745" lon="-104.541806">
<ele>563.1</ele>
<time>2026-08-27T19:16:56.818-06:00</time>
<extensions>
<gpxtpx:TrackPointExtension>
<gpxtpx:speed>6.63</gpxtpx:speed>
</gpxtpx:TrackPointExtension>
<opentracks:accuracy_horizontal>4.361</opentracks:accuracy_horizontal></extensions>
</trkpt>
<trkpt lat="50.462847" lon="-104.541885">
<ele>562.9</ele>
<time>2026-08-27T19:16:58.822-06:00</time>
<extensions>
<gpxtpx:TrackPointExtension>
<gpxtpx:speed>6.29</gpxtpx:speed>
</gpxtpx:TrackPointExtension>
<opentracks:accuracy_horizontal>4.2</opentracks:accuracy_horizontal></extensions>
</trkpt>
<trkpt lat="50.462949" lon="-104.541938">
<ele>563</ele>
<time>2026-08-27T19:17:00.819-06:00</time>
<extensions>
<gpxtpx:TrackPointExtension>
<gpxtpx:speed>6.04</gpxtpx:speed>
</gpxtpx:TrackPointExtension>
<opentracks:accuracy_horizontal>4.312</opentracks:accuracy_horizontal></extensions>
</trkpt>
<trkpt lat="50.463066" lon="-104.541951">
<ele>564.5</ele>
<time>2026-08-27T19:17:02.817-06:00</time>
<extensions>
<gpxtpx:TrackPointExtension>
<gpxtpx:speed>5.86</gpxtpx:speed>
</gpxtpx:TrackPointExtension>
<opentracks:accuracy_horizontal>4.36</opentracks:accuracy_horizontal></extensions>
</trkpt>
<trkpt lat="50.463167" lon="-104.541989">
<ele>564.2</ele>
<time>2026-08-27T19:17:04.824-06:00</time>
<extensions>
<gpxtpx:TrackPointExtension>
<gpxtpx:speed>5.39</gpxtpx:speed>
</gpxtpx:TrackPointExtension>
<opentracks:accuracy_horizontal>4.308</opentracks:accuracy_horizontal></extensions>
</trkpt>
<trkpt lat="50.463265" lon="-104.542044">
<ele>562.3</ele>
<time>2026-08-27T19:17:07.819-06:00</time>
<extensions>
<gpxtpx:TrackPointExtension>
<gpxtpx:speed>3.19</gpxtpx:speed>
</gpxtpx:TrackPointExtension>
<opentracks:accuracy_horizontal>4.246</opentracks:accuracy_horizontal></extensions>
</trkpt>
<trkpt lat="50.463381" lon="-104.542">
<ele>561.5</ele>
<time>2026-08-27T19:17:12.813-06:00</time>
<extensions>
<gpxtpx:TrackPointExtension>
<gpxtpx:speed>4.36</gpxtpx:speed>
</gpxtpx:TrackPointExtension>
<opentracks:accuracy_horizontal>4.349</opentracks:accuracy_horizontal></extensions>
</trkpt>
<trkpt lat="50.46344" lon="-104.541862">
<ele>561.1</ele>
<time>2026-08-27T19:17:14.82-06:00</time>
<extensions>
<gpxtpx:TrackPointExtension>
<gpxtpx:speed>5.16</gpxtpx:speed>
</gpxtpx:TrackPointExtension>
<opentracks:accuracy_horizontal>4.193</opentracks:accuracy_horizontal></extensions>
</trkpt>
<trkpt lat="50.463469" lon="-104.541701">
<ele>560.5</ele>
<time>2026-08-27T19:17:16.812-06:00</time>
<extensions>
<gpxtpx:TrackPointExtension>
<gpxtpx:speed>5.59</gpxtpx:speed>
</gpxtpx:TrackPointExtension>
<opentracks:accuracy_horizontal>4.043</opentracks:accuracy_horizontal></extensions>
</trkpt>
<trkpt lat="50.463489" lon="-104.541524">
<ele>560.2</ele>
<time>2026-08-27T19:17:18.816-06:00</time>
<extensions>
<gpxtpx:TrackPointExtension>
<gpxtpx:speed>5.7</gpxtpx:speed>
</gpxtpx:TrackPointExtension>
<opentracks:accuracy_horizontal>4.033</opentracks:accuracy_horizontal></extensions>
</trkpt>
<trkpt lat="50.463514" lon="-104.541352">
<ele>560</ele>
<time>2026-08-27T19:17:20.819-06:00</time>
<extensions>
<gpxtpx:TrackPointExtension>
<gpxtpx:speed>5.88</gpxtpx:speed>
</gpxtpx:TrackPointExtension>
<opentracks:accuracy_horizontal>4.035</opentracks:accuracy_horizontal></extensions>
</trkpt>
<trkpt lat="50.463555" lon="-104.541186">
<ele>560.5</ele>
<time>2026-08-27T19:17:22.82-06:00</time>
<extensions>
<gpxtpx:TrackPointExtension>
<gpxtpx:speed>5.91</gpxtpx:speed>
</gpxtpx:TrackPointExtension>
<opentracks:accuracy_horizontal>4.042</opentracks:accuracy_horizontal></extensions>
</trkpt>
<trkpt lat="50.463596" lon="-104.541021">
<ele>561.7</ele>
<time>2026-08-27T19:17:24.814-06:00</time>
<extensions>
<gpxtpx:TrackPointExtension>
<gpxtpx:speed>6.29</gpxtpx:speed>
</gpxtpx:TrackPointExtension>
<opentracks:accuracy_horizontal>4.099</opentracks:accuracy_horizontal></extensions>
</trkpt>
<trkpt lat="50.463628" lon="-104.540834">
<ele>563</ele>
<time>2026-08-27T19:17:26.8-06:00</time>
<extensions>
<gpxtpx:TrackPointExtension>
<gpxtpx:speed>6.55</gpxtpx:speed>
</gpxtpx:TrackPointExtension>
<opentracks:accuracy_horizontal>4.127</opentracks:accuracy_horizontal></extensions>
</trkpt>
<trkpt lat="50.463635" lon="-104.540652">
<ele>562.7</ele>
<time>2026-08-27T19:17:28.827-06:00</time>
<extensions>
<gpxtpx:TrackPointExtension>
<gpxtpx:speed>5.8</gpxtpx:speed>
</gpxtpx:TrackPointExtension>
<opentracks:accuracy_horizontal>4.097</opentracks:accuracy_horizontal></extensions>
</trkpt>
<trkpt lat="50.46364" lon="-104.540497">
<ele>563.1</ele>
<time>2026-08-27T19:17:30.818-06:00</time>
<extensions>
<gpxtpx:TrackPointExtension>
<gpxtpx:speed>5.39</gpxtpx:speed>
</gpxtpx:TrackPointExtension>
<opentracks:accuracy_horizontal>4.048</opentracks:accuracy_horizontal></extensions>
</trkpt>
<trkpt lat="50.463634" lon="-104.540335">
<ele>563.4</ele>
<time>2026-08-27T19:17:32.824-06:00</time>
<extensions>
<gpxtpx:TrackPointExtension>
<gpxtpx:speed>5.67</gpxtpx:speed>
</gpxtpx:TrackPointExtension>
<opentracks:accuracy_horizontal>4.051</opentracks:accuracy_horizontal></extensions>
</trkpt>
<trkpt lat="50.463608" lon="-104.540179">
<ele>563</ele>
<time>2026-08-27T19:17:34.833-06:00</time>
<extensions>
<gpxtpx:TrackPointExtension>
<gpxtpx:speed>5.37</gpxtpx:speed>
</gpxtpx:TrackPointExtension>
<opentracks:accuracy_horizontal>4.092</opentracks:accuracy_horizontal></extensions>
</trkpt>
<trkpt lat="50.463577" lon="-104.540037">
<ele>563.3</ele>
<time>2026-08-27T19:17:36.818-06:00</time>
<extensions>
<gpxtpx:TrackPointExtension>
<gpxtpx:speed>5.03</gpxtpx:speed>
</gpxtpx:TrackPointExtension>
<opentracks:accuracy_horizontal>4.128</opentracks:accuracy_horizontal></extensions>
</trkpt>
<trkpt lat="50.463537" lon="-104.539845">
<ele>563.9</ele>
<time>2026-08-27T19:17:39.805-06:00</time>
<extensions>
<gpxtpx:TrackPointExtension>
<gpxtpx:speed>4.64</gpxtpx:speed>
</gpxtpx:TrackPointExtension>
<opentracks:accuracy_horizontal>4.135</opentracks:accuracy_horizontal></extensions>
</trkpt>
<trkpt lat="50.463519" lon="-104.539648">
<ele>563.2</ele>
<time>2026-08-27T19:17:42.815-06:00</time>
<extensions>
<gpxtpx:TrackPointExtension>
<gpxtpx:speed>4.75</gpxtpx:speed>
</gpxtpx:TrackPointExtension>
<opentracks:accuracy_horizontal>3.966</opentracks:accuracy_horizontal></extensions>
</trkpt>
<trkpt lat="50.463575" lon="-104.539487">
<ele>564</ele>
<time>2026-08-27T19:17:45.812-06:00</time>
<extensions>
<gpxtpx:TrackPointExtension>
<gpxtpx:speed>4.72</gpxtpx:speed>
</gpxtpx:TrackPointExtension>
<opentracks:accuracy_horizontal>4.391</opentracks:accuracy_horizontal></extensions>
</trkpt>
<trkpt lat="50.463678" lon="-104.539461">
<ele>564.8</ele>
<time>2026-08-27T19:17:47.815-06:00</time>
<extensions>
<gpxtpx:TrackPointExtension>
<gpxtpx:speed>5.48</gpxtpx:speed>
</gpxtpx:TrackPointExtension>
<opentracks:accuracy_horizontal>4.461</opentracks:accuracy_horizontal></extensions>
</trkpt>
<trkpt lat="50.463765" lon="-104.539412">
<ele>565.1</ele>
<time>2026-08-27T19:17:49.824-06:00</time>
<extensions>
<gpxtpx:TrackPointExtension>
<gpxtpx:speed>4.75</gpxtpx:speed>
</gpxtpx:TrackPointExtension>
<opentracks:accuracy_horizontal>4.428</opentracks:accuracy_horizontal></extensions>
</trkpt>
<trkpt lat="50.463849" lon="-104.539329">
<ele>565</ele>
<time>2026-08-27T19:17:51.817-06:00</time>
<extensions>
<gpxtpx:TrackPointExtension>
<gpxtpx:speed>5.51</gpxtpx:speed>
</gpxtpx:TrackPointExtension>
<opentracks:accuracy_horizontal>4.413</opentracks:accuracy_horizontal></extensions>
</trkpt>
<trkpt lat="50.463949" lon="-104.539234">
<ele>565.4</ele>
<time>2026-08-27T19:17:53.811-06:00</time>
<extensions>
<gpxtpx:TrackPointExtension>
<gpxtpx:speed>5.92</gpxtpx:speed>
</gpxtpx:TrackPointExtension>
<opentracks:accuracy_horizontal>4.381</opentracks:accuracy_horizontal></extensions>
</trkpt>
<trkpt lat="50.46405" lon="-104.539141">
<ele>565.5</ele>
<time>2026-08-27T19:17:55.82-06:00</time>
<extensions>
<gpxtpx:TrackPointExtension>
<gpxtpx:speed>6.04</gpxtpx:speed>
</gpxtpx:TrackPointExtension>
<opentracks:accuracy_horizontal>4.418</opentracks:accuracy_horizontal></extensions>
</trkpt>
<trkpt lat="50.464136" lon="-104.539059">
<ele>565.5</ele>
<time>2026-08-27T19:17:57.827-06:00</time>
<extensions>
<gpxtpx:TrackPointExtension>
<gpxtpx:speed>5.54</gpxtpx:speed>
</gpxtpx:TrackPointExtension>
<opentracks:accuracy_horizontal>4.568</opentracks:accuracy_horizontal></extensions>
</trkpt>
<trkpt lat="50.464224" lon="-104.538983">
<ele>565.1</ele>
<time>2026-08-27T19:17:59.812-06:00</time>
<extensions>
<gpxtpx:TrackPointExtension>
<gpxtpx:speed>5.39</gpxtpx:speed>
</gpxtpx:TrackPointExtension>
<opentracks:accuracy_horizontal>4.698</opentracks:accuracy_horizontal></extensions>
</trkpt>
<trkpt lat="50.464307" lon="-104.538875">
<ele>565.3</ele>
<time>2026-08-27T19:18:01.816-06:00</time>
<extensions>
<gpxtpx:TrackPointExtension>
<gpxtpx:speed>5.24</gpxtpx:speed>
</gpxtpx:TrackPointExtension>
<opentracks:accuracy_horizontal>4.83</opentracks:accuracy_horizontal></extensions>
</trkpt>
<trkpt lat="50.464376" lon="-104.538779">
<ele>565.6</ele>
<time>2026-08-27T19:18:03.808-06:00</time>
<extensions>
<gpxtpx:TrackPointExtension>
<gpxtpx:speed>5.24</gpxtpx:speed>
</gpxtpx:TrackPointExtension>
<opentracks:accuracy_horizontal>4.913</opentracks:accuracy_horizontal></extensions>
</trkpt>
<trkpt lat="50.464457" lon="-104.538702">
<ele>566</ele>
<time>2026-08-27T19:18:05.823-06:00</time>
<extensions>
<gpxtpx:TrackPointExtension>
<gpxtpx:speed>5.34</gpxtpx:speed>
</gpxtpx:TrackPointExtension>
<opentracks:accuracy_horizontal>5.05</opentracks:accuracy_horizontal></extensions>
</trkpt>
<trkpt lat="50.464539" lon="-104.5386">
<ele>566.7</ele>
<time>2026-08-27T19:18:07.819-06:00</time>
<extensions>
<gpxtpx:TrackPointExtension>
<gpxtpx:speed>5.43</gpxtpx:speed>
</gpxtpx:TrackPointExtension>
<opentracks:accuracy_horizontal>4.841</opentracks:accuracy_horizontal></extensions>
</trkpt>
<trkpt lat="50.464614" lon="-104.538465">
<ele>566.5</ele>
<time>2026-08-27T19:18:09.818-06:00</time>
<extensions>
<gpxtpx:TrackPointExtension>
<gpxtpx:speed>5.31</gpxtpx:speed>
</gpxtpx:TrackPointExtension>
<opentracks:accuracy_horizontal>4.707</opentracks:accuracy_horizontal></extensions>
</trkpt>
<trkpt lat="50.464673" lon="-104.538318">
<ele>565.3</ele>
<time>2026-08-27T19:18:11.826-06:00</time>
<extensions>
<gpxtpx:TrackPointExtension>
<gpxtpx:speed>4.99</gpxtpx:speed>
</gpxtpx:TrackPointExtension>
<opentracks:accuracy_horizontal>4.546</opentracks:accuracy_horizontal></extensions>
</trkpt>
<trkpt lat="50.464709" lon="-104.538181">
<ele>564.8</ele>
<time>2026-08-27T19:18:13.814-06:00</time>
<extensions>
<gpxtpx:TrackPointExtension>
<gpxtpx:speed>4.7</gpxtpx:speed>
</gpxtpx:TrackPointExtension>
<opentracks:accuracy_horizontal>4.263</opentracks:accuracy_horizontal></extensions>
</trkpt>
<trkpt lat="50.464743" lon="-104.538044">
<ele>564.5</ele>
<time>2026-08-27T19:18:15.816-06:00</time>
<extensions>
<gpxtpx:TrackPointExtension>
<gpxtpx:speed>4.89</gpxtpx:speed>
</gpxtpx:TrackPointExtension>
<opentracks:accuracy_horizontal>3.961</opentracks:accuracy_horizontal></extensions>
</trkpt>
<trkpt lat="50.464787" lon="-104.537871">
<ele>564.1</ele>
<time>2026-08-27T19:18:18.816-06:00</time>
<extensions>
<gpxtpx:TrackPointExtension>
<gpxtpx:speed>4.03</gpxtpx:speed>
</gpxtpx:TrackPointExtension>
<opentracks:accuracy_horizontal>4.008</opentracks:accuracy_horizontal></extensions>
</trkpt>
<trkpt lat="50.464841" lon="-104.537724">
<ele>563.8</ele>
<time>2026-08-27T19:18:21.808-06:00</time>
<extensions>
<gpxtpx:TrackPointExtension>
<gpxtpx:speed>4.1</gpxtpx:speed>
</gpxtpx:TrackPointExtension>
<opentracks:accuracy_horizontal>4.043</opentracks:accuracy_horizontal></extensions>
</trkpt>
<trkpt lat="50.464891" lon="-104.53758">
<ele>563.5</ele>
<time>2026-08-27T19:18:24.817-06:00</time>
<extensions>
<gpxtpx:TrackPointExtension>
<gpxtpx:speed>3.65</gpxtpx:speed>
</gpxtpx:TrackPointExtension>
<opentracks:accuracy_horizontal>4.043</opentracks:accuracy_horizontal></extensions>
</trkpt>
<trkpt lat="50.46492" lon="-104.537436">
<ele>564</ele>
<time>2026-08-27T19:18:27.824-06:00</time>
<extensions>
<gpxtpx:TrackPointExtension>
<gpxtpx:speed>3.14</gpxtpx:speed>
</gpxtpx:TrackPointExtension>
<opentracks:accuracy_horizontal>4.603</opentracks:accuracy_horizontal></extensions>
</trkpt>
<trkpt lat="50.464944" lon="-104.53728">
<ele>564.7</ele>
<time>2026-08-27T19:18:31.826-06:00</time>
<extensions>
<gpxtpx:TrackPointExtension>
<gpxtpx:speed>2.69</gpxtpx:speed>
</gpxtpx:TrackPointExtension>
<opentracks:accuracy_horizontal>4.226</opentracks:accuracy_horizontal></extensions>
</trkpt>
<trkpt lat="50.464962" lon="-104.537122">
<ele>564</ele>
<time>2026-08-27T19:18:35.811-06:00</time>
<extensions>
<gpxtpx:TrackPointExtension>
<gpxtpx:speed>2.03</gpxtpx:speed>
</gpxtpx:TrackPointExtension>
<opentracks:accuracy_horizontal>4.294</opentracks:accuracy_horizontal></extensions>
</trkpt>
<trkpt lat="50.465052" lon="-104.537099">
<ele>565.3</ele>
<time>2026-08-27T19:18:44.833-06:00</time>
<extensions>
<gpxtpx:TrackPointExtension>
<gpxtpx:speed>0.85</gpxtpx:speed>
</gpxtpx:TrackPointExtension>
<opentracks:accuracy_horizontal>4.435</opentracks:accuracy_horizontal></extensions>
</trkpt>
<trkpt lat="50.465063" lon="-104.537105">
<ele>565.7</ele>
<time>2026-08-27T19:18:54.817-06:00</time>
<extensions>
<gpxtpx:TrackPointExtension>
<gpxtpx:speed>0</gpxtpx:speed>
</gpxtpx:TrackPointExtension>
<opentracks:accuracy_horizontal>3.954</opentracks:accuracy_horizontal></extensions>
</trkpt>
<trkpt lat="50.465161" lon="-104.537087">
<ele>563.8</ele>
<time>2026-08-27T19:19:59.866-06:00</time>
<extensions>
<gpxtpx:TrackPointExtension>
<gpxtpx:speed>1.54</gpxtpx:speed>
</gpxtpx:TrackPointExtension>
<opentracks:accuracy_horizontal>5.96</opentracks:accuracy_horizontal></extensions>
</trkpt>
<trkpt lat="50.465144" lon="-104.53705">
<ele>563.1</ele>
<time>2026-08-27T19:20:09.87-06:00</time>
<extensions>
<gpxtpx:TrackPointExtension>
<gpxtpx:speed>0</gpxtpx:speed>
</gpxtpx:TrackPointExtension>
<opentracks:accuracy_horizontal>6.99</opentracks:accuracy_horizontal></extensions>
</trkpt>
<trkpt lat="50.465144" lon="-104.53705">
<ele>563.1</ele>
<time>2026-08-27T19:20:11.789-06:00</time>
<extensions>
<gpxtpx:TrackPointExtension>
<gpxtpx:speed>0</gpxtpx:speed>
</gpxtpx:TrackPointExtension>
<opentracks:accuracy_horizontal>6.315</opentracks:accuracy_horizontal></extensions>
</trkpt>
</trkseg>
</trk>
</gpx>
