<?xml version="1.0" encoding="UTF-8"?>
<gpx
version="1.1"
creator="OpenTracks"
xmlns="http://www.topografix.com/GPX/1/1"
xmlns:topografix="http://www.topografix.com/GPX/Private/TopoGrafix/0/1"
xmlns:xsi="http://www.w3.org/2001/XMLSchema-instance"
xmlns:opentracks="http://opentracksapp.com/xmlschemas/v1"
xmlns:gpxtpx="http://www.garmin.com/xmlschemas/TrackPointExtension/v2"
xmlns:gpxtrkx="http://www.garmin.com/xmlschemas/TrackStatsExtension/v1"
xmlns:cluetrust="http://www.cluetrust.com/Schemas/"
xmlns:pwr="http://www.garmin.com/xmlschemas/PowerExtension/v1"
xsi:schemaLocation="http://www.topografix.com/GPX/1/1 http://www.topografix.com/GPX/1/1/gpx.xsd http://www.topografix.com/GPX/Private/TopoGrafix/0/1 http://www.topografix.com/GPX/Private/TopoGrafix/0/1/topografix.xsd http://www.garmin.com/xmlschemas/TrackPointExtension/v2 https://www8.garmin.com/xmlschemas/TrackPointExtensionv2.xsd http://www.garmin.com/xmlschemas/PowerExtension/v1 https://www8.garmin.com/xmlschemas/PowerExtensionv1.xsd http://www.garmin.com/xmlschemas/TrackStatsExtension/v1 https://www8.garmin.com/xmlschemas/TrackStatsExtension.xsd http://www.cluetrust.com/Schemas https://www.cluetrust.com/Schemas/gpxdata10.xsd http://opentracksapp.com/xmlschemas/v1 http://opentracksapp.com/xmlschemas/OpenTracks_v1.xsd">
<trk>
<name><![CDATA[2026-09-27T07:22-06]]></name>
<desc><![CDATA[]]></desc>
<type><![CDATA[unknown]]></type>
<extensions>
<topografix:color>c0c0c0</topografix:color>
<opentracks:trackid>7fad2122-d821-42dc-b68f-4e63c384058c</opentracks:trackid>
<opentracks:typeTranslated><![CDATA[unknown]]></opentracks:typeTranslated>
<gpxtrkx:TrackStatsExtension>
<gpxtrkx:Distance>23110.291015625</gpxtrkx:Distance>
<gpxtrkx:TotalElapsedTime>6979</gpxtrkx:TotalElapsedTime>
<gpxtrkx:MovingTime>5344</gpxtrkx:MovingTime>
<gpxtrkx:StoppedTime>1634</gpxtrkx:StoppedTime>
<gpxtrkx:MaxSpeed>11.309999465942383</gpxtrkx:MaxSpeed>
<gpxtrkx:MovingSpeed>4.323846003350705</gpxtrkx:MovingSpeed>
</gpxtrkx:TrackStatsExtension>
</extensions>
<trkseg>
<trkpt lat="50.465121" lon="-104.53712">
<ele>574</ele>
<time>2026-09-27T07:22:34.965-06:00</time>
<extensions>
<gpxtpx:TrackPointExtension>
<gpxtpx:speed>1.22</gpxtpx:speed>
</gpxtpx:TrackPointExtension>
<opentracks:accuracy_horizontal>11.224</opentracks:accuracy_horizontal></extensions>
</trkpt>
<trkpt lat="50.465136" lon="-104.537103">
<ele>564</ele>
<time>2026-09-27T07:22:44.044-06:00</time>
<extensions>
<gpxtpx:TrackPointExtension>
<gpxtpx:speed>0.05</gpxtpx:speed>
</gpxtpx:TrackPointExtension>
<opentracks:accuracy_horizontal>4.082</opentracks:accuracy_horizontal></extensions>
</trkpt>
<trkpt lat="50.465055" lon="-104.53703">
<ele>563</ele>
<time>2026-09-27T07:23:35.024-06:00</time>
<extensions>
<gpxtpx:TrackPointExtension>
<gpxtpx:speed>1.74</gpxtpx:speed>
</gpxtpx:TrackPointExtension>
<opentracks:accuracy_horizontal>5.102</opentracks:accuracy_horizontal></extensions>
</trkpt>
<trkpt lat="50.464966" lon="-104.536971">
<ele>562</ele>
<time>2026-09-27T07:23:42.038-06:00</time>
<extensions>
<gpxtpx:TrackPointExtension>
<gpxtpx:speed>0.81</gpxtpx:speed>
</gpxtpx:TrackPointExtension>
<opentracks:accuracy_horizontal>4.592</opentracks:accuracy_horizontal></extensions>
</trkpt>
<trkpt lat="50.46494" lon="-104.536816">
<ele>563</ele>
<time>2026-09-27T07:23:49.036-06:00</time>
<extensions>
<gpxtpx:TrackPointExtension>
<gpxtpx:speed>3.19</gpxtpx:speed>
</gpxtpx:TrackPointExtension>
<opentracks:accuracy_horizontal>5.102</opentracks:accuracy_horizontal></extensions>
</trkpt>
<trkpt lat="50.464875" lon="-104.5367">
<ele>562</ele>
<time>2026-09-27T07:23:53.027-06:00</time>
<extensions>
<gpxtpx:TrackPointExtension>
<gpxtpx:speed>3.63</gpxtpx:speed>
</gpxtpx:TrackPointExtension>
<opentracks:accuracy_horizontal>4.082</opentracks:accuracy_horizontal></extensions>
</trkpt>
<trkpt lat="50.464786" lon="-104.536657">
<ele>563</ele>
<time>2026-09-27T07:23:56.035-06:00</time>
<extensions>
<gpxtpx:TrackPointExtension>
<gpxtpx:speed>3.65</gpxtpx:speed>
</gpxtpx:TrackPointExtension>
<opentracks:accuracy_horizontal>5.612</opentracks:accuracy_horizontal></extensions>
</trkpt>
<trkpt lat="50.464682" lon="-104.536613">
<ele>563</ele>
<time>2026-09-27T07:23:59.035-06:00</time>
<extensions>
<gpxtpx:TrackPointExtension>
<gpxtpx:speed>4.02</gpxtpx:speed>
</gpxtpx:TrackPointExtension>
<opentracks:accuracy_horizontal>4.592</opentracks:accuracy_horizontal></extensions>
</trkpt>
<trkpt lat="50.464581" lon="-104.536567">
<ele>564</ele>
<time>2026-09-27T07:24:02.038-06:00</time>
<extensions>
<gpxtpx:TrackPointExtension>
<gpxtpx:speed>3.7</gpxtpx:speed>
</gpxtpx:TrackPointExtension>
<opentracks:accuracy_horizontal>3.571</opentracks:accuracy_horizontal></extensions>
</trkpt>
<trkpt lat="50.464492" lon="-104.536517">
<ele>563</ele>
<time>2026-09-27T07:24:05.028-06:00</time>
<extensions>
<gpxtpx:TrackPointExtension>
<gpxtpx:speed>3.66</gpxtpx:speed>
</gpxtpx:TrackPointExtension>
<opentracks:accuracy_horizontal>3.061</opentracks:accuracy_horizontal></extensions>
</trkpt>
<trkpt lat="50.464393" lon="-104.536484">
<ele>563</ele>
<time>2026-09-27T07:24:08.027-06:00</time>
<extensions>
<gpxtpx:TrackPointExtension>
<gpxtpx:speed>3.81</gpxtpx:speed>
</gpxtpx:TrackPointExtension>
<opentracks:accuracy_horizontal>4.082</opentracks:accuracy_horizontal></extensions>
</trkpt>
<trkpt lat="50.464295" lon="-104.536447">
<ele>563</ele>
<time>2026-09-27T07:24:11.033-06:00</time>
<extensions>
<gpxtpx:TrackPointExtension>
<gpxtpx:speed>3.87</gpxtpx:speed>
</gpxtpx:TrackPointExtension>
<opentracks:accuracy_horizontal>3.571</opentracks:accuracy_horizontal></extensions>
</trkpt>
<trkpt lat="50.464199" lon="-104.536364">
<ele>562</ele>
<time>2026-09-27T07:24:14.055-06:00</time>
<extensions>
<gpxtpx:TrackPointExtension>
<gpxtpx:speed>4.09</gpxtpx:speed>
</gpxtpx:TrackPointExtension>
<opentracks:accuracy_horizontal>3.571</opentracks:accuracy_horizontal></extensions>
</trkpt>
<trkpt lat="50.464093" lon="-104.536316">
<ele>562</ele>
<time>2026-09-27T07:24:17.048-06:00</time>
<extensions>
<gpxtpx:TrackPointExtension>
<gpxtpx:speed>3.78</gpxtpx:speed>
</gpxtpx:TrackPointExtension>
<opentracks:accuracy_horizontal>2.551</opentracks:accuracy_horizontal></extensions>
</trkpt>
<trkpt lat="50.463984" lon="-104.536276">
<ele>563</ele>
<time>2026-09-27T07:24:20.036-06:00</time>
<extensions>
<gpxtpx:TrackPointExtension>
<gpxtpx:speed>3.95</gpxtpx:speed>
</gpxtpx:TrackPointExtension>
<opentracks:accuracy_horizontal>4.082</opentracks:accuracy_horizontal></extensions>
</trkpt>
<trkpt lat="50.463874" lon="-104.536252">
<ele>563</ele>
<time>2026-09-27T07:24:23.014-06:00</time>
<extensions>
<gpxtpx:TrackPointExtension>
<gpxtpx:speed>3.91</gpxtpx:speed>
</gpxtpx:TrackPointExtension>
<opentracks:accuracy_horizontal>4.592</opentracks:accuracy_horizontal></extensions>
</trkpt>
<trkpt lat="50.463769" lon="-104.536205">
<ele>564</ele>
<time>2026-09-27T07:24:26.035-06:00</time>
<extensions>
<gpxtpx:TrackPointExtension>
<gpxtpx:speed>3.71</gpxtpx:speed>
</gpxtpx:TrackPointExtension>
<opentracks:accuracy_horizontal>4.082</opentracks:accuracy_horizontal></extensions>
</trkpt>
<trkpt lat="50.463671" lon="-104.536155">
<ele>564</ele>
<time>2026-09-27T07:24:29.031-06:00</time>
<extensions>
<gpxtpx:TrackPointExtension>
<gpxtpx:speed>3.79</gpxtpx:speed>
</gpxtpx:TrackPointExtension>
<opentracks:accuracy_horizontal>4.592</opentracks:accuracy_horizontal></extensions>
</trkpt>
<trkpt lat="50.463575" lon="-104.53618">
<ele>564</ele>
<time>2026-09-27T07:24:32.03-06:00</time>
<extensions>
<gpxtpx:TrackPointExtension>
<gpxtpx:speed>4</gpxtpx:speed>
</gpxtpx:TrackPointExtension>
<opentracks:accuracy_horizontal>5.102</opentracks:accuracy_horizontal></extensions>
</trkpt>
<trkpt lat="50.46351" lon="-104.536323">
<ele>563</ele>
<time>2026-09-27T07:24:35.039-06:00</time>
<extensions>
<gpxtpx:TrackPointExtension>
<gpxtpx:speed>4.52</gpxtpx:speed>
</gpxtpx:TrackPointExtension>
<opentracks:accuracy_horizontal>4.592</opentracks:accuracy_horizontal></extensions>
</trkpt>
<trkpt lat="50.463471" lon="-104.536507">
<ele>563</ele>
<time>2026-09-27T07:24:38.039-06:00</time>
<extensions>
<gpxtpx:TrackPointExtension>
<gpxtpx:speed>4.68</gpxtpx:speed>
</gpxtpx:TrackPointExtension>
<opentracks:accuracy_horizontal>2.551</opentracks:accuracy_horizontal></extensions>
</trkpt>
<trkpt lat="50.463444" lon="-104.536707">
<ele>563</ele>
<time>2026-09-27T07:24:41.024-06:00</time>
<extensions>
<gpxtpx:TrackPointExtension>
<gpxtpx:speed>5.02</gpxtpx:speed>
</gpxtpx:TrackPointExtension>
<opentracks:accuracy_horizontal>1.531</opentracks:accuracy_horizontal></extensions>
</trkpt>
<trkpt lat="50.463416" lon="-104.536846">
<ele>563</ele>
<time>2026-09-27T07:24:43.035-06:00</time>
<extensions>
<gpxtpx:TrackPointExtension>
<gpxtpx:speed>4.75</gpxtpx:speed>
</gpxtpx:TrackPointExtension>
<opentracks:accuracy_horizontal>4.592</opentracks:accuracy_horizontal></extensions>
</trkpt>
<trkpt lat="50.463341" lon="-104.536998">
<ele>564</ele>
<time>2026-09-27T07:24:46.041-06:00</time>
<extensions>
<gpxtpx:TrackPointExtension>
<gpxtpx:speed>4.56</gpxtpx:speed>
</gpxtpx:TrackPointExtension>
<opentracks:accuracy_horizontal>5.102</opentracks:accuracy_horizontal></extensions>
</trkpt>
<trkpt lat="50.463243" lon="-104.537107">
<ele>563</ele>
<time>2026-09-27T07:24:49.033-06:00</time>
<extensions>
<gpxtpx:TrackPointExtension>
<gpxtpx:speed>4.66</gpxtpx:speed>
</gpxtpx:TrackPointExtension>
<opentracks:accuracy_horizontal>2.041</opentracks:accuracy_horizontal></extensions>
</trkpt>
<trkpt lat="50.463122" lon="-104.537184">
<ele>563</ele>
<time>2026-09-27T07:24:52.037-06:00</time>
<extensions>
<gpxtpx:TrackPointExtension>
<gpxtpx:speed>4.81</gpxtpx:speed>
</gpxtpx:TrackPointExtension>
<opentracks:accuracy_horizontal>1.02</opentracks:accuracy_horizontal></extensions>
</trkpt>
<trkpt lat="50.463033" lon="-104.537243">
<ele>563</ele>
<time>2026-09-27T07:24:54.028-06:00</time>
<extensions>
<gpxtpx:TrackPointExtension>
<gpxtpx:speed>5.16</gpxtpx:speed>
</gpxtpx:TrackPointExtension>
<opentracks:accuracy_horizontal>1.02</opentracks:accuracy_horizontal></extensions>
</trkpt>
<trkpt lat="50.462961" lon="-104.537327">
<ele>564</ele>
<time>2026-09-27T07:24:56.04-06:00</time>
<extensions>
<gpxtpx:TrackPointExtension>
<gpxtpx:speed>5.07</gpxtpx:speed>
</gpxtpx:TrackPointExtension>
<opentracks:accuracy_horizontal>2.041</opentracks:accuracy_horizontal></extensions>
</trkpt>
<trkpt lat="50.46286" lon="-104.537441">
<ele>564</ele>
<time>2026-09-27T07:24:59.035-06:00</time>
<extensions>
<gpxtpx:TrackPointExtension>
<gpxtpx:speed>4.5</gpxtpx:speed>
</gpxtpx:TrackPointExtension>
<opentracks:accuracy_horizontal>4.082</opentracks:accuracy_horizontal></extensions>
</trkpt>
<trkpt lat="50.462758" lon="-104.537473">
<ele>563</ele>
<time>2026-09-27T07:25:02.045-06:00</time>
<extensions>
<gpxtpx:TrackPointExtension>
<gpxtpx:speed>4.15</gpxtpx:speed>
</gpxtpx:TrackPointExtension>
<opentracks:accuracy_horizontal>2.041</opentracks:accuracy_horizontal></extensions>
</trkpt>
<trkpt lat="50.462651" lon="-104.537398">
<ele>563</ele>
<time>2026-09-27T07:25:05.026-06:00</time>
<extensions>
<gpxtpx:TrackPointExtension>
<gpxtpx:speed>4.93</gpxtpx:speed>
</gpxtpx:TrackPointExtension>
<opentracks:accuracy_horizontal>4.082</opentracks:accuracy_horizontal></extensions>
</trkpt>
<trkpt lat="50.46255" lon="-104.53725">
<ele>562</ele>
<time>2026-09-27T07:25:08.035-06:00</time>
<extensions>
<gpxtpx:TrackPointExtension>
<gpxtpx:speed>5.61</gpxtpx:speed>
</gpxtpx:TrackPointExtension>
<opentracks:accuracy_horizontal>4.082</opentracks:accuracy_horizontal></extensions>
</trkpt>
<trkpt lat="50.462504" lon="-104.537122">
<ele>562</ele>
<time>2026-09-27T07:25:10.047-06:00</time>
<extensions>
<gpxtpx:TrackPointExtension>
<gpxtpx:speed>5.39</gpxtpx:speed>
</gpxtpx:TrackPointExtension>
<opentracks:accuracy_horizontal>1.02</opentracks:accuracy_horizontal></extensions>
</trkpt>
<trkpt lat="50.462462" lon="-104.53698">
<ele>563</ele>
<time>2026-09-27T07:25:12.026-06:00</time>
<extensions>
<gpxtpx:TrackPointExtension>
<gpxtpx:speed>5.25</gpxtpx:speed>
</gpxtpx:TrackPointExtension>
<opentracks:accuracy_horizontal>1.02</opentracks:accuracy_horizontal></extensions>
</trkpt>
<trkpt lat="50.462407" lon="-104.536843">
<ele>563</ele>
<time>2026-09-27T07:25:14.046-06:00</time>
<extensions>
<gpxtpx:TrackPointExtension>
<gpxtpx:speed>5.58</gpxtpx:speed>
</gpxtpx:TrackPointExtension>
<opentracks:accuracy_horizontal>0.51</opentracks:accuracy_horizontal></extensions>
</trkpt>
<trkpt lat="50.46235" lon="-104.536705">
<ele>563</ele>
<time>2026-09-27T07:25:16.041-06:00</time>
<extensions>
<gpxtpx:TrackPointExtension>
<gpxtpx:speed>5.91</gpxtpx:speed>
</gpxtpx:TrackPointExtension>
<opentracks:accuracy_horizontal>0.51</opentracks:accuracy_horizontal></extensions>
</trkpt>
<trkpt lat="50.462285" lon="-104.536573">
<ele>562</ele>
<time>2026-09-27T07:25:18.04-06:00</time>
<extensions>
<gpxtpx:TrackPointExtension>
<gpxtpx:speed>5.94</gpxtpx:speed>
</gpxtpx:TrackPointExtension>
<opentracks:accuracy_horizontal>1.02</opentracks:accuracy_horizontal></extensions>
</trkpt>
<trkpt lat="50.462217" lon="-104.53644">
<ele>562</ele>
<time>2026-09-27T07:25:20.036-06:00</time>
<extensions>
<gpxtpx:TrackPointExtension>
<gpxtpx:speed>6.21</gpxtpx:speed>
</gpxtpx:TrackPointExtension>
<opentracks:accuracy_horizontal>1.02</opentracks:accuracy_horizontal></extensions>
</trkpt>
<trkpt lat="50.462142" lon="-104.536306">
<ele>562</ele>
<time>2026-09-27T07:25:22.05-06:00</time>
<extensions>
<gpxtpx:TrackPointExtension>
<gpxtpx:speed>6.04</gpxtpx:speed>
</gpxtpx:TrackPointExtension>
<opentracks:accuracy_horizontal>1.02</opentracks:accuracy_horizontal></extensions>
</trkpt>
<trkpt lat="50.462056" lon="-104.536199">
<ele>562</ele>
<time>2026-09-27T07:25:24.045-06:00</time>
<extensions>
<gpxtpx:TrackPointExtension>
<gpxtpx:speed>5.93</gpxtpx:speed>
</gpxtpx:TrackPointExtension>
<opentracks:accuracy_horizontal>1.02</opentracks:accuracy_horizontal></extensions>
</trkpt>
<trkpt lat="50.461971" lon="-104.536096">
<ele>562</ele>
<time>2026-09-27T07:25:26.034-06:00</time>
<extensions>
<gpxtpx:TrackPointExtension>
<gpxtpx:speed>5.95</gpxtpx:speed>
</gpxtpx:TrackPointExtension>
<opentracks:accuracy_horizontal>0.51</opentracks:accuracy_horizontal></extensions>
</trkpt>
<trkpt lat="50.461883" lon="-104.536008">
<ele>563</ele>
<time>2026-09-27T07:25:28.032-06:00</time>
<extensions>
<gpxtpx:TrackPointExtension>
<gpxtpx:speed>5.92</gpxtpx:speed>
</gpxtpx:TrackPointExtension>
<opentracks:accuracy_horizontal>1.02</opentracks:accuracy_horizontal></extensions>
</trkpt>
<trkpt lat="50.461791" lon="-104.535919">
<ele>563</ele>
<time>2026-09-27T07:25:30.04-06:00</time>
<extensions>
<gpxtpx:TrackPointExtension>
<gpxtpx:speed>5.92</gpxtpx:speed>
</gpxtpx:TrackPointExtension>
<opentracks:accuracy_horizontal>2.041</opentracks:accuracy_horizontal></extensions>
</trkpt>
<trkpt lat="50.461687" lon="-104.53586">
<ele>564</ele>
<time>2026-09-27T07:25:32.036-06:00</time>
<extensions>
<gpxtpx:TrackPointExtension>
<gpxtpx:speed>6.03</gpxtpx:speed>
</gpxtpx:TrackPointExtension>
<opentracks:accuracy_horizontal>3.571</opentracks:accuracy_horizontal></extensions>
</trkpt>
<trkpt lat="50.461576" lon="-104.535818">
<ele>564</ele>
<time>2026-09-27T07:25:34.043-06:00</time>
<extensions>
<gpxtpx:TrackPointExtension>
<gpxtpx:speed>6.28</gpxtpx:speed>
</gpxtpx:TrackPointExtension>
<opentracks:accuracy_horizontal>1.02</opentracks:accuracy_horizontal></extensions>
</trkpt>
<trkpt lat="50.461464" lon="-104.535784">
<ele>563</ele>
<time>2026-09-27T07:25:36.034-06:00</time>
<extensions>
<gpxtpx:TrackPointExtension>
<gpxtpx:speed>6.19</gpxtpx:speed>
</gpxtpx:TrackPointExtension>
<opentracks:accuracy_horizontal>0.51</opentracks:accuracy_horizontal></extensions>
</trkpt>
<trkpt lat="50.461356" lon="-104.535739">
<ele>563</ele>
<time>2026-09-27T07:25:38.041-06:00</time>
<extensions>
<gpxtpx:TrackPointExtension>
<gpxtpx:speed>6.16</gpxtpx:speed>
</gpxtpx:TrackPointExtension>
<opentracks:accuracy_horizontal>1.02</opentracks:accuracy_horizontal></extensions>
</trkpt>
<trkpt lat="50.461252" lon="-104.53569">
<ele>563</ele>
<time>2026-09-27T07:25:40.035-06:00</time>
<extensions>
<gpxtpx:TrackPointExtension>
<gpxtpx:speed>6.01</gpxtpx:speed>
</gpxtpx:TrackPointExtension>
<opentracks:accuracy_horizontal>1.02</opentracks:accuracy_horizontal></extensions>
</trkpt>
<trkpt lat="50.461143" lon="-104.535639">
<ele>563</ele>
<time>2026-09-27T07:25:42.036-06:00</time>
<extensions>
<gpxtpx:TrackPointExtension>
<gpxtpx:speed>6.24</gpxtpx:speed>
</gpxtpx:TrackPointExtension>
<opentracks:accuracy_horizontal>1.02</opentracks:accuracy_horizontal></extensions>
</trkpt>
<trkpt lat="50.461031" lon="-104.535593">
<ele>563</ele>
<time>2026-09-27T07:25:44.052-06:00</time>
<extensions>
<gpxtpx:TrackPointExtension>
<gpxtpx:speed>6.39</gpxtpx:speed>
</gpxtpx:TrackPointExtension>
<opentracks:accuracy_horizontal>1.02</opentracks:accuracy_horizontal></extensions>
</trkpt>
<trkpt lat="50.460925" lon="-104.535547">
<ele>563</ele>
<time>2026-09-27T07:25:46.031-06:00</time>
<extensions>
<gpxtpx:TrackPointExtension>
<gpxtpx:speed>5.81</gpxtpx:speed>
</gpxtpx:TrackPointExtension>
<opentracks:accuracy_horizontal>1.531</opentracks:accuracy_horizontal></extensions>
</trkpt>
<trkpt lat="50.460826" lon="-104.535494">
<ele>563</ele>
<time>2026-09-27T07:25:48.035-06:00</time>
<extensions>
<gpxtpx:TrackPointExtension>
<gpxtpx:speed>5.58</gpxtpx:speed>
</gpxtpx:TrackPointExtension>
<opentracks:accuracy_horizontal>1.02</opentracks:accuracy_horizontal></extensions>
</trkpt>
<trkpt lat="50.460728" lon="-104.535455">
<ele>563</ele>
<time>2026-09-27T07:25:50.028-06:00</time>
<extensions>
<gpxtpx:TrackPointExtension>
<gpxtpx:speed>5.21</gpxtpx:speed>
</gpxtpx:TrackPointExtension>
<opentracks:accuracy_horizontal>3.571</opentracks:accuracy_horizontal></extensions>
</trkpt>
<trkpt lat="50.460611" lon="-104.535371">
<ele>564</ele>
<time>2026-09-27T07:25:53.018-06:00</time>
<extensions>
<gpxtpx:TrackPointExtension>
<gpxtpx:speed>4.7</gpxtpx:speed>
</gpxtpx:TrackPointExtension>
<opentracks:accuracy_horizontal>3.571</opentracks:accuracy_horizontal></extensions>
</trkpt>
<trkpt lat="50.460509" lon="-104.535289">
<ele>563</ele>
<time>2026-09-27T07:25:56.021-06:00</time>
<extensions>
<gpxtpx:TrackPointExtension>
<gpxtpx:speed>4.1</gpxtpx:speed>
</gpxtpx:TrackPointExtension>
<opentracks:accuracy_horizontal>3.061</opentracks:accuracy_horizontal></extensions>
</trkpt>
<trkpt lat="50.460419" lon="-104.535189">
<ele>563</ele>
<time>2026-09-27T07:25:59.033-06:00</time>
<extensions>
<gpxtpx:TrackPointExtension>
<gpxtpx:speed>4.3</gpxtpx:speed>
</gpxtpx:TrackPointExtension>
<opentracks:accuracy_horizontal>3.571</opentracks:accuracy_horizontal></extensions>
</trkpt>
<trkpt lat="50.460327" lon="-104.535115">
<ele>562</ele>
<time>2026-09-27T07:26:02.038-06:00</time>
<extensions>
<gpxtpx:TrackPointExtension>
<gpxtpx:speed>3.77</gpxtpx:speed>
</gpxtpx:TrackPointExtension>
<opentracks:accuracy_horizontal>4.082</opentracks:accuracy_horizontal></extensions>
</trkpt>
<trkpt lat="50.460245" lon="-104.535035">
<ele>562</ele>
<time>2026-09-27T07:26:05.041-06:00</time>
<extensions>
<gpxtpx:TrackPointExtension>
<gpxtpx:speed>3.22</gpxtpx:speed>
</gpxtpx:TrackPointExtension>
<opentracks:accuracy_horizontal>4.592</opentracks:accuracy_horizontal></extensions>
</trkpt>
<trkpt lat="50.460163" lon="-104.534962">
<ele>563</ele>
<time>2026-09-27T07:26:08.039-06:00</time>
<extensions>
<gpxtpx:TrackPointExtension>
<gpxtpx:speed>3.44</gpxtpx:speed>
</gpxtpx:TrackPointExtension>
<opentracks:accuracy_horizontal>4.592</opentracks:accuracy_horizontal></extensions>
</trkpt>
<trkpt lat="50.460068" lon="-104.53486">
<ele>563</ele>
<time>2026-09-27T07:26:12.041-06:00</time>
<extensions>
<gpxtpx:TrackPointExtension>
<gpxtpx:speed>3.16</gpxtpx:speed>
</gpxtpx:TrackPointExtension>
<opentracks:accuracy_horizontal>4.592</opentracks:accuracy_horizontal></extensions>
</trkpt>
<trkpt lat="50.459965" lon="-104.53486">
<ele>562</ele>
<time>2026-09-27T07:26:16.046-06:00</time>
<extensions>
<gpxtpx:TrackPointExtension>
<gpxtpx:speed>3.88</gpxtpx:speed>
</gpxtpx:TrackPointExtension>
<opentracks:accuracy_horizontal>5.612</opentracks:accuracy_horizontal></extensions>
</trkpt>
<trkpt lat="50.459916" lon="-104.53498">
<ele>561</ele>
<time>2026-09-27T07:26:18.039-06:00</time>
<extensions>
<gpxtpx:TrackPointExtension>
<gpxtpx:speed>4.84</gpxtpx:speed>
</gpxtpx:TrackPointExtension>
<opentracks:accuracy_horizontal>4.592</opentracks:accuracy_horizontal></extensions>
</trkpt>
<trkpt lat="50.459878" lon="-104.535123">
<ele>562</ele>
<time>2026-09-27T07:26:20.041-06:00</time>
<extensions>
<gpxtpx:TrackPointExtension>
<gpxtpx:speed>5.12</gpxtpx:speed>
</gpxtpx:TrackPointExtension>
<opentracks:accuracy_horizontal>3.571</opentracks:accuracy_horizontal></extensions>
</trkpt>
<trkpt lat="50.459838" lon="-104.535252">
<ele>562</ele>
<time>2026-09-27T07:26:22.036-06:00</time>
<extensions>
<gpxtpx:TrackPointExtension>
<gpxtpx:speed>5.06</gpxtpx:speed>
</gpxtpx:TrackPointExtension>
<opentracks:accuracy_horizontal>3.571</opentracks:accuracy_horizontal></extensions>
</trkpt>
<trkpt lat="50.459789" lon="-104.535435">
<ele>562</ele>
<time>2026-09-27T07:26:25.03-06:00</time>
<extensions>
<gpxtpx:TrackPointExtension>
<gpxtpx:speed>4.55</gpxtpx:speed>
</gpxtpx:TrackPointExtension>
<opentracks:accuracy_horizontal>2.041</opentracks:accuracy_horizontal></extensions>
</trkpt>
<trkpt lat="50.459731" lon="-104.535591">
<ele>562</ele>
<time>2026-09-27T07:26:28.036-06:00</time>
<extensions>
<gpxtpx:TrackPointExtension>
<gpxtpx:speed>4.06</gpxtpx:speed>
</gpxtpx:TrackPointExtension>
<opentracks:accuracy_horizontal>3.571</opentracks:accuracy_horizontal></extensions>
</trkpt>
<trkpt lat="50.459681" lon="-104.535725">
<ele>562</ele>
<time>2026-09-27T07:26:31.039-06:00</time>
<extensions>
<gpxtpx:TrackPointExtension>
<gpxtpx:speed>3.35</gpxtpx:speed>
</gpxtpx:TrackPointExtension>
<opentracks:accuracy_horizontal>3.571</opentracks:accuracy_horizontal></extensions>
</trkpt>
<trkpt lat="50.459621" lon="-104.535888">
<ele>562</ele>
<time>2026-09-27T07:26:34.041-06:00</time>
<extensions>
<gpxtpx:TrackPointExtension>
<gpxtpx:speed>4.42</gpxtpx:speed>
</gpxtpx:TrackPointExtension>
<opentracks:accuracy_horizontal>4.082</opentracks:accuracy_horizontal></extensions>
</trkpt>
<trkpt lat="50.459584" lon="-104.536071">
<ele>561</ele>
<time>2026-09-27T07:26:37.043-06:00</time>
<extensions>
<gpxtpx:TrackPointExtension>
<gpxtpx:speed>5.06</gpxtpx:speed>
</gpxtpx:TrackPointExtension>
<opentracks:accuracy_horizontal>1.02</opentracks:accuracy_horizontal></extensions>
</trkpt>
<trkpt lat="50.459551" lon="-104.536209">
<ele>561</ele>
<time>2026-09-27T07:26:39.034-06:00</time>
<extensions>
<gpxtpx:TrackPointExtension>
<gpxtpx:speed>5.3</gpxtpx:speed>
</gpxtpx:TrackPointExtension>
<opentracks:accuracy_horizontal>2.551</opentracks:accuracy_horizontal></extensions>
</trkpt>
<trkpt lat="50.459531" lon="-104.53636">
<ele>561</ele>
<time>2026-09-27T07:26:41.044-06:00</time>
<extensions>
<gpxtpx:TrackPointExtension>
<gpxtpx:speed>5.65</gpxtpx:speed>
</gpxtpx:TrackPointExtension>
<opentracks:accuracy_horizontal>1.531</opentracks:accuracy_horizontal></extensions>
</trkpt>
<trkpt lat="50.459518" lon="-104.536522">
<ele>561</ele>
<time>2026-09-27T07:26:43.032-06:00</time>
<extensions>
<gpxtpx:TrackPointExtension>
<gpxtpx:speed>5.32</gpxtpx:speed>
</gpxtpx:TrackPointExtension>
<opentracks:accuracy_horizontal>3.061</opentracks:accuracy_horizontal></extensions>
</trkpt>
<trkpt lat="50.459498" lon="-104.536664">
<ele>561</ele>
<time>2026-09-27T07:26:45.028-06:00</time>
<extensions>
<gpxtpx:TrackPointExtension>
<gpxtpx:speed>4.8</gpxtpx:speed>
</gpxtpx:TrackPointExtension>
<opentracks:accuracy_horizontal>3.061</opentracks:accuracy_horizontal></extensions>
</trkpt>
<trkpt lat="50.459467" lon="-104.53685">
<ele>561</ele>
<time>2026-09-27T07:26:48.034-06:00</time>
<extensions>
<gpxtpx:TrackPointExtension>
<gpxtpx:speed>4.49</gpxtpx:speed>
</gpxtpx:TrackPointExtension>
<opentracks:accuracy_horizontal>1.02</opentracks:accuracy_horizontal></extensions>
</trkpt>
<trkpt lat="50.459435" lon="-104.537023">
<ele>560</ele>
<time>2026-09-27T07:26:51.043-06:00</time>
<extensions>
<gpxtpx:TrackPointExtension>
<gpxtpx:speed>4.28</gpxtpx:speed>
</gpxtpx:TrackPointExtension>
<opentracks:accuracy_horizontal>4.082</opentracks:accuracy_horizontal></extensions>
</trkpt>
<trkpt lat="50.459367" lon="-104.537163">
<ele>561</ele>
<time>2026-09-27T07:26:54.033-06:00</time>
<extensions>
<gpxtpx:TrackPointExtension>
<gpxtpx:speed>4.34</gpxtpx:speed>
</gpxtpx:TrackPointExtension>
<opentracks:accuracy_horizontal>4.592</opentracks:accuracy_horizontal></extensions>
</trkpt>
<trkpt lat="50.459247" lon="-104.537228">
<ele>561</ele>
<time>2026-09-27T07:26:57.032-06:00</time>
<extensions>
<gpxtpx:TrackPointExtension>
<gpxtpx:speed>4.83</gpxtpx:speed>
</gpxtpx:TrackPointExtension>
<opentracks:accuracy_horizontal>4.082</opentracks:accuracy_horizontal></extensions>
</trkpt>
<trkpt lat="50.459153" lon="-104.53723">
<ele>561</ele>
<time>2026-09-27T07:26:59.036-06:00</time>
<extensions>
<gpxtpx:TrackPointExtension>
<gpxtpx:speed>4.98</gpxtpx:speed>
</gpxtpx:TrackPointExtension>
<opentracks:accuracy_horizontal>4.082</opentracks:accuracy_horizontal></extensions>
</trkpt>
<trkpt lat="50.459054" lon="-104.537224">
<ele>562</ele>
<time>2026-09-27T07:27:01.038-06:00</time>
<extensions>
<gpxtpx:TrackPointExtension>
<gpxtpx:speed>5.32</gpxtpx:speed>
</gpxtpx:TrackPointExtension>
<opentracks:accuracy_horizontal>2.041</opentracks:accuracy_horizontal></extensions>
</trkpt>
<trkpt lat="50.458954" lon="-104.537216">
<ele>562</ele>
<time>2026-09-27T07:27:03.033-06:00</time>
<extensions>
<gpxtpx:TrackPointExtension>
<gpxtpx:speed>5.6</gpxtpx:speed>
</gpxtpx:TrackPointExtension>
<opentracks:accuracy_horizontal>1.02</opentracks:accuracy_horizontal></extensions>
</trkpt>
<trkpt lat="50.458853" lon="-104.53722">
<ele>562</ele>
<time>2026-09-27T07:27:05.042-06:00</time>
<extensions>
<gpxtpx:TrackPointExtension>
<gpxtpx:speed>5.66</gpxtpx:speed>
</gpxtpx:TrackPointExtension>
<opentracks:accuracy_horizontal>1.02</opentracks:accuracy_horizontal></extensions>
</trkpt>
<trkpt lat="50.458752" lon="-104.537228">
<ele>562</ele>
<time>2026-09-27T07:27:07.036-06:00</time>
<extensions>
<gpxtpx:TrackPointExtension>
<gpxtpx:speed>5.78</gpxtpx:speed>
</gpxtpx:TrackPointExtension>
<opentracks:accuracy_horizontal>1.531</opentracks:accuracy_horizontal></extensions>
</trkpt>
<trkpt lat="50.458652" lon="-104.537229">
<ele>563</ele>
<time>2026-09-27T07:27:09.04-06:00</time>
<extensions>
<gpxtpx:TrackPointExtension>
<gpxtpx:speed>5.58</gpxtpx:speed>
</gpxtpx:TrackPointExtension>
<opentracks:accuracy_horizontal>1.531</opentracks:accuracy_horizontal></extensions>
</trkpt>
<trkpt lat="50.458556" lon="-104.537226">
<ele>563</ele>
<time>2026-09-27T07:27:11.044-06:00</time>
<extensions>
<gpxtpx:TrackPointExtension>
<gpxtpx:speed>5.6</gpxtpx:speed>
</gpxtpx:TrackPointExtension>
<opentracks:accuracy_horizontal>3.571</opentracks:accuracy_horizontal></extensions>
</trkpt>
<trkpt lat="50.458455" lon="-104.537207">
<ele>563</ele>
<time>2026-09-27T07:27:13.057-06:00</time>
<extensions>
<gpxtpx:TrackPointExtension>
<gpxtpx:speed>5.63</gpxtpx:speed>
</gpxtpx:TrackPointExtension>
<opentracks:accuracy_horizontal>2.551</opentracks:accuracy_horizontal></extensions>
</trkpt>
<trkpt lat="50.458354" lon="-104.537203">
<ele>563</ele>
<time>2026-09-27T07:27:15.043-06:00</time>
<extensions>
<gpxtpx:TrackPointExtension>
<gpxtpx:speed>5.51</gpxtpx:speed>
</gpxtpx:TrackPointExtension>
<opentracks:accuracy_horizontal>1.02</opentracks:accuracy_horizontal></extensions>
</trkpt>
<trkpt lat="50.458255" lon="-104.537208">
<ele>563</ele>
<time>2026-09-27T07:27:17.032-06:00</time>
<extensions>
<gpxtpx:TrackPointExtension>
<gpxtpx:speed>5.34</gpxtpx:speed>
</gpxtpx:TrackPointExtension>
<opentracks:accuracy_horizontal>1.02</opentracks:accuracy_horizontal></extensions>
</trkpt>
<trkpt lat="50.458157" lon="-104.537199">
<ele>564</ele>
<time>2026-09-27T07:27:19.039-06:00</time>
<extensions>
<gpxtpx:TrackPointExtension>
<gpxtpx:speed>5.45</gpxtpx:speed>
</gpxtpx:TrackPointExtension>
<opentracks:accuracy_horizontal>1.02</opentracks:accuracy_horizontal></extensions>
</trkpt>
<trkpt lat="50.458056" lon="-104.537207">
<ele>564</ele>
<time>2026-09-27T07:27:21.024-06:00</time>
<extensions>
<gpxtpx:TrackPointExtension>
<gpxtpx:speed>5.66</gpxtpx:speed>
</gpxtpx:TrackPointExtension>
<opentracks:accuracy_horizontal>1.02</opentracks:accuracy_horizontal></extensions>
</trkpt>
<trkpt lat="50.457952" lon="-104.537218">
<ele>564</ele>
<time>2026-09-27T07:27:23.034-06:00</time>
<extensions>
<gpxtpx:TrackPointExtension>
<gpxtpx:speed>5.72</gpxtpx:speed>
</gpxtpx:TrackPointExtension>
<opentracks:accuracy_horizontal>1.02</opentracks:accuracy_horizontal></extensions>
</trkpt>
<trkpt lat="50.457858" lon="-104.537224">
<ele>563</ele>
<time>2026-09-27T07:27:25.044-06:00</time>
<extensions>
<gpxtpx:TrackPointExtension>
<gpxtpx:speed>5.62</gpxtpx:speed>
</gpxtpx:TrackPointExtension>
<opentracks:accuracy_horizontal>1.531</opentracks:accuracy_horizontal></extensions>
</trkpt>
<trkpt lat="50.457757" lon="-104.537229">
<ele>563</ele>
<time>2026-09-27T07:27:27.028-06:00</time>
<extensions>
<gpxtpx:TrackPointExtension>
<gpxtpx:speed>5.59</gpxtpx:speed>
</gpxtpx:TrackPointExtension>
<opentracks:accuracy_horizontal>3.061</opentracks:accuracy_horizontal></extensions>
</trkpt>
<trkpt lat="50.457652" lon="-104.537219">
<ele>563</ele>
<time>2026-09-27T07:27:29.04-06:00</time>
<extensions>
<gpxtpx:TrackPointExtension>
<gpxtpx:speed>5.69</gpxtpx:speed>
</gpxtpx:TrackPointExtension>
<opentracks:accuracy_horizontal>2.041</opentracks:accuracy_horizontal></extensions>
</trkpt>
<trkpt lat="50.457552" lon="-104.537201">
<ele>563</ele>
<time>2026-09-27T07:27:31.038-06:00</time>
<extensions>
<gpxtpx:TrackPointExtension>
<gpxtpx:speed>4.86</gpxtpx:speed>
</gpxtpx:TrackPointExtension>
<opentracks:accuracy_horizontal>1.02</opentracks:accuracy_horizontal></extensions>
</trkpt>
<trkpt lat="50.457463" lon="-104.537185">
<ele>563</ele>
<time>2026-09-27T07:27:33.033-06:00</time>
<extensions>
<gpxtpx:TrackPointExtension>
<gpxtpx:speed>4.84</gpxtpx:speed>
</gpxtpx:TrackPointExtension>
<opentracks:accuracy_horizontal>1.02</opentracks:accuracy_horizontal></extensions>
</trkpt>
<trkpt lat="50.457347" lon="-104.537173">
<ele>563</ele>
<time>2026-09-27T07:27:36.05-06:00</time>
<extensions>
<gpxtpx:TrackPointExtension>
<gpxtpx:speed>4.65</gpxtpx:speed>
</gpxtpx:TrackPointExtension>
<opentracks:accuracy_horizontal>4.592</opentracks:accuracy_horizontal></extensions>
</trkpt>
<trkpt lat="50.457235" lon="-104.537124">
<ele>562</ele>
<time>2026-09-27T07:27:39.043-06:00</time>
<extensions>
<gpxtpx:TrackPointExtension>
<gpxtpx:speed>4.37</gpxtpx:speed>
</gpxtpx:TrackPointExtension>
<opentracks:accuracy_horizontal>4.082</opentracks:accuracy_horizontal></extensions>
</trkpt>
<trkpt lat="50.457133" lon="-104.537044">
<ele>561</ele>
<time>2026-09-27T07:27:42.036-06:00</time>
<extensions>
<gpxtpx:TrackPointExtension>
<gpxtpx:speed>4.16</gpxtpx:speed>
</gpxtpx:TrackPointExtension>
<opentracks:accuracy_horizontal>3.571</opentracks:accuracy_horizontal></extensions>
</trkpt>
<trkpt lat="50.457028" lon="-104.536953">
<ele>561</ele>
<time>2026-09-27T07:27:45.031-06:00</time>
<extensions>
<gpxtpx:TrackPointExtension>
<gpxtpx:speed>5.14</gpxtpx:speed>
</gpxtpx:TrackPointExtension>
<opentracks:accuracy_horizontal>4.082</opentracks:accuracy_horizontal></extensions>
</trkpt>
<trkpt lat="50.45694" lon="-104.536875">
<ele>561</ele>
<time>2026-09-27T07:27:47.029-06:00</time>
<extensions>
<gpxtpx:TrackPointExtension>
<gpxtpx:speed>5.6</gpxtpx:speed>
</gpxtpx:TrackPointExtension>
<opentracks:accuracy_horizontal>4.592</opentracks:accuracy_horizontal></extensions>
</trkpt>
<trkpt lat="50.456848" lon="-104.536771">
<ele>561</ele>
<time>2026-09-27T07:27:49.036-06:00</time>
<extensions>
<gpxtpx:TrackPointExtension>
<gpxtpx:speed>6.68</gpxtpx:speed>
</gpxtpx:TrackPointExtension>
<opentracks:accuracy_horizontal>1.02</opentracks:accuracy_horizontal></extensions>
</trkpt>
<trkpt lat="50.456762" lon="-104.53663">
<ele>561</ele>
<time>2026-09-27T07:27:51.044-06:00</time>
<extensions>
<gpxtpx:TrackPointExtension>
<gpxtpx:speed>6.05</gpxtpx:speed>
</gpxtpx:TrackPointExtension>
<opentracks:accuracy_horizontal>2.551</opentracks:accuracy_horizontal></extensions>
</trkpt>
<trkpt lat="50.456697" lon="-104.536499">
<ele>561</ele>
<time>2026-09-27T07:27:53.035-06:00</time>
<extensions>
<gpxtpx:TrackPointExtension>
<gpxtpx:speed>6.01</gpxtpx:speed>
</gpxtpx:TrackPointExtension>
<opentracks:accuracy_horizontal>2.041</opentracks:accuracy_horizontal></extensions>
</trkpt>
<trkpt lat="50.456642" lon="-104.53636">
<ele>561</ele>
<time>2026-09-27T07:27:55.048-06:00</time>
<extensions>
<gpxtpx:TrackPointExtension>
<gpxtpx:speed>6.06</gpxtpx:speed>
</gpxtpx:TrackPointExtension>
<opentracks:accuracy_horizontal>4.592</opentracks:accuracy_horizontal></extensions>
</trkpt>
<trkpt lat="50.456604" lon="-104.536208">
<ele>561</ele>
<time>2026-09-27T07:27:57.034-06:00</time>
<extensions>
<gpxtpx:TrackPointExtension>
<gpxtpx:speed>5.82</gpxtpx:speed>
</gpxtpx:TrackPointExtension>
<opentracks:accuracy_horizontal>4.082</opentracks:accuracy_horizontal></extensions>
</trkpt>
<trkpt lat="50.456577" lon="-104.536047">
<ele>561</ele>
<time>2026-09-27T07:27:59.035-06:00</time>
<extensions>
<gpxtpx:TrackPointExtension>
<gpxtpx:speed>5.56</gpxtpx:speed>
</gpxtpx:TrackPointExtension>
<opentracks:accuracy_horizontal>3.061</opentracks:accuracy_horizontal></extensions>
</trkpt>
<trkpt lat="50.456549" lon="-104.535902">
<ele>561</ele>
<time>2026-09-27T07:28:01.04-06:00</time>
<extensions>
<gpxtpx:TrackPointExtension>
<gpxtpx:speed>5.57</gpxtpx:speed>
</gpxtpx:TrackPointExtension>
<opentracks:accuracy_horizontal>3.571</opentracks:accuracy_horizontal></extensions>
</trkpt>
<trkpt lat="50.456519" lon="-104.535753">
<ele>561</ele>
<time>2026-09-27T07:28:03.038-06:00</time>
<extensions>
<gpxtpx:TrackPointExtension>
<gpxtpx:speed>5.93</gpxtpx:speed>
</gpxtpx:TrackPointExtension>
<opentracks:accuracy_horizontal>3.061</opentracks:accuracy_horizontal></extensions>
</trkpt>
<trkpt lat="50.456487" lon="-104.535583">
<ele>561</ele>
<time>2026-09-27T07:28:05.042-06:00</time>
<extensions>
<gpxtpx:TrackPointExtension>
<gpxtpx:speed>6.45</gpxtpx:speed>
</gpxtpx:TrackPointExtension>
<opentracks:accuracy_horizontal>3.571</opentracks:accuracy_horizontal></extensions>
</trkpt>
<trkpt lat="50.456457" lon="-104.535425">
<ele>560</ele>
<time>2026-09-27T07:28:07.038-06:00</time>
<extensions>
<gpxtpx:TrackPointExtension>
<gpxtpx:speed>5.63</gpxtpx:speed>
</gpxtpx:TrackPointExtension>
<opentracks:accuracy_horizontal>4.592</opentracks:accuracy_horizontal></extensions>
</trkpt>
<trkpt lat="50.456429" lon="-104.535281">
<ele>560</ele>
<time>2026-09-27T07:28:09.038-06:00</time>
<extensions>
<gpxtpx:TrackPointExtension>
<gpxtpx:speed>5.23</gpxtpx:speed>
</gpxtpx:TrackPointExtension>
<opentracks:accuracy_horizontal>3.061</opentracks:accuracy_horizontal></extensions>
</trkpt>
<trkpt lat="50.456401" lon="-104.535144">
<ele>560</ele>
<time>2026-09-27T07:28:11.039-06:00</time>
<extensions>
<gpxtpx:TrackPointExtension>
<gpxtpx:speed>5.02</gpxtpx:speed>
</gpxtpx:TrackPointExtension>
<opentracks:accuracy_horizontal>3.061</opentracks:accuracy_horizontal></extensions>
</trkpt>
<trkpt lat="50.456373" lon="-104.535">
<ele>559</ele>
<time>2026-09-27T07:28:13.038-06:00</time>
<extensions>
<gpxtpx:TrackPointExtension>
<gpxtpx:speed>5.56</gpxtpx:speed>
</gpxtpx:TrackPointExtension>
<opentracks:accuracy_horizontal>4.082</opentracks:accuracy_horizontal></extensions>
</trkpt>
<trkpt lat="50.456347" lon="-104.534834">
<ele>559</ele>
<time>2026-09-27T07:28:15.037-06:00</time>
<extensions>
<gpxtpx:TrackPointExtension>
<gpxtpx:speed>5.64</gpxtpx:speed>
</gpxtpx:TrackPointExtension>
<opentracks:accuracy_horizontal>4.082</opentracks:accuracy_horizontal></extensions>
</trkpt>
<trkpt lat="50.456326" lon="-104.534674">
<ele>559</ele>
<time>2026-09-27T07:28:17.036-06:00</time>
<extensions>
<gpxtpx:TrackPointExtension>
<gpxtpx:speed>5.63</gpxtpx:speed>
</gpxtpx:TrackPointExtension>
<opentracks:accuracy_horizontal>4.082</opentracks:accuracy_horizontal></extensions>
</trkpt>
<trkpt lat="50.456308" lon="-104.534523">
<ele>559</ele>
<time>2026-09-27T07:28:19.048-06:00</time>
<extensions>
<gpxtpx:TrackPointExtension>
<gpxtpx:speed>5.35</gpxtpx:speed>
</gpxtpx:TrackPointExtension>
<opentracks:accuracy_horizontal>0.51</opentracks:accuracy_horizontal></extensions>
</trkpt>
<trkpt lat="50.456282" lon="-104.534386">
<ele>559</ele>
<time>2026-09-27T07:28:21.052-06:00</time>
<extensions>
<gpxtpx:TrackPointExtension>
<gpxtpx:speed>4.85</gpxtpx:speed>
</gpxtpx:TrackPointExtension>
<opentracks:accuracy_horizontal>0.51</opentracks:accuracy_horizontal></extensions>
</trkpt>
<trkpt lat="50.456252" lon="-104.53422">
<ele>560</ele>
<time>2026-09-27T07:28:24.039-06:00</time>
<extensions>
<gpxtpx:TrackPointExtension>
<gpxtpx:speed>3.24</gpxtpx:speed>
</gpxtpx:TrackPointExtension>
<opentracks:accuracy_horizontal>4.592</opentracks:accuracy_horizontal></extensions>
</trkpt>
<trkpt lat="50.456198" lon="-104.5341">
<ele>560</ele>
<time>2026-09-27T07:28:28.035-06:00</time>
<extensions>
<gpxtpx:TrackPointExtension>
<gpxtpx:speed>2.76</gpxtpx:speed>
</gpxtpx:TrackPointExtension>
<opentracks:accuracy_horizontal>4.592</opentracks:accuracy_horizontal></extensions>
</trkpt>
<trkpt lat="50.456114" lon="-104.534195">
<ele>561</ele>
<time>2026-09-27T07:28:32.041-06:00</time>
<extensions>
<gpxtpx:TrackPointExtension>
<gpxtpx:speed>2.72</gpxtpx:speed>
</gpxtpx:TrackPointExtension>
<opentracks:accuracy_horizontal>5.612</opentracks:accuracy_horizontal></extensions>
</trkpt>
<trkpt lat="50.456035" lon="-104.534291">
<ele>560</ele>
<time>2026-09-27T07:28:35.03-06:00</time>
<extensions>
<gpxtpx:TrackPointExtension>
<gpxtpx:speed>4.08</gpxtpx:speed>
</gpxtpx:TrackPointExtension>
<opentracks:accuracy_horizontal>7.143</opentracks:accuracy_horizontal></extensions>
</trkpt>
<trkpt lat="50.455981" lon="-104.534404">
<ele>560</ele>
<time>2026-09-27T07:28:37.047-06:00</time>
<extensions>
<gpxtpx:TrackPointExtension>
<gpxtpx:speed>5.91</gpxtpx:speed>
</gpxtpx:TrackPointExtension>
<opentracks:accuracy_horizontal>4.082</opentracks:accuracy_horizontal></extensions>
</trkpt>
<trkpt lat="50.455892" lon="-104.534496">
<ele>560</ele>
<time>2026-09-27T07:28:39.049-06:00</time>
<extensions>
<gpxtpx:TrackPointExtension>
<gpxtpx:speed>5.67</gpxtpx:speed>
</gpxtpx:TrackPointExtension>
<opentracks:accuracy_horizontal>5.102</opentracks:accuracy_horizontal></extensions>
</trkpt>
<trkpt lat="50.455816" lon="-104.534611">
<ele>559</ele>
<time>2026-09-27T07:28:41.04-06:00</time>
<extensions>
<gpxtpx:TrackPointExtension>
<gpxtpx:speed>5.67</gpxtpx:speed>
</gpxtpx:TrackPointExtension>
<opentracks:accuracy_horizontal>5.102</opentracks:accuracy_horizontal></extensions>
</trkpt>
<trkpt lat="50.455768" lon="-104.534744">
<ele>559</ele>
<time>2026-09-27T07:28:43.049-06:00</time>
<extensions>
<gpxtpx:TrackPointExtension>
<gpxtpx:speed>5.52</gpxtpx:speed>
</gpxtpx:TrackPointExtension>
<opentracks:accuracy_horizontal>3.061</opentracks:accuracy_horizontal></extensions>
</trkpt>
<trkpt lat="50.455783" lon="-104.534903">
<ele>559</ele>
<time>2026-09-27T07:28:45.043-06:00</time>
<extensions>
<gpxtpx:TrackPointExtension>
<gpxtpx:speed>5.34</gpxtpx:speed>
</gpxtpx:TrackPointExtension>
<opentracks:accuracy_horizontal>3.061</opentracks:accuracy_horizontal></extensions>
</trkpt>
<trkpt lat="50.455824" lon="-104.535089">
<ele>560</ele>
<time>2026-09-27T07:28:48.048-06:00</time>
<extensions>
<gpxtpx:TrackPointExtension>
<gpxtpx:speed>4.54</gpxtpx:speed>
</gpxtpx:TrackPointExtension>
<opentracks:accuracy_horizontal>3.571</opentracks:accuracy_horizontal></extensions>
</trkpt>
<trkpt lat="50.455847" lon="-104.53527">
<ele>560</ele>
<time>2026-09-27T07:28:51.039-06:00</time>
<extensions>
<gpxtpx:TrackPointExtension>
<gpxtpx:speed>4.64</gpxtpx:speed>
</gpxtpx:TrackPointExtension>
<opentracks:accuracy_horizontal>3.061</opentracks:accuracy_horizontal></extensions>
</trkpt>
<trkpt lat="50.455869" lon="-104.53547">
<ele>559</ele>
<time>2026-09-27T07:28:54.051-06:00</time>
<extensions>
<gpxtpx:TrackPointExtension>
<gpxtpx:speed>4.78</gpxtpx:speed>
</gpxtpx:TrackPointExtension>
<opentracks:accuracy_horizontal>3.061</opentracks:accuracy_horizontal></extensions>
</trkpt>
<trkpt lat="50.455893" lon="-104.535668">
<ele>559</ele>
<time>2026-09-27T07:28:57.04-06:00</time>
<extensions>
<gpxtpx:TrackPointExtension>
<gpxtpx:speed>5.01</gpxtpx:speed>
</gpxtpx:TrackPointExtension>
<opentracks:accuracy_horizontal>1.531</opentracks:accuracy_horizontal></extensions>
</trkpt>
<trkpt lat="50.455908" lon="-104.535816">
<ele>559</ele>
<time>2026-09-27T07:28:59.038-06:00</time>
<extensions>
<gpxtpx:TrackPointExtension>
<gpxtpx:speed>5.42</gpxtpx:speed>
</gpxtpx:TrackPointExtension>
<opentracks:accuracy_horizontal>1.02</opentracks:accuracy_horizontal></extensions>
</trkpt>
<trkpt lat="50.45592" lon="-104.535959">
<ele>559</ele>
<time>2026-09-27T07:29:01.036-06:00</time>
<extensions>
<gpxtpx:TrackPointExtension>
<gpxtpx:speed>5.01</gpxtpx:speed>
</gpxtpx:TrackPointExtension>
<opentracks:accuracy_horizontal>2.551</opentracks:accuracy_horizontal></extensions>
</trkpt>
<trkpt lat="50.455909" lon="-104.536099">
<ele>559</ele>
<time>2026-09-27T07:29:03.033-06:00</time>
<extensions>
<gpxtpx:TrackPointExtension>
<gpxtpx:speed>4.69</gpxtpx:speed>
</gpxtpx:TrackPointExtension>
<opentracks:accuracy_horizontal>1.02</opentracks:accuracy_horizontal></extensions>
</trkpt>
<trkpt lat="50.45589" lon="-104.536288">
<ele>560</ele>
<time>2026-09-27T07:29:06.047-06:00</time>
<extensions>
<gpxtpx:TrackPointExtension>
<gpxtpx:speed>4.07</gpxtpx:speed>
</gpxtpx:TrackPointExtension>
<opentracks:accuracy_horizontal>5.612</opentracks:accuracy_horizontal></extensions>
</trkpt>
<trkpt lat="50.455868" lon="-104.53646">
<ele>560</ele>
<time>2026-09-27T07:29:09.031-06:00</time>
<extensions>
<gpxtpx:TrackPointExtension>
<gpxtpx:speed>4.67</gpxtpx:speed>
</gpxtpx:TrackPointExtension>
<opentracks:accuracy_horizontal>4.082</opentracks:accuracy_horizontal></extensions>
</trkpt>
<trkpt lat="50.455833" lon="-104.536639">
<ele>560</ele>
<time>2026-09-27T07:29:12.041-06:00</time>
<extensions>
<gpxtpx:TrackPointExtension>
<gpxtpx:speed>4.71</gpxtpx:speed>
</gpxtpx:TrackPointExtension>
<opentracks:accuracy_horizontal>3.061</opentracks:accuracy_horizontal></extensions>
</trkpt>
<trkpt lat="50.455805" lon="-104.536824">
<ele>560</ele>
<time>2026-09-27T07:29:15.043-06:00</time>
<extensions>
<gpxtpx:TrackPointExtension>
<gpxtpx:speed>4.6</gpxtpx:speed>
</gpxtpx:TrackPointExtension>
<opentracks:accuracy_horizontal>1.02</opentracks:accuracy_horizontal></extensions>
</trkpt>
<trkpt lat="50.455756" lon="-104.537013">
<ele>560</ele>
<time>2026-09-27T07:29:18.048-06:00</time>
<extensions>
<gpxtpx:TrackPointExtension>
<gpxtpx:speed>4.65</gpxtpx:speed>
</gpxtpx:TrackPointExtension>
<opentracks:accuracy_horizontal>2.551</opentracks:accuracy_horizontal></extensions>
</trkpt>
<trkpt lat="50.455692" lon="-104.537164">
<ele>560</ele>
<time>2026-09-27T07:29:21.044-06:00</time>
<extensions>
<gpxtpx:TrackPointExtension>
<gpxtpx:speed>3.92</gpxtpx:speed>
</gpxtpx:TrackPointExtension>
<opentracks:accuracy_horizontal>4.592</opentracks:accuracy_horizontal></extensions>
</trkpt>
<trkpt lat="50.455612" lon="-104.537301">
<ele>560</ele>
<time>2026-09-27T07:29:24.039-06:00</time>
<extensions>
<gpxtpx:TrackPointExtension>
<gpxtpx:speed>4.5</gpxtpx:speed>
</gpxtpx:TrackPointExtension>
<opentracks:accuracy_horizontal>3.061</opentracks:accuracy_horizontal></extensions>
</trkpt>
<trkpt lat="50.455554" lon="-104.537409">
<ele>560</ele>
<time>2026-09-27T07:29:26.031-06:00</time>
<extensions>
<gpxtpx:TrackPointExtension>
<gpxtpx:speed>4.57</gpxtpx:speed>
</gpxtpx:TrackPointExtension>
<opentracks:accuracy_horizontal>3.061</opentracks:accuracy_horizontal></extensions>
</trkpt>
<trkpt lat="50.455465" lon="-104.537529">
<ele>560</ele>
<time>2026-09-27T07:29:29.033-06:00</time>
<extensions>
<gpxtpx:TrackPointExtension>
<gpxtpx:speed>3.89</gpxtpx:speed>
</gpxtpx:TrackPointExtension>
<opentracks:accuracy_horizontal>3.061</opentracks:accuracy_horizontal></extensions>
</trkpt>
<trkpt lat="50.45536" lon="-104.537607">
<ele>560</ele>
<time>2026-09-27T07:29:32.039-06:00</time>
<extensions>
<gpxtpx:TrackPointExtension>
<gpxtpx:speed>4.63</gpxtpx:speed>
</gpxtpx:TrackPointExtension>
<opentracks:accuracy_horizontal>3.061</opentracks:accuracy_horizontal></extensions>
</trkpt>
<trkpt lat="50.455261" lon="-104.537628">
<ele>560</ele>
<time>2026-09-27T07:29:35.059-06:00</time>
<extensions>
<gpxtpx:TrackPointExtension>
<gpxtpx:speed>2.99</gpxtpx:speed>
</gpxtpx:TrackPointExtension>
<opentracks:accuracy_horizontal>1.02</opentracks:accuracy_horizontal></extensions>
</trkpt>
<trkpt lat="50.455155" lon="-104.537607">
<ele>560</ele>
<time>2026-09-27T07:29:39.038-06:00</time>
<extensions>
<gpxtpx:TrackPointExtension>
<gpxtpx:speed>2.72</gpxtpx:speed>
</gpxtpx:TrackPointExtension>
<opentracks:accuracy_horizontal>1.02</opentracks:accuracy_horizontal></extensions>
</trkpt>
<trkpt lat="50.455058" lon="-104.537633">
<ele>560</ele>
<time>2026-09-27T07:29:43.04-06:00</time>
<extensions>
<gpxtpx:TrackPointExtension>
<gpxtpx:speed>2.06</gpxtpx:speed>
</gpxtpx:TrackPointExtension>
<opentracks:accuracy_horizontal>4.592</opentracks:accuracy_horizontal></extensions>
</trkpt>
<trkpt lat="50.454949" lon="-104.53767">
<ele>560</ele>
<time>2026-09-27T07:29:47.036-06:00</time>
<extensions>
<gpxtpx:TrackPointExtension>
<gpxtpx:speed>3.9</gpxtpx:speed>
</gpxtpx:TrackPointExtension>
<opentracks:accuracy_horizontal>1.02</opentracks:accuracy_horizontal></extensions>
</trkpt>
<trkpt lat="50.454852" lon="-104.537727">
<ele>560</ele>
<time>2026-09-27T07:29:50.04-06:00</time>
<extensions>
<gpxtpx:TrackPointExtension>
<gpxtpx:speed>3.53</gpxtpx:speed>
</gpxtpx:TrackPointExtension>
<opentracks:accuracy_horizontal>5.102</opentracks:accuracy_horizontal></extensions>
</trkpt>
<trkpt lat="50.454753" lon="-104.537737">
<ele>560</ele>
<time>2026-09-27T07:29:53.049-06:00</time>
<extensions>
<gpxtpx:TrackPointExtension>
<gpxtpx:speed>4.55</gpxtpx:speed>
</gpxtpx:TrackPointExtension>
<opentracks:accuracy_horizontal>5.612</opentracks:accuracy_horizontal></extensions>
</trkpt>
<trkpt lat="50.454617" lon="-104.537705">
<ele>560</ele>
<time>2026-09-27T07:29:56.042-06:00</time>
<extensions>
<gpxtpx:TrackPointExtension>
<gpxtpx:speed>5.68</gpxtpx:speed>
</gpxtpx:TrackPointExtension>
<opentracks:accuracy_horizontal>1.531</opentracks:accuracy_horizontal></extensions>
</trkpt>
<trkpt lat="50.454513" lon="-104.537683">
<ele>560</ele>
<time>2026-09-27T07:29:58.035-06:00</time>
<extensions>
<gpxtpx:TrackPointExtension>
<gpxtpx:speed>5.84</gpxtpx:speed>
</gpxtpx:TrackPointExtension>
<opentracks:accuracy_horizontal>1.531</opentracks:accuracy_horizontal></extensions>
</trkpt>
<trkpt lat="50.454405" lon="-104.537665">
<ele>560</ele>
<time>2026-09-27T07:30:00.039-06:00</time>
<extensions>
<gpxtpx:TrackPointExtension>
<gpxtpx:speed>6.03</gpxtpx:speed>
</gpxtpx:TrackPointExtension>
<opentracks:accuracy_horizontal>1.531</opentracks:accuracy_horizontal></extensions>
</trkpt>
<trkpt lat="50.454297" lon="-104.537637">
<ele>559</ele>
<time>2026-09-27T07:30:02.029-06:00</time>
<extensions>
<gpxtpx:TrackPointExtension>
<gpxtpx:speed>5.89</gpxtpx:speed>
</gpxtpx:TrackPointExtension>
<opentracks:accuracy_horizontal>2.041</opentracks:accuracy_horizontal></extensions>
</trkpt>
<trkpt lat="50.454192" lon="-104.537608">
<ele>559</ele>
<time>2026-09-27T07:30:04.039-06:00</time>
<extensions>
<gpxtpx:TrackPointExtension>
<gpxtpx:speed>5.8</gpxtpx:speed>
</gpxtpx:TrackPointExtension>
<opentracks:accuracy_horizontal>3.571</opentracks:accuracy_horizontal></extensions>
</trkpt>
<trkpt lat="50.454091" lon="-104.537611">
<ele>559</ele>
<time>2026-09-27T07:30:06.049-06:00</time>
<extensions>
<gpxtpx:TrackPointExtension>
<gpxtpx:speed>5.8</gpxtpx:speed>
</gpxtpx:TrackPointExtension>
<opentracks:accuracy_horizontal>2.041</opentracks:accuracy_horizontal></extensions>
</trkpt>
<trkpt lat="50.453988" lon="-104.537618">
<ele>559</ele>
<time>2026-09-27T07:30:08.049-06:00</time>
<extensions>
<gpxtpx:TrackPointExtension>
<gpxtpx:speed>5.71</gpxtpx:speed>
</gpxtpx:TrackPointExtension>
<opentracks:accuracy_horizontal>1.531</opentracks:accuracy_horizontal></extensions>
</trkpt>
<trkpt lat="50.453895" lon="-104.537646">
<ele>560</ele>
<time>2026-09-27T07:30:10.036-06:00</time>
<extensions>
<gpxtpx:TrackPointExtension>
<gpxtpx:speed>5.29</gpxtpx:speed>
</gpxtpx:TrackPointExtension>
<opentracks:accuracy_horizontal>0.51</opentracks:accuracy_horizontal></extensions>
</trkpt>
<trkpt lat="50.453769" lon="-104.537677">
<ele>560</ele>
<time>2026-09-27T07:30:13.039-06:00</time>
<extensions>
<gpxtpx:TrackPointExtension>
<gpxtpx:speed>4.18</gpxtpx:speed>
</gpxtpx:TrackPointExtension>
<opentracks:accuracy_horizontal>1.02</opentracks:accuracy_horizontal></extensions>
</trkpt>
<trkpt lat="50.453647" lon="-104.537661">
<ele>561</ele>
<time>2026-09-27T07:30:16.054-06:00</time>
<extensions>
<gpxtpx:TrackPointExtension>
<gpxtpx:speed>4.65</gpxtpx:speed>
</gpxtpx:TrackPointExtension>
<opentracks:accuracy_horizontal>1.02</opentracks:accuracy_horizontal></extensions>
</trkpt>
<trkpt lat="50.453532" lon="-104.537593">
<ele>561</ele>
<time>2026-09-27T07:30:19.044-06:00</time>
<extensions>
<gpxtpx:TrackPointExtension>
<gpxtpx:speed>4.78</gpxtpx:speed>
</gpxtpx:TrackPointExtension>
<opentracks:accuracy_horizontal>1.02</opentracks:accuracy_horizontal></extensions>
</trkpt>
<trkpt lat="50.453408" lon="-104.537526">
<ele>561</ele>
<time>2026-09-27T07:30:22.051-06:00</time>
<extensions>
<gpxtpx:TrackPointExtension>
<gpxtpx:speed>4.46</gpxtpx:speed>
</gpxtpx:TrackPointExtension>
<opentracks:accuracy_horizontal>1.531</opentracks:accuracy_horizontal></extensions>
</trkpt>
<trkpt lat="50.453304" lon="-104.537477">
<ele>561</ele>
<time>2026-09-27T07:30:25.053-06:00</time>
<extensions>
<gpxtpx:TrackPointExtension>
<gpxtpx:speed>3.63</gpxtpx:speed>
</gpxtpx:TrackPointExtension>
<opentracks:accuracy_horizontal>0.51</opentracks:accuracy_horizontal></extensions>
</trkpt>
<trkpt lat="50.453212" lon="-104.537429">
<ele>561</ele>
<time>2026-09-27T07:30:28.044-06:00</time>
<extensions>
<gpxtpx:TrackPointExtension>
<gpxtpx:speed>3.56</gpxtpx:speed>
</gpxtpx:TrackPointExtension>
<opentracks:accuracy_horizontal>1.02</opentracks:accuracy_horizontal></extensions>
</trkpt>
<trkpt lat="50.453107" lon="-104.537387">
<ele>561</ele>
<time>2026-09-27T07:30:31.043-06:00</time>
<extensions>
<gpxtpx:TrackPointExtension>
<gpxtpx:speed>4.14</gpxtpx:speed>
</gpxtpx:TrackPointExtension>
<opentracks:accuracy_horizontal>3.061</opentracks:accuracy_horizontal></extensions>
</trkpt>
<trkpt lat="50.452997" lon="-104.537346">
<ele>560</ele>
<time>2026-09-27T07:30:34.037-06:00</time>
<extensions>
<gpxtpx:TrackPointExtension>
<gpxtpx:speed>4.12</gpxtpx:speed>
</gpxtpx:TrackPointExtension>
<opentracks:accuracy_horizontal>1.531</opentracks:accuracy_horizontal></extensions>
</trkpt>
<trkpt lat="50.452903" lon="-104.537261">
<ele>560</ele>
<time>2026-09-27T07:30:37.044-06:00</time>
<extensions>
<gpxtpx:TrackPointExtension>
<gpxtpx:speed>4.01</gpxtpx:speed>
</gpxtpx:TrackPointExtension>
<opentracks:accuracy_horizontal>1.02</opentracks:accuracy_horizontal></extensions>
</trkpt>
<trkpt lat="50.452795" lon="-104.537203">
<ele>560</ele>
<time>2026-09-27T07:30:40.05-06:00</time>
<extensions>
<gpxtpx:TrackPointExtension>
<gpxtpx:speed>4.26</gpxtpx:speed>
</gpxtpx:TrackPointExtension>
<opentracks:accuracy_horizontal>3.061</opentracks:accuracy_horizontal></extensions>
</trkpt>
<trkpt lat="50.45268" lon="-104.537176">
<ele>560</ele>
<time>2026-09-27T07:30:43.044-06:00</time>
<extensions>
<gpxtpx:TrackPointExtension>
<gpxtpx:speed>4.59</gpxtpx:speed>
</gpxtpx:TrackPointExtension>
<opentracks:accuracy_horizontal>4.082</opentracks:accuracy_horizontal></extensions>
</trkpt>
<trkpt lat="50.45259" lon="-104.537172">
<ele>561</ele>
<time>2026-09-27T07:30:45.04-06:00</time>
<extensions>
<gpxtpx:TrackPointExtension>
<gpxtpx:speed>4.85</gpxtpx:speed>
</gpxtpx:TrackPointExtension>
<opentracks:accuracy_horizontal>1.02</opentracks:accuracy_horizontal></extensions>
</trkpt>
<trkpt lat="50.452463" lon="-104.537165">
<ele>560</ele>
<time>2026-09-27T07:30:48.055-06:00</time>
<extensions>
<gpxtpx:TrackPointExtension>
<gpxtpx:speed>4.9</gpxtpx:speed>
</gpxtpx:TrackPointExtension>
<opentracks:accuracy_horizontal>1.02</opentracks:accuracy_horizontal></extensions>
</trkpt>
<trkpt lat="50.452344" lon="-104.53718">
<ele>560</ele>
<time>2026-09-27T07:30:51.047-06:00</time>
<extensions>
<gpxtpx:TrackPointExtension>
<gpxtpx:speed>4.22</gpxtpx:speed>
</gpxtpx:TrackPointExtension>
<opentracks:accuracy_horizontal>3.061</opentracks:accuracy_horizontal></extensions>
</trkpt>
<trkpt lat="50.45223" lon="-104.537163">
<ele>560</ele>
<time>2026-09-27T07:30:54.038-06:00</time>
<extensions>
<gpxtpx:TrackPointExtension>
<gpxtpx:speed>3.97</gpxtpx:speed>
</gpxtpx:TrackPointExtension>
<opentracks:accuracy_horizontal>1.02</opentracks:accuracy_horizontal></extensions>
</trkpt>
<trkpt lat="50.452133" lon="-104.537099">
<ele>560</ele>
<time>2026-09-27T07:30:57.039-06:00</time>
<extensions>
<gpxtpx:TrackPointExtension>
<gpxtpx:speed>3.85</gpxtpx:speed>
</gpxtpx:TrackPointExtension>
<opentracks:accuracy_horizontal>4.082</opentracks:accuracy_horizontal></extensions>
</trkpt>
<trkpt lat="50.452064" lon="-104.536991">
<ele>559</ele>
<time>2026-09-27T07:31:00.044-06:00</time>
<extensions>
<gpxtpx:TrackPointExtension>
<gpxtpx:speed>3.71</gpxtpx:speed>
</gpxtpx:TrackPointExtension>
<opentracks:accuracy_horizontal>3.571</opentracks:accuracy_horizontal></extensions>
</trkpt>
<trkpt lat="50.452001" lon="-104.53685">
<ele>559</ele>
<time>2026-09-27T07:31:03.046-06:00</time>
<extensions>
<gpxtpx:TrackPointExtension>
<gpxtpx:speed>4.19</gpxtpx:speed>
</gpxtpx:TrackPointExtension>
<opentracks:accuracy_horizontal>3.061</opentracks:accuracy_horizontal></extensions>
</trkpt>
<trkpt lat="50.451929" lon="-104.536702">
<ele>559</ele>
<time>2026-09-27T07:31:06.044-06:00</time>
<extensions>
<gpxtpx:TrackPointExtension>
<gpxtpx:speed>4.23</gpxtpx:speed>
</gpxtpx:TrackPointExtension>
<opentracks:accuracy_horizontal>3.061</opentracks:accuracy_horizontal></extensions>
</trkpt>
<trkpt lat="50.451848" lon="-104.536567">
<ele>559</ele>
<time>2026-09-27T07:31:09.049-06:00</time>
<extensions>
<gpxtpx:TrackPointExtension>
<gpxtpx:speed>4.9</gpxtpx:speed>
</gpxtpx:TrackPointExtension>
<opentracks:accuracy_horizontal>1.02</opentracks:accuracy_horizontal></extensions>
</trkpt>
<trkpt lat="50.451749" lon="-104.536445">
<ele>559</ele>
<time>2026-09-27T07:31:12.059-06:00</time>
<extensions>
<gpxtpx:TrackPointExtension>
<gpxtpx:speed>4.73</gpxtpx:speed>
</gpxtpx:TrackPointExtension>
<opentracks:accuracy_horizontal>1.02</opentracks:accuracy_horizontal></extensions>
</trkpt>
<trkpt lat="50.451666" lon="-104.536386">
<ele>559</ele>
<time>2026-09-27T07:31:14.038-06:00</time>
<extensions>
<gpxtpx:TrackPointExtension>
<gpxtpx:speed>5.18</gpxtpx:speed>
</gpxtpx:TrackPointExtension>
<opentracks:accuracy_horizontal>1.02</opentracks:accuracy_horizontal></extensions>
</trkpt>
<trkpt lat="50.451575" lon="-104.536346">
<ele>559</ele>
<time>2026-09-27T07:31:16.044-06:00</time>
<extensions>
<gpxtpx:TrackPointExtension>
<gpxtpx:speed>5.31</gpxtpx:speed>
</gpxtpx:TrackPointExtension>
<opentracks:accuracy_horizontal>3.061</opentracks:accuracy_horizontal></extensions>
</trkpt>
<trkpt lat="50.451483" lon="-104.53633">
<ele>560</ele>
<time>2026-09-27T07:31:18.044-06:00</time>
<extensions>
<gpxtpx:TrackPointExtension>
<gpxtpx:speed>5.15</gpxtpx:speed>
</gpxtpx:TrackPointExtension>
<opentracks:accuracy_horizontal>1.02</opentracks:accuracy_horizontal></extensions>
</trkpt>
<trkpt lat="50.451389" lon="-104.536348">
<ele>560</ele>
<time>2026-09-27T07:31:20.042-06:00</time>
<extensions>
<gpxtpx:TrackPointExtension>
<gpxtpx:speed>5.53</gpxtpx:speed>
</gpxtpx:TrackPointExtension>
<opentracks:accuracy_horizontal>1.02</opentracks:accuracy_horizontal></extensions>
</trkpt>
<trkpt lat="50.451293" lon="-104.536373">
<ele>560</ele>
<time>2026-09-27T07:31:22.046-06:00</time>
<extensions>
<gpxtpx:TrackPointExtension>
<gpxtpx:speed>5.5</gpxtpx:speed>
</gpxtpx:TrackPointExtension>
<opentracks:accuracy_horizontal>1.02</opentracks:accuracy_horizontal></extensions>
</trkpt>
<trkpt lat="50.4512" lon="-104.536411">
<ele>560</ele>
<time>2026-09-27T07:31:24.057-06:00</time>
<extensions>
<gpxtpx:TrackPointExtension>
<gpxtpx:speed>5.02</gpxtpx:speed>
</gpxtpx:TrackPointExtension>
<opentracks:accuracy_horizontal>1.02</opentracks:accuracy_horizontal></extensions>
</trkpt>
<trkpt lat="50.451085" lon="-104.536489">
<ele>559</ele>
<time>2026-09-27T07:31:27.043-06:00</time>
<extensions>
<gpxtpx:TrackPointExtension>
<gpxtpx:speed>4.46</gpxtpx:speed>
</gpxtpx:TrackPointExtension>
<opentracks:accuracy_horizontal>3.061</opentracks:accuracy_horizontal></extensions>
</trkpt>
<trkpt lat="50.450975" lon="-104.536601">
<ele>560</ele>
<time>2026-09-27T07:31:30.039-06:00</time>
<extensions>
<gpxtpx:TrackPointExtension>
<gpxtpx:speed>5.07</gpxtpx:speed>
</gpxtpx:TrackPointExtension>
<opentracks:accuracy_horizontal>3.061</opentracks:accuracy_horizontal></extensions>
</trkpt>
<trkpt lat="50.450908" lon="-104.536696">
<ele>559</ele>
<time>2026-09-27T07:31:32.035-06:00</time>
<extensions>
<gpxtpx:TrackPointExtension>
<gpxtpx:speed>5.18</gpxtpx:speed>
</gpxtpx:TrackPointExtension>
<opentracks:accuracy_horizontal>3.061</opentracks:accuracy_horizontal></extensions>
</trkpt>
<trkpt lat="50.450846" lon="-104.536811">
<ele>559</ele>
<time>2026-09-27T07:31:34.051-06:00</time>
<extensions>
<gpxtpx:TrackPointExtension>
<gpxtpx:speed>5.4</gpxtpx:speed>
</gpxtpx:TrackPointExtension>
<opentracks:accuracy_horizontal>1.02</opentracks:accuracy_horizontal></extensions>
</trkpt>
<trkpt lat="50.450789" lon="-104.536936">
<ele>560</ele>
<time>2026-09-27T07:31:36.041-06:00</time>
<extensions>
<gpxtpx:TrackPointExtension>
<gpxtpx:speed>5.58</gpxtpx:speed>
</gpxtpx:TrackPointExtension>
<opentracks:accuracy_horizontal>2.551</opentracks:accuracy_horizontal></extensions>
</trkpt>
<trkpt lat="50.450732" lon="-104.537061">
<ele>560</ele>
<time>2026-09-27T07:31:38.046-06:00</time>
<extensions>
<gpxtpx:TrackPointExtension>
<gpxtpx:speed>5.61</gpxtpx:speed>
</gpxtpx:TrackPointExtension>
<opentracks:accuracy_horizontal>2.551</opentracks:accuracy_horizontal></extensions>
</trkpt>
<trkpt lat="50.450682" lon="-104.537185">
<ele>560</ele>
<time>2026-09-27T07:31:40.047-06:00</time>
<extensions>
<gpxtpx:TrackPointExtension>
<gpxtpx:speed>5.24</gpxtpx:speed>
</gpxtpx:TrackPointExtension>
<opentracks:accuracy_horizontal>2.551</opentracks:accuracy_horizontal></extensions>
</trkpt>
<trkpt lat="50.450629" lon="-104.537306">
<ele>559</ele>
<time>2026-09-27T07:31:42.043-06:00</time>
<extensions>
<gpxtpx:TrackPointExtension>
<gpxtpx:speed>4.92</gpxtpx:speed>
</gpxtpx:TrackPointExtension>
<opentracks:accuracy_horizontal>1.531</opentracks:accuracy_horizontal></extensions>
</trkpt>
<trkpt lat="50.450542" lon="-104.537453">
<ele>559</ele>
<time>2026-09-27T07:31:45.046-06:00</time>
<extensions>
<gpxtpx:TrackPointExtension>
<gpxtpx:speed>4.35</gpxtpx:speed>
</gpxtpx:TrackPointExtension>
<opentracks:accuracy_horizontal>2.041</opentracks:accuracy_horizontal></extensions>
</trkpt>
<trkpt lat="50.450446" lon="-104.537563">
<ele>558</ele>
<time>2026-09-27T07:31:48.042-06:00</time>
<extensions>
<gpxtpx:TrackPointExtension>
<gpxtpx:speed>4.32</gpxtpx:speed>
</gpxtpx:TrackPointExtension>
<opentracks:accuracy_horizontal>4.082</opentracks:accuracy_horizontal></extensions>
</trkpt>
<trkpt lat="50.450338" lon="-104.537646">
<ele>558</ele>
<time>2026-09-27T07:31:51.039-06:00</time>
<extensions>
<gpxtpx:TrackPointExtension>
<gpxtpx:speed>4.38</gpxtpx:speed>
</gpxtpx:TrackPointExtension>
<opentracks:accuracy_horizontal>3.061</opentracks:accuracy_horizontal></extensions>
</trkpt>
<trkpt lat="50.450219" lon="-104.537688">
<ele>559</ele>
<time>2026-09-27T07:31:54.052-06:00</time>
<extensions>
<gpxtpx:TrackPointExtension>
<gpxtpx:speed>4.32</gpxtpx:speed>
</gpxtpx:TrackPointExtension>
<opentracks:accuracy_horizontal>3.061</opentracks:accuracy_horizontal></extensions>
</trkpt>
<trkpt lat="50.450098" lon="-104.537703">
<ele>558</ele>
<time>2026-09-27T07:31:57.058-06:00</time>
<extensions>
<gpxtpx:TrackPointExtension>
<gpxtpx:speed>4.75</gpxtpx:speed>
</gpxtpx:TrackPointExtension>
<opentracks:accuracy_horizontal>1.02</opentracks:accuracy_horizontal></extensions>
</trkpt>
<trkpt lat="50.449978" lon="-104.537751">
<ele>558</ele>
<time>2026-09-27T07:32:00.044-06:00</time>
<extensions>
<gpxtpx:TrackPointExtension>
<gpxtpx:speed>4.35</gpxtpx:speed>
</gpxtpx:TrackPointExtension>
<opentracks:accuracy_horizontal>3.571</opentracks:accuracy_horizontal></extensions>
</trkpt>
<trkpt lat="50.449876" lon="-104.537868">
<ele>558</ele>
<time>2026-09-27T07:32:03.045-06:00</time>
<extensions>
<gpxtpx:TrackPointExtension>
<gpxtpx:speed>4.58</gpxtpx:speed>
</gpxtpx:TrackPointExtension>
<opentracks:accuracy_horizontal>1.02</opentracks:accuracy_horizontal></extensions>
</trkpt>
<trkpt lat="50.44984" lon="-104.538011">
<ele>558</ele>
<time>2026-09-27T07:32:05.043-06:00</time>
<extensions>
<gpxtpx:TrackPointExtension>
<gpxtpx:speed>5.2</gpxtpx:speed>
</gpxtpx:TrackPointExtension>
<opentracks:accuracy_horizontal>1.02</opentracks:accuracy_horizontal></extensions>
</trkpt>
<trkpt lat="50.449819" lon="-104.538156">
<ele>559</ele>
<time>2026-09-27T07:32:07.052-06:00</time>
<extensions>
<gpxtpx:TrackPointExtension>
<gpxtpx:speed>5.24</gpxtpx:speed>
</gpxtpx:TrackPointExtension>
<opentracks:accuracy_horizontal>1.02</opentracks:accuracy_horizontal></extensions>
</trkpt>
<trkpt lat="50.449794" lon="-104.53835">
<ele>559</ele>
<time>2026-09-27T07:32:10.049-06:00</time>
<extensions>
<gpxtpx:TrackPointExtension>
<gpxtpx:speed>4.68</gpxtpx:speed>
</gpxtpx:TrackPointExtension>
<opentracks:accuracy_horizontal>1.02</opentracks:accuracy_horizontal></extensions>
</trkpt>
<trkpt lat="50.449748" lon="-104.53853">
<ele>560</ele>
<time>2026-09-27T07:32:13.041-06:00</time>
<extensions>
<gpxtpx:TrackPointExtension>
<gpxtpx:speed>4.8</gpxtpx:speed>
</gpxtpx:TrackPointExtension>
<opentracks:accuracy_horizontal>1.02</opentracks:accuracy_horizontal></extensions>
</trkpt>
<trkpt lat="50.449699" lon="-104.538651">
<ele>560</ele>
<time>2026-09-27T07:32:15.052-06:00</time>
<extensions>
<gpxtpx:TrackPointExtension>
<gpxtpx:speed>5.16</gpxtpx:speed>
</gpxtpx:TrackPointExtension>
<opentracks:accuracy_horizontal>1.02</opentracks:accuracy_horizontal></extensions>
</trkpt>
<trkpt lat="50.449617" lon="-104.538802">
<ele>561</ele>
<time>2026-09-27T07:32:18.04-06:00</time>
<extensions>
<gpxtpx:TrackPointExtension>
<gpxtpx:speed>4.43</gpxtpx:speed>
</gpxtpx:TrackPointExtension>
<opentracks:accuracy_horizontal>2.551</opentracks:accuracy_horizontal></extensions>
</trkpt>
<trkpt lat="50.449522" lon="-104.53889">
<ele>561</ele>
<time>2026-09-27T07:32:21.05-06:00</time>
<extensions>
<gpxtpx:TrackPointExtension>
<gpxtpx:speed>3.85</gpxtpx:speed>
</gpxtpx:TrackPointExtension>
<opentracks:accuracy_horizontal>1.02</opentracks:accuracy_horizontal></extensions>
</trkpt>
<trkpt lat="50.449412" lon="-104.538954">
<ele>560</ele>
<time>2026-09-27T07:32:24.058-06:00</time>
<extensions>
<gpxtpx:TrackPointExtension>
<gpxtpx:speed>4.46</gpxtpx:speed>
</gpxtpx:TrackPointExtension>
<opentracks:accuracy_horizontal>1.02</opentracks:accuracy_horizontal></extensions>
</trkpt>
<trkpt lat="50.449291" lon="-104.539011">
<ele>560</ele>
<time>2026-09-27T07:32:27.048-06:00</time>
<extensions>
<gpxtpx:TrackPointExtension>
<gpxtpx:speed>4.55</gpxtpx:speed>
</gpxtpx:TrackPointExtension>
<opentracks:accuracy_horizontal>2.041</opentracks:accuracy_horizontal></extensions>
</trkpt>
<trkpt lat="50.449177" lon="-104.53904">
<ele>560</ele>
<time>2026-09-27T07:32:30.051-06:00</time>
<extensions>
<gpxtpx:TrackPointExtension>
<gpxtpx:speed>4.16</gpxtpx:speed>
</gpxtpx:TrackPointExtension>
<opentracks:accuracy_horizontal>1.02</opentracks:accuracy_horizontal></extensions>
</trkpt>
<trkpt lat="50.449064" lon="-104.539043">
<ele>560</ele>
<time>2026-09-27T07:32:33.045-06:00</time>
<extensions>
<gpxtpx:TrackPointExtension>
<gpxtpx:speed>3.85</gpxtpx:speed>
</gpxtpx:TrackPointExtension>
<opentracks:accuracy_horizontal>3.571</opentracks:accuracy_horizontal></extensions>
</trkpt>
<trkpt lat="50.448963" lon="-104.539051">
<ele>559</ele>
<time>2026-09-27T07:32:36.033-06:00</time>
<extensions>
<gpxtpx:TrackPointExtension>
<gpxtpx:speed>3.64</gpxtpx:speed>
</gpxtpx:TrackPointExtension>
<opentracks:accuracy_horizontal>4.592</opentracks:accuracy_horizontal></extensions>
</trkpt>
<trkpt lat="50.448865" lon="-104.539061">
<ele>559</ele>
<time>2026-09-27T07:32:39.031-06:00</time>
<extensions>
<gpxtpx:TrackPointExtension>
<gpxtpx:speed>3.72</gpxtpx:speed>
</gpxtpx:TrackPointExtension>
<opentracks:accuracy_horizontal>3.571</opentracks:accuracy_horizontal></extensions>
</trkpt>
<trkpt lat="50.448766" lon="-104.539118">
<ele>559</ele>
<time>2026-09-27T07:32:42.038-06:00</time>
<extensions>
<gpxtpx:TrackPointExtension>
<gpxtpx:speed>4.01</gpxtpx:speed>
</gpxtpx:TrackPointExtension>
<opentracks:accuracy_horizontal>3.571</opentracks:accuracy_horizontal></extensions>
</trkpt>
<trkpt lat="50.448681" lon="-104.539194">
<ele>559</ele>
<time>2026-09-27T07:32:45.054-06:00</time>
<extensions>
<gpxtpx:TrackPointExtension>
<gpxtpx:speed>3.39</gpxtpx:speed>
</gpxtpx:TrackPointExtension>
<opentracks:accuracy_horizontal>2.551</opentracks:accuracy_horizontal></extensions>
</trkpt>
<trkpt lat="50.448605" lon="-104.539321">
<ele>559</ele>
<time>2026-09-27T07:32:48.043-06:00</time>
<extensions>
<gpxtpx:TrackPointExtension>
<gpxtpx:speed>4.42</gpxtpx:speed>
</gpxtpx:TrackPointExtension>
<opentracks:accuracy_horizontal>3.061</opentracks:accuracy_horizontal></extensions>
</trkpt>
<trkpt lat="50.448595" lon="-104.53952">
<ele>559</ele>
<time>2026-09-27T07:32:51.05-06:00</time>
<extensions>
<gpxtpx:TrackPointExtension>
<gpxtpx:speed>5.13</gpxtpx:speed>
</gpxtpx:TrackPointExtension>
<opentracks:accuracy_horizontal>3.571</opentracks:accuracy_horizontal></extensions>
</trkpt>
<trkpt lat="50.448597" lon="-104.539665">
<ele>558</ele>
<time>2026-09-27T07:32:53.043-06:00</time>
<extensions>
<gpxtpx:TrackPointExtension>
<gpxtpx:speed>5.2</gpxtpx:speed>
</gpxtpx:TrackPointExtension>
<opentracks:accuracy_horizontal>1.02</opentracks:accuracy_horizontal></extensions>
</trkpt>
<trkpt lat="50.448596" lon="-104.53986">
<ele>558</ele>
<time>2026-09-27T07:32:56.042-06:00</time>
<extensions>
<gpxtpx:TrackPointExtension>
<gpxtpx:speed>4.28</gpxtpx:speed>
</gpxtpx:TrackPointExtension>
<opentracks:accuracy_horizontal>1.531</opentracks:accuracy_horizontal></extensions>
</trkpt>
<trkpt lat="50.448597" lon="-104.540027">
<ele>558</ele>
<time>2026-09-27T07:32:59.042-06:00</time>
<extensions>
<gpxtpx:TrackPointExtension>
<gpxtpx:speed>3.89</gpxtpx:speed>
</gpxtpx:TrackPointExtension>
<opentracks:accuracy_horizontal>3.061</opentracks:accuracy_horizontal></extensions>
</trkpt>
<trkpt lat="50.448566" lon="-104.540211">
<ele>558</ele>
<time>2026-09-27T07:33:02.042-06:00</time>
<extensions>
<gpxtpx:TrackPointExtension>
<gpxtpx:speed>4.38</gpxtpx:speed>
</gpxtpx:TrackPointExtension>
<opentracks:accuracy_horizontal>3.571</opentracks:accuracy_horizontal></extensions>
</trkpt>
<trkpt lat="50.448497" lon="-104.540352">
<ele>559</ele>
<time>2026-09-27T07:33:05.053-06:00</time>
<extensions>
<gpxtpx:TrackPointExtension>
<gpxtpx:speed>4.05</gpxtpx:speed>
</gpxtpx:TrackPointExtension>
<opentracks:accuracy_horizontal>1.02</opentracks:accuracy_horizontal></extensions>
</trkpt>
<trkpt lat="50.448409" lon="-104.540465">
<ele>559</ele>
<time>2026-09-27T07:33:08.051-06:00</time>
<extensions>
<gpxtpx:TrackPointExtension>
<gpxtpx:speed>4.11</gpxtpx:speed>
</gpxtpx:TrackPointExtension>
<opentracks:accuracy_horizontal>1.02</opentracks:accuracy_horizontal></extensions>
</trkpt>
<trkpt lat="50.448305" lon="-104.540452">
<ele>559</ele>
<time>2026-09-27T07:33:11.043-06:00</time>
<extensions>
<gpxtpx:TrackPointExtension>
<gpxtpx:speed>3.72</gpxtpx:speed>
</gpxtpx:TrackPointExtension>
<opentracks:accuracy_horizontal>0.51</opentracks:accuracy_horizontal></extensions>
</trkpt>
<trkpt lat="50.448186" lon="-104.540446">
<ele>559</ele>
<time>2026-09-27T07:33:15.052-06:00</time>
<extensions>
<gpxtpx:TrackPointExtension>
<gpxtpx:speed>3.22</gpxtpx:speed>
</gpxtpx:TrackPointExtension>
<opentracks:accuracy_horizontal>1.02</opentracks:accuracy_horizontal></extensions>
</trkpt>
<trkpt lat="50.448093" lon="-104.540455">
<ele>559</ele>
<time>2026-09-27T07:33:18.043-06:00</time>
<extensions>
<gpxtpx:TrackPointExtension>
<gpxtpx:speed>4.01</gpxtpx:speed>
</gpxtpx:TrackPointExtension>
<opentracks:accuracy_horizontal>4.082</opentracks:accuracy_horizontal></extensions>
</trkpt>
<trkpt lat="50.44798" lon="-104.540457">
<ele>558</ele>
<time>2026-09-27T07:33:21.039-06:00</time>
<extensions>
<gpxtpx:TrackPointExtension>
<gpxtpx:speed>3.96</gpxtpx:speed>
</gpxtpx:TrackPointExtension>
<opentracks:accuracy_horizontal>3.571</opentracks:accuracy_horizontal></extensions>
</trkpt>
<trkpt lat="50.44788" lon="-104.540443">
<ele>559</ele>
<time>2026-09-27T07:33:24.046-06:00</time>
<extensions>
<gpxtpx:TrackPointExtension>
<gpxtpx:speed>4.56</gpxtpx:speed>
</gpxtpx:TrackPointExtension>
<opentracks:accuracy_horizontal>1.02</opentracks:accuracy_horizontal></extensions>
</trkpt>
<trkpt lat="50.447772" lon="-104.540411">
<ele>559</ele>
<time>2026-09-27T07:33:28.036-06:00</time>
<extensions>
<gpxtpx:TrackPointExtension>
<gpxtpx:speed>3.46</gpxtpx:speed>
</gpxtpx:TrackPointExtension>
<opentracks:accuracy_horizontal>4.082</opentracks:accuracy_horizontal></extensions>
</trkpt>
<trkpt lat="50.447678" lon="-104.540426">
<ele>559</ele>
<time>2026-09-27T07:33:32.063-06:00</time>
<extensions>
<gpxtpx:TrackPointExtension>
<gpxtpx:speed>2.53</gpxtpx:speed>
</gpxtpx:TrackPointExtension>
<opentracks:accuracy_horizontal>1.02</opentracks:accuracy_horizontal></extensions>
</trkpt>
<trkpt lat="50.447583" lon="-104.540401">
<ele>559</ele>
<time>2026-09-27T07:33:38.048-06:00</time>
<extensions>
<gpxtpx:TrackPointExtension>
<gpxtpx:speed>2.49</gpxtpx:speed>
</gpxtpx:TrackPointExtension>
<opentracks:accuracy_horizontal>3.061</opentracks:accuracy_horizontal></extensions>
</trkpt>
<trkpt lat="50.447477" lon="-104.540415">
<ele>560</ele>
<time>2026-09-27T07:33:41.061-06:00</time>
<extensions>
<gpxtpx:TrackPointExtension>
<gpxtpx:speed>4.52</gpxtpx:speed>
</gpxtpx:TrackPointExtension>
<opentracks:accuracy_horizontal>3.061</opentracks:accuracy_horizontal></extensions>
</trkpt>
<trkpt lat="50.447347" lon="-104.540393">
<ele>559</ele>
<time>2026-09-27T07:33:44.04-06:00</time>
<extensions>
<gpxtpx:TrackPointExtension>
<gpxtpx:speed>4.94</gpxtpx:speed>
</gpxtpx:TrackPointExtension>
<opentracks:accuracy_horizontal>3.061</opentracks:accuracy_horizontal></extensions>
</trkpt>
<trkpt lat="50.447215" lon="-104.540374">
<ele>559</ele>
<time>2026-09-27T07:33:47.06-06:00</time>
<extensions>
<gpxtpx:TrackPointExtension>
<gpxtpx:speed>4.82</gpxtpx:speed>
</gpxtpx:TrackPointExtension>
<opentracks:accuracy_horizontal>0.51</opentracks:accuracy_horizontal></extensions>
</trkpt>
<trkpt lat="50.447092" lon="-104.540397">
<ele>559</ele>
<time>2026-09-27T07:33:50.044-06:00</time>
<extensions>
<gpxtpx:TrackPointExtension>
<gpxtpx:speed>3.95</gpxtpx:speed>
</gpxtpx:TrackPointExtension>
<opentracks:accuracy_horizontal>3.061</opentracks:accuracy_horizontal></extensions>
</trkpt>
<trkpt lat="50.446985" lon="-104.540406">
<ele>559</ele>
<time>2026-09-27T07:33:53.053-06:00</time>
<extensions>
<gpxtpx:TrackPointExtension>
<gpxtpx:speed>4.05</gpxtpx:speed>
</gpxtpx:TrackPointExtension>
<opentracks:accuracy_horizontal>3.571</opentracks:accuracy_horizontal></extensions>
</trkpt>
<trkpt lat="50.446863" lon="-104.540402">
<ele>558</ele>
<time>2026-09-27T07:33:56.056-06:00</time>
<extensions>
<gpxtpx:TrackPointExtension>
<gpxtpx:speed>4.99</gpxtpx:speed>
</gpxtpx:TrackPointExtension>
<opentracks:accuracy_horizontal>2.551</opentracks:accuracy_horizontal></extensions>
</trkpt>
<trkpt lat="50.446766" lon="-104.540394">
<ele>558</ele>
<time>2026-09-27T07:33:58.043-06:00</time>
<extensions>
<gpxtpx:TrackPointExtension>
<gpxtpx:speed>5.01</gpxtpx:speed>
</gpxtpx:TrackPointExtension>
<opentracks:accuracy_horizontal>4.082</opentracks:accuracy_horizontal></extensions>
</trkpt>
<trkpt lat="50.44667" lon="-104.540384">
<ele>559</ele>
<time>2026-09-27T07:34:00.048-06:00</time>
<extensions>
<gpxtpx:TrackPointExtension>
<gpxtpx:speed>4.74</gpxtpx:speed>
</gpxtpx:TrackPointExtension>
<opentracks:accuracy_horizontal>4.082</opentracks:accuracy_horizontal></extensions>
</trkpt>
<trkpt lat="50.446546" lon="-104.540364">
<ele>559</ele>
<time>2026-09-27T07:34:03.041-06:00</time>
<extensions>
<gpxtpx:TrackPointExtension>
<gpxtpx:speed>4.46</gpxtpx:speed>
</gpxtpx:TrackPointExtension>
<opentracks:accuracy_horizontal>4.082</opentracks:accuracy_horizontal></extensions>
</trkpt>
<trkpt lat="50.44643" lon="-104.540332">
<ele>559</ele>
<time>2026-09-27T07:34:06.032-06:00</time>
<extensions>
<gpxtpx:TrackPointExtension>
<gpxtpx:speed>3.8</gpxtpx:speed>
</gpxtpx:TrackPointExtension>
<opentracks:accuracy_horizontal>5.102</opentracks:accuracy_horizontal></extensions>
</trkpt>
<trkpt lat="50.446324" lon="-104.540323">
<ele>560</ele>
<time>2026-09-27T07:34:10.034-06:00</time>
<extensions>
<gpxtpx:TrackPointExtension>
<gpxtpx:speed>2.39</gpxtpx:speed>
</gpxtpx:TrackPointExtension>
<opentracks:accuracy_horizontal>5.102</opentracks:accuracy_horizontal></extensions>
</trkpt>
<trkpt lat="50.446222" lon="-104.540322">
<ele>559</ele>
<time>2026-09-27T07:34:17.039-06:00</time>
<extensions>
<gpxtpx:TrackPointExtension>
<gpxtpx:speed>1.54</gpxtpx:speed>
</gpxtpx:TrackPointExtension>
<opentracks:accuracy_horizontal>6.633</opentracks:accuracy_horizontal></extensions>
</trkpt>
<trkpt lat="50.446129" lon="-104.540324">
<ele>559</ele>
<time>2026-09-27T07:34:21.052-06:00</time>
<extensions>
<gpxtpx:TrackPointExtension>
<gpxtpx:speed>3.25</gpxtpx:speed>
</gpxtpx:TrackPointExtension>
<opentracks:accuracy_horizontal>5.102</opentracks:accuracy_horizontal></extensions>
</trkpt>
<trkpt lat="50.446029" lon="-104.540369">
<ele>558</ele>
<time>2026-09-27T07:34:25.05-06:00</time>
<extensions>
<gpxtpx:TrackPointExtension>
<gpxtpx:speed>2.71</gpxtpx:speed>
</gpxtpx:TrackPointExtension>
<opentracks:accuracy_horizontal>4.082</opentracks:accuracy_horizontal></extensions>
</trkpt>
<trkpt lat="50.445924" lon="-104.540431">
<ele>559</ele>
<time>2026-09-27T07:34:29.048-06:00</time>
<extensions>
<gpxtpx:TrackPointExtension>
<gpxtpx:speed>3.33</gpxtpx:speed>
</gpxtpx:TrackPointExtension>
<opentracks:accuracy_horizontal>1.02</opentracks:accuracy_horizontal></extensions>
</trkpt>
<trkpt lat="50.445823" lon="-104.540433">
<ele>559</ele>
<time>2026-09-27T07:34:32.052-06:00</time>
<extensions>
<gpxtpx:TrackPointExtension>
<gpxtpx:speed>3.38</gpxtpx:speed>
</gpxtpx:TrackPointExtension>
<opentracks:accuracy_horizontal>5.102</opentracks:accuracy_horizontal></extensions>
</trkpt>
<trkpt lat="50.44571" lon="-104.540433">
<ele>559</ele>
<time>2026-09-27T07:34:36.055-06:00</time>
<extensions>
<gpxtpx:TrackPointExtension>
<gpxtpx:speed>3.12</gpxtpx:speed>
</gpxtpx:TrackPointExtension>
<opentracks:accuracy_horizontal>5.612</opentracks:accuracy_horizontal></extensions>
</trkpt>
<trkpt lat="50.445609" lon="-104.540453">
<ele>559</ele>
<time>2026-09-27T07:34:40.055-06:00</time>
<extensions>
<gpxtpx:TrackPointExtension>
<gpxtpx:speed>2.51</gpxtpx:speed>
</gpxtpx:TrackPointExtension>
<opentracks:accuracy_horizontal>4.592</opentracks:accuracy_horizontal></extensions>
</trkpt>
<trkpt lat="50.445508" lon="-104.54041">
<ele>559</ele>
<time>2026-09-27T07:34:45.064-06:00</time>
<extensions>
<gpxtpx:TrackPointExtension>
<gpxtpx:speed>3.72</gpxtpx:speed>
</gpxtpx:TrackPointExtension>
<opentracks:accuracy_horizontal>4.082</opentracks:accuracy_horizontal></extensions>
</trkpt>
<trkpt lat="50.445511" lon="-104.540256">
<ele>558</ele>
<time>2026-09-27T07:34:48.06-06:00</time>
<extensions>
<gpxtpx:TrackPointExtension>
<gpxtpx:speed>3.77</gpxtpx:speed>
</gpxtpx:TrackPointExtension>
<opentracks:accuracy_horizontal>4.082</opentracks:accuracy_horizontal></extensions>
</trkpt>
<trkpt lat="50.44558" lon="-104.540156">
<ele>558</ele>
<time>2026-09-27T07:34:51.048-06:00</time>
<extensions>
<gpxtpx:TrackPointExtension>
<gpxtpx:speed>3.27</gpxtpx:speed>
</gpxtpx:TrackPointExtension>
<opentracks:accuracy_horizontal>3.571</opentracks:accuracy_horizontal></extensions>
</trkpt>
<trkpt lat="50.44566" lon="-104.540039">
<ele>558</ele>
<time>2026-09-27T07:34:55.047-06:00</time>
<extensions>
<gpxtpx:TrackPointExtension>
<gpxtpx:speed>3.3</gpxtpx:speed>
</gpxtpx:TrackPointExtension>
<opentracks:accuracy_horizontal>4.082</opentracks:accuracy_horizontal></extensions>
</trkpt>
<trkpt lat="50.445758" lon="-104.539963">
<ele>557</ele>
<time>2026-09-27T07:34:59.038-06:00</time>
<extensions>
<gpxtpx:TrackPointExtension>
<gpxtpx:speed>3.25</gpxtpx:speed>
</gpxtpx:TrackPointExtension>
<opentracks:accuracy_horizontal>3.061</opentracks:accuracy_horizontal></extensions>
</trkpt>
<trkpt lat="50.445814" lon="-104.539811">
<ele>557</ele>
<time>2026-09-27T07:35:03.033-06:00</time>
<extensions>
<gpxtpx:TrackPointExtension>
<gpxtpx:speed>3.29</gpxtpx:speed>
</gpxtpx:TrackPointExtension>
<opentracks:accuracy_horizontal>3.061</opentracks:accuracy_horizontal></extensions>
</trkpt>
<trkpt lat="50.44581" lon="-104.53966">
<ele>557</ele>
<time>2026-09-27T07:35:06.046-06:00</time>
<extensions>
<gpxtpx:TrackPointExtension>
<gpxtpx:speed>3.69</gpxtpx:speed>
</gpxtpx:TrackPointExtension>
<opentracks:accuracy_horizontal>3.061</opentracks:accuracy_horizontal></extensions>
</trkpt>
<trkpt lat="50.445811" lon="-104.539505">
<ele>557</ele>
<time>2026-09-27T07:35:09.039-06:00</time>
<extensions>
<gpxtpx:TrackPointExtension>
<gpxtpx:speed>3.46</gpxtpx:speed>
</gpxtpx:TrackPointExtension>
<opentracks:accuracy_horizontal>3.571</opentracks:accuracy_horizontal></extensions>
</trkpt>
<trkpt lat="50.445784" lon="-104.539338">
<ele>557</ele>
<time>2026-09-27T07:35:13.04-06:00</time>
<extensions>
<gpxtpx:TrackPointExtension>
<gpxtpx:speed>2.83</gpxtpx:speed>
</gpxtpx:TrackPointExtension>
<opentracks:accuracy_horizontal>3.571</opentracks:accuracy_horizontal></extensions>
</trkpt>
<trkpt lat="50.445727" lon="-104.539202">
<ele>557</ele>
<time>2026-09-27T07:35:17.049-06:00</time>
<extensions>
<gpxtpx:TrackPointExtension>
<gpxtpx:speed>2.87</gpxtpx:speed>
</gpxtpx:TrackPointExtension>
<opentracks:accuracy_horizontal>3.061</opentracks:accuracy_horizontal></extensions>
</trkpt>
<trkpt lat="50.445667" lon="-104.539044">
<ele>557</ele>
<time>2026-09-27T07:35:21.053-06:00</time>
<extensions>
<gpxtpx:TrackPointExtension>
<gpxtpx:speed>3.66</gpxtpx:speed>
</gpxtpx:TrackPointExtension>
<opentracks:accuracy_horizontal>3.571</opentracks:accuracy_horizontal></extensions>
</trkpt>
<trkpt lat="50.445615" lon="-104.538924">
<ele>557</ele>
<time>2026-09-27T07:35:24.055-06:00</time>
<extensions>
<gpxtpx:TrackPointExtension>
<gpxtpx:speed>3.13</gpxtpx:speed>
</gpxtpx:TrackPointExtension>
<opentracks:accuracy_horizontal>3.571</opentracks:accuracy_horizontal></extensions>
</trkpt>
<trkpt lat="50.445536" lon="-104.538849">
<ele>558</ele>
<time>2026-09-27T07:35:27.081-06:00</time>
<extensions>
<gpxtpx:TrackPointExtension>
<gpxtpx:speed>3.19</gpxtpx:speed>
</gpxtpx:TrackPointExtension>
<opentracks:accuracy_horizontal>3.571</opentracks:accuracy_horizontal></extensions>
</trkpt>
<trkpt lat="50.445446" lon="-104.538841">
<ele>559</ele>
<time>2026-09-27T07:35:31.049-06:00</time>
<extensions>
<gpxtpx:TrackPointExtension>
<gpxtpx:speed>2.33</gpxtpx:speed>
</gpxtpx:TrackPointExtension>
<opentracks:accuracy_horizontal>3.571</opentracks:accuracy_horizontal></extensions>
</trkpt>
<trkpt lat="50.445354" lon="-104.538811">
<ele>558</ele>
<time>2026-09-27T07:35:35.036-06:00</time>
<extensions>
<gpxtpx:TrackPointExtension>
<gpxtpx:speed>2.6</gpxtpx:speed>
</gpxtpx:TrackPointExtension>
<opentracks:accuracy_horizontal>4.592</opentracks:accuracy_horizontal></extensions>
</trkpt>
<trkpt lat="50.445252" lon="-104.538779">
<ele>558</ele>
<time>2026-09-27T07:35:39.043-06:00</time>
<extensions>
<gpxtpx:TrackPointExtension>
<gpxtpx:speed>3.43</gpxtpx:speed>
</gpxtpx:TrackPointExtension>
<opentracks:accuracy_horizontal>4.592</opentracks:accuracy_horizontal></extensions>
</trkpt>
<trkpt lat="50.445176" lon="-104.538758">
<ele>559</ele>
<time>2026-09-27T07:35:49.033-06:00</time>
<extensions>
<gpxtpx:TrackPointExtension>
<gpxtpx:speed>0.73</gpxtpx:speed>
</gpxtpx:TrackPointExtension>
<opentracks:accuracy_horizontal>5.102</opentracks:accuracy_horizontal></extensions>
</trkpt>
<trkpt lat="50.445072" lon="-104.538708">
<ele>559</ele>
<time>2026-09-27T07:35:56.05-06:00</time>
<extensions>
<gpxtpx:TrackPointExtension>
<gpxtpx:speed>2.34</gpxtpx:speed>
</gpxtpx:TrackPointExtension>
<opentracks:accuracy_horizontal>6.633</opentracks:accuracy_horizontal></extensions>
</trkpt>
<trkpt lat="50.444978" lon="-104.538708">
<ele>559</ele>
<time>2026-09-27T07:36:01.061-06:00</time>
<extensions>
<gpxtpx:TrackPointExtension>
<gpxtpx:speed>3.02</gpxtpx:speed>
</gpxtpx:TrackPointExtension>
<opentracks:accuracy_horizontal>1.02</opentracks:accuracy_horizontal></extensions>
</trkpt>
<trkpt lat="50.444884" lon="-104.538648">
<ele>558</ele>
<time>2026-09-27T07:36:04.07-06:00</time>
<extensions>
<gpxtpx:TrackPointExtension>
<gpxtpx:speed>4.71</gpxtpx:speed>
</gpxtpx:TrackPointExtension>
<opentracks:accuracy_horizontal>1.02</opentracks:accuracy_horizontal></extensions>
</trkpt>
<trkpt lat="50.44476" lon="-104.538571">
<ele>557</ele>
<time>2026-09-27T07:36:07.046-06:00</time>
<extensions>
<gpxtpx:TrackPointExtension>
<gpxtpx:speed>5.54</gpxtpx:speed>
</gpxtpx:TrackPointExtension>
<opentracks:accuracy_horizontal>1.02</opentracks:accuracy_horizontal></extensions>
</trkpt>
<trkpt lat="50.444684" lon="-104.53847">
<ele>557</ele>
<time>2026-09-27T07:36:09.049-06:00</time>
<extensions>
<gpxtpx:TrackPointExtension>
<gpxtpx:speed>5.64</gpxtpx:speed>
</gpxtpx:TrackPointExtension>
<opentracks:accuracy_horizontal>4.082</opentracks:accuracy_horizontal></extensions>
</trkpt>
<trkpt lat="50.444606" lon="-104.538376">
<ele>557</ele>
<time>2026-09-27T07:36:11.054-06:00</time>
<extensions>
<gpxtpx:TrackPointExtension>
<gpxtpx:speed>6.01</gpxtpx:speed>
</gpxtpx:TrackPointExtension>
<opentracks:accuracy_horizontal>3.571</opentracks:accuracy_horizontal></extensions>
</trkpt>
<trkpt lat="50.444519" lon="-104.538266">
<ele>558</ele>
<time>2026-09-27T07:36:13.048-06:00</time>
<extensions>
<gpxtpx:TrackPointExtension>
<gpxtpx:speed>6.06</gpxtpx:speed>
</gpxtpx:TrackPointExtension>
<opentracks:accuracy_horizontal>4.082</opentracks:accuracy_horizontal></extensions>
</trkpt>
<trkpt lat="50.444426" lon="-104.538156">
<ele>558</ele>
<time>2026-09-27T07:36:15.047-06:00</time>
<extensions>
<gpxtpx:TrackPointExtension>
<gpxtpx:speed>6.79</gpxtpx:speed>
</gpxtpx:TrackPointExtension>
<opentracks:accuracy_horizontal>1.02</opentracks:accuracy_horizontal></extensions>
</trkpt>
<trkpt lat="50.444329" lon="-104.538038">
<ele>558</ele>
<time>2026-09-27T07:36:17.057-06:00</time>
<extensions>
<gpxtpx:TrackPointExtension>
<gpxtpx:speed>6.91</gpxtpx:speed>
</gpxtpx:TrackPointExtension>
<opentracks:accuracy_horizontal>1.02</opentracks:accuracy_horizontal></extensions>
</trkpt>
<trkpt lat="50.444228" lon="-104.537931">
<ele>559</ele>
<time>2026-09-27T07:36:19.05-06:00</time>
<extensions>
<gpxtpx:TrackPointExtension>
<gpxtpx:speed>6.81</gpxtpx:speed>
</gpxtpx:TrackPointExtension>
<opentracks:accuracy_horizontal>1.02</opentracks:accuracy_horizontal></extensions>
</trkpt>
<trkpt lat="50.444105" lon="-104.537849">
<ele>559</ele>
<time>2026-09-27T07:36:21.051-06:00</time>
<extensions>
<gpxtpx:TrackPointExtension>
<gpxtpx:speed>6.86</gpxtpx:speed>
</gpxtpx:TrackPointExtension>
<opentracks:accuracy_horizontal>1.02</opentracks:accuracy_horizontal></extensions>
</trkpt>
<trkpt lat="50.443977" lon="-104.537825">
<ele>560</ele>
<time>2026-09-27T07:36:23.061-06:00</time>
<extensions>
<gpxtpx:TrackPointExtension>
<gpxtpx:speed>6.2</gpxtpx:speed>
</gpxtpx:TrackPointExtension>
<opentracks:accuracy_horizontal>1.02</opentracks:accuracy_horizontal></extensions>
</trkpt>
<trkpt lat="50.443871" lon="-104.537813">
<ele>559</ele>
<time>2026-09-27T07:36:25.067-06:00</time>
<extensions>
<gpxtpx:TrackPointExtension>
<gpxtpx:speed>5.71</gpxtpx:speed>
</gpxtpx:TrackPointExtension>
<opentracks:accuracy_horizontal>1.02</opentracks:accuracy_horizontal></extensions>
</trkpt>
<trkpt lat="50.443763" lon="-104.537824">
<ele>560</ele>
<time>2026-09-27T07:36:27.058-06:00</time>
<extensions>
<gpxtpx:TrackPointExtension>
<gpxtpx:speed>5.51</gpxtpx:speed>
</gpxtpx:TrackPointExtension>
<opentracks:accuracy_horizontal>1.02</opentracks:accuracy_horizontal></extensions>
</trkpt>
<trkpt lat="50.443666" lon="-104.537817">
<ele>560</ele>
<time>2026-09-27T07:36:29.049-06:00</time>
<extensions>
<gpxtpx:TrackPointExtension>
<gpxtpx:speed>5.34</gpxtpx:speed>
</gpxtpx:TrackPointExtension>
<opentracks:accuracy_horizontal>1.02</opentracks:accuracy_horizontal></extensions>
</trkpt>
<trkpt lat="50.443569" lon="-104.537812">
<ele>561</ele>
<time>2026-09-27T07:36:31.052-06:00</time>
<extensions>
<gpxtpx:TrackPointExtension>
<gpxtpx:speed>5.35</gpxtpx:speed>
</gpxtpx:TrackPointExtension>
<opentracks:accuracy_horizontal>1.02</opentracks:accuracy_horizontal></extensions>
</trkpt>
<trkpt lat="50.443481" lon="-104.537868">
<ele>560</ele>
<time>2026-09-27T07:36:33.051-06:00</time>
<extensions>
<gpxtpx:TrackPointExtension>
<gpxtpx:speed>4.73</gpxtpx:speed>
</gpxtpx:TrackPointExtension>
<opentracks:accuracy_horizontal>1.02</opentracks:accuracy_horizontal></extensions>
</trkpt>
<trkpt lat="50.443367" lon="-104.537911">
<ele>559</ele>
<time>2026-09-27T07:36:36.056-06:00</time>
<extensions>
<gpxtpx:TrackPointExtension>
<gpxtpx:speed>4.57</gpxtpx:speed>
</gpxtpx:TrackPointExtension>
<opentracks:accuracy_horizontal>2.551</opentracks:accuracy_horizontal></extensions>
</trkpt>
<trkpt lat="50.44325" lon="-104.537917">
<ele>559</ele>
<time>2026-09-27T07:36:39.049-06:00</time>
<extensions>
<gpxtpx:TrackPointExtension>
<gpxtpx:speed>4.52</gpxtpx:speed>
</gpxtpx:TrackPointExtension>
<opentracks:accuracy_horizontal>3.571</opentracks:accuracy_horizontal></extensions>
</trkpt>
<trkpt lat="50.44316" lon="-104.537921">
<ele>559</ele>
<time>2026-09-27T07:36:41.05-06:00</time>
<extensions>
<gpxtpx:TrackPointExtension>
<gpxtpx:speed>5.41</gpxtpx:speed>
</gpxtpx:TrackPointExtension>
<opentracks:accuracy_horizontal>3.571</opentracks:accuracy_horizontal></extensions>
</trkpt>
<trkpt lat="50.443039" lon="-104.537937">
<ele>558</ele>
<time>2026-09-27T07:36:44.034-06:00</time>
<extensions>
<gpxtpx:TrackPointExtension>
<gpxtpx:speed>4.68</gpxtpx:speed>
</gpxtpx:TrackPointExtension>
<opentracks:accuracy_horizontal>1.02</opentracks:accuracy_horizontal></extensions>
</trkpt>
<trkpt lat="50.442921" lon="-104.53794">
<ele>558</ele>
<time>2026-09-27T07:36:47.044-06:00</time>
<extensions>
<gpxtpx:TrackPointExtension>
<gpxtpx:speed>4.18</gpxtpx:speed>
</gpxtpx:TrackPointExtension>
<opentracks:accuracy_horizontal>1.02</opentracks:accuracy_horizontal></extensions>
</trkpt>
<trkpt lat="50.442815" lon="-104.537956">
<ele>557</ele>
<time>2026-09-27T07:36:50.05-06:00</time>
<extensions>
<gpxtpx:TrackPointExtension>
<gpxtpx:speed>3.74</gpxtpx:speed>
</gpxtpx:TrackPointExtension>
<opentracks:accuracy_horizontal>3.061</opentracks:accuracy_horizontal></extensions>
</trkpt>
<trkpt lat="50.442717" lon="-104.53792">
<ele>557</ele>
<time>2026-09-27T07:36:53.054-06:00</time>
<extensions>
<gpxtpx:TrackPointExtension>
<gpxtpx:speed>3.67</gpxtpx:speed>
</gpxtpx:TrackPointExtension>
<opentracks:accuracy_horizontal>3.571</opentracks:accuracy_horizontal></extensions>
</trkpt>
<trkpt lat="50.442625" lon="-104.537891">
<ele>557</ele>
<time>2026-09-27T07:36:56.074-06:00</time>
<extensions>
<gpxtpx:TrackPointExtension>
<gpxtpx:speed>2.85</gpxtpx:speed>
</gpxtpx:TrackPointExtension>
<opentracks:accuracy_horizontal>6.122</opentracks:accuracy_horizontal></extensions>
</trkpt>
<trkpt lat="50.442526" lon="-104.537865">
<ele>557</ele>
<time>2026-09-27T07:37:00.063-06:00</time>
<extensions>
<gpxtpx:TrackPointExtension>
<gpxtpx:speed>2.41</gpxtpx:speed>
</gpxtpx:TrackPointExtension>
<opentracks:accuracy_horizontal>5.612</opentracks:accuracy_horizontal></extensions>
</trkpt>
<trkpt lat="50.442429" lon="-104.537836">
<ele>557</ele>
<time>2026-09-27T07:37:06.045-06:00</time>
<extensions>
<gpxtpx:TrackPointExtension>
<gpxtpx:speed>2.3</gpxtpx:speed>
</gpxtpx:TrackPointExtension>
<opentracks:accuracy_horizontal>6.122</opentracks:accuracy_horizontal></extensions>
</trkpt>
<trkpt lat="50.442369" lon="-104.537947">
<ele>557</ele>
<time>2026-09-27T07:37:11.046-06:00</time>
<extensions>
<gpxtpx:TrackPointExtension>
<gpxtpx:speed>2.14</gpxtpx:speed>
</gpxtpx:TrackPointExtension>
<opentracks:accuracy_horizontal>1.02</opentracks:accuracy_horizontal></extensions>
</trkpt>
<trkpt lat="50.442354" lon="-104.538116">
<ele>558</ele>
<time>2026-09-27T07:37:15.051-06:00</time>
<extensions>
<gpxtpx:TrackPointExtension>
<gpxtpx:speed>3.13</gpxtpx:speed>
</gpxtpx:TrackPointExtension>
<opentracks:accuracy_horizontal>5.102</opentracks:accuracy_horizontal></extensions>
</trkpt>
<trkpt lat="50.442363" lon="-104.538273">
<ele>558</ele>
<time>2026-09-27T07:37:19.054-06:00</time>
<extensions>
<gpxtpx:TrackPointExtension>
<gpxtpx:speed>2.52</gpxtpx:speed>
</gpxtpx:TrackPointExtension>
<opentracks:accuracy_horizontal>4.082</opentracks:accuracy_horizontal></extensions>
</trkpt>
<trkpt lat="50.442318" lon="-104.538412">
<ele>558</ele>
<time>2026-09-27T07:37:23.064-06:00</time>
<extensions>
<gpxtpx:TrackPointExtension>
<gpxtpx:speed>2.58</gpxtpx:speed>
</gpxtpx:TrackPointExtension>
<opentracks:accuracy_horizontal>4.082</opentracks:accuracy_horizontal></extensions>
</trkpt>
<trkpt lat="50.442222" lon="-104.538444">
<ele>557</ele>
<time>2026-09-27T07:37:27.054-06:00</time>
<extensions>
<gpxtpx:TrackPointExtension>
<gpxtpx:speed>3.92</gpxtpx:speed>
</gpxtpx:TrackPointExtension>
<opentracks:accuracy_horizontal>5.612</opentracks:accuracy_horizontal></extensions>
</trkpt>
<trkpt lat="50.442123" lon="-104.538428">
<ele>557</ele>
<time>2026-09-27T07:37:30.057-06:00</time>
<extensions>
<gpxtpx:TrackPointExtension>
<gpxtpx:speed>4.26</gpxtpx:speed>
</gpxtpx:TrackPointExtension>
<opentracks:accuracy_horizontal>4.082</opentracks:accuracy_horizontal></extensions>
</trkpt>
<trkpt lat="50.442009" lon="-104.538414">
<ele>556</ele>
<time>2026-09-27T07:37:33.055-06:00</time>
<extensions>
<gpxtpx:TrackPointExtension>
<gpxtpx:speed>4.9</gpxtpx:speed>
</gpxtpx:TrackPointExtension>
<opentracks:accuracy_horizontal>2.041</opentracks:accuracy_horizontal></extensions>
</trkpt>
<trkpt lat="50.441884" lon="-104.538401">
<ele>557</ele>
<time>2026-09-27T07:37:36.056-06:00</time>
<extensions>
<gpxtpx:TrackPointExtension>
<gpxtpx:speed>4.39</gpxtpx:speed>
</gpxtpx:TrackPointExtension>
<opentracks:accuracy_horizontal>4.082</opentracks:accuracy_horizontal></extensions>
</trkpt>
<trkpt lat="50.441762" lon="-104.53838">
<ele>558</ele>
<time>2026-09-27T07:37:39.055-06:00</time>
<extensions>
<gpxtpx:TrackPointExtension>
<gpxtpx:speed>3.9</gpxtpx:speed>
</gpxtpx:TrackPointExtension>
<opentracks:accuracy_horizontal>5.102</opentracks:accuracy_horizontal></extensions>
</trkpt>
<trkpt lat="50.441658" lon="-104.538373">
<ele>558</ele>
<time>2026-09-27T07:37:42.056-06:00</time>
<extensions>
<gpxtpx:TrackPointExtension>
<gpxtpx:speed>4.37</gpxtpx:speed>
</gpxtpx:TrackPointExtension>
<opentracks:accuracy_horizontal>4.592</opentracks:accuracy_horizontal></extensions>
</trkpt>
<trkpt lat="50.441543" lon="-104.538414">
<ele>558</ele>
<time>2026-09-27T07:37:45.051-06:00</time>
<extensions>
<gpxtpx:TrackPointExtension>
<gpxtpx:speed>5.1</gpxtpx:speed>
</gpxtpx:TrackPointExtension>
<opentracks:accuracy_horizontal>5.102</opentracks:accuracy_horizontal></extensions>
</trkpt>
<trkpt lat="50.441452" lon="-104.538418">
<ele>559</ele>
<time>2026-09-27T07:37:47.071-06:00</time>
<extensions>
<gpxtpx:TrackPointExtension>
<gpxtpx:speed>4.73</gpxtpx:speed>
</gpxtpx:TrackPointExtension>
<opentracks:accuracy_horizontal>4.592</opentracks:accuracy_horizontal></extensions>
</trkpt>
<trkpt lat="50.441331" lon="-104.538405">
<ele>559</ele>
<time>2026-09-27T07:37:50.055-06:00</time>
<extensions>
<gpxtpx:TrackPointExtension>
<gpxtpx:speed>4.33</gpxtpx:speed>
</gpxtpx:TrackPointExtension>
<opentracks:accuracy_horizontal>5.612</opentracks:accuracy_horizontal></extensions>
</trkpt>
<trkpt lat="50.441211" lon="-104.538396">
<ele>559</ele>
<time>2026-09-27T07:37:53.06-06:00</time>
<extensions>
<gpxtpx:TrackPointExtension>
<gpxtpx:speed>4.02</gpxtpx:speed>
</gpxtpx:TrackPointExtension>
<opentracks:accuracy_horizontal>3.571</opentracks:accuracy_horizontal></extensions>
</trkpt>
<trkpt lat="50.441106" lon="-104.538398">
<ele>559</ele>
<time>2026-09-27T07:37:56.048-06:00</time>
<extensions>
<gpxtpx:TrackPointExtension>
<gpxtpx:speed>3.54</gpxtpx:speed>
</gpxtpx:TrackPointExtension>
<opentracks:accuracy_horizontal>4.082</opentracks:accuracy_horizontal></extensions>
</trkpt>
<trkpt lat="50.441005" lon="-104.538462">
<ele>559</ele>
<time>2026-09-27T07:37:59.064-06:00</time>
<extensions>
<gpxtpx:TrackPointExtension>
<gpxtpx:speed>3.72</gpxtpx:speed>
</gpxtpx:TrackPointExtension>
<opentracks:accuracy_horizontal>4.592</opentracks:accuracy_horizontal></extensions>
</trkpt>
<trkpt lat="50.440979" lon="-104.538662">
<ele>559</ele>
<time>2026-09-27T07:38:02.054-06:00</time>
<extensions>
<gpxtpx:TrackPointExtension>
<gpxtpx:speed>4.14</gpxtpx:speed>
</gpxtpx:TrackPointExtension>
<opentracks:accuracy_horizontal>1.02</opentracks:accuracy_horizontal></extensions>
</trkpt>
<trkpt lat="50.440971" lon="-104.538804">
<ele>559</ele>
<time>2026-09-27T07:38:04.047-06:00</time>
<extensions>
<gpxtpx:TrackPointExtension>
<gpxtpx:speed>4.72</gpxtpx:speed>
</gpxtpx:TrackPointExtension>
<opentracks:accuracy_horizontal>1.02</opentracks:accuracy_horizontal></extensions>
</trkpt>
<trkpt lat="50.440967" lon="-104.538952">
<ele>559</ele>
<time>2026-09-27T07:38:06.047-06:00</time>
<extensions>
<gpxtpx:TrackPointExtension>
<gpxtpx:speed>5.13</gpxtpx:speed>
</gpxtpx:TrackPointExtension>
<opentracks:accuracy_horizontal>1.02</opentracks:accuracy_horizontal></extensions>
</trkpt>
<trkpt lat="50.440973" lon="-104.539098">
<ele>558</ele>
<time>2026-09-27T07:38:08.076-06:00</time>
<extensions>
<gpxtpx:TrackPointExtension>
<gpxtpx:speed>4.74</gpxtpx:speed>
</gpxtpx:TrackPointExtension>
<opentracks:accuracy_horizontal>2.041</opentracks:accuracy_horizontal></extensions>
</trkpt>
<trkpt lat="50.440974" lon="-104.539297">
<ele>558</ele>
<time>2026-09-27T07:38:11.047-06:00</time>
<extensions>
<gpxtpx:TrackPointExtension>
<gpxtpx:speed>4.36</gpxtpx:speed>
</gpxtpx:TrackPointExtension>
<opentracks:accuracy_horizontal>4.592</opentracks:accuracy_horizontal></extensions>
</trkpt>
<trkpt lat="50.440981" lon="-104.539458">
<ele>557</ele>
<time>2026-09-27T07:38:14.061-06:00</time>
<extensions>
<gpxtpx:TrackPointExtension>
<gpxtpx:speed>3.98</gpxtpx:speed>
</gpxtpx:TrackPointExtension>
<opentracks:accuracy_horizontal>4.082</opentracks:accuracy_horizontal></extensions>
</trkpt>
<trkpt lat="50.440968" lon="-104.539641">
<ele>558</ele>
<time>2026-09-27T07:38:17.061-06:00</time>
<extensions>
<gpxtpx:TrackPointExtension>
<gpxtpx:speed>4.37</gpxtpx:speed>
</gpxtpx:TrackPointExtension>
<opentracks:accuracy_horizontal>3.571</opentracks:accuracy_horizontal></extensions>
</trkpt>
<trkpt lat="50.440979" lon="-104.539828">
<ele>558</ele>
<time>2026-09-27T07:38:20.063-06:00</time>
<extensions>
<gpxtpx:TrackPointExtension>
<gpxtpx:speed>3.78</gpxtpx:speed>
</gpxtpx:TrackPointExtension>
<opentracks:accuracy_horizontal>4.082</opentracks:accuracy_horizontal></extensions>
</trkpt>
<trkpt lat="50.44098" lon="-104.53998">
<ele>557</ele>
<time>2026-09-27T07:38:23.05-06:00</time>
<extensions>
<gpxtpx:TrackPointExtension>
<gpxtpx:speed>3.89</gpxtpx:speed>
</gpxtpx:TrackPointExtension>
<opentracks:accuracy_horizontal>4.082</opentracks:accuracy_horizontal></extensions>
</trkpt>
<trkpt lat="50.440989" lon="-104.540129">
<ele>558</ele>
<time>2026-09-27T07:38:26.065-06:00</time>
<extensions>
<gpxtpx:TrackPointExtension>
<gpxtpx:speed>3.13</gpxtpx:speed>
</gpxtpx:TrackPointExtension>
<opentracks:accuracy_horizontal>5.102</opentracks:accuracy_horizontal></extensions>
</trkpt>
<trkpt lat="50.440919" lon="-104.540219">
<ele>557</ele>
<time>2026-09-27T07:38:30.047-06:00</time>
<extensions>
<gpxtpx:TrackPointExtension>
<gpxtpx:speed>3.37</gpxtpx:speed>
</gpxtpx:TrackPointExtension>
<opentracks:accuracy_horizontal>5.612</opentracks:accuracy_horizontal></extensions>
</trkpt>
<trkpt lat="50.44084" lon="-104.54031">
<ele>557</ele>
<time>2026-09-27T07:38:33.062-06:00</time>
<extensions>
<gpxtpx:TrackPointExtension>
<gpxtpx:speed>4.56</gpxtpx:speed>
</gpxtpx:TrackPointExtension>
<opentracks:accuracy_horizontal>4.082</opentracks:accuracy_horizontal></extensions>
</trkpt>
<trkpt lat="50.440721" lon="-104.54036">
<ele>558</ele>
<time>2026-09-27T07:38:36.056-06:00</time>
<extensions>
<gpxtpx:TrackPointExtension>
<gpxtpx:speed>5.05</gpxtpx:speed>
</gpxtpx:TrackPointExtension>
<opentracks:accuracy_horizontal>3.571</opentracks:accuracy_horizontal></extensions>
</trkpt>
<trkpt lat="50.440631" lon="-104.540379">
<ele>558</ele>
<time>2026-09-27T07:38:38.056-06:00</time>
<extensions>
<gpxtpx:TrackPointExtension>
<gpxtpx:speed>5.48</gpxtpx:speed>
</gpxtpx:TrackPointExtension>
<opentracks:accuracy_horizontal>0.51</opentracks:accuracy_horizontal></extensions>
</trkpt>
<trkpt lat="50.440526" lon="-104.54037">
<ele>557</ele>
<time>2026-09-27T07:38:40.061-06:00</time>
<extensions>
<gpxtpx:TrackPointExtension>
<gpxtpx:speed>6.02</gpxtpx:speed>
</gpxtpx:TrackPointExtension>
<opentracks:accuracy_horizontal>1.02</opentracks:accuracy_horizontal></extensions>
</trkpt>
<trkpt lat="50.440422" lon="-104.540378">
<ele>558</ele>
<time>2026-09-27T07:38:42.047-06:00</time>
<extensions>
<gpxtpx:TrackPointExtension>
<gpxtpx:speed>5.84</gpxtpx:speed>
</gpxtpx:TrackPointExtension>
<opentracks:accuracy_horizontal>1.02</opentracks:accuracy_horizontal></extensions>
</trkpt>
<trkpt lat="50.440318" lon="-104.540391">
<ele>558</ele>
<time>2026-09-27T07:38:44.048-06:00</time>
<extensions>
<gpxtpx:TrackPointExtension>
<gpxtpx:speed>5.42</gpxtpx:speed>
</gpxtpx:TrackPointExtension>
<opentracks:accuracy_horizontal>1.531</opentracks:accuracy_horizontal></extensions>
</trkpt>
<trkpt lat="50.440218" lon="-104.540409">
<ele>558</ele>
<time>2026-09-27T07:38:46.051-06:00</time>
<extensions>
<gpxtpx:TrackPointExtension>
<gpxtpx:speed>5.29</gpxtpx:speed>
</gpxtpx:TrackPointExtension>
<opentracks:accuracy_horizontal>2.551</opentracks:accuracy_horizontal></extensions>
</trkpt>
<trkpt lat="50.440128" lon="-104.540457">
<ele>559</ele>
<time>2026-09-27T07:38:48.049-06:00</time>
<extensions>
<gpxtpx:TrackPointExtension>
<gpxtpx:speed>5.28</gpxtpx:speed>
</gpxtpx:TrackPointExtension>
<opentracks:accuracy_horizontal>2.551</opentracks:accuracy_horizontal></extensions>
</trkpt>
<trkpt lat="50.440043" lon="-104.540511">
<ele>559</ele>
<time>2026-09-27T07:38:50.038-06:00</time>
<extensions>
<gpxtpx:TrackPointExtension>
<gpxtpx:speed>5.12</gpxtpx:speed>
</gpxtpx:TrackPointExtension>
<opentracks:accuracy_horizontal>2.551</opentracks:accuracy_horizontal></extensions>
</trkpt>
<trkpt lat="50.439957" lon="-104.540556">
<ele>559</ele>
<time>2026-09-27T07:38:52.06-06:00</time>
<extensions>
<gpxtpx:TrackPointExtension>
<gpxtpx:speed>4.93</gpxtpx:speed>
</gpxtpx:TrackPointExtension>
<opentracks:accuracy_horizontal>1.02</opentracks:accuracy_horizontal></extensions>
</trkpt>
<trkpt lat="50.439837" lon="-104.540644">
<ele>558</ele>
<time>2026-09-27T07:38:55.052-06:00</time>
<extensions>
<gpxtpx:TrackPointExtension>
<gpxtpx:speed>4.93</gpxtpx:speed>
</gpxtpx:TrackPointExtension>
<opentracks:accuracy_horizontal>1.02</opentracks:accuracy_horizontal></extensions>
</trkpt>
<trkpt lat="50.43973" lon="-104.540737">
<ele>558</ele>
<time>2026-09-27T07:38:58.056-06:00</time>
<extensions>
<gpxtpx:TrackPointExtension>
<gpxtpx:speed>4.04</gpxtpx:speed>
</gpxtpx:TrackPointExtension>
<opentracks:accuracy_horizontal>1.02</opentracks:accuracy_horizontal></extensions>
</trkpt>
<trkpt lat="50.439624" lon="-104.540829">
<ele>559</ele>
<time>2026-09-27T07:39:01.048-06:00</time>
<extensions>
<gpxtpx:TrackPointExtension>
<gpxtpx:speed>4.43</gpxtpx:speed>
</gpxtpx:TrackPointExtension>
<opentracks:accuracy_horizontal>0.51</opentracks:accuracy_horizontal></extensions>
</trkpt>
<trkpt lat="50.439522" lon="-104.540904">
<ele>559</ele>
<time>2026-09-27T07:39:04.042-06:00</time>
<extensions>
<gpxtpx:TrackPointExtension>
<gpxtpx:speed>4.3</gpxtpx:speed>
</gpxtpx:TrackPointExtension>
<opentracks:accuracy_horizontal>1.02</opentracks:accuracy_horizontal></extensions>
</trkpt>
<trkpt lat="50.43943" lon="-104.541005">
<ele>559</ele>
<time>2026-09-27T07:39:07.055-06:00</time>
<extensions>
<gpxtpx:TrackPointExtension>
<gpxtpx:speed>3.58</gpxtpx:speed>
</gpxtpx:TrackPointExtension>
<opentracks:accuracy_horizontal>1.02</opentracks:accuracy_horizontal></extensions>
</trkpt>
<trkpt lat="50.439355" lon="-104.541091">
<ele>559</ele>
<time>2026-09-27T07:39:10.06-06:00</time>
<extensions>
<gpxtpx:TrackPointExtension>
<gpxtpx:speed>3.68</gpxtpx:speed>
</gpxtpx:TrackPointExtension>
<opentracks:accuracy_horizontal>1.02</opentracks:accuracy_horizontal></extensions>
</trkpt>
<trkpt lat="50.439281" lon="-104.541185">
<ele>559</ele>
<time>2026-09-27T07:39:13.046-06:00</time>
<extensions>
<gpxtpx:TrackPointExtension>
<gpxtpx:speed>3.36</gpxtpx:speed>
</gpxtpx:TrackPointExtension>
<opentracks:accuracy_horizontal>4.592</opentracks:accuracy_horizontal></extensions>
</trkpt>
<trkpt lat="50.439234" lon="-104.541355">
<ele>559</ele>
<time>2026-09-27T07:39:17.056-06:00</time>
<extensions>
<gpxtpx:TrackPointExtension>
<gpxtpx:speed>3.66</gpxtpx:speed>
</gpxtpx:TrackPointExtension>
<opentracks:accuracy_horizontal>4.082</opentracks:accuracy_horizontal></extensions>
</trkpt>
<trkpt lat="50.439291" lon="-104.541497">
<ele>557</ele>
<time>2026-09-27T07:39:20.043-06:00</time>
<extensions>
<gpxtpx:TrackPointExtension>
<gpxtpx:speed>4.07</gpxtpx:speed>
</gpxtpx:TrackPointExtension>
<opentracks:accuracy_horizontal>5.612</opentracks:accuracy_horizontal></extensions>
</trkpt>
<trkpt lat="50.439366" lon="-104.541654">
<ele>557</ele>
<time>2026-09-27T07:39:23.045-06:00</time>
<extensions>
<gpxtpx:TrackPointExtension>
<gpxtpx:speed>4.54</gpxtpx:speed>
</gpxtpx:TrackPointExtension>
<opentracks:accuracy_horizontal>3.571</opentracks:accuracy_horizontal></extensions>
</trkpt>
<trkpt lat="50.439433" lon="-104.541809">
<ele>557</ele>
<time>2026-09-27T07:39:26.057-06:00</time>
<extensions>
<gpxtpx:TrackPointExtension>
<gpxtpx:speed>4.58</gpxtpx:speed>
</gpxtpx:TrackPointExtension>
<opentracks:accuracy_horizontal>4.082</opentracks:accuracy_horizontal></extensions>
</trkpt>
<trkpt lat="50.439493" lon="-104.541997">
<ele>557</ele>
<time>2026-09-27T07:39:29.06-06:00</time>
<extensions>
<gpxtpx:TrackPointExtension>
<gpxtpx:speed>5.08</gpxtpx:speed>
</gpxtpx:TrackPointExtension>
<opentracks:accuracy_horizontal>2.551</opentracks:accuracy_horizontal></extensions>
</trkpt>
<trkpt lat="50.439554" lon="-104.542184">
<ele>557</ele>
<time>2026-09-27T07:39:32.064-06:00</time>
<extensions>
<gpxtpx:TrackPointExtension>
<gpxtpx:speed>5.09</gpxtpx:speed>
</gpxtpx:TrackPointExtension>
<opentracks:accuracy_horizontal>2.041</opentracks:accuracy_horizontal></extensions>
</trkpt>
<trkpt lat="50.4396" lon="-104.542305">
<ele>557</ele>
<time>2026-09-27T07:39:34.056-06:00</time>
<extensions>
<gpxtpx:TrackPointExtension>
<gpxtpx:speed>5.07</gpxtpx:speed>
</gpxtpx:TrackPointExtension>
<opentracks:accuracy_horizontal>3.061</opentracks:accuracy_horizontal></extensions>
</trkpt>
<trkpt lat="50.439648" lon="-104.542426">
<ele>557</ele>
<time>2026-09-27T07:39:36.063-06:00</time>
<extensions>
<gpxtpx:TrackPointExtension>
<gpxtpx:speed>4.96</gpxtpx:speed>
</gpxtpx:TrackPointExtension>
<opentracks:accuracy_horizontal>1.02</opentracks:accuracy_horizontal></extensions>
</trkpt>
<trkpt lat="50.439716" lon="-104.542606">
<ele>557</ele>
<time>2026-09-27T07:39:39.057-06:00</time>
<extensions>
<gpxtpx:TrackPointExtension>
<gpxtpx:speed>4.79</gpxtpx:speed>
</gpxtpx:TrackPointExtension>
<opentracks:accuracy_horizontal>1.02</opentracks:accuracy_horizontal></extensions>
</trkpt>
<trkpt lat="50.439782" lon="-104.542771">
<ele>556</ele>
<time>2026-09-27T07:39:42.054-06:00</time>
<extensions>
<gpxtpx:TrackPointExtension>
<gpxtpx:speed>4.63</gpxtpx:speed>
</gpxtpx:TrackPointExtension>
<opentracks:accuracy_horizontal>1.02</opentracks:accuracy_horizontal></extensions>
</trkpt>
<trkpt lat="50.439846" lon="-104.54294">
<ele>556</ele>
<time>2026-09-27T07:39:45.069-06:00</time>
<extensions>
<gpxtpx:TrackPointExtension>
<gpxtpx:speed>4.72</gpxtpx:speed>
</gpxtpx:TrackPointExtension>
<opentracks:accuracy_horizontal>2.041</opentracks:accuracy_horizontal></extensions>
</trkpt>
<trkpt lat="50.439895" lon="-104.54306">
<ele>556</ele>
<time>2026-09-27T07:39:47.056-06:00</time>
<extensions>
<gpxtpx:TrackPointExtension>
<gpxtpx:speed>4.93</gpxtpx:speed>
</gpxtpx:TrackPointExtension>
<opentracks:accuracy_horizontal>1.02</opentracks:accuracy_horizontal></extensions>
</trkpt>
<trkpt lat="50.439937" lon="-104.543186">
<ele>557</ele>
<time>2026-09-27T07:39:49.064-06:00</time>
<extensions>
<gpxtpx:TrackPointExtension>
<gpxtpx:speed>5.03</gpxtpx:speed>
</gpxtpx:TrackPointExtension>
<opentracks:accuracy_horizontal>1.02</opentracks:accuracy_horizontal></extensions>
</trkpt>
<trkpt lat="50.440006" lon="-104.543365">
<ele>557</ele>
<time>2026-09-27T07:39:52.067-06:00</time>
<extensions>
<gpxtpx:TrackPointExtension>
<gpxtpx:speed>4.84</gpxtpx:speed>
</gpxtpx:TrackPointExtension>
<opentracks:accuracy_horizontal>1.02</opentracks:accuracy_horizontal></extensions>
</trkpt>
<trkpt lat="50.440076" lon="-104.543542">
<ele>557</ele>
<time>2026-09-27T07:39:55.06-06:00</time>
<extensions>
<gpxtpx:TrackPointExtension>
<gpxtpx:speed>5.06</gpxtpx:speed>
</gpxtpx:TrackPointExtension>
<opentracks:accuracy_horizontal>1.02</opentracks:accuracy_horizontal></extensions>
</trkpt>
<trkpt lat="50.440117" lon="-104.543671">
<ele>557</ele>
<time>2026-09-27T07:39:57.059-06:00</time>
<extensions>
<gpxtpx:TrackPointExtension>
<gpxtpx:speed>5.14</gpxtpx:speed>
</gpxtpx:TrackPointExtension>
<opentracks:accuracy_horizontal>1.531</opentracks:accuracy_horizontal></extensions>
</trkpt>
<trkpt lat="50.440161" lon="-104.543796">
<ele>557</ele>
<time>2026-09-27T07:39:59.067-06:00</time>
<extensions>
<gpxtpx:TrackPointExtension>
<gpxtpx:speed>5.08</gpxtpx:speed>
</gpxtpx:TrackPointExtension>
<opentracks:accuracy_horizontal>1.02</opentracks:accuracy_horizontal></extensions>
</trkpt>
<trkpt lat="50.440208" lon="-104.543918">
<ele>557</ele>
<time>2026-09-27T07:40:01.051-06:00</time>
<extensions>
<gpxtpx:TrackPointExtension>
<gpxtpx:speed>4.96</gpxtpx:speed>
</gpxtpx:TrackPointExtension>
<opentracks:accuracy_horizontal>1.02</opentracks:accuracy_horizontal></extensions>
</trkpt>
<trkpt lat="50.44026" lon="-104.544036">
<ele>556</ele>
<time>2026-09-27T07:40:03.051-06:00</time>
<extensions>
<gpxtpx:TrackPointExtension>
<gpxtpx:speed>4.92</gpxtpx:speed>
</gpxtpx:TrackPointExtension>
<opentracks:accuracy_horizontal>3.571</opentracks:accuracy_horizontal></extensions>
</trkpt>
<trkpt lat="50.440305" lon="-104.544158">
<ele>557</ele>
<time>2026-09-27T07:40:05.043-06:00</time>
<extensions>
<gpxtpx:TrackPointExtension>
<gpxtpx:speed>5.3</gpxtpx:speed>
</gpxtpx:TrackPointExtension>
<opentracks:accuracy_horizontal>0.51</opentracks:accuracy_horizontal></extensions>
</trkpt>
<trkpt lat="50.440353" lon="-104.544287">
<ele>557</ele>
<time>2026-09-27T07:40:07.057-06:00</time>
<extensions>
<gpxtpx:TrackPointExtension>
<gpxtpx:speed>5.26</gpxtpx:speed>
</gpxtpx:TrackPointExtension>
<opentracks:accuracy_horizontal>1.531</opentracks:accuracy_horizontal></extensions>
</trkpt>
<trkpt lat="50.440401" lon="-104.544415">
<ele>557</ele>
<time>2026-09-27T07:40:09.051-06:00</time>
<extensions>
<gpxtpx:TrackPointExtension>
<gpxtpx:speed>5.18</gpxtpx:speed>
</gpxtpx:TrackPointExtension>
<opentracks:accuracy_horizontal>1.02</opentracks:accuracy_horizontal></extensions>
</trkpt>
<trkpt lat="50.440436" lon="-104.54455">
<ele>556</ele>
<time>2026-09-27T07:40:11.051-06:00</time>
<extensions>
<gpxtpx:TrackPointExtension>
<gpxtpx:speed>5.22</gpxtpx:speed>
</gpxtpx:TrackPointExtension>
<opentracks:accuracy_horizontal>1.02</opentracks:accuracy_horizontal></extensions>
</trkpt>
<trkpt lat="50.440463" lon="-104.544691">
<ele>556</ele>
<time>2026-09-27T07:40:13.05-06:00</time>
<extensions>
<gpxtpx:TrackPointExtension>
<gpxtpx:speed>5.35</gpxtpx:speed>
</gpxtpx:TrackPointExtension>
<opentracks:accuracy_horizontal>1.02</opentracks:accuracy_horizontal></extensions>
</trkpt>
<trkpt lat="50.440488" lon="-104.544835">
<ele>556</ele>
<time>2026-09-27T07:40:15.053-06:00</time>
<extensions>
<gpxtpx:TrackPointExtension>
<gpxtpx:speed>5.22</gpxtpx:speed>
</gpxtpx:TrackPointExtension>
<opentracks:accuracy_horizontal>1.02</opentracks:accuracy_horizontal></extensions>
</trkpt>
<trkpt lat="50.440505" lon="-104.544981">
<ele>556</ele>
<time>2026-09-27T07:40:17.042-06:00</time>
<extensions>
<gpxtpx:TrackPointExtension>
<gpxtpx:speed>5.34</gpxtpx:speed>
</gpxtpx:TrackPointExtension>
<opentracks:accuracy_horizontal>1.02</opentracks:accuracy_horizontal></extensions>
</trkpt>
<trkpt lat="50.440527" lon="-104.545124">
<ele>555</ele>
<time>2026-09-27T07:40:19.06-06:00</time>
<extensions>
<gpxtpx:TrackPointExtension>
<gpxtpx:speed>5.27</gpxtpx:speed>
</gpxtpx:TrackPointExtension>
<opentracks:accuracy_horizontal>1.02</opentracks:accuracy_horizontal></extensions>
</trkpt>
<trkpt lat="50.440553" lon="-104.545264">
<ele>555</ele>
<time>2026-09-27T07:40:21.052-06:00</time>
<extensions>
<gpxtpx:TrackPointExtension>
<gpxtpx:speed>5.44</gpxtpx:speed>
</gpxtpx:TrackPointExtension>
<opentracks:accuracy_horizontal>0.51</opentracks:accuracy_horizontal></extensions>
</trkpt>
<trkpt lat="50.440565" lon="-104.545411">
<ele>555</ele>
<time>2026-09-27T07:40:23.059-06:00</time>
<extensions>
<gpxtpx:TrackPointExtension>
<gpxtpx:speed>5.23</gpxtpx:speed>
</gpxtpx:TrackPointExtension>
<opentracks:accuracy_horizontal>1.02</opentracks:accuracy_horizontal></extensions>
</trkpt>
<trkpt lat="50.440573" lon="-104.545558">
<ele>556</ele>
<time>2026-09-27T07:40:25.049-06:00</time>
<extensions>
<gpxtpx:TrackPointExtension>
<gpxtpx:speed>5.01</gpxtpx:speed>
</gpxtpx:TrackPointExtension>
<opentracks:accuracy_horizontal>1.02</opentracks:accuracy_horizontal></extensions>
</trkpt>
<trkpt lat="50.440575" lon="-104.545706">
<ele>556</ele>
<time>2026-09-27T07:40:27.056-06:00</time>
<extensions>
<gpxtpx:TrackPointExtension>
<gpxtpx:speed>5.4</gpxtpx:speed>
</gpxtpx:TrackPointExtension>
<opentracks:accuracy_horizontal>1.02</opentracks:accuracy_horizontal></extensions>
</trkpt>
<trkpt lat="50.440574" lon="-104.545852">
<ele>556</ele>
<time>2026-09-27T07:40:29.063-06:00</time>
<extensions>
<gpxtpx:TrackPointExtension>
<gpxtpx:speed>5.22</gpxtpx:speed>
</gpxtpx:TrackPointExtension>
<opentracks:accuracy_horizontal>1.02</opentracks:accuracy_horizontal></extensions>
</trkpt>
<trkpt lat="50.440584" lon="-104.545993">
<ele>556</ele>
<time>2026-09-27T07:40:31.062-06:00</time>
<extensions>
<gpxtpx:TrackPointExtension>
<gpxtpx:speed>5.12</gpxtpx:speed>
</gpxtpx:TrackPointExtension>
<opentracks:accuracy_horizontal>2.551</opentracks:accuracy_horizontal></extensions>
</trkpt>
<trkpt lat="50.440588" lon="-104.54614">
<ele>556</ele>
<time>2026-09-27T07:40:33.057-06:00</time>
<extensions>
<gpxtpx:TrackPointExtension>
<gpxtpx:speed>5.01</gpxtpx:speed>
</gpxtpx:TrackPointExtension>
<opentracks:accuracy_horizontal>1.02</opentracks:accuracy_horizontal></extensions>
</trkpt>
<trkpt lat="50.44058" lon="-104.546352">
<ele>555</ele>
<time>2026-09-27T07:40:36.052-06:00</time>
<extensions>
<gpxtpx:TrackPointExtension>
<gpxtpx:speed>4.81</gpxtpx:speed>
</gpxtpx:TrackPointExtension>
<opentracks:accuracy_horizontal>3.571</opentracks:accuracy_horizontal></extensions>
</trkpt>
<trkpt lat="50.440545" lon="-104.546524">
<ele>556</ele>
<time>2026-09-27T07:40:39.064-06:00</time>
<extensions>
<gpxtpx:TrackPointExtension>
<gpxtpx:speed>4</gpxtpx:speed>
</gpxtpx:TrackPointExtension>
<opentracks:accuracy_horizontal>3.061</opentracks:accuracy_horizontal></extensions>
</trkpt>
<trkpt lat="50.440503" lon="-104.546665">
<ele>555</ele>
<time>2026-09-27T07:40:42.062-06:00</time>
<extensions>
<gpxtpx:TrackPointExtension>
<gpxtpx:speed>3.59</gpxtpx:speed>
</gpxtpx:TrackPointExtension>
<opentracks:accuracy_horizontal>2.041</opentracks:accuracy_horizontal></extensions>
</trkpt>
<trkpt lat="50.440474" lon="-104.546803">
<ele>555</ele>
<time>2026-09-27T07:40:45.058-06:00</time>
<extensions>
<gpxtpx:TrackPointExtension>
<gpxtpx:speed>3.14</gpxtpx:speed>
</gpxtpx:TrackPointExtension>
<opentracks:accuracy_horizontal>4.082</opentracks:accuracy_horizontal></extensions>
</trkpt>
<trkpt lat="50.440455" lon="-104.546966">
<ele>555</ele>
<time>2026-09-27T07:40:49.062-06:00</time>
<extensions>
<gpxtpx:TrackPointExtension>
<gpxtpx:speed>2.65</gpxtpx:speed>
</gpxtpx:TrackPointExtension>
<opentracks:accuracy_horizontal>1.02</opentracks:accuracy_horizontal></extensions>
</trkpt>
<trkpt lat="50.44046" lon="-104.547147">
<ele>555</ele>
<time>2026-09-27T07:40:53.052-06:00</time>
<extensions>
<gpxtpx:TrackPointExtension>
<gpxtpx:speed>3.5</gpxtpx:speed>
</gpxtpx:TrackPointExtension>
<opentracks:accuracy_horizontal>5.102</opentracks:accuracy_horizontal></extensions>
</trkpt>
<trkpt lat="50.440444" lon="-104.547307">
<ele>555</ele>
<time>2026-09-27T07:40:56.066-06:00</time>
<extensions>
<gpxtpx:TrackPointExtension>
<gpxtpx:speed>3.16</gpxtpx:speed>
</gpxtpx:TrackPointExtension>
<opentracks:accuracy_horizontal>5.102</opentracks:accuracy_horizontal></extensions>
</trkpt>
<trkpt lat="50.440452" lon="-104.54747">
<ele>555</ele>
<time>2026-09-27T07:41:00.064-06:00</time>
<extensions>
<gpxtpx:TrackPointExtension>
<gpxtpx:speed>2.57</gpxtpx:speed>
</gpxtpx:TrackPointExtension>
<opentracks:accuracy_horizontal>5.102</opentracks:accuracy_horizontal></extensions>
</trkpt>
<trkpt lat="50.440413" lon="-104.547598">
<ele>554</ele>
<time>2026-09-27T07:41:04.053-06:00</time>
<extensions>
<gpxtpx:TrackPointExtension>
<gpxtpx:speed>3.73</gpxtpx:speed>
</gpxtpx:TrackPointExtension>
<opentracks:accuracy_horizontal>5.102</opentracks:accuracy_horizontal></extensions>
</trkpt>
<trkpt lat="50.440334" lon="-104.547705">
<ele>554</ele>
<time>2026-09-27T07:41:07.053-06:00</time>
<extensions>
<gpxtpx:TrackPointExtension>
<gpxtpx:speed>4.29</gpxtpx:speed>
</gpxtpx:TrackPointExtension>
<opentracks:accuracy_horizontal>6.633</opentracks:accuracy_horizontal></extensions>
</trkpt>
<trkpt lat="50.440243" lon="-104.547815">
<ele>555</ele>
<time>2026-09-27T07:41:10.058-06:00</time>
<extensions>
<gpxtpx:TrackPointExtension>
<gpxtpx:speed>3.96</gpxtpx:speed>
</gpxtpx:TrackPointExtension>
<opentracks:accuracy_horizontal>1.02</opentracks:accuracy_horizontal></extensions>
</trkpt>
<trkpt lat="50.440141" lon="-104.547923">
<ele>556</ele>
<time>2026-09-27T07:41:13.061-06:00</time>
<extensions>
<gpxtpx:TrackPointExtension>
<gpxtpx:speed>3.91</gpxtpx:speed>
</gpxtpx:TrackPointExtension>
<opentracks:accuracy_horizontal>1.531</opentracks:accuracy_horizontal></extensions>
</trkpt>
<trkpt lat="50.440044" lon="-104.548015">
<ele>557</ele>
<time>2026-09-27T07:41:16.056-06:00</time>
<extensions>
<gpxtpx:TrackPointExtension>
<gpxtpx:speed>4.39</gpxtpx:speed>
</gpxtpx:TrackPointExtension>
<opentracks:accuracy_horizontal>1.02</opentracks:accuracy_horizontal></extensions>
</trkpt>
<trkpt lat="50.439943" lon="-104.548092">
<ele>557</ele>
<time>2026-09-27T07:41:19.051-06:00</time>
<extensions>
<gpxtpx:TrackPointExtension>
<gpxtpx:speed>4.4</gpxtpx:speed>
</gpxtpx:TrackPointExtension>
<opentracks:accuracy_horizontal>1.02</opentracks:accuracy_horizontal></extensions>
</trkpt>
<trkpt lat="50.439838" lon="-104.548162">
<ele>557</ele>
<time>2026-09-27T07:41:22.05-06:00</time>
<extensions>
<gpxtpx:TrackPointExtension>
<gpxtpx:speed>4.28</gpxtpx:speed>
</gpxtpx:TrackPointExtension>
<opentracks:accuracy_horizontal>1.02</opentracks:accuracy_horizontal></extensions>
</trkpt>
<trkpt lat="50.439729" lon="-104.548218">
<ele>557</ele>
<time>2026-09-27T07:41:25.044-06:00</time>
<extensions>
<gpxtpx:TrackPointExtension>
<gpxtpx:speed>4.21</gpxtpx:speed>
</gpxtpx:TrackPointExtension>
<opentracks:accuracy_horizontal>1.02</opentracks:accuracy_horizontal></extensions>
</trkpt>
<trkpt lat="50.439614" lon="-104.548238">
<ele>557</ele>
<time>2026-09-27T07:41:28.06-06:00</time>
<extensions>
<gpxtpx:TrackPointExtension>
<gpxtpx:speed>4.44</gpxtpx:speed>
</gpxtpx:TrackPointExtension>
<opentracks:accuracy_horizontal>1.02</opentracks:accuracy_horizontal></extensions>
</trkpt>
<trkpt lat="50.439496" lon="-104.548246">
<ele>556</ele>
<time>2026-09-27T07:41:31.05-06:00</time>
<extensions>
<gpxtpx:TrackPointExtension>
<gpxtpx:speed>4.44</gpxtpx:speed>
</gpxtpx:TrackPointExtension>
<opentracks:accuracy_horizontal>2.041</opentracks:accuracy_horizontal></extensions>
</trkpt>
<trkpt lat="50.439381" lon="-104.548247">
<ele>557</ele>
<time>2026-09-27T07:41:34.056-06:00</time>
<extensions>
<gpxtpx:TrackPointExtension>
<gpxtpx:speed>4.31</gpxtpx:speed>
</gpxtpx:TrackPointExtension>
<opentracks:accuracy_horizontal>1.02</opentracks:accuracy_horizontal></extensions>
</trkpt>
<trkpt lat="50.439259" lon="-104.548227">
<ele>557</ele>
<time>2026-09-27T07:41:37.057-06:00</time>
<extensions>
<gpxtpx:TrackPointExtension>
<gpxtpx:speed>4.27</gpxtpx:speed>
</gpxtpx:TrackPointExtension>
<opentracks:accuracy_horizontal>1.02</opentracks:accuracy_horizontal></extensions>
</trkpt>
<trkpt lat="50.439145" lon="-104.548183">
<ele>556</ele>
<time>2026-09-27T07:41:40.054-06:00</time>
<extensions>
<gpxtpx:TrackPointExtension>
<gpxtpx:speed>4.74</gpxtpx:speed>
</gpxtpx:TrackPointExtension>
<opentracks:accuracy_horizontal>1.531</opentracks:accuracy_horizontal></extensions>
</trkpt>
<trkpt lat="50.439025" lon="-104.548114">
<ele>556</ele>
<time>2026-09-27T07:41:43.046-06:00</time>
<extensions>
<gpxtpx:TrackPointExtension>
<gpxtpx:speed>4.51</gpxtpx:speed>
</gpxtpx:TrackPointExtension>
<opentracks:accuracy_horizontal>1.02</opentracks:accuracy_horizontal></extensions>
</trkpt>
<trkpt lat="50.438909" lon="-104.548032">
<ele>557</ele>
<time>2026-09-27T07:41:46.054-06:00</time>
<extensions>
<gpxtpx:TrackPointExtension>
<gpxtpx:speed>4.22</gpxtpx:speed>
</gpxtpx:TrackPointExtension>
<opentracks:accuracy_horizontal>1.02</opentracks:accuracy_horizontal></extensions>
</trkpt>
<trkpt lat="50.438812" lon="-104.547936">
<ele>557</ele>
<time>2026-09-27T07:41:49.047-06:00</time>
<extensions>
<gpxtpx:TrackPointExtension>
<gpxtpx:speed>4.12</gpxtpx:speed>
</gpxtpx:TrackPointExtension>
<opentracks:accuracy_horizontal>2.041</opentracks:accuracy_horizontal></extensions>
</trkpt>
<trkpt lat="50.438722" lon="-104.547841">
<ele>557</ele>
<time>2026-09-27T07:41:52.028-06:00</time>
<extensions>
<gpxtpx:TrackPointExtension>
<gpxtpx:speed>3.76</gpxtpx:speed>
</gpxtpx:TrackPointExtension>
<opentracks:accuracy_horizontal>1.02</opentracks:accuracy_horizontal></extensions>
</trkpt>
<trkpt lat="50.43864" lon="-104.547752">
<ele>556</ele>
<time>2026-09-27T07:41:55.044-06:00</time>
<extensions>
<gpxtpx:TrackPointExtension>
<gpxtpx:speed>4.18</gpxtpx:speed>
</gpxtpx:TrackPointExtension>
<opentracks:accuracy_horizontal>3.061</opentracks:accuracy_horizontal></extensions>
</trkpt>
<trkpt lat="50.43855" lon="-104.547657">
<ele>556</ele>
<time>2026-09-27T07:41:58.056-06:00</time>
<extensions>
<gpxtpx:TrackPointExtension>
<gpxtpx:speed>4.32</gpxtpx:speed>
</gpxtpx:TrackPointExtension>
<opentracks:accuracy_horizontal>3.571</opentracks:accuracy_horizontal></extensions>
</trkpt>
<trkpt lat="50.438465" lon="-104.547528">
<ele>556</ele>
<time>2026-09-27T07:42:01.059-06:00</time>
<extensions>
<gpxtpx:TrackPointExtension>
<gpxtpx:speed>4.26</gpxtpx:speed>
</gpxtpx:TrackPointExtension>
<opentracks:accuracy_horizontal>1.02</opentracks:accuracy_horizontal></extensions>
</trkpt>
<trkpt lat="50.43837" lon="-104.547385">
<ele>556</ele>
<time>2026-09-27T07:42:04.06-06:00</time>
<extensions>
<gpxtpx:TrackPointExtension>
<gpxtpx:speed>5.1</gpxtpx:speed>
</gpxtpx:TrackPointExtension>
<opentracks:accuracy_horizontal>1.02</opentracks:accuracy_horizontal></extensions>
</trkpt>
<trkpt lat="50.438295" lon="-104.547287">
<ele>556</ele>
<time>2026-09-27T07:42:06.057-06:00</time>
<extensions>
<gpxtpx:TrackPointExtension>
<gpxtpx:speed>5.54</gpxtpx:speed>
</gpxtpx:TrackPointExtension>
<opentracks:accuracy_horizontal>1.02</opentracks:accuracy_horizontal></extensions>
</trkpt>
<trkpt lat="50.438216" lon="-104.547191">
<ele>557</ele>
<time>2026-09-27T07:42:08.049-06:00</time>
<extensions>
<gpxtpx:TrackPointExtension>
<gpxtpx:speed>5.62</gpxtpx:speed>
</gpxtpx:TrackPointExtension>
<opentracks:accuracy_horizontal>1.02</opentracks:accuracy_horizontal></extensions>
</trkpt>
<trkpt lat="50.43813" lon="-104.547112">
<ele>557</ele>
<time>2026-09-27T07:42:10.052-06:00</time>
<extensions>
<gpxtpx:TrackPointExtension>
<gpxtpx:speed>5.53</gpxtpx:speed>
</gpxtpx:TrackPointExtension>
<opentracks:accuracy_horizontal>1.02</opentracks:accuracy_horizontal></extensions>
</trkpt>
<trkpt lat="50.438038" lon="-104.547056">
<ele>557</ele>
<time>2026-09-27T07:42:12.068-06:00</time>
<extensions>
<gpxtpx:TrackPointExtension>
<gpxtpx:speed>5.61</gpxtpx:speed>
</gpxtpx:TrackPointExtension>
<opentracks:accuracy_horizontal>1.02</opentracks:accuracy_horizontal></extensions>
</trkpt>
<trkpt lat="50.437941" lon="-104.547021">
<ele>557</ele>
<time>2026-09-27T07:42:14.066-06:00</time>
<extensions>
<gpxtpx:TrackPointExtension>
<gpxtpx:speed>5.88</gpxtpx:speed>
</gpxtpx:TrackPointExtension>
<opentracks:accuracy_horizontal>1.02</opentracks:accuracy_horizontal></extensions>
</trkpt>
<trkpt lat="50.437839" lon="-104.547016">
<ele>557</ele>
<time>2026-09-27T07:42:16.058-06:00</time>
<extensions>
<gpxtpx:TrackPointExtension>
<gpxtpx:speed>5.91</gpxtpx:speed>
</gpxtpx:TrackPointExtension>
<opentracks:accuracy_horizontal>1.02</opentracks:accuracy_horizontal></extensions>
</trkpt>
<trkpt lat="50.437736" lon="-104.547029">
<ele>557</ele>
<time>2026-09-27T07:42:18.041-06:00</time>
<extensions>
<gpxtpx:TrackPointExtension>
<gpxtpx:speed>5.63</gpxtpx:speed>
</gpxtpx:TrackPointExtension>
<opentracks:accuracy_horizontal>1.531</opentracks:accuracy_horizontal></extensions>
</trkpt>
<trkpt lat="50.437635" lon="-104.547043">
<ele>557</ele>
<time>2026-09-27T07:42:20.065-06:00</time>
<extensions>
<gpxtpx:TrackPointExtension>
<gpxtpx:speed>5.59</gpxtpx:speed>
</gpxtpx:TrackPointExtension>
<opentracks:accuracy_horizontal>1.02</opentracks:accuracy_horizontal></extensions>
</trkpt>
<trkpt lat="50.437538" lon="-104.547062">
<ele>557</ele>
<time>2026-09-27T07:42:22.047-06:00</time>
<extensions>
<gpxtpx:TrackPointExtension>
<gpxtpx:speed>5.21</gpxtpx:speed>
</gpxtpx:TrackPointExtension>
<opentracks:accuracy_horizontal>1.02</opentracks:accuracy_horizontal></extensions>
</trkpt>
<trkpt lat="50.437444" lon="-104.547088">
<ele>557</ele>
<time>2026-09-27T07:42:24.059-06:00</time>
<extensions>
<gpxtpx:TrackPointExtension>
<gpxtpx:speed>5.09</gpxtpx:speed>
</gpxtpx:TrackPointExtension>
<opentracks:accuracy_horizontal>1.02</opentracks:accuracy_horizontal></extensions>
</trkpt>
<trkpt lat="50.437357" lon="-104.547125">
<ele>557</ele>
<time>2026-09-27T07:42:26.07-06:00</time>
<extensions>
<gpxtpx:TrackPointExtension>
<gpxtpx:speed>5.22</gpxtpx:speed>
</gpxtpx:TrackPointExtension>
<opentracks:accuracy_horizontal>1.02</opentracks:accuracy_horizontal></extensions>
</trkpt>
<trkpt lat="50.437272" lon="-104.547181">
<ele>557</ele>
<time>2026-09-27T07:42:28.06-06:00</time>
<extensions>
<gpxtpx:TrackPointExtension>
<gpxtpx:speed>5.28</gpxtpx:speed>
</gpxtpx:TrackPointExtension>
<opentracks:accuracy_horizontal>1.02</opentracks:accuracy_horizontal></extensions>
</trkpt>
<trkpt lat="50.437151" lon="-104.547245">
<ele>557</ele>
<time>2026-09-27T07:42:31.063-06:00</time>
<extensions>
<gpxtpx:TrackPointExtension>
<gpxtpx:speed>4.73</gpxtpx:speed>
</gpxtpx:TrackPointExtension>
<opentracks:accuracy_horizontal>1.02</opentracks:accuracy_horizontal></extensions>
</trkpt>
<trkpt lat="50.437034" lon="-104.547317">
<ele>556</ele>
<time>2026-09-27T07:42:34.052-06:00</time>
<extensions>
<gpxtpx:TrackPointExtension>
<gpxtpx:speed>4.5</gpxtpx:speed>
</gpxtpx:TrackPointExtension>
<opentracks:accuracy_horizontal>3.061</opentracks:accuracy_horizontal></extensions>
</trkpt>
<trkpt lat="50.436933" lon="-104.547383">
<ele>556</ele>
<time>2026-09-27T07:42:37.055-06:00</time>
<extensions>
<gpxtpx:TrackPointExtension>
<gpxtpx:speed>3.88</gpxtpx:speed>
</gpxtpx:TrackPointExtension>
<opentracks:accuracy_horizontal>3.061</opentracks:accuracy_horizontal></extensions>
</trkpt>
<trkpt lat="50.436849" lon="-104.547468">
<ele>556</ele>
<time>2026-09-27T07:42:40.063-06:00</time>
<extensions>
<gpxtpx:TrackPointExtension>
<gpxtpx:speed>3.49</gpxtpx:speed>
</gpxtpx:TrackPointExtension>
<opentracks:accuracy_horizontal>4.082</opentracks:accuracy_horizontal></extensions>
</trkpt>
<trkpt lat="50.436757" lon="-104.547571">
<ele>556</ele>
<time>2026-09-27T07:42:44.052-06:00</time>
<extensions>
<gpxtpx:TrackPointExtension>
<gpxtpx:speed>2.84</gpxtpx:speed>
</gpxtpx:TrackPointExtension>
<opentracks:accuracy_horizontal>5.102</opentracks:accuracy_horizontal></extensions>
</trkpt>
<trkpt lat="50.436699" lon="-104.547689">
<ele>556</ele>
<time>2026-09-27T07:42:48.062-06:00</time>
<extensions>
<gpxtpx:TrackPointExtension>
<gpxtpx:speed>2.42</gpxtpx:speed>
</gpxtpx:TrackPointExtension>
<opentracks:accuracy_horizontal>4.082</opentracks:accuracy_horizontal></extensions>
</trkpt>
<trkpt lat="50.436667" lon="-104.547825">
<ele>556</ele>
<time>2026-09-27T07:42:52.054-06:00</time>
<extensions>
<gpxtpx:TrackPointExtension>
<gpxtpx:speed>3.51</gpxtpx:speed>
</gpxtpx:TrackPointExtension>
<opentracks:accuracy_horizontal>4.082</opentracks:accuracy_horizontal></extensions>
</trkpt>
<trkpt lat="50.436687" lon="-104.548003">
<ele>555</ele>
<time>2026-09-27T07:42:55.045-06:00</time>
<extensions>
<gpxtpx:TrackPointExtension>
<gpxtpx:speed>4.11</gpxtpx:speed>
</gpxtpx:TrackPointExtension>
<opentracks:accuracy_horizontal>3.061</opentracks:accuracy_horizontal></extensions>
</trkpt>
<trkpt lat="50.436721" lon="-104.548184">
<ele>554</ele>
<time>2026-09-27T07:42:58.045-06:00</time>
<extensions>
<gpxtpx:TrackPointExtension>
<gpxtpx:speed>4.07</gpxtpx:speed>
</gpxtpx:TrackPointExtension>
<opentracks:accuracy_horizontal>3.061</opentracks:accuracy_horizontal></extensions>
</trkpt>
<trkpt lat="50.436754" lon="-104.548371">
<ele>554</ele>
<time>2026-09-27T07:43:01.048-06:00</time>
<extensions>
<gpxtpx:TrackPointExtension>
<gpxtpx:speed>4.76</gpxtpx:speed>
</gpxtpx:TrackPointExtension>
<opentracks:accuracy_horizontal>1.02</opentracks:accuracy_horizontal></extensions>
</trkpt>
<trkpt lat="50.436778" lon="-104.548561">
<ele>555</ele>
<time>2026-09-27T07:43:04.055-06:00</time>
<extensions>
<gpxtpx:TrackPointExtension>
<gpxtpx:speed>4.2</gpxtpx:speed>
</gpxtpx:TrackPointExtension>
<opentracks:accuracy_horizontal>1.02</opentracks:accuracy_horizontal></extensions>
</trkpt>
<trkpt lat="50.436759" lon="-104.548723">
<ele>555</ele>
<time>2026-09-27T07:43:07.057-06:00</time>
<extensions>
<gpxtpx:TrackPointExtension>
<gpxtpx:speed>4.02</gpxtpx:speed>
</gpxtpx:TrackPointExtension>
<opentracks:accuracy_horizontal>1.02</opentracks:accuracy_horizontal></extensions>
</trkpt>
<trkpt lat="50.4367" lon="-104.548853">
<ele>555</ele>
<time>2026-09-27T07:43:10.055-06:00</time>
<extensions>
<gpxtpx:TrackPointExtension>
<gpxtpx:speed>3.43</gpxtpx:speed>
</gpxtpx:TrackPointExtension>
<opentracks:accuracy_horizontal>0.51</opentracks:accuracy_horizontal></extensions>
</trkpt>
<trkpt lat="50.436633" lon="-104.54896">
<ele>555</ele>
<time>2026-09-27T07:43:13.055-06:00</time>
<extensions>
<gpxtpx:TrackPointExtension>
<gpxtpx:speed>3.81</gpxtpx:speed>
</gpxtpx:TrackPointExtension>
<opentracks:accuracy_horizontal>1.02</opentracks:accuracy_horizontal></extensions>
</trkpt>
<trkpt lat="50.436563" lon="-104.549069">
<ele>555</ele>
<time>2026-09-27T07:43:16.05-06:00</time>
<extensions>
<gpxtpx:TrackPointExtension>
<gpxtpx:speed>3.79</gpxtpx:speed>
</gpxtpx:TrackPointExtension>
<opentracks:accuracy_horizontal>4.592</opentracks:accuracy_horizontal></extensions>
</trkpt>
<trkpt lat="50.436488" lon="-104.549169">
<ele>556</ele>
<time>2026-09-27T07:43:19.064-06:00</time>
<extensions>
<gpxtpx:TrackPointExtension>
<gpxtpx:speed>3.29</gpxtpx:speed>
</gpxtpx:TrackPointExtension>
<opentracks:accuracy_horizontal>4.082</opentracks:accuracy_horizontal></extensions>
</trkpt>
<trkpt lat="50.436397" lon="-104.549281">
<ele>556</ele>
<time>2026-09-27T07:43:23.033-06:00</time>
<extensions>
<gpxtpx:TrackPointExtension>
<gpxtpx:speed>3.09</gpxtpx:speed>
</gpxtpx:TrackPointExtension>
<opentracks:accuracy_horizontal>3.061</opentracks:accuracy_horizontal></extensions>
</trkpt>
<trkpt lat="50.436325" lon="-104.54942">
<ele>556</ele>
<time>2026-09-27T07:43:27.058-06:00</time>
<extensions>
<gpxtpx:TrackPointExtension>
<gpxtpx:speed>3.36</gpxtpx:speed>
</gpxtpx:TrackPointExtension>
<opentracks:accuracy_horizontal>3.571</opentracks:accuracy_horizontal></extensions>
</trkpt>
<trkpt lat="50.436277" lon="-104.549539">
<ele>556</ele>
<time>2026-09-27T07:43:30.044-06:00</time>
<extensions>
<gpxtpx:TrackPointExtension>
<gpxtpx:speed>3.32</gpxtpx:speed>
</gpxtpx:TrackPointExtension>
<opentracks:accuracy_horizontal>3.571</opentracks:accuracy_horizontal></extensions>
</trkpt>
<trkpt lat="50.436227" lon="-104.549697">
<ele>556</ele>
<time>2026-09-27T07:43:34.041-06:00</time>
<extensions>
<gpxtpx:TrackPointExtension>
<gpxtpx:speed>3.49</gpxtpx:speed>
</gpxtpx:TrackPointExtension>
<opentracks:accuracy_horizontal>4.592</opentracks:accuracy_horizontal></extensions>
</trkpt>
<trkpt lat="50.436179" lon="-104.549836">
<ele>555</ele>
<time>2026-09-27T07:43:37.054-06:00</time>
<extensions>
<gpxtpx:TrackPointExtension>
<gpxtpx:speed>4.22</gpxtpx:speed>
</gpxtpx:TrackPointExtension>
<opentracks:accuracy_horizontal>4.592</opentracks:accuracy_horizontal></extensions>
</trkpt>
<trkpt lat="50.436128" lon="-104.549994">
<ele>556</ele>
<time>2026-09-27T07:43:40.056-06:00</time>
<extensions>
<gpxtpx:TrackPointExtension>
<gpxtpx:speed>4.12</gpxtpx:speed>
</gpxtpx:TrackPointExtension>
<opentracks:accuracy_horizontal>1.02</opentracks:accuracy_horizontal></extensions>
</trkpt>
<trkpt lat="50.436058" lon="-104.550143">
<ele>556</ele>
<time>2026-09-27T07:43:43.054-06:00</time>
<extensions>
<gpxtpx:TrackPointExtension>
<gpxtpx:speed>4.12</gpxtpx:speed>
</gpxtpx:TrackPointExtension>
<opentracks:accuracy_horizontal>1.02</opentracks:accuracy_horizontal></extensions>
</trkpt>
<trkpt lat="50.435979" lon="-104.550276">
<ele>557</ele>
<time>2026-09-27T07:43:46.049-06:00</time>
<extensions>
<gpxtpx:TrackPointExtension>
<gpxtpx:speed>4.5</gpxtpx:speed>
</gpxtpx:TrackPointExtension>
<opentracks:accuracy_horizontal>1.02</opentracks:accuracy_horizontal></extensions>
</trkpt>
<trkpt lat="50.435888" lon="-104.550415">
<ele>556</ele>
<time>2026-09-27T07:43:49.051-06:00</time>
<extensions>
<gpxtpx:TrackPointExtension>
<gpxtpx:speed>5.09</gpxtpx:speed>
</gpxtpx:TrackPointExtension>
<opentracks:accuracy_horizontal>1.02</opentracks:accuracy_horizontal></extensions>
</trkpt>
<trkpt lat="50.435796" lon="-104.550561">
<ele>556</ele>
<time>2026-09-27T07:43:52.042-06:00</time>
<extensions>
<gpxtpx:TrackPointExtension>
<gpxtpx:speed>4.73</gpxtpx:speed>
</gpxtpx:TrackPointExtension>
<opentracks:accuracy_horizontal>1.02</opentracks:accuracy_horizontal></extensions>
</trkpt>
<trkpt lat="50.435701" lon="-104.550684">
<ele>556</ele>
<time>2026-09-27T07:43:55.064-06:00</time>
<extensions>
<gpxtpx:TrackPointExtension>
<gpxtpx:speed>4.14</gpxtpx:speed>
</gpxtpx:TrackPointExtension>
<opentracks:accuracy_horizontal>1.02</opentracks:accuracy_horizontal></extensions>
</trkpt>
<trkpt lat="50.435619" lon="-104.550773">
<ele>557</ele>
<time>2026-09-27T07:43:58.051-06:00</time>
<extensions>
<gpxtpx:TrackPointExtension>
<gpxtpx:speed>3.18</gpxtpx:speed>
</gpxtpx:TrackPointExtension>
<opentracks:accuracy_horizontal>1.02</opentracks:accuracy_horizontal></extensions>
</trkpt>
<trkpt lat="50.435531" lon="-104.550879">
<ele>557</ele>
<time>2026-09-27T07:44:02.055-06:00</time>
<extensions>
<gpxtpx:TrackPointExtension>
<gpxtpx:speed>2.67</gpxtpx:speed>
</gpxtpx:TrackPointExtension>
<opentracks:accuracy_horizontal>4.082</opentracks:accuracy_horizontal></extensions>
</trkpt>
<trkpt lat="50.435431" lon="-104.550943">
<ele>557</ele>
<time>2026-09-27T07:44:06.049-06:00</time>
<extensions>
<gpxtpx:TrackPointExtension>
<gpxtpx:speed>2.85</gpxtpx:speed>
</gpxtpx:TrackPointExtension>
<opentracks:accuracy_horizontal>4.592</opentracks:accuracy_horizontal></extensions>
</trkpt>
<trkpt lat="50.435324" lon="-104.551001">
<ele>556</ele>
<time>2026-09-27T07:44:10.061-06:00</time>
<extensions>
<gpxtpx:TrackPointExtension>
<gpxtpx:speed>3.4</gpxtpx:speed>
</gpxtpx:TrackPointExtension>
<opentracks:accuracy_horizontal>4.592</opentracks:accuracy_horizontal></extensions>
</trkpt>
<trkpt lat="50.435211" lon="-104.551018">
<ele>556</ele>
<time>2026-09-27T07:44:14.056-06:00</time>
<extensions>
<gpxtpx:TrackPointExtension>
<gpxtpx:speed>3.2</gpxtpx:speed>
</gpxtpx:TrackPointExtension>
<opentracks:accuracy_horizontal>4.592</opentracks:accuracy_horizontal></extensions>
</trkpt>
<trkpt lat="50.435105" lon="-104.550974">
<ele>556</ele>
<time>2026-09-27T07:44:18.063-06:00</time>
<extensions>
<gpxtpx:TrackPointExtension>
<gpxtpx:speed>3</gpxtpx:speed>
</gpxtpx:TrackPointExtension>
<opentracks:accuracy_horizontal>4.592</opentracks:accuracy_horizontal></extensions>
</trkpt>
<trkpt lat="50.435009" lon="-104.550999">
<ele>556</ele>
<time>2026-09-27T07:44:22.064-06:00</time>
<extensions>
<gpxtpx:TrackPointExtension>
<gpxtpx:speed>2.53</gpxtpx:speed>
</gpxtpx:TrackPointExtension>
<opentracks:accuracy_horizontal>4.592</opentracks:accuracy_horizontal></extensions>
</trkpt>
<trkpt lat="50.434899" lon="-104.551007">
<ele>556</ele>
<time>2026-09-27T07:44:26.048-06:00</time>
<extensions>
<gpxtpx:TrackPointExtension>
<gpxtpx:speed>3.35</gpxtpx:speed>
</gpxtpx:TrackPointExtension>
<opentracks:accuracy_horizontal>5.102</opentracks:accuracy_horizontal></extensions>
</trkpt>
<trkpt lat="50.434809" lon="-104.551097">
<ele>556</ele>
<time>2026-09-27T07:44:29.055-06:00</time>
<extensions>
<gpxtpx:TrackPointExtension>
<gpxtpx:speed>4.06</gpxtpx:speed>
</gpxtpx:TrackPointExtension>
<opentracks:accuracy_horizontal>3.571</opentracks:accuracy_horizontal></extensions>
</trkpt>
<trkpt lat="50.434709" lon="-104.551173">
<ele>556</ele>
<time>2026-09-27T07:44:32.068-06:00</time>
<extensions>
<gpxtpx:TrackPointExtension>
<gpxtpx:speed>3.86</gpxtpx:speed>
</gpxtpx:TrackPointExtension>
<opentracks:accuracy_horizontal>3.571</opentracks:accuracy_horizontal></extensions>
</trkpt>
<trkpt lat="50.434607" lon="-104.551227">
<ele>556</ele>
<time>2026-09-27T07:44:35.061-06:00</time>
<extensions>
<gpxtpx:TrackPointExtension>
<gpxtpx:speed>3.99</gpxtpx:speed>
</gpxtpx:TrackPointExtension>
<opentracks:accuracy_horizontal>2.041</opentracks:accuracy_horizontal></extensions>
</trkpt>
<trkpt lat="50.434503" lon="-104.551279">
<ele>557</ele>
<time>2026-09-27T07:44:38.043-06:00</time>
<extensions>
<gpxtpx:TrackPointExtension>
<gpxtpx:speed>4.29</gpxtpx:speed>
</gpxtpx:TrackPointExtension>
<opentracks:accuracy_horizontal>1.02</opentracks:accuracy_horizontal></extensions>
</trkpt>
<trkpt lat="50.434397" lon="-104.551338">
<ele>557</ele>
<time>2026-09-27T07:44:41.052-06:00</time>
<extensions>
<gpxtpx:TrackPointExtension>
<gpxtpx:speed>4.54</gpxtpx:speed>
</gpxtpx:TrackPointExtension>
<opentracks:accuracy_horizontal>1.02</opentracks:accuracy_horizontal></extensions>
</trkpt>
<trkpt lat="50.434285" lon="-104.551425">
<ele>557</ele>
<time>2026-09-27T07:44:44.062-06:00</time>
<extensions>
<gpxtpx:TrackPointExtension>
<gpxtpx:speed>4.65</gpxtpx:speed>
</gpxtpx:TrackPointExtension>
<opentracks:accuracy_horizontal>1.02</opentracks:accuracy_horizontal></extensions>
</trkpt>
<trkpt lat="50.434207" lon="-104.551497">
<ele>557</ele>
<time>2026-09-27T07:44:46.072-06:00</time>
<extensions>
<gpxtpx:TrackPointExtension>
<gpxtpx:speed>5.04</gpxtpx:speed>
</gpxtpx:TrackPointExtension>
<opentracks:accuracy_horizontal>1.531</opentracks:accuracy_horizontal></extensions>
</trkpt>
<trkpt lat="50.434131" lon="-104.551585">
<ele>557</ele>
<time>2026-09-27T07:44:48.055-06:00</time>
<extensions>
<gpxtpx:TrackPointExtension>
<gpxtpx:speed>5.61</gpxtpx:speed>
</gpxtpx:TrackPointExtension>
<opentracks:accuracy_horizontal>1.02</opentracks:accuracy_horizontal></extensions>
</trkpt>
<trkpt lat="50.434062" lon="-104.551696">
<ele>556</ele>
<time>2026-09-27T07:44:50.057-06:00</time>
<extensions>
<gpxtpx:TrackPointExtension>
<gpxtpx:speed>5.34</gpxtpx:speed>
</gpxtpx:TrackPointExtension>
<opentracks:accuracy_horizontal>1.02</opentracks:accuracy_horizontal></extensions>
</trkpt>
<trkpt lat="50.43401" lon="-104.551818">
<ele>556</ele>
<time>2026-09-27T07:44:52.052-06:00</time>
<extensions>
<gpxtpx:TrackPointExtension>
<gpxtpx:speed>5.32</gpxtpx:speed>
</gpxtpx:TrackPointExtension>
<opentracks:accuracy_horizontal>1.02</opentracks:accuracy_horizontal></extensions>
</trkpt>
<trkpt lat="50.433944" lon="-104.552">
<ele>556</ele>
<time>2026-09-27T07:44:55.046-06:00</time>
<extensions>
<gpxtpx:TrackPointExtension>
<gpxtpx:speed>5</gpxtpx:speed>
</gpxtpx:TrackPointExtension>
<opentracks:accuracy_horizontal>1.02</opentracks:accuracy_horizontal></extensions>
</trkpt>
<trkpt lat="50.433895" lon="-104.55212">
<ele>556</ele>
<time>2026-09-27T07:44:57.063-06:00</time>
<extensions>
<gpxtpx:TrackPointExtension>
<gpxtpx:speed>4.73</gpxtpx:speed>
</gpxtpx:TrackPointExtension>
<opentracks:accuracy_horizontal>1.02</opentracks:accuracy_horizontal></extensions>
</trkpt>
<trkpt lat="50.433825" lon="-104.552286">
<ele>556</ele>
<time>2026-09-27T07:45:00.054-06:00</time>
<extensions>
<gpxtpx:TrackPointExtension>
<gpxtpx:speed>4.63</gpxtpx:speed>
</gpxtpx:TrackPointExtension>
<opentracks:accuracy_horizontal>3.061</opentracks:accuracy_horizontal></extensions>
</trkpt>
<trkpt lat="50.43377" lon="-104.552448">
<ele>556</ele>
<time>2026-09-27T07:45:03.058-06:00</time>
<extensions>
<gpxtpx:TrackPointExtension>
<gpxtpx:speed>4.7</gpxtpx:speed>
</gpxtpx:TrackPointExtension>
<opentracks:accuracy_horizontal>3.571</opentracks:accuracy_horizontal></extensions>
</trkpt>
<trkpt lat="50.433689" lon="-104.552598">
<ele>555</ele>
<time>2026-09-27T07:45:06.047-06:00</time>
<extensions>
<gpxtpx:TrackPointExtension>
<gpxtpx:speed>4.68</gpxtpx:speed>
</gpxtpx:TrackPointExtension>
<opentracks:accuracy_horizontal>1.02</opentracks:accuracy_horizontal></extensions>
</trkpt>
<trkpt lat="50.433591" lon="-104.552723">
<ele>555</ele>
<time>2026-09-27T07:45:09.057-06:00</time>
<extensions>
<gpxtpx:TrackPointExtension>
<gpxtpx:speed>4.83</gpxtpx:speed>
</gpxtpx:TrackPointExtension>
<opentracks:accuracy_horizontal>1.02</opentracks:accuracy_horizontal></extensions>
</trkpt>
<trkpt lat="50.433491" lon="-104.552852">
<ele>556</ele>
<time>2026-09-27T07:45:12.049-06:00</time>
<extensions>
<gpxtpx:TrackPointExtension>
<gpxtpx:speed>4.35</gpxtpx:speed>
</gpxtpx:TrackPointExtension>
<opentracks:accuracy_horizontal>2.041</opentracks:accuracy_horizontal></extensions>
</trkpt>
<trkpt lat="50.433403" lon="-104.552963">
<ele>556</ele>
<time>2026-09-27T07:45:15.05-06:00</time>
<extensions>
<gpxtpx:TrackPointExtension>
<gpxtpx:speed>4.21</gpxtpx:speed>
</gpxtpx:TrackPointExtension>
<opentracks:accuracy_horizontal>1.531</opentracks:accuracy_horizontal></extensions>
</trkpt>
<trkpt lat="50.433315" lon="-104.553056">
<ele>555</ele>
<time>2026-09-27T07:45:18.05-06:00</time>
<extensions>
<gpxtpx:TrackPointExtension>
<gpxtpx:speed>3.72</gpxtpx:speed>
</gpxtpx:TrackPointExtension>
<opentracks:accuracy_horizontal>3.061</opentracks:accuracy_horizontal></extensions>
</trkpt>
<trkpt lat="50.433228" lon="-104.553118">
<ele>555</ele>
<time>2026-09-27T07:45:21.054-06:00</time>
<extensions>
<gpxtpx:TrackPointExtension>
<gpxtpx:speed>3.38</gpxtpx:speed>
</gpxtpx:TrackPointExtension>
<opentracks:accuracy_horizontal>4.082</opentracks:accuracy_horizontal></extensions>
</trkpt>
<trkpt lat="50.433139" lon="-104.553169">
<ele>555</ele>
<time>2026-09-27T07:45:24.059-06:00</time>
<extensions>
<gpxtpx:TrackPointExtension>
<gpxtpx:speed>3.59</gpxtpx:speed>
</gpxtpx:TrackPointExtension>
<opentracks:accuracy_horizontal>4.592</opentracks:accuracy_horizontal></extensions>
</trkpt>
<trkpt lat="50.433043" lon="-104.553184">
<ele>555</ele>
<time>2026-09-27T07:45:27.063-06:00</time>
<extensions>
<gpxtpx:TrackPointExtension>
<gpxtpx:speed>3.72</gpxtpx:speed>
</gpxtpx:TrackPointExtension>
<opentracks:accuracy_horizontal>5.612</opentracks:accuracy_horizontal></extensions>
</trkpt>
<trkpt lat="50.432923" lon="-104.553172">
<ele>554</ele>
<time>2026-09-27T07:45:30.052-06:00</time>
<extensions>
<gpxtpx:TrackPointExtension>
<gpxtpx:speed>4.44</gpxtpx:speed>
</gpxtpx:TrackPointExtension>
<opentracks:accuracy_horizontal>1.02</opentracks:accuracy_horizontal></extensions>
</trkpt>
<trkpt lat="50.432819" lon="-104.553156">
<ele>554</ele>
<time>2026-09-27T07:45:33.053-06:00</time>
<extensions>
<gpxtpx:TrackPointExtension>
<gpxtpx:speed>3.92</gpxtpx:speed>
</gpxtpx:TrackPointExtension>
<opentracks:accuracy_horizontal>2.041</opentracks:accuracy_horizontal></extensions>
</trkpt>
<trkpt lat="50.432715" lon="-104.55315">
<ele>554</ele>
<time>2026-09-27T07:45:36.056-06:00</time>
<extensions>
<gpxtpx:TrackPointExtension>
<gpxtpx:speed>3.77</gpxtpx:speed>
</gpxtpx:TrackPointExtension>
<opentracks:accuracy_horizontal>1.02</opentracks:accuracy_horizontal></extensions>
</trkpt>
<trkpt lat="50.432619" lon="-104.553157">
<ele>554</ele>
<time>2026-09-27T07:45:39.058-06:00</time>
<extensions>
<gpxtpx:TrackPointExtension>
<gpxtpx:speed>3.34</gpxtpx:speed>
</gpxtpx:TrackPointExtension>
<opentracks:accuracy_horizontal>3.571</opentracks:accuracy_horizontal></extensions>
</trkpt>
<trkpt lat="50.432504" lon="-104.553154">
<ele>554</ele>
<time>2026-09-27T07:45:43.055-06:00</time>
<extensions>
<gpxtpx:TrackPointExtension>
<gpxtpx:speed>3.11</gpxtpx:speed>
</gpxtpx:TrackPointExtension>
<opentracks:accuracy_horizontal>2.551</opentracks:accuracy_horizontal></extensions>
</trkpt>
<trkpt lat="50.432407" lon="-104.553155">
<ele>554</ele>
<time>2026-09-27T07:45:46.056-06:00</time>
<extensions>
<gpxtpx:TrackPointExtension>
<gpxtpx:speed>4.05</gpxtpx:speed>
</gpxtpx:TrackPointExtension>
<opentracks:accuracy_horizontal>3.571</opentracks:accuracy_horizontal></extensions>
</trkpt>
<trkpt lat="50.432289" lon="-104.553173">
<ele>554</ele>
<time>2026-09-27T07:45:49.06-06:00</time>
<extensions>
<gpxtpx:TrackPointExtension>
<gpxtpx:speed>3.91</gpxtpx:speed>
</gpxtpx:TrackPointExtension>
<opentracks:accuracy_horizontal>9.694</opentracks:accuracy_horizontal></extensions>
</trkpt>
<trkpt lat="50.432158" lon="-104.553216">
<ele>554</ele>
<time>2026-09-27T07:45:52.035-06:00</time>
<extensions>
<gpxtpx:TrackPointExtension>
<gpxtpx:speed>6.41</gpxtpx:speed>
</gpxtpx:TrackPointExtension>
<opentracks:accuracy_horizontal>34.694</opentracks:accuracy_horizontal></extensions>
</trkpt>
<trkpt lat="50.432095" lon="-104.553402">
<ele>554</ele>
<time>2026-09-27T07:45:54.039-06:00</time>
<extensions>
<gpxtpx:TrackPointExtension>
<gpxtpx:speed>6.28</gpxtpx:speed>
</gpxtpx:TrackPointExtension>
<opentracks:accuracy_horizontal>10.204</opentracks:accuracy_horizontal></extensions>
</trkpt>
<trkpt lat="50.432066" lon="-104.553574">
<ele>556</ele>
<time>2026-09-27T07:45:56.068-06:00</time>
<extensions>
<gpxtpx:TrackPointExtension>
<gpxtpx:speed>4.27</gpxtpx:speed>
</gpxtpx:TrackPointExtension>
<opentracks:accuracy_horizontal>3.571</opentracks:accuracy_horizontal></extensions>
</trkpt>
<trkpt lat="50.432041" lon="-104.553735">
<ele>556</ele>
<time>2026-09-27T07:45:59.056-06:00</time>
<extensions>
<gpxtpx:TrackPointExtension>
<gpxtpx:speed>3.48</gpxtpx:speed>
</gpxtpx:TrackPointExtension>
<opentracks:accuracy_horizontal>0.51</opentracks:accuracy_horizontal></extensions>
</trkpt>
<trkpt lat="50.432049" lon="-104.553877">
<ele>556</ele>
<time>2026-09-27T07:46:02.058-06:00</time>
<extensions>
<gpxtpx:TrackPointExtension>
<gpxtpx:speed>2.8</gpxtpx:speed>
</gpxtpx:TrackPointExtension>
<opentracks:accuracy_horizontal>1.02</opentracks:accuracy_horizontal></extensions>
</trkpt>
<trkpt lat="50.431968" lon="-104.553971">
<ele>557</ele>
<time>2026-09-27T07:46:06.056-06:00</time>
<extensions>
<gpxtpx:TrackPointExtension>
<gpxtpx:speed>4.29</gpxtpx:speed>
</gpxtpx:TrackPointExtension>
<opentracks:accuracy_horizontal>2.551</opentracks:accuracy_horizontal></extensions>
</trkpt>
<trkpt lat="50.431876" lon="-104.553886">
<ele>556</ele>
<time>2026-09-27T07:46:09.052-06:00</time>
<extensions>
<gpxtpx:TrackPointExtension>
<gpxtpx:speed>4.29</gpxtpx:speed>
</gpxtpx:TrackPointExtension>
<opentracks:accuracy_horizontal>1.02</opentracks:accuracy_horizontal></extensions>
</trkpt>
<trkpt lat="50.431765" lon="-104.553814">
<ele>557</ele>
<time>2026-09-27T07:46:12.05-06:00</time>
<extensions>
<gpxtpx:TrackPointExtension>
<gpxtpx:speed>4.72</gpxtpx:speed>
</gpxtpx:TrackPointExtension>
<opentracks:accuracy_horizontal>2.551</opentracks:accuracy_horizontal></extensions>
</trkpt>
<trkpt lat="50.431642" lon="-104.553774">
<ele>558</ele>
<time>2026-09-27T07:46:15.052-06:00</time>
<extensions>
<gpxtpx:TrackPointExtension>
<gpxtpx:speed>4.84</gpxtpx:speed>
</gpxtpx:TrackPointExtension>
<opentracks:accuracy_horizontal>1.02</opentracks:accuracy_horizontal></extensions>
</trkpt>
<trkpt lat="50.431515" lon="-104.553727">
<ele>558</ele>
<time>2026-09-27T07:46:18.054-06:00</time>
<extensions>
<gpxtpx:TrackPointExtension>
<gpxtpx:speed>5.11</gpxtpx:speed>
</gpxtpx:TrackPointExtension>
<opentracks:accuracy_horizontal>1.02</opentracks:accuracy_horizontal></extensions>
</trkpt>
<trkpt lat="50.431423" lon="-104.553701">
<ele>558</ele>
<time>2026-09-27T07:46:20.055-06:00</time>
<extensions>
<gpxtpx:TrackPointExtension>
<gpxtpx:speed>5.4</gpxtpx:speed>
</gpxtpx:TrackPointExtension>
<opentracks:accuracy_horizontal>1.02</opentracks:accuracy_horizontal></extensions>
</trkpt>
<trkpt lat="50.431326" lon="-104.553668">
<ele>559</ele>
<time>2026-09-27T07:46:22.067-06:00</time>
<extensions>
<gpxtpx:TrackPointExtension>
<gpxtpx:speed>5.55</gpxtpx:speed>
</gpxtpx:TrackPointExtension>
<opentracks:accuracy_horizontal>0.51</opentracks:accuracy_horizontal></extensions>
</trkpt>
<trkpt lat="50.431225" lon="-104.553615">
<ele>559</ele>
<time>2026-09-27T07:46:24.064-06:00</time>
<extensions>
<gpxtpx:TrackPointExtension>
<gpxtpx:speed>6.38</gpxtpx:speed>
</gpxtpx:TrackPointExtension>
<opentracks:accuracy_horizontal>1.531</opentracks:accuracy_horizontal></extensions>
</trkpt>
<trkpt lat="50.431111" lon="-104.553543">
<ele>559</ele>
<time>2026-09-27T07:46:26.056-06:00</time>
<extensions>
<gpxtpx:TrackPointExtension>
<gpxtpx:speed>6.61</gpxtpx:speed>
</gpxtpx:TrackPointExtension>
<opentracks:accuracy_horizontal>0.51</opentracks:accuracy_horizontal></extensions>
</trkpt>
<trkpt lat="50.430987" lon="-104.553459">
<ele>558</ele>
<time>2026-09-27T07:46:28.06-06:00</time>
<extensions>
<gpxtpx:TrackPointExtension>
<gpxtpx:speed>7.85</gpxtpx:speed>
</gpxtpx:TrackPointExtension>
<opentracks:accuracy_horizontal>0.51</opentracks:accuracy_horizontal></extensions>
</trkpt>
<trkpt lat="50.430858" lon="-104.553369">
<ele>558</ele>
<time>2026-09-27T07:46:30.052-06:00</time>
<extensions>
<gpxtpx:TrackPointExtension>
<gpxtpx:speed>7.9</gpxtpx:speed>
</gpxtpx:TrackPointExtension>
<opentracks:accuracy_horizontal>1.02</opentracks:accuracy_horizontal></extensions>
</trkpt>
<trkpt lat="50.430721" lon="-104.55328">
<ele>558</ele>
<time>2026-09-27T07:46:32.054-06:00</time>
<extensions>
<gpxtpx:TrackPointExtension>
<gpxtpx:speed>8.49</gpxtpx:speed>
</gpxtpx:TrackPointExtension>
<opentracks:accuracy_horizontal>1.02</opentracks:accuracy_horizontal></extensions>
</trkpt>
<trkpt lat="50.43057" lon="-104.553209">
<ele>558</ele>
<time>2026-09-27T07:46:34.052-06:00</time>
<extensions>
<gpxtpx:TrackPointExtension>
<gpxtpx:speed>8.87</gpxtpx:speed>
</gpxtpx:TrackPointExtension>
<opentracks:accuracy_horizontal>1.02</opentracks:accuracy_horizontal></extensions>
</trkpt>
<trkpt lat="50.430392" lon="-104.553191">
<ele>557</ele>
<time>2026-09-27T07:46:36.06-06:00</time>
<extensions>
<gpxtpx:TrackPointExtension>
<gpxtpx:speed>10.42</gpxtpx:speed>
</gpxtpx:TrackPointExtension>
<opentracks:accuracy_horizontal>1.02</opentracks:accuracy_horizontal></extensions>
</trkpt>
<trkpt lat="50.430299" lon="-104.55322">
<ele>557</ele>
<time>2026-09-27T07:46:37.054-06:00</time>
<extensions>
<gpxtpx:TrackPointExtension>
<gpxtpx:speed>10.23</gpxtpx:speed>
</gpxtpx:TrackPointExtension>
<opentracks:accuracy_horizontal>1.02</opentracks:accuracy_horizontal></extensions>
</trkpt>
<trkpt lat="50.430208" lon="-104.553279">
<ele>558</ele>
<time>2026-09-27T07:46:38.054-06:00</time>
<extensions>
<gpxtpx:TrackPointExtension>
<gpxtpx:speed>10.9</gpxtpx:speed>
</gpxtpx:TrackPointExtension>
<opentracks:accuracy_horizontal>0.51</opentracks:accuracy_horizontal></extensions>
</trkpt>
<trkpt lat="50.430122" lon="-104.553348">
<ele>559</ele>
<time>2026-09-27T07:46:39.045-06:00</time>
<extensions>
<gpxtpx:TrackPointExtension>
<gpxtpx:speed>10.06</gpxtpx:speed>
</gpxtpx:TrackPointExtension>
<opentracks:accuracy_horizontal>0.51</opentracks:accuracy_horizontal></extensions>
</trkpt>
<trkpt lat="50.430039" lon="-104.553437">
<ele>559</ele>
<time>2026-09-27T07:46:40.061-06:00</time>
<extensions>
<gpxtpx:TrackPointExtension>
<gpxtpx:speed>10.33</gpxtpx:speed>
</gpxtpx:TrackPointExtension>
<opentracks:accuracy_horizontal>1.02</opentracks:accuracy_horizontal></extensions>
</trkpt>
<trkpt lat="50.429959" lon="-104.553533">
<ele>559</ele>
<time>2026-09-27T07:46:41.071-06:00</time>
<extensions>
<gpxtpx:TrackPointExtension>
<gpxtpx:speed>10.53</gpxtpx:speed>
</gpxtpx:TrackPointExtension>
<opentracks:accuracy_horizontal>0.51</opentracks:accuracy_horizontal></extensions>
</trkpt>
<trkpt lat="50.429888" lon="-104.553644">
<ele>558</ele>
<time>2026-09-27T07:46:42.051-06:00</time>
<extensions>
<gpxtpx:TrackPointExtension>
<gpxtpx:speed>11.31</gpxtpx:speed>
</gpxtpx:TrackPointExtension>
<opentracks:accuracy_horizontal>2.551</opentracks:accuracy_horizontal></extensions>
</trkpt>
<trkpt lat="50.42983" lon="-104.553768">
<ele>557</ele>
<time>2026-09-27T07:46:43.062-06:00</time>
<extensions>
<gpxtpx:TrackPointExtension>
<gpxtpx:speed>10.16</gpxtpx:speed>
</gpxtpx:TrackPointExtension>
<opentracks:accuracy_horizontal>1.531</opentracks:accuracy_horizontal></extensions>
</trkpt>
<trkpt lat="50.429787" lon="-104.553902">
<ele>557</ele>
<time>2026-09-27T07:46:44.048-06:00</time>
<extensions>
<gpxtpx:TrackPointExtension>
<gpxtpx:speed>9.65</gpxtpx:speed>
</gpxtpx:TrackPointExtension>
<opentracks:accuracy_horizontal>3.061</opentracks:accuracy_horizontal></extensions>
</trkpt>
<trkpt lat="50.429732" lon="-104.554137">
<ele>556</ele>
<time>2026-09-27T07:46:46.053-06:00</time>
<extensions>
<gpxtpx:TrackPointExtension>
<gpxtpx:speed>8.49</gpxtpx:speed>
</gpxtpx:TrackPointExtension>
<opentracks:accuracy_horizontal>6.122</opentracks:accuracy_horizontal></extensions>
</trkpt>
<trkpt lat="50.429686" lon="-104.554343">
<ele>556</ele>
<time>2026-09-27T07:46:48.056-06:00</time>
<extensions>
<gpxtpx:TrackPointExtension>
<gpxtpx:speed>7.27</gpxtpx:speed>
</gpxtpx:TrackPointExtension>
<opentracks:accuracy_horizontal>6.122</opentracks:accuracy_horizontal></extensions>
</trkpt>
<trkpt lat="50.429651" lon="-104.55452">
<ele>556</ele>
<time>2026-09-27T07:46:50.062-06:00</time>
<extensions>
<gpxtpx:TrackPointExtension>
<gpxtpx:speed>6.28</gpxtpx:speed>
</gpxtpx:TrackPointExtension>
<opentracks:accuracy_horizontal>5.612</opentracks:accuracy_horizontal></extensions>
</trkpt>
<trkpt lat="50.429624" lon="-104.55469">
<ele>556</ele>
<time>2026-09-27T07:46:52.065-06:00</time>
<extensions>
<gpxtpx:TrackPointExtension>
<gpxtpx:speed>5.76</gpxtpx:speed>
</gpxtpx:TrackPointExtension>
<opentracks:accuracy_horizontal>3.571</opentracks:accuracy_horizontal></extensions>
</trkpt>
<trkpt lat="50.429606" lon="-104.55485">
<ele>556</ele>
<time>2026-09-27T07:46:54.058-06:00</time>
<extensions>
<gpxtpx:TrackPointExtension>
<gpxtpx:speed>5.56</gpxtpx:speed>
</gpxtpx:TrackPointExtension>
<opentracks:accuracy_horizontal>4.082</opentracks:accuracy_horizontal></extensions>
</trkpt>
<trkpt lat="50.429592" lon="-104.554997">
<ele>555</ele>
<time>2026-09-27T07:46:56.059-06:00</time>
<extensions>
<gpxtpx:TrackPointExtension>
<gpxtpx:speed>5.31</gpxtpx:speed>
</gpxtpx:TrackPointExtension>
<opentracks:accuracy_horizontal>2.041</opentracks:accuracy_horizontal></extensions>
</trkpt>
<trkpt lat="50.429593" lon="-104.555143">
<ele>555</ele>
<time>2026-09-27T07:46:58.067-06:00</time>
<extensions>
<gpxtpx:TrackPointExtension>
<gpxtpx:speed>5.44</gpxtpx:speed>
</gpxtpx:TrackPointExtension>
<opentracks:accuracy_horizontal>1.531</opentracks:accuracy_horizontal></extensions>
</trkpt>
<trkpt lat="50.429596" lon="-104.555291">
<ele>554</ele>
<time>2026-09-27T07:47:00.049-06:00</time>
<extensions>
<gpxtpx:TrackPointExtension>
<gpxtpx:speed>5.25</gpxtpx:speed>
</gpxtpx:TrackPointExtension>
<opentracks:accuracy_horizontal>1.02</opentracks:accuracy_horizontal></extensions>
</trkpt>
<trkpt lat="50.429599" lon="-104.555441">
<ele>554</ele>
<time>2026-09-27T07:47:02.064-06:00</time>
<extensions>
<gpxtpx:TrackPointExtension>
<gpxtpx:speed>5.13</gpxtpx:speed>
</gpxtpx:TrackPointExtension>
<opentracks:accuracy_horizontal>1.02</opentracks:accuracy_horizontal></extensions>
</trkpt>
<trkpt lat="50.429601" lon="-104.555646">
<ele>554</ele>
<time>2026-09-27T07:47:05.056-06:00</time>
<extensions>
<gpxtpx:TrackPointExtension>
<gpxtpx:speed>4.43</gpxtpx:speed>
</gpxtpx:TrackPointExtension>
<opentracks:accuracy_horizontal>2.041</opentracks:accuracy_horizontal></extensions>
</trkpt>
<trkpt lat="50.42959" lon="-104.555839">
<ele>554</ele>
<time>2026-09-27T07:47:08.066-06:00</time>
<extensions>
<gpxtpx:TrackPointExtension>
<gpxtpx:speed>4.53</gpxtpx:speed>
</gpxtpx:TrackPointExtension>
<opentracks:accuracy_horizontal>1.531</opentracks:accuracy_horizontal></extensions>
</trkpt>
<trkpt lat="50.429546" lon="-104.556018">
<ele>554</ele>
<time>2026-09-27T07:47:11.058-06:00</time>
<extensions>
<gpxtpx:TrackPointExtension>
<gpxtpx:speed>4.48</gpxtpx:speed>
</gpxtpx:TrackPointExtension>
<opentracks:accuracy_horizontal>3.061</opentracks:accuracy_horizontal></extensions>
</trkpt>
<trkpt lat="50.429497" lon="-104.556179">
<ele>554</ele>
<time>2026-09-27T07:47:14.077-06:00</time>
<extensions>
<gpxtpx:TrackPointExtension>
<gpxtpx:speed>4.18</gpxtpx:speed>
</gpxtpx:TrackPointExtension>
<opentracks:accuracy_horizontal>4.082</opentracks:accuracy_horizontal></extensions>
</trkpt>
<trkpt lat="50.429433" lon="-104.556311">
<ele>554</ele>
<time>2026-09-27T07:47:17.058-06:00</time>
<extensions>
<gpxtpx:TrackPointExtension>
<gpxtpx:speed>4.02</gpxtpx:speed>
</gpxtpx:TrackPointExtension>
<opentracks:accuracy_horizontal>3.061</opentracks:accuracy_horizontal></extensions>
</trkpt>
<trkpt lat="50.429373" lon="-104.556437">
<ele>554</ele>
<time>2026-09-27T07:47:20.064-06:00</time>
<extensions>
<gpxtpx:TrackPointExtension>
<gpxtpx:speed>3.44</gpxtpx:speed>
</gpxtpx:TrackPointExtension>
<opentracks:accuracy_horizontal>3.061</opentracks:accuracy_horizontal></extensions>
</trkpt>
<trkpt lat="50.429314" lon="-104.556551">
<ele>554</ele>
<time>2026-09-27T07:47:23.065-06:00</time>
<extensions>
<gpxtpx:TrackPointExtension>
<gpxtpx:speed>3.52</gpxtpx:speed>
</gpxtpx:TrackPointExtension>
<opentracks:accuracy_horizontal>4.082</opentracks:accuracy_horizontal></extensions>
</trkpt>
<trkpt lat="50.429251" lon="-104.556677">
<ele>554</ele>
<time>2026-09-27T07:47:26.063-06:00</time>
<extensions>
<gpxtpx:TrackPointExtension>
<gpxtpx:speed>3.58</gpxtpx:speed>
</gpxtpx:TrackPointExtension>
<opentracks:accuracy_horizontal>6.122</opentracks:accuracy_horizontal></extensions>
</trkpt>
<trkpt lat="50.429192" lon="-104.556808">
<ele>554</ele>
<time>2026-09-27T07:47:29.058-06:00</time>
<extensions>
<gpxtpx:TrackPointExtension>
<gpxtpx:speed>3.88</gpxtpx:speed>
</gpxtpx:TrackPointExtension>
<opentracks:accuracy_horizontal>1.02</opentracks:accuracy_horizontal></extensions>
</trkpt>
<trkpt lat="50.429132" lon="-104.556961">
<ele>555</ele>
<time>2026-09-27T07:47:32.062-06:00</time>
<extensions>
<gpxtpx:TrackPointExtension>
<gpxtpx:speed>3.99</gpxtpx:speed>
</gpxtpx:TrackPointExtension>
<opentracks:accuracy_horizontal>0.51</opentracks:accuracy_horizontal></extensions>
</trkpt>
<trkpt lat="50.4291" lon="-104.557113">
<ele>555</ele>
<time>2026-09-27T07:47:35.056-06:00</time>
<extensions>
<gpxtpx:TrackPointExtension>
<gpxtpx:speed>4.12</gpxtpx:speed>
</gpxtpx:TrackPointExtension>
<opentracks:accuracy_horizontal>2.041</opentracks:accuracy_horizontal></extensions>
</trkpt>
<trkpt lat="50.429077" lon="-104.557287">
<ele>555</ele>
<time>2026-09-27T07:47:38.064-06:00</time>
<extensions>
<gpxtpx:TrackPointExtension>
<gpxtpx:speed>4.45</gpxtpx:speed>
</gpxtpx:TrackPointExtension>
<opentracks:accuracy_horizontal>0.51</opentracks:accuracy_horizontal></extensions>
</trkpt>
<trkpt lat="50.42909" lon="-104.557472">
<ele>555</ele>
<time>2026-09-27T07:47:41.052-06:00</time>
<extensions>
<gpxtpx:TrackPointExtension>
<gpxtpx:speed>4.12</gpxtpx:speed>
</gpxtpx:TrackPointExtension>
<opentracks:accuracy_horizontal>1.02</opentracks:accuracy_horizontal></extensions>
</trkpt>
<trkpt lat="50.429123" lon="-104.557621">
<ele>556</ele>
<time>2026-09-27T07:47:44.056-06:00</time>
<extensions>
<gpxtpx:TrackPointExtension>
<gpxtpx:speed>3.36</gpxtpx:speed>
</gpxtpx:TrackPointExtension>
<opentracks:accuracy_horizontal>1.02</opentracks:accuracy_horizontal></extensions>
</trkpt>
<trkpt lat="50.429173" lon="-104.557783">
<ele>556</ele>
<time>2026-09-27T07:47:48.064-06:00</time>
<extensions>
<gpxtpx:TrackPointExtension>
<gpxtpx:speed>2.95</gpxtpx:speed>
</gpxtpx:TrackPointExtension>
<opentracks:accuracy_horizontal>4.082</opentracks:accuracy_horizontal></extensions>
</trkpt>
<trkpt lat="50.429225" lon="-104.557901">
<ele>556</ele>
<time>2026-09-27T07:47:52.06-06:00</time>
<extensions>
<gpxtpx:TrackPointExtension>
<gpxtpx:speed>2.51</gpxtpx:speed>
</gpxtpx:TrackPointExtension>
<opentracks:accuracy_horizontal>1.02</opentracks:accuracy_horizontal></extensions>
</trkpt>
<trkpt lat="50.429297" lon="-104.558044">
<ele>556</ele>
<time>2026-09-27T07:47:56.057-06:00</time>
<extensions>
<gpxtpx:TrackPointExtension>
<gpxtpx:speed>3.24</gpxtpx:speed>
</gpxtpx:TrackPointExtension>
<opentracks:accuracy_horizontal>6.633</opentracks:accuracy_horizontal></extensions>
</trkpt>
<trkpt lat="50.429348" lon="-104.558171">
<ele>555</ele>
<time>2026-09-27T07:48:00.072-06:00</time>
<extensions>
<gpxtpx:TrackPointExtension>
<gpxtpx:speed>2.21</gpxtpx:speed>
</gpxtpx:TrackPointExtension>
<opentracks:accuracy_horizontal>5.102</opentracks:accuracy_horizontal></extensions>
</trkpt>
<trkpt lat="50.429412" lon="-104.55831">
<ele>556</ele>
<time>2026-09-27T07:48:04.037-06:00</time>
<extensions>
<gpxtpx:TrackPointExtension>
<gpxtpx:speed>2.72</gpxtpx:speed>
</gpxtpx:TrackPointExtension>
<opentracks:accuracy_horizontal>4.592</opentracks:accuracy_horizontal></extensions>
</trkpt>
<trkpt lat="50.429475" lon="-104.55843">
<ele>555</ele>
<time>2026-09-27T07:48:09.054-06:00</time>
<extensions>
<gpxtpx:TrackPointExtension>
<gpxtpx:speed>1.83</gpxtpx:speed>
</gpxtpx:TrackPointExtension>
<opentracks:accuracy_horizontal>4.592</opentracks:accuracy_horizontal></extensions>
</trkpt>
<trkpt lat="50.429543" lon="-104.558557">
<ele>556</ele>
<time>2026-09-27T07:48:13.037-06:00</time>
<extensions>
<gpxtpx:TrackPointExtension>
<gpxtpx:speed>3.31</gpxtpx:speed>
</gpxtpx:TrackPointExtension>
<opentracks:accuracy_horizontal>1.02</opentracks:accuracy_horizontal></extensions>
</trkpt>
<trkpt lat="50.429611" lon="-104.558696">
<ele>555</ele>
<time>2026-09-27T07:48:16.059-06:00</time>
<extensions>
<gpxtpx:TrackPointExtension>
<gpxtpx:speed>4.14</gpxtpx:speed>
</gpxtpx:TrackPointExtension>
<opentracks:accuracy_horizontal>6.122</opentracks:accuracy_horizontal></extensions>
</trkpt>
<trkpt lat="50.429685" lon="-104.558851">
<ele>556</ele>
<time>2026-09-27T07:48:19.056-06:00</time>
<extensions>
<gpxtpx:TrackPointExtension>
<gpxtpx:speed>4.47</gpxtpx:speed>
</gpxtpx:TrackPointExtension>
<opentracks:accuracy_horizontal>2.041</opentracks:accuracy_horizontal></extensions>
</trkpt>
<trkpt lat="50.429758" lon="-104.559007">
<ele>556</ele>
<time>2026-09-27T07:48:22.056-06:00</time>
<extensions>
<gpxtpx:TrackPointExtension>
<gpxtpx:speed>3.91</gpxtpx:speed>
</gpxtpx:TrackPointExtension>
<opentracks:accuracy_horizontal>2.041</opentracks:accuracy_horizontal></extensions>
</trkpt>
<trkpt lat="50.429835" lon="-104.559161">
<ele>556</ele>
<time>2026-09-27T07:48:26.056-06:00</time>
<extensions>
<gpxtpx:TrackPointExtension>
<gpxtpx:speed>3.68</gpxtpx:speed>
</gpxtpx:TrackPointExtension>
<opentracks:accuracy_horizontal>1.02</opentracks:accuracy_horizontal></extensions>
</trkpt>
<trkpt lat="50.429899" lon="-104.55929">
<ele>557</ele>
<time>2026-09-27T07:48:29.05-06:00</time>
<extensions>
<gpxtpx:TrackPointExtension>
<gpxtpx:speed>3.32</gpxtpx:speed>
</gpxtpx:TrackPointExtension>
<opentracks:accuracy_horizontal>6.122</opentracks:accuracy_horizontal></extensions>
</trkpt>
<trkpt lat="50.429955" lon="-104.559411">
<ele>557</ele>
<time>2026-09-27T07:48:32.056-06:00</time>
<extensions>
<gpxtpx:TrackPointExtension>
<gpxtpx:speed>2.95</gpxtpx:speed>
</gpxtpx:TrackPointExtension>
<opentracks:accuracy_horizontal>5.612</opentracks:accuracy_horizontal></extensions>
</trkpt>
<trkpt lat="50.430013" lon="-104.559524">
<ele>556</ele>
<time>2026-09-27T07:48:36.058-06:00</time>
<extensions>
<gpxtpx:TrackPointExtension>
<gpxtpx:speed>2.11</gpxtpx:speed>
</gpxtpx:TrackPointExtension>
<opentracks:accuracy_horizontal>0.51</opentracks:accuracy_horizontal></extensions>
</trkpt>
<trkpt lat="50.430074" lon="-104.559657">
<ele>556</ele>
<time>2026-09-27T07:48:41.052-06:00</time>
<extensions>
<gpxtpx:TrackPointExtension>
<gpxtpx:speed>2.76</gpxtpx:speed>
</gpxtpx:TrackPointExtension>
<opentracks:accuracy_horizontal>6.122</opentracks:accuracy_horizontal></extensions>
</trkpt>
<trkpt lat="50.430128" lon="-104.559781">
<ele>556</ele>
<time>2026-09-27T07:48:45.053-06:00</time>
<extensions>
<gpxtpx:TrackPointExtension>
<gpxtpx:speed>2.44</gpxtpx:speed>
</gpxtpx:TrackPointExtension>
<opentracks:accuracy_horizontal>4.082</opentracks:accuracy_horizontal></extensions>
</trkpt>
<trkpt lat="50.430169" lon="-104.559923">
<ele>556</ele>
<time>2026-09-27T07:48:51.059-06:00</time>
<extensions>
<gpxtpx:TrackPointExtension>
<gpxtpx:speed>2.7</gpxtpx:speed>
</gpxtpx:TrackPointExtension>
<opentracks:accuracy_horizontal>2.041</opentracks:accuracy_horizontal></extensions>
</trkpt>
<trkpt lat="50.430131" lon="-104.560077">
<ele>556</ele>
<time>2026-09-27T07:48:55.051-06:00</time>
<extensions>
<gpxtpx:TrackPointExtension>
<gpxtpx:speed>3.73</gpxtpx:speed>
</gpxtpx:TrackPointExtension>
<opentracks:accuracy_horizontal>4.592</opentracks:accuracy_horizontal></extensions>
</trkpt>
<trkpt lat="50.43008" lon="-104.560214">
<ele>556</ele>
<time>2026-09-27T07:48:58.056-06:00</time>
<extensions>
<gpxtpx:TrackPointExtension>
<gpxtpx:speed>4.51</gpxtpx:speed>
</gpxtpx:TrackPointExtension>
<opentracks:accuracy_horizontal>4.592</opentracks:accuracy_horizontal></extensions>
</trkpt>
<trkpt lat="50.429991" lon="-104.560341">
<ele>557</ele>
<time>2026-09-27T07:49:01.058-06:00</time>
<extensions>
<gpxtpx:TrackPointExtension>
<gpxtpx:speed>4.74</gpxtpx:speed>
</gpxtpx:TrackPointExtension>
<opentracks:accuracy_horizontal>4.592</opentracks:accuracy_horizontal></extensions>
</trkpt>
<trkpt lat="50.429916" lon="-104.560425">
<ele>557</ele>
<time>2026-09-27T07:49:03.054-06:00</time>
<extensions>
<gpxtpx:TrackPointExtension>
<gpxtpx:speed>5.05</gpxtpx:speed>
</gpxtpx:TrackPointExtension>
<opentracks:accuracy_horizontal>3.571</opentracks:accuracy_horizontal></extensions>
</trkpt>
<trkpt lat="50.429805" lon="-104.560552">
<ele>557</ele>
<time>2026-09-27T07:49:06.058-06:00</time>
<extensions>
<gpxtpx:TrackPointExtension>
<gpxtpx:speed>5.17</gpxtpx:speed>
</gpxtpx:TrackPointExtension>
<opentracks:accuracy_horizontal>2.551</opentracks:accuracy_horizontal></extensions>
</trkpt>
<trkpt lat="50.429733" lon="-104.560639">
<ele>557</ele>
<time>2026-09-27T07:49:08.056-06:00</time>
<extensions>
<gpxtpx:TrackPointExtension>
<gpxtpx:speed>5</gpxtpx:speed>
</gpxtpx:TrackPointExtension>
<opentracks:accuracy_horizontal>1.02</opentracks:accuracy_horizontal></extensions>
</trkpt>
<trkpt lat="50.429658" lon="-104.560722">
<ele>557</ele>
<time>2026-09-27T07:49:10.059-06:00</time>
<extensions>
<gpxtpx:TrackPointExtension>
<gpxtpx:speed>5.02</gpxtpx:speed>
</gpxtpx:TrackPointExtension>
<opentracks:accuracy_horizontal>1.531</opentracks:accuracy_horizontal></extensions>
</trkpt>
<trkpt lat="50.429585" lon="-104.56081">
<ele>557</ele>
<time>2026-09-27T07:49:12.056-06:00</time>
<extensions>
<gpxtpx:TrackPointExtension>
<gpxtpx:speed>5.17</gpxtpx:speed>
</gpxtpx:TrackPointExtension>
<opentracks:accuracy_horizontal>1.531</opentracks:accuracy_horizontal></extensions>
</trkpt>
<trkpt lat="50.429506" lon="-104.560891">
<ele>556</ele>
<time>2026-09-27T07:49:14.032-06:00</time>
<extensions>
<gpxtpx:TrackPointExtension>
<gpxtpx:speed>5.11</gpxtpx:speed>
</gpxtpx:TrackPointExtension>
<opentracks:accuracy_horizontal>1.02</opentracks:accuracy_horizontal></extensions>
</trkpt>
<trkpt lat="50.429427" lon="-104.560964">
<ele>557</ele>
<time>2026-09-27T07:49:16.057-06:00</time>
<extensions>
<gpxtpx:TrackPointExtension>
<gpxtpx:speed>5.43</gpxtpx:speed>
</gpxtpx:TrackPointExtension>
<opentracks:accuracy_horizontal>0.51</opentracks:accuracy_horizontal></extensions>
</trkpt>
<trkpt lat="50.429353" lon="-104.561049">
<ele>557</ele>
<time>2026-09-27T07:49:18.079-06:00</time>
<extensions>
<gpxtpx:TrackPointExtension>
<gpxtpx:speed>5.05</gpxtpx:speed>
</gpxtpx:TrackPointExtension>
<opentracks:accuracy_horizontal>1.531</opentracks:accuracy_horizontal></extensions>
</trkpt>
<trkpt lat="50.429275" lon="-104.561133">
<ele>557</ele>
<time>2026-09-27T07:49:20.048-06:00</time>
<extensions>
<gpxtpx:TrackPointExtension>
<gpxtpx:speed>5.21</gpxtpx:speed>
</gpxtpx:TrackPointExtension>
<opentracks:accuracy_horizontal>1.02</opentracks:accuracy_horizontal></extensions>
</trkpt>
<trkpt lat="50.429202" lon="-104.561229">
<ele>557</ele>
<time>2026-09-27T07:49:22.065-06:00</time>
<extensions>
<gpxtpx:TrackPointExtension>
<gpxtpx:speed>5.09</gpxtpx:speed>
</gpxtpx:TrackPointExtension>
<opentracks:accuracy_horizontal>0.51</opentracks:accuracy_horizontal></extensions>
</trkpt>
<trkpt lat="50.429125" lon="-104.561321">
<ele>558</ele>
<time>2026-09-27T07:49:24.062-06:00</time>
<extensions>
<gpxtpx:TrackPointExtension>
<gpxtpx:speed>5.31</gpxtpx:speed>
</gpxtpx:TrackPointExtension>
<opentracks:accuracy_horizontal>1.02</opentracks:accuracy_horizontal></extensions>
</trkpt>
<trkpt lat="50.429045" lon="-104.561407">
<ele>558</ele>
<time>2026-09-27T07:49:26.07-06:00</time>
<extensions>
<gpxtpx:TrackPointExtension>
<gpxtpx:speed>5.15</gpxtpx:speed>
</gpxtpx:TrackPointExtension>
<opentracks:accuracy_horizontal>1.531</opentracks:accuracy_horizontal></extensions>
</trkpt>
<trkpt lat="50.428971" lon="-104.561496">
<ele>558</ele>
<time>2026-09-27T07:49:28.067-06:00</time>
<extensions>
<gpxtpx:TrackPointExtension>
<gpxtpx:speed>4.89</gpxtpx:speed>
</gpxtpx:TrackPointExtension>
<opentracks:accuracy_horizontal>1.02</opentracks:accuracy_horizontal></extensions>
</trkpt>
<trkpt lat="50.428874" lon="-104.561616">
<ele>558</ele>
<time>2026-09-27T07:49:31.067-06:00</time>
<extensions>
<gpxtpx:TrackPointExtension>
<gpxtpx:speed>4.69</gpxtpx:speed>
</gpxtpx:TrackPointExtension>
<opentracks:accuracy_horizontal>1.02</opentracks:accuracy_horizontal></extensions>
</trkpt>
<trkpt lat="50.428804" lon="-104.561704">
<ele>558</ele>
<time>2026-09-27T07:49:33.065-06:00</time>
<extensions>
<gpxtpx:TrackPointExtension>
<gpxtpx:speed>4.91</gpxtpx:speed>
</gpxtpx:TrackPointExtension>
<opentracks:accuracy_horizontal>2.551</opentracks:accuracy_horizontal></extensions>
</trkpt>
<trkpt lat="50.428701" lon="-104.561819">
<ele>558</ele>
<time>2026-09-27T07:49:36.059-06:00</time>
<extensions>
<gpxtpx:TrackPointExtension>
<gpxtpx:speed>4.44</gpxtpx:speed>
</gpxtpx:TrackPointExtension>
<opentracks:accuracy_horizontal>5.102</opentracks:accuracy_horizontal></extensions>
</trkpt>
<trkpt lat="50.428614" lon="-104.561936">
<ele>559</ele>
<time>2026-09-27T07:49:39.072-06:00</time>
<extensions>
<gpxtpx:TrackPointExtension>
<gpxtpx:speed>3.75</gpxtpx:speed>
</gpxtpx:TrackPointExtension>
<opentracks:accuracy_horizontal>1.531</opentracks:accuracy_horizontal></extensions>
</trkpt>
<trkpt lat="50.428535" lon="-104.562033">
<ele>559</ele>
<time>2026-09-27T07:49:42.058-06:00</time>
<extensions>
<gpxtpx:TrackPointExtension>
<gpxtpx:speed>3.81</gpxtpx:speed>
</gpxtpx:TrackPointExtension>
<opentracks:accuracy_horizontal>4.082</opentracks:accuracy_horizontal></extensions>
</trkpt>
<trkpt lat="50.428454" lon="-104.562109">
<ele>559</ele>
<time>2026-09-27T07:49:45.052-06:00</time>
<extensions>
<gpxtpx:TrackPointExtension>
<gpxtpx:speed>3.46</gpxtpx:speed>
</gpxtpx:TrackPointExtension>
<opentracks:accuracy_horizontal>1.02</opentracks:accuracy_horizontal></extensions>
</trkpt>
<trkpt lat="50.42838" lon="-104.562214">
<ele>558</ele>
<time>2026-09-27T07:49:49.066-06:00</time>
<extensions>
<gpxtpx:TrackPointExtension>
<gpxtpx:speed>2.54</gpxtpx:speed>
</gpxtpx:TrackPointExtension>
<opentracks:accuracy_horizontal>1.531</opentracks:accuracy_horizontal></extensions>
</trkpt>
<trkpt lat="50.428285" lon="-104.562315">
<ele>558</ele>
<time>2026-09-27T07:49:53.067-06:00</time>
<extensions>
<gpxtpx:TrackPointExtension>
<gpxtpx:speed>3.73</gpxtpx:speed>
</gpxtpx:TrackPointExtension>
<opentracks:accuracy_horizontal>6.122</opentracks:accuracy_horizontal></extensions>
</trkpt>
<trkpt lat="50.428198" lon="-104.562424">
<ele>558</ele>
<time>2026-09-27T07:49:56.079-06:00</time>
<extensions>
<gpxtpx:TrackPointExtension>
<gpxtpx:speed>4.16</gpxtpx:speed>
</gpxtpx:TrackPointExtension>
<opentracks:accuracy_horizontal>5.102</opentracks:accuracy_horizontal></extensions>
</trkpt>
<trkpt lat="50.428105" lon="-104.562522">
<ele>558</ele>
<time>2026-09-27T07:49:59.059-06:00</time>
<extensions>
<gpxtpx:TrackPointExtension>
<gpxtpx:speed>4.41</gpxtpx:speed>
</gpxtpx:TrackPointExtension>
<opentracks:accuracy_horizontal>3.571</opentracks:accuracy_horizontal></extensions>
</trkpt>
<trkpt lat="50.427995" lon="-104.562611">
<ele>558</ele>
<time>2026-09-27T07:50:02.056-06:00</time>
<extensions>
<gpxtpx:TrackPointExtension>
<gpxtpx:speed>4.55</gpxtpx:speed>
</gpxtpx:TrackPointExtension>
<opentracks:accuracy_horizontal>3.571</opentracks:accuracy_horizontal></extensions>
</trkpt>
<trkpt lat="50.427873" lon="-104.562659">
<ele>558</ele>
<time>2026-09-27T07:50:05.059-06:00</time>
<extensions>
<gpxtpx:TrackPointExtension>
<gpxtpx:speed>4.71</gpxtpx:speed>
</gpxtpx:TrackPointExtension>
<opentracks:accuracy_horizontal>3.571</opentracks:accuracy_horizontal></extensions>
</trkpt>
<trkpt lat="50.427755" lon="-104.562671">
<ele>557</ele>
<time>2026-09-27T07:50:08.059-06:00</time>
<extensions>
<gpxtpx:TrackPointExtension>
<gpxtpx:speed>4.37</gpxtpx:speed>
</gpxtpx:TrackPointExtension>
<opentracks:accuracy_horizontal>4.082</opentracks:accuracy_horizontal></extensions>
</trkpt>
<trkpt lat="50.427627" lon="-104.56265">
<ele>557</ele>
<time>2026-09-27T07:50:11.068-06:00</time>
<extensions>
<gpxtpx:TrackPointExtension>
<gpxtpx:speed>4.54</gpxtpx:speed>
</gpxtpx:TrackPointExtension>
<opentracks:accuracy_horizontal>4.592</opentracks:accuracy_horizontal></extensions>
</trkpt>
<trkpt lat="50.427501" lon="-104.562652">
<ele>558</ele>
<time>2026-09-27T07:50:14.055-06:00</time>
<extensions>
<gpxtpx:TrackPointExtension>
<gpxtpx:speed>4.82</gpxtpx:speed>
</gpxtpx:TrackPointExtension>
<opentracks:accuracy_horizontal>4.082</opentracks:accuracy_horizontal></extensions>
</trkpt>
<trkpt lat="50.427364" lon="-104.562643">
<ele>558</ele>
<time>2026-09-27T07:50:17.058-06:00</time>
<extensions>
<gpxtpx:TrackPointExtension>
<gpxtpx:speed>4.93</gpxtpx:speed>
</gpxtpx:TrackPointExtension>
<opentracks:accuracy_horizontal>1.02</opentracks:accuracy_horizontal></extensions>
</trkpt>
<trkpt lat="50.427243" lon="-104.562645">
<ele>558</ele>
<time>2026-09-27T07:50:20.064-06:00</time>
<extensions>
<gpxtpx:TrackPointExtension>
<gpxtpx:speed>4.34</gpxtpx:speed>
</gpxtpx:TrackPointExtension>
<opentracks:accuracy_horizontal>3.571</opentracks:accuracy_horizontal></extensions>
</trkpt>
<trkpt lat="50.427134" lon="-104.562654">
<ele>557</ele>
<time>2026-09-27T07:50:23.063-06:00</time>
<extensions>
<gpxtpx:TrackPointExtension>
<gpxtpx:speed>3.87</gpxtpx:speed>
</gpxtpx:TrackPointExtension>
<opentracks:accuracy_horizontal>4.082</opentracks:accuracy_horizontal></extensions>
</trkpt>
<trkpt lat="50.427024" lon="-104.562647">
<ele>557</ele>
<time>2026-09-27T07:50:26.071-06:00</time>
<extensions>
<gpxtpx:TrackPointExtension>
<gpxtpx:speed>4.27</gpxtpx:speed>
</gpxtpx:TrackPointExtension>
<opentracks:accuracy_horizontal>4.082</opentracks:accuracy_horizontal></extensions>
</trkpt>
<trkpt lat="50.426899" lon="-104.562634">
<ele>557</ele>
<time>2026-09-27T07:50:29.068-06:00</time>
<extensions>
<gpxtpx:TrackPointExtension>
<gpxtpx:speed>4.49</gpxtpx:speed>
</gpxtpx:TrackPointExtension>
<opentracks:accuracy_horizontal>4.082</opentracks:accuracy_horizontal></extensions>
</trkpt>
<trkpt lat="50.426774" lon="-104.562615">
<ele>558</ele>
<time>2026-09-27T07:50:32.062-06:00</time>
<extensions>
<gpxtpx:TrackPointExtension>
<gpxtpx:speed>4.4</gpxtpx:speed>
</gpxtpx:TrackPointExtension>
<opentracks:accuracy_horizontal>3.571</opentracks:accuracy_horizontal></extensions>
</trkpt>
<trkpt lat="50.426655" lon="-104.562624">
<ele>558</ele>
<time>2026-09-27T07:50:35.063-06:00</time>
<extensions>
<gpxtpx:TrackPointExtension>
<gpxtpx:speed>3.98</gpxtpx:speed>
</gpxtpx:TrackPointExtension>
<opentracks:accuracy_horizontal>7.653</opentracks:accuracy_horizontal></extensions>
</trkpt>
<trkpt lat="50.426546" lon="-104.562617">
<ele>558</ele>
<time>2026-09-27T07:50:38.064-06:00</time>
<extensions>
<gpxtpx:TrackPointExtension>
<gpxtpx:speed>4.48</gpxtpx:speed>
</gpxtpx:TrackPointExtension>
<opentracks:accuracy_horizontal>1.02</opentracks:accuracy_horizontal></extensions>
</trkpt>
<trkpt lat="50.426423" lon="-104.562633">
<ele>558</ele>
<time>2026-09-27T07:50:41.063-06:00</time>
<extensions>
<gpxtpx:TrackPointExtension>
<gpxtpx:speed>4.75</gpxtpx:speed>
</gpxtpx:TrackPointExtension>
<opentracks:accuracy_horizontal>4.592</opentracks:accuracy_horizontal></extensions>
</trkpt>
<trkpt lat="50.426302" lon="-104.562653">
<ele>558</ele>
<time>2026-09-27T07:50:44.055-06:00</time>
<extensions>
<gpxtpx:TrackPointExtension>
<gpxtpx:speed>3.94</gpxtpx:speed>
</gpxtpx:TrackPointExtension>
<opentracks:accuracy_horizontal>4.592</opentracks:accuracy_horizontal></extensions>
</trkpt>
<trkpt lat="50.426208" lon="-104.562677">
<ele>558</ele>
<time>2026-09-27T07:50:47.054-06:00</time>
<extensions>
<gpxtpx:TrackPointExtension>
<gpxtpx:speed>2.86</gpxtpx:speed>
</gpxtpx:TrackPointExtension>
<opentracks:accuracy_horizontal>4.082</opentracks:accuracy_horizontal></extensions>
</trkpt>
<trkpt lat="50.426142" lon="-104.562773">
<ele>559</ele>
<time>2026-09-27T07:50:51.062-06:00</time>
<extensions>
<gpxtpx:TrackPointExtension>
<gpxtpx:speed>2.85</gpxtpx:speed>
</gpxtpx:TrackPointExtension>
<opentracks:accuracy_horizontal>5.102</opentracks:accuracy_horizontal></extensions>
</trkpt>
<trkpt lat="50.426135" lon="-104.562944">
<ele>558</ele>
<time>2026-09-27T07:50:54.065-06:00</time>
<extensions>
<gpxtpx:TrackPointExtension>
<gpxtpx:speed>4.11</gpxtpx:speed>
</gpxtpx:TrackPointExtension>
<opentracks:accuracy_horizontal>5.102</opentracks:accuracy_horizontal></extensions>
</trkpt>
<trkpt lat="50.426138" lon="-104.563129">
<ele>557</ele>
<time>2026-09-27T07:50:57.057-06:00</time>
<extensions>
<gpxtpx:TrackPointExtension>
<gpxtpx:speed>4.89</gpxtpx:speed>
</gpxtpx:TrackPointExtension>
<opentracks:accuracy_horizontal>3.571</opentracks:accuracy_horizontal></extensions>
</trkpt>
<trkpt lat="50.426137" lon="-104.563335">
<ele>557</ele>
<time>2026-09-27T07:51:00.055-06:00</time>
<extensions>
<gpxtpx:TrackPointExtension>
<gpxtpx:speed>4.93</gpxtpx:speed>
</gpxtpx:TrackPointExtension>
<opentracks:accuracy_horizontal>1.02</opentracks:accuracy_horizontal></extensions>
</trkpt>
<trkpt lat="50.426138" lon="-104.563487">
<ele>557</ele>
<time>2026-09-27T07:51:02.052-06:00</time>
<extensions>
<gpxtpx:TrackPointExtension>
<gpxtpx:speed>5.12</gpxtpx:speed>
</gpxtpx:TrackPointExtension>
<opentracks:accuracy_horizontal>3.061</opentracks:accuracy_horizontal></extensions>
</trkpt>
<trkpt lat="50.426146" lon="-104.563689">
<ele>557</ele>
<time>2026-09-27T07:51:05.056-06:00</time>
<extensions>
<gpxtpx:TrackPointExtension>
<gpxtpx:speed>4.98</gpxtpx:speed>
</gpxtpx:TrackPointExtension>
<opentracks:accuracy_horizontal>2.551</opentracks:accuracy_horizontal></extensions>
</trkpt>
<trkpt lat="50.42615" lon="-104.563896">
<ele>557</ele>
<time>2026-09-27T07:51:08.039-06:00</time>
<extensions>
<gpxtpx:TrackPointExtension>
<gpxtpx:speed>4.95</gpxtpx:speed>
</gpxtpx:TrackPointExtension>
<opentracks:accuracy_horizontal>3.061</opentracks:accuracy_horizontal></extensions>
</trkpt>
<trkpt lat="50.426149" lon="-104.564045">
<ele>557</ele>
<time>2026-09-27T07:51:10.06-06:00</time>
<extensions>
<gpxtpx:TrackPointExtension>
<gpxtpx:speed>5.28</gpxtpx:speed>
</gpxtpx:TrackPointExtension>
<opentracks:accuracy_horizontal>3.571</opentracks:accuracy_horizontal></extensions>
</trkpt>
<trkpt lat="50.42615" lon="-104.564198">
<ele>557</ele>
<time>2026-09-27T07:51:12.042-06:00</time>
<extensions>
<gpxtpx:TrackPointExtension>
<gpxtpx:speed>5.43</gpxtpx:speed>
</gpxtpx:TrackPointExtension>
<opentracks:accuracy_horizontal>2.551</opentracks:accuracy_horizontal></extensions>
</trkpt>
<trkpt lat="50.426152" lon="-104.564346">
<ele>557</ele>
<time>2026-09-27T07:51:14.04-06:00</time>
<extensions>
<gpxtpx:TrackPointExtension>
<gpxtpx:speed>5.42</gpxtpx:speed>
</gpxtpx:TrackPointExtension>
<opentracks:accuracy_horizontal>3.571</opentracks:accuracy_horizontal></extensions>
</trkpt>
<trkpt lat="50.426154" lon="-104.564498">
<ele>557</ele>
<time>2026-09-27T07:51:16.036-06:00</time>
<extensions>
<gpxtpx:TrackPointExtension>
<gpxtpx:speed>5.47</gpxtpx:speed>
</gpxtpx:TrackPointExtension>
<opentracks:accuracy_horizontal>3.061</opentracks:accuracy_horizontal></extensions>
</trkpt>
<trkpt lat="50.42615" lon="-104.564652">
<ele>557</ele>
<time>2026-09-27T07:51:18.041-06:00</time>
<extensions>
<gpxtpx:TrackPointExtension>
<gpxtpx:speed>5.33</gpxtpx:speed>
</gpxtpx:TrackPointExtension>
<opentracks:accuracy_horizontal>2.551</opentracks:accuracy_horizontal></extensions>
</trkpt>
<trkpt lat="50.426145" lon="-104.5648">
<ele>557</ele>
<time>2026-09-27T07:51:20.057-06:00</time>
<extensions>
<gpxtpx:TrackPointExtension>
<gpxtpx:speed>5.03</gpxtpx:speed>
</gpxtpx:TrackPointExtension>
<opentracks:accuracy_horizontal>3.061</opentracks:accuracy_horizontal></extensions>
</trkpt>
<trkpt lat="50.426141" lon="-104.564949">
<ele>557</ele>
<time>2026-09-27T07:51:22.04-06:00</time>
<extensions>
<gpxtpx:TrackPointExtension>
<gpxtpx:speed>5.32</gpxtpx:speed>
</gpxtpx:TrackPointExtension>
<opentracks:accuracy_horizontal>1.02</opentracks:accuracy_horizontal></extensions>
</trkpt>
<trkpt lat="50.426143" lon="-104.565097">
<ele>557</ele>
<time>2026-09-27T07:51:24.058-06:00</time>
<extensions>
<gpxtpx:TrackPointExtension>
<gpxtpx:speed>5.01</gpxtpx:speed>
</gpxtpx:TrackPointExtension>
<opentracks:accuracy_horizontal>4.082</opentracks:accuracy_horizontal></extensions>
</trkpt>
<trkpt lat="50.426146" lon="-104.565306">
<ele>557</ele>
<time>2026-09-27T07:51:27.038-06:00</time>
<extensions>
<gpxtpx:TrackPointExtension>
<gpxtpx:speed>4.99</gpxtpx:speed>
</gpxtpx:TrackPointExtension>
<opentracks:accuracy_horizontal>1.531</opentracks:accuracy_horizontal></extensions>
</trkpt>
<trkpt lat="50.426146" lon="-104.56551">
<ele>557</ele>
<time>2026-09-27T07:51:30.068-06:00</time>
<extensions>
<gpxtpx:TrackPointExtension>
<gpxtpx:speed>4.91</gpxtpx:speed>
</gpxtpx:TrackPointExtension>
<opentracks:accuracy_horizontal>3.571</opentracks:accuracy_horizontal></extensions>
</trkpt>
<trkpt lat="50.426143" lon="-104.565653">
<ele>557</ele>
<time>2026-09-27T07:51:32.057-06:00</time>
<extensions>
<gpxtpx:TrackPointExtension>
<gpxtpx:speed>5.05</gpxtpx:speed>
</gpxtpx:TrackPointExtension>
<opentracks:accuracy_horizontal>1.531</opentracks:accuracy_horizontal></extensions>
</trkpt>
<trkpt lat="50.426143" lon="-104.565798">
<ele>557</ele>
<time>2026-09-27T07:51:34.064-06:00</time>
<extensions>
<gpxtpx:TrackPointExtension>
<gpxtpx:speed>4.97</gpxtpx:speed>
</gpxtpx:TrackPointExtension>
<opentracks:accuracy_horizontal>1.02</opentracks:accuracy_horizontal></extensions>
</trkpt>
<trkpt lat="50.426139" lon="-104.565945">
<ele>558</ele>
<time>2026-09-27T07:51:36.069-06:00</time>
<extensions>
<gpxtpx:TrackPointExtension>
<gpxtpx:speed>5.17</gpxtpx:speed>
</gpxtpx:TrackPointExtension>
<opentracks:accuracy_horizontal>2.041</opentracks:accuracy_horizontal></extensions>
</trkpt>
<trkpt lat="50.42614" lon="-104.566088">
<ele>558</ele>
<time>2026-09-27T07:51:38.047-06:00</time>
<extensions>
<gpxtpx:TrackPointExtension>
<gpxtpx:speed>4.95</gpxtpx:speed>
</gpxtpx:TrackPointExtension>
<opentracks:accuracy_horizontal>2.551</opentracks:accuracy_horizontal></extensions>
</trkpt>
<trkpt lat="50.426141" lon="-104.566297">
<ele>558</ele>
<time>2026-09-27T07:51:41.056-06:00</time>
<extensions>
<gpxtpx:TrackPointExtension>
<gpxtpx:speed>4.88</gpxtpx:speed>
</gpxtpx:TrackPointExtension>
<opentracks:accuracy_horizontal>2.041</opentracks:accuracy_horizontal></extensions>
</trkpt>
<trkpt lat="50.426137" lon="-104.566504">
<ele>558</ele>
<time>2026-09-27T07:51:44.054-06:00</time>
<extensions>
<gpxtpx:TrackPointExtension>
<gpxtpx:speed>4.84</gpxtpx:speed>
</gpxtpx:TrackPointExtension>
<opentracks:accuracy_horizontal>2.041</opentracks:accuracy_horizontal></extensions>
</trkpt>
<trkpt lat="50.426147" lon="-104.566712">
<ele>557</ele>
<time>2026-09-27T07:51:47.04-06:00</time>
<extensions>
<gpxtpx:TrackPointExtension>
<gpxtpx:speed>4.9</gpxtpx:speed>
</gpxtpx:TrackPointExtension>
<opentracks:accuracy_horizontal>2.041</opentracks:accuracy_horizontal></extensions>
</trkpt>
<trkpt lat="50.426146" lon="-104.566854">
<ele>556</ele>
<time>2026-09-27T07:51:49.045-06:00</time>
<extensions>
<gpxtpx:TrackPointExtension>
<gpxtpx:speed>5.14</gpxtpx:speed>
</gpxtpx:TrackPointExtension>
<opentracks:accuracy_horizontal>1.02</opentracks:accuracy_horizontal></extensions>
</trkpt>
<trkpt lat="50.426141" lon="-104.567068">
<ele>558</ele>
<time>2026-09-27T07:51:52.062-06:00</time>
<extensions>
<gpxtpx:TrackPointExtension>
<gpxtpx:speed>5.25</gpxtpx:speed>
</gpxtpx:TrackPointExtension>
<opentracks:accuracy_horizontal>4.082</opentracks:accuracy_horizontal></extensions>
</trkpt>
<trkpt lat="50.426142" lon="-104.567218">
<ele>557</ele>
<time>2026-09-27T07:51:54.052-06:00</time>
<extensions>
<gpxtpx:TrackPointExtension>
<gpxtpx:speed>5.37</gpxtpx:speed>
</gpxtpx:TrackPointExtension>
<opentracks:accuracy_horizontal>2.551</opentracks:accuracy_horizontal></extensions>
</trkpt>
<trkpt lat="50.426141" lon="-104.567368">
<ele>557</ele>
<time>2026-09-27T07:51:56.066-06:00</time>
<extensions>
<gpxtpx:TrackPointExtension>
<gpxtpx:speed>4.9</gpxtpx:speed>
</gpxtpx:TrackPointExtension>
<opentracks:accuracy_horizontal>2.551</opentracks:accuracy_horizontal></extensions>
</trkpt>
<trkpt lat="50.426142" lon="-104.567516">
<ele>557</ele>
<time>2026-09-27T07:51:58.046-06:00</time>
<extensions>
<gpxtpx:TrackPointExtension>
<gpxtpx:speed>5.3</gpxtpx:speed>
</gpxtpx:TrackPointExtension>
<opentracks:accuracy_horizontal>4.592</opentracks:accuracy_horizontal></extensions>
</trkpt>
<trkpt lat="50.426144" lon="-104.567659">
<ele>557</ele>
<time>2026-09-27T07:52:00.061-06:00</time>
<extensions>
<gpxtpx:TrackPointExtension>
<gpxtpx:speed>4.68</gpxtpx:speed>
</gpxtpx:TrackPointExtension>
<opentracks:accuracy_horizontal>8.673</opentracks:accuracy_horizontal></extensions>
</trkpt>
<trkpt lat="50.426149" lon="-104.567827">
<ele>556</ele>
<time>2026-09-27T07:52:03.044-06:00</time>
<extensions>
<gpxtpx:TrackPointExtension>
<gpxtpx:speed>3.7</gpxtpx:speed>
</gpxtpx:TrackPointExtension>
<opentracks:accuracy_horizontal>2.041</opentracks:accuracy_horizontal></extensions>
</trkpt>
<trkpt lat="50.426162" lon="-104.567984">
<ele>557</ele>
<time>2026-09-27T07:52:06.077-06:00</time>
<extensions>
<gpxtpx:TrackPointExtension>
<gpxtpx:speed>3.03</gpxtpx:speed>
</gpxtpx:TrackPointExtension>
<opentracks:accuracy_horizontal>1.02</opentracks:accuracy_horizontal></extensions>
</trkpt>
<trkpt lat="50.426159" lon="-104.568129">
<ele>557</ele>
<time>2026-09-27T07:52:09.044-06:00</time>
<extensions>
<gpxtpx:TrackPointExtension>
<gpxtpx:speed>3.36</gpxtpx:speed>
</gpxtpx:TrackPointExtension>
<opentracks:accuracy_horizontal>3.571</opentracks:accuracy_horizontal></extensions>
</trkpt>
<trkpt lat="50.426135" lon="-104.568308">
<ele>557</ele>
<time>2026-09-27T07:52:12.072-06:00</time>
<extensions>
<gpxtpx:TrackPointExtension>
<gpxtpx:speed>4.27</gpxtpx:speed>
</gpxtpx:TrackPointExtension>
<opentracks:accuracy_horizontal>3.571</opentracks:accuracy_horizontal></extensions>
</trkpt>
<trkpt lat="50.426121" lon="-104.568475">
<ele>558</ele>
<time>2026-09-27T07:52:15.061-06:00</time>
<extensions>
<gpxtpx:TrackPointExtension>
<gpxtpx:speed>3.89</gpxtpx:speed>
</gpxtpx:TrackPointExtension>
<opentracks:accuracy_horizontal>1.02</opentracks:accuracy_horizontal></extensions>
</trkpt>
<trkpt lat="50.426125" lon="-104.568668">
<ele>559</ele>
<time>2026-09-27T07:52:18.039-06:00</time>
<extensions>
<gpxtpx:TrackPointExtension>
<gpxtpx:speed>4.88</gpxtpx:speed>
</gpxtpx:TrackPointExtension>
<opentracks:accuracy_horizontal>2.551</opentracks:accuracy_horizontal></extensions>
</trkpt>
<trkpt lat="50.426128" lon="-104.568874">
<ele>559</ele>
<time>2026-09-27T07:52:21.039-06:00</time>
<extensions>
<gpxtpx:TrackPointExtension>
<gpxtpx:speed>4.83</gpxtpx:speed>
</gpxtpx:TrackPointExtension>
<opentracks:accuracy_horizontal>3.571</opentracks:accuracy_horizontal></extensions>
</trkpt>
<trkpt lat="50.426121" lon="-104.569016">
<ele>559</ele>
<time>2026-09-27T07:52:23.06-06:00</time>
<extensions>
<gpxtpx:TrackPointExtension>
<gpxtpx:speed>4.91</gpxtpx:speed>
</gpxtpx:TrackPointExtension>
<opentracks:accuracy_horizontal>1.531</opentracks:accuracy_horizontal></extensions>
</trkpt>
<trkpt lat="50.426123" lon="-104.569165">
<ele>560</ele>
<time>2026-09-27T07:52:25.05-06:00</time>
<extensions>
<gpxtpx:TrackPointExtension>
<gpxtpx:speed>5.41</gpxtpx:speed>
</gpxtpx:TrackPointExtension>
<opentracks:accuracy_horizontal>2.551</opentracks:accuracy_horizontal></extensions>
</trkpt>
<trkpt lat="50.426129" lon="-104.569342">
<ele>559</ele>
<time>2026-09-27T07:52:28.062-06:00</time>
<extensions>
<gpxtpx:TrackPointExtension>
<gpxtpx:speed>4.04</gpxtpx:speed>
</gpxtpx:TrackPointExtension>
<opentracks:accuracy_horizontal>7.143</opentracks:accuracy_horizontal></extensions>
</trkpt>
<trkpt lat="50.426128" lon="-104.569502">
<ele>559</ele>
<time>2026-09-27T07:52:31.053-06:00</time>
<extensions>
<gpxtpx:TrackPointExtension>
<gpxtpx:speed>3.96</gpxtpx:speed>
</gpxtpx:TrackPointExtension>
<opentracks:accuracy_horizontal>1.02</opentracks:accuracy_horizontal></extensions>
</trkpt>
<trkpt lat="50.42613" lon="-104.569682">
<ele>559</ele>
<time>2026-09-27T07:52:34.057-06:00</time>
<extensions>
<gpxtpx:TrackPointExtension>
<gpxtpx:speed>4.73</gpxtpx:speed>
</gpxtpx:TrackPointExtension>
<opentracks:accuracy_horizontal>3.571</opentracks:accuracy_horizontal></extensions>
</trkpt>
<trkpt lat="50.426131" lon="-104.569873">
<ele>558</ele>
<time>2026-09-27T07:52:37.057-06:00</time>
<extensions>
<gpxtpx:TrackPointExtension>
<gpxtpx:speed>3.94</gpxtpx:speed>
</gpxtpx:TrackPointExtension>
<opentracks:accuracy_horizontal>3.061</opentracks:accuracy_horizontal></extensions>
</trkpt>
<trkpt lat="50.426127" lon="-104.570035">
<ele>558</ele>
<time>2026-09-27T07:52:40.075-06:00</time>
<extensions>
<gpxtpx:TrackPointExtension>
<gpxtpx:speed>3.9</gpxtpx:speed>
</gpxtpx:TrackPointExtension>
<opentracks:accuracy_horizontal>3.571</opentracks:accuracy_horizontal></extensions>
</trkpt>
<trkpt lat="50.426126" lon="-104.57019">
<ele>558</ele>
<time>2026-09-27T07:52:43.06-06:00</time>
<extensions>
<gpxtpx:TrackPointExtension>
<gpxtpx:speed>4.14</gpxtpx:speed>
</gpxtpx:TrackPointExtension>
<opentracks:accuracy_horizontal>4.082</opentracks:accuracy_horizontal></extensions>
</trkpt>
<trkpt lat="50.426129" lon="-104.570381">
<ele>559</ele>
<time>2026-09-27T07:52:46.073-06:00</time>
<extensions>
<gpxtpx:TrackPointExtension>
<gpxtpx:speed>4.98</gpxtpx:speed>
</gpxtpx:TrackPointExtension>
<opentracks:accuracy_horizontal>3.061</opentracks:accuracy_horizontal></extensions>
</trkpt>
<trkpt lat="50.42613" lon="-104.570522">
<ele>559</ele>
<time>2026-09-27T07:52:48.062-06:00</time>
<extensions>
<gpxtpx:TrackPointExtension>
<gpxtpx:speed>4.64</gpxtpx:speed>
</gpxtpx:TrackPointExtension>
<opentracks:accuracy_horizontal>3.061</opentracks:accuracy_horizontal></extensions>
</trkpt>
<trkpt lat="50.42613" lon="-104.570693">
<ele>559</ele>
<time>2026-09-27T07:52:51.061-06:00</time>
<extensions>
<gpxtpx:TrackPointExtension>
<gpxtpx:speed>3.69</gpxtpx:speed>
</gpxtpx:TrackPointExtension>
<opentracks:accuracy_horizontal>2.041</opentracks:accuracy_horizontal></extensions>
</trkpt>
<trkpt lat="50.426133" lon="-104.570845">
<ele>559</ele>
<time>2026-09-27T07:52:54.064-06:00</time>
<extensions>
<gpxtpx:TrackPointExtension>
<gpxtpx:speed>3.88</gpxtpx:speed>
</gpxtpx:TrackPointExtension>
<opentracks:accuracy_horizontal>3.061</opentracks:accuracy_horizontal></extensions>
</trkpt>
<trkpt lat="50.426132" lon="-104.571008">
<ele>559</ele>
<time>2026-09-27T07:52:57.062-06:00</time>
<extensions>
<gpxtpx:TrackPointExtension>
<gpxtpx:speed>4.23</gpxtpx:speed>
</gpxtpx:TrackPointExtension>
<opentracks:accuracy_horizontal>3.061</opentracks:accuracy_horizontal></extensions>
</trkpt>
<trkpt lat="50.426135" lon="-104.571193">
<ele>559</ele>
<time>2026-09-27T07:53:00.042-06:00</time>
<extensions>
<gpxtpx:TrackPointExtension>
<gpxtpx:speed>4.28</gpxtpx:speed>
</gpxtpx:TrackPointExtension>
<opentracks:accuracy_horizontal>2.041</opentracks:accuracy_horizontal></extensions>
</trkpt>
<trkpt lat="50.426134" lon="-104.57138">
<ele>559</ele>
<time>2026-09-27T07:53:03.06-06:00</time>
<extensions>
<gpxtpx:TrackPointExtension>
<gpxtpx:speed>4.36</gpxtpx:speed>
</gpxtpx:TrackPointExtension>
<opentracks:accuracy_horizontal>4.082</opentracks:accuracy_horizontal></extensions>
</trkpt>
<trkpt lat="50.426134" lon="-104.57156">
<ele>559</ele>
<time>2026-09-27T07:53:06.058-06:00</time>
<extensions>
<gpxtpx:TrackPointExtension>
<gpxtpx:speed>4.14</gpxtpx:speed>
</gpxtpx:TrackPointExtension>
<opentracks:accuracy_horizontal>3.571</opentracks:accuracy_horizontal></extensions>
</trkpt>
<trkpt lat="50.426132" lon="-104.571731">
<ele>559</ele>
<time>2026-09-27T07:53:09.062-06:00</time>
<extensions>
<gpxtpx:TrackPointExtension>
<gpxtpx:speed>4.36</gpxtpx:speed>
</gpxtpx:TrackPointExtension>
<opentracks:accuracy_horizontal>2.041</opentracks:accuracy_horizontal></extensions>
</trkpt>
<trkpt lat="50.42614" lon="-104.571906">
<ele>559</ele>
<time>2026-09-27T07:53:12.063-06:00</time>
<extensions>
<gpxtpx:TrackPointExtension>
<gpxtpx:speed>4.29</gpxtpx:speed>
</gpxtpx:TrackPointExtension>
<opentracks:accuracy_horizontal>1.02</opentracks:accuracy_horizontal></extensions>
</trkpt>
<trkpt lat="50.426136" lon="-104.57208">
<ele>559</ele>
<time>2026-09-27T07:53:15.05-06:00</time>
<extensions>
<gpxtpx:TrackPointExtension>
<gpxtpx:speed>3.86</gpxtpx:speed>
</gpxtpx:TrackPointExtension>
<opentracks:accuracy_horizontal>1.02</opentracks:accuracy_horizontal></extensions>
</trkpt>
<trkpt lat="50.42614" lon="-104.572244">
<ele>559</ele>
<time>2026-09-27T07:53:18.06-06:00</time>
<extensions>
<gpxtpx:TrackPointExtension>
<gpxtpx:speed>4.53</gpxtpx:speed>
</gpxtpx:TrackPointExtension>
<opentracks:accuracy_horizontal>1.02</opentracks:accuracy_horizontal></extensions>
</trkpt>
<trkpt lat="50.426157" lon="-104.57242">
<ele>560</ele>
<time>2026-09-27T07:53:21.068-06:00</time>
<extensions>
<gpxtpx:TrackPointExtension>
<gpxtpx:speed>3.9</gpxtpx:speed>
</gpxtpx:TrackPointExtension>
<opentracks:accuracy_horizontal>4.592</opentracks:accuracy_horizontal></extensions>
</trkpt>
<trkpt lat="50.426168" lon="-104.572598">
<ele>560</ele>
<time>2026-09-27T07:53:24.071-06:00</time>
<extensions>
<gpxtpx:TrackPointExtension>
<gpxtpx:speed>4.42</gpxtpx:speed>
</gpxtpx:TrackPointExtension>
<opentracks:accuracy_horizontal>3.571</opentracks:accuracy_horizontal></extensions>
</trkpt>
<trkpt lat="50.426177" lon="-104.572784">
<ele>560</ele>
<time>2026-09-27T07:53:27.064-06:00</time>
<extensions>
<gpxtpx:TrackPointExtension>
<gpxtpx:speed>4.17</gpxtpx:speed>
</gpxtpx:TrackPointExtension>
<opentracks:accuracy_horizontal>2.551</opentracks:accuracy_horizontal></extensions>
</trkpt>
<trkpt lat="50.426188" lon="-104.572972">
<ele>561</ele>
<time>2026-09-27T07:53:30.059-06:00</time>
<extensions>
<gpxtpx:TrackPointExtension>
<gpxtpx:speed>4.75</gpxtpx:speed>
</gpxtpx:TrackPointExtension>
<opentracks:accuracy_horizontal>1.02</opentracks:accuracy_horizontal></extensions>
</trkpt>
<trkpt lat="50.426201" lon="-104.57316">
<ele>561</ele>
<time>2026-09-27T07:53:33.059-06:00</time>
<extensions>
<gpxtpx:TrackPointExtension>
<gpxtpx:speed>5.15</gpxtpx:speed>
</gpxtpx:TrackPointExtension>
<opentracks:accuracy_horizontal>1.02</opentracks:accuracy_horizontal></extensions>
</trkpt>
<trkpt lat="50.426219" lon="-104.573359">
<ele>561</ele>
<time>2026-09-27T07:53:36.052-06:00</time>
<extensions>
<gpxtpx:TrackPointExtension>
<gpxtpx:speed>4.44</gpxtpx:speed>
</gpxtpx:TrackPointExtension>
<opentracks:accuracy_horizontal>1.02</opentracks:accuracy_horizontal></extensions>
</trkpt>
<trkpt lat="50.426241" lon="-104.573542">
<ele>562</ele>
<time>2026-09-27T07:53:39.065-06:00</time>
<extensions>
<gpxtpx:TrackPointExtension>
<gpxtpx:speed>4.18</gpxtpx:speed>
</gpxtpx:TrackPointExtension>
<opentracks:accuracy_horizontal>4.082</opentracks:accuracy_horizontal></extensions>
</trkpt>
<trkpt lat="50.426245" lon="-104.573697">
<ele>562</ele>
<time>2026-09-27T07:53:42.041-06:00</time>
<extensions>
<gpxtpx:TrackPointExtension>
<gpxtpx:speed>3.15</gpxtpx:speed>
</gpxtpx:TrackPointExtension>
<opentracks:accuracy_horizontal>1.02</opentracks:accuracy_horizontal></extensions>
</trkpt>
<trkpt lat="50.426256" lon="-104.573878">
<ele>562</ele>
<time>2026-09-27T07:53:46.062-06:00</time>
<extensions>
<gpxtpx:TrackPointExtension>
<gpxtpx:speed>3.15</gpxtpx:speed>
</gpxtpx:TrackPointExtension>
<opentracks:accuracy_horizontal>5.102</opentracks:accuracy_horizontal></extensions>
</trkpt>
<trkpt lat="50.426266" lon="-104.574027">
<ele>562</ele>
<time>2026-09-27T07:53:50.056-06:00</time>
<extensions>
<gpxtpx:TrackPointExtension>
<gpxtpx:speed>2.7</gpxtpx:speed>
</gpxtpx:TrackPointExtension>
<opentracks:accuracy_horizontal>5.612</opentracks:accuracy_horizontal></extensions>
</trkpt>
<trkpt lat="50.426283" lon="-104.57419">
<ele>562</ele>
<time>2026-09-27T07:53:54.064-06:00</time>
<extensions>
<gpxtpx:TrackPointExtension>
<gpxtpx:speed>2.93</gpxtpx:speed>
</gpxtpx:TrackPointExtension>
<opentracks:accuracy_horizontal>1.02</opentracks:accuracy_horizontal></extensions>
</trkpt>
<trkpt lat="50.426302" lon="-104.574355">
<ele>563</ele>
<time>2026-09-27T07:53:58.077-06:00</time>
<extensions>
<gpxtpx:TrackPointExtension>
<gpxtpx:speed>3.02</gpxtpx:speed>
</gpxtpx:TrackPointExtension>
<opentracks:accuracy_horizontal>3.571</opentracks:accuracy_horizontal></extensions>
</trkpt>
<trkpt lat="50.426311" lon="-104.574501">
<ele>562</ele>
<time>2026-09-27T07:54:01.065-06:00</time>
<extensions>
<gpxtpx:TrackPointExtension>
<gpxtpx:speed>3.44</gpxtpx:speed>
</gpxtpx:TrackPointExtension>
<opentracks:accuracy_horizontal>3.571</opentracks:accuracy_horizontal></extensions>
</trkpt>
<trkpt lat="50.426287" lon="-104.574676">
<ele>562</ele>
<time>2026-09-27T07:54:05.062-06:00</time>
<extensions>
<gpxtpx:TrackPointExtension>
<gpxtpx:speed>2.81</gpxtpx:speed>
</gpxtpx:TrackPointExtension>
<opentracks:accuracy_horizontal>4.082</opentracks:accuracy_horizontal></extensions>
</trkpt>
<trkpt lat="50.426238" lon="-104.574812">
<ele>562</ele>
<time>2026-09-27T07:54:09.067-06:00</time>
<extensions>
<gpxtpx:TrackPointExtension>
<gpxtpx:speed>3.13</gpxtpx:speed>
</gpxtpx:TrackPointExtension>
<opentracks:accuracy_horizontal>4.082</opentracks:accuracy_horizontal></extensions>
</trkpt>
<trkpt lat="50.426185" lon="-104.574941">
<ele>561</ele>
<time>2026-09-27T07:54:12.052-06:00</time>
<extensions>
<gpxtpx:TrackPointExtension>
<gpxtpx:speed>4.04</gpxtpx:speed>
</gpxtpx:TrackPointExtension>
<opentracks:accuracy_horizontal>4.082</opentracks:accuracy_horizontal></extensions>
</trkpt>
<trkpt lat="50.426111" lon="-104.57507">
<ele>562</ele>
<time>2026-09-27T07:54:15.056-06:00</time>
<extensions>
<gpxtpx:TrackPointExtension>
<gpxtpx:speed>4.25</gpxtpx:speed>
</gpxtpx:TrackPointExtension>
<opentracks:accuracy_horizontal>0.51</opentracks:accuracy_horizontal></extensions>
</trkpt>
<trkpt lat="50.426033" lon="-104.575217">
<ele>562</ele>
<time>2026-09-27T07:54:18.074-06:00</time>
<extensions>
<gpxtpx:TrackPointExtension>
<gpxtpx:speed>4.7</gpxtpx:speed>
</gpxtpx:TrackPointExtension>
<opentracks:accuracy_horizontal>3.061</opentracks:accuracy_horizontal></extensions>
</trkpt>
<trkpt lat="50.425961" lon="-104.575379">
<ele>562</ele>
<time>2026-09-27T07:54:21.056-06:00</time>
<extensions>
<gpxtpx:TrackPointExtension>
<gpxtpx:speed>4.34</gpxtpx:speed>
</gpxtpx:TrackPointExtension>
<opentracks:accuracy_horizontal>4.082</opentracks:accuracy_horizontal></extensions>
</trkpt>
<trkpt lat="50.425905" lon="-104.575491">
<ele>562</ele>
<time>2026-09-27T07:54:25.066-06:00</time>
<extensions>
<gpxtpx:TrackPointExtension>
<gpxtpx:speed>1.81</gpxtpx:speed>
</gpxtpx:TrackPointExtension>
<opentracks:accuracy_horizontal>5.612</opentracks:accuracy_horizontal></extensions>
</trkpt>
<trkpt lat="50.425815" lon="-104.575614">
<ele>561</ele>
<time>2026-09-27T07:54:30.059-06:00</time>
<extensions>
<gpxtpx:TrackPointExtension>
<gpxtpx:speed>3.83</gpxtpx:speed>
</gpxtpx:TrackPointExtension>
<opentracks:accuracy_horizontal>6.122</opentracks:accuracy_horizontal></extensions>
</trkpt>
<trkpt lat="50.425729" lon="-104.575704">
<ele>560</ele>
<time>2026-09-27T07:54:33.072-06:00</time>
<extensions>
<gpxtpx:TrackPointExtension>
<gpxtpx:speed>4.31</gpxtpx:speed>
</gpxtpx:TrackPointExtension>
<opentracks:accuracy_horizontal>7.143</opentracks:accuracy_horizontal></extensions>
</trkpt>
<trkpt lat="50.425625" lon="-104.575783">
<ele>560</ele>
<time>2026-09-27T07:54:36.056-06:00</time>
<extensions>
<gpxtpx:TrackPointExtension>
<gpxtpx:speed>4.76</gpxtpx:speed>
</gpxtpx:TrackPointExtension>
<opentracks:accuracy_horizontal>4.082</opentracks:accuracy_horizontal></extensions>
</trkpt>
<trkpt lat="50.425524" lon="-104.575837">
<ele>559</ele>
<time>2026-09-27T07:54:39.081-06:00</time>
<extensions>
<gpxtpx:TrackPointExtension>
<gpxtpx:speed>3.93</gpxtpx:speed>
</gpxtpx:TrackPointExtension>
<opentracks:accuracy_horizontal>3.571</opentracks:accuracy_horizontal></extensions>
</trkpt>
<trkpt lat="50.425425" lon="-104.575859">
<ele>559</ele>
<time>2026-09-27T07:54:42.067-06:00</time>
<extensions>
<gpxtpx:TrackPointExtension>
<gpxtpx:speed>3.61</gpxtpx:speed>
</gpxtpx:TrackPointExtension>
<opentracks:accuracy_horizontal>1.531</opentracks:accuracy_horizontal></extensions>
</trkpt>
<trkpt lat="50.425325" lon="-104.575836">
<ele>558</ele>
<time>2026-09-27T07:54:45.049-06:00</time>
<extensions>
<gpxtpx:TrackPointExtension>
<gpxtpx:speed>3.67</gpxtpx:speed>
</gpxtpx:TrackPointExtension>
<opentracks:accuracy_horizontal>3.571</opentracks:accuracy_horizontal></extensions>
</trkpt>
<trkpt lat="50.425236" lon="-104.575769">
<ele>557</ele>
<time>2026-09-27T07:54:48.062-06:00</time>
<extensions>
<gpxtpx:TrackPointExtension>
<gpxtpx:speed>3.85</gpxtpx:speed>
</gpxtpx:TrackPointExtension>
<opentracks:accuracy_horizontal>2.551</opentracks:accuracy_horizontal></extensions>
</trkpt>
<trkpt lat="50.425144" lon="-104.575702">
<ele>557</ele>
<time>2026-09-27T07:54:51.058-06:00</time>
<extensions>
<gpxtpx:TrackPointExtension>
<gpxtpx:speed>3.88</gpxtpx:speed>
</gpxtpx:TrackPointExtension>
<opentracks:accuracy_horizontal>2.041</opentracks:accuracy_horizontal></extensions>
</trkpt>
<trkpt lat="50.425043" lon="-104.575634">
<ele>557</ele>
<time>2026-09-27T07:54:54.062-06:00</time>
<extensions>
<gpxtpx:TrackPointExtension>
<gpxtpx:speed>3.93</gpxtpx:speed>
</gpxtpx:TrackPointExtension>
<opentracks:accuracy_horizontal>4.592</opentracks:accuracy_horizontal></extensions>
</trkpt>
<trkpt lat="50.424926" lon="-104.575593">
<ele>557</ele>
<time>2026-09-27T07:54:57.066-06:00</time>
<extensions>
<gpxtpx:TrackPointExtension>
<gpxtpx:speed>4.53</gpxtpx:speed>
</gpxtpx:TrackPointExtension>
<opentracks:accuracy_horizontal>5.102</opentracks:accuracy_horizontal></extensions>
</trkpt>
<trkpt lat="50.424801" lon="-104.575591">
<ele>558</ele>
<time>2026-09-27T07:55:00.053-06:00</time>
<extensions>
<gpxtpx:TrackPointExtension>
<gpxtpx:speed>4.62</gpxtpx:speed>
</gpxtpx:TrackPointExtension>
<opentracks:accuracy_horizontal>1.531</opentracks:accuracy_horizontal></extensions>
</trkpt>
<trkpt lat="50.424678" lon="-104.575619">
<ele>558</ele>
<time>2026-09-27T07:55:03.07-06:00</time>
<extensions>
<gpxtpx:TrackPointExtension>
<gpxtpx:speed>4.86</gpxtpx:speed>
</gpxtpx:TrackPointExtension>
<opentracks:accuracy_horizontal>1.02</opentracks:accuracy_horizontal></extensions>
</trkpt>
<trkpt lat="50.424554" lon="-104.575696">
<ele>558</ele>
<time>2026-09-27T07:55:06.072-06:00</time>
<extensions>
<gpxtpx:TrackPointExtension>
<gpxtpx:speed>5.18</gpxtpx:speed>
</gpxtpx:TrackPointExtension>
<opentracks:accuracy_horizontal>1.02</opentracks:accuracy_horizontal></extensions>
</trkpt>
<trkpt lat="50.424461" lon="-104.57577">
<ele>558</ele>
<time>2026-09-27T07:55:08.059-06:00</time>
<extensions>
<gpxtpx:TrackPointExtension>
<gpxtpx:speed>5.45</gpxtpx:speed>
</gpxtpx:TrackPointExtension>
<opentracks:accuracy_horizontal>1.02</opentracks:accuracy_horizontal></extensions>
</trkpt>
<trkpt lat="50.42437" lon="-104.575842">
<ele>557</ele>
<time>2026-09-27T07:55:10.062-06:00</time>
<extensions>
<gpxtpx:TrackPointExtension>
<gpxtpx:speed>6.08</gpxtpx:speed>
</gpxtpx:TrackPointExtension>
<opentracks:accuracy_horizontal>1.02</opentracks:accuracy_horizontal></extensions>
</trkpt>
<trkpt lat="50.424276" lon="-104.57592">
<ele>558</ele>
<time>2026-09-27T07:55:12.063-06:00</time>
<extensions>
<gpxtpx:TrackPointExtension>
<gpxtpx:speed>5.86</gpxtpx:speed>
</gpxtpx:TrackPointExtension>
<opentracks:accuracy_horizontal>1.02</opentracks:accuracy_horizontal></extensions>
</trkpt>
<trkpt lat="50.424194" lon="-104.575981">
<ele>558</ele>
<time>2026-09-27T07:55:14.054-06:00</time>
<extensions>
<gpxtpx:TrackPointExtension>
<gpxtpx:speed>4.81</gpxtpx:speed>
</gpxtpx:TrackPointExtension>
<opentracks:accuracy_horizontal>5.102</opentracks:accuracy_horizontal></extensions>
</trkpt>
<trkpt lat="50.424074" lon="-104.575928">
<ele>556</ele>
<time>2026-09-27T07:55:17.046-06:00</time>
<extensions>
<gpxtpx:TrackPointExtension>
<gpxtpx:speed>5.73</gpxtpx:speed>
</gpxtpx:TrackPointExtension>
<opentracks:accuracy_horizontal>1.02</opentracks:accuracy_horizontal></extensions>
</trkpt>
<trkpt lat="50.423989" lon="-104.575851">
<ele>555</ele>
<time>2026-09-27T07:55:19.072-06:00</time>
<extensions>
<gpxtpx:TrackPointExtension>
<gpxtpx:speed>5.98</gpxtpx:speed>
</gpxtpx:TrackPointExtension>
<opentracks:accuracy_horizontal>3.571</opentracks:accuracy_horizontal></extensions>
</trkpt>
<trkpt lat="50.423884" lon="-104.575776">
<ele>554</ele>
<time>2026-09-27T07:55:21.088-06:00</time>
<extensions>
<gpxtpx:TrackPointExtension>
<gpxtpx:speed>6.6</gpxtpx:speed>
</gpxtpx:TrackPointExtension>
<opentracks:accuracy_horizontal>3.571</opentracks:accuracy_horizontal></extensions>
</trkpt>
<trkpt lat="50.423779" lon="-104.575751">
<ele>555</ele>
<time>2026-09-27T07:55:23.068-06:00</time>
<extensions>
<gpxtpx:TrackPointExtension>
<gpxtpx:speed>5.71</gpxtpx:speed>
</gpxtpx:TrackPointExtension>
<opentracks:accuracy_horizontal>3.061</opentracks:accuracy_horizontal></extensions>
</trkpt>
<trkpt lat="50.423675" lon="-104.575773">
<ele>556</ele>
<time>2026-09-27T07:55:25.061-06:00</time>
<extensions>
<gpxtpx:TrackPointExtension>
<gpxtpx:speed>5.64</gpxtpx:speed>
</gpxtpx:TrackPointExtension>
<opentracks:accuracy_horizontal>3.571</opentracks:accuracy_horizontal></extensions>
</trkpt>
<trkpt lat="50.423585" lon="-104.575821">
<ele>556</ele>
<time>2026-09-27T07:55:27.062-06:00</time>
<extensions>
<gpxtpx:TrackPointExtension>
<gpxtpx:speed>5.76</gpxtpx:speed>
</gpxtpx:TrackPointExtension>
<opentracks:accuracy_horizontal>4.082</opentracks:accuracy_horizontal></extensions>
</trkpt>
<trkpt lat="50.42349" lon="-104.575892">
<ele>556</ele>
<time>2026-09-27T07:55:29.072-06:00</time>
<extensions>
<gpxtpx:TrackPointExtension>
<gpxtpx:speed>5.82</gpxtpx:speed>
</gpxtpx:TrackPointExtension>
<opentracks:accuracy_horizontal>1.02</opentracks:accuracy_horizontal></extensions>
</trkpt>
<trkpt lat="50.423395" lon="-104.57596">
<ele>555</ele>
<time>2026-09-27T07:55:31.06-06:00</time>
<extensions>
<gpxtpx:TrackPointExtension>
<gpxtpx:speed>5.81</gpxtpx:speed>
</gpxtpx:TrackPointExtension>
<opentracks:accuracy_horizontal>1.02</opentracks:accuracy_horizontal></extensions>
</trkpt>
<trkpt lat="50.423298" lon="-104.576025">
<ele>555</ele>
<time>2026-09-27T07:55:33.059-06:00</time>
<extensions>
<gpxtpx:TrackPointExtension>
<gpxtpx:speed>5.77</gpxtpx:speed>
</gpxtpx:TrackPointExtension>
<opentracks:accuracy_horizontal>1.02</opentracks:accuracy_horizontal></extensions>
</trkpt>
<trkpt lat="50.4232" lon="-104.576089">
<ele>555</ele>
<time>2026-09-27T07:55:35.07-06:00</time>
<extensions>
<gpxtpx:TrackPointExtension>
<gpxtpx:speed>6.04</gpxtpx:speed>
</gpxtpx:TrackPointExtension>
<opentracks:accuracy_horizontal>1.02</opentracks:accuracy_horizontal></extensions>
</trkpt>
<trkpt lat="50.423096" lon="-104.576157">
<ele>554</ele>
<time>2026-09-27T07:55:37.067-06:00</time>
<extensions>
<gpxtpx:TrackPointExtension>
<gpxtpx:speed>6.12</gpxtpx:speed>
</gpxtpx:TrackPointExtension>
<opentracks:accuracy_horizontal>1.02</opentracks:accuracy_horizontal></extensions>
</trkpt>
<trkpt lat="50.422991" lon="-104.576227">
<ele>555</ele>
<time>2026-09-27T07:55:39.068-06:00</time>
<extensions>
<gpxtpx:TrackPointExtension>
<gpxtpx:speed>6.31</gpxtpx:speed>
</gpxtpx:TrackPointExtension>
<opentracks:accuracy_horizontal>1.02</opentracks:accuracy_horizontal></extensions>
</trkpt>
<trkpt lat="50.422884" lon="-104.576297">
<ele>554</ele>
<time>2026-09-27T07:55:41.068-06:00</time>
<extensions>
<gpxtpx:TrackPointExtension>
<gpxtpx:speed>6.57</gpxtpx:speed>
</gpxtpx:TrackPointExtension>
<opentracks:accuracy_horizontal>1.02</opentracks:accuracy_horizontal></extensions>
</trkpt>
<trkpt lat="50.422776" lon="-104.576365">
<ele>554</ele>
<time>2026-09-27T07:55:43.066-06:00</time>
<extensions>
<gpxtpx:TrackPointExtension>
<gpxtpx:speed>6.41</gpxtpx:speed>
</gpxtpx:TrackPointExtension>
<opentracks:accuracy_horizontal>1.02</opentracks:accuracy_horizontal></extensions>
</trkpt>
<trkpt lat="50.422668" lon="-104.576431">
<ele>554</ele>
<time>2026-09-27T07:55:45.072-06:00</time>
<extensions>
<gpxtpx:TrackPointExtension>
<gpxtpx:speed>6.33</gpxtpx:speed>
</gpxtpx:TrackPointExtension>
<opentracks:accuracy_horizontal>0.51</opentracks:accuracy_horizontal></extensions>
</trkpt>
<trkpt lat="50.422568" lon="-104.576497">
<ele>554</ele>
<time>2026-09-27T07:55:47.068-06:00</time>
<extensions>
<gpxtpx:TrackPointExtension>
<gpxtpx:speed>6.15</gpxtpx:speed>
</gpxtpx:TrackPointExtension>
<opentracks:accuracy_horizontal>1.02</opentracks:accuracy_horizontal></extensions>
</trkpt>
<trkpt lat="50.422462" lon="-104.576564">
<ele>554</ele>
<time>2026-09-27T07:55:49.058-06:00</time>
<extensions>
<gpxtpx:TrackPointExtension>
<gpxtpx:speed>6.2</gpxtpx:speed>
</gpxtpx:TrackPointExtension>
<opentracks:accuracy_horizontal>0.51</opentracks:accuracy_horizontal></extensions>
</trkpt>
<trkpt lat="50.422363" lon="-104.576631">
<ele>554</ele>
<time>2026-09-27T07:55:51.069-06:00</time>
<extensions>
<gpxtpx:TrackPointExtension>
<gpxtpx:speed>6.28</gpxtpx:speed>
</gpxtpx:TrackPointExtension>
<opentracks:accuracy_horizontal>1.02</opentracks:accuracy_horizontal></extensions>
</trkpt>
<trkpt lat="50.422258" lon="-104.576704">
<ele>554</ele>
<time>2026-09-27T07:55:53.06-06:00</time>
<extensions>
<gpxtpx:TrackPointExtension>
<gpxtpx:speed>6.49</gpxtpx:speed>
</gpxtpx:TrackPointExtension>
<opentracks:accuracy_horizontal>1.02</opentracks:accuracy_horizontal></extensions>
</trkpt>
<trkpt lat="50.422156" lon="-104.576776">
<ele>554</ele>
<time>2026-09-27T07:55:55.086-06:00</time>
<extensions>
<gpxtpx:TrackPointExtension>
<gpxtpx:speed>6.3</gpxtpx:speed>
</gpxtpx:TrackPointExtension>
<opentracks:accuracy_horizontal>1.02</opentracks:accuracy_horizontal></extensions>
</trkpt>
<trkpt lat="50.422065" lon="-104.576862">
<ele>554</ele>
<time>2026-09-27T07:55:57.068-06:00</time>
<extensions>
<gpxtpx:TrackPointExtension>
<gpxtpx:speed>5.92</gpxtpx:speed>
</gpxtpx:TrackPointExtension>
<opentracks:accuracy_horizontal>1.02</opentracks:accuracy_horizontal></extensions>
</trkpt>
<trkpt lat="50.421981" lon="-104.576984">
<ele>554</ele>
<time>2026-09-27T07:55:59.062-06:00</time>
<extensions>
<gpxtpx:TrackPointExtension>
<gpxtpx:speed>6.27</gpxtpx:speed>
</gpxtpx:TrackPointExtension>
<opentracks:accuracy_horizontal>1.02</opentracks:accuracy_horizontal></extensions>
</trkpt>
<trkpt lat="50.421914" lon="-104.57713">
<ele>553</ele>
<time>2026-09-27T07:56:01.063-06:00</time>
<extensions>
<gpxtpx:TrackPointExtension>
<gpxtpx:speed>6.25</gpxtpx:speed>
</gpxtpx:TrackPointExtension>
<opentracks:accuracy_horizontal>1.02</opentracks:accuracy_horizontal></extensions>
</trkpt>
<trkpt lat="50.421853" lon="-104.577278">
<ele>554</ele>
<time>2026-09-27T07:56:03.065-06:00</time>
<extensions>
<gpxtpx:TrackPointExtension>
<gpxtpx:speed>6.28</gpxtpx:speed>
</gpxtpx:TrackPointExtension>
<opentracks:accuracy_horizontal>1.02</opentracks:accuracy_horizontal></extensions>
</trkpt>
<trkpt lat="50.421795" lon="-104.577421">
<ele>553</ele>
<time>2026-09-27T07:56:05.065-06:00</time>
<extensions>
<gpxtpx:TrackPointExtension>
<gpxtpx:speed>6.1</gpxtpx:speed>
</gpxtpx:TrackPointExtension>
<opentracks:accuracy_horizontal>1.02</opentracks:accuracy_horizontal></extensions>
</trkpt>
<trkpt lat="50.421743" lon="-104.577577">
<ele>554</ele>
<time>2026-09-27T07:56:07.062-06:00</time>
<extensions>
<gpxtpx:TrackPointExtension>
<gpxtpx:speed>6.11</gpxtpx:speed>
</gpxtpx:TrackPointExtension>
<opentracks:accuracy_horizontal>1.02</opentracks:accuracy_horizontal></extensions>
</trkpt>
<trkpt lat="50.421683" lon="-104.577723">
<ele>553</ele>
<time>2026-09-27T07:56:09.059-06:00</time>
<extensions>
<gpxtpx:TrackPointExtension>
<gpxtpx:speed>6.25</gpxtpx:speed>
</gpxtpx:TrackPointExtension>
<opentracks:accuracy_horizontal>1.02</opentracks:accuracy_horizontal></extensions>
</trkpt>
<trkpt lat="50.421629" lon="-104.577869">
<ele>553</ele>
<time>2026-09-27T07:56:11.057-06:00</time>
<extensions>
<gpxtpx:TrackPointExtension>
<gpxtpx:speed>5.87</gpxtpx:speed>
</gpxtpx:TrackPointExtension>
<opentracks:accuracy_horizontal>1.02</opentracks:accuracy_horizontal></extensions>
</trkpt>
<trkpt lat="50.421572" lon="-104.578004">
<ele>553</ele>
<time>2026-09-27T07:56:13.058-06:00</time>
<extensions>
<gpxtpx:TrackPointExtension>
<gpxtpx:speed>5.81</gpxtpx:speed>
</gpxtpx:TrackPointExtension>
<opentracks:accuracy_horizontal>1.02</opentracks:accuracy_horizontal></extensions>
</trkpt>
<trkpt lat="50.421517" lon="-104.578139">
<ele>553</ele>
<time>2026-09-27T07:56:15.073-06:00</time>
<extensions>
<gpxtpx:TrackPointExtension>
<gpxtpx:speed>5.96</gpxtpx:speed>
</gpxtpx:TrackPointExtension>
<opentracks:accuracy_horizontal>2.041</opentracks:accuracy_horizontal></extensions>
</trkpt>
<trkpt lat="50.421466" lon="-104.578284">
<ele>553</ele>
<time>2026-09-27T07:56:17.059-06:00</time>
<extensions>
<gpxtpx:TrackPointExtension>
<gpxtpx:speed>6.03</gpxtpx:speed>
</gpxtpx:TrackPointExtension>
<opentracks:accuracy_horizontal>1.02</opentracks:accuracy_horizontal></extensions>
</trkpt>
<trkpt lat="50.421418" lon="-104.578436">
<ele>552</ele>
<time>2026-09-27T07:56:19.063-06:00</time>
<extensions>
<gpxtpx:TrackPointExtension>
<gpxtpx:speed>6.3</gpxtpx:speed>
</gpxtpx:TrackPointExtension>
<opentracks:accuracy_horizontal>1.02</opentracks:accuracy_horizontal></extensions>
</trkpt>
<trkpt lat="50.42137" lon="-104.578584">
<ele>553</ele>
<time>2026-09-27T07:56:21.06-06:00</time>
<extensions>
<gpxtpx:TrackPointExtension>
<gpxtpx:speed>6.05</gpxtpx:speed>
</gpxtpx:TrackPointExtension>
<opentracks:accuracy_horizontal>1.02</opentracks:accuracy_horizontal></extensions>
</trkpt>
<trkpt lat="50.421326" lon="-104.578736">
<ele>553</ele>
<time>2026-09-27T07:56:23.06-06:00</time>
<extensions>
<gpxtpx:TrackPointExtension>
<gpxtpx:speed>5.54</gpxtpx:speed>
</gpxtpx:TrackPointExtension>
<opentracks:accuracy_horizontal>0.51</opentracks:accuracy_horizontal></extensions>
</trkpt>
<trkpt lat="50.42129" lon="-104.578891">
<ele>553</ele>
<time>2026-09-27T07:56:25.074-06:00</time>
<extensions>
<gpxtpx:TrackPointExtension>
<gpxtpx:speed>5.38</gpxtpx:speed>
</gpxtpx:TrackPointExtension>
<opentracks:accuracy_horizontal>1.02</opentracks:accuracy_horizontal></extensions>
</trkpt>
<trkpt lat="50.421262" lon="-104.579039">
<ele>553</ele>
<time>2026-09-27T07:56:27.069-06:00</time>
<extensions>
<gpxtpx:TrackPointExtension>
<gpxtpx:speed>5.51</gpxtpx:speed>
</gpxtpx:TrackPointExtension>
<opentracks:accuracy_horizontal>1.531</opentracks:accuracy_horizontal></extensions>
</trkpt>
<trkpt lat="50.421236" lon="-104.579188">
<ele>553</ele>
<time>2026-09-27T07:56:29.068-06:00</time>
<extensions>
<gpxtpx:TrackPointExtension>
<gpxtpx:speed>5.33</gpxtpx:speed>
</gpxtpx:TrackPointExtension>
<opentracks:accuracy_horizontal>1.02</opentracks:accuracy_horizontal></extensions>
</trkpt>
<trkpt lat="50.421217" lon="-104.579335">
<ele>553</ele>
<time>2026-09-27T07:56:31.068-06:00</time>
<extensions>
<gpxtpx:TrackPointExtension>
<gpxtpx:speed>5.05</gpxtpx:speed>
</gpxtpx:TrackPointExtension>
<opentracks:accuracy_horizontal>4.082</opentracks:accuracy_horizontal></extensions>
</trkpt>
<trkpt lat="50.421192" lon="-104.579474">
<ele>554</ele>
<time>2026-09-27T07:56:33.077-06:00</time>
<extensions>
<gpxtpx:TrackPointExtension>
<gpxtpx:speed>4.98</gpxtpx:speed>
</gpxtpx:TrackPointExtension>
<opentracks:accuracy_horizontal>3.061</opentracks:accuracy_horizontal></extensions>
</trkpt>
<trkpt lat="50.421174" lon="-104.579621">
<ele>554</ele>
<time>2026-09-27T07:56:35.062-06:00</time>
<extensions>
<gpxtpx:TrackPointExtension>
<gpxtpx:speed>5.09</gpxtpx:speed>
</gpxtpx:TrackPointExtension>
<opentracks:accuracy_horizontal>1.02</opentracks:accuracy_horizontal></extensions>
</trkpt>
<trkpt lat="50.421164" lon="-104.579778">
<ele>554</ele>
<time>2026-09-27T07:56:37.091-06:00</time>
<extensions>
<gpxtpx:TrackPointExtension>
<gpxtpx:speed>5.28</gpxtpx:speed>
</gpxtpx:TrackPointExtension>
<opentracks:accuracy_horizontal>1.02</opentracks:accuracy_horizontal></extensions>
</trkpt>
<trkpt lat="50.421159" lon="-104.579943">
<ele>554</ele>
<time>2026-09-27T07:56:39.075-06:00</time>
<extensions>
<gpxtpx:TrackPointExtension>
<gpxtpx:speed>5.67</gpxtpx:speed>
</gpxtpx:TrackPointExtension>
<opentracks:accuracy_horizontal>1.02</opentracks:accuracy_horizontal></extensions>
</trkpt>
<trkpt lat="50.421145" lon="-104.580102">
<ele>554</ele>
<time>2026-09-27T07:56:41.071-06:00</time>
<extensions>
<gpxtpx:TrackPointExtension>
<gpxtpx:speed>5.73</gpxtpx:speed>
</gpxtpx:TrackPointExtension>
<opentracks:accuracy_horizontal>1.02</opentracks:accuracy_horizontal></extensions>
</trkpt>
<trkpt lat="50.421132" lon="-104.580262">
<ele>554</ele>
<time>2026-09-27T07:56:43.053-06:00</time>
<extensions>
<gpxtpx:TrackPointExtension>
<gpxtpx:speed>5.91</gpxtpx:speed>
</gpxtpx:TrackPointExtension>
<opentracks:accuracy_horizontal>1.02</opentracks:accuracy_horizontal></extensions>
</trkpt>
<trkpt lat="50.421123" lon="-104.580427">
<ele>554</ele>
<time>2026-09-27T07:56:45.045-06:00</time>
<extensions>
<gpxtpx:TrackPointExtension>
<gpxtpx:speed>5.72</gpxtpx:speed>
</gpxtpx:TrackPointExtension>
<opentracks:accuracy_horizontal>0.51</opentracks:accuracy_horizontal></extensions>
</trkpt>
<trkpt lat="50.421118" lon="-104.580584">
<ele>553</ele>
<time>2026-09-27T07:56:47.066-06:00</time>
<extensions>
<gpxtpx:TrackPointExtension>
<gpxtpx:speed>5.68</gpxtpx:speed>
</gpxtpx:TrackPointExtension>
<opentracks:accuracy_horizontal>1.02</opentracks:accuracy_horizontal></extensions>
</trkpt>
<trkpt lat="50.421106" lon="-104.580741">
<ele>554</ele>
<time>2026-09-27T07:56:49.063-06:00</time>
<extensions>
<gpxtpx:TrackPointExtension>
<gpxtpx:speed>5.7</gpxtpx:speed>
</gpxtpx:TrackPointExtension>
<opentracks:accuracy_horizontal>1.02</opentracks:accuracy_horizontal></extensions>
</trkpt>
<trkpt lat="50.421083" lon="-104.580888">
<ele>554</ele>
<time>2026-09-27T07:56:51.062-06:00</time>
<extensions>
<gpxtpx:TrackPointExtension>
<gpxtpx:speed>4.97</gpxtpx:speed>
</gpxtpx:TrackPointExtension>
<opentracks:accuracy_horizontal>1.02</opentracks:accuracy_horizontal></extensions>
</trkpt>
<trkpt lat="50.421034" lon="-104.581082">
<ele>554</ele>
<time>2026-09-27T07:56:54.081-06:00</time>
<extensions>
<gpxtpx:TrackPointExtension>
<gpxtpx:speed>4.62</gpxtpx:speed>
</gpxtpx:TrackPointExtension>
<opentracks:accuracy_horizontal>1.02</opentracks:accuracy_horizontal></extensions>
</trkpt>
<trkpt lat="50.420978" lon="-104.581223">
<ele>554</ele>
<time>2026-09-27T07:56:57.066-06:00</time>
<extensions>
<gpxtpx:TrackPointExtension>
<gpxtpx:speed>3.86</gpxtpx:speed>
</gpxtpx:TrackPointExtension>
<opentracks:accuracy_horizontal>3.061</opentracks:accuracy_horizontal></extensions>
</trkpt>
<trkpt lat="50.420926" lon="-104.581362">
<ele>554</ele>
<time>2026-09-27T07:57:00.074-06:00</time>
<extensions>
<gpxtpx:TrackPointExtension>
<gpxtpx:speed>3.78</gpxtpx:speed>
</gpxtpx:TrackPointExtension>
<opentracks:accuracy_horizontal>4.082</opentracks:accuracy_horizontal></extensions>
</trkpt>
<trkpt lat="50.420891" lon="-104.581514">
<ele>553</ele>
<time>2026-09-27T07:57:03.068-06:00</time>
<extensions>
<gpxtpx:TrackPointExtension>
<gpxtpx:speed>3.97</gpxtpx:speed>
</gpxtpx:TrackPointExtension>
<opentracks:accuracy_horizontal>3.571</opentracks:accuracy_horizontal></extensions>
</trkpt>
<trkpt lat="50.420855" lon="-104.581657">
<ele>553</ele>
<time>2026-09-27T07:57:06.074-06:00</time>
<extensions>
<gpxtpx:TrackPointExtension>
<gpxtpx:speed>3.23</gpxtpx:speed>
</gpxtpx:TrackPointExtension>
<opentracks:accuracy_horizontal>4.082</opentracks:accuracy_horizontal></extensions>
</trkpt>
<trkpt lat="50.420822" lon="-104.581807">
<ele>553</ele>
<time>2026-09-27T07:57:09.063-06:00</time>
<extensions>
<gpxtpx:TrackPointExtension>
<gpxtpx:speed>3.49</gpxtpx:speed>
</gpxtpx:TrackPointExtension>
<opentracks:accuracy_horizontal>4.592</opentracks:accuracy_horizontal></extensions>
</trkpt>
<trkpt lat="50.420788" lon="-104.581967">
<ele>553</ele>
<time>2026-09-27T07:57:12.073-06:00</time>
<extensions>
<gpxtpx:TrackPointExtension>
<gpxtpx:speed>3.79</gpxtpx:speed>
</gpxtpx:TrackPointExtension>
<opentracks:accuracy_horizontal>4.082</opentracks:accuracy_horizontal></extensions>
</trkpt>
<trkpt lat="50.420765" lon="-104.582137">
<ele>553</ele>
<time>2026-09-27T07:57:15.068-06:00</time>
<extensions>
<gpxtpx:TrackPointExtension>
<gpxtpx:speed>3.9</gpxtpx:speed>
</gpxtpx:TrackPointExtension>
<opentracks:accuracy_horizontal>4.592</opentracks:accuracy_horizontal></extensions>
</trkpt>
<trkpt lat="50.420755" lon="-104.582311">
<ele>553</ele>
<time>2026-09-27T07:57:18.06-06:00</time>
<extensions>
<gpxtpx:TrackPointExtension>
<gpxtpx:speed>4.21</gpxtpx:speed>
</gpxtpx:TrackPointExtension>
<opentracks:accuracy_horizontal>1.02</opentracks:accuracy_horizontal></extensions>
</trkpt>
<trkpt lat="50.420752" lon="-104.582519">
<ele>553</ele>
<time>2026-09-27T07:57:21.072-06:00</time>
<extensions>
<gpxtpx:TrackPointExtension>
<gpxtpx:speed>5.12</gpxtpx:speed>
</gpxtpx:TrackPointExtension>
<opentracks:accuracy_horizontal>2.041</opentracks:accuracy_horizontal></extensions>
</trkpt>
<trkpt lat="50.420757" lon="-104.582727">
<ele>553</ele>
<time>2026-09-27T07:57:24.063-06:00</time>
<extensions>
<gpxtpx:TrackPointExtension>
<gpxtpx:speed>4.59</gpxtpx:speed>
</gpxtpx:TrackPointExtension>
<opentracks:accuracy_horizontal>4.082</opentracks:accuracy_horizontal></extensions>
</trkpt>
<trkpt lat="50.420768" lon="-104.582871">
<ele>553</ele>
<time>2026-09-27T07:57:26.064-06:00</time>
<extensions>
<gpxtpx:TrackPointExtension>
<gpxtpx:speed>5.18</gpxtpx:speed>
</gpxtpx:TrackPointExtension>
<opentracks:accuracy_horizontal>4.082</opentracks:accuracy_horizontal></extensions>
</trkpt>
<trkpt lat="50.420784" lon="-104.583015">
<ele>552</ele>
<time>2026-09-27T07:57:28.062-06:00</time>
<extensions>
<gpxtpx:TrackPointExtension>
<gpxtpx:speed>5.23</gpxtpx:speed>
</gpxtpx:TrackPointExtension>
<opentracks:accuracy_horizontal>3.571</opentracks:accuracy_horizontal></extensions>
</trkpt>
<trkpt lat="50.420822" lon="-104.583214">
<ele>552</ele>
<time>2026-09-27T07:57:31.065-06:00</time>
<extensions>
<gpxtpx:TrackPointExtension>
<gpxtpx:speed>4.76</gpxtpx:speed>
</gpxtpx:TrackPointExtension>
<opentracks:accuracy_horizontal>3.061</opentracks:accuracy_horizontal></extensions>
</trkpt>
<trkpt lat="50.420868" lon="-104.5834">
<ele>552</ele>
<time>2026-09-27T07:57:34.068-06:00</time>
<extensions>
<gpxtpx:TrackPointExtension>
<gpxtpx:speed>4.56</gpxtpx:speed>
</gpxtpx:TrackPointExtension>
<opentracks:accuracy_horizontal>1.02</opentracks:accuracy_horizontal></extensions>
</trkpt>
<trkpt lat="50.420917" lon="-104.583563">
<ele>553</ele>
<time>2026-09-27T07:57:37.081-06:00</time>
<extensions>
<gpxtpx:TrackPointExtension>
<gpxtpx:speed>4.1</gpxtpx:speed>
</gpxtpx:TrackPointExtension>
<opentracks:accuracy_horizontal>0.51</opentracks:accuracy_horizontal></extensions>
</trkpt>
<trkpt lat="50.420961" lon="-104.583707">
<ele>553</ele>
<time>2026-09-27T07:57:40.079-06:00</time>
<extensions>
<gpxtpx:TrackPointExtension>
<gpxtpx:speed>3.59</gpxtpx:speed>
</gpxtpx:TrackPointExtension>
<opentracks:accuracy_horizontal>1.02</opentracks:accuracy_horizontal></extensions>
</trkpt>
<trkpt lat="50.421012" lon="-104.583856">
<ele>553</ele>
<time>2026-09-27T07:57:43.068-06:00</time>
<extensions>
<gpxtpx:TrackPointExtension>
<gpxtpx:speed>4.15</gpxtpx:speed>
</gpxtpx:TrackPointExtension>
<opentracks:accuracy_horizontal>1.02</opentracks:accuracy_horizontal></extensions>
</trkpt>
<trkpt lat="50.421067" lon="-104.584005">
<ele>554</ele>
<time>2026-09-27T07:57:46.071-06:00</time>
<extensions>
<gpxtpx:TrackPointExtension>
<gpxtpx:speed>3.87</gpxtpx:speed>
</gpxtpx:TrackPointExtension>
<opentracks:accuracy_horizontal>4.592</opentracks:accuracy_horizontal></extensions>
</trkpt>
<trkpt lat="50.421112" lon="-104.584139">
<ele>554</ele>
<time>2026-09-27T07:57:49.059-06:00</time>
<extensions>
<gpxtpx:TrackPointExtension>
<gpxtpx:speed>3.52</gpxtpx:speed>
</gpxtpx:TrackPointExtension>
<opentracks:accuracy_horizontal>3.571</opentracks:accuracy_horizontal></extensions>
</trkpt>
<trkpt lat="50.421157" lon="-104.584275">
<ele>553</ele>
<time>2026-09-27T07:57:52.059-06:00</time>
<extensions>
<gpxtpx:TrackPointExtension>
<gpxtpx:speed>3.52</gpxtpx:speed>
</gpxtpx:TrackPointExtension>
<opentracks:accuracy_horizontal>5.102</opentracks:accuracy_horizontal></extensions>
</trkpt>
<trkpt lat="50.421216" lon="-104.584402">
<ele>553</ele>
<time>2026-09-27T07:57:55.07-06:00</time>
<extensions>
<gpxtpx:TrackPointExtension>
<gpxtpx:speed>3.71</gpxtpx:speed>
</gpxtpx:TrackPointExtension>
<opentracks:accuracy_horizontal>5.612</opentracks:accuracy_horizontal></extensions>
</trkpt>
<trkpt lat="50.421269" lon="-104.584546">
<ele>553</ele>
<time>2026-09-27T07:57:58.061-06:00</time>
<extensions>
<gpxtpx:TrackPointExtension>
<gpxtpx:speed>4.02</gpxtpx:speed>
</gpxtpx:TrackPointExtension>
<opentracks:accuracy_horizontal>5.102</opentracks:accuracy_horizontal></extensions>
</trkpt>
<trkpt lat="50.421312" lon="-104.584716">
<ele>553</ele>
<time>2026-09-27T07:58:01.062-06:00</time>
<extensions>
<gpxtpx:TrackPointExtension>
<gpxtpx:speed>4.44</gpxtpx:speed>
</gpxtpx:TrackPointExtension>
<opentracks:accuracy_horizontal>4.592</opentracks:accuracy_horizontal></extensions>
</trkpt>
<trkpt lat="50.421333" lon="-104.584914">
<ele>552</ele>
<time>2026-09-27T07:58:04.066-06:00</time>
<extensions>
<gpxtpx:TrackPointExtension>
<gpxtpx:speed>4.68</gpxtpx:speed>
</gpxtpx:TrackPointExtension>
<opentracks:accuracy_horizontal>4.592</opentracks:accuracy_horizontal></extensions>
</trkpt>
<trkpt lat="50.421324" lon="-104.585105">
<ele>552</ele>
<time>2026-09-27T07:58:07.074-06:00</time>
<extensions>
<gpxtpx:TrackPointExtension>
<gpxtpx:speed>5.06</gpxtpx:speed>
</gpxtpx:TrackPointExtension>
<opentracks:accuracy_horizontal>3.571</opentracks:accuracy_horizontal></extensions>
</trkpt>
<trkpt lat="50.421306" lon="-104.585245">
<ele>553</ele>
<time>2026-09-27T07:58:09.067-06:00</time>
<extensions>
<gpxtpx:TrackPointExtension>
<gpxtpx:speed>5.2</gpxtpx:speed>
</gpxtpx:TrackPointExtension>
<opentracks:accuracy_horizontal>4.082</opentracks:accuracy_horizontal></extensions>
</trkpt>
<trkpt lat="50.421272" lon="-104.585438">
<ele>552</ele>
<time>2026-09-27T07:58:12.071-06:00</time>
<extensions>
<gpxtpx:TrackPointExtension>
<gpxtpx:speed>5.07</gpxtpx:speed>
</gpxtpx:TrackPointExtension>
<opentracks:accuracy_horizontal>0.51</opentracks:accuracy_horizontal></extensions>
</trkpt>
<trkpt lat="50.421216" lon="-104.585622">
<ele>552</ele>
<time>2026-09-27T07:58:15.074-06:00</time>
<extensions>
<gpxtpx:TrackPointExtension>
<gpxtpx:speed>4.69</gpxtpx:speed>
</gpxtpx:TrackPointExtension>
<opentracks:accuracy_horizontal>2.551</opentracks:accuracy_horizontal></extensions>
</trkpt>
<trkpt lat="50.421128" lon="-104.585738">
<ele>552</ele>
<time>2026-09-27T07:58:18.073-06:00</time>
<extensions>
<gpxtpx:TrackPointExtension>
<gpxtpx:speed>4.09</gpxtpx:speed>
</gpxtpx:TrackPointExtension>
<opentracks:accuracy_horizontal>1.02</opentracks:accuracy_horizontal></extensions>
</trkpt>
<trkpt lat="50.421034" lon="-104.585819">
<ele>552</ele>
<time>2026-09-27T07:58:21.067-06:00</time>
<extensions>
<gpxtpx:TrackPointExtension>
<gpxtpx:speed>3.76</gpxtpx:speed>
</gpxtpx:TrackPointExtension>
<opentracks:accuracy_horizontal>1.02</opentracks:accuracy_horizontal></extensions>
</trkpt>
<trkpt lat="50.420947" lon="-104.585896">
<ele>552</ele>
<time>2026-09-27T07:58:24.068-06:00</time>
<extensions>
<gpxtpx:TrackPointExtension>
<gpxtpx:speed>4.03</gpxtpx:speed>
</gpxtpx:TrackPointExtension>
<opentracks:accuracy_horizontal>4.082</opentracks:accuracy_horizontal></extensions>
</trkpt>
<trkpt lat="50.420863" lon="-104.585993">
<ele>552</ele>
<time>2026-09-27T07:58:27.067-06:00</time>
<extensions>
<gpxtpx:TrackPointExtension>
<gpxtpx:speed>4.16</gpxtpx:speed>
</gpxtpx:TrackPointExtension>
<opentracks:accuracy_horizontal>0.51</opentracks:accuracy_horizontal></extensions>
</trkpt>
<trkpt lat="50.420789" lon="-104.586078">
<ele>553</ele>
<time>2026-09-27T07:58:29.077-06:00</time>
<extensions>
<gpxtpx:TrackPointExtension>
<gpxtpx:speed>4.63</gpxtpx:speed>
</gpxtpx:TrackPointExtension>
<opentracks:accuracy_horizontal>1.02</opentracks:accuracy_horizontal></extensions>
</trkpt>
<trkpt lat="50.420719" lon="-104.586167">
<ele>553</ele>
<time>2026-09-27T07:58:31.07-06:00</time>
<extensions>
<gpxtpx:TrackPointExtension>
<gpxtpx:speed>4.82</gpxtpx:speed>
</gpxtpx:TrackPointExtension>
<opentracks:accuracy_horizontal>1.02</opentracks:accuracy_horizontal></extensions>
</trkpt>
<trkpt lat="50.420654" lon="-104.586267">
<ele>554</ele>
<time>2026-09-27T07:58:33.07-06:00</time>
<extensions>
<gpxtpx:TrackPointExtension>
<gpxtpx:speed>5.11</gpxtpx:speed>
</gpxtpx:TrackPointExtension>
<opentracks:accuracy_horizontal>4.082</opentracks:accuracy_horizontal></extensions>
</trkpt>
<trkpt lat="50.420565" lon="-104.586427">
<ele>554</ele>
<time>2026-09-27T07:58:36.069-06:00</time>
<extensions>
<gpxtpx:TrackPointExtension>
<gpxtpx:speed>5.23</gpxtpx:speed>
</gpxtpx:TrackPointExtension>
<opentracks:accuracy_horizontal>4.592</opentracks:accuracy_horizontal></extensions>
</trkpt>
<trkpt lat="50.420526" lon="-104.586572">
<ele>554</ele>
<time>2026-09-27T07:58:38.072-06:00</time>
<extensions>
<gpxtpx:TrackPointExtension>
<gpxtpx:speed>5.85</gpxtpx:speed>
</gpxtpx:TrackPointExtension>
<opentracks:accuracy_horizontal>2.551</opentracks:accuracy_horizontal></extensions>
</trkpt>
<trkpt lat="50.420495" lon="-104.586728">
<ele>554</ele>
<time>2026-09-27T07:58:40.06-06:00</time>
<extensions>
<gpxtpx:TrackPointExtension>
<gpxtpx:speed>6.01</gpxtpx:speed>
</gpxtpx:TrackPointExtension>
<opentracks:accuracy_horizontal>0.51</opentracks:accuracy_horizontal></extensions>
</trkpt>
<trkpt lat="50.420484" lon="-104.586891">
<ele>555</ele>
<time>2026-09-27T07:58:42.073-06:00</time>
<extensions>
<gpxtpx:TrackPointExtension>
<gpxtpx:speed>5.48</gpxtpx:speed>
</gpxtpx:TrackPointExtension>
<opentracks:accuracy_horizontal>1.02</opentracks:accuracy_horizontal></extensions>
</trkpt>
<trkpt lat="50.420491" lon="-104.587043">
<ele>555</ele>
<time>2026-09-27T07:58:44.068-06:00</time>
<extensions>
<gpxtpx:TrackPointExtension>
<gpxtpx:speed>5.32</gpxtpx:speed>
</gpxtpx:TrackPointExtension>
<opentracks:accuracy_horizontal>0.51</opentracks:accuracy_horizontal></extensions>
</trkpt>
<trkpt lat="50.420511" lon="-104.587251">
<ele>555</ele>
<time>2026-09-27T07:58:47.085-06:00</time>
<extensions>
<gpxtpx:TrackPointExtension>
<gpxtpx:speed>5.22</gpxtpx:speed>
</gpxtpx:TrackPointExtension>
<opentracks:accuracy_horizontal>0.51</opentracks:accuracy_horizontal></extensions>
</trkpt>
<trkpt lat="50.420531" lon="-104.58739">
<ele>554</ele>
<time>2026-09-27T07:58:49.067-06:00</time>
<extensions>
<gpxtpx:TrackPointExtension>
<gpxtpx:speed>4.82</gpxtpx:speed>
</gpxtpx:TrackPointExtension>
<opentracks:accuracy_horizontal>1.02</opentracks:accuracy_horizontal></extensions>
</trkpt>
<trkpt lat="50.420553" lon="-104.587565">
<ele>555</ele>
<time>2026-09-27T07:58:52.072-06:00</time>
<extensions>
<gpxtpx:TrackPointExtension>
<gpxtpx:speed>4.28</gpxtpx:speed>
</gpxtpx:TrackPointExtension>
<opentracks:accuracy_horizontal>1.02</opentracks:accuracy_horizontal></extensions>
</trkpt>
<trkpt lat="50.420583" lon="-104.587729">
<ele>555</ele>
<time>2026-09-27T07:58:55.082-06:00</time>
<extensions>
<gpxtpx:TrackPointExtension>
<gpxtpx:speed>3.76</gpxtpx:speed>
</gpxtpx:TrackPointExtension>
<opentracks:accuracy_horizontal>4.082</opentracks:accuracy_horizontal></extensions>
</trkpt>
<trkpt lat="50.420618" lon="-104.587887">
<ele>555</ele>
<time>2026-09-27T07:58:58.081-06:00</time>
<extensions>
<gpxtpx:TrackPointExtension>
<gpxtpx:speed>3.47</gpxtpx:speed>
</gpxtpx:TrackPointExtension>
<opentracks:accuracy_horizontal>1.02</opentracks:accuracy_horizontal></extensions>
</trkpt>
<trkpt lat="50.420671" lon="-104.588034">
<ele>555</ele>
<time>2026-09-27T07:59:01.061-06:00</time>
<extensions>
<gpxtpx:TrackPointExtension>
<gpxtpx:speed>4.25</gpxtpx:speed>
</gpxtpx:TrackPointExtension>
<opentracks:accuracy_horizontal>2.551</opentracks:accuracy_horizontal></extensions>
</trkpt>
<trkpt lat="50.420738" lon="-104.588186">
<ele>555</ele>
<time>2026-09-27T07:59:04.074-06:00</time>
<extensions>
<gpxtpx:TrackPointExtension>
<gpxtpx:speed>4.43</gpxtpx:speed>
</gpxtpx:TrackPointExtension>
<opentracks:accuracy_horizontal>2.551</opentracks:accuracy_horizontal></extensions>
</trkpt>
<trkpt lat="50.420812" lon="-104.588317">
<ele>555</ele>
<time>2026-09-27T07:59:07.064-06:00</time>
<extensions>
<gpxtpx:TrackPointExtension>
<gpxtpx:speed>4.32</gpxtpx:speed>
</gpxtpx:TrackPointExtension>
<opentracks:accuracy_horizontal>1.02</opentracks:accuracy_horizontal></extensions>
</trkpt>
<trkpt lat="50.420897" lon="-104.58844">
<ele>555</ele>
<time>2026-09-27T07:59:10.071-06:00</time>
<extensions>
<gpxtpx:TrackPointExtension>
<gpxtpx:speed>4.15</gpxtpx:speed>
</gpxtpx:TrackPointExtension>
<opentracks:accuracy_horizontal>1.02</opentracks:accuracy_horizontal></extensions>
</trkpt>
<trkpt lat="50.420984" lon="-104.588562">
<ele>555</ele>
<time>2026-09-27T07:59:13.071-06:00</time>
<extensions>
<gpxtpx:TrackPointExtension>
<gpxtpx:speed>4.26</gpxtpx:speed>
</gpxtpx:TrackPointExtension>
<opentracks:accuracy_horizontal>1.02</opentracks:accuracy_horizontal></extensions>
</trkpt>
<trkpt lat="50.421078" lon="-104.588685">
<ele>554</ele>
<time>2026-09-27T07:59:16.072-06:00</time>
<extensions>
<gpxtpx:TrackPointExtension>
<gpxtpx:speed>4.5</gpxtpx:speed>
</gpxtpx:TrackPointExtension>
<opentracks:accuracy_horizontal>0.51</opentracks:accuracy_horizontal></extensions>
</trkpt>
<trkpt lat="50.421169" lon="-104.588818">
<ele>553</ele>
<time>2026-09-27T07:59:19.072-06:00</time>
<extensions>
<gpxtpx:TrackPointExtension>
<gpxtpx:speed>4.4</gpxtpx:speed>
</gpxtpx:TrackPointExtension>
<opentracks:accuracy_horizontal>1.02</opentracks:accuracy_horizontal></extensions>
</trkpt>
<trkpt lat="50.421238" lon="-104.588986">
<ele>553</ele>
<time>2026-09-27T07:59:22.072-06:00</time>
<extensions>
<gpxtpx:TrackPointExtension>
<gpxtpx:speed>4.99</gpxtpx:speed>
</gpxtpx:TrackPointExtension>
<opentracks:accuracy_horizontal>0.51</opentracks:accuracy_horizontal></extensions>
</trkpt>
<trkpt lat="50.42128" lon="-104.589115">
<ele>553</ele>
<time>2026-09-27T07:59:24.074-06:00</time>
<extensions>
<gpxtpx:TrackPointExtension>
<gpxtpx:speed>4.78</gpxtpx:speed>
</gpxtpx:TrackPointExtension>
<opentracks:accuracy_horizontal>1.02</opentracks:accuracy_horizontal></extensions>
</trkpt>
<trkpt lat="50.421321" lon="-104.589305">
<ele>553</ele>
<time>2026-09-27T07:59:27.069-06:00</time>
<extensions>
<gpxtpx:TrackPointExtension>
<gpxtpx:speed>4.67</gpxtpx:speed>
</gpxtpx:TrackPointExtension>
<opentracks:accuracy_horizontal>1.02</opentracks:accuracy_horizontal></extensions>
</trkpt>
<trkpt lat="50.421356" lon="-104.589502">
<ele>554</ele>
<time>2026-09-27T07:59:30.08-06:00</time>
<extensions>
<gpxtpx:TrackPointExtension>
<gpxtpx:speed>4.49</gpxtpx:speed>
</gpxtpx:TrackPointExtension>
<opentracks:accuracy_horizontal>1.02</opentracks:accuracy_horizontal></extensions>
</trkpt>
<trkpt lat="50.421367" lon="-104.589679">
<ele>553</ele>
<time>2026-09-27T07:59:33.088-06:00</time>
<extensions>
<gpxtpx:TrackPointExtension>
<gpxtpx:speed>4.32</gpxtpx:speed>
</gpxtpx:TrackPointExtension>
<opentracks:accuracy_horizontal>1.02</opentracks:accuracy_horizontal></extensions>
</trkpt>
<trkpt lat="50.421352" lon="-104.589841">
<ele>553</ele>
<time>2026-09-27T07:59:36.081-06:00</time>
<extensions>
<gpxtpx:TrackPointExtension>
<gpxtpx:speed>3.58</gpxtpx:speed>
</gpxtpx:TrackPointExtension>
<opentracks:accuracy_horizontal>1.02</opentracks:accuracy_horizontal></extensions>
</trkpt>
<trkpt lat="50.42131" lon="-104.590016">
<ele>554</ele>
<time>2026-09-27T07:59:40.077-06:00</time>
<extensions>
<gpxtpx:TrackPointExtension>
<gpxtpx:speed>3.36</gpxtpx:speed>
</gpxtpx:TrackPointExtension>
<opentracks:accuracy_horizontal>1.02</opentracks:accuracy_horizontal></extensions>
</trkpt>
<trkpt lat="50.421267" lon="-104.590144">
<ele>554</ele>
<time>2026-09-27T07:59:43.075-06:00</time>
<extensions>
<gpxtpx:TrackPointExtension>
<gpxtpx:speed>3.67</gpxtpx:speed>
</gpxtpx:TrackPointExtension>
<opentracks:accuracy_horizontal>1.02</opentracks:accuracy_horizontal></extensions>
</trkpt>
<trkpt lat="50.421217" lon="-104.590293">
<ele>553</ele>
<time>2026-09-27T07:59:47.072-06:00</time>
<extensions>
<gpxtpx:TrackPointExtension>
<gpxtpx:speed>2.37</gpxtpx:speed>
</gpxtpx:TrackPointExtension>
<opentracks:accuracy_horizontal>5.102</opentracks:accuracy_horizontal></extensions>
</trkpt>
<trkpt lat="50.421177" lon="-104.590443">
<ele>553</ele>
<time>2026-09-27T07:59:52.097-06:00</time>
<extensions>
<gpxtpx:TrackPointExtension>
<gpxtpx:speed>2.21</gpxtpx:speed>
</gpxtpx:TrackPointExtension>
<opentracks:accuracy_horizontal>5.102</opentracks:accuracy_horizontal></extensions>
</trkpt>
<trkpt lat="50.421131" lon="-104.590592">
<ele>553</ele>
<time>2026-09-27T07:59:57.07-06:00</time>
<extensions>
<gpxtpx:TrackPointExtension>
<gpxtpx:speed>2.49</gpxtpx:speed>
</gpxtpx:TrackPointExtension>
<opentracks:accuracy_horizontal>1.02</opentracks:accuracy_horizontal></extensions>
</trkpt>
<trkpt lat="50.421077" lon="-104.590725">
<ele>554</ele>
<time>2026-09-27T08:00:01.074-06:00</time>
<extensions>
<gpxtpx:TrackPointExtension>
<gpxtpx:speed>3.39</gpxtpx:speed>
</gpxtpx:TrackPointExtension>
<opentracks:accuracy_horizontal>5.612</opentracks:accuracy_horizontal></extensions>
</trkpt>
<trkpt lat="50.421038" lon="-104.590862">
<ele>554</ele>
<time>2026-09-27T08:00:04.078-06:00</time>
<extensions>
<gpxtpx:TrackPointExtension>
<gpxtpx:speed>3.42</gpxtpx:speed>
</gpxtpx:TrackPointExtension>
<opentracks:accuracy_horizontal>4.592</opentracks:accuracy_horizontal></extensions>
</trkpt>
<trkpt lat="50.420997" lon="-104.590994">
<ele>554</ele>
<time>2026-09-27T08:00:07.075-06:00</time>
<extensions>
<gpxtpx:TrackPointExtension>
<gpxtpx:speed>3.38</gpxtpx:speed>
</gpxtpx:TrackPointExtension>
<opentracks:accuracy_horizontal>4.592</opentracks:accuracy_horizontal></extensions>
</trkpt>
<trkpt lat="50.42096" lon="-104.591135">
<ele>553</ele>
<time>2026-09-27T08:00:10.074-06:00</time>
<extensions>
<gpxtpx:TrackPointExtension>
<gpxtpx:speed>3.66</gpxtpx:speed>
</gpxtpx:TrackPointExtension>
<opentracks:accuracy_horizontal>4.082</opentracks:accuracy_horizontal></extensions>
</trkpt>
<trkpt lat="50.420927" lon="-104.591274">
<ele>553</ele>
<time>2026-09-27T08:00:13.071-06:00</time>
<extensions>
<gpxtpx:TrackPointExtension>
<gpxtpx:speed>2.91</gpxtpx:speed>
</gpxtpx:TrackPointExtension>
<opentracks:accuracy_horizontal>3.571</opentracks:accuracy_horizontal></extensions>
</trkpt>
<trkpt lat="50.420896" lon="-104.591426">
<ele>553</ele>
<time>2026-09-27T08:00:17.073-06:00</time>
<extensions>
<gpxtpx:TrackPointExtension>
<gpxtpx:speed>2.88</gpxtpx:speed>
</gpxtpx:TrackPointExtension>
<opentracks:accuracy_horizontal>6.122</opentracks:accuracy_horizontal></extensions>
</trkpt>
<trkpt lat="50.420891" lon="-104.591599">
<ele>553</ele>
<time>2026-09-27T08:00:22.066-06:00</time>
<extensions>
<gpxtpx:TrackPointExtension>
<gpxtpx:speed>2.94</gpxtpx:speed>
</gpxtpx:TrackPointExtension>
<opentracks:accuracy_horizontal>5.612</opentracks:accuracy_horizontal></extensions>
</trkpt>
<trkpt lat="50.420882" lon="-104.591757">
<ele>552</ele>
<time>2026-09-27T08:00:26.072-06:00</time>
<extensions>
<gpxtpx:TrackPointExtension>
<gpxtpx:speed>3.29</gpxtpx:speed>
</gpxtpx:TrackPointExtension>
<opentracks:accuracy_horizontal>4.592</opentracks:accuracy_horizontal></extensions>
</trkpt>
<trkpt lat="50.420901" lon="-104.591899">
<ele>553</ele>
<time>2026-09-27T08:00:29.063-06:00</time>
<extensions>
<gpxtpx:TrackPointExtension>
<gpxtpx:speed>3.61</gpxtpx:speed>
</gpxtpx:TrackPointExtension>
<opentracks:accuracy_horizontal>6.122</opentracks:accuracy_horizontal></extensions>
</trkpt>
<trkpt lat="50.420947" lon="-104.592064">
<ele>554</ele>
<time>2026-09-27T08:00:32.069-06:00</time>
<extensions>
<gpxtpx:TrackPointExtension>
<gpxtpx:speed>4.86</gpxtpx:speed>
</gpxtpx:TrackPointExtension>
<opentracks:accuracy_horizontal>5.102</opentracks:accuracy_horizontal></extensions>
</trkpt>
<trkpt lat="50.421002" lon="-104.592236">
<ele>555</ele>
<time>2026-09-27T08:00:35.088-06:00</time>
<extensions>
<gpxtpx:TrackPointExtension>
<gpxtpx:speed>5.19</gpxtpx:speed>
</gpxtpx:TrackPointExtension>
<opentracks:accuracy_horizontal>1.531</opentracks:accuracy_horizontal></extensions>
</trkpt>
<trkpt lat="50.421047" lon="-104.592405">
<ele>554</ele>
<time>2026-09-27T08:00:38.084-06:00</time>
<extensions>
<gpxtpx:TrackPointExtension>
<gpxtpx:speed>3.91</gpxtpx:speed>
</gpxtpx:TrackPointExtension>
<opentracks:accuracy_horizontal>1.02</opentracks:accuracy_horizontal></extensions>
</trkpt>
<trkpt lat="50.4211" lon="-104.592535">
<ele>553</ele>
<time>2026-09-27T08:00:41.067-06:00</time>
<extensions>
<gpxtpx:TrackPointExtension>
<gpxtpx:speed>3.99</gpxtpx:speed>
</gpxtpx:TrackPointExtension>
<opentracks:accuracy_horizontal>1.02</opentracks:accuracy_horizontal></extensions>
</trkpt>
<trkpt lat="50.421159" lon="-104.592664">
<ele>553</ele>
<time>2026-09-27T08:00:43.082-06:00</time>
<extensions>
<gpxtpx:TrackPointExtension>
<gpxtpx:speed>5.25</gpxtpx:speed>
</gpxtpx:TrackPointExtension>
<opentracks:accuracy_horizontal>1.02</opentracks:accuracy_horizontal></extensions>
</trkpt>
<trkpt lat="50.421214" lon="-104.592779">
<ele>553</ele>
<time>2026-09-27T08:00:45.084-06:00</time>
<extensions>
<gpxtpx:TrackPointExtension>
<gpxtpx:speed>4.52</gpxtpx:speed>
</gpxtpx:TrackPointExtension>
<opentracks:accuracy_horizontal>3.061</opentracks:accuracy_horizontal></extensions>
</trkpt>
<trkpt lat="50.421296" lon="-104.592901">
<ele>554</ele>
<time>2026-09-27T08:00:48.082-06:00</time>
<extensions>
<gpxtpx:TrackPointExtension>
<gpxtpx:speed>4.15</gpxtpx:speed>
</gpxtpx:TrackPointExtension>
<opentracks:accuracy_horizontal>3.061</opentracks:accuracy_horizontal></extensions>
</trkpt>
<trkpt lat="50.421381" lon="-104.593005">
<ele>554</ele>
<time>2026-09-27T08:00:51.078-06:00</time>
<extensions>
<gpxtpx:TrackPointExtension>
<gpxtpx:speed>3.98</gpxtpx:speed>
</gpxtpx:TrackPointExtension>
<opentracks:accuracy_horizontal>4.082</opentracks:accuracy_horizontal></extensions>
</trkpt>
<trkpt lat="50.421467" lon="-104.593103">
<ele>555</ele>
<time>2026-09-27T08:00:54.076-06:00</time>
<extensions>
<gpxtpx:TrackPointExtension>
<gpxtpx:speed>3.76</gpxtpx:speed>
</gpxtpx:TrackPointExtension>
<opentracks:accuracy_horizontal>1.02</opentracks:accuracy_horizontal></extensions>
</trkpt>
<trkpt lat="50.421566" lon="-104.593217">
<ele>554</ele>
<time>2026-09-27T08:00:58.072-06:00</time>
<extensions>
<gpxtpx:TrackPointExtension>
<gpxtpx:speed>3.81</gpxtpx:speed>
</gpxtpx:TrackPointExtension>
<opentracks:accuracy_horizontal>1.02</opentracks:accuracy_horizontal></extensions>
</trkpt>
<trkpt lat="50.421661" lon="-104.593314">
<ele>555</ele>
<time>2026-09-27T08:01:01.08-06:00</time>
<extensions>
<gpxtpx:TrackPointExtension>
<gpxtpx:speed>4.49</gpxtpx:speed>
</gpxtpx:TrackPointExtension>
<opentracks:accuracy_horizontal>1.02</opentracks:accuracy_horizontal></extensions>
</trkpt>
<trkpt lat="50.421762" lon="-104.593401">
<ele>555</ele>
<time>2026-09-27T08:01:04.09-06:00</time>
<extensions>
<gpxtpx:TrackPointExtension>
<gpxtpx:speed>3.98</gpxtpx:speed>
</gpxtpx:TrackPointExtension>
<opentracks:accuracy_horizontal>2.551</opentracks:accuracy_horizontal></extensions>
</trkpt>
<trkpt lat="50.421857" lon="-104.593451">
<ele>554</ele>
<time>2026-09-27T08:01:07.074-06:00</time>
<extensions>
<gpxtpx:TrackPointExtension>
<gpxtpx:speed>3.36</gpxtpx:speed>
</gpxtpx:TrackPointExtension>
<opentracks:accuracy_horizontal>5.612</opentracks:accuracy_horizontal></extensions>
</trkpt>
<trkpt lat="50.42197" lon="-104.593485">
<ele>554</ele>
<time>2026-09-27T08:01:11.072-06:00</time>
<extensions>
<gpxtpx:TrackPointExtension>
<gpxtpx:speed>2.94</gpxtpx:speed>
</gpxtpx:TrackPointExtension>
<opentracks:accuracy_horizontal>6.122</opentracks:accuracy_horizontal></extensions>
</trkpt>
<trkpt lat="50.422073" lon="-104.593542">
<ele>554</ele>
<time>2026-09-27T08:01:15.08-06:00</time>
<extensions>
<gpxtpx:TrackPointExtension>
<gpxtpx:speed>2.78</gpxtpx:speed>
</gpxtpx:TrackPointExtension>
<opentracks:accuracy_horizontal>6.633</opentracks:accuracy_horizontal></extensions>
</trkpt>
<trkpt lat="50.42212" lon="-104.593678">
<ele>553</ele>
<time>2026-09-27T08:01:19.069-06:00</time>
<extensions>
<gpxtpx:TrackPointExtension>
<gpxtpx:speed>2.4</gpxtpx:speed>
</gpxtpx:TrackPointExtension>
<opentracks:accuracy_horizontal>1.02</opentracks:accuracy_horizontal></extensions>
</trkpt>
<trkpt lat="50.422167" lon="-104.5938">
<ele>554</ele>
<time>2026-09-27T08:01:24.081-06:00</time>
<extensions>
<gpxtpx:TrackPointExtension>
<gpxtpx:speed>2.04</gpxtpx:speed>
</gpxtpx:TrackPointExtension>
<opentracks:accuracy_horizontal>3.571</opentracks:accuracy_horizontal></extensions>
</trkpt>
<trkpt lat="50.422254" lon="-104.593858">
<ele>553</ele>
<time>2026-09-27T08:01:28.071-06:00</time>
<extensions>
<gpxtpx:TrackPointExtension>
<gpxtpx:speed>2.33</gpxtpx:speed>
</gpxtpx:TrackPointExtension>
<opentracks:accuracy_horizontal>5.102</opentracks:accuracy_horizontal></extensions>
</trkpt>
<trkpt lat="50.422314" lon="-104.593965">
<ele>553</ele>
<time>2026-09-27T08:01:31.075-06:00</time>
<extensions>
<gpxtpx:TrackPointExtension>
<gpxtpx:speed>4.46</gpxtpx:speed>
</gpxtpx:TrackPointExtension>
<opentracks:accuracy_horizontal>6.122</opentracks:accuracy_horizontal></extensions>
</trkpt>
<trkpt lat="50.422431" lon="-104.594027">
<ele>553</ele>
<time>2026-09-27T08:01:34.078-06:00</time>
<extensions>
<gpxtpx:TrackPointExtension>
<gpxtpx:speed>5.29</gpxtpx:speed>
</gpxtpx:TrackPointExtension>
<opentracks:accuracy_horizontal>4.082</opentracks:accuracy_horizontal></extensions>
</trkpt>
<trkpt lat="50.422528" lon="-104.594068">
<ele>553</ele>
<time>2026-09-27T08:01:36.092-06:00</time>
<extensions>
<gpxtpx:TrackPointExtension>
<gpxtpx:speed>5.9</gpxtpx:speed>
</gpxtpx:TrackPointExtension>
<opentracks:accuracy_horizontal>4.082</opentracks:accuracy_horizontal></extensions>
</trkpt>
<trkpt lat="50.422633" lon="-104.594115">
<ele>553</ele>
<time>2026-09-27T08:01:38.086-06:00</time>
<extensions>
<gpxtpx:TrackPointExtension>
<gpxtpx:speed>6.09</gpxtpx:speed>
</gpxtpx:TrackPointExtension>
<opentracks:accuracy_horizontal>0.51</opentracks:accuracy_horizontal></extensions>
</trkpt>
<trkpt lat="50.422757" lon="-104.594173">
<ele>554</ele>
<time>2026-09-27T08:01:40.074-06:00</time>
<extensions>
<gpxtpx:TrackPointExtension>
<gpxtpx:speed>7.21</gpxtpx:speed>
</gpxtpx:TrackPointExtension>
<opentracks:accuracy_horizontal>0.51</opentracks:accuracy_horizontal></extensions>
</trkpt>
<trkpt lat="50.422888" lon="-104.59423">
<ele>554</ele>
<time>2026-09-27T08:01:42.077-06:00</time>
<extensions>
<gpxtpx:TrackPointExtension>
<gpxtpx:speed>7.24</gpxtpx:speed>
</gpxtpx:TrackPointExtension>
<opentracks:accuracy_horizontal>1.02</opentracks:accuracy_horizontal></extensions>
</trkpt>
<trkpt lat="50.423011" lon="-104.594279">
<ele>554</ele>
<time>2026-09-27T08:01:44.075-06:00</time>
<extensions>
<gpxtpx:TrackPointExtension>
<gpxtpx:speed>6.51</gpxtpx:speed>
</gpxtpx:TrackPointExtension>
<opentracks:accuracy_horizontal>1.02</opentracks:accuracy_horizontal></extensions>
</trkpt>
<trkpt lat="50.423115" lon="-104.594327">
<ele>554</ele>
<time>2026-09-27T08:01:46.073-06:00</time>
<extensions>
<gpxtpx:TrackPointExtension>
<gpxtpx:speed>5.36</gpxtpx:speed>
</gpxtpx:TrackPointExtension>
<opentracks:accuracy_horizontal>0.51</opentracks:accuracy_horizontal></extensions>
</trkpt>
<trkpt lat="50.423226" lon="-104.594366">
<ele>553</ele>
<time>2026-09-27T08:01:48.08-06:00</time>
<extensions>
<gpxtpx:TrackPointExtension>
<gpxtpx:speed>6.02</gpxtpx:speed>
</gpxtpx:TrackPointExtension>
<opentracks:accuracy_horizontal>0.51</opentracks:accuracy_horizontal></extensions>
</trkpt>
<trkpt lat="50.423332" lon="-104.594429">
<ele>553</ele>
<time>2026-09-27T08:01:50.08-06:00</time>
<extensions>
<gpxtpx:TrackPointExtension>
<gpxtpx:speed>6.29</gpxtpx:speed>
</gpxtpx:TrackPointExtension>
<opentracks:accuracy_horizontal>1.02</opentracks:accuracy_horizontal></extensions>
</trkpt>
<trkpt lat="50.423433" lon="-104.594496">
<ele>553</ele>
<time>2026-09-27T08:01:52.092-06:00</time>
<extensions>
<gpxtpx:TrackPointExtension>
<gpxtpx:speed>6.46</gpxtpx:speed>
</gpxtpx:TrackPointExtension>
<opentracks:accuracy_horizontal>1.02</opentracks:accuracy_horizontal></extensions>
</trkpt>
<trkpt lat="50.423529" lon="-104.594568">
<ele>554</ele>
<time>2026-09-27T08:01:54.069-06:00</time>
<extensions>
<gpxtpx:TrackPointExtension>
<gpxtpx:speed>5.93</gpxtpx:speed>
</gpxtpx:TrackPointExtension>
<opentracks:accuracy_horizontal>1.02</opentracks:accuracy_horizontal></extensions>
</trkpt>
<trkpt lat="50.42362" lon="-104.594638">
<ele>554</ele>
<time>2026-09-27T08:01:56.072-06:00</time>
<extensions>
<gpxtpx:TrackPointExtension>
<gpxtpx:speed>5.44</gpxtpx:speed>
</gpxtpx:TrackPointExtension>
<opentracks:accuracy_horizontal>1.02</opentracks:accuracy_horizontal></extensions>
</trkpt>
<trkpt lat="50.423712" lon="-104.594709">
<ele>554</ele>
<time>2026-09-27T08:01:58.072-06:00</time>
<extensions>
<gpxtpx:TrackPointExtension>
<gpxtpx:speed>5.66</gpxtpx:speed>
</gpxtpx:TrackPointExtension>
<opentracks:accuracy_horizontal>1.02</opentracks:accuracy_horizontal></extensions>
</trkpt>
<trkpt lat="50.42381" lon="-104.594775">
<ele>554</ele>
<time>2026-09-27T08:02:00.072-06:00</time>
<extensions>
<gpxtpx:TrackPointExtension>
<gpxtpx:speed>5.58</gpxtpx:speed>
</gpxtpx:TrackPointExtension>
<opentracks:accuracy_horizontal>1.02</opentracks:accuracy_horizontal></extensions>
</trkpt>
<trkpt lat="50.423904" lon="-104.594835">
<ele>554</ele>
<time>2026-09-27T08:02:02.076-06:00</time>
<extensions>
<gpxtpx:TrackPointExtension>
<gpxtpx:speed>5.57</gpxtpx:speed>
</gpxtpx:TrackPointExtension>
<opentracks:accuracy_horizontal>0.51</opentracks:accuracy_horizontal></extensions>
</trkpt>
<trkpt lat="50.423996" lon="-104.594897">
<ele>554</ele>
<time>2026-09-27T08:02:04.082-06:00</time>
<extensions>
<gpxtpx:TrackPointExtension>
<gpxtpx:speed>5.74</gpxtpx:speed>
</gpxtpx:TrackPointExtension>
<opentracks:accuracy_horizontal>1.02</opentracks:accuracy_horizontal></extensions>
</trkpt>
<trkpt lat="50.424091" lon="-104.594969">
<ele>554</ele>
<time>2026-09-27T08:02:06.079-06:00</time>
<extensions>
<gpxtpx:TrackPointExtension>
<gpxtpx:speed>5.95</gpxtpx:speed>
</gpxtpx:TrackPointExtension>
<opentracks:accuracy_horizontal>1.02</opentracks:accuracy_horizontal></extensions>
</trkpt>
<trkpt lat="50.42419" lon="-104.59503">
<ele>554</ele>
<time>2026-09-27T08:02:08.077-06:00</time>
<extensions>
<gpxtpx:TrackPointExtension>
<gpxtpx:speed>5.7</gpxtpx:speed>
</gpxtpx:TrackPointExtension>
<opentracks:accuracy_horizontal>1.02</opentracks:accuracy_horizontal></extensions>
</trkpt>
<trkpt lat="50.424286" lon="-104.59509">
<ele>554</ele>
<time>2026-09-27T08:02:10.105-06:00</time>
<extensions>
<gpxtpx:TrackPointExtension>
<gpxtpx:speed>5.63</gpxtpx:speed>
</gpxtpx:TrackPointExtension>
<opentracks:accuracy_horizontal>2.041</opentracks:accuracy_horizontal></extensions>
</trkpt>
<trkpt lat="50.42438" lon="-104.595139">
<ele>554</ele>
<time>2026-09-27T08:02:12.083-06:00</time>
<extensions>
<gpxtpx:TrackPointExtension>
<gpxtpx:speed>5.61</gpxtpx:speed>
</gpxtpx:TrackPointExtension>
<opentracks:accuracy_horizontal>1.531</opentracks:accuracy_horizontal></extensions>
</trkpt>
<trkpt lat="50.424475" lon="-104.595184">
<ele>554</ele>
<time>2026-09-27T08:02:14.08-06:00</time>
<extensions>
<gpxtpx:TrackPointExtension>
<gpxtpx:speed>5.33</gpxtpx:speed>
</gpxtpx:TrackPointExtension>
<opentracks:accuracy_horizontal>1.02</opentracks:accuracy_horizontal></extensions>
</trkpt>
<trkpt lat="50.424566" lon="-104.595255">
<ele>553</ele>
<time>2026-09-27T08:02:16.076-06:00</time>
<extensions>
<gpxtpx:TrackPointExtension>
<gpxtpx:speed>5.68</gpxtpx:speed>
</gpxtpx:TrackPointExtension>
<opentracks:accuracy_horizontal>1.02</opentracks:accuracy_horizontal></extensions>
</trkpt>
<trkpt lat="50.424654" lon="-104.595339">
<ele>553</ele>
<time>2026-09-27T08:02:18.115-06:00</time>
<extensions>
<gpxtpx:TrackPointExtension>
<gpxtpx:speed>5.56</gpxtpx:speed>
</gpxtpx:TrackPointExtension>
<opentracks:accuracy_horizontal>1.02</opentracks:accuracy_horizontal></extensions>
</trkpt>
<trkpt lat="50.424738" lon="-104.595415">
<ele>554</ele>
<time>2026-09-27T08:02:20.088-06:00</time>
<extensions>
<gpxtpx:TrackPointExtension>
<gpxtpx:speed>5.14</gpxtpx:speed>
</gpxtpx:TrackPointExtension>
<opentracks:accuracy_horizontal>1.02</opentracks:accuracy_horizontal></extensions>
</trkpt>
<trkpt lat="50.424814" lon="-104.595494">
<ele>554</ele>
<time>2026-09-27T08:02:22.081-06:00</time>
<extensions>
<gpxtpx:TrackPointExtension>
<gpxtpx:speed>4.84</gpxtpx:speed>
</gpxtpx:TrackPointExtension>
<opentracks:accuracy_horizontal>1.02</opentracks:accuracy_horizontal></extensions>
</trkpt>
<trkpt lat="50.424917" lon="-104.595607">
<ele>554</ele>
<time>2026-09-27T08:02:25.074-06:00</time>
<extensions>
<gpxtpx:TrackPointExtension>
<gpxtpx:speed>4.45</gpxtpx:speed>
</gpxtpx:TrackPointExtension>
<opentracks:accuracy_horizontal>3.571</opentracks:accuracy_horizontal></extensions>
</trkpt>
<trkpt lat="50.425021" lon="-104.595702">
<ele>554</ele>
<time>2026-09-27T08:02:28.094-06:00</time>
<extensions>
<gpxtpx:TrackPointExtension>
<gpxtpx:speed>4.52</gpxtpx:speed>
</gpxtpx:TrackPointExtension>
<opentracks:accuracy_horizontal>3.061</opentracks:accuracy_horizontal></extensions>
</trkpt>
<trkpt lat="50.425129" lon="-104.595827">
<ele>554</ele>
<time>2026-09-27T08:02:31.081-06:00</time>
<extensions>
<gpxtpx:TrackPointExtension>
<gpxtpx:speed>5.25</gpxtpx:speed>
</gpxtpx:TrackPointExtension>
<opentracks:accuracy_horizontal>3.061</opentracks:accuracy_horizontal></extensions>
</trkpt>
<trkpt lat="50.425205" lon="-104.595911">
<ele>554</ele>
<time>2026-09-27T08:02:33.077-06:00</time>
<extensions>
<gpxtpx:TrackPointExtension>
<gpxtpx:speed>5.39</gpxtpx:speed>
</gpxtpx:TrackPointExtension>
<opentracks:accuracy_horizontal>1.531</opentracks:accuracy_horizontal></extensions>
</trkpt>
<trkpt lat="50.425283" lon="-104.596001">
<ele>553</ele>
<time>2026-09-27T08:02:35.076-06:00</time>
<extensions>
<gpxtpx:TrackPointExtension>
<gpxtpx:speed>5.51</gpxtpx:speed>
</gpxtpx:TrackPointExtension>
<opentracks:accuracy_horizontal>1.531</opentracks:accuracy_horizontal></extensions>
</trkpt>
<trkpt lat="50.425364" lon="-104.596096">
<ele>553</ele>
<time>2026-09-27T08:02:37.098-06:00</time>
<extensions>
<gpxtpx:TrackPointExtension>
<gpxtpx:speed>5.66</gpxtpx:speed>
</gpxtpx:TrackPointExtension>
<opentracks:accuracy_horizontal>1.02</opentracks:accuracy_horizontal></extensions>
</trkpt>
<trkpt lat="50.425446" lon="-104.596196">
<ele>553</ele>
<time>2026-09-27T08:02:39.081-06:00</time>
<extensions>
<gpxtpx:TrackPointExtension>
<gpxtpx:speed>5.77</gpxtpx:speed>
</gpxtpx:TrackPointExtension>
<opentracks:accuracy_horizontal>1.531</opentracks:accuracy_horizontal></extensions>
</trkpt>
<trkpt lat="50.425528" lon="-104.596298">
<ele>553</ele>
<time>2026-09-27T08:02:41.077-06:00</time>
<extensions>
<gpxtpx:TrackPointExtension>
<gpxtpx:speed>5.97</gpxtpx:speed>
</gpxtpx:TrackPointExtension>
<opentracks:accuracy_horizontal>1.02</opentracks:accuracy_horizontal></extensions>
</trkpt>
<trkpt lat="50.425606" lon="-104.596409">
<ele>554</ele>
<time>2026-09-27T08:02:43.076-06:00</time>
<extensions>
<gpxtpx:TrackPointExtension>
<gpxtpx:speed>5.74</gpxtpx:speed>
</gpxtpx:TrackPointExtension>
<opentracks:accuracy_horizontal>0.51</opentracks:accuracy_horizontal></extensions>
</trkpt>
<trkpt lat="50.425683" lon="-104.596525">
<ele>554</ele>
<time>2026-09-27T08:02:45.074-06:00</time>
<extensions>
<gpxtpx:TrackPointExtension>
<gpxtpx:speed>5.8</gpxtpx:speed>
</gpxtpx:TrackPointExtension>
<opentracks:accuracy_horizontal>1.02</opentracks:accuracy_horizontal></extensions>
</trkpt>
<trkpt lat="50.425755" lon="-104.596637">
<ele>554</ele>
<time>2026-09-27T08:02:47.066-06:00</time>
<extensions>
<gpxtpx:TrackPointExtension>
<gpxtpx:speed>5.59</gpxtpx:speed>
</gpxtpx:TrackPointExtension>
<opentracks:accuracy_horizontal>1.02</opentracks:accuracy_horizontal></extensions>
</trkpt>
<trkpt lat="50.425823" lon="-104.596757">
<ele>554</ele>
<time>2026-09-27T08:02:49.078-06:00</time>
<extensions>
<gpxtpx:TrackPointExtension>
<gpxtpx:speed>5.6</gpxtpx:speed>
</gpxtpx:TrackPointExtension>
<opentracks:accuracy_horizontal>0.51</opentracks:accuracy_horizontal></extensions>
</trkpt>
<trkpt lat="50.4259" lon="-104.596875">
<ele>554</ele>
<time>2026-09-27T08:02:51.091-06:00</time>
<extensions>
<gpxtpx:TrackPointExtension>
<gpxtpx:speed>5.88</gpxtpx:speed>
</gpxtpx:TrackPointExtension>
<opentracks:accuracy_horizontal>1.02</opentracks:accuracy_horizontal></extensions>
</trkpt>
<trkpt lat="50.425976" lon="-104.596988">
<ele>554</ele>
<time>2026-09-27T08:02:53.069-06:00</time>
<extensions>
<gpxtpx:TrackPointExtension>
<gpxtpx:speed>5.91</gpxtpx:speed>
</gpxtpx:TrackPointExtension>
<opentracks:accuracy_horizontal>0.51</opentracks:accuracy_horizontal></extensions>
</trkpt>
<trkpt lat="50.426054" lon="-104.5971">
<ele>554</ele>
<time>2026-09-27T08:02:55.074-06:00</time>
<extensions>
<gpxtpx:TrackPointExtension>
<gpxtpx:speed>5.99</gpxtpx:speed>
</gpxtpx:TrackPointExtension>
<opentracks:accuracy_horizontal>1.02</opentracks:accuracy_horizontal></extensions>
</trkpt>
<trkpt lat="50.426129" lon="-104.597218">
<ele>554</ele>
<time>2026-09-27T08:02:57.082-06:00</time>
<extensions>
<gpxtpx:TrackPointExtension>
<gpxtpx:speed>5.93</gpxtpx:speed>
</gpxtpx:TrackPointExtension>
<opentracks:accuracy_horizontal>1.02</opentracks:accuracy_horizontal></extensions>
</trkpt>
<trkpt lat="50.426209" lon="-104.597336">
<ele>554</ele>
<time>2026-09-27T08:02:59.081-06:00</time>
<extensions>
<gpxtpx:TrackPointExtension>
<gpxtpx:speed>6</gpxtpx:speed>
</gpxtpx:TrackPointExtension>
<opentracks:accuracy_horizontal>1.02</opentracks:accuracy_horizontal></extensions>
</trkpt>
<trkpt lat="50.426292" lon="-104.597446">
<ele>553</ele>
<time>2026-09-27T08:03:01.075-06:00</time>
<extensions>
<gpxtpx:TrackPointExtension>
<gpxtpx:speed>6.17</gpxtpx:speed>
</gpxtpx:TrackPointExtension>
<opentracks:accuracy_horizontal>1.531</opentracks:accuracy_horizontal></extensions>
</trkpt>
<trkpt lat="50.42637" lon="-104.597567">
<ele>553</ele>
<time>2026-09-27T08:03:03.067-06:00</time>
<extensions>
<gpxtpx:TrackPointExtension>
<gpxtpx:speed>6.02</gpxtpx:speed>
</gpxtpx:TrackPointExtension>
<opentracks:accuracy_horizontal>1.02</opentracks:accuracy_horizontal></extensions>
</trkpt>
<trkpt lat="50.426453" lon="-104.597676">
<ele>553</ele>
<time>2026-09-27T08:03:05.073-06:00</time>
<extensions>
<gpxtpx:TrackPointExtension>
<gpxtpx:speed>6.21</gpxtpx:speed>
</gpxtpx:TrackPointExtension>
<opentracks:accuracy_horizontal>1.02</opentracks:accuracy_horizontal></extensions>
</trkpt>
<trkpt lat="50.426541" lon="-104.59779">
<ele>553</ele>
<time>2026-09-27T08:03:07.066-06:00</time>
<extensions>
<gpxtpx:TrackPointExtension>
<gpxtpx:speed>6.23</gpxtpx:speed>
</gpxtpx:TrackPointExtension>
<opentracks:accuracy_horizontal>1.02</opentracks:accuracy_horizontal></extensions>
</trkpt>
<trkpt lat="50.426618" lon="-104.597909">
<ele>553</ele>
<time>2026-09-27T08:03:09.078-06:00</time>
<extensions>
<gpxtpx:TrackPointExtension>
<gpxtpx:speed>5.98</gpxtpx:speed>
</gpxtpx:TrackPointExtension>
<opentracks:accuracy_horizontal>1.02</opentracks:accuracy_horizontal></extensions>
</trkpt>
<trkpt lat="50.426692" lon="-104.598022">
<ele>553</ele>
<time>2026-09-27T08:03:11.071-06:00</time>
<extensions>
<gpxtpx:TrackPointExtension>
<gpxtpx:speed>6.01</gpxtpx:speed>
</gpxtpx:TrackPointExtension>
<opentracks:accuracy_horizontal>2.551</opentracks:accuracy_horizontal></extensions>
</trkpt>
<trkpt lat="50.426771" lon="-104.598142">
<ele>553</ele>
<time>2026-09-27T08:03:13.067-06:00</time>
<extensions>
<gpxtpx:TrackPointExtension>
<gpxtpx:speed>6.07</gpxtpx:speed>
</gpxtpx:TrackPointExtension>
<opentracks:accuracy_horizontal>1.02</opentracks:accuracy_horizontal></extensions>
</trkpt>
<trkpt lat="50.42685" lon="-104.598257">
<ele>553</ele>
<time>2026-09-27T08:03:15.073-06:00</time>
<extensions>
<gpxtpx:TrackPointExtension>
<gpxtpx:speed>5.99</gpxtpx:speed>
</gpxtpx:TrackPointExtension>
<opentracks:accuracy_horizontal>1.02</opentracks:accuracy_horizontal></extensions>
</trkpt>
<trkpt lat="50.426927" lon="-104.598373">
<ele>553</ele>
<time>2026-09-27T08:03:17.07-06:00</time>
<extensions>
<gpxtpx:TrackPointExtension>
<gpxtpx:speed>5.83</gpxtpx:speed>
</gpxtpx:TrackPointExtension>
<opentracks:accuracy_horizontal>1.02</opentracks:accuracy_horizontal></extensions>
</trkpt>
<trkpt lat="50.427007" lon="-104.598479">
<ele>553</ele>
<time>2026-09-27T08:03:19.075-06:00</time>
<extensions>
<gpxtpx:TrackPointExtension>
<gpxtpx:speed>5.72</gpxtpx:speed>
</gpxtpx:TrackPointExtension>
<opentracks:accuracy_horizontal>2.551</opentracks:accuracy_horizontal></extensions>
</trkpt>
<trkpt lat="50.427081" lon="-104.598592">
<ele>553</ele>
<time>2026-09-27T08:03:21.077-06:00</time>
<extensions>
<gpxtpx:TrackPointExtension>
<gpxtpx:speed>5.81</gpxtpx:speed>
</gpxtpx:TrackPointExtension>
<opentracks:accuracy_horizontal>1.531</opentracks:accuracy_horizontal></extensions>
</trkpt>
<trkpt lat="50.427153" lon="-104.598705">
<ele>553</ele>
<time>2026-09-27T08:03:23.072-06:00</time>
<extensions>
<gpxtpx:TrackPointExtension>
<gpxtpx:speed>5.79</gpxtpx:speed>
</gpxtpx:TrackPointExtension>
<opentracks:accuracy_horizontal>1.02</opentracks:accuracy_horizontal></extensions>
</trkpt>
<trkpt lat="50.427222" lon="-104.598815">
<ele>553</ele>
<time>2026-09-27T08:03:25.075-06:00</time>
<extensions>
<gpxtpx:TrackPointExtension>
<gpxtpx:speed>5.66</gpxtpx:speed>
</gpxtpx:TrackPointExtension>
<opentracks:accuracy_horizontal>1.02</opentracks:accuracy_horizontal></extensions>
</trkpt>
<trkpt lat="50.427294" lon="-104.598924">
<ele>552</ele>
<time>2026-09-27T08:03:27.076-06:00</time>
<extensions>
<gpxtpx:TrackPointExtension>
<gpxtpx:speed>5.22</gpxtpx:speed>
</gpxtpx:TrackPointExtension>
<opentracks:accuracy_horizontal>1.531</opentracks:accuracy_horizontal></extensions>
</trkpt>
<trkpt lat="50.427368" lon="-104.599036">
<ele>552</ele>
<time>2026-09-27T08:03:29.083-06:00</time>
<extensions>
<gpxtpx:TrackPointExtension>
<gpxtpx:speed>5.59</gpxtpx:speed>
</gpxtpx:TrackPointExtension>
<opentracks:accuracy_horizontal>1.02</opentracks:accuracy_horizontal></extensions>
</trkpt>
<trkpt lat="50.427439" lon="-104.599146">
<ele>552</ele>
<time>2026-09-27T08:03:31.067-06:00</time>
<extensions>
<gpxtpx:TrackPointExtension>
<gpxtpx:speed>5.58</gpxtpx:speed>
</gpxtpx:TrackPointExtension>
<opentracks:accuracy_horizontal>1.02</opentracks:accuracy_horizontal></extensions>
</trkpt>
<trkpt lat="50.427513" lon="-104.599254">
<ele>552</ele>
<time>2026-09-27T08:03:33.078-06:00</time>
<extensions>
<gpxtpx:TrackPointExtension>
<gpxtpx:speed>5.49</gpxtpx:speed>
</gpxtpx:TrackPointExtension>
<opentracks:accuracy_horizontal>1.02</opentracks:accuracy_horizontal></extensions>
</trkpt>
<trkpt lat="50.427588" lon="-104.599354">
<ele>552</ele>
<time>2026-09-27T08:03:35.074-06:00</time>
<extensions>
<gpxtpx:TrackPointExtension>
<gpxtpx:speed>5.69</gpxtpx:speed>
</gpxtpx:TrackPointExtension>
<opentracks:accuracy_horizontal>1.02</opentracks:accuracy_horizontal></extensions>
</trkpt>
<trkpt lat="50.427663" lon="-104.599455">
<ele>552</ele>
<time>2026-09-27T08:03:37.066-06:00</time>
<extensions>
<gpxtpx:TrackPointExtension>
<gpxtpx:speed>5.44</gpxtpx:speed>
</gpxtpx:TrackPointExtension>
<opentracks:accuracy_horizontal>1.02</opentracks:accuracy_horizontal></extensions>
</trkpt>
<trkpt lat="50.42773" lon="-104.599566">
<ele>552</ele>
<time>2026-09-27T08:03:39.081-06:00</time>
<extensions>
<gpxtpx:TrackPointExtension>
<gpxtpx:speed>5.34</gpxtpx:speed>
</gpxtpx:TrackPointExtension>
<opentracks:accuracy_horizontal>1.02</opentracks:accuracy_horizontal></extensions>
</trkpt>
<trkpt lat="50.4278" lon="-104.599677">
<ele>552</ele>
<time>2026-09-27T08:03:41.085-06:00</time>
<extensions>
<gpxtpx:TrackPointExtension>
<gpxtpx:speed>5.75</gpxtpx:speed>
</gpxtpx:TrackPointExtension>
<opentracks:accuracy_horizontal>1.02</opentracks:accuracy_horizontal></extensions>
</trkpt>
<trkpt lat="50.42787" lon="-104.599791">
<ele>553</ele>
<time>2026-09-27T08:03:43.07-06:00</time>
<extensions>
<gpxtpx:TrackPointExtension>
<gpxtpx:speed>5.72</gpxtpx:speed>
</gpxtpx:TrackPointExtension>
<opentracks:accuracy_horizontal>1.02</opentracks:accuracy_horizontal></extensions>
</trkpt>
<trkpt lat="50.427932" lon="-104.599922">
<ele>553</ele>
<time>2026-09-27T08:03:45.072-06:00</time>
<extensions>
<gpxtpx:TrackPointExtension>
<gpxtpx:speed>5.79</gpxtpx:speed>
</gpxtpx:TrackPointExtension>
<opentracks:accuracy_horizontal>1.02</opentracks:accuracy_horizontal></extensions>
</trkpt>
<trkpt lat="50.427994" lon="-104.600049">
<ele>553</ele>
<time>2026-09-27T08:03:47.088-06:00</time>
<extensions>
<gpxtpx:TrackPointExtension>
<gpxtpx:speed>5.69</gpxtpx:speed>
</gpxtpx:TrackPointExtension>
<opentracks:accuracy_horizontal>1.02</opentracks:accuracy_horizontal></extensions>
</trkpt>
<trkpt lat="50.428056" lon="-104.60017">
<ele>553</ele>
<time>2026-09-27T08:03:49.073-06:00</time>
<extensions>
<gpxtpx:TrackPointExtension>
<gpxtpx:speed>5.39</gpxtpx:speed>
</gpxtpx:TrackPointExtension>
<opentracks:accuracy_horizontal>1.02</opentracks:accuracy_horizontal></extensions>
</trkpt>
<trkpt lat="50.428115" lon="-104.600299">
<ele>553</ele>
<time>2026-09-27T08:03:51.067-06:00</time>
<extensions>
<gpxtpx:TrackPointExtension>
<gpxtpx:speed>5.4</gpxtpx:speed>
</gpxtpx:TrackPointExtension>
<opentracks:accuracy_horizontal>1.02</opentracks:accuracy_horizontal></extensions>
</trkpt>
<trkpt lat="50.428167" lon="-104.600423">
<ele>554</ele>
<time>2026-09-27T08:03:53.065-06:00</time>
<extensions>
<gpxtpx:TrackPointExtension>
<gpxtpx:speed>5.39</gpxtpx:speed>
</gpxtpx:TrackPointExtension>
<opentracks:accuracy_horizontal>1.531</opentracks:accuracy_horizontal></extensions>
</trkpt>
<trkpt lat="50.428216" lon="-104.600552">
<ele>553</ele>
<time>2026-09-27T08:03:55.065-06:00</time>
<extensions>
<gpxtpx:TrackPointExtension>
<gpxtpx:speed>5.5</gpxtpx:speed>
</gpxtpx:TrackPointExtension>
<opentracks:accuracy_horizontal>1.02</opentracks:accuracy_horizontal></extensions>
</trkpt>
<trkpt lat="50.428269" lon="-104.600684">
<ele>554</ele>
<time>2026-09-27T08:03:57.076-06:00</time>
<extensions>
<gpxtpx:TrackPointExtension>
<gpxtpx:speed>5.44</gpxtpx:speed>
</gpxtpx:TrackPointExtension>
<opentracks:accuracy_horizontal>1.02</opentracks:accuracy_horizontal></extensions>
</trkpt>
<trkpt lat="50.428323" lon="-104.600816">
<ele>554</ele>
<time>2026-09-27T08:03:59.062-06:00</time>
<extensions>
<gpxtpx:TrackPointExtension>
<gpxtpx:speed>5.6</gpxtpx:speed>
</gpxtpx:TrackPointExtension>
<opentracks:accuracy_horizontal>1.02</opentracks:accuracy_horizontal></extensions>
</trkpt>
<trkpt lat="50.428377" lon="-104.600942">
<ele>554</ele>
<time>2026-09-27T08:04:01.081-06:00</time>
<extensions>
<gpxtpx:TrackPointExtension>
<gpxtpx:speed>5.43</gpxtpx:speed>
</gpxtpx:TrackPointExtension>
<opentracks:accuracy_horizontal>1.02</opentracks:accuracy_horizontal></extensions>
</trkpt>
<trkpt lat="50.428426" lon="-104.60107">
<ele>554</ele>
<time>2026-09-27T08:04:03.078-06:00</time>
<extensions>
<gpxtpx:TrackPointExtension>
<gpxtpx:speed>5.36</gpxtpx:speed>
</gpxtpx:TrackPointExtension>
<opentracks:accuracy_horizontal>1.02</opentracks:accuracy_horizontal></extensions>
</trkpt>
<trkpt lat="50.428473" lon="-104.601198">
<ele>554</ele>
<time>2026-09-27T08:04:05.071-06:00</time>
<extensions>
<gpxtpx:TrackPointExtension>
<gpxtpx:speed>5.3</gpxtpx:speed>
</gpxtpx:TrackPointExtension>
<opentracks:accuracy_horizontal>1.02</opentracks:accuracy_horizontal></extensions>
</trkpt>
<trkpt lat="50.428523" lon="-104.601326">
<ele>554</ele>
<time>2026-09-27T08:04:07.068-06:00</time>
<extensions>
<gpxtpx:TrackPointExtension>
<gpxtpx:speed>5.12</gpxtpx:speed>
</gpxtpx:TrackPointExtension>
<opentracks:accuracy_horizontal>1.02</opentracks:accuracy_horizontal></extensions>
</trkpt>
<trkpt lat="50.428573" lon="-104.601451">
<ele>554</ele>
<time>2026-09-27T08:04:09.086-06:00</time>
<extensions>
<gpxtpx:TrackPointExtension>
<gpxtpx:speed>5.22</gpxtpx:speed>
</gpxtpx:TrackPointExtension>
<opentracks:accuracy_horizontal>0.51</opentracks:accuracy_horizontal></extensions>
</trkpt>
<trkpt lat="50.428615" lon="-104.601595">
<ele>554</ele>
<time>2026-09-27T08:04:11.068-06:00</time>
<extensions>
<gpxtpx:TrackPointExtension>
<gpxtpx:speed>5.83</gpxtpx:speed>
</gpxtpx:TrackPointExtension>
<opentracks:accuracy_horizontal>1.531</opentracks:accuracy_horizontal></extensions>
</trkpt>
<trkpt lat="50.428636" lon="-104.601753">
<ele>554</ele>
<time>2026-09-27T08:04:13.071-06:00</time>
<extensions>
<gpxtpx:TrackPointExtension>
<gpxtpx:speed>5.35</gpxtpx:speed>
</gpxtpx:TrackPointExtension>
<opentracks:accuracy_horizontal>1.02</opentracks:accuracy_horizontal></extensions>
</trkpt>
<trkpt lat="50.428643" lon="-104.601915">
<ele>554</ele>
<time>2026-09-27T08:04:15.075-06:00</time>
<extensions>
<gpxtpx:TrackPointExtension>
<gpxtpx:speed>5.54</gpxtpx:speed>
</gpxtpx:TrackPointExtension>
<opentracks:accuracy_horizontal>1.02</opentracks:accuracy_horizontal></extensions>
</trkpt>
<trkpt lat="50.428641" lon="-104.602061">
<ele>555</ele>
<time>2026-09-27T08:04:17.072-06:00</time>
<extensions>
<gpxtpx:TrackPointExtension>
<gpxtpx:speed>5.28</gpxtpx:speed>
</gpxtpx:TrackPointExtension>
<opentracks:accuracy_horizontal>1.02</opentracks:accuracy_horizontal></extensions>
</trkpt>
<trkpt lat="50.428649" lon="-104.602263">
<ele>555</ele>
<time>2026-09-27T08:04:20.076-06:00</time>
<extensions>
<gpxtpx:TrackPointExtension>
<gpxtpx:speed>4.46</gpxtpx:speed>
</gpxtpx:TrackPointExtension>
<opentracks:accuracy_horizontal>2.551</opentracks:accuracy_horizontal></extensions>
</trkpt>
<trkpt lat="50.428598" lon="-104.602423">
<ele>555</ele>
<time>2026-09-27T08:04:23.052-06:00</time>
<extensions>
<gpxtpx:TrackPointExtension>
<gpxtpx:speed>3.84</gpxtpx:speed>
</gpxtpx:TrackPointExtension>
<opentracks:accuracy_horizontal>3.061</opentracks:accuracy_horizontal></extensions>
</trkpt>
<trkpt lat="50.428601" lon="-104.602569">
<ele>555</ele>
<time>2026-09-27T08:04:26.079-06:00</time>
<extensions>
<gpxtpx:TrackPointExtension>
<gpxtpx:speed>3.05</gpxtpx:speed>
</gpxtpx:TrackPointExtension>
<opentracks:accuracy_horizontal>3.061</opentracks:accuracy_horizontal></extensions>
</trkpt>
<trkpt lat="50.42862" lon="-104.602734">
<ele>555</ele>
<time>2026-09-27T08:04:30.08-06:00</time>
<extensions>
<gpxtpx:TrackPointExtension>
<gpxtpx:speed>3.02</gpxtpx:speed>
</gpxtpx:TrackPointExtension>
<opentracks:accuracy_horizontal>4.592</opentracks:accuracy_horizontal></extensions>
</trkpt>
<trkpt lat="50.428613" lon="-104.602908">
<ele>554</ele>
<time>2026-09-27T08:04:34.053-06:00</time>
<extensions>
<gpxtpx:TrackPointExtension>
<gpxtpx:speed>3.07</gpxtpx:speed>
</gpxtpx:TrackPointExtension>
<opentracks:accuracy_horizontal>4.082</opentracks:accuracy_horizontal></extensions>
</trkpt>
<trkpt lat="50.428612" lon="-104.603055">
<ele>554</ele>
<time>2026-09-27T08:04:37.067-06:00</time>
<extensions>
<gpxtpx:TrackPointExtension>
<gpxtpx:speed>3.72</gpxtpx:speed>
</gpxtpx:TrackPointExtension>
<opentracks:accuracy_horizontal>4.592</opentracks:accuracy_horizontal></extensions>
</trkpt>
<trkpt lat="50.428609" lon="-104.603219">
<ele>554</ele>
<time>2026-09-27T08:04:40.078-06:00</time>
<extensions>
<gpxtpx:TrackPointExtension>
<gpxtpx:speed>3.99</gpxtpx:speed>
</gpxtpx:TrackPointExtension>
<opentracks:accuracy_horizontal>6.122</opentracks:accuracy_horizontal></extensions>
</trkpt>
<trkpt lat="50.428615" lon="-104.603399">
<ele>554</ele>
<time>2026-09-27T08:04:43.075-06:00</time>
<extensions>
<gpxtpx:TrackPointExtension>
<gpxtpx:speed>4.29</gpxtpx:speed>
</gpxtpx:TrackPointExtension>
<opentracks:accuracy_horizontal>4.082</opentracks:accuracy_horizontal></extensions>
</trkpt>
<trkpt lat="50.428632" lon="-104.603577">
<ele>553</ele>
<time>2026-09-27T08:04:46.071-06:00</time>
<extensions>
<gpxtpx:TrackPointExtension>
<gpxtpx:speed>4.24</gpxtpx:speed>
</gpxtpx:TrackPointExtension>
<opentracks:accuracy_horizontal>3.571</opentracks:accuracy_horizontal></extensions>
</trkpt>
<trkpt lat="50.428654" lon="-104.603753">
<ele>552</ele>
<time>2026-09-27T08:04:49.076-06:00</time>
<extensions>
<gpxtpx:TrackPointExtension>
<gpxtpx:speed>4.34</gpxtpx:speed>
</gpxtpx:TrackPointExtension>
<opentracks:accuracy_horizontal>3.571</opentracks:accuracy_horizontal></extensions>
</trkpt>
<trkpt lat="50.428664" lon="-104.603925">
<ele>552</ele>
<time>2026-09-27T08:04:52.084-06:00</time>
<extensions>
<gpxtpx:TrackPointExtension>
<gpxtpx:speed>3.79</gpxtpx:speed>
</gpxtpx:TrackPointExtension>
<opentracks:accuracy_horizontal>3.061</opentracks:accuracy_horizontal></extensions>
</trkpt>
<trkpt lat="50.428677" lon="-104.604073">
<ele>552</ele>
<time>2026-09-27T08:04:55.077-06:00</time>
<extensions>
<gpxtpx:TrackPointExtension>
<gpxtpx:speed>3.53</gpxtpx:speed>
</gpxtpx:TrackPointExtension>
<opentracks:accuracy_horizontal>4.082</opentracks:accuracy_horizontal></extensions>
</trkpt>
<trkpt lat="50.42867" lon="-104.604231">
<ele>552</ele>
<time>2026-09-27T08:04:58.079-06:00</time>
<extensions>
<gpxtpx:TrackPointExtension>
<gpxtpx:speed>4.06</gpxtpx:speed>
</gpxtpx:TrackPointExtension>
<opentracks:accuracy_horizontal>4.592</opentracks:accuracy_horizontal></extensions>
</trkpt>
<trkpt lat="50.428643" lon="-104.6044">
<ele>552</ele>
<time>2026-09-27T08:05:01.075-06:00</time>
<extensions>
<gpxtpx:TrackPointExtension>
<gpxtpx:speed>4.37</gpxtpx:speed>
</gpxtpx:TrackPointExtension>
<opentracks:accuracy_horizontal>2.041</opentracks:accuracy_horizontal></extensions>
</trkpt>
<trkpt lat="50.428613" lon="-104.60456">
<ele>552</ele>
<time>2026-09-27T08:05:04.081-06:00</time>
<extensions>
<gpxtpx:TrackPointExtension>
<gpxtpx:speed>3.63</gpxtpx:speed>
</gpxtpx:TrackPointExtension>
<opentracks:accuracy_horizontal>1.02</opentracks:accuracy_horizontal></extensions>
</trkpt>
<trkpt lat="50.428571" lon="-104.604716">
<ele>552</ele>
<time>2026-09-27T08:05:07.089-06:00</time>
<extensions>
<gpxtpx:TrackPointExtension>
<gpxtpx:speed>3.79</gpxtpx:speed>
</gpxtpx:TrackPointExtension>
<opentracks:accuracy_horizontal>3.571</opentracks:accuracy_horizontal></extensions>
</trkpt>
<trkpt lat="50.4285" lon="-104.604874">
<ele>553</ele>
<time>2026-09-27T08:05:10.067-06:00</time>
<extensions>
<gpxtpx:TrackPointExtension>
<gpxtpx:speed>4.64</gpxtpx:speed>
</gpxtpx:TrackPointExtension>
<opentracks:accuracy_horizontal>3.061</opentracks:accuracy_horizontal></extensions>
</trkpt>
<trkpt lat="50.428447" lon="-104.60503">
<ele>553</ele>
<time>2026-09-27T08:05:13.079-06:00</time>
<extensions>
<gpxtpx:TrackPointExtension>
<gpxtpx:speed>3.92</gpxtpx:speed>
</gpxtpx:TrackPointExtension>
<opentracks:accuracy_horizontal>1.02</opentracks:accuracy_horizontal></extensions>
</trkpt>
<trkpt lat="50.428389" lon="-104.605137">
<ele>553</ele>
<time>2026-09-27T08:05:16.092-06:00</time>
<extensions>
<gpxtpx:TrackPointExtension>
<gpxtpx:speed>3.18</gpxtpx:speed>
</gpxtpx:TrackPointExtension>
<opentracks:accuracy_horizontal>1.02</opentracks:accuracy_horizontal></extensions>
</trkpt>
<trkpt lat="50.428307" lon="-104.605234">
<ele>555</ele>
<time>2026-09-27T08:05:21.073-06:00</time>
<extensions>
<gpxtpx:TrackPointExtension>
<gpxtpx:speed>2.27</gpxtpx:speed>
</gpxtpx:TrackPointExtension>
<opentracks:accuracy_horizontal>1.02</opentracks:accuracy_horizontal></extensions>
</trkpt>
<trkpt lat="50.428231" lon="-104.605325">
<ele>555</ele>
<time>2026-09-27T08:05:26.085-06:00</time>
<extensions>
<gpxtpx:TrackPointExtension>
<gpxtpx:speed>1.74</gpxtpx:speed>
</gpxtpx:TrackPointExtension>
<opentracks:accuracy_horizontal>4.082</opentracks:accuracy_horizontal></extensions>
</trkpt>
<trkpt lat="50.428152" lon="-104.605445">
<ele>555</ele>
<time>2026-09-27T08:05:31.085-06:00</time>
<extensions>
<gpxtpx:TrackPointExtension>
<gpxtpx:speed>2.73</gpxtpx:speed>
</gpxtpx:TrackPointExtension>
<opentracks:accuracy_horizontal>4.592</opentracks:accuracy_horizontal></extensions>
</trkpt>
<trkpt lat="50.428061" lon="-104.605552">
<ele>555</ele>
<time>2026-09-27T08:05:35.073-06:00</time>
<extensions>
<gpxtpx:TrackPointExtension>
<gpxtpx:speed>3.28</gpxtpx:speed>
</gpxtpx:TrackPointExtension>
<opentracks:accuracy_horizontal>5.102</opentracks:accuracy_horizontal></extensions>
</trkpt>
<trkpt lat="50.427954" lon="-104.605638">
<ele>556</ele>
<time>2026-09-27T08:05:39.079-06:00</time>
<extensions>
<gpxtpx:TrackPointExtension>
<gpxtpx:speed>3.65</gpxtpx:speed>
</gpxtpx:TrackPointExtension>
<opentracks:accuracy_horizontal>4.082</opentracks:accuracy_horizontal></extensions>
</trkpt>
<trkpt lat="50.427891" lon="-104.605777">
<ele>555</ele>
<time>2026-09-27T08:05:43.072-06:00</time>
<extensions>
<gpxtpx:TrackPointExtension>
<gpxtpx:speed>2.89</gpxtpx:speed>
</gpxtpx:TrackPointExtension>
<opentracks:accuracy_horizontal>4.082</opentracks:accuracy_horizontal></extensions>
</trkpt>
<trkpt lat="50.427881" lon="-104.605922">
<ele>556</ele>
<time>2026-09-27T08:05:46.086-06:00</time>
<extensions>
<gpxtpx:TrackPointExtension>
<gpxtpx:speed>3.38</gpxtpx:speed>
</gpxtpx:TrackPointExtension>
<opentracks:accuracy_horizontal>5.612</opentracks:accuracy_horizontal></extensions>
</trkpt>
<trkpt lat="50.42783" lon="-104.60606">
<ele>555</ele>
<time>2026-09-27T08:05:51.083-06:00</time>
<extensions>
<gpxtpx:TrackPointExtension>
<gpxtpx:speed>2.86</gpxtpx:speed>
</gpxtpx:TrackPointExtension>
<opentracks:accuracy_horizontal>5.102</opentracks:accuracy_horizontal></extensions>
</trkpt>
<trkpt lat="50.427723" lon="-104.606136">
<ele>556</ele>
<time>2026-09-27T08:05:55.072-06:00</time>
<extensions>
<gpxtpx:TrackPointExtension>
<gpxtpx:speed>3.66</gpxtpx:speed>
</gpxtpx:TrackPointExtension>
<opentracks:accuracy_horizontal>4.592</opentracks:accuracy_horizontal></extensions>
</trkpt>
<trkpt lat="50.427646" lon="-104.60627">
<ele>556</ele>
<time>2026-09-27T08:05:59.096-06:00</time>
<extensions>
<gpxtpx:TrackPointExtension>
<gpxtpx:speed>2.96</gpxtpx:speed>
</gpxtpx:TrackPointExtension>
<opentracks:accuracy_horizontal>4.082</opentracks:accuracy_horizontal></extensions>
</trkpt>
<trkpt lat="50.427576" lon="-104.606381">
<ele>555</ele>
<time>2026-09-27T08:06:03.084-06:00</time>
<extensions>
<gpxtpx:TrackPointExtension>
<gpxtpx:speed>2.55</gpxtpx:speed>
</gpxtpx:TrackPointExtension>
<opentracks:accuracy_horizontal>3.061</opentracks:accuracy_horizontal></extensions>
</trkpt>
<trkpt lat="50.42747" lon="-104.606428">
<ele>556</ele>
<time>2026-09-27T08:06:07.081-06:00</time>
<extensions>
<gpxtpx:TrackPointExtension>
<gpxtpx:speed>3.43</gpxtpx:speed>
</gpxtpx:TrackPointExtension>
<opentracks:accuracy_horizontal>6.633</opentracks:accuracy_horizontal></extensions>
</trkpt>
<trkpt lat="50.427362" lon="-104.606451">
<ele>556</ele>
<time>2026-09-27T08:06:11.073-06:00</time>
<extensions>
<gpxtpx:TrackPointExtension>
<gpxtpx:speed>2.09</gpxtpx:speed>
</gpxtpx:TrackPointExtension>
<opentracks:accuracy_horizontal>0.51</opentracks:accuracy_horizontal></extensions>
</trkpt>
<trkpt lat="50.427274" lon="-104.606507">
<ele>555</ele>
<time>2026-09-27T08:06:20.081-06:00</time>
<extensions>
<gpxtpx:TrackPointExtension>
<gpxtpx:speed>0.55</gpxtpx:speed>
</gpxtpx:TrackPointExtension>
<opentracks:accuracy_horizontal>4.592</opentracks:accuracy_horizontal></extensions>
</trkpt>
<trkpt lat="50.427267" lon="-104.60651">
<ele>553</ele>
<time>2026-09-27T08:06:30.091-06:00</time>
<extensions>
<gpxtpx:TrackPointExtension>
<gpxtpx:speed>0.82</gpxtpx:speed>
</gpxtpx:TrackPointExtension>
<opentracks:accuracy_horizontal>4.082</opentracks:accuracy_horizontal></extensions>
</trkpt>
<trkpt lat="50.427264" lon="-104.606517">
<ele>553</ele>
<time>2026-09-27T08:16:05.063-06:00</time>
<extensions>
<gpxtpx:TrackPointExtension>
<gpxtpx:speed>0</gpxtpx:speed>
</gpxtpx:TrackPointExtension>
<opentracks:accuracy_horizontal>2.551</opentracks:accuracy_horizontal></extensions>
</trkpt>
</trkseg>
<trkseg>
<trkpt lat="50.42707" lon="-104.606921">
<ele>560</ele>
<time>2026-09-27T08:58:47.101-06:00</time>
<extensions>
<gpxtpx:TrackPointExtension>
<gpxtpx:speed>0.21</gpxtpx:speed>
</gpxtpx:TrackPointExtension>
<opentracks:accuracy_horizontal>10.714</opentracks:accuracy_horizontal></extensions>
</trkpt>
<trkpt lat="50.426986" lon="-104.606867">
<ele>553</ele>
<time>2026-09-27T08:59:36.156-06:00</time>
<extensions>
<gpxtpx:TrackPointExtension>
<gpxtpx:speed>0.6</gpxtpx:speed>
</gpxtpx:TrackPointExtension>
<opentracks:accuracy_horizontal>1.02</opentracks:accuracy_horizontal></extensions>
</trkpt>
<trkpt lat="50.426903" lon="-104.606806">
<ele>553</ele>
<time>2026-09-27T08:59:42.165-06:00</time>
<extensions>
<gpxtpx:TrackPointExtension>
<gpxtpx:speed>1.84</gpxtpx:speed>
</gpxtpx:TrackPointExtension>
<opentracks:accuracy_horizontal>1.02</opentracks:accuracy_horizontal></extensions>
</trkpt>
<trkpt lat="50.42682" lon="-104.606862">
<ele>552</ele>
<time>2026-09-27T08:59:51.168-06:00</time>
<extensions>
<gpxtpx:TrackPointExtension>
<gpxtpx:speed>1.04</gpxtpx:speed>
</gpxtpx:TrackPointExtension>
<opentracks:accuracy_horizontal>1.02</opentracks:accuracy_horizontal></extensions>
</trkpt>
<trkpt lat="50.426841" lon="-104.60684">
<ele>553</ele>
<time>2026-09-27T09:00:01.168-06:00</time>
<extensions>
<gpxtpx:TrackPointExtension>
<gpxtpx:speed>0</gpxtpx:speed>
</gpxtpx:TrackPointExtension>
<opentracks:accuracy_horizontal>1.02</opentracks:accuracy_horizontal></extensions>
</trkpt>
<trkpt lat="50.426805" lon="-104.606978">
<ele>553</ele>
<time>2026-09-27T09:00:35.175-06:00</time>
<extensions>
<gpxtpx:TrackPointExtension>
<gpxtpx:speed>1.75</gpxtpx:speed>
</gpxtpx:TrackPointExtension>
<opentracks:accuracy_horizontal>1.02</opentracks:accuracy_horizontal></extensions>
</trkpt>
<trkpt lat="50.426802" lon="-104.60712">
<ele>553</ele>
<time>2026-09-27T09:00:40.155-06:00</time>
<extensions>
<gpxtpx:TrackPointExtension>
<gpxtpx:speed>1.61</gpxtpx:speed>
</gpxtpx:TrackPointExtension>
<opentracks:accuracy_horizontal>1.02</opentracks:accuracy_horizontal></extensions>
</trkpt>
<trkpt lat="50.426841" lon="-104.607257">
<ele>553</ele>
<time>2026-09-27T09:00:44.171-06:00</time>
<extensions>
<gpxtpx:TrackPointExtension>
<gpxtpx:speed>3.11</gpxtpx:speed>
</gpxtpx:TrackPointExtension>
<opentracks:accuracy_horizontal>5.102</opentracks:accuracy_horizontal></extensions>
</trkpt>
<trkpt lat="50.426868" lon="-104.607416">
<ele>552</ele>
<time>2026-09-27T09:00:48.174-06:00</time>
<extensions>
<gpxtpx:TrackPointExtension>
<gpxtpx:speed>2.9</gpxtpx:speed>
</gpxtpx:TrackPointExtension>
<opentracks:accuracy_horizontal>0.51</opentracks:accuracy_horizontal></extensions>
</trkpt>
<trkpt lat="50.426843" lon="-104.607593">
<ele>552</ele>
<time>2026-09-27T09:00:52.178-06:00</time>
<extensions>
<gpxtpx:TrackPointExtension>
<gpxtpx:speed>3.2</gpxtpx:speed>
</gpxtpx:TrackPointExtension>
<opentracks:accuracy_horizontal>5.612</opentracks:accuracy_horizontal></extensions>
</trkpt>
<trkpt lat="50.426828" lon="-104.607758">
<ele>551</ele>
<time>2026-09-27T09:00:56.177-06:00</time>
<extensions>
<gpxtpx:TrackPointExtension>
<gpxtpx:speed>3.02</gpxtpx:speed>
</gpxtpx:TrackPointExtension>
<opentracks:accuracy_horizontal>5.102</opentracks:accuracy_horizontal></extensions>
</trkpt>
<trkpt lat="50.426829" lon="-104.60793">
<ele>552</ele>
<time>2026-09-27T09:01:00.164-06:00</time>
<extensions>
<gpxtpx:TrackPointExtension>
<gpxtpx:speed>3.33</gpxtpx:speed>
</gpxtpx:TrackPointExtension>
<opentracks:accuracy_horizontal>6.633</opentracks:accuracy_horizontal></extensions>
</trkpt>
<trkpt lat="50.426836" lon="-104.6081">
<ele>551</ele>
<time>2026-09-27T09:01:04.167-06:00</time>
<extensions>
<gpxtpx:TrackPointExtension>
<gpxtpx:speed>2.72</gpxtpx:speed>
</gpxtpx:TrackPointExtension>
<opentracks:accuracy_horizontal>1.02</opentracks:accuracy_horizontal></extensions>
</trkpt>
<trkpt lat="50.426847" lon="-104.608244">
<ele>551</ele>
<time>2026-09-27T09:01:08.18-06:00</time>
<extensions>
<gpxtpx:TrackPointExtension>
<gpxtpx:speed>2.85</gpxtpx:speed>
</gpxtpx:TrackPointExtension>
<opentracks:accuracy_horizontal>5.612</opentracks:accuracy_horizontal></extensions>
</trkpt>
<trkpt lat="50.426849" lon="-104.608437">
<ele>551</ele>
<time>2026-09-27T09:01:12.16-06:00</time>
<extensions>
<gpxtpx:TrackPointExtension>
<gpxtpx:speed>3.8</gpxtpx:speed>
</gpxtpx:TrackPointExtension>
<opentracks:accuracy_horizontal>5.612</opentracks:accuracy_horizontal></extensions>
</trkpt>
<trkpt lat="50.426864" lon="-104.608589">
<ele>551</ele>
<time>2026-09-27T09:01:15.17-06:00</time>
<extensions>
<gpxtpx:TrackPointExtension>
<gpxtpx:speed>3.13</gpxtpx:speed>
</gpxtpx:TrackPointExtension>
<opentracks:accuracy_horizontal>6.122</opentracks:accuracy_horizontal></extensions>
</trkpt>
<trkpt lat="50.426885" lon="-104.608773">
<ele>552</ele>
<time>2026-09-27T09:01:19.171-06:00</time>
<extensions>
<gpxtpx:TrackPointExtension>
<gpxtpx:speed>2.88</gpxtpx:speed>
</gpxtpx:TrackPointExtension>
<opentracks:accuracy_horizontal>1.02</opentracks:accuracy_horizontal></extensions>
</trkpt>
<trkpt lat="50.426901" lon="-104.608941">
<ele>553</ele>
<time>2026-09-27T09:01:22.166-06:00</time>
<extensions>
<gpxtpx:TrackPointExtension>
<gpxtpx:speed>4.32</gpxtpx:speed>
</gpxtpx:TrackPointExtension>
<opentracks:accuracy_horizontal>1.02</opentracks:accuracy_horizontal></extensions>
</trkpt>
<trkpt lat="50.426919" lon="-104.609118">
<ele>553</ele>
<time>2026-09-27T09:01:25.172-06:00</time>
<extensions>
<gpxtpx:TrackPointExtension>
<gpxtpx:speed>4.06</gpxtpx:speed>
</gpxtpx:TrackPointExtension>
<opentracks:accuracy_horizontal>1.02</opentracks:accuracy_horizontal></extensions>
</trkpt>
<trkpt lat="50.426942" lon="-104.609278">
<ele>554</ele>
<time>2026-09-27T09:01:28.154-06:00</time>
<extensions>
<gpxtpx:TrackPointExtension>
<gpxtpx:speed>3.74</gpxtpx:speed>
</gpxtpx:TrackPointExtension>
<opentracks:accuracy_horizontal>1.02</opentracks:accuracy_horizontal></extensions>
</trkpt>
<trkpt lat="50.426963" lon="-104.609426">
<ele>553</ele>
<time>2026-09-27T09:01:31.167-06:00</time>
<extensions>
<gpxtpx:TrackPointExtension>
<gpxtpx:speed>3.62</gpxtpx:speed>
</gpxtpx:TrackPointExtension>
<opentracks:accuracy_horizontal>0.51</opentracks:accuracy_horizontal></extensions>
</trkpt>
<trkpt lat="50.427005" lon="-104.60958">
<ele>554</ele>
<time>2026-09-27T09:01:34.165-06:00</time>
<extensions>
<gpxtpx:TrackPointExtension>
<gpxtpx:speed>4.14</gpxtpx:speed>
</gpxtpx:TrackPointExtension>
<opentracks:accuracy_horizontal>5.102</opentracks:accuracy_horizontal></extensions>
</trkpt>
<trkpt lat="50.427066" lon="-104.609716">
<ele>554</ele>
<time>2026-09-27T09:01:37.172-06:00</time>
<extensions>
<gpxtpx:TrackPointExtension>
<gpxtpx:speed>3.3</gpxtpx:speed>
</gpxtpx:TrackPointExtension>
<opentracks:accuracy_horizontal>3.571</opentracks:accuracy_horizontal></extensions>
</trkpt>
<trkpt lat="50.427134" lon="-104.60983">
<ele>554</ele>
<time>2026-09-27T09:01:40.17-06:00</time>
<extensions>
<gpxtpx:TrackPointExtension>
<gpxtpx:speed>3.59</gpxtpx:speed>
</gpxtpx:TrackPointExtension>
<opentracks:accuracy_horizontal>4.592</opentracks:accuracy_horizontal></extensions>
</trkpt>
<trkpt lat="50.427214" lon="-104.609964">
<ele>553</ele>
<time>2026-09-27T09:01:44.176-06:00</time>
<extensions>
<gpxtpx:TrackPointExtension>
<gpxtpx:speed>3.09</gpxtpx:speed>
</gpxtpx:TrackPointExtension>
<opentracks:accuracy_horizontal>4.082</opentracks:accuracy_horizontal></extensions>
</trkpt>
<trkpt lat="50.427258" lon="-104.610113">
<ele>552</ele>
<time>2026-09-27T09:01:49.169-06:00</time>
<extensions>
<gpxtpx:TrackPointExtension>
<gpxtpx:speed>2.82</gpxtpx:speed>
</gpxtpx:TrackPointExtension>
<opentracks:accuracy_horizontal>5.612</opentracks:accuracy_horizontal></extensions>
</trkpt>
<trkpt lat="50.427196" lon="-104.610222">
<ele>552</ele>
<time>2026-09-27T09:01:53.172-06:00</time>
<extensions>
<gpxtpx:TrackPointExtension>
<gpxtpx:speed>3.42</gpxtpx:speed>
</gpxtpx:TrackPointExtension>
<opentracks:accuracy_horizontal>1.02</opentracks:accuracy_horizontal></extensions>
</trkpt>
<trkpt lat="50.427138" lon="-104.610354">
<ele>551</ele>
<time>2026-09-27T09:01:57.171-06:00</time>
<extensions>
<gpxtpx:TrackPointExtension>
<gpxtpx:speed>2.68</gpxtpx:speed>
</gpxtpx:TrackPointExtension>
<opentracks:accuracy_horizontal>1.02</opentracks:accuracy_horizontal></extensions>
</trkpt>
<trkpt lat="50.427126" lon="-104.610516">
<ele>553</ele>
<time>2026-09-27T09:02:02.173-06:00</time>
<extensions>
<gpxtpx:TrackPointExtension>
<gpxtpx:speed>2.32</gpxtpx:speed>
</gpxtpx:TrackPointExtension>
<opentracks:accuracy_horizontal>1.02</opentracks:accuracy_horizontal></extensions>
</trkpt>
<trkpt lat="50.427159" lon="-104.610677">
<ele>553</ele>
<time>2026-09-27T09:02:07.172-06:00</time>
<extensions>
<gpxtpx:TrackPointExtension>
<gpxtpx:speed>2.23</gpxtpx:speed>
</gpxtpx:TrackPointExtension>
<opentracks:accuracy_horizontal>6.122</opentracks:accuracy_horizontal></extensions>
</trkpt>
<trkpt lat="50.4272" lon="-104.610827">
<ele>553</ele>
<time>2026-09-27T09:02:12.173-06:00</time>
<extensions>
<gpxtpx:TrackPointExtension>
<gpxtpx:speed>2.54</gpxtpx:speed>
</gpxtpx:TrackPointExtension>
<opentracks:accuracy_horizontal>7.143</opentracks:accuracy_horizontal></extensions>
</trkpt>
<trkpt lat="50.427245" lon="-104.610966">
<ele>553</ele>
<time>2026-09-27T09:02:17.186-06:00</time>
<extensions>
<gpxtpx:TrackPointExtension>
<gpxtpx:speed>1.55</gpxtpx:speed>
</gpxtpx:TrackPointExtension>
<opentracks:accuracy_horizontal>9.694</opentracks:accuracy_horizontal></extensions>
</trkpt>
<trkpt lat="50.427306" lon="-104.611079">
<ele>553</ele>
<time>2026-09-27T09:02:22.158-06:00</time>
<extensions>
<gpxtpx:TrackPointExtension>
<gpxtpx:speed>1.5</gpxtpx:speed>
</gpxtpx:TrackPointExtension>
<opentracks:accuracy_horizontal>5.612</opentracks:accuracy_horizontal></extensions>
</trkpt>
<trkpt lat="50.427359" lon="-104.611193">
<ele>552</ele>
<time>2026-09-27T09:02:25.184-06:00</time>
<extensions>
<gpxtpx:TrackPointExtension>
<gpxtpx:speed>2.9</gpxtpx:speed>
</gpxtpx:TrackPointExtension>
<opentracks:accuracy_horizontal>6.633</opentracks:accuracy_horizontal></extensions>
</trkpt>
<trkpt lat="50.427401" lon="-104.611321">
<ele>552</ele>
<time>2026-09-27T09:02:29.179-06:00</time>
<extensions>
<gpxtpx:TrackPointExtension>
<gpxtpx:speed>2.58</gpxtpx:speed>
</gpxtpx:TrackPointExtension>
<opentracks:accuracy_horizontal>6.633</opentracks:accuracy_horizontal></extensions>
</trkpt>
<trkpt lat="50.427433" lon="-104.611458">
<ele>554</ele>
<time>2026-09-27T09:02:33.181-06:00</time>
<extensions>
<gpxtpx:TrackPointExtension>
<gpxtpx:speed>2.75</gpxtpx:speed>
</gpxtpx:TrackPointExtension>
<opentracks:accuracy_horizontal>1.02</opentracks:accuracy_horizontal></extensions>
</trkpt>
<trkpt lat="50.427489" lon="-104.611607">
<ele>554</ele>
<time>2026-09-27T09:02:37.165-06:00</time>
<extensions>
<gpxtpx:TrackPointExtension>
<gpxtpx:speed>2.87</gpxtpx:speed>
</gpxtpx:TrackPointExtension>
<opentracks:accuracy_horizontal>1.02</opentracks:accuracy_horizontal></extensions>
</trkpt>
<trkpt lat="50.427537" lon="-104.61174">
<ele>554</ele>
<time>2026-09-27T09:02:41.178-06:00</time>
<extensions>
<gpxtpx:TrackPointExtension>
<gpxtpx:speed>2.3</gpxtpx:speed>
</gpxtpx:TrackPointExtension>
<opentracks:accuracy_horizontal>1.02</opentracks:accuracy_horizontal></extensions>
</trkpt>
<trkpt lat="50.427593" lon="-104.611852">
<ele>554</ele>
<time>2026-09-27T09:02:45.162-06:00</time>
<extensions>
<gpxtpx:TrackPointExtension>
<gpxtpx:speed>2.79</gpxtpx:speed>
</gpxtpx:TrackPointExtension>
<opentracks:accuracy_horizontal>7.143</opentracks:accuracy_horizontal></extensions>
</trkpt>
<trkpt lat="50.427622" lon="-104.612015">
<ele>554</ele>
<time>2026-09-27T09:02:49.168-06:00</time>
<extensions>
<gpxtpx:TrackPointExtension>
<gpxtpx:speed>2.44</gpxtpx:speed>
</gpxtpx:TrackPointExtension>
<opentracks:accuracy_horizontal>6.122</opentracks:accuracy_horizontal></extensions>
</trkpt>
<trkpt lat="50.427635" lon="-104.612161">
<ele>554</ele>
<time>2026-09-27T09:02:54.171-06:00</time>
<extensions>
<gpxtpx:TrackPointExtension>
<gpxtpx:speed>2.45</gpxtpx:speed>
</gpxtpx:TrackPointExtension>
<opentracks:accuracy_horizontal>5.612</opentracks:accuracy_horizontal></extensions>
</trkpt>
<trkpt lat="50.427665" lon="-104.612301">
<ele>555</ele>
<time>2026-09-27T09:02:58.17-06:00</time>
<extensions>
<gpxtpx:TrackPointExtension>
<gpxtpx:speed>2.48</gpxtpx:speed>
</gpxtpx:TrackPointExtension>
<opentracks:accuracy_horizontal>5.612</opentracks:accuracy_horizontal></extensions>
</trkpt>
<trkpt lat="50.427709" lon="-104.612461">
<ele>553</ele>
<time>2026-09-27T09:03:02.166-06:00</time>
<extensions>
<gpxtpx:TrackPointExtension>
<gpxtpx:speed>2.58</gpxtpx:speed>
</gpxtpx:TrackPointExtension>
<opentracks:accuracy_horizontal>5.102</opentracks:accuracy_horizontal></extensions>
</trkpt>
<trkpt lat="50.427622" lon="-104.612517">
<ele>552</ele>
<time>2026-09-27T09:03:12.16-06:00</time>
<extensions>
<gpxtpx:TrackPointExtension>
<gpxtpx:speed>2.13</gpxtpx:speed>
</gpxtpx:TrackPointExtension>
<opentracks:accuracy_horizontal>6.122</opentracks:accuracy_horizontal></extensions>
</trkpt>
<trkpt lat="50.427586" lon="-104.612546">
<ele>549</ele>
<time>2026-09-27T09:03:22.17-06:00</time>
<extensions>
<gpxtpx:TrackPointExtension>
<gpxtpx:speed>0.07</gpxtpx:speed>
</gpxtpx:TrackPointExtension>
<opentracks:accuracy_horizontal>4.592</opentracks:accuracy_horizontal></extensions>
</trkpt>
<trkpt lat="50.427602" lon="-104.612701">
<ele>550</ele>
<time>2026-09-27T09:03:57.17-06:00</time>
<extensions>
<gpxtpx:TrackPointExtension>
<gpxtpx:speed>1.53</gpxtpx:speed>
</gpxtpx:TrackPointExtension>
<opentracks:accuracy_horizontal>0.51</opentracks:accuracy_horizontal></extensions>
</trkpt>
<trkpt lat="50.427654" lon="-104.612699">
<ele>551</ele>
<time>2026-09-27T09:04:07.186-06:00</time>
<extensions>
<gpxtpx:TrackPointExtension>
<gpxtpx:speed>0.49</gpxtpx:speed>
</gpxtpx:TrackPointExtension>
<opentracks:accuracy_horizontal>1.02</opentracks:accuracy_horizontal></extensions>
</trkpt>
<trkpt lat="50.427608" lon="-104.612567">
<ele>551</ele>
<time>2026-09-27T09:06:30.178-06:00</time>
<extensions>
<gpxtpx:TrackPointExtension>
<gpxtpx:speed>1.4</gpxtpx:speed>
</gpxtpx:TrackPointExtension>
<opentracks:accuracy_horizontal>1.02</opentracks:accuracy_horizontal></extensions>
</trkpt>
<trkpt lat="50.427593" lon="-104.61253">
<ele>552</ele>
<time>2026-09-27T09:06:39.189-06:00</time>
<extensions>
<gpxtpx:TrackPointExtension>
<gpxtpx:speed>0.02</gpxtpx:speed>
</gpxtpx:TrackPointExtension>
<opentracks:accuracy_horizontal>2.041</opentracks:accuracy_horizontal></extensions>
</trkpt>
<trkpt lat="50.427686" lon="-104.612553">
<ele>553</ele>
<time>2026-09-27T09:07:08.175-06:00</time>
<extensions>
<gpxtpx:TrackPointExtension>
<gpxtpx:speed>2.52</gpxtpx:speed>
</gpxtpx:TrackPointExtension>
<opentracks:accuracy_horizontal>5.612</opentracks:accuracy_horizontal></extensions>
</trkpt>
<trkpt lat="50.427756" lon="-104.612644">
<ele>553</ele>
<time>2026-09-27T09:07:12.18-06:00</time>
<extensions>
<gpxtpx:TrackPointExtension>
<gpxtpx:speed>2.35</gpxtpx:speed>
</gpxtpx:TrackPointExtension>
<opentracks:accuracy_horizontal>6.633</opentracks:accuracy_horizontal></extensions>
</trkpt>
<trkpt lat="50.4278" lon="-104.612773">
<ele>552</ele>
<time>2026-09-27T09:07:17.183-06:00</time>
<extensions>
<gpxtpx:TrackPointExtension>
<gpxtpx:speed>2.39</gpxtpx:speed>
</gpxtpx:TrackPointExtension>
<opentracks:accuracy_horizontal>6.122</opentracks:accuracy_horizontal></extensions>
</trkpt>
<trkpt lat="50.427873" lon="-104.61288">
<ele>552</ele>
<time>2026-09-27T09:07:21.18-06:00</time>
<extensions>
<gpxtpx:TrackPointExtension>
<gpxtpx:speed>2.37</gpxtpx:speed>
</gpxtpx:TrackPointExtension>
<opentracks:accuracy_horizontal>6.122</opentracks:accuracy_horizontal></extensions>
</trkpt>
<trkpt lat="50.427957" lon="-104.61294">
<ele>552</ele>
<time>2026-09-27T09:07:26.181-06:00</time>
<extensions>
<gpxtpx:TrackPointExtension>
<gpxtpx:speed>1.53</gpxtpx:speed>
</gpxtpx:TrackPointExtension>
<opentracks:accuracy_horizontal>8.673</opentracks:accuracy_horizontal></extensions>
</trkpt>
<trkpt lat="50.42806" lon="-104.61292">
<ele>552</ele>
<time>2026-09-27T09:07:31.196-06:00</time>
<extensions>
<gpxtpx:TrackPointExtension>
<gpxtpx:speed>1.87</gpxtpx:speed>
</gpxtpx:TrackPointExtension>
<opentracks:accuracy_horizontal>6.122</opentracks:accuracy_horizontal></extensions>
</trkpt>
<trkpt lat="50.428161" lon="-104.612896">
<ele>552</ele>
<time>2026-09-27T09:07:36.18-06:00</time>
<extensions>
<gpxtpx:TrackPointExtension>
<gpxtpx:speed>1.72</gpxtpx:speed>
</gpxtpx:TrackPointExtension>
<opentracks:accuracy_horizontal>6.122</opentracks:accuracy_horizontal></extensions>
</trkpt>
<trkpt lat="50.428256" lon="-104.612873">
<ele>552</ele>
<time>2026-09-27T09:07:41.189-06:00</time>
<extensions>
<gpxtpx:TrackPointExtension>
<gpxtpx:speed>1.87</gpxtpx:speed>
</gpxtpx:TrackPointExtension>
<opentracks:accuracy_horizontal>5.612</opentracks:accuracy_horizontal></extensions>
</trkpt>
<trkpt lat="50.428353" lon="-104.612878">
<ele>555</ele>
<time>2026-09-27T09:07:47.188-06:00</time>
<extensions>
<gpxtpx:TrackPointExtension>
<gpxtpx:speed>0.53</gpxtpx:speed>
</gpxtpx:TrackPointExtension>
<opentracks:accuracy_horizontal>5.612</opentracks:accuracy_horizontal></extensions>
</trkpt>
<trkpt lat="50.428373" lon="-104.612837">
<ele>552</ele>
<time>2026-09-27T09:07:57.188-06:00</time>
<extensions>
<gpxtpx:TrackPointExtension>
<gpxtpx:speed>0</gpxtpx:speed>
</gpxtpx:TrackPointExtension>
<opentracks:accuracy_horizontal>1.02</opentracks:accuracy_horizontal></extensions>
</trkpt>
<trkpt lat="50.428358" lon="-104.612692">
<ele>553</ele>
<time>2026-09-27T09:08:34.181-06:00</time>
<extensions>
<gpxtpx:TrackPointExtension>
<gpxtpx:speed>1.51</gpxtpx:speed>
</gpxtpx:TrackPointExtension>
<opentracks:accuracy_horizontal>6.633</opentracks:accuracy_horizontal></extensions>
</trkpt>
<trkpt lat="50.428365" lon="-104.612515">
<ele>553</ele>
<time>2026-09-27T09:08:39.178-06:00</time>
<extensions>
<gpxtpx:TrackPointExtension>
<gpxtpx:speed>2.85</gpxtpx:speed>
</gpxtpx:TrackPointExtension>
<opentracks:accuracy_horizontal>6.633</opentracks:accuracy_horizontal></extensions>
</trkpt>
<trkpt lat="50.428357" lon="-104.612335">
<ele>553</ele>
<time>2026-09-27T09:08:43.185-06:00</time>
<extensions>
<gpxtpx:TrackPointExtension>
<gpxtpx:speed>3.14</gpxtpx:speed>
</gpxtpx:TrackPointExtension>
<opentracks:accuracy_horizontal>5.102</opentracks:accuracy_horizontal></extensions>
</trkpt>
<trkpt lat="50.428354" lon="-104.612194">
<ele>552</ele>
<time>2026-09-27T09:08:49.185-06:00</time>
<extensions>
<gpxtpx:TrackPointExtension>
<gpxtpx:speed>1.64</gpxtpx:speed>
</gpxtpx:TrackPointExtension>
<opentracks:accuracy_horizontal>5.612</opentracks:accuracy_horizontal></extensions>
</trkpt>
<trkpt lat="50.428405" lon="-104.612176">
<ele>549</ele>
<time>2026-09-27T09:08:59.183-06:00</time>
<extensions>
<gpxtpx:TrackPointExtension>
<gpxtpx:speed>0.14</gpxtpx:speed>
</gpxtpx:TrackPointExtension>
<opentracks:accuracy_horizontal>5.102</opentracks:accuracy_horizontal></extensions>
</trkpt>
<trkpt lat="50.428306" lon="-104.612196">
<ele>548</ele>
<time>2026-09-27T09:18:26.186-06:00</time>
<extensions>
<gpxtpx:TrackPointExtension>
<gpxtpx:speed>1.6</gpxtpx:speed>
</gpxtpx:TrackPointExtension>
<opentracks:accuracy_horizontal>5.612</opentracks:accuracy_horizontal></extensions>
</trkpt>
<trkpt lat="50.428251" lon="-104.61204">
<ele>550</ele>
<time>2026-09-27T09:18:32.205-06:00</time>
<extensions>
<gpxtpx:TrackPointExtension>
<gpxtpx:speed>3.06</gpxtpx:speed>
</gpxtpx:TrackPointExtension>
<opentracks:accuracy_horizontal>6.122</opentracks:accuracy_horizontal></extensions>
</trkpt>
<trkpt lat="50.428206" lon="-104.611886">
<ele>551</ele>
<time>2026-09-27T09:18:36.191-06:00</time>
<extensions>
<gpxtpx:TrackPointExtension>
<gpxtpx:speed>3.5</gpxtpx:speed>
</gpxtpx:TrackPointExtension>
<opentracks:accuracy_horizontal>5.102</opentracks:accuracy_horizontal></extensions>
</trkpt>
<trkpt lat="50.428153" lon="-104.611763">
<ele>551</ele>
<time>2026-09-27T09:18:39.207-06:00</time>
<extensions>
<gpxtpx:TrackPointExtension>
<gpxtpx:speed>3.71</gpxtpx:speed>
</gpxtpx:TrackPointExtension>
<opentracks:accuracy_horizontal>5.612</opentracks:accuracy_horizontal></extensions>
</trkpt>
<trkpt lat="50.428094" lon="-104.611644">
<ele>551</ele>
<time>2026-09-27T09:18:42.196-06:00</time>
<extensions>
<gpxtpx:TrackPointExtension>
<gpxtpx:speed>3.23</gpxtpx:speed>
</gpxtpx:TrackPointExtension>
<opentracks:accuracy_horizontal>6.633</opentracks:accuracy_horizontal></extensions>
</trkpt>
<trkpt lat="50.428015" lon="-104.611532">
<ele>551</ele>
<time>2026-09-27T09:18:46.2-06:00</time>
<extensions>
<gpxtpx:TrackPointExtension>
<gpxtpx:speed>2.72</gpxtpx:speed>
</gpxtpx:TrackPointExtension>
<opentracks:accuracy_horizontal>6.122</opentracks:accuracy_horizontal></extensions>
</trkpt>
<trkpt lat="50.427956" lon="-104.611419">
<ele>551</ele>
<time>2026-09-27T09:18:49.203-06:00</time>
<extensions>
<gpxtpx:TrackPointExtension>
<gpxtpx:speed>3.45</gpxtpx:speed>
</gpxtpx:TrackPointExtension>
<opentracks:accuracy_horizontal>7.653</opentracks:accuracy_horizontal></extensions>
</trkpt>
<trkpt lat="50.427908" lon="-104.611299">
<ele>551</ele>
<time>2026-09-27T09:18:52.21-06:00</time>
<extensions>
<gpxtpx:TrackPointExtension>
<gpxtpx:speed>3.09</gpxtpx:speed>
</gpxtpx:TrackPointExtension>
<opentracks:accuracy_horizontal>1.02</opentracks:accuracy_horizontal></extensions>
</trkpt>
<trkpt lat="50.42786" lon="-104.611168">
<ele>552</ele>
<time>2026-09-27T09:18:56.2-06:00</time>
<extensions>
<gpxtpx:TrackPointExtension>
<gpxtpx:speed>2.33</gpxtpx:speed>
</gpxtpx:TrackPointExtension>
<opentracks:accuracy_horizontal>4.592</opentracks:accuracy_horizontal></extensions>
</trkpt>
<trkpt lat="50.427801" lon="-104.611043">
<ele>553</ele>
<time>2026-09-27T09:19:00.189-06:00</time>
<extensions>
<gpxtpx:TrackPointExtension>
<gpxtpx:speed>2.82</gpxtpx:speed>
</gpxtpx:TrackPointExtension>
<opentracks:accuracy_horizontal>4.592</opentracks:accuracy_horizontal></extensions>
</trkpt>
<trkpt lat="50.427739" lon="-104.61088">
<ele>552</ele>
<time>2026-09-27T09:19:04.193-06:00</time>
<extensions>
<gpxtpx:TrackPointExtension>
<gpxtpx:speed>3.56</gpxtpx:speed>
</gpxtpx:TrackPointExtension>
<opentracks:accuracy_horizontal>5.102</opentracks:accuracy_horizontal></extensions>
</trkpt>
<trkpt lat="50.427657" lon="-104.61075">
<ele>552</ele>
<time>2026-09-27T09:19:07.188-06:00</time>
<extensions>
<gpxtpx:TrackPointExtension>
<gpxtpx:speed>4.24</gpxtpx:speed>
</gpxtpx:TrackPointExtension>
<opentracks:accuracy_horizontal>4.082</opentracks:accuracy_horizontal></extensions>
</trkpt>
<trkpt lat="50.427582" lon="-104.61062">
<ele>552</ele>
<time>2026-09-27T09:19:10.194-06:00</time>
<extensions>
<gpxtpx:TrackPointExtension>
<gpxtpx:speed>4.22</gpxtpx:speed>
</gpxtpx:TrackPointExtension>
<opentracks:accuracy_horizontal>4.592</opentracks:accuracy_horizontal></extensions>
</trkpt>
<trkpt lat="50.427509" lon="-104.6105">
<ele>552</ele>
<time>2026-09-27T09:19:13.199-06:00</time>
<extensions>
<gpxtpx:TrackPointExtension>
<gpxtpx:speed>4.42</gpxtpx:speed>
</gpxtpx:TrackPointExtension>
<opentracks:accuracy_horizontal>1.02</opentracks:accuracy_horizontal></extensions>
</trkpt>
<trkpt lat="50.427426" lon="-104.610338">
<ele>551</ele>
<time>2026-09-27T09:19:16.184-06:00</time>
<extensions>
<gpxtpx:TrackPointExtension>
<gpxtpx:speed>4.02</gpxtpx:speed>
</gpxtpx:TrackPointExtension>
<opentracks:accuracy_horizontal>1.02</opentracks:accuracy_horizontal></extensions>
</trkpt>
<trkpt lat="50.427365" lon="-104.61023">
<ele>550</ele>
<time>2026-09-27T09:19:19.217-06:00</time>
<extensions>
<gpxtpx:TrackPointExtension>
<gpxtpx:speed>3.35</gpxtpx:speed>
</gpxtpx:TrackPointExtension>
<opentracks:accuracy_horizontal>1.02</opentracks:accuracy_horizontal></extensions>
</trkpt>
<trkpt lat="50.427293" lon="-104.610094">
<ele>551</ele>
<time>2026-09-27T09:19:23.198-06:00</time>
<extensions>
<gpxtpx:TrackPointExtension>
<gpxtpx:speed>3.63</gpxtpx:speed>
</gpxtpx:TrackPointExtension>
<opentracks:accuracy_horizontal>1.02</opentracks:accuracy_horizontal></extensions>
</trkpt>
<trkpt lat="50.427234" lon="-104.609967">
<ele>552</ele>
<time>2026-09-27T09:19:26.189-06:00</time>
<extensions>
<gpxtpx:TrackPointExtension>
<gpxtpx:speed>3.66</gpxtpx:speed>
</gpxtpx:TrackPointExtension>
<opentracks:accuracy_horizontal>1.02</opentracks:accuracy_horizontal></extensions>
</trkpt>
<trkpt lat="50.427155" lon="-104.609865">
<ele>552</ele>
<time>2026-09-27T09:19:29.196-06:00</time>
<extensions>
<gpxtpx:TrackPointExtension>
<gpxtpx:speed>3.7</gpxtpx:speed>
</gpxtpx:TrackPointExtension>
<opentracks:accuracy_horizontal>1.02</opentracks:accuracy_horizontal></extensions>
</trkpt>
<trkpt lat="50.427094" lon="-104.609762">
<ele>552</ele>
<time>2026-09-27T09:19:32.194-06:00</time>
<extensions>
<gpxtpx:TrackPointExtension>
<gpxtpx:speed>3.16</gpxtpx:speed>
</gpxtpx:TrackPointExtension>
<opentracks:accuracy_horizontal>1.02</opentracks:accuracy_horizontal></extensions>
</trkpt>
<trkpt lat="50.427043" lon="-104.609641">
<ele>553</ele>
<time>2026-09-27T09:19:35.204-06:00</time>
<extensions>
<gpxtpx:TrackPointExtension>
<gpxtpx:speed>3.41</gpxtpx:speed>
</gpxtpx:TrackPointExtension>
<opentracks:accuracy_horizontal>1.02</opentracks:accuracy_horizontal></extensions>
</trkpt>
<trkpt lat="50.426989" lon="-104.609518">
<ele>553</ele>
<time>2026-09-27T09:19:38.199-06:00</time>
<extensions>
<gpxtpx:TrackPointExtension>
<gpxtpx:speed>3.62</gpxtpx:speed>
</gpxtpx:TrackPointExtension>
<opentracks:accuracy_horizontal>1.02</opentracks:accuracy_horizontal></extensions>
</trkpt>
<trkpt lat="50.426951" lon="-104.609378">
<ele>553</ele>
<time>2026-09-27T09:19:41.192-06:00</time>
<extensions>
<gpxtpx:TrackPointExtension>
<gpxtpx:speed>3.43</gpxtpx:speed>
</gpxtpx:TrackPointExtension>
<opentracks:accuracy_horizontal>1.02</opentracks:accuracy_horizontal></extensions>
</trkpt>
<trkpt lat="50.426939" lon="-104.609236">
<ele>554</ele>
<time>2026-09-27T09:19:44.191-06:00</time>
<extensions>
<gpxtpx:TrackPointExtension>
<gpxtpx:speed>3.16</gpxtpx:speed>
</gpxtpx:TrackPointExtension>
<opentracks:accuracy_horizontal>1.02</opentracks:accuracy_horizontal></extensions>
</trkpt>
<trkpt lat="50.426916" lon="-104.609069">
<ele>553</ele>
<time>2026-09-27T09:19:48.206-06:00</time>
<extensions>
<gpxtpx:TrackPointExtension>
<gpxtpx:speed>3.04</gpxtpx:speed>
</gpxtpx:TrackPointExtension>
<opentracks:accuracy_horizontal>5.612</opentracks:accuracy_horizontal></extensions>
</trkpt>
<trkpt lat="50.426893" lon="-104.608917">
<ele>554</ele>
<time>2026-09-27T09:19:52.2-06:00</time>
<extensions>
<gpxtpx:TrackPointExtension>
<gpxtpx:speed>2.63</gpxtpx:speed>
</gpxtpx:TrackPointExtension>
<opentracks:accuracy_horizontal>4.592</opentracks:accuracy_horizontal></extensions>
</trkpt>
<trkpt lat="50.42688" lon="-104.608767">
<ele>554</ele>
<time>2026-09-27T09:19:56.211-06:00</time>
<extensions>
<gpxtpx:TrackPointExtension>
<gpxtpx:speed>2.62</gpxtpx:speed>
</gpxtpx:TrackPointExtension>
<opentracks:accuracy_horizontal>4.082</opentracks:accuracy_horizontal></extensions>
</trkpt>
<trkpt lat="50.426862" lon="-104.608621">
<ele>553</ele>
<time>2026-09-27T09:20:00.211-06:00</time>
<extensions>
<gpxtpx:TrackPointExtension>
<gpxtpx:speed>2.79</gpxtpx:speed>
</gpxtpx:TrackPointExtension>
<opentracks:accuracy_horizontal>4.082</opentracks:accuracy_horizontal></extensions>
</trkpt>
<trkpt lat="50.426847" lon="-104.60845">
<ele>552</ele>
<time>2026-09-27T09:20:03.199-06:00</time>
<extensions>
<gpxtpx:TrackPointExtension>
<gpxtpx:speed>4.64</gpxtpx:speed>
</gpxtpx:TrackPointExtension>
<opentracks:accuracy_horizontal>3.571</opentracks:accuracy_horizontal></extensions>
</trkpt>
<trkpt lat="50.426836" lon="-104.608282">
<ele>552</ele>
<time>2026-09-27T09:20:06.213-06:00</time>
<extensions>
<gpxtpx:TrackPointExtension>
<gpxtpx:speed>3.74</gpxtpx:speed>
</gpxtpx:TrackPointExtension>
<opentracks:accuracy_horizontal>5.102</opentracks:accuracy_horizontal></extensions>
</trkpt>
<trkpt lat="50.426837" lon="-104.608131">
<ele>552</ele>
<time>2026-09-27T09:20:09.204-06:00</time>
<extensions>
<gpxtpx:TrackPointExtension>
<gpxtpx:speed>3.58</gpxtpx:speed>
</gpxtpx:TrackPointExtension>
<opentracks:accuracy_horizontal>1.02</opentracks:accuracy_horizontal></extensions>
</trkpt>
<trkpt lat="50.42684" lon="-104.607984">
<ele>552</ele>
<time>2026-09-27T09:20:12.198-06:00</time>
<extensions>
<gpxtpx:TrackPointExtension>
<gpxtpx:speed>3.69</gpxtpx:speed>
</gpxtpx:TrackPointExtension>
<opentracks:accuracy_horizontal>1.02</opentracks:accuracy_horizontal></extensions>
</trkpt>
<trkpt lat="50.426845" lon="-104.607798">
<ele>552</ele>
<time>2026-09-27T09:20:15.202-06:00</time>
<extensions>
<gpxtpx:TrackPointExtension>
<gpxtpx:speed>3.69</gpxtpx:speed>
</gpxtpx:TrackPointExtension>
<opentracks:accuracy_horizontal>1.02</opentracks:accuracy_horizontal></extensions>
</trkpt>
<trkpt lat="50.426868" lon="-104.607657">
<ele>552</ele>
<time>2026-09-27T09:20:19.2-06:00</time>
<extensions>
<gpxtpx:TrackPointExtension>
<gpxtpx:speed>2.7</gpxtpx:speed>
</gpxtpx:TrackPointExtension>
<opentracks:accuracy_horizontal>1.02</opentracks:accuracy_horizontal></extensions>
</trkpt>
<trkpt lat="50.426959" lon="-104.607522">
<ele>550</ele>
<time>2026-09-27T09:20:23.202-06:00</time>
<extensions>
<gpxtpx:TrackPointExtension>
<gpxtpx:speed>4.25</gpxtpx:speed>
</gpxtpx:TrackPointExtension>
<opentracks:accuracy_horizontal>7.143</opentracks:accuracy_horizontal></extensions>
</trkpt>
<trkpt lat="50.427031" lon="-104.607356">
<ele>551</ele>
<time>2026-09-27T09:20:26.198-06:00</time>
<extensions>
<gpxtpx:TrackPointExtension>
<gpxtpx:speed>4.33</gpxtpx:speed>
</gpxtpx:TrackPointExtension>
<opentracks:accuracy_horizontal>6.122</opentracks:accuracy_horizontal></extensions>
</trkpt>
<trkpt lat="50.427108" lon="-104.607208">
<ele>551</ele>
<time>2026-09-27T09:20:29.193-06:00</time>
<extensions>
<gpxtpx:TrackPointExtension>
<gpxtpx:speed>4.33</gpxtpx:speed>
</gpxtpx:TrackPointExtension>
<opentracks:accuracy_horizontal>4.592</opentracks:accuracy_horizontal></extensions>
</trkpt>
<trkpt lat="50.427151" lon="-104.607051">
<ele>550</ele>
<time>2026-09-27T09:20:32.187-06:00</time>
<extensions>
<gpxtpx:TrackPointExtension>
<gpxtpx:speed>3.73</gpxtpx:speed>
</gpxtpx:TrackPointExtension>
<opentracks:accuracy_horizontal>1.02</opentracks:accuracy_horizontal></extensions>
</trkpt>
<trkpt lat="50.427199" lon="-104.60691">
<ele>550</ele>
<time>2026-09-27T09:20:35.198-06:00</time>
<extensions>
<gpxtpx:TrackPointExtension>
<gpxtpx:speed>4.03</gpxtpx:speed>
</gpxtpx:TrackPointExtension>
<opentracks:accuracy_horizontal>4.592</opentracks:accuracy_horizontal></extensions>
</trkpt>
<trkpt lat="50.427274" lon="-104.606784">
<ele>550</ele>
<time>2026-09-27T09:20:38.192-06:00</time>
<extensions>
<gpxtpx:TrackPointExtension>
<gpxtpx:speed>3.77</gpxtpx:speed>
</gpxtpx:TrackPointExtension>
<opentracks:accuracy_horizontal>5.102</opentracks:accuracy_horizontal></extensions>
</trkpt>
<trkpt lat="50.427372" lon="-104.606696">
<ele>551</ele>
<time>2026-09-27T09:20:42.184-06:00</time>
<extensions>
<gpxtpx:TrackPointExtension>
<gpxtpx:speed>3.28</gpxtpx:speed>
</gpxtpx:TrackPointExtension>
<opentracks:accuracy_horizontal>1.02</opentracks:accuracy_horizontal></extensions>
</trkpt>
<trkpt lat="50.427467" lon="-104.606621">
<ele>552</ele>
<time>2026-09-27T09:20:45.188-06:00</time>
<extensions>
<gpxtpx:TrackPointExtension>
<gpxtpx:speed>3.83</gpxtpx:speed>
</gpxtpx:TrackPointExtension>
<opentracks:accuracy_horizontal>1.02</opentracks:accuracy_horizontal></extensions>
</trkpt>
<trkpt lat="50.427535" lon="-104.606468">
<ele>552</ele>
<time>2026-09-27T09:20:49.184-06:00</time>
<extensions>
<gpxtpx:TrackPointExtension>
<gpxtpx:speed>3.22</gpxtpx:speed>
</gpxtpx:TrackPointExtension>
<opentracks:accuracy_horizontal>1.02</opentracks:accuracy_horizontal></extensions>
</trkpt>
<trkpt lat="50.427598" lon="-104.606296">
<ele>552</ele>
<time>2026-09-27T09:20:53.198-06:00</time>
<extensions>
<gpxtpx:TrackPointExtension>
<gpxtpx:speed>3.83</gpxtpx:speed>
</gpxtpx:TrackPointExtension>
<opentracks:accuracy_horizontal>1.02</opentracks:accuracy_horizontal></extensions>
</trkpt>
<trkpt lat="50.42766" lon="-104.606183">
<ele>552</ele>
<time>2026-09-27T09:20:56.211-06:00</time>
<extensions>
<gpxtpx:TrackPointExtension>
<gpxtpx:speed>3.47</gpxtpx:speed>
</gpxtpx:TrackPointExtension>
<opentracks:accuracy_horizontal>1.02</opentracks:accuracy_horizontal></extensions>
</trkpt>
<trkpt lat="50.427758" lon="-104.606068">
<ele>551</ele>
<time>2026-09-27T09:21:00.2-06:00</time>
<extensions>
<gpxtpx:TrackPointExtension>
<gpxtpx:speed>3.7</gpxtpx:speed>
</gpxtpx:TrackPointExtension>
<opentracks:accuracy_horizontal>1.02</opentracks:accuracy_horizontal></extensions>
</trkpt>
<trkpt lat="50.427842" lon="-104.605994">
<ele>551</ele>
<time>2026-09-27T09:21:03.197-06:00</time>
<extensions>
<gpxtpx:TrackPointExtension>
<gpxtpx:speed>3.81</gpxtpx:speed>
</gpxtpx:TrackPointExtension>
<opentracks:accuracy_horizontal>1.02</opentracks:accuracy_horizontal></extensions>
</trkpt>
<trkpt lat="50.427932" lon="-104.605915">
<ele>552</ele>
<time>2026-09-27T09:21:06.203-06:00</time>
<extensions>
<gpxtpx:TrackPointExtension>
<gpxtpx:speed>3.67</gpxtpx:speed>
</gpxtpx:TrackPointExtension>
<opentracks:accuracy_horizontal>5.102</opentracks:accuracy_horizontal></extensions>
</trkpt>
<trkpt lat="50.428023" lon="-104.605802">
<ele>551</ele>
<time>2026-09-27T09:21:09.205-06:00</time>
<extensions>
<gpxtpx:TrackPointExtension>
<gpxtpx:speed>4.18</gpxtpx:speed>
</gpxtpx:TrackPointExtension>
<opentracks:accuracy_horizontal>1.02</opentracks:accuracy_horizontal></extensions>
</trkpt>
<trkpt lat="50.428096" lon="-104.60567">
<ele>552</ele>
<time>2026-09-27T09:21:12.194-06:00</time>
<extensions>
<gpxtpx:TrackPointExtension>
<gpxtpx:speed>3.91</gpxtpx:speed>
</gpxtpx:TrackPointExtension>
<opentracks:accuracy_horizontal>1.02</opentracks:accuracy_horizontal></extensions>
</trkpt>
<trkpt lat="50.428153" lon="-104.605535">
<ele>552</ele>
<time>2026-09-27T09:21:15.194-06:00</time>
<extensions>
<gpxtpx:TrackPointExtension>
<gpxtpx:speed>4.16</gpxtpx:speed>
</gpxtpx:TrackPointExtension>
<opentracks:accuracy_horizontal>4.592</opentracks:accuracy_horizontal></extensions>
</trkpt>
<trkpt lat="50.42819" lon="-104.605403">
<ele>552</ele>
<time>2026-09-27T09:21:18.206-06:00</time>
<extensions>
<gpxtpx:TrackPointExtension>
<gpxtpx:speed>3.44</gpxtpx:speed>
</gpxtpx:TrackPointExtension>
<opentracks:accuracy_horizontal>4.592</opentracks:accuracy_horizontal></extensions>
</trkpt>
<trkpt lat="50.428269" lon="-104.605283">
<ele>552</ele>
<time>2026-09-27T09:21:22.209-06:00</time>
<extensions>
<gpxtpx:TrackPointExtension>
<gpxtpx:speed>3.53</gpxtpx:speed>
</gpxtpx:TrackPointExtension>
<opentracks:accuracy_horizontal>0.51</opentracks:accuracy_horizontal></extensions>
</trkpt>
<trkpt lat="50.428345" lon="-104.605183">
<ele>551</ele>
<time>2026-09-27T09:21:25.211-06:00</time>
<extensions>
<gpxtpx:TrackPointExtension>
<gpxtpx:speed>4.03</gpxtpx:speed>
</gpxtpx:TrackPointExtension>
<opentracks:accuracy_horizontal>1.02</opentracks:accuracy_horizontal></extensions>
</trkpt>
<trkpt lat="50.428405" lon="-104.605077">
<ele>551</ele>
<time>2026-09-27T09:21:27.203-06:00</time>
<extensions>
<gpxtpx:TrackPointExtension>
<gpxtpx:speed>4.56</gpxtpx:speed>
</gpxtpx:TrackPointExtension>
<opentracks:accuracy_horizontal>1.02</opentracks:accuracy_horizontal></extensions>
</trkpt>
<trkpt lat="50.428477" lon="-104.604923">
<ele>551</ele>
<time>2026-09-27T09:21:30.206-06:00</time>
<extensions>
<gpxtpx:TrackPointExtension>
<gpxtpx:speed>4.17</gpxtpx:speed>
</gpxtpx:TrackPointExtension>
<opentracks:accuracy_horizontal>4.592</opentracks:accuracy_horizontal></extensions>
</trkpt>
<trkpt lat="50.428531" lon="-104.604758">
<ele>551</ele>
<time>2026-09-27T09:21:33.198-06:00</time>
<extensions>
<gpxtpx:TrackPointExtension>
<gpxtpx:speed>4.08</gpxtpx:speed>
</gpxtpx:TrackPointExtension>
<opentracks:accuracy_horizontal>4.592</opentracks:accuracy_horizontal></extensions>
</trkpt>
<trkpt lat="50.428579" lon="-104.604612">
<ele>551</ele>
<time>2026-09-27T09:21:36.206-06:00</time>
<extensions>
<gpxtpx:TrackPointExtension>
<gpxtpx:speed>3.85</gpxtpx:speed>
</gpxtpx:TrackPointExtension>
<opentracks:accuracy_horizontal>5.102</opentracks:accuracy_horizontal></extensions>
</trkpt>
<trkpt lat="50.428625" lon="-104.604477">
<ele>551</ele>
<time>2026-09-27T09:21:39.202-06:00</time>
<extensions>
<gpxtpx:TrackPointExtension>
<gpxtpx:speed>3.73</gpxtpx:speed>
</gpxtpx:TrackPointExtension>
<opentracks:accuracy_horizontal>5.612</opentracks:accuracy_horizontal></extensions>
</trkpt>
<trkpt lat="50.428667" lon="-104.604351">
<ele>552</ele>
<time>2026-09-27T09:21:42.211-06:00</time>
<extensions>
<gpxtpx:TrackPointExtension>
<gpxtpx:speed>3.4</gpxtpx:speed>
</gpxtpx:TrackPointExtension>
<opentracks:accuracy_horizontal>6.122</opentracks:accuracy_horizontal></extensions>
</trkpt>
<trkpt lat="50.428692" lon="-104.604191">
<ele>552</ele>
<time>2026-09-27T09:21:45.193-06:00</time>
<extensions>
<gpxtpx:TrackPointExtension>
<gpxtpx:speed>3.35</gpxtpx:speed>
</gpxtpx:TrackPointExtension>
<opentracks:accuracy_horizontal>0.51</opentracks:accuracy_horizontal></extensions>
</trkpt>
<trkpt lat="50.428705" lon="-104.604043">
<ele>552</ele>
<time>2026-09-27T09:21:48.211-06:00</time>
<extensions>
<gpxtpx:TrackPointExtension>
<gpxtpx:speed>3.45</gpxtpx:speed>
</gpxtpx:TrackPointExtension>
<opentracks:accuracy_horizontal>5.612</opentracks:accuracy_horizontal></extensions>
</trkpt>
<trkpt lat="50.428722" lon="-104.603901">
<ele>552</ele>
<time>2026-09-27T09:21:51.203-06:00</time>
<extensions>
<gpxtpx:TrackPointExtension>
<gpxtpx:speed>3.05</gpxtpx:speed>
</gpxtpx:TrackPointExtension>
<opentracks:accuracy_horizontal>6.122</opentracks:accuracy_horizontal></extensions>
</trkpt>
<trkpt lat="50.428756" lon="-104.603724">
<ele>552</ele>
<time>2026-09-27T09:21:55.203-06:00</time>
<extensions>
<gpxtpx:TrackPointExtension>
<gpxtpx:speed>3.16</gpxtpx:speed>
</gpxtpx:TrackPointExtension>
<opentracks:accuracy_horizontal>4.082</opentracks:accuracy_horizontal></extensions>
</trkpt>
<trkpt lat="50.428789" lon="-104.603552">
<ele>552</ele>
<time>2026-09-27T09:21:59.213-06:00</time>
<extensions>
<gpxtpx:TrackPointExtension>
<gpxtpx:speed>2.87</gpxtpx:speed>
</gpxtpx:TrackPointExtension>
<opentracks:accuracy_horizontal>4.082</opentracks:accuracy_horizontal></extensions>
</trkpt>
<trkpt lat="50.428816" lon="-104.603398">
<ele>552</ele>
<time>2026-09-27T09:22:03.213-06:00</time>
<extensions>
<gpxtpx:TrackPointExtension>
<gpxtpx:speed>3.67</gpxtpx:speed>
</gpxtpx:TrackPointExtension>
<opentracks:accuracy_horizontal>5.102</opentracks:accuracy_horizontal></extensions>
</trkpt>
<trkpt lat="50.428865" lon="-104.603242">
<ele>551</ele>
<time>2026-09-27T09:22:07.212-06:00</time>
<extensions>
<gpxtpx:TrackPointExtension>
<gpxtpx:speed>3.1</gpxtpx:speed>
</gpxtpx:TrackPointExtension>
<opentracks:accuracy_horizontal>1.02</opentracks:accuracy_horizontal></extensions>
</trkpt>
<trkpt lat="50.428941" lon="-104.603126">
<ele>551</ele>
<time>2026-09-27T09:22:11.209-06:00</time>
<extensions>
<gpxtpx:TrackPointExtension>
<gpxtpx:speed>2.73</gpxtpx:speed>
</gpxtpx:TrackPointExtension>
<opentracks:accuracy_horizontal>5.102</opentracks:accuracy_horizontal></extensions>
</trkpt>
<trkpt lat="50.429041" lon="-104.603119">
<ele>551</ele>
<time>2026-09-27T09:22:15.192-06:00</time>
<extensions>
<gpxtpx:TrackPointExtension>
<gpxtpx:speed>2.94</gpxtpx:speed>
</gpxtpx:TrackPointExtension>
<opentracks:accuracy_horizontal>4.592</opentracks:accuracy_horizontal></extensions>
</trkpt>
<trkpt lat="50.429126" lon="-104.603175">
<ele>550</ele>
<time>2026-09-27T09:22:18.195-06:00</time>
<extensions>
<gpxtpx:TrackPointExtension>
<gpxtpx:speed>3.69</gpxtpx:speed>
</gpxtpx:TrackPointExtension>
<opentracks:accuracy_horizontal>5.102</opentracks:accuracy_horizontal></extensions>
</trkpt>
<trkpt lat="50.429217" lon="-104.603236">
<ele>551</ele>
<time>2026-09-27T09:22:21.202-06:00</time>
<extensions>
<gpxtpx:TrackPointExtension>
<gpxtpx:speed>3.27</gpxtpx:speed>
</gpxtpx:TrackPointExtension>
<opentracks:accuracy_horizontal>5.102</opentracks:accuracy_horizontal></extensions>
</trkpt>
<trkpt lat="50.429315" lon="-104.603308">
<ele>551</ele>
<time>2026-09-27T09:22:25.191-06:00</time>
<extensions>
<gpxtpx:TrackPointExtension>
<gpxtpx:speed>2.95</gpxtpx:speed>
</gpxtpx:TrackPointExtension>
<opentracks:accuracy_horizontal>1.02</opentracks:accuracy_horizontal></extensions>
</trkpt>
<trkpt lat="50.429418" lon="-104.603399">
<ele>551</ele>
<time>2026-09-27T09:22:29.199-06:00</time>
<extensions>
<gpxtpx:TrackPointExtension>
<gpxtpx:speed>3.27</gpxtpx:speed>
</gpxtpx:TrackPointExtension>
<opentracks:accuracy_horizontal>3.571</opentracks:accuracy_horizontal></extensions>
</trkpt>
<trkpt lat="50.429513" lon="-104.603448">
<ele>551</ele>
<time>2026-09-27T09:22:33.204-06:00</time>
<extensions>
<gpxtpx:TrackPointExtension>
<gpxtpx:speed>2.59</gpxtpx:speed>
</gpxtpx:TrackPointExtension>
<opentracks:accuracy_horizontal>3.571</opentracks:accuracy_horizontal></extensions>
</trkpt>
<trkpt lat="50.429607" lon="-104.603459">
<ele>551</ele>
<time>2026-09-27T09:22:38.191-06:00</time>
<extensions>
<gpxtpx:TrackPointExtension>
<gpxtpx:speed>1.9</gpxtpx:speed>
</gpxtpx:TrackPointExtension>
<opentracks:accuracy_horizontal>3.571</opentracks:accuracy_horizontal></extensions>
</trkpt>
<trkpt lat="50.4297" lon="-104.603488">
<ele>551</ele>
<time>2026-09-27T09:22:45.204-06:00</time>
<extensions>
<gpxtpx:TrackPointExtension>
<gpxtpx:speed>1.53</gpxtpx:speed>
</gpxtpx:TrackPointExtension>
<opentracks:accuracy_horizontal>4.082</opentracks:accuracy_horizontal></extensions>
</trkpt>
<trkpt lat="50.429798" lon="-104.603407">
<ele>550</ele>
<time>2026-09-27T09:22:51.198-06:00</time>
<extensions>
<gpxtpx:TrackPointExtension>
<gpxtpx:speed>2.64</gpxtpx:speed>
</gpxtpx:TrackPointExtension>
<opentracks:accuracy_horizontal>4.082</opentracks:accuracy_horizontal></extensions>
</trkpt>
<trkpt lat="50.429837" lon="-104.603267">
<ele>550</ele>
<time>2026-09-27T09:22:55.192-06:00</time>
<extensions>
<gpxtpx:TrackPointExtension>
<gpxtpx:speed>2.86</gpxtpx:speed>
</gpxtpx:TrackPointExtension>
<opentracks:accuracy_horizontal>8.673</opentracks:accuracy_horizontal></extensions>
</trkpt>
<trkpt lat="50.429886" lon="-104.603095">
<ele>549</ele>
<time>2026-09-27T09:22:59.193-06:00</time>
<extensions>
<gpxtpx:TrackPointExtension>
<gpxtpx:speed>3.22</gpxtpx:speed>
</gpxtpx:TrackPointExtension>
<opentracks:accuracy_horizontal>8.673</opentracks:accuracy_horizontal></extensions>
</trkpt>
<trkpt lat="50.429887" lon="-104.60295">
<ele>550</ele>
<time>2026-09-27T09:23:03.221-06:00</time>
<extensions>
<gpxtpx:TrackPointExtension>
<gpxtpx:speed>2.13</gpxtpx:speed>
</gpxtpx:TrackPointExtension>
<opentracks:accuracy_horizontal>6.122</opentracks:accuracy_horizontal></extensions>
</trkpt>
<trkpt lat="50.429825" lon="-104.602817">
<ele>549</ele>
<time>2026-09-27T09:23:07.21-06:00</time>
<extensions>
<gpxtpx:TrackPointExtension>
<gpxtpx:speed>2.81</gpxtpx:speed>
</gpxtpx:TrackPointExtension>
<opentracks:accuracy_horizontal>5.102</opentracks:accuracy_horizontal></extensions>
</trkpt>
<trkpt lat="50.429739" lon="-104.602751">
<ele>550</ele>
<time>2026-09-27T09:23:10.2-06:00</time>
<extensions>
<gpxtpx:TrackPointExtension>
<gpxtpx:speed>3.71</gpxtpx:speed>
</gpxtpx:TrackPointExtension>
<opentracks:accuracy_horizontal>4.082</opentracks:accuracy_horizontal></extensions>
</trkpt>
<trkpt lat="50.429633" lon="-104.60266">
<ele>549</ele>
<time>2026-09-27T09:23:13.205-06:00</time>
<extensions>
<gpxtpx:TrackPointExtension>
<gpxtpx:speed>4.2</gpxtpx:speed>
</gpxtpx:TrackPointExtension>
<opentracks:accuracy_horizontal>4.082</opentracks:accuracy_horizontal></extensions>
</trkpt>
<trkpt lat="50.42955" lon="-104.602603">
<ele>548</ele>
<time>2026-09-27T09:23:15.203-06:00</time>
<extensions>
<gpxtpx:TrackPointExtension>
<gpxtpx:speed>4.32</gpxtpx:speed>
</gpxtpx:TrackPointExtension>
<opentracks:accuracy_horizontal>1.02</opentracks:accuracy_horizontal></extensions>
</trkpt>
<trkpt lat="50.429462" lon="-104.602525">
<ele>548</ele>
<time>2026-09-27T09:23:18.211-06:00</time>
<extensions>
<gpxtpx:TrackPointExtension>
<gpxtpx:speed>3.74</gpxtpx:speed>
</gpxtpx:TrackPointExtension>
<opentracks:accuracy_horizontal>1.02</opentracks:accuracy_horizontal></extensions>
</trkpt>
<trkpt lat="50.429423" lon="-104.60238">
<ele>548</ele>
<time>2026-09-27T09:23:21.208-06:00</time>
<extensions>
<gpxtpx:TrackPointExtension>
<gpxtpx:speed>3.52</gpxtpx:speed>
</gpxtpx:TrackPointExtension>
<opentracks:accuracy_horizontal>1.02</opentracks:accuracy_horizontal></extensions>
</trkpt>
<trkpt lat="50.429414" lon="-104.602238">
<ele>548</ele>
<time>2026-09-27T09:23:24.194-06:00</time>
<extensions>
<gpxtpx:TrackPointExtension>
<gpxtpx:speed>3.43</gpxtpx:speed>
</gpxtpx:TrackPointExtension>
<opentracks:accuracy_horizontal>0.51</opentracks:accuracy_horizontal></extensions>
</trkpt>
<trkpt lat="50.429398" lon="-104.602068">
<ele>548</ele>
<time>2026-09-27T09:23:28.216-06:00</time>
<extensions>
<gpxtpx:TrackPointExtension>
<gpxtpx:speed>2.81</gpxtpx:speed>
</gpxtpx:TrackPointExtension>
<opentracks:accuracy_horizontal>0.51</opentracks:accuracy_horizontal></extensions>
</trkpt>
<trkpt lat="50.429396" lon="-104.601909">
<ele>548</ele>
<time>2026-09-27T09:23:32.192-06:00</time>
<extensions>
<gpxtpx:TrackPointExtension>
<gpxtpx:speed>3.45</gpxtpx:speed>
</gpxtpx:TrackPointExtension>
<opentracks:accuracy_horizontal>4.082</opentracks:accuracy_horizontal></extensions>
</trkpt>
<trkpt lat="50.429403" lon="-104.60176">
<ele>548</ele>
<time>2026-09-27T09:23:35.214-06:00</time>
<extensions>
<gpxtpx:TrackPointExtension>
<gpxtpx:speed>3.51</gpxtpx:speed>
</gpxtpx:TrackPointExtension>
<opentracks:accuracy_horizontal>5.612</opentracks:accuracy_horizontal></extensions>
</trkpt>
<trkpt lat="50.429416" lon="-104.601603">
<ele>548</ele>
<time>2026-09-27T09:23:38.195-06:00</time>
<extensions>
<gpxtpx:TrackPointExtension>
<gpxtpx:speed>3.75</gpxtpx:speed>
</gpxtpx:TrackPointExtension>
<opentracks:accuracy_horizontal>5.612</opentracks:accuracy_horizontal></extensions>
</trkpt>
<trkpt lat="50.429437" lon="-104.601437">
<ele>548</ele>
<time>2026-09-27T09:23:41.21-06:00</time>
<extensions>
<gpxtpx:TrackPointExtension>
<gpxtpx:speed>4.07</gpxtpx:speed>
</gpxtpx:TrackPointExtension>
<opentracks:accuracy_horizontal>6.122</opentracks:accuracy_horizontal></extensions>
</trkpt>
<trkpt lat="50.429443" lon="-104.601275">
<ele>550</ele>
<time>2026-09-27T09:23:44.214-06:00</time>
<extensions>
<gpxtpx:TrackPointExtension>
<gpxtpx:speed>3.93</gpxtpx:speed>
</gpxtpx:TrackPointExtension>
<opentracks:accuracy_horizontal>4.082</opentracks:accuracy_horizontal></extensions>
</trkpt>
<trkpt lat="50.429442" lon="-104.601115">
<ele>550</ele>
<time>2026-09-27T09:23:47.197-06:00</time>
<extensions>
<gpxtpx:TrackPointExtension>
<gpxtpx:speed>3.85</gpxtpx:speed>
</gpxtpx:TrackPointExtension>
<opentracks:accuracy_horizontal>5.612</opentracks:accuracy_horizontal></extensions>
</trkpt>
<trkpt lat="50.429437" lon="-104.60096">
<ele>551</ele>
<time>2026-09-27T09:23:50.204-06:00</time>
<extensions>
<gpxtpx:TrackPointExtension>
<gpxtpx:speed>3.81</gpxtpx:speed>
</gpxtpx:TrackPointExtension>
<opentracks:accuracy_horizontal>6.122</opentracks:accuracy_horizontal></extensions>
</trkpt>
<trkpt lat="50.429414" lon="-104.600822">
<ele>551</ele>
<time>2026-09-27T09:23:53.189-06:00</time>
<extensions>
<gpxtpx:TrackPointExtension>
<gpxtpx:speed>3.64</gpxtpx:speed>
</gpxtpx:TrackPointExtension>
<opentracks:accuracy_horizontal>1.02</opentracks:accuracy_horizontal></extensions>
</trkpt>
<trkpt lat="50.429397" lon="-104.600665">
<ele>552</ele>
<time>2026-09-27T09:23:56.197-06:00</time>
<extensions>
<gpxtpx:TrackPointExtension>
<gpxtpx:speed>3.59</gpxtpx:speed>
</gpxtpx:TrackPointExtension>
<opentracks:accuracy_horizontal>1.02</opentracks:accuracy_horizontal></extensions>
</trkpt>
<trkpt lat="50.429367" lon="-104.600528">
<ele>552</ele>
<time>2026-09-27T09:23:59.204-06:00</time>
<extensions>
<gpxtpx:TrackPointExtension>
<gpxtpx:speed>3.26</gpxtpx:speed>
</gpxtpx:TrackPointExtension>
<opentracks:accuracy_horizontal>1.02</opentracks:accuracy_horizontal></extensions>
</trkpt>
<trkpt lat="50.429382" lon="-104.600371">
<ele>551</ele>
<time>2026-09-27T09:24:02.196-06:00</time>
<extensions>
<gpxtpx:TrackPointExtension>
<gpxtpx:speed>3.93</gpxtpx:speed>
</gpxtpx:TrackPointExtension>
<opentracks:accuracy_horizontal>1.02</opentracks:accuracy_horizontal></extensions>
</trkpt>
<trkpt lat="50.429418" lon="-104.600222">
<ele>552</ele>
<time>2026-09-27T09:24:05.192-06:00</time>
<extensions>
<gpxtpx:TrackPointExtension>
<gpxtpx:speed>3.52</gpxtpx:speed>
</gpxtpx:TrackPointExtension>
<opentracks:accuracy_horizontal>6.122</opentracks:accuracy_horizontal></extensions>
</trkpt>
<trkpt lat="50.429451" lon="-104.60009">
<ele>552</ele>
<time>2026-09-27T09:24:08.209-06:00</time>
<extensions>
<gpxtpx:TrackPointExtension>
<gpxtpx:speed>3.35</gpxtpx:speed>
</gpxtpx:TrackPointExtension>
<opentracks:accuracy_horizontal>6.122</opentracks:accuracy_horizontal></extensions>
</trkpt>
<trkpt lat="50.429476" lon="-104.599947">
<ele>552</ele>
<time>2026-09-27T09:24:11.203-06:00</time>
<extensions>
<gpxtpx:TrackPointExtension>
<gpxtpx:speed>3.85</gpxtpx:speed>
</gpxtpx:TrackPointExtension>
<opentracks:accuracy_horizontal>5.102</opentracks:accuracy_horizontal></extensions>
</trkpt>
<trkpt lat="50.429478" lon="-104.599777">
<ele>552</ele>
<time>2026-09-27T09:24:14.195-06:00</time>
<extensions>
<gpxtpx:TrackPointExtension>
<gpxtpx:speed>3.76</gpxtpx:speed>
</gpxtpx:TrackPointExtension>
<opentracks:accuracy_horizontal>6.122</opentracks:accuracy_horizontal></extensions>
</trkpt>
<trkpt lat="50.429477" lon="-104.599594">
<ele>551</ele>
<time>2026-09-27T09:24:17.2-06:00</time>
<extensions>
<gpxtpx:TrackPointExtension>
<gpxtpx:speed>3.75</gpxtpx:speed>
</gpxtpx:TrackPointExtension>
<opentracks:accuracy_horizontal>4.082</opentracks:accuracy_horizontal></extensions>
</trkpt>
<trkpt lat="50.429458" lon="-104.599421">
<ele>551</ele>
<time>2026-09-27T09:24:20.207-06:00</time>
<extensions>
<gpxtpx:TrackPointExtension>
<gpxtpx:speed>4.09</gpxtpx:speed>
</gpxtpx:TrackPointExtension>
<opentracks:accuracy_horizontal>4.592</opentracks:accuracy_horizontal></extensions>
</trkpt>
<trkpt lat="50.429437" lon="-104.599268">
<ele>552</ele>
<time>2026-09-27T09:24:23.214-06:00</time>
<extensions>
<gpxtpx:TrackPointExtension>
<gpxtpx:speed>3.71</gpxtpx:speed>
</gpxtpx:TrackPointExtension>
<opentracks:accuracy_horizontal>1.02</opentracks:accuracy_horizontal></extensions>
</trkpt>
<trkpt lat="50.429423" lon="-104.599123">
<ele>552</ele>
<time>2026-09-27T09:24:26.209-06:00</time>
<extensions>
<gpxtpx:TrackPointExtension>
<gpxtpx:speed>3.29</gpxtpx:speed>
</gpxtpx:TrackPointExtension>
<opentracks:accuracy_horizontal>1.02</opentracks:accuracy_horizontal></extensions>
</trkpt>
<trkpt lat="50.429435" lon="-104.598976">
<ele>553</ele>
<time>2026-09-27T09:24:29.212-06:00</time>
<extensions>
<gpxtpx:TrackPointExtension>
<gpxtpx:speed>3.72</gpxtpx:speed>
</gpxtpx:TrackPointExtension>
<opentracks:accuracy_horizontal>1.02</opentracks:accuracy_horizontal></extensions>
</trkpt>
<trkpt lat="50.429455" lon="-104.598829">
<ele>553</ele>
<time>2026-09-27T09:24:32.192-06:00</time>
<extensions>
<gpxtpx:TrackPointExtension>
<gpxtpx:speed>3.68</gpxtpx:speed>
</gpxtpx:TrackPointExtension>
<opentracks:accuracy_horizontal>1.02</opentracks:accuracy_horizontal></extensions>
</trkpt>
<trkpt lat="50.42948" lon="-104.598682">
<ele>553</ele>
<time>2026-09-27T09:24:35.207-06:00</time>
<extensions>
<gpxtpx:TrackPointExtension>
<gpxtpx:speed>3.54</gpxtpx:speed>
</gpxtpx:TrackPointExtension>
<opentracks:accuracy_horizontal>1.02</opentracks:accuracy_horizontal></extensions>
</trkpt>
<trkpt lat="50.429506" lon="-104.598522">
<ele>553</ele>
<time>2026-09-27T09:24:38.211-06:00</time>
<extensions>
<gpxtpx:TrackPointExtension>
<gpxtpx:speed>3.7</gpxtpx:speed>
</gpxtpx:TrackPointExtension>
<opentracks:accuracy_horizontal>0.51</opentracks:accuracy_horizontal></extensions>
</trkpt>
<trkpt lat="50.429529" lon="-104.598338">
<ele>552</ele>
<time>2026-09-27T09:24:41.201-06:00</time>
<extensions>
<gpxtpx:TrackPointExtension>
<gpxtpx:speed>4.18</gpxtpx:speed>
</gpxtpx:TrackPointExtension>
<opentracks:accuracy_horizontal>1.02</opentracks:accuracy_horizontal></extensions>
</trkpt>
<trkpt lat="50.42957" lon="-104.598211">
<ele>552</ele>
<time>2026-09-27T09:24:43.192-06:00</time>
<extensions>
<gpxtpx:TrackPointExtension>
<gpxtpx:speed>4.69</gpxtpx:speed>
</gpxtpx:TrackPointExtension>
<opentracks:accuracy_horizontal>1.02</opentracks:accuracy_horizontal></extensions>
</trkpt>
<trkpt lat="50.429654" lon="-104.598057">
<ele>551</ele>
<time>2026-09-27T09:24:46.2-06:00</time>
<extensions>
<gpxtpx:TrackPointExtension>
<gpxtpx:speed>4.63</gpxtpx:speed>
</gpxtpx:TrackPointExtension>
<opentracks:accuracy_horizontal>1.02</opentracks:accuracy_horizontal></extensions>
</trkpt>
<trkpt lat="50.429752" lon="-104.597923">
<ele>551</ele>
<time>2026-09-27T09:24:49.211-06:00</time>
<extensions>
<gpxtpx:TrackPointExtension>
<gpxtpx:speed>4.91</gpxtpx:speed>
</gpxtpx:TrackPointExtension>
<opentracks:accuracy_horizontal>4.082</opentracks:accuracy_horizontal></extensions>
</trkpt>
<trkpt lat="50.429828" lon="-104.597764">
<ele>550</ele>
<time>2026-09-27T09:24:52.225-06:00</time>
<extensions>
<gpxtpx:TrackPointExtension>
<gpxtpx:speed>4.62</gpxtpx:speed>
</gpxtpx:TrackPointExtension>
<opentracks:accuracy_horizontal>4.082</opentracks:accuracy_horizontal></extensions>
</trkpt>
<trkpt lat="50.429846" lon="-104.597592">
<ele>550</ele>
<time>2026-09-27T09:24:55.215-06:00</time>
<extensions>
<gpxtpx:TrackPointExtension>
<gpxtpx:speed>4.22</gpxtpx:speed>
</gpxtpx:TrackPointExtension>
<opentracks:accuracy_horizontal>4.592</opentracks:accuracy_horizontal></extensions>
</trkpt>
<trkpt lat="50.429807" lon="-104.597451">
<ele>550</ele>
<time>2026-09-27T09:24:58.206-06:00</time>
<extensions>
<gpxtpx:TrackPointExtension>
<gpxtpx:speed>3.89</gpxtpx:speed>
</gpxtpx:TrackPointExtension>
<opentracks:accuracy_horizontal>3.061</opentracks:accuracy_horizontal></extensions>
</trkpt>
<trkpt lat="50.429751" lon="-104.597301">
<ele>550</ele>
<time>2026-09-27T09:25:01.205-06:00</time>
<extensions>
<gpxtpx:TrackPointExtension>
<gpxtpx:speed>4.56</gpxtpx:speed>
</gpxtpx:TrackPointExtension>
<opentracks:accuracy_horizontal>4.082</opentracks:accuracy_horizontal></extensions>
</trkpt>
<trkpt lat="50.429688" lon="-104.597142">
<ele>550</ele>
<time>2026-09-27T09:25:04.197-06:00</time>
<extensions>
<gpxtpx:TrackPointExtension>
<gpxtpx:speed>4.45</gpxtpx:speed>
</gpxtpx:TrackPointExtension>
<opentracks:accuracy_horizontal>1.02</opentracks:accuracy_horizontal></extensions>
</trkpt>
<trkpt lat="50.429626" lon="-104.596948">
<ele>549</ele>
<time>2026-09-27T09:25:07.206-06:00</time>
<extensions>
<gpxtpx:TrackPointExtension>
<gpxtpx:speed>5.2</gpxtpx:speed>
</gpxtpx:TrackPointExtension>
<opentracks:accuracy_horizontal>1.02</opentracks:accuracy_horizontal></extensions>
</trkpt>
<trkpt lat="50.429601" lon="-104.596801">
<ele>549</ele>
<time>2026-09-27T09:25:09.204-06:00</time>
<extensions>
<gpxtpx:TrackPointExtension>
<gpxtpx:speed>4.95</gpxtpx:speed>
</gpxtpx:TrackPointExtension>
<opentracks:accuracy_horizontal>1.02</opentracks:accuracy_horizontal></extensions>
</trkpt>
<trkpt lat="50.429587" lon="-104.596622">
<ele>549</ele>
<time>2026-09-27T09:25:12.202-06:00</time>
<extensions>
<gpxtpx:TrackPointExtension>
<gpxtpx:speed>4.14</gpxtpx:speed>
</gpxtpx:TrackPointExtension>
<opentracks:accuracy_horizontal>0.51</opentracks:accuracy_horizontal></extensions>
</trkpt>
<trkpt lat="50.429549" lon="-104.596479">
<ele>550</ele>
<time>2026-09-27T09:25:15.202-06:00</time>
<extensions>
<gpxtpx:TrackPointExtension>
<gpxtpx:speed>3.43</gpxtpx:speed>
</gpxtpx:TrackPointExtension>
<opentracks:accuracy_horizontal>3.571</opentracks:accuracy_horizontal></extensions>
</trkpt>
<trkpt lat="50.429484" lon="-104.596379">
<ele>550</ele>
<time>2026-09-27T09:25:18.223-06:00</time>
<extensions>
<gpxtpx:TrackPointExtension>
<gpxtpx:speed>3.45</gpxtpx:speed>
</gpxtpx:TrackPointExtension>
<opentracks:accuracy_horizontal>5.612</opentracks:accuracy_horizontal></extensions>
</trkpt>
<trkpt lat="50.429408" lon="-104.596275">
<ele>550</ele>
<time>2026-09-27T09:25:21.208-06:00</time>
<extensions>
<gpxtpx:TrackPointExtension>
<gpxtpx:speed>3.78</gpxtpx:speed>
</gpxtpx:TrackPointExtension>
<opentracks:accuracy_horizontal>1.02</opentracks:accuracy_horizontal></extensions>
</trkpt>
<trkpt lat="50.429338" lon="-104.596151">
<ele>550</ele>
<time>2026-09-27T09:25:24.204-06:00</time>
<extensions>
<gpxtpx:TrackPointExtension>
<gpxtpx:speed>3.87</gpxtpx:speed>
</gpxtpx:TrackPointExtension>
<opentracks:accuracy_horizontal>1.02</opentracks:accuracy_horizontal></extensions>
</trkpt>
<trkpt lat="50.42926" lon="-104.596015">
<ele>550</ele>
<time>2026-09-27T09:25:27.208-06:00</time>
<extensions>
<gpxtpx:TrackPointExtension>
<gpxtpx:speed>4.05</gpxtpx:speed>
</gpxtpx:TrackPointExtension>
<opentracks:accuracy_horizontal>1.02</opentracks:accuracy_horizontal></extensions>
</trkpt>
<trkpt lat="50.429205" lon="-104.595873">
<ele>551</ele>
<time>2026-09-27T09:25:30.195-06:00</time>
<extensions>
<gpxtpx:TrackPointExtension>
<gpxtpx:speed>3.95</gpxtpx:speed>
</gpxtpx:TrackPointExtension>
<opentracks:accuracy_horizontal>1.02</opentracks:accuracy_horizontal></extensions>
</trkpt>
<trkpt lat="50.42913" lon="-104.595746">
<ele>552</ele>
<time>2026-09-27T09:25:33.201-06:00</time>
<extensions>
<gpxtpx:TrackPointExtension>
<gpxtpx:speed>3.93</gpxtpx:speed>
</gpxtpx:TrackPointExtension>
<opentracks:accuracy_horizontal>1.02</opentracks:accuracy_horizontal></extensions>
</trkpt>
<trkpt lat="50.429067" lon="-104.595614">
<ele>552</ele>
<time>2026-09-27T09:25:36.191-06:00</time>
<extensions>
<gpxtpx:TrackPointExtension>
<gpxtpx:speed>4</gpxtpx:speed>
</gpxtpx:TrackPointExtension>
<opentracks:accuracy_horizontal>1.02</opentracks:accuracy_horizontal></extensions>
</trkpt>
<trkpt lat="50.428986" lon="-104.595509">
<ele>551</ele>
<time>2026-09-27T09:25:39.204-06:00</time>
<extensions>
<gpxtpx:TrackPointExtension>
<gpxtpx:speed>4.3</gpxtpx:speed>
</gpxtpx:TrackPointExtension>
<opentracks:accuracy_horizontal>1.02</opentracks:accuracy_horizontal></extensions>
</trkpt>
<trkpt lat="50.428907" lon="-104.595392">
<ele>552</ele>
<time>2026-09-27T09:25:42.19-06:00</time>
<extensions>
<gpxtpx:TrackPointExtension>
<gpxtpx:speed>4.35</gpxtpx:speed>
</gpxtpx:TrackPointExtension>
<opentracks:accuracy_horizontal>1.02</opentracks:accuracy_horizontal></extensions>
</trkpt>
<trkpt lat="50.428827" lon="-104.595272">
<ele>552</ele>
<time>2026-09-27T09:25:45.212-06:00</time>
<extensions>
<gpxtpx:TrackPointExtension>
<gpxtpx:speed>3.87</gpxtpx:speed>
</gpxtpx:TrackPointExtension>
<opentracks:accuracy_horizontal>0.51</opentracks:accuracy_horizontal></extensions>
</trkpt>
<trkpt lat="50.428769" lon="-104.595164">
<ele>552</ele>
<time>2026-09-27T09:25:48.204-06:00</time>
<extensions>
<gpxtpx:TrackPointExtension>
<gpxtpx:speed>3.43</gpxtpx:speed>
</gpxtpx:TrackPointExtension>
<opentracks:accuracy_horizontal>1.02</opentracks:accuracy_horizontal></extensions>
</trkpt>
<trkpt lat="50.428696" lon="-104.595043">
<ele>552</ele>
<time>2026-09-27T09:25:51.208-06:00</time>
<extensions>
<gpxtpx:TrackPointExtension>
<gpxtpx:speed>4.17</gpxtpx:speed>
</gpxtpx:TrackPointExtension>
<opentracks:accuracy_horizontal>7.143</opentracks:accuracy_horizontal></extensions>
</trkpt>
<trkpt lat="50.428625" lon="-104.594944">
<ele>551</ele>
<time>2026-09-27T09:25:53.214-06:00</time>
<extensions>
<gpxtpx:TrackPointExtension>
<gpxtpx:speed>5.03</gpxtpx:speed>
</gpxtpx:TrackPointExtension>
<opentracks:accuracy_horizontal>5.102</opentracks:accuracy_horizontal></extensions>
</trkpt>
<trkpt lat="50.428564" lon="-104.594838">
<ele>552</ele>
<time>2026-09-27T09:25:55.206-06:00</time>
<extensions>
<gpxtpx:TrackPointExtension>
<gpxtpx:speed>4.98</gpxtpx:speed>
</gpxtpx:TrackPointExtension>
<opentracks:accuracy_horizontal>1.02</opentracks:accuracy_horizontal></extensions>
</trkpt>
<trkpt lat="50.428482" lon="-104.594722">
<ele>552</ele>
<time>2026-09-27T09:25:58.219-06:00</time>
<extensions>
<gpxtpx:TrackPointExtension>
<gpxtpx:speed>3.44</gpxtpx:speed>
</gpxtpx:TrackPointExtension>
<opentracks:accuracy_horizontal>1.02</opentracks:accuracy_horizontal></extensions>
</trkpt>
<trkpt lat="50.428398" lon="-104.594632">
<ele>553</ele>
<time>2026-09-27T09:26:01.209-06:00</time>
<extensions>
<gpxtpx:TrackPointExtension>
<gpxtpx:speed>3.91</gpxtpx:speed>
</gpxtpx:TrackPointExtension>
<opentracks:accuracy_horizontal>1.02</opentracks:accuracy_horizontal></extensions>
</trkpt>
<trkpt lat="50.428305" lon="-104.594522">
<ele>554</ele>
<time>2026-09-27T09:26:04.209-06:00</time>
<extensions>
<gpxtpx:TrackPointExtension>
<gpxtpx:speed>4.39</gpxtpx:speed>
</gpxtpx:TrackPointExtension>
<opentracks:accuracy_horizontal>0.51</opentracks:accuracy_horizontal></extensions>
</trkpt>
<trkpt lat="50.428221" lon="-104.594417">
<ele>554</ele>
<time>2026-09-27T09:26:07.222-06:00</time>
<extensions>
<gpxtpx:TrackPointExtension>
<gpxtpx:speed>4.08</gpxtpx:speed>
</gpxtpx:TrackPointExtension>
<opentracks:accuracy_horizontal>1.02</opentracks:accuracy_horizontal></extensions>
</trkpt>
<trkpt lat="50.428115" lon="-104.594338">
<ele>554</ele>
<time>2026-09-27T09:26:10.213-06:00</time>
<extensions>
<gpxtpx:TrackPointExtension>
<gpxtpx:speed>4.91</gpxtpx:speed>
</gpxtpx:TrackPointExtension>
<opentracks:accuracy_horizontal>1.02</opentracks:accuracy_horizontal></extensions>
</trkpt>
<trkpt lat="50.428008" lon="-104.594255">
<ele>555</ele>
<time>2026-09-27T09:26:13.216-06:00</time>
<extensions>
<gpxtpx:TrackPointExtension>
<gpxtpx:speed>4.1</gpxtpx:speed>
</gpxtpx:TrackPointExtension>
<opentracks:accuracy_horizontal>1.02</opentracks:accuracy_horizontal></extensions>
</trkpt>
<trkpt lat="50.427904" lon="-104.594207">
<ele>554</ele>
<time>2026-09-27T09:26:16.214-06:00</time>
<extensions>
<gpxtpx:TrackPointExtension>
<gpxtpx:speed>3.62</gpxtpx:speed>
</gpxtpx:TrackPointExtension>
<opentracks:accuracy_horizontal>1.02</opentracks:accuracy_horizontal></extensions>
</trkpt>
<trkpt lat="50.42781" lon="-104.594133">
<ele>555</ele>
<time>2026-09-27T09:26:19.21-06:00</time>
<extensions>
<gpxtpx:TrackPointExtension>
<gpxtpx:speed>3.68</gpxtpx:speed>
</gpxtpx:TrackPointExtension>
<opentracks:accuracy_horizontal>5.102</opentracks:accuracy_horizontal></extensions>
</trkpt>
<trkpt lat="50.427719" lon="-104.594065">
<ele>554</ele>
<time>2026-09-27T09:26:22.209-06:00</time>
<extensions>
<gpxtpx:TrackPointExtension>
<gpxtpx:speed>3.77</gpxtpx:speed>
</gpxtpx:TrackPointExtension>
<opentracks:accuracy_horizontal>4.082</opentracks:accuracy_horizontal></extensions>
</trkpt>
<trkpt lat="50.42761" lon="-104.594012">
<ele>553</ele>
<time>2026-09-27T09:26:25.22-06:00</time>
<extensions>
<gpxtpx:TrackPointExtension>
<gpxtpx:speed>3.99</gpxtpx:speed>
</gpxtpx:TrackPointExtension>
<opentracks:accuracy_horizontal>4.082</opentracks:accuracy_horizontal></extensions>
</trkpt>
<trkpt lat="50.427505" lon="-104.59393">
<ele>552</ele>
<time>2026-09-27T09:26:28.211-06:00</time>
<extensions>
<gpxtpx:TrackPointExtension>
<gpxtpx:speed>4.33</gpxtpx:speed>
</gpxtpx:TrackPointExtension>
<opentracks:accuracy_horizontal>5.102</opentracks:accuracy_horizontal></extensions>
</trkpt>
<trkpt lat="50.42741" lon="-104.593821">
<ele>552</ele>
<time>2026-09-27T09:26:31.198-06:00</time>
<extensions>
<gpxtpx:TrackPointExtension>
<gpxtpx:speed>4.48</gpxtpx:speed>
</gpxtpx:TrackPointExtension>
<opentracks:accuracy_horizontal>4.592</opentracks:accuracy_horizontal></extensions>
</trkpt>
<trkpt lat="50.427317" lon="-104.593702">
<ele>551</ele>
<time>2026-09-27T09:26:34.21-06:00</time>
<extensions>
<gpxtpx:TrackPointExtension>
<gpxtpx:speed>4.3</gpxtpx:speed>
</gpxtpx:TrackPointExtension>
<opentracks:accuracy_horizontal>5.102</opentracks:accuracy_horizontal></extensions>
</trkpt>
<trkpt lat="50.427242" lon="-104.59357">
<ele>550</ele>
<time>2026-09-27T09:26:37.212-06:00</time>
<extensions>
<gpxtpx:TrackPointExtension>
<gpxtpx:speed>4.09</gpxtpx:speed>
</gpxtpx:TrackPointExtension>
<opentracks:accuracy_horizontal>4.592</opentracks:accuracy_horizontal></extensions>
</trkpt>
<trkpt lat="50.427166" lon="-104.593442">
<ele>550</ele>
<time>2026-09-27T09:26:40.196-06:00</time>
<extensions>
<gpxtpx:TrackPointExtension>
<gpxtpx:speed>4.98</gpxtpx:speed>
</gpxtpx:TrackPointExtension>
<opentracks:accuracy_horizontal>3.571</opentracks:accuracy_horizontal></extensions>
</trkpt>
<trkpt lat="50.427076" lon="-104.5933">
<ele>550</ele>
<time>2026-09-27T09:26:43.216-06:00</time>
<extensions>
<gpxtpx:TrackPointExtension>
<gpxtpx:speed>4.65</gpxtpx:speed>
</gpxtpx:TrackPointExtension>
<opentracks:accuracy_horizontal>4.082</opentracks:accuracy_horizontal></extensions>
</trkpt>
<trkpt lat="50.426971" lon="-104.593179">
<ele>550</ele>
<time>2026-09-27T09:26:46.201-06:00</time>
<extensions>
<gpxtpx:TrackPointExtension>
<gpxtpx:speed>4.72</gpxtpx:speed>
</gpxtpx:TrackPointExtension>
<opentracks:accuracy_horizontal>1.02</opentracks:accuracy_horizontal></extensions>
</trkpt>
<trkpt lat="50.426855" lon="-104.593123">
<ele>550</ele>
<time>2026-09-27T09:26:49.223-06:00</time>
<extensions>
<gpxtpx:TrackPointExtension>
<gpxtpx:speed>4.47</gpxtpx:speed>
</gpxtpx:TrackPointExtension>
<opentracks:accuracy_horizontal>4.082</opentracks:accuracy_horizontal></extensions>
</trkpt>
<trkpt lat="50.426747" lon="-104.593145">
<ele>550</ele>
<time>2026-09-27T09:26:52.215-06:00</time>
<extensions>
<gpxtpx:TrackPointExtension>
<gpxtpx:speed>3.85</gpxtpx:speed>
</gpxtpx:TrackPointExtension>
<opentracks:accuracy_horizontal>4.082</opentracks:accuracy_horizontal></extensions>
</trkpt>
<trkpt lat="50.426622" lon="-104.593174">
<ele>550</ele>
<time>2026-09-27T09:26:55.209-06:00</time>
<extensions>
<gpxtpx:TrackPointExtension>
<gpxtpx:speed>4.54</gpxtpx:speed>
</gpxtpx:TrackPointExtension>
<opentracks:accuracy_horizontal>4.592</opentracks:accuracy_horizontal></extensions>
</trkpt>
<trkpt lat="50.426503" lon="-104.593183">
<ele>550</ele>
<time>2026-09-27T09:26:58.219-06:00</time>
<extensions>
<gpxtpx:TrackPointExtension>
<gpxtpx:speed>4.38</gpxtpx:speed>
</gpxtpx:TrackPointExtension>
<opentracks:accuracy_horizontal>5.102</opentracks:accuracy_horizontal></extensions>
</trkpt>
<trkpt lat="50.42639" lon="-104.593217">
<ele>550</ele>
<time>2026-09-27T09:27:01.198-06:00</time>
<extensions>
<gpxtpx:TrackPointExtension>
<gpxtpx:speed>4.62</gpxtpx:speed>
</gpxtpx:TrackPointExtension>
<opentracks:accuracy_horizontal>4.592</opentracks:accuracy_horizontal></extensions>
</trkpt>
<trkpt lat="50.426274" lon="-104.593266">
<ele>549</ele>
<time>2026-09-27T09:27:04.223-06:00</time>
<extensions>
<gpxtpx:TrackPointExtension>
<gpxtpx:speed>4.64</gpxtpx:speed>
</gpxtpx:TrackPointExtension>
<opentracks:accuracy_horizontal>1.02</opentracks:accuracy_horizontal></extensions>
</trkpt>
<trkpt lat="50.426181" lon="-104.593398">
<ele>550</ele>
<time>2026-09-27T09:27:07.223-06:00</time>
<extensions>
<gpxtpx:TrackPointExtension>
<gpxtpx:speed>4.2</gpxtpx:speed>
</gpxtpx:TrackPointExtension>
<opentracks:accuracy_horizontal>1.02</opentracks:accuracy_horizontal></extensions>
</trkpt>
<trkpt lat="50.426118" lon="-104.593529">
<ele>551</ele>
<time>2026-09-27T09:27:10.211-06:00</time>
<extensions>
<gpxtpx:TrackPointExtension>
<gpxtpx:speed>3.62</gpxtpx:speed>
</gpxtpx:TrackPointExtension>
<opentracks:accuracy_horizontal>1.02</opentracks:accuracy_horizontal></extensions>
</trkpt>
<trkpt lat="50.426024" lon="-104.593637">
<ele>551</ele>
<time>2026-09-27T09:27:14.215-06:00</time>
<extensions>
<gpxtpx:TrackPointExtension>
<gpxtpx:speed>3.53</gpxtpx:speed>
</gpxtpx:TrackPointExtension>
<opentracks:accuracy_horizontal>1.02</opentracks:accuracy_horizontal></extensions>
</trkpt>
<trkpt lat="50.425923" lon="-104.593703">
<ele>550</ele>
<time>2026-09-27T09:27:17.21-06:00</time>
<extensions>
<gpxtpx:TrackPointExtension>
<gpxtpx:speed>4.21</gpxtpx:speed>
</gpxtpx:TrackPointExtension>
<opentracks:accuracy_horizontal>1.02</opentracks:accuracy_horizontal></extensions>
</trkpt>
<trkpt lat="50.425818" lon="-104.593771">
<ele>550</ele>
<time>2026-09-27T09:27:20.203-06:00</time>
<extensions>
<gpxtpx:TrackPointExtension>
<gpxtpx:speed>4.07</gpxtpx:speed>
</gpxtpx:TrackPointExtension>
<opentracks:accuracy_horizontal>1.02</opentracks:accuracy_horizontal></extensions>
</trkpt>
<trkpt lat="50.425729" lon="-104.59386">
<ele>550</ele>
<time>2026-09-27T09:27:23.223-06:00</time>
<extensions>
<gpxtpx:TrackPointExtension>
<gpxtpx:speed>3.48</gpxtpx:speed>
</gpxtpx:TrackPointExtension>
<opentracks:accuracy_horizontal>4.082</opentracks:accuracy_horizontal></extensions>
</trkpt>
<trkpt lat="50.425636" lon="-104.593959">
<ele>550</ele>
<time>2026-09-27T09:27:26.206-06:00</time>
<extensions>
<gpxtpx:TrackPointExtension>
<gpxtpx:speed>4.41</gpxtpx:speed>
</gpxtpx:TrackPointExtension>
<opentracks:accuracy_horizontal>1.02</opentracks:accuracy_horizontal></extensions>
</trkpt>
<trkpt lat="50.425547" lon="-104.594084">
<ele>551</ele>
<time>2026-09-27T09:27:29.232-06:00</time>
<extensions>
<gpxtpx:TrackPointExtension>
<gpxtpx:speed>3.98</gpxtpx:speed>
</gpxtpx:TrackPointExtension>
<opentracks:accuracy_horizontal>1.02</opentracks:accuracy_horizontal></extensions>
</trkpt>
<trkpt lat="50.425481" lon="-104.594191">
<ele>551</ele>
<time>2026-09-27T09:27:32.208-06:00</time>
<extensions>
<gpxtpx:TrackPointExtension>
<gpxtpx:speed>3.59</gpxtpx:speed>
</gpxtpx:TrackPointExtension>
<opentracks:accuracy_horizontal>1.02</opentracks:accuracy_horizontal></extensions>
</trkpt>
<trkpt lat="50.425437" lon="-104.594315">
<ele>551</ele>
<time>2026-09-27T09:27:35.204-06:00</time>
<extensions>
<gpxtpx:TrackPointExtension>
<gpxtpx:speed>3.04</gpxtpx:speed>
</gpxtpx:TrackPointExtension>
<opentracks:accuracy_horizontal>1.02</opentracks:accuracy_horizontal></extensions>
</trkpt>
<trkpt lat="50.425333" lon="-104.594422">
<ele>551</ele>
<time>2026-09-27T09:27:39.211-06:00</time>
<extensions>
<gpxtpx:TrackPointExtension>
<gpxtpx:speed>3.58</gpxtpx:speed>
</gpxtpx:TrackPointExtension>
<opentracks:accuracy_horizontal>1.02</opentracks:accuracy_horizontal></extensions>
</trkpt>
<trkpt lat="50.425244" lon="-104.594473">
<ele>550</ele>
<time>2026-09-27T09:27:42.212-06:00</time>
<extensions>
<gpxtpx:TrackPointExtension>
<gpxtpx:speed>3.67</gpxtpx:speed>
</gpxtpx:TrackPointExtension>
<opentracks:accuracy_horizontal>1.02</opentracks:accuracy_horizontal></extensions>
</trkpt>
<trkpt lat="50.425145" lon="-104.594509">
<ele>550</ele>
<time>2026-09-27T09:27:45.204-06:00</time>
<extensions>
<gpxtpx:TrackPointExtension>
<gpxtpx:speed>3.91</gpxtpx:speed>
</gpxtpx:TrackPointExtension>
<opentracks:accuracy_horizontal>1.02</opentracks:accuracy_horizontal></extensions>
</trkpt>
<trkpt lat="50.425029" lon="-104.594519">
<ele>548</ele>
<time>2026-09-27T09:27:49.208-06:00</time>
<extensions>
<gpxtpx:TrackPointExtension>
<gpxtpx:speed>3.5</gpxtpx:speed>
</gpxtpx:TrackPointExtension>
<opentracks:accuracy_horizontal>6.633</opentracks:accuracy_horizontal></extensions>
</trkpt>
<trkpt lat="50.424921" lon="-104.594521">
<ele>548</ele>
<time>2026-09-27T09:27:52.204-06:00</time>
<extensions>
<gpxtpx:TrackPointExtension>
<gpxtpx:speed>4.37</gpxtpx:speed>
</gpxtpx:TrackPointExtension>
<opentracks:accuracy_horizontal>6.122</opentracks:accuracy_horizontal></extensions>
</trkpt>
<trkpt lat="50.424798" lon="-104.594565">
<ele>548</ele>
<time>2026-09-27T09:27:55.204-06:00</time>
<extensions>
<gpxtpx:TrackPointExtension>
<gpxtpx:speed>4.66</gpxtpx:speed>
</gpxtpx:TrackPointExtension>
<opentracks:accuracy_horizontal>4.082</opentracks:accuracy_horizontal></extensions>
</trkpt>
<trkpt lat="50.424691" lon="-104.594648">
<ele>548</ele>
<time>2026-09-27T09:27:58.211-06:00</time>
<extensions>
<gpxtpx:TrackPointExtension>
<gpxtpx:speed>4.78</gpxtpx:speed>
</gpxtpx:TrackPointExtension>
<opentracks:accuracy_horizontal>4.082</opentracks:accuracy_horizontal></extensions>
</trkpt>
<trkpt lat="50.424571" lon="-104.594737">
<ele>548</ele>
<time>2026-09-27T09:28:01.208-06:00</time>
<extensions>
<gpxtpx:TrackPointExtension>
<gpxtpx:speed>4.86</gpxtpx:speed>
</gpxtpx:TrackPointExtension>
<opentracks:accuracy_horizontal>0.51</opentracks:accuracy_horizontal></extensions>
</trkpt>
<trkpt lat="50.424447" lon="-104.594782">
<ele>549</ele>
<time>2026-09-27T09:28:04.207-06:00</time>
<extensions>
<gpxtpx:TrackPointExtension>
<gpxtpx:speed>4.8</gpxtpx:speed>
</gpxtpx:TrackPointExtension>
<opentracks:accuracy_horizontal>1.02</opentracks:accuracy_horizontal></extensions>
</trkpt>
<trkpt lat="50.424353" lon="-104.594755">
<ele>549</ele>
<time>2026-09-27T09:28:06.193-06:00</time>
<extensions>
<gpxtpx:TrackPointExtension>
<gpxtpx:speed>5.35</gpxtpx:speed>
</gpxtpx:TrackPointExtension>
<opentracks:accuracy_horizontal>1.02</opentracks:accuracy_horizontal></extensions>
</trkpt>
<trkpt lat="50.424257" lon="-104.594708">
<ele>548</ele>
<time>2026-09-27T09:28:08.196-06:00</time>
<extensions>
<gpxtpx:TrackPointExtension>
<gpxtpx:speed>5.33</gpxtpx:speed>
</gpxtpx:TrackPointExtension>
<opentracks:accuracy_horizontal>1.02</opentracks:accuracy_horizontal></extensions>
</trkpt>
<trkpt lat="50.424164" lon="-104.594654">
<ele>548</ele>
<time>2026-09-27T09:28:10.191-06:00</time>
<extensions>
<gpxtpx:TrackPointExtension>
<gpxtpx:speed>5.18</gpxtpx:speed>
</gpxtpx:TrackPointExtension>
<opentracks:accuracy_horizontal>0.51</opentracks:accuracy_horizontal></extensions>
</trkpt>
<trkpt lat="50.424069" lon="-104.594595">
<ele>547</ele>
<time>2026-09-27T09:28:12.204-06:00</time>
<extensions>
<gpxtpx:TrackPointExtension>
<gpxtpx:speed>5.27</gpxtpx:speed>
</gpxtpx:TrackPointExtension>
<opentracks:accuracy_horizontal>1.02</opentracks:accuracy_horizontal></extensions>
</trkpt>
<trkpt lat="50.423981" lon="-104.594518">
<ele>547</ele>
<time>2026-09-27T09:28:14.197-06:00</time>
<extensions>
<gpxtpx:TrackPointExtension>
<gpxtpx:speed>5.44</gpxtpx:speed>
</gpxtpx:TrackPointExtension>
<opentracks:accuracy_horizontal>1.02</opentracks:accuracy_horizontal></extensions>
</trkpt>
<trkpt lat="50.423891" lon="-104.594451">
<ele>547</ele>
<time>2026-09-27T09:28:16.198-06:00</time>
<extensions>
<gpxtpx:TrackPointExtension>
<gpxtpx:speed>5.29</gpxtpx:speed>
</gpxtpx:TrackPointExtension>
<opentracks:accuracy_horizontal>1.531</opentracks:accuracy_horizontal></extensions>
</trkpt>
<trkpt lat="50.423802" lon="-104.5944">
<ele>547</ele>
<time>2026-09-27T09:28:18.201-06:00</time>
<extensions>
<gpxtpx:TrackPointExtension>
<gpxtpx:speed>5.26</gpxtpx:speed>
</gpxtpx:TrackPointExtension>
<opentracks:accuracy_horizontal>1.02</opentracks:accuracy_horizontal></extensions>
</trkpt>
<trkpt lat="50.423714" lon="-104.594347">
<ele>548</ele>
<time>2026-09-27T09:28:20.219-06:00</time>
<extensions>
<gpxtpx:TrackPointExtension>
<gpxtpx:speed>5.43</gpxtpx:speed>
</gpxtpx:TrackPointExtension>
<opentracks:accuracy_horizontal>0.51</opentracks:accuracy_horizontal></extensions>
</trkpt>
<trkpt lat="50.423626" lon="-104.59429">
<ele>548</ele>
<time>2026-09-27T09:28:22.202-06:00</time>
<extensions>
<gpxtpx:TrackPointExtension>
<gpxtpx:speed>5.29</gpxtpx:speed>
</gpxtpx:TrackPointExtension>
<opentracks:accuracy_horizontal>1.02</opentracks:accuracy_horizontal></extensions>
</trkpt>
<trkpt lat="50.423541" lon="-104.594235">
<ele>547</ele>
<time>2026-09-27T09:28:24.217-06:00</time>
<extensions>
<gpxtpx:TrackPointExtension>
<gpxtpx:speed>5.14</gpxtpx:speed>
</gpxtpx:TrackPointExtension>
<opentracks:accuracy_horizontal>0.51</opentracks:accuracy_horizontal></extensions>
</trkpt>
<trkpt lat="50.423462" lon="-104.594156">
<ele>547</ele>
<time>2026-09-27T09:28:26.212-06:00</time>
<extensions>
<gpxtpx:TrackPointExtension>
<gpxtpx:speed>5</gpxtpx:speed>
</gpxtpx:TrackPointExtension>
<opentracks:accuracy_horizontal>1.02</opentracks:accuracy_horizontal></extensions>
</trkpt>
<trkpt lat="50.423405" lon="-104.594045">
<ele>547</ele>
<time>2026-09-27T09:28:28.212-06:00</time>
<extensions>
<gpxtpx:TrackPointExtension>
<gpxtpx:speed>4.85</gpxtpx:speed>
</gpxtpx:TrackPointExtension>
<opentracks:accuracy_horizontal>1.02</opentracks:accuracy_horizontal></extensions>
</trkpt>
<trkpt lat="50.423356" lon="-104.593864">
<ele>547</ele>
<time>2026-09-27T09:28:31.217-06:00</time>
<extensions>
<gpxtpx:TrackPointExtension>
<gpxtpx:speed>4.9</gpxtpx:speed>
</gpxtpx:TrackPointExtension>
<opentracks:accuracy_horizontal>1.02</opentracks:accuracy_horizontal></extensions>
</trkpt>
<trkpt lat="50.423338" lon="-104.593702">
<ele>549</ele>
<time>2026-09-27T09:28:34.196-06:00</time>
<extensions>
<gpxtpx:TrackPointExtension>
<gpxtpx:speed>3.87</gpxtpx:speed>
</gpxtpx:TrackPointExtension>
<opentracks:accuracy_horizontal>1.02</opentracks:accuracy_horizontal></extensions>
</trkpt>
<trkpt lat="50.423331" lon="-104.593545">
<ele>548</ele>
<time>2026-09-27T09:28:37.194-06:00</time>
<extensions>
<gpxtpx:TrackPointExtension>
<gpxtpx:speed>3.79</gpxtpx:speed>
</gpxtpx:TrackPointExtension>
<opentracks:accuracy_horizontal>5.612</opentracks:accuracy_horizontal></extensions>
</trkpt>
<trkpt lat="50.423324" lon="-104.593397">
<ele>548</ele>
<time>2026-09-27T09:28:40.188-06:00</time>
<extensions>
<gpxtpx:TrackPointExtension>
<gpxtpx:speed>4.3</gpxtpx:speed>
</gpxtpx:TrackPointExtension>
<opentracks:accuracy_horizontal>7.143</opentracks:accuracy_horizontal></extensions>
</trkpt>
<trkpt lat="50.423266" lon="-104.593278">
<ele>549</ele>
<time>2026-09-27T09:28:42.214-06:00</time>
<extensions>
<gpxtpx:TrackPointExtension>
<gpxtpx:speed>4.76</gpxtpx:speed>
</gpxtpx:TrackPointExtension>
<opentracks:accuracy_horizontal>1.02</opentracks:accuracy_horizontal></extensions>
</trkpt>
<trkpt lat="50.423198" lon="-104.593159">
<ele>548</ele>
<time>2026-09-27T09:28:44.222-06:00</time>
<extensions>
<gpxtpx:TrackPointExtension>
<gpxtpx:speed>4.87</gpxtpx:speed>
</gpxtpx:TrackPointExtension>
<opentracks:accuracy_horizontal>1.02</opentracks:accuracy_horizontal></extensions>
</trkpt>
<trkpt lat="50.423098" lon="-104.593081">
<ele>549</ele>
<time>2026-09-27T09:28:47.195-06:00</time>
<extensions>
<gpxtpx:TrackPointExtension>
<gpxtpx:speed>3.74</gpxtpx:speed>
</gpxtpx:TrackPointExtension>
<opentracks:accuracy_horizontal>1.02</opentracks:accuracy_horizontal></extensions>
</trkpt>
<trkpt lat="50.423007" lon="-104.59305">
<ele>549</ele>
<time>2026-09-27T09:28:50.21-06:00</time>
<extensions>
<gpxtpx:TrackPointExtension>
<gpxtpx:speed>3.54</gpxtpx:speed>
</gpxtpx:TrackPointExtension>
<opentracks:accuracy_horizontal>5.102</opentracks:accuracy_horizontal></extensions>
</trkpt>
<trkpt lat="50.422914" lon="-104.593077">
<ele>550</ele>
<time>2026-09-27T09:28:53.204-06:00</time>
<extensions>
<gpxtpx:TrackPointExtension>
<gpxtpx:speed>3.71</gpxtpx:speed>
</gpxtpx:TrackPointExtension>
<opentracks:accuracy_horizontal>6.122</opentracks:accuracy_horizontal></extensions>
</trkpt>
<trkpt lat="50.422826" lon="-104.593163">
<ele>550</ele>
<time>2026-09-27T09:28:56.206-06:00</time>
<extensions>
<gpxtpx:TrackPointExtension>
<gpxtpx:speed>3.54</gpxtpx:speed>
</gpxtpx:TrackPointExtension>
<opentracks:accuracy_horizontal>1.02</opentracks:accuracy_horizontal></extensions>
</trkpt>
<trkpt lat="50.422741" lon="-104.593225">
<ele>550</ele>
<time>2026-09-27T09:28:59.222-06:00</time>
<extensions>
<gpxtpx:TrackPointExtension>
<gpxtpx:speed>3.56</gpxtpx:speed>
</gpxtpx:TrackPointExtension>
<opentracks:accuracy_horizontal>1.02</opentracks:accuracy_horizontal></extensions>
</trkpt>
<trkpt lat="50.422645" lon="-104.593248">
<ele>551</ele>
<time>2026-09-27T09:29:02.21-06:00</time>
<extensions>
<gpxtpx:TrackPointExtension>
<gpxtpx:speed>4.13</gpxtpx:speed>
</gpxtpx:TrackPointExtension>
<opentracks:accuracy_horizontal>1.02</opentracks:accuracy_horizontal></extensions>
</trkpt>
<trkpt lat="50.422524" lon="-104.593253">
<ele>551</ele>
<time>2026-09-27T09:29:05.196-06:00</time>
<extensions>
<gpxtpx:TrackPointExtension>
<gpxtpx:speed>3.71</gpxtpx:speed>
</gpxtpx:TrackPointExtension>
<opentracks:accuracy_horizontal>1.02</opentracks:accuracy_horizontal></extensions>
</trkpt>
<trkpt lat="50.422427" lon="-104.593263">
<ele>552</ele>
<time>2026-09-27T09:29:08.198-06:00</time>
<extensions>
<gpxtpx:TrackPointExtension>
<gpxtpx:speed>3.52</gpxtpx:speed>
</gpxtpx:TrackPointExtension>
<opentracks:accuracy_horizontal>1.02</opentracks:accuracy_horizontal></extensions>
</trkpt>
<trkpt lat="50.422323" lon="-104.593308">
<ele>552</ele>
<time>2026-09-27T09:29:11.209-06:00</time>
<extensions>
<gpxtpx:TrackPointExtension>
<gpxtpx:speed>4.13</gpxtpx:speed>
</gpxtpx:TrackPointExtension>
<opentracks:accuracy_horizontal>9.184</opentracks:accuracy_horizontal></extensions>
</trkpt>
<trkpt lat="50.422225" lon="-104.593381">
<ele>552</ele>
<time>2026-09-27T09:29:14.214-06:00</time>
<extensions>
<gpxtpx:TrackPointExtension>
<gpxtpx:speed>4.33</gpxtpx:speed>
</gpxtpx:TrackPointExtension>
<opentracks:accuracy_horizontal>6.633</opentracks:accuracy_horizontal></extensions>
</trkpt>
<trkpt lat="50.422123" lon="-104.593411">
<ele>553</ele>
<time>2026-09-27T09:29:17.208-06:00</time>
<extensions>
<gpxtpx:TrackPointExtension>
<gpxtpx:speed>3.98</gpxtpx:speed>
</gpxtpx:TrackPointExtension>
<opentracks:accuracy_horizontal>1.02</opentracks:accuracy_horizontal></extensions>
</trkpt>
<trkpt lat="50.422016" lon="-104.593443">
<ele>553</ele>
<time>2026-09-27T09:29:20.219-06:00</time>
<extensions>
<gpxtpx:TrackPointExtension>
<gpxtpx:speed>4.1</gpxtpx:speed>
</gpxtpx:TrackPointExtension>
<opentracks:accuracy_horizontal>1.02</opentracks:accuracy_horizontal></extensions>
</trkpt>
<trkpt lat="50.421904" lon="-104.593377">
<ele>554</ele>
<time>2026-09-27T09:29:24.196-06:00</time>
<extensions>
<gpxtpx:TrackPointExtension>
<gpxtpx:speed>3.85</gpxtpx:speed>
</gpxtpx:TrackPointExtension>
<opentracks:accuracy_horizontal>1.02</opentracks:accuracy_horizontal></extensions>
</trkpt>
<trkpt lat="50.42182" lon="-104.593325">
<ele>554</ele>
<time>2026-09-27T09:29:27.2-06:00</time>
<extensions>
<gpxtpx:TrackPointExtension>
<gpxtpx:speed>3.4</gpxtpx:speed>
</gpxtpx:TrackPointExtension>
<opentracks:accuracy_horizontal>0.51</opentracks:accuracy_horizontal></extensions>
</trkpt>
<trkpt lat="50.421718" lon="-104.593272">
<ele>554</ele>
<time>2026-09-27T09:29:31.219-06:00</time>
<extensions>
<gpxtpx:TrackPointExtension>
<gpxtpx:speed>3.31</gpxtpx:speed>
</gpxtpx:TrackPointExtension>
<opentracks:accuracy_horizontal>1.02</opentracks:accuracy_horizontal></extensions>
</trkpt>
<trkpt lat="50.42162" lon="-104.593196">
<ele>553</ele>
<time>2026-09-27T09:29:35.218-06:00</time>
<extensions>
<gpxtpx:TrackPointExtension>
<gpxtpx:speed>2.98</gpxtpx:speed>
</gpxtpx:TrackPointExtension>
<opentracks:accuracy_horizontal>8.163</opentracks:accuracy_horizontal></extensions>
</trkpt>
<trkpt lat="50.421541" lon="-104.593109">
<ele>553</ele>
<time>2026-09-27T09:29:38.212-06:00</time>
<extensions>
<gpxtpx:TrackPointExtension>
<gpxtpx:speed>3.43</gpxtpx:speed>
</gpxtpx:TrackPointExtension>
<opentracks:accuracy_horizontal>7.143</opentracks:accuracy_horizontal></extensions>
</trkpt>
<trkpt lat="50.421461" lon="-104.593026">
<ele>553</ele>
<time>2026-09-27T09:29:41.216-06:00</time>
<extensions>
<gpxtpx:TrackPointExtension>
<gpxtpx:speed>3.23</gpxtpx:speed>
</gpxtpx:TrackPointExtension>
<opentracks:accuracy_horizontal>6.122</opentracks:accuracy_horizontal></extensions>
</trkpt>
<trkpt lat="50.421353" lon="-104.592944">
<ele>553</ele>
<time>2026-09-27T09:29:45.215-06:00</time>
<extensions>
<gpxtpx:TrackPointExtension>
<gpxtpx:speed>3.13</gpxtpx:speed>
</gpxtpx:TrackPointExtension>
<opentracks:accuracy_horizontal>5.612</opentracks:accuracy_horizontal></extensions>
</trkpt>
<trkpt lat="50.42128" lon="-104.592852">
<ele>554</ele>
<time>2026-09-27T09:29:48.229-06:00</time>
<extensions>
<gpxtpx:TrackPointExtension>
<gpxtpx:speed>2.88</gpxtpx:speed>
</gpxtpx:TrackPointExtension>
<opentracks:accuracy_horizontal>6.122</opentracks:accuracy_horizontal></extensions>
</trkpt>
<trkpt lat="50.421193" lon="-104.592728">
<ele>554</ele>
<time>2026-09-27T09:29:52.196-06:00</time>
<extensions>
<gpxtpx:TrackPointExtension>
<gpxtpx:speed>3.07</gpxtpx:speed>
</gpxtpx:TrackPointExtension>
<opentracks:accuracy_horizontal>6.122</opentracks:accuracy_horizontal></extensions>
</trkpt>
<trkpt lat="50.421118" lon="-104.592595">
<ele>554</ele>
<time>2026-09-27T09:29:56.228-06:00</time>
<extensions>
<gpxtpx:TrackPointExtension>
<gpxtpx:speed>2.77</gpxtpx:speed>
</gpxtpx:TrackPointExtension>
<opentracks:accuracy_horizontal>6.122</opentracks:accuracy_horizontal></extensions>
</trkpt>
<trkpt lat="50.42106" lon="-104.592437">
<ele>554</ele>
<time>2026-09-27T09:30:00.211-06:00</time>
<extensions>
<gpxtpx:TrackPointExtension>
<gpxtpx:speed>3.33</gpxtpx:speed>
</gpxtpx:TrackPointExtension>
<opentracks:accuracy_horizontal>6.122</opentracks:accuracy_horizontal></extensions>
</trkpt>
<trkpt lat="50.421033" lon="-104.592299">
<ele>555</ele>
<time>2026-09-27T09:30:03.238-06:00</time>
<extensions>
<gpxtpx:TrackPointExtension>
<gpxtpx:speed>3.22</gpxtpx:speed>
</gpxtpx:TrackPointExtension>
<opentracks:accuracy_horizontal>5.102</opentracks:accuracy_horizontal></extensions>
</trkpt>
<trkpt lat="50.420983" lon="-104.592147">
<ele>555</ele>
<time>2026-09-27T09:30:07.227-06:00</time>
<extensions>
<gpxtpx:TrackPointExtension>
<gpxtpx:speed>3.14</gpxtpx:speed>
</gpxtpx:TrackPointExtension>
<opentracks:accuracy_horizontal>6.122</opentracks:accuracy_horizontal></extensions>
</trkpt>
<trkpt lat="50.420937" lon="-104.591979">
<ele>555</ele>
<time>2026-09-27T09:30:11.21-06:00</time>
<extensions>
<gpxtpx:TrackPointExtension>
<gpxtpx:speed>3.54</gpxtpx:speed>
</gpxtpx:TrackPointExtension>
<opentracks:accuracy_horizontal>5.102</opentracks:accuracy_horizontal></extensions>
</trkpt>
<trkpt lat="50.420896" lon="-104.591847">
<ele>555</ele>
<time>2026-09-27T09:30:14.204-06:00</time>
<extensions>
<gpxtpx:TrackPointExtension>
<gpxtpx:speed>3.46</gpxtpx:speed>
</gpxtpx:TrackPointExtension>
<opentracks:accuracy_horizontal>1.02</opentracks:accuracy_horizontal></extensions>
</trkpt>
<trkpt lat="50.420882" lon="-104.591708">
<ele>554</ele>
<time>2026-09-27T09:30:17.208-06:00</time>
<extensions>
<gpxtpx:TrackPointExtension>
<gpxtpx:speed>3.51</gpxtpx:speed>
</gpxtpx:TrackPointExtension>
<opentracks:accuracy_horizontal>1.02</opentracks:accuracy_horizontal></extensions>
</trkpt>
<trkpt lat="50.420881" lon="-104.591563">
<ele>553</ele>
<time>2026-09-27T09:30:20.205-06:00</time>
<extensions>
<gpxtpx:TrackPointExtension>
<gpxtpx:speed>3.12</gpxtpx:speed>
</gpxtpx:TrackPointExtension>
<opentracks:accuracy_horizontal>4.592</opentracks:accuracy_horizontal></extensions>
</trkpt>
<trkpt lat="50.420902" lon="-104.591404">
<ele>553</ele>
<time>2026-09-27T09:30:23.213-06:00</time>
<extensions>
<gpxtpx:TrackPointExtension>
<gpxtpx:speed>3.86</gpxtpx:speed>
</gpxtpx:TrackPointExtension>
<opentracks:accuracy_horizontal>5.102</opentracks:accuracy_horizontal></extensions>
</trkpt>
<trkpt lat="50.42094" lon="-104.59122">
<ele>552</ele>
<time>2026-09-27T09:30:26.23-06:00</time>
<extensions>
<gpxtpx:TrackPointExtension>
<gpxtpx:speed>4.71</gpxtpx:speed>
</gpxtpx:TrackPointExtension>
<opentracks:accuracy_horizontal>4.592</opentracks:accuracy_horizontal></extensions>
</trkpt>
<trkpt lat="50.420993" lon="-104.591049">
<ele>553</ele>
<time>2026-09-27T09:30:29.22-06:00</time>
<extensions>
<gpxtpx:TrackPointExtension>
<gpxtpx:speed>4.65</gpxtpx:speed>
</gpxtpx:TrackPointExtension>
<opentracks:accuracy_horizontal>5.612</opentracks:accuracy_horizontal></extensions>
</trkpt>
<trkpt lat="50.421033" lon="-104.590864">
<ele>553</ele>
<time>2026-09-27T09:30:32.202-06:00</time>
<extensions>
<gpxtpx:TrackPointExtension>
<gpxtpx:speed>4.37</gpxtpx:speed>
</gpxtpx:TrackPointExtension>
<opentracks:accuracy_horizontal>4.592</opentracks:accuracy_horizontal></extensions>
</trkpt>
<trkpt lat="50.421082" lon="-104.59068">
<ele>554</ele>
<time>2026-09-27T09:30:35.21-06:00</time>
<extensions>
<gpxtpx:TrackPointExtension>
<gpxtpx:speed>4.57</gpxtpx:speed>
</gpxtpx:TrackPointExtension>
<opentracks:accuracy_horizontal>1.02</opentracks:accuracy_horizontal></extensions>
</trkpt>
<trkpt lat="50.421143" lon="-104.590503">
<ele>555</ele>
<time>2026-09-27T09:30:38.231-06:00</time>
<extensions>
<gpxtpx:TrackPointExtension>
<gpxtpx:speed>5.11</gpxtpx:speed>
</gpxtpx:TrackPointExtension>
<opentracks:accuracy_horizontal>0.51</opentracks:accuracy_horizontal></extensions>
</trkpt>
<trkpt lat="50.421183" lon="-104.590376">
<ele>555</ele>
<time>2026-09-27T09:30:40.211-06:00</time>
<extensions>
<gpxtpx:TrackPointExtension>
<gpxtpx:speed>5.02</gpxtpx:speed>
</gpxtpx:TrackPointExtension>
<opentracks:accuracy_horizontal>1.02</opentracks:accuracy_horizontal></extensions>
</trkpt>
<trkpt lat="50.421233" lon="-104.59019">
<ele>556</ele>
<time>2026-09-27T09:30:43.214-06:00</time>
<extensions>
<gpxtpx:TrackPointExtension>
<gpxtpx:speed>4.65</gpxtpx:speed>
</gpxtpx:TrackPointExtension>
<opentracks:accuracy_horizontal>1.02</opentracks:accuracy_horizontal></extensions>
</trkpt>
<trkpt lat="50.421274" lon="-104.590014">
<ele>555</ele>
<time>2026-09-27T09:30:46.231-06:00</time>
<extensions>
<gpxtpx:TrackPointExtension>
<gpxtpx:speed>4.35</gpxtpx:speed>
</gpxtpx:TrackPointExtension>
<opentracks:accuracy_horizontal>1.02</opentracks:accuracy_horizontal></extensions>
</trkpt>
<trkpt lat="50.421326" lon="-104.589838">
<ele>554</ele>
<time>2026-09-27T09:30:49.23-06:00</time>
<extensions>
<gpxtpx:TrackPointExtension>
<gpxtpx:speed>4.67</gpxtpx:speed>
</gpxtpx:TrackPointExtension>
<opentracks:accuracy_horizontal>1.02</opentracks:accuracy_horizontal></extensions>
</trkpt>
<trkpt lat="50.421348" lon="-104.589632">
<ele>554</ele>
<time>2026-09-27T09:30:52.225-06:00</time>
<extensions>
<gpxtpx:TrackPointExtension>
<gpxtpx:speed>5.26</gpxtpx:speed>
</gpxtpx:TrackPointExtension>
<opentracks:accuracy_horizontal>1.02</opentracks:accuracy_horizontal></extensions>
</trkpt>
<trkpt lat="50.421343" lon="-104.589474">
<ele>554</ele>
<time>2026-09-27T09:30:54.224-06:00</time>
<extensions>
<gpxtpx:TrackPointExtension>
<gpxtpx:speed>5.41</gpxtpx:speed>
</gpxtpx:TrackPointExtension>
<opentracks:accuracy_horizontal>1.02</opentracks:accuracy_horizontal></extensions>
</trkpt>
<trkpt lat="50.421315" lon="-104.589316">
<ele>554</ele>
<time>2026-09-27T09:30:56.219-06:00</time>
<extensions>
<gpxtpx:TrackPointExtension>
<gpxtpx:speed>5.47</gpxtpx:speed>
</gpxtpx:TrackPointExtension>
<opentracks:accuracy_horizontal>1.02</opentracks:accuracy_horizontal></extensions>
</trkpt>
<trkpt lat="50.421277" lon="-104.589173">
<ele>554</ele>
<time>2026-09-27T09:30:58.212-06:00</time>
<extensions>
<gpxtpx:TrackPointExtension>
<gpxtpx:speed>5.38</gpxtpx:speed>
</gpxtpx:TrackPointExtension>
<opentracks:accuracy_horizontal>1.02</opentracks:accuracy_horizontal></extensions>
</trkpt>
<trkpt lat="50.42124" lon="-104.589035">
<ele>554</ele>
<time>2026-09-27T09:31:00.212-06:00</time>
<extensions>
<gpxtpx:TrackPointExtension>
<gpxtpx:speed>5.37</gpxtpx:speed>
</gpxtpx:TrackPointExtension>
<opentracks:accuracy_horizontal>1.02</opentracks:accuracy_horizontal></extensions>
</trkpt>
<trkpt lat="50.421196" lon="-104.588896">
<ele>554</ele>
<time>2026-09-27T09:31:02.213-06:00</time>
<extensions>
<gpxtpx:TrackPointExtension>
<gpxtpx:speed>5.51</gpxtpx:speed>
</gpxtpx:TrackPointExtension>
<opentracks:accuracy_horizontal>1.02</opentracks:accuracy_horizontal></extensions>
</trkpt>
<trkpt lat="50.421137" lon="-104.588785">
<ele>554</ele>
<time>2026-09-27T09:31:04.23-06:00</time>
<extensions>
<gpxtpx:TrackPointExtension>
<gpxtpx:speed>5.26</gpxtpx:speed>
</gpxtpx:TrackPointExtension>
<opentracks:accuracy_horizontal>1.02</opentracks:accuracy_horizontal></extensions>
</trkpt>
<trkpt lat="50.421069" lon="-104.588678">
<ele>554</ele>
<time>2026-09-27T09:31:06.218-06:00</time>
<extensions>
<gpxtpx:TrackPointExtension>
<gpxtpx:speed>5.04</gpxtpx:speed>
</gpxtpx:TrackPointExtension>
<opentracks:accuracy_horizontal>1.02</opentracks:accuracy_horizontal></extensions>
</trkpt>
<trkpt lat="50.420974" lon="-104.588528">
<ele>553</ele>
<time>2026-09-27T09:31:09.215-06:00</time>
<extensions>
<gpxtpx:TrackPointExtension>
<gpxtpx:speed>5.06</gpxtpx:speed>
</gpxtpx:TrackPointExtension>
<opentracks:accuracy_horizontal>1.02</opentracks:accuracy_horizontal></extensions>
</trkpt>
<trkpt lat="50.420873" lon="-104.588392">
<ele>553</ele>
<time>2026-09-27T09:31:12.22-06:00</time>
<extensions>
<gpxtpx:TrackPointExtension>
<gpxtpx:speed>4.84</gpxtpx:speed>
</gpxtpx:TrackPointExtension>
<opentracks:accuracy_horizontal>0.51</opentracks:accuracy_horizontal></extensions>
</trkpt>
<trkpt lat="50.420781" lon="-104.58825">
<ele>553</ele>
<time>2026-09-27T09:31:15.234-06:00</time>
<extensions>
<gpxtpx:TrackPointExtension>
<gpxtpx:speed>5.07</gpxtpx:speed>
</gpxtpx:TrackPointExtension>
<opentracks:accuracy_horizontal>1.02</opentracks:accuracy_horizontal></extensions>
</trkpt>
<trkpt lat="50.420695" lon="-104.588089">
<ele>553</ele>
<time>2026-09-27T09:31:18.221-06:00</time>
<extensions>
<gpxtpx:TrackPointExtension>
<gpxtpx:speed>5.14</gpxtpx:speed>
</gpxtpx:TrackPointExtension>
<opentracks:accuracy_horizontal>1.02</opentracks:accuracy_horizontal></extensions>
</trkpt>
<trkpt lat="50.42064" lon="-104.587961">
<ele>554</ele>
<time>2026-09-27T09:31:20.219-06:00</time>
<extensions>
<gpxtpx:TrackPointExtension>
<gpxtpx:speed>5.38</gpxtpx:speed>
</gpxtpx:TrackPointExtension>
<opentracks:accuracy_horizontal>1.02</opentracks:accuracy_horizontal></extensions>
</trkpt>
<trkpt lat="50.420594" lon="-104.587823">
<ele>554</ele>
<time>2026-09-27T09:31:22.227-06:00</time>
<extensions>
<gpxtpx:TrackPointExtension>
<gpxtpx:speed>5.58</gpxtpx:speed>
</gpxtpx:TrackPointExtension>
<opentracks:accuracy_horizontal>1.02</opentracks:accuracy_horizontal></extensions>
</trkpt>
<trkpt lat="50.420555" lon="-104.587674">
<ele>553</ele>
<time>2026-09-27T09:31:24.216-06:00</time>
<extensions>
<gpxtpx:TrackPointExtension>
<gpxtpx:speed>5.85</gpxtpx:speed>
</gpxtpx:TrackPointExtension>
<opentracks:accuracy_horizontal>0.51</opentracks:accuracy_horizontal></extensions>
</trkpt>
<trkpt lat="50.420521" lon="-104.587507">
<ele>553</ele>
<time>2026-09-27T09:31:26.244-06:00</time>
<extensions>
<gpxtpx:TrackPointExtension>
<gpxtpx:speed>6.4</gpxtpx:speed>
</gpxtpx:TrackPointExtension>
<opentracks:accuracy_horizontal>1.02</opentracks:accuracy_horizontal></extensions>
</trkpt>
<trkpt lat="50.420496" lon="-104.587317">
<ele>553</ele>
<time>2026-09-27T09:31:28.219-06:00</time>
<extensions>
<gpxtpx:TrackPointExtension>
<gpxtpx:speed>6.69</gpxtpx:speed>
</gpxtpx:TrackPointExtension>
<opentracks:accuracy_horizontal>0.51</opentracks:accuracy_horizontal></extensions>
</trkpt>
<trkpt lat="50.42048" lon="-104.587112">
<ele>553</ele>
<time>2026-09-27T09:31:30.219-06:00</time>
<extensions>
<gpxtpx:TrackPointExtension>
<gpxtpx:speed>7.57</gpxtpx:speed>
</gpxtpx:TrackPointExtension>
<opentracks:accuracy_horizontal>1.02</opentracks:accuracy_horizontal></extensions>
</trkpt>
<trkpt lat="50.42047" lon="-104.586872">
<ele>552</ele>
<time>2026-09-27T09:31:32.22-06:00</time>
<extensions>
<gpxtpx:TrackPointExtension>
<gpxtpx:speed>8.4</gpxtpx:speed>
</gpxtpx:TrackPointExtension>
<opentracks:accuracy_horizontal>1.02</opentracks:accuracy_horizontal></extensions>
</trkpt>
<trkpt lat="50.420484" lon="-104.586635">
<ele>552</ele>
<time>2026-09-27T09:31:34.218-06:00</time>
<extensions>
<gpxtpx:TrackPointExtension>
<gpxtpx:speed>8.42</gpxtpx:speed>
</gpxtpx:TrackPointExtension>
<opentracks:accuracy_horizontal>1.02</opentracks:accuracy_horizontal></extensions>
</trkpt>
<trkpt lat="50.420535" lon="-104.58639">
<ele>551</ele>
<time>2026-09-27T09:31:36.218-06:00</time>
<extensions>
<gpxtpx:TrackPointExtension>
<gpxtpx:speed>8.79</gpxtpx:speed>
</gpxtpx:TrackPointExtension>
<opentracks:accuracy_horizontal>1.02</opentracks:accuracy_horizontal></extensions>
</trkpt>
<trkpt lat="50.420636" lon="-104.586216">
<ele>552</ele>
<time>2026-09-27T09:31:38.215-06:00</time>
<extensions>
<gpxtpx:TrackPointExtension>
<gpxtpx:speed>8.24</gpxtpx:speed>
</gpxtpx:TrackPointExtension>
<opentracks:accuracy_horizontal>1.02</opentracks:accuracy_horizontal></extensions>
</trkpt>
<trkpt lat="50.42075" lon="-104.586061">
<ele>552</ele>
<time>2026-09-27T09:31:40.225-06:00</time>
<extensions>
<gpxtpx:TrackPointExtension>
<gpxtpx:speed>8.06</gpxtpx:speed>
</gpxtpx:TrackPointExtension>
<opentracks:accuracy_horizontal>1.02</opentracks:accuracy_horizontal></extensions>
</trkpt>
<trkpt lat="50.420867" lon="-104.585929">
<ele>553</ele>
<time>2026-09-27T09:31:42.221-06:00</time>
<extensions>
<gpxtpx:TrackPointExtension>
<gpxtpx:speed>8.16</gpxtpx:speed>
</gpxtpx:TrackPointExtension>
<opentracks:accuracy_horizontal>1.02</opentracks:accuracy_horizontal></extensions>
</trkpt>
<trkpt lat="50.420987" lon="-104.585822">
<ele>552</ele>
<time>2026-09-27T09:31:44.229-06:00</time>
<extensions>
<gpxtpx:TrackPointExtension>
<gpxtpx:speed>7.66</gpxtpx:speed>
</gpxtpx:TrackPointExtension>
<opentracks:accuracy_horizontal>1.02</opentracks:accuracy_horizontal></extensions>
</trkpt>
<trkpt lat="50.421101" lon="-104.585722">
<ele>552</ele>
<time>2026-09-27T09:31:46.216-06:00</time>
<extensions>
<gpxtpx:TrackPointExtension>
<gpxtpx:speed>7.6</gpxtpx:speed>
</gpxtpx:TrackPointExtension>
<opentracks:accuracy_horizontal>1.02</opentracks:accuracy_horizontal></extensions>
</trkpt>
<trkpt lat="50.421205" lon="-104.585566">
<ele>551</ele>
<time>2026-09-27T09:31:48.21-06:00</time>
<extensions>
<gpxtpx:TrackPointExtension>
<gpxtpx:speed>7.99</gpxtpx:speed>
</gpxtpx:TrackPointExtension>
<opentracks:accuracy_horizontal>1.02</opentracks:accuracy_horizontal></extensions>
</trkpt>
<trkpt lat="50.421267" lon="-104.585364">
<ele>551</ele>
<time>2026-09-27T09:31:50.217-06:00</time>
<extensions>
<gpxtpx:TrackPointExtension>
<gpxtpx:speed>7.98</gpxtpx:speed>
</gpxtpx:TrackPointExtension>
<opentracks:accuracy_horizontal>1.02</opentracks:accuracy_horizontal></extensions>
</trkpt>
<trkpt lat="50.421292" lon="-104.585144">
<ele>551</ele>
<time>2026-09-27T09:31:52.192-06:00</time>
<extensions>
<gpxtpx:TrackPointExtension>
<gpxtpx:speed>7.45</gpxtpx:speed>
</gpxtpx:TrackPointExtension>
<opentracks:accuracy_horizontal>1.02</opentracks:accuracy_horizontal></extensions>
</trkpt>
<trkpt lat="50.421313" lon="-104.584933">
<ele>552</ele>
<time>2026-09-27T09:31:54.208-06:00</time>
<extensions>
<gpxtpx:TrackPointExtension>
<gpxtpx:speed>7.43</gpxtpx:speed>
</gpxtpx:TrackPointExtension>
<opentracks:accuracy_horizontal>4.592</opentracks:accuracy_horizontal></extensions>
</trkpt>
<trkpt lat="50.421319" lon="-104.58473">
<ele>553</ele>
<time>2026-09-27T09:31:56.216-06:00</time>
<extensions>
<gpxtpx:TrackPointExtension>
<gpxtpx:speed>7.54</gpxtpx:speed>
</gpxtpx:TrackPointExtension>
<opentracks:accuracy_horizontal>5.612</opentracks:accuracy_horizontal></extensions>
</trkpt>
<trkpt lat="50.421274" lon="-104.584529">
<ele>553</ele>
<time>2026-09-27T09:31:58.21-06:00</time>
<extensions>
<gpxtpx:TrackPointExtension>
<gpxtpx:speed>7.39</gpxtpx:speed>
</gpxtpx:TrackPointExtension>
<opentracks:accuracy_horizontal>1.02</opentracks:accuracy_horizontal></extensions>
</trkpt>
<trkpt lat="50.421211" lon="-104.584377">
<ele>554</ele>
<time>2026-09-27T09:32:00.198-06:00</time>
<extensions>
<gpxtpx:TrackPointExtension>
<gpxtpx:speed>6.17</gpxtpx:speed>
</gpxtpx:TrackPointExtension>
<opentracks:accuracy_horizontal>1.02</opentracks:accuracy_horizontal></extensions>
</trkpt>
<trkpt lat="50.421152" lon="-104.58423">
<ele>554</ele>
<time>2026-09-27T09:32:02.199-06:00</time>
<extensions>
<gpxtpx:TrackPointExtension>
<gpxtpx:speed>6.37</gpxtpx:speed>
</gpxtpx:TrackPointExtension>
<opentracks:accuracy_horizontal>1.02</opentracks:accuracy_horizontal></extensions>
</trkpt>
<trkpt lat="50.421103" lon="-104.584083">
<ele>554</ele>
<time>2026-09-27T09:32:04.214-06:00</time>
<extensions>
<gpxtpx:TrackPointExtension>
<gpxtpx:speed>5.18</gpxtpx:speed>
</gpxtpx:TrackPointExtension>
<opentracks:accuracy_horizontal>1.02</opentracks:accuracy_horizontal></extensions>
</trkpt>
<trkpt lat="50.421055" lon="-104.583939">
<ele>554</ele>
<time>2026-09-27T09:32:06.208-06:00</time>
<extensions>
<gpxtpx:TrackPointExtension>
<gpxtpx:speed>5.59</gpxtpx:speed>
</gpxtpx:TrackPointExtension>
<opentracks:accuracy_horizontal>1.02</opentracks:accuracy_horizontal></extensions>
</trkpt>
<trkpt lat="50.421001" lon="-104.583802">
<ele>554</ele>
<time>2026-09-27T09:32:08.207-06:00</time>
<extensions>
<gpxtpx:TrackPointExtension>
<gpxtpx:speed>5.52</gpxtpx:speed>
</gpxtpx:TrackPointExtension>
<opentracks:accuracy_horizontal>1.02</opentracks:accuracy_horizontal></extensions>
</trkpt>
<trkpt lat="50.420948" lon="-104.583658">
<ele>554</ele>
<time>2026-09-27T09:32:10.206-06:00</time>
<extensions>
<gpxtpx:TrackPointExtension>
<gpxtpx:speed>5.74</gpxtpx:speed>
</gpxtpx:TrackPointExtension>
<opentracks:accuracy_horizontal>1.02</opentracks:accuracy_horizontal></extensions>
</trkpt>
<trkpt lat="50.42089" lon="-104.58352">
<ele>554</ele>
<time>2026-09-27T09:32:12.204-06:00</time>
<extensions>
<gpxtpx:TrackPointExtension>
<gpxtpx:speed>6.15</gpxtpx:speed>
</gpxtpx:TrackPointExtension>
<opentracks:accuracy_horizontal>1.02</opentracks:accuracy_horizontal></extensions>
</trkpt>
<trkpt lat="50.420835" lon="-104.583356">
<ele>553</ele>
<time>2026-09-27T09:32:14.21-06:00</time>
<extensions>
<gpxtpx:TrackPointExtension>
<gpxtpx:speed>6.41</gpxtpx:speed>
</gpxtpx:TrackPointExtension>
<opentracks:accuracy_horizontal>1.02</opentracks:accuracy_horizontal></extensions>
</trkpt>
<trkpt lat="50.420791" lon="-104.583168">
<ele>553</ele>
<time>2026-09-27T09:32:16.207-06:00</time>
<extensions>
<gpxtpx:TrackPointExtension>
<gpxtpx:speed>6.79</gpxtpx:speed>
</gpxtpx:TrackPointExtension>
<opentracks:accuracy_horizontal>1.02</opentracks:accuracy_horizontal></extensions>
</trkpt>
<trkpt lat="50.420758" lon="-104.582977">
<ele>552</ele>
<time>2026-09-27T09:32:18.223-06:00</time>
<extensions>
<gpxtpx:TrackPointExtension>
<gpxtpx:speed>6.99</gpxtpx:speed>
</gpxtpx:TrackPointExtension>
<opentracks:accuracy_horizontal>1.02</opentracks:accuracy_horizontal></extensions>
</trkpt>
<trkpt lat="50.420736" lon="-104.582781">
<ele>552</ele>
<time>2026-09-27T09:32:20.191-06:00</time>
<extensions>
<gpxtpx:TrackPointExtension>
<gpxtpx:speed>6.9</gpxtpx:speed>
</gpxtpx:TrackPointExtension>
<opentracks:accuracy_horizontal>1.02</opentracks:accuracy_horizontal></extensions>
</trkpt>
<trkpt lat="50.420724" lon="-104.582595">
<ele>553</ele>
<time>2026-09-27T09:32:22.212-06:00</time>
<extensions>
<gpxtpx:TrackPointExtension>
<gpxtpx:speed>5.97</gpxtpx:speed>
</gpxtpx:TrackPointExtension>
<opentracks:accuracy_horizontal>1.02</opentracks:accuracy_horizontal></extensions>
</trkpt>
<trkpt lat="50.420733" lon="-104.582411">
<ele>552</ele>
<time>2026-09-27T09:32:24.214-06:00</time>
<extensions>
<gpxtpx:TrackPointExtension>
<gpxtpx:speed>6.68</gpxtpx:speed>
</gpxtpx:TrackPointExtension>
<opentracks:accuracy_horizontal>1.02</opentracks:accuracy_horizontal></extensions>
</trkpt>
<trkpt lat="50.420732" lon="-104.582237">
<ele>552</ele>
<time>2026-09-27T09:32:26.203-06:00</time>
<extensions>
<gpxtpx:TrackPointExtension>
<gpxtpx:speed>5.51</gpxtpx:speed>
</gpxtpx:TrackPointExtension>
<opentracks:accuracy_horizontal>1.02</opentracks:accuracy_horizontal></extensions>
</trkpt>
<trkpt lat="50.420744" lon="-104.582083">
<ele>553</ele>
<time>2026-09-27T09:32:28.206-06:00</time>
<extensions>
<gpxtpx:TrackPointExtension>
<gpxtpx:speed>5.46</gpxtpx:speed>
</gpxtpx:TrackPointExtension>
<opentracks:accuracy_horizontal>0.51</opentracks:accuracy_horizontal></extensions>
</trkpt>
<trkpt lat="50.420768" lon="-104.581939">
<ele>553</ele>
<time>2026-09-27T09:32:30.222-06:00</time>
<extensions>
<gpxtpx:TrackPointExtension>
<gpxtpx:speed>6.04</gpxtpx:speed>
</gpxtpx:TrackPointExtension>
<opentracks:accuracy_horizontal>1.02</opentracks:accuracy_horizontal></extensions>
</trkpt>
<trkpt lat="50.420791" lon="-104.581781">
<ele>554</ele>
<time>2026-09-27T09:32:32.217-06:00</time>
<extensions>
<gpxtpx:TrackPointExtension>
<gpxtpx:speed>4.59</gpxtpx:speed>
</gpxtpx:TrackPointExtension>
<opentracks:accuracy_horizontal>1.02</opentracks:accuracy_horizontal></extensions>
</trkpt>
<trkpt lat="50.420812" lon="-104.581635">
<ele>554</ele>
<time>2026-09-27T09:32:34.214-06:00</time>
<extensions>
<gpxtpx:TrackPointExtension>
<gpxtpx:speed>5.03</gpxtpx:speed>
</gpxtpx:TrackPointExtension>
<opentracks:accuracy_horizontal>1.02</opentracks:accuracy_horizontal></extensions>
</trkpt>
<trkpt lat="50.420856" lon="-104.581481">
<ele>554</ele>
<time>2026-09-27T09:32:36.208-06:00</time>
<extensions>
<gpxtpx:TrackPointExtension>
<gpxtpx:speed>5.96</gpxtpx:speed>
</gpxtpx:TrackPointExtension>
<opentracks:accuracy_horizontal>1.02</opentracks:accuracy_horizontal></extensions>
</trkpt>
<trkpt lat="50.420898" lon="-104.581324">
<ele>554</ele>
<time>2026-09-27T09:32:38.225-06:00</time>
<extensions>
<gpxtpx:TrackPointExtension>
<gpxtpx:speed>5.63</gpxtpx:speed>
</gpxtpx:TrackPointExtension>
<opentracks:accuracy_horizontal>1.02</opentracks:accuracy_horizontal></extensions>
</trkpt>
<trkpt lat="50.420945" lon="-104.581181">
<ele>554</ele>
<time>2026-09-27T09:32:40.215-06:00</time>
<extensions>
<gpxtpx:TrackPointExtension>
<gpxtpx:speed>5.71</gpxtpx:speed>
</gpxtpx:TrackPointExtension>
<opentracks:accuracy_horizontal>1.02</opentracks:accuracy_horizontal></extensions>
</trkpt>
<trkpt lat="50.420991" lon="-104.581056">
<ele>554</ele>
<time>2026-09-27T09:32:42.215-06:00</time>
<extensions>
<gpxtpx:TrackPointExtension>
<gpxtpx:speed>5.08</gpxtpx:speed>
</gpxtpx:TrackPointExtension>
<opentracks:accuracy_horizontal>1.02</opentracks:accuracy_horizontal></extensions>
</trkpt>
<trkpt lat="50.421047" lon="-104.580882">
<ele>554</ele>
<time>2026-09-27T09:32:45.206-06:00</time>
<extensions>
<gpxtpx:TrackPointExtension>
<gpxtpx:speed>4.46</gpxtpx:speed>
</gpxtpx:TrackPointExtension>
<opentracks:accuracy_horizontal>1.02</opentracks:accuracy_horizontal></extensions>
</trkpt>
<trkpt lat="50.42108" lon="-104.580691">
<ele>554</ele>
<time>2026-09-27T09:32:48.216-06:00</time>
<extensions>
<gpxtpx:TrackPointExtension>
<gpxtpx:speed>5.26</gpxtpx:speed>
</gpxtpx:TrackPointExtension>
<opentracks:accuracy_horizontal>4.082</opentracks:accuracy_horizontal></extensions>
</trkpt>
<trkpt lat="50.421092" lon="-104.580537">
<ele>554</ele>
<time>2026-09-27T09:32:50.219-06:00</time>
<extensions>
<gpxtpx:TrackPointExtension>
<gpxtpx:speed>5.63</gpxtpx:speed>
</gpxtpx:TrackPointExtension>
<opentracks:accuracy_horizontal>3.571</opentracks:accuracy_horizontal></extensions>
</trkpt>
<trkpt lat="50.421109" lon="-104.580381">
<ele>553</ele>
<time>2026-09-27T09:32:52.209-06:00</time>
<extensions>
<gpxtpx:TrackPointExtension>
<gpxtpx:speed>5.42</gpxtpx:speed>
</gpxtpx:TrackPointExtension>
<opentracks:accuracy_horizontal>3.571</opentracks:accuracy_horizontal></extensions>
</trkpt>
<trkpt lat="50.42112" lon="-104.580232">
<ele>553</ele>
<time>2026-09-27T09:32:54.213-06:00</time>
<extensions>
<gpxtpx:TrackPointExtension>
<gpxtpx:speed>5.01</gpxtpx:speed>
</gpxtpx:TrackPointExtension>
<opentracks:accuracy_horizontal>3.061</opentracks:accuracy_horizontal></extensions>
</trkpt>
<trkpt lat="50.421131" lon="-104.580026">
<ele>553</ele>
<time>2026-09-27T09:32:57.223-06:00</time>
<extensions>
<gpxtpx:TrackPointExtension>
<gpxtpx:speed>4.84</gpxtpx:speed>
</gpxtpx:TrackPointExtension>
<opentracks:accuracy_horizontal>3.061</opentracks:accuracy_horizontal></extensions>
</trkpt>
<trkpt lat="50.42114" lon="-104.57983">
<ele>553</ele>
<time>2026-09-27T09:33:00.228-06:00</time>
<extensions>
<gpxtpx:TrackPointExtension>
<gpxtpx:speed>4.6</gpxtpx:speed>
</gpxtpx:TrackPointExtension>
<opentracks:accuracy_horizontal>3.571</opentracks:accuracy_horizontal></extensions>
</trkpt>
<trkpt lat="50.421148" lon="-104.579648">
<ele>552</ele>
<time>2026-09-27T09:33:03.215-06:00</time>
<extensions>
<gpxtpx:TrackPointExtension>
<gpxtpx:speed>4.1</gpxtpx:speed>
</gpxtpx:TrackPointExtension>
<opentracks:accuracy_horizontal>3.571</opentracks:accuracy_horizontal></extensions>
</trkpt>
<trkpt lat="50.421173" lon="-104.579444">
<ele>552</ele>
<time>2026-09-27T09:33:06.22-06:00</time>
<extensions>
<gpxtpx:TrackPointExtension>
<gpxtpx:speed>4.93</gpxtpx:speed>
</gpxtpx:TrackPointExtension>
<opentracks:accuracy_horizontal>4.592</opentracks:accuracy_horizontal></extensions>
</trkpt>
<trkpt lat="50.421198" lon="-104.579309">
<ele>552</ele>
<time>2026-09-27T09:33:08.219-06:00</time>
<extensions>
<gpxtpx:TrackPointExtension>
<gpxtpx:speed>5.1</gpxtpx:speed>
</gpxtpx:TrackPointExtension>
<opentracks:accuracy_horizontal>1.02</opentracks:accuracy_horizontal></extensions>
</trkpt>
<trkpt lat="50.42123" lon="-104.579095">
<ele>552</ele>
<time>2026-09-27T09:33:11.213-06:00</time>
<extensions>
<gpxtpx:TrackPointExtension>
<gpxtpx:speed>5.24</gpxtpx:speed>
</gpxtpx:TrackPointExtension>
<opentracks:accuracy_horizontal>1.02</opentracks:accuracy_horizontal></extensions>
</trkpt>
<trkpt lat="50.421245" lon="-104.578941">
<ele>552</ele>
<time>2026-09-27T09:33:13.222-06:00</time>
<extensions>
<gpxtpx:TrackPointExtension>
<gpxtpx:speed>5.29</gpxtpx:speed>
</gpxtpx:TrackPointExtension>
<opentracks:accuracy_horizontal>1.02</opentracks:accuracy_horizontal></extensions>
</trkpt>
<trkpt lat="50.421276" lon="-104.578802">
<ele>552</ele>
<time>2026-09-27T09:33:15.245-06:00</time>
<extensions>
<gpxtpx:TrackPointExtension>
<gpxtpx:speed>5.23</gpxtpx:speed>
</gpxtpx:TrackPointExtension>
<opentracks:accuracy_horizontal>4.592</opentracks:accuracy_horizontal></extensions>
</trkpt>
<trkpt lat="50.421309" lon="-104.578664">
<ele>551</ele>
<time>2026-09-27T09:33:17.216-06:00</time>
<extensions>
<gpxtpx:TrackPointExtension>
<gpxtpx:speed>5.27</gpxtpx:speed>
</gpxtpx:TrackPointExtension>
<opentracks:accuracy_horizontal>4.082</opentracks:accuracy_horizontal></extensions>
</trkpt>
<trkpt lat="50.421347" lon="-104.578524">
<ele>551</ele>
<time>2026-09-27T09:33:19.227-06:00</time>
<extensions>
<gpxtpx:TrackPointExtension>
<gpxtpx:speed>5.36</gpxtpx:speed>
</gpxtpx:TrackPointExtension>
<opentracks:accuracy_horizontal>4.082</opentracks:accuracy_horizontal></extensions>
</trkpt>
<trkpt lat="50.421392" lon="-104.578398">
<ele>551</ele>
<time>2026-09-27T09:33:21.201-06:00</time>
<extensions>
<gpxtpx:TrackPointExtension>
<gpxtpx:speed>4.85</gpxtpx:speed>
</gpxtpx:TrackPointExtension>
<opentracks:accuracy_horizontal>3.571</opentracks:accuracy_horizontal></extensions>
</trkpt>
<trkpt lat="50.421458" lon="-104.578214">
<ele>551</ele>
<time>2026-09-27T09:33:24.21-06:00</time>
<extensions>
<gpxtpx:TrackPointExtension>
<gpxtpx:speed>5.09</gpxtpx:speed>
</gpxtpx:TrackPointExtension>
<opentracks:accuracy_horizontal>4.592</opentracks:accuracy_horizontal></extensions>
</trkpt>
<trkpt lat="50.421507" lon="-104.578094">
<ele>551</ele>
<time>2026-09-27T09:33:26.218-06:00</time>
<extensions>
<gpxtpx:TrackPointExtension>
<gpxtpx:speed>5.15</gpxtpx:speed>
</gpxtpx:TrackPointExtension>
<opentracks:accuracy_horizontal>4.082</opentracks:accuracy_horizontal></extensions>
</trkpt>
<trkpt lat="50.421559" lon="-104.577974">
<ele>551</ele>
<time>2026-09-27T09:33:28.21-06:00</time>
<extensions>
<gpxtpx:TrackPointExtension>
<gpxtpx:speed>5.16</gpxtpx:speed>
</gpxtpx:TrackPointExtension>
<opentracks:accuracy_horizontal>0.51</opentracks:accuracy_horizontal></extensions>
</trkpt>
<trkpt lat="50.421607" lon="-104.577848">
<ele>551</ele>
<time>2026-09-27T09:33:30.228-06:00</time>
<extensions>
<gpxtpx:TrackPointExtension>
<gpxtpx:speed>5.06</gpxtpx:speed>
</gpxtpx:TrackPointExtension>
<opentracks:accuracy_horizontal>1.02</opentracks:accuracy_horizontal></extensions>
</trkpt>
<trkpt lat="50.421654" lon="-104.577726">
<ele>551</ele>
<time>2026-09-27T09:33:32.233-06:00</time>
<extensions>
<gpxtpx:TrackPointExtension>
<gpxtpx:speed>4.95</gpxtpx:speed>
</gpxtpx:TrackPointExtension>
<opentracks:accuracy_horizontal>1.02</opentracks:accuracy_horizontal></extensions>
</trkpt>
<trkpt lat="50.421723" lon="-104.577551">
<ele>551</ele>
<time>2026-09-27T09:33:35.232-06:00</time>
<extensions>
<gpxtpx:TrackPointExtension>
<gpxtpx:speed>4.98</gpxtpx:speed>
</gpxtpx:TrackPointExtension>
<opentracks:accuracy_horizontal>1.02</opentracks:accuracy_horizontal></extensions>
</trkpt>
<trkpt lat="50.421774" lon="-104.577433">
<ele>551</ele>
<time>2026-09-27T09:33:37.227-06:00</time>
<extensions>
<gpxtpx:TrackPointExtension>
<gpxtpx:speed>5.25</gpxtpx:speed>
</gpxtpx:TrackPointExtension>
<opentracks:accuracy_horizontal>1.02</opentracks:accuracy_horizontal></extensions>
</trkpt>
<trkpt lat="50.421822" lon="-104.57731">
<ele>551</ele>
<time>2026-09-27T09:33:39.227-06:00</time>
<extensions>
<gpxtpx:TrackPointExtension>
<gpxtpx:speed>5.03</gpxtpx:speed>
</gpxtpx:TrackPointExtension>
<opentracks:accuracy_horizontal>0.51</opentracks:accuracy_horizontal></extensions>
</trkpt>
<trkpt lat="50.421871" lon="-104.577183">
<ele>551</ele>
<time>2026-09-27T09:33:41.227-06:00</time>
<extensions>
<gpxtpx:TrackPointExtension>
<gpxtpx:speed>5.51</gpxtpx:speed>
</gpxtpx:TrackPointExtension>
<opentracks:accuracy_horizontal>1.02</opentracks:accuracy_horizontal></extensions>
</trkpt>
<trkpt lat="50.421927" lon="-104.577046">
<ele>552</ele>
<time>2026-09-27T09:33:43.227-06:00</time>
<extensions>
<gpxtpx:TrackPointExtension>
<gpxtpx:speed>5.87</gpxtpx:speed>
</gpxtpx:TrackPointExtension>
<opentracks:accuracy_horizontal>1.02</opentracks:accuracy_horizontal></extensions>
</trkpt>
<trkpt lat="50.422003" lon="-104.576921">
<ele>552</ele>
<time>2026-09-27T09:33:45.216-06:00</time>
<extensions>
<gpxtpx:TrackPointExtension>
<gpxtpx:speed>6.3</gpxtpx:speed>
</gpxtpx:TrackPointExtension>
<opentracks:accuracy_horizontal>1.02</opentracks:accuracy_horizontal></extensions>
</trkpt>
<trkpt lat="50.422101" lon="-104.576824">
<ele>552</ele>
<time>2026-09-27T09:33:47.219-06:00</time>
<extensions>
<gpxtpx:TrackPointExtension>
<gpxtpx:speed>6.46</gpxtpx:speed>
</gpxtpx:TrackPointExtension>
<opentracks:accuracy_horizontal>1.02</opentracks:accuracy_horizontal></extensions>
</trkpt>
<trkpt lat="50.422202" lon="-104.576734">
<ele>552</ele>
<time>2026-09-27T09:33:49.224-06:00</time>
<extensions>
<gpxtpx:TrackPointExtension>
<gpxtpx:speed>6.38</gpxtpx:speed>
</gpxtpx:TrackPointExtension>
<opentracks:accuracy_horizontal>1.02</opentracks:accuracy_horizontal></extensions>
</trkpt>
<trkpt lat="50.4223" lon="-104.576662">
<ele>552</ele>
<time>2026-09-27T09:33:51.23-06:00</time>
<extensions>
<gpxtpx:TrackPointExtension>
<gpxtpx:speed>6.19</gpxtpx:speed>
</gpxtpx:TrackPointExtension>
<opentracks:accuracy_horizontal>1.02</opentracks:accuracy_horizontal></extensions>
</trkpt>
<trkpt lat="50.422401" lon="-104.576596">
<ele>553</ele>
<time>2026-09-27T09:33:53.214-06:00</time>
<extensions>
<gpxtpx:TrackPointExtension>
<gpxtpx:speed>5.64</gpxtpx:speed>
</gpxtpx:TrackPointExtension>
<opentracks:accuracy_horizontal>1.02</opentracks:accuracy_horizontal></extensions>
</trkpt>
<trkpt lat="50.422498" lon="-104.576533">
<ele>553</ele>
<time>2026-09-27T09:33:55.203-06:00</time>
<extensions>
<gpxtpx:TrackPointExtension>
<gpxtpx:speed>6.32</gpxtpx:speed>
</gpxtpx:TrackPointExtension>
<opentracks:accuracy_horizontal>0.51</opentracks:accuracy_horizontal></extensions>
</trkpt>
<trkpt lat="50.422592" lon="-104.576453">
<ele>553</ele>
<time>2026-09-27T09:33:57.22-06:00</time>
<extensions>
<gpxtpx:TrackPointExtension>
<gpxtpx:speed>6.91</gpxtpx:speed>
</gpxtpx:TrackPointExtension>
<opentracks:accuracy_horizontal>1.02</opentracks:accuracy_horizontal></extensions>
</trkpt>
<trkpt lat="50.422676" lon="-104.57637">
<ele>553</ele>
<time>2026-09-27T09:33:59.207-06:00</time>
<extensions>
<gpxtpx:TrackPointExtension>
<gpxtpx:speed>5.13</gpxtpx:speed>
</gpxtpx:TrackPointExtension>
<opentracks:accuracy_horizontal>1.02</opentracks:accuracy_horizontal></extensions>
</trkpt>
<trkpt lat="50.42277" lon="-104.57632">
<ele>552</ele>
<time>2026-09-27T09:34:01.21-06:00</time>
<extensions>
<gpxtpx:TrackPointExtension>
<gpxtpx:speed>5.42</gpxtpx:speed>
</gpxtpx:TrackPointExtension>
<opentracks:accuracy_horizontal>1.02</opentracks:accuracy_horizontal></extensions>
</trkpt>
<trkpt lat="50.422864" lon="-104.576275">
<ele>553</ele>
<time>2026-09-27T09:34:03.216-06:00</time>
<extensions>
<gpxtpx:TrackPointExtension>
<gpxtpx:speed>5.26</gpxtpx:speed>
</gpxtpx:TrackPointExtension>
<opentracks:accuracy_horizontal>1.02</opentracks:accuracy_horizontal></extensions>
</trkpt>
<trkpt lat="50.422948" lon="-104.576219">
<ele>553</ele>
<time>2026-09-27T09:34:05.212-06:00</time>
<extensions>
<gpxtpx:TrackPointExtension>
<gpxtpx:speed>5.22</gpxtpx:speed>
</gpxtpx:TrackPointExtension>
<opentracks:accuracy_horizontal>1.02</opentracks:accuracy_horizontal></extensions>
</trkpt>
<trkpt lat="50.423073" lon="-104.576131">
<ele>552</ele>
<time>2026-09-27T09:34:08.241-06:00</time>
<extensions>
<gpxtpx:TrackPointExtension>
<gpxtpx:speed>5</gpxtpx:speed>
</gpxtpx:TrackPointExtension>
<opentracks:accuracy_horizontal>1.02</opentracks:accuracy_horizontal></extensions>
</trkpt>
<trkpt lat="50.423195" lon="-104.57605">
<ele>552</ele>
<time>2026-09-27T09:34:11.227-06:00</time>
<extensions>
<gpxtpx:TrackPointExtension>
<gpxtpx:speed>4.68</gpxtpx:speed>
</gpxtpx:TrackPointExtension>
<opentracks:accuracy_horizontal>1.02</opentracks:accuracy_horizontal></extensions>
</trkpt>
<trkpt lat="50.423311" lon="-104.575989">
<ele>553</ele>
<time>2026-09-27T09:34:14.22-06:00</time>
<extensions>
<gpxtpx:TrackPointExtension>
<gpxtpx:speed>4.38</gpxtpx:speed>
</gpxtpx:TrackPointExtension>
<opentracks:accuracy_horizontal>1.02</opentracks:accuracy_horizontal></extensions>
</trkpt>
<trkpt lat="50.423406" lon="-104.575936">
<ele>554</ele>
<time>2026-09-27T09:34:17.23-06:00</time>
<extensions>
<gpxtpx:TrackPointExtension>
<gpxtpx:speed>3.44</gpxtpx:speed>
</gpxtpx:TrackPointExtension>
<opentracks:accuracy_horizontal>1.02</opentracks:accuracy_horizontal></extensions>
</trkpt>
<trkpt lat="50.423511" lon="-104.575875">
<ele>554</ele>
<time>2026-09-27T09:34:21.251-06:00</time>
<extensions>
<gpxtpx:TrackPointExtension>
<gpxtpx:speed>2.89</gpxtpx:speed>
</gpxtpx:TrackPointExtension>
<opentracks:accuracy_horizontal>1.02</opentracks:accuracy_horizontal></extensions>
</trkpt>
<trkpt lat="50.423606" lon="-104.575821">
<ele>554</ele>
<time>2026-09-27T09:34:25.223-06:00</time>
<extensions>
<gpxtpx:TrackPointExtension>
<gpxtpx:speed>3.27</gpxtpx:speed>
</gpxtpx:TrackPointExtension>
<opentracks:accuracy_horizontal>4.082</opentracks:accuracy_horizontal></extensions>
</trkpt>
<trkpt lat="50.423712" lon="-104.575758">
<ele>554</ele>
<time>2026-09-27T09:34:28.238-06:00</time>
<extensions>
<gpxtpx:TrackPointExtension>
<gpxtpx:speed>3.7</gpxtpx:speed>
</gpxtpx:TrackPointExtension>
<opentracks:accuracy_horizontal>4.082</opentracks:accuracy_horizontal></extensions>
</trkpt>
<trkpt lat="50.423818" lon="-104.575748">
<ele>554</ele>
<time>2026-09-27T09:34:31.23-06:00</time>
<extensions>
<gpxtpx:TrackPointExtension>
<gpxtpx:speed>4.57</gpxtpx:speed>
</gpxtpx:TrackPointExtension>
<opentracks:accuracy_horizontal>0.51</opentracks:accuracy_horizontal></extensions>
</trkpt>
<trkpt lat="50.423912" lon="-104.575768">
<ele>553</ele>
<time>2026-09-27T09:34:33.247-06:00</time>
<extensions>
<gpxtpx:TrackPointExtension>
<gpxtpx:speed>6.17</gpxtpx:speed>
</gpxtpx:TrackPointExtension>
<opentracks:accuracy_horizontal>3.571</opentracks:accuracy_horizontal></extensions>
</trkpt>
<trkpt lat="50.424014" lon="-104.575842">
<ele>553</ele>
<time>2026-09-27T09:34:35.238-06:00</time>
<extensions>
<gpxtpx:TrackPointExtension>
<gpxtpx:speed>5.5</gpxtpx:speed>
</gpxtpx:TrackPointExtension>
<opentracks:accuracy_horizontal>3.061</opentracks:accuracy_horizontal></extensions>
</trkpt>
<trkpt lat="50.424087" lon="-104.575931">
<ele>553</ele>
<time>2026-09-27T09:34:37.227-06:00</time>
<extensions>
<gpxtpx:TrackPointExtension>
<gpxtpx:speed>5.07</gpxtpx:speed>
</gpxtpx:TrackPointExtension>
<opentracks:accuracy_horizontal>3.571</opentracks:accuracy_horizontal></extensions>
</trkpt>
<trkpt lat="50.424195" lon="-104.576025">
<ele>554</ele>
<time>2026-09-27T09:34:40.214-06:00</time>
<extensions>
<gpxtpx:TrackPointExtension>
<gpxtpx:speed>3.95</gpxtpx:speed>
</gpxtpx:TrackPointExtension>
<opentracks:accuracy_horizontal>1.02</opentracks:accuracy_horizontal></extensions>
</trkpt>
<trkpt lat="50.424284" lon="-104.575969">
<ele>554</ele>
<time>2026-09-27T09:34:43.244-06:00</time>
<extensions>
<gpxtpx:TrackPointExtension>
<gpxtpx:speed>3.89</gpxtpx:speed>
</gpxtpx:TrackPointExtension>
<opentracks:accuracy_horizontal>1.02</opentracks:accuracy_horizontal></extensions>
</trkpt>
<trkpt lat="50.424381" lon="-104.575869">
<ele>556</ele>
<time>2026-09-27T09:34:46.22-06:00</time>
<extensions>
<gpxtpx:TrackPointExtension>
<gpxtpx:speed>3.98</gpxtpx:speed>
</gpxtpx:TrackPointExtension>
<opentracks:accuracy_horizontal>1.02</opentracks:accuracy_horizontal></extensions>
</trkpt>
<trkpt lat="50.424489" lon="-104.575798">
<ele>558</ele>
<time>2026-09-27T09:34:49.22-06:00</time>
<extensions>
<gpxtpx:TrackPointExtension>
<gpxtpx:speed>4.13</gpxtpx:speed>
</gpxtpx:TrackPointExtension>
<opentracks:accuracy_horizontal>1.02</opentracks:accuracy_horizontal></extensions>
</trkpt>
<trkpt lat="50.424588" lon="-104.575732">
<ele>559</ele>
<time>2026-09-27T09:34:52.231-06:00</time>
<extensions>
<gpxtpx:TrackPointExtension>
<gpxtpx:speed>4.01</gpxtpx:speed>
</gpxtpx:TrackPointExtension>
<opentracks:accuracy_horizontal>1.02</opentracks:accuracy_horizontal></extensions>
</trkpt>
<trkpt lat="50.424696" lon="-104.575684">
<ele>559</ele>
<time>2026-09-27T09:34:55.233-06:00</time>
<extensions>
<gpxtpx:TrackPointExtension>
<gpxtpx:speed>3.74</gpxtpx:speed>
</gpxtpx:TrackPointExtension>
<opentracks:accuracy_horizontal>1.02</opentracks:accuracy_horizontal></extensions>
</trkpt>
<trkpt lat="50.42479" lon="-104.57564">
<ele>559</ele>
<time>2026-09-27T09:34:58.227-06:00</time>
<extensions>
<gpxtpx:TrackPointExtension>
<gpxtpx:speed>3.61</gpxtpx:speed>
</gpxtpx:TrackPointExtension>
<opentracks:accuracy_horizontal>0.51</opentracks:accuracy_horizontal></extensions>
</trkpt>
<trkpt lat="50.424882" lon="-104.575614">
<ele>558</ele>
<time>2026-09-27T09:35:01.22-06:00</time>
<extensions>
<gpxtpx:TrackPointExtension>
<gpxtpx:speed>2.9</gpxtpx:speed>
</gpxtpx:TrackPointExtension>
<opentracks:accuracy_horizontal>4.592</opentracks:accuracy_horizontal></extensions>
</trkpt>
<trkpt lat="50.424973" lon="-104.575638">
<ele>558</ele>
<time>2026-09-27T09:35:05.266-06:00</time>
<extensions>
<gpxtpx:TrackPointExtension>
<gpxtpx:speed>2.57</gpxtpx:speed>
</gpxtpx:TrackPointExtension>
<opentracks:accuracy_horizontal>5.102</opentracks:accuracy_horizontal></extensions>
</trkpt>
<trkpt lat="50.425078" lon="-104.575684">
<ele>558</ele>
<time>2026-09-27T09:35:10.234-06:00</time>
<extensions>
<gpxtpx:TrackPointExtension>
<gpxtpx:speed>2.32</gpxtpx:speed>
</gpxtpx:TrackPointExtension>
<opentracks:accuracy_horizontal>5.102</opentracks:accuracy_horizontal></extensions>
</trkpt>
<trkpt lat="50.425175" lon="-104.575737">
<ele>558</ele>
<time>2026-09-27T09:35:14.225-06:00</time>
<extensions>
<gpxtpx:TrackPointExtension>
<gpxtpx:speed>2.99</gpxtpx:speed>
</gpxtpx:TrackPointExtension>
<opentracks:accuracy_horizontal>7.143</opentracks:accuracy_horizontal></extensions>
</trkpt>
<trkpt lat="50.425272" lon="-104.575803">
<ele>558</ele>
<time>2026-09-27T09:35:17.232-06:00</time>
<extensions>
<gpxtpx:TrackPointExtension>
<gpxtpx:speed>3.74</gpxtpx:speed>
</gpxtpx:TrackPointExtension>
<opentracks:accuracy_horizontal>6.633</opentracks:accuracy_horizontal></extensions>
</trkpt>
<trkpt lat="50.425398" lon="-104.575839">
<ele>558</ele>
<time>2026-09-27T09:35:20.234-06:00</time>
<extensions>
<gpxtpx:TrackPointExtension>
<gpxtpx:speed>4.66</gpxtpx:speed>
</gpxtpx:TrackPointExtension>
<opentracks:accuracy_horizontal>0.51</opentracks:accuracy_horizontal></extensions>
</trkpt>
<trkpt lat="50.425519" lon="-104.575832">
<ele>558</ele>
<time>2026-09-27T09:35:23.231-06:00</time>
<extensions>
<gpxtpx:TrackPointExtension>
<gpxtpx:speed>4.37</gpxtpx:speed>
</gpxtpx:TrackPointExtension>
<opentracks:accuracy_horizontal>1.02</opentracks:accuracy_horizontal></extensions>
</trkpt>
<trkpt lat="50.425627" lon="-104.575779">
<ele>557</ele>
<time>2026-09-27T09:35:26.221-06:00</time>
<extensions>
<gpxtpx:TrackPointExtension>
<gpxtpx:speed>3.71</gpxtpx:speed>
</gpxtpx:TrackPointExtension>
<opentracks:accuracy_horizontal>1.02</opentracks:accuracy_horizontal></extensions>
</trkpt>
<trkpt lat="50.425712" lon="-104.575715">
<ele>557</ele>
<time>2026-09-27T09:35:29.225-06:00</time>
<extensions>
<gpxtpx:TrackPointExtension>
<gpxtpx:speed>3.04</gpxtpx:speed>
</gpxtpx:TrackPointExtension>
<opentracks:accuracy_horizontal>1.02</opentracks:accuracy_horizontal></extensions>
</trkpt>
<trkpt lat="50.425815" lon="-104.575609">
<ele>556</ele>
<time>2026-09-27T09:35:33.236-06:00</time>
<extensions>
<gpxtpx:TrackPointExtension>
<gpxtpx:speed>3.79</gpxtpx:speed>
</gpxtpx:TrackPointExtension>
<opentracks:accuracy_horizontal>6.633</opentracks:accuracy_horizontal></extensions>
</trkpt>
<trkpt lat="50.425887" lon="-104.575517">
<ele>556</ele>
<time>2026-09-27T09:35:36.231-06:00</time>
<extensions>
<gpxtpx:TrackPointExtension>
<gpxtpx:speed>2.63</gpxtpx:speed>
</gpxtpx:TrackPointExtension>
<opentracks:accuracy_horizontal>1.02</opentracks:accuracy_horizontal></extensions>
</trkpt>
<trkpt lat="50.425951" lon="-104.575408">
<ele>556</ele>
<time>2026-09-27T09:35:40.232-06:00</time>
<extensions>
<gpxtpx:TrackPointExtension>
<gpxtpx:speed>3.65</gpxtpx:speed>
</gpxtpx:TrackPointExtension>
<opentracks:accuracy_horizontal>1.02</opentracks:accuracy_horizontal></extensions>
</trkpt>
<trkpt lat="50.426027" lon="-104.575278">
<ele>557</ele>
<time>2026-09-27T09:35:43.235-06:00</time>
<extensions>
<gpxtpx:TrackPointExtension>
<gpxtpx:speed>3.78</gpxtpx:speed>
</gpxtpx:TrackPointExtension>
<opentracks:accuracy_horizontal>5.102</opentracks:accuracy_horizontal></extensions>
</trkpt>
<trkpt lat="50.426084" lon="-104.575127">
<ele>557</ele>
<time>2026-09-27T09:35:46.225-06:00</time>
<extensions>
<gpxtpx:TrackPointExtension>
<gpxtpx:speed>3.76</gpxtpx:speed>
</gpxtpx:TrackPointExtension>
<opentracks:accuracy_horizontal>0.51</opentracks:accuracy_horizontal></extensions>
</trkpt>
<trkpt lat="50.426158" lon="-104.574988">
<ele>559</ele>
<time>2026-09-27T09:35:50.226-06:00</time>
<extensions>
<gpxtpx:TrackPointExtension>
<gpxtpx:speed>3.59</gpxtpx:speed>
</gpxtpx:TrackPointExtension>
<opentracks:accuracy_horizontal>1.02</opentracks:accuracy_horizontal></extensions>
</trkpt>
<trkpt lat="50.426233" lon="-104.574854">
<ele>561</ele>
<time>2026-09-27T09:35:54.234-06:00</time>
<extensions>
<gpxtpx:TrackPointExtension>
<gpxtpx:speed>2.65</gpxtpx:speed>
</gpxtpx:TrackPointExtension>
<opentracks:accuracy_horizontal>1.02</opentracks:accuracy_horizontal></extensions>
</trkpt>
<trkpt lat="50.426278" lon="-104.574717">
<ele>561</ele>
<time>2026-09-27T09:35:58.234-06:00</time>
<extensions>
<gpxtpx:TrackPointExtension>
<gpxtpx:speed>2.6</gpxtpx:speed>
</gpxtpx:TrackPointExtension>
<opentracks:accuracy_horizontal>1.02</opentracks:accuracy_horizontal></extensions>
</trkpt>
<trkpt lat="50.426303" lon="-104.574529">
<ele>561</ele>
<time>2026-09-27T09:36:02.245-06:00</time>
<extensions>
<gpxtpx:TrackPointExtension>
<gpxtpx:speed>3.46</gpxtpx:speed>
</gpxtpx:TrackPointExtension>
<opentracks:accuracy_horizontal>1.02</opentracks:accuracy_horizontal></extensions>
</trkpt>
<trkpt lat="50.426302" lon="-104.574374">
<ele>561</ele>
<time>2026-09-27T09:36:05.253-06:00</time>
<extensions>
<gpxtpx:TrackPointExtension>
<gpxtpx:speed>3.5</gpxtpx:speed>
</gpxtpx:TrackPointExtension>
<opentracks:accuracy_horizontal>1.02</opentracks:accuracy_horizontal></extensions>
</trkpt>
<trkpt lat="50.426282" lon="-104.574217">
<ele>561</ele>
<time>2026-09-27T09:36:08.224-06:00</time>
<extensions>
<gpxtpx:TrackPointExtension>
<gpxtpx:speed>3.33</gpxtpx:speed>
</gpxtpx:TrackPointExtension>
<opentracks:accuracy_horizontal>1.02</opentracks:accuracy_horizontal></extensions>
</trkpt>
<trkpt lat="50.426274" lon="-104.574059">
<ele>563</ele>
<time>2026-09-27T09:36:11.23-06:00</time>
<extensions>
<gpxtpx:TrackPointExtension>
<gpxtpx:speed>3.75</gpxtpx:speed>
</gpxtpx:TrackPointExtension>
<opentracks:accuracy_horizontal>1.02</opentracks:accuracy_horizontal></extensions>
</trkpt>
<trkpt lat="50.426257" lon="-104.573873">
<ele>562</ele>
<time>2026-09-27T09:36:15.234-06:00</time>
<extensions>
<gpxtpx:TrackPointExtension>
<gpxtpx:speed>3.08</gpxtpx:speed>
</gpxtpx:TrackPointExtension>
<opentracks:accuracy_horizontal>1.02</opentracks:accuracy_horizontal></extensions>
</trkpt>
<trkpt lat="50.426242" lon="-104.573693">
<ele>562</ele>
<time>2026-09-27T09:36:19.226-06:00</time>
<extensions>
<gpxtpx:TrackPointExtension>
<gpxtpx:speed>3.07</gpxtpx:speed>
</gpxtpx:TrackPointExtension>
<opentracks:accuracy_horizontal>5.102</opentracks:accuracy_horizontal></extensions>
</trkpt>
<trkpt lat="50.426226" lon="-104.57352">
<ele>562</ele>
<time>2026-09-27T09:36:23.226-06:00</time>
<extensions>
<gpxtpx:TrackPointExtension>
<gpxtpx:speed>3.11</gpxtpx:speed>
</gpxtpx:TrackPointExtension>
<opentracks:accuracy_horizontal>4.082</opentracks:accuracy_horizontal></extensions>
</trkpt>
<trkpt lat="50.426211" lon="-104.573315">
<ele>563</ele>
<time>2026-09-27T09:36:27.226-06:00</time>
<extensions>
<gpxtpx:TrackPointExtension>
<gpxtpx:speed>6.93</gpxtpx:speed>
</gpxtpx:TrackPointExtension>
<opentracks:accuracy_horizontal>6.122</opentracks:accuracy_horizontal></extensions>
</trkpt>
<trkpt lat="50.426192" lon="-104.573173">
<ele>562</ele>
<time>2026-09-27T09:36:30.215-06:00</time>
<extensions>
<gpxtpx:TrackPointExtension>
<gpxtpx:speed>3.65</gpxtpx:speed>
</gpxtpx:TrackPointExtension>
<opentracks:accuracy_horizontal>1.02</opentracks:accuracy_horizontal></extensions>
</trkpt>
<trkpt lat="50.426196" lon="-104.573026">
<ele>562</ele>
<time>2026-09-27T09:36:33.239-06:00</time>
<extensions>
<gpxtpx:TrackPointExtension>
<gpxtpx:speed>3.86</gpxtpx:speed>
</gpxtpx:TrackPointExtension>
<opentracks:accuracy_horizontal>1.02</opentracks:accuracy_horizontal></extensions>
</trkpt>
<trkpt lat="50.426165" lon="-104.572852">
<ele>562</ele>
<time>2026-09-27T09:36:36.216-06:00</time>
<extensions>
<gpxtpx:TrackPointExtension>
<gpxtpx:speed>4.08</gpxtpx:speed>
</gpxtpx:TrackPointExtension>
<opentracks:accuracy_horizontal>5.612</opentracks:accuracy_horizontal></extensions>
</trkpt>
<trkpt lat="50.426158" lon="-104.572692">
<ele>562</ele>
<time>2026-09-27T09:36:39.223-06:00</time>
<extensions>
<gpxtpx:TrackPointExtension>
<gpxtpx:speed>3.73</gpxtpx:speed>
</gpxtpx:TrackPointExtension>
<opentracks:accuracy_horizontal>4.082</opentracks:accuracy_horizontal></extensions>
</trkpt>
<trkpt lat="50.426145" lon="-104.57255">
<ele>561</ele>
<time>2026-09-27T09:36:42.221-06:00</time>
<extensions>
<gpxtpx:TrackPointExtension>
<gpxtpx:speed>3.27</gpxtpx:speed>
</gpxtpx:TrackPointExtension>
<opentracks:accuracy_horizontal>5.102</opentracks:accuracy_horizontal></extensions>
</trkpt>
<trkpt lat="50.426134" lon="-104.572376">
<ele>561</ele>
<time>2026-09-27T09:36:46.228-06:00</time>
<extensions>
<gpxtpx:TrackPointExtension>
<gpxtpx:speed>2.69</gpxtpx:speed>
</gpxtpx:TrackPointExtension>
<opentracks:accuracy_horizontal>4.592</opentracks:accuracy_horizontal></extensions>
</trkpt>
<trkpt lat="50.426121" lon="-104.572211">
<ele>560</ele>
<time>2026-09-27T09:36:51.228-06:00</time>
<extensions>
<gpxtpx:TrackPointExtension>
<gpxtpx:speed>2.2</gpxtpx:speed>
</gpxtpx:TrackPointExtension>
<opentracks:accuracy_horizontal>5.612</opentracks:accuracy_horizontal></extensions>
</trkpt>
<trkpt lat="50.426109" lon="-104.57204">
<ele>560</ele>
<time>2026-09-27T09:36:56.235-06:00</time>
<extensions>
<gpxtpx:TrackPointExtension>
<gpxtpx:speed>2.51</gpxtpx:speed>
</gpxtpx:TrackPointExtension>
<opentracks:accuracy_horizontal>5.612</opentracks:accuracy_horizontal></extensions>
</trkpt>
<trkpt lat="50.426104" lon="-104.571863">
<ele>560</ele>
<time>2026-09-27T09:37:00.22-06:00</time>
<extensions>
<gpxtpx:TrackPointExtension>
<gpxtpx:speed>3.43</gpxtpx:speed>
</gpxtpx:TrackPointExtension>
<opentracks:accuracy_horizontal>6.633</opentracks:accuracy_horizontal></extensions>
</trkpt>
<trkpt lat="50.426106" lon="-104.571701">
<ele>560</ele>
<time>2026-09-27T09:37:03.231-06:00</time>
<extensions>
<gpxtpx:TrackPointExtension>
<gpxtpx:speed>3.75</gpxtpx:speed>
</gpxtpx:TrackPointExtension>
<opentracks:accuracy_horizontal>6.633</opentracks:accuracy_horizontal></extensions>
</trkpt>
<trkpt lat="50.426102" lon="-104.571514">
<ele>559</ele>
<time>2026-09-27T09:37:06.23-06:00</time>
<extensions>
<gpxtpx:TrackPointExtension>
<gpxtpx:speed>4.14</gpxtpx:speed>
</gpxtpx:TrackPointExtension>
<opentracks:accuracy_horizontal>1.02</opentracks:accuracy_horizontal></extensions>
</trkpt>
<trkpt lat="50.426117" lon="-104.571337">
<ele>560</ele>
<time>2026-09-27T09:37:09.227-06:00</time>
<extensions>
<gpxtpx:TrackPointExtension>
<gpxtpx:speed>4.46</gpxtpx:speed>
</gpxtpx:TrackPointExtension>
<opentracks:accuracy_horizontal>1.02</opentracks:accuracy_horizontal></extensions>
</trkpt>
<trkpt lat="50.42613" lon="-104.571144">
<ele>562</ele>
<time>2026-09-27T09:37:12.231-06:00</time>
<extensions>
<gpxtpx:TrackPointExtension>
<gpxtpx:speed>4.61</gpxtpx:speed>
</gpxtpx:TrackPointExtension>
<opentracks:accuracy_horizontal>1.02</opentracks:accuracy_horizontal></extensions>
</trkpt>
<trkpt lat="50.426132" lon="-104.570996">
<ele>561</ele>
<time>2026-09-27T09:37:14.218-06:00</time>
<extensions>
<gpxtpx:TrackPointExtension>
<gpxtpx:speed>4.91</gpxtpx:speed>
</gpxtpx:TrackPointExtension>
<opentracks:accuracy_horizontal>0.51</opentracks:accuracy_horizontal></extensions>
</trkpt>
<trkpt lat="50.426123" lon="-104.570784">
<ele>560</ele>
<time>2026-09-27T09:37:17.239-06:00</time>
<extensions>
<gpxtpx:TrackPointExtension>
<gpxtpx:speed>5.12</gpxtpx:speed>
</gpxtpx:TrackPointExtension>
<opentracks:accuracy_horizontal>1.02</opentracks:accuracy_horizontal></extensions>
</trkpt>
<trkpt lat="50.426125" lon="-104.570586">
<ele>560</ele>
<time>2026-09-27T09:37:20.226-06:00</time>
<extensions>
<gpxtpx:TrackPointExtension>
<gpxtpx:speed>4.84</gpxtpx:speed>
</gpxtpx:TrackPointExtension>
<opentracks:accuracy_horizontal>4.592</opentracks:accuracy_horizontal></extensions>
</trkpt>
<trkpt lat="50.426128" lon="-104.570445">
<ele>559</ele>
<time>2026-09-27T09:37:22.222-06:00</time>
<extensions>
<gpxtpx:TrackPointExtension>
<gpxtpx:speed>4.84</gpxtpx:speed>
</gpxtpx:TrackPointExtension>
<opentracks:accuracy_horizontal>3.571</opentracks:accuracy_horizontal></extensions>
</trkpt>
<trkpt lat="50.426122" lon="-104.570258">
<ele>559</ele>
<time>2026-09-27T09:37:25.229-06:00</time>
<extensions>
<gpxtpx:TrackPointExtension>
<gpxtpx:speed>4.4</gpxtpx:speed>
</gpxtpx:TrackPointExtension>
<opentracks:accuracy_horizontal>4.592</opentracks:accuracy_horizontal></extensions>
</trkpt>
<trkpt lat="50.426119" lon="-104.570075">
<ele>559</ele>
<time>2026-09-27T09:37:28.239-06:00</time>
<extensions>
<gpxtpx:TrackPointExtension>
<gpxtpx:speed>4.42</gpxtpx:speed>
</gpxtpx:TrackPointExtension>
<opentracks:accuracy_horizontal>4.592</opentracks:accuracy_horizontal></extensions>
</trkpt>
<trkpt lat="50.426117" lon="-104.569892">
<ele>560</ele>
<time>2026-09-27T09:37:31.229-06:00</time>
<extensions>
<gpxtpx:TrackPointExtension>
<gpxtpx:speed>4.3</gpxtpx:speed>
</gpxtpx:TrackPointExtension>
<opentracks:accuracy_horizontal>5.102</opentracks:accuracy_horizontal></extensions>
</trkpt>
<trkpt lat="50.426131" lon="-104.569716">
<ele>562</ele>
<time>2026-09-27T09:37:34.224-06:00</time>
<extensions>
<gpxtpx:TrackPointExtension>
<gpxtpx:speed>4.11</gpxtpx:speed>
</gpxtpx:TrackPointExtension>
<opentracks:accuracy_horizontal>0.51</opentracks:accuracy_horizontal></extensions>
</trkpt>
<trkpt lat="50.426164" lon="-104.569536">
<ele>562</ele>
<time>2026-09-27T09:37:37.225-06:00</time>
<extensions>
<gpxtpx:TrackPointExtension>
<gpxtpx:speed>4.57</gpxtpx:speed>
</gpxtpx:TrackPointExtension>
<opentracks:accuracy_horizontal>1.02</opentracks:accuracy_horizontal></extensions>
</trkpt>
<trkpt lat="50.426186" lon="-104.569327">
<ele>564</ele>
<time>2026-09-27T09:37:40.202-06:00</time>
<extensions>
<gpxtpx:TrackPointExtension>
<gpxtpx:speed>4.53</gpxtpx:speed>
</gpxtpx:TrackPointExtension>
<opentracks:accuracy_horizontal>1.02</opentracks:accuracy_horizontal></extensions>
</trkpt>
<trkpt lat="50.426177" lon="-104.569126">
<ele>563</ele>
<time>2026-09-27T09:37:43.221-06:00</time>
<extensions>
<gpxtpx:TrackPointExtension>
<gpxtpx:speed>4.67</gpxtpx:speed>
</gpxtpx:TrackPointExtension>
<opentracks:accuracy_horizontal>0.51</opentracks:accuracy_horizontal></extensions>
</trkpt>
<trkpt lat="50.426148" lon="-104.568987">
<ele>561</ele>
<time>2026-09-27T09:37:45.253-06:00</time>
<extensions>
<gpxtpx:TrackPointExtension>
<gpxtpx:speed>4.62</gpxtpx:speed>
</gpxtpx:TrackPointExtension>
<opentracks:accuracy_horizontal>4.592</opentracks:accuracy_horizontal></extensions>
</trkpt>
<trkpt lat="50.426134" lon="-104.5688">
<ele>560</ele>
<time>2026-09-27T09:37:48.219-06:00</time>
<extensions>
<gpxtpx:TrackPointExtension>
<gpxtpx:speed>4.43</gpxtpx:speed>
</gpxtpx:TrackPointExtension>
<opentracks:accuracy_horizontal>4.592</opentracks:accuracy_horizontal></extensions>
</trkpt>
<trkpt lat="50.426132" lon="-104.568619">
<ele>559</ele>
<time>2026-09-27T09:37:51.219-06:00</time>
<extensions>
<gpxtpx:TrackPointExtension>
<gpxtpx:speed>4.04</gpxtpx:speed>
</gpxtpx:TrackPointExtension>
<opentracks:accuracy_horizontal>4.082</opentracks:accuracy_horizontal></extensions>
</trkpt>
<trkpt lat="50.426133" lon="-104.568441">
<ele>558</ele>
<time>2026-09-27T09:37:54.241-06:00</time>
<extensions>
<gpxtpx:TrackPointExtension>
<gpxtpx:speed>4.07</gpxtpx:speed>
</gpxtpx:TrackPointExtension>
<opentracks:accuracy_horizontal>3.571</opentracks:accuracy_horizontal></extensions>
</trkpt>
<trkpt lat="50.426145" lon="-104.568286">
<ele>558</ele>
<time>2026-09-27T09:37:57.223-06:00</time>
<extensions>
<gpxtpx:TrackPointExtension>
<gpxtpx:speed>4.18</gpxtpx:speed>
</gpxtpx:TrackPointExtension>
<opentracks:accuracy_horizontal>2.551</opentracks:accuracy_horizontal></extensions>
</trkpt>
<trkpt lat="50.426147" lon="-104.568109">
<ele>559</ele>
<time>2026-09-27T09:38:00.214-06:00</time>
<extensions>
<gpxtpx:TrackPointExtension>
<gpxtpx:speed>3.9</gpxtpx:speed>
</gpxtpx:TrackPointExtension>
<opentracks:accuracy_horizontal>4.082</opentracks:accuracy_horizontal></extensions>
</trkpt>
<trkpt lat="50.42626" lon="-104.568067">
<ele>558</ele>
<time>2026-09-27T09:38:04.229-06:00</time>
<extensions>
<gpxtpx:TrackPointExtension>
<gpxtpx:speed>3.83</gpxtpx:speed>
</gpxtpx:TrackPointExtension>
<opentracks:accuracy_horizontal>4.592</opentracks:accuracy_horizontal></extensions>
</trkpt>
<trkpt lat="50.426355" lon="-104.568066">
<ele>558</ele>
<time>2026-09-27T09:38:07.232-06:00</time>
<extensions>
<gpxtpx:TrackPointExtension>
<gpxtpx:speed>4.23</gpxtpx:speed>
</gpxtpx:TrackPointExtension>
<opentracks:accuracy_horizontal>4.592</opentracks:accuracy_horizontal></extensions>
</trkpt>
<trkpt lat="50.426459" lon="-104.568037">
<ele>556</ele>
<time>2026-09-27T09:38:10.229-06:00</time>
<extensions>
<gpxtpx:TrackPointExtension>
<gpxtpx:speed>3.91</gpxtpx:speed>
</gpxtpx:TrackPointExtension>
<opentracks:accuracy_horizontal>4.592</opentracks:accuracy_horizontal></extensions>
</trkpt>
<trkpt lat="50.426569" lon="-104.568036">
<ele>556</ele>
<time>2026-09-27T09:38:13.229-06:00</time>
<extensions>
<gpxtpx:TrackPointExtension>
<gpxtpx:speed>4.6</gpxtpx:speed>
</gpxtpx:TrackPointExtension>
<opentracks:accuracy_horizontal>1.02</opentracks:accuracy_horizontal></extensions>
</trkpt>
<trkpt lat="50.426689" lon="-104.568046">
<ele>556</ele>
<time>2026-09-27T09:38:16.218-06:00</time>
<extensions>
<gpxtpx:TrackPointExtension>
<gpxtpx:speed>4.52</gpxtpx:speed>
</gpxtpx:TrackPointExtension>
<opentracks:accuracy_horizontal>1.02</opentracks:accuracy_horizontal></extensions>
</trkpt>
<trkpt lat="50.426807" lon="-104.56805">
<ele>557</ele>
<time>2026-09-27T09:38:19.238-06:00</time>
<extensions>
<gpxtpx:TrackPointExtension>
<gpxtpx:speed>4.54</gpxtpx:speed>
</gpxtpx:TrackPointExtension>
<opentracks:accuracy_horizontal>1.02</opentracks:accuracy_horizontal></extensions>
</trkpt>
<trkpt lat="50.42693" lon="-104.568054">
<ele>559</ele>
<time>2026-09-27T09:38:22.236-06:00</time>
<extensions>
<gpxtpx:TrackPointExtension>
<gpxtpx:speed>4.58</gpxtpx:speed>
</gpxtpx:TrackPointExtension>
<opentracks:accuracy_horizontal>0.51</opentracks:accuracy_horizontal></extensions>
</trkpt>
<trkpt lat="50.427059" lon="-104.568069">
<ele>559</ele>
<time>2026-09-27T09:38:25.226-06:00</time>
<extensions>
<gpxtpx:TrackPointExtension>
<gpxtpx:speed>4.19</gpxtpx:speed>
</gpxtpx:TrackPointExtension>
<opentracks:accuracy_horizontal>1.02</opentracks:accuracy_horizontal></extensions>
</trkpt>
<trkpt lat="50.427154" lon="-104.568062">
<ele>558</ele>
<time>2026-09-27T09:38:27.216-06:00</time>
<extensions>
<gpxtpx:TrackPointExtension>
<gpxtpx:speed>5.3</gpxtpx:speed>
</gpxtpx:TrackPointExtension>
<opentracks:accuracy_horizontal>1.02</opentracks:accuracy_horizontal></extensions>
</trkpt>
<trkpt lat="50.427246" lon="-104.568061">
<ele>558</ele>
<time>2026-09-27T09:38:29.221-06:00</time>
<extensions>
<gpxtpx:TrackPointExtension>
<gpxtpx:speed>4.84</gpxtpx:speed>
</gpxtpx:TrackPointExtension>
<opentracks:accuracy_horizontal>0.51</opentracks:accuracy_horizontal></extensions>
</trkpt>
<trkpt lat="50.427376" lon="-104.568063">
<ele>557</ele>
<time>2026-09-27T09:38:32.224-06:00</time>
<extensions>
<gpxtpx:TrackPointExtension>
<gpxtpx:speed>4.78</gpxtpx:speed>
</gpxtpx:TrackPointExtension>
<opentracks:accuracy_horizontal>1.02</opentracks:accuracy_horizontal></extensions>
</trkpt>
<trkpt lat="50.427465" lon="-104.568059">
<ele>558</ele>
<time>2026-09-27T09:38:34.226-06:00</time>
<extensions>
<gpxtpx:TrackPointExtension>
<gpxtpx:speed>4.9</gpxtpx:speed>
</gpxtpx:TrackPointExtension>
<opentracks:accuracy_horizontal>1.02</opentracks:accuracy_horizontal></extensions>
</trkpt>
<trkpt lat="50.427601" lon="-104.568067">
<ele>558</ele>
<time>2026-09-27T09:38:37.225-06:00</time>
<extensions>
<gpxtpx:TrackPointExtension>
<gpxtpx:speed>4.69</gpxtpx:speed>
</gpxtpx:TrackPointExtension>
<opentracks:accuracy_horizontal>1.02</opentracks:accuracy_horizontal></extensions>
</trkpt>
<trkpt lat="50.427722" lon="-104.568062">
<ele>558</ele>
<time>2026-09-27T09:38:40.255-06:00</time>
<extensions>
<gpxtpx:TrackPointExtension>
<gpxtpx:speed>4.63</gpxtpx:speed>
</gpxtpx:TrackPointExtension>
<opentracks:accuracy_horizontal>1.02</opentracks:accuracy_horizontal></extensions>
</trkpt>
<trkpt lat="50.42784" lon="-104.567995">
<ele>558</ele>
<time>2026-09-27T09:38:43.237-06:00</time>
<extensions>
<gpxtpx:TrackPointExtension>
<gpxtpx:speed>4.62</gpxtpx:speed>
</gpxtpx:TrackPointExtension>
<opentracks:accuracy_horizontal>1.02</opentracks:accuracy_horizontal></extensions>
</trkpt>
<trkpt lat="50.427917" lon="-104.567917">
<ele>559</ele>
<time>2026-09-27T09:38:45.228-06:00</time>
<extensions>
<gpxtpx:TrackPointExtension>
<gpxtpx:speed>4.64</gpxtpx:speed>
</gpxtpx:TrackPointExtension>
<opentracks:accuracy_horizontal>1.02</opentracks:accuracy_horizontal></extensions>
</trkpt>
<trkpt lat="50.427993" lon="-104.56783">
<ele>559</ele>
<time>2026-09-27T09:38:47.236-06:00</time>
<extensions>
<gpxtpx:TrackPointExtension>
<gpxtpx:speed>4.99</gpxtpx:speed>
</gpxtpx:TrackPointExtension>
<opentracks:accuracy_horizontal>1.02</opentracks:accuracy_horizontal></extensions>
</trkpt>
<trkpt lat="50.428103" lon="-104.56772">
<ele>559</ele>
<time>2026-09-27T09:38:50.244-06:00</time>
<extensions>
<gpxtpx:TrackPointExtension>
<gpxtpx:speed>5</gpxtpx:speed>
</gpxtpx:TrackPointExtension>
<opentracks:accuracy_horizontal>1.02</opentracks:accuracy_horizontal></extensions>
</trkpt>
<trkpt lat="50.428182" lon="-104.56765">
<ele>559</ele>
<time>2026-09-27T09:38:52.234-06:00</time>
<extensions>
<gpxtpx:TrackPointExtension>
<gpxtpx:speed>5.25</gpxtpx:speed>
</gpxtpx:TrackPointExtension>
<opentracks:accuracy_horizontal>1.02</opentracks:accuracy_horizontal></extensions>
</trkpt>
<trkpt lat="50.428271" lon="-104.567581">
<ele>560</ele>
<time>2026-09-27T09:38:54.225-06:00</time>
<extensions>
<gpxtpx:TrackPointExtension>
<gpxtpx:speed>5.27</gpxtpx:speed>
</gpxtpx:TrackPointExtension>
<opentracks:accuracy_horizontal>1.02</opentracks:accuracy_horizontal></extensions>
</trkpt>
<trkpt lat="50.428361" lon="-104.567491">
<ele>559</ele>
<time>2026-09-27T09:38:56.218-06:00</time>
<extensions>
<gpxtpx:TrackPointExtension>
<gpxtpx:speed>5.66</gpxtpx:speed>
</gpxtpx:TrackPointExtension>
<opentracks:accuracy_horizontal>1.02</opentracks:accuracy_horizontal></extensions>
</trkpt>
<trkpt lat="50.428439" lon="-104.567402">
<ele>558</ele>
<time>2026-09-27T09:38:58.214-06:00</time>
<extensions>
<gpxtpx:TrackPointExtension>
<gpxtpx:speed>5.31</gpxtpx:speed>
</gpxtpx:TrackPointExtension>
<opentracks:accuracy_horizontal>0.51</opentracks:accuracy_horizontal></extensions>
</trkpt>
<trkpt lat="50.428514" lon="-104.567305">
<ele>557</ele>
<time>2026-09-27T09:39:00.212-06:00</time>
<extensions>
<gpxtpx:TrackPointExtension>
<gpxtpx:speed>5.4</gpxtpx:speed>
</gpxtpx:TrackPointExtension>
<opentracks:accuracy_horizontal>0.51</opentracks:accuracy_horizontal></extensions>
</trkpt>
<trkpt lat="50.42859" lon="-104.567215">
<ele>557</ele>
<time>2026-09-27T09:39:02.218-06:00</time>
<extensions>
<gpxtpx:TrackPointExtension>
<gpxtpx:speed>5.51</gpxtpx:speed>
</gpxtpx:TrackPointExtension>
<opentracks:accuracy_horizontal>1.02</opentracks:accuracy_horizontal></extensions>
</trkpt>
<trkpt lat="50.42867" lon="-104.567132">
<ele>557</ele>
<time>2026-09-27T09:39:04.212-06:00</time>
<extensions>
<gpxtpx:TrackPointExtension>
<gpxtpx:speed>5.21</gpxtpx:speed>
</gpxtpx:TrackPointExtension>
<opentracks:accuracy_horizontal>1.02</opentracks:accuracy_horizontal></extensions>
</trkpt>
<trkpt lat="50.428758" lon="-104.56705">
<ele>557</ele>
<time>2026-09-27T09:39:06.214-06:00</time>
<extensions>
<gpxtpx:TrackPointExtension>
<gpxtpx:speed>5.5</gpxtpx:speed>
</gpxtpx:TrackPointExtension>
<opentracks:accuracy_horizontal>1.02</opentracks:accuracy_horizontal></extensions>
</trkpt>
<trkpt lat="50.428841" lon="-104.566969">
<ele>558</ele>
<time>2026-09-27T09:39:08.216-06:00</time>
<extensions>
<gpxtpx:TrackPointExtension>
<gpxtpx:speed>5.47</gpxtpx:speed>
</gpxtpx:TrackPointExtension>
<opentracks:accuracy_horizontal>1.02</opentracks:accuracy_horizontal></extensions>
</trkpt>
<trkpt lat="50.428921" lon="-104.56689">
<ele>558</ele>
<time>2026-09-27T09:39:10.219-06:00</time>
<extensions>
<gpxtpx:TrackPointExtension>
<gpxtpx:speed>5.28</gpxtpx:speed>
</gpxtpx:TrackPointExtension>
<opentracks:accuracy_horizontal>1.02</opentracks:accuracy_horizontal></extensions>
</trkpt>
<trkpt lat="50.429007" lon="-104.566821">
<ele>559</ele>
<time>2026-09-27T09:39:12.218-06:00</time>
<extensions>
<gpxtpx:TrackPointExtension>
<gpxtpx:speed>5.61</gpxtpx:speed>
</gpxtpx:TrackPointExtension>
<opentracks:accuracy_horizontal>1.02</opentracks:accuracy_horizontal></extensions>
</trkpt>
<trkpt lat="50.429102" lon="-104.566736">
<ele>560</ele>
<time>2026-09-27T09:39:14.226-06:00</time>
<extensions>
<gpxtpx:TrackPointExtension>
<gpxtpx:speed>5.71</gpxtpx:speed>
</gpxtpx:TrackPointExtension>
<opentracks:accuracy_horizontal>0.51</opentracks:accuracy_horizontal></extensions>
</trkpt>
<trkpt lat="50.429189" lon="-104.566643">
<ele>560</ele>
<time>2026-09-27T09:39:16.219-06:00</time>
<extensions>
<gpxtpx:TrackPointExtension>
<gpxtpx:speed>5.8</gpxtpx:speed>
</gpxtpx:TrackPointExtension>
<opentracks:accuracy_horizontal>1.02</opentracks:accuracy_horizontal></extensions>
</trkpt>
<trkpt lat="50.429275" lon="-104.566551">
<ele>559</ele>
<time>2026-09-27T09:39:18.23-06:00</time>
<extensions>
<gpxtpx:TrackPointExtension>
<gpxtpx:speed>5.88</gpxtpx:speed>
</gpxtpx:TrackPointExtension>
<opentracks:accuracy_horizontal>0.51</opentracks:accuracy_horizontal></extensions>
</trkpt>
<trkpt lat="50.42937" lon="-104.566469">
<ele>559</ele>
<time>2026-09-27T09:39:20.219-06:00</time>
<extensions>
<gpxtpx:TrackPointExtension>
<gpxtpx:speed>6</gpxtpx:speed>
</gpxtpx:TrackPointExtension>
<opentracks:accuracy_horizontal>1.02</opentracks:accuracy_horizontal></extensions>
</trkpt>
<trkpt lat="50.42947" lon="-104.566397">
<ele>559</ele>
<time>2026-09-27T09:39:22.222-06:00</time>
<extensions>
<gpxtpx:TrackPointExtension>
<gpxtpx:speed>5.73</gpxtpx:speed>
</gpxtpx:TrackPointExtension>
<opentracks:accuracy_horizontal>1.02</opentracks:accuracy_horizontal></extensions>
</trkpt>
<trkpt lat="50.429557" lon="-104.566329">
<ele>560</ele>
<time>2026-09-27T09:39:24.22-06:00</time>
<extensions>
<gpxtpx:TrackPointExtension>
<gpxtpx:speed>5.57</gpxtpx:speed>
</gpxtpx:TrackPointExtension>
<opentracks:accuracy_horizontal>1.02</opentracks:accuracy_horizontal></extensions>
</trkpt>
<trkpt lat="50.429648" lon="-104.566239">
<ele>560</ele>
<time>2026-09-27T09:39:26.218-06:00</time>
<extensions>
<gpxtpx:TrackPointExtension>
<gpxtpx:speed>5.58</gpxtpx:speed>
</gpxtpx:TrackPointExtension>
<opentracks:accuracy_horizontal>1.02</opentracks:accuracy_horizontal></extensions>
</trkpt>
<trkpt lat="50.429736" lon="-104.566131">
<ele>559</ele>
<time>2026-09-27T09:39:28.216-06:00</time>
<extensions>
<gpxtpx:TrackPointExtension>
<gpxtpx:speed>5.71</gpxtpx:speed>
</gpxtpx:TrackPointExtension>
<opentracks:accuracy_horizontal>1.02</opentracks:accuracy_horizontal></extensions>
</trkpt>
<trkpt lat="50.42982" lon="-104.566039">
<ele>559</ele>
<time>2026-09-27T09:39:30.239-06:00</time>
<extensions>
<gpxtpx:TrackPointExtension>
<gpxtpx:speed>5.82</gpxtpx:speed>
</gpxtpx:TrackPointExtension>
<opentracks:accuracy_horizontal>1.02</opentracks:accuracy_horizontal></extensions>
</trkpt>
<trkpt lat="50.429904" lon="-104.565954">
<ele>560</ele>
<time>2026-09-27T09:39:32.232-06:00</time>
<extensions>
<gpxtpx:TrackPointExtension>
<gpxtpx:speed>5.55</gpxtpx:speed>
</gpxtpx:TrackPointExtension>
<opentracks:accuracy_horizontal>0.51</opentracks:accuracy_horizontal></extensions>
</trkpt>
<trkpt lat="50.429994" lon="-104.565879">
<ele>560</ele>
<time>2026-09-27T09:39:34.233-06:00</time>
<extensions>
<gpxtpx:TrackPointExtension>
<gpxtpx:speed>5.58</gpxtpx:speed>
</gpxtpx:TrackPointExtension>
<opentracks:accuracy_horizontal>1.02</opentracks:accuracy_horizontal></extensions>
</trkpt>
<trkpt lat="50.430082" lon="-104.565778">
<ele>560</ele>
<time>2026-09-27T09:39:36.212-06:00</time>
<extensions>
<gpxtpx:TrackPointExtension>
<gpxtpx:speed>5.98</gpxtpx:speed>
</gpxtpx:TrackPointExtension>
<opentracks:accuracy_horizontal>1.02</opentracks:accuracy_horizontal></extensions>
</trkpt>
<trkpt lat="50.430174" lon="-104.565679">
<ele>560</ele>
<time>2026-09-27T09:39:38.23-06:00</time>
<extensions>
<gpxtpx:TrackPointExtension>
<gpxtpx:speed>6.04</gpxtpx:speed>
</gpxtpx:TrackPointExtension>
<opentracks:accuracy_horizontal>1.02</opentracks:accuracy_horizontal></extensions>
</trkpt>
<trkpt lat="50.430273" lon="-104.565585">
<ele>561</ele>
<time>2026-09-27T09:39:40.222-06:00</time>
<extensions>
<gpxtpx:TrackPointExtension>
<gpxtpx:speed>6.18</gpxtpx:speed>
</gpxtpx:TrackPointExtension>
<opentracks:accuracy_horizontal>1.02</opentracks:accuracy_horizontal></extensions>
</trkpt>
<trkpt lat="50.430367" lon="-104.565493">
<ele>561</ele>
<time>2026-09-27T09:39:42.235-06:00</time>
<extensions>
<gpxtpx:TrackPointExtension>
<gpxtpx:speed>6.31</gpxtpx:speed>
</gpxtpx:TrackPointExtension>
<opentracks:accuracy_horizontal>1.02</opentracks:accuracy_horizontal></extensions>
</trkpt>
<trkpt lat="50.430466" lon="-104.565401">
<ele>560</ele>
<time>2026-09-27T09:39:44.23-06:00</time>
<extensions>
<gpxtpx:TrackPointExtension>
<gpxtpx:speed>6.48</gpxtpx:speed>
</gpxtpx:TrackPointExtension>
<opentracks:accuracy_horizontal>1.02</opentracks:accuracy_horizontal></extensions>
</trkpt>
<trkpt lat="50.430569" lon="-104.565296">
<ele>559</ele>
<time>2026-09-27T09:39:46.224-06:00</time>
<extensions>
<gpxtpx:TrackPointExtension>
<gpxtpx:speed>6.67</gpxtpx:speed>
</gpxtpx:TrackPointExtension>
<opentracks:accuracy_horizontal>1.02</opentracks:accuracy_horizontal></extensions>
</trkpt>
<trkpt lat="50.430674" lon="-104.565193">
<ele>559</ele>
<time>2026-09-27T09:39:48.219-06:00</time>
<extensions>
<gpxtpx:TrackPointExtension>
<gpxtpx:speed>6.79</gpxtpx:speed>
</gpxtpx:TrackPointExtension>
<opentracks:accuracy_horizontal>1.02</opentracks:accuracy_horizontal></extensions>
</trkpt>
<trkpt lat="50.430782" lon="-104.565088">
<ele>559</ele>
<time>2026-09-27T09:39:50.222-06:00</time>
<extensions>
<gpxtpx:TrackPointExtension>
<gpxtpx:speed>7.37</gpxtpx:speed>
</gpxtpx:TrackPointExtension>
<opentracks:accuracy_horizontal>1.02</opentracks:accuracy_horizontal></extensions>
</trkpt>
<trkpt lat="50.430901" lon="-104.564973">
<ele>559</ele>
<time>2026-09-27T09:39:52.215-06:00</time>
<extensions>
<gpxtpx:TrackPointExtension>
<gpxtpx:speed>7.22</gpxtpx:speed>
</gpxtpx:TrackPointExtension>
<opentracks:accuracy_horizontal>0.51</opentracks:accuracy_horizontal></extensions>
</trkpt>
<trkpt lat="50.431017" lon="-104.564854">
<ele>560</ele>
<time>2026-09-27T09:39:54.215-06:00</time>
<extensions>
<gpxtpx:TrackPointExtension>
<gpxtpx:speed>7.89</gpxtpx:speed>
</gpxtpx:TrackPointExtension>
<opentracks:accuracy_horizontal>1.02</opentracks:accuracy_horizontal></extensions>
</trkpt>
<trkpt lat="50.431138" lon="-104.564732">
<ele>560</ele>
<time>2026-09-27T09:39:56.225-06:00</time>
<extensions>
<gpxtpx:TrackPointExtension>
<gpxtpx:speed>7.88</gpxtpx:speed>
</gpxtpx:TrackPointExtension>
<opentracks:accuracy_horizontal>0.51</opentracks:accuracy_horizontal></extensions>
</trkpt>
<trkpt lat="50.431256" lon="-104.564598">
<ele>559</ele>
<time>2026-09-27T09:39:58.232-06:00</time>
<extensions>
<gpxtpx:TrackPointExtension>
<gpxtpx:speed>8.17</gpxtpx:speed>
</gpxtpx:TrackPointExtension>
<opentracks:accuracy_horizontal>1.02</opentracks:accuracy_horizontal></extensions>
</trkpt>
<trkpt lat="50.43138" lon="-104.564473">
<ele>559</ele>
<time>2026-09-27T09:40:00.236-06:00</time>
<extensions>
<gpxtpx:TrackPointExtension>
<gpxtpx:speed>8.57</gpxtpx:speed>
</gpxtpx:TrackPointExtension>
<opentracks:accuracy_horizontal>1.02</opentracks:accuracy_horizontal></extensions>
</trkpt>
<trkpt lat="50.431503" lon="-104.564348">
<ele>560</ele>
<time>2026-09-27T09:40:02.236-06:00</time>
<extensions>
<gpxtpx:TrackPointExtension>
<gpxtpx:speed>8.1</gpxtpx:speed>
</gpxtpx:TrackPointExtension>
<opentracks:accuracy_horizontal>1.02</opentracks:accuracy_horizontal></extensions>
</trkpt>
<trkpt lat="50.431627" lon="-104.564231">
<ele>559</ele>
<time>2026-09-27T09:40:04.213-06:00</time>
<extensions>
<gpxtpx:TrackPointExtension>
<gpxtpx:speed>7.7</gpxtpx:speed>
</gpxtpx:TrackPointExtension>
<opentracks:accuracy_horizontal>1.02</opentracks:accuracy_horizontal></extensions>
</trkpt>
<trkpt lat="50.431747" lon="-104.564115">
<ele>559</ele>
<time>2026-09-27T09:40:06.216-06:00</time>
<extensions>
<gpxtpx:TrackPointExtension>
<gpxtpx:speed>8.36</gpxtpx:speed>
</gpxtpx:TrackPointExtension>
<opentracks:accuracy_horizontal>1.02</opentracks:accuracy_horizontal></extensions>
</trkpt>
<trkpt lat="50.431873" lon="-104.563989">
<ele>559</ele>
<time>2026-09-27T09:40:08.235-06:00</time>
<extensions>
<gpxtpx:TrackPointExtension>
<gpxtpx:speed>8.26</gpxtpx:speed>
</gpxtpx:TrackPointExtension>
<opentracks:accuracy_horizontal>1.02</opentracks:accuracy_horizontal></extensions>
</trkpt>
<trkpt lat="50.432002" lon="-104.563837">
<ele>558</ele>
<time>2026-09-27T09:40:10.235-06:00</time>
<extensions>
<gpxtpx:TrackPointExtension>
<gpxtpx:speed>8.54</gpxtpx:speed>
</gpxtpx:TrackPointExtension>
<opentracks:accuracy_horizontal>1.02</opentracks:accuracy_horizontal></extensions>
</trkpt>
<trkpt lat="50.432113" lon="-104.563695">
<ele>558</ele>
<time>2026-09-27T09:40:12.223-06:00</time>
<extensions>
<gpxtpx:TrackPointExtension>
<gpxtpx:speed>8.11</gpxtpx:speed>
</gpxtpx:TrackPointExtension>
<opentracks:accuracy_horizontal>1.02</opentracks:accuracy_horizontal></extensions>
</trkpt>
<trkpt lat="50.432226" lon="-104.563565">
<ele>557</ele>
<time>2026-09-27T09:40:14.216-06:00</time>
<extensions>
<gpxtpx:TrackPointExtension>
<gpxtpx:speed>7.37</gpxtpx:speed>
</gpxtpx:TrackPointExtension>
<opentracks:accuracy_horizontal>1.02</opentracks:accuracy_horizontal></extensions>
</trkpt>
<trkpt lat="50.432328" lon="-104.563444">
<ele>557</ele>
<time>2026-09-27T09:40:16.212-06:00</time>
<extensions>
<gpxtpx:TrackPointExtension>
<gpxtpx:speed>6.86</gpxtpx:speed>
</gpxtpx:TrackPointExtension>
<opentracks:accuracy_horizontal>0.51</opentracks:accuracy_horizontal></extensions>
</trkpt>
<trkpt lat="50.432418" lon="-104.563338">
<ele>558</ele>
<time>2026-09-27T09:40:18.224-06:00</time>
<extensions>
<gpxtpx:TrackPointExtension>
<gpxtpx:speed>6.51</gpxtpx:speed>
</gpxtpx:TrackPointExtension>
<opentracks:accuracy_horizontal>1.02</opentracks:accuracy_horizontal></extensions>
</trkpt>
<trkpt lat="50.432509" lon="-104.563228">
<ele>558</ele>
<time>2026-09-27T09:40:20.234-06:00</time>
<extensions>
<gpxtpx:TrackPointExtension>
<gpxtpx:speed>6.22</gpxtpx:speed>
</gpxtpx:TrackPointExtension>
<opentracks:accuracy_horizontal>1.02</opentracks:accuracy_horizontal></extensions>
</trkpt>
<trkpt lat="50.432607" lon="-104.563118">
<ele>558</ele>
<time>2026-09-27T09:40:22.241-06:00</time>
<extensions>
<gpxtpx:TrackPointExtension>
<gpxtpx:speed>6.41</gpxtpx:speed>
</gpxtpx:TrackPointExtension>
<opentracks:accuracy_horizontal>0.51</opentracks:accuracy_horizontal></extensions>
</trkpt>
<trkpt lat="50.432695" lon="-104.563009">
<ele>558</ele>
<time>2026-09-27T09:40:24.227-06:00</time>
<extensions>
<gpxtpx:TrackPointExtension>
<gpxtpx:speed>6.19</gpxtpx:speed>
</gpxtpx:TrackPointExtension>
<opentracks:accuracy_horizontal>0.51</opentracks:accuracy_horizontal></extensions>
</trkpt>
<trkpt lat="50.432782" lon="-104.562918">
<ele>558</ele>
<time>2026-09-27T09:40:26.212-06:00</time>
<extensions>
<gpxtpx:TrackPointExtension>
<gpxtpx:speed>5.51</gpxtpx:speed>
</gpxtpx:TrackPointExtension>
<opentracks:accuracy_horizontal>1.02</opentracks:accuracy_horizontal></extensions>
</trkpt>
<trkpt lat="50.432858" lon="-104.562832">
<ele>558</ele>
<time>2026-09-27T09:40:28.227-06:00</time>
<extensions>
<gpxtpx:TrackPointExtension>
<gpxtpx:speed>4.98</gpxtpx:speed>
</gpxtpx:TrackPointExtension>
<opentracks:accuracy_horizontal>1.02</opentracks:accuracy_horizontal></extensions>
</trkpt>
<trkpt lat="50.432955" lon="-104.562714">
<ele>558</ele>
<time>2026-09-27T09:40:31.22-06:00</time>
<extensions>
<gpxtpx:TrackPointExtension>
<gpxtpx:speed>4.46</gpxtpx:speed>
</gpxtpx:TrackPointExtension>
<opentracks:accuracy_horizontal>3.571</opentracks:accuracy_horizontal></extensions>
</trkpt>
<trkpt lat="50.433034" lon="-104.56259">
<ele>558</ele>
<time>2026-09-27T09:40:34.21-06:00</time>
<extensions>
<gpxtpx:TrackPointExtension>
<gpxtpx:speed>3.99</gpxtpx:speed>
</gpxtpx:TrackPointExtension>
<opentracks:accuracy_horizontal>3.571</opentracks:accuracy_horizontal></extensions>
</trkpt>
<trkpt lat="50.433106" lon="-104.562496">
<ele>558</ele>
<time>2026-09-27T09:40:37.208-06:00</time>
<extensions>
<gpxtpx:TrackPointExtension>
<gpxtpx:speed>3.3</gpxtpx:speed>
</gpxtpx:TrackPointExtension>
<opentracks:accuracy_horizontal>4.082</opentracks:accuracy_horizontal></extensions>
</trkpt>
<trkpt lat="50.433167" lon="-104.56235">
<ele>558</ele>
<time>2026-09-27T09:40:41.234-06:00</time>
<extensions>
<gpxtpx:TrackPointExtension>
<gpxtpx:speed>3.31</gpxtpx:speed>
</gpxtpx:TrackPointExtension>
<opentracks:accuracy_horizontal>5.102</opentracks:accuracy_horizontal></extensions>
</trkpt>
<trkpt lat="50.43314" lon="-104.562202">
<ele>559</ele>
<time>2026-09-27T09:40:44.217-06:00</time>
<extensions>
<gpxtpx:TrackPointExtension>
<gpxtpx:speed>3.44</gpxtpx:speed>
</gpxtpx:TrackPointExtension>
<opentracks:accuracy_horizontal>6.122</opentracks:accuracy_horizontal></extensions>
</trkpt>
<trkpt lat="50.433079" lon="-104.562052">
<ele>558</ele>
<time>2026-09-27T09:40:47.237-06:00</time>
<extensions>
<gpxtpx:TrackPointExtension>
<gpxtpx:speed>4.24</gpxtpx:speed>
</gpxtpx:TrackPointExtension>
<opentracks:accuracy_horizontal>5.102</opentracks:accuracy_horizontal></extensions>
</trkpt>
<trkpt lat="50.432999" lon="-104.561885">
<ele>558</ele>
<time>2026-09-27T09:40:50.215-06:00</time>
<extensions>
<gpxtpx:TrackPointExtension>
<gpxtpx:speed>4.89</gpxtpx:speed>
</gpxtpx:TrackPointExtension>
<opentracks:accuracy_horizontal>0.51</opentracks:accuracy_horizontal></extensions>
</trkpt>
<trkpt lat="50.432927" lon="-104.561724">
<ele>557</ele>
<time>2026-09-27T09:40:53.24-06:00</time>
<extensions>
<gpxtpx:TrackPointExtension>
<gpxtpx:speed>4.71</gpxtpx:speed>
</gpxtpx:TrackPointExtension>
<opentracks:accuracy_horizontal>1.02</opentracks:accuracy_horizontal></extensions>
</trkpt>
<trkpt lat="50.43285" lon="-104.56156">
<ele>556</ele>
<time>2026-09-27T09:40:56.228-06:00</time>
<extensions>
<gpxtpx:TrackPointExtension>
<gpxtpx:speed>5.14</gpxtpx:speed>
</gpxtpx:TrackPointExtension>
<opentracks:accuracy_horizontal>1.02</opentracks:accuracy_horizontal></extensions>
</trkpt>
<trkpt lat="50.432802" lon="-104.561434">
<ele>556</ele>
<time>2026-09-27T09:40:58.221-06:00</time>
<extensions>
<gpxtpx:TrackPointExtension>
<gpxtpx:speed>4.91</gpxtpx:speed>
</gpxtpx:TrackPointExtension>
<opentracks:accuracy_horizontal>1.02</opentracks:accuracy_horizontal></extensions>
</trkpt>
<trkpt lat="50.432739" lon="-104.561321">
<ele>557</ele>
<time>2026-09-27T09:41:00.219-06:00</time>
<extensions>
<gpxtpx:TrackPointExtension>
<gpxtpx:speed>5.21</gpxtpx:speed>
</gpxtpx:TrackPointExtension>
<opentracks:accuracy_horizontal>1.02</opentracks:accuracy_horizontal></extensions>
</trkpt>
<trkpt lat="50.432679" lon="-104.561197">
<ele>557</ele>
<time>2026-09-27T09:41:02.221-06:00</time>
<extensions>
<gpxtpx:TrackPointExtension>
<gpxtpx:speed>5.4</gpxtpx:speed>
</gpxtpx:TrackPointExtension>
<opentracks:accuracy_horizontal>1.02</opentracks:accuracy_horizontal></extensions>
</trkpt>
<trkpt lat="50.432616" lon="-104.561066">
<ele>557</ele>
<time>2026-09-27T09:41:04.224-06:00</time>
<extensions>
<gpxtpx:TrackPointExtension>
<gpxtpx:speed>5.68</gpxtpx:speed>
</gpxtpx:TrackPointExtension>
<opentracks:accuracy_horizontal>1.02</opentracks:accuracy_horizontal></extensions>
</trkpt>
<trkpt lat="50.432556" lon="-104.560944">
<ele>557</ele>
<time>2026-09-27T09:41:06.233-06:00</time>
<extensions>
<gpxtpx:TrackPointExtension>
<gpxtpx:speed>5.51</gpxtpx:speed>
</gpxtpx:TrackPointExtension>
<opentracks:accuracy_horizontal>1.02</opentracks:accuracy_horizontal></extensions>
</trkpt>
<trkpt lat="50.4325" lon="-104.560823">
<ele>557</ele>
<time>2026-09-27T09:41:08.219-06:00</time>
<extensions>
<gpxtpx:TrackPointExtension>
<gpxtpx:speed>5.36</gpxtpx:speed>
</gpxtpx:TrackPointExtension>
<opentracks:accuracy_horizontal>1.02</opentracks:accuracy_horizontal></extensions>
</trkpt>
<trkpt lat="50.432417" lon="-104.560658">
<ele>556</ele>
<time>2026-09-27T09:41:11.232-06:00</time>
<extensions>
<gpxtpx:TrackPointExtension>
<gpxtpx:speed>4.91</gpxtpx:speed>
</gpxtpx:TrackPointExtension>
<opentracks:accuracy_horizontal>0.51</opentracks:accuracy_horizontal></extensions>
</trkpt>
<trkpt lat="50.432339" lon="-104.560494">
<ele>556</ele>
<time>2026-09-27T09:41:14.224-06:00</time>
<extensions>
<gpxtpx:TrackPointExtension>
<gpxtpx:speed>4.89</gpxtpx:speed>
</gpxtpx:TrackPointExtension>
<opentracks:accuracy_horizontal>1.02</opentracks:accuracy_horizontal></extensions>
</trkpt>
<trkpt lat="50.432284" lon="-104.560374">
<ele>556</ele>
<time>2026-09-27T09:41:16.222-06:00</time>
<extensions>
<gpxtpx:TrackPointExtension>
<gpxtpx:speed>5.27</gpxtpx:speed>
</gpxtpx:TrackPointExtension>
<opentracks:accuracy_horizontal>4.082</opentracks:accuracy_horizontal></extensions>
</trkpt>
<trkpt lat="50.432225" lon="-104.560257">
<ele>556</ele>
<time>2026-09-27T09:41:18.23-06:00</time>
<extensions>
<gpxtpx:TrackPointExtension>
<gpxtpx:speed>5.36</gpxtpx:speed>
</gpxtpx:TrackPointExtension>
<opentracks:accuracy_horizontal>4.082</opentracks:accuracy_horizontal></extensions>
</trkpt>
<trkpt lat="50.43217" lon="-104.560136">
<ele>556</ele>
<time>2026-09-27T09:41:20.228-06:00</time>
<extensions>
<gpxtpx:TrackPointExtension>
<gpxtpx:speed>5.5</gpxtpx:speed>
</gpxtpx:TrackPointExtension>
<opentracks:accuracy_horizontal>3.061</opentracks:accuracy_horizontal></extensions>
</trkpt>
<trkpt lat="50.432109" lon="-104.560012">
<ele>557</ele>
<time>2026-09-27T09:41:22.235-06:00</time>
<extensions>
<gpxtpx:TrackPointExtension>
<gpxtpx:speed>5.46</gpxtpx:speed>
</gpxtpx:TrackPointExtension>
<opentracks:accuracy_horizontal>1.02</opentracks:accuracy_horizontal></extensions>
</trkpt>
<trkpt lat="50.432055" lon="-104.559889">
<ele>557</ele>
<time>2026-09-27T09:41:24.23-06:00</time>
<extensions>
<gpxtpx:TrackPointExtension>
<gpxtpx:speed>5.39</gpxtpx:speed>
</gpxtpx:TrackPointExtension>
<opentracks:accuracy_horizontal>1.02</opentracks:accuracy_horizontal></extensions>
</trkpt>
<trkpt lat="50.431977" lon="-104.559711">
<ele>558</ele>
<time>2026-09-27T09:41:27.234-06:00</time>
<extensions>
<gpxtpx:TrackPointExtension>
<gpxtpx:speed>5.09</gpxtpx:speed>
</gpxtpx:TrackPointExtension>
<opentracks:accuracy_horizontal>1.02</opentracks:accuracy_horizontal></extensions>
</trkpt>
<trkpt lat="50.431926" lon="-104.559581">
<ele>559</ele>
<time>2026-09-27T09:41:29.227-06:00</time>
<extensions>
<gpxtpx:TrackPointExtension>
<gpxtpx:speed>5.35</gpxtpx:speed>
</gpxtpx:TrackPointExtension>
<opentracks:accuracy_horizontal>1.02</opentracks:accuracy_horizontal></extensions>
</trkpt>
<trkpt lat="50.431871" lon="-104.559441">
<ele>561</ele>
<time>2026-09-27T09:41:31.219-06:00</time>
<extensions>
<gpxtpx:TrackPointExtension>
<gpxtpx:speed>5.36</gpxtpx:speed>
</gpxtpx:TrackPointExtension>
<opentracks:accuracy_horizontal>0.51</opentracks:accuracy_horizontal></extensions>
</trkpt>
<trkpt lat="50.4318" lon="-104.559323">
<ele>560</ele>
<time>2026-09-27T09:41:33.221-06:00</time>
<extensions>
<gpxtpx:TrackPointExtension>
<gpxtpx:speed>5.77</gpxtpx:speed>
</gpxtpx:TrackPointExtension>
<opentracks:accuracy_horizontal>1.02</opentracks:accuracy_horizontal></extensions>
</trkpt>
<trkpt lat="50.431749" lon="-104.559201">
<ele>559</ele>
<time>2026-09-27T09:41:35.229-06:00</time>
<extensions>
<gpxtpx:TrackPointExtension>
<gpxtpx:speed>5.18</gpxtpx:speed>
</gpxtpx:TrackPointExtension>
<opentracks:accuracy_horizontal>1.02</opentracks:accuracy_horizontal></extensions>
</trkpt>
<trkpt lat="50.431674" lon="-104.559031">
<ele>558</ele>
<time>2026-09-27T09:41:38.215-06:00</time>
<extensions>
<gpxtpx:TrackPointExtension>
<gpxtpx:speed>4.43</gpxtpx:speed>
</gpxtpx:TrackPointExtension>
<opentracks:accuracy_horizontal>1.02</opentracks:accuracy_horizontal></extensions>
</trkpt>
<trkpt lat="50.4316" lon="-104.558889">
<ele>559</ele>
<time>2026-09-27T09:41:41.227-06:00</time>
<extensions>
<gpxtpx:TrackPointExtension>
<gpxtpx:speed>3.94</gpxtpx:speed>
</gpxtpx:TrackPointExtension>
<opentracks:accuracy_horizontal>1.02</opentracks:accuracy_horizontal></extensions>
</trkpt>
<trkpt lat="50.431528" lon="-104.558786">
<ele>558</ele>
<time>2026-09-27T09:41:44.226-06:00</time>
<extensions>
<gpxtpx:TrackPointExtension>
<gpxtpx:speed>3.3</gpxtpx:speed>
</gpxtpx:TrackPointExtension>
<opentracks:accuracy_horizontal>4.082</opentracks:accuracy_horizontal></extensions>
</trkpt>
<trkpt lat="50.431456" lon="-104.558676">
<ele>557</ele>
<time>2026-09-27T09:41:48.228-06:00</time>
<extensions>
<gpxtpx:TrackPointExtension>
<gpxtpx:speed>3.04</gpxtpx:speed>
</gpxtpx:TrackPointExtension>
<opentracks:accuracy_horizontal>4.592</opentracks:accuracy_horizontal></extensions>
</trkpt>
<trkpt lat="50.43142" lon="-104.558545">
<ele>557</ele>
<time>2026-09-27T09:41:51.221-06:00</time>
<extensions>
<gpxtpx:TrackPointExtension>
<gpxtpx:speed>3.33</gpxtpx:speed>
</gpxtpx:TrackPointExtension>
<opentracks:accuracy_horizontal>6.122</opentracks:accuracy_horizontal></extensions>
</trkpt>
<trkpt lat="50.431358" lon="-104.558376">
<ele>558</ele>
<time>2026-09-27T09:41:55.22-06:00</time>
<extensions>
<gpxtpx:TrackPointExtension>
<gpxtpx:speed>4.64</gpxtpx:speed>
</gpxtpx:TrackPointExtension>
<opentracks:accuracy_horizontal>5.612</opentracks:accuracy_horizontal></extensions>
</trkpt>
<trkpt lat="50.431299" lon="-104.55827">
<ele>557</ele>
<time>2026-09-27T09:41:57.221-06:00</time>
<extensions>
<gpxtpx:TrackPointExtension>
<gpxtpx:speed>5.17</gpxtpx:speed>
</gpxtpx:TrackPointExtension>
<opentracks:accuracy_horizontal>5.102</opentracks:accuracy_horizontal></extensions>
</trkpt>
<trkpt lat="50.431244" lon="-104.558146">
<ele>557</ele>
<time>2026-09-27T09:41:59.243-06:00</time>
<extensions>
<gpxtpx:TrackPointExtension>
<gpxtpx:speed>5.72</gpxtpx:speed>
</gpxtpx:TrackPointExtension>
<opentracks:accuracy_horizontal>1.02</opentracks:accuracy_horizontal></extensions>
</trkpt>
<trkpt lat="50.431171" lon="-104.558018">
<ele>556</ele>
<time>2026-09-27T09:42:01.221-06:00</time>
<extensions>
<gpxtpx:TrackPointExtension>
<gpxtpx:speed>6.06</gpxtpx:speed>
</gpxtpx:TrackPointExtension>
<opentracks:accuracy_horizontal>1.02</opentracks:accuracy_horizontal></extensions>
</trkpt>
<trkpt lat="50.431107" lon="-104.557885">
<ele>556</ele>
<time>2026-09-27T09:42:03.229-06:00</time>
<extensions>
<gpxtpx:TrackPointExtension>
<gpxtpx:speed>5.86</gpxtpx:speed>
</gpxtpx:TrackPointExtension>
<opentracks:accuracy_horizontal>1.02</opentracks:accuracy_horizontal></extensions>
</trkpt>
<trkpt lat="50.431045" lon="-104.55775">
<ele>556</ele>
<time>2026-09-27T09:42:05.225-06:00</time>
<extensions>
<gpxtpx:TrackPointExtension>
<gpxtpx:speed>5.81</gpxtpx:speed>
</gpxtpx:TrackPointExtension>
<opentracks:accuracy_horizontal>0.51</opentracks:accuracy_horizontal></extensions>
</trkpt>
<trkpt lat="50.430984" lon="-104.557624">
<ele>556</ele>
<time>2026-09-27T09:42:07.237-06:00</time>
<extensions>
<gpxtpx:TrackPointExtension>
<gpxtpx:speed>5.39</gpxtpx:speed>
</gpxtpx:TrackPointExtension>
<opentracks:accuracy_horizontal>0.51</opentracks:accuracy_horizontal></extensions>
</trkpt>
<trkpt lat="50.430931" lon="-104.557503">
<ele>556</ele>
<time>2026-09-27T09:42:09.226-06:00</time>
<extensions>
<gpxtpx:TrackPointExtension>
<gpxtpx:speed>4.88</gpxtpx:speed>
</gpxtpx:TrackPointExtension>
<opentracks:accuracy_horizontal>3.571</opentracks:accuracy_horizontal></extensions>
</trkpt>
<trkpt lat="50.430861" lon="-104.557332">
<ele>556</ele>
<time>2026-09-27T09:42:12.23-06:00</time>
<extensions>
<gpxtpx:TrackPointExtension>
<gpxtpx:speed>4.89</gpxtpx:speed>
</gpxtpx:TrackPointExtension>
<opentracks:accuracy_horizontal>3.061</opentracks:accuracy_horizontal></extensions>
</trkpt>
<trkpt lat="50.430777" lon="-104.55718">
<ele>556</ele>
<time>2026-09-27T09:42:15.23-06:00</time>
<extensions>
<gpxtpx:TrackPointExtension>
<gpxtpx:speed>4.43</gpxtpx:speed>
</gpxtpx:TrackPointExtension>
<opentracks:accuracy_horizontal>4.082</opentracks:accuracy_horizontal></extensions>
</trkpt>
<trkpt lat="50.430704" lon="-104.557024">
<ele>555</ele>
<time>2026-09-27T09:42:18.231-06:00</time>
<extensions>
<gpxtpx:TrackPointExtension>
<gpxtpx:speed>4.96</gpxtpx:speed>
</gpxtpx:TrackPointExtension>
<opentracks:accuracy_horizontal>4.082</opentracks:accuracy_horizontal></extensions>
</trkpt>
<trkpt lat="50.430634" lon="-104.556874">
<ele>556</ele>
<time>2026-09-27T09:42:21.221-06:00</time>
<extensions>
<gpxtpx:TrackPointExtension>
<gpxtpx:speed>4.4</gpxtpx:speed>
</gpxtpx:TrackPointExtension>
<opentracks:accuracy_horizontal>4.082</opentracks:accuracy_horizontal></extensions>
</trkpt>
<trkpt lat="50.430573" lon="-104.556735">
<ele>556</ele>
<time>2026-09-27T09:42:24.215-06:00</time>
<extensions>
<gpxtpx:TrackPointExtension>
<gpxtpx:speed>3.91</gpxtpx:speed>
</gpxtpx:TrackPointExtension>
<opentracks:accuracy_horizontal>1.02</opentracks:accuracy_horizontal></extensions>
</trkpt>
<trkpt lat="50.430517" lon="-104.556609">
<ele>556</ele>
<time>2026-09-27T09:42:27.231-06:00</time>
<extensions>
<gpxtpx:TrackPointExtension>
<gpxtpx:speed>3.69</gpxtpx:speed>
</gpxtpx:TrackPointExtension>
<opentracks:accuracy_horizontal>1.02</opentracks:accuracy_horizontal></extensions>
</trkpt>
<trkpt lat="50.430525" lon="-104.556455">
<ele>556</ele>
<time>2026-09-27T09:42:30.218-06:00</time>
<extensions>
<gpxtpx:TrackPointExtension>
<gpxtpx:speed>4.7</gpxtpx:speed>
</gpxtpx:TrackPointExtension>
<opentracks:accuracy_horizontal>6.122</opentracks:accuracy_horizontal></extensions>
</trkpt>
<trkpt lat="50.430605" lon="-104.556293">
<ele>557</ele>
<time>2026-09-27T09:42:33.239-06:00</time>
<extensions>
<gpxtpx:TrackPointExtension>
<gpxtpx:speed>5.23</gpxtpx:speed>
</gpxtpx:TrackPointExtension>
<opentracks:accuracy_horizontal>1.02</opentracks:accuracy_horizontal></extensions>
</trkpt>
<trkpt lat="50.430681" lon="-104.556192">
<ele>557</ele>
<time>2026-09-27T09:42:35.252-06:00</time>
<extensions>
<gpxtpx:TrackPointExtension>
<gpxtpx:speed>5.62</gpxtpx:speed>
</gpxtpx:TrackPointExtension>
<opentracks:accuracy_horizontal>0.51</opentracks:accuracy_horizontal></extensions>
</trkpt>
<trkpt lat="50.430761" lon="-104.556092">
<ele>557</ele>
<time>2026-09-27T09:42:37.234-06:00</time>
<extensions>
<gpxtpx:TrackPointExtension>
<gpxtpx:speed>5.36</gpxtpx:speed>
</gpxtpx:TrackPointExtension>
<opentracks:accuracy_horizontal>1.02</opentracks:accuracy_horizontal></extensions>
</trkpt>
<trkpt lat="50.430838" lon="-104.556013">
<ele>557</ele>
<time>2026-09-27T09:42:39.235-06:00</time>
<extensions>
<gpxtpx:TrackPointExtension>
<gpxtpx:speed>5.02</gpxtpx:speed>
</gpxtpx:TrackPointExtension>
<opentracks:accuracy_horizontal>1.02</opentracks:accuracy_horizontal></extensions>
</trkpt>
<trkpt lat="50.430929" lon="-104.555902">
<ele>558</ele>
<time>2026-09-27T09:42:42.223-06:00</time>
<extensions>
<gpxtpx:TrackPointExtension>
<gpxtpx:speed>4.37</gpxtpx:speed>
</gpxtpx:TrackPointExtension>
<opentracks:accuracy_horizontal>0.51</opentracks:accuracy_horizontal></extensions>
</trkpt>
<trkpt lat="50.431015" lon="-104.555775">
<ele>558</ele>
<time>2026-09-27T09:42:45.232-06:00</time>
<extensions>
<gpxtpx:TrackPointExtension>
<gpxtpx:speed>3.81</gpxtpx:speed>
</gpxtpx:TrackPointExtension>
<opentracks:accuracy_horizontal>3.571</opentracks:accuracy_horizontal></extensions>
</trkpt>
<trkpt lat="50.43108" lon="-104.555672">
<ele>558</ele>
<time>2026-09-27T09:42:48.232-06:00</time>
<extensions>
<gpxtpx:TrackPointExtension>
<gpxtpx:speed>3.25</gpxtpx:speed>
</gpxtpx:TrackPointExtension>
<opentracks:accuracy_horizontal>3.571</opentracks:accuracy_horizontal></extensions>
</trkpt>
<trkpt lat="50.431167" lon="-104.555575">
<ele>558</ele>
<time>2026-09-27T09:42:51.228-06:00</time>
<extensions>
<gpxtpx:TrackPointExtension>
<gpxtpx:speed>4.61</gpxtpx:speed>
</gpxtpx:TrackPointExtension>
<opentracks:accuracy_horizontal>4.082</opentracks:accuracy_horizontal></extensions>
</trkpt>
<trkpt lat="50.431271" lon="-104.555458">
<ele>558</ele>
<time>2026-09-27T09:42:54.22-06:00</time>
<extensions>
<gpxtpx:TrackPointExtension>
<gpxtpx:speed>5.18</gpxtpx:speed>
</gpxtpx:TrackPointExtension>
<opentracks:accuracy_horizontal>1.02</opentracks:accuracy_horizontal></extensions>
</trkpt>
<trkpt lat="50.431347" lon="-104.555365">
<ele>558</ele>
<time>2026-09-27T09:42:56.228-06:00</time>
<extensions>
<gpxtpx:TrackPointExtension>
<gpxtpx:speed>5.22</gpxtpx:speed>
</gpxtpx:TrackPointExtension>
<opentracks:accuracy_horizontal>1.02</opentracks:accuracy_horizontal></extensions>
</trkpt>
<trkpt lat="50.431445" lon="-104.555237">
<ele>558</ele>
<time>2026-09-27T09:42:59.236-06:00</time>
<extensions>
<gpxtpx:TrackPointExtension>
<gpxtpx:speed>4.54</gpxtpx:speed>
</gpxtpx:TrackPointExtension>
<opentracks:accuracy_horizontal>0.51</opentracks:accuracy_horizontal></extensions>
</trkpt>
<trkpt lat="50.43154" lon="-104.555124">
<ele>557</ele>
<time>2026-09-27T09:43:02.237-06:00</time>
<extensions>
<gpxtpx:TrackPointExtension>
<gpxtpx:speed>4.12</gpxtpx:speed>
</gpxtpx:TrackPointExtension>
<opentracks:accuracy_horizontal>3.571</opentracks:accuracy_horizontal></extensions>
</trkpt>
<trkpt lat="50.431641" lon="-104.555064">
<ele>557</ele>
<time>2026-09-27T09:43:05.233-06:00</time>
<extensions>
<gpxtpx:TrackPointExtension>
<gpxtpx:speed>3.79</gpxtpx:speed>
</gpxtpx:TrackPointExtension>
<opentracks:accuracy_horizontal>3.571</opentracks:accuracy_horizontal></extensions>
</trkpt>
<trkpt lat="50.431747" lon="-104.555081">
<ele>557</ele>
<time>2026-09-27T09:43:08.21-06:00</time>
<extensions>
<gpxtpx:TrackPointExtension>
<gpxtpx:speed>4.48</gpxtpx:speed>
</gpxtpx:TrackPointExtension>
<opentracks:accuracy_horizontal>5.612</opentracks:accuracy_horizontal></extensions>
</trkpt>
<trkpt lat="50.431838" lon="-104.555187">
<ele>556</ele>
<time>2026-09-27T09:43:11.215-06:00</time>
<extensions>
<gpxtpx:TrackPointExtension>
<gpxtpx:speed>4.69</gpxtpx:speed>
</gpxtpx:TrackPointExtension>
<opentracks:accuracy_horizontal>5.102</opentracks:accuracy_horizontal></extensions>
</trkpt>
<trkpt lat="50.431931" lon="-104.555321">
<ele>557</ele>
<time>2026-09-27T09:43:14.218-06:00</time>
<extensions>
<gpxtpx:TrackPointExtension>
<gpxtpx:speed>4.58</gpxtpx:speed>
</gpxtpx:TrackPointExtension>
<opentracks:accuracy_horizontal>1.02</opentracks:accuracy_horizontal></extensions>
</trkpt>
<trkpt lat="50.432004" lon="-104.555499">
<ele>558</ele>
<time>2026-09-27T09:43:17.226-06:00</time>
<extensions>
<gpxtpx:TrackPointExtension>
<gpxtpx:speed>5.35</gpxtpx:speed>
</gpxtpx:TrackPointExtension>
<opentracks:accuracy_horizontal>1.02</opentracks:accuracy_horizontal></extensions>
</trkpt>
<trkpt lat="50.432067" lon="-104.555624">
<ele>557</ele>
<time>2026-09-27T09:43:19.231-06:00</time>
<extensions>
<gpxtpx:TrackPointExtension>
<gpxtpx:speed>5.23</gpxtpx:speed>
</gpxtpx:TrackPointExtension>
<opentracks:accuracy_horizontal>1.02</opentracks:accuracy_horizontal></extensions>
</trkpt>
<trkpt lat="50.43214" lon="-104.55579">
<ele>557</ele>
<time>2026-09-27T09:43:22.226-06:00</time>
<extensions>
<gpxtpx:TrackPointExtension>
<gpxtpx:speed>4.26</gpxtpx:speed>
</gpxtpx:TrackPointExtension>
<opentracks:accuracy_horizontal>0.51</opentracks:accuracy_horizontal></extensions>
</trkpt>
<trkpt lat="50.432214" lon="-104.555923">
<ele>558</ele>
<time>2026-09-27T09:43:25.226-06:00</time>
<extensions>
<gpxtpx:TrackPointExtension>
<gpxtpx:speed>4.11</gpxtpx:speed>
</gpxtpx:TrackPointExtension>
<opentracks:accuracy_horizontal>2.551</opentracks:accuracy_horizontal></extensions>
</trkpt>
<trkpt lat="50.432281" lon="-104.556074">
<ele>559</ele>
<time>2026-09-27T09:43:28.238-06:00</time>
<extensions>
<gpxtpx:TrackPointExtension>
<gpxtpx:speed>4.42</gpxtpx:speed>
</gpxtpx:TrackPointExtension>
<opentracks:accuracy_horizontal>0.51</opentracks:accuracy_horizontal></extensions>
</trkpt>
<trkpt lat="50.432359" lon="-104.556246">
<ele>558</ele>
<time>2026-09-27T09:43:31.221-06:00</time>
<extensions>
<gpxtpx:TrackPointExtension>
<gpxtpx:speed>4.73</gpxtpx:speed>
</gpxtpx:TrackPointExtension>
<opentracks:accuracy_horizontal>1.02</opentracks:accuracy_horizontal></extensions>
</trkpt>
<trkpt lat="50.432433" lon="-104.556394">
<ele>558</ele>
<time>2026-09-27T09:43:34.213-06:00</time>
<extensions>
<gpxtpx:TrackPointExtension>
<gpxtpx:speed>3.87</gpxtpx:speed>
</gpxtpx:TrackPointExtension>
<opentracks:accuracy_horizontal>1.02</opentracks:accuracy_horizontal></extensions>
</trkpt>
<trkpt lat="50.432492" lon="-104.556515">
<ele>558</ele>
<time>2026-09-27T09:43:37.219-06:00</time>
<extensions>
<gpxtpx:TrackPointExtension>
<gpxtpx:speed>3.45</gpxtpx:speed>
</gpxtpx:TrackPointExtension>
<opentracks:accuracy_horizontal>3.571</opentracks:accuracy_horizontal></extensions>
</trkpt>
<trkpt lat="50.43255" lon="-104.556627">
<ele>558</ele>
<time>2026-09-27T09:43:40.234-06:00</time>
<extensions>
<gpxtpx:TrackPointExtension>
<gpxtpx:speed>3.22</gpxtpx:speed>
</gpxtpx:TrackPointExtension>
<opentracks:accuracy_horizontal>4.592</opentracks:accuracy_horizontal></extensions>
</trkpt>
<trkpt lat="50.432619" lon="-104.556751">
<ele>558</ele>
<time>2026-09-27T09:43:44.235-06:00</time>
<extensions>
<gpxtpx:TrackPointExtension>
<gpxtpx:speed>2.93</gpxtpx:speed>
</gpxtpx:TrackPointExtension>
<opentracks:accuracy_horizontal>3.571</opentracks:accuracy_horizontal></extensions>
</trkpt>
<trkpt lat="50.432682" lon="-104.556856">
<ele>558</ele>
<time>2026-09-27T09:43:48.219-06:00</time>
<extensions>
<gpxtpx:TrackPointExtension>
<gpxtpx:speed>1.97</gpxtpx:speed>
</gpxtpx:TrackPointExtension>
<opentracks:accuracy_horizontal>4.082</opentracks:accuracy_horizontal></extensions>
</trkpt>
<trkpt lat="50.432706" lon="-104.556859">
<ele>558</ele>
<time>2026-09-27T09:43:57.228-06:00</time>
<extensions>
<gpxtpx:TrackPointExtension>
<gpxtpx:speed>0.39</gpxtpx:speed>
</gpxtpx:TrackPointExtension>
<opentracks:accuracy_horizontal>4.592</opentracks:accuracy_horizontal></extensions>
</trkpt>
<trkpt lat="50.432817" lon="-104.556835">
<ele>558</ele>
<time>2026-09-27T09:44:10.218-06:00</time>
<extensions>
<gpxtpx:TrackPointExtension>
<gpxtpx:speed>2.51</gpxtpx:speed>
</gpxtpx:TrackPointExtension>
<opentracks:accuracy_horizontal>5.102</opentracks:accuracy_horizontal></extensions>
</trkpt>
<trkpt lat="50.432899" lon="-104.556735">
<ele>558</ele>
<time>2026-09-27T09:44:15.224-06:00</time>
<extensions>
<gpxtpx:TrackPointExtension>
<gpxtpx:speed>2.55</gpxtpx:speed>
</gpxtpx:TrackPointExtension>
<opentracks:accuracy_horizontal>6.122</opentracks:accuracy_horizontal></extensions>
</trkpt>
<trkpt lat="50.432968" lon="-104.556642">
<ele>558</ele>
<time>2026-09-27T09:44:19.23-06:00</time>
<extensions>
<gpxtpx:TrackPointExtension>
<gpxtpx:speed>2.4</gpxtpx:speed>
</gpxtpx:TrackPointExtension>
<opentracks:accuracy_horizontal>6.122</opentracks:accuracy_horizontal></extensions>
</trkpt>
<trkpt lat="50.43304" lon="-104.556522">
<ele>558</ele>
<time>2026-09-27T09:44:24.221-06:00</time>
<extensions>
<gpxtpx:TrackPointExtension>
<gpxtpx:speed>2.09</gpxtpx:speed>
</gpxtpx:TrackPointExtension>
<opentracks:accuracy_horizontal>4.082</opentracks:accuracy_horizontal></extensions>
</trkpt>
<trkpt lat="50.43312" lon="-104.556401">
<ele>558</ele>
<time>2026-09-27T09:44:30.219-06:00</time>
<extensions>
<gpxtpx:TrackPointExtension>
<gpxtpx:speed>2.38</gpxtpx:speed>
</gpxtpx:TrackPointExtension>
<opentracks:accuracy_horizontal>6.122</opentracks:accuracy_horizontal></extensions>
</trkpt>
<trkpt lat="50.43321" lon="-104.556304">
<ele>557</ele>
<time>2026-09-27T09:44:36.212-06:00</time>
<extensions>
<gpxtpx:TrackPointExtension>
<gpxtpx:speed>2.62</gpxtpx:speed>
</gpxtpx:TrackPointExtension>
<opentracks:accuracy_horizontal>6.633</opentracks:accuracy_horizontal></extensions>
</trkpt>
<trkpt lat="50.433294" lon="-104.55619">
<ele>558</ele>
<time>2026-09-27T09:44:39.221-06:00</time>
<extensions>
<gpxtpx:TrackPointExtension>
<gpxtpx:speed>4.06</gpxtpx:speed>
</gpxtpx:TrackPointExtension>
<opentracks:accuracy_horizontal>4.082</opentracks:accuracy_horizontal></extensions>
</trkpt>
<trkpt lat="50.433395" lon="-104.556047">
<ele>560</ele>
<time>2026-09-27T09:44:42.224-06:00</time>
<extensions>
<gpxtpx:TrackPointExtension>
<gpxtpx:speed>5.14</gpxtpx:speed>
</gpxtpx:TrackPointExtension>
<opentracks:accuracy_horizontal>3.571</opentracks:accuracy_horizontal></extensions>
</trkpt>
<trkpt lat="50.433469" lon="-104.55596">
<ele>560</ele>
<time>2026-09-27T09:44:44.234-06:00</time>
<extensions>
<gpxtpx:TrackPointExtension>
<gpxtpx:speed>5.34</gpxtpx:speed>
</gpxtpx:TrackPointExtension>
<opentracks:accuracy_horizontal>1.02</opentracks:accuracy_horizontal></extensions>
</trkpt>
<trkpt lat="50.433543" lon="-104.555862">
<ele>559</ele>
<time>2026-09-27T09:44:46.226-06:00</time>
<extensions>
<gpxtpx:TrackPointExtension>
<gpxtpx:speed>6.23</gpxtpx:speed>
</gpxtpx:TrackPointExtension>
<opentracks:accuracy_horizontal>1.02</opentracks:accuracy_horizontal></extensions>
</trkpt>
<trkpt lat="50.433629" lon="-104.555755">
<ele>559</ele>
<time>2026-09-27T09:44:48.23-06:00</time>
<extensions>
<gpxtpx:TrackPointExtension>
<gpxtpx:speed>4.7</gpxtpx:speed>
</gpxtpx:TrackPointExtension>
<opentracks:accuracy_horizontal>0.51</opentracks:accuracy_horizontal></extensions>
</trkpt>
<trkpt lat="50.433746" lon="-104.555629">
<ele>558</ele>
<time>2026-09-27T09:44:50.232-06:00</time>
<extensions>
<gpxtpx:TrackPointExtension>
<gpxtpx:speed>7.43</gpxtpx:speed>
</gpxtpx:TrackPointExtension>
<opentracks:accuracy_horizontal>1.02</opentracks:accuracy_horizontal></extensions>
</trkpt>
<trkpt lat="50.433887" lon="-104.555483">
<ele>557</ele>
<time>2026-09-27T09:44:52.219-06:00</time>
<extensions>
<gpxtpx:TrackPointExtension>
<gpxtpx:speed>8.97</gpxtpx:speed>
</gpxtpx:TrackPointExtension>
<opentracks:accuracy_horizontal>1.02</opentracks:accuracy_horizontal></extensions>
</trkpt>
<trkpt lat="50.434031" lon="-104.55534">
<ele>557</ele>
<time>2026-09-27T09:44:54.233-06:00</time>
<extensions>
<gpxtpx:TrackPointExtension>
<gpxtpx:speed>9.28</gpxtpx:speed>
</gpxtpx:TrackPointExtension>
<opentracks:accuracy_horizontal>1.02</opentracks:accuracy_horizontal></extensions>
</trkpt>
<trkpt lat="50.434175" lon="-104.555193">
<ele>556</ele>
<time>2026-09-27T09:44:56.233-06:00</time>
<extensions>
<gpxtpx:TrackPointExtension>
<gpxtpx:speed>9.46</gpxtpx:speed>
</gpxtpx:TrackPointExtension>
<opentracks:accuracy_horizontal>1.02</opentracks:accuracy_horizontal></extensions>
</trkpt>
<trkpt lat="50.434316" lon="-104.555039">
<ele>557</ele>
<time>2026-09-27T09:44:58.229-06:00</time>
<extensions>
<gpxtpx:TrackPointExtension>
<gpxtpx:speed>9.13</gpxtpx:speed>
</gpxtpx:TrackPointExtension>
<opentracks:accuracy_horizontal>1.02</opentracks:accuracy_horizontal></extensions>
</trkpt>
<trkpt lat="50.434451" lon="-104.55489">
<ele>557</ele>
<time>2026-09-27T09:45:00.222-06:00</time>
<extensions>
<gpxtpx:TrackPointExtension>
<gpxtpx:speed>9.05</gpxtpx:speed>
</gpxtpx:TrackPointExtension>
<opentracks:accuracy_horizontal>0.51</opentracks:accuracy_horizontal></extensions>
</trkpt>
<trkpt lat="50.434593" lon="-104.554757">
<ele>557</ele>
<time>2026-09-27T09:45:02.236-06:00</time>
<extensions>
<gpxtpx:TrackPointExtension>
<gpxtpx:speed>9.49</gpxtpx:speed>
</gpxtpx:TrackPointExtension>
<opentracks:accuracy_horizontal>1.02</opentracks:accuracy_horizontal></extensions>
</trkpt>
<trkpt lat="50.434742" lon="-104.554645">
<ele>558</ele>
<time>2026-09-27T09:45:04.225-06:00</time>
<extensions>
<gpxtpx:TrackPointExtension>
<gpxtpx:speed>9.15</gpxtpx:speed>
</gpxtpx:TrackPointExtension>
<opentracks:accuracy_horizontal>0.51</opentracks:accuracy_horizontal></extensions>
</trkpt>
<trkpt lat="50.434888" lon="-104.554571">
<ele>558</ele>
<time>2026-09-27T09:45:06.239-06:00</time>
<extensions>
<gpxtpx:TrackPointExtension>
<gpxtpx:speed>7.95</gpxtpx:speed>
</gpxtpx:TrackPointExtension>
<opentracks:accuracy_horizontal>1.02</opentracks:accuracy_horizontal></extensions>
</trkpt>
<trkpt lat="50.435021" lon="-104.55451">
<ele>558</ele>
<time>2026-09-27T09:45:08.228-06:00</time>
<extensions>
<gpxtpx:TrackPointExtension>
<gpxtpx:speed>7.45</gpxtpx:speed>
</gpxtpx:TrackPointExtension>
<opentracks:accuracy_horizontal>1.02</opentracks:accuracy_horizontal></extensions>
</trkpt>
<trkpt lat="50.435142" lon="-104.554454">
<ele>558</ele>
<time>2026-09-27T09:45:10.22-06:00</time>
<extensions>
<gpxtpx:TrackPointExtension>
<gpxtpx:speed>6.83</gpxtpx:speed>
</gpxtpx:TrackPointExtension>
<opentracks:accuracy_horizontal>0.51</opentracks:accuracy_horizontal></extensions>
</trkpt>
<trkpt lat="50.435258" lon="-104.554387">
<ele>558</ele>
<time>2026-09-27T09:45:12.231-06:00</time>
<extensions>
<gpxtpx:TrackPointExtension>
<gpxtpx:speed>6.5</gpxtpx:speed>
</gpxtpx:TrackPointExtension>
<opentracks:accuracy_horizontal>4.592</opentracks:accuracy_horizontal></extensions>
</trkpt>
<trkpt lat="50.435372" lon="-104.554335">
<ele>558</ele>
<time>2026-09-27T09:45:14.234-06:00</time>
<extensions>
<gpxtpx:TrackPointExtension>
<gpxtpx:speed>6.46</gpxtpx:speed>
</gpxtpx:TrackPointExtension>
<opentracks:accuracy_horizontal>3.571</opentracks:accuracy_horizontal></extensions>
</trkpt>
<trkpt lat="50.435479" lon="-104.554281">
<ele>558</ele>
<time>2026-09-27T09:45:16.226-06:00</time>
<extensions>
<gpxtpx:TrackPointExtension>
<gpxtpx:speed>6.21</gpxtpx:speed>
</gpxtpx:TrackPointExtension>
<opentracks:accuracy_horizontal>3.571</opentracks:accuracy_horizontal></extensions>
</trkpt>
<trkpt lat="50.435578" lon="-104.554231">
<ele>558</ele>
<time>2026-09-27T09:45:18.224-06:00</time>
<extensions>
<gpxtpx:TrackPointExtension>
<gpxtpx:speed>6.07</gpxtpx:speed>
</gpxtpx:TrackPointExtension>
<opentracks:accuracy_horizontal>3.571</opentracks:accuracy_horizontal></extensions>
</trkpt>
<trkpt lat="50.435682" lon="-104.554179">
<ele>559</ele>
<time>2026-09-27T09:45:20.239-06:00</time>
<extensions>
<gpxtpx:TrackPointExtension>
<gpxtpx:speed>6.14</gpxtpx:speed>
</gpxtpx:TrackPointExtension>
<opentracks:accuracy_horizontal>5.102</opentracks:accuracy_horizontal></extensions>
</trkpt>
<trkpt lat="50.435792" lon="-104.554131">
<ele>559</ele>
<time>2026-09-27T09:45:22.232-06:00</time>
<extensions>
<gpxtpx:TrackPointExtension>
<gpxtpx:speed>6.56</gpxtpx:speed>
</gpxtpx:TrackPointExtension>
<opentracks:accuracy_horizontal>5.102</opentracks:accuracy_horizontal></extensions>
</trkpt>
<trkpt lat="50.43591" lon="-104.554068">
<ele>560</ele>
<time>2026-09-27T09:45:24.227-06:00</time>
<extensions>
<gpxtpx:TrackPointExtension>
<gpxtpx:speed>6.76</gpxtpx:speed>
</gpxtpx:TrackPointExtension>
<opentracks:accuracy_horizontal>1.02</opentracks:accuracy_horizontal></extensions>
</trkpt>
<trkpt lat="50.436025" lon="-104.554008">
<ele>560</ele>
<time>2026-09-27T09:45:26.219-06:00</time>
<extensions>
<gpxtpx:TrackPointExtension>
<gpxtpx:speed>6.77</gpxtpx:speed>
</gpxtpx:TrackPointExtension>
<opentracks:accuracy_horizontal>1.02</opentracks:accuracy_horizontal></extensions>
</trkpt>
<trkpt lat="50.436136" lon="-104.553931">
<ele>559</ele>
<time>2026-09-27T09:45:28.252-06:00</time>
<extensions>
<gpxtpx:TrackPointExtension>
<gpxtpx:speed>6.65</gpxtpx:speed>
</gpxtpx:TrackPointExtension>
<opentracks:accuracy_horizontal>1.02</opentracks:accuracy_horizontal></extensions>
</trkpt>
<trkpt lat="50.436244" lon="-104.553882">
<ele>558</ele>
<time>2026-09-27T09:45:30.235-06:00</time>
<extensions>
<gpxtpx:TrackPointExtension>
<gpxtpx:speed>6.25</gpxtpx:speed>
</gpxtpx:TrackPointExtension>
<opentracks:accuracy_horizontal>1.02</opentracks:accuracy_horizontal></extensions>
</trkpt>
<trkpt lat="50.436348" lon="-104.553822">
<ele>558</ele>
<time>2026-09-27T09:45:32.236-06:00</time>
<extensions>
<gpxtpx:TrackPointExtension>
<gpxtpx:speed>6.51</gpxtpx:speed>
</gpxtpx:TrackPointExtension>
<opentracks:accuracy_horizontal>0.51</opentracks:accuracy_horizontal></extensions>
</trkpt>
<trkpt lat="50.436459" lon="-104.553771">
<ele>559</ele>
<time>2026-09-27T09:45:34.231-06:00</time>
<extensions>
<gpxtpx:TrackPointExtension>
<gpxtpx:speed>6.06</gpxtpx:speed>
</gpxtpx:TrackPointExtension>
<opentracks:accuracy_horizontal>1.02</opentracks:accuracy_horizontal></extensions>
</trkpt>
<trkpt lat="50.436569" lon="-104.553712">
<ele>560</ele>
<time>2026-09-27T09:45:36.242-06:00</time>
<extensions>
<gpxtpx:TrackPointExtension>
<gpxtpx:speed>6.23</gpxtpx:speed>
</gpxtpx:TrackPointExtension>
<opentracks:accuracy_horizontal>0.51</opentracks:accuracy_horizontal></extensions>
</trkpt>
<trkpt lat="50.436674" lon="-104.553648">
<ele>560</ele>
<time>2026-09-27T09:45:38.218-06:00</time>
<extensions>
<gpxtpx:TrackPointExtension>
<gpxtpx:speed>6.59</gpxtpx:speed>
</gpxtpx:TrackPointExtension>
<opentracks:accuracy_horizontal>1.02</opentracks:accuracy_horizontal></extensions>
</trkpt>
<trkpt lat="50.436772" lon="-104.553552">
<ele>561</ele>
<time>2026-09-27T09:45:40.214-06:00</time>
<extensions>
<gpxtpx:TrackPointExtension>
<gpxtpx:speed>6.86</gpxtpx:speed>
</gpxtpx:TrackPointExtension>
<opentracks:accuracy_horizontal>0.51</opentracks:accuracy_horizontal></extensions>
</trkpt>
<trkpt lat="50.436872" lon="-104.553427">
<ele>561</ele>
<time>2026-09-27T09:45:42.22-06:00</time>
<extensions>
<gpxtpx:TrackPointExtension>
<gpxtpx:speed>6.73</gpxtpx:speed>
</gpxtpx:TrackPointExtension>
<opentracks:accuracy_horizontal>1.02</opentracks:accuracy_horizontal></extensions>
</trkpt>
<trkpt lat="50.436966" lon="-104.553307">
<ele>560</ele>
<time>2026-09-27T09:45:44.225-06:00</time>
<extensions>
<gpxtpx:TrackPointExtension>
<gpxtpx:speed>6.76</gpxtpx:speed>
</gpxtpx:TrackPointExtension>
<opentracks:accuracy_horizontal>1.02</opentracks:accuracy_horizontal></extensions>
</trkpt>
<trkpt lat="50.437059" lon="-104.553181">
<ele>561</ele>
<time>2026-09-27T09:45:46.229-06:00</time>
<extensions>
<gpxtpx:TrackPointExtension>
<gpxtpx:speed>6.73</gpxtpx:speed>
</gpxtpx:TrackPointExtension>
<opentracks:accuracy_horizontal>1.02</opentracks:accuracy_horizontal></extensions>
</trkpt>
<trkpt lat="50.437142" lon="-104.553051">
<ele>561</ele>
<time>2026-09-27T09:45:48.229-06:00</time>
<extensions>
<gpxtpx:TrackPointExtension>
<gpxtpx:speed>6.59</gpxtpx:speed>
</gpxtpx:TrackPointExtension>
<opentracks:accuracy_horizontal>1.02</opentracks:accuracy_horizontal></extensions>
</trkpt>
<trkpt lat="50.437221" lon="-104.552906">
<ele>561</ele>
<time>2026-09-27T09:45:50.233-06:00</time>
<extensions>
<gpxtpx:TrackPointExtension>
<gpxtpx:speed>6.47</gpxtpx:speed>
</gpxtpx:TrackPointExtension>
<opentracks:accuracy_horizontal>1.02</opentracks:accuracy_horizontal></extensions>
</trkpt>
<trkpt lat="50.437302" lon="-104.552772">
<ele>561</ele>
<time>2026-09-27T09:45:52.23-06:00</time>
<extensions>
<gpxtpx:TrackPointExtension>
<gpxtpx:speed>6.42</gpxtpx:speed>
</gpxtpx:TrackPointExtension>
<opentracks:accuracy_horizontal>1.02</opentracks:accuracy_horizontal></extensions>
</trkpt>
<trkpt lat="50.437383" lon="-104.552626">
<ele>561</ele>
<time>2026-09-27T09:45:54.251-06:00</time>
<extensions>
<gpxtpx:TrackPointExtension>
<gpxtpx:speed>6.63</gpxtpx:speed>
</gpxtpx:TrackPointExtension>
<opentracks:accuracy_horizontal>1.02</opentracks:accuracy_horizontal></extensions>
</trkpt>
<trkpt lat="50.437464" lon="-104.552475">
<ele>561</ele>
<time>2026-09-27T09:45:56.242-06:00</time>
<extensions>
<gpxtpx:TrackPointExtension>
<gpxtpx:speed>7.12</gpxtpx:speed>
</gpxtpx:TrackPointExtension>
<opentracks:accuracy_horizontal>1.02</opentracks:accuracy_horizontal></extensions>
</trkpt>
<trkpt lat="50.437552" lon="-104.552321">
<ele>560</ele>
<time>2026-09-27T09:45:58.242-06:00</time>
<extensions>
<gpxtpx:TrackPointExtension>
<gpxtpx:speed>6.92</gpxtpx:speed>
</gpxtpx:TrackPointExtension>
<opentracks:accuracy_horizontal>1.02</opentracks:accuracy_horizontal></extensions>
</trkpt>
<trkpt lat="50.437638" lon="-104.552176">
<ele>558</ele>
<time>2026-09-27T09:46:00.245-06:00</time>
<extensions>
<gpxtpx:TrackPointExtension>
<gpxtpx:speed>6.99</gpxtpx:speed>
</gpxtpx:TrackPointExtension>
<opentracks:accuracy_horizontal>1.02</opentracks:accuracy_horizontal></extensions>
</trkpt>
<trkpt lat="50.437721" lon="-104.552031">
<ele>558</ele>
<time>2026-09-27T09:46:02.239-06:00</time>
<extensions>
<gpxtpx:TrackPointExtension>
<gpxtpx:speed>6.96</gpxtpx:speed>
</gpxtpx:TrackPointExtension>
<opentracks:accuracy_horizontal>1.02</opentracks:accuracy_horizontal></extensions>
</trkpt>
<trkpt lat="50.437798" lon="-104.551897">
<ele>558</ele>
<time>2026-09-27T09:46:04.236-06:00</time>
<extensions>
<gpxtpx:TrackPointExtension>
<gpxtpx:speed>6.73</gpxtpx:speed>
</gpxtpx:TrackPointExtension>
<opentracks:accuracy_horizontal>3.571</opentracks:accuracy_horizontal></extensions>
</trkpt>
<trkpt lat="50.437881" lon="-104.551765">
<ele>557</ele>
<time>2026-09-27T09:46:06.223-06:00</time>
<extensions>
<gpxtpx:TrackPointExtension>
<gpxtpx:speed>6.94</gpxtpx:speed>
</gpxtpx:TrackPointExtension>
<opentracks:accuracy_horizontal>1.02</opentracks:accuracy_horizontal></extensions>
</trkpt>
<trkpt lat="50.437963" lon="-104.551615">
<ele>558</ele>
<time>2026-09-27T09:46:08.228-06:00</time>
<extensions>
<gpxtpx:TrackPointExtension>
<gpxtpx:speed>6.7</gpxtpx:speed>
</gpxtpx:TrackPointExtension>
<opentracks:accuracy_horizontal>1.02</opentracks:accuracy_horizontal></extensions>
</trkpt>
<trkpt lat="50.438048" lon="-104.551488">
<ele>558</ele>
<time>2026-09-27T09:46:10.22-06:00</time>
<extensions>
<gpxtpx:TrackPointExtension>
<gpxtpx:speed>6.51</gpxtpx:speed>
</gpxtpx:TrackPointExtension>
<opentracks:accuracy_horizontal>1.02</opentracks:accuracy_horizontal></extensions>
</trkpt>
<trkpt lat="50.438122" lon="-104.551349">
<ele>558</ele>
<time>2026-09-27T09:46:12.239-06:00</time>
<extensions>
<gpxtpx:TrackPointExtension>
<gpxtpx:speed>6.31</gpxtpx:speed>
</gpxtpx:TrackPointExtension>
<opentracks:accuracy_horizontal>1.02</opentracks:accuracy_horizontal></extensions>
</trkpt>
<trkpt lat="50.438194" lon="-104.551212">
<ele>557</ele>
<time>2026-09-27T09:46:14.242-06:00</time>
<extensions>
<gpxtpx:TrackPointExtension>
<gpxtpx:speed>6.1</gpxtpx:speed>
</gpxtpx:TrackPointExtension>
<opentracks:accuracy_horizontal>1.02</opentracks:accuracy_horizontal></extensions>
</trkpt>
<trkpt lat="50.438256" lon="-104.551074">
<ele>557</ele>
<time>2026-09-27T09:46:16.23-06:00</time>
<extensions>
<gpxtpx:TrackPointExtension>
<gpxtpx:speed>5.8</gpxtpx:speed>
</gpxtpx:TrackPointExtension>
<opentracks:accuracy_horizontal>1.02</opentracks:accuracy_horizontal></extensions>
</trkpt>
<trkpt lat="50.438323" lon="-104.550967">
<ele>557</ele>
<time>2026-09-27T09:46:18.235-06:00</time>
<extensions>
<gpxtpx:TrackPointExtension>
<gpxtpx:speed>5.16</gpxtpx:speed>
</gpxtpx:TrackPointExtension>
<opentracks:accuracy_horizontal>0.51</opentracks:accuracy_horizontal></extensions>
</trkpt>
<trkpt lat="50.438411" lon="-104.550812">
<ele>556</ele>
<time>2026-09-27T09:46:21.231-06:00</time>
<extensions>
<gpxtpx:TrackPointExtension>
<gpxtpx:speed>5.04</gpxtpx:speed>
</gpxtpx:TrackPointExtension>
<opentracks:accuracy_horizontal>3.061</opentracks:accuracy_horizontal></extensions>
</trkpt>
<trkpt lat="50.438474" lon="-104.550703">
<ele>557</ele>
<time>2026-09-27T09:46:23.234-06:00</time>
<extensions>
<gpxtpx:TrackPointExtension>
<gpxtpx:speed>5.11</gpxtpx:speed>
</gpxtpx:TrackPointExtension>
<opentracks:accuracy_horizontal>3.061</opentracks:accuracy_horizontal></extensions>
</trkpt>
<trkpt lat="50.43854" lon="-104.550601">
<ele>556</ele>
<time>2026-09-27T09:46:25.234-06:00</time>
<extensions>
<gpxtpx:TrackPointExtension>
<gpxtpx:speed>4.94</gpxtpx:speed>
</gpxtpx:TrackPointExtension>
<opentracks:accuracy_horizontal>2.551</opentracks:accuracy_horizontal></extensions>
</trkpt>
<trkpt lat="50.438623" lon="-104.550446">
<ele>556</ele>
<time>2026-09-27T09:46:28.236-06:00</time>
<extensions>
<gpxtpx:TrackPointExtension>
<gpxtpx:speed>4.78</gpxtpx:speed>
</gpxtpx:TrackPointExtension>
<opentracks:accuracy_horizontal>3.061</opentracks:accuracy_horizontal></extensions>
</trkpt>
<trkpt lat="50.438712" lon="-104.550307">
<ele>556</ele>
<time>2026-09-27T09:46:31.249-06:00</time>
<extensions>
<gpxtpx:TrackPointExtension>
<gpxtpx:speed>4.59</gpxtpx:speed>
</gpxtpx:TrackPointExtension>
<opentracks:accuracy_horizontal>3.061</opentracks:accuracy_horizontal></extensions>
</trkpt>
<trkpt lat="50.438804" lon="-104.550179">
<ele>556</ele>
<time>2026-09-27T09:46:34.239-06:00</time>
<extensions>
<gpxtpx:TrackPointExtension>
<gpxtpx:speed>4.56</gpxtpx:speed>
</gpxtpx:TrackPointExtension>
<opentracks:accuracy_horizontal>3.571</opentracks:accuracy_horizontal></extensions>
</trkpt>
<trkpt lat="50.438892" lon="-104.550066">
<ele>557</ele>
<time>2026-09-27T09:46:37.24-06:00</time>
<extensions>
<gpxtpx:TrackPointExtension>
<gpxtpx:speed>4.29</gpxtpx:speed>
</gpxtpx:TrackPointExtension>
<opentracks:accuracy_horizontal>3.571</opentracks:accuracy_horizontal></extensions>
</trkpt>
<trkpt lat="50.438986" lon="-104.54996">
<ele>557</ele>
<time>2026-09-27T09:46:40.232-06:00</time>
<extensions>
<gpxtpx:TrackPointExtension>
<gpxtpx:speed>4.33</gpxtpx:speed>
</gpxtpx:TrackPointExtension>
<opentracks:accuracy_horizontal>3.571</opentracks:accuracy_horizontal></extensions>
</trkpt>
<trkpt lat="50.439083" lon="-104.549855">
<ele>558</ele>
<time>2026-09-27T09:46:43.251-06:00</time>
<extensions>
<gpxtpx:TrackPointExtension>
<gpxtpx:speed>4.47</gpxtpx:speed>
</gpxtpx:TrackPointExtension>
<opentracks:accuracy_horizontal>1.02</opentracks:accuracy_horizontal></extensions>
</trkpt>
<trkpt lat="50.439193" lon="-104.549746">
<ele>558</ele>
<time>2026-09-27T09:46:46.242-06:00</time>
<extensions>
<gpxtpx:TrackPointExtension>
<gpxtpx:speed>4.91</gpxtpx:speed>
</gpxtpx:TrackPointExtension>
<opentracks:accuracy_horizontal>1.02</opentracks:accuracy_horizontal></extensions>
</trkpt>
<trkpt lat="50.439309" lon="-104.549635">
<ele>557</ele>
<time>2026-09-27T09:46:49.242-06:00</time>
<extensions>
<gpxtpx:TrackPointExtension>
<gpxtpx:speed>4.79</gpxtpx:speed>
</gpxtpx:TrackPointExtension>
<opentracks:accuracy_horizontal>1.02</opentracks:accuracy_horizontal></extensions>
</trkpt>
<trkpt lat="50.439427" lon="-104.549542">
<ele>557</ele>
<time>2026-09-27T09:46:52.252-06:00</time>
<extensions>
<gpxtpx:TrackPointExtension>
<gpxtpx:speed>4.93</gpxtpx:speed>
</gpxtpx:TrackPointExtension>
<opentracks:accuracy_horizontal>1.02</opentracks:accuracy_horizontal></extensions>
</trkpt>
<trkpt lat="50.439509" lon="-104.549482">
<ele>557</ele>
<time>2026-09-27T09:46:54.241-06:00</time>
<extensions>
<gpxtpx:TrackPointExtension>
<gpxtpx:speed>4.76</gpxtpx:speed>
</gpxtpx:TrackPointExtension>
<opentracks:accuracy_horizontal>1.02</opentracks:accuracy_horizontal></extensions>
</trkpt>
<trkpt lat="50.439593" lon="-104.549431">
<ele>557</ele>
<time>2026-09-27T09:46:56.224-06:00</time>
<extensions>
<gpxtpx:TrackPointExtension>
<gpxtpx:speed>5.1</gpxtpx:speed>
</gpxtpx:TrackPointExtension>
<opentracks:accuracy_horizontal>1.02</opentracks:accuracy_horizontal></extensions>
</trkpt>
<trkpt lat="50.43968" lon="-104.549388">
<ele>557</ele>
<time>2026-09-27T09:46:58.237-06:00</time>
<extensions>
<gpxtpx:TrackPointExtension>
<gpxtpx:speed>5.1</gpxtpx:speed>
</gpxtpx:TrackPointExtension>
<opentracks:accuracy_horizontal>1.02</opentracks:accuracy_horizontal></extensions>
</trkpt>
<trkpt lat="50.439804" lon="-104.54931">
<ele>557</ele>
<time>2026-09-27T09:47:01.234-06:00</time>
<extensions>
<gpxtpx:TrackPointExtension>
<gpxtpx:speed>5.04</gpxtpx:speed>
</gpxtpx:TrackPointExtension>
<opentracks:accuracy_horizontal>1.02</opentracks:accuracy_horizontal></extensions>
</trkpt>
<trkpt lat="50.439928" lon="-104.549245">
<ele>557</ele>
<time>2026-09-27T09:47:04.252-06:00</time>
<extensions>
<gpxtpx:TrackPointExtension>
<gpxtpx:speed>4.72</gpxtpx:speed>
</gpxtpx:TrackPointExtension>
<opentracks:accuracy_horizontal>1.02</opentracks:accuracy_horizontal></extensions>
</trkpt>
<trkpt lat="50.440047" lon="-104.549188">
<ele>557</ele>
<time>2026-09-27T09:47:07.226-06:00</time>
<extensions>
<gpxtpx:TrackPointExtension>
<gpxtpx:speed>4.32</gpxtpx:speed>
</gpxtpx:TrackPointExtension>
<opentracks:accuracy_horizontal>1.02</opentracks:accuracy_horizontal></extensions>
</trkpt>
<trkpt lat="50.440154" lon="-104.549143">
<ele>557</ele>
<time>2026-09-27T09:47:10.227-06:00</time>
<extensions>
<gpxtpx:TrackPointExtension>
<gpxtpx:speed>3.76</gpxtpx:speed>
</gpxtpx:TrackPointExtension>
<opentracks:accuracy_horizontal>1.02</opentracks:accuracy_horizontal></extensions>
</trkpt>
<trkpt lat="50.440256" lon="-104.54912">
<ele>557</ele>
<time>2026-09-27T09:47:13.238-06:00</time>
<extensions>
<gpxtpx:TrackPointExtension>
<gpxtpx:speed>3.54</gpxtpx:speed>
</gpxtpx:TrackPointExtension>
<opentracks:accuracy_horizontal>3.061</opentracks:accuracy_horizontal></extensions>
</trkpt>
<trkpt lat="50.440375" lon="-104.549116">
<ele>557</ele>
<time>2026-09-27T09:47:17.218-06:00</time>
<extensions>
<gpxtpx:TrackPointExtension>
<gpxtpx:speed>3.65</gpxtpx:speed>
</gpxtpx:TrackPointExtension>
<opentracks:accuracy_horizontal>3.061</opentracks:accuracy_horizontal></extensions>
</trkpt>
<trkpt lat="50.440488" lon="-104.549115">
<ele>558</ele>
<time>2026-09-27T09:47:20.227-06:00</time>
<extensions>
<gpxtpx:TrackPointExtension>
<gpxtpx:speed>4.56</gpxtpx:speed>
</gpxtpx:TrackPointExtension>
<opentracks:accuracy_horizontal>3.061</opentracks:accuracy_horizontal></extensions>
</trkpt>
<trkpt lat="50.440602" lon="-104.549081">
<ele>558</ele>
<time>2026-09-27T09:47:23.226-06:00</time>
<extensions>
<gpxtpx:TrackPointExtension>
<gpxtpx:speed>4.14</gpxtpx:speed>
</gpxtpx:TrackPointExtension>
<opentracks:accuracy_horizontal>3.571</opentracks:accuracy_horizontal></extensions>
</trkpt>
<trkpt lat="50.440706" lon="-104.549092">
<ele>558</ele>
<time>2026-09-27T09:47:26.23-06:00</time>
<extensions>
<gpxtpx:TrackPointExtension>
<gpxtpx:speed>3.67</gpxtpx:speed>
</gpxtpx:TrackPointExtension>
<opentracks:accuracy_horizontal>2.551</opentracks:accuracy_horizontal></extensions>
</trkpt>
<trkpt lat="50.440812" lon="-104.549094">
<ele>558</ele>
<time>2026-09-27T09:47:29.225-06:00</time>
<extensions>
<gpxtpx:TrackPointExtension>
<gpxtpx:speed>4.35</gpxtpx:speed>
</gpxtpx:TrackPointExtension>
<opentracks:accuracy_horizontal>3.061</opentracks:accuracy_horizontal></extensions>
</trkpt>
<trkpt lat="50.440942" lon="-104.549097">
<ele>558</ele>
<time>2026-09-27T09:47:32.232-06:00</time>
<extensions>
<gpxtpx:TrackPointExtension>
<gpxtpx:speed>4.96</gpxtpx:speed>
</gpxtpx:TrackPointExtension>
<opentracks:accuracy_horizontal>1.02</opentracks:accuracy_horizontal></extensions>
</trkpt>
<trkpt lat="50.441036" lon="-104.54909">
<ele>557</ele>
<time>2026-09-27T09:47:34.229-06:00</time>
<extensions>
<gpxtpx:TrackPointExtension>
<gpxtpx:speed>5.68</gpxtpx:speed>
</gpxtpx:TrackPointExtension>
<opentracks:accuracy_horizontal>1.02</opentracks:accuracy_horizontal></extensions>
</trkpt>
<trkpt lat="50.441142" lon="-104.549094">
<ele>557</ele>
<time>2026-09-27T09:47:36.23-06:00</time>
<extensions>
<gpxtpx:TrackPointExtension>
<gpxtpx:speed>6.07</gpxtpx:speed>
</gpxtpx:TrackPointExtension>
<opentracks:accuracy_horizontal>1.02</opentracks:accuracy_horizontal></extensions>
</trkpt>
<trkpt lat="50.441259" lon="-104.549096">
<ele>558</ele>
<time>2026-09-27T09:47:38.248-06:00</time>
<extensions>
<gpxtpx:TrackPointExtension>
<gpxtpx:speed>6.63</gpxtpx:speed>
</gpxtpx:TrackPointExtension>
<opentracks:accuracy_horizontal>1.02</opentracks:accuracy_horizontal></extensions>
</trkpt>
<trkpt lat="50.44138" lon="-104.549097">
<ele>558</ele>
<time>2026-09-27T09:47:40.232-06:00</time>
<extensions>
<gpxtpx:TrackPointExtension>
<gpxtpx:speed>6.66</gpxtpx:speed>
</gpxtpx:TrackPointExtension>
<opentracks:accuracy_horizontal>1.02</opentracks:accuracy_horizontal></extensions>
</trkpt>
<trkpt lat="50.441498" lon="-104.549107">
<ele>558</ele>
<time>2026-09-27T09:47:42.236-06:00</time>
<extensions>
<gpxtpx:TrackPointExtension>
<gpxtpx:speed>6.65</gpxtpx:speed>
</gpxtpx:TrackPointExtension>
<opentracks:accuracy_horizontal>0.51</opentracks:accuracy_horizontal></extensions>
</trkpt>
<trkpt lat="50.441616" lon="-104.549104">
<ele>558</ele>
<time>2026-09-27T09:47:44.234-06:00</time>
<extensions>
<gpxtpx:TrackPointExtension>
<gpxtpx:speed>6.24</gpxtpx:speed>
</gpxtpx:TrackPointExtension>
<opentracks:accuracy_horizontal>1.02</opentracks:accuracy_horizontal></extensions>
</trkpt>
<trkpt lat="50.441721" lon="-104.54911">
<ele>558</ele>
<time>2026-09-27T09:47:46.23-06:00</time>
<extensions>
<gpxtpx:TrackPointExtension>
<gpxtpx:speed>5.57</gpxtpx:speed>
</gpxtpx:TrackPointExtension>
<opentracks:accuracy_horizontal>1.02</opentracks:accuracy_horizontal></extensions>
</trkpt>
<trkpt lat="50.441815" lon="-104.549099">
<ele>558</ele>
<time>2026-09-27T09:47:48.219-06:00</time>
<extensions>
<gpxtpx:TrackPointExtension>
<gpxtpx:speed>4.54</gpxtpx:speed>
</gpxtpx:TrackPointExtension>
<opentracks:accuracy_horizontal>1.02</opentracks:accuracy_horizontal></extensions>
</trkpt>
<trkpt lat="50.441906" lon="-104.549099">
<ele>559</ele>
<time>2026-09-27T09:47:50.224-06:00</time>
<extensions>
<gpxtpx:TrackPointExtension>
<gpxtpx:speed>5.19</gpxtpx:speed>
</gpxtpx:TrackPointExtension>
<opentracks:accuracy_horizontal>3.061</opentracks:accuracy_horizontal></extensions>
</trkpt>
<trkpt lat="50.442004" lon="-104.549088">
<ele>559</ele>
<time>2026-09-27T09:47:52.239-06:00</time>
<extensions>
<gpxtpx:TrackPointExtension>
<gpxtpx:speed>5.55</gpxtpx:speed>
</gpxtpx:TrackPointExtension>
<opentracks:accuracy_horizontal>1.02</opentracks:accuracy_horizontal></extensions>
</trkpt>
<trkpt lat="50.442101" lon="-104.549098">
<ele>560</ele>
<time>2026-09-27T09:47:54.239-06:00</time>
<extensions>
<gpxtpx:TrackPointExtension>
<gpxtpx:speed>5.7</gpxtpx:speed>
</gpxtpx:TrackPointExtension>
<opentracks:accuracy_horizontal>1.02</opentracks:accuracy_horizontal></extensions>
</trkpt>
<trkpt lat="50.4422" lon="-104.5491">
<ele>560</ele>
<time>2026-09-27T09:47:56.243-06:00</time>
<extensions>
<gpxtpx:TrackPointExtension>
<gpxtpx:speed>5.71</gpxtpx:speed>
</gpxtpx:TrackPointExtension>
<opentracks:accuracy_horizontal>1.02</opentracks:accuracy_horizontal></extensions>
</trkpt>
<trkpt lat="50.44231" lon="-104.549096">
<ele>560</ele>
<time>2026-09-27T09:47:58.24-06:00</time>
<extensions>
<gpxtpx:TrackPointExtension>
<gpxtpx:speed>5.75</gpxtpx:speed>
</gpxtpx:TrackPointExtension>
<opentracks:accuracy_horizontal>1.02</opentracks:accuracy_horizontal></extensions>
</trkpt>
<trkpt lat="50.442409" lon="-104.54909">
<ele>560</ele>
<time>2026-09-27T09:48:00.235-06:00</time>
<extensions>
<gpxtpx:TrackPointExtension>
<gpxtpx:speed>5.15</gpxtpx:speed>
</gpxtpx:TrackPointExtension>
<opentracks:accuracy_horizontal>1.02</opentracks:accuracy_horizontal></extensions>
</trkpt>
<trkpt lat="50.4425" lon="-104.54909">
<ele>559</ele>
<time>2026-09-27T09:48:02.238-06:00</time>
<extensions>
<gpxtpx:TrackPointExtension>
<gpxtpx:speed>4.64</gpxtpx:speed>
</gpxtpx:TrackPointExtension>
<opentracks:accuracy_horizontal>1.02</opentracks:accuracy_horizontal></extensions>
</trkpt>
<trkpt lat="50.442608" lon="-104.549106">
<ele>560</ele>
<time>2026-09-27T09:48:05.24-06:00</time>
<extensions>
<gpxtpx:TrackPointExtension>
<gpxtpx:speed>3.92</gpxtpx:speed>
</gpxtpx:TrackPointExtension>
<opentracks:accuracy_horizontal>1.02</opentracks:accuracy_horizontal></extensions>
</trkpt>
<trkpt lat="50.44272" lon="-104.549107">
<ele>560</ele>
<time>2026-09-27T09:48:08.227-06:00</time>
<extensions>
<gpxtpx:TrackPointExtension>
<gpxtpx:speed>4.31</gpxtpx:speed>
</gpxtpx:TrackPointExtension>
<opentracks:accuracy_horizontal>3.061</opentracks:accuracy_horizontal></extensions>
</trkpt>
<trkpt lat="50.442835" lon="-104.549097">
<ele>560</ele>
<time>2026-09-27T09:48:11.231-06:00</time>
<extensions>
<gpxtpx:TrackPointExtension>
<gpxtpx:speed>4.01</gpxtpx:speed>
</gpxtpx:TrackPointExtension>
<opentracks:accuracy_horizontal>3.571</opentracks:accuracy_horizontal></extensions>
</trkpt>
<trkpt lat="50.44293" lon="-104.549086">
<ele>559</ele>
<time>2026-09-27T09:48:14.241-06:00</time>
<extensions>
<gpxtpx:TrackPointExtension>
<gpxtpx:speed>3.4</gpxtpx:speed>
</gpxtpx:TrackPointExtension>
<opentracks:accuracy_horizontal>0.51</opentracks:accuracy_horizontal></extensions>
</trkpt>
<trkpt lat="50.443038" lon="-104.549096">
<ele>559</ele>
<time>2026-09-27T09:48:17.232-06:00</time>
<extensions>
<gpxtpx:TrackPointExtension>
<gpxtpx:speed>3.69</gpxtpx:speed>
</gpxtpx:TrackPointExtension>
<opentracks:accuracy_horizontal>1.02</opentracks:accuracy_horizontal></extensions>
</trkpt>
<trkpt lat="50.443139" lon="-104.549099">
<ele>559</ele>
<time>2026-09-27T09:48:20.236-06:00</time>
<extensions>
<gpxtpx:TrackPointExtension>
<gpxtpx:speed>3.39</gpxtpx:speed>
</gpxtpx:TrackPointExtension>
<opentracks:accuracy_horizontal>1.02</opentracks:accuracy_horizontal></extensions>
</trkpt>
<trkpt lat="50.443252" lon="-104.54911">
<ele>559</ele>
<time>2026-09-27T09:48:24.238-06:00</time>
<extensions>
<gpxtpx:TrackPointExtension>
<gpxtpx:speed>2.91</gpxtpx:speed>
</gpxtpx:TrackPointExtension>
<opentracks:accuracy_horizontal>1.02</opentracks:accuracy_horizontal></extensions>
</trkpt>
<trkpt lat="50.443344" lon="-104.549104">
<ele>558</ele>
<time>2026-09-27T09:48:27.237-06:00</time>
<extensions>
<gpxtpx:TrackPointExtension>
<gpxtpx:speed>3.75</gpxtpx:speed>
</gpxtpx:TrackPointExtension>
<opentracks:accuracy_horizontal>4.592</opentracks:accuracy_horizontal></extensions>
</trkpt>
<trkpt lat="50.443458" lon="-104.549097">
<ele>559</ele>
<time>2026-09-27T09:48:31.238-06:00</time>
<extensions>
<gpxtpx:TrackPointExtension>
<gpxtpx:speed>2.62</gpxtpx:speed>
</gpxtpx:TrackPointExtension>
<opentracks:accuracy_horizontal>4.082</opentracks:accuracy_horizontal></extensions>
</trkpt>
<trkpt lat="50.443553" lon="-104.549102">
<ele>558</ele>
<time>2026-09-27T09:48:35.252-06:00</time>
<extensions>
<gpxtpx:TrackPointExtension>
<gpxtpx:speed>2.95</gpxtpx:speed>
</gpxtpx:TrackPointExtension>
<opentracks:accuracy_horizontal>3.571</opentracks:accuracy_horizontal></extensions>
</trkpt>
<trkpt lat="50.44365" lon="-104.549071">
<ele>559</ele>
<time>2026-09-27T09:48:38.245-06:00</time>
<extensions>
<gpxtpx:TrackPointExtension>
<gpxtpx:speed>3.76</gpxtpx:speed>
</gpxtpx:TrackPointExtension>
<opentracks:accuracy_horizontal>4.592</opentracks:accuracy_horizontal></extensions>
</trkpt>
<trkpt lat="50.44375" lon="-104.549068">
<ele>559</ele>
<time>2026-09-27T09:48:41.25-06:00</time>
<extensions>
<gpxtpx:TrackPointExtension>
<gpxtpx:speed>3.93</gpxtpx:speed>
</gpxtpx:TrackPointExtension>
<opentracks:accuracy_horizontal>4.082</opentracks:accuracy_horizontal></extensions>
</trkpt>
<trkpt lat="50.443875" lon="-104.549072">
<ele>558</ele>
<time>2026-09-27T09:48:44.23-06:00</time>
<extensions>
<gpxtpx:TrackPointExtension>
<gpxtpx:speed>5</gpxtpx:speed>
</gpxtpx:TrackPointExtension>
<opentracks:accuracy_horizontal>0.51</opentracks:accuracy_horizontal></extensions>
</trkpt>
<trkpt lat="50.443972" lon="-104.549071">
<ele>558</ele>
<time>2026-09-27T09:48:46.224-06:00</time>
<extensions>
<gpxtpx:TrackPointExtension>
<gpxtpx:speed>5.37</gpxtpx:speed>
</gpxtpx:TrackPointExtension>
<opentracks:accuracy_horizontal>1.02</opentracks:accuracy_horizontal></extensions>
</trkpt>
<trkpt lat="50.444078" lon="-104.549072">
<ele>559</ele>
<time>2026-09-27T09:48:48.222-06:00</time>
<extensions>
<gpxtpx:TrackPointExtension>
<gpxtpx:speed>6.33</gpxtpx:speed>
</gpxtpx:TrackPointExtension>
<opentracks:accuracy_horizontal>1.02</opentracks:accuracy_horizontal></extensions>
</trkpt>
<trkpt lat="50.444193" lon="-104.549072">
<ele>559</ele>
<time>2026-09-27T09:48:50.237-06:00</time>
<extensions>
<gpxtpx:TrackPointExtension>
<gpxtpx:speed>6.63</gpxtpx:speed>
</gpxtpx:TrackPointExtension>
<opentracks:accuracy_horizontal>1.02</opentracks:accuracy_horizontal></extensions>
</trkpt>
<trkpt lat="50.444324" lon="-104.549067">
<ele>559</ele>
<time>2026-09-27T09:48:52.24-06:00</time>
<extensions>
<gpxtpx:TrackPointExtension>
<gpxtpx:speed>6.85</gpxtpx:speed>
</gpxtpx:TrackPointExtension>
<opentracks:accuracy_horizontal>1.02</opentracks:accuracy_horizontal></extensions>
</trkpt>
<trkpt lat="50.444469" lon="-104.549076">
<ele>559</ele>
<time>2026-09-27T09:48:54.241-06:00</time>
<extensions>
<gpxtpx:TrackPointExtension>
<gpxtpx:speed>8.28</gpxtpx:speed>
</gpxtpx:TrackPointExtension>
<opentracks:accuracy_horizontal>1.02</opentracks:accuracy_horizontal></extensions>
</trkpt>
<trkpt lat="50.444629" lon="-104.549063">
<ele>558</ele>
<time>2026-09-27T09:48:56.223-06:00</time>
<extensions>
<gpxtpx:TrackPointExtension>
<gpxtpx:speed>8.76</gpxtpx:speed>
</gpxtpx:TrackPointExtension>
<opentracks:accuracy_horizontal>1.02</opentracks:accuracy_horizontal></extensions>
</trkpt>
<trkpt lat="50.444772" lon="-104.549069">
<ele>558</ele>
<time>2026-09-27T09:48:58.222-06:00</time>
<extensions>
<gpxtpx:TrackPointExtension>
<gpxtpx:speed>7.58</gpxtpx:speed>
</gpxtpx:TrackPointExtension>
<opentracks:accuracy_horizontal>1.02</opentracks:accuracy_horizontal></extensions>
</trkpt>
<trkpt lat="50.444906" lon="-104.549077">
<ele>558</ele>
<time>2026-09-27T09:49:00.246-06:00</time>
<extensions>
<gpxtpx:TrackPointExtension>
<gpxtpx:speed>7.36</gpxtpx:speed>
</gpxtpx:TrackPointExtension>
<opentracks:accuracy_horizontal>0.51</opentracks:accuracy_horizontal></extensions>
</trkpt>
<trkpt lat="50.445038" lon="-104.549069">
<ele>558</ele>
<time>2026-09-27T09:49:02.225-06:00</time>
<extensions>
<gpxtpx:TrackPointExtension>
<gpxtpx:speed>7.52</gpxtpx:speed>
</gpxtpx:TrackPointExtension>
<opentracks:accuracy_horizontal>1.02</opentracks:accuracy_horizontal></extensions>
</trkpt>
<trkpt lat="50.445166" lon="-104.549067">
<ele>558</ele>
<time>2026-09-27T09:49:04.22-06:00</time>
<extensions>
<gpxtpx:TrackPointExtension>
<gpxtpx:speed>7.49</gpxtpx:speed>
</gpxtpx:TrackPointExtension>
<opentracks:accuracy_horizontal>1.02</opentracks:accuracy_horizontal></extensions>
</trkpt>
<trkpt lat="50.445292" lon="-104.549071">
<ele>557</ele>
<time>2026-09-27T09:49:06.237-06:00</time>
<extensions>
<gpxtpx:TrackPointExtension>
<gpxtpx:speed>7.02</gpxtpx:speed>
</gpxtpx:TrackPointExtension>
<opentracks:accuracy_horizontal>1.02</opentracks:accuracy_horizontal></extensions>
</trkpt>
<trkpt lat="50.44542" lon="-104.549076">
<ele>557</ele>
<time>2026-09-27T09:49:08.248-06:00</time>
<extensions>
<gpxtpx:TrackPointExtension>
<gpxtpx:speed>7.08</gpxtpx:speed>
</gpxtpx:TrackPointExtension>
<opentracks:accuracy_horizontal>1.02</opentracks:accuracy_horizontal></extensions>
</trkpt>
<trkpt lat="50.445544" lon="-104.549076">
<ele>558</ele>
<time>2026-09-27T09:49:10.23-06:00</time>
<extensions>
<gpxtpx:TrackPointExtension>
<gpxtpx:speed>6.88</gpxtpx:speed>
</gpxtpx:TrackPointExtension>
<opentracks:accuracy_horizontal>0.51</opentracks:accuracy_horizontal></extensions>
</trkpt>
<trkpt lat="50.445678" lon="-104.549076">
<ele>558</ele>
<time>2026-09-27T09:49:12.25-06:00</time>
<extensions>
<gpxtpx:TrackPointExtension>
<gpxtpx:speed>7.12</gpxtpx:speed>
</gpxtpx:TrackPointExtension>
<opentracks:accuracy_horizontal>1.02</opentracks:accuracy_horizontal></extensions>
</trkpt>
<trkpt lat="50.445801" lon="-104.549083">
<ele>558</ele>
<time>2026-09-27T09:49:14.241-06:00</time>
<extensions>
<gpxtpx:TrackPointExtension>
<gpxtpx:speed>6.57</gpxtpx:speed>
</gpxtpx:TrackPointExtension>
<opentracks:accuracy_horizontal>1.02</opentracks:accuracy_horizontal></extensions>
</trkpt>
<trkpt lat="50.445905" lon="-104.549113">
<ele>557</ele>
<time>2026-09-27T09:49:16.234-06:00</time>
<extensions>
<gpxtpx:TrackPointExtension>
<gpxtpx:speed>5.9</gpxtpx:speed>
</gpxtpx:TrackPointExtension>
<opentracks:accuracy_horizontal>1.02</opentracks:accuracy_horizontal></extensions>
</trkpt>
<trkpt lat="50.446" lon="-104.549116">
<ele>557</ele>
<time>2026-09-27T09:49:18.224-06:00</time>
<extensions>
<gpxtpx:TrackPointExtension>
<gpxtpx:speed>5.38</gpxtpx:speed>
</gpxtpx:TrackPointExtension>
<opentracks:accuracy_horizontal>1.02</opentracks:accuracy_horizontal></extensions>
</trkpt>
<trkpt lat="50.446094" lon="-104.549117">
<ele>558</ele>
<time>2026-09-27T09:49:20.241-06:00</time>
<extensions>
<gpxtpx:TrackPointExtension>
<gpxtpx:speed>5.23</gpxtpx:speed>
</gpxtpx:TrackPointExtension>
<opentracks:accuracy_horizontal>1.02</opentracks:accuracy_horizontal></extensions>
</trkpt>
<trkpt lat="50.446219" lon="-104.549103">
<ele>558</ele>
<time>2026-09-27T09:49:23.248-06:00</time>
<extensions>
<gpxtpx:TrackPointExtension>
<gpxtpx:speed>4.36</gpxtpx:speed>
</gpxtpx:TrackPointExtension>
<opentracks:accuracy_horizontal>1.02</opentracks:accuracy_horizontal></extensions>
</trkpt>
<trkpt lat="50.446326" lon="-104.5491">
<ele>558</ele>
<time>2026-09-27T09:49:26.228-06:00</time>
<extensions>
<gpxtpx:TrackPointExtension>
<gpxtpx:speed>4.11</gpxtpx:speed>
</gpxtpx:TrackPointExtension>
<opentracks:accuracy_horizontal>4.592</opentracks:accuracy_horizontal></extensions>
</trkpt>
<trkpt lat="50.446433" lon="-104.549096">
<ele>558</ele>
<time>2026-09-27T09:49:29.234-06:00</time>
<extensions>
<gpxtpx:TrackPointExtension>
<gpxtpx:speed>3.82</gpxtpx:speed>
</gpxtpx:TrackPointExtension>
<opentracks:accuracy_horizontal>3.571</opentracks:accuracy_horizontal></extensions>
</trkpt>
<trkpt lat="50.446529" lon="-104.549089">
<ele>558</ele>
<time>2026-09-27T09:49:32.237-06:00</time>
<extensions>
<gpxtpx:TrackPointExtension>
<gpxtpx:speed>3.03</gpxtpx:speed>
</gpxtpx:TrackPointExtension>
<opentracks:accuracy_horizontal>3.061</opentracks:accuracy_horizontal></extensions>
</trkpt>
<trkpt lat="50.446619" lon="-104.549093">
<ele>558</ele>
<time>2026-09-27T09:49:36.245-06:00</time>
<extensions>
<gpxtpx:TrackPointExtension>
<gpxtpx:speed>1.7</gpxtpx:speed>
</gpxtpx:TrackPointExtension>
<opentracks:accuracy_horizontal>3.571</opentracks:accuracy_horizontal></extensions>
</trkpt>
<trkpt lat="50.44671" lon="-104.549096">
<ele>558</ele>
<time>2026-09-27T09:49:42.236-06:00</time>
<extensions>
<gpxtpx:TrackPointExtension>
<gpxtpx:speed>1.55</gpxtpx:speed>
</gpxtpx:TrackPointExtension>
<opentracks:accuracy_horizontal>4.592</opentracks:accuracy_horizontal></extensions>
</trkpt>
<trkpt lat="50.446732" lon="-104.549104">
<ele>558</ele>
<time>2026-09-27T09:49:52.231-06:00</time>
<extensions>
<gpxtpx:TrackPointExtension>
<gpxtpx:speed>0</gpxtpx:speed>
</gpxtpx:TrackPointExtension>
<opentracks:accuracy_horizontal>4.592</opentracks:accuracy_horizontal></extensions>
</trkpt>
<trkpt lat="50.446821" lon="-104.549065">
<ele>559</ele>
<time>2026-09-27T09:50:52.236-06:00</time>
<extensions>
<gpxtpx:TrackPointExtension>
<gpxtpx:speed>3.45</gpxtpx:speed>
</gpxtpx:TrackPointExtension>
<opentracks:accuracy_horizontal>4.592</opentracks:accuracy_horizontal></extensions>
</trkpt>
<trkpt lat="50.446943" lon="-104.549046">
<ele>560</ele>
<time>2026-09-27T09:50:55.271-06:00</time>
<extensions>
<gpxtpx:TrackPointExtension>
<gpxtpx:speed>4.32</gpxtpx:speed>
</gpxtpx:TrackPointExtension>
<opentracks:accuracy_horizontal>0.51</opentracks:accuracy_horizontal></extensions>
</trkpt>
<trkpt lat="50.447076" lon="-104.549047">
<ele>560</ele>
<time>2026-09-27T09:50:58.248-06:00</time>
<extensions>
<gpxtpx:TrackPointExtension>
<gpxtpx:speed>5.1</gpxtpx:speed>
</gpxtpx:TrackPointExtension>
<opentracks:accuracy_horizontal>1.02</opentracks:accuracy_horizontal></extensions>
</trkpt>
<trkpt lat="50.447176" lon="-104.549036">
<ele>560</ele>
<time>2026-09-27T09:51:00.232-06:00</time>
<extensions>
<gpxtpx:TrackPointExtension>
<gpxtpx:speed>5.39</gpxtpx:speed>
</gpxtpx:TrackPointExtension>
<opentracks:accuracy_horizontal>1.02</opentracks:accuracy_horizontal></extensions>
</trkpt>
<trkpt lat="50.447297" lon="-104.549042">
<ele>560</ele>
<time>2026-09-27T09:51:03.236-06:00</time>
<extensions>
<gpxtpx:TrackPointExtension>
<gpxtpx:speed>4.66</gpxtpx:speed>
</gpxtpx:TrackPointExtension>
<opentracks:accuracy_horizontal>1.02</opentracks:accuracy_horizontal></extensions>
</trkpt>
<trkpt lat="50.447393" lon="-104.549049">
<ele>559</ele>
<time>2026-09-27T09:51:05.23-06:00</time>
<extensions>
<gpxtpx:TrackPointExtension>
<gpxtpx:speed>5.01</gpxtpx:speed>
</gpxtpx:TrackPointExtension>
<opentracks:accuracy_horizontal>1.02</opentracks:accuracy_horizontal></extensions>
</trkpt>
<trkpt lat="50.447484" lon="-104.549046">
<ele>559</ele>
<time>2026-09-27T09:51:07.24-06:00</time>
<extensions>
<gpxtpx:TrackPointExtension>
<gpxtpx:speed>4.79</gpxtpx:speed>
</gpxtpx:TrackPointExtension>
<opentracks:accuracy_horizontal>1.02</opentracks:accuracy_horizontal></extensions>
</trkpt>
<trkpt lat="50.447614" lon="-104.549042">
<ele>558</ele>
<time>2026-09-27T09:51:10.244-06:00</time>
<extensions>
<gpxtpx:TrackPointExtension>
<gpxtpx:speed>5.45</gpxtpx:speed>
</gpxtpx:TrackPointExtension>
<opentracks:accuracy_horizontal>3.061</opentracks:accuracy_horizontal></extensions>
</trkpt>
<trkpt lat="50.447719" lon="-104.549062">
<ele>557</ele>
<time>2026-09-27T09:51:12.241-06:00</time>
<extensions>
<gpxtpx:TrackPointExtension>
<gpxtpx:speed>5.84</gpxtpx:speed>
</gpxtpx:TrackPointExtension>
<opentracks:accuracy_horizontal>3.061</opentracks:accuracy_horizontal></extensions>
</trkpt>
<trkpt lat="50.447847" lon="-104.549092">
<ele>558</ele>
<time>2026-09-27T09:51:14.239-06:00</time>
<extensions>
<gpxtpx:TrackPointExtension>
<gpxtpx:speed>6.88</gpxtpx:speed>
</gpxtpx:TrackPointExtension>
<opentracks:accuracy_horizontal>4.082</opentracks:accuracy_horizontal></extensions>
</trkpt>
<trkpt lat="50.447972" lon="-104.549116">
<ele>558</ele>
<time>2026-09-27T09:51:16.238-06:00</time>
<extensions>
<gpxtpx:TrackPointExtension>
<gpxtpx:speed>6.86</gpxtpx:speed>
</gpxtpx:TrackPointExtension>
<opentracks:accuracy_horizontal>1.02</opentracks:accuracy_horizontal></extensions>
</trkpt>
<trkpt lat="50.448094" lon="-104.549118">
<ele>558</ele>
<time>2026-09-27T09:51:18.234-06:00</time>
<extensions>
<gpxtpx:TrackPointExtension>
<gpxtpx:speed>6.38</gpxtpx:speed>
</gpxtpx:TrackPointExtension>
<opentracks:accuracy_horizontal>1.02</opentracks:accuracy_horizontal></extensions>
</trkpt>
<trkpt lat="50.448213" lon="-104.549123">
<ele>557</ele>
<time>2026-09-27T09:51:20.242-06:00</time>
<extensions>
<gpxtpx:TrackPointExtension>
<gpxtpx:speed>6.99</gpxtpx:speed>
</gpxtpx:TrackPointExtension>
<opentracks:accuracy_horizontal>1.02</opentracks:accuracy_horizontal></extensions>
</trkpt>
<trkpt lat="50.448335" lon="-104.549124">
<ele>558</ele>
<time>2026-09-27T09:51:22.254-06:00</time>
<extensions>
<gpxtpx:TrackPointExtension>
<gpxtpx:speed>6.67</gpxtpx:speed>
</gpxtpx:TrackPointExtension>
<opentracks:accuracy_horizontal>1.02</opentracks:accuracy_horizontal></extensions>
</trkpt>
<trkpt lat="50.448461" lon="-104.549124">
<ele>558</ele>
<time>2026-09-27T09:51:24.243-06:00</time>
<extensions>
<gpxtpx:TrackPointExtension>
<gpxtpx:speed>6.69</gpxtpx:speed>
</gpxtpx:TrackPointExtension>
<opentracks:accuracy_horizontal>1.02</opentracks:accuracy_horizontal></extensions>
</trkpt>
<trkpt lat="50.448587" lon="-104.549136">
<ele>558</ele>
<time>2026-09-27T09:51:26.244-06:00</time>
<extensions>
<gpxtpx:TrackPointExtension>
<gpxtpx:speed>7.36</gpxtpx:speed>
</gpxtpx:TrackPointExtension>
<opentracks:accuracy_horizontal>1.02</opentracks:accuracy_horizontal></extensions>
</trkpt>
<trkpt lat="50.448716" lon="-104.549138">
<ele>558</ele>
<time>2026-09-27T09:51:28.238-06:00</time>
<extensions>
<gpxtpx:TrackPointExtension>
<gpxtpx:speed>7.29</gpxtpx:speed>
</gpxtpx:TrackPointExtension>
<opentracks:accuracy_horizontal>1.02</opentracks:accuracy_horizontal></extensions>
</trkpt>
<trkpt lat="50.448847" lon="-104.549146">
<ele>558</ele>
<time>2026-09-27T09:51:30.231-06:00</time>
<extensions>
<gpxtpx:TrackPointExtension>
<gpxtpx:speed>6.43</gpxtpx:speed>
</gpxtpx:TrackPointExtension>
<opentracks:accuracy_horizontal>1.02</opentracks:accuracy_horizontal></extensions>
</trkpt>
<trkpt lat="50.448951" lon="-104.549151">
<ele>559</ele>
<time>2026-09-27T09:51:32.227-06:00</time>
<extensions>
<gpxtpx:TrackPointExtension>
<gpxtpx:speed>6.49</gpxtpx:speed>
</gpxtpx:TrackPointExtension>
<opentracks:accuracy_horizontal>1.02</opentracks:accuracy_horizontal></extensions>
</trkpt>
<trkpt lat="50.449068" lon="-104.549151">
<ele>558</ele>
<time>2026-09-27T09:51:34.236-06:00</time>
<extensions>
<gpxtpx:TrackPointExtension>
<gpxtpx:speed>6.5</gpxtpx:speed>
</gpxtpx:TrackPointExtension>
<opentracks:accuracy_horizontal>1.02</opentracks:accuracy_horizontal></extensions>
</trkpt>
<trkpt lat="50.449189" lon="-104.54914">
<ele>559</ele>
<time>2026-09-27T09:51:36.238-06:00</time>
<extensions>
<gpxtpx:TrackPointExtension>
<gpxtpx:speed>6.63</gpxtpx:speed>
</gpxtpx:TrackPointExtension>
<opentracks:accuracy_horizontal>1.02</opentracks:accuracy_horizontal></extensions>
</trkpt>
<trkpt lat="50.449304" lon="-104.549144">
<ele>559</ele>
<time>2026-09-27T09:51:38.237-06:00</time>
<extensions>
<gpxtpx:TrackPointExtension>
<gpxtpx:speed>6.21</gpxtpx:speed>
</gpxtpx:TrackPointExtension>
<opentracks:accuracy_horizontal>1.02</opentracks:accuracy_horizontal></extensions>
</trkpt>
<trkpt lat="50.449415" lon="-104.549152">
<ele>559</ele>
<time>2026-09-27T09:51:40.241-06:00</time>
<extensions>
<gpxtpx:TrackPointExtension>
<gpxtpx:speed>6.23</gpxtpx:speed>
</gpxtpx:TrackPointExtension>
<opentracks:accuracy_horizontal>1.02</opentracks:accuracy_horizontal></extensions>
</trkpt>
<trkpt lat="50.449523" lon="-104.549161">
<ele>559</ele>
<time>2026-09-27T09:51:42.227-06:00</time>
<extensions>
<gpxtpx:TrackPointExtension>
<gpxtpx:speed>6.19</gpxtpx:speed>
</gpxtpx:TrackPointExtension>
<opentracks:accuracy_horizontal>1.02</opentracks:accuracy_horizontal></extensions>
</trkpt>
<trkpt lat="50.449637" lon="-104.549159">
<ele>559</ele>
<time>2026-09-27T09:51:44.236-06:00</time>
<extensions>
<gpxtpx:TrackPointExtension>
<gpxtpx:speed>6.4</gpxtpx:speed>
</gpxtpx:TrackPointExtension>
<opentracks:accuracy_horizontal>0.51</opentracks:accuracy_horizontal></extensions>
</trkpt>
<trkpt lat="50.449752" lon="-104.549139">
<ele>559</ele>
<time>2026-09-27T09:51:46.254-06:00</time>
<extensions>
<gpxtpx:TrackPointExtension>
<gpxtpx:speed>6.05</gpxtpx:speed>
</gpxtpx:TrackPointExtension>
<opentracks:accuracy_horizontal>1.02</opentracks:accuracy_horizontal></extensions>
</trkpt>
<trkpt lat="50.449856" lon="-104.549125">
<ele>560</ele>
<time>2026-09-27T09:51:48.239-06:00</time>
<extensions>
<gpxtpx:TrackPointExtension>
<gpxtpx:speed>5.98</gpxtpx:speed>
</gpxtpx:TrackPointExtension>
<opentracks:accuracy_horizontal>0.51</opentracks:accuracy_horizontal></extensions>
</trkpt>
<trkpt lat="50.449962" lon="-104.549101">
<ele>559</ele>
<time>2026-09-27T09:51:50.231-06:00</time>
<extensions>
<gpxtpx:TrackPointExtension>
<gpxtpx:speed>6.1</gpxtpx:speed>
</gpxtpx:TrackPointExtension>
<opentracks:accuracy_horizontal>1.02</opentracks:accuracy_horizontal></extensions>
</trkpt>
<trkpt lat="50.450071" lon="-104.549084">
<ele>559</ele>
<time>2026-09-27T09:51:52.236-06:00</time>
<extensions>
<gpxtpx:TrackPointExtension>
<gpxtpx:speed>6.23</gpxtpx:speed>
</gpxtpx:TrackPointExtension>
<opentracks:accuracy_horizontal>1.02</opentracks:accuracy_horizontal></extensions>
</trkpt>
<trkpt lat="50.450173" lon="-104.549045">
<ele>559</ele>
<time>2026-09-27T09:51:54.24-06:00</time>
<extensions>
<gpxtpx:TrackPointExtension>
<gpxtpx:speed>5.93</gpxtpx:speed>
</gpxtpx:TrackPointExtension>
<opentracks:accuracy_horizontal>1.02</opentracks:accuracy_horizontal></extensions>
</trkpt>
<trkpt lat="50.450277" lon="-104.54899">
<ele>558</ele>
<time>2026-09-27T09:51:56.27-06:00</time>
<extensions>
<gpxtpx:TrackPointExtension>
<gpxtpx:speed>5.53</gpxtpx:speed>
</gpxtpx:TrackPointExtension>
<opentracks:accuracy_horizontal>0.51</opentracks:accuracy_horizontal></extensions>
</trkpt>
<trkpt lat="50.450368" lon="-104.548964">
<ele>558</ele>
<time>2026-09-27T09:51:58.244-06:00</time>
<extensions>
<gpxtpx:TrackPointExtension>
<gpxtpx:speed>5.15</gpxtpx:speed>
</gpxtpx:TrackPointExtension>
<opentracks:accuracy_horizontal>4.082</opentracks:accuracy_horizontal></extensions>
</trkpt>
<trkpt lat="50.450456" lon="-104.548931">
<ele>558</ele>
<time>2026-09-27T09:52:00.239-06:00</time>
<extensions>
<gpxtpx:TrackPointExtension>
<gpxtpx:speed>4.77</gpxtpx:speed>
</gpxtpx:TrackPointExtension>
<opentracks:accuracy_horizontal>4.592</opentracks:accuracy_horizontal></extensions>
</trkpt>
<trkpt lat="50.450578" lon="-104.548885">
<ele>559</ele>
<time>2026-09-27T09:52:03.242-06:00</time>
<extensions>
<gpxtpx:TrackPointExtension>
<gpxtpx:speed>4.82</gpxtpx:speed>
</gpxtpx:TrackPointExtension>
<opentracks:accuracy_horizontal>3.571</opentracks:accuracy_horizontal></extensions>
</trkpt>
<trkpt lat="50.450672" lon="-104.548866">
<ele>558</ele>
<time>2026-09-27T09:52:05.243-06:00</time>
<extensions>
<gpxtpx:TrackPointExtension>
<gpxtpx:speed>5.75</gpxtpx:speed>
</gpxtpx:TrackPointExtension>
<opentracks:accuracy_horizontal>3.571</opentracks:accuracy_horizontal></extensions>
</trkpt>
<trkpt lat="50.45078" lon="-104.548832">
<ele>559</ele>
<time>2026-09-27T09:52:07.242-06:00</time>
<extensions>
<gpxtpx:TrackPointExtension>
<gpxtpx:speed>6.14</gpxtpx:speed>
</gpxtpx:TrackPointExtension>
<opentracks:accuracy_horizontal>1.02</opentracks:accuracy_horizontal></extensions>
</trkpt>
<trkpt lat="50.450893" lon="-104.548805">
<ele>559</ele>
<time>2026-09-27T09:52:09.243-06:00</time>
<extensions>
<gpxtpx:TrackPointExtension>
<gpxtpx:speed>6.64</gpxtpx:speed>
</gpxtpx:TrackPointExtension>
<opentracks:accuracy_horizontal>0.51</opentracks:accuracy_horizontal></extensions>
</trkpt>
<trkpt lat="50.451021" lon="-104.548763">
<ele>558</ele>
<time>2026-09-27T09:52:11.245-06:00</time>
<extensions>
<gpxtpx:TrackPointExtension>
<gpxtpx:speed>7.03</gpxtpx:speed>
</gpxtpx:TrackPointExtension>
<opentracks:accuracy_horizontal>1.02</opentracks:accuracy_horizontal></extensions>
</trkpt>
<trkpt lat="50.451149" lon="-104.548729">
<ele>559</ele>
<time>2026-09-27T09:52:13.238-06:00</time>
<extensions>
<gpxtpx:TrackPointExtension>
<gpxtpx:speed>6.66</gpxtpx:speed>
</gpxtpx:TrackPointExtension>
<opentracks:accuracy_horizontal>0.51</opentracks:accuracy_horizontal></extensions>
</trkpt>
<trkpt lat="50.451263" lon="-104.548704">
<ele>559</ele>
<time>2026-09-27T09:52:15.243-06:00</time>
<extensions>
<gpxtpx:TrackPointExtension>
<gpxtpx:speed>6</gpxtpx:speed>
</gpxtpx:TrackPointExtension>
<opentracks:accuracy_horizontal>1.02</opentracks:accuracy_horizontal></extensions>
</trkpt>
<trkpt lat="50.451362" lon="-104.548682">
<ele>559</ele>
<time>2026-09-27T09:52:17.245-06:00</time>
<extensions>
<gpxtpx:TrackPointExtension>
<gpxtpx:speed>5.34</gpxtpx:speed>
</gpxtpx:TrackPointExtension>
<opentracks:accuracy_horizontal>1.02</opentracks:accuracy_horizontal></extensions>
</trkpt>
<trkpt lat="50.451467" lon="-104.548695">
<ele>560</ele>
<time>2026-09-27T09:52:19.227-06:00</time>
<extensions>
<gpxtpx:TrackPointExtension>
<gpxtpx:speed>5.75</gpxtpx:speed>
</gpxtpx:TrackPointExtension>
<opentracks:accuracy_horizontal>1.02</opentracks:accuracy_horizontal></extensions>
</trkpt>
<trkpt lat="50.451572" lon="-104.548674">
<ele>560</ele>
<time>2026-09-27T09:52:21.244-06:00</time>
<extensions>
<gpxtpx:TrackPointExtension>
<gpxtpx:speed>5.47</gpxtpx:speed>
</gpxtpx:TrackPointExtension>
<opentracks:accuracy_horizontal>1.02</opentracks:accuracy_horizontal></extensions>
</trkpt>
<trkpt lat="50.451675" lon="-104.548652">
<ele>560</ele>
<time>2026-09-27T09:52:23.244-06:00</time>
<extensions>
<gpxtpx:TrackPointExtension>
<gpxtpx:speed>5.61</gpxtpx:speed>
</gpxtpx:TrackPointExtension>
<opentracks:accuracy_horizontal>1.02</opentracks:accuracy_horizontal></extensions>
</trkpt>
<trkpt lat="50.451765" lon="-104.548642">
<ele>560</ele>
<time>2026-09-27T09:52:25.241-06:00</time>
<extensions>
<gpxtpx:TrackPointExtension>
<gpxtpx:speed>5.47</gpxtpx:speed>
</gpxtpx:TrackPointExtension>
<opentracks:accuracy_horizontal>1.02</opentracks:accuracy_horizontal></extensions>
</trkpt>
<trkpt lat="50.451865" lon="-104.54863">
<ele>560</ele>
<time>2026-09-27T09:52:27.241-06:00</time>
<extensions>
<gpxtpx:TrackPointExtension>
<gpxtpx:speed>5.37</gpxtpx:speed>
</gpxtpx:TrackPointExtension>
<opentracks:accuracy_horizontal>1.02</opentracks:accuracy_horizontal></extensions>
</trkpt>
<trkpt lat="50.451962" lon="-104.548632">
<ele>560</ele>
<time>2026-09-27T09:52:29.246-06:00</time>
<extensions>
<gpxtpx:TrackPointExtension>
<gpxtpx:speed>5.82</gpxtpx:speed>
</gpxtpx:TrackPointExtension>
<opentracks:accuracy_horizontal>1.02</opentracks:accuracy_horizontal></extensions>
</trkpt>
<trkpt lat="50.452075" lon="-104.548636">
<ele>561</ele>
<time>2026-09-27T09:52:31.258-06:00</time>
<extensions>
<gpxtpx:TrackPointExtension>
<gpxtpx:speed>6.22</gpxtpx:speed>
</gpxtpx:TrackPointExtension>
<opentracks:accuracy_horizontal>1.02</opentracks:accuracy_horizontal></extensions>
</trkpt>
<trkpt lat="50.452191" lon="-104.548641">
<ele>560</ele>
<time>2026-09-27T09:52:33.241-06:00</time>
<extensions>
<gpxtpx:TrackPointExtension>
<gpxtpx:speed>6.54</gpxtpx:speed>
</gpxtpx:TrackPointExtension>
<opentracks:accuracy_horizontal>1.02</opentracks:accuracy_horizontal></extensions>
</trkpt>
<trkpt lat="50.452311" lon="-104.54865">
<ele>560</ele>
<time>2026-09-27T09:52:35.246-06:00</time>
<extensions>
<gpxtpx:TrackPointExtension>
<gpxtpx:speed>6.66</gpxtpx:speed>
</gpxtpx:TrackPointExtension>
<opentracks:accuracy_horizontal>1.02</opentracks:accuracy_horizontal></extensions>
</trkpt>
<trkpt lat="50.452435" lon="-104.548671">
<ele>560</ele>
<time>2026-09-27T09:52:37.246-06:00</time>
<extensions>
<gpxtpx:TrackPointExtension>
<gpxtpx:speed>6.99</gpxtpx:speed>
</gpxtpx:TrackPointExtension>
<opentracks:accuracy_horizontal>0.51</opentracks:accuracy_horizontal></extensions>
</trkpt>
<trkpt lat="50.452568" lon="-104.548682">
<ele>560</ele>
<time>2026-09-27T09:52:39.243-06:00</time>
<extensions>
<gpxtpx:TrackPointExtension>
<gpxtpx:speed>6.7</gpxtpx:speed>
</gpxtpx:TrackPointExtension>
<opentracks:accuracy_horizontal>1.02</opentracks:accuracy_horizontal></extensions>
</trkpt>
<trkpt lat="50.452694" lon="-104.548654">
<ele>561</ele>
<time>2026-09-27T09:52:41.241-06:00</time>
<extensions>
<gpxtpx:TrackPointExtension>
<gpxtpx:speed>6.52</gpxtpx:speed>
</gpxtpx:TrackPointExtension>
<opentracks:accuracy_horizontal>1.02</opentracks:accuracy_horizontal></extensions>
</trkpt>
<trkpt lat="50.452805" lon="-104.548642">
<ele>561</ele>
<time>2026-09-27T09:52:43.244-06:00</time>
<extensions>
<gpxtpx:TrackPointExtension>
<gpxtpx:speed>6.22</gpxtpx:speed>
</gpxtpx:TrackPointExtension>
<opentracks:accuracy_horizontal>1.02</opentracks:accuracy_horizontal></extensions>
</trkpt>
<trkpt lat="50.452919" lon="-104.548634">
<ele>560</ele>
<time>2026-09-27T09:52:45.243-06:00</time>
<extensions>
<gpxtpx:TrackPointExtension>
<gpxtpx:speed>6.37</gpxtpx:speed>
</gpxtpx:TrackPointExtension>
<opentracks:accuracy_horizontal>1.02</opentracks:accuracy_horizontal></extensions>
</trkpt>
<trkpt lat="50.453027" lon="-104.548633">
<ele>560</ele>
<time>2026-09-27T09:52:47.239-06:00</time>
<extensions>
<gpxtpx:TrackPointExtension>
<gpxtpx:speed>6.23</gpxtpx:speed>
</gpxtpx:TrackPointExtension>
<opentracks:accuracy_horizontal>1.02</opentracks:accuracy_horizontal></extensions>
</trkpt>
<trkpt lat="50.453136" lon="-104.548638">
<ele>559</ele>
<time>2026-09-27T09:52:49.231-06:00</time>
<extensions>
<gpxtpx:TrackPointExtension>
<gpxtpx:speed>6.24</gpxtpx:speed>
</gpxtpx:TrackPointExtension>
<opentracks:accuracy_horizontal>1.02</opentracks:accuracy_horizontal></extensions>
</trkpt>
<trkpt lat="50.45325" lon="-104.548633">
<ele>559</ele>
<time>2026-09-27T09:52:51.234-06:00</time>
<extensions>
<gpxtpx:TrackPointExtension>
<gpxtpx:speed>6.25</gpxtpx:speed>
</gpxtpx:TrackPointExtension>
<opentracks:accuracy_horizontal>1.02</opentracks:accuracy_horizontal></extensions>
</trkpt>
<trkpt lat="50.453362" lon="-104.548639">
<ele>560</ele>
<time>2026-09-27T09:52:53.246-06:00</time>
<extensions>
<gpxtpx:TrackPointExtension>
<gpxtpx:speed>6.27</gpxtpx:speed>
</gpxtpx:TrackPointExtension>
<opentracks:accuracy_horizontal>1.02</opentracks:accuracy_horizontal></extensions>
</trkpt>
<trkpt lat="50.453476" lon="-104.548643">
<ele>560</ele>
<time>2026-09-27T09:52:55.246-06:00</time>
<extensions>
<gpxtpx:TrackPointExtension>
<gpxtpx:speed>6.49</gpxtpx:speed>
</gpxtpx:TrackPointExtension>
<opentracks:accuracy_horizontal>1.02</opentracks:accuracy_horizontal></extensions>
</trkpt>
<trkpt lat="50.453589" lon="-104.548641">
<ele>559</ele>
<time>2026-09-27T09:52:57.247-06:00</time>
<extensions>
<gpxtpx:TrackPointExtension>
<gpxtpx:speed>6.51</gpxtpx:speed>
</gpxtpx:TrackPointExtension>
<opentracks:accuracy_horizontal>1.02</opentracks:accuracy_horizontal></extensions>
</trkpt>
<trkpt lat="50.453707" lon="-104.548639">
<ele>559</ele>
<time>2026-09-27T09:52:59.242-06:00</time>
<extensions>
<gpxtpx:TrackPointExtension>
<gpxtpx:speed>6.3</gpxtpx:speed>
</gpxtpx:TrackPointExtension>
<opentracks:accuracy_horizontal>1.02</opentracks:accuracy_horizontal></extensions>
</trkpt>
<trkpt lat="50.453822" lon="-104.548639">
<ele>560</ele>
<time>2026-09-27T09:53:01.239-06:00</time>
<extensions>
<gpxtpx:TrackPointExtension>
<gpxtpx:speed>6.03</gpxtpx:speed>
</gpxtpx:TrackPointExtension>
<opentracks:accuracy_horizontal>1.02</opentracks:accuracy_horizontal></extensions>
</trkpt>
<trkpt lat="50.453919" lon="-104.548638">
<ele>558</ele>
<time>2026-09-27T09:53:03.238-06:00</time>
<extensions>
<gpxtpx:TrackPointExtension>
<gpxtpx:speed>5.59</gpxtpx:speed>
</gpxtpx:TrackPointExtension>
<opentracks:accuracy_horizontal>1.02</opentracks:accuracy_horizontal></extensions>
</trkpt>
<trkpt lat="50.454033" lon="-104.548636">
<ele>558</ele>
<time>2026-09-27T09:53:05.243-06:00</time>
<extensions>
<gpxtpx:TrackPointExtension>
<gpxtpx:speed>5.92</gpxtpx:speed>
</gpxtpx:TrackPointExtension>
<opentracks:accuracy_horizontal>1.02</opentracks:accuracy_horizontal></extensions>
</trkpt>
<trkpt lat="50.454135" lon="-104.54864">
<ele>559</ele>
<time>2026-09-27T09:53:07.247-06:00</time>
<extensions>
<gpxtpx:TrackPointExtension>
<gpxtpx:speed>5.83</gpxtpx:speed>
</gpxtpx:TrackPointExtension>
<opentracks:accuracy_horizontal>0.51</opentracks:accuracy_horizontal></extensions>
</trkpt>
<trkpt lat="50.454237" lon="-104.548652">
<ele>559</ele>
<time>2026-09-27T09:53:09.242-06:00</time>
<extensions>
<gpxtpx:TrackPointExtension>
<gpxtpx:speed>5.63</gpxtpx:speed>
</gpxtpx:TrackPointExtension>
<opentracks:accuracy_horizontal>1.02</opentracks:accuracy_horizontal></extensions>
</trkpt>
<trkpt lat="50.45434" lon="-104.548652">
<ele>560</ele>
<time>2026-09-27T09:53:11.231-06:00</time>
<extensions>
<gpxtpx:TrackPointExtension>
<gpxtpx:speed>5.68</gpxtpx:speed>
</gpxtpx:TrackPointExtension>
<opentracks:accuracy_horizontal>1.02</opentracks:accuracy_horizontal></extensions>
</trkpt>
<trkpt lat="50.454445" lon="-104.548648">
<ele>559</ele>
<time>2026-09-27T09:53:13.252-06:00</time>
<extensions>
<gpxtpx:TrackPointExtension>
<gpxtpx:speed>5.43</gpxtpx:speed>
</gpxtpx:TrackPointExtension>
<opentracks:accuracy_horizontal>1.02</opentracks:accuracy_horizontal></extensions>
</trkpt>
<trkpt lat="50.454542" lon="-104.54864">
<ele>559</ele>
<time>2026-09-27T09:53:15.236-06:00</time>
<extensions>
<gpxtpx:TrackPointExtension>
<gpxtpx:speed>5.18</gpxtpx:speed>
</gpxtpx:TrackPointExtension>
<opentracks:accuracy_horizontal>1.02</opentracks:accuracy_horizontal></extensions>
</trkpt>
<trkpt lat="50.454675" lon="-104.548631">
<ele>560</ele>
<time>2026-09-27T09:53:18.242-06:00</time>
<extensions>
<gpxtpx:TrackPointExtension>
<gpxtpx:speed>4.95</gpxtpx:speed>
</gpxtpx:TrackPointExtension>
<opentracks:accuracy_horizontal>1.02</opentracks:accuracy_horizontal></extensions>
</trkpt>
<trkpt lat="50.454765" lon="-104.548624">
<ele>560</ele>
<time>2026-09-27T09:53:20.246-06:00</time>
<extensions>
<gpxtpx:TrackPointExtension>
<gpxtpx:speed>4.61</gpxtpx:speed>
</gpxtpx:TrackPointExtension>
<opentracks:accuracy_horizontal>4.592</opentracks:accuracy_horizontal></extensions>
</trkpt>
<trkpt lat="50.454903" lon="-104.548627">
<ele>559</ele>
<time>2026-09-27T09:53:23.242-06:00</time>
<extensions>
<gpxtpx:TrackPointExtension>
<gpxtpx:speed>5.52</gpxtpx:speed>
</gpxtpx:TrackPointExtension>
<opentracks:accuracy_horizontal>3.571</opentracks:accuracy_horizontal></extensions>
</trkpt>
<trkpt lat="50.455028" lon="-104.548631">
<ele>558</ele>
<time>2026-09-27T09:53:26.246-06:00</time>
<extensions>
<gpxtpx:TrackPointExtension>
<gpxtpx:speed>3.72</gpxtpx:speed>
</gpxtpx:TrackPointExtension>
<opentracks:accuracy_horizontal>1.02</opentracks:accuracy_horizontal></extensions>
</trkpt>
<trkpt lat="50.455108" lon="-104.548556">
<ele>559</ele>
<time>2026-09-27T09:53:29.25-06:00</time>
<extensions>
<gpxtpx:TrackPointExtension>
<gpxtpx:speed>4</gpxtpx:speed>
</gpxtpx:TrackPointExtension>
<opentracks:accuracy_horizontal>1.02</opentracks:accuracy_horizontal></extensions>
</trkpt>
<trkpt lat="50.455132" lon="-104.548401">
<ele>560</ele>
<time>2026-09-27T09:53:31.257-06:00</time>
<extensions>
<gpxtpx:TrackPointExtension>
<gpxtpx:speed>4.93</gpxtpx:speed>
</gpxtpx:TrackPointExtension>
<opentracks:accuracy_horizontal>1.02</opentracks:accuracy_horizontal></extensions>
</trkpt>
<trkpt lat="50.455131" lon="-104.548258">
<ele>560</ele>
<time>2026-09-27T09:53:33.236-06:00</time>
<extensions>
<gpxtpx:TrackPointExtension>
<gpxtpx:speed>5.32</gpxtpx:speed>
</gpxtpx:TrackPointExtension>
<opentracks:accuracy_horizontal>1.02</opentracks:accuracy_horizontal></extensions>
</trkpt>
<trkpt lat="50.455137" lon="-104.548092">
<ele>560</ele>
<time>2026-09-27T09:53:35.255-06:00</time>
<extensions>
<gpxtpx:TrackPointExtension>
<gpxtpx:speed>6.09</gpxtpx:speed>
</gpxtpx:TrackPointExtension>
<opentracks:accuracy_horizontal>1.02</opentracks:accuracy_horizontal></extensions>
</trkpt>
<trkpt lat="50.455141" lon="-104.547903">
<ele>560</ele>
<time>2026-09-27T09:53:37.239-06:00</time>
<extensions>
<gpxtpx:TrackPointExtension>
<gpxtpx:speed>6.61</gpxtpx:speed>
</gpxtpx:TrackPointExtension>
<opentracks:accuracy_horizontal>1.02</opentracks:accuracy_horizontal></extensions>
</trkpt>
<trkpt lat="50.455137" lon="-104.547697">
<ele>560</ele>
<time>2026-09-27T09:53:39.25-06:00</time>
<extensions>
<gpxtpx:TrackPointExtension>
<gpxtpx:speed>7.76</gpxtpx:speed>
</gpxtpx:TrackPointExtension>
<opentracks:accuracy_horizontal>1.02</opentracks:accuracy_horizontal></extensions>
</trkpt>
<trkpt lat="50.455135" lon="-104.547473">
<ele>560</ele>
<time>2026-09-27T09:53:41.25-06:00</time>
<extensions>
<gpxtpx:TrackPointExtension>
<gpxtpx:speed>7.83</gpxtpx:speed>
</gpxtpx:TrackPointExtension>
<opentracks:accuracy_horizontal>0.51</opentracks:accuracy_horizontal></extensions>
</trkpt>
<trkpt lat="50.455128" lon="-104.547248">
<ele>559</ele>
<time>2026-09-27T09:53:43.258-06:00</time>
<extensions>
<gpxtpx:TrackPointExtension>
<gpxtpx:speed>7.46</gpxtpx:speed>
</gpxtpx:TrackPointExtension>
<opentracks:accuracy_horizontal>1.02</opentracks:accuracy_horizontal></extensions>
</trkpt>
<trkpt lat="50.45511" lon="-104.547042">
<ele>559</ele>
<time>2026-09-27T09:53:45.247-06:00</time>
<extensions>
<gpxtpx:TrackPointExtension>
<gpxtpx:speed>7.11</gpxtpx:speed>
</gpxtpx:TrackPointExtension>
<opentracks:accuracy_horizontal>1.02</opentracks:accuracy_horizontal></extensions>
</trkpt>
<trkpt lat="50.455119" lon="-104.546846">
<ele>559</ele>
<time>2026-09-27T09:53:47.256-06:00</time>
<extensions>
<gpxtpx:TrackPointExtension>
<gpxtpx:speed>6.94</gpxtpx:speed>
</gpxtpx:TrackPointExtension>
<opentracks:accuracy_horizontal>1.02</opentracks:accuracy_horizontal></extensions>
</trkpt>
<trkpt lat="50.455111" lon="-104.546657">
<ele>559</ele>
<time>2026-09-27T09:53:49.248-06:00</time>
<extensions>
<gpxtpx:TrackPointExtension>
<gpxtpx:speed>6.13</gpxtpx:speed>
</gpxtpx:TrackPointExtension>
<opentracks:accuracy_horizontal>3.571</opentracks:accuracy_horizontal></extensions>
</trkpt>
<trkpt lat="50.45511" lon="-104.546504">
<ele>559</ele>
<time>2026-09-27T09:53:51.242-06:00</time>
<extensions>
<gpxtpx:TrackPointExtension>
<gpxtpx:speed>5.59</gpxtpx:speed>
</gpxtpx:TrackPointExtension>
<opentracks:accuracy_horizontal>3.571</opentracks:accuracy_horizontal></extensions>
</trkpt>
<trkpt lat="50.455121" lon="-104.546354">
<ele>559</ele>
<time>2026-09-27T09:53:53.244-06:00</time>
<extensions>
<gpxtpx:TrackPointExtension>
<gpxtpx:speed>5.3</gpxtpx:speed>
</gpxtpx:TrackPointExtension>
<opentracks:accuracy_horizontal>4.082</opentracks:accuracy_horizontal></extensions>
</trkpt>
<trkpt lat="50.45514" lon="-104.546207">
<ele>559</ele>
<time>2026-09-27T09:53:55.236-06:00</time>
<extensions>
<gpxtpx:TrackPointExtension>
<gpxtpx:speed>5.75</gpxtpx:speed>
</gpxtpx:TrackPointExtension>
<opentracks:accuracy_horizontal>4.592</opentracks:accuracy_horizontal></extensions>
</trkpt>
<trkpt lat="50.455135" lon="-104.546036">
<ele>560</ele>
<time>2026-09-27T09:53:57.242-06:00</time>
<extensions>
<gpxtpx:TrackPointExtension>
<gpxtpx:speed>6.21</gpxtpx:speed>
</gpxtpx:TrackPointExtension>
<opentracks:accuracy_horizontal>1.02</opentracks:accuracy_horizontal></extensions>
</trkpt>
<trkpt lat="50.455137" lon="-104.545865">
<ele>561</ele>
<time>2026-09-27T09:53:59.233-06:00</time>
<extensions>
<gpxtpx:TrackPointExtension>
<gpxtpx:speed>6.27</gpxtpx:speed>
</gpxtpx:TrackPointExtension>
<opentracks:accuracy_horizontal>1.02</opentracks:accuracy_horizontal></extensions>
</trkpt>
<trkpt lat="50.455132" lon="-104.54569">
<ele>560</ele>
<time>2026-09-27T09:54:01.236-06:00</time>
<extensions>
<gpxtpx:TrackPointExtension>
<gpxtpx:speed>5.83</gpxtpx:speed>
</gpxtpx:TrackPointExtension>
<opentracks:accuracy_horizontal>1.02</opentracks:accuracy_horizontal></extensions>
</trkpt>
<trkpt lat="50.455132" lon="-104.545528">
<ele>561</ele>
<time>2026-09-27T09:54:03.245-06:00</time>
<extensions>
<gpxtpx:TrackPointExtension>
<gpxtpx:speed>5.76</gpxtpx:speed>
</gpxtpx:TrackPointExtension>
<opentracks:accuracy_horizontal>1.02</opentracks:accuracy_horizontal></extensions>
</trkpt>
<trkpt lat="50.455129" lon="-104.54536">
<ele>561</ele>
<time>2026-09-27T09:54:05.249-06:00</time>
<extensions>
<gpxtpx:TrackPointExtension>
<gpxtpx:speed>6</gpxtpx:speed>
</gpxtpx:TrackPointExtension>
<opentracks:accuracy_horizontal>1.02</opentracks:accuracy_horizontal></extensions>
</trkpt>
<trkpt lat="50.45513" lon="-104.545184">
<ele>560</ele>
<time>2026-09-27T09:54:07.244-06:00</time>
<extensions>
<gpxtpx:TrackPointExtension>
<gpxtpx:speed>6.04</gpxtpx:speed>
</gpxtpx:TrackPointExtension>
<opentracks:accuracy_horizontal>0.51</opentracks:accuracy_horizontal></extensions>
</trkpt>
<trkpt lat="50.455128" lon="-104.545008">
<ele>559</ele>
<time>2026-09-27T09:54:09.259-06:00</time>
<extensions>
<gpxtpx:TrackPointExtension>
<gpxtpx:speed>6.36</gpxtpx:speed>
</gpxtpx:TrackPointExtension>
<opentracks:accuracy_horizontal>1.02</opentracks:accuracy_horizontal></extensions>
</trkpt>
<trkpt lat="50.455111" lon="-104.54484">
<ele>559</ele>
<time>2026-09-27T09:54:11.232-06:00</time>
<extensions>
<gpxtpx:TrackPointExtension>
<gpxtpx:speed>5.77</gpxtpx:speed>
</gpxtpx:TrackPointExtension>
<opentracks:accuracy_horizontal>0.51</opentracks:accuracy_horizontal></extensions>
</trkpt>
<trkpt lat="50.455108" lon="-104.544673">
<ele>558</ele>
<time>2026-09-27T09:54:13.236-06:00</time>
<extensions>
<gpxtpx:TrackPointExtension>
<gpxtpx:speed>5.79</gpxtpx:speed>
</gpxtpx:TrackPointExtension>
<opentracks:accuracy_horizontal>1.02</opentracks:accuracy_horizontal></extensions>
</trkpt>
<trkpt lat="50.455112" lon="-104.544523">
<ele>559</ele>
<time>2026-09-27T09:54:15.242-06:00</time>
<extensions>
<gpxtpx:TrackPointExtension>
<gpxtpx:speed>5.72</gpxtpx:speed>
</gpxtpx:TrackPointExtension>
<opentracks:accuracy_horizontal>1.02</opentracks:accuracy_horizontal></extensions>
</trkpt>
<trkpt lat="50.455112" lon="-104.544326">
<ele>560</ele>
<time>2026-09-27T09:54:18.244-06:00</time>
<extensions>
<gpxtpx:TrackPointExtension>
<gpxtpx:speed>4.48</gpxtpx:speed>
</gpxtpx:TrackPointExtension>
<opentracks:accuracy_horizontal>1.02</opentracks:accuracy_horizontal></extensions>
</trkpt>
<trkpt lat="50.455125" lon="-104.544135">
<ele>560</ele>
<time>2026-09-27T09:54:21.238-06:00</time>
<extensions>
<gpxtpx:TrackPointExtension>
<gpxtpx:speed>4.64</gpxtpx:speed>
</gpxtpx:TrackPointExtension>
<opentracks:accuracy_horizontal>3.571</opentracks:accuracy_horizontal></extensions>
</trkpt>
<trkpt lat="50.455123" lon="-104.543993">
<ele>560</ele>
<time>2026-09-27T09:54:23.231-06:00</time>
<extensions>
<gpxtpx:TrackPointExtension>
<gpxtpx:speed>5.71</gpxtpx:speed>
</gpxtpx:TrackPointExtension>
<opentracks:accuracy_horizontal>1.02</opentracks:accuracy_horizontal></extensions>
</trkpt>
<trkpt lat="50.45511" lon="-104.543824">
<ele>560</ele>
<time>2026-09-27T09:54:25.241-06:00</time>
<extensions>
<gpxtpx:TrackPointExtension>
<gpxtpx:speed>6.03</gpxtpx:speed>
</gpxtpx:TrackPointExtension>
<opentracks:accuracy_horizontal>1.02</opentracks:accuracy_horizontal></extensions>
</trkpt>
<trkpt lat="50.455103" lon="-104.543637">
<ele>560</ele>
<time>2026-09-27T09:54:27.236-06:00</time>
<extensions>
<gpxtpx:TrackPointExtension>
<gpxtpx:speed>6.49</gpxtpx:speed>
</gpxtpx:TrackPointExtension>
<opentracks:accuracy_horizontal>1.02</opentracks:accuracy_horizontal></extensions>
</trkpt>
<trkpt lat="50.455103" lon="-104.543444">
<ele>560</ele>
<time>2026-09-27T09:54:29.259-06:00</time>
<extensions>
<gpxtpx:TrackPointExtension>
<gpxtpx:speed>7.17</gpxtpx:speed>
</gpxtpx:TrackPointExtension>
<opentracks:accuracy_horizontal>1.02</opentracks:accuracy_horizontal></extensions>
</trkpt>
<trkpt lat="50.455104" lon="-104.543232">
<ele>559</ele>
<time>2026-09-27T09:54:31.247-06:00</time>
<extensions>
<gpxtpx:TrackPointExtension>
<gpxtpx:speed>7.4</gpxtpx:speed>
</gpxtpx:TrackPointExtension>
<opentracks:accuracy_horizontal>1.02</opentracks:accuracy_horizontal></extensions>
</trkpt>
<trkpt lat="50.45511" lon="-104.543028">
<ele>559</ele>
<time>2026-09-27T09:54:33.253-06:00</time>
<extensions>
<gpxtpx:TrackPointExtension>
<gpxtpx:speed>7.11</gpxtpx:speed>
</gpxtpx:TrackPointExtension>
<opentracks:accuracy_horizontal>1.02</opentracks:accuracy_horizontal></extensions>
</trkpt>
<trkpt lat="50.455109" lon="-104.542824">
<ele>559</ele>
<time>2026-09-27T09:54:35.248-06:00</time>
<extensions>
<gpxtpx:TrackPointExtension>
<gpxtpx:speed>6.82</gpxtpx:speed>
</gpxtpx:TrackPointExtension>
<opentracks:accuracy_horizontal>0.51</opentracks:accuracy_horizontal></extensions>
</trkpt>
<trkpt lat="50.45511" lon="-104.54264">
<ele>560</ele>
<time>2026-09-27T09:54:37.247-06:00</time>
<extensions>
<gpxtpx:TrackPointExtension>
<gpxtpx:speed>6.65</gpxtpx:speed>
</gpxtpx:TrackPointExtension>
<opentracks:accuracy_horizontal>1.02</opentracks:accuracy_horizontal></extensions>
</trkpt>
<trkpt lat="50.455115" lon="-104.542452">
<ele>559</ele>
<time>2026-09-27T09:54:39.245-06:00</time>
<extensions>
<gpxtpx:TrackPointExtension>
<gpxtpx:speed>6.97</gpxtpx:speed>
</gpxtpx:TrackPointExtension>
<opentracks:accuracy_horizontal>2.551</opentracks:accuracy_horizontal></extensions>
</trkpt>
<trkpt lat="50.455121" lon="-104.542256">
<ele>559</ele>
<time>2026-09-27T09:54:41.253-06:00</time>
<extensions>
<gpxtpx:TrackPointExtension>
<gpxtpx:speed>7.11</gpxtpx:speed>
</gpxtpx:TrackPointExtension>
<opentracks:accuracy_horizontal>3.571</opentracks:accuracy_horizontal></extensions>
</trkpt>
<trkpt lat="50.455132" lon="-104.542042">
<ele>559</ele>
<time>2026-09-27T09:54:43.252-06:00</time>
<extensions>
<gpxtpx:TrackPointExtension>
<gpxtpx:speed>7.85</gpxtpx:speed>
</gpxtpx:TrackPointExtension>
<opentracks:accuracy_horizontal>3.571</opentracks:accuracy_horizontal></extensions>
</trkpt>
<trkpt lat="50.455124" lon="-104.541814">
<ele>560</ele>
<time>2026-09-27T09:54:45.251-06:00</time>
<extensions>
<gpxtpx:TrackPointExtension>
<gpxtpx:speed>7.49</gpxtpx:speed>
</gpxtpx:TrackPointExtension>
<opentracks:accuracy_horizontal>1.02</opentracks:accuracy_horizontal></extensions>
</trkpt>
<trkpt lat="50.455121" lon="-104.541609">
<ele>560</ele>
<time>2026-09-27T09:54:47.233-06:00</time>
<extensions>
<gpxtpx:TrackPointExtension>
<gpxtpx:speed>6.87</gpxtpx:speed>
</gpxtpx:TrackPointExtension>
<opentracks:accuracy_horizontal>1.02</opentracks:accuracy_horizontal></extensions>
</trkpt>
<trkpt lat="50.455121" lon="-104.541422">
<ele>561</ele>
<time>2026-09-27T09:54:49.24-06:00</time>
<extensions>
<gpxtpx:TrackPointExtension>
<gpxtpx:speed>6.4</gpxtpx:speed>
</gpxtpx:TrackPointExtension>
<opentracks:accuracy_horizontal>1.02</opentracks:accuracy_horizontal></extensions>
</trkpt>
<trkpt lat="50.455124" lon="-104.541245">
<ele>560</ele>
<time>2026-09-27T09:54:51.245-06:00</time>
<extensions>
<gpxtpx:TrackPointExtension>
<gpxtpx:speed>6.05</gpxtpx:speed>
</gpxtpx:TrackPointExtension>
<opentracks:accuracy_horizontal>4.082</opentracks:accuracy_horizontal></extensions>
</trkpt>
<trkpt lat="50.455132" lon="-104.541079">
<ele>560</ele>
<time>2026-09-27T09:54:53.24-06:00</time>
<extensions>
<gpxtpx:TrackPointExtension>
<gpxtpx:speed>5.54</gpxtpx:speed>
</gpxtpx:TrackPointExtension>
<opentracks:accuracy_horizontal>2.551</opentracks:accuracy_horizontal></extensions>
</trkpt>
<trkpt lat="50.455144" lon="-104.540935">
<ele>560</ele>
<time>2026-09-27T09:54:55.257-06:00</time>
<extensions>
<gpxtpx:TrackPointExtension>
<gpxtpx:speed>5.19</gpxtpx:speed>
</gpxtpx:TrackPointExtension>
<opentracks:accuracy_horizontal>3.571</opentracks:accuracy_horizontal></extensions>
</trkpt>
<trkpt lat="50.455155" lon="-104.540728">
<ele>560</ele>
<time>2026-09-27T09:54:58.248-06:00</time>
<extensions>
<gpxtpx:TrackPointExtension>
<gpxtpx:speed>4.74</gpxtpx:speed>
</gpxtpx:TrackPointExtension>
<opentracks:accuracy_horizontal>3.571</opentracks:accuracy_horizontal></extensions>
</trkpt>
<trkpt lat="50.455237" lon="-104.540582">
<ele>560</ele>
<time>2026-09-27T09:55:01.239-06:00</time>
<extensions>
<gpxtpx:TrackPointExtension>
<gpxtpx:speed>4.9</gpxtpx:speed>
</gpxtpx:TrackPointExtension>
<opentracks:accuracy_horizontal>3.571</opentracks:accuracy_horizontal></extensions>
</trkpt>
<trkpt lat="50.455357" lon="-104.540524">
<ele>559</ele>
<time>2026-09-27T09:55:04.235-06:00</time>
<extensions>
<gpxtpx:TrackPointExtension>
<gpxtpx:speed>4.87</gpxtpx:speed>
</gpxtpx:TrackPointExtension>
<opentracks:accuracy_horizontal>4.592</opentracks:accuracy_horizontal></extensions>
</trkpt>
<trkpt lat="50.45548" lon="-104.540515">
<ele>560</ele>
<time>2026-09-27T09:55:07.238-06:00</time>
<extensions>
<gpxtpx:TrackPointExtension>
<gpxtpx:speed>5</gpxtpx:speed>
</gpxtpx:TrackPointExtension>
<opentracks:accuracy_horizontal>0.51</opentracks:accuracy_horizontal></extensions>
</trkpt>
<trkpt lat="50.455577" lon="-104.540514">
<ele>560</ele>
<time>2026-09-27T09:55:09.244-06:00</time>
<extensions>
<gpxtpx:TrackPointExtension>
<gpxtpx:speed>5.22</gpxtpx:speed>
</gpxtpx:TrackPointExtension>
<opentracks:accuracy_horizontal>0.51</opentracks:accuracy_horizontal></extensions>
</trkpt>
<trkpt lat="50.455714" lon="-104.540515">
<ele>559</ele>
<time>2026-09-27T09:55:12.244-06:00</time>
<extensions>
<gpxtpx:TrackPointExtension>
<gpxtpx:speed>5.5</gpxtpx:speed>
</gpxtpx:TrackPointExtension>
<opentracks:accuracy_horizontal>1.02</opentracks:accuracy_horizontal></extensions>
</trkpt>
<trkpt lat="50.455817" lon="-104.540524">
<ele>559</ele>
<time>2026-09-27T09:55:14.236-06:00</time>
<extensions>
<gpxtpx:TrackPointExtension>
<gpxtpx:speed>5.4</gpxtpx:speed>
</gpxtpx:TrackPointExtension>
<opentracks:accuracy_horizontal>1.02</opentracks:accuracy_horizontal></extensions>
</trkpt>
<trkpt lat="50.455928" lon="-104.540514">
<ele>559</ele>
<time>2026-09-27T09:55:16.244-06:00</time>
<extensions>
<gpxtpx:TrackPointExtension>
<gpxtpx:speed>5.55</gpxtpx:speed>
</gpxtpx:TrackPointExtension>
<opentracks:accuracy_horizontal>1.02</opentracks:accuracy_horizontal></extensions>
</trkpt>
<trkpt lat="50.456028" lon="-104.540518">
<ele>559</ele>
<time>2026-09-27T09:55:18.245-06:00</time>
<extensions>
<gpxtpx:TrackPointExtension>
<gpxtpx:speed>5.5</gpxtpx:speed>
</gpxtpx:TrackPointExtension>
<opentracks:accuracy_horizontal>1.02</opentracks:accuracy_horizontal></extensions>
</trkpt>
<trkpt lat="50.45613" lon="-104.540516">
<ele>560</ele>
<time>2026-09-27T09:55:20.243-06:00</time>
<extensions>
<gpxtpx:TrackPointExtension>
<gpxtpx:speed>5.2</gpxtpx:speed>
</gpxtpx:TrackPointExtension>
<opentracks:accuracy_horizontal>0.51</opentracks:accuracy_horizontal></extensions>
</trkpt>
<trkpt lat="50.45623" lon="-104.540525">
<ele>561</ele>
<time>2026-09-27T09:55:22.239-06:00</time>
<extensions>
<gpxtpx:TrackPointExtension>
<gpxtpx:speed>5.44</gpxtpx:speed>
</gpxtpx:TrackPointExtension>
<opentracks:accuracy_horizontal>1.02</opentracks:accuracy_horizontal></extensions>
</trkpt>
<trkpt lat="50.456336" lon="-104.540529">
<ele>562</ele>
<time>2026-09-27T09:55:24.247-06:00</time>
<extensions>
<gpxtpx:TrackPointExtension>
<gpxtpx:speed>5.76</gpxtpx:speed>
</gpxtpx:TrackPointExtension>
<opentracks:accuracy_horizontal>0.51</opentracks:accuracy_horizontal></extensions>
</trkpt>
<trkpt lat="50.456445" lon="-104.540521">
<ele>561</ele>
<time>2026-09-27T09:55:26.233-06:00</time>
<extensions>
<gpxtpx:TrackPointExtension>
<gpxtpx:speed>5.8</gpxtpx:speed>
</gpxtpx:TrackPointExtension>
<opentracks:accuracy_horizontal>1.02</opentracks:accuracy_horizontal></extensions>
</trkpt>
<trkpt lat="50.456546" lon="-104.54052">
<ele>561</ele>
<time>2026-09-27T09:55:28.25-06:00</time>
<extensions>
<gpxtpx:TrackPointExtension>
<gpxtpx:speed>5.59</gpxtpx:speed>
</gpxtpx:TrackPointExtension>
<opentracks:accuracy_horizontal>1.02</opentracks:accuracy_horizontal></extensions>
</trkpt>
<trkpt lat="50.456649" lon="-104.54052">
<ele>561</ele>
<time>2026-09-27T09:55:30.248-06:00</time>
<extensions>
<gpxtpx:TrackPointExtension>
<gpxtpx:speed>5.67</gpxtpx:speed>
</gpxtpx:TrackPointExtension>
<opentracks:accuracy_horizontal>1.02</opentracks:accuracy_horizontal></extensions>
</trkpt>
<trkpt lat="50.456752" lon="-104.540537">
<ele>561</ele>
<time>2026-09-27T09:55:32.256-06:00</time>
<extensions>
<gpxtpx:TrackPointExtension>
<gpxtpx:speed>5.78</gpxtpx:speed>
</gpxtpx:TrackPointExtension>
<opentracks:accuracy_horizontal>1.02</opentracks:accuracy_horizontal></extensions>
</trkpt>
<trkpt lat="50.456851" lon="-104.540532">
<ele>561</ele>
<time>2026-09-27T09:55:34.246-06:00</time>
<extensions>
<gpxtpx:TrackPointExtension>
<gpxtpx:speed>5.52</gpxtpx:speed>
</gpxtpx:TrackPointExtension>
<opentracks:accuracy_horizontal>1.02</opentracks:accuracy_horizontal></extensions>
</trkpt>
<trkpt lat="50.456952" lon="-104.540536">
<ele>560</ele>
<time>2026-09-27T09:55:36.24-06:00</time>
<extensions>
<gpxtpx:TrackPointExtension>
<gpxtpx:speed>5.59</gpxtpx:speed>
</gpxtpx:TrackPointExtension>
<opentracks:accuracy_horizontal>0.51</opentracks:accuracy_horizontal></extensions>
</trkpt>
<trkpt lat="50.457047" lon="-104.540533">
<ele>561</ele>
<time>2026-09-27T09:55:38.238-06:00</time>
<extensions>
<gpxtpx:TrackPointExtension>
<gpxtpx:speed>5.18</gpxtpx:speed>
</gpxtpx:TrackPointExtension>
<opentracks:accuracy_horizontal>1.02</opentracks:accuracy_horizontal></extensions>
</trkpt>
<trkpt lat="50.457143" lon="-104.540563">
<ele>561</ele>
<time>2026-09-27T09:55:40.246-06:00</time>
<extensions>
<gpxtpx:TrackPointExtension>
<gpxtpx:speed>5.3</gpxtpx:speed>
</gpxtpx:TrackPointExtension>
<opentracks:accuracy_horizontal>0.51</opentracks:accuracy_horizontal></extensions>
</trkpt>
<trkpt lat="50.45726" lon="-104.540572">
<ele>560</ele>
<time>2026-09-27T09:55:43.243-06:00</time>
<extensions>
<gpxtpx:TrackPointExtension>
<gpxtpx:speed>3.91</gpxtpx:speed>
</gpxtpx:TrackPointExtension>
<opentracks:accuracy_horizontal>1.02</opentracks:accuracy_horizontal></extensions>
</trkpt>
<trkpt lat="50.457364" lon="-104.540589">
<ele>560</ele>
<time>2026-09-27T09:55:46.24-06:00</time>
<extensions>
<gpxtpx:TrackPointExtension>
<gpxtpx:speed>4.11</gpxtpx:speed>
</gpxtpx:TrackPointExtension>
<opentracks:accuracy_horizontal>3.571</opentracks:accuracy_horizontal></extensions>
</trkpt>
<trkpt lat="50.457495" lon="-104.540612">
<ele>560</ele>
<time>2026-09-27T09:55:49.247-06:00</time>
<extensions>
<gpxtpx:TrackPointExtension>
<gpxtpx:speed>4.78</gpxtpx:speed>
</gpxtpx:TrackPointExtension>
<opentracks:accuracy_horizontal>1.02</opentracks:accuracy_horizontal></extensions>
</trkpt>
<trkpt lat="50.457585" lon="-104.540624">
<ele>560</ele>
<time>2026-09-27T09:55:51.24-06:00</time>
<extensions>
<gpxtpx:TrackPointExtension>
<gpxtpx:speed>5.27</gpxtpx:speed>
</gpxtpx:TrackPointExtension>
<opentracks:accuracy_horizontal>1.02</opentracks:accuracy_horizontal></extensions>
</trkpt>
<trkpt lat="50.457678" lon="-104.540658">
<ele>561</ele>
<time>2026-09-27T09:55:53.243-06:00</time>
<extensions>
<gpxtpx:TrackPointExtension>
<gpxtpx:speed>5.5</gpxtpx:speed>
</gpxtpx:TrackPointExtension>
<opentracks:accuracy_horizontal>1.02</opentracks:accuracy_horizontal></extensions>
</trkpt>
<trkpt lat="50.457769" lon="-104.540688">
<ele>561</ele>
<time>2026-09-27T09:55:55.25-06:00</time>
<extensions>
<gpxtpx:TrackPointExtension>
<gpxtpx:speed>5.43</gpxtpx:speed>
</gpxtpx:TrackPointExtension>
<opentracks:accuracy_horizontal>0.51</opentracks:accuracy_horizontal></extensions>
</trkpt>
<trkpt lat="50.457869" lon="-104.540735">
<ele>561</ele>
<time>2026-09-27T09:55:57.249-06:00</time>
<extensions>
<gpxtpx:TrackPointExtension>
<gpxtpx:speed>5.69</gpxtpx:speed>
</gpxtpx:TrackPointExtension>
<opentracks:accuracy_horizontal>1.02</opentracks:accuracy_horizontal></extensions>
</trkpt>
<trkpt lat="50.457979" lon="-104.540786">
<ele>562</ele>
<time>2026-09-27T09:55:59.268-06:00</time>
<extensions>
<gpxtpx:TrackPointExtension>
<gpxtpx:speed>5.7</gpxtpx:speed>
</gpxtpx:TrackPointExtension>
<opentracks:accuracy_horizontal>1.02</opentracks:accuracy_horizontal></extensions>
</trkpt>
<trkpt lat="50.458091" lon="-104.540824">
<ele>561</ele>
<time>2026-09-27T09:56:01.248-06:00</time>
<extensions>
<gpxtpx:TrackPointExtension>
<gpxtpx:speed>6.19</gpxtpx:speed>
</gpxtpx:TrackPointExtension>
<opentracks:accuracy_horizontal>1.02</opentracks:accuracy_horizontal></extensions>
</trkpt>
<trkpt lat="50.458209" lon="-104.540873">
<ele>561</ele>
<time>2026-09-27T09:56:03.249-06:00</time>
<extensions>
<gpxtpx:TrackPointExtension>
<gpxtpx:speed>6.81</gpxtpx:speed>
</gpxtpx:TrackPointExtension>
<opentracks:accuracy_horizontal>1.02</opentracks:accuracy_horizontal></extensions>
</trkpt>
<trkpt lat="50.458322" lon="-104.540916">
<ele>561</ele>
<time>2026-09-27T09:56:05.25-06:00</time>
<extensions>
<gpxtpx:TrackPointExtension>
<gpxtpx:speed>6.16</gpxtpx:speed>
</gpxtpx:TrackPointExtension>
<opentracks:accuracy_horizontal>1.02</opentracks:accuracy_horizontal></extensions>
</trkpt>
<trkpt lat="50.458425" lon="-104.540971">
<ele>562</ele>
<time>2026-09-27T09:56:07.243-06:00</time>
<extensions>
<gpxtpx:TrackPointExtension>
<gpxtpx:speed>5.43</gpxtpx:speed>
</gpxtpx:TrackPointExtension>
<opentracks:accuracy_horizontal>1.02</opentracks:accuracy_horizontal></extensions>
</trkpt>
<trkpt lat="50.458513" lon="-104.541018">
<ele>562</ele>
<time>2026-09-27T09:56:09.236-06:00</time>
<extensions>
<gpxtpx:TrackPointExtension>
<gpxtpx:speed>5.24</gpxtpx:speed>
</gpxtpx:TrackPointExtension>
<opentracks:accuracy_horizontal>4.592</opentracks:accuracy_horizontal></extensions>
</trkpt>
<trkpt lat="50.458638" lon="-104.541064">
<ele>562</ele>
<time>2026-09-27T09:56:12.254-06:00</time>
<extensions>
<gpxtpx:TrackPointExtension>
<gpxtpx:speed>5.2</gpxtpx:speed>
</gpxtpx:TrackPointExtension>
<opentracks:accuracy_horizontal>4.592</opentracks:accuracy_horizontal></extensions>
</trkpt>
<trkpt lat="50.458733" lon="-104.541077">
<ele>562</ele>
<time>2026-09-27T09:56:14.249-06:00</time>
<extensions>
<gpxtpx:TrackPointExtension>
<gpxtpx:speed>5.04</gpxtpx:speed>
</gpxtpx:TrackPointExtension>
<opentracks:accuracy_horizontal>4.592</opentracks:accuracy_horizontal></extensions>
</trkpt>
<trkpt lat="50.458849" lon="-104.541135">
<ele>562</ele>
<time>2026-09-27T09:56:17.256-06:00</time>
<extensions>
<gpxtpx:TrackPointExtension>
<gpxtpx:speed>4.21</gpxtpx:speed>
</gpxtpx:TrackPointExtension>
<opentracks:accuracy_horizontal>1.02</opentracks:accuracy_horizontal></extensions>
</trkpt>
<trkpt lat="50.458958" lon="-104.54118">
<ele>562</ele>
<time>2026-09-27T09:56:20.24-06:00</time>
<extensions>
<gpxtpx:TrackPointExtension>
<gpxtpx:speed>4.16</gpxtpx:speed>
</gpxtpx:TrackPointExtension>
<opentracks:accuracy_horizontal>4.592</opentracks:accuracy_horizontal></extensions>
</trkpt>
<trkpt lat="50.459055" lon="-104.541215">
<ele>562</ele>
<time>2026-09-27T09:56:23.246-06:00</time>
<extensions>
<gpxtpx:TrackPointExtension>
<gpxtpx:speed>3.51</gpxtpx:speed>
</gpxtpx:TrackPointExtension>
<opentracks:accuracy_horizontal>4.592</opentracks:accuracy_horizontal></extensions>
</trkpt>
<trkpt lat="50.459153" lon="-104.541242">
<ele>562</ele>
<time>2026-09-27T09:56:26.231-06:00</time>
<extensions>
<gpxtpx:TrackPointExtension>
<gpxtpx:speed>3.37</gpxtpx:speed>
</gpxtpx:TrackPointExtension>
<opentracks:accuracy_horizontal>5.102</opentracks:accuracy_horizontal></extensions>
</trkpt>
<trkpt lat="50.459257" lon="-104.541285">
<ele>563</ele>
<time>2026-09-27T09:56:29.236-06:00</time>
<extensions>
<gpxtpx:TrackPointExtension>
<gpxtpx:speed>4.21</gpxtpx:speed>
</gpxtpx:TrackPointExtension>
<opentracks:accuracy_horizontal>5.102</opentracks:accuracy_horizontal></extensions>
</trkpt>
<trkpt lat="50.459384" lon="-104.541359">
<ele>562</ele>
<time>2026-09-27T09:56:32.234-06:00</time>
<extensions>
<gpxtpx:TrackPointExtension>
<gpxtpx:speed>5.13</gpxtpx:speed>
</gpxtpx:TrackPointExtension>
<opentracks:accuracy_horizontal>4.082</opentracks:accuracy_horizontal></extensions>
</trkpt>
<trkpt lat="50.459477" lon="-104.5414">
<ele>562</ele>
<time>2026-09-27T09:56:34.237-06:00</time>
<extensions>
<gpxtpx:TrackPointExtension>
<gpxtpx:speed>5.98</gpxtpx:speed>
</gpxtpx:TrackPointExtension>
<opentracks:accuracy_horizontal>1.02</opentracks:accuracy_horizontal></extensions>
</trkpt>
<trkpt lat="50.459585" lon="-104.541418">
<ele>561</ele>
<time>2026-09-27T09:56:36.232-06:00</time>
<extensions>
<gpxtpx:TrackPointExtension>
<gpxtpx:speed>6.22</gpxtpx:speed>
</gpxtpx:TrackPointExtension>
<opentracks:accuracy_horizontal>1.02</opentracks:accuracy_horizontal></extensions>
</trkpt>
<trkpt lat="50.459696" lon="-104.541471">
<ele>561</ele>
<time>2026-09-27T09:56:38.248-06:00</time>
<extensions>
<gpxtpx:TrackPointExtension>
<gpxtpx:speed>6.83</gpxtpx:speed>
</gpxtpx:TrackPointExtension>
<opentracks:accuracy_horizontal>1.02</opentracks:accuracy_horizontal></extensions>
</trkpt>
<trkpt lat="50.459813" lon="-104.541532">
<ele>560</ele>
<time>2026-09-27T09:56:40.242-06:00</time>
<extensions>
<gpxtpx:TrackPointExtension>
<gpxtpx:speed>6.82</gpxtpx:speed>
</gpxtpx:TrackPointExtension>
<opentracks:accuracy_horizontal>0.51</opentracks:accuracy_horizontal></extensions>
</trkpt>
<trkpt lat="50.459926" lon="-104.54158">
<ele>560</ele>
<time>2026-09-27T09:56:42.256-06:00</time>
<extensions>
<gpxtpx:TrackPointExtension>
<gpxtpx:speed>6.2</gpxtpx:speed>
</gpxtpx:TrackPointExtension>
<opentracks:accuracy_horizontal>1.02</opentracks:accuracy_horizontal></extensions>
</trkpt>
<trkpt lat="50.460029" lon="-104.541621">
<ele>561</ele>
<time>2026-09-27T09:56:44.245-06:00</time>
<extensions>
<gpxtpx:TrackPointExtension>
<gpxtpx:speed>5.61</gpxtpx:speed>
</gpxtpx:TrackPointExtension>
<opentracks:accuracy_horizontal>1.02</opentracks:accuracy_horizontal></extensions>
</trkpt>
<trkpt lat="50.460121" lon="-104.541651">
<ele>560</ele>
<time>2026-09-27T09:56:46.245-06:00</time>
<extensions>
<gpxtpx:TrackPointExtension>
<gpxtpx:speed>4.96</gpxtpx:speed>
</gpxtpx:TrackPointExtension>
<opentracks:accuracy_horizontal>1.02</opentracks:accuracy_horizontal></extensions>
</trkpt>
<trkpt lat="50.460269" lon="-104.54165">
<ele>560</ele>
<time>2026-09-27T09:56:49.241-06:00</time>
<extensions>
<gpxtpx:TrackPointExtension>
<gpxtpx:speed>5.98</gpxtpx:speed>
</gpxtpx:TrackPointExtension>
<opentracks:accuracy_horizontal>0.51</opentracks:accuracy_horizontal></extensions>
</trkpt>
<trkpt lat="50.460375" lon="-104.541656">
<ele>561</ele>
<time>2026-09-27T09:56:51.256-06:00</time>
<extensions>
<gpxtpx:TrackPointExtension>
<gpxtpx:speed>6.35</gpxtpx:speed>
</gpxtpx:TrackPointExtension>
<opentracks:accuracy_horizontal>1.02</opentracks:accuracy_horizontal></extensions>
</trkpt>
<trkpt lat="50.460494" lon="-104.541653">
<ele>561</ele>
<time>2026-09-27T09:56:53.252-06:00</time>
<extensions>
<gpxtpx:TrackPointExtension>
<gpxtpx:speed>6.5</gpxtpx:speed>
</gpxtpx:TrackPointExtension>
<opentracks:accuracy_horizontal>1.02</opentracks:accuracy_horizontal></extensions>
</trkpt>
<trkpt lat="50.460612" lon="-104.541657">
<ele>561</ele>
<time>2026-09-27T09:56:55.256-06:00</time>
<extensions>
<gpxtpx:TrackPointExtension>
<gpxtpx:speed>5.96</gpxtpx:speed>
</gpxtpx:TrackPointExtension>
<opentracks:accuracy_horizontal>1.02</opentracks:accuracy_horizontal></extensions>
</trkpt>
<trkpt lat="50.460715" lon="-104.541672">
<ele>561</ele>
<time>2026-09-27T09:56:57.239-06:00</time>
<extensions>
<gpxtpx:TrackPointExtension>
<gpxtpx:speed>5.53</gpxtpx:speed>
</gpxtpx:TrackPointExtension>
<opentracks:accuracy_horizontal>1.02</opentracks:accuracy_horizontal></extensions>
</trkpt>
<trkpt lat="50.46081" lon="-104.541677">
<ele>561</ele>
<time>2026-09-27T09:56:59.258-06:00</time>
<extensions>
<gpxtpx:TrackPointExtension>
<gpxtpx:speed>5.18</gpxtpx:speed>
</gpxtpx:TrackPointExtension>
<opentracks:accuracy_horizontal>3.571</opentracks:accuracy_horizontal></extensions>
</trkpt>
<trkpt lat="50.460901" lon="-104.541668">
<ele>561</ele>
<time>2026-09-27T09:57:01.254-06:00</time>
<extensions>
<gpxtpx:TrackPointExtension>
<gpxtpx:speed>4.39</gpxtpx:speed>
</gpxtpx:TrackPointExtension>
<opentracks:accuracy_horizontal>3.571</opentracks:accuracy_horizontal></extensions>
</trkpt>
<trkpt lat="50.461029" lon="-104.541663">
<ele>561</ele>
<time>2026-09-27T09:57:04.244-06:00</time>
<extensions>
<gpxtpx:TrackPointExtension>
<gpxtpx:speed>5.34</gpxtpx:speed>
</gpxtpx:TrackPointExtension>
<opentracks:accuracy_horizontal>3.571</opentracks:accuracy_horizontal></extensions>
</trkpt>
<trkpt lat="50.461126" lon="-104.541667">
<ele>561</ele>
<time>2026-09-27T09:57:06.259-06:00</time>
<extensions>
<gpxtpx:TrackPointExtension>
<gpxtpx:speed>5.38</gpxtpx:speed>
</gpxtpx:TrackPointExtension>
<opentracks:accuracy_horizontal>4.082</opentracks:accuracy_horizontal></extensions>
</trkpt>
<trkpt lat="50.461224" lon="-104.541683">
<ele>561</ele>
<time>2026-09-27T09:57:08.263-06:00</time>
<extensions>
<gpxtpx:TrackPointExtension>
<gpxtpx:speed>5.47</gpxtpx:speed>
</gpxtpx:TrackPointExtension>
<opentracks:accuracy_horizontal>0.51</opentracks:accuracy_horizontal></extensions>
</trkpt>
<trkpt lat="50.461332" lon="-104.541683">
<ele>561</ele>
<time>2026-09-27T09:57:10.252-06:00</time>
<extensions>
<gpxtpx:TrackPointExtension>
<gpxtpx:speed>5.63</gpxtpx:speed>
</gpxtpx:TrackPointExtension>
<opentracks:accuracy_horizontal>1.02</opentracks:accuracy_horizontal></extensions>
</trkpt>
<trkpt lat="50.461433" lon="-104.541686">
<ele>562</ele>
<time>2026-09-27T09:57:12.251-06:00</time>
<extensions>
<gpxtpx:TrackPointExtension>
<gpxtpx:speed>5.35</gpxtpx:speed>
</gpxtpx:TrackPointExtension>
<opentracks:accuracy_horizontal>1.02</opentracks:accuracy_horizontal></extensions>
</trkpt>
<trkpt lat="50.461527" lon="-104.541674">
<ele>562</ele>
<time>2026-09-27T09:57:14.247-06:00</time>
<extensions>
<gpxtpx:TrackPointExtension>
<gpxtpx:speed>4.6</gpxtpx:speed>
</gpxtpx:TrackPointExtension>
<opentracks:accuracy_horizontal>1.02</opentracks:accuracy_horizontal></extensions>
</trkpt>
<trkpt lat="50.461644" lon="-104.541654">
<ele>561</ele>
<time>2026-09-27T09:57:17.258-06:00</time>
<extensions>
<gpxtpx:TrackPointExtension>
<gpxtpx:speed>4.14</gpxtpx:speed>
</gpxtpx:TrackPointExtension>
<opentracks:accuracy_horizontal>3.061</opentracks:accuracy_horizontal></extensions>
</trkpt>
<trkpt lat="50.461756" lon="-104.541666">
<ele>561</ele>
<time>2026-09-27T09:57:20.252-06:00</time>
<extensions>
<gpxtpx:TrackPointExtension>
<gpxtpx:speed>3.82</gpxtpx:speed>
</gpxtpx:TrackPointExtension>
<opentracks:accuracy_horizontal>3.571</opentracks:accuracy_horizontal></extensions>
</trkpt>
<trkpt lat="50.461853" lon="-104.541663">
<ele>561</ele>
<time>2026-09-27T09:57:23.231-06:00</time>
<extensions>
<gpxtpx:TrackPointExtension>
<gpxtpx:speed>3.59</gpxtpx:speed>
</gpxtpx:TrackPointExtension>
<opentracks:accuracy_horizontal>2.551</opentracks:accuracy_horizontal></extensions>
</trkpt>
<trkpt lat="50.461957" lon="-104.541596">
<ele>561</ele>
<time>2026-09-27T09:57:27.251-06:00</time>
<extensions>
<gpxtpx:TrackPointExtension>
<gpxtpx:speed>3.23</gpxtpx:speed>
</gpxtpx:TrackPointExtension>
<opentracks:accuracy_horizontal>3.571</opentracks:accuracy_horizontal></extensions>
</trkpt>
<trkpt lat="50.462017" lon="-104.541435">
<ele>561</ele>
<time>2026-09-27T09:57:31.256-06:00</time>
<extensions>
<gpxtpx:TrackPointExtension>
<gpxtpx:speed>4.39</gpxtpx:speed>
</gpxtpx:TrackPointExtension>
<opentracks:accuracy_horizontal>5.102</opentracks:accuracy_horizontal></extensions>
</trkpt>
<trkpt lat="50.462023" lon="-104.541238">
<ele>561</ele>
<time>2026-09-27T09:57:34.243-06:00</time>
<extensions>
<gpxtpx:TrackPointExtension>
<gpxtpx:speed>4.82</gpxtpx:speed>
</gpxtpx:TrackPointExtension>
<opentracks:accuracy_horizontal>0.51</opentracks:accuracy_horizontal></extensions>
</trkpt>
<trkpt lat="50.462011" lon="-104.541095">
<ele>561</ele>
<time>2026-09-27T09:57:36.249-06:00</time>
<extensions>
<gpxtpx:TrackPointExtension>
<gpxtpx:speed>4.45</gpxtpx:speed>
</gpxtpx:TrackPointExtension>
<opentracks:accuracy_horizontal>0.51</opentracks:accuracy_horizontal></extensions>
</trkpt>
<trkpt lat="50.461995" lon="-104.540913">
<ele>561</ele>
<time>2026-09-27T09:57:39.242-06:00</time>
<extensions>
<gpxtpx:TrackPointExtension>
<gpxtpx:speed>4.06</gpxtpx:speed>
</gpxtpx:TrackPointExtension>
<opentracks:accuracy_horizontal>1.02</opentracks:accuracy_horizontal></extensions>
</trkpt>
<trkpt lat="50.462002" lon="-104.540741">
<ele>561</ele>
<time>2026-09-27T09:57:42.248-06:00</time>
<extensions>
<gpxtpx:TrackPointExtension>
<gpxtpx:speed>3.41</gpxtpx:speed>
</gpxtpx:TrackPointExtension>
<opentracks:accuracy_horizontal>1.02</opentracks:accuracy_horizontal></extensions>
</trkpt>
<trkpt lat="50.462001" lon="-104.54059">
<ele>561</ele>
<time>2026-09-27T09:57:45.258-06:00</time>
<extensions>
<gpxtpx:TrackPointExtension>
<gpxtpx:speed>3.06</gpxtpx:speed>
</gpxtpx:TrackPointExtension>
<opentracks:accuracy_horizontal>3.571</opentracks:accuracy_horizontal></extensions>
</trkpt>
<trkpt lat="50.461998" lon="-104.540426">
<ele>560</ele>
<time>2026-09-27T09:57:48.25-06:00</time>
<extensions>
<gpxtpx:TrackPointExtension>
<gpxtpx:speed>4.37</gpxtpx:speed>
</gpxtpx:TrackPointExtension>
<opentracks:accuracy_horizontal>5.102</opentracks:accuracy_horizontal></extensions>
</trkpt>
<trkpt lat="50.461997" lon="-104.540217">
<ele>559</ele>
<time>2026-09-27T09:57:51.252-06:00</time>
<extensions>
<gpxtpx:TrackPointExtension>
<gpxtpx:speed>4.94</gpxtpx:speed>
</gpxtpx:TrackPointExtension>
<opentracks:accuracy_horizontal>4.592</opentracks:accuracy_horizontal></extensions>
</trkpt>
<trkpt lat="50.462032" lon="-104.540062">
<ele>559</ele>
<time>2026-09-27T09:57:53.251-06:00</time>
<extensions>
<gpxtpx:TrackPointExtension>
<gpxtpx:speed>5.77</gpxtpx:speed>
</gpxtpx:TrackPointExtension>
<opentracks:accuracy_horizontal>1.02</opentracks:accuracy_horizontal></extensions>
</trkpt>
<trkpt lat="50.46207" lon="-104.539915">
<ele>559</ele>
<time>2026-09-27T09:57:55.268-06:00</time>
<extensions>
<gpxtpx:TrackPointExtension>
<gpxtpx:speed>5.3</gpxtpx:speed>
</gpxtpx:TrackPointExtension>
<opentracks:accuracy_horizontal>1.02</opentracks:accuracy_horizontal></extensions>
</trkpt>
<trkpt lat="50.462105" lon="-104.539781">
<ele>560</ele>
<time>2026-09-27T09:57:57.256-06:00</time>
<extensions>
<gpxtpx:TrackPointExtension>
<gpxtpx:speed>4.9</gpxtpx:speed>
</gpxtpx:TrackPointExtension>
<opentracks:accuracy_horizontal>1.02</opentracks:accuracy_horizontal></extensions>
</trkpt>
<trkpt lat="50.462166" lon="-104.539611">
<ele>561</ele>
<time>2026-09-27T09:58:00.257-06:00</time>
<extensions>
<gpxtpx:TrackPointExtension>
<gpxtpx:speed>4.35</gpxtpx:speed>
</gpxtpx:TrackPointExtension>
<opentracks:accuracy_horizontal>1.02</opentracks:accuracy_horizontal></extensions>
</trkpt>
<trkpt lat="50.46224" lon="-104.539454">
<ele>561</ele>
<time>2026-09-27T09:58:03.252-06:00</time>
<extensions>
<gpxtpx:TrackPointExtension>
<gpxtpx:speed>4.83</gpxtpx:speed>
</gpxtpx:TrackPointExtension>
<opentracks:accuracy_horizontal>4.082</opentracks:accuracy_horizontal></extensions>
</trkpt>
<trkpt lat="50.462294" lon="-104.539341">
<ele>561</ele>
<time>2026-09-27T09:58:05.257-06:00</time>
<extensions>
<gpxtpx:TrackPointExtension>
<gpxtpx:speed>5.03</gpxtpx:speed>
</gpxtpx:TrackPointExtension>
<opentracks:accuracy_horizontal>4.082</opentracks:accuracy_horizontal></extensions>
</trkpt>
<trkpt lat="50.46236" lon="-104.539227">
<ele>561</ele>
<time>2026-09-27T09:58:07.261-06:00</time>
<extensions>
<gpxtpx:TrackPointExtension>
<gpxtpx:speed>5.4</gpxtpx:speed>
</gpxtpx:TrackPointExtension>
<opentracks:accuracy_horizontal>1.02</opentracks:accuracy_horizontal></extensions>
</trkpt>
<trkpt lat="50.462428" lon="-104.539128">
<ele>561</ele>
<time>2026-09-27T09:58:09.245-06:00</time>
<extensions>
<gpxtpx:TrackPointExtension>
<gpxtpx:speed>5.4</gpxtpx:speed>
</gpxtpx:TrackPointExtension>
<opentracks:accuracy_horizontal>1.02</opentracks:accuracy_horizontal></extensions>
</trkpt>
<trkpt lat="50.462529" lon="-104.539016">
<ele>561</ele>
<time>2026-09-27T09:58:12.257-06:00</time>
<extensions>
<gpxtpx:TrackPointExtension>
<gpxtpx:speed>4.17</gpxtpx:speed>
</gpxtpx:TrackPointExtension>
<opentracks:accuracy_horizontal>1.02</opentracks:accuracy_horizontal></extensions>
</trkpt>
<trkpt lat="50.462627" lon="-104.538928">
<ele>561</ele>
<time>2026-09-27T09:58:15.254-06:00</time>
<extensions>
<gpxtpx:TrackPointExtension>
<gpxtpx:speed>3.95</gpxtpx:speed>
</gpxtpx:TrackPointExtension>
<opentracks:accuracy_horizontal>4.082</opentracks:accuracy_horizontal></extensions>
</trkpt>
<trkpt lat="50.462712" lon="-104.538851">
<ele>561</ele>
<time>2026-09-27T09:58:18.264-06:00</time>
<extensions>
<gpxtpx:TrackPointExtension>
<gpxtpx:speed>3.22</gpxtpx:speed>
</gpxtpx:TrackPointExtension>
<opentracks:accuracy_horizontal>4.082</opentracks:accuracy_horizontal></extensions>
</trkpt>
<trkpt lat="50.462811" lon="-104.538766">
<ele>562</ele>
<time>2026-09-27T09:58:22.259-06:00</time>
<extensions>
<gpxtpx:TrackPointExtension>
<gpxtpx:speed>3.03</gpxtpx:speed>
</gpxtpx:TrackPointExtension>
<opentracks:accuracy_horizontal>6.122</opentracks:accuracy_horizontal></extensions>
</trkpt>
<trkpt lat="50.462912" lon="-104.538684">
<ele>562</ele>
<time>2026-09-27T09:58:26.267-06:00</time>
<extensions>
<gpxtpx:TrackPointExtension>
<gpxtpx:speed>3.12</gpxtpx:speed>
</gpxtpx:TrackPointExtension>
<opentracks:accuracy_horizontal>6.122</opentracks:accuracy_horizontal></extensions>
</trkpt>
<trkpt lat="50.46301" lon="-104.538613">
<ele>562</ele>
<time>2026-09-27T09:58:30.259-06:00</time>
<extensions>
<gpxtpx:TrackPointExtension>
<gpxtpx:speed>2.83</gpxtpx:speed>
</gpxtpx:TrackPointExtension>
<opentracks:accuracy_horizontal>4.082</opentracks:accuracy_horizontal></extensions>
</trkpt>
<trkpt lat="50.463103" lon="-104.538669">
<ele>562</ele>
<time>2026-09-27T09:58:33.25-06:00</time>
<extensions>
<gpxtpx:TrackPointExtension>
<gpxtpx:speed>3.91</gpxtpx:speed>
</gpxtpx:TrackPointExtension>
<opentracks:accuracy_horizontal>5.102</opentracks:accuracy_horizontal></extensions>
</trkpt>
<trkpt lat="50.463181" lon="-104.53881">
<ele>562</ele>
<time>2026-09-27T09:58:36.254-06:00</time>
<extensions>
<gpxtpx:TrackPointExtension>
<gpxtpx:speed>4.65</gpxtpx:speed>
</gpxtpx:TrackPointExtension>
<opentracks:accuracy_horizontal>0.51</opentracks:accuracy_horizontal></extensions>
</trkpt>
<trkpt lat="50.463225" lon="-104.538935">
<ele>561</ele>
<time>2026-09-27T09:58:38.264-06:00</time>
<extensions>
<gpxtpx:TrackPointExtension>
<gpxtpx:speed>4.82</gpxtpx:speed>
</gpxtpx:TrackPointExtension>
<opentracks:accuracy_horizontal>1.02</opentracks:accuracy_horizontal></extensions>
</trkpt>
<trkpt lat="50.463268" lon="-104.53906">
<ele>561</ele>
<time>2026-09-27T09:58:40.254-06:00</time>
<extensions>
<gpxtpx:TrackPointExtension>
<gpxtpx:speed>5.09</gpxtpx:speed>
</gpxtpx:TrackPointExtension>
<opentracks:accuracy_horizontal>1.02</opentracks:accuracy_horizontal></extensions>
</trkpt>
<trkpt lat="50.463318" lon="-104.539188">
<ele>561</ele>
<time>2026-09-27T09:58:42.246-06:00</time>
<extensions>
<gpxtpx:TrackPointExtension>
<gpxtpx:speed>5.07</gpxtpx:speed>
</gpxtpx:TrackPointExtension>
<opentracks:accuracy_horizontal>0.51</opentracks:accuracy_horizontal></extensions>
</trkpt>
<trkpt lat="50.46338" lon="-104.539363">
<ele>562</ele>
<time>2026-09-27T09:58:45.248-06:00</time>
<extensions>
<gpxtpx:TrackPointExtension>
<gpxtpx:speed>4.49</gpxtpx:speed>
</gpxtpx:TrackPointExtension>
<opentracks:accuracy_horizontal>1.02</opentracks:accuracy_horizontal></extensions>
</trkpt>
<trkpt lat="50.463448" lon="-104.539488">
<ele>562</ele>
<time>2026-09-27T09:58:48.25-06:00</time>
<extensions>
<gpxtpx:TrackPointExtension>
<gpxtpx:speed>3.69</gpxtpx:speed>
</gpxtpx:TrackPointExtension>
<opentracks:accuracy_horizontal>4.592</opentracks:accuracy_horizontal></extensions>
</trkpt>
<trkpt lat="50.463546" lon="-104.539506">
<ele>562</ele>
<time>2026-09-27T09:58:51.242-06:00</time>
<extensions>
<gpxtpx:TrackPointExtension>
<gpxtpx:speed>4.63</gpxtpx:speed>
</gpxtpx:TrackPointExtension>
<opentracks:accuracy_horizontal>5.612</opentracks:accuracy_horizontal></extensions>
</trkpt>
<trkpt lat="50.463633" lon="-104.539449">
<ele>564</ele>
<time>2026-09-27T09:58:53.264-06:00</time>
<extensions>
<gpxtpx:TrackPointExtension>
<gpxtpx:speed>4.54</gpxtpx:speed>
</gpxtpx:TrackPointExtension>
<opentracks:accuracy_horizontal>6.122</opentracks:accuracy_horizontal></extensions>
</trkpt>
<trkpt lat="50.46371" lon="-104.539356">
<ele>564</ele>
<time>2026-09-27T09:58:55.263-06:00</time>
<extensions>
<gpxtpx:TrackPointExtension>
<gpxtpx:speed>4.76</gpxtpx:speed>
</gpxtpx:TrackPointExtension>
<opentracks:accuracy_horizontal>1.02</opentracks:accuracy_horizontal></extensions>
</trkpt>
<trkpt lat="50.463789" lon="-104.539264">
<ele>564</ele>
<time>2026-09-27T09:58:57.247-06:00</time>
<extensions>
<gpxtpx:TrackPointExtension>
<gpxtpx:speed>5.76</gpxtpx:speed>
</gpxtpx:TrackPointExtension>
<opentracks:accuracy_horizontal>0.51</opentracks:accuracy_horizontal></extensions>
</trkpt>
<trkpt lat="50.463883" lon="-104.539179">
<ele>563</ele>
<time>2026-09-27T09:58:59.241-06:00</time>
<extensions>
<gpxtpx:TrackPointExtension>
<gpxtpx:speed>6.08</gpxtpx:speed>
</gpxtpx:TrackPointExtension>
<opentracks:accuracy_horizontal>1.02</opentracks:accuracy_horizontal></extensions>
</trkpt>
<trkpt lat="50.463979" lon="-104.539087">
<ele>562</ele>
<time>2026-09-27T09:59:01.255-06:00</time>
<extensions>
<gpxtpx:TrackPointExtension>
<gpxtpx:speed>7.02</gpxtpx:speed>
</gpxtpx:TrackPointExtension>
<opentracks:accuracy_horizontal>1.02</opentracks:accuracy_horizontal></extensions>
</trkpt>
<trkpt lat="50.464081" lon="-104.539005">
<ele>562</ele>
<time>2026-09-27T09:59:03.243-06:00</time>
<extensions>
<gpxtpx:TrackPointExtension>
<gpxtpx:speed>6.31</gpxtpx:speed>
</gpxtpx:TrackPointExtension>
<opentracks:accuracy_horizontal>1.02</opentracks:accuracy_horizontal></extensions>
</trkpt>
<trkpt lat="50.46418" lon="-104.538933">
<ele>562</ele>
<time>2026-09-27T09:59:05.225-06:00</time>
<extensions>
<gpxtpx:TrackPointExtension>
<gpxtpx:speed>5.96</gpxtpx:speed>
</gpxtpx:TrackPointExtension>
<opentracks:accuracy_horizontal>1.02</opentracks:accuracy_horizontal></extensions>
</trkpt>
<trkpt lat="50.464264" lon="-104.538856">
<ele>563</ele>
<time>2026-09-27T09:59:07.262-06:00</time>
<extensions>
<gpxtpx:TrackPointExtension>
<gpxtpx:speed>5.46</gpxtpx:speed>
</gpxtpx:TrackPointExtension>
<opentracks:accuracy_horizontal>1.02</opentracks:accuracy_horizontal></extensions>
</trkpt>
<trkpt lat="50.464344" lon="-104.538785">
<ele>563</ele>
<time>2026-09-27T09:59:09.254-06:00</time>
<extensions>
<gpxtpx:TrackPointExtension>
<gpxtpx:speed>4.99</gpxtpx:speed>
</gpxtpx:TrackPointExtension>
<opentracks:accuracy_horizontal>1.02</opentracks:accuracy_horizontal></extensions>
</trkpt>
<trkpt lat="50.464418" lon="-104.538694">
<ele>563</ele>
<time>2026-09-27T09:59:11.25-06:00</time>
<extensions>
<gpxtpx:TrackPointExtension>
<gpxtpx:speed>4.38</gpxtpx:speed>
</gpxtpx:TrackPointExtension>
<opentracks:accuracy_horizontal>4.592</opentracks:accuracy_horizontal></extensions>
</trkpt>
<trkpt lat="50.464523" lon="-104.538605">
<ele>564</ele>
<time>2026-09-27T09:59:14.238-06:00</time>
<extensions>
<gpxtpx:TrackPointExtension>
<gpxtpx:speed>4.72</gpxtpx:speed>
</gpxtpx:TrackPointExtension>
<opentracks:accuracy_horizontal>4.592</opentracks:accuracy_horizontal></extensions>
</trkpt>
<trkpt lat="50.464586" lon="-104.538458">
<ele>564</ele>
<time>2026-09-27T09:59:17.252-06:00</time>
<extensions>
<gpxtpx:TrackPointExtension>
<gpxtpx:speed>4.68</gpxtpx:speed>
</gpxtpx:TrackPointExtension>
<opentracks:accuracy_horizontal>4.592</opentracks:accuracy_horizontal></extensions>
</trkpt>
<trkpt lat="50.464623" lon="-104.538322">
<ele>563</ele>
<time>2026-09-27T09:59:19.266-06:00</time>
<extensions>
<gpxtpx:TrackPointExtension>
<gpxtpx:speed>4.99</gpxtpx:speed>
</gpxtpx:TrackPointExtension>
<opentracks:accuracy_horizontal>1.02</opentracks:accuracy_horizontal></extensions>
</trkpt>
<trkpt lat="50.464648" lon="-104.538184">
<ele>564</ele>
<time>2026-09-27T09:59:21.251-06:00</time>
<extensions>
<gpxtpx:TrackPointExtension>
<gpxtpx:speed>5.26</gpxtpx:speed>
</gpxtpx:TrackPointExtension>
<opentracks:accuracy_horizontal>1.02</opentracks:accuracy_horizontal></extensions>
</trkpt>
<trkpt lat="50.464687" lon="-104.538056">
<ele>564</ele>
<time>2026-09-27T09:59:23.251-06:00</time>
<extensions>
<gpxtpx:TrackPointExtension>
<gpxtpx:speed>4.78</gpxtpx:speed>
</gpxtpx:TrackPointExtension>
<opentracks:accuracy_horizontal>1.02</opentracks:accuracy_horizontal></extensions>
</trkpt>
<trkpt lat="50.464741" lon="-104.537902">
<ele>564</ele>
<time>2026-09-27T09:59:26.26-06:00</time>
<extensions>
<gpxtpx:TrackPointExtension>
<gpxtpx:speed>4.13</gpxtpx:speed>
</gpxtpx:TrackPointExtension>
<opentracks:accuracy_horizontal>1.02</opentracks:accuracy_horizontal></extensions>
</trkpt>
<trkpt lat="50.464793" lon="-104.537736">
<ele>565</ele>
<time>2026-09-27T09:59:29.269-06:00</time>
<extensions>
<gpxtpx:TrackPointExtension>
<gpxtpx:speed>4.5</gpxtpx:speed>
</gpxtpx:TrackPointExtension>
<opentracks:accuracy_horizontal>1.02</opentracks:accuracy_horizontal></extensions>
</trkpt>
<trkpt lat="50.464847" lon="-104.53756">
<ele>565</ele>
<time>2026-09-27T09:59:32.253-06:00</time>
<extensions>
<gpxtpx:TrackPointExtension>
<gpxtpx:speed>4.15</gpxtpx:speed>
</gpxtpx:TrackPointExtension>
<opentracks:accuracy_horizontal>1.02</opentracks:accuracy_horizontal></extensions>
</trkpt>
<trkpt lat="50.464888" lon="-104.537405">
<ele>565</ele>
<time>2026-09-27T09:59:35.253-06:00</time>
<extensions>
<gpxtpx:TrackPointExtension>
<gpxtpx:speed>3.58</gpxtpx:speed>
</gpxtpx:TrackPointExtension>
<opentracks:accuracy_horizontal>4.592</opentracks:accuracy_horizontal></extensions>
</trkpt>
<trkpt lat="50.464919" lon="-104.537237">
<ele>565</ele>
<time>2026-09-27T09:59:39.261-06:00</time>
<extensions>
<gpxtpx:TrackPointExtension>
<gpxtpx:speed>2.89</gpxtpx:speed>
</gpxtpx:TrackPointExtension>
<opentracks:accuracy_horizontal>5.612</opentracks:accuracy_horizontal></extensions>
</trkpt>
<trkpt lat="50.464945" lon="-104.537094">
<ele>565</ele>
<time>2026-09-27T09:59:43.258-06:00</time>
<extensions>
<gpxtpx:TrackPointExtension>
<gpxtpx:speed>2.05</gpxtpx:speed>
</gpxtpx:TrackPointExtension>
<opentracks:accuracy_horizontal>4.592</opentracks:accuracy_horizontal></extensions>
</trkpt>
<trkpt lat="50.465047" lon="-104.537075">
<ele>566</ele>
<time>2026-09-27T09:59:51.258-06:00</time>
<extensions>
<gpxtpx:TrackPointExtension>
<gpxtpx:speed>1.26</gpxtpx:speed>
</gpxtpx:TrackPointExtension>
<opentracks:accuracy_horizontal>7.653</opentracks:accuracy_horizontal></extensions>
</trkpt>
<trkpt lat="50.465109" lon="-104.537107">
<ele>565</ele>
<time>2026-09-27T10:00:01.264-06:00</time>
<extensions>
<gpxtpx:TrackPointExtension>
<gpxtpx:speed>0.01</gpxtpx:speed>
</gpxtpx:TrackPointExtension>
<opentracks:accuracy_horizontal>5.102</opentracks:accuracy_horizontal></extensions>
</trkpt>
<trkpt lat="50.465183" lon="-104.537086">
<ele>557</ele>
<time>2026-09-27T10:01:27.223-06:00</time>
<extensions>
<gpxtpx:TrackPointExtension>
<gpxtpx:speed>0.36</gpxtpx:speed>
</gpxtpx:TrackPointExtension>
<opentracks:accuracy_horizontal>8.163</opentracks:accuracy_horizontal></extensions>
</trkpt>
</trkseg>
</trk>
</gpx>
