<?xml version="1.0" encoding="UTF-8"?>
<gpx
version="1.1"
creator="OpenTracks"
xmlns="http://www.topografix.com/GPX/1/1"
xmlns:topografix="http://www.topografix.com/GPX/Private/TopoGrafix/0/1"
xmlns:xsi="http://www.w3.org/2001/XMLSchema-instance"
xmlns:opentracks="http://opentracksapp.com/xmlschemas/v1"
xmlns:gpxtpx="http://www.garmin.com/xmlschemas/TrackPointExtension/v2"
xmlns:gpxtrkx="http://www.garmin.com/xmlschemas/TrackStatsExtension/v1"
xmlns:cluetrust="http://www.cluetrust.com/Schemas/"
xmlns:pwr="http://www.garmin.com/xmlschemas/PowerExtension/v1"
xsi:schemaLocation="http://www.topografix.com/GPX/1/1 http://www.topografix.com/GPX/1/1/gpx.xsd http://www.topografix.com/GPX/Private/TopoGrafix/0/1 http://www.topografix.com/GPX/Private/TopoGrafix/0/1/topografix.xsd http://www.garmin.com/xmlschemas/TrackPointExtension/v2 https://www8.garmin.com/xmlschemas/TrackPointExtensionv2.xsd http://www.garmin.com/xmlschemas/PowerExtension/v1 https://www8.garmin.com/xmlschemas/PowerExtensionv1.xsd http://www.garmin.com/xmlschemas/TrackStatsExtension/v1 https://www8.garmin.com/xmlschemas/TrackStatsExtension.xsd http://www.cluetrust.com/Schemas https://www.cluetrust.com/Schemas/gpxdata10.xsd http://opentracksapp.com/xmlschemas/v1 http://opentracksapp.com/xmlschemas/OpenTracks_v1.xsd">
<trk>
<name><![CDATA[2026-09-25T18:10-06]]></name>
<desc><![CDATA[]]></desc>
<type><![CDATA[unknown]]></type>
<extensions>
<topografix:color>c0c0c0</topografix:color>
<opentracks:trackid>a60c556d-3d6a-4e2f-8226-4ddbe8964e6f</opentracks:trackid>
<opentracks:typeTranslated><![CDATA[unknown]]></opentracks:typeTranslated>
<gpxtrkx:TrackStatsExtension>
<gpxtrkx:Distance>14750.330078125</gpxtrkx:Distance>
<gpxtrkx:TotalElapsedTime>4980</gpxtrkx:TotalElapsedTime>
<gpxtrkx:MovingTime>3718</gpxtrkx:MovingTime>
<gpxtrkx:StoppedTime>1261</gpxtrkx:StoppedTime>
<gpxtrkx:MaxSpeed>8.609999656677246</gpxtrkx:MaxSpeed>
<gpxtrkx:MovingSpeed>3.9664923810428494</gpxtrkx:MovingSpeed>
</gpxtrkx:TrackStatsExtension>
</extensions>
<trkseg>
<trkpt lat="50.465113" lon="-104.537024">
<ele>562</ele>
<time>2026-09-25T18:10:31.794-06:00</time>
<extensions>
<gpxtpx:TrackPointExtension>
<gpxtpx:speed>0.72</gpxtpx:speed>
</gpxtpx:TrackPointExtension>
<opentracks:accuracy_horizontal>15.816</opentracks:accuracy_horizontal></extensions>
</trkpt>
<trkpt lat="50.465172" lon="-104.537007">
<ele>562</ele>
<time>2026-09-25T18:10:41.822-06:00</time>
<extensions>
<gpxtpx:TrackPointExtension>
<gpxtpx:speed>0.08</gpxtpx:speed>
</gpxtpx:TrackPointExtension>
<opentracks:accuracy_horizontal>17.857</opentracks:accuracy_horizontal></extensions>
</trkpt>
<trkpt lat="50.46509" lon="-104.537076">
<ele>556</ele>
<time>2026-09-25T18:11:17.806-06:00</time>
<extensions>
<gpxtpx:TrackPointExtension>
<gpxtpx:speed>2.08</gpxtpx:speed>
</gpxtpx:TrackPointExtension>
<opentracks:accuracy_horizontal>8.163</opentracks:accuracy_horizontal></extensions>
</trkpt>
<trkpt lat="50.465066" lon="-104.537005">
<ele>556</ele>
<time>2026-09-25T18:11:27.826-06:00</time>
<extensions>
<gpxtpx:TrackPointExtension>
<gpxtpx:speed>0</gpxtpx:speed>
</gpxtpx:TrackPointExtension>
<opentracks:accuracy_horizontal>12.755</opentracks:accuracy_horizontal></extensions>
</trkpt>
<trkpt lat="50.464971" lon="-104.537002">
<ele>564</ele>
<time>2026-09-25T18:15:03.845-06:00</time>
<extensions>
<gpxtpx:TrackPointExtension>
<gpxtpx:speed>2.33</gpxtpx:speed>
</gpxtpx:TrackPointExtension>
<opentracks:accuracy_horizontal>6.122</opentracks:accuracy_horizontal></extensions>
</trkpt>
<trkpt lat="50.464941" lon="-104.536851">
<ele>564</ele>
<time>2026-09-25T18:15:08.861-06:00</time>
<extensions>
<gpxtpx:TrackPointExtension>
<gpxtpx:speed>3.3</gpxtpx:speed>
</gpxtpx:TrackPointExtension>
<opentracks:accuracy_horizontal>5.102</opentracks:accuracy_horizontal></extensions>
</trkpt>
<trkpt lat="50.464888" lon="-104.53673">
<ele>564</ele>
<time>2026-09-25T18:15:11.854-06:00</time>
<extensions>
<gpxtpx:TrackPointExtension>
<gpxtpx:speed>3.15</gpxtpx:speed>
</gpxtpx:TrackPointExtension>
<opentracks:accuracy_horizontal>6.122</opentracks:accuracy_horizontal></extensions>
</trkpt>
<trkpt lat="50.464784" lon="-104.536666">
<ele>563</ele>
<time>2026-09-25T18:15:15.84-06:00</time>
<extensions>
<gpxtpx:TrackPointExtension>
<gpxtpx:speed>3.54</gpxtpx:speed>
</gpxtpx:TrackPointExtension>
<opentracks:accuracy_horizontal>5.102</opentracks:accuracy_horizontal></extensions>
</trkpt>
<trkpt lat="50.464678" lon="-104.536615">
<ele>562</ele>
<time>2026-09-25T18:15:18.824-06:00</time>
<extensions>
<gpxtpx:TrackPointExtension>
<gpxtpx:speed>3.97</gpxtpx:speed>
</gpxtpx:TrackPointExtension>
<opentracks:accuracy_horizontal>5.612</opentracks:accuracy_horizontal></extensions>
</trkpt>
<trkpt lat="50.464579" lon="-104.536558">
<ele>562</ele>
<time>2026-09-25T18:15:21.842-06:00</time>
<extensions>
<gpxtpx:TrackPointExtension>
<gpxtpx:speed>3.75</gpxtpx:speed>
</gpxtpx:TrackPointExtension>
<opentracks:accuracy_horizontal>4.082</opentracks:accuracy_horizontal></extensions>
</trkpt>
<trkpt lat="50.464485" lon="-104.536504">
<ele>562</ele>
<time>2026-09-25T18:15:24.83-06:00</time>
<extensions>
<gpxtpx:TrackPointExtension>
<gpxtpx:speed>3.66</gpxtpx:speed>
</gpxtpx:TrackPointExtension>
<opentracks:accuracy_horizontal>5.612</opentracks:accuracy_horizontal></extensions>
</trkpt>
<trkpt lat="50.464393" lon="-104.536487">
<ele>562</ele>
<time>2026-09-25T18:15:27.844-06:00</time>
<extensions>
<gpxtpx:TrackPointExtension>
<gpxtpx:speed>3.47</gpxtpx:speed>
</gpxtpx:TrackPointExtension>
<opentracks:accuracy_horizontal>5.612</opentracks:accuracy_horizontal></extensions>
</trkpt>
<trkpt lat="50.464298" lon="-104.536474">
<ele>562</ele>
<time>2026-09-25T18:15:30.847-06:00</time>
<extensions>
<gpxtpx:TrackPointExtension>
<gpxtpx:speed>3.43</gpxtpx:speed>
</gpxtpx:TrackPointExtension>
<opentracks:accuracy_horizontal>4.082</opentracks:accuracy_horizontal></extensions>
</trkpt>
<trkpt lat="50.464209" lon="-104.536427">
<ele>563</ele>
<time>2026-09-25T18:15:33.854-06:00</time>
<extensions>
<gpxtpx:TrackPointExtension>
<gpxtpx:speed>3.74</gpxtpx:speed>
</gpxtpx:TrackPointExtension>
<opentracks:accuracy_horizontal>5.102</opentracks:accuracy_horizontal></extensions>
</trkpt>
<trkpt lat="50.46411" lon="-104.536347">
<ele>562</ele>
<time>2026-09-25T18:15:36.843-06:00</time>
<extensions>
<gpxtpx:TrackPointExtension>
<gpxtpx:speed>4.26</gpxtpx:speed>
</gpxtpx:TrackPointExtension>
<opentracks:accuracy_horizontal>4.592</opentracks:accuracy_horizontal></extensions>
</trkpt>
<trkpt lat="50.463996" lon="-104.536315">
<ele>562</ele>
<time>2026-09-25T18:15:39.847-06:00</time>
<extensions>
<gpxtpx:TrackPointExtension>
<gpxtpx:speed>4.4</gpxtpx:speed>
</gpxtpx:TrackPointExtension>
<opentracks:accuracy_horizontal>1.02</opentracks:accuracy_horizontal></extensions>
</trkpt>
<trkpt lat="50.463889" lon="-104.536275">
<ele>562</ele>
<time>2026-09-25T18:15:42.851-06:00</time>
<extensions>
<gpxtpx:TrackPointExtension>
<gpxtpx:speed>3.64</gpxtpx:speed>
</gpxtpx:TrackPointExtension>
<opentracks:accuracy_horizontal>0.51</opentracks:accuracy_horizontal></extensions>
</trkpt>
<trkpt lat="50.463798" lon="-104.536234">
<ele>562</ele>
<time>2026-09-25T18:15:45.85-06:00</time>
<extensions>
<gpxtpx:TrackPointExtension>
<gpxtpx:speed>3.35</gpxtpx:speed>
</gpxtpx:TrackPointExtension>
<opentracks:accuracy_horizontal>5.612</opentracks:accuracy_horizontal></extensions>
</trkpt>
<trkpt lat="50.463683" lon="-104.536204">
<ele>562</ele>
<time>2026-09-25T18:15:49.845-06:00</time>
<extensions>
<gpxtpx:TrackPointExtension>
<gpxtpx:speed>3.01</gpxtpx:speed>
</gpxtpx:TrackPointExtension>
<opentracks:accuracy_horizontal>5.612</opentracks:accuracy_horizontal></extensions>
</trkpt>
<trkpt lat="50.463583" lon="-104.536207">
<ele>562</ele>
<time>2026-09-25T18:15:52.838-06:00</time>
<extensions>
<gpxtpx:TrackPointExtension>
<gpxtpx:speed>3.78</gpxtpx:speed>
</gpxtpx:TrackPointExtension>
<opentracks:accuracy_horizontal>6.122</opentracks:accuracy_horizontal></extensions>
</trkpt>
<trkpt lat="50.463503" lon="-104.536355">
<ele>562</ele>
<time>2026-09-25T18:15:55.86-06:00</time>
<extensions>
<gpxtpx:TrackPointExtension>
<gpxtpx:speed>4.69</gpxtpx:speed>
</gpxtpx:TrackPointExtension>
<opentracks:accuracy_horizontal>1.02</opentracks:accuracy_horizontal></extensions>
</trkpt>
<trkpt lat="50.463463" lon="-104.536553">
<ele>561</ele>
<time>2026-09-25T18:15:58.85-06:00</time>
<extensions>
<gpxtpx:TrackPointExtension>
<gpxtpx:speed>5.01</gpxtpx:speed>
</gpxtpx:TrackPointExtension>
<opentracks:accuracy_horizontal>1.02</opentracks:accuracy_horizontal></extensions>
</trkpt>
<trkpt lat="50.463438" lon="-104.536689">
<ele>560</ele>
<time>2026-09-25T18:16:00.867-06:00</time>
<extensions>
<gpxtpx:TrackPointExtension>
<gpxtpx:speed>4.89</gpxtpx:speed>
</gpxtpx:TrackPointExtension>
<opentracks:accuracy_horizontal>1.531</opentracks:accuracy_horizontal></extensions>
</trkpt>
<trkpt lat="50.463381" lon="-104.536874">
<ele>561</ele>
<time>2026-09-25T18:16:03.845-06:00</time>
<extensions>
<gpxtpx:TrackPointExtension>
<gpxtpx:speed>4.78</gpxtpx:speed>
</gpxtpx:TrackPointExtension>
<opentracks:accuracy_horizontal>1.02</opentracks:accuracy_horizontal></extensions>
</trkpt>
<trkpt lat="50.463305" lon="-104.53701">
<ele>560</ele>
<time>2026-09-25T18:16:06.838-06:00</time>
<extensions>
<gpxtpx:TrackPointExtension>
<gpxtpx:speed>4.82</gpxtpx:speed>
</gpxtpx:TrackPointExtension>
<opentracks:accuracy_horizontal>1.02</opentracks:accuracy_horizontal></extensions>
</trkpt>
<trkpt lat="50.463207" lon="-104.537126">
<ele>559</ele>
<time>2026-09-25T18:16:09.833-06:00</time>
<extensions>
<gpxtpx:TrackPointExtension>
<gpxtpx:speed>4.45</gpxtpx:speed>
</gpxtpx:TrackPointExtension>
<opentracks:accuracy_horizontal>1.02</opentracks:accuracy_horizontal></extensions>
</trkpt>
<trkpt lat="50.463094" lon="-104.537211">
<ele>561</ele>
<time>2026-09-25T18:16:12.849-06:00</time>
<extensions>
<gpxtpx:TrackPointExtension>
<gpxtpx:speed>4.14</gpxtpx:speed>
</gpxtpx:TrackPointExtension>
<opentracks:accuracy_horizontal>3.571</opentracks:accuracy_horizontal></extensions>
</trkpt>
<trkpt lat="50.462994" lon="-104.537291">
<ele>562</ele>
<time>2026-09-25T18:16:15.851-06:00</time>
<extensions>
<gpxtpx:TrackPointExtension>
<gpxtpx:speed>3.8</gpxtpx:speed>
</gpxtpx:TrackPointExtension>
<opentracks:accuracy_horizontal>4.082</opentracks:accuracy_horizontal></extensions>
</trkpt>
<trkpt lat="50.46291" lon="-104.537369">
<ele>562</ele>
<time>2026-09-25T18:16:18.843-06:00</time>
<extensions>
<gpxtpx:TrackPointExtension>
<gpxtpx:speed>3.66</gpxtpx:speed>
</gpxtpx:TrackPointExtension>
<opentracks:accuracy_horizontal>4.082</opentracks:accuracy_horizontal></extensions>
</trkpt>
<trkpt lat="50.462841" lon="-104.537471">
<ele>561</ele>
<time>2026-09-25T18:16:21.846-06:00</time>
<extensions>
<gpxtpx:TrackPointExtension>
<gpxtpx:speed>3.69</gpxtpx:speed>
</gpxtpx:TrackPointExtension>
<opentracks:accuracy_horizontal>6.122</opentracks:accuracy_horizontal></extensions>
</trkpt>
<trkpt lat="50.462749" lon="-104.53749">
<ele>561</ele>
<time>2026-09-25T18:16:24.859-06:00</time>
<extensions>
<gpxtpx:TrackPointExtension>
<gpxtpx:speed>3.81</gpxtpx:speed>
</gpxtpx:TrackPointExtension>
<opentracks:accuracy_horizontal>5.102</opentracks:accuracy_horizontal></extensions>
</trkpt>
<trkpt lat="50.462658" lon="-104.537418">
<ele>561</ele>
<time>2026-09-25T18:16:27.848-06:00</time>
<extensions>
<gpxtpx:TrackPointExtension>
<gpxtpx:speed>3.94</gpxtpx:speed>
</gpxtpx:TrackPointExtension>
<opentracks:accuracy_horizontal>5.612</opentracks:accuracy_horizontal></extensions>
</trkpt>
<trkpt lat="50.462577" lon="-104.537324">
<ele>561</ele>
<time>2026-09-25T18:16:30.853-06:00</time>
<extensions>
<gpxtpx:TrackPointExtension>
<gpxtpx:speed>3.51</gpxtpx:speed>
</gpxtpx:TrackPointExtension>
<opentracks:accuracy_horizontal>7.143</opentracks:accuracy_horizontal></extensions>
</trkpt>
<trkpt lat="50.46251" lon="-104.537199">
<ele>561</ele>
<time>2026-09-25T18:16:33.846-06:00</time>
<extensions>
<gpxtpx:TrackPointExtension>
<gpxtpx:speed>4.33</gpxtpx:speed>
</gpxtpx:TrackPointExtension>
<opentracks:accuracy_horizontal>1.02</opentracks:accuracy_horizontal></extensions>
</trkpt>
<trkpt lat="50.462446" lon="-104.53704">
<ele>561</ele>
<time>2026-09-25T18:16:36.861-06:00</time>
<extensions>
<gpxtpx:TrackPointExtension>
<gpxtpx:speed>4.33</gpxtpx:speed>
</gpxtpx:TrackPointExtension>
<opentracks:accuracy_horizontal>1.531</opentracks:accuracy_horizontal></extensions>
</trkpt>
<trkpt lat="50.462387" lon="-104.53687">
<ele>562</ele>
<time>2026-09-25T18:16:39.854-06:00</time>
<extensions>
<gpxtpx:TrackPointExtension>
<gpxtpx:speed>5.11</gpxtpx:speed>
</gpxtpx:TrackPointExtension>
<opentracks:accuracy_horizontal>1.02</opentracks:accuracy_horizontal></extensions>
</trkpt>
<trkpt lat="50.462345" lon="-104.536742">
<ele>561</ele>
<time>2026-09-25T18:16:41.866-06:00</time>
<extensions>
<gpxtpx:TrackPointExtension>
<gpxtpx:speed>4.86</gpxtpx:speed>
</gpxtpx:TrackPointExtension>
<opentracks:accuracy_horizontal>0.51</opentracks:accuracy_horizontal></extensions>
</trkpt>
<trkpt lat="50.462269" lon="-104.536569">
<ele>562</ele>
<time>2026-09-25T18:16:44.85-06:00</time>
<extensions>
<gpxtpx:TrackPointExtension>
<gpxtpx:speed>4.69</gpxtpx:speed>
</gpxtpx:TrackPointExtension>
<opentracks:accuracy_horizontal>1.02</opentracks:accuracy_horizontal></extensions>
</trkpt>
<trkpt lat="50.462193" lon="-104.536406">
<ele>562</ele>
<time>2026-09-25T18:16:47.858-06:00</time>
<extensions>
<gpxtpx:TrackPointExtension>
<gpxtpx:speed>4.94</gpxtpx:speed>
</gpxtpx:TrackPointExtension>
<opentracks:accuracy_horizontal>1.02</opentracks:accuracy_horizontal></extensions>
</trkpt>
<trkpt lat="50.462132" lon="-104.536294">
<ele>561</ele>
<time>2026-09-25T18:16:49.842-06:00</time>
<extensions>
<gpxtpx:TrackPointExtension>
<gpxtpx:speed>4.89</gpxtpx:speed>
</gpxtpx:TrackPointExtension>
<opentracks:accuracy_horizontal>1.02</opentracks:accuracy_horizontal></extensions>
</trkpt>
<trkpt lat="50.462031" lon="-104.536178">
<ele>560</ele>
<time>2026-09-25T18:16:52.848-06:00</time>
<extensions>
<gpxtpx:TrackPointExtension>
<gpxtpx:speed>4.79</gpxtpx:speed>
</gpxtpx:TrackPointExtension>
<opentracks:accuracy_horizontal>1.02</opentracks:accuracy_horizontal></extensions>
</trkpt>
<trkpt lat="50.46192" lon="-104.536057">
<ele>560</ele>
<time>2026-09-25T18:16:55.863-06:00</time>
<extensions>
<gpxtpx:TrackPointExtension>
<gpxtpx:speed>4.85</gpxtpx:speed>
</gpxtpx:TrackPointExtension>
<opentracks:accuracy_horizontal>1.02</opentracks:accuracy_horizontal></extensions>
</trkpt>
<trkpt lat="50.461843" lon="-104.535983">
<ele>560</ele>
<time>2026-09-25T18:16:57.856-06:00</time>
<extensions>
<gpxtpx:TrackPointExtension>
<gpxtpx:speed>5.29</gpxtpx:speed>
</gpxtpx:TrackPointExtension>
<opentracks:accuracy_horizontal>1.02</opentracks:accuracy_horizontal></extensions>
</trkpt>
<trkpt lat="50.461723" lon="-104.535915">
<ele>560</ele>
<time>2026-09-25T18:17:00.855-06:00</time>
<extensions>
<gpxtpx:TrackPointExtension>
<gpxtpx:speed>4.79</gpxtpx:speed>
</gpxtpx:TrackPointExtension>
<opentracks:accuracy_horizontal>1.02</opentracks:accuracy_horizontal></extensions>
</trkpt>
<trkpt lat="50.461633" lon="-104.535874">
<ele>561</ele>
<time>2026-09-25T18:17:02.84-06:00</time>
<extensions>
<gpxtpx:TrackPointExtension>
<gpxtpx:speed>4.91</gpxtpx:speed>
</gpxtpx:TrackPointExtension>
<opentracks:accuracy_horizontal>1.02</opentracks:accuracy_horizontal></extensions>
</trkpt>
<trkpt lat="50.461543" lon="-104.535839">
<ele>560</ele>
<time>2026-09-25T18:17:04.843-06:00</time>
<extensions>
<gpxtpx:TrackPointExtension>
<gpxtpx:speed>5.14</gpxtpx:speed>
</gpxtpx:TrackPointExtension>
<opentracks:accuracy_horizontal>1.02</opentracks:accuracy_horizontal></extensions>
</trkpt>
<trkpt lat="50.461456" lon="-104.5358">
<ele>561</ele>
<time>2026-09-25T18:17:06.852-06:00</time>
<extensions>
<gpxtpx:TrackPointExtension>
<gpxtpx:speed>5.01</gpxtpx:speed>
</gpxtpx:TrackPointExtension>
<opentracks:accuracy_horizontal>1.02</opentracks:accuracy_horizontal></extensions>
</trkpt>
<trkpt lat="50.461329" lon="-104.535749">
<ele>560</ele>
<time>2026-09-25T18:17:09.849-06:00</time>
<extensions>
<gpxtpx:TrackPointExtension>
<gpxtpx:speed>5.13</gpxtpx:speed>
</gpxtpx:TrackPointExtension>
<opentracks:accuracy_horizontal>1.02</opentracks:accuracy_horizontal></extensions>
</trkpt>
<trkpt lat="50.461237" lon="-104.535716">
<ele>559</ele>
<time>2026-09-25T18:17:11.852-06:00</time>
<extensions>
<gpxtpx:TrackPointExtension>
<gpxtpx:speed>5.11</gpxtpx:speed>
</gpxtpx:TrackPointExtension>
<opentracks:accuracy_horizontal>1.02</opentracks:accuracy_horizontal></extensions>
</trkpt>
<trkpt lat="50.461111" lon="-104.535637">
<ele>559</ele>
<time>2026-09-25T18:17:14.854-06:00</time>
<extensions>
<gpxtpx:TrackPointExtension>
<gpxtpx:speed>5.65</gpxtpx:speed>
</gpxtpx:TrackPointExtension>
<opentracks:accuracy_horizontal>0.51</opentracks:accuracy_horizontal></extensions>
</trkpt>
<trkpt lat="50.460983" lon="-104.535589">
<ele>559</ele>
<time>2026-09-25T18:17:17.837-06:00</time>
<extensions>
<gpxtpx:TrackPointExtension>
<gpxtpx:speed>5.13</gpxtpx:speed>
</gpxtpx:TrackPointExtension>
<opentracks:accuracy_horizontal>1.02</opentracks:accuracy_horizontal></extensions>
</trkpt>
<trkpt lat="50.460872" lon="-104.53553">
<ele>559</ele>
<time>2026-09-25T18:17:20.862-06:00</time>
<extensions>
<gpxtpx:TrackPointExtension>
<gpxtpx:speed>4.25</gpxtpx:speed>
</gpxtpx:TrackPointExtension>
<opentracks:accuracy_horizontal>3.571</opentracks:accuracy_horizontal></extensions>
</trkpt>
<trkpt lat="50.460766" lon="-104.535475">
<ele>560</ele>
<time>2026-09-25T18:17:23.847-06:00</time>
<extensions>
<gpxtpx:TrackPointExtension>
<gpxtpx:speed>4.21</gpxtpx:speed>
</gpxtpx:TrackPointExtension>
<opentracks:accuracy_horizontal>1.02</opentracks:accuracy_horizontal></extensions>
</trkpt>
<trkpt lat="50.460655" lon="-104.535418">
<ele>560</ele>
<time>2026-09-25T18:17:26.845-06:00</time>
<extensions>
<gpxtpx:TrackPointExtension>
<gpxtpx:speed>4.97</gpxtpx:speed>
</gpxtpx:TrackPointExtension>
<opentracks:accuracy_horizontal>5.102</opentracks:accuracy_horizontal></extensions>
</trkpt>
<trkpt lat="50.460558" lon="-104.535321">
<ele>560</ele>
<time>2026-09-25T18:17:29.858-06:00</time>
<extensions>
<gpxtpx:TrackPointExtension>
<gpxtpx:speed>4.25</gpxtpx:speed>
</gpxtpx:TrackPointExtension>
<opentracks:accuracy_horizontal>4.592</opentracks:accuracy_horizontal></extensions>
</trkpt>
<trkpt lat="50.460454" lon="-104.535219">
<ele>560</ele>
<time>2026-09-25T18:17:32.861-06:00</time>
<extensions>
<gpxtpx:TrackPointExtension>
<gpxtpx:speed>4.54</gpxtpx:speed>
</gpxtpx:TrackPointExtension>
<opentracks:accuracy_horizontal>1.02</opentracks:accuracy_horizontal></extensions>
</trkpt>
<trkpt lat="50.460351" lon="-104.535134">
<ele>561</ele>
<time>2026-09-25T18:17:35.857-06:00</time>
<extensions>
<gpxtpx:TrackPointExtension>
<gpxtpx:speed>4</gpxtpx:speed>
</gpxtpx:TrackPointExtension>
<opentracks:accuracy_horizontal>0.51</opentracks:accuracy_horizontal></extensions>
</trkpt>
<trkpt lat="50.460248" lon="-104.535068">
<ele>561</ele>
<time>2026-09-25T18:17:38.851-06:00</time>
<extensions>
<gpxtpx:TrackPointExtension>
<gpxtpx:speed>4.04</gpxtpx:speed>
</gpxtpx:TrackPointExtension>
<opentracks:accuracy_horizontal>3.061</opentracks:accuracy_horizontal></extensions>
</trkpt>
<trkpt lat="50.460149" lon="-104.534995">
<ele>561</ele>
<time>2026-09-25T18:17:41.847-06:00</time>
<extensions>
<gpxtpx:TrackPointExtension>
<gpxtpx:speed>3.7</gpxtpx:speed>
</gpxtpx:TrackPointExtension>
<opentracks:accuracy_horizontal>1.02</opentracks:accuracy_horizontal></extensions>
</trkpt>
<trkpt lat="50.460044" lon="-104.534913">
<ele>561</ele>
<time>2026-09-25T18:17:45.863-06:00</time>
<extensions>
<gpxtpx:TrackPointExtension>
<gpxtpx:speed>2.89</gpxtpx:speed>
</gpxtpx:TrackPointExtension>
<opentracks:accuracy_horizontal>3.571</opentracks:accuracy_horizontal></extensions>
</trkpt>
<trkpt lat="50.459951" lon="-104.534958">
<ele>562</ele>
<time>2026-09-25T18:17:49.843-06:00</time>
<extensions>
<gpxtpx:TrackPointExtension>
<gpxtpx:speed>3.78</gpxtpx:speed>
</gpxtpx:TrackPointExtension>
<opentracks:accuracy_horizontal>5.612</opentracks:accuracy_horizontal></extensions>
</trkpt>
<trkpt lat="50.459887" lon="-104.535074">
<ele>562</ele>
<time>2026-09-25T18:17:52.832-06:00</time>
<extensions>
<gpxtpx:TrackPointExtension>
<gpxtpx:speed>4.33</gpxtpx:speed>
</gpxtpx:TrackPointExtension>
<opentracks:accuracy_horizontal>4.592</opentracks:accuracy_horizontal></extensions>
</trkpt>
<trkpt lat="50.459834" lon="-104.535229">
<ele>561</ele>
<time>2026-09-25T18:17:55.836-06:00</time>
<extensions>
<gpxtpx:TrackPointExtension>
<gpxtpx:speed>4.37</gpxtpx:speed>
</gpxtpx:TrackPointExtension>
<opentracks:accuracy_horizontal>1.02</opentracks:accuracy_horizontal></extensions>
</trkpt>
<trkpt lat="50.459754" lon="-104.53538">
<ele>562</ele>
<time>2026-09-25T18:17:58.845-06:00</time>
<extensions>
<gpxtpx:TrackPointExtension>
<gpxtpx:speed>4.16</gpxtpx:speed>
</gpxtpx:TrackPointExtension>
<opentracks:accuracy_horizontal>1.02</opentracks:accuracy_horizontal></extensions>
</trkpt>
<trkpt lat="50.459664" lon="-104.535471">
<ele>563</ele>
<time>2026-09-25T18:18:01.839-06:00</time>
<extensions>
<gpxtpx:TrackPointExtension>
<gpxtpx:speed>3.9</gpxtpx:speed>
</gpxtpx:TrackPointExtension>
<opentracks:accuracy_horizontal>1.02</opentracks:accuracy_horizontal></extensions>
</trkpt>
<trkpt lat="50.459562" lon="-104.535485">
<ele>563</ele>
<time>2026-09-25T18:18:04.859-06:00</time>
<extensions>
<gpxtpx:TrackPointExtension>
<gpxtpx:speed>3.85</gpxtpx:speed>
</gpxtpx:TrackPointExtension>
<opentracks:accuracy_horizontal>4.592</opentracks:accuracy_horizontal></extensions>
</trkpt>
<trkpt lat="50.459447" lon="-104.535422">
<ele>562</ele>
<time>2026-09-25T18:18:07.851-06:00</time>
<extensions>
<gpxtpx:TrackPointExtension>
<gpxtpx:speed>4.73</gpxtpx:speed>
</gpxtpx:TrackPointExtension>
<opentracks:accuracy_horizontal>4.082</opentracks:accuracy_horizontal></extensions>
</trkpt>
<trkpt lat="50.459332" lon="-104.535322">
<ele>562</ele>
<time>2026-09-25T18:18:10.861-06:00</time>
<extensions>
<gpxtpx:TrackPointExtension>
<gpxtpx:speed>5.03</gpxtpx:speed>
</gpxtpx:TrackPointExtension>
<opentracks:accuracy_horizontal>1.02</opentracks:accuracy_horizontal></extensions>
</trkpt>
<trkpt lat="50.459251" lon="-104.535247">
<ele>562</ele>
<time>2026-09-25T18:18:12.856-06:00</time>
<extensions>
<gpxtpx:TrackPointExtension>
<gpxtpx:speed>5.01</gpxtpx:speed>
</gpxtpx:TrackPointExtension>
<opentracks:accuracy_horizontal>1.02</opentracks:accuracy_horizontal></extensions>
</trkpt>
<trkpt lat="50.459173" lon="-104.535166">
<ele>563</ele>
<time>2026-09-25T18:18:14.847-06:00</time>
<extensions>
<gpxtpx:TrackPointExtension>
<gpxtpx:speed>4.52</gpxtpx:speed>
</gpxtpx:TrackPointExtension>
<opentracks:accuracy_horizontal>1.02</opentracks:accuracy_horizontal></extensions>
</trkpt>
<trkpt lat="50.459076" lon="-104.535079">
<ele>563</ele>
<time>2026-09-25T18:18:17.847-06:00</time>
<extensions>
<gpxtpx:TrackPointExtension>
<gpxtpx:speed>3.9</gpxtpx:speed>
</gpxtpx:TrackPointExtension>
<opentracks:accuracy_horizontal>4.082</opentracks:accuracy_horizontal></extensions>
</trkpt>
<trkpt lat="50.45898" lon="-104.535004">
<ele>562</ele>
<time>2026-09-25T18:18:20.858-06:00</time>
<extensions>
<gpxtpx:TrackPointExtension>
<gpxtpx:speed>4.42</gpxtpx:speed>
</gpxtpx:TrackPointExtension>
<opentracks:accuracy_horizontal>1.02</opentracks:accuracy_horizontal></extensions>
</trkpt>
<trkpt lat="50.45887" lon="-104.534937">
<ele>562</ele>
<time>2026-09-25T18:18:23.839-06:00</time>
<extensions>
<gpxtpx:TrackPointExtension>
<gpxtpx:speed>4.09</gpxtpx:speed>
</gpxtpx:TrackPointExtension>
<opentracks:accuracy_horizontal>0.51</opentracks:accuracy_horizontal></extensions>
</trkpt>
<trkpt lat="50.458769" lon="-104.53491">
<ele>562</ele>
<time>2026-09-25T18:18:26.845-06:00</time>
<extensions>
<gpxtpx:TrackPointExtension>
<gpxtpx:speed>3.28</gpxtpx:speed>
</gpxtpx:TrackPointExtension>
<opentracks:accuracy_horizontal>1.02</opentracks:accuracy_horizontal></extensions>
</trkpt>
<trkpt lat="50.458677" lon="-104.534886">
<ele>562</ele>
<time>2026-09-25T18:18:29.849-06:00</time>
<extensions>
<gpxtpx:TrackPointExtension>
<gpxtpx:speed>3.77</gpxtpx:speed>
</gpxtpx:TrackPointExtension>
<opentracks:accuracy_horizontal>7.143</opentracks:accuracy_horizontal></extensions>
</trkpt>
<trkpt lat="50.458555" lon="-104.534888">
<ele>563</ele>
<time>2026-09-25T18:18:32.873-06:00</time>
<extensions>
<gpxtpx:TrackPointExtension>
<gpxtpx:speed>4.1</gpxtpx:speed>
</gpxtpx:TrackPointExtension>
<opentracks:accuracy_horizontal>5.612</opentracks:accuracy_horizontal></extensions>
</trkpt>
<trkpt lat="50.458463" lon="-104.534891">
<ele>563</ele>
<time>2026-09-25T18:18:34.842-06:00</time>
<extensions>
<gpxtpx:TrackPointExtension>
<gpxtpx:speed>4.97</gpxtpx:speed>
</gpxtpx:TrackPointExtension>
<opentracks:accuracy_horizontal>6.122</opentracks:accuracy_horizontal></extensions>
</trkpt>
<trkpt lat="50.458334" lon="-104.53494">
<ele>561</ele>
<time>2026-09-25T18:18:37.846-06:00</time>
<extensions>
<gpxtpx:TrackPointExtension>
<gpxtpx:speed>4.69</gpxtpx:speed>
</gpxtpx:TrackPointExtension>
<opentracks:accuracy_horizontal>5.612</opentracks:accuracy_horizontal></extensions>
</trkpt>
<trkpt lat="50.458231" lon="-104.535059">
<ele>562</ele>
<time>2026-09-25T18:18:40.847-06:00</time>
<extensions>
<gpxtpx:TrackPointExtension>
<gpxtpx:speed>4.24</gpxtpx:speed>
</gpxtpx:TrackPointExtension>
<opentracks:accuracy_horizontal>4.082</opentracks:accuracy_horizontal></extensions>
</trkpt>
<trkpt lat="50.45816" lon="-104.535187">
<ele>562</ele>
<time>2026-09-25T18:18:43.841-06:00</time>
<extensions>
<gpxtpx:TrackPointExtension>
<gpxtpx:speed>4.08</gpxtpx:speed>
</gpxtpx:TrackPointExtension>
<opentracks:accuracy_horizontal>6.122</opentracks:accuracy_horizontal></extensions>
</trkpt>
<trkpt lat="50.458126" lon="-104.535327">
<ele>562</ele>
<time>2026-09-25T18:18:46.839-06:00</time>
<extensions>
<gpxtpx:TrackPointExtension>
<gpxtpx:speed>3.6</gpxtpx:speed>
</gpxtpx:TrackPointExtension>
<opentracks:accuracy_horizontal>5.102</opentracks:accuracy_horizontal></extensions>
</trkpt>
<trkpt lat="50.458085" lon="-104.535471">
<ele>561</ele>
<time>2026-09-25T18:18:49.839-06:00</time>
<extensions>
<gpxtpx:TrackPointExtension>
<gpxtpx:speed>4.13</gpxtpx:speed>
</gpxtpx:TrackPointExtension>
<opentracks:accuracy_horizontal>9.184</opentracks:accuracy_horizontal></extensions>
</trkpt>
<trkpt lat="50.458031" lon="-104.535617">
<ele>562</ele>
<time>2026-09-25T18:18:52.846-06:00</time>
<extensions>
<gpxtpx:TrackPointExtension>
<gpxtpx:speed>3.28</gpxtpx:speed>
</gpxtpx:TrackPointExtension>
<opentracks:accuracy_horizontal>5.612</opentracks:accuracy_horizontal></extensions>
</trkpt>
<trkpt lat="50.457996" lon="-104.535778">
<ele>562</ele>
<time>2026-09-25T18:18:56.854-06:00</time>
<extensions>
<gpxtpx:TrackPointExtension>
<gpxtpx:speed>3.59</gpxtpx:speed>
</gpxtpx:TrackPointExtension>
<opentracks:accuracy_horizontal>6.122</opentracks:accuracy_horizontal></extensions>
</trkpt>
<trkpt lat="50.457953" lon="-104.535911">
<ele>562</ele>
<time>2026-09-25T18:18:59.843-06:00</time>
<extensions>
<gpxtpx:TrackPointExtension>
<gpxtpx:speed>3.24</gpxtpx:speed>
</gpxtpx:TrackPointExtension>
<opentracks:accuracy_horizontal>5.612</opentracks:accuracy_horizontal></extensions>
</trkpt>
<trkpt lat="50.457936" lon="-104.536067">
<ele>561</ele>
<time>2026-09-25T18:19:03.846-06:00</time>
<extensions>
<gpxtpx:TrackPointExtension>
<gpxtpx:speed>2.46</gpxtpx:speed>
</gpxtpx:TrackPointExtension>
<opentracks:accuracy_horizontal>6.122</opentracks:accuracy_horizontal></extensions>
</trkpt>
<trkpt lat="50.45796" lon="-104.536226">
<ele>561</ele>
<time>2026-09-25T18:19:06.842-06:00</time>
<extensions>
<gpxtpx:TrackPointExtension>
<gpxtpx:speed>4.29</gpxtpx:speed>
</gpxtpx:TrackPointExtension>
<opentracks:accuracy_horizontal>7.143</opentracks:accuracy_horizontal></extensions>
</trkpt>
<trkpt lat="50.457984" lon="-104.536417">
<ele>561</ele>
<time>2026-09-25T18:19:09.837-06:00</time>
<extensions>
<gpxtpx:TrackPointExtension>
<gpxtpx:speed>4.63</gpxtpx:speed>
</gpxtpx:TrackPointExtension>
<opentracks:accuracy_horizontal>5.102</opentracks:accuracy_horizontal></extensions>
</trkpt>
<trkpt lat="50.457977" lon="-104.536612">
<ele>561</ele>
<time>2026-09-25T18:19:12.852-06:00</time>
<extensions>
<gpxtpx:TrackPointExtension>
<gpxtpx:speed>4.43</gpxtpx:speed>
</gpxtpx:TrackPointExtension>
<opentracks:accuracy_horizontal>5.102</opentracks:accuracy_horizontal></extensions>
</trkpt>
<trkpt lat="50.457962" lon="-104.536789">
<ele>561</ele>
<time>2026-09-25T18:19:15.839-06:00</time>
<extensions>
<gpxtpx:TrackPointExtension>
<gpxtpx:speed>4.18</gpxtpx:speed>
</gpxtpx:TrackPointExtension>
<opentracks:accuracy_horizontal>4.592</opentracks:accuracy_horizontal></extensions>
</trkpt>
<trkpt lat="50.457983" lon="-104.536945">
<ele>562</ele>
<time>2026-09-25T18:19:18.843-06:00</time>
<extensions>
<gpxtpx:TrackPointExtension>
<gpxtpx:speed>3.82</gpxtpx:speed>
</gpxtpx:TrackPointExtension>
<opentracks:accuracy_horizontal>5.102</opentracks:accuracy_horizontal></extensions>
</trkpt>
<trkpt lat="50.457975" lon="-104.537093">
<ele>562</ele>
<time>2026-09-25T18:19:21.845-06:00</time>
<extensions>
<gpxtpx:TrackPointExtension>
<gpxtpx:speed>4.11</gpxtpx:speed>
</gpxtpx:TrackPointExtension>
<opentracks:accuracy_horizontal>5.102</opentracks:accuracy_horizontal></extensions>
</trkpt>
<trkpt lat="50.457885" lon="-104.537187">
<ele>562</ele>
<time>2026-09-25T18:19:24.849-06:00</time>
<extensions>
<gpxtpx:TrackPointExtension>
<gpxtpx:speed>4.46</gpxtpx:speed>
</gpxtpx:TrackPointExtension>
<opentracks:accuracy_horizontal>5.612</opentracks:accuracy_horizontal></extensions>
</trkpt>
<trkpt lat="50.457763" lon="-104.537214">
<ele>562</ele>
<time>2026-09-25T18:19:27.847-06:00</time>
<extensions>
<gpxtpx:TrackPointExtension>
<gpxtpx:speed>4.96</gpxtpx:speed>
</gpxtpx:TrackPointExtension>
<opentracks:accuracy_horizontal>1.02</opentracks:accuracy_horizontal></extensions>
</trkpt>
<trkpt lat="50.457634" lon="-104.53722">
<ele>562</ele>
<time>2026-09-25T18:19:30.85-06:00</time>
<extensions>
<gpxtpx:TrackPointExtension>
<gpxtpx:speed>4.8</gpxtpx:speed>
</gpxtpx:TrackPointExtension>
<opentracks:accuracy_horizontal>1.02</opentracks:accuracy_horizontal></extensions>
</trkpt>
<trkpt lat="50.457507" lon="-104.53722">
<ele>561</ele>
<time>2026-09-25T18:19:33.84-06:00</time>
<extensions>
<gpxtpx:TrackPointExtension>
<gpxtpx:speed>6.24</gpxtpx:speed>
</gpxtpx:TrackPointExtension>
<opentracks:accuracy_horizontal>1.02</opentracks:accuracy_horizontal></extensions>
</trkpt>
<trkpt lat="50.457382" lon="-104.537208">
<ele>561</ele>
<time>2026-09-25T18:19:36.832-06:00</time>
<extensions>
<gpxtpx:TrackPointExtension>
<gpxtpx:speed>4.44</gpxtpx:speed>
</gpxtpx:TrackPointExtension>
<opentracks:accuracy_horizontal>1.02</opentracks:accuracy_horizontal></extensions>
</trkpt>
<trkpt lat="50.457269" lon="-104.537154">
<ele>561</ele>
<time>2026-09-25T18:19:39.854-06:00</time>
<extensions>
<gpxtpx:TrackPointExtension>
<gpxtpx:speed>4.65</gpxtpx:speed>
</gpxtpx:TrackPointExtension>
<opentracks:accuracy_horizontal>1.02</opentracks:accuracy_horizontal></extensions>
</trkpt>
<trkpt lat="50.457156" lon="-104.537083">
<ele>561</ele>
<time>2026-09-25T18:19:42.854-06:00</time>
<extensions>
<gpxtpx:TrackPointExtension>
<gpxtpx:speed>4.51</gpxtpx:speed>
</gpxtpx:TrackPointExtension>
<opentracks:accuracy_horizontal>4.592</opentracks:accuracy_horizontal></extensions>
</trkpt>
<trkpt lat="50.457042" lon="-104.536995">
<ele>560</ele>
<time>2026-09-25T18:19:45.849-06:00</time>
<extensions>
<gpxtpx:TrackPointExtension>
<gpxtpx:speed>5.01</gpxtpx:speed>
</gpxtpx:TrackPointExtension>
<opentracks:accuracy_horizontal>1.02</opentracks:accuracy_horizontal></extensions>
</trkpt>
<trkpt lat="50.456963" lon="-104.536915">
<ele>560</ele>
<time>2026-09-25T18:19:47.846-06:00</time>
<extensions>
<gpxtpx:TrackPointExtension>
<gpxtpx:speed>4.9</gpxtpx:speed>
</gpxtpx:TrackPointExtension>
<opentracks:accuracy_horizontal>1.02</opentracks:accuracy_horizontal></extensions>
</trkpt>
<trkpt lat="50.456865" lon="-104.536788">
<ele>560</ele>
<time>2026-09-25T18:19:50.857-06:00</time>
<extensions>
<gpxtpx:TrackPointExtension>
<gpxtpx:speed>4.57</gpxtpx:speed>
</gpxtpx:TrackPointExtension>
<opentracks:accuracy_horizontal>3.061</opentracks:accuracy_horizontal></extensions>
</trkpt>
<trkpt lat="50.45678" lon="-104.536638">
<ele>559</ele>
<time>2026-09-25T18:19:53.849-06:00</time>
<extensions>
<gpxtpx:TrackPointExtension>
<gpxtpx:speed>4.5</gpxtpx:speed>
</gpxtpx:TrackPointExtension>
<opentracks:accuracy_horizontal>1.02</opentracks:accuracy_horizontal></extensions>
</trkpt>
<trkpt lat="50.456692" lon="-104.536493">
<ele>559</ele>
<time>2026-09-25T18:19:56.843-06:00</time>
<extensions>
<gpxtpx:TrackPointExtension>
<gpxtpx:speed>4.73</gpxtpx:speed>
</gpxtpx:TrackPointExtension>
<opentracks:accuracy_horizontal>1.02</opentracks:accuracy_horizontal></extensions>
</trkpt>
<trkpt lat="50.456647" lon="-104.536367">
<ele>559</ele>
<time>2026-09-25T18:19:58.845-06:00</time>
<extensions>
<gpxtpx:TrackPointExtension>
<gpxtpx:speed>5.37</gpxtpx:speed>
</gpxtpx:TrackPointExtension>
<opentracks:accuracy_horizontal>1.02</opentracks:accuracy_horizontal></extensions>
</trkpt>
<trkpt lat="50.456607" lon="-104.536238">
<ele>558</ele>
<time>2026-09-25T18:20:00.839-06:00</time>
<extensions>
<gpxtpx:TrackPointExtension>
<gpxtpx:speed>5.72</gpxtpx:speed>
</gpxtpx:TrackPointExtension>
<opentracks:accuracy_horizontal>1.02</opentracks:accuracy_horizontal></extensions>
</trkpt>
<trkpt lat="50.456565" lon="-104.536091">
<ele>558</ele>
<time>2026-09-25T18:20:02.85-06:00</time>
<extensions>
<gpxtpx:TrackPointExtension>
<gpxtpx:speed>5.73</gpxtpx:speed>
</gpxtpx:TrackPointExtension>
<opentracks:accuracy_horizontal>1.02</opentracks:accuracy_horizontal></extensions>
</trkpt>
<trkpt lat="50.456539" lon="-104.535942">
<ele>558</ele>
<time>2026-09-25T18:20:04.846-06:00</time>
<extensions>
<gpxtpx:TrackPointExtension>
<gpxtpx:speed>5.69</gpxtpx:speed>
</gpxtpx:TrackPointExtension>
<opentracks:accuracy_horizontal>1.02</opentracks:accuracy_horizontal></extensions>
</trkpt>
<trkpt lat="50.456513" lon="-104.535799">
<ele>558</ele>
<time>2026-09-25T18:20:06.84-06:00</time>
<extensions>
<gpxtpx:TrackPointExtension>
<gpxtpx:speed>5.33</gpxtpx:speed>
</gpxtpx:TrackPointExtension>
<opentracks:accuracy_horizontal>1.02</opentracks:accuracy_horizontal></extensions>
</trkpt>
<trkpt lat="50.456486" lon="-104.535642">
<ele>558</ele>
<time>2026-09-25T18:20:08.845-06:00</time>
<extensions>
<gpxtpx:TrackPointExtension>
<gpxtpx:speed>5.43</gpxtpx:speed>
</gpxtpx:TrackPointExtension>
<opentracks:accuracy_horizontal>1.02</opentracks:accuracy_horizontal></extensions>
</trkpt>
<trkpt lat="50.456466" lon="-104.5355">
<ele>558</ele>
<time>2026-09-25T18:20:10.863-06:00</time>
<extensions>
<gpxtpx:TrackPointExtension>
<gpxtpx:speed>5.01</gpxtpx:speed>
</gpxtpx:TrackPointExtension>
<opentracks:accuracy_horizontal>1.02</opentracks:accuracy_horizontal></extensions>
</trkpt>
<trkpt lat="50.456439" lon="-104.535306">
<ele>559</ele>
<time>2026-09-25T18:20:13.851-06:00</time>
<extensions>
<gpxtpx:TrackPointExtension>
<gpxtpx:speed>4.52</gpxtpx:speed>
</gpxtpx:TrackPointExtension>
<opentracks:accuracy_horizontal>1.02</opentracks:accuracy_horizontal></extensions>
</trkpt>
<trkpt lat="50.456393" lon="-104.53517">
<ele>559</ele>
<time>2026-09-25T18:20:15.847-06:00</time>
<extensions>
<gpxtpx:TrackPointExtension>
<gpxtpx:speed>4.68</gpxtpx:speed>
</gpxtpx:TrackPointExtension>
<opentracks:accuracy_horizontal>1.02</opentracks:accuracy_horizontal></extensions>
</trkpt>
<trkpt lat="50.456374" lon="-104.535032">
<ele>558</ele>
<time>2026-09-25T18:20:17.853-06:00</time>
<extensions>
<gpxtpx:TrackPointExtension>
<gpxtpx:speed>5.03</gpxtpx:speed>
</gpxtpx:TrackPointExtension>
<opentracks:accuracy_horizontal>1.02</opentracks:accuracy_horizontal></extensions>
</trkpt>
<trkpt lat="50.456348" lon="-104.534891">
<ele>558</ele>
<time>2026-09-25T18:20:19.851-06:00</time>
<extensions>
<gpxtpx:TrackPointExtension>
<gpxtpx:speed>5.06</gpxtpx:speed>
</gpxtpx:TrackPointExtension>
<opentracks:accuracy_horizontal>1.02</opentracks:accuracy_horizontal></extensions>
</trkpt>
<trkpt lat="50.456325" lon="-104.534749">
<ele>558</ele>
<time>2026-09-25T18:20:21.835-06:00</time>
<extensions>
<gpxtpx:TrackPointExtension>
<gpxtpx:speed>5.47</gpxtpx:speed>
</gpxtpx:TrackPointExtension>
<opentracks:accuracy_horizontal>1.02</opentracks:accuracy_horizontal></extensions>
</trkpt>
<trkpt lat="50.456304" lon="-104.534601">
<ele>559</ele>
<time>2026-09-25T18:20:23.859-06:00</time>
<extensions>
<gpxtpx:TrackPointExtension>
<gpxtpx:speed>5.29</gpxtpx:speed>
</gpxtpx:TrackPointExtension>
<opentracks:accuracy_horizontal>0.51</opentracks:accuracy_horizontal></extensions>
</trkpt>
<trkpt lat="50.456267" lon="-104.534414">
<ele>559</ele>
<time>2026-09-25T18:20:26.838-06:00</time>
<extensions>
<gpxtpx:TrackPointExtension>
<gpxtpx:speed>4.26</gpxtpx:speed>
</gpxtpx:TrackPointExtension>
<opentracks:accuracy_horizontal>1.02</opentracks:accuracy_horizontal></extensions>
</trkpt>
<trkpt lat="50.456239" lon="-104.534271">
<ele>559</ele>
<time>2026-09-25T18:20:29.847-06:00</time>
<extensions>
<gpxtpx:TrackPointExtension>
<gpxtpx:speed>2.72</gpxtpx:speed>
</gpxtpx:TrackPointExtension>
<opentracks:accuracy_horizontal>2.041</opentracks:accuracy_horizontal></extensions>
</trkpt>
<trkpt lat="50.456211" lon="-104.534119">
<ele>560</ele>
<time>2026-09-25T18:20:35.847-06:00</time>
<extensions>
<gpxtpx:TrackPointExtension>
<gpxtpx:speed>1.68</gpxtpx:speed>
</gpxtpx:TrackPointExtension>
<opentracks:accuracy_horizontal>5.102</opentracks:accuracy_horizontal></extensions>
</trkpt>
<trkpt lat="50.456111" lon="-104.534178">
<ele>559</ele>
<time>2026-09-25T18:20:42.845-06:00</time>
<extensions>
<gpxtpx:TrackPointExtension>
<gpxtpx:speed>2.97</gpxtpx:speed>
</gpxtpx:TrackPointExtension>
<opentracks:accuracy_horizontal>5.612</opentracks:accuracy_horizontal></extensions>
</trkpt>
<trkpt lat="50.45604" lon="-104.534281">
<ele>560</ele>
<time>2026-09-25T18:20:45.849-06:00</time>
<extensions>
<gpxtpx:TrackPointExtension>
<gpxtpx:speed>3.19</gpxtpx:speed>
</gpxtpx:TrackPointExtension>
<opentracks:accuracy_horizontal>4.592</opentracks:accuracy_horizontal></extensions>
</trkpt>
<trkpt lat="50.455971" lon="-104.5344">
<ele>560</ele>
<time>2026-09-25T18:20:48.842-06:00</time>
<extensions>
<gpxtpx:TrackPointExtension>
<gpxtpx:speed>3.61</gpxtpx:speed>
</gpxtpx:TrackPointExtension>
<opentracks:accuracy_horizontal>1.02</opentracks:accuracy_horizontal></extensions>
</trkpt>
<trkpt lat="50.455886" lon="-104.534485">
<ele>559</ele>
<time>2026-09-25T18:20:51.852-06:00</time>
<extensions>
<gpxtpx:TrackPointExtension>
<gpxtpx:speed>3.38</gpxtpx:speed>
</gpxtpx:TrackPointExtension>
<opentracks:accuracy_horizontal>1.02</opentracks:accuracy_horizontal></extensions>
</trkpt>
<trkpt lat="50.455806" lon="-104.534613">
<ele>559</ele>
<time>2026-09-25T18:20:55.862-06:00</time>
<extensions>
<gpxtpx:TrackPointExtension>
<gpxtpx:speed>3.48</gpxtpx:speed>
</gpxtpx:TrackPointExtension>
<opentracks:accuracy_horizontal>5.612</opentracks:accuracy_horizontal></extensions>
</trkpt>
<trkpt lat="50.455753" lon="-104.534771">
<ele>558</ele>
<time>2026-09-25T18:20:59.854-06:00</time>
<extensions>
<gpxtpx:TrackPointExtension>
<gpxtpx:speed>3.29</gpxtpx:speed>
</gpxtpx:TrackPointExtension>
<opentracks:accuracy_horizontal>4.592</opentracks:accuracy_horizontal></extensions>
</trkpt>
<trkpt lat="50.455781" lon="-104.534926">
<ele>558</ele>
<time>2026-09-25T18:21:03.843-06:00</time>
<extensions>
<gpxtpx:TrackPointExtension>
<gpxtpx:speed>2.68</gpxtpx:speed>
</gpxtpx:TrackPointExtension>
<opentracks:accuracy_horizontal>6.122</opentracks:accuracy_horizontal></extensions>
</trkpt>
<trkpt lat="50.455789" lon="-104.535115">
<ele>559</ele>
<time>2026-09-25T18:21:07.847-06:00</time>
<extensions>
<gpxtpx:TrackPointExtension>
<gpxtpx:speed>4.18</gpxtpx:speed>
</gpxtpx:TrackPointExtension>
<opentracks:accuracy_horizontal>5.102</opentracks:accuracy_horizontal></extensions>
</trkpt>
<trkpt lat="50.455825" lon="-104.535277">
<ele>558</ele>
<time>2026-09-25T18:21:10.839-06:00</time>
<extensions>
<gpxtpx:TrackPointExtension>
<gpxtpx:speed>4.27</gpxtpx:speed>
</gpxtpx:TrackPointExtension>
<opentracks:accuracy_horizontal>4.082</opentracks:accuracy_horizontal></extensions>
</trkpt>
<trkpt lat="50.455851" lon="-104.535462">
<ele>559</ele>
<time>2026-09-25T18:21:13.847-06:00</time>
<extensions>
<gpxtpx:TrackPointExtension>
<gpxtpx:speed>4.85</gpxtpx:speed>
</gpxtpx:TrackPointExtension>
<opentracks:accuracy_horizontal>4.082</opentracks:accuracy_horizontal></extensions>
</trkpt>
<trkpt lat="50.45587" lon="-104.535606">
<ele>559</ele>
<time>2026-09-25T18:21:15.847-06:00</time>
<extensions>
<gpxtpx:TrackPointExtension>
<gpxtpx:speed>6.46</gpxtpx:speed>
</gpxtpx:TrackPointExtension>
<opentracks:accuracy_horizontal>4.082</opentracks:accuracy_horizontal></extensions>
</trkpt>
<trkpt lat="50.455893" lon="-104.535762">
<ele>558</ele>
<time>2026-09-25T18:21:17.852-06:00</time>
<extensions>
<gpxtpx:TrackPointExtension>
<gpxtpx:speed>5.23</gpxtpx:speed>
</gpxtpx:TrackPointExtension>
<opentracks:accuracy_horizontal>1.02</opentracks:accuracy_horizontal></extensions>
</trkpt>
<trkpt lat="50.455894" lon="-104.535909">
<ele>559</ele>
<time>2026-09-25T18:21:19.848-06:00</time>
<extensions>
<gpxtpx:TrackPointExtension>
<gpxtpx:speed>5.45</gpxtpx:speed>
</gpxtpx:TrackPointExtension>
<opentracks:accuracy_horizontal>1.02</opentracks:accuracy_horizontal></extensions>
</trkpt>
<trkpt lat="50.455893" lon="-104.536057">
<ele>559</ele>
<time>2026-09-25T18:21:21.839-06:00</time>
<extensions>
<gpxtpx:TrackPointExtension>
<gpxtpx:speed>5.11</gpxtpx:speed>
</gpxtpx:TrackPointExtension>
<opentracks:accuracy_horizontal>1.02</opentracks:accuracy_horizontal></extensions>
</trkpt>
<trkpt lat="50.455873" lon="-104.536251">
<ele>558</ele>
<time>2026-09-25T18:21:24.837-06:00</time>
<extensions>
<gpxtpx:TrackPointExtension>
<gpxtpx:speed>4.03</gpxtpx:speed>
</gpxtpx:TrackPointExtension>
<opentracks:accuracy_horizontal>1.02</opentracks:accuracy_horizontal></extensions>
</trkpt>
<trkpt lat="50.455863" lon="-104.536403">
<ele>558</ele>
<time>2026-09-25T18:21:27.844-06:00</time>
<extensions>
<gpxtpx:TrackPointExtension>
<gpxtpx:speed>3.32</gpxtpx:speed>
</gpxtpx:TrackPointExtension>
<opentracks:accuracy_horizontal>1.02</opentracks:accuracy_horizontal></extensions>
</trkpt>
<trkpt lat="50.455842" lon="-104.536543">
<ele>558</ele>
<time>2026-09-25T18:21:30.842-06:00</time>
<extensions>
<gpxtpx:TrackPointExtension>
<gpxtpx:speed>3.13</gpxtpx:speed>
</gpxtpx:TrackPointExtension>
<opentracks:accuracy_horizontal>4.592</opentracks:accuracy_horizontal></extensions>
</trkpt>
<trkpt lat="50.455813" lon="-104.536713">
<ele>559</ele>
<time>2026-09-25T18:21:34.852-06:00</time>
<extensions>
<gpxtpx:TrackPointExtension>
<gpxtpx:speed>3.06</gpxtpx:speed>
</gpxtpx:TrackPointExtension>
<opentracks:accuracy_horizontal>5.612</opentracks:accuracy_horizontal></extensions>
</trkpt>
<trkpt lat="50.455788" lon="-104.536856">
<ele>558</ele>
<time>2026-09-25T18:21:37.86-06:00</time>
<extensions>
<gpxtpx:TrackPointExtension>
<gpxtpx:speed>4.04</gpxtpx:speed>
</gpxtpx:TrackPointExtension>
<opentracks:accuracy_horizontal>5.612</opentracks:accuracy_horizontal></extensions>
</trkpt>
<trkpt lat="50.455742" lon="-104.537002">
<ele>558</ele>
<time>2026-09-25T18:21:40.841-06:00</time>
<extensions>
<gpxtpx:TrackPointExtension>
<gpxtpx:speed>4.18</gpxtpx:speed>
</gpxtpx:TrackPointExtension>
<opentracks:accuracy_horizontal>6.633</opentracks:accuracy_horizontal></extensions>
</trkpt>
<trkpt lat="50.455673" lon="-104.537135">
<ele>559</ele>
<time>2026-09-25T18:21:43.857-06:00</time>
<extensions>
<gpxtpx:TrackPointExtension>
<gpxtpx:speed>3.55</gpxtpx:speed>
</gpxtpx:TrackPointExtension>
<opentracks:accuracy_horizontal>4.082</opentracks:accuracy_horizontal></extensions>
</trkpt>
<trkpt lat="50.455613" lon="-104.53724">
<ele>560</ele>
<time>2026-09-25T18:21:46.853-06:00</time>
<extensions>
<gpxtpx:TrackPointExtension>
<gpxtpx:speed>3.34</gpxtpx:speed>
</gpxtpx:TrackPointExtension>
<opentracks:accuracy_horizontal>4.592</opentracks:accuracy_horizontal></extensions>
</trkpt>
<trkpt lat="50.455553" lon="-104.537347">
<ele>560</ele>
<time>2026-09-25T18:21:49.842-06:00</time>
<extensions>
<gpxtpx:TrackPointExtension>
<gpxtpx:speed>3.48</gpxtpx:speed>
</gpxtpx:TrackPointExtension>
<opentracks:accuracy_horizontal>4.592</opentracks:accuracy_horizontal></extensions>
</trkpt>
<trkpt lat="50.455487" lon="-104.53745">
<ele>559</ele>
<time>2026-09-25T18:21:52.841-06:00</time>
<extensions>
<gpxtpx:TrackPointExtension>
<gpxtpx:speed>3.32</gpxtpx:speed>
</gpxtpx:TrackPointExtension>
<opentracks:accuracy_horizontal>5.612</opentracks:accuracy_horizontal></extensions>
</trkpt>
<trkpt lat="50.45541" lon="-104.537534">
<ele>559</ele>
<time>2026-09-25T18:21:55.865-06:00</time>
<extensions>
<gpxtpx:TrackPointExtension>
<gpxtpx:speed>3.6</gpxtpx:speed>
</gpxtpx:TrackPointExtension>
<opentracks:accuracy_horizontal>6.122</opentracks:accuracy_horizontal></extensions>
</trkpt>
<trkpt lat="50.455322" lon="-104.5376">
<ele>559</ele>
<time>2026-09-25T18:21:58.858-06:00</time>
<extensions>
<gpxtpx:TrackPointExtension>
<gpxtpx:speed>3.34</gpxtpx:speed>
</gpxtpx:TrackPointExtension>
<opentracks:accuracy_horizontal>1.02</opentracks:accuracy_horizontal></extensions>
</trkpt>
<trkpt lat="50.45522" lon="-104.537621">
<ele>560</ele>
<time>2026-09-25T18:22:01.848-06:00</time>
<extensions>
<gpxtpx:TrackPointExtension>
<gpxtpx:speed>3.92</gpxtpx:speed>
</gpxtpx:TrackPointExtension>
<opentracks:accuracy_horizontal>1.02</opentracks:accuracy_horizontal></extensions>
</trkpt>
<trkpt lat="50.455123" lon="-104.537613">
<ele>560</ele>
<time>2026-09-25T18:22:04.858-06:00</time>
<extensions>
<gpxtpx:TrackPointExtension>
<gpxtpx:speed>3.25</gpxtpx:speed>
</gpxtpx:TrackPointExtension>
<opentracks:accuracy_horizontal>1.02</opentracks:accuracy_horizontal></extensions>
</trkpt>
<trkpt lat="50.455015" lon="-104.537637">
<ele>559</ele>
<time>2026-09-25T18:22:08.854-06:00</time>
<extensions>
<gpxtpx:TrackPointExtension>
<gpxtpx:speed>2.71</gpxtpx:speed>
</gpxtpx:TrackPointExtension>
<opentracks:accuracy_horizontal>1.02</opentracks:accuracy_horizontal></extensions>
</trkpt>
<trkpt lat="50.454927" lon="-104.537675">
<ele>559</ele>
<time>2026-09-25T18:22:11.857-06:00</time>
<extensions>
<gpxtpx:TrackPointExtension>
<gpxtpx:speed>4.06</gpxtpx:speed>
</gpxtpx:TrackPointExtension>
<opentracks:accuracy_horizontal>1.02</opentracks:accuracy_horizontal></extensions>
</trkpt>
<trkpt lat="50.454836" lon="-104.537724">
<ele>559</ele>
<time>2026-09-25T18:22:14.85-06:00</time>
<extensions>
<gpxtpx:TrackPointExtension>
<gpxtpx:speed>3.29</gpxtpx:speed>
</gpxtpx:TrackPointExtension>
<opentracks:accuracy_horizontal>6.122</opentracks:accuracy_horizontal></extensions>
</trkpt>
<trkpt lat="50.454736" lon="-104.537724">
<ele>559</ele>
<time>2026-09-25T18:22:17.837-06:00</time>
<extensions>
<gpxtpx:TrackPointExtension>
<gpxtpx:speed>3.59</gpxtpx:speed>
</gpxtpx:TrackPointExtension>
<opentracks:accuracy_horizontal>5.102</opentracks:accuracy_horizontal></extensions>
</trkpt>
<trkpt lat="50.454631" lon="-104.53771">
<ele>558</ele>
<time>2026-09-25T18:22:20.855-06:00</time>
<extensions>
<gpxtpx:TrackPointExtension>
<gpxtpx:speed>4.57</gpxtpx:speed>
</gpxtpx:TrackPointExtension>
<opentracks:accuracy_horizontal>5.102</opentracks:accuracy_horizontal></extensions>
</trkpt>
<trkpt lat="50.454501" lon="-104.537698">
<ele>557</ele>
<time>2026-09-25T18:22:23.862-06:00</time>
<extensions>
<gpxtpx:TrackPointExtension>
<gpxtpx:speed>4.64</gpxtpx:speed>
</gpxtpx:TrackPointExtension>
<opentracks:accuracy_horizontal>1.02</opentracks:accuracy_horizontal></extensions>
</trkpt>
<trkpt lat="50.454384" lon="-104.537685">
<ele>555</ele>
<time>2026-09-25T18:22:26.848-06:00</time>
<extensions>
<gpxtpx:TrackPointExtension>
<gpxtpx:speed>4.16</gpxtpx:speed>
</gpxtpx:TrackPointExtension>
<opentracks:accuracy_horizontal>2.041</opentracks:accuracy_horizontal></extensions>
</trkpt>
<trkpt lat="50.454261" lon="-104.537658">
<ele>555</ele>
<time>2026-09-25T18:22:29.846-06:00</time>
<extensions>
<gpxtpx:TrackPointExtension>
<gpxtpx:speed>4.74</gpxtpx:speed>
</gpxtpx:TrackPointExtension>
<opentracks:accuracy_horizontal>2.551</opentracks:accuracy_horizontal></extensions>
</trkpt>
<trkpt lat="50.454168" lon="-104.537632">
<ele>555</ele>
<time>2026-09-25T18:22:31.852-06:00</time>
<extensions>
<gpxtpx:TrackPointExtension>
<gpxtpx:speed>4.61</gpxtpx:speed>
</gpxtpx:TrackPointExtension>
<opentracks:accuracy_horizontal>2.551</opentracks:accuracy_horizontal></extensions>
</trkpt>
<trkpt lat="50.454049" lon="-104.537629">
<ele>555</ele>
<time>2026-09-25T18:22:34.852-06:00</time>
<extensions>
<gpxtpx:TrackPointExtension>
<gpxtpx:speed>4.42</gpxtpx:speed>
</gpxtpx:TrackPointExtension>
<opentracks:accuracy_horizontal>1.02</opentracks:accuracy_horizontal></extensions>
</trkpt>
<trkpt lat="50.45394" lon="-104.537636">
<ele>556</ele>
<time>2026-09-25T18:22:37.856-06:00</time>
<extensions>
<gpxtpx:TrackPointExtension>
<gpxtpx:speed>3.8</gpxtpx:speed>
</gpxtpx:TrackPointExtension>
<opentracks:accuracy_horizontal>1.02</opentracks:accuracy_horizontal></extensions>
</trkpt>
<trkpt lat="50.45385" lon="-104.53765">
<ele>557</ele>
<time>2026-09-25T18:22:40.854-06:00</time>
<extensions>
<gpxtpx:TrackPointExtension>
<gpxtpx:speed>3.06</gpxtpx:speed>
</gpxtpx:TrackPointExtension>
<opentracks:accuracy_horizontal>1.02</opentracks:accuracy_horizontal></extensions>
</trkpt>
<trkpt lat="50.453745" lon="-104.537669">
<ele>557</ele>
<time>2026-09-25T18:22:44.858-06:00</time>
<extensions>
<gpxtpx:TrackPointExtension>
<gpxtpx:speed>3.03</gpxtpx:speed>
</gpxtpx:TrackPointExtension>
<opentracks:accuracy_horizontal>1.02</opentracks:accuracy_horizontal></extensions>
</trkpt>
<trkpt lat="50.453625" lon="-104.537658">
<ele>557</ele>
<time>2026-09-25T18:22:48.856-06:00</time>
<extensions>
<gpxtpx:TrackPointExtension>
<gpxtpx:speed>3.76</gpxtpx:speed>
</gpxtpx:TrackPointExtension>
<opentracks:accuracy_horizontal>0.51</opentracks:accuracy_horizontal></extensions>
</trkpt>
<trkpt lat="50.453519" lon="-104.537591">
<ele>558</ele>
<time>2026-09-25T18:22:51.848-06:00</time>
<extensions>
<gpxtpx:TrackPointExtension>
<gpxtpx:speed>4.17</gpxtpx:speed>
</gpxtpx:TrackPointExtension>
<opentracks:accuracy_horizontal>1.02</opentracks:accuracy_horizontal></extensions>
</trkpt>
<trkpt lat="50.453401" lon="-104.537525">
<ele>558</ele>
<time>2026-09-25T18:22:54.849-06:00</time>
<extensions>
<gpxtpx:TrackPointExtension>
<gpxtpx:speed>4.44</gpxtpx:speed>
</gpxtpx:TrackPointExtension>
<opentracks:accuracy_horizontal>1.02</opentracks:accuracy_horizontal></extensions>
</trkpt>
<trkpt lat="50.453289" lon="-104.53747">
<ele>557</ele>
<time>2026-09-25T18:22:57.846-06:00</time>
<extensions>
<gpxtpx:TrackPointExtension>
<gpxtpx:speed>4.16</gpxtpx:speed>
</gpxtpx:TrackPointExtension>
<opentracks:accuracy_horizontal>1.02</opentracks:accuracy_horizontal></extensions>
</trkpt>
<trkpt lat="50.453178" lon="-104.537417">
<ele>557</ele>
<time>2026-09-25T18:23:00.857-06:00</time>
<extensions>
<gpxtpx:TrackPointExtension>
<gpxtpx:speed>4.12</gpxtpx:speed>
</gpxtpx:TrackPointExtension>
<opentracks:accuracy_horizontal>1.02</opentracks:accuracy_horizontal></extensions>
</trkpt>
<trkpt lat="50.453059" lon="-104.537379">
<ele>557</ele>
<time>2026-09-25T18:23:03.857-06:00</time>
<extensions>
<gpxtpx:TrackPointExtension>
<gpxtpx:speed>4.39</gpxtpx:speed>
</gpxtpx:TrackPointExtension>
<opentracks:accuracy_horizontal>1.02</opentracks:accuracy_horizontal></extensions>
</trkpt>
<trkpt lat="50.452951" lon="-104.537321">
<ele>557</ele>
<time>2026-09-25T18:23:06.847-06:00</time>
<extensions>
<gpxtpx:TrackPointExtension>
<gpxtpx:speed>4.73</gpxtpx:speed>
</gpxtpx:TrackPointExtension>
<opentracks:accuracy_horizontal>1.02</opentracks:accuracy_horizontal></extensions>
</trkpt>
<trkpt lat="50.45284" lon="-104.537224">
<ele>557</ele>
<time>2026-09-25T18:23:09.853-06:00</time>
<extensions>
<gpxtpx:TrackPointExtension>
<gpxtpx:speed>4.29</gpxtpx:speed>
</gpxtpx:TrackPointExtension>
<opentracks:accuracy_horizontal>0.51</opentracks:accuracy_horizontal></extensions>
</trkpt>
<trkpt lat="50.452723" lon="-104.537173">
<ele>557</ele>
<time>2026-09-25T18:23:12.86-06:00</time>
<extensions>
<gpxtpx:TrackPointExtension>
<gpxtpx:speed>4.57</gpxtpx:speed>
</gpxtpx:TrackPointExtension>
<opentracks:accuracy_horizontal>1.02</opentracks:accuracy_horizontal></extensions>
</trkpt>
<trkpt lat="50.452605" lon="-104.537163">
<ele>557</ele>
<time>2026-09-25T18:23:15.842-06:00</time>
<extensions>
<gpxtpx:TrackPointExtension>
<gpxtpx:speed>4.66</gpxtpx:speed>
</gpxtpx:TrackPointExtension>
<opentracks:accuracy_horizontal>1.02</opentracks:accuracy_horizontal></extensions>
</trkpt>
<trkpt lat="50.452485" lon="-104.537148">
<ele>556</ele>
<time>2026-09-25T18:23:18.848-06:00</time>
<extensions>
<gpxtpx:TrackPointExtension>
<gpxtpx:speed>5.03</gpxtpx:speed>
</gpxtpx:TrackPointExtension>
<opentracks:accuracy_horizontal>0.51</opentracks:accuracy_horizontal></extensions>
</trkpt>
<trkpt lat="50.452367" lon="-104.537148">
<ele>556</ele>
<time>2026-09-25T18:23:21.839-06:00</time>
<extensions>
<gpxtpx:TrackPointExtension>
<gpxtpx:speed>4.57</gpxtpx:speed>
</gpxtpx:TrackPointExtension>
<opentracks:accuracy_horizontal>1.02</opentracks:accuracy_horizontal></extensions>
</trkpt>
<trkpt lat="50.452265" lon="-104.537151">
<ele>556</ele>
<time>2026-09-25T18:23:24.851-06:00</time>
<extensions>
<gpxtpx:TrackPointExtension>
<gpxtpx:speed>3.72</gpxtpx:speed>
</gpxtpx:TrackPointExtension>
<opentracks:accuracy_horizontal>5.102</opentracks:accuracy_horizontal></extensions>
</trkpt>
<trkpt lat="50.452151" lon="-104.537167">
<ele>557</ele>
<time>2026-09-25T18:23:28.848-06:00</time>
<extensions>
<gpxtpx:TrackPointExtension>
<gpxtpx:speed>2.88</gpxtpx:speed>
</gpxtpx:TrackPointExtension>
<opentracks:accuracy_horizontal>5.102</opentracks:accuracy_horizontal></extensions>
</trkpt>
<trkpt lat="50.452053" lon="-104.537227">
<ele>557</ele>
<time>2026-09-25T18:23:33.857-06:00</time>
<extensions>
<gpxtpx:TrackPointExtension>
<gpxtpx:speed>1.98</gpxtpx:speed>
</gpxtpx:TrackPointExtension>
<opentracks:accuracy_horizontal>5.102</opentracks:accuracy_horizontal></extensions>
</trkpt>
<trkpt lat="50.451986" lon="-104.537353">
<ele>556</ele>
<time>2026-09-25T18:23:37.848-06:00</time>
<extensions>
<gpxtpx:TrackPointExtension>
<gpxtpx:speed>2.9</gpxtpx:speed>
</gpxtpx:TrackPointExtension>
<opentracks:accuracy_horizontal>4.592</opentracks:accuracy_horizontal></extensions>
</trkpt>
<trkpt lat="50.45194" lon="-104.53749">
<ele>557</ele>
<time>2026-09-25T18:23:41.847-06:00</time>
<extensions>
<gpxtpx:TrackPointExtension>
<gpxtpx:speed>2.48</gpxtpx:speed>
</gpxtpx:TrackPointExtension>
<opentracks:accuracy_horizontal>4.082</opentracks:accuracy_horizontal></extensions>
</trkpt>
<trkpt lat="50.451905" lon="-104.537642">
<ele>559</ele>
<time>2026-09-25T18:23:47.843-06:00</time>
<extensions>
<gpxtpx:TrackPointExtension>
<gpxtpx:speed>1.53</gpxtpx:speed>
</gpxtpx:TrackPointExtension>
<opentracks:accuracy_horizontal>5.102</opentracks:accuracy_horizontal></extensions>
</trkpt>
<trkpt lat="50.451885" lon="-104.537785">
<ele>559</ele>
<time>2026-09-25T18:23:56.864-06:00</time>
<extensions>
<gpxtpx:TrackPointExtension>
<gpxtpx:speed>0.84</gpxtpx:speed>
</gpxtpx:TrackPointExtension>
<opentracks:accuracy_horizontal>7.143</opentracks:accuracy_horizontal></extensions>
</trkpt>
<trkpt lat="50.451888" lon="-104.537925">
<ele>558</ele>
<time>2026-09-25T18:24:03.861-06:00</time>
<extensions>
<gpxtpx:TrackPointExtension>
<gpxtpx:speed>1.55</gpxtpx:speed>
</gpxtpx:TrackPointExtension>
<opentracks:accuracy_horizontal>5.612</opentracks:accuracy_horizontal></extensions>
</trkpt>
<trkpt lat="50.45187" lon="-104.538094">
<ele>557</ele>
<time>2026-09-25T18:24:08.863-06:00</time>
<extensions>
<gpxtpx:TrackPointExtension>
<gpxtpx:speed>1.9</gpxtpx:speed>
</gpxtpx:TrackPointExtension>
<opentracks:accuracy_horizontal>7.143</opentracks:accuracy_horizontal></extensions>
</trkpt>
<trkpt lat="50.451845" lon="-104.538277">
<ele>557</ele>
<time>2026-09-25T18:24:13.87-06:00</time>
<extensions>
<gpxtpx:TrackPointExtension>
<gpxtpx:speed>3.16</gpxtpx:speed>
</gpxtpx:TrackPointExtension>
<opentracks:accuracy_horizontal>6.122</opentracks:accuracy_horizontal></extensions>
</trkpt>
<trkpt lat="50.451848" lon="-104.538461">
<ele>557</ele>
<time>2026-09-25T18:24:17.858-06:00</time>
<extensions>
<gpxtpx:TrackPointExtension>
<gpxtpx:speed>3.92</gpxtpx:speed>
</gpxtpx:TrackPointExtension>
<opentracks:accuracy_horizontal>7.143</opentracks:accuracy_horizontal></extensions>
</trkpt>
<trkpt lat="50.451855" lon="-104.538625">
<ele>557</ele>
<time>2026-09-25T18:24:20.859-06:00</time>
<extensions>
<gpxtpx:TrackPointExtension>
<gpxtpx:speed>4.05</gpxtpx:speed>
</gpxtpx:TrackPointExtension>
<opentracks:accuracy_horizontal>6.633</opentracks:accuracy_horizontal></extensions>
</trkpt>
<trkpt lat="50.451838" lon="-104.538803">
<ele>556</ele>
<time>2026-09-25T18:24:23.851-06:00</time>
<extensions>
<gpxtpx:TrackPointExtension>
<gpxtpx:speed>4.06</gpxtpx:speed>
</gpxtpx:TrackPointExtension>
<opentracks:accuracy_horizontal>4.592</opentracks:accuracy_horizontal></extensions>
</trkpt>
<trkpt lat="50.451831" lon="-104.538992">
<ele>556</ele>
<time>2026-09-25T18:24:26.867-06:00</time>
<extensions>
<gpxtpx:TrackPointExtension>
<gpxtpx:speed>4.1</gpxtpx:speed>
</gpxtpx:TrackPointExtension>
<opentracks:accuracy_horizontal>4.592</opentracks:accuracy_horizontal></extensions>
</trkpt>
<trkpt lat="50.451846" lon="-104.539183">
<ele>557</ele>
<time>2026-09-25T18:24:29.852-06:00</time>
<extensions>
<gpxtpx:TrackPointExtension>
<gpxtpx:speed>4.27</gpxtpx:speed>
</gpxtpx:TrackPointExtension>
<opentracks:accuracy_horizontal>1.02</opentracks:accuracy_horizontal></extensions>
</trkpt>
<trkpt lat="50.451832" lon="-104.539345">
<ele>557</ele>
<time>2026-09-25T18:24:32.863-06:00</time>
<extensions>
<gpxtpx:TrackPointExtension>
<gpxtpx:speed>3.86</gpxtpx:speed>
</gpxtpx:TrackPointExtension>
<opentracks:accuracy_horizontal>1.02</opentracks:accuracy_horizontal></extensions>
</trkpt>
<trkpt lat="50.451838" lon="-104.539509">
<ele>558</ele>
<time>2026-09-25T18:24:35.842-06:00</time>
<extensions>
<gpxtpx:TrackPointExtension>
<gpxtpx:speed>4</gpxtpx:speed>
</gpxtpx:TrackPointExtension>
<opentracks:accuracy_horizontal>5.102</opentracks:accuracy_horizontal></extensions>
</trkpt>
<trkpt lat="50.451863" lon="-104.53969">
<ele>558</ele>
<time>2026-09-25T18:24:38.854-06:00</time>
<extensions>
<gpxtpx:TrackPointExtension>
<gpxtpx:speed>4.31</gpxtpx:speed>
</gpxtpx:TrackPointExtension>
<opentracks:accuracy_horizontal>5.102</opentracks:accuracy_horizontal></extensions>
</trkpt>
<trkpt lat="50.451871" lon="-104.539877">
<ele>557</ele>
<time>2026-09-25T18:24:41.854-06:00</time>
<extensions>
<gpxtpx:TrackPointExtension>
<gpxtpx:speed>4.53</gpxtpx:speed>
</gpxtpx:TrackPointExtension>
<opentracks:accuracy_horizontal>3.571</opentracks:accuracy_horizontal></extensions>
</trkpt>
<trkpt lat="50.451881" lon="-104.540078">
<ele>556</ele>
<time>2026-09-25T18:24:44.849-06:00</time>
<extensions>
<gpxtpx:TrackPointExtension>
<gpxtpx:speed>4.8</gpxtpx:speed>
</gpxtpx:TrackPointExtension>
<opentracks:accuracy_horizontal>1.02</opentracks:accuracy_horizontal></extensions>
</trkpt>
<trkpt lat="50.451887" lon="-104.540232">
<ele>556</ele>
<time>2026-09-25T18:24:46.863-06:00</time>
<extensions>
<gpxtpx:TrackPointExtension>
<gpxtpx:speed>5.21</gpxtpx:speed>
</gpxtpx:TrackPointExtension>
<opentracks:accuracy_horizontal>1.02</opentracks:accuracy_horizontal></extensions>
</trkpt>
<trkpt lat="50.451883" lon="-104.540382">
<ele>556</ele>
<time>2026-09-25T18:24:48.852-06:00</time>
<extensions>
<gpxtpx:TrackPointExtension>
<gpxtpx:speed>5.38</gpxtpx:speed>
</gpxtpx:TrackPointExtension>
<opentracks:accuracy_horizontal>1.02</opentracks:accuracy_horizontal></extensions>
</trkpt>
<trkpt lat="50.451869" lon="-104.54053">
<ele>556</ele>
<time>2026-09-25T18:24:50.863-06:00</time>
<extensions>
<gpxtpx:TrackPointExtension>
<gpxtpx:speed>5.4</gpxtpx:speed>
</gpxtpx:TrackPointExtension>
<opentracks:accuracy_horizontal>1.02</opentracks:accuracy_horizontal></extensions>
</trkpt>
<trkpt lat="50.451866" lon="-104.540695">
<ele>556</ele>
<time>2026-09-25T18:24:52.853-06:00</time>
<extensions>
<gpxtpx:TrackPointExtension>
<gpxtpx:speed>5.82</gpxtpx:speed>
</gpxtpx:TrackPointExtension>
<opentracks:accuracy_horizontal>1.02</opentracks:accuracy_horizontal></extensions>
</trkpt>
<trkpt lat="50.451874" lon="-104.540869">
<ele>556</ele>
<time>2026-09-25T18:24:54.829-06:00</time>
<extensions>
<gpxtpx:TrackPointExtension>
<gpxtpx:speed>5.72</gpxtpx:speed>
</gpxtpx:TrackPointExtension>
<opentracks:accuracy_horizontal>1.02</opentracks:accuracy_horizontal></extensions>
</trkpt>
<trkpt lat="50.451869" lon="-104.541032">
<ele>556</ele>
<time>2026-09-25T18:24:56.844-06:00</time>
<extensions>
<gpxtpx:TrackPointExtension>
<gpxtpx:speed>6.08</gpxtpx:speed>
</gpxtpx:TrackPointExtension>
<opentracks:accuracy_horizontal>1.02</opentracks:accuracy_horizontal></extensions>
</trkpt>
<trkpt lat="50.451861" lon="-104.5412">
<ele>556</ele>
<time>2026-09-25T18:24:58.848-06:00</time>
<extensions>
<gpxtpx:TrackPointExtension>
<gpxtpx:speed>5.86</gpxtpx:speed>
</gpxtpx:TrackPointExtension>
<opentracks:accuracy_horizontal>1.02</opentracks:accuracy_horizontal></extensions>
</trkpt>
<trkpt lat="50.451864" lon="-104.54136">
<ele>556</ele>
<time>2026-09-25T18:25:00.853-06:00</time>
<extensions>
<gpxtpx:TrackPointExtension>
<gpxtpx:speed>5.83</gpxtpx:speed>
</gpxtpx:TrackPointExtension>
<opentracks:accuracy_horizontal>1.02</opentracks:accuracy_horizontal></extensions>
</trkpt>
<trkpt lat="50.451861" lon="-104.541525">
<ele>556</ele>
<time>2026-09-25T18:25:02.838-06:00</time>
<extensions>
<gpxtpx:TrackPointExtension>
<gpxtpx:speed>5.91</gpxtpx:speed>
</gpxtpx:TrackPointExtension>
<opentracks:accuracy_horizontal>1.02</opentracks:accuracy_horizontal></extensions>
</trkpt>
<trkpt lat="50.451864" lon="-104.541694">
<ele>556</ele>
<time>2026-09-25T18:25:04.865-06:00</time>
<extensions>
<gpxtpx:TrackPointExtension>
<gpxtpx:speed>6.08</gpxtpx:speed>
</gpxtpx:TrackPointExtension>
<opentracks:accuracy_horizontal>1.02</opentracks:accuracy_horizontal></extensions>
</trkpt>
<trkpt lat="50.451867" lon="-104.541857">
<ele>555</ele>
<time>2026-09-25T18:25:06.858-06:00</time>
<extensions>
<gpxtpx:TrackPointExtension>
<gpxtpx:speed>5.94</gpxtpx:speed>
</gpxtpx:TrackPointExtension>
<opentracks:accuracy_horizontal>1.02</opentracks:accuracy_horizontal></extensions>
</trkpt>
<trkpt lat="50.451868" lon="-104.542015">
<ele>555</ele>
<time>2026-09-25T18:25:08.85-06:00</time>
<extensions>
<gpxtpx:TrackPointExtension>
<gpxtpx:speed>5.7</gpxtpx:speed>
</gpxtpx:TrackPointExtension>
<opentracks:accuracy_horizontal>1.02</opentracks:accuracy_horizontal></extensions>
</trkpt>
<trkpt lat="50.451869" lon="-104.542171">
<ele>556</ele>
<time>2026-09-25T18:25:10.86-06:00</time>
<extensions>
<gpxtpx:TrackPointExtension>
<gpxtpx:speed>5.41</gpxtpx:speed>
</gpxtpx:TrackPointExtension>
<opentracks:accuracy_horizontal>1.02</opentracks:accuracy_horizontal></extensions>
</trkpt>
<trkpt lat="50.451866" lon="-104.542312">
<ele>556</ele>
<time>2026-09-25T18:25:12.848-06:00</time>
<extensions>
<gpxtpx:TrackPointExtension>
<gpxtpx:speed>4.99</gpxtpx:speed>
</gpxtpx:TrackPointExtension>
<opentracks:accuracy_horizontal>1.02</opentracks:accuracy_horizontal></extensions>
</trkpt>
<trkpt lat="50.45185" lon="-104.542469">
<ele>555</ele>
<time>2026-09-25T18:25:14.856-06:00</time>
<extensions>
<gpxtpx:TrackPointExtension>
<gpxtpx:speed>5.64</gpxtpx:speed>
</gpxtpx:TrackPointExtension>
<opentracks:accuracy_horizontal>4.592</opentracks:accuracy_horizontal></extensions>
</trkpt>
<trkpt lat="50.451835" lon="-104.542631">
<ele>555</ele>
<time>2026-09-25T18:25:16.855-06:00</time>
<extensions>
<gpxtpx:TrackPointExtension>
<gpxtpx:speed>6.03</gpxtpx:speed>
</gpxtpx:TrackPointExtension>
<opentracks:accuracy_horizontal>4.592</opentracks:accuracy_horizontal></extensions>
</trkpt>
<trkpt lat="50.451837" lon="-104.542803">
<ele>555</ele>
<time>2026-09-25T18:25:18.862-06:00</time>
<extensions>
<gpxtpx:TrackPointExtension>
<gpxtpx:speed>5.77</gpxtpx:speed>
</gpxtpx:TrackPointExtension>
<opentracks:accuracy_horizontal>5.102</opentracks:accuracy_horizontal></extensions>
</trkpt>
<trkpt lat="50.451841" lon="-104.542976">
<ele>555</ele>
<time>2026-09-25T18:25:20.869-06:00</time>
<extensions>
<gpxtpx:TrackPointExtension>
<gpxtpx:speed>5.99</gpxtpx:speed>
</gpxtpx:TrackPointExtension>
<opentracks:accuracy_horizontal>0.51</opentracks:accuracy_horizontal></extensions>
</trkpt>
<trkpt lat="50.451842" lon="-104.543149">
<ele>555</ele>
<time>2026-09-25T18:25:22.859-06:00</time>
<extensions>
<gpxtpx:TrackPointExtension>
<gpxtpx:speed>6.16</gpxtpx:speed>
</gpxtpx:TrackPointExtension>
<opentracks:accuracy_horizontal>1.02</opentracks:accuracy_horizontal></extensions>
</trkpt>
<trkpt lat="50.451839" lon="-104.543333">
<ele>556</ele>
<time>2026-09-25T18:25:24.85-06:00</time>
<extensions>
<gpxtpx:TrackPointExtension>
<gpxtpx:speed>6.42</gpxtpx:speed>
</gpxtpx:TrackPointExtension>
<opentracks:accuracy_horizontal>0.51</opentracks:accuracy_horizontal></extensions>
</trkpt>
<trkpt lat="50.451838" lon="-104.543533">
<ele>556</ele>
<time>2026-09-25T18:25:26.859-06:00</time>
<extensions>
<gpxtpx:TrackPointExtension>
<gpxtpx:speed>6.94</gpxtpx:speed>
</gpxtpx:TrackPointExtension>
<opentracks:accuracy_horizontal>0.51</opentracks:accuracy_horizontal></extensions>
</trkpt>
<trkpt lat="50.451835" lon="-104.543734">
<ele>556</ele>
<time>2026-09-25T18:25:28.887-06:00</time>
<extensions>
<gpxtpx:TrackPointExtension>
<gpxtpx:speed>7.28</gpxtpx:speed>
</gpxtpx:TrackPointExtension>
<opentracks:accuracy_horizontal>1.02</opentracks:accuracy_horizontal></extensions>
</trkpt>
<trkpt lat="50.451847" lon="-104.543932">
<ele>556</ele>
<time>2026-09-25T18:25:30.854-06:00</time>
<extensions>
<gpxtpx:TrackPointExtension>
<gpxtpx:speed>7.01</gpxtpx:speed>
</gpxtpx:TrackPointExtension>
<opentracks:accuracy_horizontal>1.02</opentracks:accuracy_horizontal></extensions>
</trkpt>
<trkpt lat="50.451858" lon="-104.544134">
<ele>556</ele>
<time>2026-09-25T18:25:32.853-06:00</time>
<extensions>
<gpxtpx:TrackPointExtension>
<gpxtpx:speed>7.05</gpxtpx:speed>
</gpxtpx:TrackPointExtension>
<opentracks:accuracy_horizontal>1.02</opentracks:accuracy_horizontal></extensions>
</trkpt>
<trkpt lat="50.451862" lon="-104.544334">
<ele>557</ele>
<time>2026-09-25T18:25:34.875-06:00</time>
<extensions>
<gpxtpx:TrackPointExtension>
<gpxtpx:speed>7.2</gpxtpx:speed>
</gpxtpx:TrackPointExtension>
<opentracks:accuracy_horizontal>1.02</opentracks:accuracy_horizontal></extensions>
</trkpt>
<trkpt lat="50.451859" lon="-104.54453">
<ele>556</ele>
<time>2026-09-25T18:25:36.855-06:00</time>
<extensions>
<gpxtpx:TrackPointExtension>
<gpxtpx:speed>6.93</gpxtpx:speed>
</gpxtpx:TrackPointExtension>
<opentracks:accuracy_horizontal>1.02</opentracks:accuracy_horizontal></extensions>
</trkpt>
<trkpt lat="50.451872" lon="-104.544722">
<ele>556</ele>
<time>2026-09-25T18:25:38.846-06:00</time>
<extensions>
<gpxtpx:TrackPointExtension>
<gpxtpx:speed>6.66</gpxtpx:speed>
</gpxtpx:TrackPointExtension>
<opentracks:accuracy_horizontal>1.02</opentracks:accuracy_horizontal></extensions>
</trkpt>
<trkpt lat="50.451873" lon="-104.544907">
<ele>556</ele>
<time>2026-09-25T18:25:40.841-06:00</time>
<extensions>
<gpxtpx:TrackPointExtension>
<gpxtpx:speed>6.28</gpxtpx:speed>
</gpxtpx:TrackPointExtension>
<opentracks:accuracy_horizontal>1.02</opentracks:accuracy_horizontal></extensions>
</trkpt>
<trkpt lat="50.451862" lon="-104.545074">
<ele>556</ele>
<time>2026-09-25T18:25:42.848-06:00</time>
<extensions>
<gpxtpx:TrackPointExtension>
<gpxtpx:speed>5.66</gpxtpx:speed>
</gpxtpx:TrackPointExtension>
<opentracks:accuracy_horizontal>0.51</opentracks:accuracy_horizontal></extensions>
</trkpt>
<trkpt lat="50.451863" lon="-104.545223">
<ele>557</ele>
<time>2026-09-25T18:25:44.846-06:00</time>
<extensions>
<gpxtpx:TrackPointExtension>
<gpxtpx:speed>4.51</gpxtpx:speed>
</gpxtpx:TrackPointExtension>
<opentracks:accuracy_horizontal>0.51</opentracks:accuracy_horizontal></extensions>
</trkpt>
<trkpt lat="50.451859" lon="-104.545434">
<ele>558</ele>
<time>2026-09-25T18:25:47.85-06:00</time>
<extensions>
<gpxtpx:TrackPointExtension>
<gpxtpx:speed>5.2</gpxtpx:speed>
</gpxtpx:TrackPointExtension>
<opentracks:accuracy_horizontal>4.592</opentracks:accuracy_horizontal></extensions>
</trkpt>
<trkpt lat="50.451846" lon="-104.545596">
<ele>557</ele>
<time>2026-09-25T18:25:49.849-06:00</time>
<extensions>
<gpxtpx:TrackPointExtension>
<gpxtpx:speed>5.83</gpxtpx:speed>
</gpxtpx:TrackPointExtension>
<opentracks:accuracy_horizontal>5.102</opentracks:accuracy_horizontal></extensions>
</trkpt>
<trkpt lat="50.451844" lon="-104.545771">
<ele>558</ele>
<time>2026-09-25T18:25:51.842-06:00</time>
<extensions>
<gpxtpx:TrackPointExtension>
<gpxtpx:speed>6.08</gpxtpx:speed>
</gpxtpx:TrackPointExtension>
<opentracks:accuracy_horizontal>1.02</opentracks:accuracy_horizontal></extensions>
</trkpt>
<trkpt lat="50.451847" lon="-104.545948">
<ele>557</ele>
<time>2026-09-25T18:25:53.846-06:00</time>
<extensions>
<gpxtpx:TrackPointExtension>
<gpxtpx:speed>6.23</gpxtpx:speed>
</gpxtpx:TrackPointExtension>
<opentracks:accuracy_horizontal>1.02</opentracks:accuracy_horizontal></extensions>
</trkpt>
<trkpt lat="50.451855" lon="-104.546125">
<ele>557</ele>
<time>2026-09-25T18:25:55.849-06:00</time>
<extensions>
<gpxtpx:TrackPointExtension>
<gpxtpx:speed>6.34</gpxtpx:speed>
</gpxtpx:TrackPointExtension>
<opentracks:accuracy_horizontal>1.02</opentracks:accuracy_horizontal></extensions>
</trkpt>
<trkpt lat="50.451855" lon="-104.546332">
<ele>556</ele>
<time>2026-09-25T18:25:57.86-06:00</time>
<extensions>
<gpxtpx:TrackPointExtension>
<gpxtpx:speed>7.19</gpxtpx:speed>
</gpxtpx:TrackPointExtension>
<opentracks:accuracy_horizontal>1.02</opentracks:accuracy_horizontal></extensions>
</trkpt>
<trkpt lat="50.45185" lon="-104.546527">
<ele>556</ele>
<time>2026-09-25T18:25:59.854-06:00</time>
<extensions>
<gpxtpx:TrackPointExtension>
<gpxtpx:speed>6.73</gpxtpx:speed>
</gpxtpx:TrackPointExtension>
<opentracks:accuracy_horizontal>1.02</opentracks:accuracy_horizontal></extensions>
</trkpt>
<trkpt lat="50.451858" lon="-104.546704">
<ele>555</ele>
<time>2026-09-25T18:26:01.852-06:00</time>
<extensions>
<gpxtpx:TrackPointExtension>
<gpxtpx:speed>6.39</gpxtpx:speed>
</gpxtpx:TrackPointExtension>
<opentracks:accuracy_horizontal>1.02</opentracks:accuracy_horizontal></extensions>
</trkpt>
<trkpt lat="50.451867" lon="-104.546877">
<ele>555</ele>
<time>2026-09-25T18:26:03.863-06:00</time>
<extensions>
<gpxtpx:TrackPointExtension>
<gpxtpx:speed>6.09</gpxtpx:speed>
</gpxtpx:TrackPointExtension>
<opentracks:accuracy_horizontal>3.061</opentracks:accuracy_horizontal></extensions>
</trkpt>
<trkpt lat="50.451875" lon="-104.547044">
<ele>556</ele>
<time>2026-09-25T18:26:05.848-06:00</time>
<extensions>
<gpxtpx:TrackPointExtension>
<gpxtpx:speed>5.81</gpxtpx:speed>
</gpxtpx:TrackPointExtension>
<opentracks:accuracy_horizontal>1.02</opentracks:accuracy_horizontal></extensions>
</trkpt>
<trkpt lat="50.451869" lon="-104.547203">
<ele>556</ele>
<time>2026-09-25T18:26:07.859-06:00</time>
<extensions>
<gpxtpx:TrackPointExtension>
<gpxtpx:speed>5.39</gpxtpx:speed>
</gpxtpx:TrackPointExtension>
<opentracks:accuracy_horizontal>3.571</opentracks:accuracy_horizontal></extensions>
</trkpt>
<trkpt lat="50.451869" lon="-104.547354">
<ele>555</ele>
<time>2026-09-25T18:26:09.849-06:00</time>
<extensions>
<gpxtpx:TrackPointExtension>
<gpxtpx:speed>4.99</gpxtpx:speed>
</gpxtpx:TrackPointExtension>
<opentracks:accuracy_horizontal>3.571</opentracks:accuracy_horizontal></extensions>
</trkpt>
<trkpt lat="50.451862" lon="-104.547559">
<ele>556</ele>
<time>2026-09-25T18:26:12.856-06:00</time>
<extensions>
<gpxtpx:TrackPointExtension>
<gpxtpx:speed>4.62</gpxtpx:speed>
</gpxtpx:TrackPointExtension>
<opentracks:accuracy_horizontal>4.082</opentracks:accuracy_horizontal></extensions>
</trkpt>
<trkpt lat="50.451866" lon="-104.547743">
<ele>557</ele>
<time>2026-09-25T18:26:15.86-06:00</time>
<extensions>
<gpxtpx:TrackPointExtension>
<gpxtpx:speed>4.23</gpxtpx:speed>
</gpxtpx:TrackPointExtension>
<opentracks:accuracy_horizontal>3.571</opentracks:accuracy_horizontal></extensions>
</trkpt>
<trkpt lat="50.451887" lon="-104.547918">
<ele>558</ele>
<time>2026-09-25T18:26:18.851-06:00</time>
<extensions>
<gpxtpx:TrackPointExtension>
<gpxtpx:speed>4.16</gpxtpx:speed>
</gpxtpx:TrackPointExtension>
<opentracks:accuracy_horizontal>3.061</opentracks:accuracy_horizontal></extensions>
</trkpt>
<trkpt lat="50.451903" lon="-104.5481">
<ele>558</ele>
<time>2026-09-25T18:26:21.851-06:00</time>
<extensions>
<gpxtpx:TrackPointExtension>
<gpxtpx:speed>4.21</gpxtpx:speed>
</gpxtpx:TrackPointExtension>
<opentracks:accuracy_horizontal>3.571</opentracks:accuracy_horizontal></extensions>
</trkpt>
<trkpt lat="50.451888" lon="-104.54826">
<ele>557</ele>
<time>2026-09-25T18:26:24.85-06:00</time>
<extensions>
<gpxtpx:TrackPointExtension>
<gpxtpx:speed>3.97</gpxtpx:speed>
</gpxtpx:TrackPointExtension>
<opentracks:accuracy_horizontal>4.592</opentracks:accuracy_horizontal></extensions>
</trkpt>
<trkpt lat="50.451865" lon="-104.548403">
<ele>557</ele>
<time>2026-09-25T18:26:27.852-06:00</time>
<extensions>
<gpxtpx:TrackPointExtension>
<gpxtpx:speed>2.54</gpxtpx:speed>
</gpxtpx:TrackPointExtension>
<opentracks:accuracy_horizontal>6.122</opentracks:accuracy_horizontal></extensions>
</trkpt>
<trkpt lat="50.45186" lon="-104.548556">
<ele>557</ele>
<time>2026-09-25T18:26:33.833-06:00</time>
<extensions>
<gpxtpx:TrackPointExtension>
<gpxtpx:speed>2.73</gpxtpx:speed>
</gpxtpx:TrackPointExtension>
<opentracks:accuracy_horizontal>7.143</opentracks:accuracy_horizontal></extensions>
</trkpt>
<trkpt lat="50.451881" lon="-104.548694">
<ele>557</ele>
<time>2026-09-25T18:26:36.851-06:00</time>
<extensions>
<gpxtpx:TrackPointExtension>
<gpxtpx:speed>4.48</gpxtpx:speed>
</gpxtpx:TrackPointExtension>
<opentracks:accuracy_horizontal>6.122</opentracks:accuracy_horizontal></extensions>
</trkpt>
<trkpt lat="50.451863" lon="-104.548879">
<ele>556</ele>
<time>2026-09-25T18:26:39.85-06:00</time>
<extensions>
<gpxtpx:TrackPointExtension>
<gpxtpx:speed>4.66</gpxtpx:speed>
</gpxtpx:TrackPointExtension>
<opentracks:accuracy_horizontal>4.592</opentracks:accuracy_horizontal></extensions>
</trkpt>
<trkpt lat="50.451863" lon="-104.549068">
<ele>556</ele>
<time>2026-09-25T18:26:42.848-06:00</time>
<extensions>
<gpxtpx:TrackPointExtension>
<gpxtpx:speed>4.45</gpxtpx:speed>
</gpxtpx:TrackPointExtension>
<opentracks:accuracy_horizontal>1.02</opentracks:accuracy_horizontal></extensions>
</trkpt>
<trkpt lat="50.451876" lon="-104.549272">
<ele>556</ele>
<time>2026-09-25T18:26:45.843-06:00</time>
<extensions>
<gpxtpx:TrackPointExtension>
<gpxtpx:speed>5.08</gpxtpx:speed>
</gpxtpx:TrackPointExtension>
<opentracks:accuracy_horizontal>1.02</opentracks:accuracy_horizontal></extensions>
</trkpt>
<trkpt lat="50.451876" lon="-104.549417">
<ele>556</ele>
<time>2026-09-25T18:26:47.87-06:00</time>
<extensions>
<gpxtpx:TrackPointExtension>
<gpxtpx:speed>4.99</gpxtpx:speed>
</gpxtpx:TrackPointExtension>
<opentracks:accuracy_horizontal>1.02</opentracks:accuracy_horizontal></extensions>
</trkpt>
<trkpt lat="50.451876" lon="-104.549627">
<ele>556</ele>
<time>2026-09-25T18:26:50.855-06:00</time>
<extensions>
<gpxtpx:TrackPointExtension>
<gpxtpx:speed>4.84</gpxtpx:speed>
</gpxtpx:TrackPointExtension>
<opentracks:accuracy_horizontal>1.02</opentracks:accuracy_horizontal></extensions>
</trkpt>
<trkpt lat="50.451875" lon="-104.549815">
<ele>556</ele>
<time>2026-09-25T18:26:53.85-06:00</time>
<extensions>
<gpxtpx:TrackPointExtension>
<gpxtpx:speed>4.5</gpxtpx:speed>
</gpxtpx:TrackPointExtension>
<opentracks:accuracy_horizontal>1.02</opentracks:accuracy_horizontal></extensions>
</trkpt>
<trkpt lat="50.451883" lon="-104.549992">
<ele>556</ele>
<time>2026-09-25T18:26:56.871-06:00</time>
<extensions>
<gpxtpx:TrackPointExtension>
<gpxtpx:speed>3.97</gpxtpx:speed>
</gpxtpx:TrackPointExtension>
<opentracks:accuracy_horizontal>4.082</opentracks:accuracy_horizontal></extensions>
</trkpt>
<trkpt lat="50.451889" lon="-104.550135">
<ele>557</ele>
<time>2026-09-25T18:26:59.852-06:00</time>
<extensions>
<gpxtpx:TrackPointExtension>
<gpxtpx:speed>2.73</gpxtpx:speed>
</gpxtpx:TrackPointExtension>
<opentracks:accuracy_horizontal>4.592</opentracks:accuracy_horizontal></extensions>
</trkpt>
<trkpt lat="50.451792" lon="-104.550068">
<ele>557</ele>
<time>2026-09-25T18:27:04.848-06:00</time>
<extensions>
<gpxtpx:TrackPointExtension>
<gpxtpx:speed>4.17</gpxtpx:speed>
</gpxtpx:TrackPointExtension>
<opentracks:accuracy_horizontal>6.633</opentracks:accuracy_horizontal></extensions>
</trkpt>
<trkpt lat="50.451678" lon="-104.550013">
<ele>557</ele>
<time>2026-09-25T18:27:07.847-06:00</time>
<extensions>
<gpxtpx:TrackPointExtension>
<gpxtpx:speed>4.84</gpxtpx:speed>
</gpxtpx:TrackPointExtension>
<opentracks:accuracy_horizontal>6.633</opentracks:accuracy_horizontal></extensions>
</trkpt>
<trkpt lat="50.451587" lon="-104.550011">
<ele>557</ele>
<time>2026-09-25T18:27:09.855-06:00</time>
<extensions>
<gpxtpx:TrackPointExtension>
<gpxtpx:speed>4.96</gpxtpx:speed>
</gpxtpx:TrackPointExtension>
<opentracks:accuracy_horizontal>1.02</opentracks:accuracy_horizontal></extensions>
</trkpt>
<trkpt lat="50.451487" lon="-104.550016">
<ele>556</ele>
<time>2026-09-25T18:27:11.866-06:00</time>
<extensions>
<gpxtpx:TrackPointExtension>
<gpxtpx:speed>5.14</gpxtpx:speed>
</gpxtpx:TrackPointExtension>
<opentracks:accuracy_horizontal>1.02</opentracks:accuracy_horizontal></extensions>
</trkpt>
<trkpt lat="50.451393" lon="-104.550018">
<ele>556</ele>
<time>2026-09-25T18:27:13.851-06:00</time>
<extensions>
<gpxtpx:TrackPointExtension>
<gpxtpx:speed>5.2</gpxtpx:speed>
</gpxtpx:TrackPointExtension>
<opentracks:accuracy_horizontal>1.02</opentracks:accuracy_horizontal></extensions>
</trkpt>
<trkpt lat="50.451295" lon="-104.550031">
<ele>556</ele>
<time>2026-09-25T18:27:15.862-06:00</time>
<extensions>
<gpxtpx:TrackPointExtension>
<gpxtpx:speed>5.37</gpxtpx:speed>
</gpxtpx:TrackPointExtension>
<opentracks:accuracy_horizontal>0.51</opentracks:accuracy_horizontal></extensions>
</trkpt>
<trkpt lat="50.451192" lon="-104.550037">
<ele>555</ele>
<time>2026-09-25T18:27:17.864-06:00</time>
<extensions>
<gpxtpx:TrackPointExtension>
<gpxtpx:speed>5.78</gpxtpx:speed>
</gpxtpx:TrackPointExtension>
<opentracks:accuracy_horizontal>1.02</opentracks:accuracy_horizontal></extensions>
</trkpt>
<trkpt lat="50.451091" lon="-104.550026">
<ele>556</ele>
<time>2026-09-25T18:27:19.864-06:00</time>
<extensions>
<gpxtpx:TrackPointExtension>
<gpxtpx:speed>5.65</gpxtpx:speed>
</gpxtpx:TrackPointExtension>
<opentracks:accuracy_horizontal>1.02</opentracks:accuracy_horizontal></extensions>
</trkpt>
<trkpt lat="50.450998" lon="-104.550022">
<ele>557</ele>
<time>2026-09-25T18:27:21.847-06:00</time>
<extensions>
<gpxtpx:TrackPointExtension>
<gpxtpx:speed>5.3</gpxtpx:speed>
</gpxtpx:TrackPointExtension>
<opentracks:accuracy_horizontal>1.02</opentracks:accuracy_horizontal></extensions>
</trkpt>
<trkpt lat="50.45087" lon="-104.550023">
<ele>557</ele>
<time>2026-09-25T18:27:24.854-06:00</time>
<extensions>
<gpxtpx:TrackPointExtension>
<gpxtpx:speed>5.22</gpxtpx:speed>
</gpxtpx:TrackPointExtension>
<opentracks:accuracy_horizontal>1.02</opentracks:accuracy_horizontal></extensions>
</trkpt>
<trkpt lat="50.45075" lon="-104.550014">
<ele>556</ele>
<time>2026-09-25T18:27:27.867-06:00</time>
<extensions>
<gpxtpx:TrackPointExtension>
<gpxtpx:speed>4.34</gpxtpx:speed>
</gpxtpx:TrackPointExtension>
<opentracks:accuracy_horizontal>4.082</opentracks:accuracy_horizontal></extensions>
</trkpt>
<trkpt lat="50.450632" lon="-104.550029">
<ele>557</ele>
<time>2026-09-25T18:27:30.851-06:00</time>
<extensions>
<gpxtpx:TrackPointExtension>
<gpxtpx:speed>4.26</gpxtpx:speed>
</gpxtpx:TrackPointExtension>
<opentracks:accuracy_horizontal>1.02</opentracks:accuracy_horizontal></extensions>
</trkpt>
<trkpt lat="50.450528" lon="-104.550035">
<ele>557</ele>
<time>2026-09-25T18:27:33.859-06:00</time>
<extensions>
<gpxtpx:TrackPointExtension>
<gpxtpx:speed>3.04</gpxtpx:speed>
</gpxtpx:TrackPointExtension>
<opentracks:accuracy_horizontal>4.592</opentracks:accuracy_horizontal></extensions>
</trkpt>
<trkpt lat="50.450422" lon="-104.550064">
<ele>557</ele>
<time>2026-09-25T18:27:38.855-06:00</time>
<extensions>
<gpxtpx:TrackPointExtension>
<gpxtpx:speed>1.92</gpxtpx:speed>
</gpxtpx:TrackPointExtension>
<opentracks:accuracy_horizontal>5.102</opentracks:accuracy_horizontal></extensions>
</trkpt>
<trkpt lat="50.450316" lon="-104.550045">
<ele>557</ele>
<time>2026-09-25T18:27:42.848-06:00</time>
<extensions>
<gpxtpx:TrackPointExtension>
<gpxtpx:speed>3.68</gpxtpx:speed>
</gpxtpx:TrackPointExtension>
<opentracks:accuracy_horizontal>5.102</opentracks:accuracy_horizontal></extensions>
</trkpt>
<trkpt lat="50.450204" lon="-104.550021">
<ele>557</ele>
<time>2026-09-25T18:27:45.846-06:00</time>
<extensions>
<gpxtpx:TrackPointExtension>
<gpxtpx:speed>4.09</gpxtpx:speed>
</gpxtpx:TrackPointExtension>
<opentracks:accuracy_horizontal>7.143</opentracks:accuracy_horizontal></extensions>
</trkpt>
<trkpt lat="50.450091" lon="-104.550026">
<ele>556</ele>
<time>2026-09-25T18:27:48.861-06:00</time>
<extensions>
<gpxtpx:TrackPointExtension>
<gpxtpx:speed>4.5</gpxtpx:speed>
</gpxtpx:TrackPointExtension>
<opentracks:accuracy_horizontal>5.102</opentracks:accuracy_horizontal></extensions>
</trkpt>
<trkpt lat="50.449972" lon="-104.550012">
<ele>556</ele>
<time>2026-09-25T18:27:51.852-06:00</time>
<extensions>
<gpxtpx:TrackPointExtension>
<gpxtpx:speed>4.38</gpxtpx:speed>
</gpxtpx:TrackPointExtension>
<opentracks:accuracy_horizontal>1.02</opentracks:accuracy_horizontal></extensions>
</trkpt>
<trkpt lat="50.449856" lon="-104.550004">
<ele>556</ele>
<time>2026-09-25T18:27:54.854-06:00</time>
<extensions>
<gpxtpx:TrackPointExtension>
<gpxtpx:speed>4.17</gpxtpx:speed>
</gpxtpx:TrackPointExtension>
<opentracks:accuracy_horizontal>1.02</opentracks:accuracy_horizontal></extensions>
</trkpt>
<trkpt lat="50.44973" lon="-104.55001">
<ele>556</ele>
<time>2026-09-25T18:27:57.853-06:00</time>
<extensions>
<gpxtpx:TrackPointExtension>
<gpxtpx:speed>4.37</gpxtpx:speed>
</gpxtpx:TrackPointExtension>
<opentracks:accuracy_horizontal>1.02</opentracks:accuracy_horizontal></extensions>
</trkpt>
<trkpt lat="50.449616" lon="-104.55003">
<ele>556</ele>
<time>2026-09-25T18:28:00.853-06:00</time>
<extensions>
<gpxtpx:TrackPointExtension>
<gpxtpx:speed>4.21</gpxtpx:speed>
</gpxtpx:TrackPointExtension>
<opentracks:accuracy_horizontal>1.02</opentracks:accuracy_horizontal></extensions>
</trkpt>
<trkpt lat="50.449483" lon="-104.550026">
<ele>556</ele>
<time>2026-09-25T18:28:03.851-06:00</time>
<extensions>
<gpxtpx:TrackPointExtension>
<gpxtpx:speed>4.95</gpxtpx:speed>
</gpxtpx:TrackPointExtension>
<opentracks:accuracy_horizontal>1.02</opentracks:accuracy_horizontal></extensions>
</trkpt>
<trkpt lat="50.449384" lon="-104.550009">
<ele>555</ele>
<time>2026-09-25T18:28:05.858-06:00</time>
<extensions>
<gpxtpx:TrackPointExtension>
<gpxtpx:speed>5.49</gpxtpx:speed>
</gpxtpx:TrackPointExtension>
<opentracks:accuracy_horizontal>1.02</opentracks:accuracy_horizontal></extensions>
</trkpt>
<trkpt lat="50.449252" lon="-104.550012">
<ele>555</ele>
<time>2026-09-25T18:28:08.866-06:00</time>
<extensions>
<gpxtpx:TrackPointExtension>
<gpxtpx:speed>5.34</gpxtpx:speed>
</gpxtpx:TrackPointExtension>
<opentracks:accuracy_horizontal>1.02</opentracks:accuracy_horizontal></extensions>
</trkpt>
<trkpt lat="50.449161" lon="-104.550017">
<ele>556</ele>
<time>2026-09-25T18:28:10.841-06:00</time>
<extensions>
<gpxtpx:TrackPointExtension>
<gpxtpx:speed>5.26</gpxtpx:speed>
</gpxtpx:TrackPointExtension>
<opentracks:accuracy_horizontal>1.02</opentracks:accuracy_horizontal></extensions>
</trkpt>
<trkpt lat="50.449064" lon="-104.550033">
<ele>556</ele>
<time>2026-09-25T18:28:12.839-06:00</time>
<extensions>
<gpxtpx:TrackPointExtension>
<gpxtpx:speed>5.39</gpxtpx:speed>
</gpxtpx:TrackPointExtension>
<opentracks:accuracy_horizontal>1.02</opentracks:accuracy_horizontal></extensions>
</trkpt>
<trkpt lat="50.448973" lon="-104.550041">
<ele>556</ele>
<time>2026-09-25T18:28:14.852-06:00</time>
<extensions>
<gpxtpx:TrackPointExtension>
<gpxtpx:speed>5.21</gpxtpx:speed>
</gpxtpx:TrackPointExtension>
<opentracks:accuracy_horizontal>1.02</opentracks:accuracy_horizontal></extensions>
</trkpt>
<trkpt lat="50.448871" lon="-104.550056">
<ele>556</ele>
<time>2026-09-25T18:28:16.848-06:00</time>
<extensions>
<gpxtpx:TrackPointExtension>
<gpxtpx:speed>6.13</gpxtpx:speed>
</gpxtpx:TrackPointExtension>
<opentracks:accuracy_horizontal>1.02</opentracks:accuracy_horizontal></extensions>
</trkpt>
<trkpt lat="50.448809" lon="-104.550176">
<ele>555</ele>
<time>2026-09-25T18:28:18.85-06:00</time>
<extensions>
<gpxtpx:TrackPointExtension>
<gpxtpx:speed>5.76</gpxtpx:speed>
</gpxtpx:TrackPointExtension>
<opentracks:accuracy_horizontal>1.02</opentracks:accuracy_horizontal></extensions>
</trkpt>
<trkpt lat="50.448812" lon="-104.550325">
<ele>555</ele>
<time>2026-09-25T18:28:20.86-06:00</time>
<extensions>
<gpxtpx:TrackPointExtension>
<gpxtpx:speed>5.15</gpxtpx:speed>
</gpxtpx:TrackPointExtension>
<opentracks:accuracy_horizontal>1.02</opentracks:accuracy_horizontal></extensions>
</trkpt>
<trkpt lat="50.448827" lon="-104.550489">
<ele>555</ele>
<time>2026-09-25T18:28:22.851-06:00</time>
<extensions>
<gpxtpx:TrackPointExtension>
<gpxtpx:speed>5.67</gpxtpx:speed>
</gpxtpx:TrackPointExtension>
<opentracks:accuracy_horizontal>1.02</opentracks:accuracy_horizontal></extensions>
</trkpt>
<trkpt lat="50.448828" lon="-104.550654">
<ele>555</ele>
<time>2026-09-25T18:28:24.858-06:00</time>
<extensions>
<gpxtpx:TrackPointExtension>
<gpxtpx:speed>5.85</gpxtpx:speed>
</gpxtpx:TrackPointExtension>
<opentracks:accuracy_horizontal>1.02</opentracks:accuracy_horizontal></extensions>
</trkpt>
<trkpt lat="50.448828" lon="-104.550824">
<ele>554</ele>
<time>2026-09-25T18:28:26.866-06:00</time>
<extensions>
<gpxtpx:TrackPointExtension>
<gpxtpx:speed>5.72</gpxtpx:speed>
</gpxtpx:TrackPointExtension>
<opentracks:accuracy_horizontal>1.02</opentracks:accuracy_horizontal></extensions>
</trkpt>
<trkpt lat="50.448825" lon="-104.55099">
<ele>554</ele>
<time>2026-09-25T18:28:28.846-06:00</time>
<extensions>
<gpxtpx:TrackPointExtension>
<gpxtpx:speed>5.81</gpxtpx:speed>
</gpxtpx:TrackPointExtension>
<opentracks:accuracy_horizontal>1.02</opentracks:accuracy_horizontal></extensions>
</trkpt>
<trkpt lat="50.448824" lon="-104.551156">
<ele>555</ele>
<time>2026-09-25T18:28:30.859-06:00</time>
<extensions>
<gpxtpx:TrackPointExtension>
<gpxtpx:speed>5.8</gpxtpx:speed>
</gpxtpx:TrackPointExtension>
<opentracks:accuracy_horizontal>1.02</opentracks:accuracy_horizontal></extensions>
</trkpt>
<trkpt lat="50.448817" lon="-104.5513">
<ele>555</ele>
<time>2026-09-25T18:28:32.872-06:00</time>
<extensions>
<gpxtpx:TrackPointExtension>
<gpxtpx:speed>5.47</gpxtpx:speed>
</gpxtpx:TrackPointExtension>
<opentracks:accuracy_horizontal>1.02</opentracks:accuracy_horizontal></extensions>
</trkpt>
<trkpt lat="50.448811" lon="-104.551452">
<ele>555</ele>
<time>2026-09-25T18:28:34.864-06:00</time>
<extensions>
<gpxtpx:TrackPointExtension>
<gpxtpx:speed>5.29</gpxtpx:speed>
</gpxtpx:TrackPointExtension>
<opentracks:accuracy_horizontal>0.51</opentracks:accuracy_horizontal></extensions>
</trkpt>
<trkpt lat="50.448817" lon="-104.55161">
<ele>555</ele>
<time>2026-09-25T18:28:36.861-06:00</time>
<extensions>
<gpxtpx:TrackPointExtension>
<gpxtpx:speed>5.76</gpxtpx:speed>
</gpxtpx:TrackPointExtension>
<opentracks:accuracy_horizontal>1.02</opentracks:accuracy_horizontal></extensions>
</trkpt>
<trkpt lat="50.44882" lon="-104.551763">
<ele>556</ele>
<time>2026-09-25T18:28:38.859-06:00</time>
<extensions>
<gpxtpx:TrackPointExtension>
<gpxtpx:speed>5.64</gpxtpx:speed>
</gpxtpx:TrackPointExtension>
<opentracks:accuracy_horizontal>1.02</opentracks:accuracy_horizontal></extensions>
</trkpt>
<trkpt lat="50.448818" lon="-104.551919">
<ele>557</ele>
<time>2026-09-25T18:28:40.86-06:00</time>
<extensions>
<gpxtpx:TrackPointExtension>
<gpxtpx:speed>5.46</gpxtpx:speed>
</gpxtpx:TrackPointExtension>
<opentracks:accuracy_horizontal>1.02</opentracks:accuracy_horizontal></extensions>
</trkpt>
<trkpt lat="50.448811" lon="-104.552082">
<ele>557</ele>
<time>2026-09-25T18:28:42.855-06:00</time>
<extensions>
<gpxtpx:TrackPointExtension>
<gpxtpx:speed>5.21</gpxtpx:speed>
</gpxtpx:TrackPointExtension>
<opentracks:accuracy_horizontal>1.02</opentracks:accuracy_horizontal></extensions>
</trkpt>
<trkpt lat="50.448806" lon="-104.552248">
<ele>556</ele>
<time>2026-09-25T18:28:44.864-06:00</time>
<extensions>
<gpxtpx:TrackPointExtension>
<gpxtpx:speed>5.42</gpxtpx:speed>
</gpxtpx:TrackPointExtension>
<opentracks:accuracy_horizontal>1.02</opentracks:accuracy_horizontal></extensions>
</trkpt>
<trkpt lat="50.4488" lon="-104.552414">
<ele>556</ele>
<time>2026-09-25T18:28:46.867-06:00</time>
<extensions>
<gpxtpx:TrackPointExtension>
<gpxtpx:speed>5.68</gpxtpx:speed>
</gpxtpx:TrackPointExtension>
<opentracks:accuracy_horizontal>1.02</opentracks:accuracy_horizontal></extensions>
</trkpt>
<trkpt lat="50.448799" lon="-104.552582">
<ele>556</ele>
<time>2026-09-25T18:28:48.86-06:00</time>
<extensions>
<gpxtpx:TrackPointExtension>
<gpxtpx:speed>5.72</gpxtpx:speed>
</gpxtpx:TrackPointExtension>
<opentracks:accuracy_horizontal>1.02</opentracks:accuracy_horizontal></extensions>
</trkpt>
<trkpt lat="50.448809" lon="-104.552763">
<ele>555</ele>
<time>2026-09-25T18:28:50.86-06:00</time>
<extensions>
<gpxtpx:TrackPointExtension>
<gpxtpx:speed>6.4</gpxtpx:speed>
</gpxtpx:TrackPointExtension>
<opentracks:accuracy_horizontal>0.51</opentracks:accuracy_horizontal></extensions>
</trkpt>
<trkpt lat="50.448818" lon="-104.552959">
<ele>555</ele>
<time>2026-09-25T18:28:52.87-06:00</time>
<extensions>
<gpxtpx:TrackPointExtension>
<gpxtpx:speed>6.61</gpxtpx:speed>
</gpxtpx:TrackPointExtension>
<opentracks:accuracy_horizontal>1.02</opentracks:accuracy_horizontal></extensions>
</trkpt>
<trkpt lat="50.448821" lon="-104.553148">
<ele>555</ele>
<time>2026-09-25T18:28:54.85-06:00</time>
<extensions>
<gpxtpx:TrackPointExtension>
<gpxtpx:speed>6.57</gpxtpx:speed>
</gpxtpx:TrackPointExtension>
<opentracks:accuracy_horizontal>1.02</opentracks:accuracy_horizontal></extensions>
</trkpt>
<trkpt lat="50.44882" lon="-104.553338">
<ele>555</ele>
<time>2026-09-25T18:28:56.854-06:00</time>
<extensions>
<gpxtpx:TrackPointExtension>
<gpxtpx:speed>6.3</gpxtpx:speed>
</gpxtpx:TrackPointExtension>
<opentracks:accuracy_horizontal>4.592</opentracks:accuracy_horizontal></extensions>
</trkpt>
<trkpt lat="50.448819" lon="-104.553515">
<ele>555</ele>
<time>2026-09-25T18:28:58.86-06:00</time>
<extensions>
<gpxtpx:TrackPointExtension>
<gpxtpx:speed>5.94</gpxtpx:speed>
</gpxtpx:TrackPointExtension>
<opentracks:accuracy_horizontal>5.102</opentracks:accuracy_horizontal></extensions>
</trkpt>
<trkpt lat="50.448822" lon="-104.553683">
<ele>555</ele>
<time>2026-09-25T18:29:00.861-06:00</time>
<extensions>
<gpxtpx:TrackPointExtension>
<gpxtpx:speed>6.09</gpxtpx:speed>
</gpxtpx:TrackPointExtension>
<opentracks:accuracy_horizontal>6.633</opentracks:accuracy_horizontal></extensions>
</trkpt>
<trkpt lat="50.448831" lon="-104.55385">
<ele>556</ele>
<time>2026-09-25T18:29:02.851-06:00</time>
<extensions>
<gpxtpx:TrackPointExtension>
<gpxtpx:speed>5.84</gpxtpx:speed>
</gpxtpx:TrackPointExtension>
<opentracks:accuracy_horizontal>6.633</opentracks:accuracy_horizontal></extensions>
</trkpt>
<trkpt lat="50.448834" lon="-104.554031">
<ele>556</ele>
<time>2026-09-25T18:29:04.864-06:00</time>
<extensions>
<gpxtpx:TrackPointExtension>
<gpxtpx:speed>5.97</gpxtpx:speed>
</gpxtpx:TrackPointExtension>
<opentracks:accuracy_horizontal>7.653</opentracks:accuracy_horizontal></extensions>
</trkpt>
<trkpt lat="50.448826" lon="-104.554191">
<ele>556</ele>
<time>2026-09-25T18:29:06.852-06:00</time>
<extensions>
<gpxtpx:TrackPointExtension>
<gpxtpx:speed>5.56</gpxtpx:speed>
</gpxtpx:TrackPointExtension>
<opentracks:accuracy_horizontal>6.633</opentracks:accuracy_horizontal></extensions>
</trkpt>
<trkpt lat="50.448826" lon="-104.554354">
<ele>556</ele>
<time>2026-09-25T18:29:08.853-06:00</time>
<extensions>
<gpxtpx:TrackPointExtension>
<gpxtpx:speed>5.58</gpxtpx:speed>
</gpxtpx:TrackPointExtension>
<opentracks:accuracy_horizontal>6.122</opentracks:accuracy_horizontal></extensions>
</trkpt>
<trkpt lat="50.448834" lon="-104.554541">
<ele>555</ele>
<time>2026-09-25T18:29:11.876-06:00</time>
<extensions>
<gpxtpx:TrackPointExtension>
<gpxtpx:speed>4.05</gpxtpx:speed>
</gpxtpx:TrackPointExtension>
<opentracks:accuracy_horizontal>5.612</opentracks:accuracy_horizontal></extensions>
</trkpt>
<trkpt lat="50.448834" lon="-104.554717">
<ele>554</ele>
<time>2026-09-25T18:29:15.862-06:00</time>
<extensions>
<gpxtpx:TrackPointExtension>
<gpxtpx:speed>2.66</gpxtpx:speed>
</gpxtpx:TrackPointExtension>
<opentracks:accuracy_horizontal>5.612</opentracks:accuracy_horizontal></extensions>
</trkpt>
<trkpt lat="50.448837" lon="-104.554886">
<ele>554</ele>
<time>2026-09-25T18:29:19.854-06:00</time>
<extensions>
<gpxtpx:TrackPointExtension>
<gpxtpx:speed>2.89</gpxtpx:speed>
</gpxtpx:TrackPointExtension>
<opentracks:accuracy_horizontal>6.633</opentracks:accuracy_horizontal></extensions>
</trkpt>
<trkpt lat="50.448831" lon="-104.555035">
<ele>553</ele>
<time>2026-09-25T18:29:23.859-06:00</time>
<extensions>
<gpxtpx:TrackPointExtension>
<gpxtpx:speed>2.56</gpxtpx:speed>
</gpxtpx:TrackPointExtension>
<opentracks:accuracy_horizontal>4.592</opentracks:accuracy_horizontal></extensions>
</trkpt>
<trkpt lat="50.448847" lon="-104.55518">
<ele>554</ele>
<time>2026-09-25T18:29:26.866-06:00</time>
<extensions>
<gpxtpx:TrackPointExtension>
<gpxtpx:speed>3.58</gpxtpx:speed>
</gpxtpx:TrackPointExtension>
<opentracks:accuracy_horizontal>10.204</opentracks:accuracy_horizontal></extensions>
</trkpt>
<trkpt lat="50.448846" lon="-104.555322">
<ele>555</ele>
<time>2026-09-25T18:29:29.846-06:00</time>
<extensions>
<gpxtpx:TrackPointExtension>
<gpxtpx:speed>3.49</gpxtpx:speed>
</gpxtpx:TrackPointExtension>
<opentracks:accuracy_horizontal>6.122</opentracks:accuracy_horizontal></extensions>
</trkpt>
<trkpt lat="50.448827" lon="-104.555482">
<ele>555</ele>
<time>2026-09-25T18:29:32.853-06:00</time>
<extensions>
<gpxtpx:TrackPointExtension>
<gpxtpx:speed>4.22</gpxtpx:speed>
</gpxtpx:TrackPointExtension>
<opentracks:accuracy_horizontal>0.51</opentracks:accuracy_horizontal></extensions>
</trkpt>
<trkpt lat="50.448819" lon="-104.555644">
<ele>556</ele>
<time>2026-09-25T18:29:35.852-06:00</time>
<extensions>
<gpxtpx:TrackPointExtension>
<gpxtpx:speed>3.99</gpxtpx:speed>
</gpxtpx:TrackPointExtension>
<opentracks:accuracy_horizontal>1.02</opentracks:accuracy_horizontal></extensions>
</trkpt>
<trkpt lat="50.448813" lon="-104.555815">
<ele>556</ele>
<time>2026-09-25T18:29:38.853-06:00</time>
<extensions>
<gpxtpx:TrackPointExtension>
<gpxtpx:speed>4.07</gpxtpx:speed>
</gpxtpx:TrackPointExtension>
<opentracks:accuracy_horizontal>1.02</opentracks:accuracy_horizontal></extensions>
</trkpt>
<trkpt lat="50.44883" lon="-104.555982">
<ele>556</ele>
<time>2026-09-25T18:29:41.849-06:00</time>
<extensions>
<gpxtpx:TrackPointExtension>
<gpxtpx:speed>4.41</gpxtpx:speed>
</gpxtpx:TrackPointExtension>
<opentracks:accuracy_horizontal>1.02</opentracks:accuracy_horizontal></extensions>
</trkpt>
<trkpt lat="50.448941" lon="-104.55609">
<ele>554</ele>
<time>2026-09-25T18:29:44.861-06:00</time>
<extensions>
<gpxtpx:TrackPointExtension>
<gpxtpx:speed>4.69</gpxtpx:speed>
</gpxtpx:TrackPointExtension>
<opentracks:accuracy_horizontal>1.02</opentracks:accuracy_horizontal></extensions>
</trkpt>
<trkpt lat="50.449057" lon="-104.556117">
<ele>554</ele>
<time>2026-09-25T18:29:47.856-06:00</time>
<extensions>
<gpxtpx:TrackPointExtension>
<gpxtpx:speed>4.32</gpxtpx:speed>
</gpxtpx:TrackPointExtension>
<opentracks:accuracy_horizontal>1.02</opentracks:accuracy_horizontal></extensions>
</trkpt>
<trkpt lat="50.449173" lon="-104.556115">
<ele>554</ele>
<time>2026-09-25T18:29:50.865-06:00</time>
<extensions>
<gpxtpx:TrackPointExtension>
<gpxtpx:speed>4.4</gpxtpx:speed>
</gpxtpx:TrackPointExtension>
<opentracks:accuracy_horizontal>1.02</opentracks:accuracy_horizontal></extensions>
</trkpt>
<trkpt lat="50.449302" lon="-104.556103">
<ele>554</ele>
<time>2026-09-25T18:29:53.834-06:00</time>
<extensions>
<gpxtpx:TrackPointExtension>
<gpxtpx:speed>5.35</gpxtpx:speed>
</gpxtpx:TrackPointExtension>
<opentracks:accuracy_horizontal>1.02</opentracks:accuracy_horizontal></extensions>
</trkpt>
<trkpt lat="50.449431" lon="-104.556091">
<ele>555</ele>
<time>2026-09-25T18:29:56.848-06:00</time>
<extensions>
<gpxtpx:TrackPointExtension>
<gpxtpx:speed>4.76</gpxtpx:speed>
</gpxtpx:TrackPointExtension>
<opentracks:accuracy_horizontal>0.51</opentracks:accuracy_horizontal></extensions>
</trkpt>
<trkpt lat="50.449549" lon="-104.556071">
<ele>555</ele>
<time>2026-09-25T18:29:59.85-06:00</time>
<extensions>
<gpxtpx:TrackPointExtension>
<gpxtpx:speed>4.35</gpxtpx:speed>
</gpxtpx:TrackPointExtension>
<opentracks:accuracy_horizontal>5.612</opentracks:accuracy_horizontal></extensions>
</trkpt>
<trkpt lat="50.449655" lon="-104.556085">
<ele>555</ele>
<time>2026-09-25T18:30:02.848-06:00</time>
<extensions>
<gpxtpx:TrackPointExtension>
<gpxtpx:speed>3.98</gpxtpx:speed>
</gpxtpx:TrackPointExtension>
<opentracks:accuracy_horizontal>6.633</opentracks:accuracy_horizontal></extensions>
</trkpt>
<trkpt lat="50.449768" lon="-104.556055">
<ele>555</ele>
<time>2026-09-25T18:30:05.881-06:00</time>
<extensions>
<gpxtpx:TrackPointExtension>
<gpxtpx:speed>3.11</gpxtpx:speed>
</gpxtpx:TrackPointExtension>
<opentracks:accuracy_horizontal>5.102</opentracks:accuracy_horizontal></extensions>
</trkpt>
<trkpt lat="50.449887" lon="-104.556044">
<ele>556</ele>
<time>2026-09-25T18:30:08.866-06:00</time>
<extensions>
<gpxtpx:TrackPointExtension>
<gpxtpx:speed>4.6</gpxtpx:speed>
</gpxtpx:TrackPointExtension>
<opentracks:accuracy_horizontal>1.02</opentracks:accuracy_horizontal></extensions>
</trkpt>
<trkpt lat="50.450004" lon="-104.556047">
<ele>557</ele>
<time>2026-09-25T18:30:11.869-06:00</time>
<extensions>
<gpxtpx:TrackPointExtension>
<gpxtpx:speed>4.04</gpxtpx:speed>
</gpxtpx:TrackPointExtension>
<opentracks:accuracy_horizontal>2.041</opentracks:accuracy_horizontal></extensions>
</trkpt>
<trkpt lat="50.450113" lon="-104.55606">
<ele>557</ele>
<time>2026-09-25T18:30:14.85-06:00</time>
<extensions>
<gpxtpx:TrackPointExtension>
<gpxtpx:speed>4.24</gpxtpx:speed>
</gpxtpx:TrackPointExtension>
<opentracks:accuracy_horizontal>5.612</opentracks:accuracy_horizontal></extensions>
</trkpt>
<trkpt lat="50.450219" lon="-104.556096">
<ele>557</ele>
<time>2026-09-25T18:30:17.852-06:00</time>
<extensions>
<gpxtpx:TrackPointExtension>
<gpxtpx:speed>3.56</gpxtpx:speed>
</gpxtpx:TrackPointExtension>
<opentracks:accuracy_horizontal>4.592</opentracks:accuracy_horizontal></extensions>
</trkpt>
<trkpt lat="50.45031" lon="-104.556145">
<ele>557</ele>
<time>2026-09-25T18:30:20.864-06:00</time>
<extensions>
<gpxtpx:TrackPointExtension>
<gpxtpx:speed>3.43</gpxtpx:speed>
</gpxtpx:TrackPointExtension>
<opentracks:accuracy_horizontal>7.143</opentracks:accuracy_horizontal></extensions>
</trkpt>
<trkpt lat="50.450398" lon="-104.55627">
<ele>557</ele>
<time>2026-09-25T18:30:24.876-06:00</time>
<extensions>
<gpxtpx:TrackPointExtension>
<gpxtpx:speed>3.96</gpxtpx:speed>
</gpxtpx:TrackPointExtension>
<opentracks:accuracy_horizontal>7.143</opentracks:accuracy_horizontal></extensions>
</trkpt>
<trkpt lat="50.450413" lon="-104.556446">
<ele>556</ele>
<time>2026-09-25T18:30:27.849-06:00</time>
<extensions>
<gpxtpx:TrackPointExtension>
<gpxtpx:speed>4.48</gpxtpx:speed>
</gpxtpx:TrackPointExtension>
<opentracks:accuracy_horizontal>6.122</opentracks:accuracy_horizontal></extensions>
</trkpt>
<trkpt lat="50.450412" lon="-104.556635">
<ele>557</ele>
<time>2026-09-25T18:30:30.852-06:00</time>
<extensions>
<gpxtpx:TrackPointExtension>
<gpxtpx:speed>4.66</gpxtpx:speed>
</gpxtpx:TrackPointExtension>
<opentracks:accuracy_horizontal>4.082</opentracks:accuracy_horizontal></extensions>
</trkpt>
<trkpt lat="50.450411" lon="-104.556784">
<ele>556</ele>
<time>2026-09-25T18:30:32.858-06:00</time>
<extensions>
<gpxtpx:TrackPointExtension>
<gpxtpx:speed>5.04</gpxtpx:speed>
</gpxtpx:TrackPointExtension>
<opentracks:accuracy_horizontal>1.02</opentracks:accuracy_horizontal></extensions>
</trkpt>
<trkpt lat="50.450403" lon="-104.556938">
<ele>556</ele>
<time>2026-09-25T18:30:34.851-06:00</time>
<extensions>
<gpxtpx:TrackPointExtension>
<gpxtpx:speed>5.43</gpxtpx:speed>
</gpxtpx:TrackPointExtension>
<opentracks:accuracy_horizontal>1.02</opentracks:accuracy_horizontal></extensions>
</trkpt>
<trkpt lat="50.450406" lon="-104.557152">
<ele>556</ele>
<time>2026-09-25T18:30:37.864-06:00</time>
<extensions>
<gpxtpx:TrackPointExtension>
<gpxtpx:speed>5.23</gpxtpx:speed>
</gpxtpx:TrackPointExtension>
<opentracks:accuracy_horizontal>1.02</opentracks:accuracy_horizontal></extensions>
</trkpt>
<trkpt lat="50.450409" lon="-104.557305">
<ele>556</ele>
<time>2026-09-25T18:30:39.859-06:00</time>
<extensions>
<gpxtpx:TrackPointExtension>
<gpxtpx:speed>5.51</gpxtpx:speed>
</gpxtpx:TrackPointExtension>
<opentracks:accuracy_horizontal>1.02</opentracks:accuracy_horizontal></extensions>
</trkpt>
<trkpt lat="50.450415" lon="-104.557462">
<ele>556</ele>
<time>2026-09-25T18:30:41.856-06:00</time>
<extensions>
<gpxtpx:TrackPointExtension>
<gpxtpx:speed>5.39</gpxtpx:speed>
</gpxtpx:TrackPointExtension>
<opentracks:accuracy_horizontal>1.02</opentracks:accuracy_horizontal></extensions>
</trkpt>
<trkpt lat="50.45041" lon="-104.557616">
<ele>557</ele>
<time>2026-09-25T18:30:43.851-06:00</time>
<extensions>
<gpxtpx:TrackPointExtension>
<gpxtpx:speed>5.29</gpxtpx:speed>
</gpxtpx:TrackPointExtension>
<opentracks:accuracy_horizontal>1.02</opentracks:accuracy_horizontal></extensions>
</trkpt>
<trkpt lat="50.450472" lon="-104.557794">
<ele>557</ele>
<time>2026-09-25T18:30:46.859-06:00</time>
<extensions>
<gpxtpx:TrackPointExtension>
<gpxtpx:speed>5.77</gpxtpx:speed>
</gpxtpx:TrackPointExtension>
<opentracks:accuracy_horizontal>4.592</opentracks:accuracy_horizontal></extensions>
</trkpt>
<trkpt lat="50.450569" lon="-104.557846">
<ele>556</ele>
<time>2026-09-25T18:30:48.849-06:00</time>
<extensions>
<gpxtpx:TrackPointExtension>
<gpxtpx:speed>5.6</gpxtpx:speed>
</gpxtpx:TrackPointExtension>
<opentracks:accuracy_horizontal>4.592</opentracks:accuracy_horizontal></extensions>
</trkpt>
<trkpt lat="50.450669" lon="-104.557841">
<ele>556</ele>
<time>2026-09-25T18:30:50.852-06:00</time>
<extensions>
<gpxtpx:TrackPointExtension>
<gpxtpx:speed>5.39</gpxtpx:speed>
</gpxtpx:TrackPointExtension>
<opentracks:accuracy_horizontal>4.592</opentracks:accuracy_horizontal></extensions>
</trkpt>
<trkpt lat="50.450762" lon="-104.557833">
<ele>556</ele>
<time>2026-09-25T18:30:52.857-06:00</time>
<extensions>
<gpxtpx:TrackPointExtension>
<gpxtpx:speed>5.43</gpxtpx:speed>
</gpxtpx:TrackPointExtension>
<opentracks:accuracy_horizontal>4.592</opentracks:accuracy_horizontal></extensions>
</trkpt>
<trkpt lat="50.450861" lon="-104.557834">
<ele>556</ele>
<time>2026-09-25T18:30:54.855-06:00</time>
<extensions>
<gpxtpx:TrackPointExtension>
<gpxtpx:speed>5.37</gpxtpx:speed>
</gpxtpx:TrackPointExtension>
<opentracks:accuracy_horizontal>5.612</opentracks:accuracy_horizontal></extensions>
</trkpt>
<trkpt lat="50.450957" lon="-104.557835">
<ele>556</ele>
<time>2026-09-25T18:30:56.842-06:00</time>
<extensions>
<gpxtpx:TrackPointExtension>
<gpxtpx:speed>5.65</gpxtpx:speed>
</gpxtpx:TrackPointExtension>
<opentracks:accuracy_horizontal>1.02</opentracks:accuracy_horizontal></extensions>
</trkpt>
<trkpt lat="50.451057" lon="-104.557829">
<ele>556</ele>
<time>2026-09-25T18:30:58.859-06:00</time>
<extensions>
<gpxtpx:TrackPointExtension>
<gpxtpx:speed>5.61</gpxtpx:speed>
</gpxtpx:TrackPointExtension>
<opentracks:accuracy_horizontal>0.51</opentracks:accuracy_horizontal></extensions>
</trkpt>
<trkpt lat="50.451152" lon="-104.557821">
<ele>556</ele>
<time>2026-09-25T18:31:00.866-06:00</time>
<extensions>
<gpxtpx:TrackPointExtension>
<gpxtpx:speed>5.54</gpxtpx:speed>
</gpxtpx:TrackPointExtension>
<opentracks:accuracy_horizontal>1.02</opentracks:accuracy_horizontal></extensions>
</trkpt>
<trkpt lat="50.451254" lon="-104.557819">
<ele>556</ele>
<time>2026-09-25T18:31:02.855-06:00</time>
<extensions>
<gpxtpx:TrackPointExtension>
<gpxtpx:speed>5.82</gpxtpx:speed>
</gpxtpx:TrackPointExtension>
<opentracks:accuracy_horizontal>0.51</opentracks:accuracy_horizontal></extensions>
</trkpt>
<trkpt lat="50.451354" lon="-104.557824">
<ele>556</ele>
<time>2026-09-25T18:31:04.865-06:00</time>
<extensions>
<gpxtpx:TrackPointExtension>
<gpxtpx:speed>5.8</gpxtpx:speed>
</gpxtpx:TrackPointExtension>
<opentracks:accuracy_horizontal>0.51</opentracks:accuracy_horizontal></extensions>
</trkpt>
<trkpt lat="50.451456" lon="-104.557828">
<ele>556</ele>
<time>2026-09-25T18:31:06.858-06:00</time>
<extensions>
<gpxtpx:TrackPointExtension>
<gpxtpx:speed>5.91</gpxtpx:speed>
</gpxtpx:TrackPointExtension>
<opentracks:accuracy_horizontal>1.02</opentracks:accuracy_horizontal></extensions>
</trkpt>
<trkpt lat="50.451566" lon="-104.55783">
<ele>556</ele>
<time>2026-09-25T18:31:08.863-06:00</time>
<extensions>
<gpxtpx:TrackPointExtension>
<gpxtpx:speed>6.19</gpxtpx:speed>
</gpxtpx:TrackPointExtension>
<opentracks:accuracy_horizontal>1.02</opentracks:accuracy_horizontal></extensions>
</trkpt>
<trkpt lat="50.451676" lon="-104.557831">
<ele>557</ele>
<time>2026-09-25T18:31:10.877-06:00</time>
<extensions>
<gpxtpx:TrackPointExtension>
<gpxtpx:speed>6.42</gpxtpx:speed>
</gpxtpx:TrackPointExtension>
<opentracks:accuracy_horizontal>0.51</opentracks:accuracy_horizontal></extensions>
</trkpt>
<trkpt lat="50.451789" lon="-104.557836">
<ele>557</ele>
<time>2026-09-25T18:31:12.86-06:00</time>
<extensions>
<gpxtpx:TrackPointExtension>
<gpxtpx:speed>6.46</gpxtpx:speed>
</gpxtpx:TrackPointExtension>
<opentracks:accuracy_horizontal>1.02</opentracks:accuracy_horizontal></extensions>
</trkpt>
<trkpt lat="50.451902" lon="-104.557831">
<ele>556</ele>
<time>2026-09-25T18:31:14.878-06:00</time>
<extensions>
<gpxtpx:TrackPointExtension>
<gpxtpx:speed>6.39</gpxtpx:speed>
</gpxtpx:TrackPointExtension>
<opentracks:accuracy_horizontal>0.51</opentracks:accuracy_horizontal></extensions>
</trkpt>
<trkpt lat="50.452014" lon="-104.55783">
<ele>556</ele>
<time>2026-09-25T18:31:16.862-06:00</time>
<extensions>
<gpxtpx:TrackPointExtension>
<gpxtpx:speed>6.5</gpxtpx:speed>
</gpxtpx:TrackPointExtension>
<opentracks:accuracy_horizontal>1.02</opentracks:accuracy_horizontal></extensions>
</trkpt>
<trkpt lat="50.45213" lon="-104.557827">
<ele>556</ele>
<time>2026-09-25T18:31:18.86-06:00</time>
<extensions>
<gpxtpx:TrackPointExtension>
<gpxtpx:speed>6.31</gpxtpx:speed>
</gpxtpx:TrackPointExtension>
<opentracks:accuracy_horizontal>1.02</opentracks:accuracy_horizontal></extensions>
</trkpt>
<trkpt lat="50.452247" lon="-104.557833">
<ele>555</ele>
<time>2026-09-25T18:31:20.866-06:00</time>
<extensions>
<gpxtpx:TrackPointExtension>
<gpxtpx:speed>6.08</gpxtpx:speed>
</gpxtpx:TrackPointExtension>
<opentracks:accuracy_horizontal>1.02</opentracks:accuracy_horizontal></extensions>
</trkpt>
<trkpt lat="50.452357" lon="-104.557828">
<ele>556</ele>
<time>2026-09-25T18:31:22.86-06:00</time>
<extensions>
<gpxtpx:TrackPointExtension>
<gpxtpx:speed>6.11</gpxtpx:speed>
</gpxtpx:TrackPointExtension>
<opentracks:accuracy_horizontal>1.02</opentracks:accuracy_horizontal></extensions>
</trkpt>
<trkpt lat="50.45247" lon="-104.55783">
<ele>555</ele>
<time>2026-09-25T18:31:24.866-06:00</time>
<extensions>
<gpxtpx:TrackPointExtension>
<gpxtpx:speed>6.47</gpxtpx:speed>
</gpxtpx:TrackPointExtension>
<opentracks:accuracy_horizontal>0.51</opentracks:accuracy_horizontal></extensions>
</trkpt>
<trkpt lat="50.452589" lon="-104.557831">
<ele>556</ele>
<time>2026-09-25T18:31:26.864-06:00</time>
<extensions>
<gpxtpx:TrackPointExtension>
<gpxtpx:speed>6.4</gpxtpx:speed>
</gpxtpx:TrackPointExtension>
<opentracks:accuracy_horizontal>1.02</opentracks:accuracy_horizontal></extensions>
</trkpt>
<trkpt lat="50.452705" lon="-104.557834">
<ele>556</ele>
<time>2026-09-25T18:31:28.869-06:00</time>
<extensions>
<gpxtpx:TrackPointExtension>
<gpxtpx:speed>6.64</gpxtpx:speed>
</gpxtpx:TrackPointExtension>
<opentracks:accuracy_horizontal>1.02</opentracks:accuracy_horizontal></extensions>
</trkpt>
<trkpt lat="50.452823" lon="-104.55783">
<ele>557</ele>
<time>2026-09-25T18:31:30.86-06:00</time>
<extensions>
<gpxtpx:TrackPointExtension>
<gpxtpx:speed>6.61</gpxtpx:speed>
</gpxtpx:TrackPointExtension>
<opentracks:accuracy_horizontal>1.02</opentracks:accuracy_horizontal></extensions>
</trkpt>
<trkpt lat="50.452948" lon="-104.557837">
<ele>557</ele>
<time>2026-09-25T18:31:32.861-06:00</time>
<extensions>
<gpxtpx:TrackPointExtension>
<gpxtpx:speed>6.61</gpxtpx:speed>
</gpxtpx:TrackPointExtension>
<opentracks:accuracy_horizontal>1.02</opentracks:accuracy_horizontal></extensions>
</trkpt>
<trkpt lat="50.453074" lon="-104.557835">
<ele>557</ele>
<time>2026-09-25T18:31:34.866-06:00</time>
<extensions>
<gpxtpx:TrackPointExtension>
<gpxtpx:speed>7.41</gpxtpx:speed>
</gpxtpx:TrackPointExtension>
<opentracks:accuracy_horizontal>1.02</opentracks:accuracy_horizontal></extensions>
</trkpt>
<trkpt lat="50.4532" lon="-104.55784">
<ele>556</ele>
<time>2026-09-25T18:31:36.866-06:00</time>
<extensions>
<gpxtpx:TrackPointExtension>
<gpxtpx:speed>7</gpxtpx:speed>
</gpxtpx:TrackPointExtension>
<opentracks:accuracy_horizontal>1.02</opentracks:accuracy_horizontal></extensions>
</trkpt>
<trkpt lat="50.453312" lon="-104.557843">
<ele>556</ele>
<time>2026-09-25T18:31:38.854-06:00</time>
<extensions>
<gpxtpx:TrackPointExtension>
<gpxtpx:speed>6.61</gpxtpx:speed>
</gpxtpx:TrackPointExtension>
<opentracks:accuracy_horizontal>1.02</opentracks:accuracy_horizontal></extensions>
</trkpt>
<trkpt lat="50.453432" lon="-104.557836">
<ele>556</ele>
<time>2026-09-25T18:31:40.864-06:00</time>
<extensions>
<gpxtpx:TrackPointExtension>
<gpxtpx:speed>6.75</gpxtpx:speed>
</gpxtpx:TrackPointExtension>
<opentracks:accuracy_horizontal>1.02</opentracks:accuracy_horizontal></extensions>
</trkpt>
<trkpt lat="50.45355" lon="-104.557831">
<ele>555</ele>
<time>2026-09-25T18:31:42.854-06:00</time>
<extensions>
<gpxtpx:TrackPointExtension>
<gpxtpx:speed>6.65</gpxtpx:speed>
</gpxtpx:TrackPointExtension>
<opentracks:accuracy_horizontal>1.02</opentracks:accuracy_horizontal></extensions>
</trkpt>
<trkpt lat="50.453674" lon="-104.557821">
<ele>555</ele>
<time>2026-09-25T18:31:44.865-06:00</time>
<extensions>
<gpxtpx:TrackPointExtension>
<gpxtpx:speed>6.36</gpxtpx:speed>
</gpxtpx:TrackPointExtension>
<opentracks:accuracy_horizontal>1.02</opentracks:accuracy_horizontal></extensions>
</trkpt>
<trkpt lat="50.45379" lon="-104.557817">
<ele>556</ele>
<time>2026-09-25T18:31:46.887-06:00</time>
<extensions>
<gpxtpx:TrackPointExtension>
<gpxtpx:speed>6.3</gpxtpx:speed>
</gpxtpx:TrackPointExtension>
<opentracks:accuracy_horizontal>1.02</opentracks:accuracy_horizontal></extensions>
</trkpt>
<trkpt lat="50.453893" lon="-104.557826">
<ele>556</ele>
<time>2026-09-25T18:31:48.865-06:00</time>
<extensions>
<gpxtpx:TrackPointExtension>
<gpxtpx:speed>5.91</gpxtpx:speed>
</gpxtpx:TrackPointExtension>
<opentracks:accuracy_horizontal>1.02</opentracks:accuracy_horizontal></extensions>
</trkpt>
<trkpt lat="50.454003" lon="-104.557822">
<ele>557</ele>
<time>2026-09-25T18:31:50.856-06:00</time>
<extensions>
<gpxtpx:TrackPointExtension>
<gpxtpx:speed>5.98</gpxtpx:speed>
</gpxtpx:TrackPointExtension>
<opentracks:accuracy_horizontal>4.082</opentracks:accuracy_horizontal></extensions>
</trkpt>
<trkpt lat="50.454115" lon="-104.557831">
<ele>556</ele>
<time>2026-09-25T18:31:52.854-06:00</time>
<extensions>
<gpxtpx:TrackPointExtension>
<gpxtpx:speed>6.15</gpxtpx:speed>
</gpxtpx:TrackPointExtension>
<opentracks:accuracy_horizontal>0.51</opentracks:accuracy_horizontal></extensions>
</trkpt>
<trkpt lat="50.454223" lon="-104.557823">
<ele>557</ele>
<time>2026-09-25T18:31:54.875-06:00</time>
<extensions>
<gpxtpx:TrackPointExtension>
<gpxtpx:speed>6.02</gpxtpx:speed>
</gpxtpx:TrackPointExtension>
<opentracks:accuracy_horizontal>1.02</opentracks:accuracy_horizontal></extensions>
</trkpt>
<trkpt lat="50.454331" lon="-104.557826">
<ele>557</ele>
<time>2026-09-25T18:31:56.871-06:00</time>
<extensions>
<gpxtpx:TrackPointExtension>
<gpxtpx:speed>6.06</gpxtpx:speed>
</gpxtpx:TrackPointExtension>
<opentracks:accuracy_horizontal>1.02</opentracks:accuracy_horizontal></extensions>
</trkpt>
<trkpt lat="50.454439" lon="-104.557843">
<ele>558</ele>
<time>2026-09-25T18:31:58.856-06:00</time>
<extensions>
<gpxtpx:TrackPointExtension>
<gpxtpx:speed>5.64</gpxtpx:speed>
</gpxtpx:TrackPointExtension>
<opentracks:accuracy_horizontal>6.633</opentracks:accuracy_horizontal></extensions>
</trkpt>
<trkpt lat="50.454543" lon="-104.557849">
<ele>559</ele>
<time>2026-09-25T18:32:00.862-06:00</time>
<extensions>
<gpxtpx:TrackPointExtension>
<gpxtpx:speed>5.28</gpxtpx:speed>
</gpxtpx:TrackPointExtension>
<opentracks:accuracy_horizontal>1.02</opentracks:accuracy_horizontal></extensions>
</trkpt>
<trkpt lat="50.454665" lon="-104.557837">
<ele>558</ele>
<time>2026-09-25T18:32:03.874-06:00</time>
<extensions>
<gpxtpx:TrackPointExtension>
<gpxtpx:speed>4.63</gpxtpx:speed>
</gpxtpx:TrackPointExtension>
<opentracks:accuracy_horizontal>4.592</opentracks:accuracy_horizontal></extensions>
</trkpt>
<trkpt lat="50.454777" lon="-104.557835">
<ele>558</ele>
<time>2026-09-25T18:32:06.853-06:00</time>
<extensions>
<gpxtpx:TrackPointExtension>
<gpxtpx:speed>4.05</gpxtpx:speed>
</gpxtpx:TrackPointExtension>
<opentracks:accuracy_horizontal>3.061</opentracks:accuracy_horizontal></extensions>
</trkpt>
<trkpt lat="50.45487" lon="-104.5578">
<ele>557</ele>
<time>2026-09-25T18:32:09.85-06:00</time>
<extensions>
<gpxtpx:TrackPointExtension>
<gpxtpx:speed>2.85</gpxtpx:speed>
</gpxtpx:TrackPointExtension>
<opentracks:accuracy_horizontal>4.592</opentracks:accuracy_horizontal></extensions>
</trkpt>
<trkpt lat="50.454965" lon="-104.557811">
<ele>556</ele>
<time>2026-09-25T18:32:16.85-06:00</time>
<extensions>
<gpxtpx:TrackPointExtension>
<gpxtpx:speed>1.27</gpxtpx:speed>
</gpxtpx:TrackPointExtension>
<opentracks:accuracy_horizontal>4.592</opentracks:accuracy_horizontal></extensions>
</trkpt>
<trkpt lat="50.455061" lon="-104.557818">
<ele>556</ele>
<time>2026-09-25T18:32:23.86-06:00</time>
<extensions>
<gpxtpx:TrackPointExtension>
<gpxtpx:speed>2.38</gpxtpx:speed>
</gpxtpx:TrackPointExtension>
<opentracks:accuracy_horizontal>6.122</opentracks:accuracy_horizontal></extensions>
</trkpt>
<trkpt lat="50.45517" lon="-104.557787">
<ele>557</ele>
<time>2026-09-25T18:32:28.869-06:00</time>
<extensions>
<gpxtpx:TrackPointExtension>
<gpxtpx:speed>2.53</gpxtpx:speed>
</gpxtpx:TrackPointExtension>
<opentracks:accuracy_horizontal>7.143</opentracks:accuracy_horizontal></extensions>
</trkpt>
<trkpt lat="50.455268" lon="-104.557804">
<ele>557</ele>
<time>2026-09-25T18:32:32.878-06:00</time>
<extensions>
<gpxtpx:TrackPointExtension>
<gpxtpx:speed>3.06</gpxtpx:speed>
</gpxtpx:TrackPointExtension>
<opentracks:accuracy_horizontal>6.633</opentracks:accuracy_horizontal></extensions>
</trkpt>
<trkpt lat="50.455362" lon="-104.557813">
<ele>557</ele>
<time>2026-09-25T18:32:35.874-06:00</time>
<extensions>
<gpxtpx:TrackPointExtension>
<gpxtpx:speed>3.92</gpxtpx:speed>
</gpxtpx:TrackPointExtension>
<opentracks:accuracy_horizontal>5.612</opentracks:accuracy_horizontal></extensions>
</trkpt>
<trkpt lat="50.455486" lon="-104.557827">
<ele>557</ele>
<time>2026-09-25T18:32:38.866-06:00</time>
<extensions>
<gpxtpx:TrackPointExtension>
<gpxtpx:speed>5.14</gpxtpx:speed>
</gpxtpx:TrackPointExtension>
<opentracks:accuracy_horizontal>4.592</opentracks:accuracy_horizontal></extensions>
</trkpt>
<trkpt lat="50.455585" lon="-104.557825">
<ele>556</ele>
<time>2026-09-25T18:32:40.864-06:00</time>
<extensions>
<gpxtpx:TrackPointExtension>
<gpxtpx:speed>5.28</gpxtpx:speed>
</gpxtpx:TrackPointExtension>
<opentracks:accuracy_horizontal>0.51</opentracks:accuracy_horizontal></extensions>
</trkpt>
<trkpt lat="50.45568" lon="-104.55783">
<ele>556</ele>
<time>2026-09-25T18:32:42.874-06:00</time>
<extensions>
<gpxtpx:TrackPointExtension>
<gpxtpx:speed>5.44</gpxtpx:speed>
</gpxtpx:TrackPointExtension>
<opentracks:accuracy_horizontal>1.02</opentracks:accuracy_horizontal></extensions>
</trkpt>
<trkpt lat="50.455775" lon="-104.55784">
<ele>556</ele>
<time>2026-09-25T18:32:44.867-06:00</time>
<extensions>
<gpxtpx:TrackPointExtension>
<gpxtpx:speed>5.54</gpxtpx:speed>
</gpxtpx:TrackPointExtension>
<opentracks:accuracy_horizontal>1.02</opentracks:accuracy_horizontal></extensions>
</trkpt>
<trkpt lat="50.45588" lon="-104.557876">
<ele>557</ele>
<time>2026-09-25T18:32:46.866-06:00</time>
<extensions>
<gpxtpx:TrackPointExtension>
<gpxtpx:speed>5.94</gpxtpx:speed>
</gpxtpx:TrackPointExtension>
<opentracks:accuracy_horizontal>0.51</opentracks:accuracy_horizontal></extensions>
</trkpt>
<trkpt lat="50.455982" lon="-104.557928">
<ele>557</ele>
<time>2026-09-25T18:32:48.869-06:00</time>
<extensions>
<gpxtpx:TrackPointExtension>
<gpxtpx:speed>6.17</gpxtpx:speed>
</gpxtpx:TrackPointExtension>
<opentracks:accuracy_horizontal>0.51</opentracks:accuracy_horizontal></extensions>
</trkpt>
<trkpt lat="50.456087" lon="-104.557986">
<ele>557</ele>
<time>2026-09-25T18:32:50.857-06:00</time>
<extensions>
<gpxtpx:TrackPointExtension>
<gpxtpx:speed>6.2</gpxtpx:speed>
</gpxtpx:TrackPointExtension>
<opentracks:accuracy_horizontal>1.02</opentracks:accuracy_horizontal></extensions>
</trkpt>
<trkpt lat="50.456193" lon="-104.558034">
<ele>556</ele>
<time>2026-09-25T18:32:52.863-06:00</time>
<extensions>
<gpxtpx:TrackPointExtension>
<gpxtpx:speed>5.9</gpxtpx:speed>
</gpxtpx:TrackPointExtension>
<opentracks:accuracy_horizontal>1.02</opentracks:accuracy_horizontal></extensions>
</trkpt>
<trkpt lat="50.456296" lon="-104.558073">
<ele>556</ele>
<time>2026-09-25T18:32:54.866-06:00</time>
<extensions>
<gpxtpx:TrackPointExtension>
<gpxtpx:speed>5.89</gpxtpx:speed>
</gpxtpx:TrackPointExtension>
<opentracks:accuracy_horizontal>1.02</opentracks:accuracy_horizontal></extensions>
</trkpt>
<trkpt lat="50.45639" lon="-104.558143">
<ele>557</ele>
<time>2026-09-25T18:32:56.873-06:00</time>
<extensions>
<gpxtpx:TrackPointExtension>
<gpxtpx:speed>5.33</gpxtpx:speed>
</gpxtpx:TrackPointExtension>
<opentracks:accuracy_horizontal>1.531</opentracks:accuracy_horizontal></extensions>
</trkpt>
<trkpt lat="50.456449" lon="-104.558265">
<ele>557</ele>
<time>2026-09-25T18:32:58.87-06:00</time>
<extensions>
<gpxtpx:TrackPointExtension>
<gpxtpx:speed>5.67</gpxtpx:speed>
</gpxtpx:TrackPointExtension>
<opentracks:accuracy_horizontal>1.02</opentracks:accuracy_horizontal></extensions>
</trkpt>
<trkpt lat="50.456474" lon="-104.558415">
<ele>556</ele>
<time>2026-09-25T18:33:00.856-06:00</time>
<extensions>
<gpxtpx:TrackPointExtension>
<gpxtpx:speed>5.18</gpxtpx:speed>
</gpxtpx:TrackPointExtension>
<opentracks:accuracy_horizontal>0.51</opentracks:accuracy_horizontal></extensions>
</trkpt>
<trkpt lat="50.456484" lon="-104.558561">
<ele>556</ele>
<time>2026-09-25T18:33:02.861-06:00</time>
<extensions>
<gpxtpx:TrackPointExtension>
<gpxtpx:speed>4.93</gpxtpx:speed>
</gpxtpx:TrackPointExtension>
<opentracks:accuracy_horizontal>4.082</opentracks:accuracy_horizontal></extensions>
</trkpt>
<trkpt lat="50.456472" lon="-104.558755">
<ele>556</ele>
<time>2026-09-25T18:33:05.856-06:00</time>
<extensions>
<gpxtpx:TrackPointExtension>
<gpxtpx:speed>4.41</gpxtpx:speed>
</gpxtpx:TrackPointExtension>
<opentracks:accuracy_horizontal>3.571</opentracks:accuracy_horizontal></extensions>
</trkpt>
<trkpt lat="50.456471" lon="-104.558937">
<ele>556</ele>
<time>2026-09-25T18:33:08.868-06:00</time>
<extensions>
<gpxtpx:TrackPointExtension>
<gpxtpx:speed>4.39</gpxtpx:speed>
</gpxtpx:TrackPointExtension>
<opentracks:accuracy_horizontal>4.082</opentracks:accuracy_horizontal></extensions>
</trkpt>
<trkpt lat="50.456468" lon="-104.559117">
<ele>556</ele>
<time>2026-09-25T18:33:11.847-06:00</time>
<extensions>
<gpxtpx:TrackPointExtension>
<gpxtpx:speed>4.01</gpxtpx:speed>
</gpxtpx:TrackPointExtension>
<opentracks:accuracy_horizontal>4.082</opentracks:accuracy_horizontal></extensions>
</trkpt>
<trkpt lat="50.456478" lon="-104.559269">
<ele>554</ele>
<time>2026-09-25T18:33:14.852-06:00</time>
<extensions>
<gpxtpx:TrackPointExtension>
<gpxtpx:speed>3.4</gpxtpx:speed>
</gpxtpx:TrackPointExtension>
<opentracks:accuracy_horizontal>8.163</opentracks:accuracy_horizontal></extensions>
</trkpt>
<trkpt lat="50.456563" lon="-104.559415">
<ele>556</ele>
<time>2026-09-25T18:33:17.859-06:00</time>
<extensions>
<gpxtpx:TrackPointExtension>
<gpxtpx:speed>5.7</gpxtpx:speed>
</gpxtpx:TrackPointExtension>
<opentracks:accuracy_horizontal>5.612</opentracks:accuracy_horizontal></extensions>
</trkpt>
<trkpt lat="50.456664" lon="-104.559468">
<ele>556</ele>
<time>2026-09-25T18:33:19.849-06:00</time>
<extensions>
<gpxtpx:TrackPointExtension>
<gpxtpx:speed>5.58</gpxtpx:speed>
</gpxtpx:TrackPointExtension>
<opentracks:accuracy_horizontal>6.122</opentracks:accuracy_horizontal></extensions>
</trkpt>
<trkpt lat="50.456771" lon="-104.559473">
<ele>556</ele>
<time>2026-09-25T18:33:21.856-06:00</time>
<extensions>
<gpxtpx:TrackPointExtension>
<gpxtpx:speed>5.14</gpxtpx:speed>
</gpxtpx:TrackPointExtension>
<opentracks:accuracy_horizontal>1.02</opentracks:accuracy_horizontal></extensions>
</trkpt>
<trkpt lat="50.456864" lon="-104.559458">
<ele>556</ele>
<time>2026-09-25T18:33:23.853-06:00</time>
<extensions>
<gpxtpx:TrackPointExtension>
<gpxtpx:speed>5.93</gpxtpx:speed>
</gpxtpx:TrackPointExtension>
<opentracks:accuracy_horizontal>1.02</opentracks:accuracy_horizontal></extensions>
</trkpt>
<trkpt lat="50.456972" lon="-104.559453">
<ele>556</ele>
<time>2026-09-25T18:33:25.863-06:00</time>
<extensions>
<gpxtpx:TrackPointExtension>
<gpxtpx:speed>5.81</gpxtpx:speed>
</gpxtpx:TrackPointExtension>
<opentracks:accuracy_horizontal>1.02</opentracks:accuracy_horizontal></extensions>
</trkpt>
<trkpt lat="50.457076" lon="-104.559441">
<ele>557</ele>
<time>2026-09-25T18:33:27.883-06:00</time>
<extensions>
<gpxtpx:TrackPointExtension>
<gpxtpx:speed>5.59</gpxtpx:speed>
</gpxtpx:TrackPointExtension>
<opentracks:accuracy_horizontal>1.02</opentracks:accuracy_horizontal></extensions>
</trkpt>
<trkpt lat="50.457169" lon="-104.559428">
<ele>557</ele>
<time>2026-09-25T18:33:29.853-06:00</time>
<extensions>
<gpxtpx:TrackPointExtension>
<gpxtpx:speed>5.41</gpxtpx:speed>
</gpxtpx:TrackPointExtension>
<opentracks:accuracy_horizontal>1.02</opentracks:accuracy_horizontal></extensions>
</trkpt>
<trkpt lat="50.457262" lon="-104.559422">
<ele>557</ele>
<time>2026-09-25T18:33:31.868-06:00</time>
<extensions>
<gpxtpx:TrackPointExtension>
<gpxtpx:speed>5.07</gpxtpx:speed>
</gpxtpx:TrackPointExtension>
<opentracks:accuracy_horizontal>0.51</opentracks:accuracy_horizontal></extensions>
</trkpt>
<trkpt lat="50.457369" lon="-104.559425">
<ele>557</ele>
<time>2026-09-25T18:33:33.861-06:00</time>
<extensions>
<gpxtpx:TrackPointExtension>
<gpxtpx:speed>5.47</gpxtpx:speed>
</gpxtpx:TrackPointExtension>
<opentracks:accuracy_horizontal>1.02</opentracks:accuracy_horizontal></extensions>
</trkpt>
<trkpt lat="50.457465" lon="-104.559435">
<ele>558</ele>
<time>2026-09-25T18:33:35.871-06:00</time>
<extensions>
<gpxtpx:TrackPointExtension>
<gpxtpx:speed>5.15</gpxtpx:speed>
</gpxtpx:TrackPointExtension>
<opentracks:accuracy_horizontal>1.02</opentracks:accuracy_horizontal></extensions>
</trkpt>
<trkpt lat="50.457555" lon="-104.559456">
<ele>557</ele>
<time>2026-09-25T18:33:37.862-06:00</time>
<extensions>
<gpxtpx:TrackPointExtension>
<gpxtpx:speed>4.87</gpxtpx:speed>
</gpxtpx:TrackPointExtension>
<opentracks:accuracy_horizontal>4.082</opentracks:accuracy_horizontal></extensions>
</trkpt>
<trkpt lat="50.457672" lon="-104.559461">
<ele>557</ele>
<time>2026-09-25T18:33:40.86-06:00</time>
<extensions>
<gpxtpx:TrackPointExtension>
<gpxtpx:speed>4.37</gpxtpx:speed>
</gpxtpx:TrackPointExtension>
<opentracks:accuracy_horizontal>4.592</opentracks:accuracy_horizontal></extensions>
</trkpt>
<trkpt lat="50.457794" lon="-104.559437">
<ele>557</ele>
<time>2026-09-25T18:33:43.856-06:00</time>
<extensions>
<gpxtpx:TrackPointExtension>
<gpxtpx:speed>4.14</gpxtpx:speed>
</gpxtpx:TrackPointExtension>
<opentracks:accuracy_horizontal>4.592</opentracks:accuracy_horizontal></extensions>
</trkpt>
<trkpt lat="50.457895" lon="-104.559451">
<ele>557</ele>
<time>2026-09-25T18:33:46.862-06:00</time>
<extensions>
<gpxtpx:TrackPointExtension>
<gpxtpx:speed>3.46</gpxtpx:speed>
</gpxtpx:TrackPointExtension>
<opentracks:accuracy_horizontal>5.102</opentracks:accuracy_horizontal></extensions>
</trkpt>
<trkpt lat="50.457988" lon="-104.559447">
<ele>557</ele>
<time>2026-09-25T18:33:49.867-06:00</time>
<extensions>
<gpxtpx:TrackPointExtension>
<gpxtpx:speed>3.24</gpxtpx:speed>
</gpxtpx:TrackPointExtension>
<opentracks:accuracy_horizontal>5.612</opentracks:accuracy_horizontal></extensions>
</trkpt>
<trkpt lat="50.458099" lon="-104.559462">
<ele>557</ele>
<time>2026-09-25T18:33:53.864-06:00</time>
<extensions>
<gpxtpx:TrackPointExtension>
<gpxtpx:speed>2.77</gpxtpx:speed>
</gpxtpx:TrackPointExtension>
<opentracks:accuracy_horizontal>4.592</opentracks:accuracy_horizontal></extensions>
</trkpt>
<trkpt lat="50.458198" lon="-104.55946">
<ele>558</ele>
<time>2026-09-25T18:33:57.855-06:00</time>
<extensions>
<gpxtpx:TrackPointExtension>
<gpxtpx:speed>2.41</gpxtpx:speed>
</gpxtpx:TrackPointExtension>
<opentracks:accuracy_horizontal>6.122</opentracks:accuracy_horizontal></extensions>
</trkpt>
<trkpt lat="50.458308" lon="-104.559484">
<ele>557</ele>
<time>2026-09-25T18:34:04.858-06:00</time>
<extensions>
<gpxtpx:TrackPointExtension>
<gpxtpx:speed>4.3</gpxtpx:speed>
</gpxtpx:TrackPointExtension>
<opentracks:accuracy_horizontal>5.612</opentracks:accuracy_horizontal></extensions>
</trkpt>
<trkpt lat="50.458348" lon="-104.559621">
<ele>557</ele>
<time>2026-09-25T18:34:07.853-06:00</time>
<extensions>
<gpxtpx:TrackPointExtension>
<gpxtpx:speed>4.18</gpxtpx:speed>
</gpxtpx:TrackPointExtension>
<opentracks:accuracy_horizontal>6.633</opentracks:accuracy_horizontal></extensions>
</trkpt>
<trkpt lat="50.45834" lon="-104.559792">
<ele>556</ele>
<time>2026-09-25T18:34:10.863-06:00</time>
<extensions>
<gpxtpx:TrackPointExtension>
<gpxtpx:speed>4.79</gpxtpx:speed>
</gpxtpx:TrackPointExtension>
<opentracks:accuracy_horizontal>5.102</opentracks:accuracy_horizontal></extensions>
</trkpt>
<trkpt lat="50.45833" lon="-104.559981">
<ele>556</ele>
<time>2026-09-25T18:34:13.863-06:00</time>
<extensions>
<gpxtpx:TrackPointExtension>
<gpxtpx:speed>4.48</gpxtpx:speed>
</gpxtpx:TrackPointExtension>
<opentracks:accuracy_horizontal>1.02</opentracks:accuracy_horizontal></extensions>
</trkpt>
<trkpt lat="50.458338" lon="-104.560141">
<ele>556</ele>
<time>2026-09-25T18:34:16.874-06:00</time>
<extensions>
<gpxtpx:TrackPointExtension>
<gpxtpx:speed>3.72</gpxtpx:speed>
</gpxtpx:TrackPointExtension>
<opentracks:accuracy_horizontal>1.02</opentracks:accuracy_horizontal></extensions>
</trkpt>
<trkpt lat="50.458331" lon="-104.560302">
<ele>556</ele>
<time>2026-09-25T18:34:19.855-06:00</time>
<extensions>
<gpxtpx:TrackPointExtension>
<gpxtpx:speed>3.9</gpxtpx:speed>
</gpxtpx:TrackPointExtension>
<opentracks:accuracy_horizontal>1.02</opentracks:accuracy_horizontal></extensions>
</trkpt>
<trkpt lat="50.458341" lon="-104.560472">
<ele>556</ele>
<time>2026-09-25T18:34:22.854-06:00</time>
<extensions>
<gpxtpx:TrackPointExtension>
<gpxtpx:speed>4.2</gpxtpx:speed>
</gpxtpx:TrackPointExtension>
<opentracks:accuracy_horizontal>1.02</opentracks:accuracy_horizontal></extensions>
</trkpt>
<trkpt lat="50.458342" lon="-104.56068">
<ele>556</ele>
<time>2026-09-25T18:34:25.862-06:00</time>
<extensions>
<gpxtpx:TrackPointExtension>
<gpxtpx:speed>4.94</gpxtpx:speed>
</gpxtpx:TrackPointExtension>
<opentracks:accuracy_horizontal>1.02</opentracks:accuracy_horizontal></extensions>
</trkpt>
<trkpt lat="50.45834" lon="-104.560877">
<ele>556</ele>
<time>2026-09-25T18:34:28.874-06:00</time>
<extensions>
<gpxtpx:TrackPointExtension>
<gpxtpx:speed>4.8</gpxtpx:speed>
</gpxtpx:TrackPointExtension>
<opentracks:accuracy_horizontal>1.02</opentracks:accuracy_horizontal></extensions>
</trkpt>
<trkpt lat="50.458335" lon="-104.561019">
<ele>556</ele>
<time>2026-09-25T18:34:30.863-06:00</time>
<extensions>
<gpxtpx:TrackPointExtension>
<gpxtpx:speed>4.85</gpxtpx:speed>
</gpxtpx:TrackPointExtension>
<opentracks:accuracy_horizontal>1.02</opentracks:accuracy_horizontal></extensions>
</trkpt>
<trkpt lat="50.458327" lon="-104.56123">
<ele>556</ele>
<time>2026-09-25T18:34:33.863-06:00</time>
<extensions>
<gpxtpx:TrackPointExtension>
<gpxtpx:speed>5.13</gpxtpx:speed>
</gpxtpx:TrackPointExtension>
<opentracks:accuracy_horizontal>1.02</opentracks:accuracy_horizontal></extensions>
</trkpt>
<trkpt lat="50.458329" lon="-104.561421">
<ele>556</ele>
<time>2026-09-25T18:34:36.871-06:00</time>
<extensions>
<gpxtpx:TrackPointExtension>
<gpxtpx:speed>4.66</gpxtpx:speed>
</gpxtpx:TrackPointExtension>
<opentracks:accuracy_horizontal>1.02</opentracks:accuracy_horizontal></extensions>
</trkpt>
<trkpt lat="50.458337" lon="-104.561614">
<ele>556</ele>
<time>2026-09-25T18:34:39.858-06:00</time>
<extensions>
<gpxtpx:TrackPointExtension>
<gpxtpx:speed>4.47</gpxtpx:speed>
</gpxtpx:TrackPointExtension>
<opentracks:accuracy_horizontal>1.02</opentracks:accuracy_horizontal></extensions>
</trkpt>
<trkpt lat="50.458345" lon="-104.561795">
<ele>556</ele>
<time>2026-09-25T18:34:42.871-06:00</time>
<extensions>
<gpxtpx:TrackPointExtension>
<gpxtpx:speed>4.19</gpxtpx:speed>
</gpxtpx:TrackPointExtension>
<opentracks:accuracy_horizontal>4.592</opentracks:accuracy_horizontal></extensions>
</trkpt>
<trkpt lat="50.45843" lon="-104.561866">
<ele>557</ele>
<time>2026-09-25T18:34:45.861-06:00</time>
<extensions>
<gpxtpx:TrackPointExtension>
<gpxtpx:speed>4.66</gpxtpx:speed>
</gpxtpx:TrackPointExtension>
<opentracks:accuracy_horizontal>4.592</opentracks:accuracy_horizontal></extensions>
</trkpt>
<trkpt lat="50.458535" lon="-104.561774">
<ele>557</ele>
<time>2026-09-25T18:34:48.864-06:00</time>
<extensions>
<gpxtpx:TrackPointExtension>
<gpxtpx:speed>4.7</gpxtpx:speed>
</gpxtpx:TrackPointExtension>
<opentracks:accuracy_horizontal>4.082</opentracks:accuracy_horizontal></extensions>
</trkpt>
<trkpt lat="50.458636" lon="-104.561663">
<ele>557</ele>
<time>2026-09-25T18:34:51.864-06:00</time>
<extensions>
<gpxtpx:TrackPointExtension>
<gpxtpx:speed>4.23</gpxtpx:speed>
</gpxtpx:TrackPointExtension>
<opentracks:accuracy_horizontal>4.082</opentracks:accuracy_horizontal></extensions>
</trkpt>
<trkpt lat="50.45873" lon="-104.561559">
<ele>557</ele>
<time>2026-09-25T18:34:54.847-06:00</time>
<extensions>
<gpxtpx:TrackPointExtension>
<gpxtpx:speed>4.21</gpxtpx:speed>
</gpxtpx:TrackPointExtension>
<opentracks:accuracy_horizontal>0.51</opentracks:accuracy_horizontal></extensions>
</trkpt>
<trkpt lat="50.458849" lon="-104.561466">
<ele>557</ele>
<time>2026-09-25T18:34:57.863-06:00</time>
<extensions>
<gpxtpx:TrackPointExtension>
<gpxtpx:speed>5.08</gpxtpx:speed>
</gpxtpx:TrackPointExtension>
<opentracks:accuracy_horizontal>1.02</opentracks:accuracy_horizontal></extensions>
</trkpt>
<trkpt lat="50.458948" lon="-104.561357">
<ele>557</ele>
<time>2026-09-25T18:35:00.852-06:00</time>
<extensions>
<gpxtpx:TrackPointExtension>
<gpxtpx:speed>4.1</gpxtpx:speed>
</gpxtpx:TrackPointExtension>
<opentracks:accuracy_horizontal>1.02</opentracks:accuracy_horizontal></extensions>
</trkpt>
<trkpt lat="50.459046" lon="-104.561225">
<ele>556</ele>
<time>2026-09-25T18:35:03.848-06:00</time>
<extensions>
<gpxtpx:TrackPointExtension>
<gpxtpx:speed>5.04</gpxtpx:speed>
</gpxtpx:TrackPointExtension>
<opentracks:accuracy_horizontal>1.02</opentracks:accuracy_horizontal></extensions>
</trkpt>
<trkpt lat="50.459077" lon="-104.561085">
<ele>556</ele>
<time>2026-09-25T18:35:05.847-06:00</time>
<extensions>
<gpxtpx:TrackPointExtension>
<gpxtpx:speed>5.51</gpxtpx:speed>
</gpxtpx:TrackPointExtension>
<opentracks:accuracy_horizontal>1.02</opentracks:accuracy_horizontal></extensions>
</trkpt>
<trkpt lat="50.459149" lon="-104.560927">
<ele>557</ele>
<time>2026-09-25T18:35:08.851-06:00</time>
<extensions>
<gpxtpx:TrackPointExtension>
<gpxtpx:speed>4.85</gpxtpx:speed>
</gpxtpx:TrackPointExtension>
<opentracks:accuracy_horizontal>1.02</opentracks:accuracy_horizontal></extensions>
</trkpt>
<trkpt lat="50.459236" lon="-104.560805">
<ele>556</ele>
<time>2026-09-25T18:35:11.868-06:00</time>
<extensions>
<gpxtpx:TrackPointExtension>
<gpxtpx:speed>3.97</gpxtpx:speed>
</gpxtpx:TrackPointExtension>
<opentracks:accuracy_horizontal>1.02</opentracks:accuracy_horizontal></extensions>
</trkpt>
<trkpt lat="50.459334" lon="-104.560738">
<ele>556</ele>
<time>2026-09-25T18:35:14.861-06:00</time>
<extensions>
<gpxtpx:TrackPointExtension>
<gpxtpx:speed>4.18</gpxtpx:speed>
</gpxtpx:TrackPointExtension>
<opentracks:accuracy_horizontal>1.02</opentracks:accuracy_horizontal></extensions>
</trkpt>
<trkpt lat="50.459434" lon="-104.560777">
<ele>557</ele>
<time>2026-09-25T18:35:17.865-06:00</time>
<extensions>
<gpxtpx:TrackPointExtension>
<gpxtpx:speed>3.4</gpxtpx:speed>
</gpxtpx:TrackPointExtension>
<opentracks:accuracy_horizontal>6.122</opentracks:accuracy_horizontal></extensions>
</trkpt>
<trkpt lat="50.459544" lon="-104.560743">
<ele>556</ele>
<time>2026-09-25T18:35:20.867-06:00</time>
<extensions>
<gpxtpx:TrackPointExtension>
<gpxtpx:speed>5.27</gpxtpx:speed>
</gpxtpx:TrackPointExtension>
<opentracks:accuracy_horizontal>7.143</opentracks:accuracy_horizontal></extensions>
</trkpt>
<trkpt lat="50.45962" lon="-104.560665">
<ele>557</ele>
<time>2026-09-25T18:35:22.866-06:00</time>
<extensions>
<gpxtpx:TrackPointExtension>
<gpxtpx:speed>4.96</gpxtpx:speed>
</gpxtpx:TrackPointExtension>
<opentracks:accuracy_horizontal>6.633</opentracks:accuracy_horizontal></extensions>
</trkpt>
<trkpt lat="50.459732" lon="-104.560558">
<ele>557</ele>
<time>2026-09-25T18:35:25.86-06:00</time>
<extensions>
<gpxtpx:TrackPointExtension>
<gpxtpx:speed>4.77</gpxtpx:speed>
</gpxtpx:TrackPointExtension>
<opentracks:accuracy_horizontal>1.02</opentracks:accuracy_horizontal></extensions>
</trkpt>
<trkpt lat="50.459801" lon="-104.560468">
<ele>556</ele>
<time>2026-09-25T18:35:27.86-06:00</time>
<extensions>
<gpxtpx:TrackPointExtension>
<gpxtpx:speed>4.86</gpxtpx:speed>
</gpxtpx:TrackPointExtension>
<opentracks:accuracy_horizontal>1.02</opentracks:accuracy_horizontal></extensions>
</trkpt>
<trkpt lat="50.459905" lon="-104.560375">
<ele>556</ele>
<time>2026-09-25T18:35:30.857-06:00</time>
<extensions>
<gpxtpx:TrackPointExtension>
<gpxtpx:speed>4.19</gpxtpx:speed>
</gpxtpx:TrackPointExtension>
<opentracks:accuracy_horizontal>0.51</opentracks:accuracy_horizontal></extensions>
</trkpt>
<trkpt lat="50.460014" lon="-104.560264">
<ele>556</ele>
<time>2026-09-25T18:35:33.855-06:00</time>
<extensions>
<gpxtpx:TrackPointExtension>
<gpxtpx:speed>5.09</gpxtpx:speed>
</gpxtpx:TrackPointExtension>
<opentracks:accuracy_horizontal>4.592</opentracks:accuracy_horizontal></extensions>
</trkpt>
<trkpt lat="50.460097" lon="-104.560106">
<ele>556</ele>
<time>2026-09-25T18:35:36.87-06:00</time>
<extensions>
<gpxtpx:TrackPointExtension>
<gpxtpx:speed>4.97</gpxtpx:speed>
</gpxtpx:TrackPointExtension>
<opentracks:accuracy_horizontal>4.592</opentracks:accuracy_horizontal></extensions>
</trkpt>
<trkpt lat="50.460139" lon="-104.559928">
<ele>558</ele>
<time>2026-09-25T18:35:39.86-06:00</time>
<extensions>
<gpxtpx:TrackPointExtension>
<gpxtpx:speed>4</gpxtpx:speed>
</gpxtpx:TrackPointExtension>
<opentracks:accuracy_horizontal>4.592</opentracks:accuracy_horizontal></extensions>
</trkpt>
<trkpt lat="50.460139" lon="-104.559771">
<ele>559</ele>
<time>2026-09-25T18:35:42.852-06:00</time>
<extensions>
<gpxtpx:TrackPointExtension>
<gpxtpx:speed>3.25</gpxtpx:speed>
</gpxtpx:TrackPointExtension>
<opentracks:accuracy_horizontal>4.592</opentracks:accuracy_horizontal></extensions>
</trkpt>
<trkpt lat="50.460131" lon="-104.559628">
<ele>560</ele>
<time>2026-09-25T18:35:45.864-06:00</time>
<extensions>
<gpxtpx:TrackPointExtension>
<gpxtpx:speed>3.05</gpxtpx:speed>
</gpxtpx:TrackPointExtension>
<opentracks:accuracy_horizontal>5.102</opentracks:accuracy_horizontal></extensions>
</trkpt>
<trkpt lat="50.460175" lon="-104.559495">
<ele>559</ele>
<time>2026-09-25T18:35:49.86-06:00</time>
<extensions>
<gpxtpx:TrackPointExtension>
<gpxtpx:speed>2.55</gpxtpx:speed>
</gpxtpx:TrackPointExtension>
<opentracks:accuracy_horizontal>7.653</opentracks:accuracy_horizontal></extensions>
</trkpt>
<trkpt lat="50.460272" lon="-104.559442">
<ele>559</ele>
<time>2026-09-25T18:35:53.866-06:00</time>
<extensions>
<gpxtpx:TrackPointExtension>
<gpxtpx:speed>4.25</gpxtpx:speed>
</gpxtpx:TrackPointExtension>
<opentracks:accuracy_horizontal>6.633</opentracks:accuracy_horizontal></extensions>
</trkpt>
<trkpt lat="50.460398" lon="-104.559435">
<ele>558</ele>
<time>2026-09-25T18:35:56.872-06:00</time>
<extensions>
<gpxtpx:TrackPointExtension>
<gpxtpx:speed>4.23</gpxtpx:speed>
</gpxtpx:TrackPointExtension>
<opentracks:accuracy_horizontal>6.122</opentracks:accuracy_horizontal></extensions>
</trkpt>
<trkpt lat="50.460505" lon="-104.559457">
<ele>558</ele>
<time>2026-09-25T18:35:59.868-06:00</time>
<extensions>
<gpxtpx:TrackPointExtension>
<gpxtpx:speed>3.78</gpxtpx:speed>
</gpxtpx:TrackPointExtension>
<opentracks:accuracy_horizontal>6.122</opentracks:accuracy_horizontal></extensions>
</trkpt>
<trkpt lat="50.460604" lon="-104.559472">
<ele>558</ele>
<time>2026-09-25T18:36:02.867-06:00</time>
<extensions>
<gpxtpx:TrackPointExtension>
<gpxtpx:speed>3.29</gpxtpx:speed>
</gpxtpx:TrackPointExtension>
<opentracks:accuracy_horizontal>1.02</opentracks:accuracy_horizontal></extensions>
</trkpt>
<trkpt lat="50.460708" lon="-104.559466">
<ele>558</ele>
<time>2026-09-25T18:36:06.87-06:00</time>
<extensions>
<gpxtpx:TrackPointExtension>
<gpxtpx:speed>2.84</gpxtpx:speed>
</gpxtpx:TrackPointExtension>
<opentracks:accuracy_horizontal>1.02</opentracks:accuracy_horizontal></extensions>
</trkpt>
<trkpt lat="50.460802" lon="-104.559467">
<ele>558</ele>
<time>2026-09-25T18:36:10.873-06:00</time>
<extensions>
<gpxtpx:TrackPointExtension>
<gpxtpx:speed>2.43</gpxtpx:speed>
</gpxtpx:TrackPointExtension>
<opentracks:accuracy_horizontal>5.612</opentracks:accuracy_horizontal></extensions>
</trkpt>
<trkpt lat="50.460903" lon="-104.559443">
<ele>557</ele>
<time>2026-09-25T18:36:15.872-06:00</time>
<extensions>
<gpxtpx:TrackPointExtension>
<gpxtpx:speed>2.03</gpxtpx:speed>
</gpxtpx:TrackPointExtension>
<opentracks:accuracy_horizontal>6.633</opentracks:accuracy_horizontal></extensions>
</trkpt>
<trkpt lat="50.460996" lon="-104.559421">
<ele>557</ele>
<time>2026-09-25T18:36:19.863-06:00</time>
<extensions>
<gpxtpx:TrackPointExtension>
<gpxtpx:speed>3.25</gpxtpx:speed>
</gpxtpx:TrackPointExtension>
<opentracks:accuracy_horizontal>5.612</opentracks:accuracy_horizontal></extensions>
</trkpt>
<trkpt lat="50.461064" lon="-104.559287">
<ele>557</ele>
<time>2026-09-25T18:36:23.871-06:00</time>
<extensions>
<gpxtpx:TrackPointExtension>
<gpxtpx:speed>3.83</gpxtpx:speed>
</gpxtpx:TrackPointExtension>
<opentracks:accuracy_horizontal>6.633</opentracks:accuracy_horizontal></extensions>
</trkpt>
<trkpt lat="50.461095" lon="-104.559126">
<ele>555</ele>
<time>2026-09-25T18:36:26.869-06:00</time>
<extensions>
<gpxtpx:TrackPointExtension>
<gpxtpx:speed>3.29</gpxtpx:speed>
</gpxtpx:TrackPointExtension>
<opentracks:accuracy_horizontal>5.612</opentracks:accuracy_horizontal></extensions>
</trkpt>
<trkpt lat="50.46111" lon="-104.558948">
<ele>555</ele>
<time>2026-09-25T18:36:30.865-06:00</time>
<extensions>
<gpxtpx:TrackPointExtension>
<gpxtpx:speed>3.49</gpxtpx:speed>
</gpxtpx:TrackPointExtension>
<opentracks:accuracy_horizontal>1.02</opentracks:accuracy_horizontal></extensions>
</trkpt>
<trkpt lat="50.461133" lon="-104.558787">
<ele>555</ele>
<time>2026-09-25T18:36:33.842-06:00</time>
<extensions>
<gpxtpx:TrackPointExtension>
<gpxtpx:speed>4.3</gpxtpx:speed>
</gpxtpx:TrackPointExtension>
<opentracks:accuracy_horizontal>8.673</opentracks:accuracy_horizontal></extensions>
</trkpt>
<trkpt lat="50.461148" lon="-104.558605">
<ele>556</ele>
<time>2026-09-25T18:36:36.858-06:00</time>
<extensions>
<gpxtpx:TrackPointExtension>
<gpxtpx:speed>3.58</gpxtpx:speed>
</gpxtpx:TrackPointExtension>
<opentracks:accuracy_horizontal>6.122</opentracks:accuracy_horizontal></extensions>
</trkpt>
<trkpt lat="50.461168" lon="-104.558442">
<ele>556</ele>
<time>2026-09-25T18:36:39.875-06:00</time>
<extensions>
<gpxtpx:TrackPointExtension>
<gpxtpx:speed>3.63</gpxtpx:speed>
</gpxtpx:TrackPointExtension>
<opentracks:accuracy_horizontal>1.02</opentracks:accuracy_horizontal></extensions>
</trkpt>
<trkpt lat="50.461191" lon="-104.558303">
<ele>556</ele>
<time>2026-09-25T18:36:42.874-06:00</time>
<extensions>
<gpxtpx:TrackPointExtension>
<gpxtpx:speed>3.35</gpxtpx:speed>
</gpxtpx:TrackPointExtension>
<opentracks:accuracy_horizontal>1.02</opentracks:accuracy_horizontal></extensions>
</trkpt>
<trkpt lat="50.461226" lon="-104.558127">
<ele>556</ele>
<time>2026-09-25T18:36:46.875-06:00</time>
<extensions>
<gpxtpx:TrackPointExtension>
<gpxtpx:speed>2.88</gpxtpx:speed>
</gpxtpx:TrackPointExtension>
<opentracks:accuracy_horizontal>4.592</opentracks:accuracy_horizontal></extensions>
</trkpt>
<trkpt lat="50.461258" lon="-104.557956">
<ele>556</ele>
<time>2026-09-25T18:36:50.874-06:00</time>
<extensions>
<gpxtpx:TrackPointExtension>
<gpxtpx:speed>2.96</gpxtpx:speed>
</gpxtpx:TrackPointExtension>
<opentracks:accuracy_horizontal>7.143</opentracks:accuracy_horizontal></extensions>
</trkpt>
<trkpt lat="50.461293" lon="-104.557824">
<ele>556</ele>
<time>2026-09-25T18:36:53.864-06:00</time>
<extensions>
<gpxtpx:TrackPointExtension>
<gpxtpx:speed>3.15</gpxtpx:speed>
</gpxtpx:TrackPointExtension>
<opentracks:accuracy_horizontal>5.612</opentracks:accuracy_horizontal></extensions>
</trkpt>
<trkpt lat="50.461314" lon="-104.557646">
<ele>556</ele>
<time>2026-09-25T18:36:57.849-06:00</time>
<extensions>
<gpxtpx:TrackPointExtension>
<gpxtpx:speed>3.03</gpxtpx:speed>
</gpxtpx:TrackPointExtension>
<opentracks:accuracy_horizontal>1.02</opentracks:accuracy_horizontal></extensions>
</trkpt>
<trkpt lat="50.461284" lon="-104.55749">
<ele>556</ele>
<time>2026-09-25T18:37:01.858-06:00</time>
<extensions>
<gpxtpx:TrackPointExtension>
<gpxtpx:speed>3.43</gpxtpx:speed>
</gpxtpx:TrackPointExtension>
<opentracks:accuracy_horizontal>1.02</opentracks:accuracy_horizontal></extensions>
</trkpt>
<trkpt lat="50.461202" lon="-104.557413">
<ele>557</ele>
<time>2026-09-25T18:37:04.859-06:00</time>
<extensions>
<gpxtpx:TrackPointExtension>
<gpxtpx:speed>3.58</gpxtpx:speed>
</gpxtpx:TrackPointExtension>
<opentracks:accuracy_horizontal>7.143</opentracks:accuracy_horizontal></extensions>
</trkpt>
<trkpt lat="50.461103" lon="-104.557384">
<ele>556</ele>
<time>2026-09-25T18:37:07.913-06:00</time>
<extensions>
<gpxtpx:TrackPointExtension>
<gpxtpx:speed>3.46</gpxtpx:speed>
</gpxtpx:TrackPointExtension>
<opentracks:accuracy_horizontal>7.143</opentracks:accuracy_horizontal></extensions>
</trkpt>
<trkpt lat="50.460994" lon="-104.557348">
<ele>556</ele>
<time>2026-09-25T18:37:11.862-06:00</time>
<extensions>
<gpxtpx:TrackPointExtension>
<gpxtpx:speed>2.88</gpxtpx:speed>
</gpxtpx:TrackPointExtension>
<opentracks:accuracy_horizontal>6.122</opentracks:accuracy_horizontal></extensions>
</trkpt>
<trkpt lat="50.4609" lon="-104.55731">
<ele>557</ele>
<time>2026-09-25T18:37:15.874-06:00</time>
<extensions>
<gpxtpx:TrackPointExtension>
<gpxtpx:speed>2.37</gpxtpx:speed>
</gpxtpx:TrackPointExtension>
<opentracks:accuracy_horizontal>5.612</opentracks:accuracy_horizontal></extensions>
</trkpt>
<trkpt lat="50.460801" lon="-104.557253">
<ele>556</ele>
<time>2026-09-25T18:37:21.878-06:00</time>
<extensions>
<gpxtpx:TrackPointExtension>
<gpxtpx:speed>1.95</gpxtpx:speed>
</gpxtpx:TrackPointExtension>
<opentracks:accuracy_horizontal>1.02</opentracks:accuracy_horizontal></extensions>
</trkpt>
<trkpt lat="50.46076" lon="-104.557114">
<ele>556</ele>
<time>2026-09-25T18:37:25.853-06:00</time>
<extensions>
<gpxtpx:TrackPointExtension>
<gpxtpx:speed>3.17</gpxtpx:speed>
</gpxtpx:TrackPointExtension>
<opentracks:accuracy_horizontal>6.122</opentracks:accuracy_horizontal></extensions>
</trkpt>
<trkpt lat="50.460768" lon="-104.556972">
<ele>555</ele>
<time>2026-09-25T18:37:28.851-06:00</time>
<extensions>
<gpxtpx:TrackPointExtension>
<gpxtpx:speed>3.72</gpxtpx:speed>
</gpxtpx:TrackPointExtension>
<opentracks:accuracy_horizontal>5.612</opentracks:accuracy_horizontal></extensions>
</trkpt>
<trkpt lat="50.460781" lon="-104.556785">
<ele>555</ele>
<time>2026-09-25T18:37:31.87-06:00</time>
<extensions>
<gpxtpx:TrackPointExtension>
<gpxtpx:speed>4.18</gpxtpx:speed>
</gpxtpx:TrackPointExtension>
<opentracks:accuracy_horizontal>4.592</opentracks:accuracy_horizontal></extensions>
</trkpt>
<trkpt lat="50.460815" lon="-104.556595">
<ele>554</ele>
<time>2026-09-25T18:37:34.873-06:00</time>
<extensions>
<gpxtpx:TrackPointExtension>
<gpxtpx:speed>4.77</gpxtpx:speed>
</gpxtpx:TrackPointExtension>
<opentracks:accuracy_horizontal>1.02</opentracks:accuracy_horizontal></extensions>
</trkpt>
<trkpt lat="50.460835" lon="-104.55641">
<ele>555</ele>
<time>2026-09-25T18:37:37.855-06:00</time>
<extensions>
<gpxtpx:TrackPointExtension>
<gpxtpx:speed>4.42</gpxtpx:speed>
</gpxtpx:TrackPointExtension>
<opentracks:accuracy_horizontal>0.51</opentracks:accuracy_horizontal></extensions>
</trkpt>
<trkpt lat="50.460868" lon="-104.556227">
<ele>555</ele>
<time>2026-09-25T18:37:40.875-06:00</time>
<extensions>
<gpxtpx:TrackPointExtension>
<gpxtpx:speed>4.52</gpxtpx:speed>
</gpxtpx:TrackPointExtension>
<opentracks:accuracy_horizontal>1.02</opentracks:accuracy_horizontal></extensions>
</trkpt>
<trkpt lat="50.460899" lon="-104.556041">
<ele>554</ele>
<time>2026-09-25T18:37:43.88-06:00</time>
<extensions>
<gpxtpx:TrackPointExtension>
<gpxtpx:speed>4.76</gpxtpx:speed>
</gpxtpx:TrackPointExtension>
<opentracks:accuracy_horizontal>1.02</opentracks:accuracy_horizontal></extensions>
</trkpt>
<trkpt lat="50.460932" lon="-104.555857">
<ele>555</ele>
<time>2026-09-25T18:37:46.882-06:00</time>
<extensions>
<gpxtpx:TrackPointExtension>
<gpxtpx:speed>4.33</gpxtpx:speed>
</gpxtpx:TrackPointExtension>
<opentracks:accuracy_horizontal>1.02</opentracks:accuracy_horizontal></extensions>
</trkpt>
<trkpt lat="50.46096" lon="-104.555664">
<ele>555</ele>
<time>2026-09-25T18:37:49.866-06:00</time>
<extensions>
<gpxtpx:TrackPointExtension>
<gpxtpx:speed>4.72</gpxtpx:speed>
</gpxtpx:TrackPointExtension>
<opentracks:accuracy_horizontal>1.02</opentracks:accuracy_horizontal></extensions>
</trkpt>
<trkpt lat="50.460994" lon="-104.555462">
<ele>555</ele>
<time>2026-09-25T18:37:52.881-06:00</time>
<extensions>
<gpxtpx:TrackPointExtension>
<gpxtpx:speed>5.03</gpxtpx:speed>
</gpxtpx:TrackPointExtension>
<opentracks:accuracy_horizontal>1.02</opentracks:accuracy_horizontal></extensions>
</trkpt>
<trkpt lat="50.461022" lon="-104.55532">
<ele>556</ele>
<time>2026-09-25T18:37:54.883-06:00</time>
<extensions>
<gpxtpx:TrackPointExtension>
<gpxtpx:speed>5.16</gpxtpx:speed>
</gpxtpx:TrackPointExtension>
<opentracks:accuracy_horizontal>1.02</opentracks:accuracy_horizontal></extensions>
</trkpt>
<trkpt lat="50.46106" lon="-104.555111">
<ele>555</ele>
<time>2026-09-25T18:37:57.871-06:00</time>
<extensions>
<gpxtpx:TrackPointExtension>
<gpxtpx:speed>5.35</gpxtpx:speed>
</gpxtpx:TrackPointExtension>
<opentracks:accuracy_horizontal>1.02</opentracks:accuracy_horizontal></extensions>
</trkpt>
<trkpt lat="50.461091" lon="-104.554963">
<ele>555</ele>
<time>2026-09-25T18:37:59.876-06:00</time>
<extensions>
<gpxtpx:TrackPointExtension>
<gpxtpx:speed>5.47</gpxtpx:speed>
</gpxtpx:TrackPointExtension>
<opentracks:accuracy_horizontal>1.02</opentracks:accuracy_horizontal></extensions>
</trkpt>
<trkpt lat="50.461123" lon="-104.554818">
<ele>555</ele>
<time>2026-09-25T18:38:01.874-06:00</time>
<extensions>
<gpxtpx:TrackPointExtension>
<gpxtpx:speed>5.38</gpxtpx:speed>
</gpxtpx:TrackPointExtension>
<opentracks:accuracy_horizontal>1.02</opentracks:accuracy_horizontal></extensions>
</trkpt>
<trkpt lat="50.461152" lon="-104.554677">
<ele>555</ele>
<time>2026-09-25T18:38:03.867-06:00</time>
<extensions>
<gpxtpx:TrackPointExtension>
<gpxtpx:speed>5.32</gpxtpx:speed>
</gpxtpx:TrackPointExtension>
<opentracks:accuracy_horizontal>1.02</opentracks:accuracy_horizontal></extensions>
</trkpt>
<trkpt lat="50.461175" lon="-104.554536">
<ele>555</ele>
<time>2026-09-25T18:38:05.872-06:00</time>
<extensions>
<gpxtpx:TrackPointExtension>
<gpxtpx:speed>5.3</gpxtpx:speed>
</gpxtpx:TrackPointExtension>
<opentracks:accuracy_horizontal>1.02</opentracks:accuracy_horizontal></extensions>
</trkpt>
<trkpt lat="50.461197" lon="-104.554391">
<ele>556</ele>
<time>2026-09-25T18:38:07.859-06:00</time>
<extensions>
<gpxtpx:TrackPointExtension>
<gpxtpx:speed>5.3</gpxtpx:speed>
</gpxtpx:TrackPointExtension>
<opentracks:accuracy_horizontal>1.02</opentracks:accuracy_horizontal></extensions>
</trkpt>
<trkpt lat="50.461222" lon="-104.554249">
<ele>556</ele>
<time>2026-09-25T18:38:09.885-06:00</time>
<extensions>
<gpxtpx:TrackPointExtension>
<gpxtpx:speed>5.04</gpxtpx:speed>
</gpxtpx:TrackPointExtension>
<opentracks:accuracy_horizontal>0.51</opentracks:accuracy_horizontal></extensions>
</trkpt>
<trkpt lat="50.461248" lon="-104.554102">
<ele>556</ele>
<time>2026-09-25T18:38:11.869-06:00</time>
<extensions>
<gpxtpx:TrackPointExtension>
<gpxtpx:speed>5.27</gpxtpx:speed>
</gpxtpx:TrackPointExtension>
<opentracks:accuracy_horizontal>1.02</opentracks:accuracy_horizontal></extensions>
</trkpt>
<trkpt lat="50.461279" lon="-104.553959">
<ele>557</ele>
<time>2026-09-25T18:38:13.867-06:00</time>
<extensions>
<gpxtpx:TrackPointExtension>
<gpxtpx:speed>5.35</gpxtpx:speed>
</gpxtpx:TrackPointExtension>
<opentracks:accuracy_horizontal>1.02</opentracks:accuracy_horizontal></extensions>
</trkpt>
<trkpt lat="50.461293" lon="-104.553812">
<ele>557</ele>
<time>2026-09-25T18:38:15.87-06:00</time>
<extensions>
<gpxtpx:TrackPointExtension>
<gpxtpx:speed>5.42</gpxtpx:speed>
</gpxtpx:TrackPointExtension>
<opentracks:accuracy_horizontal>1.02</opentracks:accuracy_horizontal></extensions>
</trkpt>
<trkpt lat="50.461317" lon="-104.553668">
<ele>556</ele>
<time>2026-09-25T18:38:17.858-06:00</time>
<extensions>
<gpxtpx:TrackPointExtension>
<gpxtpx:speed>5.1</gpxtpx:speed>
</gpxtpx:TrackPointExtension>
<opentracks:accuracy_horizontal>1.02</opentracks:accuracy_horizontal></extensions>
</trkpt>
<trkpt lat="50.461347" lon="-104.55352">
<ele>556</ele>
<time>2026-09-25T18:38:19.873-06:00</time>
<extensions>
<gpxtpx:TrackPointExtension>
<gpxtpx:speed>5.47</gpxtpx:speed>
</gpxtpx:TrackPointExtension>
<opentracks:accuracy_horizontal>1.02</opentracks:accuracy_horizontal></extensions>
</trkpt>
<trkpt lat="50.461372" lon="-104.553366">
<ele>556</ele>
<time>2026-09-25T18:38:21.867-06:00</time>
<extensions>
<gpxtpx:TrackPointExtension>
<gpxtpx:speed>5.61</gpxtpx:speed>
</gpxtpx:TrackPointExtension>
<opentracks:accuracy_horizontal>1.02</opentracks:accuracy_horizontal></extensions>
</trkpt>
<trkpt lat="50.461396" lon="-104.553211">
<ele>556</ele>
<time>2026-09-25T18:38:23.861-06:00</time>
<extensions>
<gpxtpx:TrackPointExtension>
<gpxtpx:speed>5.38</gpxtpx:speed>
</gpxtpx:TrackPointExtension>
<opentracks:accuracy_horizontal>1.02</opentracks:accuracy_horizontal></extensions>
</trkpt>
<trkpt lat="50.461419" lon="-104.553073">
<ele>556</ele>
<time>2026-09-25T18:38:25.865-06:00</time>
<extensions>
<gpxtpx:TrackPointExtension>
<gpxtpx:speed>4.86</gpxtpx:speed>
</gpxtpx:TrackPointExtension>
<opentracks:accuracy_horizontal>1.02</opentracks:accuracy_horizontal></extensions>
</trkpt>
<trkpt lat="50.461452" lon="-104.55289">
<ele>556</ele>
<time>2026-09-25T18:38:28.871-06:00</time>
<extensions>
<gpxtpx:TrackPointExtension>
<gpxtpx:speed>4.18</gpxtpx:speed>
</gpxtpx:TrackPointExtension>
<opentracks:accuracy_horizontal>1.02</opentracks:accuracy_horizontal></extensions>
</trkpt>
<trkpt lat="50.461488" lon="-104.552739">
<ele>556</ele>
<time>2026-09-25T18:38:31.874-06:00</time>
<extensions>
<gpxtpx:TrackPointExtension>
<gpxtpx:speed>3.59</gpxtpx:speed>
</gpxtpx:TrackPointExtension>
<opentracks:accuracy_horizontal>4.592</opentracks:accuracy_horizontal></extensions>
</trkpt>
<trkpt lat="50.461514" lon="-104.552582">
<ele>556</ele>
<time>2026-09-25T18:38:34.873-06:00</time>
<extensions>
<gpxtpx:TrackPointExtension>
<gpxtpx:speed>4.36</gpxtpx:speed>
</gpxtpx:TrackPointExtension>
<opentracks:accuracy_horizontal>4.592</opentracks:accuracy_horizontal></extensions>
</trkpt>
<trkpt lat="50.461545" lon="-104.552391">
<ele>556</ele>
<time>2026-09-25T18:38:37.857-06:00</time>
<extensions>
<gpxtpx:TrackPointExtension>
<gpxtpx:speed>4.84</gpxtpx:speed>
</gpxtpx:TrackPointExtension>
<opentracks:accuracy_horizontal>1.02</opentracks:accuracy_horizontal></extensions>
</trkpt>
<trkpt lat="50.461577" lon="-104.552243">
<ele>556</ele>
<time>2026-09-25T18:38:39.867-06:00</time>
<extensions>
<gpxtpx:TrackPointExtension>
<gpxtpx:speed>5.66</gpxtpx:speed>
</gpxtpx:TrackPointExtension>
<opentracks:accuracy_horizontal>1.02</opentracks:accuracy_horizontal></extensions>
</trkpt>
<trkpt lat="50.46161" lon="-104.552088">
<ele>556</ele>
<time>2026-09-25T18:38:41.867-06:00</time>
<extensions>
<gpxtpx:TrackPointExtension>
<gpxtpx:speed>5.47</gpxtpx:speed>
</gpxtpx:TrackPointExtension>
<opentracks:accuracy_horizontal>1.02</opentracks:accuracy_horizontal></extensions>
</trkpt>
<trkpt lat="50.461631" lon="-104.55194">
<ele>555</ele>
<time>2026-09-25T18:38:43.882-06:00</time>
<extensions>
<gpxtpx:TrackPointExtension>
<gpxtpx:speed>5.32</gpxtpx:speed>
</gpxtpx:TrackPointExtension>
<opentracks:accuracy_horizontal>1.02</opentracks:accuracy_horizontal></extensions>
</trkpt>
<trkpt lat="50.461667" lon="-104.551804">
<ele>557</ele>
<time>2026-09-25T18:38:45.856-06:00</time>
<extensions>
<gpxtpx:TrackPointExtension>
<gpxtpx:speed>4.79</gpxtpx:speed>
</gpxtpx:TrackPointExtension>
<opentracks:accuracy_horizontal>1.02</opentracks:accuracy_horizontal></extensions>
</trkpt>
<trkpt lat="50.461688" lon="-104.551664">
<ele>557</ele>
<time>2026-09-25T18:38:47.858-06:00</time>
<extensions>
<gpxtpx:TrackPointExtension>
<gpxtpx:speed>5.58</gpxtpx:speed>
</gpxtpx:TrackPointExtension>
<opentracks:accuracy_horizontal>1.02</opentracks:accuracy_horizontal></extensions>
</trkpt>
<trkpt lat="50.461713" lon="-104.551469">
<ele>557</ele>
<time>2026-09-25T18:38:50.873-06:00</time>
<extensions>
<gpxtpx:TrackPointExtension>
<gpxtpx:speed>4.97</gpxtpx:speed>
</gpxtpx:TrackPointExtension>
<opentracks:accuracy_horizontal>4.592</opentracks:accuracy_horizontal></extensions>
</trkpt>
<trkpt lat="50.461752" lon="-104.551273">
<ele>556</ele>
<time>2026-09-25T18:38:53.874-06:00</time>
<extensions>
<gpxtpx:TrackPointExtension>
<gpxtpx:speed>4.84</gpxtpx:speed>
</gpxtpx:TrackPointExtension>
<opentracks:accuracy_horizontal>1.02</opentracks:accuracy_horizontal></extensions>
</trkpt>
<trkpt lat="50.461774" lon="-104.551134">
<ele>557</ele>
<time>2026-09-25T18:38:55.866-06:00</time>
<extensions>
<gpxtpx:TrackPointExtension>
<gpxtpx:speed>4.83</gpxtpx:speed>
</gpxtpx:TrackPointExtension>
<opentracks:accuracy_horizontal>1.02</opentracks:accuracy_horizontal></extensions>
</trkpt>
<trkpt lat="50.461803" lon="-104.550933">
<ele>557</ele>
<time>2026-09-25T18:38:58.879-06:00</time>
<extensions>
<gpxtpx:TrackPointExtension>
<gpxtpx:speed>4.85</gpxtpx:speed>
</gpxtpx:TrackPointExtension>
<opentracks:accuracy_horizontal>0.51</opentracks:accuracy_horizontal></extensions>
</trkpt>
<trkpt lat="50.461841" lon="-104.550734">
<ele>557</ele>
<time>2026-09-25T18:39:01.859-06:00</time>
<extensions>
<gpxtpx:TrackPointExtension>
<gpxtpx:speed>5.03</gpxtpx:speed>
</gpxtpx:TrackPointExtension>
<opentracks:accuracy_horizontal>1.02</opentracks:accuracy_horizontal></extensions>
</trkpt>
<trkpt lat="50.461868" lon="-104.550594">
<ele>556</ele>
<time>2026-09-25T18:39:03.865-06:00</time>
<extensions>
<gpxtpx:TrackPointExtension>
<gpxtpx:speed>5.12</gpxtpx:speed>
</gpxtpx:TrackPointExtension>
<opentracks:accuracy_horizontal>1.02</opentracks:accuracy_horizontal></extensions>
</trkpt>
<trkpt lat="50.4619" lon="-104.550393">
<ele>557</ele>
<time>2026-09-25T18:39:06.867-06:00</time>
<extensions>
<gpxtpx:TrackPointExtension>
<gpxtpx:speed>4.81</gpxtpx:speed>
</gpxtpx:TrackPointExtension>
<opentracks:accuracy_horizontal>1.02</opentracks:accuracy_horizontal></extensions>
</trkpt>
<trkpt lat="50.461927" lon="-104.550247">
<ele>557</ele>
<time>2026-09-25T18:39:08.869-06:00</time>
<extensions>
<gpxtpx:TrackPointExtension>
<gpxtpx:speed>5.57</gpxtpx:speed>
</gpxtpx:TrackPointExtension>
<opentracks:accuracy_horizontal>0.51</opentracks:accuracy_horizontal></extensions>
</trkpt>
<trkpt lat="50.461952" lon="-104.550102">
<ele>558</ele>
<time>2026-09-25T18:39:10.863-06:00</time>
<extensions>
<gpxtpx:TrackPointExtension>
<gpxtpx:speed>5.3</gpxtpx:speed>
</gpxtpx:TrackPointExtension>
<opentracks:accuracy_horizontal>1.02</opentracks:accuracy_horizontal></extensions>
</trkpt>
<trkpt lat="50.461984" lon="-104.549908">
<ele>558</ele>
<time>2026-09-25T18:39:13.871-06:00</time>
<extensions>
<gpxtpx:TrackPointExtension>
<gpxtpx:speed>4.6</gpxtpx:speed>
</gpxtpx:TrackPointExtension>
<opentracks:accuracy_horizontal>1.02</opentracks:accuracy_horizontal></extensions>
</trkpt>
<trkpt lat="50.462006" lon="-104.549711">
<ele>557</ele>
<time>2026-09-25T18:39:16.877-06:00</time>
<extensions>
<gpxtpx:TrackPointExtension>
<gpxtpx:speed>4.73</gpxtpx:speed>
</gpxtpx:TrackPointExtension>
<opentracks:accuracy_horizontal>1.02</opentracks:accuracy_horizontal></extensions>
</trkpt>
<trkpt lat="50.462018" lon="-104.549513">
<ele>558</ele>
<time>2026-09-25T18:39:19.857-06:00</time>
<extensions>
<gpxtpx:TrackPointExtension>
<gpxtpx:speed>4.76</gpxtpx:speed>
</gpxtpx:TrackPointExtension>
<opentracks:accuracy_horizontal>0.51</opentracks:accuracy_horizontal></extensions>
</trkpt>
<trkpt lat="50.462024" lon="-104.549315">
<ele>558</ele>
<time>2026-09-25T18:39:22.859-06:00</time>
<extensions>
<gpxtpx:TrackPointExtension>
<gpxtpx:speed>4.71</gpxtpx:speed>
</gpxtpx:TrackPointExtension>
<opentracks:accuracy_horizontal>1.02</opentracks:accuracy_horizontal></extensions>
</trkpt>
<trkpt lat="50.462027" lon="-104.549113">
<ele>557</ele>
<time>2026-09-25T18:39:25.872-06:00</time>
<extensions>
<gpxtpx:TrackPointExtension>
<gpxtpx:speed>4.26</gpxtpx:speed>
</gpxtpx:TrackPointExtension>
<opentracks:accuracy_horizontal>1.02</opentracks:accuracy_horizontal></extensions>
</trkpt>
<trkpt lat="50.462024" lon="-104.54896">
<ele>557</ele>
<time>2026-09-25T18:39:28.876-06:00</time>
<extensions>
<gpxtpx:TrackPointExtension>
<gpxtpx:speed>3.27</gpxtpx:speed>
</gpxtpx:TrackPointExtension>
<opentracks:accuracy_horizontal>1.02</opentracks:accuracy_horizontal></extensions>
</trkpt>
<trkpt lat="50.462" lon="-104.548817">
<ele>557</ele>
<time>2026-09-25T18:39:32.868-06:00</time>
<extensions>
<gpxtpx:TrackPointExtension>
<gpxtpx:speed>2.5</gpxtpx:speed>
</gpxtpx:TrackPointExtension>
<opentracks:accuracy_horizontal>6.122</opentracks:accuracy_horizontal></extensions>
</trkpt>
<trkpt lat="50.46191" lon="-104.548722">
<ele>557</ele>
<time>2026-09-25T18:39:36.889-06:00</time>
<extensions>
<gpxtpx:TrackPointExtension>
<gpxtpx:speed>3.4</gpxtpx:speed>
</gpxtpx:TrackPointExtension>
<opentracks:accuracy_horizontal>6.122</opentracks:accuracy_horizontal></extensions>
</trkpt>
<trkpt lat="50.461819" lon="-104.548678">
<ele>556</ele>
<time>2026-09-25T18:39:39.866-06:00</time>
<extensions>
<gpxtpx:TrackPointExtension>
<gpxtpx:speed>3.29</gpxtpx:speed>
</gpxtpx:TrackPointExtension>
<opentracks:accuracy_horizontal>7.653</opentracks:accuracy_horizontal></extensions>
</trkpt>
<trkpt lat="50.46171" lon="-104.548654">
<ele>555</ele>
<time>2026-09-25T18:39:42.874-06:00</time>
<extensions>
<gpxtpx:TrackPointExtension>
<gpxtpx:speed>4.1</gpxtpx:speed>
</gpxtpx:TrackPointExtension>
<opentracks:accuracy_horizontal>6.633</opentracks:accuracy_horizontal></extensions>
</trkpt>
<trkpt lat="50.461588" lon="-104.548631">
<ele>556</ele>
<time>2026-09-25T18:39:45.857-06:00</time>
<extensions>
<gpxtpx:TrackPointExtension>
<gpxtpx:speed>4.1</gpxtpx:speed>
</gpxtpx:TrackPointExtension>
<opentracks:accuracy_horizontal>4.082</opentracks:accuracy_horizontal></extensions>
</trkpt>
<trkpt lat="50.46148" lon="-104.548623">
<ele>556</ele>
<time>2026-09-25T18:39:48.857-06:00</time>
<extensions>
<gpxtpx:TrackPointExtension>
<gpxtpx:speed>3.94</gpxtpx:speed>
</gpxtpx:TrackPointExtension>
<opentracks:accuracy_horizontal>3.571</opentracks:accuracy_horizontal></extensions>
</trkpt>
<trkpt lat="50.461375" lon="-104.548619">
<ele>556</ele>
<time>2026-09-25T18:39:51.863-06:00</time>
<extensions>
<gpxtpx:TrackPointExtension>
<gpxtpx:speed>3.86</gpxtpx:speed>
</gpxtpx:TrackPointExtension>
<opentracks:accuracy_horizontal>4.592</opentracks:accuracy_horizontal></extensions>
</trkpt>
<trkpt lat="50.461277" lon="-104.54857">
<ele>556</ele>
<time>2026-09-25T18:39:54.875-06:00</time>
<extensions>
<gpxtpx:TrackPointExtension>
<gpxtpx:speed>3.65</gpxtpx:speed>
</gpxtpx:TrackPointExtension>
<opentracks:accuracy_horizontal>6.633</opentracks:accuracy_horizontal></extensions>
</trkpt>
<trkpt lat="50.461243" lon="-104.548413">
<ele>557</ele>
<time>2026-09-25T18:39:57.859-06:00</time>
<extensions>
<gpxtpx:TrackPointExtension>
<gpxtpx:speed>4.24</gpxtpx:speed>
</gpxtpx:TrackPointExtension>
<opentracks:accuracy_horizontal>6.633</opentracks:accuracy_horizontal></extensions>
</trkpt>
<trkpt lat="50.461207" lon="-104.548218">
<ele>557</ele>
<time>2026-09-25T18:40:00.871-06:00</time>
<extensions>
<gpxtpx:TrackPointExtension>
<gpxtpx:speed>4.35</gpxtpx:speed>
</gpxtpx:TrackPointExtension>
<opentracks:accuracy_horizontal>1.02</opentracks:accuracy_horizontal></extensions>
</trkpt>
<trkpt lat="50.461199" lon="-104.548034">
<ele>556</ele>
<time>2026-09-25T18:40:03.859-06:00</time>
<extensions>
<gpxtpx:TrackPointExtension>
<gpxtpx:speed>4.34</gpxtpx:speed>
</gpxtpx:TrackPointExtension>
<opentracks:accuracy_horizontal>1.02</opentracks:accuracy_horizontal></extensions>
</trkpt>
<trkpt lat="50.461198" lon="-104.547832">
<ele>556</ele>
<time>2026-09-25T18:40:06.878-06:00</time>
<extensions>
<gpxtpx:TrackPointExtension>
<gpxtpx:speed>4.85</gpxtpx:speed>
</gpxtpx:TrackPointExtension>
<opentracks:accuracy_horizontal>1.02</opentracks:accuracy_horizontal></extensions>
</trkpt>
<trkpt lat="50.461195" lon="-104.547638">
<ele>556</ele>
<time>2026-09-25T18:40:09.865-06:00</time>
<extensions>
<gpxtpx:TrackPointExtension>
<gpxtpx:speed>4.51</gpxtpx:speed>
</gpxtpx:TrackPointExtension>
<opentracks:accuracy_horizontal>1.02</opentracks:accuracy_horizontal></extensions>
</trkpt>
<trkpt lat="50.461184" lon="-104.547464">
<ele>557</ele>
<time>2026-09-25T18:40:12.874-06:00</time>
<extensions>
<gpxtpx:TrackPointExtension>
<gpxtpx:speed>3.83</gpxtpx:speed>
</gpxtpx:TrackPointExtension>
<opentracks:accuracy_horizontal>5.102</opentracks:accuracy_horizontal></extensions>
</trkpt>
<trkpt lat="50.461177" lon="-104.547315">
<ele>557</ele>
<time>2026-09-25T18:40:15.858-06:00</time>
<extensions>
<gpxtpx:TrackPointExtension>
<gpxtpx:speed>3.34</gpxtpx:speed>
</gpxtpx:TrackPointExtension>
<opentracks:accuracy_horizontal>5.102</opentracks:accuracy_horizontal></extensions>
</trkpt>
<trkpt lat="50.461173" lon="-104.547131">
<ele>557</ele>
<time>2026-09-25T18:40:19.859-06:00</time>
<extensions>
<gpxtpx:TrackPointExtension>
<gpxtpx:speed>3.44</gpxtpx:speed>
</gpxtpx:TrackPointExtension>
<opentracks:accuracy_horizontal>5.102</opentracks:accuracy_horizontal></extensions>
</trkpt>
<trkpt lat="50.461174" lon="-104.546943">
<ele>557</ele>
<time>2026-09-25T18:40:23.87-06:00</time>
<extensions>
<gpxtpx:TrackPointExtension>
<gpxtpx:speed>3.32</gpxtpx:speed>
</gpxtpx:TrackPointExtension>
<opentracks:accuracy_horizontal>5.612</opentracks:accuracy_horizontal></extensions>
</trkpt>
<trkpt lat="50.46119" lon="-104.546801">
<ele>557</ele>
<time>2026-09-25T18:40:26.881-06:00</time>
<extensions>
<gpxtpx:TrackPointExtension>
<gpxtpx:speed>3.47</gpxtpx:speed>
</gpxtpx:TrackPointExtension>
<opentracks:accuracy_horizontal>6.633</opentracks:accuracy_horizontal></extensions>
</trkpt>
<trkpt lat="50.461217" lon="-104.546664">
<ele>557</ele>
<time>2026-09-25T18:40:29.859-06:00</time>
<extensions>
<gpxtpx:TrackPointExtension>
<gpxtpx:speed>3.31</gpxtpx:speed>
</gpxtpx:TrackPointExtension>
<opentracks:accuracy_horizontal>6.122</opentracks:accuracy_horizontal></extensions>
</trkpt>
<trkpt lat="50.461252" lon="-104.546508">
<ele>556</ele>
<time>2026-09-25T18:40:33.867-06:00</time>
<extensions>
<gpxtpx:TrackPointExtension>
<gpxtpx:speed>2.43</gpxtpx:speed>
</gpxtpx:TrackPointExtension>
<opentracks:accuracy_horizontal>5.612</opentracks:accuracy_horizontal></extensions>
</trkpt>
<trkpt lat="50.461317" lon="-104.546381">
<ele>556</ele>
<time>2026-09-25T18:40:38.865-06:00</time>
<extensions>
<gpxtpx:TrackPointExtension>
<gpxtpx:speed>2.06</gpxtpx:speed>
</gpxtpx:TrackPointExtension>
<opentracks:accuracy_horizontal>5.102</opentracks:accuracy_horizontal></extensions>
</trkpt>
<trkpt lat="50.461352" lon="-104.546237">
<ele>557</ele>
<time>2026-09-25T18:40:43.874-06:00</time>
<extensions>
<gpxtpx:TrackPointExtension>
<gpxtpx:speed>2.76</gpxtpx:speed>
</gpxtpx:TrackPointExtension>
<opentracks:accuracy_horizontal>6.122</opentracks:accuracy_horizontal></extensions>
</trkpt>
<trkpt lat="50.461388" lon="-104.546086">
<ele>557</ele>
<time>2026-09-25T18:40:47.869-06:00</time>
<extensions>
<gpxtpx:TrackPointExtension>
<gpxtpx:speed>2.69</gpxtpx:speed>
</gpxtpx:TrackPointExtension>
<opentracks:accuracy_horizontal>8.673</opentracks:accuracy_horizontal></extensions>
</trkpt>
<trkpt lat="50.461418" lon="-104.545929">
<ele>556</ele>
<time>2026-09-25T18:40:51.869-06:00</time>
<extensions>
<gpxtpx:TrackPointExtension>
<gpxtpx:speed>3.22</gpxtpx:speed>
</gpxtpx:TrackPointExtension>
<opentracks:accuracy_horizontal>6.122</opentracks:accuracy_horizontal></extensions>
</trkpt>
<trkpt lat="50.461452" lon="-104.545764">
<ele>556</ele>
<time>2026-09-25T18:40:55.868-06:00</time>
<extensions>
<gpxtpx:TrackPointExtension>
<gpxtpx:speed>2.65</gpxtpx:speed>
</gpxtpx:TrackPointExtension>
<opentracks:accuracy_horizontal>7.143</opentracks:accuracy_horizontal></extensions>
</trkpt>
<trkpt lat="50.461475" lon="-104.54559">
<ele>556</ele>
<time>2026-09-25T18:41:00.86-06:00</time>
<extensions>
<gpxtpx:TrackPointExtension>
<gpxtpx:speed>2.57</gpxtpx:speed>
</gpxtpx:TrackPointExtension>
<opentracks:accuracy_horizontal>6.633</opentracks:accuracy_horizontal></extensions>
</trkpt>
<trkpt lat="50.461498" lon="-104.545437">
<ele>556</ele>
<time>2026-09-25T18:41:05.864-06:00</time>
<extensions>
<gpxtpx:TrackPointExtension>
<gpxtpx:speed>1.64</gpxtpx:speed>
</gpxtpx:TrackPointExtension>
<opentracks:accuracy_horizontal>5.102</opentracks:accuracy_horizontal></extensions>
</trkpt>
<trkpt lat="50.461563" lon="-104.545331">
<ele>557</ele>
<time>2026-09-25T18:41:10.876-06:00</time>
<extensions>
<gpxtpx:TrackPointExtension>
<gpxtpx:speed>2.87</gpxtpx:speed>
</gpxtpx:TrackPointExtension>
<opentracks:accuracy_horizontal>6.633</opentracks:accuracy_horizontal></extensions>
</trkpt>
<trkpt lat="50.461668" lon="-104.545324">
<ele>557</ele>
<time>2026-09-25T18:41:13.864-06:00</time>
<extensions>
<gpxtpx:TrackPointExtension>
<gpxtpx:speed>4.5</gpxtpx:speed>
</gpxtpx:TrackPointExtension>
<opentracks:accuracy_horizontal>6.633</opentracks:accuracy_horizontal></extensions>
</trkpt>
<trkpt lat="50.4618" lon="-104.545326">
<ele>557</ele>
<time>2026-09-25T18:41:16.877-06:00</time>
<extensions>
<gpxtpx:TrackPointExtension>
<gpxtpx:speed>4.39</gpxtpx:speed>
</gpxtpx:TrackPointExtension>
<opentracks:accuracy_horizontal>5.612</opentracks:accuracy_horizontal></extensions>
</trkpt>
<trkpt lat="50.461915" lon="-104.545322">
<ele>557</ele>
<time>2026-09-25T18:41:19.865-06:00</time>
<extensions>
<gpxtpx:TrackPointExtension>
<gpxtpx:speed>4.15</gpxtpx:speed>
</gpxtpx:TrackPointExtension>
<opentracks:accuracy_horizontal>6.122</opentracks:accuracy_horizontal></extensions>
</trkpt>
<trkpt lat="50.462019" lon="-104.545279">
<ele>558</ele>
<time>2026-09-25T18:41:22.867-06:00</time>
<extensions>
<gpxtpx:TrackPointExtension>
<gpxtpx:speed>4.04</gpxtpx:speed>
</gpxtpx:TrackPointExtension>
<opentracks:accuracy_horizontal>4.592</opentracks:accuracy_horizontal></extensions>
</trkpt>
<trkpt lat="50.462066" lon="-104.545135">
<ele>558</ele>
<time>2026-09-25T18:41:25.866-06:00</time>
<extensions>
<gpxtpx:TrackPointExtension>
<gpxtpx:speed>3.89</gpxtpx:speed>
</gpxtpx:TrackPointExtension>
<opentracks:accuracy_horizontal>4.592</opentracks:accuracy_horizontal></extensions>
</trkpt>
<trkpt lat="50.462097" lon="-104.544958">
<ele>558</ele>
<time>2026-09-25T18:41:28.873-06:00</time>
<extensions>
<gpxtpx:TrackPointExtension>
<gpxtpx:speed>4.4</gpxtpx:speed>
</gpxtpx:TrackPointExtension>
<opentracks:accuracy_horizontal>5.102</opentracks:accuracy_horizontal></extensions>
</trkpt>
<trkpt lat="50.462129" lon="-104.544764">
<ele>558</ele>
<time>2026-09-25T18:41:31.874-06:00</time>
<extensions>
<gpxtpx:TrackPointExtension>
<gpxtpx:speed>4.69</gpxtpx:speed>
</gpxtpx:TrackPointExtension>
<opentracks:accuracy_horizontal>1.02</opentracks:accuracy_horizontal></extensions>
</trkpt>
<trkpt lat="50.462152" lon="-104.544626">
<ele>558</ele>
<time>2026-09-25T18:41:33.865-06:00</time>
<extensions>
<gpxtpx:TrackPointExtension>
<gpxtpx:speed>5.17</gpxtpx:speed>
</gpxtpx:TrackPointExtension>
<opentracks:accuracy_horizontal>1.02</opentracks:accuracy_horizontal></extensions>
</trkpt>
<trkpt lat="50.46218" lon="-104.544486">
<ele>559</ele>
<time>2026-09-25T18:41:35.878-06:00</time>
<extensions>
<gpxtpx:TrackPointExtension>
<gpxtpx:speed>5.4</gpxtpx:speed>
</gpxtpx:TrackPointExtension>
<opentracks:accuracy_horizontal>0.51</opentracks:accuracy_horizontal></extensions>
</trkpt>
<trkpt lat="50.462208" lon="-104.544306">
<ele>559</ele>
<time>2026-09-25T18:41:38.875-06:00</time>
<extensions>
<gpxtpx:TrackPointExtension>
<gpxtpx:speed>4</gpxtpx:speed>
</gpxtpx:TrackPointExtension>
<opentracks:accuracy_horizontal>1.02</opentracks:accuracy_horizontal></extensions>
</trkpt>
<trkpt lat="50.462236" lon="-104.544141">
<ele>558</ele>
<time>2026-09-25T18:41:41.874-06:00</time>
<extensions>
<gpxtpx:TrackPointExtension>
<gpxtpx:speed>4.36</gpxtpx:speed>
</gpxtpx:TrackPointExtension>
<opentracks:accuracy_horizontal>1.02</opentracks:accuracy_horizontal></extensions>
</trkpt>
<trkpt lat="50.462269" lon="-104.543947">
<ele>558</ele>
<time>2026-09-25T18:41:44.864-06:00</time>
<extensions>
<gpxtpx:TrackPointExtension>
<gpxtpx:speed>4.87</gpxtpx:speed>
</gpxtpx:TrackPointExtension>
<opentracks:accuracy_horizontal>1.02</opentracks:accuracy_horizontal></extensions>
</trkpt>
<trkpt lat="50.4623" lon="-104.543803">
<ele>558</ele>
<time>2026-09-25T18:41:46.869-06:00</time>
<extensions>
<gpxtpx:TrackPointExtension>
<gpxtpx:speed>5.19</gpxtpx:speed>
</gpxtpx:TrackPointExtension>
<opentracks:accuracy_horizontal>1.02</opentracks:accuracy_horizontal></extensions>
</trkpt>
<trkpt lat="50.46234" lon="-104.543622">
<ele>559</ele>
<time>2026-09-25T18:41:49.866-06:00</time>
<extensions>
<gpxtpx:TrackPointExtension>
<gpxtpx:speed>4.24</gpxtpx:speed>
</gpxtpx:TrackPointExtension>
<opentracks:accuracy_horizontal>1.02</opentracks:accuracy_horizontal></extensions>
</trkpt>
<trkpt lat="50.462364" lon="-104.543463">
<ele>558</ele>
<time>2026-09-25T18:41:52.871-06:00</time>
<extensions>
<gpxtpx:TrackPointExtension>
<gpxtpx:speed>3.52</gpxtpx:speed>
</gpxtpx:TrackPointExtension>
<opentracks:accuracy_horizontal>1.02</opentracks:accuracy_horizontal></extensions>
</trkpt>
<trkpt lat="50.462381" lon="-104.543285">
<ele>558</ele>
<time>2026-09-25T18:41:55.892-06:00</time>
<extensions>
<gpxtpx:TrackPointExtension>
<gpxtpx:speed>4.29</gpxtpx:speed>
</gpxtpx:TrackPointExtension>
<opentracks:accuracy_horizontal>4.592</opentracks:accuracy_horizontal></extensions>
</trkpt>
<trkpt lat="50.462418" lon="-104.543099">
<ele>559</ele>
<time>2026-09-25T18:41:58.864-06:00</time>
<extensions>
<gpxtpx:TrackPointExtension>
<gpxtpx:speed>4.88</gpxtpx:speed>
</gpxtpx:TrackPointExtension>
<opentracks:accuracy_horizontal>4.082</opentracks:accuracy_horizontal></extensions>
</trkpt>
<trkpt lat="50.462462" lon="-104.542927">
<ele>560</ele>
<time>2026-09-25T18:42:01.88-06:00</time>
<extensions>
<gpxtpx:TrackPointExtension>
<gpxtpx:speed>4.77</gpxtpx:speed>
</gpxtpx:TrackPointExtension>
<opentracks:accuracy_horizontal>1.02</opentracks:accuracy_horizontal></extensions>
</trkpt>
<trkpt lat="50.462494" lon="-104.54278">
<ele>559</ele>
<time>2026-09-25T18:42:04.871-06:00</time>
<extensions>
<gpxtpx:TrackPointExtension>
<gpxtpx:speed>3.58</gpxtpx:speed>
</gpxtpx:TrackPointExtension>
<opentracks:accuracy_horizontal>1.02</opentracks:accuracy_horizontal></extensions>
</trkpt>
<trkpt lat="50.462524" lon="-104.542638">
<ele>559</ele>
<time>2026-09-25T18:42:07.878-06:00</time>
<extensions>
<gpxtpx:TrackPointExtension>
<gpxtpx:speed>3.86</gpxtpx:speed>
</gpxtpx:TrackPointExtension>
<opentracks:accuracy_horizontal>5.612</opentracks:accuracy_horizontal></extensions>
</trkpt>
<trkpt lat="50.462555" lon="-104.542469">
<ele>559</ele>
<time>2026-09-25T18:42:10.876-06:00</time>
<extensions>
<gpxtpx:TrackPointExtension>
<gpxtpx:speed>3.89</gpxtpx:speed>
</gpxtpx:TrackPointExtension>
<opentracks:accuracy_horizontal>6.122</opentracks:accuracy_horizontal></extensions>
</trkpt>
<trkpt lat="50.46258" lon="-104.542317">
<ele>559</ele>
<time>2026-09-25T18:42:13.868-06:00</time>
<extensions>
<gpxtpx:TrackPointExtension>
<gpxtpx:speed>3.97</gpxtpx:speed>
</gpxtpx:TrackPointExtension>
<opentracks:accuracy_horizontal>1.02</opentracks:accuracy_horizontal></extensions>
</trkpt>
<trkpt lat="50.462609" lon="-104.542157">
<ele>559</ele>
<time>2026-09-25T18:42:16.881-06:00</time>
<extensions>
<gpxtpx:TrackPointExtension>
<gpxtpx:speed>3.72</gpxtpx:speed>
</gpxtpx:TrackPointExtension>
<opentracks:accuracy_horizontal>1.02</opentracks:accuracy_horizontal></extensions>
</trkpt>
<trkpt lat="50.462632" lon="-104.542013">
<ele>558</ele>
<time>2026-09-25T18:42:19.868-06:00</time>
<extensions>
<gpxtpx:TrackPointExtension>
<gpxtpx:speed>3.41</gpxtpx:speed>
</gpxtpx:TrackPointExtension>
<opentracks:accuracy_horizontal>1.02</opentracks:accuracy_horizontal></extensions>
</trkpt>
<trkpt lat="50.462633" lon="-104.541851">
<ele>558</ele>
<time>2026-09-25T18:42:23.866-06:00</time>
<extensions>
<gpxtpx:TrackPointExtension>
<gpxtpx:speed>2.55</gpxtpx:speed>
</gpxtpx:TrackPointExtension>
<opentracks:accuracy_horizontal>7.143</opentracks:accuracy_horizontal></extensions>
</trkpt>
<trkpt lat="50.462701" lon="-104.541754">
<ele>558</ele>
<time>2026-09-25T18:42:27.875-06:00</time>
<extensions>
<gpxtpx:TrackPointExtension>
<gpxtpx:speed>2.64</gpxtpx:speed>
</gpxtpx:TrackPointExtension>
<opentracks:accuracy_horizontal>6.633</opentracks:accuracy_horizontal></extensions>
</trkpt>
<trkpt lat="50.462808" lon="-104.541796">
<ele>558</ele>
<time>2026-09-25T18:42:31.868-06:00</time>
<extensions>
<gpxtpx:TrackPointExtension>
<gpxtpx:speed>4.23</gpxtpx:speed>
</gpxtpx:TrackPointExtension>
<opentracks:accuracy_horizontal>5.612</opentracks:accuracy_horizontal></extensions>
</trkpt>
<trkpt lat="50.462916" lon="-104.541853">
<ele>558</ele>
<time>2026-09-25T18:42:34.877-06:00</time>
<extensions>
<gpxtpx:TrackPointExtension>
<gpxtpx:speed>4.53</gpxtpx:speed>
</gpxtpx:TrackPointExtension>
<opentracks:accuracy_horizontal>5.612</opentracks:accuracy_horizontal></extensions>
</trkpt>
<trkpt lat="50.463027" lon="-104.541894">
<ele>559</ele>
<time>2026-09-25T18:42:37.868-06:00</time>
<extensions>
<gpxtpx:TrackPointExtension>
<gpxtpx:speed>3.94</gpxtpx:speed>
</gpxtpx:TrackPointExtension>
<opentracks:accuracy_horizontal>1.531</opentracks:accuracy_horizontal></extensions>
</trkpt>
<trkpt lat="50.463123" lon="-104.541946">
<ele>559</ele>
<time>2026-09-25T18:42:40.873-06:00</time>
<extensions>
<gpxtpx:TrackPointExtension>
<gpxtpx:speed>3.43</gpxtpx:speed>
</gpxtpx:TrackPointExtension>
<opentracks:accuracy_horizontal>1.02</opentracks:accuracy_horizontal></extensions>
</trkpt>
<trkpt lat="50.463228" lon="-104.541987">
<ele>559</ele>
<time>2026-09-25T18:42:44.861-06:00</time>
<extensions>
<gpxtpx:TrackPointExtension>
<gpxtpx:speed>2.49</gpxtpx:speed>
</gpxtpx:TrackPointExtension>
<opentracks:accuracy_horizontal>4.592</opentracks:accuracy_horizontal></extensions>
</trkpt>
<trkpt lat="50.463347" lon="-104.541959">
<ele>560</ele>
<time>2026-09-25T18:42:48.874-06:00</time>
<extensions>
<gpxtpx:TrackPointExtension>
<gpxtpx:speed>4.36</gpxtpx:speed>
</gpxtpx:TrackPointExtension>
<opentracks:accuracy_horizontal>6.122</opentracks:accuracy_horizontal></extensions>
</trkpt>
<trkpt lat="50.463414" lon="-104.541797">
<ele>559</ele>
<time>2026-09-25T18:42:51.872-06:00</time>
<extensions>
<gpxtpx:TrackPointExtension>
<gpxtpx:speed>4.57</gpxtpx:speed>
</gpxtpx:TrackPointExtension>
<opentracks:accuracy_horizontal>5.102</opentracks:accuracy_horizontal></extensions>
</trkpt>
<trkpt lat="50.463441" lon="-104.541602">
<ele>559</ele>
<time>2026-09-25T18:42:54.874-06:00</time>
<extensions>
<gpxtpx:TrackPointExtension>
<gpxtpx:speed>4.83</gpxtpx:speed>
</gpxtpx:TrackPointExtension>
<opentracks:accuracy_horizontal>4.082</opentracks:accuracy_horizontal></extensions>
</trkpt>
<trkpt lat="50.463465" lon="-104.541462">
<ele>559</ele>
<time>2026-09-25T18:42:56.881-06:00</time>
<extensions>
<gpxtpx:TrackPointExtension>
<gpxtpx:speed>5.09</gpxtpx:speed>
</gpxtpx:TrackPointExtension>
<opentracks:accuracy_horizontal>1.02</opentracks:accuracy_horizontal></extensions>
</trkpt>
<trkpt lat="50.463492" lon="-104.541322">
<ele>559</ele>
<time>2026-09-25T18:42:58.872-06:00</time>
<extensions>
<gpxtpx:TrackPointExtension>
<gpxtpx:speed>5.3</gpxtpx:speed>
</gpxtpx:TrackPointExtension>
<opentracks:accuracy_horizontal>1.02</opentracks:accuracy_horizontal></extensions>
</trkpt>
<trkpt lat="50.463523" lon="-104.541184">
<ele>559</ele>
<time>2026-09-25T18:43:00.88-06:00</time>
<extensions>
<gpxtpx:TrackPointExtension>
<gpxtpx:speed>5.08</gpxtpx:speed>
</gpxtpx:TrackPointExtension>
<opentracks:accuracy_horizontal>1.02</opentracks:accuracy_horizontal></extensions>
</trkpt>
<trkpt lat="50.463561" lon="-104.540993">
<ele>559</ele>
<time>2026-09-25T18:43:03.879-06:00</time>
<extensions>
<gpxtpx:TrackPointExtension>
<gpxtpx:speed>4.43</gpxtpx:speed>
</gpxtpx:TrackPointExtension>
<opentracks:accuracy_horizontal>1.02</opentracks:accuracy_horizontal></extensions>
</trkpt>
<trkpt lat="50.463584" lon="-104.540822">
<ele>559</ele>
<time>2026-09-25T18:43:06.878-06:00</time>
<extensions>
<gpxtpx:TrackPointExtension>
<gpxtpx:speed>3.66</gpxtpx:speed>
</gpxtpx:TrackPointExtension>
<opentracks:accuracy_horizontal>1.02</opentracks:accuracy_horizontal></extensions>
</trkpt>
<trkpt lat="50.463591" lon="-104.540674">
<ele>559</ele>
<time>2026-09-25T18:43:09.869-06:00</time>
<extensions>
<gpxtpx:TrackPointExtension>
<gpxtpx:speed>3.95</gpxtpx:speed>
</gpxtpx:TrackPointExtension>
<opentracks:accuracy_horizontal>0.51</opentracks:accuracy_horizontal></extensions>
</trkpt>
<trkpt lat="50.463595" lon="-104.540492">
<ele>558</ele>
<time>2026-09-25T18:43:12.878-06:00</time>
<extensions>
<gpxtpx:TrackPointExtension>
<gpxtpx:speed>4.54</gpxtpx:speed>
</gpxtpx:TrackPointExtension>
<opentracks:accuracy_horizontal>1.02</opentracks:accuracy_horizontal></extensions>
</trkpt>
<trkpt lat="50.463592" lon="-104.540277">
<ele>558</ele>
<time>2026-09-25T18:43:15.875-06:00</time>
<extensions>
<gpxtpx:TrackPointExtension>
<gpxtpx:speed>5.24</gpxtpx:speed>
</gpxtpx:TrackPointExtension>
<opentracks:accuracy_horizontal>1.02</opentracks:accuracy_horizontal></extensions>
</trkpt>
<trkpt lat="50.463562" lon="-104.540094">
<ele>557</ele>
<time>2026-09-25T18:43:18.873-06:00</time>
<extensions>
<gpxtpx:TrackPointExtension>
<gpxtpx:speed>4.11</gpxtpx:speed>
</gpxtpx:TrackPointExtension>
<opentracks:accuracy_horizontal>1.02</opentracks:accuracy_horizontal></extensions>
</trkpt>
<trkpt lat="50.463515" lon="-104.539947">
<ele>557</ele>
<time>2026-09-25T18:43:21.865-06:00</time>
<extensions>
<gpxtpx:TrackPointExtension>
<gpxtpx:speed>4.08</gpxtpx:speed>
</gpxtpx:TrackPointExtension>
<opentracks:accuracy_horizontal>1.02</opentracks:accuracy_horizontal></extensions>
</trkpt>
<trkpt lat="50.463499" lon="-104.539791">
<ele>558</ele>
<time>2026-09-25T18:43:24.865-06:00</time>
<extensions>
<gpxtpx:TrackPointExtension>
<gpxtpx:speed>3.87</gpxtpx:speed>
</gpxtpx:TrackPointExtension>
<opentracks:accuracy_horizontal>1.02</opentracks:accuracy_horizontal></extensions>
</trkpt>
<trkpt lat="50.463498" lon="-104.539633">
<ele>558</ele>
<time>2026-09-25T18:43:27.857-06:00</time>
<extensions>
<gpxtpx:TrackPointExtension>
<gpxtpx:speed>3.79</gpxtpx:speed>
</gpxtpx:TrackPointExtension>
<opentracks:accuracy_horizontal>1.02</opentracks:accuracy_horizontal></extensions>
</trkpt>
<trkpt lat="50.463525" lon="-104.539489">
<ele>558</ele>
<time>2026-09-25T18:43:30.866-06:00</time>
<extensions>
<gpxtpx:TrackPointExtension>
<gpxtpx:speed>3.74</gpxtpx:speed>
</gpxtpx:TrackPointExtension>
<opentracks:accuracy_horizontal>1.02</opentracks:accuracy_horizontal></extensions>
</trkpt>
<trkpt lat="50.463639" lon="-104.539423">
<ele>559</ele>
<time>2026-09-25T18:43:33.877-06:00</time>
<extensions>
<gpxtpx:TrackPointExtension>
<gpxtpx:speed>4.44</gpxtpx:speed>
</gpxtpx:TrackPointExtension>
<opentracks:accuracy_horizontal>1.02</opentracks:accuracy_horizontal></extensions>
</trkpt>
<trkpt lat="50.46374" lon="-104.539319">
<ele>559</ele>
<time>2026-09-25T18:43:36.867-06:00</time>
<extensions>
<gpxtpx:TrackPointExtension>
<gpxtpx:speed>4.39</gpxtpx:speed>
</gpxtpx:TrackPointExtension>
<opentracks:accuracy_horizontal>1.02</opentracks:accuracy_horizontal></extensions>
</trkpt>
<trkpt lat="50.463842" lon="-104.539219">
<ele>559</ele>
<time>2026-09-25T18:43:39.88-06:00</time>
<extensions>
<gpxtpx:TrackPointExtension>
<gpxtpx:speed>4.59</gpxtpx:speed>
</gpxtpx:TrackPointExtension>
<opentracks:accuracy_horizontal>0.51</opentracks:accuracy_horizontal></extensions>
</trkpt>
<trkpt lat="50.463949" lon="-104.539106">
<ele>559</ele>
<time>2026-09-25T18:43:42.863-06:00</time>
<extensions>
<gpxtpx:TrackPointExtension>
<gpxtpx:speed>4.83</gpxtpx:speed>
</gpxtpx:TrackPointExtension>
<opentracks:accuracy_horizontal>1.02</opentracks:accuracy_horizontal></extensions>
</trkpt>
<trkpt lat="50.464062" lon="-104.539004">
<ele>559</ele>
<time>2026-09-25T18:43:45.866-06:00</time>
<extensions>
<gpxtpx:TrackPointExtension>
<gpxtpx:speed>4.7</gpxtpx:speed>
</gpxtpx:TrackPointExtension>
<opentracks:accuracy_horizontal>1.02</opentracks:accuracy_horizontal></extensions>
</trkpt>
<trkpt lat="50.464176" lon="-104.538885">
<ele>560</ele>
<time>2026-09-25T18:43:48.883-06:00</time>
<extensions>
<gpxtpx:TrackPointExtension>
<gpxtpx:speed>4.75</gpxtpx:speed>
</gpxtpx:TrackPointExtension>
<opentracks:accuracy_horizontal>1.02</opentracks:accuracy_horizontal></extensions>
</trkpt>
<trkpt lat="50.464283" lon="-104.538783">
<ele>558</ele>
<time>2026-09-25T18:43:51.887-06:00</time>
<extensions>
<gpxtpx:TrackPointExtension>
<gpxtpx:speed>5.15</gpxtpx:speed>
</gpxtpx:TrackPointExtension>
<opentracks:accuracy_horizontal>1.02</opentracks:accuracy_horizontal></extensions>
</trkpt>
<trkpt lat="50.464359" lon="-104.5387">
<ele>558</ele>
<time>2026-09-25T18:43:53.877-06:00</time>
<extensions>
<gpxtpx:TrackPointExtension>
<gpxtpx:speed>5.07</gpxtpx:speed>
</gpxtpx:TrackPointExtension>
<opentracks:accuracy_horizontal>1.02</opentracks:accuracy_horizontal></extensions>
</trkpt>
<trkpt lat="50.464444" lon="-104.538623">
<ele>559</ele>
<time>2026-09-25T18:43:55.87-06:00</time>
<extensions>
<gpxtpx:TrackPointExtension>
<gpxtpx:speed>4.96</gpxtpx:speed>
</gpxtpx:TrackPointExtension>
<opentracks:accuracy_horizontal>1.02</opentracks:accuracy_horizontal></extensions>
</trkpt>
<trkpt lat="50.464536" lon="-104.538499">
<ele>558</ele>
<time>2026-09-25T18:43:58.878-06:00</time>
<extensions>
<gpxtpx:TrackPointExtension>
<gpxtpx:speed>4.97</gpxtpx:speed>
</gpxtpx:TrackPointExtension>
<opentracks:accuracy_horizontal>1.02</opentracks:accuracy_horizontal></extensions>
</trkpt>
<trkpt lat="50.464605" lon="-104.53833">
<ele>559</ele>
<time>2026-09-25T18:44:01.89-06:00</time>
<extensions>
<gpxtpx:TrackPointExtension>
<gpxtpx:speed>4.24</gpxtpx:speed>
</gpxtpx:TrackPointExtension>
<opentracks:accuracy_horizontal>1.02</opentracks:accuracy_horizontal></extensions>
</trkpt>
<trkpt lat="50.464657" lon="-104.538184">
<ele>560</ele>
<time>2026-09-25T18:44:04.865-06:00</time>
<extensions>
<gpxtpx:TrackPointExtension>
<gpxtpx:speed>4.45</gpxtpx:speed>
</gpxtpx:TrackPointExtension>
<opentracks:accuracy_horizontal>1.02</opentracks:accuracy_horizontal></extensions>
</trkpt>
<trkpt lat="50.464685" lon="-104.538042">
<ele>560</ele>
<time>2026-09-25T18:44:07.875-06:00</time>
<extensions>
<gpxtpx:TrackPointExtension>
<gpxtpx:speed>3.91</gpxtpx:speed>
</gpxtpx:TrackPointExtension>
<opentracks:accuracy_horizontal>1.02</opentracks:accuracy_horizontal></extensions>
</trkpt>
<trkpt lat="50.464729" lon="-104.537892">
<ele>561</ele>
<time>2026-09-25T18:44:10.875-06:00</time>
<extensions>
<gpxtpx:TrackPointExtension>
<gpxtpx:speed>4.28</gpxtpx:speed>
</gpxtpx:TrackPointExtension>
<opentracks:accuracy_horizontal>0.51</opentracks:accuracy_horizontal></extensions>
</trkpt>
<trkpt lat="50.464781" lon="-104.537735">
<ele>561</ele>
<time>2026-09-25T18:44:13.874-06:00</time>
<extensions>
<gpxtpx:TrackPointExtension>
<gpxtpx:speed>4.13</gpxtpx:speed>
</gpxtpx:TrackPointExtension>
<opentracks:accuracy_horizontal>0.51</opentracks:accuracy_horizontal></extensions>
</trkpt>
<trkpt lat="50.464827" lon="-104.537572">
<ele>562</ele>
<time>2026-09-25T18:44:16.869-06:00</time>
<extensions>
<gpxtpx:TrackPointExtension>
<gpxtpx:speed>4.36</gpxtpx:speed>
</gpxtpx:TrackPointExtension>
<opentracks:accuracy_horizontal>1.02</opentracks:accuracy_horizontal></extensions>
</trkpt>
<trkpt lat="50.464871" lon="-104.537404">
<ele>562</ele>
<time>2026-09-25T18:44:19.872-06:00</time>
<extensions>
<gpxtpx:TrackPointExtension>
<gpxtpx:speed>4.03</gpxtpx:speed>
</gpxtpx:TrackPointExtension>
<opentracks:accuracy_horizontal>1.02</opentracks:accuracy_horizontal></extensions>
</trkpt>
<trkpt lat="50.464902" lon="-104.537254">
<ele>562</ele>
<time>2026-09-25T18:44:22.861-06:00</time>
<extensions>
<gpxtpx:TrackPointExtension>
<gpxtpx:speed>3.52</gpxtpx:speed>
</gpxtpx:TrackPointExtension>
<opentracks:accuracy_horizontal>1.02</opentracks:accuracy_horizontal></extensions>
</trkpt>
<trkpt lat="50.464916" lon="-104.537106">
<ele>562</ele>
<time>2026-09-25T18:44:26.879-06:00</time>
<extensions>
<gpxtpx:TrackPointExtension>
<gpxtpx:speed>2.27</gpxtpx:speed>
</gpxtpx:TrackPointExtension>
<opentracks:accuracy_horizontal>6.122</opentracks:accuracy_horizontal></extensions>
</trkpt>
<trkpt lat="50.464996" lon="-104.537028">
<ele>562</ele>
<time>2026-09-25T18:44:32.872-06:00</time>
<extensions>
<gpxtpx:TrackPointExtension>
<gpxtpx:speed>1.22</gpxtpx:speed>
</gpxtpx:TrackPointExtension>
<opentracks:accuracy_horizontal>5.102</opentracks:accuracy_horizontal></extensions>
</trkpt>
<trkpt lat="50.465086" lon="-104.537062">
<ele>562</ele>
<time>2026-09-25T18:44:41.867-06:00</time>
<extensions>
<gpxtpx:TrackPointExtension>
<gpxtpx:speed>1.43</gpxtpx:speed>
</gpxtpx:TrackPointExtension>
<opentracks:accuracy_horizontal>8.673</opentracks:accuracy_horizontal></extensions>
</trkpt>
<trkpt lat="50.465118" lon="-104.537097">
<ele>563</ele>
<time>2026-09-25T18:44:51.866-06:00</time>
<extensions>
<gpxtpx:TrackPointExtension>
<gpxtpx:speed>0</gpxtpx:speed>
</gpxtpx:TrackPointExtension>
<opentracks:accuracy_horizontal>6.633</opentracks:accuracy_horizontal></extensions>
</trkpt>
<trkpt lat="50.465189" lon="-104.537009">
<ele>562</ele>
<time>2026-09-25T18:45:18.852-06:00</time>
<extensions>
<gpxtpx:TrackPointExtension>
<gpxtpx:speed>1.84</gpxtpx:speed>
</gpxtpx:TrackPointExtension>
<opentracks:accuracy_horizontal>14.796</opentracks:accuracy_horizontal></extensions>
</trkpt>
<trkpt lat="50.465228" lon="-104.537054">
<ele>561</ele>
<time>2026-09-25T18:45:28.85-06:00</time>
<extensions>
<gpxtpx:TrackPointExtension>
<gpxtpx:speed>0.51</gpxtpx:speed>
</gpxtpx:TrackPointExtension>
<opentracks:accuracy_horizontal>13.776</opentracks:accuracy_horizontal></extensions>
</trkpt>
<trkpt lat="50.46514" lon="-104.537082">
<ele>549</ele>
<time>2026-09-25T18:46:24.874-06:00</time>
<extensions>
<gpxtpx:TrackPointExtension>
<gpxtpx:speed>0.19</gpxtpx:speed>
</gpxtpx:TrackPointExtension>
<opentracks:accuracy_horizontal>18.367</opentracks:accuracy_horizontal></extensions>
</trkpt>
<trkpt lat="50.465152" lon="-104.537074">
<ele>548</ele>
<time>2026-09-25T18:46:34.868-06:00</time>
<extensions>
<gpxtpx:TrackPointExtension>
<gpxtpx:speed>0.03</gpxtpx:speed>
</gpxtpx:TrackPointExtension>
<opentracks:accuracy_horizontal>16.837</opentracks:accuracy_horizontal></extensions>
</trkpt>
<trkpt lat="50.465054" lon="-104.537028">
<ele>563</ele>
<time>2026-09-25T18:48:56.882-06:00</time>
<extensions>
<gpxtpx:TrackPointExtension>
<gpxtpx:speed>1.55</gpxtpx:speed>
</gpxtpx:TrackPointExtension>
<opentracks:accuracy_horizontal>7.653</opentracks:accuracy_horizontal></extensions>
</trkpt>
<trkpt lat="50.464968" lon="-104.536932">
<ele>561</ele>
<time>2026-09-25T18:49:03.874-06:00</time>
<extensions>
<gpxtpx:TrackPointExtension>
<gpxtpx:speed>2.7</gpxtpx:speed>
</gpxtpx:TrackPointExtension>
<opentracks:accuracy_horizontal>10.204</opentracks:accuracy_horizontal></extensions>
</trkpt>
<trkpt lat="50.46494" lon="-104.536766">
<ele>561</ele>
<time>2026-09-25T18:49:07.873-06:00</time>
<extensions>
<gpxtpx:TrackPointExtension>
<gpxtpx:speed>2.46</gpxtpx:speed>
</gpxtpx:TrackPointExtension>
<opentracks:accuracy_horizontal>7.143</opentracks:accuracy_horizontal></extensions>
</trkpt>
<trkpt lat="50.464844" lon="-104.536673">
<ele>561</ele>
<time>2026-09-25T18:49:12.88-06:00</time>
<extensions>
<gpxtpx:TrackPointExtension>
<gpxtpx:speed>2.73</gpxtpx:speed>
</gpxtpx:TrackPointExtension>
<opentracks:accuracy_horizontal>6.633</opentracks:accuracy_horizontal></extensions>
</trkpt>
<trkpt lat="50.464733" lon="-104.53662">
<ele>561</ele>
<time>2026-09-25T18:49:15.872-06:00</time>
<extensions>
<gpxtpx:TrackPointExtension>
<gpxtpx:speed>4.49</gpxtpx:speed>
</gpxtpx:TrackPointExtension>
<opentracks:accuracy_horizontal>7.143</opentracks:accuracy_horizontal></extensions>
</trkpt>
<trkpt lat="50.464607" lon="-104.536576">
<ele>561</ele>
<time>2026-09-25T18:49:18.872-06:00</time>
<extensions>
<gpxtpx:TrackPointExtension>
<gpxtpx:speed>4.38</gpxtpx:speed>
</gpxtpx:TrackPointExtension>
<opentracks:accuracy_horizontal>5.102</opentracks:accuracy_horizontal></extensions>
</trkpt>
<trkpt lat="50.464484" lon="-104.536518">
<ele>561</ele>
<time>2026-09-25T18:49:21.876-06:00</time>
<extensions>
<gpxtpx:TrackPointExtension>
<gpxtpx:speed>4.32</gpxtpx:speed>
</gpxtpx:TrackPointExtension>
<opentracks:accuracy_horizontal>0.51</opentracks:accuracy_horizontal></extensions>
</trkpt>
<trkpt lat="50.464379" lon="-104.536477">
<ele>560</ele>
<time>2026-09-25T18:49:25.869-06:00</time>
<extensions>
<gpxtpx:TrackPointExtension>
<gpxtpx:speed>1.86</gpxtpx:speed>
</gpxtpx:TrackPointExtension>
<opentracks:accuracy_horizontal>5.102</opentracks:accuracy_horizontal></extensions>
</trkpt>
<trkpt lat="50.46429" lon="-104.536451">
<ele>560</ele>
<time>2026-09-25T18:49:35.873-06:00</time>
<extensions>
<gpxtpx:TrackPointExtension>
<gpxtpx:speed>1.83</gpxtpx:speed>
</gpxtpx:TrackPointExtension>
<opentracks:accuracy_horizontal>5.612</opentracks:accuracy_horizontal></extensions>
</trkpt>
<trkpt lat="50.464257" lon="-104.536309">
<ele>560</ele>
<time>2026-09-25T18:49:39.863-06:00</time>
<extensions>
<gpxtpx:TrackPointExtension>
<gpxtpx:speed>3.06</gpxtpx:speed>
</gpxtpx:TrackPointExtension>
<opentracks:accuracy_horizontal>5.102</opentracks:accuracy_horizontal></extensions>
</trkpt>
<trkpt lat="50.464291" lon="-104.536141">
<ele>561</ele>
<time>2026-09-25T18:49:43.867-06:00</time>
<extensions>
<gpxtpx:TrackPointExtension>
<gpxtpx:speed>2.9</gpxtpx:speed>
</gpxtpx:TrackPointExtension>
<opentracks:accuracy_horizontal>6.633</opentracks:accuracy_horizontal></extensions>
</trkpt>
<trkpt lat="50.464336" lon="-104.535962">
<ele>560</ele>
<time>2026-09-25T18:49:47.878-06:00</time>
<extensions>
<gpxtpx:TrackPointExtension>
<gpxtpx:speed>3.9</gpxtpx:speed>
</gpxtpx:TrackPointExtension>
<opentracks:accuracy_horizontal>5.102</opentracks:accuracy_horizontal></extensions>
</trkpt>
<trkpt lat="50.464351" lon="-104.535814">
<ele>560</ele>
<time>2026-09-25T18:49:50.881-06:00</time>
<extensions>
<gpxtpx:TrackPointExtension>
<gpxtpx:speed>3.65</gpxtpx:speed>
</gpxtpx:TrackPointExtension>
<opentracks:accuracy_horizontal>7.143</opentracks:accuracy_horizontal></extensions>
</trkpt>
<trkpt lat="50.464371" lon="-104.535624">
<ele>561</ele>
<time>2026-09-25T18:49:53.883-06:00</time>
<extensions>
<gpxtpx:TrackPointExtension>
<gpxtpx:speed>4.21</gpxtpx:speed>
</gpxtpx:TrackPointExtension>
<opentracks:accuracy_horizontal>5.612</opentracks:accuracy_horizontal></extensions>
</trkpt>
<trkpt lat="50.464404" lon="-104.535484">
<ele>560</ele>
<time>2026-09-25T18:49:56.897-06:00</time>
<extensions>
<gpxtpx:TrackPointExtension>
<gpxtpx:speed>3.47</gpxtpx:speed>
</gpxtpx:TrackPointExtension>
<opentracks:accuracy_horizontal>6.633</opentracks:accuracy_horizontal></extensions>
</trkpt>
<trkpt lat="50.464384" lon="-104.535326">
<ele>560</ele>
<time>2026-09-25T18:50:00.874-06:00</time>
<extensions>
<gpxtpx:TrackPointExtension>
<gpxtpx:speed>2.79</gpxtpx:speed>
</gpxtpx:TrackPointExtension>
<opentracks:accuracy_horizontal>7.143</opentracks:accuracy_horizontal></extensions>
</trkpt>
<trkpt lat="50.464297" lon="-104.535246">
<ele>559</ele>
<time>2026-09-25T18:50:04.885-06:00</time>
<extensions>
<gpxtpx:TrackPointExtension>
<gpxtpx:speed>3.43</gpxtpx:speed>
</gpxtpx:TrackPointExtension>
<opentracks:accuracy_horizontal>7.653</opentracks:accuracy_horizontal></extensions>
</trkpt>
<trkpt lat="50.464206" lon="-104.535206">
<ele>560</ele>
<time>2026-09-25T18:50:07.866-06:00</time>
<extensions>
<gpxtpx:TrackPointExtension>
<gpxtpx:speed>3.93</gpxtpx:speed>
</gpxtpx:TrackPointExtension>
<opentracks:accuracy_horizontal>1.02</opentracks:accuracy_horizontal></extensions>
</trkpt>
<trkpt lat="50.464099" lon="-104.535157">
<ele>559</ele>
<time>2026-09-25T18:50:10.875-06:00</time>
<extensions>
<gpxtpx:TrackPointExtension>
<gpxtpx:speed>4.52</gpxtpx:speed>
</gpxtpx:TrackPointExtension>
<opentracks:accuracy_horizontal>1.531</opentracks:accuracy_horizontal></extensions>
</trkpt>
<trkpt lat="50.463974" lon="-104.535078">
<ele>559</ele>
<time>2026-09-25T18:50:13.878-06:00</time>
<extensions>
<gpxtpx:TrackPointExtension>
<gpxtpx:speed>5.17</gpxtpx:speed>
</gpxtpx:TrackPointExtension>
<opentracks:accuracy_horizontal>1.02</opentracks:accuracy_horizontal></extensions>
</trkpt>
<trkpt lat="50.463868" lon="-104.535034">
<ele>558</ele>
<time>2026-09-25T18:50:16.878-06:00</time>
<extensions>
<gpxtpx:TrackPointExtension>
<gpxtpx:speed>3.94</gpxtpx:speed>
</gpxtpx:TrackPointExtension>
<opentracks:accuracy_horizontal>3.061</opentracks:accuracy_horizontal></extensions>
</trkpt>
<trkpt lat="50.463772" lon="-104.535003">
<ele>558</ele>
<time>2026-09-25T18:50:19.889-06:00</time>
<extensions>
<gpxtpx:TrackPointExtension>
<gpxtpx:speed>3.45</gpxtpx:speed>
</gpxtpx:TrackPointExtension>
<opentracks:accuracy_horizontal>1.02</opentracks:accuracy_horizontal></extensions>
</trkpt>
<trkpt lat="50.463677" lon="-104.534965">
<ele>557</ele>
<time>2026-09-25T18:50:22.87-06:00</time>
<extensions>
<gpxtpx:TrackPointExtension>
<gpxtpx:speed>3.6</gpxtpx:speed>
</gpxtpx:TrackPointExtension>
<opentracks:accuracy_horizontal>1.02</opentracks:accuracy_horizontal></extensions>
</trkpt>
<trkpt lat="50.463558" lon="-104.534924">
<ele>558</ele>
<time>2026-09-25T18:50:25.873-06:00</time>
<extensions>
<gpxtpx:TrackPointExtension>
<gpxtpx:speed>4.28</gpxtpx:speed>
</gpxtpx:TrackPointExtension>
<opentracks:accuracy_horizontal>7.653</opentracks:accuracy_horizontal></extensions>
</trkpt>
<trkpt lat="50.463441" lon="-104.53487">
<ele>558</ele>
<time>2026-09-25T18:50:28.875-06:00</time>
<extensions>
<gpxtpx:TrackPointExtension>
<gpxtpx:speed>3.97</gpxtpx:speed>
</gpxtpx:TrackPointExtension>
<opentracks:accuracy_horizontal>1.02</opentracks:accuracy_horizontal></extensions>
</trkpt>
<trkpt lat="50.463327" lon="-104.534821">
<ele>559</ele>
<time>2026-09-25T18:50:31.876-06:00</time>
<extensions>
<gpxtpx:TrackPointExtension>
<gpxtpx:speed>4.07</gpxtpx:speed>
</gpxtpx:TrackPointExtension>
<opentracks:accuracy_horizontal>1.531</opentracks:accuracy_horizontal></extensions>
</trkpt>
<trkpt lat="50.463224" lon="-104.534769">
<ele>559</ele>
<time>2026-09-25T18:50:34.87-06:00</time>
<extensions>
<gpxtpx:TrackPointExtension>
<gpxtpx:speed>4.01</gpxtpx:speed>
</gpxtpx:TrackPointExtension>
<opentracks:accuracy_horizontal>5.102</opentracks:accuracy_horizontal></extensions>
</trkpt>
<trkpt lat="50.463116" lon="-104.53471">
<ele>560</ele>
<time>2026-09-25T18:50:37.882-06:00</time>
<extensions>
<gpxtpx:TrackPointExtension>
<gpxtpx:speed>4.42</gpxtpx:speed>
</gpxtpx:TrackPointExtension>
<opentracks:accuracy_horizontal>1.02</opentracks:accuracy_horizontal></extensions>
</trkpt>
<trkpt lat="50.463017" lon="-104.534661">
<ele>560</ele>
<time>2026-09-25T18:50:40.883-06:00</time>
<extensions>
<gpxtpx:TrackPointExtension>
<gpxtpx:speed>4.28</gpxtpx:speed>
</gpxtpx:TrackPointExtension>
<opentracks:accuracy_horizontal>1.02</opentracks:accuracy_horizontal></extensions>
</trkpt>
<trkpt lat="50.462919" lon="-104.534657">
<ele>561</ele>
<time>2026-09-25T18:50:43.872-06:00</time>
<extensions>
<gpxtpx:TrackPointExtension>
<gpxtpx:speed>3.23</gpxtpx:speed>
</gpxtpx:TrackPointExtension>
<opentracks:accuracy_horizontal>5.102</opentracks:accuracy_horizontal></extensions>
</trkpt>
<trkpt lat="50.462806" lon="-104.534647">
<ele>560</ele>
<time>2026-09-25T18:50:47.883-06:00</time>
<extensions>
<gpxtpx:TrackPointExtension>
<gpxtpx:speed>2.72</gpxtpx:speed>
</gpxtpx:TrackPointExtension>
<opentracks:accuracy_horizontal>5.102</opentracks:accuracy_horizontal></extensions>
</trkpt>
<trkpt lat="50.462712" lon="-104.534589">
<ele>559</ele>
<time>2026-09-25T18:50:52.885-06:00</time>
<extensions>
<gpxtpx:TrackPointExtension>
<gpxtpx:speed>1.7</gpxtpx:speed>
</gpxtpx:TrackPointExtension>
<opentracks:accuracy_horizontal>1.531</opentracks:accuracy_horizontal></extensions>
</trkpt>
<trkpt lat="50.462619" lon="-104.534525">
<ele>559</ele>
<time>2026-09-25T18:50:57.874-06:00</time>
<extensions>
<gpxtpx:TrackPointExtension>
<gpxtpx:speed>3.18</gpxtpx:speed>
</gpxtpx:TrackPointExtension>
<opentracks:accuracy_horizontal>2.041</opentracks:accuracy_horizontal></extensions>
</trkpt>
<trkpt lat="50.462525" lon="-104.534426">
<ele>558</ele>
<time>2026-09-25T18:51:01.873-06:00</time>
<extensions>
<gpxtpx:TrackPointExtension>
<gpxtpx:speed>3.52</gpxtpx:speed>
</gpxtpx:TrackPointExtension>
<opentracks:accuracy_horizontal>7.143</opentracks:accuracy_horizontal></extensions>
</trkpt>
<trkpt lat="50.462421" lon="-104.534355">
<ele>559</ele>
<time>2026-09-25T18:51:05.879-06:00</time>
<extensions>
<gpxtpx:TrackPointExtension>
<gpxtpx:speed>3.51</gpxtpx:speed>
</gpxtpx:TrackPointExtension>
<opentracks:accuracy_horizontal>6.633</opentracks:accuracy_horizontal></extensions>
</trkpt>
<trkpt lat="50.462337" lon="-104.534294">
<ele>559</ele>
<time>2026-09-25T18:51:08.88-06:00</time>
<extensions>
<gpxtpx:TrackPointExtension>
<gpxtpx:speed>3.82</gpxtpx:speed>
</gpxtpx:TrackPointExtension>
<opentracks:accuracy_horizontal>1.02</opentracks:accuracy_horizontal></extensions>
</trkpt>
<trkpt lat="50.462253" lon="-104.534197">
<ele>559</ele>
<time>2026-09-25T18:51:11.877-06:00</time>
<extensions>
<gpxtpx:TrackPointExtension>
<gpxtpx:speed>3.92</gpxtpx:speed>
</gpxtpx:TrackPointExtension>
<opentracks:accuracy_horizontal>6.122</opentracks:accuracy_horizontal></extensions>
</trkpt>
<trkpt lat="50.462172" lon="-104.534084">
<ele>558</ele>
<time>2026-09-25T18:51:14.874-06:00</time>
<extensions>
<gpxtpx:TrackPointExtension>
<gpxtpx:speed>4.3</gpxtpx:speed>
</gpxtpx:TrackPointExtension>
<opentracks:accuracy_horizontal>6.122</opentracks:accuracy_horizontal></extensions>
</trkpt>
<trkpt lat="50.462079" lon="-104.533975">
<ele>559</ele>
<time>2026-09-25T18:51:17.865-06:00</time>
<extensions>
<gpxtpx:TrackPointExtension>
<gpxtpx:speed>4.45</gpxtpx:speed>
</gpxtpx:TrackPointExtension>
<opentracks:accuracy_horizontal>0.51</opentracks:accuracy_horizontal></extensions>
</trkpt>
<trkpt lat="50.461977" lon="-104.533875">
<ele>559</ele>
<time>2026-09-25T18:51:20.869-06:00</time>
<extensions>
<gpxtpx:TrackPointExtension>
<gpxtpx:speed>4.56</gpxtpx:speed>
</gpxtpx:TrackPointExtension>
<opentracks:accuracy_horizontal>1.02</opentracks:accuracy_horizontal></extensions>
</trkpt>
<trkpt lat="50.46187" lon="-104.533782">
<ele>559</ele>
<time>2026-09-25T18:51:23.869-06:00</time>
<extensions>
<gpxtpx:TrackPointExtension>
<gpxtpx:speed>4.03</gpxtpx:speed>
</gpxtpx:TrackPointExtension>
<opentracks:accuracy_horizontal>1.02</opentracks:accuracy_horizontal></extensions>
</trkpt>
<trkpt lat="50.46177" lon="-104.533703">
<ele>558</ele>
<time>2026-09-25T18:51:26.887-06:00</time>
<extensions>
<gpxtpx:TrackPointExtension>
<gpxtpx:speed>4.43</gpxtpx:speed>
</gpxtpx:TrackPointExtension>
<opentracks:accuracy_horizontal>1.02</opentracks:accuracy_horizontal></extensions>
</trkpt>
<trkpt lat="50.461664" lon="-104.533616">
<ele>558</ele>
<time>2026-09-25T18:51:29.894-06:00</time>
<extensions>
<gpxtpx:TrackPointExtension>
<gpxtpx:speed>4.34</gpxtpx:speed>
</gpxtpx:TrackPointExtension>
<opentracks:accuracy_horizontal>1.02</opentracks:accuracy_horizontal></extensions>
</trkpt>
<trkpt lat="50.461561" lon="-104.533558">
<ele>559</ele>
<time>2026-09-25T18:51:32.884-06:00</time>
<extensions>
<gpxtpx:TrackPointExtension>
<gpxtpx:speed>3.37</gpxtpx:speed>
</gpxtpx:TrackPointExtension>
<opentracks:accuracy_horizontal>1.02</opentracks:accuracy_horizontal></extensions>
</trkpt>
<trkpt lat="50.46147" lon="-104.533491">
<ele>559</ele>
<time>2026-09-25T18:51:35.887-06:00</time>
<extensions>
<gpxtpx:TrackPointExtension>
<gpxtpx:speed>3.63</gpxtpx:speed>
</gpxtpx:TrackPointExtension>
<opentracks:accuracy_horizontal>1.02</opentracks:accuracy_horizontal></extensions>
</trkpt>
<trkpt lat="50.461375" lon="-104.533436">
<ele>559</ele>
<time>2026-09-25T18:51:38.886-06:00</time>
<extensions>
<gpxtpx:TrackPointExtension>
<gpxtpx:speed>3.8</gpxtpx:speed>
</gpxtpx:TrackPointExtension>
<opentracks:accuracy_horizontal>1.02</opentracks:accuracy_horizontal></extensions>
</trkpt>
<trkpt lat="50.461281" lon="-104.533399">
<ele>559</ele>
<time>2026-09-25T18:51:41.88-06:00</time>
<extensions>
<gpxtpx:TrackPointExtension>
<gpxtpx:speed>3.28</gpxtpx:speed>
</gpxtpx:TrackPointExtension>
<opentracks:accuracy_horizontal>1.02</opentracks:accuracy_horizontal></extensions>
</trkpt>
<trkpt lat="50.461177" lon="-104.533382">
<ele>559</ele>
<time>2026-09-25T18:51:45.887-06:00</time>
<extensions>
<gpxtpx:TrackPointExtension>
<gpxtpx:speed>3.06</gpxtpx:speed>
</gpxtpx:TrackPointExtension>
<opentracks:accuracy_horizontal>1.02</opentracks:accuracy_horizontal></extensions>
</trkpt>
<trkpt lat="50.461085" lon="-104.533382">
<ele>559</ele>
<time>2026-09-25T18:51:48.876-06:00</time>
<extensions>
<gpxtpx:TrackPointExtension>
<gpxtpx:speed>3.83</gpxtpx:speed>
</gpxtpx:TrackPointExtension>
<opentracks:accuracy_horizontal>1.02</opentracks:accuracy_horizontal></extensions>
</trkpt>
<trkpt lat="50.460985" lon="-104.533408">
<ele>559</ele>
<time>2026-09-25T18:51:51.876-06:00</time>
<extensions>
<gpxtpx:TrackPointExtension>
<gpxtpx:speed>3.46</gpxtpx:speed>
</gpxtpx:TrackPointExtension>
<opentracks:accuracy_horizontal>4.592</opentracks:accuracy_horizontal></extensions>
</trkpt>
<trkpt lat="50.460892" lon="-104.533398">
<ele>558</ele>
<time>2026-09-25T18:51:54.896-06:00</time>
<extensions>
<gpxtpx:TrackPointExtension>
<gpxtpx:speed>3.66</gpxtpx:speed>
</gpxtpx:TrackPointExtension>
<opentracks:accuracy_horizontal>5.102</opentracks:accuracy_horizontal></extensions>
</trkpt>
<trkpt lat="50.460795" lon="-104.533353">
<ele>558</ele>
<time>2026-09-25T18:51:58.885-06:00</time>
<extensions>
<gpxtpx:TrackPointExtension>
<gpxtpx:speed>1.94</gpxtpx:speed>
</gpxtpx:TrackPointExtension>
<opentracks:accuracy_horizontal>7.143</opentracks:accuracy_horizontal></extensions>
</trkpt>
<trkpt lat="50.460704" lon="-104.533279">
<ele>557</ele>
<time>2026-09-25T18:52:04.882-06:00</time>
<extensions>
<gpxtpx:TrackPointExtension>
<gpxtpx:speed>2.6</gpxtpx:speed>
</gpxtpx:TrackPointExtension>
<opentracks:accuracy_horizontal>8.163</opentracks:accuracy_horizontal></extensions>
</trkpt>
<trkpt lat="50.460609" lon="-104.533255">
<ele>556</ele>
<time>2026-09-25T18:52:09.883-06:00</time>
<extensions>
<gpxtpx:TrackPointExtension>
<gpxtpx:speed>2.39</gpxtpx:speed>
</gpxtpx:TrackPointExtension>
<opentracks:accuracy_horizontal>6.633</opentracks:accuracy_horizontal></extensions>
</trkpt>
<trkpt lat="50.460576" lon="-104.533102">
<ele>556</ele>
<time>2026-09-25T18:52:13.897-06:00</time>
<extensions>
<gpxtpx:TrackPointExtension>
<gpxtpx:speed>3.3</gpxtpx:speed>
</gpxtpx:TrackPointExtension>
<opentracks:accuracy_horizontal>7.653</opentracks:accuracy_horizontal></extensions>
</trkpt>
<trkpt lat="50.460615" lon="-104.532941">
<ele>556</ele>
<time>2026-09-25T18:52:16.897-06:00</time>
<extensions>
<gpxtpx:TrackPointExtension>
<gpxtpx:speed>4.23</gpxtpx:speed>
</gpxtpx:TrackPointExtension>
<opentracks:accuracy_horizontal>6.122</opentracks:accuracy_horizontal></extensions>
</trkpt>
<trkpt lat="50.460659" lon="-104.532756">
<ele>557</ele>
<time>2026-09-25T18:52:19.89-06:00</time>
<extensions>
<gpxtpx:TrackPointExtension>
<gpxtpx:speed>4.46</gpxtpx:speed>
</gpxtpx:TrackPointExtension>
<opentracks:accuracy_horizontal>6.122</opentracks:accuracy_horizontal></extensions>
</trkpt>
<trkpt lat="50.460708" lon="-104.532586">
<ele>558</ele>
<time>2026-09-25T18:52:22.874-06:00</time>
<extensions>
<gpxtpx:TrackPointExtension>
<gpxtpx:speed>4.39</gpxtpx:speed>
</gpxtpx:TrackPointExtension>
<opentracks:accuracy_horizontal>1.02</opentracks:accuracy_horizontal></extensions>
</trkpt>
<trkpt lat="50.460727" lon="-104.532416">
<ele>558</ele>
<time>2026-09-25T18:52:25.907-06:00</time>
<extensions>
<gpxtpx:TrackPointExtension>
<gpxtpx:speed>4.06</gpxtpx:speed>
</gpxtpx:TrackPointExtension>
<opentracks:accuracy_horizontal>1.02</opentracks:accuracy_horizontal></extensions>
</trkpt>
<trkpt lat="50.460751" lon="-104.532235">
<ele>560</ele>
<time>2026-09-25T18:52:28.882-06:00</time>
<extensions>
<gpxtpx:TrackPointExtension>
<gpxtpx:speed>4.21</gpxtpx:speed>
</gpxtpx:TrackPointExtension>
<opentracks:accuracy_horizontal>1.02</opentracks:accuracy_horizontal></extensions>
</trkpt>
<trkpt lat="50.46077" lon="-104.532042">
<ele>560</ele>
<time>2026-09-25T18:52:31.878-06:00</time>
<extensions>
<gpxtpx:TrackPointExtension>
<gpxtpx:speed>4.19</gpxtpx:speed>
</gpxtpx:TrackPointExtension>
<opentracks:accuracy_horizontal>5.612</opentracks:accuracy_horizontal></extensions>
</trkpt>
<trkpt lat="50.460778" lon="-104.531864">
<ele>560</ele>
<time>2026-09-25T18:52:34.883-06:00</time>
<extensions>
<gpxtpx:TrackPointExtension>
<gpxtpx:speed>3.94</gpxtpx:speed>
</gpxtpx:TrackPointExtension>
<opentracks:accuracy_horizontal>1.02</opentracks:accuracy_horizontal></extensions>
</trkpt>
<trkpt lat="50.460768" lon="-104.53169">
<ele>560</ele>
<time>2026-09-25T18:52:37.89-06:00</time>
<extensions>
<gpxtpx:TrackPointExtension>
<gpxtpx:speed>4.49</gpxtpx:speed>
</gpxtpx:TrackPointExtension>
<opentracks:accuracy_horizontal>1.02</opentracks:accuracy_horizontal></extensions>
</trkpt>
<trkpt lat="50.460764" lon="-104.5315">
<ele>561</ele>
<time>2026-09-25T18:52:40.886-06:00</time>
<extensions>
<gpxtpx:TrackPointExtension>
<gpxtpx:speed>4.61</gpxtpx:speed>
</gpxtpx:TrackPointExtension>
<opentracks:accuracy_horizontal>1.02</opentracks:accuracy_horizontal></extensions>
</trkpt>
<trkpt lat="50.460768" lon="-104.531358">
<ele>559</ele>
<time>2026-09-25T18:52:42.883-06:00</time>
<extensions>
<gpxtpx:TrackPointExtension>
<gpxtpx:speed>4.64</gpxtpx:speed>
</gpxtpx:TrackPointExtension>
<opentracks:accuracy_horizontal>1.02</opentracks:accuracy_horizontal></extensions>
</trkpt>
<trkpt lat="50.460762" lon="-104.531148">
<ele>559</ele>
<time>2026-09-25T18:52:45.873-06:00</time>
<extensions>
<gpxtpx:TrackPointExtension>
<gpxtpx:speed>4.63</gpxtpx:speed>
</gpxtpx:TrackPointExtension>
<opentracks:accuracy_horizontal>1.02</opentracks:accuracy_horizontal></extensions>
</trkpt>
<trkpt lat="50.460755" lon="-104.530965">
<ele>558</ele>
<time>2026-09-25T18:52:48.886-06:00</time>
<extensions>
<gpxtpx:TrackPointExtension>
<gpxtpx:speed>4.57</gpxtpx:speed>
</gpxtpx:TrackPointExtension>
<opentracks:accuracy_horizontal>1.02</opentracks:accuracy_horizontal></extensions>
</trkpt>
<trkpt lat="50.460746" lon="-104.530778">
<ele>559</ele>
<time>2026-09-25T18:52:51.873-06:00</time>
<extensions>
<gpxtpx:TrackPointExtension>
<gpxtpx:speed>4.01</gpxtpx:speed>
</gpxtpx:TrackPointExtension>
<opentracks:accuracy_horizontal>2.041</opentracks:accuracy_horizontal></extensions>
</trkpt>
<trkpt lat="50.460692" lon="-104.530628">
<ele>558</ele>
<time>2026-09-25T18:52:55.883-06:00</time>
<extensions>
<gpxtpx:TrackPointExtension>
<gpxtpx:speed>2.57</gpxtpx:speed>
</gpxtpx:TrackPointExtension>
<opentracks:accuracy_horizontal>5.612</opentracks:accuracy_horizontal></extensions>
</trkpt>
<trkpt lat="50.460597" lon="-104.530607">
<ele>558</ele>
<time>2026-09-25T18:52:58.878-06:00</time>
<extensions>
<gpxtpx:TrackPointExtension>
<gpxtpx:speed>4.42</gpxtpx:speed>
</gpxtpx:TrackPointExtension>
<opentracks:accuracy_horizontal>8.673</opentracks:accuracy_horizontal></extensions>
</trkpt>
<trkpt lat="50.460469" lon="-104.530604">
<ele>559</ele>
<time>2026-09-25T18:53:01.882-06:00</time>
<extensions>
<gpxtpx:TrackPointExtension>
<gpxtpx:speed>4.19</gpxtpx:speed>
</gpxtpx:TrackPointExtension>
<opentracks:accuracy_horizontal>5.102</opentracks:accuracy_horizontal></extensions>
</trkpt>
<trkpt lat="50.460356" lon="-104.530628">
<ele>559</ele>
<time>2026-09-25T18:53:04.88-06:00</time>
<extensions>
<gpxtpx:TrackPointExtension>
<gpxtpx:speed>4.18</gpxtpx:speed>
</gpxtpx:TrackPointExtension>
<opentracks:accuracy_horizontal>1.02</opentracks:accuracy_horizontal></extensions>
</trkpt>
<trkpt lat="50.460256" lon="-104.530615">
<ele>560</ele>
<time>2026-09-25T18:53:07.872-06:00</time>
<extensions>
<gpxtpx:TrackPointExtension>
<gpxtpx:speed>3.41</gpxtpx:speed>
</gpxtpx:TrackPointExtension>
<opentracks:accuracy_horizontal>1.02</opentracks:accuracy_horizontal></extensions>
</trkpt>
<trkpt lat="50.460333" lon="-104.530689">
<ele>560</ele>
<time>2026-09-25T18:53:15.88-06:00</time>
<extensions>
<gpxtpx:TrackPointExtension>
<gpxtpx:speed>5.61</gpxtpx:speed>
</gpxtpx:TrackPointExtension>
<opentracks:accuracy_horizontal>4.592</opentracks:accuracy_horizontal></extensions>
</trkpt>
<trkpt lat="50.460361" lon="-104.530858">
<ele>560</ele>
<time>2026-09-25T18:53:17.892-06:00</time>
<extensions>
<gpxtpx:TrackPointExtension>
<gpxtpx:speed>6.15</gpxtpx:speed>
</gpxtpx:TrackPointExtension>
<opentracks:accuracy_horizontal>5.102</opentracks:accuracy_horizontal></extensions>
</trkpt>
<trkpt lat="50.460357" lon="-104.531025">
<ele>561</ele>
<time>2026-09-25T18:53:19.884-06:00</time>
<extensions>
<gpxtpx:TrackPointExtension>
<gpxtpx:speed>5.51</gpxtpx:speed>
</gpxtpx:TrackPointExtension>
<opentracks:accuracy_horizontal>4.082</opentracks:accuracy_horizontal></extensions>
</trkpt>
<trkpt lat="50.460351" lon="-104.531172">
<ele>562</ele>
<time>2026-09-25T18:53:21.885-06:00</time>
<extensions>
<gpxtpx:TrackPointExtension>
<gpxtpx:speed>5.15</gpxtpx:speed>
</gpxtpx:TrackPointExtension>
<opentracks:accuracy_horizontal>1.02</opentracks:accuracy_horizontal></extensions>
</trkpt>
<trkpt lat="50.460355" lon="-104.531318">
<ele>562</ele>
<time>2026-09-25T18:53:23.892-06:00</time>
<extensions>
<gpxtpx:TrackPointExtension>
<gpxtpx:speed>5.07</gpxtpx:speed>
</gpxtpx:TrackPointExtension>
<opentracks:accuracy_horizontal>4.082</opentracks:accuracy_horizontal></extensions>
</trkpt>
<trkpt lat="50.460361" lon="-104.531462">
<ele>561</ele>
<time>2026-09-25T18:53:25.89-06:00</time>
<extensions>
<gpxtpx:TrackPointExtension>
<gpxtpx:speed>5.25</gpxtpx:speed>
</gpxtpx:TrackPointExtension>
<opentracks:accuracy_horizontal>4.592</opentracks:accuracy_horizontal></extensions>
</trkpt>
<trkpt lat="50.460362" lon="-104.531604">
<ele>561</ele>
<time>2026-09-25T18:53:27.881-06:00</time>
<extensions>
<gpxtpx:TrackPointExtension>
<gpxtpx:speed>5.06</gpxtpx:speed>
</gpxtpx:TrackPointExtension>
<opentracks:accuracy_horizontal>5.102</opentracks:accuracy_horizontal></extensions>
</trkpt>
<trkpt lat="50.460303" lon="-104.531788">
<ele>560</ele>
<time>2026-09-25T18:53:30.878-06:00</time>
<extensions>
<gpxtpx:TrackPointExtension>
<gpxtpx:speed>4.47</gpxtpx:speed>
</gpxtpx:TrackPointExtension>
<opentracks:accuracy_horizontal>4.592</opentracks:accuracy_horizontal></extensions>
</trkpt>
<trkpt lat="50.460192" lon="-104.531885">
<ele>560</ele>
<time>2026-09-25T18:53:33.877-06:00</time>
<extensions>
<gpxtpx:TrackPointExtension>
<gpxtpx:speed>5.09</gpxtpx:speed>
</gpxtpx:TrackPointExtension>
<opentracks:accuracy_horizontal>1.02</opentracks:accuracy_horizontal></extensions>
</trkpt>
<trkpt lat="50.460066" lon="-104.531902">
<ele>560</ele>
<time>2026-09-25T18:53:36.88-06:00</time>
<extensions>
<gpxtpx:TrackPointExtension>
<gpxtpx:speed>4.74</gpxtpx:speed>
</gpxtpx:TrackPointExtension>
<opentracks:accuracy_horizontal>0.51</opentracks:accuracy_horizontal></extensions>
</trkpt>
<trkpt lat="50.459937" lon="-104.531893">
<ele>560</ele>
<time>2026-09-25T18:53:39.895-06:00</time>
<extensions>
<gpxtpx:TrackPointExtension>
<gpxtpx:speed>4.81</gpxtpx:speed>
</gpxtpx:TrackPointExtension>
<opentracks:accuracy_horizontal>1.02</opentracks:accuracy_horizontal></extensions>
</trkpt>
<trkpt lat="50.459846" lon="-104.53189">
<ele>560</ele>
<time>2026-09-25T18:53:41.891-06:00</time>
<extensions>
<gpxtpx:TrackPointExtension>
<gpxtpx:speed>4.91</gpxtpx:speed>
</gpxtpx:TrackPointExtension>
<opentracks:accuracy_horizontal>1.02</opentracks:accuracy_horizontal></extensions>
</trkpt>
<trkpt lat="50.459717" lon="-104.531909">
<ele>560</ele>
<time>2026-09-25T18:53:44.887-06:00</time>
<extensions>
<gpxtpx:TrackPointExtension>
<gpxtpx:speed>4.64</gpxtpx:speed>
</gpxtpx:TrackPointExtension>
<opentracks:accuracy_horizontal>1.02</opentracks:accuracy_horizontal></extensions>
</trkpt>
<trkpt lat="50.459586" lon="-104.531919">
<ele>560</ele>
<time>2026-09-25T18:53:47.875-06:00</time>
<extensions>
<gpxtpx:TrackPointExtension>
<gpxtpx:speed>4.54</gpxtpx:speed>
</gpxtpx:TrackPointExtension>
<opentracks:accuracy_horizontal>0.51</opentracks:accuracy_horizontal></extensions>
</trkpt>
<trkpt lat="50.459451" lon="-104.531935">
<ele>560</ele>
<time>2026-09-25T18:53:50.869-06:00</time>
<extensions>
<gpxtpx:TrackPointExtension>
<gpxtpx:speed>4.89</gpxtpx:speed>
</gpxtpx:TrackPointExtension>
<opentracks:accuracy_horizontal>1.02</opentracks:accuracy_horizontal></extensions>
</trkpt>
<trkpt lat="50.459359" lon="-104.531958">
<ele>561</ele>
<time>2026-09-25T18:53:52.88-06:00</time>
<extensions>
<gpxtpx:TrackPointExtension>
<gpxtpx:speed>4.93</gpxtpx:speed>
</gpxtpx:TrackPointExtension>
<opentracks:accuracy_horizontal>1.02</opentracks:accuracy_horizontal></extensions>
</trkpt>
<trkpt lat="50.459246" lon="-104.531963">
<ele>561</ele>
<time>2026-09-25T18:53:55.886-06:00</time>
<extensions>
<gpxtpx:TrackPointExtension>
<gpxtpx:speed>3.77</gpxtpx:speed>
</gpxtpx:TrackPointExtension>
<opentracks:accuracy_horizontal>1.02</opentracks:accuracy_horizontal></extensions>
</trkpt>
<trkpt lat="50.459154" lon="-104.532006">
<ele>561</ele>
<time>2026-09-25T18:53:58.891-06:00</time>
<extensions>
<gpxtpx:TrackPointExtension>
<gpxtpx:speed>3.61</gpxtpx:speed>
</gpxtpx:TrackPointExtension>
<opentracks:accuracy_horizontal>5.102</opentracks:accuracy_horizontal></extensions>
</trkpt>
<trkpt lat="50.459049" lon="-104.532032">
<ele>561</ele>
<time>2026-09-25T18:54:01.891-06:00</time>
<extensions>
<gpxtpx:TrackPointExtension>
<gpxtpx:speed>3.99</gpxtpx:speed>
</gpxtpx:TrackPointExtension>
<opentracks:accuracy_horizontal>7.143</opentracks:accuracy_horizontal></extensions>
</trkpt>
<trkpt lat="50.45896" lon="-104.532056">
<ele>561</ele>
<time>2026-09-25T18:54:03.887-06:00</time>
<extensions>
<gpxtpx:TrackPointExtension>
<gpxtpx:speed>4.51</gpxtpx:speed>
</gpxtpx:TrackPointExtension>
<opentracks:accuracy_horizontal>6.122</opentracks:accuracy_horizontal></extensions>
</trkpt>
<trkpt lat="50.458857" lon="-104.532123">
<ele>560</ele>
<time>2026-09-25T18:54:06.9-06:00</time>
<extensions>
<gpxtpx:TrackPointExtension>
<gpxtpx:speed>4.08</gpxtpx:speed>
</gpxtpx:TrackPointExtension>
<opentracks:accuracy_horizontal>1.02</opentracks:accuracy_horizontal></extensions>
</trkpt>
<trkpt lat="50.458758" lon="-104.532169">
<ele>561</ele>
<time>2026-09-25T18:54:09.887-06:00</time>
<extensions>
<gpxtpx:TrackPointExtension>
<gpxtpx:speed>3.63</gpxtpx:speed>
</gpxtpx:TrackPointExtension>
<opentracks:accuracy_horizontal>1.02</opentracks:accuracy_horizontal></extensions>
</trkpt>
<trkpt lat="50.458668" lon="-104.532197">
<ele>561</ele>
<time>2026-09-25T18:54:12.886-06:00</time>
<extensions>
<gpxtpx:TrackPointExtension>
<gpxtpx:speed>3.15</gpxtpx:speed>
</gpxtpx:TrackPointExtension>
<opentracks:accuracy_horizontal>4.592</opentracks:accuracy_horizontal></extensions>
</trkpt>
<trkpt lat="50.458558" lon="-104.53226">
<ele>561</ele>
<time>2026-09-25T18:54:16.876-06:00</time>
<extensions>
<gpxtpx:TrackPointExtension>
<gpxtpx:speed>2.94</gpxtpx:speed>
</gpxtpx:TrackPointExtension>
<opentracks:accuracy_horizontal>3.571</opentracks:accuracy_horizontal></extensions>
</trkpt>
<trkpt lat="50.458467" lon="-104.532208">
<ele>561</ele>
<time>2026-09-25T18:54:20.892-06:00</time>
<extensions>
<gpxtpx:TrackPointExtension>
<gpxtpx:speed>2.22</gpxtpx:speed>
</gpxtpx:TrackPointExtension>
<opentracks:accuracy_horizontal>5.612</opentracks:accuracy_horizontal></extensions>
</trkpt>
<trkpt lat="50.458476" lon="-104.532038">
<ele>559</ele>
<time>2026-09-25T18:54:25.886-06:00</time>
<extensions>
<gpxtpx:TrackPointExtension>
<gpxtpx:speed>2.43</gpxtpx:speed>
</gpxtpx:TrackPointExtension>
<opentracks:accuracy_horizontal>1.02</opentracks:accuracy_horizontal></extensions>
</trkpt>
<trkpt lat="50.458405" lon="-104.53193">
<ele>559</ele>
<time>2026-09-25T18:54:31.892-06:00</time>
<extensions>
<gpxtpx:TrackPointExtension>
<gpxtpx:speed>2.38</gpxtpx:speed>
</gpxtpx:TrackPointExtension>
<opentracks:accuracy_horizontal>5.102</opentracks:accuracy_horizontal></extensions>
</trkpt>
<trkpt lat="50.458303" lon="-104.531936">
<ele>559</ele>
<time>2026-09-25T18:54:35.883-06:00</time>
<extensions>
<gpxtpx:TrackPointExtension>
<gpxtpx:speed>2.67</gpxtpx:speed>
</gpxtpx:TrackPointExtension>
<opentracks:accuracy_horizontal>7.143</opentracks:accuracy_horizontal></extensions>
</trkpt>
<trkpt lat="50.458198" lon="-104.531924">
<ele>559</ele>
<time>2026-09-25T18:54:40.898-06:00</time>
<extensions>
<gpxtpx:TrackPointExtension>
<gpxtpx:speed>2.25</gpxtpx:speed>
</gpxtpx:TrackPointExtension>
<opentracks:accuracy_horizontal>10.714</opentracks:accuracy_horizontal></extensions>
</trkpt>
<trkpt lat="50.458104" lon="-104.53187">
<ele>560</ele>
<time>2026-09-25T18:54:45.88-06:00</time>
<extensions>
<gpxtpx:TrackPointExtension>
<gpxtpx:speed>2.27</gpxtpx:speed>
</gpxtpx:TrackPointExtension>
<opentracks:accuracy_horizontal>8.163</opentracks:accuracy_horizontal></extensions>
</trkpt>
<trkpt lat="50.458012" lon="-104.53183">
<ele>560</ele>
<time>2026-09-25T18:54:49.906-06:00</time>
<extensions>
<gpxtpx:TrackPointExtension>
<gpxtpx:speed>2.72</gpxtpx:speed>
</gpxtpx:TrackPointExtension>
<opentracks:accuracy_horizontal>10.714</opentracks:accuracy_horizontal></extensions>
</trkpt>
<trkpt lat="50.457907" lon="-104.531806">
<ele>559</ele>
<time>2026-09-25T18:54:53.888-06:00</time>
<extensions>
<gpxtpx:TrackPointExtension>
<gpxtpx:speed>2.82</gpxtpx:speed>
</gpxtpx:TrackPointExtension>
<opentracks:accuracy_horizontal>8.673</opentracks:accuracy_horizontal></extensions>
</trkpt>
<trkpt lat="50.457809" lon="-104.531781">
<ele>559</ele>
<time>2026-09-25T18:54:58.873-06:00</time>
<extensions>
<gpxtpx:TrackPointExtension>
<gpxtpx:speed>1.5</gpxtpx:speed>
</gpxtpx:TrackPointExtension>
<opentracks:accuracy_horizontal>9.184</opentracks:accuracy_horizontal></extensions>
</trkpt>
<trkpt lat="50.457737" lon="-104.531665">
<ele>560</ele>
<time>2026-09-25T18:55:06.886-06:00</time>
<extensions>
<gpxtpx:TrackPointExtension>
<gpxtpx:speed>2.73</gpxtpx:speed>
</gpxtpx:TrackPointExtension>
<opentracks:accuracy_horizontal>7.653</opentracks:accuracy_horizontal></extensions>
</trkpt>
<trkpt lat="50.457646" lon="-104.531785">
<ele>559</ele>
<time>2026-09-25T18:55:11.903-06:00</time>
<extensions>
<gpxtpx:TrackPointExtension>
<gpxtpx:speed>3.92</gpxtpx:speed>
</gpxtpx:TrackPointExtension>
<opentracks:accuracy_horizontal>7.653</opentracks:accuracy_horizontal></extensions>
</trkpt>
<trkpt lat="50.457598" lon="-104.53193">
<ele>558</ele>
<time>2026-09-25T18:55:14.897-06:00</time>
<extensions>
<gpxtpx:TrackPointExtension>
<gpxtpx:speed>4.34</gpxtpx:speed>
</gpxtpx:TrackPointExtension>
<opentracks:accuracy_horizontal>6.633</opentracks:accuracy_horizontal></extensions>
</trkpt>
<trkpt lat="50.457562" lon="-104.532078">
<ele>557</ele>
<time>2026-09-25T18:55:17.885-06:00</time>
<extensions>
<gpxtpx:TrackPointExtension>
<gpxtpx:speed>3.97</gpxtpx:speed>
</gpxtpx:TrackPointExtension>
<opentracks:accuracy_horizontal>4.592</opentracks:accuracy_horizontal></extensions>
</trkpt>
<trkpt lat="50.457517" lon="-104.532212">
<ele>558</ele>
<time>2026-09-25T18:55:20.888-06:00</time>
<extensions>
<gpxtpx:TrackPointExtension>
<gpxtpx:speed>3.78</gpxtpx:speed>
</gpxtpx:TrackPointExtension>
<opentracks:accuracy_horizontal>4.592</opentracks:accuracy_horizontal></extensions>
</trkpt>
<trkpt lat="50.457465" lon="-104.532365">
<ele>558</ele>
<time>2026-09-25T18:55:23.875-06:00</time>
<extensions>
<gpxtpx:TrackPointExtension>
<gpxtpx:speed>3.68</gpxtpx:speed>
</gpxtpx:TrackPointExtension>
<opentracks:accuracy_horizontal>6.633</opentracks:accuracy_horizontal></extensions>
</trkpt>
<trkpt lat="50.457427" lon="-104.532503">
<ele>560</ele>
<time>2026-09-25T18:55:26.88-06:00</time>
<extensions>
<gpxtpx:TrackPointExtension>
<gpxtpx:speed>3.41</gpxtpx:speed>
</gpxtpx:TrackPointExtension>
<opentracks:accuracy_horizontal>6.122</opentracks:accuracy_horizontal></extensions>
</trkpt>
<trkpt lat="50.457373" lon="-104.53262">
<ele>560</ele>
<time>2026-09-25T18:55:29.869-06:00</time>
<extensions>
<gpxtpx:TrackPointExtension>
<gpxtpx:speed>3.23</gpxtpx:speed>
</gpxtpx:TrackPointExtension>
<opentracks:accuracy_horizontal>5.102</opentracks:accuracy_horizontal></extensions>
</trkpt>
<trkpt lat="50.457316" lon="-104.532762">
<ele>561</ele>
<time>2026-09-25T18:55:33.898-06:00</time>
<extensions>
<gpxtpx:TrackPointExtension>
<gpxtpx:speed>3.07</gpxtpx:speed>
</gpxtpx:TrackPointExtension>
<opentracks:accuracy_horizontal>6.633</opentracks:accuracy_horizontal></extensions>
</trkpt>
<trkpt lat="50.457265" lon="-104.532906">
<ele>561</ele>
<time>2026-09-25T18:55:37.886-06:00</time>
<extensions>
<gpxtpx:TrackPointExtension>
<gpxtpx:speed>2.85</gpxtpx:speed>
</gpxtpx:TrackPointExtension>
<opentracks:accuracy_horizontal>5.612</opentracks:accuracy_horizontal></extensions>
</trkpt>
<trkpt lat="50.457187" lon="-104.533024">
<ele>560</ele>
<time>2026-09-25T18:55:41.893-06:00</time>
<extensions>
<gpxtpx:TrackPointExtension>
<gpxtpx:speed>3.57</gpxtpx:speed>
</gpxtpx:TrackPointExtension>
<opentracks:accuracy_horizontal>4.592</opentracks:accuracy_horizontal></extensions>
</trkpt>
<trkpt lat="50.457091" lon="-104.533093">
<ele>560</ele>
<time>2026-09-25T18:55:44.883-06:00</time>
<extensions>
<gpxtpx:TrackPointExtension>
<gpxtpx:speed>3.96</gpxtpx:speed>
</gpxtpx:TrackPointExtension>
<opentracks:accuracy_horizontal>6.633</opentracks:accuracy_horizontal></extensions>
</trkpt>
<trkpt lat="50.456973" lon="-104.533133">
<ele>559</ele>
<time>2026-09-25T18:55:47.881-06:00</time>
<extensions>
<gpxtpx:TrackPointExtension>
<gpxtpx:speed>4.25</gpxtpx:speed>
</gpxtpx:TrackPointExtension>
<opentracks:accuracy_horizontal>5.102</opentracks:accuracy_horizontal></extensions>
</trkpt>
<trkpt lat="50.456869" lon="-104.533174">
<ele>558</ele>
<time>2026-09-25T18:55:50.876-06:00</time>
<extensions>
<gpxtpx:TrackPointExtension>
<gpxtpx:speed>3.65</gpxtpx:speed>
</gpxtpx:TrackPointExtension>
<opentracks:accuracy_horizontal>0.51</opentracks:accuracy_horizontal></extensions>
</trkpt>
<trkpt lat="50.456778" lon="-104.53319">
<ele>558</ele>
<time>2026-09-25T18:55:53.882-06:00</time>
<extensions>
<gpxtpx:TrackPointExtension>
<gpxtpx:speed>3.01</gpxtpx:speed>
</gpxtpx:TrackPointExtension>
<opentracks:accuracy_horizontal>0.51</opentracks:accuracy_horizontal></extensions>
</trkpt>
<trkpt lat="50.456672" lon="-104.533173">
<ele>558</ele>
<time>2026-09-25T18:55:57.892-06:00</time>
<extensions>
<gpxtpx:TrackPointExtension>
<gpxtpx:speed>2.52</gpxtpx:speed>
</gpxtpx:TrackPointExtension>
<opentracks:accuracy_horizontal>1.02</opentracks:accuracy_horizontal></extensions>
</trkpt>
<trkpt lat="50.456562" lon="-104.533129">
<ele>558</ele>
<time>2026-09-25T18:56:01.877-06:00</time>
<extensions>
<gpxtpx:TrackPointExtension>
<gpxtpx:speed>3.42</gpxtpx:speed>
</gpxtpx:TrackPointExtension>
<opentracks:accuracy_horizontal>5.612</opentracks:accuracy_horizontal></extensions>
</trkpt>
<trkpt lat="50.456454" lon="-104.533055">
<ele>558</ele>
<time>2026-09-25T18:56:05.879-06:00</time>
<extensions>
<gpxtpx:TrackPointExtension>
<gpxtpx:speed>3.22</gpxtpx:speed>
</gpxtpx:TrackPointExtension>
<opentracks:accuracy_horizontal>6.633</opentracks:accuracy_horizontal></extensions>
</trkpt>
<trkpt lat="50.456347" lon="-104.533124">
<ele>558</ele>
<time>2026-09-25T18:56:09.901-06:00</time>
<extensions>
<gpxtpx:TrackPointExtension>
<gpxtpx:speed>3.75</gpxtpx:speed>
</gpxtpx:TrackPointExtension>
<opentracks:accuracy_horizontal>1.02</opentracks:accuracy_horizontal></extensions>
</trkpt>
<trkpt lat="50.456295" lon="-104.533254">
<ele>559</ele>
<time>2026-09-25T18:56:12.875-06:00</time>
<extensions>
<gpxtpx:TrackPointExtension>
<gpxtpx:speed>3.82</gpxtpx:speed>
</gpxtpx:TrackPointExtension>
<opentracks:accuracy_horizontal>5.612</opentracks:accuracy_horizontal></extensions>
</trkpt>
<trkpt lat="50.456271" lon="-104.5334">
<ele>560</ele>
<time>2026-09-25T18:56:15.886-06:00</time>
<extensions>
<gpxtpx:TrackPointExtension>
<gpxtpx:speed>3.43</gpxtpx:speed>
</gpxtpx:TrackPointExtension>
<opentracks:accuracy_horizontal>5.102</opentracks:accuracy_horizontal></extensions>
</trkpt>
<trkpt lat="50.456254" lon="-104.533561">
<ele>560</ele>
<time>2026-09-25T18:56:18.877-06:00</time>
<extensions>
<gpxtpx:TrackPointExtension>
<gpxtpx:speed>3.62</gpxtpx:speed>
</gpxtpx:TrackPointExtension>
<opentracks:accuracy_horizontal>7.653</opentracks:accuracy_horizontal></extensions>
</trkpt>
<trkpt lat="50.456236" lon="-104.533741">
<ele>560</ele>
<time>2026-09-25T18:56:22.885-06:00</time>
<extensions>
<gpxtpx:TrackPointExtension>
<gpxtpx:speed>3.29</gpxtpx:speed>
</gpxtpx:TrackPointExtension>
<opentracks:accuracy_horizontal>7.653</opentracks:accuracy_horizontal></extensions>
</trkpt>
<trkpt lat="50.456244" lon="-104.533896">
<ele>560</ele>
<time>2026-09-25T18:56:26.883-06:00</time>
<extensions>
<gpxtpx:TrackPointExtension>
<gpxtpx:speed>1.87</gpxtpx:speed>
</gpxtpx:TrackPointExtension>
<opentracks:accuracy_horizontal>6.122</opentracks:accuracy_horizontal></extensions>
</trkpt>
<trkpt lat="50.456201" lon="-104.53403">
<ele>559</ele>
<time>2026-09-25T18:56:34.893-06:00</time>
<extensions>
<gpxtpx:TrackPointExtension>
<gpxtpx:speed>0.78</gpxtpx:speed>
</gpxtpx:TrackPointExtension>
<opentracks:accuracy_horizontal>4.592</opentracks:accuracy_horizontal></extensions>
</trkpt>
<trkpt lat="50.456136" lon="-104.534145">
<ele>559</ele>
<time>2026-09-25T18:56:43.892-06:00</time>
<extensions>
<gpxtpx:TrackPointExtension>
<gpxtpx:speed>1.62</gpxtpx:speed>
</gpxtpx:TrackPointExtension>
<opentracks:accuracy_horizontal>8.163</opentracks:accuracy_horizontal></extensions>
</trkpt>
<trkpt lat="50.456057" lon="-104.534233">
<ele>559</ele>
<time>2026-09-25T18:56:48.896-06:00</time>
<extensions>
<gpxtpx:TrackPointExtension>
<gpxtpx:speed>2.66</gpxtpx:speed>
</gpxtpx:TrackPointExtension>
<opentracks:accuracy_horizontal>5.612</opentracks:accuracy_horizontal></extensions>
</trkpt>
<trkpt lat="50.455985" lon="-104.534346">
<ele>559</ele>
<time>2026-09-25T18:56:53.887-06:00</time>
<extensions>
<gpxtpx:TrackPointExtension>
<gpxtpx:speed>2.64</gpxtpx:speed>
</gpxtpx:TrackPointExtension>
<opentracks:accuracy_horizontal>5.612</opentracks:accuracy_horizontal></extensions>
</trkpt>
<trkpt lat="50.45589" lon="-104.534442">
<ele>558</ele>
<time>2026-09-25T18:56:57.885-06:00</time>
<extensions>
<gpxtpx:TrackPointExtension>
<gpxtpx:speed>3.14</gpxtpx:speed>
</gpxtpx:TrackPointExtension>
<opentracks:accuracy_horizontal>6.633</opentracks:accuracy_horizontal></extensions>
</trkpt>
<trkpt lat="50.455811" lon="-104.534546">
<ele>558</ele>
<time>2026-09-25T18:57:01.895-06:00</time>
<extensions>
<gpxtpx:TrackPointExtension>
<gpxtpx:speed>2.95</gpxtpx:speed>
</gpxtpx:TrackPointExtension>
<opentracks:accuracy_horizontal>4.592</opentracks:accuracy_horizontal></extensions>
</trkpt>
<trkpt lat="50.455753" lon="-104.534694">
<ele>558</ele>
<time>2026-09-25T18:57:05.886-06:00</time>
<extensions>
<gpxtpx:TrackPointExtension>
<gpxtpx:speed>3.57</gpxtpx:speed>
</gpxtpx:TrackPointExtension>
<opentracks:accuracy_horizontal>6.122</opentracks:accuracy_horizontal></extensions>
</trkpt>
<trkpt lat="50.455762" lon="-104.534862">
<ele>558</ele>
<time>2026-09-25T18:57:08.937-06:00</time>
<extensions>
<gpxtpx:TrackPointExtension>
<gpxtpx:speed>4.45</gpxtpx:speed>
</gpxtpx:TrackPointExtension>
<opentracks:accuracy_horizontal>6.122</opentracks:accuracy_horizontal></extensions>
</trkpt>
<trkpt lat="50.455796" lon="-104.535039">
<ele>558</ele>
<time>2026-09-25T18:57:11.897-06:00</time>
<extensions>
<gpxtpx:TrackPointExtension>
<gpxtpx:speed>4.07</gpxtpx:speed>
</gpxtpx:TrackPointExtension>
<opentracks:accuracy_horizontal>5.102</opentracks:accuracy_horizontal></extensions>
</trkpt>
<trkpt lat="50.455822" lon="-104.535219">
<ele>558</ele>
<time>2026-09-25T18:57:14.905-06:00</time>
<extensions>
<gpxtpx:TrackPointExtension>
<gpxtpx:speed>4.5</gpxtpx:speed>
</gpxtpx:TrackPointExtension>
<opentracks:accuracy_horizontal>1.02</opentracks:accuracy_horizontal></extensions>
</trkpt>
<trkpt lat="50.455859" lon="-104.535401">
<ele>558</ele>
<time>2026-09-25T18:57:17.883-06:00</time>
<extensions>
<gpxtpx:TrackPointExtension>
<gpxtpx:speed>4.7</gpxtpx:speed>
</gpxtpx:TrackPointExtension>
<opentracks:accuracy_horizontal>1.02</opentracks:accuracy_horizontal></extensions>
</trkpt>
<trkpt lat="50.455879" lon="-104.535578">
<ele>558</ele>
<time>2026-09-25T18:57:20.886-06:00</time>
<extensions>
<gpxtpx:TrackPointExtension>
<gpxtpx:speed>4.41</gpxtpx:speed>
</gpxtpx:TrackPointExtension>
<opentracks:accuracy_horizontal>1.02</opentracks:accuracy_horizontal></extensions>
</trkpt>
<trkpt lat="50.455905" lon="-104.535758">
<ele>558</ele>
<time>2026-09-25T18:57:23.914-06:00</time>
<extensions>
<gpxtpx:TrackPointExtension>
<gpxtpx:speed>4.29</gpxtpx:speed>
</gpxtpx:TrackPointExtension>
<opentracks:accuracy_horizontal>4.082</opentracks:accuracy_horizontal></extensions>
</trkpt>
<trkpt lat="50.455914" lon="-104.535947">
<ele>557</ele>
<time>2026-09-25T18:57:26.895-06:00</time>
<extensions>
<gpxtpx:TrackPointExtension>
<gpxtpx:speed>4.22</gpxtpx:speed>
</gpxtpx:TrackPointExtension>
<opentracks:accuracy_horizontal>3.571</opentracks:accuracy_horizontal></extensions>
</trkpt>
<trkpt lat="50.455896" lon="-104.536123">
<ele>557</ele>
<time>2026-09-25T18:57:29.892-06:00</time>
<extensions>
<gpxtpx:TrackPointExtension>
<gpxtpx:speed>3.97</gpxtpx:speed>
</gpxtpx:TrackPointExtension>
<opentracks:accuracy_horizontal>3.571</opentracks:accuracy_horizontal></extensions>
</trkpt>
<trkpt lat="50.455875" lon="-104.536277">
<ele>557</ele>
<time>2026-09-25T18:57:32.891-06:00</time>
<extensions>
<gpxtpx:TrackPointExtension>
<gpxtpx:speed>3.55</gpxtpx:speed>
</gpxtpx:TrackPointExtension>
<opentracks:accuracy_horizontal>5.102</opentracks:accuracy_horizontal></extensions>
</trkpt>
<trkpt lat="50.455862" lon="-104.536428">
<ele>557</ele>
<time>2026-09-25T18:57:35.886-06:00</time>
<extensions>
<gpxtpx:TrackPointExtension>
<gpxtpx:speed>3.68</gpxtpx:speed>
</gpxtpx:TrackPointExtension>
<opentracks:accuracy_horizontal>4.082</opentracks:accuracy_horizontal></extensions>
</trkpt>
<trkpt lat="50.455841" lon="-104.53661">
<ele>557</ele>
<time>2026-09-25T18:57:38.889-06:00</time>
<extensions>
<gpxtpx:TrackPointExtension>
<gpxtpx:speed>4.22</gpxtpx:speed>
</gpxtpx:TrackPointExtension>
<opentracks:accuracy_horizontal>8.163</opentracks:accuracy_horizontal></extensions>
</trkpt>
<trkpt lat="50.455808" lon="-104.536771">
<ele>557</ele>
<time>2026-09-25T18:57:41.892-06:00</time>
<extensions>
<gpxtpx:TrackPointExtension>
<gpxtpx:speed>3.57</gpxtpx:speed>
</gpxtpx:TrackPointExtension>
<opentracks:accuracy_horizontal>6.122</opentracks:accuracy_horizontal></extensions>
</trkpt>
<trkpt lat="50.455764" lon="-104.53691">
<ele>557</ele>
<time>2026-09-25T18:57:44.894-06:00</time>
<extensions>
<gpxtpx:TrackPointExtension>
<gpxtpx:speed>3.9</gpxtpx:speed>
</gpxtpx:TrackPointExtension>
<opentracks:accuracy_horizontal>5.102</opentracks:accuracy_horizontal></extensions>
</trkpt>
<trkpt lat="50.455712" lon="-104.537057">
<ele>557</ele>
<time>2026-09-25T18:57:47.894-06:00</time>
<extensions>
<gpxtpx:TrackPointExtension>
<gpxtpx:speed>4.1</gpxtpx:speed>
</gpxtpx:TrackPointExtension>
<opentracks:accuracy_horizontal>5.612</opentracks:accuracy_horizontal></extensions>
</trkpt>
<trkpt lat="50.455652" lon="-104.537204">
<ele>557</ele>
<time>2026-09-25T18:57:50.893-06:00</time>
<extensions>
<gpxtpx:TrackPointExtension>
<gpxtpx:speed>3.83</gpxtpx:speed>
</gpxtpx:TrackPointExtension>
<opentracks:accuracy_horizontal>1.02</opentracks:accuracy_horizontal></extensions>
</trkpt>
<trkpt lat="50.45559" lon="-104.537323">
<ele>557</ele>
<time>2026-09-25T18:57:53.882-06:00</time>
<extensions>
<gpxtpx:TrackPointExtension>
<gpxtpx:speed>3.83</gpxtpx:speed>
</gpxtpx:TrackPointExtension>
<opentracks:accuracy_horizontal>1.02</opentracks:accuracy_horizontal></extensions>
</trkpt>
<trkpt lat="50.455512" lon="-104.537454">
<ele>558</ele>
<time>2026-09-25T18:57:57.886-06:00</time>
<extensions>
<gpxtpx:TrackPointExtension>
<gpxtpx:speed>2.4</gpxtpx:speed>
</gpxtpx:TrackPointExtension>
<opentracks:accuracy_horizontal>1.02</opentracks:accuracy_horizontal></extensions>
</trkpt>
<trkpt lat="50.455429" lon="-104.537538">
<ele>558</ele>
<time>2026-09-25T18:58:01.896-06:00</time>
<extensions>
<gpxtpx:TrackPointExtension>
<gpxtpx:speed>3.27</gpxtpx:speed>
</gpxtpx:TrackPointExtension>
<opentracks:accuracy_horizontal>1.02</opentracks:accuracy_horizontal></extensions>
</trkpt>
<trkpt lat="50.455338" lon="-104.537574">
<ele>558</ele>
<time>2026-09-25T18:58:04.88-06:00</time>
<extensions>
<gpxtpx:TrackPointExtension>
<gpxtpx:speed>3.07</gpxtpx:speed>
</gpxtpx:TrackPointExtension>
<opentracks:accuracy_horizontal>5.102</opentracks:accuracy_horizontal></extensions>
</trkpt>
<trkpt lat="50.455243" lon="-104.537597">
<ele>559</ele>
<time>2026-09-25T18:58:09.887-06:00</time>
<extensions>
<gpxtpx:TrackPointExtension>
<gpxtpx:speed>0.76</gpxtpx:speed>
</gpxtpx:TrackPointExtension>
<opentracks:accuracy_horizontal>6.633</opentracks:accuracy_horizontal></extensions>
</trkpt>
<trkpt lat="50.455136" lon="-104.537607">
<ele>558</ele>
<time>2026-09-25T18:58:18.899-06:00</time>
<extensions>
<gpxtpx:TrackPointExtension>
<gpxtpx:speed>2.66</gpxtpx:speed>
</gpxtpx:TrackPointExtension>
<opentracks:accuracy_horizontal>5.612</opentracks:accuracy_horizontal></extensions>
</trkpt>
<trkpt lat="50.455024" lon="-104.537626">
<ele>558</ele>
<time>2026-09-25T18:58:22.903-06:00</time>
<extensions>
<gpxtpx:TrackPointExtension>
<gpxtpx:speed>2.9</gpxtpx:speed>
</gpxtpx:TrackPointExtension>
<opentracks:accuracy_horizontal>4.082</opentracks:accuracy_horizontal></extensions>
</trkpt>
<trkpt lat="50.454914" lon="-104.537645">
<ele>557</ele>
<time>2026-09-25T18:58:25.887-06:00</time>
<extensions>
<gpxtpx:TrackPointExtension>
<gpxtpx:speed>4.34</gpxtpx:speed>
</gpxtpx:TrackPointExtension>
<opentracks:accuracy_horizontal>6.122</opentracks:accuracy_horizontal></extensions>
</trkpt>
<trkpt lat="50.454811" lon="-104.537724">
<ele>555</ele>
<time>2026-09-25T18:58:28.898-06:00</time>
<extensions>
<gpxtpx:TrackPointExtension>
<gpxtpx:speed>4.17</gpxtpx:speed>
</gpxtpx:TrackPointExtension>
<opentracks:accuracy_horizontal>4.592</opentracks:accuracy_horizontal></extensions>
</trkpt>
<trkpt lat="50.454714" lon="-104.537733">
<ele>555</ele>
<time>2026-09-25T18:58:31.893-06:00</time>
<extensions>
<gpxtpx:TrackPointExtension>
<gpxtpx:speed>3.43</gpxtpx:speed>
</gpxtpx:TrackPointExtension>
<opentracks:accuracy_horizontal>6.633</opentracks:accuracy_horizontal></extensions>
</trkpt>
<trkpt lat="50.454619" lon="-104.537705">
<ele>554</ele>
<time>2026-09-25T18:58:34.883-06:00</time>
<extensions>
<gpxtpx:TrackPointExtension>
<gpxtpx:speed>4.08</gpxtpx:speed>
</gpxtpx:TrackPointExtension>
<opentracks:accuracy_horizontal>0.51</opentracks:accuracy_horizontal></extensions>
</trkpt>
<trkpt lat="50.454496" lon="-104.537691">
<ele>553</ele>
<time>2026-09-25T18:58:37.879-06:00</time>
<extensions>
<gpxtpx:TrackPointExtension>
<gpxtpx:speed>4.12</gpxtpx:speed>
</gpxtpx:TrackPointExtension>
<opentracks:accuracy_horizontal>4.592</opentracks:accuracy_horizontal></extensions>
</trkpt>
<trkpt lat="50.454384" lon="-104.537666">
<ele>553</ele>
<time>2026-09-25T18:58:40.889-06:00</time>
<extensions>
<gpxtpx:TrackPointExtension>
<gpxtpx:speed>4.07</gpxtpx:speed>
</gpxtpx:TrackPointExtension>
<opentracks:accuracy_horizontal>2.041</opentracks:accuracy_horizontal></extensions>
</trkpt>
<trkpt lat="50.454283" lon="-104.53764">
<ele>552</ele>
<time>2026-09-25T18:58:43.887-06:00</time>
<extensions>
<gpxtpx:TrackPointExtension>
<gpxtpx:speed>3.88</gpxtpx:speed>
</gpxtpx:TrackPointExtension>
<opentracks:accuracy_horizontal>1.02</opentracks:accuracy_horizontal></extensions>
</trkpt>
<trkpt lat="50.454176" lon="-104.537623">
<ele>552</ele>
<time>2026-09-25T18:58:46.883-06:00</time>
<extensions>
<gpxtpx:TrackPointExtension>
<gpxtpx:speed>4.17</gpxtpx:speed>
</gpxtpx:TrackPointExtension>
<opentracks:accuracy_horizontal>1.02</opentracks:accuracy_horizontal></extensions>
</trkpt>
<trkpt lat="50.454069" lon="-104.537605">
<ele>553</ele>
<time>2026-09-25T18:58:49.885-06:00</time>
<extensions>
<gpxtpx:TrackPointExtension>
<gpxtpx:speed>4.31</gpxtpx:speed>
</gpxtpx:TrackPointExtension>
<opentracks:accuracy_horizontal>1.02</opentracks:accuracy_horizontal></extensions>
</trkpt>
<trkpt lat="50.453966" lon="-104.537616">
<ele>554</ele>
<time>2026-09-25T18:58:52.882-06:00</time>
<extensions>
<gpxtpx:TrackPointExtension>
<gpxtpx:speed>3.32</gpxtpx:speed>
</gpxtpx:TrackPointExtension>
<opentracks:accuracy_horizontal>1.02</opentracks:accuracy_horizontal></extensions>
</trkpt>
<trkpt lat="50.45387" lon="-104.53764">
<ele>555</ele>
<time>2026-09-25T18:58:55.883-06:00</time>
<extensions>
<gpxtpx:TrackPointExtension>
<gpxtpx:speed>3.47</gpxtpx:speed>
</gpxtpx:TrackPointExtension>
<opentracks:accuracy_horizontal>1.02</opentracks:accuracy_horizontal></extensions>
</trkpt>
<trkpt lat="50.453766" lon="-104.537688">
<ele>555</ele>
<time>2026-09-25T18:58:59.888-06:00</time>
<extensions>
<gpxtpx:TrackPointExtension>
<gpxtpx:speed>2.87</gpxtpx:speed>
</gpxtpx:TrackPointExtension>
<opentracks:accuracy_horizontal>1.02</opentracks:accuracy_horizontal></extensions>
</trkpt>
<trkpt lat="50.453661" lon="-104.537658">
<ele>555</ele>
<time>2026-09-25T18:59:03.888-06:00</time>
<extensions>
<gpxtpx:TrackPointExtension>
<gpxtpx:speed>3.33</gpxtpx:speed>
</gpxtpx:TrackPointExtension>
<opentracks:accuracy_horizontal>1.02</opentracks:accuracy_horizontal></extensions>
</trkpt>
<trkpt lat="50.453551" lon="-104.537605">
<ele>555</ele>
<time>2026-09-25T18:59:07.911-06:00</time>
<extensions>
<gpxtpx:TrackPointExtension>
<gpxtpx:speed>3.41</gpxtpx:speed>
</gpxtpx:TrackPointExtension>
<opentracks:accuracy_horizontal>1.02</opentracks:accuracy_horizontal></extensions>
</trkpt>
<trkpt lat="50.453454" lon="-104.537556">
<ele>556</ele>
<time>2026-09-25T18:59:10.886-06:00</time>
<extensions>
<gpxtpx:TrackPointExtension>
<gpxtpx:speed>3.78</gpxtpx:speed>
</gpxtpx:TrackPointExtension>
<opentracks:accuracy_horizontal>7.653</opentracks:accuracy_horizontal></extensions>
</trkpt>
<trkpt lat="50.45336" lon="-104.537503">
<ele>556</ele>
<time>2026-09-25T18:59:13.897-06:00</time>
<extensions>
<gpxtpx:TrackPointExtension>
<gpxtpx:speed>3.95</gpxtpx:speed>
</gpxtpx:TrackPointExtension>
<opentracks:accuracy_horizontal>5.612</opentracks:accuracy_horizontal></extensions>
</trkpt>
<trkpt lat="50.453262" lon="-104.537463">
<ele>556</ele>
<time>2026-09-25T18:59:16.905-06:00</time>
<extensions>
<gpxtpx:TrackPointExtension>
<gpxtpx:speed>3.8</gpxtpx:speed>
</gpxtpx:TrackPointExtension>
<opentracks:accuracy_horizontal>1.02</opentracks:accuracy_horizontal></extensions>
</trkpt>
<trkpt lat="50.453159" lon="-104.537421">
<ele>557</ele>
<time>2026-09-25T18:59:19.881-06:00</time>
<extensions>
<gpxtpx:TrackPointExtension>
<gpxtpx:speed>4.01</gpxtpx:speed>
</gpxtpx:TrackPointExtension>
<opentracks:accuracy_horizontal>1.02</opentracks:accuracy_horizontal></extensions>
</trkpt>
<trkpt lat="50.453062" lon="-104.537372">
<ele>557</ele>
<time>2026-09-25T18:59:22.906-06:00</time>
<extensions>
<gpxtpx:TrackPointExtension>
<gpxtpx:speed>3.98</gpxtpx:speed>
</gpxtpx:TrackPointExtension>
<opentracks:accuracy_horizontal>1.02</opentracks:accuracy_horizontal></extensions>
</trkpt>
<trkpt lat="50.452975" lon="-104.537312">
<ele>557</ele>
<time>2026-09-25T18:59:25.894-06:00</time>
<extensions>
<gpxtpx:TrackPointExtension>
<gpxtpx:speed>3.45</gpxtpx:speed>
</gpxtpx:TrackPointExtension>
<opentracks:accuracy_horizontal>1.02</opentracks:accuracy_horizontal></extensions>
</trkpt>
<trkpt lat="50.452907" lon="-104.537217">
<ele>557</ele>
<time>2026-09-25T18:59:28.886-06:00</time>
<extensions>
<gpxtpx:TrackPointExtension>
<gpxtpx:speed>3.21</gpxtpx:speed>
</gpxtpx:TrackPointExtension>
<opentracks:accuracy_horizontal>7.143</opentracks:accuracy_horizontal></extensions>
</trkpt>
<trkpt lat="50.452878" lon="-104.537083">
<ele>557</ele>
<time>2026-09-25T18:59:31.898-06:00</time>
<extensions>
<gpxtpx:TrackPointExtension>
<gpxtpx:speed>2.84</gpxtpx:speed>
</gpxtpx:TrackPointExtension>
<opentracks:accuracy_horizontal>5.612</opentracks:accuracy_horizontal></extensions>
</trkpt>
<trkpt lat="50.452881" lon="-104.536932">
<ele>557</ele>
<time>2026-09-25T18:59:35.891-06:00</time>
<extensions>
<gpxtpx:TrackPointExtension>
<gpxtpx:speed>2.75</gpxtpx:speed>
</gpxtpx:TrackPointExtension>
<opentracks:accuracy_horizontal>7.143</opentracks:accuracy_horizontal></extensions>
</trkpt>
<trkpt lat="50.45291" lon="-104.536783">
<ele>557</ele>
<time>2026-09-25T18:59:39.887-06:00</time>
<extensions>
<gpxtpx:TrackPointExtension>
<gpxtpx:speed>2.69</gpxtpx:speed>
</gpxtpx:TrackPointExtension>
<opentracks:accuracy_horizontal>5.612</opentracks:accuracy_horizontal></extensions>
</trkpt>
<trkpt lat="50.45294" lon="-104.536642">
<ele>557</ele>
<time>2026-09-25T18:59:43.903-06:00</time>
<extensions>
<gpxtpx:TrackPointExtension>
<gpxtpx:speed>3.18</gpxtpx:speed>
</gpxtpx:TrackPointExtension>
<opentracks:accuracy_horizontal>6.122</opentracks:accuracy_horizontal></extensions>
</trkpt>
<trkpt lat="50.452966" lon="-104.536506">
<ele>557</ele>
<time>2026-09-25T18:59:46.894-06:00</time>
<extensions>
<gpxtpx:TrackPointExtension>
<gpxtpx:speed>3.48</gpxtpx:speed>
</gpxtpx:TrackPointExtension>
<opentracks:accuracy_horizontal>5.612</opentracks:accuracy_horizontal></extensions>
</trkpt>
<trkpt lat="50.452982" lon="-104.536358">
<ele>556</ele>
<time>2026-09-25T18:59:50.885-06:00</time>
<extensions>
<gpxtpx:TrackPointExtension>
<gpxtpx:speed>2.2</gpxtpx:speed>
</gpxtpx:TrackPointExtension>
<opentracks:accuracy_horizontal>6.122</opentracks:accuracy_horizontal></extensions>
</trkpt>
<trkpt lat="50.453011" lon="-104.536222">
<ele>556</ele>
<time>2026-09-25T18:59:54.881-06:00</time>
<extensions>
<gpxtpx:TrackPointExtension>
<gpxtpx:speed>2.85</gpxtpx:speed>
</gpxtpx:TrackPointExtension>
<opentracks:accuracy_horizontal>5.612</opentracks:accuracy_horizontal></extensions>
</trkpt>
<trkpt lat="50.453047" lon="-104.53609">
<ele>556</ele>
<time>2026-09-25T18:59:57.9-06:00</time>
<extensions>
<gpxtpx:TrackPointExtension>
<gpxtpx:speed>3.72</gpxtpx:speed>
</gpxtpx:TrackPointExtension>
<opentracks:accuracy_horizontal>6.633</opentracks:accuracy_horizontal></extensions>
</trkpt>
<trkpt lat="50.453078" lon="-104.53591">
<ele>556</ele>
<time>2026-09-25T19:00:00.885-06:00</time>
<extensions>
<gpxtpx:TrackPointExtension>
<gpxtpx:speed>4.62</gpxtpx:speed>
</gpxtpx:TrackPointExtension>
<opentracks:accuracy_horizontal>4.592</opentracks:accuracy_horizontal></extensions>
</trkpt>
<trkpt lat="50.453122" lon="-104.535726">
<ele>556</ele>
<time>2026-09-25T19:00:03.885-06:00</time>
<extensions>
<gpxtpx:TrackPointExtension>
<gpxtpx:speed>4.23</gpxtpx:speed>
</gpxtpx:TrackPointExtension>
<opentracks:accuracy_horizontal>4.082</opentracks:accuracy_horizontal></extensions>
</trkpt>
<trkpt lat="50.453199" lon="-104.535558">
<ele>557</ele>
<time>2026-09-25T19:00:06.893-06:00</time>
<extensions>
<gpxtpx:TrackPointExtension>
<gpxtpx:speed>4.65</gpxtpx:speed>
</gpxtpx:TrackPointExtension>
<opentracks:accuracy_horizontal>0.51</opentracks:accuracy_horizontal></extensions>
</trkpt>
<trkpt lat="50.453246" lon="-104.53539">
<ele>556</ele>
<time>2026-09-25T19:00:09.886-06:00</time>
<extensions>
<gpxtpx:TrackPointExtension>
<gpxtpx:speed>4.34</gpxtpx:speed>
</gpxtpx:TrackPointExtension>
<opentracks:accuracy_horizontal>1.02</opentracks:accuracy_horizontal></extensions>
</trkpt>
<trkpt lat="50.453248" lon="-104.535212">
<ele>556</ele>
<time>2026-09-25T19:00:12.887-06:00</time>
<extensions>
<gpxtpx:TrackPointExtension>
<gpxtpx:speed>4.41</gpxtpx:speed>
</gpxtpx:TrackPointExtension>
<opentracks:accuracy_horizontal>1.02</opentracks:accuracy_horizontal></extensions>
</trkpt>
<trkpt lat="50.453234" lon="-104.535038">
<ele>556</ele>
<time>2026-09-25T19:00:15.889-06:00</time>
<extensions>
<gpxtpx:TrackPointExtension>
<gpxtpx:speed>4.12</gpxtpx:speed>
</gpxtpx:TrackPointExtension>
<opentracks:accuracy_horizontal>1.02</opentracks:accuracy_horizontal></extensions>
</trkpt>
<trkpt lat="50.453202" lon="-104.534879">
<ele>557</ele>
<time>2026-09-25T19:00:18.895-06:00</time>
<extensions>
<gpxtpx:TrackPointExtension>
<gpxtpx:speed>3.9</gpxtpx:speed>
</gpxtpx:TrackPointExtension>
<opentracks:accuracy_horizontal>1.02</opentracks:accuracy_horizontal></extensions>
</trkpt>
<trkpt lat="50.453201" lon="-104.534704">
<ele>556</ele>
<time>2026-09-25T19:00:21.889-06:00</time>
<extensions>
<gpxtpx:TrackPointExtension>
<gpxtpx:speed>4.01</gpxtpx:speed>
</gpxtpx:TrackPointExtension>
<opentracks:accuracy_horizontal>1.02</opentracks:accuracy_horizontal></extensions>
</trkpt>
<trkpt lat="50.453225" lon="-104.534523">
<ele>557</ele>
<time>2026-09-25T19:00:24.894-06:00</time>
<extensions>
<gpxtpx:TrackPointExtension>
<gpxtpx:speed>4.17</gpxtpx:speed>
</gpxtpx:TrackPointExtension>
<opentracks:accuracy_horizontal>1.02</opentracks:accuracy_horizontal></extensions>
</trkpt>
<trkpt lat="50.453253" lon="-104.534355">
<ele>555</ele>
<time>2026-09-25T19:00:27.883-06:00</time>
<extensions>
<gpxtpx:TrackPointExtension>
<gpxtpx:speed>4.42</gpxtpx:speed>
</gpxtpx:TrackPointExtension>
<opentracks:accuracy_horizontal>1.02</opentracks:accuracy_horizontal></extensions>
</trkpt>
<trkpt lat="50.453256" lon="-104.534171">
<ele>555</ele>
<time>2026-09-25T19:00:30.877-06:00</time>
<extensions>
<gpxtpx:TrackPointExtension>
<gpxtpx:speed>4.26</gpxtpx:speed>
</gpxtpx:TrackPointExtension>
<opentracks:accuracy_horizontal>1.02</opentracks:accuracy_horizontal></extensions>
</trkpt>
<trkpt lat="50.453281" lon="-104.53398">
<ele>555</ele>
<time>2026-09-25T19:00:33.885-06:00</time>
<extensions>
<gpxtpx:TrackPointExtension>
<gpxtpx:speed>4.84</gpxtpx:speed>
</gpxtpx:TrackPointExtension>
<opentracks:accuracy_horizontal>1.02</opentracks:accuracy_horizontal></extensions>
</trkpt>
<trkpt lat="50.453293" lon="-104.533839">
<ele>555</ele>
<time>2026-09-25T19:00:35.886-06:00</time>
<extensions>
<gpxtpx:TrackPointExtension>
<gpxtpx:speed>4.84</gpxtpx:speed>
</gpxtpx:TrackPointExtension>
<opentracks:accuracy_horizontal>1.02</opentracks:accuracy_horizontal></extensions>
</trkpt>
<trkpt lat="50.453297" lon="-104.533642">
<ele>556</ele>
<time>2026-09-25T19:00:38.886-06:00</time>
<extensions>
<gpxtpx:TrackPointExtension>
<gpxtpx:speed>4.61</gpxtpx:speed>
</gpxtpx:TrackPointExtension>
<opentracks:accuracy_horizontal>1.02</opentracks:accuracy_horizontal></extensions>
</trkpt>
<trkpt lat="50.453298" lon="-104.53345">
<ele>555</ele>
<time>2026-09-25T19:00:41.889-06:00</time>
<extensions>
<gpxtpx:TrackPointExtension>
<gpxtpx:speed>4.47</gpxtpx:speed>
</gpxtpx:TrackPointExtension>
<opentracks:accuracy_horizontal>0.51</opentracks:accuracy_horizontal></extensions>
</trkpt>
<trkpt lat="50.453268" lon="-104.533272">
<ele>555</ele>
<time>2026-09-25T19:00:44.882-06:00</time>
<extensions>
<gpxtpx:TrackPointExtension>
<gpxtpx:speed>4.53</gpxtpx:speed>
</gpxtpx:TrackPointExtension>
<opentracks:accuracy_horizontal>1.02</opentracks:accuracy_horizontal></extensions>
</trkpt>
<trkpt lat="50.453228" lon="-104.533089">
<ele>555</ele>
<time>2026-09-25T19:00:47.884-06:00</time>
<extensions>
<gpxtpx:TrackPointExtension>
<gpxtpx:speed>4.61</gpxtpx:speed>
</gpxtpx:TrackPointExtension>
<opentracks:accuracy_horizontal>0.51</opentracks:accuracy_horizontal></extensions>
</trkpt>
<trkpt lat="50.453152" lon="-104.532929">
<ele>555</ele>
<time>2026-09-25T19:00:50.909-06:00</time>
<extensions>
<gpxtpx:TrackPointExtension>
<gpxtpx:speed>4.41</gpxtpx:speed>
</gpxtpx:TrackPointExtension>
<opentracks:accuracy_horizontal>1.02</opentracks:accuracy_horizontal></extensions>
</trkpt>
<trkpt lat="50.453058" lon="-104.532807">
<ele>555</ele>
<time>2026-09-25T19:00:53.893-06:00</time>
<extensions>
<gpxtpx:TrackPointExtension>
<gpxtpx:speed>4.52</gpxtpx:speed>
</gpxtpx:TrackPointExtension>
<opentracks:accuracy_horizontal>1.02</opentracks:accuracy_horizontal></extensions>
</trkpt>
<trkpt lat="50.452944" lon="-104.532728">
<ele>555</ele>
<time>2026-09-25T19:00:56.895-06:00</time>
<extensions>
<gpxtpx:TrackPointExtension>
<gpxtpx:speed>4.95</gpxtpx:speed>
</gpxtpx:TrackPointExtension>
<opentracks:accuracy_horizontal>1.02</opentracks:accuracy_horizontal></extensions>
</trkpt>
<trkpt lat="50.452852" lon="-104.5327">
<ele>555</ele>
<time>2026-09-25T19:00:58.898-06:00</time>
<extensions>
<gpxtpx:TrackPointExtension>
<gpxtpx:speed>4.8</gpxtpx:speed>
</gpxtpx:TrackPointExtension>
<opentracks:accuracy_horizontal>1.02</opentracks:accuracy_horizontal></extensions>
</trkpt>
<trkpt lat="50.452728" lon="-104.532708">
<ele>555</ele>
<time>2026-09-25T19:01:01.895-06:00</time>
<extensions>
<gpxtpx:TrackPointExtension>
<gpxtpx:speed>4.63</gpxtpx:speed>
</gpxtpx:TrackPointExtension>
<opentracks:accuracy_horizontal>0.51</opentracks:accuracy_horizontal></extensions>
</trkpt>
<trkpt lat="50.452603" lon="-104.532728">
<ele>555</ele>
<time>2026-09-25T19:01:04.906-06:00</time>
<extensions>
<gpxtpx:TrackPointExtension>
<gpxtpx:speed>4.49</gpxtpx:speed>
</gpxtpx:TrackPointExtension>
<opentracks:accuracy_horizontal>0.51</opentracks:accuracy_horizontal></extensions>
</trkpt>
<trkpt lat="50.452487" lon="-104.532755">
<ele>555</ele>
<time>2026-09-25T19:01:07.899-06:00</time>
<extensions>
<gpxtpx:TrackPointExtension>
<gpxtpx:speed>4.31</gpxtpx:speed>
</gpxtpx:TrackPointExtension>
<opentracks:accuracy_horizontal>1.02</opentracks:accuracy_horizontal></extensions>
</trkpt>
<trkpt lat="50.452374" lon="-104.532737">
<ele>555</ele>
<time>2026-09-25T19:01:10.901-06:00</time>
<extensions>
<gpxtpx:TrackPointExtension>
<gpxtpx:speed>4.07</gpxtpx:speed>
</gpxtpx:TrackPointExtension>
<opentracks:accuracy_horizontal>1.02</opentracks:accuracy_horizontal></extensions>
</trkpt>
<trkpt lat="50.45227" lon="-104.532716">
<ele>555</ele>
<time>2026-09-25T19:01:13.882-06:00</time>
<extensions>
<gpxtpx:TrackPointExtension>
<gpxtpx:speed>3.94</gpxtpx:speed>
</gpxtpx:TrackPointExtension>
<opentracks:accuracy_horizontal>1.02</opentracks:accuracy_horizontal></extensions>
</trkpt>
<trkpt lat="50.452166" lon="-104.532777">
<ele>555</ele>
<time>2026-09-25T19:01:16.883-06:00</time>
<extensions>
<gpxtpx:TrackPointExtension>
<gpxtpx:speed>4</gpxtpx:speed>
</gpxtpx:TrackPointExtension>
<opentracks:accuracy_horizontal>1.02</opentracks:accuracy_horizontal></extensions>
</trkpt>
<trkpt lat="50.452053" lon="-104.532809">
<ele>556</ele>
<time>2026-09-25T19:01:19.888-06:00</time>
<extensions>
<gpxtpx:TrackPointExtension>
<gpxtpx:speed>4.33</gpxtpx:speed>
</gpxtpx:TrackPointExtension>
<opentracks:accuracy_horizontal>1.02</opentracks:accuracy_horizontal></extensions>
</trkpt>
<trkpt lat="50.451945" lon="-104.532867">
<ele>556</ele>
<time>2026-09-25T19:01:22.88-06:00</time>
<extensions>
<gpxtpx:TrackPointExtension>
<gpxtpx:speed>4.1</gpxtpx:speed>
</gpxtpx:TrackPointExtension>
<opentracks:accuracy_horizontal>1.02</opentracks:accuracy_horizontal></extensions>
</trkpt>
<trkpt lat="50.451849" lon="-104.532906">
<ele>557</ele>
<time>2026-09-25T19:01:25.902-06:00</time>
<extensions>
<gpxtpx:TrackPointExtension>
<gpxtpx:speed>3.21</gpxtpx:speed>
</gpxtpx:TrackPointExtension>
<opentracks:accuracy_horizontal>0.51</opentracks:accuracy_horizontal></extensions>
</trkpt>
<trkpt lat="50.451752" lon="-104.532933">
<ele>558</ele>
<time>2026-09-25T19:01:29.886-06:00</time>
<extensions>
<gpxtpx:TrackPointExtension>
<gpxtpx:speed>2.64</gpxtpx:speed>
</gpxtpx:TrackPointExtension>
<opentracks:accuracy_horizontal>1.02</opentracks:accuracy_horizontal></extensions>
</trkpt>
<trkpt lat="50.45165" lon="-104.532945">
<ele>558</ele>
<time>2026-09-25T19:01:33.898-06:00</time>
<extensions>
<gpxtpx:TrackPointExtension>
<gpxtpx:speed>2.88</gpxtpx:speed>
</gpxtpx:TrackPointExtension>
<opentracks:accuracy_horizontal>0.51</opentracks:accuracy_horizontal></extensions>
</trkpt>
<trkpt lat="50.451551" lon="-104.532906">
<ele>557</ele>
<time>2026-09-25T19:01:38.897-06:00</time>
<extensions>
<gpxtpx:TrackPointExtension>
<gpxtpx:speed>2.39</gpxtpx:speed>
</gpxtpx:TrackPointExtension>
<opentracks:accuracy_horizontal>4.592</opentracks:accuracy_horizontal></extensions>
</trkpt>
<trkpt lat="50.451503" lon="-104.532774">
<ele>557</ele>
<time>2026-09-25T19:01:42.923-06:00</time>
<extensions>
<gpxtpx:TrackPointExtension>
<gpxtpx:speed>3.71</gpxtpx:speed>
</gpxtpx:TrackPointExtension>
<opentracks:accuracy_horizontal>6.122</opentracks:accuracy_horizontal></extensions>
</trkpt>
<trkpt lat="50.451463" lon="-104.532627">
<ele>557</ele>
<time>2026-09-25T19:01:45.897-06:00</time>
<extensions>
<gpxtpx:TrackPointExtension>
<gpxtpx:speed>3.99</gpxtpx:speed>
</gpxtpx:TrackPointExtension>
<opentracks:accuracy_horizontal>8.673</opentracks:accuracy_horizontal></extensions>
</trkpt>
<trkpt lat="50.451416" lon="-104.532467">
<ele>555</ele>
<time>2026-09-25T19:01:48.892-06:00</time>
<extensions>
<gpxtpx:TrackPointExtension>
<gpxtpx:speed>4.56</gpxtpx:speed>
</gpxtpx:TrackPointExtension>
<opentracks:accuracy_horizontal>5.612</opentracks:accuracy_horizontal></extensions>
</trkpt>
<trkpt lat="50.451307" lon="-104.532429">
<ele>556</ele>
<time>2026-09-25T19:01:51.921-06:00</time>
<extensions>
<gpxtpx:TrackPointExtension>
<gpxtpx:speed>3.64</gpxtpx:speed>
</gpxtpx:TrackPointExtension>
<opentracks:accuracy_horizontal>1.02</opentracks:accuracy_horizontal></extensions>
</trkpt>
<trkpt lat="50.451199" lon="-104.532468">
<ele>557</ele>
<time>2026-09-25T19:01:55.891-06:00</time>
<extensions>
<gpxtpx:TrackPointExtension>
<gpxtpx:speed>2.49</gpxtpx:speed>
</gpxtpx:TrackPointExtension>
<opentracks:accuracy_horizontal>1.02</opentracks:accuracy_horizontal></extensions>
</trkpt>
<trkpt lat="50.451086" lon="-104.532495">
<ele>557</ele>
<time>2026-09-25T19:01:59.899-06:00</time>
<extensions>
<gpxtpx:TrackPointExtension>
<gpxtpx:speed>3.61</gpxtpx:speed>
</gpxtpx:TrackPointExtension>
<opentracks:accuracy_horizontal>5.612</opentracks:accuracy_horizontal></extensions>
</trkpt>
<trkpt lat="50.450992" lon="-104.532538">
<ele>556</ele>
<time>2026-09-25T19:02:02.894-06:00</time>
<extensions>
<gpxtpx:TrackPointExtension>
<gpxtpx:speed>3.92</gpxtpx:speed>
</gpxtpx:TrackPointExtension>
<opentracks:accuracy_horizontal>5.612</opentracks:accuracy_horizontal></extensions>
</trkpt>
<trkpt lat="50.450881" lon="-104.532571">
<ele>556</ele>
<time>2026-09-25T19:02:06.905-06:00</time>
<extensions>
<gpxtpx:TrackPointExtension>
<gpxtpx:speed>3.47</gpxtpx:speed>
</gpxtpx:TrackPointExtension>
<opentracks:accuracy_horizontal>0.51</opentracks:accuracy_horizontal></extensions>
</trkpt>
<trkpt lat="50.450781" lon="-104.532599">
<ele>556</ele>
<time>2026-09-25T19:02:09.902-06:00</time>
<extensions>
<gpxtpx:TrackPointExtension>
<gpxtpx:speed>3.88</gpxtpx:speed>
</gpxtpx:TrackPointExtension>
<opentracks:accuracy_horizontal>1.02</opentracks:accuracy_horizontal></extensions>
</trkpt>
<trkpt lat="50.450669" lon="-104.532635">
<ele>556</ele>
<time>2026-09-25T19:02:12.897-06:00</time>
<extensions>
<gpxtpx:TrackPointExtension>
<gpxtpx:speed>4.71</gpxtpx:speed>
</gpxtpx:TrackPointExtension>
<opentracks:accuracy_horizontal>1.02</opentracks:accuracy_horizontal></extensions>
</trkpt>
<trkpt lat="50.450549" lon="-104.532655">
<ele>557</ele>
<time>2026-09-25T19:02:15.888-06:00</time>
<extensions>
<gpxtpx:TrackPointExtension>
<gpxtpx:speed>4.54</gpxtpx:speed>
</gpxtpx:TrackPointExtension>
<opentracks:accuracy_horizontal>1.02</opentracks:accuracy_horizontal></extensions>
</trkpt>
<trkpt lat="50.450428" lon="-104.532674">
<ele>557</ele>
<time>2026-09-25T19:02:18.891-06:00</time>
<extensions>
<gpxtpx:TrackPointExtension>
<gpxtpx:speed>4.26</gpxtpx:speed>
</gpxtpx:TrackPointExtension>
<opentracks:accuracy_horizontal>1.02</opentracks:accuracy_horizontal></extensions>
</trkpt>
<trkpt lat="50.450328" lon="-104.532697">
<ele>558</ele>
<time>2026-09-25T19:02:21.898-06:00</time>
<extensions>
<gpxtpx:TrackPointExtension>
<gpxtpx:speed>3.53</gpxtpx:speed>
</gpxtpx:TrackPointExtension>
<opentracks:accuracy_horizontal>1.02</opentracks:accuracy_horizontal></extensions>
</trkpt>
<trkpt lat="50.450219" lon="-104.532706">
<ele>558</ele>
<time>2026-09-25T19:02:24.891-06:00</time>
<extensions>
<gpxtpx:TrackPointExtension>
<gpxtpx:speed>4.17</gpxtpx:speed>
</gpxtpx:TrackPointExtension>
<opentracks:accuracy_horizontal>1.02</opentracks:accuracy_horizontal></extensions>
</trkpt>
<trkpt lat="50.450096" lon="-104.532705">
<ele>558</ele>
<time>2026-09-25T19:02:27.884-06:00</time>
<extensions>
<gpxtpx:TrackPointExtension>
<gpxtpx:speed>4.94</gpxtpx:speed>
</gpxtpx:TrackPointExtension>
<opentracks:accuracy_horizontal>1.02</opentracks:accuracy_horizontal></extensions>
</trkpt>
<trkpt lat="50.450006" lon="-104.532708">
<ele>558</ele>
<time>2026-09-25T19:02:29.893-06:00</time>
<extensions>
<gpxtpx:TrackPointExtension>
<gpxtpx:speed>5.18</gpxtpx:speed>
</gpxtpx:TrackPointExtension>
<opentracks:accuracy_horizontal>1.02</opentracks:accuracy_horizontal></extensions>
</trkpt>
<trkpt lat="50.44991" lon="-104.532712">
<ele>558</ele>
<time>2026-09-25T19:02:31.918-06:00</time>
<extensions>
<gpxtpx:TrackPointExtension>
<gpxtpx:speed>5.3</gpxtpx:speed>
</gpxtpx:TrackPointExtension>
<opentracks:accuracy_horizontal>1.02</opentracks:accuracy_horizontal></extensions>
</trkpt>
<trkpt lat="50.44978" lon="-104.532706">
<ele>558</ele>
<time>2026-09-25T19:02:34.904-06:00</time>
<extensions>
<gpxtpx:TrackPointExtension>
<gpxtpx:speed>4.36</gpxtpx:speed>
</gpxtpx:TrackPointExtension>
<opentracks:accuracy_horizontal>0.51</opentracks:accuracy_horizontal></extensions>
</trkpt>
<trkpt lat="50.44967" lon="-104.532709">
<ele>557</ele>
<time>2026-09-25T19:02:37.9-06:00</time>
<extensions>
<gpxtpx:TrackPointExtension>
<gpxtpx:speed>3.69</gpxtpx:speed>
</gpxtpx:TrackPointExtension>
<opentracks:accuracy_horizontal>0.51</opentracks:accuracy_horizontal></extensions>
</trkpt>
<trkpt lat="50.449554" lon="-104.532718">
<ele>557</ele>
<time>2026-09-25T19:02:41.9-06:00</time>
<extensions>
<gpxtpx:TrackPointExtension>
<gpxtpx:speed>3.31</gpxtpx:speed>
</gpxtpx:TrackPointExtension>
<opentracks:accuracy_horizontal>4.592</opentracks:accuracy_horizontal></extensions>
</trkpt>
<trkpt lat="50.449448" lon="-104.532725">
<ele>557</ele>
<time>2026-09-25T19:02:44.902-06:00</time>
<extensions>
<gpxtpx:TrackPointExtension>
<gpxtpx:speed>4.08</gpxtpx:speed>
</gpxtpx:TrackPointExtension>
<opentracks:accuracy_horizontal>6.122</opentracks:accuracy_horizontal></extensions>
</trkpt>
<trkpt lat="50.449336" lon="-104.532716">
<ele>556</ele>
<time>2026-09-25T19:02:47.891-06:00</time>
<extensions>
<gpxtpx:TrackPointExtension>
<gpxtpx:speed>3.91</gpxtpx:speed>
</gpxtpx:TrackPointExtension>
<opentracks:accuracy_horizontal>3.571</opentracks:accuracy_horizontal></extensions>
</trkpt>
<trkpt lat="50.449232" lon="-104.532717">
<ele>556</ele>
<time>2026-09-25T19:02:50.898-06:00</time>
<extensions>
<gpxtpx:TrackPointExtension>
<gpxtpx:speed>3.66</gpxtpx:speed>
</gpxtpx:TrackPointExtension>
<opentracks:accuracy_horizontal>1.02</opentracks:accuracy_horizontal></extensions>
</trkpt>
<trkpt lat="50.449139" lon="-104.532713">
<ele>556</ele>
<time>2026-09-25T19:02:53.905-06:00</time>
<extensions>
<gpxtpx:TrackPointExtension>
<gpxtpx:speed>3.21</gpxtpx:speed>
</gpxtpx:TrackPointExtension>
<opentracks:accuracy_horizontal>1.02</opentracks:accuracy_horizontal></extensions>
</trkpt>
<trkpt lat="50.449025" lon="-104.53271">
<ele>557</ele>
<time>2026-09-25T19:02:57.889-06:00</time>
<extensions>
<gpxtpx:TrackPointExtension>
<gpxtpx:speed>2.7</gpxtpx:speed>
</gpxtpx:TrackPointExtension>
<opentracks:accuracy_horizontal>6.122</opentracks:accuracy_horizontal></extensions>
</trkpt>
<trkpt lat="50.448933" lon="-104.532703">
<ele>556</ele>
<time>2026-09-25T19:03:01.895-06:00</time>
<extensions>
<gpxtpx:TrackPointExtension>
<gpxtpx:speed>2.64</gpxtpx:speed>
</gpxtpx:TrackPointExtension>
<opentracks:accuracy_horizontal>5.612</opentracks:accuracy_horizontal></extensions>
</trkpt>
<trkpt lat="50.448814" lon="-104.532702">
<ele>557</ele>
<time>2026-09-25T19:03:05.891-06:00</time>
<extensions>
<gpxtpx:TrackPointExtension>
<gpxtpx:speed>3.18</gpxtpx:speed>
</gpxtpx:TrackPointExtension>
<opentracks:accuracy_horizontal>4.592</opentracks:accuracy_horizontal></extensions>
</trkpt>
<trkpt lat="50.448718" lon="-104.532729">
<ele>557</ele>
<time>2026-09-25T19:03:09.899-06:00</time>
<extensions>
<gpxtpx:TrackPointExtension>
<gpxtpx:speed>2.4</gpxtpx:speed>
</gpxtpx:TrackPointExtension>
<opentracks:accuracy_horizontal>4.082</opentracks:accuracy_horizontal></extensions>
</trkpt>
<trkpt lat="50.448623" lon="-104.532732">
<ele>557</ele>
<time>2026-09-25T19:03:13.903-06:00</time>
<extensions>
<gpxtpx:TrackPointExtension>
<gpxtpx:speed>3.19</gpxtpx:speed>
</gpxtpx:TrackPointExtension>
<opentracks:accuracy_horizontal>0.51</opentracks:accuracy_horizontal></extensions>
</trkpt>
<trkpt lat="50.44852" lon="-104.532742">
<ele>558</ele>
<time>2026-09-25T19:03:16.895-06:00</time>
<extensions>
<gpxtpx:TrackPointExtension>
<gpxtpx:speed>3.9</gpxtpx:speed>
</gpxtpx:TrackPointExtension>
<opentracks:accuracy_horizontal>5.102</opentracks:accuracy_horizontal></extensions>
</trkpt>
<trkpt lat="50.448415" lon="-104.532717">
<ele>558</ele>
<time>2026-09-25T19:03:19.891-06:00</time>
<extensions>
<gpxtpx:TrackPointExtension>
<gpxtpx:speed>4.29</gpxtpx:speed>
</gpxtpx:TrackPointExtension>
<opentracks:accuracy_horizontal>1.02</opentracks:accuracy_horizontal></extensions>
</trkpt>
<trkpt lat="50.448311" lon="-104.532728">
<ele>559</ele>
<time>2026-09-25T19:03:23.903-06:00</time>
<extensions>
<gpxtpx:TrackPointExtension>
<gpxtpx:speed>3.48</gpxtpx:speed>
</gpxtpx:TrackPointExtension>
<opentracks:accuracy_horizontal>1.02</opentracks:accuracy_horizontal></extensions>
</trkpt>
<trkpt lat="50.448195" lon="-104.532731">
<ele>559</ele>
<time>2026-09-25T19:03:27.898-06:00</time>
<extensions>
<gpxtpx:TrackPointExtension>
<gpxtpx:speed>3.02</gpxtpx:speed>
</gpxtpx:TrackPointExtension>
<opentracks:accuracy_horizontal>0.51</opentracks:accuracy_horizontal></extensions>
</trkpt>
<trkpt lat="50.448081" lon="-104.53273">
<ele>559</ele>
<time>2026-09-25T19:03:31.902-06:00</time>
<extensions>
<gpxtpx:TrackPointExtension>
<gpxtpx:speed>2.92</gpxtpx:speed>
</gpxtpx:TrackPointExtension>
<opentracks:accuracy_horizontal>1.02</opentracks:accuracy_horizontal></extensions>
</trkpt>
<trkpt lat="50.447985" lon="-104.532736">
<ele>559</ele>
<time>2026-09-25T19:03:35.897-06:00</time>
<extensions>
<gpxtpx:TrackPointExtension>
<gpxtpx:speed>3.18</gpxtpx:speed>
</gpxtpx:TrackPointExtension>
<opentracks:accuracy_horizontal>5.612</opentracks:accuracy_horizontal></extensions>
</trkpt>
<trkpt lat="50.447886" lon="-104.53274">
<ele>559</ele>
<time>2026-09-25T19:03:40.902-06:00</time>
<extensions>
<gpxtpx:TrackPointExtension>
<gpxtpx:speed>1.03</gpxtpx:speed>
</gpxtpx:TrackPointExtension>
<opentracks:accuracy_horizontal>4.592</opentracks:accuracy_horizontal></extensions>
</trkpt>
<trkpt lat="50.447801" lon="-104.532699">
<ele>559</ele>
<time>2026-09-25T19:03:50.89-06:00</time>
<extensions>
<gpxtpx:TrackPointExtension>
<gpxtpx:speed>0.01</gpxtpx:speed>
</gpxtpx:TrackPointExtension>
<opentracks:accuracy_horizontal>4.592</opentracks:accuracy_horizontal></extensions>
</trkpt>
<trkpt lat="50.447699" lon="-104.532706">
<ele>558</ele>
<time>2026-09-25T19:04:15.913-06:00</time>
<extensions>
<gpxtpx:TrackPointExtension>
<gpxtpx:speed>2.91</gpxtpx:speed>
</gpxtpx:TrackPointExtension>
<opentracks:accuracy_horizontal>6.633</opentracks:accuracy_horizontal></extensions>
</trkpt>
<trkpt lat="50.447586" lon="-104.532722">
<ele>557</ele>
<time>2026-09-25T19:04:19.9-06:00</time>
<extensions>
<gpxtpx:TrackPointExtension>
<gpxtpx:speed>3.34</gpxtpx:speed>
</gpxtpx:TrackPointExtension>
<opentracks:accuracy_horizontal>1.02</opentracks:accuracy_horizontal></extensions>
</trkpt>
<trkpt lat="50.447492" lon="-104.532722">
<ele>557</ele>
<time>2026-09-25T19:04:22.902-06:00</time>
<extensions>
<gpxtpx:TrackPointExtension>
<gpxtpx:speed>3.51</gpxtpx:speed>
</gpxtpx:TrackPointExtension>
<opentracks:accuracy_horizontal>1.02</opentracks:accuracy_horizontal></extensions>
</trkpt>
<trkpt lat="50.4474" lon="-104.532711">
<ele>557</ele>
<time>2026-09-25T19:04:25.9-06:00</time>
<extensions>
<gpxtpx:TrackPointExtension>
<gpxtpx:speed>3.94</gpxtpx:speed>
</gpxtpx:TrackPointExtension>
<opentracks:accuracy_horizontal>1.02</opentracks:accuracy_horizontal></extensions>
</trkpt>
<trkpt lat="50.447273" lon="-104.532703">
<ele>557</ele>
<time>2026-09-25T19:04:28.898-06:00</time>
<extensions>
<gpxtpx:TrackPointExtension>
<gpxtpx:speed>4.24</gpxtpx:speed>
</gpxtpx:TrackPointExtension>
<opentracks:accuracy_horizontal>1.02</opentracks:accuracy_horizontal></extensions>
</trkpt>
<trkpt lat="50.447169" lon="-104.532717">
<ele>558</ele>
<time>2026-09-25T19:04:31.909-06:00</time>
<extensions>
<gpxtpx:TrackPointExtension>
<gpxtpx:speed>3.8</gpxtpx:speed>
</gpxtpx:TrackPointExtension>
<opentracks:accuracy_horizontal>1.02</opentracks:accuracy_horizontal></extensions>
</trkpt>
<trkpt lat="50.447073" lon="-104.53272">
<ele>558</ele>
<time>2026-09-25T19:04:34.891-06:00</time>
<extensions>
<gpxtpx:TrackPointExtension>
<gpxtpx:speed>3.52</gpxtpx:speed>
</gpxtpx:TrackPointExtension>
<opentracks:accuracy_horizontal>4.082</opentracks:accuracy_horizontal></extensions>
</trkpt>
<trkpt lat="50.446963" lon="-104.532682">
<ele>558</ele>
<time>2026-09-25T19:04:38.883-06:00</time>
<extensions>
<gpxtpx:TrackPointExtension>
<gpxtpx:speed>3.1</gpxtpx:speed>
</gpxtpx:TrackPointExtension>
<opentracks:accuracy_horizontal>4.592</opentracks:accuracy_horizontal></extensions>
</trkpt>
<trkpt lat="50.446849" lon="-104.53268">
<ele>559</ele>
<time>2026-09-25T19:04:42.897-06:00</time>
<extensions>
<gpxtpx:TrackPointExtension>
<gpxtpx:speed>3.16</gpxtpx:speed>
</gpxtpx:TrackPointExtension>
<opentracks:accuracy_horizontal>5.102</opentracks:accuracy_horizontal></extensions>
</trkpt>
<trkpt lat="50.446732" lon="-104.532688">
<ele>558</ele>
<time>2026-09-25T19:04:46.909-06:00</time>
<extensions>
<gpxtpx:TrackPointExtension>
<gpxtpx:speed>3.05</gpxtpx:speed>
</gpxtpx:TrackPointExtension>
<opentracks:accuracy_horizontal>1.02</opentracks:accuracy_horizontal></extensions>
</trkpt>
<trkpt lat="50.446634" lon="-104.532682">
<ele>559</ele>
<time>2026-09-25T19:04:49.906-06:00</time>
<extensions>
<gpxtpx:TrackPointExtension>
<gpxtpx:speed>3.1</gpxtpx:speed>
</gpxtpx:TrackPointExtension>
<opentracks:accuracy_horizontal>1.02</opentracks:accuracy_horizontal></extensions>
</trkpt>
<trkpt lat="50.446536" lon="-104.532682">
<ele>558</ele>
<time>2026-09-25T19:04:53.895-06:00</time>
<extensions>
<gpxtpx:TrackPointExtension>
<gpxtpx:speed>2.76</gpxtpx:speed>
</gpxtpx:TrackPointExtension>
<opentracks:accuracy_horizontal>4.082</opentracks:accuracy_horizontal></extensions>
</trkpt>
<trkpt lat="50.446438" lon="-104.532683">
<ele>557</ele>
<time>2026-09-25T19:04:57.89-06:00</time>
<extensions>
<gpxtpx:TrackPointExtension>
<gpxtpx:speed>2.59</gpxtpx:speed>
</gpxtpx:TrackPointExtension>
<opentracks:accuracy_horizontal>4.082</opentracks:accuracy_horizontal></extensions>
</trkpt>
<trkpt lat="50.446339" lon="-104.532673">
<ele>557</ele>
<time>2026-09-25T19:05:01.904-06:00</time>
<extensions>
<gpxtpx:TrackPointExtension>
<gpxtpx:speed>2.33</gpxtpx:speed>
</gpxtpx:TrackPointExtension>
<opentracks:accuracy_horizontal>5.612</opentracks:accuracy_horizontal></extensions>
</trkpt>
<trkpt lat="50.446368" lon="-104.532521">
<ele>558</ele>
<time>2026-09-25T19:05:08.901-06:00</time>
<extensions>
<gpxtpx:TrackPointExtension>
<gpxtpx:speed>2.87</gpxtpx:speed>
</gpxtpx:TrackPointExtension>
<opentracks:accuracy_horizontal>8.673</opentracks:accuracy_horizontal></extensions>
</trkpt>
<trkpt lat="50.446406" lon="-104.532337">
<ele>557</ele>
<time>2026-09-25T19:05:12.901-06:00</time>
<extensions>
<gpxtpx:TrackPointExtension>
<gpxtpx:speed>4.05</gpxtpx:speed>
</gpxtpx:TrackPointExtension>
<opentracks:accuracy_horizontal>6.122</opentracks:accuracy_horizontal></extensions>
</trkpt>
<trkpt lat="50.446411" lon="-104.532159">
<ele>559</ele>
<time>2026-09-25T19:05:15.901-06:00</time>
<extensions>
<gpxtpx:TrackPointExtension>
<gpxtpx:speed>4.05</gpxtpx:speed>
</gpxtpx:TrackPointExtension>
<opentracks:accuracy_horizontal>5.612</opentracks:accuracy_horizontal></extensions>
</trkpt>
<trkpt lat="50.446406" lon="-104.532014">
<ele>558</ele>
<time>2026-09-25T19:05:18.902-06:00</time>
<extensions>
<gpxtpx:TrackPointExtension>
<gpxtpx:speed>3.23</gpxtpx:speed>
</gpxtpx:TrackPointExtension>
<opentracks:accuracy_horizontal>1.02</opentracks:accuracy_horizontal></extensions>
</trkpt>
<trkpt lat="50.44639" lon="-104.531851">
<ele>556</ele>
<time>2026-09-25T19:05:22.896-06:00</time>
<extensions>
<gpxtpx:TrackPointExtension>
<gpxtpx:speed>3.81</gpxtpx:speed>
</gpxtpx:TrackPointExtension>
<opentracks:accuracy_horizontal>6.122</opentracks:accuracy_horizontal></extensions>
</trkpt>
<trkpt lat="50.446393" lon="-104.531702">
<ele>556</ele>
<time>2026-09-25T19:05:25.915-06:00</time>
<extensions>
<gpxtpx:TrackPointExtension>
<gpxtpx:speed>2.71</gpxtpx:speed>
</gpxtpx:TrackPointExtension>
<opentracks:accuracy_horizontal>5.612</opentracks:accuracy_horizontal></extensions>
</trkpt>
<trkpt lat="50.44638" lon="-104.53152">
<ele>556</ele>
<time>2026-09-25T19:05:29.894-06:00</time>
<extensions>
<gpxtpx:TrackPointExtension>
<gpxtpx:speed>3.32</gpxtpx:speed>
</gpxtpx:TrackPointExtension>
<opentracks:accuracy_horizontal>6.122</opentracks:accuracy_horizontal></extensions>
</trkpt>
<trkpt lat="50.446383" lon="-104.531346">
<ele>556</ele>
<time>2026-09-25T19:05:33.9-06:00</time>
<extensions>
<gpxtpx:TrackPointExtension>
<gpxtpx:speed>2.75</gpxtpx:speed>
</gpxtpx:TrackPointExtension>
<opentracks:accuracy_horizontal>7.143</opentracks:accuracy_horizontal></extensions>
</trkpt>
<trkpt lat="50.446385" lon="-104.531195">
<ele>557</ele>
<time>2026-09-25T19:05:37.914-06:00</time>
<extensions>
<gpxtpx:TrackPointExtension>
<gpxtpx:speed>2.09</gpxtpx:speed>
</gpxtpx:TrackPointExtension>
<opentracks:accuracy_horizontal>5.102</opentracks:accuracy_horizontal></extensions>
</trkpt>
<trkpt lat="50.446423" lon="-104.531047">
<ele>557</ele>
<time>2026-09-25T19:05:43.915-06:00</time>
<extensions>
<gpxtpx:TrackPointExtension>
<gpxtpx:speed>1.96</gpxtpx:speed>
</gpxtpx:TrackPointExtension>
<opentracks:accuracy_horizontal>8.163</opentracks:accuracy_horizontal></extensions>
</trkpt>
<trkpt lat="50.446491" lon="-104.530941">
<ele>557</ele>
<time>2026-09-25T19:05:47.9-06:00</time>
<extensions>
<gpxtpx:TrackPointExtension>
<gpxtpx:speed>2.87</gpxtpx:speed>
</gpxtpx:TrackPointExtension>
<opentracks:accuracy_horizontal>1.02</opentracks:accuracy_horizontal></extensions>
</trkpt>
<trkpt lat="50.44655" lon="-104.530784">
<ele>558</ele>
<time>2026-09-25T19:05:51.9-06:00</time>
<extensions>
<gpxtpx:TrackPointExtension>
<gpxtpx:speed>3.28</gpxtpx:speed>
</gpxtpx:TrackPointExtension>
<opentracks:accuracy_horizontal>7.143</opentracks:accuracy_horizontal></extensions>
</trkpt>
<trkpt lat="50.446545" lon="-104.530626">
<ele>558</ele>
<time>2026-09-25T19:05:55.887-06:00</time>
<extensions>
<gpxtpx:TrackPointExtension>
<gpxtpx:speed>2.57</gpxtpx:speed>
</gpxtpx:TrackPointExtension>
<opentracks:accuracy_horizontal>5.612</opentracks:accuracy_horizontal></extensions>
</trkpt>
<trkpt lat="50.446525" lon="-104.530483">
<ele>558</ele>
<time>2026-09-25T19:06:00.908-06:00</time>
<extensions>
<gpxtpx:TrackPointExtension>
<gpxtpx:speed>2.66</gpxtpx:speed>
</gpxtpx:TrackPointExtension>
<opentracks:accuracy_horizontal>4.592</opentracks:accuracy_horizontal></extensions>
</trkpt>
<trkpt lat="50.446535" lon="-104.530342">
<ele>557</ele>
<time>2026-09-25T19:06:05.902-06:00</time>
<extensions>
<gpxtpx:TrackPointExtension>
<gpxtpx:speed>2.06</gpxtpx:speed>
</gpxtpx:TrackPointExtension>
<opentracks:accuracy_horizontal>6.122</opentracks:accuracy_horizontal></extensions>
</trkpt>
<trkpt lat="50.446525" lon="-104.530181">
<ele>556</ele>
<time>2026-09-25T19:06:10.903-06:00</time>
<extensions>
<gpxtpx:TrackPointExtension>
<gpxtpx:speed>2.32</gpxtpx:speed>
</gpxtpx:TrackPointExtension>
<opentracks:accuracy_horizontal>4.592</opentracks:accuracy_horizontal></extensions>
</trkpt>
<trkpt lat="50.44653" lon="-104.530025">
<ele>557</ele>
<time>2026-09-25T19:06:15.888-06:00</time>
<extensions>
<gpxtpx:TrackPointExtension>
<gpxtpx:speed>2.52</gpxtpx:speed>
</gpxtpx:TrackPointExtension>
<opentracks:accuracy_horizontal>6.633</opentracks:accuracy_horizontal></extensions>
</trkpt>
<trkpt lat="50.446512" lon="-104.529844">
<ele>557</ele>
<time>2026-09-25T19:06:20.891-06:00</time>
<extensions>
<gpxtpx:TrackPointExtension>
<gpxtpx:speed>3.02</gpxtpx:speed>
</gpxtpx:TrackPointExtension>
<opentracks:accuracy_horizontal>6.633</opentracks:accuracy_horizontal></extensions>
</trkpt>
<trkpt lat="50.44651" lon="-104.529689">
<ele>559</ele>
<time>2026-09-25T19:06:24.897-06:00</time>
<extensions>
<gpxtpx:TrackPointExtension>
<gpxtpx:speed>1.91</gpxtpx:speed>
</gpxtpx:TrackPointExtension>
<opentracks:accuracy_horizontal>6.633</opentracks:accuracy_horizontal></extensions>
</trkpt>
<trkpt lat="50.446526" lon="-104.529538">
<ele>558</ele>
<time>2026-09-25T19:06:32.893-06:00</time>
<extensions>
<gpxtpx:TrackPointExtension>
<gpxtpx:speed>1.6</gpxtpx:speed>
</gpxtpx:TrackPointExtension>
<opentracks:accuracy_horizontal>7.143</opentracks:accuracy_horizontal></extensions>
</trkpt>
<trkpt lat="50.446607" lon="-104.529468">
<ele>558</ele>
<time>2026-09-25T19:06:37.884-06:00</time>
<extensions>
<gpxtpx:TrackPointExtension>
<gpxtpx:speed>2.58</gpxtpx:speed>
</gpxtpx:TrackPointExtension>
<opentracks:accuracy_horizontal>7.653</opentracks:accuracy_horizontal></extensions>
</trkpt>
<trkpt lat="50.446573" lon="-104.529407">
<ele>559</ele>
<time>2026-09-25T19:06:47.897-06:00</time>
<extensions>
<gpxtpx:TrackPointExtension>
<gpxtpx:speed>0.06</gpxtpx:speed>
</gpxtpx:TrackPointExtension>
<opentracks:accuracy_horizontal>8.163</opentracks:accuracy_horizontal></extensions>
</trkpt>
<trkpt lat="50.446473" lon="-104.529378">
<ele>559</ele>
<time>2026-09-25T19:08:00.902-06:00</time>
<extensions>
<gpxtpx:TrackPointExtension>
<gpxtpx:speed>1.36</gpxtpx:speed>
</gpxtpx:TrackPointExtension>
<opentracks:accuracy_horizontal>8.163</opentracks:accuracy_horizontal></extensions>
</trkpt>
<trkpt lat="50.44641" lon="-104.529331">
<ele>559</ele>
<time>2026-09-25T19:08:10.888-06:00</time>
<extensions>
<gpxtpx:TrackPointExtension>
<gpxtpx:speed>0.48</gpxtpx:speed>
</gpxtpx:TrackPointExtension>
<opentracks:accuracy_horizontal>5.102</opentracks:accuracy_horizontal></extensions>
</trkpt>
<trkpt lat="50.446328" lon="-104.529268">
<ele>557</ele>
<time>2026-09-25T19:08:27.877-06:00</time>
<extensions>
<gpxtpx:TrackPointExtension>
<gpxtpx:speed>0.99</gpxtpx:speed>
</gpxtpx:TrackPointExtension>
<opentracks:accuracy_horizontal>8.163</opentracks:accuracy_horizontal></extensions>
</trkpt>
<trkpt lat="50.446347" lon="-104.529233">
<ele>557</ele>
<time>2026-09-25T19:08:29.872-06:00</time>
<extensions>
<gpxtpx:TrackPointExtension>
<gpxtpx:speed>1.52</gpxtpx:speed>
</gpxtpx:TrackPointExtension>
<opentracks:accuracy_horizontal>1.02</opentracks:accuracy_horizontal></extensions>
</trkpt>
<trkpt lat="50.446901" lon="-104.528892">
<ele>508</ele>
<time>2026-09-25T19:10:34.861-06:00</time>
<extensions>
<gpxtpx:TrackPointExtension>
<gpxtpx:speed>0.91</gpxtpx:speed>
</gpxtpx:TrackPointExtension>
<opentracks:accuracy_horizontal>30.612</opentracks:accuracy_horizontal></extensions>
</trkpt>
<trkpt lat="50.447082" lon="-104.528567">
<ele>563</ele>
<time>2026-09-25T19:11:17.861-06:00</time>
<extensions>
<gpxtpx:TrackPointExtension>
<gpxtpx:speed>2.01</gpxtpx:speed>
</gpxtpx:TrackPointExtension>
<opentracks:accuracy_horizontal>47.449</opentracks:accuracy_horizontal></extensions>
</trkpt>
<trkpt lat="50.44716" lon="-104.528663">
<ele>576</ele>
<time>2026-09-25T19:11:22.864-06:00</time>
<extensions>
<gpxtpx:TrackPointExtension>
<gpxtpx:speed>2.69</gpxtpx:speed>
</gpxtpx:TrackPointExtension>
<opentracks:accuracy_horizontal>42.347</opentracks:accuracy_horizontal></extensions>
</trkpt>
<trkpt lat="50.447076" lon="-104.528752">
<ele>556</ele>
<time>2026-09-25T19:11:31.863-06:00</time>
<extensions>
<gpxtpx:TrackPointExtension>
<gpxtpx:speed>0.84</gpxtpx:speed>
</gpxtpx:TrackPointExtension>
<opentracks:accuracy_horizontal>27.551</opentracks:accuracy_horizontal></extensions>
</trkpt>
<trkpt lat="50.447021" lon="-104.528738">
<ele>557</ele>
<time>2026-09-25T19:11:34.89-06:00</time>
<extensions>
<gpxtpx:TrackPointExtension>
<gpxtpx:speed>2.25</gpxtpx:speed>
</gpxtpx:TrackPointExtension>
<opentracks:accuracy_horizontal>29.082</opentracks:accuracy_horizontal></extensions>
</trkpt>
<trkpt lat="50.446872" lon="-104.52867">
<ele>544</ele>
<time>2026-09-25T19:11:45.878-06:00</time>
<extensions>
<gpxtpx:TrackPointExtension>
<gpxtpx:speed>1.99</gpxtpx:speed>
</gpxtpx:TrackPointExtension>
<opentracks:accuracy_horizontal>30.612</opentracks:accuracy_horizontal></extensions>
</trkpt>
<trkpt lat="50.44697" lon="-104.528609">
<ele>550</ele>
<time>2026-09-25T19:11:51.865-06:00</time>
<extensions>
<gpxtpx:TrackPointExtension>
<gpxtpx:speed>2.07</gpxtpx:speed>
</gpxtpx:TrackPointExtension>
<opentracks:accuracy_horizontal>42.857</opentracks:accuracy_horizontal></extensions>
</trkpt>
<trkpt lat="50.446962" lon="-104.5285">
<ele>554</ele>
<time>2026-09-25T19:12:01.875-06:00</time>
<extensions>
<gpxtpx:TrackPointExtension>
<gpxtpx:speed>0.69</gpxtpx:speed>
</gpxtpx:TrackPointExtension>
<opentracks:accuracy_horizontal>24.49</opentracks:accuracy_horizontal></extensions>
</trkpt>
<trkpt lat="50.446612" lon="-104.529314">
<ele>563</ele>
<time>2026-09-25T19:16:52.881-06:00</time>
<extensions>
<gpxtpx:TrackPointExtension>
<gpxtpx:speed>2.64</gpxtpx:speed>
</gpxtpx:TrackPointExtension>
<opentracks:accuracy_horizontal>35.714</opentracks:accuracy_horizontal></extensions>
</trkpt>
<trkpt lat="50.446288" lon="-104.529176">
<ele>562</ele>
<time>2026-09-25T19:16:53.867-06:00</time>
<extensions>
<gpxtpx:TrackPointExtension>
<gpxtpx:speed>2.58</gpxtpx:speed>
</gpxtpx:TrackPointExtension>
<opentracks:accuracy_horizontal>37.755</opentracks:accuracy_horizontal></extensions>
</trkpt>
<trkpt lat="50.446569" lon="-104.529324">
<ele>555</ele>
<time>2026-09-25T19:16:57.875-06:00</time>
<extensions>
<gpxtpx:TrackPointExtension>
<gpxtpx:speed>1.36</gpxtpx:speed>
</gpxtpx:TrackPointExtension>
<opentracks:accuracy_horizontal>43.367</opentracks:accuracy_horizontal></extensions>
</trkpt>
<trkpt lat="50.446548" lon="-104.529325">
<ele>558</ele>
<time>2026-09-25T19:17:07.882-06:00</time>
<extensions>
<gpxtpx:TrackPointExtension>
<gpxtpx:speed>0.64</gpxtpx:speed>
</gpxtpx:TrackPointExtension>
<opentracks:accuracy_horizontal>9.184</opentracks:accuracy_horizontal></extensions>
</trkpt>
<trkpt lat="50.44657" lon="-104.529468">
<ele>559</ele>
<time>2026-09-25T19:18:32.914-06:00</time>
<extensions>
<gpxtpx:TrackPointExtension>
<gpxtpx:speed>1.27</gpxtpx:speed>
</gpxtpx:TrackPointExtension>
<opentracks:accuracy_horizontal>4.592</opentracks:accuracy_horizontal></extensions>
</trkpt>
<trkpt lat="50.446559" lon="-104.529638">
<ele>558</ele>
<time>2026-09-25T19:18:37.896-06:00</time>
<extensions>
<gpxtpx:TrackPointExtension>
<gpxtpx:speed>3.55</gpxtpx:speed>
</gpxtpx:TrackPointExtension>
<opentracks:accuracy_horizontal>7.143</opentracks:accuracy_horizontal></extensions>
</trkpt>
<trkpt lat="50.446567" lon="-104.529796">
<ele>558</ele>
<time>2026-09-25T19:18:40.91-06:00</time>
<extensions>
<gpxtpx:TrackPointExtension>
<gpxtpx:speed>3.54</gpxtpx:speed>
</gpxtpx:TrackPointExtension>
<opentracks:accuracy_horizontal>7.653</opentracks:accuracy_horizontal></extensions>
</trkpt>
<trkpt lat="50.446564" lon="-104.529942">
<ele>558</ele>
<time>2026-09-25T19:18:43.916-06:00</time>
<extensions>
<gpxtpx:TrackPointExtension>
<gpxtpx:speed>3.45</gpxtpx:speed>
</gpxtpx:TrackPointExtension>
<opentracks:accuracy_horizontal>7.143</opentracks:accuracy_horizontal></extensions>
</trkpt>
<trkpt lat="50.446568" lon="-104.530083">
<ele>559</ele>
<time>2026-09-25T19:18:46.914-06:00</time>
<extensions>
<gpxtpx:TrackPointExtension>
<gpxtpx:speed>3.23</gpxtpx:speed>
</gpxtpx:TrackPointExtension>
<opentracks:accuracy_horizontal>4.592</opentracks:accuracy_horizontal></extensions>
</trkpt>
<trkpt lat="50.446575" lon="-104.530246">
<ele>558</ele>
<time>2026-09-25T19:18:50.919-06:00</time>
<extensions>
<gpxtpx:TrackPointExtension>
<gpxtpx:speed>2.62</gpxtpx:speed>
</gpxtpx:TrackPointExtension>
<opentracks:accuracy_horizontal>7.143</opentracks:accuracy_horizontal></extensions>
</trkpt>
<trkpt lat="50.446577" lon="-104.530414">
<ele>557</ele>
<time>2026-09-25T19:18:54.91-06:00</time>
<extensions>
<gpxtpx:TrackPointExtension>
<gpxtpx:speed>3.24</gpxtpx:speed>
</gpxtpx:TrackPointExtension>
<opentracks:accuracy_horizontal>6.633</opentracks:accuracy_horizontal></extensions>
</trkpt>
<trkpt lat="50.446563" lon="-104.530554">
<ele>557</ele>
<time>2026-09-25T19:18:57.912-06:00</time>
<extensions>
<gpxtpx:TrackPointExtension>
<gpxtpx:speed>3.49</gpxtpx:speed>
</gpxtpx:TrackPointExtension>
<opentracks:accuracy_horizontal>6.122</opentracks:accuracy_horizontal></extensions>
</trkpt>
<trkpt lat="50.446567" lon="-104.5307">
<ele>557</ele>
<time>2026-09-25T19:19:00.925-06:00</time>
<extensions>
<gpxtpx:TrackPointExtension>
<gpxtpx:speed>2.99</gpxtpx:speed>
</gpxtpx:TrackPointExtension>
<opentracks:accuracy_horizontal>6.122</opentracks:accuracy_horizontal></extensions>
</trkpt>
<trkpt lat="50.446583" lon="-104.530851">
<ele>556</ele>
<time>2026-09-25T19:19:05.916-06:00</time>
<extensions>
<gpxtpx:TrackPointExtension>
<gpxtpx:speed>2.8</gpxtpx:speed>
</gpxtpx:TrackPointExtension>
<opentracks:accuracy_horizontal>6.633</opentracks:accuracy_horizontal></extensions>
</trkpt>
<trkpt lat="50.446589" lon="-104.531026">
<ele>556</ele>
<time>2026-09-25T19:19:09.902-06:00</time>
<extensions>
<gpxtpx:TrackPointExtension>
<gpxtpx:speed>3.31</gpxtpx:speed>
</gpxtpx:TrackPointExtension>
<opentracks:accuracy_horizontal>5.612</opentracks:accuracy_horizontal></extensions>
</trkpt>
<trkpt lat="50.446596" lon="-104.531186">
<ele>557</ele>
<time>2026-09-25T19:19:12.924-06:00</time>
<extensions>
<gpxtpx:TrackPointExtension>
<gpxtpx:speed>4.44</gpxtpx:speed>
</gpxtpx:TrackPointExtension>
<opentracks:accuracy_horizontal>4.592</opentracks:accuracy_horizontal></extensions>
</trkpt>
<trkpt lat="50.446593" lon="-104.531371">
<ele>557</ele>
<time>2026-09-25T19:19:15.927-06:00</time>
<extensions>
<gpxtpx:TrackPointExtension>
<gpxtpx:speed>4.3</gpxtpx:speed>
</gpxtpx:TrackPointExtension>
<opentracks:accuracy_horizontal>6.122</opentracks:accuracy_horizontal></extensions>
</trkpt>
<trkpt lat="50.446595" lon="-104.531544">
<ele>557</ele>
<time>2026-09-25T19:19:18.925-06:00</time>
<extensions>
<gpxtpx:TrackPointExtension>
<gpxtpx:speed>4.15</gpxtpx:speed>
</gpxtpx:TrackPointExtension>
<opentracks:accuracy_horizontal>4.592</opentracks:accuracy_horizontal></extensions>
</trkpt>
<trkpt lat="50.446593" lon="-104.531709">
<ele>557</ele>
<time>2026-09-25T19:19:21.9-06:00</time>
<extensions>
<gpxtpx:TrackPointExtension>
<gpxtpx:speed>3.4</gpxtpx:speed>
</gpxtpx:TrackPointExtension>
<opentracks:accuracy_horizontal>5.612</opentracks:accuracy_horizontal></extensions>
</trkpt>
<trkpt lat="50.446581" lon="-104.531887">
<ele>558</ele>
<time>2026-09-25T19:19:25.907-06:00</time>
<extensions>
<gpxtpx:TrackPointExtension>
<gpxtpx:speed>3.71</gpxtpx:speed>
</gpxtpx:TrackPointExtension>
<opentracks:accuracy_horizontal>5.612</opentracks:accuracy_horizontal></extensions>
</trkpt>
<trkpt lat="50.446546" lon="-104.532072">
<ele>558</ele>
<time>2026-09-25T19:19:28.91-06:00</time>
<extensions>
<gpxtpx:TrackPointExtension>
<gpxtpx:speed>5.03</gpxtpx:speed>
</gpxtpx:TrackPointExtension>
<opentracks:accuracy_horizontal>6.122</opentracks:accuracy_horizontal></extensions>
</trkpt>
<trkpt lat="50.446474" lon="-104.532181">
<ele>558</ele>
<time>2026-09-25T19:19:30.909-06:00</time>
<extensions>
<gpxtpx:TrackPointExtension>
<gpxtpx:speed>4.97</gpxtpx:speed>
</gpxtpx:TrackPointExtension>
<opentracks:accuracy_horizontal>4.082</opentracks:accuracy_horizontal></extensions>
</trkpt>
<trkpt lat="50.446428" lon="-104.532355">
<ele>558</ele>
<time>2026-09-25T19:19:33.904-06:00</time>
<extensions>
<gpxtpx:TrackPointExtension>
<gpxtpx:speed>4.62</gpxtpx:speed>
</gpxtpx:TrackPointExtension>
<opentracks:accuracy_horizontal>4.082</opentracks:accuracy_horizontal></extensions>
</trkpt>
<trkpt lat="50.446372" lon="-104.53253">
<ele>558</ele>
<time>2026-09-25T19:19:36.913-06:00</time>
<extensions>
<gpxtpx:TrackPointExtension>
<gpxtpx:speed>3.81</gpxtpx:speed>
</gpxtpx:TrackPointExtension>
<opentracks:accuracy_horizontal>4.592</opentracks:accuracy_horizontal></extensions>
</trkpt>
<trkpt lat="50.446303" lon="-104.53264">
<ele>559</ele>
<time>2026-09-25T19:19:40.915-06:00</time>
<extensions>
<gpxtpx:TrackPointExtension>
<gpxtpx:speed>2.97</gpxtpx:speed>
</gpxtpx:TrackPointExtension>
<opentracks:accuracy_horizontal>7.143</opentracks:accuracy_horizontal></extensions>
</trkpt>
<trkpt lat="50.446396" lon="-104.532667">
<ele>557</ele>
<time>2026-09-25T19:19:43.917-06:00</time>
<extensions>
<gpxtpx:TrackPointExtension>
<gpxtpx:speed>4.27</gpxtpx:speed>
</gpxtpx:TrackPointExtension>
<opentracks:accuracy_horizontal>1.02</opentracks:accuracy_horizontal></extensions>
</trkpt>
<trkpt lat="50.44649" lon="-104.532669">
<ele>558</ele>
<time>2026-09-25T19:19:45.926-06:00</time>
<extensions>
<gpxtpx:TrackPointExtension>
<gpxtpx:speed>4.96</gpxtpx:speed>
</gpxtpx:TrackPointExtension>
<opentracks:accuracy_horizontal>1.02</opentracks:accuracy_horizontal></extensions>
</trkpt>
<trkpt lat="50.44661" lon="-104.532673">
<ele>557</ele>
<time>2026-09-25T19:19:48.915-06:00</time>
<extensions>
<gpxtpx:TrackPointExtension>
<gpxtpx:speed>4.24</gpxtpx:speed>
</gpxtpx:TrackPointExtension>
<opentracks:accuracy_horizontal>1.02</opentracks:accuracy_horizontal></extensions>
</trkpt>
<trkpt lat="50.446716" lon="-104.532674">
<ele>557</ele>
<time>2026-09-25T19:19:51.913-06:00</time>
<extensions>
<gpxtpx:TrackPointExtension>
<gpxtpx:speed>3.36</gpxtpx:speed>
</gpxtpx:TrackPointExtension>
<opentracks:accuracy_horizontal>1.02</opentracks:accuracy_horizontal></extensions>
</trkpt>
<trkpt lat="50.446827" lon="-104.532673">
<ele>557</ele>
<time>2026-09-25T19:19:55.919-06:00</time>
<extensions>
<gpxtpx:TrackPointExtension>
<gpxtpx:speed>3.03</gpxtpx:speed>
</gpxtpx:TrackPointExtension>
<opentracks:accuracy_horizontal>6.122</opentracks:accuracy_horizontal></extensions>
</trkpt>
<trkpt lat="50.446926" lon="-104.532675">
<ele>557</ele>
<time>2026-09-25T19:19:59.917-06:00</time>
<extensions>
<gpxtpx:TrackPointExtension>
<gpxtpx:speed>2.71</gpxtpx:speed>
</gpxtpx:TrackPointExtension>
<opentracks:accuracy_horizontal>5.612</opentracks:accuracy_horizontal></extensions>
</trkpt>
<trkpt lat="50.447019" lon="-104.532687">
<ele>557</ele>
<time>2026-09-25T19:20:03.919-06:00</time>
<extensions>
<gpxtpx:TrackPointExtension>
<gpxtpx:speed>2.08</gpxtpx:speed>
</gpxtpx:TrackPointExtension>
<opentracks:accuracy_horizontal>6.633</opentracks:accuracy_horizontal></extensions>
</trkpt>
<trkpt lat="50.447114" lon="-104.53272">
<ele>557</ele>
<time>2026-09-25T19:20:10.906-06:00</time>
<extensions>
<gpxtpx:TrackPointExtension>
<gpxtpx:speed>1.26</gpxtpx:speed>
</gpxtpx:TrackPointExtension>
<opentracks:accuracy_horizontal>0.51</opentracks:accuracy_horizontal></extensions>
</trkpt>
<trkpt lat="50.447204" lon="-104.532718">
<ele>557</ele>
<time>2026-09-25T19:20:18.918-06:00</time>
<extensions>
<gpxtpx:TrackPointExtension>
<gpxtpx:speed>1.04</gpxtpx:speed>
</gpxtpx:TrackPointExtension>
<opentracks:accuracy_horizontal>5.612</opentracks:accuracy_horizontal></extensions>
</trkpt>
<trkpt lat="50.447261" lon="-104.532696">
<ele>558</ele>
<time>2026-09-25T19:20:28.918-06:00</time>
<extensions>
<gpxtpx:TrackPointExtension>
<gpxtpx:speed>0.17</gpxtpx:speed>
</gpxtpx:TrackPointExtension>
<opentracks:accuracy_horizontal>6.633</opentracks:accuracy_horizontal></extensions>
</trkpt>
<trkpt lat="50.447357" lon="-104.532677">
<ele>558</ele>
<time>2026-09-25T19:20:47.914-06:00</time>
<extensions>
<gpxtpx:TrackPointExtension>
<gpxtpx:speed>3.15</gpxtpx:speed>
</gpxtpx:TrackPointExtension>
<opentracks:accuracy_horizontal>4.592</opentracks:accuracy_horizontal></extensions>
</trkpt>
<trkpt lat="50.44746" lon="-104.532708">
<ele>558</ele>
<time>2026-09-25T19:20:50.922-06:00</time>
<extensions>
<gpxtpx:TrackPointExtension>
<gpxtpx:speed>4.04</gpxtpx:speed>
</gpxtpx:TrackPointExtension>
<opentracks:accuracy_horizontal>4.592</opentracks:accuracy_horizontal></extensions>
</trkpt>
<trkpt lat="50.447583" lon="-104.53271">
<ele>559</ele>
<time>2026-09-25T19:20:53.921-06:00</time>
<extensions>
<gpxtpx:TrackPointExtension>
<gpxtpx:speed>4.33</gpxtpx:speed>
</gpxtpx:TrackPointExtension>
<opentracks:accuracy_horizontal>1.02</opentracks:accuracy_horizontal></extensions>
</trkpt>
<trkpt lat="50.4477" lon="-104.532714">
<ele>559</ele>
<time>2026-09-25T19:20:56.921-06:00</time>
<extensions>
<gpxtpx:TrackPointExtension>
<gpxtpx:speed>4.43</gpxtpx:speed>
</gpxtpx:TrackPointExtension>
<opentracks:accuracy_horizontal>1.02</opentracks:accuracy_horizontal></extensions>
</trkpt>
<trkpt lat="50.447817" lon="-104.532726">
<ele>559</ele>
<time>2026-09-25T19:20:59.913-06:00</time>
<extensions>
<gpxtpx:TrackPointExtension>
<gpxtpx:speed>4.32</gpxtpx:speed>
</gpxtpx:TrackPointExtension>
<opentracks:accuracy_horizontal>3.571</opentracks:accuracy_horizontal></extensions>
</trkpt>
<trkpt lat="50.447936" lon="-104.532739">
<ele>559</ele>
<time>2026-09-25T19:21:02.906-06:00</time>
<extensions>
<gpxtpx:TrackPointExtension>
<gpxtpx:speed>5.61</gpxtpx:speed>
</gpxtpx:TrackPointExtension>
<opentracks:accuracy_horizontal>4.592</opentracks:accuracy_horizontal></extensions>
</trkpt>
<trkpt lat="50.448073" lon="-104.532718">
<ele>558</ele>
<time>2026-09-25T19:21:05.91-06:00</time>
<extensions>
<gpxtpx:TrackPointExtension>
<gpxtpx:speed>4.7</gpxtpx:speed>
</gpxtpx:TrackPointExtension>
<opentracks:accuracy_horizontal>4.592</opentracks:accuracy_horizontal></extensions>
</trkpt>
<trkpt lat="50.448197" lon="-104.532724">
<ele>558</ele>
<time>2026-09-25T19:21:08.92-06:00</time>
<extensions>
<gpxtpx:TrackPointExtension>
<gpxtpx:speed>4.66</gpxtpx:speed>
</gpxtpx:TrackPointExtension>
<opentracks:accuracy_horizontal>1.02</opentracks:accuracy_horizontal></extensions>
</trkpt>
<trkpt lat="50.448323" lon="-104.532728">
<ele>558</ele>
<time>2026-09-25T19:21:11.918-06:00</time>
<extensions>
<gpxtpx:TrackPointExtension>
<gpxtpx:speed>4.81</gpxtpx:speed>
</gpxtpx:TrackPointExtension>
<opentracks:accuracy_horizontal>1.02</opentracks:accuracy_horizontal></extensions>
</trkpt>
<trkpt lat="50.448447" lon="-104.532707">
<ele>557</ele>
<time>2026-09-25T19:21:14.922-06:00</time>
<extensions>
<gpxtpx:TrackPointExtension>
<gpxtpx:speed>4.51</gpxtpx:speed>
</gpxtpx:TrackPointExtension>
<opentracks:accuracy_horizontal>1.02</opentracks:accuracy_horizontal></extensions>
</trkpt>
<trkpt lat="50.448574" lon="-104.53272">
<ele>557</ele>
<time>2026-09-25T19:21:17.921-06:00</time>
<extensions>
<gpxtpx:TrackPointExtension>
<gpxtpx:speed>4.62</gpxtpx:speed>
</gpxtpx:TrackPointExtension>
<opentracks:accuracy_horizontal>3.061</opentracks:accuracy_horizontal></extensions>
</trkpt>
<trkpt lat="50.448697" lon="-104.532714">
<ele>558</ele>
<time>2026-09-25T19:21:20.915-06:00</time>
<extensions>
<gpxtpx:TrackPointExtension>
<gpxtpx:speed>4.93</gpxtpx:speed>
</gpxtpx:TrackPointExtension>
<opentracks:accuracy_horizontal>3.061</opentracks:accuracy_horizontal></extensions>
</trkpt>
<trkpt lat="50.448807" lon="-104.532703">
<ele>558</ele>
<time>2026-09-25T19:21:23.917-06:00</time>
<extensions>
<gpxtpx:TrackPointExtension>
<gpxtpx:speed>4.34</gpxtpx:speed>
</gpxtpx:TrackPointExtension>
<opentracks:accuracy_horizontal>4.082</opentracks:accuracy_horizontal></extensions>
</trkpt>
<trkpt lat="50.448919" lon="-104.532705">
<ele>558</ele>
<time>2026-09-25T19:21:26.922-06:00</time>
<extensions>
<gpxtpx:TrackPointExtension>
<gpxtpx:speed>4.08</gpxtpx:speed>
</gpxtpx:TrackPointExtension>
<opentracks:accuracy_horizontal>1.02</opentracks:accuracy_horizontal></extensions>
</trkpt>
<trkpt lat="50.449012" lon="-104.532702">
<ele>558</ele>
<time>2026-09-25T19:21:28.914-06:00</time>
<extensions>
<gpxtpx:TrackPointExtension>
<gpxtpx:speed>5.81</gpxtpx:speed>
</gpxtpx:TrackPointExtension>
<opentracks:accuracy_horizontal>1.02</opentracks:accuracy_horizontal></extensions>
</trkpt>
<trkpt lat="50.449112" lon="-104.532703">
<ele>558</ele>
<time>2026-09-25T19:21:30.951-06:00</time>
<extensions>
<gpxtpx:TrackPointExtension>
<gpxtpx:speed>5.19</gpxtpx:speed>
</gpxtpx:TrackPointExtension>
<opentracks:accuracy_horizontal>2.041</opentracks:accuracy_horizontal></extensions>
</trkpt>
<trkpt lat="50.449202" lon="-104.5327">
<ele>558</ele>
<time>2026-09-25T19:21:32.913-06:00</time>
<extensions>
<gpxtpx:TrackPointExtension>
<gpxtpx:speed>5</gpxtpx:speed>
</gpxtpx:TrackPointExtension>
<opentracks:accuracy_horizontal>1.02</opentracks:accuracy_horizontal></extensions>
</trkpt>
<trkpt lat="50.449327" lon="-104.532686">
<ele>558</ele>
<time>2026-09-25T19:21:35.906-06:00</time>
<extensions>
<gpxtpx:TrackPointExtension>
<gpxtpx:speed>4.68</gpxtpx:speed>
</gpxtpx:TrackPointExtension>
<opentracks:accuracy_horizontal>1.02</opentracks:accuracy_horizontal></extensions>
</trkpt>
<trkpt lat="50.449419" lon="-104.532696">
<ele>558</ele>
<time>2026-09-25T19:21:37.921-06:00</time>
<extensions>
<gpxtpx:TrackPointExtension>
<gpxtpx:speed>4.78</gpxtpx:speed>
</gpxtpx:TrackPointExtension>
<opentracks:accuracy_horizontal>1.02</opentracks:accuracy_horizontal></extensions>
</trkpt>
<trkpt lat="50.449546" lon="-104.532695">
<ele>559</ele>
<time>2026-09-25T19:21:40.914-06:00</time>
<extensions>
<gpxtpx:TrackPointExtension>
<gpxtpx:speed>4.46</gpxtpx:speed>
</gpxtpx:TrackPointExtension>
<opentracks:accuracy_horizontal>1.02</opentracks:accuracy_horizontal></extensions>
</trkpt>
<trkpt lat="50.449671" lon="-104.5327">
<ele>558</ele>
<time>2026-09-25T19:21:43.922-06:00</time>
<extensions>
<gpxtpx:TrackPointExtension>
<gpxtpx:speed>4.66</gpxtpx:speed>
</gpxtpx:TrackPointExtension>
<opentracks:accuracy_horizontal>1.02</opentracks:accuracy_horizontal></extensions>
</trkpt>
<trkpt lat="50.449795" lon="-104.532712">
<ele>558</ele>
<time>2026-09-25T19:21:46.912-06:00</time>
<extensions>
<gpxtpx:TrackPointExtension>
<gpxtpx:speed>4.42</gpxtpx:speed>
</gpxtpx:TrackPointExtension>
<opentracks:accuracy_horizontal>0.51</opentracks:accuracy_horizontal></extensions>
</trkpt>
<trkpt lat="50.449903" lon="-104.532705">
<ele>558</ele>
<time>2026-09-25T19:21:49.906-06:00</time>
<extensions>
<gpxtpx:TrackPointExtension>
<gpxtpx:speed>3.73</gpxtpx:speed>
</gpxtpx:TrackPointExtension>
<opentracks:accuracy_horizontal>3.571</opentracks:accuracy_horizontal></extensions>
</trkpt>
<trkpt lat="50.45002" lon="-104.532708">
<ele>558</ele>
<time>2026-09-25T19:21:52.917-06:00</time>
<extensions>
<gpxtpx:TrackPointExtension>
<gpxtpx:speed>4.7</gpxtpx:speed>
</gpxtpx:TrackPointExtension>
<opentracks:accuracy_horizontal>1.02</opentracks:accuracy_horizontal></extensions>
</trkpt>
<trkpt lat="50.45011" lon="-104.532703">
<ele>558</ele>
<time>2026-09-25T19:21:54.919-06:00</time>
<extensions>
<gpxtpx:TrackPointExtension>
<gpxtpx:speed>4.83</gpxtpx:speed>
</gpxtpx:TrackPointExtension>
<opentracks:accuracy_horizontal>1.02</opentracks:accuracy_horizontal></extensions>
</trkpt>
<trkpt lat="50.450239" lon="-104.532693">
<ele>557</ele>
<time>2026-09-25T19:21:57.935-06:00</time>
<extensions>
<gpxtpx:TrackPointExtension>
<gpxtpx:speed>4.55</gpxtpx:speed>
</gpxtpx:TrackPointExtension>
<opentracks:accuracy_horizontal>1.02</opentracks:accuracy_horizontal></extensions>
</trkpt>
<trkpt lat="50.450366" lon="-104.532688">
<ele>558</ele>
<time>2026-09-25T19:22:00.923-06:00</time>
<extensions>
<gpxtpx:TrackPointExtension>
<gpxtpx:speed>4.53</gpxtpx:speed>
</gpxtpx:TrackPointExtension>
<opentracks:accuracy_horizontal>1.02</opentracks:accuracy_horizontal></extensions>
</trkpt>
<trkpt lat="50.450487" lon="-104.532667">
<ele>557</ele>
<time>2026-09-25T19:22:03.925-06:00</time>
<extensions>
<gpxtpx:TrackPointExtension>
<gpxtpx:speed>4.58</gpxtpx:speed>
</gpxtpx:TrackPointExtension>
<opentracks:accuracy_horizontal>3.061</opentracks:accuracy_horizontal></extensions>
</trkpt>
<trkpt lat="50.450609" lon="-104.532637">
<ele>558</ele>
<time>2026-09-25T19:22:06.922-06:00</time>
<extensions>
<gpxtpx:TrackPointExtension>
<gpxtpx:speed>4.48</gpxtpx:speed>
</gpxtpx:TrackPointExtension>
<opentracks:accuracy_horizontal>3.571</opentracks:accuracy_horizontal></extensions>
</trkpt>
<trkpt lat="50.450719" lon="-104.532626">
<ele>558</ele>
<time>2026-09-25T19:22:09.92-06:00</time>
<extensions>
<gpxtpx:TrackPointExtension>
<gpxtpx:speed>3.86</gpxtpx:speed>
</gpxtpx:TrackPointExtension>
<opentracks:accuracy_horizontal>4.082</opentracks:accuracy_horizontal></extensions>
</trkpt>
<trkpt lat="50.450822" lon="-104.532581">
<ele>558</ele>
<time>2026-09-25T19:22:12.925-06:00</time>
<extensions>
<gpxtpx:TrackPointExtension>
<gpxtpx:speed>4.11</gpxtpx:speed>
</gpxtpx:TrackPointExtension>
<opentracks:accuracy_horizontal>4.592</opentracks:accuracy_horizontal></extensions>
</trkpt>
<trkpt lat="50.450918" lon="-104.532543">
<ele>558</ele>
<time>2026-09-25T19:22:15.906-06:00</time>
<extensions>
<gpxtpx:TrackPointExtension>
<gpxtpx:speed>3.45</gpxtpx:speed>
</gpxtpx:TrackPointExtension>
<opentracks:accuracy_horizontal>3.061</opentracks:accuracy_horizontal></extensions>
</trkpt>
<trkpt lat="50.451018" lon="-104.532513">
<ele>558</ele>
<time>2026-09-25T19:22:19.915-06:00</time>
<extensions>
<gpxtpx:TrackPointExtension>
<gpxtpx:speed>2.54</gpxtpx:speed>
</gpxtpx:TrackPointExtension>
<opentracks:accuracy_horizontal>5.102</opentracks:accuracy_horizontal></extensions>
</trkpt>
<trkpt lat="50.451106" lon="-104.532475">
<ele>558</ele>
<time>2026-09-25T19:22:23.918-06:00</time>
<extensions>
<gpxtpx:TrackPointExtension>
<gpxtpx:speed>2.33</gpxtpx:speed>
</gpxtpx:TrackPointExtension>
<opentracks:accuracy_horizontal>4.592</opentracks:accuracy_horizontal></extensions>
</trkpt>
<trkpt lat="50.451202" lon="-104.532453">
<ele>558</ele>
<time>2026-09-25T19:22:28.923-06:00</time>
<extensions>
<gpxtpx:TrackPointExtension>
<gpxtpx:speed>1.7</gpxtpx:speed>
</gpxtpx:TrackPointExtension>
<opentracks:accuracy_horizontal>4.082</opentracks:accuracy_horizontal></extensions>
</trkpt>
<trkpt lat="50.451293" lon="-104.532403">
<ele>558</ele>
<time>2026-09-25T19:22:33.924-06:00</time>
<extensions>
<gpxtpx:TrackPointExtension>
<gpxtpx:speed>1.79</gpxtpx:speed>
</gpxtpx:TrackPointExtension>
<opentracks:accuracy_horizontal>4.082</opentracks:accuracy_horizontal></extensions>
</trkpt>
<trkpt lat="50.451391" lon="-104.532406">
<ele>557</ele>
<time>2026-09-25T19:22:41.921-06:00</time>
<extensions>
<gpxtpx:TrackPointExtension>
<gpxtpx:speed>3.51</gpxtpx:speed>
</gpxtpx:TrackPointExtension>
<opentracks:accuracy_horizontal>5.612</opentracks:accuracy_horizontal></extensions>
</trkpt>
<trkpt lat="50.451441" lon="-104.532559">
<ele>556</ele>
<time>2026-09-25T19:22:44.913-06:00</time>
<extensions>
<gpxtpx:TrackPointExtension>
<gpxtpx:speed>4.27</gpxtpx:speed>
</gpxtpx:TrackPointExtension>
<opentracks:accuracy_horizontal>4.592</opentracks:accuracy_horizontal></extensions>
</trkpt>
<trkpt lat="50.451471" lon="-104.532715">
<ele>557</ele>
<time>2026-09-25T19:22:47.906-06:00</time>
<extensions>
<gpxtpx:TrackPointExtension>
<gpxtpx:speed>3.7</gpxtpx:speed>
</gpxtpx:TrackPointExtension>
<opentracks:accuracy_horizontal>4.082</opentracks:accuracy_horizontal></extensions>
</trkpt>
<trkpt lat="50.451528" lon="-104.532827">
<ele>557</ele>
<time>2026-09-25T19:22:51.912-06:00</time>
<extensions>
<gpxtpx:TrackPointExtension>
<gpxtpx:speed>2.28</gpxtpx:speed>
</gpxtpx:TrackPointExtension>
<opentracks:accuracy_horizontal>1.02</opentracks:accuracy_horizontal></extensions>
</trkpt>
<trkpt lat="50.45162" lon="-104.532918">
<ele>557</ele>
<time>2026-09-25T19:22:56.918-06:00</time>
<extensions>
<gpxtpx:TrackPointExtension>
<gpxtpx:speed>3.54</gpxtpx:speed>
</gpxtpx:TrackPointExtension>
<opentracks:accuracy_horizontal>7.653</opentracks:accuracy_horizontal></extensions>
</trkpt>
<trkpt lat="50.451731" lon="-104.532928">
<ele>557</ele>
<time>2026-09-25T19:22:59.918-06:00</time>
<extensions>
<gpxtpx:TrackPointExtension>
<gpxtpx:speed>5</gpxtpx:speed>
</gpxtpx:TrackPointExtension>
<opentracks:accuracy_horizontal>4.592</opentracks:accuracy_horizontal></extensions>
</trkpt>
<trkpt lat="50.451823" lon="-104.532913">
<ele>558</ele>
<time>2026-09-25T19:23:01.917-06:00</time>
<extensions>
<gpxtpx:TrackPointExtension>
<gpxtpx:speed>4.92</gpxtpx:speed>
</gpxtpx:TrackPointExtension>
<opentracks:accuracy_horizontal>4.082</opentracks:accuracy_horizontal></extensions>
</trkpt>
<trkpt lat="50.451915" lon="-104.532884">
<ele>557</ele>
<time>2026-09-25T19:23:03.918-06:00</time>
<extensions>
<gpxtpx:TrackPointExtension>
<gpxtpx:speed>5.71</gpxtpx:speed>
</gpxtpx:TrackPointExtension>
<opentracks:accuracy_horizontal>1.02</opentracks:accuracy_horizontal></extensions>
</trkpt>
<trkpt lat="50.452017" lon="-104.532844">
<ele>557</ele>
<time>2026-09-25T19:23:05.923-06:00</time>
<extensions>
<gpxtpx:TrackPointExtension>
<gpxtpx:speed>5.76</gpxtpx:speed>
</gpxtpx:TrackPointExtension>
<opentracks:accuracy_horizontal>0.51</opentracks:accuracy_horizontal></extensions>
</trkpt>
<trkpt lat="50.452119" lon="-104.532784">
<ele>557</ele>
<time>2026-09-25T19:23:07.933-06:00</time>
<extensions>
<gpxtpx:TrackPointExtension>
<gpxtpx:speed>5.81</gpxtpx:speed>
</gpxtpx:TrackPointExtension>
<opentracks:accuracy_horizontal>3.571</opentracks:accuracy_horizontal></extensions>
</trkpt>
<trkpt lat="50.452216" lon="-104.532735">
<ele>557</ele>
<time>2026-09-25T19:23:09.92-06:00</time>
<extensions>
<gpxtpx:TrackPointExtension>
<gpxtpx:speed>5.6</gpxtpx:speed>
</gpxtpx:TrackPointExtension>
<opentracks:accuracy_horizontal>4.082</opentracks:accuracy_horizontal></extensions>
</trkpt>
<trkpt lat="50.45232" lon="-104.53271">
<ele>557</ele>
<time>2026-09-25T19:23:11.913-06:00</time>
<extensions>
<gpxtpx:TrackPointExtension>
<gpxtpx:speed>5.63</gpxtpx:speed>
</gpxtpx:TrackPointExtension>
<opentracks:accuracy_horizontal>3.061</opentracks:accuracy_horizontal></extensions>
</trkpt>
<trkpt lat="50.452421" lon="-104.532723">
<ele>556</ele>
<time>2026-09-25T19:23:13.91-06:00</time>
<extensions>
<gpxtpx:TrackPointExtension>
<gpxtpx:speed>5.92</gpxtpx:speed>
</gpxtpx:TrackPointExtension>
<opentracks:accuracy_horizontal>3.061</opentracks:accuracy_horizontal></extensions>
</trkpt>
<trkpt lat="50.452525" lon="-104.53273">
<ele>556</ele>
<time>2026-09-25T19:23:15.907-06:00</time>
<extensions>
<gpxtpx:TrackPointExtension>
<gpxtpx:speed>5.99</gpxtpx:speed>
</gpxtpx:TrackPointExtension>
<opentracks:accuracy_horizontal>3.571</opentracks:accuracy_horizontal></extensions>
</trkpt>
<trkpt lat="50.452632" lon="-104.532725">
<ele>556</ele>
<time>2026-09-25T19:23:17.917-06:00</time>
<extensions>
<gpxtpx:TrackPointExtension>
<gpxtpx:speed>6.05</gpxtpx:speed>
</gpxtpx:TrackPointExtension>
<opentracks:accuracy_horizontal>3.571</opentracks:accuracy_horizontal></extensions>
</trkpt>
<trkpt lat="50.452738" lon="-104.532692">
<ele>556</ele>
<time>2026-09-25T19:23:19.908-06:00</time>
<extensions>
<gpxtpx:TrackPointExtension>
<gpxtpx:speed>5.63</gpxtpx:speed>
</gpxtpx:TrackPointExtension>
<opentracks:accuracy_horizontal>3.571</opentracks:accuracy_horizontal></extensions>
</trkpt>
<trkpt lat="50.452835" lon="-104.532698">
<ele>556</ele>
<time>2026-09-25T19:23:21.916-06:00</time>
<extensions>
<gpxtpx:TrackPointExtension>
<gpxtpx:speed>5.48</gpxtpx:speed>
</gpxtpx:TrackPointExtension>
<opentracks:accuracy_horizontal>4.082</opentracks:accuracy_horizontal></extensions>
</trkpt>
<trkpt lat="50.452926" lon="-104.532722">
<ele>556</ele>
<time>2026-09-25T19:23:23.921-06:00</time>
<extensions>
<gpxtpx:TrackPointExtension>
<gpxtpx:speed>5.35</gpxtpx:speed>
</gpxtpx:TrackPointExtension>
<opentracks:accuracy_horizontal>3.571</opentracks:accuracy_horizontal></extensions>
</trkpt>
<trkpt lat="50.453013" lon="-104.532761">
<ele>555</ele>
<time>2026-09-25T19:23:25.912-06:00</time>
<extensions>
<gpxtpx:TrackPointExtension>
<gpxtpx:speed>5.2</gpxtpx:speed>
</gpxtpx:TrackPointExtension>
<opentracks:accuracy_horizontal>4.082</opentracks:accuracy_horizontal></extensions>
</trkpt>
<trkpt lat="50.453123" lon="-104.532884">
<ele>555</ele>
<time>2026-09-25T19:23:28.915-06:00</time>
<extensions>
<gpxtpx:TrackPointExtension>
<gpxtpx:speed>5.36</gpxtpx:speed>
</gpxtpx:TrackPointExtension>
<opentracks:accuracy_horizontal>5.102</opentracks:accuracy_horizontal></extensions>
</trkpt>
<trkpt lat="50.453194" lon="-104.533025">
<ele>555</ele>
<time>2026-09-25T19:23:30.946-06:00</time>
<extensions>
<gpxtpx:TrackPointExtension>
<gpxtpx:speed>6.71</gpxtpx:speed>
</gpxtpx:TrackPointExtension>
<opentracks:accuracy_horizontal>5.612</opentracks:accuracy_horizontal></extensions>
</trkpt>
<trkpt lat="50.453254" lon="-104.533214">
<ele>553</ele>
<time>2026-09-25T19:23:32.925-06:00</time>
<extensions>
<gpxtpx:TrackPointExtension>
<gpxtpx:speed>7.85</gpxtpx:speed>
</gpxtpx:TrackPointExtension>
<opentracks:accuracy_horizontal>1.02</opentracks:accuracy_horizontal></extensions>
</trkpt>
<trkpt lat="50.453288" lon="-104.533439">
<ele>552</ele>
<time>2026-09-25T19:23:34.918-06:00</time>
<extensions>
<gpxtpx:TrackPointExtension>
<gpxtpx:speed>8.15</gpxtpx:speed>
</gpxtpx:TrackPointExtension>
<opentracks:accuracy_horizontal>1.02</opentracks:accuracy_horizontal></extensions>
</trkpt>
<trkpt lat="50.453304" lon="-104.533676">
<ele>551</ele>
<time>2026-09-25T19:23:36.92-06:00</time>
<extensions>
<gpxtpx:TrackPointExtension>
<gpxtpx:speed>8.61</gpxtpx:speed>
</gpxtpx:TrackPointExtension>
<opentracks:accuracy_horizontal>1.02</opentracks:accuracy_horizontal></extensions>
</trkpt>
<trkpt lat="50.453289" lon="-104.53391">
<ele>551</ele>
<time>2026-09-25T19:23:38.92-06:00</time>
<extensions>
<gpxtpx:TrackPointExtension>
<gpxtpx:speed>8</gpxtpx:speed>
</gpxtpx:TrackPointExtension>
<opentracks:accuracy_horizontal>0.51</opentracks:accuracy_horizontal></extensions>
</trkpt>
<trkpt lat="50.453265" lon="-104.534127">
<ele>553</ele>
<time>2026-09-25T19:23:40.91-06:00</time>
<extensions>
<gpxtpx:TrackPointExtension>
<gpxtpx:speed>7.51</gpxtpx:speed>
</gpxtpx:TrackPointExtension>
<opentracks:accuracy_horizontal>1.02</opentracks:accuracy_horizontal></extensions>
</trkpt>
<trkpt lat="50.453241" lon="-104.534326">
<ele>554</ele>
<time>2026-09-25T19:23:42.917-06:00</time>
<extensions>
<gpxtpx:TrackPointExtension>
<gpxtpx:speed>6.93</gpxtpx:speed>
</gpxtpx:TrackPointExtension>
<opentracks:accuracy_horizontal>1.02</opentracks:accuracy_horizontal></extensions>
</trkpt>
<trkpt lat="50.453222" lon="-104.534503">
<ele>554</ele>
<time>2026-09-25T19:23:44.925-06:00</time>
<extensions>
<gpxtpx:TrackPointExtension>
<gpxtpx:speed>6.28</gpxtpx:speed>
</gpxtpx:TrackPointExtension>
<opentracks:accuracy_horizontal>1.02</opentracks:accuracy_horizontal></extensions>
</trkpt>
<trkpt lat="50.453207" lon="-104.534671">
<ele>555</ele>
<time>2026-09-25T19:23:46.916-06:00</time>
<extensions>
<gpxtpx:TrackPointExtension>
<gpxtpx:speed>6.02</gpxtpx:speed>
</gpxtpx:TrackPointExtension>
<opentracks:accuracy_horizontal>4.082</opentracks:accuracy_horizontal></extensions>
</trkpt>
<trkpt lat="50.453201" lon="-104.53484">
<ele>555</ele>
<time>2026-09-25T19:23:48.916-06:00</time>
<extensions>
<gpxtpx:TrackPointExtension>
<gpxtpx:speed>5.74</gpxtpx:speed>
</gpxtpx:TrackPointExtension>
<opentracks:accuracy_horizontal>4.592</opentracks:accuracy_horizontal></extensions>
</trkpt>
<trkpt lat="50.453223" lon="-104.535002">
<ele>555</ele>
<time>2026-09-25T19:23:50.913-06:00</time>
<extensions>
<gpxtpx:TrackPointExtension>
<gpxtpx:speed>5.7</gpxtpx:speed>
</gpxtpx:TrackPointExtension>
<opentracks:accuracy_horizontal>4.592</opentracks:accuracy_horizontal></extensions>
</trkpt>
<trkpt lat="50.453248" lon="-104.535151">
<ele>556</ele>
<time>2026-09-25T19:23:52.923-06:00</time>
<extensions>
<gpxtpx:TrackPointExtension>
<gpxtpx:speed>5.32</gpxtpx:speed>
</gpxtpx:TrackPointExtension>
<opentracks:accuracy_horizontal>4.592</opentracks:accuracy_horizontal></extensions>
</trkpt>
<trkpt lat="50.453256" lon="-104.535302">
<ele>556</ele>
<time>2026-09-25T19:23:54.923-06:00</time>
<extensions>
<gpxtpx:TrackPointExtension>
<gpxtpx:speed>5.23</gpxtpx:speed>
</gpxtpx:TrackPointExtension>
<opentracks:accuracy_horizontal>3.571</opentracks:accuracy_horizontal></extensions>
</trkpt>
<trkpt lat="50.453247" lon="-104.535443">
<ele>556</ele>
<time>2026-09-25T19:23:56.918-06:00</time>
<extensions>
<gpxtpx:TrackPointExtension>
<gpxtpx:speed>4.93</gpxtpx:speed>
</gpxtpx:TrackPointExtension>
<opentracks:accuracy_horizontal>3.571</opentracks:accuracy_horizontal></extensions>
</trkpt>
<trkpt lat="50.453185" lon="-104.535628">
<ele>555</ele>
<time>2026-09-25T19:23:59.91-06:00</time>
<extensions>
<gpxtpx:TrackPointExtension>
<gpxtpx:speed>4.54</gpxtpx:speed>
</gpxtpx:TrackPointExtension>
<opentracks:accuracy_horizontal>4.082</opentracks:accuracy_horizontal></extensions>
</trkpt>
<trkpt lat="50.453115" lon="-104.53578">
<ele>555</ele>
<time>2026-09-25T19:24:02.926-06:00</time>
<extensions>
<gpxtpx:TrackPointExtension>
<gpxtpx:speed>3.76</gpxtpx:speed>
</gpxtpx:TrackPointExtension>
<opentracks:accuracy_horizontal>4.082</opentracks:accuracy_horizontal></extensions>
</trkpt>
<trkpt lat="50.453082" lon="-104.53592">
<ele>556</ele>
<time>2026-09-25T19:24:05.923-06:00</time>
<extensions>
<gpxtpx:TrackPointExtension>
<gpxtpx:speed>3.96</gpxtpx:speed>
</gpxtpx:TrackPointExtension>
<opentracks:accuracy_horizontal>4.082</opentracks:accuracy_horizontal></extensions>
</trkpt>
<trkpt lat="50.453046" lon="-104.536097">
<ele>556</ele>
<time>2026-09-25T19:24:08.931-06:00</time>
<extensions>
<gpxtpx:TrackPointExtension>
<gpxtpx:speed>4.43</gpxtpx:speed>
</gpxtpx:TrackPointExtension>
<opentracks:accuracy_horizontal>1.02</opentracks:accuracy_horizontal></extensions>
</trkpt>
<trkpt lat="50.453013" lon="-104.536238">
<ele>557</ele>
<time>2026-09-25T19:24:11.914-06:00</time>
<extensions>
<gpxtpx:TrackPointExtension>
<gpxtpx:speed>3.06</gpxtpx:speed>
</gpxtpx:TrackPointExtension>
<opentracks:accuracy_horizontal>1.02</opentracks:accuracy_horizontal></extensions>
</trkpt>
<trkpt lat="50.452979" lon="-104.536396">
<ele>557</ele>
<time>2026-09-25T19:24:15.915-06:00</time>
<extensions>
<gpxtpx:TrackPointExtension>
<gpxtpx:speed>3.45</gpxtpx:speed>
</gpxtpx:TrackPointExtension>
<opentracks:accuracy_horizontal>5.102</opentracks:accuracy_horizontal></extensions>
</trkpt>
<trkpt lat="50.452941" lon="-104.536559">
<ele>556</ele>
<time>2026-09-25T19:24:18.91-06:00</time>
<extensions>
<gpxtpx:TrackPointExtension>
<gpxtpx:speed>4.21</gpxtpx:speed>
</gpxtpx:TrackPointExtension>
<opentracks:accuracy_horizontal>4.082</opentracks:accuracy_horizontal></extensions>
</trkpt>
<trkpt lat="50.452914" lon="-104.536736">
<ele>557</ele>
<time>2026-09-25T19:24:21.918-06:00</time>
<extensions>
<gpxtpx:TrackPointExtension>
<gpxtpx:speed>4.08</gpxtpx:speed>
</gpxtpx:TrackPointExtension>
<opentracks:accuracy_horizontal>4.082</opentracks:accuracy_horizontal></extensions>
</trkpt>
<trkpt lat="50.452894" lon="-104.536881">
<ele>558</ele>
<time>2026-09-25T19:24:24.919-06:00</time>
<extensions>
<gpxtpx:TrackPointExtension>
<gpxtpx:speed>4</gpxtpx:speed>
</gpxtpx:TrackPointExtension>
<opentracks:accuracy_horizontal>4.592</opentracks:accuracy_horizontal></extensions>
</trkpt>
<trkpt lat="50.452888" lon="-104.537071">
<ele>558</ele>
<time>2026-09-25T19:24:27.921-06:00</time>
<extensions>
<gpxtpx:TrackPointExtension>
<gpxtpx:speed>4.87</gpxtpx:speed>
</gpxtpx:TrackPointExtension>
<opentracks:accuracy_horizontal>4.592</opentracks:accuracy_horizontal></extensions>
</trkpt>
<trkpt lat="50.452931" lon="-104.537236">
<ele>557</ele>
<time>2026-09-25T19:24:30.921-06:00</time>
<extensions>
<gpxtpx:TrackPointExtension>
<gpxtpx:speed>4.16</gpxtpx:speed>
</gpxtpx:TrackPointExtension>
<opentracks:accuracy_horizontal>1.02</opentracks:accuracy_horizontal></extensions>
</trkpt>
<trkpt lat="50.453019" lon="-104.53732">
<ele>557</ele>
<time>2026-09-25T19:24:33.92-06:00</time>
<extensions>
<gpxtpx:TrackPointExtension>
<gpxtpx:speed>3.45</gpxtpx:speed>
</gpxtpx:TrackPointExtension>
<opentracks:accuracy_horizontal>0.51</opentracks:accuracy_horizontal></extensions>
</trkpt>
<trkpt lat="50.453111" lon="-104.537353">
<ele>558</ele>
<time>2026-09-25T19:24:36.92-06:00</time>
<extensions>
<gpxtpx:TrackPointExtension>
<gpxtpx:speed>3.63</gpxtpx:speed>
</gpxtpx:TrackPointExtension>
<opentracks:accuracy_horizontal>3.571</opentracks:accuracy_horizontal></extensions>
</trkpt>
<trkpt lat="50.453207" lon="-104.537389">
<ele>558</ele>
<time>2026-09-25T19:24:40.911-06:00</time>
<extensions>
<gpxtpx:TrackPointExtension>
<gpxtpx:speed>1.56</gpxtpx:speed>
</gpxtpx:TrackPointExtension>
<opentracks:accuracy_horizontal>1.02</opentracks:accuracy_horizontal></extensions>
</trkpt>
<trkpt lat="50.453321" lon="-104.537435">
<ele>558</ele>
<time>2026-09-25T19:24:46.91-06:00</time>
<extensions>
<gpxtpx:TrackPointExtension>
<gpxtpx:speed>3.54</gpxtpx:speed>
</gpxtpx:TrackPointExtension>
<opentracks:accuracy_horizontal>5.102</opentracks:accuracy_horizontal></extensions>
</trkpt>
<trkpt lat="50.453408" lon="-104.537513">
<ele>559</ele>
<time>2026-09-25T19:24:49.922-06:00</time>
<extensions>
<gpxtpx:TrackPointExtension>
<gpxtpx:speed>4.23</gpxtpx:speed>
</gpxtpx:TrackPointExtension>
<opentracks:accuracy_horizontal>6.633</opentracks:accuracy_horizontal></extensions>
</trkpt>
<trkpt lat="50.453515" lon="-104.537559">
<ele>558</ele>
<time>2026-09-25T19:24:52.923-06:00</time>
<extensions>
<gpxtpx:TrackPointExtension>
<gpxtpx:speed>3.78</gpxtpx:speed>
</gpxtpx:TrackPointExtension>
<opentracks:accuracy_horizontal>3.571</opentracks:accuracy_horizontal></extensions>
</trkpt>
<trkpt lat="50.453624" lon="-104.53761">
<ele>558</ele>
<time>2026-09-25T19:24:55.914-06:00</time>
<extensions>
<gpxtpx:TrackPointExtension>
<gpxtpx:speed>4.25</gpxtpx:speed>
</gpxtpx:TrackPointExtension>
<opentracks:accuracy_horizontal>1.02</opentracks:accuracy_horizontal></extensions>
</trkpt>
<trkpt lat="50.453732" lon="-104.537631">
<ele>558</ele>
<time>2026-09-25T19:24:58.919-06:00</time>
<extensions>
<gpxtpx:TrackPointExtension>
<gpxtpx:speed>4.47</gpxtpx:speed>
</gpxtpx:TrackPointExtension>
<opentracks:accuracy_horizontal>3.571</opentracks:accuracy_horizontal></extensions>
</trkpt>
<trkpt lat="50.453859" lon="-104.537625">
<ele>557</ele>
<time>2026-09-25T19:25:01.912-06:00</time>
<extensions>
<gpxtpx:TrackPointExtension>
<gpxtpx:speed>5.24</gpxtpx:speed>
</gpxtpx:TrackPointExtension>
<opentracks:accuracy_horizontal>3.571</opentracks:accuracy_horizontal></extensions>
</trkpt>
<trkpt lat="50.453964" lon="-104.537599">
<ele>557</ele>
<time>2026-09-25T19:25:03.916-06:00</time>
<extensions>
<gpxtpx:TrackPointExtension>
<gpxtpx:speed>6.19</gpxtpx:speed>
</gpxtpx:TrackPointExtension>
<opentracks:accuracy_horizontal>3.061</opentracks:accuracy_horizontal></extensions>
</trkpt>
<trkpt lat="50.454078" lon="-104.537577">
<ele>557</ele>
<time>2026-09-25T19:25:05.919-06:00</time>
<extensions>
<gpxtpx:TrackPointExtension>
<gpxtpx:speed>6.67</gpxtpx:speed>
</gpxtpx:TrackPointExtension>
<opentracks:accuracy_horizontal>3.571</opentracks:accuracy_horizontal></extensions>
</trkpt>
<trkpt lat="50.454197" lon="-104.537573">
<ele>557</ele>
<time>2026-09-25T19:25:07.912-06:00</time>
<extensions>
<gpxtpx:TrackPointExtension>
<gpxtpx:speed>6.03</gpxtpx:speed>
</gpxtpx:TrackPointExtension>
<opentracks:accuracy_horizontal>4.082</opentracks:accuracy_horizontal></extensions>
</trkpt>
<trkpt lat="50.454303" lon="-104.537592">
<ele>556</ele>
<time>2026-09-25T19:25:09.904-06:00</time>
<extensions>
<gpxtpx:TrackPointExtension>
<gpxtpx:speed>5.28</gpxtpx:speed>
</gpxtpx:TrackPointExtension>
<opentracks:accuracy_horizontal>1.02</opentracks:accuracy_horizontal></extensions>
</trkpt>
<trkpt lat="50.454426" lon="-104.537637">
<ele>557</ele>
<time>2026-09-25T19:25:12.918-06:00</time>
<extensions>
<gpxtpx:TrackPointExtension>
<gpxtpx:speed>5.08</gpxtpx:speed>
</gpxtpx:TrackPointExtension>
<opentracks:accuracy_horizontal>1.02</opentracks:accuracy_horizontal></extensions>
</trkpt>
<trkpt lat="50.454549" lon="-104.537649">
<ele>556</ele>
<time>2026-09-25T19:25:15.907-06:00</time>
<extensions>
<gpxtpx:TrackPointExtension>
<gpxtpx:speed>4.66</gpxtpx:speed>
</gpxtpx:TrackPointExtension>
<opentracks:accuracy_horizontal>0.51</opentracks:accuracy_horizontal></extensions>
</trkpt>
<trkpt lat="50.45468" lon="-104.537676">
<ele>556</ele>
<time>2026-09-25T19:25:18.91-06:00</time>
<extensions>
<gpxtpx:TrackPointExtension>
<gpxtpx:speed>4.77</gpxtpx:speed>
</gpxtpx:TrackPointExtension>
<opentracks:accuracy_horizontal>1.02</opentracks:accuracy_horizontal></extensions>
</trkpt>
<trkpt lat="50.454787" lon="-104.537706">
<ele>556</ele>
<time>2026-09-25T19:25:21.917-06:00</time>
<extensions>
<gpxtpx:TrackPointExtension>
<gpxtpx:speed>3.91</gpxtpx:speed>
</gpxtpx:TrackPointExtension>
<opentracks:accuracy_horizontal>0.51</opentracks:accuracy_horizontal></extensions>
</trkpt>
<trkpt lat="50.454886" lon="-104.537672">
<ele>556</ele>
<time>2026-09-25T19:25:24.906-06:00</time>
<extensions>
<gpxtpx:TrackPointExtension>
<gpxtpx:speed>3.46</gpxtpx:speed>
</gpxtpx:TrackPointExtension>
<opentracks:accuracy_horizontal>1.02</opentracks:accuracy_horizontal></extensions>
</trkpt>
<trkpt lat="50.454991" lon="-104.537618">
<ele>557</ele>
<time>2026-09-25T19:25:28.909-06:00</time>
<extensions>
<gpxtpx:TrackPointExtension>
<gpxtpx:speed>3.05</gpxtpx:speed>
</gpxtpx:TrackPointExtension>
<opentracks:accuracy_horizontal>1.02</opentracks:accuracy_horizontal></extensions>
</trkpt>
<trkpt lat="50.455083" lon="-104.537602">
<ele>557</ele>
<time>2026-09-25T19:25:34.908-06:00</time>
<extensions>
<gpxtpx:TrackPointExtension>
<gpxtpx:speed>2.46</gpxtpx:speed>
</gpxtpx:TrackPointExtension>
<opentracks:accuracy_horizontal>5.102</opentracks:accuracy_horizontal></extensions>
</trkpt>
<trkpt lat="50.455181" lon="-104.53761">
<ele>557</ele>
<time>2026-09-25T19:25:38.92-06:00</time>
<extensions>
<gpxtpx:TrackPointExtension>
<gpxtpx:speed>2.61</gpxtpx:speed>
</gpxtpx:TrackPointExtension>
<opentracks:accuracy_horizontal>5.102</opentracks:accuracy_horizontal></extensions>
</trkpt>
<trkpt lat="50.455286" lon="-104.537593">
<ele>557</ele>
<time>2026-09-25T19:25:42.929-06:00</time>
<extensions>
<gpxtpx:TrackPointExtension>
<gpxtpx:speed>4.32</gpxtpx:speed>
</gpxtpx:TrackPointExtension>
<opentracks:accuracy_horizontal>6.633</opentracks:accuracy_horizontal></extensions>
</trkpt>
<trkpt lat="50.455382" lon="-104.53756">
<ele>556</ele>
<time>2026-09-25T19:25:44.91-06:00</time>
<extensions>
<gpxtpx:TrackPointExtension>
<gpxtpx:speed>6.07</gpxtpx:speed>
</gpxtpx:TrackPointExtension>
<opentracks:accuracy_horizontal>4.592</opentracks:accuracy_horizontal></extensions>
</trkpt>
<trkpt lat="50.455494" lon="-104.537462">
<ele>557</ele>
<time>2026-09-25T19:25:46.922-06:00</time>
<extensions>
<gpxtpx:TrackPointExtension>
<gpxtpx:speed>7.12</gpxtpx:speed>
</gpxtpx:TrackPointExtension>
<opentracks:accuracy_horizontal>4.592</opentracks:accuracy_horizontal></extensions>
</trkpt>
<trkpt lat="50.455592" lon="-104.537307">
<ele>558</ele>
<time>2026-09-25T19:25:48.9-06:00</time>
<extensions>
<gpxtpx:TrackPointExtension>
<gpxtpx:speed>7.72</gpxtpx:speed>
</gpxtpx:TrackPointExtension>
<opentracks:accuracy_horizontal>1.02</opentracks:accuracy_horizontal></extensions>
</trkpt>
<trkpt lat="50.455679" lon="-104.537146">
<ele>558</ele>
<time>2026-09-25T19:25:50.904-06:00</time>
<extensions>
<gpxtpx:TrackPointExtension>
<gpxtpx:speed>7.68</gpxtpx:speed>
</gpxtpx:TrackPointExtension>
<opentracks:accuracy_horizontal>1.02</opentracks:accuracy_horizontal></extensions>
</trkpt>
<trkpt lat="50.455757" lon="-104.536966">
<ele>558</ele>
<time>2026-09-25T19:25:52.906-06:00</time>
<extensions>
<gpxtpx:TrackPointExtension>
<gpxtpx:speed>7.07</gpxtpx:speed>
</gpxtpx:TrackPointExtension>
<opentracks:accuracy_horizontal>1.02</opentracks:accuracy_horizontal></extensions>
</trkpt>
<trkpt lat="50.455819" lon="-104.536808">
<ele>558</ele>
<time>2026-09-25T19:25:54.915-06:00</time>
<extensions>
<gpxtpx:TrackPointExtension>
<gpxtpx:speed>6.81</gpxtpx:speed>
</gpxtpx:TrackPointExtension>
<opentracks:accuracy_horizontal>1.02</opentracks:accuracy_horizontal></extensions>
</trkpt>
<trkpt lat="50.455842" lon="-104.536632">
<ele>558</ele>
<time>2026-09-25T19:25:56.914-06:00</time>
<extensions>
<gpxtpx:TrackPointExtension>
<gpxtpx:speed>6.48</gpxtpx:speed>
</gpxtpx:TrackPointExtension>
<opentracks:accuracy_horizontal>1.02</opentracks:accuracy_horizontal></extensions>
</trkpt>
<trkpt lat="50.455862" lon="-104.536456">
<ele>558</ele>
<time>2026-09-25T19:25:58.929-06:00</time>
<extensions>
<gpxtpx:TrackPointExtension>
<gpxtpx:speed>6.37</gpxtpx:speed>
</gpxtpx:TrackPointExtension>
<opentracks:accuracy_horizontal>1.02</opentracks:accuracy_horizontal></extensions>
</trkpt>
<trkpt lat="50.455893" lon="-104.53629">
<ele>558</ele>
<time>2026-09-25T19:26:00.926-06:00</time>
<extensions>
<gpxtpx:TrackPointExtension>
<gpxtpx:speed>5.95</gpxtpx:speed>
</gpxtpx:TrackPointExtension>
<opentracks:accuracy_horizontal>1.02</opentracks:accuracy_horizontal></extensions>
</trkpt>
<trkpt lat="50.455908" lon="-104.536126">
<ele>558</ele>
<time>2026-09-25T19:26:02.918-06:00</time>
<extensions>
<gpxtpx:TrackPointExtension>
<gpxtpx:speed>5.95</gpxtpx:speed>
</gpxtpx:TrackPointExtension>
<opentracks:accuracy_horizontal>1.02</opentracks:accuracy_horizontal></extensions>
</trkpt>
<trkpt lat="50.455919" lon="-104.535968">
<ele>559</ele>
<time>2026-09-25T19:26:04.921-06:00</time>
<extensions>
<gpxtpx:TrackPointExtension>
<gpxtpx:speed>5.82</gpxtpx:speed>
</gpxtpx:TrackPointExtension>
<opentracks:accuracy_horizontal>1.02</opentracks:accuracy_horizontal></extensions>
</trkpt>
<trkpt lat="50.455913" lon="-104.5358">
<ele>559</ele>
<time>2026-09-25T19:26:06.912-06:00</time>
<extensions>
<gpxtpx:TrackPointExtension>
<gpxtpx:speed>5.89</gpxtpx:speed>
</gpxtpx:TrackPointExtension>
<opentracks:accuracy_horizontal>1.02</opentracks:accuracy_horizontal></extensions>
</trkpt>
<trkpt lat="50.455894" lon="-104.535648">
<ele>559</ele>
<time>2026-09-25T19:26:08.924-06:00</time>
<extensions>
<gpxtpx:TrackPointExtension>
<gpxtpx:speed>5.23</gpxtpx:speed>
</gpxtpx:TrackPointExtension>
<opentracks:accuracy_horizontal>1.02</opentracks:accuracy_horizontal></extensions>
</trkpt>
<trkpt lat="50.455868" lon="-104.535508">
<ele>559</ele>
<time>2026-09-25T19:26:10.919-06:00</time>
<extensions>
<gpxtpx:TrackPointExtension>
<gpxtpx:speed>5.05</gpxtpx:speed>
</gpxtpx:TrackPointExtension>
<opentracks:accuracy_horizontal>1.02</opentracks:accuracy_horizontal></extensions>
</trkpt>
<trkpt lat="50.455847" lon="-104.535305">
<ele>559</ele>
<time>2026-09-25T19:26:13.907-06:00</time>
<extensions>
<gpxtpx:TrackPointExtension>
<gpxtpx:speed>4.56</gpxtpx:speed>
</gpxtpx:TrackPointExtension>
<opentracks:accuracy_horizontal>1.02</opentracks:accuracy_horizontal></extensions>
</trkpt>
<trkpt lat="50.455821" lon="-104.535118">
<ele>559</ele>
<time>2026-09-25T19:26:16.91-06:00</time>
<extensions>
<gpxtpx:TrackPointExtension>
<gpxtpx:speed>4.53</gpxtpx:speed>
</gpxtpx:TrackPointExtension>
<opentracks:accuracy_horizontal>1.02</opentracks:accuracy_horizontal></extensions>
</trkpt>
<trkpt lat="50.455798" lon="-104.534943">
<ele>559</ele>
<time>2026-09-25T19:26:19.906-06:00</time>
<extensions>
<gpxtpx:TrackPointExtension>
<gpxtpx:speed>4.44</gpxtpx:speed>
</gpxtpx:TrackPointExtension>
<opentracks:accuracy_horizontal>0.51</opentracks:accuracy_horizontal></extensions>
</trkpt>
<trkpt lat="50.455772" lon="-104.534763">
<ele>560</ele>
<time>2026-09-25T19:26:22.919-06:00</time>
<extensions>
<gpxtpx:TrackPointExtension>
<gpxtpx:speed>4.3</gpxtpx:speed>
</gpxtpx:TrackPointExtension>
<opentracks:accuracy_horizontal>1.02</opentracks:accuracy_horizontal></extensions>
</trkpt>
<trkpt lat="50.455798" lon="-104.534612">
<ele>559</ele>
<time>2026-09-25T19:26:25.916-06:00</time>
<extensions>
<gpxtpx:TrackPointExtension>
<gpxtpx:speed>3.59</gpxtpx:speed>
</gpxtpx:TrackPointExtension>
<opentracks:accuracy_horizontal>0.51</opentracks:accuracy_horizontal></extensions>
</trkpt>
<trkpt lat="50.455874" lon="-104.534489">
<ele>559</ele>
<time>2026-09-25T19:26:29.931-06:00</time>
<extensions>
<gpxtpx:TrackPointExtension>
<gpxtpx:speed>2.47</gpxtpx:speed>
</gpxtpx:TrackPointExtension>
<opentracks:accuracy_horizontal>1.02</opentracks:accuracy_horizontal></extensions>
</trkpt>
<trkpt lat="50.455968" lon="-104.534393">
<ele>560</ele>
<time>2026-09-25T19:26:34.92-06:00</time>
<extensions>
<gpxtpx:TrackPointExtension>
<gpxtpx:speed>2.06</gpxtpx:speed>
</gpxtpx:TrackPointExtension>
<opentracks:accuracy_horizontal>6.122</opentracks:accuracy_horizontal></extensions>
</trkpt>
<trkpt lat="50.456039" lon="-104.53428">
<ele>561</ele>
<time>2026-09-25T19:26:40.921-06:00</time>
<extensions>
<gpxtpx:TrackPointExtension>
<gpxtpx:speed>1.98</gpxtpx:speed>
</gpxtpx:TrackPointExtension>
<opentracks:accuracy_horizontal>5.612</opentracks:accuracy_horizontal></extensions>
</trkpt>
<trkpt lat="50.456111" lon="-104.534192">
<ele>560</ele>
<time>2026-09-25T19:26:46.907-06:00</time>
<extensions>
<gpxtpx:TrackPointExtension>
<gpxtpx:speed>1.66</gpxtpx:speed>
</gpxtpx:TrackPointExtension>
<opentracks:accuracy_horizontal>4.592</opentracks:accuracy_horizontal></extensions>
</trkpt>
<trkpt lat="50.456189" lon="-104.534102">
<ele>560</ele>
<time>2026-09-25T19:26:52.91-06:00</time>
<extensions>
<gpxtpx:TrackPointExtension>
<gpxtpx:speed>1.89</gpxtpx:speed>
</gpxtpx:TrackPointExtension>
<opentracks:accuracy_horizontal>6.122</opentracks:accuracy_horizontal></extensions>
</trkpt>
<trkpt lat="50.456284" lon="-104.534156">
<ele>560</ele>
<time>2026-09-25T19:26:57.906-06:00</time>
<extensions>
<gpxtpx:TrackPointExtension>
<gpxtpx:speed>3.51</gpxtpx:speed>
</gpxtpx:TrackPointExtension>
<opentracks:accuracy_horizontal>6.633</opentracks:accuracy_horizontal></extensions>
</trkpt>
<trkpt lat="50.4563" lon="-104.534327">
<ele>559</ele>
<time>2026-09-25T19:27:00.911-06:00</time>
<extensions>
<gpxtpx:TrackPointExtension>
<gpxtpx:speed>4.91</gpxtpx:speed>
</gpxtpx:TrackPointExtension>
<opentracks:accuracy_horizontal>5.612</opentracks:accuracy_horizontal></extensions>
</trkpt>
<trkpt lat="50.456314" lon="-104.534493">
<ele>559</ele>
<time>2026-09-25T19:27:02.923-06:00</time>
<extensions>
<gpxtpx:TrackPointExtension>
<gpxtpx:speed>5.96</gpxtpx:speed>
</gpxtpx:TrackPointExtension>
<opentracks:accuracy_horizontal>1.02</opentracks:accuracy_horizontal></extensions>
</trkpt>
<trkpt lat="50.456356" lon="-104.534666">
<ele>559</ele>
<time>2026-09-25T19:27:04.908-06:00</time>
<extensions>
<gpxtpx:TrackPointExtension>
<gpxtpx:speed>6.48</gpxtpx:speed>
</gpxtpx:TrackPointExtension>
<opentracks:accuracy_horizontal>1.02</opentracks:accuracy_horizontal></extensions>
</trkpt>
<trkpt lat="50.456404" lon="-104.534842">
<ele>559</ele>
<time>2026-09-25T19:27:06.928-06:00</time>
<extensions>
<gpxtpx:TrackPointExtension>
<gpxtpx:speed>6.86</gpxtpx:speed>
</gpxtpx:TrackPointExtension>
<opentracks:accuracy_horizontal>1.02</opentracks:accuracy_horizontal></extensions>
</trkpt>
<trkpt lat="50.456453" lon="-104.535027">
<ele>559</ele>
<time>2026-09-25T19:27:08.912-06:00</time>
<extensions>
<gpxtpx:TrackPointExtension>
<gpxtpx:speed>6.87</gpxtpx:speed>
</gpxtpx:TrackPointExtension>
<opentracks:accuracy_horizontal>1.02</opentracks:accuracy_horizontal></extensions>
</trkpt>
<trkpt lat="50.456475" lon="-104.535225">
<ele>559</ele>
<time>2026-09-25T19:27:10.919-06:00</time>
<extensions>
<gpxtpx:TrackPointExtension>
<gpxtpx:speed>7.14</gpxtpx:speed>
</gpxtpx:TrackPointExtension>
<opentracks:accuracy_horizontal>1.02</opentracks:accuracy_horizontal></extensions>
</trkpt>
<trkpt lat="50.456508" lon="-104.535434">
<ele>559</ele>
<time>2026-09-25T19:27:12.91-06:00</time>
<extensions>
<gpxtpx:TrackPointExtension>
<gpxtpx:speed>7.45</gpxtpx:speed>
</gpxtpx:TrackPointExtension>
<opentracks:accuracy_horizontal>1.02</opentracks:accuracy_horizontal></extensions>
</trkpt>
<trkpt lat="50.456541" lon="-104.535632">
<ele>559</ele>
<time>2026-09-25T19:27:14.919-06:00</time>
<extensions>
<gpxtpx:TrackPointExtension>
<gpxtpx:speed>7.48</gpxtpx:speed>
</gpxtpx:TrackPointExtension>
<opentracks:accuracy_horizontal>1.02</opentracks:accuracy_horizontal></extensions>
</trkpt>
<trkpt lat="50.456579" lon="-104.535844">
<ele>559</ele>
<time>2026-09-25T19:27:16.911-06:00</time>
<extensions>
<gpxtpx:TrackPointExtension>
<gpxtpx:speed>7.52</gpxtpx:speed>
</gpxtpx:TrackPointExtension>
<opentracks:accuracy_horizontal>1.02</opentracks:accuracy_horizontal></extensions>
</trkpt>
<trkpt lat="50.45663" lon="-104.536053">
<ele>560</ele>
<time>2026-09-25T19:27:18.918-06:00</time>
<extensions>
<gpxtpx:TrackPointExtension>
<gpxtpx:speed>8.03</gpxtpx:speed>
</gpxtpx:TrackPointExtension>
<opentracks:accuracy_horizontal>1.02</opentracks:accuracy_horizontal></extensions>
</trkpt>
<trkpt lat="50.456684" lon="-104.536255">
<ele>561</ele>
<time>2026-09-25T19:27:20.923-06:00</time>
<extensions>
<gpxtpx:TrackPointExtension>
<gpxtpx:speed>7.72</gpxtpx:speed>
</gpxtpx:TrackPointExtension>
<opentracks:accuracy_horizontal>0.51</opentracks:accuracy_horizontal></extensions>
</trkpt>
<trkpt lat="50.45675" lon="-104.536443">
<ele>561</ele>
<time>2026-09-25T19:27:22.914-06:00</time>
<extensions>
<gpxtpx:TrackPointExtension>
<gpxtpx:speed>7.81</gpxtpx:speed>
</gpxtpx:TrackPointExtension>
<opentracks:accuracy_horizontal>0.51</opentracks:accuracy_horizontal></extensions>
</trkpt>
<trkpt lat="50.456829" lon="-104.536615">
<ele>561</ele>
<time>2026-09-25T19:27:24.925-06:00</time>
<extensions>
<gpxtpx:TrackPointExtension>
<gpxtpx:speed>7.44</gpxtpx:speed>
</gpxtpx:TrackPointExtension>
<opentracks:accuracy_horizontal>1.02</opentracks:accuracy_horizontal></extensions>
</trkpt>
<trkpt lat="50.456935" lon="-104.536757">
<ele>561</ele>
<time>2026-09-25T19:27:26.908-06:00</time>
<extensions>
<gpxtpx:TrackPointExtension>
<gpxtpx:speed>7.86</gpxtpx:speed>
</gpxtpx:TrackPointExtension>
<opentracks:accuracy_horizontal>1.02</opentracks:accuracy_horizontal></extensions>
</trkpt>
<trkpt lat="50.457059" lon="-104.536876">
<ele>561</ele>
<time>2026-09-25T19:27:28.911-06:00</time>
<extensions>
<gpxtpx:TrackPointExtension>
<gpxtpx:speed>7.74</gpxtpx:speed>
</gpxtpx:TrackPointExtension>
<opentracks:accuracy_horizontal>1.02</opentracks:accuracy_horizontal></extensions>
</trkpt>
<trkpt lat="50.457185" lon="-104.536977">
<ele>561</ele>
<time>2026-09-25T19:27:30.914-06:00</time>
<extensions>
<gpxtpx:TrackPointExtension>
<gpxtpx:speed>7.67</gpxtpx:speed>
</gpxtpx:TrackPointExtension>
<opentracks:accuracy_horizontal>1.02</opentracks:accuracy_horizontal></extensions>
</trkpt>
<trkpt lat="50.457306" lon="-104.537059">
<ele>561</ele>
<time>2026-09-25T19:27:32.919-06:00</time>
<extensions>
<gpxtpx:TrackPointExtension>
<gpxtpx:speed>7.14</gpxtpx:speed>
</gpxtpx:TrackPointExtension>
<opentracks:accuracy_horizontal>1.02</opentracks:accuracy_horizontal></extensions>
</trkpt>
<trkpt lat="50.457421" lon="-104.537122">
<ele>560</ele>
<time>2026-09-25T19:27:34.906-06:00</time>
<extensions>
<gpxtpx:TrackPointExtension>
<gpxtpx:speed>7.06</gpxtpx:speed>
</gpxtpx:TrackPointExtension>
<opentracks:accuracy_horizontal>1.02</opentracks:accuracy_horizontal></extensions>
</trkpt>
<trkpt lat="50.457542" lon="-104.537151">
<ele>561</ele>
<time>2026-09-25T19:27:36.91-06:00</time>
<extensions>
<gpxtpx:TrackPointExtension>
<gpxtpx:speed>6.91</gpxtpx:speed>
</gpxtpx:TrackPointExtension>
<opentracks:accuracy_horizontal>1.02</opentracks:accuracy_horizontal></extensions>
</trkpt>
<trkpt lat="50.457667" lon="-104.537153">
<ele>560</ele>
<time>2026-09-25T19:27:38.923-06:00</time>
<extensions>
<gpxtpx:TrackPointExtension>
<gpxtpx:speed>6.91</gpxtpx:speed>
</gpxtpx:TrackPointExtension>
<opentracks:accuracy_horizontal>1.02</opentracks:accuracy_horizontal></extensions>
</trkpt>
<trkpt lat="50.457782" lon="-104.537153">
<ele>560</ele>
<time>2026-09-25T19:27:40.94-06:00</time>
<extensions>
<gpxtpx:TrackPointExtension>
<gpxtpx:speed>7</gpxtpx:speed>
</gpxtpx:TrackPointExtension>
<opentracks:accuracy_horizontal>1.02</opentracks:accuracy_horizontal></extensions>
</trkpt>
<trkpt lat="50.457915" lon="-104.537143">
<ele>559</ele>
<time>2026-09-25T19:27:42.92-06:00</time>
<extensions>
<gpxtpx:TrackPointExtension>
<gpxtpx:speed>6.93</gpxtpx:speed>
</gpxtpx:TrackPointExtension>
<opentracks:accuracy_horizontal>1.02</opentracks:accuracy_horizontal></extensions>
</trkpt>
<trkpt lat="50.458042" lon="-104.53714">
<ele>560</ele>
<time>2026-09-25T19:27:44.912-06:00</time>
<extensions>
<gpxtpx:TrackPointExtension>
<gpxtpx:speed>6.94</gpxtpx:speed>
</gpxtpx:TrackPointExtension>
<opentracks:accuracy_horizontal>1.02</opentracks:accuracy_horizontal></extensions>
</trkpt>
<trkpt lat="50.458164" lon="-104.537139">
<ele>559</ele>
<time>2026-09-25T19:27:46.917-06:00</time>
<extensions>
<gpxtpx:TrackPointExtension>
<gpxtpx:speed>6.97</gpxtpx:speed>
</gpxtpx:TrackPointExtension>
<opentracks:accuracy_horizontal>1.02</opentracks:accuracy_horizontal></extensions>
</trkpt>
<trkpt lat="50.45829" lon="-104.537148">
<ele>559</ele>
<time>2026-09-25T19:27:48.914-06:00</time>
<extensions>
<gpxtpx:TrackPointExtension>
<gpxtpx:speed>7.09</gpxtpx:speed>
</gpxtpx:TrackPointExtension>
<opentracks:accuracy_horizontal>1.02</opentracks:accuracy_horizontal></extensions>
</trkpt>
<trkpt lat="50.458421" lon="-104.537161">
<ele>559</ele>
<time>2026-09-25T19:27:50.93-06:00</time>
<extensions>
<gpxtpx:TrackPointExtension>
<gpxtpx:speed>7.53</gpxtpx:speed>
</gpxtpx:TrackPointExtension>
<opentracks:accuracy_horizontal>1.02</opentracks:accuracy_horizontal></extensions>
</trkpt>
<trkpt lat="50.458545" lon="-104.537154">
<ele>559</ele>
<time>2026-09-25T19:27:52.908-06:00</time>
<extensions>
<gpxtpx:TrackPointExtension>
<gpxtpx:speed>6.9</gpxtpx:speed>
</gpxtpx:TrackPointExtension>
<opentracks:accuracy_horizontal>1.02</opentracks:accuracy_horizontal></extensions>
</trkpt>
<trkpt lat="50.458663" lon="-104.53713">
<ele>559</ele>
<time>2026-09-25T19:27:54.916-06:00</time>
<extensions>
<gpxtpx:TrackPointExtension>
<gpxtpx:speed>6.14</gpxtpx:speed>
</gpxtpx:TrackPointExtension>
<opentracks:accuracy_horizontal>1.02</opentracks:accuracy_horizontal></extensions>
</trkpt>
<trkpt lat="50.458776" lon="-104.537145">
<ele>559</ele>
<time>2026-09-25T19:27:56.922-06:00</time>
<extensions>
<gpxtpx:TrackPointExtension>
<gpxtpx:speed>6.41</gpxtpx:speed>
</gpxtpx:TrackPointExtension>
<opentracks:accuracy_horizontal>0.51</opentracks:accuracy_horizontal></extensions>
</trkpt>
<trkpt lat="50.45889" lon="-104.537164">
<ele>560</ele>
<time>2026-09-25T19:27:58.924-06:00</time>
<extensions>
<gpxtpx:TrackPointExtension>
<gpxtpx:speed>6.48</gpxtpx:speed>
</gpxtpx:TrackPointExtension>
<opentracks:accuracy_horizontal>1.02</opentracks:accuracy_horizontal></extensions>
</trkpt>
<trkpt lat="50.458993" lon="-104.537158">
<ele>559</ele>
<time>2026-09-25T19:28:00.919-06:00</time>
<extensions>
<gpxtpx:TrackPointExtension>
<gpxtpx:speed>6.13</gpxtpx:speed>
</gpxtpx:TrackPointExtension>
<opentracks:accuracy_horizontal>1.02</opentracks:accuracy_horizontal></extensions>
</trkpt>
<trkpt lat="50.459099" lon="-104.53713">
<ele>560</ele>
<time>2026-09-25T19:28:02.913-06:00</time>
<extensions>
<gpxtpx:TrackPointExtension>
<gpxtpx:speed>5.51</gpxtpx:speed>
</gpxtpx:TrackPointExtension>
<opentracks:accuracy_horizontal>1.02</opentracks:accuracy_horizontal></extensions>
</trkpt>
<trkpt lat="50.459196" lon="-104.537125">
<ele>560</ele>
<time>2026-09-25T19:28:04.925-06:00</time>
<extensions>
<gpxtpx:TrackPointExtension>
<gpxtpx:speed>5.18</gpxtpx:speed>
</gpxtpx:TrackPointExtension>
<opentracks:accuracy_horizontal>1.02</opentracks:accuracy_horizontal></extensions>
</trkpt>
<trkpt lat="50.459314" lon="-104.537129">
<ele>560</ele>
<time>2026-09-25T19:28:07.912-06:00</time>
<extensions>
<gpxtpx:TrackPointExtension>
<gpxtpx:speed>3.48</gpxtpx:speed>
</gpxtpx:TrackPointExtension>
<opentracks:accuracy_horizontal>0.51</opentracks:accuracy_horizontal></extensions>
</trkpt>
<trkpt lat="50.45942" lon="-104.537083">
<ele>560</ele>
<time>2026-09-25T19:28:11.922-06:00</time>
<extensions>
<gpxtpx:TrackPointExtension>
<gpxtpx:speed>3.2</gpxtpx:speed>
</gpxtpx:TrackPointExtension>
<opentracks:accuracy_horizontal>4.082</opentracks:accuracy_horizontal></extensions>
</trkpt>
<trkpt lat="50.459451" lon="-104.536923">
<ele>560</ele>
<time>2026-09-25T19:28:14.927-06:00</time>
<extensions>
<gpxtpx:TrackPointExtension>
<gpxtpx:speed>4.25</gpxtpx:speed>
</gpxtpx:TrackPointExtension>
<opentracks:accuracy_horizontal>6.633</opentracks:accuracy_horizontal></extensions>
</trkpt>
<trkpt lat="50.459456" lon="-104.536718">
<ele>561</ele>
<time>2026-09-25T19:28:17.922-06:00</time>
<extensions>
<gpxtpx:TrackPointExtension>
<gpxtpx:speed>5.37</gpxtpx:speed>
</gpxtpx:TrackPointExtension>
<opentracks:accuracy_horizontal>5.612</opentracks:accuracy_horizontal></extensions>
</trkpt>
<trkpt lat="50.459458" lon="-104.536571">
<ele>563</ele>
<time>2026-09-25T19:28:19.917-06:00</time>
<extensions>
<gpxtpx:TrackPointExtension>
<gpxtpx:speed>5.59</gpxtpx:speed>
</gpxtpx:TrackPointExtension>
<opentracks:accuracy_horizontal>1.02</opentracks:accuracy_horizontal></extensions>
</trkpt>
<trkpt lat="50.459466" lon="-104.536404">
<ele>563</ele>
<time>2026-09-25T19:28:21.912-06:00</time>
<extensions>
<gpxtpx:TrackPointExtension>
<gpxtpx:speed>5.83</gpxtpx:speed>
</gpxtpx:TrackPointExtension>
<opentracks:accuracy_horizontal>1.02</opentracks:accuracy_horizontal></extensions>
</trkpt>
<trkpt lat="50.459489" lon="-104.536229">
<ele>563</ele>
<time>2026-09-25T19:28:23.907-06:00</time>
<extensions>
<gpxtpx:TrackPointExtension>
<gpxtpx:speed>5.88</gpxtpx:speed>
</gpxtpx:TrackPointExtension>
<opentracks:accuracy_horizontal>1.02</opentracks:accuracy_horizontal></extensions>
</trkpt>
<trkpt lat="50.459521" lon="-104.536072">
<ele>563</ele>
<time>2026-09-25T19:28:25.912-06:00</time>
<extensions>
<gpxtpx:TrackPointExtension>
<gpxtpx:speed>5.72</gpxtpx:speed>
</gpxtpx:TrackPointExtension>
<opentracks:accuracy_horizontal>1.02</opentracks:accuracy_horizontal></extensions>
</trkpt>
<trkpt lat="50.459546" lon="-104.53593">
<ele>563</ele>
<time>2026-09-25T19:28:27.902-06:00</time>
<extensions>
<gpxtpx:TrackPointExtension>
<gpxtpx:speed>5.19</gpxtpx:speed>
</gpxtpx:TrackPointExtension>
<opentracks:accuracy_horizontal>0.51</opentracks:accuracy_horizontal></extensions>
</trkpt>
<trkpt lat="50.459599" lon="-104.535744">
<ele>562</ele>
<time>2026-09-25T19:28:30.937-06:00</time>
<extensions>
<gpxtpx:TrackPointExtension>
<gpxtpx:speed>4.93</gpxtpx:speed>
</gpxtpx:TrackPointExtension>
<opentracks:accuracy_horizontal>1.02</opentracks:accuracy_horizontal></extensions>
</trkpt>
<trkpt lat="50.459664" lon="-104.535569">
<ele>562</ele>
<time>2026-09-25T19:28:33.911-06:00</time>
<extensions>
<gpxtpx:TrackPointExtension>
<gpxtpx:speed>4.89</gpxtpx:speed>
</gpxtpx:TrackPointExtension>
<opentracks:accuracy_horizontal>4.082</opentracks:accuracy_horizontal></extensions>
</trkpt>
<trkpt lat="50.45971" lon="-104.53543">
<ele>562</ele>
<time>2026-09-25T19:28:35.921-06:00</time>
<extensions>
<gpxtpx:TrackPointExtension>
<gpxtpx:speed>5.61</gpxtpx:speed>
</gpxtpx:TrackPointExtension>
<opentracks:accuracy_horizontal>4.592</opentracks:accuracy_horizontal></extensions>
</trkpt>
<trkpt lat="50.459756" lon="-104.535284">
<ele>562</ele>
<time>2026-09-25T19:28:37.926-06:00</time>
<extensions>
<gpxtpx:TrackPointExtension>
<gpxtpx:speed>6.06</gpxtpx:speed>
</gpxtpx:TrackPointExtension>
<opentracks:accuracy_horizontal>1.02</opentracks:accuracy_horizontal></extensions>
</trkpt>
<trkpt lat="50.45981" lon="-104.53513">
<ele>561</ele>
<time>2026-09-25T19:28:39.923-06:00</time>
<extensions>
<gpxtpx:TrackPointExtension>
<gpxtpx:speed>5.78</gpxtpx:speed>
</gpxtpx:TrackPointExtension>
<opentracks:accuracy_horizontal>1.02</opentracks:accuracy_horizontal></extensions>
</trkpt>
<trkpt lat="50.459857" lon="-104.53501">
<ele>561</ele>
<time>2026-09-25T19:28:41.932-06:00</time>
<extensions>
<gpxtpx:TrackPointExtension>
<gpxtpx:speed>5.1</gpxtpx:speed>
</gpxtpx:TrackPointExtension>
<opentracks:accuracy_horizontal>1.02</opentracks:accuracy_horizontal></extensions>
</trkpt>
<trkpt lat="50.459945" lon="-104.53488">
<ele>561</ele>
<time>2026-09-25T19:28:44.916-06:00</time>
<extensions>
<gpxtpx:TrackPointExtension>
<gpxtpx:speed>3.83</gpxtpx:speed>
</gpxtpx:TrackPointExtension>
<opentracks:accuracy_horizontal>4.082</opentracks:accuracy_horizontal></extensions>
</trkpt>
<trkpt lat="50.460079" lon="-104.534856">
<ele>559</ele>
<time>2026-09-25T19:28:47.912-06:00</time>
<extensions>
<gpxtpx:TrackPointExtension>
<gpxtpx:speed>6.06</gpxtpx:speed>
</gpxtpx:TrackPointExtension>
<opentracks:accuracy_horizontal>5.102</opentracks:accuracy_horizontal></extensions>
</trkpt>
<trkpt lat="50.460181" lon="-104.534922">
<ele>559</ele>
<time>2026-09-25T19:28:49.917-06:00</time>
<extensions>
<gpxtpx:TrackPointExtension>
<gpxtpx:speed>6.07</gpxtpx:speed>
</gpxtpx:TrackPointExtension>
<opentracks:accuracy_horizontal>4.592</opentracks:accuracy_horizontal></extensions>
</trkpt>
<trkpt lat="50.460286" lon="-104.534989">
<ele>559</ele>
<time>2026-09-25T19:28:51.918-06:00</time>
<extensions>
<gpxtpx:TrackPointExtension>
<gpxtpx:speed>6.09</gpxtpx:speed>
</gpxtpx:TrackPointExtension>
<opentracks:accuracy_horizontal>1.02</opentracks:accuracy_horizontal></extensions>
</trkpt>
<trkpt lat="50.460383" lon="-104.535053">
<ele>559</ele>
<time>2026-09-25T19:28:53.92-06:00</time>
<extensions>
<gpxtpx:TrackPointExtension>
<gpxtpx:speed>5.83</gpxtpx:speed>
</gpxtpx:TrackPointExtension>
<opentracks:accuracy_horizontal>1.02</opentracks:accuracy_horizontal></extensions>
</trkpt>
<trkpt lat="50.460479" lon="-104.535118">
<ele>558</ele>
<time>2026-09-25T19:28:55.915-06:00</time>
<extensions>
<gpxtpx:TrackPointExtension>
<gpxtpx:speed>5.76</gpxtpx:speed>
</gpxtpx:TrackPointExtension>
<opentracks:accuracy_horizontal>1.02</opentracks:accuracy_horizontal></extensions>
</trkpt>
<trkpt lat="50.460571" lon="-104.535185">
<ele>558</ele>
<time>2026-09-25T19:28:57.921-06:00</time>
<extensions>
<gpxtpx:TrackPointExtension>
<gpxtpx:speed>5.62</gpxtpx:speed>
</gpxtpx:TrackPointExtension>
<opentracks:accuracy_horizontal>1.02</opentracks:accuracy_horizontal></extensions>
</trkpt>
<trkpt lat="50.460655" lon="-104.535265">
<ele>558</ele>
<time>2026-09-25T19:28:59.907-06:00</time>
<extensions>
<gpxtpx:TrackPointExtension>
<gpxtpx:speed>5.19</gpxtpx:speed>
</gpxtpx:TrackPointExtension>
<opentracks:accuracy_horizontal>3.571</opentracks:accuracy_horizontal></extensions>
</trkpt>
<trkpt lat="50.460776" lon="-104.535358">
<ele>557</ele>
<time>2026-09-25T19:29:02.917-06:00</time>
<extensions>
<gpxtpx:TrackPointExtension>
<gpxtpx:speed>5.7</gpxtpx:speed>
</gpxtpx:TrackPointExtension>
<opentracks:accuracy_horizontal>5.102</opentracks:accuracy_horizontal></extensions>
</trkpt>
<trkpt lat="50.460876" lon="-104.53542">
<ele>558</ele>
<time>2026-09-25T19:29:04.947-06:00</time>
<extensions>
<gpxtpx:TrackPointExtension>
<gpxtpx:speed>6.12</gpxtpx:speed>
</gpxtpx:TrackPointExtension>
<opentracks:accuracy_horizontal>4.592</opentracks:accuracy_horizontal></extensions>
</trkpt>
<trkpt lat="50.460994" lon="-104.535473">
<ele>558</ele>
<time>2026-09-25T19:29:06.918-06:00</time>
<extensions>
<gpxtpx:TrackPointExtension>
<gpxtpx:speed>7.12</gpxtpx:speed>
</gpxtpx:TrackPointExtension>
<opentracks:accuracy_horizontal>5.612</opentracks:accuracy_horizontal></extensions>
</trkpt>
<trkpt lat="50.46113" lon="-104.535523">
<ele>558</ele>
<time>2026-09-25T19:29:08.933-06:00</time>
<extensions>
<gpxtpx:TrackPointExtension>
<gpxtpx:speed>8.59</gpxtpx:speed>
</gpxtpx:TrackPointExtension>
<opentracks:accuracy_horizontal>1.02</opentracks:accuracy_horizontal></extensions>
</trkpt>
<trkpt lat="50.461275" lon="-104.535555">
<ele>557</ele>
<time>2026-09-25T19:29:10.911-06:00</time>
<extensions>
<gpxtpx:TrackPointExtension>
<gpxtpx:speed>7.86</gpxtpx:speed>
</gpxtpx:TrackPointExtension>
<opentracks:accuracy_horizontal>1.02</opentracks:accuracy_horizontal></extensions>
</trkpt>
<trkpt lat="50.461406" lon="-104.535631">
<ele>557</ele>
<time>2026-09-25T19:29:12.916-06:00</time>
<extensions>
<gpxtpx:TrackPointExtension>
<gpxtpx:speed>7.51</gpxtpx:speed>
</gpxtpx:TrackPointExtension>
<opentracks:accuracy_horizontal>1.02</opentracks:accuracy_horizontal></extensions>
</trkpt>
<trkpt lat="50.461531" lon="-104.535692">
<ele>558</ele>
<time>2026-09-25T19:29:14.91-06:00</time>
<extensions>
<gpxtpx:TrackPointExtension>
<gpxtpx:speed>7.06</gpxtpx:speed>
</gpxtpx:TrackPointExtension>
<opentracks:accuracy_horizontal>1.02</opentracks:accuracy_horizontal></extensions>
</trkpt>
<trkpt lat="50.461644" lon="-104.535747">
<ele>557</ele>
<time>2026-09-25T19:29:16.923-06:00</time>
<extensions>
<gpxtpx:TrackPointExtension>
<gpxtpx:speed>6.48</gpxtpx:speed>
</gpxtpx:TrackPointExtension>
<opentracks:accuracy_horizontal>1.02</opentracks:accuracy_horizontal></extensions>
</trkpt>
<trkpt lat="50.46175" lon="-104.535794">
<ele>558</ele>
<time>2026-09-25T19:29:18.926-06:00</time>
<extensions>
<gpxtpx:TrackPointExtension>
<gpxtpx:speed>5.86</gpxtpx:speed>
</gpxtpx:TrackPointExtension>
<opentracks:accuracy_horizontal>1.02</opentracks:accuracy_horizontal></extensions>
</trkpt>
<trkpt lat="50.461845" lon="-104.535853">
<ele>558</ele>
<time>2026-09-25T19:29:20.913-06:00</time>
<extensions>
<gpxtpx:TrackPointExtension>
<gpxtpx:speed>5.56</gpxtpx:speed>
</gpxtpx:TrackPointExtension>
<opentracks:accuracy_horizontal>4.592</opentracks:accuracy_horizontal></extensions>
</trkpt>
<trkpt lat="50.461931" lon="-104.535928">
<ele>558</ele>
<time>2026-09-25T19:29:22.923-06:00</time>
<extensions>
<gpxtpx:TrackPointExtension>
<gpxtpx:speed>5.3</gpxtpx:speed>
</gpxtpx:TrackPointExtension>
<opentracks:accuracy_horizontal>3.571</opentracks:accuracy_horizontal></extensions>
</trkpt>
<trkpt lat="50.46201" lon="-104.536002">
<ele>558</ele>
<time>2026-09-25T19:29:24.921-06:00</time>
<extensions>
<gpxtpx:TrackPointExtension>
<gpxtpx:speed>5.07</gpxtpx:speed>
</gpxtpx:TrackPointExtension>
<opentracks:accuracy_horizontal>3.571</opentracks:accuracy_horizontal></extensions>
</trkpt>
<trkpt lat="50.462119" lon="-104.536112">
<ele>557</ele>
<time>2026-09-25T19:29:27.935-06:00</time>
<extensions>
<gpxtpx:TrackPointExtension>
<gpxtpx:speed>5.02</gpxtpx:speed>
</gpxtpx:TrackPointExtension>
<opentracks:accuracy_horizontal>4.082</opentracks:accuracy_horizontal></extensions>
</trkpt>
<trkpt lat="50.462186" lon="-104.536212">
<ele>557</ele>
<time>2026-09-25T19:29:29.909-06:00</time>
<extensions>
<gpxtpx:TrackPointExtension>
<gpxtpx:speed>4.82</gpxtpx:speed>
</gpxtpx:TrackPointExtension>
<opentracks:accuracy_horizontal>4.082</opentracks:accuracy_horizontal></extensions>
</trkpt>
<trkpt lat="50.462276" lon="-104.536364">
<ele>557</ele>
<time>2026-09-25T19:29:32.914-06:00</time>
<extensions>
<gpxtpx:TrackPointExtension>
<gpxtpx:speed>4.59</gpxtpx:speed>
</gpxtpx:TrackPointExtension>
<opentracks:accuracy_horizontal>4.592</opentracks:accuracy_horizontal></extensions>
</trkpt>
<trkpt lat="50.462351" lon="-104.53651">
<ele>558</ele>
<time>2026-09-25T19:29:35.922-06:00</time>
<extensions>
<gpxtpx:TrackPointExtension>
<gpxtpx:speed>5.03</gpxtpx:speed>
</gpxtpx:TrackPointExtension>
<opentracks:accuracy_horizontal>4.592</opentracks:accuracy_horizontal></extensions>
</trkpt>
<trkpt lat="50.462403" lon="-104.536633">
<ele>558</ele>
<time>2026-09-25T19:29:37.925-06:00</time>
<extensions>
<gpxtpx:TrackPointExtension>
<gpxtpx:speed>5.82</gpxtpx:speed>
</gpxtpx:TrackPointExtension>
<opentracks:accuracy_horizontal>5.102</opentracks:accuracy_horizontal></extensions>
</trkpt>
<trkpt lat="50.462457" lon="-104.536793">
<ele>558</ele>
<time>2026-09-25T19:29:39.911-06:00</time>
<extensions>
<gpxtpx:TrackPointExtension>
<gpxtpx:speed>6.55</gpxtpx:speed>
</gpxtpx:TrackPointExtension>
<opentracks:accuracy_horizontal>0.51</opentracks:accuracy_horizontal></extensions>
</trkpt>
<trkpt lat="50.462511" lon="-104.536969">
<ele>559</ele>
<time>2026-09-25T19:29:41.934-06:00</time>
<extensions>
<gpxtpx:TrackPointExtension>
<gpxtpx:speed>6.39</gpxtpx:speed>
</gpxtpx:TrackPointExtension>
<opentracks:accuracy_horizontal>1.02</opentracks:accuracy_horizontal></extensions>
</trkpt>
<trkpt lat="50.46257" lon="-104.537132">
<ele>559</ele>
<time>2026-09-25T19:29:43.918-06:00</time>
<extensions>
<gpxtpx:TrackPointExtension>
<gpxtpx:speed>6.43</gpxtpx:speed>
</gpxtpx:TrackPointExtension>
<opentracks:accuracy_horizontal>1.02</opentracks:accuracy_horizontal></extensions>
</trkpt>
<trkpt lat="50.462642" lon="-104.537281">
<ele>560</ele>
<time>2026-09-25T19:29:45.925-06:00</time>
<extensions>
<gpxtpx:TrackPointExtension>
<gpxtpx:speed>6.31</gpxtpx:speed>
</gpxtpx:TrackPointExtension>
<opentracks:accuracy_horizontal>1.02</opentracks:accuracy_horizontal></extensions>
</trkpt>
<trkpt lat="50.462699" lon="-104.537434">
<ele>560</ele>
<time>2026-09-25T19:29:47.919-06:00</time>
<extensions>
<gpxtpx:TrackPointExtension>
<gpxtpx:speed>6.27</gpxtpx:speed>
</gpxtpx:TrackPointExtension>
<opentracks:accuracy_horizontal>1.02</opentracks:accuracy_horizontal></extensions>
</trkpt>
<trkpt lat="50.462753" lon="-104.537584">
<ele>560</ele>
<time>2026-09-25T19:29:49.917-06:00</time>
<extensions>
<gpxtpx:TrackPointExtension>
<gpxtpx:speed>5.92</gpxtpx:speed>
</gpxtpx:TrackPointExtension>
<opentracks:accuracy_horizontal>3.061</opentracks:accuracy_horizontal></extensions>
</trkpt>
<trkpt lat="50.462809" lon="-104.537722">
<ele>560</ele>
<time>2026-09-25T19:29:51.919-06:00</time>
<extensions>
<gpxtpx:TrackPointExtension>
<gpxtpx:speed>5.64</gpxtpx:speed>
</gpxtpx:TrackPointExtension>
<opentracks:accuracy_horizontal>3.571</opentracks:accuracy_horizontal></extensions>
</trkpt>
<trkpt lat="50.462855" lon="-104.537853">
<ele>561</ele>
<time>2026-09-25T19:29:53.921-06:00</time>
<extensions>
<gpxtpx:TrackPointExtension>
<gpxtpx:speed>5.3</gpxtpx:speed>
</gpxtpx:TrackPointExtension>
<opentracks:accuracy_horizontal>5.102</opentracks:accuracy_horizontal></extensions>
</trkpt>
<trkpt lat="50.462898" lon="-104.537982">
<ele>561</ele>
<time>2026-09-25T19:29:55.923-06:00</time>
<extensions>
<gpxtpx:TrackPointExtension>
<gpxtpx:speed>5.1</gpxtpx:speed>
</gpxtpx:TrackPointExtension>
<opentracks:accuracy_horizontal>3.571</opentracks:accuracy_horizontal></extensions>
</trkpt>
<trkpt lat="50.462945" lon="-104.538111">
<ele>561</ele>
<time>2026-09-25T19:29:57.919-06:00</time>
<extensions>
<gpxtpx:TrackPointExtension>
<gpxtpx:speed>5.16</gpxtpx:speed>
</gpxtpx:TrackPointExtension>
<opentracks:accuracy_horizontal>3.061</opentracks:accuracy_horizontal></extensions>
</trkpt>
<trkpt lat="50.462993" lon="-104.538238">
<ele>561</ele>
<time>2026-09-25T19:29:59.923-06:00</time>
<extensions>
<gpxtpx:TrackPointExtension>
<gpxtpx:speed>5.23</gpxtpx:speed>
</gpxtpx:TrackPointExtension>
<opentracks:accuracy_horizontal>4.082</opentracks:accuracy_horizontal></extensions>
</trkpt>
<trkpt lat="50.463034" lon="-104.538366">
<ele>561</ele>
<time>2026-09-25T19:30:01.92-06:00</time>
<extensions>
<gpxtpx:TrackPointExtension>
<gpxtpx:speed>5.08</gpxtpx:speed>
</gpxtpx:TrackPointExtension>
<opentracks:accuracy_horizontal>3.571</opentracks:accuracy_horizontal></extensions>
</trkpt>
<trkpt lat="50.463082" lon="-104.538487">
<ele>561</ele>
<time>2026-09-25T19:30:03.93-06:00</time>
<extensions>
<gpxtpx:TrackPointExtension>
<gpxtpx:speed>4.85</gpxtpx:speed>
</gpxtpx:TrackPointExtension>
<opentracks:accuracy_horizontal>3.571</opentracks:accuracy_horizontal></extensions>
</trkpt>
<trkpt lat="50.463118" lon="-104.53862">
<ele>560</ele>
<time>2026-09-25T19:30:05.91-06:00</time>
<extensions>
<gpxtpx:TrackPointExtension>
<gpxtpx:speed>5.26</gpxtpx:speed>
</gpxtpx:TrackPointExtension>
<opentracks:accuracy_horizontal>3.571</opentracks:accuracy_horizontal></extensions>
</trkpt>
<trkpt lat="50.463161" lon="-104.538768">
<ele>560</ele>
<time>2026-09-25T19:30:07.918-06:00</time>
<extensions>
<gpxtpx:TrackPointExtension>
<gpxtpx:speed>6.28</gpxtpx:speed>
</gpxtpx:TrackPointExtension>
<opentracks:accuracy_horizontal>5.612</opentracks:accuracy_horizontal></extensions>
</trkpt>
<trkpt lat="50.463215" lon="-104.53892">
<ele>560</ele>
<time>2026-09-25T19:30:09.911-06:00</time>
<extensions>
<gpxtpx:TrackPointExtension>
<gpxtpx:speed>5.84</gpxtpx:speed>
</gpxtpx:TrackPointExtension>
<opentracks:accuracy_horizontal>5.102</opentracks:accuracy_horizontal></extensions>
</trkpt>
<trkpt lat="50.463256" lon="-104.539068">
<ele>560</ele>
<time>2026-09-25T19:30:11.921-06:00</time>
<extensions>
<gpxtpx:TrackPointExtension>
<gpxtpx:speed>5.51</gpxtpx:speed>
</gpxtpx:TrackPointExtension>
<opentracks:accuracy_horizontal>4.592</opentracks:accuracy_horizontal></extensions>
</trkpt>
<trkpt lat="50.463299" lon="-104.539206">
<ele>559</ele>
<time>2026-09-25T19:30:13.92-06:00</time>
<extensions>
<gpxtpx:TrackPointExtension>
<gpxtpx:speed>5.26</gpxtpx:speed>
</gpxtpx:TrackPointExtension>
<opentracks:accuracy_horizontal>1.02</opentracks:accuracy_horizontal></extensions>
</trkpt>
<trkpt lat="50.463343" lon="-104.539343">
<ele>560</ele>
<time>2026-09-25T19:30:15.919-06:00</time>
<extensions>
<gpxtpx:TrackPointExtension>
<gpxtpx:speed>5.32</gpxtpx:speed>
</gpxtpx:TrackPointExtension>
<opentracks:accuracy_horizontal>3.571</opentracks:accuracy_horizontal></extensions>
</trkpt>
<trkpt lat="50.46341" lon="-104.539439">
<ele>560</ele>
<time>2026-09-25T19:30:17.919-06:00</time>
<extensions>
<gpxtpx:TrackPointExtension>
<gpxtpx:speed>5.29</gpxtpx:speed>
</gpxtpx:TrackPointExtension>
<opentracks:accuracy_horizontal>4.592</opentracks:accuracy_horizontal></extensions>
</trkpt>
<trkpt lat="50.463499" lon="-104.53947">
<ele>560</ele>
<time>2026-09-25T19:30:19.919-06:00</time>
<extensions>
<gpxtpx:TrackPointExtension>
<gpxtpx:speed>4.8</gpxtpx:speed>
</gpxtpx:TrackPointExtension>
<opentracks:accuracy_horizontal>4.592</opentracks:accuracy_horizontal></extensions>
</trkpt>
<trkpt lat="50.463624" lon="-104.539415">
<ele>560</ele>
<time>2026-09-25T19:30:22.918-06:00</time>
<extensions>
<gpxtpx:TrackPointExtension>
<gpxtpx:speed>4.87</gpxtpx:speed>
</gpxtpx:TrackPointExtension>
<opentracks:accuracy_horizontal>1.02</opentracks:accuracy_horizontal></extensions>
</trkpt>
<trkpt lat="50.463707" lon="-104.539339">
<ele>560</ele>
<time>2026-09-25T19:30:24.914-06:00</time>
<extensions>
<gpxtpx:TrackPointExtension>
<gpxtpx:speed>5.72</gpxtpx:speed>
</gpxtpx:TrackPointExtension>
<opentracks:accuracy_horizontal>1.531</opentracks:accuracy_horizontal></extensions>
</trkpt>
<trkpt lat="50.463796" lon="-104.539247">
<ele>559</ele>
<time>2026-09-25T19:30:26.932-06:00</time>
<extensions>
<gpxtpx:TrackPointExtension>
<gpxtpx:speed>5.9</gpxtpx:speed>
</gpxtpx:TrackPointExtension>
<opentracks:accuracy_horizontal>1.02</opentracks:accuracy_horizontal></extensions>
</trkpt>
<trkpt lat="50.463885" lon="-104.539164">
<ele>559</ele>
<time>2026-09-25T19:30:28.926-06:00</time>
<extensions>
<gpxtpx:TrackPointExtension>
<gpxtpx:speed>5.53</gpxtpx:speed>
</gpxtpx:TrackPointExtension>
<opentracks:accuracy_horizontal>1.02</opentracks:accuracy_horizontal></extensions>
</trkpt>
<trkpt lat="50.463968" lon="-104.539084">
<ele>560</ele>
<time>2026-09-25T19:30:30.917-06:00</time>
<extensions>
<gpxtpx:TrackPointExtension>
<gpxtpx:speed>4.89</gpxtpx:speed>
</gpxtpx:TrackPointExtension>
<opentracks:accuracy_horizontal>1.02</opentracks:accuracy_horizontal></extensions>
</trkpt>
<trkpt lat="50.464082" lon="-104.538995">
<ele>560</ele>
<time>2026-09-25T19:30:33.915-06:00</time>
<extensions>
<gpxtpx:TrackPointExtension>
<gpxtpx:speed>4.44</gpxtpx:speed>
</gpxtpx:TrackPointExtension>
<opentracks:accuracy_horizontal>0.51</opentracks:accuracy_horizontal></extensions>
</trkpt>
<trkpt lat="50.464177" lon="-104.538905">
<ele>561</ele>
<time>2026-09-25T19:30:36.915-06:00</time>
<extensions>
<gpxtpx:TrackPointExtension>
<gpxtpx:speed>3.84</gpxtpx:speed>
</gpxtpx:TrackPointExtension>
<opentracks:accuracy_horizontal>5.102</opentracks:accuracy_horizontal></extensions>
</trkpt>
<trkpt lat="50.46426" lon="-104.538832">
<ele>561</ele>
<time>2026-09-25T19:30:39.911-06:00</time>
<extensions>
<gpxtpx:TrackPointExtension>
<gpxtpx:speed>3.35</gpxtpx:speed>
</gpxtpx:TrackPointExtension>
<opentracks:accuracy_horizontal>5.102</opentracks:accuracy_horizontal></extensions>
</trkpt>
<trkpt lat="50.464361" lon="-104.538758">
<ele>560</ele>
<time>2026-09-25T19:30:42.924-06:00</time>
<extensions>
<gpxtpx:TrackPointExtension>
<gpxtpx:speed>4.3</gpxtpx:speed>
</gpxtpx:TrackPointExtension>
<opentracks:accuracy_horizontal>7.653</opentracks:accuracy_horizontal></extensions>
</trkpt>
<trkpt lat="50.464468" lon="-104.538638">
<ele>560</ele>
<time>2026-09-25T19:30:45.909-06:00</time>
<extensions>
<gpxtpx:TrackPointExtension>
<gpxtpx:speed>5.61</gpxtpx:speed>
</gpxtpx:TrackPointExtension>
<opentracks:accuracy_horizontal>1.02</opentracks:accuracy_horizontal></extensions>
</trkpt>
<trkpt lat="50.464538" lon="-104.538513">
<ele>560</ele>
<time>2026-09-25T19:30:47.916-06:00</time>
<extensions>
<gpxtpx:TrackPointExtension>
<gpxtpx:speed>5.84</gpxtpx:speed>
</gpxtpx:TrackPointExtension>
<opentracks:accuracy_horizontal>1.02</opentracks:accuracy_horizontal></extensions>
</trkpt>
<trkpt lat="50.464614" lon="-104.538349">
<ele>561</ele>
<time>2026-09-25T19:30:50.905-06:00</time>
<extensions>
<gpxtpx:TrackPointExtension>
<gpxtpx:speed>4.14</gpxtpx:speed>
</gpxtpx:TrackPointExtension>
<opentracks:accuracy_horizontal>1.531</opentracks:accuracy_horizontal></extensions>
</trkpt>
<trkpt lat="50.464653" lon="-104.538192">
<ele>562</ele>
<time>2026-09-25T19:30:53.924-06:00</time>
<extensions>
<gpxtpx:TrackPointExtension>
<gpxtpx:speed>3.84</gpxtpx:speed>
</gpxtpx:TrackPointExtension>
<opentracks:accuracy_horizontal>1.02</opentracks:accuracy_horizontal></extensions>
</trkpt>
<trkpt lat="50.464696" lon="-104.538055">
<ele>562</ele>
<time>2026-09-25T19:30:56.927-06:00</time>
<extensions>
<gpxtpx:TrackPointExtension>
<gpxtpx:speed>3.65</gpxtpx:speed>
</gpxtpx:TrackPointExtension>
<opentracks:accuracy_horizontal>1.02</opentracks:accuracy_horizontal></extensions>
</trkpt>
<trkpt lat="50.464731" lon="-104.537908">
<ele>561</ele>
<time>2026-09-25T19:30:59.914-06:00</time>
<extensions>
<gpxtpx:TrackPointExtension>
<gpxtpx:speed>4.05</gpxtpx:speed>
</gpxtpx:TrackPointExtension>
<opentracks:accuracy_horizontal>1.02</opentracks:accuracy_horizontal></extensions>
</trkpt>
<trkpt lat="50.464795" lon="-104.537753">
<ele>561</ele>
<time>2026-09-25T19:31:02.923-06:00</time>
<extensions>
<gpxtpx:TrackPointExtension>
<gpxtpx:speed>4.19</gpxtpx:speed>
</gpxtpx:TrackPointExtension>
<opentracks:accuracy_horizontal>1.02</opentracks:accuracy_horizontal></extensions>
</trkpt>
<trkpt lat="50.464851" lon="-104.537613">
<ele>563</ele>
<time>2026-09-25T19:31:05.918-06:00</time>
<extensions>
<gpxtpx:TrackPointExtension>
<gpxtpx:speed>3.65</gpxtpx:speed>
</gpxtpx:TrackPointExtension>
<opentracks:accuracy_horizontal>0.51</opentracks:accuracy_horizontal></extensions>
</trkpt>
<trkpt lat="50.464884" lon="-104.537473">
<ele>563</ele>
<time>2026-09-25T19:31:08.935-06:00</time>
<extensions>
<gpxtpx:TrackPointExtension>
<gpxtpx:speed>3.38</gpxtpx:speed>
</gpxtpx:TrackPointExtension>
<opentracks:accuracy_horizontal>1.02</opentracks:accuracy_horizontal></extensions>
</trkpt>
<trkpt lat="50.464909" lon="-104.53732">
<ele>563</ele>
<time>2026-09-25T19:31:12.927-06:00</time>
<extensions>
<gpxtpx:TrackPointExtension>
<gpxtpx:speed>2.44</gpxtpx:speed>
</gpxtpx:TrackPointExtension>
<opentracks:accuracy_horizontal>6.122</opentracks:accuracy_horizontal></extensions>
</trkpt>
<trkpt lat="50.464941" lon="-104.53718">
<ele>563</ele>
<time>2026-09-25T19:31:17.926-06:00</time>
<extensions>
<gpxtpx:TrackPointExtension>
<gpxtpx:speed>1.9</gpxtpx:speed>
</gpxtpx:TrackPointExtension>
<opentracks:accuracy_horizontal>6.122</opentracks:accuracy_horizontal></extensions>
</trkpt>
<trkpt lat="50.464979" lon="-104.537047">
<ele>562</ele>
<time>2026-09-25T19:31:25.927-06:00</time>
<extensions>
<gpxtpx:TrackPointExtension>
<gpxtpx:speed>1.19</gpxtpx:speed>
</gpxtpx:TrackPointExtension>
<opentracks:accuracy_horizontal>6.122</opentracks:accuracy_horizontal></extensions>
</trkpt>
<trkpt lat="50.465058" lon="-104.537017">
<ele>563</ele>
<time>2026-09-25T19:31:35.921-06:00</time>
<extensions>
<gpxtpx:TrackPointExtension>
<gpxtpx:speed>0.2</gpxtpx:speed>
</gpxtpx:TrackPointExtension>
<opentracks:accuracy_horizontal>11.224</opentracks:accuracy_horizontal></extensions>
</trkpt>
<trkpt lat="50.465134" lon="-104.536939">
<ele>557</ele>
<time>2026-09-25T19:33:11.901-06:00</time>
<extensions>
<gpxtpx:TrackPointExtension>
<gpxtpx:speed>1.01</gpxtpx:speed>
</gpxtpx:TrackPointExtension>
<opentracks:accuracy_horizontal>9.184</opentracks:accuracy_horizontal></extensions>
</trkpt>
<trkpt lat="50.465148" lon="-104.536978">
<ele>556</ele>
<time>2026-09-25T19:33:21.908-06:00</time>
<extensions>
<gpxtpx:TrackPointExtension>
<gpxtpx:speed>0.18</gpxtpx:speed>
</gpxtpx:TrackPointExtension>
<opentracks:accuracy_horizontal>19.388</opentracks:accuracy_horizontal></extensions>
</trkpt>
<trkpt lat="50.465172" lon="-104.537024">
<ele>555</ele>
<time>2026-09-25T19:33:25.906-06:00</time>
<extensions>
<gpxtpx:TrackPointExtension>
<gpxtpx:speed>0.77</gpxtpx:speed>
</gpxtpx:TrackPointExtension>
<opentracks:accuracy_horizontal>16.327</opentracks:accuracy_horizontal></extensions>
</trkpt>
</trkseg>
</trk>
</gpx>
