<?xml version="1.0" encoding="UTF-8"?>
<gpx
version="1.1"
creator="OpenTracks"
xmlns="http://www.topografix.com/GPX/1/1"
xmlns:topografix="http://www.topografix.com/GPX/Private/TopoGrafix/0/1"
xmlns:xsi="http://www.w3.org/2001/XMLSchema-instance"
xmlns:opentracks="http://opentracksapp.com/xmlschemas/v1"
xmlns:gpxtpx="http://www.garmin.com/xmlschemas/TrackPointExtension/v2"
xmlns:gpxtrkx="http://www.garmin.com/xmlschemas/TrackStatsExtension/v1"
xmlns:cluetrust="http://www.cluetrust.com/Schemas/"
xmlns:pwr="http://www.garmin.com/xmlschemas/PowerExtension/v1"
xsi:schemaLocation="http://www.topografix.com/GPX/1/1 http://www.topografix.com/GPX/1/1/gpx.xsd http://www.topografix.com/GPX/Private/TopoGrafix/0/1 http://www.topografix.com/GPX/Private/TopoGrafix/0/1/topografix.xsd http://www.garmin.com/xmlschemas/TrackPointExtension/v2 https://www8.garmin.com/xmlschemas/TrackPointExtensionv2.xsd http://www.garmin.com/xmlschemas/PowerExtension/v1 https://www8.garmin.com/xmlschemas/PowerExtensionv1.xsd http://www.garmin.com/xmlschemas/TrackStatsExtension/v1 https://www8.garmin.com/xmlschemas/TrackStatsExtension.xsd http://www.cluetrust.com/Schemas https://www.cluetrust.com/Schemas/gpxdata10.xsd http://opentracksapp.com/xmlschemas/v1 http://opentracksapp.com/xmlschemas/OpenTracks_v1.xsd">
<trk>
<name><![CDATA[2026-09-10T17:38-06]]></name>
<desc><![CDATA[]]></desc>
<type><![CDATA[unknown]]></type>
<extensions>
<topografix:color>c0c0c0</topografix:color>
<opentracks:trackid>d6941b9e-4ff2-47e6-9a09-80ac4f4fe7f6</opentracks:trackid>
<opentracks:typeTranslated><![CDATA[unknown]]></opentracks:typeTranslated>
<gpxtrkx:TrackStatsExtension>
<gpxtrkx:Distance>19578.46484375</gpxtrkx:Distance>
<gpxtrkx:TimerTime>4068</gpxtrkx:TimerTime>
<gpxtrkx:MovingTime>3539</gpxtrkx:MovingTime>
<gpxtrkx:StoppedTime>529</gpxtrkx:StoppedTime>
<gpxtrkx:MaxSpeed>10.122940063476562</gpxtrkx:MaxSpeed>
</gpxtrkx:TrackStatsExtension>
</extensions>
<trkseg>
<trkpt lat="50.465205" lon="-104.537">
<ele>551.5</ele>
<time>2026-09-10T17:38:50.244-06:00</time>
<extensions>
<gpxtpx:TrackPointExtension>
<gpxtpx:speed>0</gpxtpx:speed>
</gpxtpx:TrackPointExtension>
<opentracks:accuracy_horizontal>12.099</opentracks:accuracy_horizontal></extensions>
</trkpt>
<trkpt lat="50.465184" lon="-104.537137">
<ele>550.8</ele>
<time>2026-09-10T17:38:54.288-06:00</time>
<extensions>
<gpxtpx:TrackPointExtension>
<gpxtpx:speed>0</gpxtpx:speed>
</gpxtpx:TrackPointExtension>
<opentracks:accuracy_horizontal>8.712</opentracks:accuracy_horizontal></extensions>
</trkpt>
<trkpt lat="50.465214" lon="-104.537127">
<ele>553.5</ele>
<time>2026-09-10T17:39:03.3-06:00</time>
<extensions>
<gpxtpx:TrackPointExtension>
<gpxtpx:speed>0</gpxtpx:speed>
</gpxtpx:TrackPointExtension>
<opentracks:accuracy_horizontal>6.262</opentracks:accuracy_horizontal></extensions>
</trkpt>
<trkpt lat="50.465129" lon="-104.537055">
<ele>554.7</ele>
<time>2026-09-10T17:40:03.333-06:00</time>
<extensions>
<gpxtpx:TrackPointExtension>
<gpxtpx:speed>0</gpxtpx:speed>
</gpxtpx:TrackPointExtension>
<opentracks:accuracy_horizontal>5.315</opentracks:accuracy_horizontal></extensions>
</trkpt>
<trkpt lat="50.465144" lon="-104.537007">
<ele>555</ele>
<time>2026-09-10T17:40:13.324-06:00</time>
<extensions>
<gpxtpx:TrackPointExtension>
<gpxtpx:speed>0</gpxtpx:speed>
</gpxtpx:TrackPointExtension>
<opentracks:accuracy_horizontal>6.637</opentracks:accuracy_horizontal></extensions>
</trkpt>
<trkpt lat="50.465044" lon="-104.537039">
<ele>552.5</ele>
<time>2026-09-10T17:44:03.293-06:00</time>
<extensions>
<gpxtpx:TrackPointExtension>
<gpxtpx:speed>1.08</gpxtpx:speed>
</gpxtpx:TrackPointExtension>
<opentracks:accuracy_horizontal>5.862</opentracks:accuracy_horizontal></extensions>
</trkpt>
<trkpt lat="50.464949" lon="-104.537105">
<ele>553.6</ele>
<time>2026-09-10T17:44:13.299-06:00</time>
<extensions>
<gpxtpx:TrackPointExtension>
<gpxtpx:speed>2.08</gpxtpx:speed>
</gpxtpx:TrackPointExtension>
<opentracks:accuracy_horizontal>5.469</opentracks:accuracy_horizontal></extensions>
</trkpt>
<trkpt lat="50.464926" lon="-104.537276">
<ele>554.2</ele>
<time>2026-09-10T17:44:16.294-06:00</time>
<extensions>
<gpxtpx:TrackPointExtension>
<gpxtpx:speed>2.94</gpxtpx:speed>
</gpxtpx:TrackPointExtension>
<opentracks:accuracy_horizontal>5.538</opentracks:accuracy_horizontal></extensions>
</trkpt>
<trkpt lat="50.464883" lon="-104.537468">
<ele>554.9</ele>
<time>2026-09-10T17:44:19.28-06:00</time>
<extensions>
<gpxtpx:TrackPointExtension>
<gpxtpx:speed>3.54</gpxtpx:speed>
</gpxtpx:TrackPointExtension>
<opentracks:accuracy_horizontal>5.625</opentracks:accuracy_horizontal></extensions>
</trkpt>
<trkpt lat="50.464832" lon="-104.537663">
<ele>555.7</ele>
<time>2026-09-10T17:44:22.297-06:00</time>
<extensions>
<gpxtpx:TrackPointExtension>
<gpxtpx:speed>3.95</gpxtpx:speed>
</gpxtpx:TrackPointExtension>
<opentracks:accuracy_horizontal>5.595</opentracks:accuracy_horizontal></extensions>
</trkpt>
<trkpt lat="50.464792" lon="-104.537806">
<ele>554.4</ele>
<time>2026-09-10T17:44:24.296-06:00</time>
<extensions>
<gpxtpx:TrackPointExtension>
<gpxtpx:speed>4.22</gpxtpx:speed>
</gpxtpx:TrackPointExtension>
<opentracks:accuracy_horizontal>5.386</opentracks:accuracy_horizontal></extensions>
</trkpt>
<trkpt lat="50.464731" lon="-104.53797">
<ele>553.9</ele>
<time>2026-09-10T17:44:27.296-06:00</time>
<extensions>
<gpxtpx:TrackPointExtension>
<gpxtpx:speed>4.29</gpxtpx:speed>
</gpxtpx:TrackPointExtension>
<opentracks:accuracy_horizontal>5.012</opentracks:accuracy_horizontal></extensions>
</trkpt>
<trkpt lat="50.464682" lon="-104.538112">
<ele>556.4</ele>
<time>2026-09-10T17:44:30.29-06:00</time>
<extensions>
<gpxtpx:TrackPointExtension>
<gpxtpx:speed>3.67</gpxtpx:speed>
</gpxtpx:TrackPointExtension>
<opentracks:accuracy_horizontal>4.317</opentracks:accuracy_horizontal></extensions>
</trkpt>
<trkpt lat="50.464642" lon="-104.538277">
<ele>558.8</ele>
<time>2026-09-10T17:44:33.293-06:00</time>
<extensions>
<gpxtpx:TrackPointExtension>
<gpxtpx:speed>3.77</gpxtpx:speed>
</gpxtpx:TrackPointExtension>
<opentracks:accuracy_horizontal>4.317</opentracks:accuracy_horizontal></extensions>
</trkpt>
<trkpt lat="50.464584" lon="-104.538434">
<ele>560.2</ele>
<time>2026-09-10T17:44:36.286-06:00</time>
<extensions>
<gpxtpx:TrackPointExtension>
<gpxtpx:speed>4.27</gpxtpx:speed>
</gpxtpx:TrackPointExtension>
<opentracks:accuracy_horizontal>4.574</opentracks:accuracy_horizontal></extensions>
</trkpt>
<trkpt lat="50.464532" lon="-104.538621">
<ele>559.4</ele>
<time>2026-09-10T17:44:39.287-06:00</time>
<extensions>
<gpxtpx:TrackPointExtension>
<gpxtpx:speed>4.52</gpxtpx:speed>
</gpxtpx:TrackPointExtension>
<opentracks:accuracy_horizontal>4.575</opentracks:accuracy_horizontal></extensions>
</trkpt>
<trkpt lat="50.464466" lon="-104.538804">
<ele>558.7</ele>
<time>2026-09-10T17:44:42.284-06:00</time>
<extensions>
<gpxtpx:TrackPointExtension>
<gpxtpx:speed>5.23</gpxtpx:speed>
</gpxtpx:TrackPointExtension>
<opentracks:accuracy_horizontal>4.575</opentracks:accuracy_horizontal></extensions>
</trkpt>
<trkpt lat="50.464363" lon="-104.53888">
<ele>558.2</ele>
<time>2026-09-10T17:44:45.284-06:00</time>
<extensions>
<gpxtpx:TrackPointExtension>
<gpxtpx:speed>3.68</gpxtpx:speed>
</gpxtpx:TrackPointExtension>
<opentracks:accuracy_horizontal>4.576</opentracks:accuracy_horizontal></extensions>
</trkpt>
<trkpt lat="50.464272" lon="-104.538907">
<ele>558.4</ele>
<time>2026-09-10T17:44:48.287-06:00</time>
<extensions>
<gpxtpx:TrackPointExtension>
<gpxtpx:speed>2.66</gpxtpx:speed>
</gpxtpx:TrackPointExtension>
<opentracks:accuracy_horizontal>4.577</opentracks:accuracy_horizontal></extensions>
</trkpt>
<trkpt lat="50.464163" lon="-104.538998">
<ele>559.2</ele>
<time>2026-09-10T17:44:52.283-06:00</time>
<extensions>
<gpxtpx:TrackPointExtension>
<gpxtpx:speed>3.45</gpxtpx:speed>
</gpxtpx:TrackPointExtension>
<opentracks:accuracy_horizontal>4.347</opentracks:accuracy_horizontal></extensions>
</trkpt>
<trkpt lat="50.464068" lon="-104.539076">
<ele>559.4</ele>
<time>2026-09-10T17:44:55.287-06:00</time>
<extensions>
<gpxtpx:TrackPointExtension>
<gpxtpx:speed>3.86</gpxtpx:speed>
</gpxtpx:TrackPointExtension>
<opentracks:accuracy_horizontal>4.342</opentracks:accuracy_horizontal></extensions>
</trkpt>
<trkpt lat="50.463963" lon="-104.539182">
<ele>559.5</ele>
<time>2026-09-10T17:44:58.29-06:00</time>
<extensions>
<gpxtpx:TrackPointExtension>
<gpxtpx:speed>4.21</gpxtpx:speed>
</gpxtpx:TrackPointExtension>
<opentracks:accuracy_horizontal>4.317</opentracks:accuracy_horizontal></extensions>
</trkpt>
<trkpt lat="50.463852" lon="-104.539263">
<ele>559.5</ele>
<time>2026-09-10T17:45:01.283-06:00</time>
<extensions>
<gpxtpx:TrackPointExtension>
<gpxtpx:speed>4.71</gpxtpx:speed>
</gpxtpx:TrackPointExtension>
<opentracks:accuracy_horizontal>4.317</opentracks:accuracy_horizontal></extensions>
</trkpt>
<trkpt lat="50.463739" lon="-104.539341">
<ele>560</ele>
<time>2026-09-10T17:45:04.295-06:00</time>
<extensions>
<gpxtpx:TrackPointExtension>
<gpxtpx:speed>3.99</gpxtpx:speed>
</gpxtpx:TrackPointExtension>
<opentracks:accuracy_horizontal>4.317</opentracks:accuracy_horizontal></extensions>
</trkpt>
<trkpt lat="50.463652" lon="-104.539429">
<ele>559.5</ele>
<time>2026-09-10T17:45:07.281-06:00</time>
<extensions>
<gpxtpx:TrackPointExtension>
<gpxtpx:speed>3.87</gpxtpx:speed>
</gpxtpx:TrackPointExtension>
<opentracks:accuracy_horizontal>4.317</opentracks:accuracy_horizontal></extensions>
</trkpt>
<trkpt lat="50.463556" lon="-104.539516">
<ele>560</ele>
<time>2026-09-10T17:45:10.288-06:00</time>
<extensions>
<gpxtpx:TrackPointExtension>
<gpxtpx:speed>3.61</gpxtpx:speed>
</gpxtpx:TrackPointExtension>
<opentracks:accuracy_horizontal>4.317</opentracks:accuracy_horizontal></extensions>
</trkpt>
<trkpt lat="50.463461" lon="-104.539531">
<ele>560.4</ele>
<time>2026-09-10T17:45:14.291-06:00</time>
<extensions>
<gpxtpx:TrackPointExtension>
<gpxtpx:speed>1.66</gpxtpx:speed>
</gpxtpx:TrackPointExtension>
<opentracks:accuracy_horizontal>4.316</opentracks:accuracy_horizontal></extensions>
</trkpt>
<trkpt lat="50.463352" lon="-104.539487">
<ele>560.5</ele>
<time>2026-09-10T17:45:19.291-06:00</time>
<extensions>
<gpxtpx:TrackPointExtension>
<gpxtpx:speed>2.9</gpxtpx:speed>
</gpxtpx:TrackPointExtension>
<opentracks:accuracy_horizontal>4.527</opentracks:accuracy_horizontal></extensions>
</trkpt>
<trkpt lat="50.463262" lon="-104.539325">
<ele>560.1</ele>
<time>2026-09-10T17:45:22.293-06:00</time>
<extensions>
<gpxtpx:TrackPointExtension>
<gpxtpx:speed>4.86</gpxtpx:speed>
</gpxtpx:TrackPointExtension>
<opentracks:accuracy_horizontal>4.275</opentracks:accuracy_horizontal></extensions>
</trkpt>
<trkpt lat="50.463223" lon="-104.539163">
<ele>559.3</ele>
<time>2026-09-10T17:45:24.293-06:00</time>
<extensions>
<gpxtpx:TrackPointExtension>
<gpxtpx:speed>5.63</gpxtpx:speed>
</gpxtpx:TrackPointExtension>
<opentracks:accuracy_horizontal>4.316</opentracks:accuracy_horizontal></extensions>
</trkpt>
<trkpt lat="50.463161" lon="-104.539008">
<ele>559.5</ele>
<time>2026-09-10T17:45:26.295-06:00</time>
<extensions>
<gpxtpx:TrackPointExtension>
<gpxtpx:speed>6</gpxtpx:speed>
</gpxtpx:TrackPointExtension>
<opentracks:accuracy_horizontal>4.316</opentracks:accuracy_horizontal></extensions>
</trkpt>
<trkpt lat="50.4631" lon="-104.538849">
<ele>560.2</ele>
<time>2026-09-10T17:45:28.287-06:00</time>
<extensions>
<gpxtpx:TrackPointExtension>
<gpxtpx:speed>6.43</gpxtpx:speed>
</gpxtpx:TrackPointExtension>
<opentracks:accuracy_horizontal>4.316</opentracks:accuracy_horizontal></extensions>
</trkpt>
<trkpt lat="50.463046" lon="-104.538683">
<ele>560.1</ele>
<time>2026-09-10T17:45:30.293-06:00</time>
<extensions>
<gpxtpx:TrackPointExtension>
<gpxtpx:speed>6.59</gpxtpx:speed>
</gpxtpx:TrackPointExtension>
<opentracks:accuracy_horizontal>4.584</opentracks:accuracy_horizontal></extensions>
</trkpt>
<trkpt lat="50.462988" lon="-104.538529">
<ele>559.9</ele>
<time>2026-09-10T17:45:32.292-06:00</time>
<extensions>
<gpxtpx:TrackPointExtension>
<gpxtpx:speed>6.23</gpxtpx:speed>
</gpxtpx:TrackPointExtension>
<opentracks:accuracy_horizontal>4.585</opentracks:accuracy_horizontal></extensions>
</trkpt>
<trkpt lat="50.462936" lon="-104.538368">
<ele>560.6</ele>
<time>2026-09-10T17:45:34.29-06:00</time>
<extensions>
<gpxtpx:TrackPointExtension>
<gpxtpx:speed>6.62</gpxtpx:speed>
</gpxtpx:TrackPointExtension>
<opentracks:accuracy_horizontal>4.585</opentracks:accuracy_horizontal></extensions>
</trkpt>
<trkpt lat="50.462887" lon="-104.538185">
<ele>560.8</ele>
<time>2026-09-10T17:45:36.302-06:00</time>
<extensions>
<gpxtpx:TrackPointExtension>
<gpxtpx:speed>6.66</gpxtpx:speed>
</gpxtpx:TrackPointExtension>
<opentracks:accuracy_horizontal>4.585</opentracks:accuracy_horizontal></extensions>
</trkpt>
<trkpt lat="50.462831" lon="-104.538029">
<ele>560.1</ele>
<time>2026-09-10T17:45:38.299-06:00</time>
<extensions>
<gpxtpx:TrackPointExtension>
<gpxtpx:speed>6.32</gpxtpx:speed>
</gpxtpx:TrackPointExtension>
<opentracks:accuracy_horizontal>4.586</opentracks:accuracy_horizontal></extensions>
</trkpt>
<trkpt lat="50.462776" lon="-104.53786">
<ele>560.8</ele>
<time>2026-09-10T17:45:40.303-06:00</time>
<extensions>
<gpxtpx:TrackPointExtension>
<gpxtpx:speed>6.79</gpxtpx:speed>
</gpxtpx:TrackPointExtension>
<opentracks:accuracy_horizontal>4.586</opentracks:accuracy_horizontal></extensions>
</trkpt>
<trkpt lat="50.462719" lon="-104.537681">
<ele>561</ele>
<time>2026-09-10T17:45:42.295-06:00</time>
<extensions>
<gpxtpx:TrackPointExtension>
<gpxtpx:speed>6.56</gpxtpx:speed>
</gpxtpx:TrackPointExtension>
<opentracks:accuracy_horizontal>4.587</opentracks:accuracy_horizontal></extensions>
</trkpt>
<trkpt lat="50.46266" lon="-104.537522">
<ele>560.6</ele>
<time>2026-09-10T17:45:44.296-06:00</time>
<extensions>
<gpxtpx:TrackPointExtension>
<gpxtpx:speed>6.41</gpxtpx:speed>
</gpxtpx:TrackPointExtension>
<opentracks:accuracy_horizontal>4.587</opentracks:accuracy_horizontal></extensions>
</trkpt>
<trkpt lat="50.462602" lon="-104.537352">
<ele>561</ele>
<time>2026-09-10T17:45:46.304-06:00</time>
<extensions>
<gpxtpx:TrackPointExtension>
<gpxtpx:speed>6.81</gpxtpx:speed>
</gpxtpx:TrackPointExtension>
<opentracks:accuracy_horizontal>4.587</opentracks:accuracy_horizontal></extensions>
</trkpt>
<trkpt lat="50.462541" lon="-104.537192">
<ele>561.1</ele>
<time>2026-09-10T17:45:48.297-06:00</time>
<extensions>
<gpxtpx:TrackPointExtension>
<gpxtpx:speed>6.23</gpxtpx:speed>
</gpxtpx:TrackPointExtension>
<opentracks:accuracy_horizontal>4.588</opentracks:accuracy_horizontal></extensions>
</trkpt>
<trkpt lat="50.462484" lon="-104.537044">
<ele>561.1</ele>
<time>2026-09-10T17:45:50.298-06:00</time>
<extensions>
<gpxtpx:TrackPointExtension>
<gpxtpx:speed>6.07</gpxtpx:speed>
</gpxtpx:TrackPointExtension>
<opentracks:accuracy_horizontal>4.588</opentracks:accuracy_horizontal></extensions>
</trkpt>
<trkpt lat="50.462427" lon="-104.536888">
<ele>560.7</ele>
<time>2026-09-10T17:45:52.28-06:00</time>
<extensions>
<gpxtpx:TrackPointExtension>
<gpxtpx:speed>6.57</gpxtpx:speed>
</gpxtpx:TrackPointExtension>
<opentracks:accuracy_horizontal>4.588</opentracks:accuracy_horizontal></extensions>
</trkpt>
<trkpt lat="50.462364" lon="-104.53672">
<ele>561.1</ele>
<time>2026-09-10T17:45:54.287-06:00</time>
<extensions>
<gpxtpx:TrackPointExtension>
<gpxtpx:speed>6.84</gpxtpx:speed>
</gpxtpx:TrackPointExtension>
<opentracks:accuracy_horizontal>4.589</opentracks:accuracy_horizontal></extensions>
</trkpt>
<trkpt lat="50.462295" lon="-104.536566">
<ele>561.3</ele>
<time>2026-09-10T17:45:56.291-06:00</time>
<extensions>
<gpxtpx:TrackPointExtension>
<gpxtpx:speed>6.45</gpxtpx:speed>
</gpxtpx:TrackPointExtension>
<opentracks:accuracy_horizontal>4.589</opentracks:accuracy_horizontal></extensions>
</trkpt>
<trkpt lat="50.462221" lon="-104.53642">
<ele>561.3</ele>
<time>2026-09-10T17:45:58.3-06:00</time>
<extensions>
<gpxtpx:TrackPointExtension>
<gpxtpx:speed>6.67</gpxtpx:speed>
</gpxtpx:TrackPointExtension>
<opentracks:accuracy_horizontal>4.589</opentracks:accuracy_horizontal></extensions>
</trkpt>
<trkpt lat="50.462149" lon="-104.536282">
<ele>560.9</ele>
<time>2026-09-10T17:46:00.284-06:00</time>
<extensions>
<gpxtpx:TrackPointExtension>
<gpxtpx:speed>6.16</gpxtpx:speed>
</gpxtpx:TrackPointExtension>
<opentracks:accuracy_horizontal>4.233</opentracks:accuracy_horizontal></extensions>
</trkpt>
<trkpt lat="50.46206" lon="-104.536164">
<ele>561.6</ele>
<time>2026-09-10T17:46:02.284-06:00</time>
<extensions>
<gpxtpx:TrackPointExtension>
<gpxtpx:speed>6.33</gpxtpx:speed>
</gpxtpx:TrackPointExtension>
<opentracks:accuracy_horizontal>4.59</opentracks:accuracy_horizontal></extensions>
</trkpt>
<trkpt lat="50.461959" lon="-104.536058">
<ele>561.7</ele>
<time>2026-09-10T17:46:04.302-06:00</time>
<extensions>
<gpxtpx:TrackPointExtension>
<gpxtpx:speed>6.42</gpxtpx:speed>
</gpxtpx:TrackPointExtension>
<opentracks:accuracy_horizontal>4.59</opentracks:accuracy_horizontal></extensions>
</trkpt>
<trkpt lat="50.461858" lon="-104.53598">
<ele>561.5</ele>
<time>2026-09-10T17:46:06.287-06:00</time>
<extensions>
<gpxtpx:TrackPointExtension>
<gpxtpx:speed>6.23</gpxtpx:speed>
</gpxtpx:TrackPointExtension>
<opentracks:accuracy_horizontal>4.59</opentracks:accuracy_horizontal></extensions>
</trkpt>
<trkpt lat="50.461749" lon="-104.535912">
<ele>561.6</ele>
<time>2026-09-10T17:46:08.29-06:00</time>
<extensions>
<gpxtpx:TrackPointExtension>
<gpxtpx:speed>6.41</gpxtpx:speed>
</gpxtpx:TrackPointExtension>
<opentracks:accuracy_horizontal>4.591</opentracks:accuracy_horizontal></extensions>
</trkpt>
<trkpt lat="50.461633" lon="-104.535848">
<ele>561.3</ele>
<time>2026-09-10T17:46:10.303-06:00</time>
<extensions>
<gpxtpx:TrackPointExtension>
<gpxtpx:speed>6.56</gpxtpx:speed>
</gpxtpx:TrackPointExtension>
<opentracks:accuracy_horizontal>4.591</opentracks:accuracy_horizontal></extensions>
</trkpt>
<trkpt lat="50.461521" lon="-104.535814">
<ele>561.3</ele>
<time>2026-09-10T17:46:12.285-06:00</time>
<extensions>
<gpxtpx:TrackPointExtension>
<gpxtpx:speed>6.1</gpxtpx:speed>
</gpxtpx:TrackPointExtension>
<opentracks:accuracy_horizontal>4.591</opentracks:accuracy_horizontal></extensions>
</trkpt>
<trkpt lat="50.46141" lon="-104.535777">
<ele>561.1</ele>
<time>2026-09-10T17:46:14.305-06:00</time>
<extensions>
<gpxtpx:TrackPointExtension>
<gpxtpx:speed>6.18</gpxtpx:speed>
</gpxtpx:TrackPointExtension>
<opentracks:accuracy_horizontal>4.592</opentracks:accuracy_horizontal></extensions>
</trkpt>
<trkpt lat="50.461294" lon="-104.535722">
<ele>561</ele>
<time>2026-09-10T17:46:16.296-06:00</time>
<extensions>
<gpxtpx:TrackPointExtension>
<gpxtpx:speed>6.4</gpxtpx:speed>
</gpxtpx:TrackPointExtension>
<opentracks:accuracy_horizontal>4.592</opentracks:accuracy_horizontal></extensions>
</trkpt>
<trkpt lat="50.461179" lon="-104.535663">
<ele>561.9</ele>
<time>2026-09-10T17:46:18.288-06:00</time>
<extensions>
<gpxtpx:TrackPointExtension>
<gpxtpx:speed>6.35</gpxtpx:speed>
</gpxtpx:TrackPointExtension>
<opentracks:accuracy_horizontal>4.592</opentracks:accuracy_horizontal></extensions>
</trkpt>
<trkpt lat="50.461065" lon="-104.535608">
<ele>561.4</ele>
<time>2026-09-10T17:46:20.289-06:00</time>
<extensions>
<gpxtpx:TrackPointExtension>
<gpxtpx:speed>6.07</gpxtpx:speed>
</gpxtpx:TrackPointExtension>
<opentracks:accuracy_horizontal>4.593</opentracks:accuracy_horizontal></extensions>
</trkpt>
<trkpt lat="50.460952" lon="-104.535558">
<ele>561.6</ele>
<time>2026-09-10T17:46:22.297-06:00</time>
<extensions>
<gpxtpx:TrackPointExtension>
<gpxtpx:speed>6.34</gpxtpx:speed>
</gpxtpx:TrackPointExtension>
<opentracks:accuracy_horizontal>4.593</opentracks:accuracy_horizontal></extensions>
</trkpt>
<trkpt lat="50.460839" lon="-104.535502">
<ele>562.3</ele>
<time>2026-09-10T17:46:24.302-06:00</time>
<extensions>
<gpxtpx:TrackPointExtension>
<gpxtpx:speed>6.45</gpxtpx:speed>
</gpxtpx:TrackPointExtension>
<opentracks:accuracy_horizontal>4.456</opentracks:accuracy_horizontal></extensions>
</trkpt>
<trkpt lat="50.460726" lon="-104.535439">
<ele>561.8</ele>
<time>2026-09-10T17:46:26.299-06:00</time>
<extensions>
<gpxtpx:TrackPointExtension>
<gpxtpx:speed>6.23</gpxtpx:speed>
</gpxtpx:TrackPointExtension>
<opentracks:accuracy_horizontal>4.594</opentracks:accuracy_horizontal></extensions>
</trkpt>
<trkpt lat="50.46062" lon="-104.535369">
<ele>562.3</ele>
<time>2026-09-10T17:46:28.286-06:00</time>
<extensions>
<gpxtpx:TrackPointExtension>
<gpxtpx:speed>6.29</gpxtpx:speed>
</gpxtpx:TrackPointExtension>
<opentracks:accuracy_horizontal>4.594</opentracks:accuracy_horizontal></extensions>
</trkpt>
<trkpt lat="50.460516" lon="-104.5353">
<ele>562.2</ele>
<time>2026-09-10T17:46:30.288-06:00</time>
<extensions>
<gpxtpx:TrackPointExtension>
<gpxtpx:speed>6.03</gpxtpx:speed>
</gpxtpx:TrackPointExtension>
<opentracks:accuracy_horizontal>4.594</opentracks:accuracy_horizontal></extensions>
</trkpt>
<trkpt lat="50.460419" lon="-104.535221">
<ele>562.3</ele>
<time>2026-09-10T17:46:32.297-06:00</time>
<extensions>
<gpxtpx:TrackPointExtension>
<gpxtpx:speed>5.88</gpxtpx:speed>
</gpxtpx:TrackPointExtension>
<opentracks:accuracy_horizontal>4.595</opentracks:accuracy_horizontal></extensions>
</trkpt>
<trkpt lat="50.460335" lon="-104.535124">
<ele>562.3</ele>
<time>2026-09-10T17:46:34.298-06:00</time>
<extensions>
<gpxtpx:TrackPointExtension>
<gpxtpx:speed>5.28</gpxtpx:speed>
</gpxtpx:TrackPointExtension>
<opentracks:accuracy_horizontal>4.595</opentracks:accuracy_horizontal></extensions>
</trkpt>
<trkpt lat="50.460227" lon="-104.535023">
<ele>561.6</ele>
<time>2026-09-10T17:46:37.293-06:00</time>
<extensions>
<gpxtpx:TrackPointExtension>
<gpxtpx:speed>4.5</gpxtpx:speed>
</gpxtpx:TrackPointExtension>
<opentracks:accuracy_horizontal>4.595</opentracks:accuracy_horizontal></extensions>
</trkpt>
<trkpt lat="50.460129" lon="-104.534918">
<ele>561.1</ele>
<time>2026-09-10T17:46:40.303-06:00</time>
<extensions>
<gpxtpx:TrackPointExtension>
<gpxtpx:speed>4.52</gpxtpx:speed>
</gpxtpx:TrackPointExtension>
<opentracks:accuracy_horizontal>4.596</opentracks:accuracy_horizontal></extensions>
</trkpt>
<trkpt lat="50.460007" lon="-104.534864">
<ele>560.4</ele>
<time>2026-09-10T17:46:43.299-06:00</time>
<extensions>
<gpxtpx:TrackPointExtension>
<gpxtpx:speed>5.1</gpxtpx:speed>
</gpxtpx:TrackPointExtension>
<opentracks:accuracy_horizontal>4.596</opentracks:accuracy_horizontal></extensions>
</trkpt>
<trkpt lat="50.459914" lon="-104.534963">
<ele>559.3</ele>
<time>2026-09-10T17:46:45.291-06:00</time>
<extensions>
<gpxtpx:TrackPointExtension>
<gpxtpx:speed>6.33</gpxtpx:speed>
</gpxtpx:TrackPointExtension>
<opentracks:accuracy_horizontal>4.315</opentracks:accuracy_horizontal></extensions>
</trkpt>
<trkpt lat="50.459857" lon="-104.535157">
<ele>559.1</ele>
<time>2026-09-10T17:46:47.294-06:00</time>
<extensions>
<gpxtpx:TrackPointExtension>
<gpxtpx:speed>7</gpxtpx:speed>
</gpxtpx:TrackPointExtension>
<opentracks:accuracy_horizontal>4.315</opentracks:accuracy_horizontal></extensions>
</trkpt>
<trkpt lat="50.459798" lon="-104.53536">
<ele>559.3</ele>
<time>2026-09-10T17:46:49.287-06:00</time>
<extensions>
<gpxtpx:TrackPointExtension>
<gpxtpx:speed>6.93</gpxtpx:speed>
</gpxtpx:TrackPointExtension>
<opentracks:accuracy_horizontal>4.597</opentracks:accuracy_horizontal></extensions>
</trkpt>
<trkpt lat="50.45972" lon="-104.535523">
<ele>558.9</ele>
<time>2026-09-10T17:46:51.285-06:00</time>
<extensions>
<gpxtpx:TrackPointExtension>
<gpxtpx:speed>6.84</gpxtpx:speed>
</gpxtpx:TrackPointExtension>
<opentracks:accuracy_horizontal>4.597</opentracks:accuracy_horizontal></extensions>
</trkpt>
<trkpt lat="50.45966" lon="-104.53569">
<ele>559.5</ele>
<time>2026-09-10T17:46:53.294-06:00</time>
<extensions>
<gpxtpx:TrackPointExtension>
<gpxtpx:speed>6.8</gpxtpx:speed>
</gpxtpx:TrackPointExtension>
<opentracks:accuracy_horizontal>4.598</opentracks:accuracy_horizontal></extensions>
</trkpt>
<trkpt lat="50.459603" lon="-104.535871">
<ele>559.5</ele>
<time>2026-09-10T17:46:55.285-06:00</time>
<extensions>
<gpxtpx:TrackPointExtension>
<gpxtpx:speed>6.87</gpxtpx:speed>
</gpxtpx:TrackPointExtension>
<opentracks:accuracy_horizontal>4.598</opentracks:accuracy_horizontal></extensions>
</trkpt>
<trkpt lat="50.459549" lon="-104.536049">
<ele>560.4</ele>
<time>2026-09-10T17:46:57.296-06:00</time>
<extensions>
<gpxtpx:TrackPointExtension>
<gpxtpx:speed>6.62</gpxtpx:speed>
</gpxtpx:TrackPointExtension>
<opentracks:accuracy_horizontal>4.598</opentracks:accuracy_horizontal></extensions>
</trkpt>
<trkpt lat="50.459502" lon="-104.53623">
<ele>560.4</ele>
<time>2026-09-10T17:46:59.304-06:00</time>
<extensions>
<gpxtpx:TrackPointExtension>
<gpxtpx:speed>6.44</gpxtpx:speed>
</gpxtpx:TrackPointExtension>
<opentracks:accuracy_horizontal>4.315</opentracks:accuracy_horizontal></extensions>
</trkpt>
<trkpt lat="50.459478" lon="-104.536428">
<ele>560.2</ele>
<time>2026-09-10T17:47:01.288-06:00</time>
<extensions>
<gpxtpx:TrackPointExtension>
<gpxtpx:speed>5.97</gpxtpx:speed>
</gpxtpx:TrackPointExtension>
<opentracks:accuracy_horizontal>4.315</opentracks:accuracy_horizontal></extensions>
</trkpt>
<trkpt lat="50.459464" lon="-104.53661">
<ele>559.9</ele>
<time>2026-09-10T17:47:03.288-06:00</time>
<extensions>
<gpxtpx:TrackPointExtension>
<gpxtpx:speed>6.69</gpxtpx:speed>
</gpxtpx:TrackPointExtension>
<opentracks:accuracy_horizontal>4.599</opentracks:accuracy_horizontal></extensions>
</trkpt>
<trkpt lat="50.459451" lon="-104.536812">
<ele>560.1</ele>
<time>2026-09-10T17:47:05.277-06:00</time>
<extensions>
<gpxtpx:TrackPointExtension>
<gpxtpx:speed>6.81</gpxtpx:speed>
</gpxtpx:TrackPointExtension>
<opentracks:accuracy_horizontal>4.315</opentracks:accuracy_horizontal></extensions>
</trkpt>
<trkpt lat="50.459467" lon="-104.537014">
<ele>560.4</ele>
<time>2026-09-10T17:47:07.284-06:00</time>
<extensions>
<gpxtpx:TrackPointExtension>
<gpxtpx:speed>6.87</gpxtpx:speed>
</gpxtpx:TrackPointExtension>
<opentracks:accuracy_horizontal>4.315</opentracks:accuracy_horizontal></extensions>
</trkpt>
<trkpt lat="50.459476" lon="-104.537231">
<ele>560.7</ele>
<time>2026-09-10T17:47:09.289-06:00</time>
<extensions>
<gpxtpx:TrackPointExtension>
<gpxtpx:speed>7.25</gpxtpx:speed>
</gpxtpx:TrackPointExtension>
<opentracks:accuracy_horizontal>4.6</opentracks:accuracy_horizontal></extensions>
</trkpt>
<trkpt lat="50.459477" lon="-104.537431">
<ele>560.5</ele>
<time>2026-09-10T17:47:11.286-06:00</time>
<extensions>
<gpxtpx:TrackPointExtension>
<gpxtpx:speed>6.82</gpxtpx:speed>
</gpxtpx:TrackPointExtension>
<opentracks:accuracy_horizontal>4.6</opentracks:accuracy_horizontal></extensions>
</trkpt>
<trkpt lat="50.459466" lon="-104.537614">
<ele>560.6</ele>
<time>2026-09-10T17:47:13.279-06:00</time>
<extensions>
<gpxtpx:TrackPointExtension>
<gpxtpx:speed>6.61</gpxtpx:speed>
</gpxtpx:TrackPointExtension>
<opentracks:accuracy_horizontal>4.6</opentracks:accuracy_horizontal></extensions>
</trkpt>
<trkpt lat="50.459464" lon="-104.537797">
<ele>560.4</ele>
<time>2026-09-10T17:47:15.297-06:00</time>
<extensions>
<gpxtpx:TrackPointExtension>
<gpxtpx:speed>6.73</gpxtpx:speed>
</gpxtpx:TrackPointExtension>
<opentracks:accuracy_horizontal>4.6</opentracks:accuracy_horizontal></extensions>
</trkpt>
<trkpt lat="50.459478" lon="-104.537985">
<ele>560.6</ele>
<time>2026-09-10T17:47:17.292-06:00</time>
<extensions>
<gpxtpx:TrackPointExtension>
<gpxtpx:speed>6.53</gpxtpx:speed>
</gpxtpx:TrackPointExtension>
<opentracks:accuracy_horizontal>4.601</opentracks:accuracy_horizontal></extensions>
</trkpt>
<trkpt lat="50.459477" lon="-104.53817">
<ele>560.5</ele>
<time>2026-09-10T17:47:19.295-06:00</time>
<extensions>
<gpxtpx:TrackPointExtension>
<gpxtpx:speed>6.63</gpxtpx:speed>
</gpxtpx:TrackPointExtension>
<opentracks:accuracy_horizontal>4.601</opentracks:accuracy_horizontal></extensions>
</trkpt>
<trkpt lat="50.459462" lon="-104.538368">
<ele>560.8</ele>
<time>2026-09-10T17:47:21.291-06:00</time>
<extensions>
<gpxtpx:TrackPointExtension>
<gpxtpx:speed>6.68</gpxtpx:speed>
</gpxtpx:TrackPointExtension>
<opentracks:accuracy_horizontal>4.601</opentracks:accuracy_horizontal></extensions>
</trkpt>
<trkpt lat="50.45946" lon="-104.538574">
<ele>560.5</ele>
<time>2026-09-10T17:47:23.307-06:00</time>
<extensions>
<gpxtpx:TrackPointExtension>
<gpxtpx:speed>6.59</gpxtpx:speed>
</gpxtpx:TrackPointExtension>
<opentracks:accuracy_horizontal>4.601</opentracks:accuracy_horizontal></extensions>
</trkpt>
<trkpt lat="50.459469" lon="-104.538774">
<ele>560.5</ele>
<time>2026-09-10T17:47:25.281-06:00</time>
<extensions>
<gpxtpx:TrackPointExtension>
<gpxtpx:speed>6.57</gpxtpx:speed>
</gpxtpx:TrackPointExtension>
<opentracks:accuracy_horizontal>4.602</opentracks:accuracy_horizontal></extensions>
</trkpt>
<trkpt lat="50.459484" lon="-104.538974">
<ele>560.8</ele>
<time>2026-09-10T17:47:27.297-06:00</time>
<extensions>
<gpxtpx:TrackPointExtension>
<gpxtpx:speed>6.76</gpxtpx:speed>
</gpxtpx:TrackPointExtension>
<opentracks:accuracy_horizontal>4.314</opentracks:accuracy_horizontal></extensions>
</trkpt>
<trkpt lat="50.459481" lon="-104.539169">
<ele>560.6</ele>
<time>2026-09-10T17:47:29.308-06:00</time>
<extensions>
<gpxtpx:TrackPointExtension>
<gpxtpx:speed>6.48</gpxtpx:speed>
</gpxtpx:TrackPointExtension>
<opentracks:accuracy_horizontal>4.314</opentracks:accuracy_horizontal></extensions>
</trkpt>
<trkpt lat="50.459478" lon="-104.539358">
<ele>561</ele>
<time>2026-09-10T17:47:31.302-06:00</time>
<extensions>
<gpxtpx:TrackPointExtension>
<gpxtpx:speed>6.56</gpxtpx:speed>
</gpxtpx:TrackPointExtension>
<opentracks:accuracy_horizontal>4.314</opentracks:accuracy_horizontal></extensions>
</trkpt>
<trkpt lat="50.459475" lon="-104.539547">
<ele>561.1</ele>
<time>2026-09-10T17:47:33.287-06:00</time>
<extensions>
<gpxtpx:TrackPointExtension>
<gpxtpx:speed>6.59</gpxtpx:speed>
</gpxtpx:TrackPointExtension>
<opentracks:accuracy_horizontal>4.314</opentracks:accuracy_horizontal></extensions>
</trkpt>
<trkpt lat="50.45947" lon="-104.539735">
<ele>561.3</ele>
<time>2026-09-10T17:47:35.29-06:00</time>
<extensions>
<gpxtpx:TrackPointExtension>
<gpxtpx:speed>6.5</gpxtpx:speed>
</gpxtpx:TrackPointExtension>
<opentracks:accuracy_horizontal>4.314</opentracks:accuracy_horizontal></extensions>
</trkpt>
<trkpt lat="50.459475" lon="-104.53992">
<ele>561.4</ele>
<time>2026-09-10T17:47:37.292-06:00</time>
<extensions>
<gpxtpx:TrackPointExtension>
<gpxtpx:speed>6.62</gpxtpx:speed>
</gpxtpx:TrackPointExtension>
<opentracks:accuracy_horizontal>4.314</opentracks:accuracy_horizontal></extensions>
</trkpt>
<trkpt lat="50.459472" lon="-104.540113">
<ele>560.9</ele>
<time>2026-09-10T17:47:39.289-06:00</time>
<extensions>
<gpxtpx:TrackPointExtension>
<gpxtpx:speed>6.42</gpxtpx:speed>
</gpxtpx:TrackPointExtension>
<opentracks:accuracy_horizontal>4.314</opentracks:accuracy_horizontal></extensions>
</trkpt>
<trkpt lat="50.459447" lon="-104.540295">
<ele>560.3</ele>
<time>2026-09-10T17:47:41.288-06:00</time>
<extensions>
<gpxtpx:TrackPointExtension>
<gpxtpx:speed>6.56</gpxtpx:speed>
</gpxtpx:TrackPointExtension>
<opentracks:accuracy_horizontal>4.314</opentracks:accuracy_horizontal></extensions>
</trkpt>
<trkpt lat="50.45939" lon="-104.540481">
<ele>560.3</ele>
<time>2026-09-10T17:47:43.296-06:00</time>
<extensions>
<gpxtpx:TrackPointExtension>
<gpxtpx:speed>7.11</gpxtpx:speed>
</gpxtpx:TrackPointExtension>
<opentracks:accuracy_horizontal>4.314</opentracks:accuracy_horizontal></extensions>
</trkpt>
<trkpt lat="50.459352" lon="-104.540668">
<ele>560.5</ele>
<time>2026-09-10T17:47:45.309-06:00</time>
<extensions>
<gpxtpx:TrackPointExtension>
<gpxtpx:speed>6.55</gpxtpx:speed>
</gpxtpx:TrackPointExtension>
<opentracks:accuracy_horizontal>4.314</opentracks:accuracy_horizontal></extensions>
</trkpt>
<trkpt lat="50.459321" lon="-104.540833">
<ele>561</ele>
<time>2026-09-10T17:47:47.293-06:00</time>
<extensions>
<gpxtpx:TrackPointExtension>
<gpxtpx:speed>5.94</gpxtpx:speed>
</gpxtpx:TrackPointExtension>
<opentracks:accuracy_horizontal>4.604</opentracks:accuracy_horizontal></extensions>
</trkpt>
<trkpt lat="50.459286" lon="-104.540993">
<ele>560.8</ele>
<time>2026-09-10T17:47:49.295-06:00</time>
<extensions>
<gpxtpx:TrackPointExtension>
<gpxtpx:speed>5.85</gpxtpx:speed>
</gpxtpx:TrackPointExtension>
<opentracks:accuracy_horizontal>4.604</opentracks:accuracy_horizontal></extensions>
</trkpt>
<trkpt lat="50.459262" lon="-104.541153">
<ele>561.6</ele>
<time>2026-09-10T17:47:51.3-06:00</time>
<extensions>
<gpxtpx:TrackPointExtension>
<gpxtpx:speed>5.96</gpxtpx:speed>
</gpxtpx:TrackPointExtension>
<opentracks:accuracy_horizontal>4.605</opentracks:accuracy_horizontal></extensions>
</trkpt>
<trkpt lat="50.45925" lon="-104.541322">
<ele>561.7</ele>
<time>2026-09-10T17:47:53.301-06:00</time>
<extensions>
<gpxtpx:TrackPointExtension>
<gpxtpx:speed>6.05</gpxtpx:speed>
</gpxtpx:TrackPointExtension>
<opentracks:accuracy_horizontal>4.313</opentracks:accuracy_horizontal></extensions>
</trkpt>
<trkpt lat="50.459231" lon="-104.541489">
<ele>561.4</ele>
<time>2026-09-10T17:47:55.296-06:00</time>
<extensions>
<gpxtpx:TrackPointExtension>
<gpxtpx:speed>6.05</gpxtpx:speed>
</gpxtpx:TrackPointExtension>
<opentracks:accuracy_horizontal>4.605</opentracks:accuracy_horizontal></extensions>
</trkpt>
<trkpt lat="50.45919" lon="-104.541645">
<ele>561.7</ele>
<time>2026-09-10T17:47:57.305-06:00</time>
<extensions>
<gpxtpx:TrackPointExtension>
<gpxtpx:speed>5.95</gpxtpx:speed>
</gpxtpx:TrackPointExtension>
<opentracks:accuracy_horizontal>4.605</opentracks:accuracy_horizontal></extensions>
</trkpt>
<trkpt lat="50.459155" lon="-104.541824">
<ele>561.3</ele>
<time>2026-09-10T17:47:59.294-06:00</time>
<extensions>
<gpxtpx:TrackPointExtension>
<gpxtpx:speed>6.2</gpxtpx:speed>
</gpxtpx:TrackPointExtension>
<opentracks:accuracy_horizontal>4.606</opentracks:accuracy_horizontal></extensions>
</trkpt>
<trkpt lat="50.459133" lon="-104.542001">
<ele>562</ele>
<time>2026-09-10T17:48:01.293-06:00</time>
<extensions>
<gpxtpx:TrackPointExtension>
<gpxtpx:speed>6.74</gpxtpx:speed>
</gpxtpx:TrackPointExtension>
<opentracks:accuracy_horizontal>4.313</opentracks:accuracy_horizontal></extensions>
</trkpt>
<trkpt lat="50.459104" lon="-104.542191">
<ele>562.7</ele>
<time>2026-09-10T17:48:03.299-06:00</time>
<extensions>
<gpxtpx:TrackPointExtension>
<gpxtpx:speed>6.73</gpxtpx:speed>
</gpxtpx:TrackPointExtension>
<opentracks:accuracy_horizontal>4.606</opentracks:accuracy_horizontal></extensions>
</trkpt>
<trkpt lat="50.45907" lon="-104.542373">
<ele>561.8</ele>
<time>2026-09-10T17:48:05.3-06:00</time>
<extensions>
<gpxtpx:TrackPointExtension>
<gpxtpx:speed>6.41</gpxtpx:speed>
</gpxtpx:TrackPointExtension>
<opentracks:accuracy_horizontal>4.313</opentracks:accuracy_horizontal></extensions>
</trkpt>
<trkpt lat="50.459044" lon="-104.542548">
<ele>561.7</ele>
<time>2026-09-10T17:48:07.29-06:00</time>
<extensions>
<gpxtpx:TrackPointExtension>
<gpxtpx:speed>6.4</gpxtpx:speed>
</gpxtpx:TrackPointExtension>
<opentracks:accuracy_horizontal>4.313</opentracks:accuracy_horizontal></extensions>
</trkpt>
<trkpt lat="50.459012" lon="-104.542741">
<ele>561.9</ele>
<time>2026-09-10T17:48:09.298-06:00</time>
<extensions>
<gpxtpx:TrackPointExtension>
<gpxtpx:speed>6.98</gpxtpx:speed>
</gpxtpx:TrackPointExtension>
<opentracks:accuracy_horizontal>4.607</opentracks:accuracy_horizontal></extensions>
</trkpt>
<trkpt lat="50.458981" lon="-104.542937">
<ele>562.2</ele>
<time>2026-09-10T17:48:11.311-06:00</time>
<extensions>
<gpxtpx:TrackPointExtension>
<gpxtpx:speed>6.93</gpxtpx:speed>
</gpxtpx:TrackPointExtension>
<opentracks:accuracy_horizontal>4.607</opentracks:accuracy_horizontal></extensions>
</trkpt>
<trkpt lat="50.458948" lon="-104.543132">
<ele>562</ele>
<time>2026-09-10T17:48:13.287-06:00</time>
<extensions>
<gpxtpx:TrackPointExtension>
<gpxtpx:speed>7.19</gpxtpx:speed>
</gpxtpx:TrackPointExtension>
<opentracks:accuracy_horizontal>4.607</opentracks:accuracy_horizontal></extensions>
</trkpt>
<trkpt lat="50.458915" lon="-104.543334">
<ele>561.7</ele>
<time>2026-09-10T17:48:15.284-06:00</time>
<extensions>
<gpxtpx:TrackPointExtension>
<gpxtpx:speed>7.39</gpxtpx:speed>
</gpxtpx:TrackPointExtension>
<opentracks:accuracy_horizontal>4.607</opentracks:accuracy_horizontal></extensions>
</trkpt>
<trkpt lat="50.458888" lon="-104.543561">
<ele>561.4</ele>
<time>2026-09-10T17:48:17.292-06:00</time>
<extensions>
<gpxtpx:TrackPointExtension>
<gpxtpx:speed>8.2</gpxtpx:speed>
</gpxtpx:TrackPointExtension>
<opentracks:accuracy_horizontal>4.607</opentracks:accuracy_horizontal></extensions>
</trkpt>
<trkpt lat="50.45885" lon="-104.543797">
<ele>560.8</ele>
<time>2026-09-10T17:48:19.283-06:00</time>
<extensions>
<gpxtpx:TrackPointExtension>
<gpxtpx:speed>8.51</gpxtpx:speed>
</gpxtpx:TrackPointExtension>
<opentracks:accuracy_horizontal>4.312</opentracks:accuracy_horizontal></extensions>
</trkpt>
<trkpt lat="50.458807" lon="-104.544028">
<ele>560.7</ele>
<time>2026-09-10T17:48:21.284-06:00</time>
<extensions>
<gpxtpx:TrackPointExtension>
<gpxtpx:speed>8.26</gpxtpx:speed>
</gpxtpx:TrackPointExtension>
<opentracks:accuracy_horizontal>4.312</opentracks:accuracy_horizontal></extensions>
</trkpt>
<trkpt lat="50.458772" lon="-104.544262">
<ele>560.7</ele>
<time>2026-09-10T17:48:23.283-06:00</time>
<extensions>
<gpxtpx:TrackPointExtension>
<gpxtpx:speed>8.44</gpxtpx:speed>
</gpxtpx:TrackPointExtension>
<opentracks:accuracy_horizontal>4.608</opentracks:accuracy_horizontal></extensions>
</trkpt>
<trkpt lat="50.458737" lon="-104.544485">
<ele>560.8</ele>
<time>2026-09-10T17:48:25.301-06:00</time>
<extensions>
<gpxtpx:TrackPointExtension>
<gpxtpx:speed>7.8</gpxtpx:speed>
</gpxtpx:TrackPointExtension>
<opentracks:accuracy_horizontal>4.312</opentracks:accuracy_horizontal></extensions>
</trkpt>
<trkpt lat="50.458698" lon="-104.544664">
<ele>560.4</ele>
<time>2026-09-10T17:48:27.321-06:00</time>
<extensions>
<gpxtpx:TrackPointExtension>
<gpxtpx:speed>5.82</gpxtpx:speed>
</gpxtpx:TrackPointExtension>
<opentracks:accuracy_horizontal>4.312</opentracks:accuracy_horizontal></extensions>
</trkpt>
<trkpt lat="50.458661" lon="-104.544859">
<ele>560.7</ele>
<time>2026-09-10T17:48:30.299-06:00</time>
<extensions>
<gpxtpx:TrackPointExtension>
<gpxtpx:speed>5.17</gpxtpx:speed>
</gpxtpx:TrackPointExtension>
<opentracks:accuracy_horizontal>4.312</opentracks:accuracy_horizontal></extensions>
</trkpt>
<trkpt lat="50.458648" lon="-104.545016">
<ele>560.5</ele>
<time>2026-09-10T17:48:32.292-06:00</time>
<extensions>
<gpxtpx:TrackPointExtension>
<gpxtpx:speed>5.83</gpxtpx:speed>
</gpxtpx:TrackPointExtension>
<opentracks:accuracy_horizontal>4.609</opentracks:accuracy_horizontal></extensions>
</trkpt>
<trkpt lat="50.458622" lon="-104.54518">
<ele>560.4</ele>
<time>2026-09-10T17:48:34.291-06:00</time>
<extensions>
<gpxtpx:TrackPointExtension>
<gpxtpx:speed>5.86</gpxtpx:speed>
</gpxtpx:TrackPointExtension>
<opentracks:accuracy_horizontal>4.609</opentracks:accuracy_horizontal></extensions>
</trkpt>
<trkpt lat="50.458595" lon="-104.54534">
<ele>560.6</ele>
<time>2026-09-10T17:48:36.295-06:00</time>
<extensions>
<gpxtpx:TrackPointExtension>
<gpxtpx:speed>5.48</gpxtpx:speed>
</gpxtpx:TrackPointExtension>
<opentracks:accuracy_horizontal>4.609</opentracks:accuracy_horizontal></extensions>
</trkpt>
<trkpt lat="50.458562" lon="-104.545497">
<ele>560.4</ele>
<time>2026-09-10T17:48:38.289-06:00</time>
<extensions>
<gpxtpx:TrackPointExtension>
<gpxtpx:speed>6.33</gpxtpx:speed>
</gpxtpx:TrackPointExtension>
<opentracks:accuracy_horizontal>4.609</opentracks:accuracy_horizontal></extensions>
</trkpt>
<trkpt lat="50.458534" lon="-104.545674">
<ele>560.3</ele>
<time>2026-09-10T17:48:40.289-06:00</time>
<extensions>
<gpxtpx:TrackPointExtension>
<gpxtpx:speed>6.48</gpxtpx:speed>
</gpxtpx:TrackPointExtension>
<opentracks:accuracy_horizontal>4.609</opentracks:accuracy_horizontal></extensions>
</trkpt>
<trkpt lat="50.458506" lon="-104.545858">
<ele>559.9</ele>
<time>2026-09-10T17:48:42.303-06:00</time>
<extensions>
<gpxtpx:TrackPointExtension>
<gpxtpx:speed>6.79</gpxtpx:speed>
</gpxtpx:TrackPointExtension>
<opentracks:accuracy_horizontal>4.61</opentracks:accuracy_horizontal></extensions>
</trkpt>
<trkpt lat="50.458473" lon="-104.546046">
<ele>560.1</ele>
<time>2026-09-10T17:48:44.294-06:00</time>
<extensions>
<gpxtpx:TrackPointExtension>
<gpxtpx:speed>6.86</gpxtpx:speed>
</gpxtpx:TrackPointExtension>
<opentracks:accuracy_horizontal>4.312</opentracks:accuracy_horizontal></extensions>
</trkpt>
<trkpt lat="50.458433" lon="-104.546227">
<ele>559.5</ele>
<time>2026-09-10T17:48:46.303-06:00</time>
<extensions>
<gpxtpx:TrackPointExtension>
<gpxtpx:speed>6.48</gpxtpx:speed>
</gpxtpx:TrackPointExtension>
<opentracks:accuracy_horizontal>4.61</opentracks:accuracy_horizontal></extensions>
</trkpt>
<trkpt lat="50.458398" lon="-104.546409">
<ele>559.3</ele>
<time>2026-09-10T17:48:48.3-06:00</time>
<extensions>
<gpxtpx:TrackPointExtension>
<gpxtpx:speed>7.02</gpxtpx:speed>
</gpxtpx:TrackPointExtension>
<opentracks:accuracy_horizontal>4.61</opentracks:accuracy_horizontal></extensions>
</trkpt>
<trkpt lat="50.458373" lon="-104.546616">
<ele>559.4</ele>
<time>2026-09-10T17:48:50.296-06:00</time>
<extensions>
<gpxtpx:TrackPointExtension>
<gpxtpx:speed>7.09</gpxtpx:speed>
</gpxtpx:TrackPointExtension>
<opentracks:accuracy_horizontal>4.311</opentracks:accuracy_horizontal></extensions>
</trkpt>
<trkpt lat="50.45835" lon="-104.546808">
<ele>559.1</ele>
<time>2026-09-10T17:48:52.303-06:00</time>
<extensions>
<gpxtpx:TrackPointExtension>
<gpxtpx:speed>6.97</gpxtpx:speed>
</gpxtpx:TrackPointExtension>
<opentracks:accuracy_horizontal>4.311</opentracks:accuracy_horizontal></extensions>
</trkpt>
<trkpt lat="50.45832" lon="-104.547005">
<ele>558.7</ele>
<time>2026-09-10T17:48:54.297-06:00</time>
<extensions>
<gpxtpx:TrackPointExtension>
<gpxtpx:speed>6.6</gpxtpx:speed>
</gpxtpx:TrackPointExtension>
<opentracks:accuracy_horizontal>4.311</opentracks:accuracy_horizontal></extensions>
</trkpt>
<trkpt lat="50.458319" lon="-104.547191">
<ele>558.8</ele>
<time>2026-09-10T17:48:56.297-06:00</time>
<extensions>
<gpxtpx:TrackPointExtension>
<gpxtpx:speed>6.42</gpxtpx:speed>
</gpxtpx:TrackPointExtension>
<opentracks:accuracy_horizontal>4.311</opentracks:accuracy_horizontal></extensions>
</trkpt>
<trkpt lat="50.458332" lon="-104.547378">
<ele>558.5</ele>
<time>2026-09-10T17:48:58.283-06:00</time>
<extensions>
<gpxtpx:TrackPointExtension>
<gpxtpx:speed>6.42</gpxtpx:speed>
</gpxtpx:TrackPointExtension>
<opentracks:accuracy_horizontal>4.311</opentracks:accuracy_horizontal></extensions>
</trkpt>
<trkpt lat="50.458336" lon="-104.547567">
<ele>558.2</ele>
<time>2026-09-10T17:49:00.288-06:00</time>
<extensions>
<gpxtpx:TrackPointExtension>
<gpxtpx:speed>6.29</gpxtpx:speed>
</gpxtpx:TrackPointExtension>
<opentracks:accuracy_horizontal>4.296</opentracks:accuracy_horizontal></extensions>
</trkpt>
<trkpt lat="50.458337" lon="-104.547742">
<ele>559.4</ele>
<time>2026-09-10T17:49:02.294-06:00</time>
<extensions>
<gpxtpx:TrackPointExtension>
<gpxtpx:speed>5.92</gpxtpx:speed>
</gpxtpx:TrackPointExtension>
<opentracks:accuracy_horizontal>4.311</opentracks:accuracy_horizontal></extensions>
</trkpt>
<trkpt lat="50.45832" lon="-104.547899">
<ele>559.5</ele>
<time>2026-09-10T17:49:04.3-06:00</time>
<extensions>
<gpxtpx:TrackPointExtension>
<gpxtpx:speed>5.42</gpxtpx:speed>
</gpxtpx:TrackPointExtension>
<opentracks:accuracy_horizontal>4.311</opentracks:accuracy_horizontal></extensions>
</trkpt>
<trkpt lat="50.458313" lon="-104.548086">
<ele>559.4</ele>
<time>2026-09-10T17:49:07.291-06:00</time>
<extensions>
<gpxtpx:TrackPointExtension>
<gpxtpx:speed>4.21</gpxtpx:speed>
</gpxtpx:TrackPointExtension>
<opentracks:accuracy_horizontal>4.311</opentracks:accuracy_horizontal></extensions>
</trkpt>
<trkpt lat="50.458319" lon="-104.548236">
<ele>559.5</ele>
<time>2026-09-10T17:49:11.306-06:00</time>
<extensions>
<gpxtpx:TrackPointExtension>
<gpxtpx:speed>2.19</gpxtpx:speed>
</gpxtpx:TrackPointExtension>
<opentracks:accuracy_horizontal>4.31</opentracks:accuracy_horizontal></extensions>
</trkpt>
<trkpt lat="50.458339" lon="-104.548374">
<ele>559.1</ele>
<time>2026-09-10T17:49:17.289-06:00</time>
<extensions>
<gpxtpx:TrackPointExtension>
<gpxtpx:speed>1.93</gpxtpx:speed>
</gpxtpx:TrackPointExtension>
<opentracks:accuracy_horizontal>4.612</opentracks:accuracy_horizontal></extensions>
</trkpt>
<trkpt lat="50.458337" lon="-104.548541">
<ele>558.2</ele>
<time>2026-09-10T17:49:23.287-06:00</time>
<extensions>
<gpxtpx:TrackPointExtension>
<gpxtpx:speed>2.43</gpxtpx:speed>
</gpxtpx:TrackPointExtension>
<opentracks:accuracy_horizontal>4.613</opentracks:accuracy_horizontal></extensions>
</trkpt>
<trkpt lat="50.458324" lon="-104.548714">
<ele>557.6</ele>
<time>2026-09-10T17:49:26.301-06:00</time>
<extensions>
<gpxtpx:TrackPointExtension>
<gpxtpx:speed>4.39</gpxtpx:speed>
</gpxtpx:TrackPointExtension>
<opentracks:accuracy_horizontal>4.613</opentracks:accuracy_horizontal></extensions>
</trkpt>
<trkpt lat="50.458253" lon="-104.548813">
<ele>555.9</ele>
<time>2026-09-10T17:49:28.291-06:00</time>
<extensions>
<gpxtpx:TrackPointExtension>
<gpxtpx:speed>5.25</gpxtpx:speed>
</gpxtpx:TrackPointExtension>
<opentracks:accuracy_horizontal>4.613</opentracks:accuracy_horizontal></extensions>
</trkpt>
<trkpt lat="50.458145" lon="-104.548856">
<ele>555.6</ele>
<time>2026-09-10T17:49:30.28-06:00</time>
<extensions>
<gpxtpx:TrackPointExtension>
<gpxtpx:speed>6.16</gpxtpx:speed>
</gpxtpx:TrackPointExtension>
<opentracks:accuracy_horizontal>4.27</opentracks:accuracy_horizontal></extensions>
</trkpt>
<trkpt lat="50.458021" lon="-104.548835">
<ele>555.8</ele>
<time>2026-09-10T17:49:32.293-06:00</time>
<extensions>
<gpxtpx:TrackPointExtension>
<gpxtpx:speed>7.28</gpxtpx:speed>
</gpxtpx:TrackPointExtension>
<opentracks:accuracy_horizontal>4.455</opentracks:accuracy_horizontal></extensions>
</trkpt>
<trkpt lat="50.457863" lon="-104.548801">
<ele>555.5</ele>
<time>2026-09-10T17:49:34.302-06:00</time>
<extensions>
<gpxtpx:TrackPointExtension>
<gpxtpx:speed>8.56</gpxtpx:speed>
</gpxtpx:TrackPointExtension>
<opentracks:accuracy_horizontal>4.682</opentracks:accuracy_horizontal></extensions>
</trkpt>
<trkpt lat="50.457687" lon="-104.548795">
<ele>555.7</ele>
<time>2026-09-10T17:49:36.274-06:00</time>
<extensions>
<gpxtpx:TrackPointExtension>
<gpxtpx:speed>8.96</gpxtpx:speed>
</gpxtpx:TrackPointExtension>
<opentracks:accuracy_horizontal>4.916</opentracks:accuracy_horizontal></extensions>
</trkpt>
<trkpt lat="50.457516" lon="-104.548778">
<ele>557.2</ele>
<time>2026-09-10T17:49:38.296-06:00</time>
<extensions>
<gpxtpx:TrackPointExtension>
<gpxtpx:speed>8.5</gpxtpx:speed>
</gpxtpx:TrackPointExtension>
<opentracks:accuracy_horizontal>4.457</opentracks:accuracy_horizontal></extensions>
</trkpt>
<trkpt lat="50.45735" lon="-104.548758">
<ele>557.8</ele>
<time>2026-09-10T17:49:40.293-06:00</time>
<extensions>
<gpxtpx:TrackPointExtension>
<gpxtpx:speed>8.85</gpxtpx:speed>
</gpxtpx:TrackPointExtension>
<opentracks:accuracy_horizontal>4.614</opentracks:accuracy_horizontal></extensions>
</trkpt>
<trkpt lat="50.457185" lon="-104.548761">
<ele>558.5</ele>
<time>2026-09-10T17:49:42.3-06:00</time>
<extensions>
<gpxtpx:TrackPointExtension>
<gpxtpx:speed>8.69</gpxtpx:speed>
</gpxtpx:TrackPointExtension>
<opentracks:accuracy_horizontal>4.614</opentracks:accuracy_horizontal></extensions>
</trkpt>
<trkpt lat="50.457028" lon="-104.548754">
<ele>558.9</ele>
<time>2026-09-10T17:49:44.315-06:00</time>
<extensions>
<gpxtpx:TrackPointExtension>
<gpxtpx:speed>8.44</gpxtpx:speed>
</gpxtpx:TrackPointExtension>
<opentracks:accuracy_horizontal>4.614</opentracks:accuracy_horizontal></extensions>
</trkpt>
<trkpt lat="50.456876" lon="-104.548732">
<ele>559.5</ele>
<time>2026-09-10T17:49:46.305-06:00</time>
<extensions>
<gpxtpx:TrackPointExtension>
<gpxtpx:speed>8.43</gpxtpx:speed>
</gpxtpx:TrackPointExtension>
<opentracks:accuracy_horizontal>4.22</opentracks:accuracy_horizontal></extensions>
</trkpt>
<trkpt lat="50.456721" lon="-104.548729">
<ele>559.7</ele>
<time>2026-09-10T17:49:48.296-06:00</time>
<extensions>
<gpxtpx:TrackPointExtension>
<gpxtpx:speed>8.32</gpxtpx:speed>
</gpxtpx:TrackPointExtension>
<opentracks:accuracy_horizontal>4.614</opentracks:accuracy_horizontal></extensions>
</trkpt>
<trkpt lat="50.456575" lon="-104.548737">
<ele>560.2</ele>
<time>2026-09-10T17:49:50.297-06:00</time>
<extensions>
<gpxtpx:TrackPointExtension>
<gpxtpx:speed>7.96</gpxtpx:speed>
</gpxtpx:TrackPointExtension>
<opentracks:accuracy_horizontal>4.614</opentracks:accuracy_horizontal></extensions>
</trkpt>
<trkpt lat="50.456432" lon="-104.548731">
<ele>560.6</ele>
<time>2026-09-10T17:49:52.303-06:00</time>
<extensions>
<gpxtpx:TrackPointExtension>
<gpxtpx:speed>8.06</gpxtpx:speed>
</gpxtpx:TrackPointExtension>
<opentracks:accuracy_horizontal>4.614</opentracks:accuracy_horizontal></extensions>
</trkpt>
<trkpt lat="50.456283" lon="-104.548728">
<ele>561</ele>
<time>2026-09-10T17:49:54.297-06:00</time>
<extensions>
<gpxtpx:TrackPointExtension>
<gpxtpx:speed>8.15</gpxtpx:speed>
</gpxtpx:TrackPointExtension>
<opentracks:accuracy_horizontal>4.219</opentracks:accuracy_horizontal></extensions>
</trkpt>
<trkpt lat="50.456133" lon="-104.548734">
<ele>560.7</ele>
<time>2026-09-10T17:49:56.301-06:00</time>
<extensions>
<gpxtpx:TrackPointExtension>
<gpxtpx:speed>7.94</gpxtpx:speed>
</gpxtpx:TrackPointExtension>
<opentracks:accuracy_horizontal>4.614</opentracks:accuracy_horizontal></extensions>
</trkpt>
<trkpt lat="50.455989" lon="-104.548734">
<ele>560.2</ele>
<time>2026-09-10T17:49:58.286-06:00</time>
<extensions>
<gpxtpx:TrackPointExtension>
<gpxtpx:speed>7.76</gpxtpx:speed>
</gpxtpx:TrackPointExtension>
<opentracks:accuracy_horizontal>4.614</opentracks:accuracy_horizontal></extensions>
</trkpt>
<trkpt lat="50.455846" lon="-104.548733">
<ele>559.8</ele>
<time>2026-09-10T17:50:00.296-06:00</time>
<extensions>
<gpxtpx:TrackPointExtension>
<gpxtpx:speed>7.77</gpxtpx:speed>
</gpxtpx:TrackPointExtension>
<opentracks:accuracy_horizontal>4.615</opentracks:accuracy_horizontal></extensions>
</trkpt>
<trkpt lat="50.455711" lon="-104.548741">
<ele>561.1</ele>
<time>2026-09-10T17:50:02.294-06:00</time>
<extensions>
<gpxtpx:TrackPointExtension>
<gpxtpx:speed>7.71</gpxtpx:speed>
</gpxtpx:TrackPointExtension>
<opentracks:accuracy_horizontal>4.615</opentracks:accuracy_horizontal></extensions>
</trkpt>
<trkpt lat="50.455563" lon="-104.548738">
<ele>562</ele>
<time>2026-09-10T17:50:04.294-06:00</time>
<extensions>
<gpxtpx:TrackPointExtension>
<gpxtpx:speed>7.69</gpxtpx:speed>
</gpxtpx:TrackPointExtension>
<opentracks:accuracy_horizontal>4.615</opentracks:accuracy_horizontal></extensions>
</trkpt>
<trkpt lat="50.455421" lon="-104.548735">
<ele>562.2</ele>
<time>2026-09-10T17:50:06.292-06:00</time>
<extensions>
<gpxtpx:TrackPointExtension>
<gpxtpx:speed>7.61</gpxtpx:speed>
</gpxtpx:TrackPointExtension>
<opentracks:accuracy_horizontal>4.615</opentracks:accuracy_horizontal></extensions>
</trkpt>
<trkpt lat="50.455288" lon="-104.548742">
<ele>562.1</ele>
<time>2026-09-10T17:50:08.306-06:00</time>
<extensions>
<gpxtpx:TrackPointExtension>
<gpxtpx:speed>8.12</gpxtpx:speed>
</gpxtpx:TrackPointExtension>
<opentracks:accuracy_horizontal>4.218</opentracks:accuracy_horizontal></extensions>
</trkpt>
<trkpt lat="50.455141" lon="-104.548756">
<ele>561.8</ele>
<time>2026-09-10T17:50:10.294-06:00</time>
<extensions>
<gpxtpx:TrackPointExtension>
<gpxtpx:speed>8.01</gpxtpx:speed>
</gpxtpx:TrackPointExtension>
<opentracks:accuracy_horizontal>4.615</opentracks:accuracy_horizontal></extensions>
</trkpt>
<trkpt lat="50.454996" lon="-104.548752">
<ele>561</ele>
<time>2026-09-10T17:50:12.289-06:00</time>
<extensions>
<gpxtpx:TrackPointExtension>
<gpxtpx:speed>8.11</gpxtpx:speed>
</gpxtpx:TrackPointExtension>
<opentracks:accuracy_horizontal>4.615</opentracks:accuracy_horizontal></extensions>
</trkpt>
<trkpt lat="50.454846" lon="-104.548734">
<ele>561.1</ele>
<time>2026-09-10T17:50:14.291-06:00</time>
<extensions>
<gpxtpx:TrackPointExtension>
<gpxtpx:speed>8.26</gpxtpx:speed>
</gpxtpx:TrackPointExtension>
<opentracks:accuracy_horizontal>4.218</opentracks:accuracy_horizontal></extensions>
</trkpt>
<trkpt lat="50.454691" lon="-104.54872">
<ele>561</ele>
<time>2026-09-10T17:50:16.277-06:00</time>
<extensions>
<gpxtpx:TrackPointExtension>
<gpxtpx:speed>8.12</gpxtpx:speed>
</gpxtpx:TrackPointExtension>
<opentracks:accuracy_horizontal>4.615</opentracks:accuracy_horizontal></extensions>
</trkpt>
<trkpt lat="50.454545" lon="-104.548739">
<ele>560.8</ele>
<time>2026-09-10T17:50:18.305-06:00</time>
<extensions>
<gpxtpx:TrackPointExtension>
<gpxtpx:speed>7.83</gpxtpx:speed>
</gpxtpx:TrackPointExtension>
<opentracks:accuracy_horizontal>4.615</opentracks:accuracy_horizontal></extensions>
</trkpt>
<trkpt lat="50.454403" lon="-104.548742">
<ele>560.7</ele>
<time>2026-09-10T17:50:20.295-06:00</time>
<extensions>
<gpxtpx:TrackPointExtension>
<gpxtpx:speed>8.1</gpxtpx:speed>
</gpxtpx:TrackPointExtension>
<opentracks:accuracy_horizontal>4.217</opentracks:accuracy_horizontal></extensions>
</trkpt>
<trkpt lat="50.454256" lon="-104.548739">
<ele>560.5</ele>
<time>2026-09-10T17:50:22.296-06:00</time>
<extensions>
<gpxtpx:TrackPointExtension>
<gpxtpx:speed>8.13</gpxtpx:speed>
</gpxtpx:TrackPointExtension>
<opentracks:accuracy_horizontal>4.615</opentracks:accuracy_horizontal></extensions>
</trkpt>
<trkpt lat="50.454112" lon="-104.548748">
<ele>559.9</ele>
<time>2026-09-10T17:50:24.301-06:00</time>
<extensions>
<gpxtpx:TrackPointExtension>
<gpxtpx:speed>8.1</gpxtpx:speed>
</gpxtpx:TrackPointExtension>
<opentracks:accuracy_horizontal>4.615</opentracks:accuracy_horizontal></extensions>
</trkpt>
<trkpt lat="50.453972" lon="-104.548751">
<ele>560</ele>
<time>2026-09-10T17:50:26.294-06:00</time>
<extensions>
<gpxtpx:TrackPointExtension>
<gpxtpx:speed>8.1</gpxtpx:speed>
</gpxtpx:TrackPointExtension>
<opentracks:accuracy_horizontal>4.217</opentracks:accuracy_horizontal></extensions>
</trkpt>
<trkpt lat="50.453823" lon="-104.548746">
<ele>560.1</ele>
<time>2026-09-10T17:50:28.29-06:00</time>
<extensions>
<gpxtpx:TrackPointExtension>
<gpxtpx:speed>8.03</gpxtpx:speed>
</gpxtpx:TrackPointExtension>
<opentracks:accuracy_horizontal>4.616</opentracks:accuracy_horizontal></extensions>
</trkpt>
<trkpt lat="50.453674" lon="-104.548739">
<ele>560.3</ele>
<time>2026-09-10T17:50:30.296-06:00</time>
<extensions>
<gpxtpx:TrackPointExtension>
<gpxtpx:speed>8.14</gpxtpx:speed>
</gpxtpx:TrackPointExtension>
<opentracks:accuracy_horizontal>4.616</opentracks:accuracy_horizontal></extensions>
</trkpt>
<trkpt lat="50.453526" lon="-104.548728">
<ele>560.6</ele>
<time>2026-09-10T17:50:32.304-06:00</time>
<extensions>
<gpxtpx:TrackPointExtension>
<gpxtpx:speed>8.01</gpxtpx:speed>
</gpxtpx:TrackPointExtension>
<opentracks:accuracy_horizontal>4.616</opentracks:accuracy_horizontal></extensions>
</trkpt>
<trkpt lat="50.453374" lon="-104.548725">
<ele>560.4</ele>
<time>2026-09-10T17:50:34.295-06:00</time>
<extensions>
<gpxtpx:TrackPointExtension>
<gpxtpx:speed>8.15</gpxtpx:speed>
</gpxtpx:TrackPointExtension>
<opentracks:accuracy_horizontal>4.616</opentracks:accuracy_horizontal></extensions>
</trkpt>
<trkpt lat="50.453221" lon="-104.548721">
<ele>560.7</ele>
<time>2026-09-10T17:50:36.304-06:00</time>
<extensions>
<gpxtpx:TrackPointExtension>
<gpxtpx:speed>8.2</gpxtpx:speed>
</gpxtpx:TrackPointExtension>
<opentracks:accuracy_horizontal>4.616</opentracks:accuracy_horizontal></extensions>
</trkpt>
<trkpt lat="50.453071" lon="-104.54873">
<ele>561.1</ele>
<time>2026-09-10T17:50:38.308-06:00</time>
<extensions>
<gpxtpx:TrackPointExtension>
<gpxtpx:speed>7.94</gpxtpx:speed>
</gpxtpx:TrackPointExtension>
<opentracks:accuracy_horizontal>4.616</opentracks:accuracy_horizontal></extensions>
</trkpt>
<trkpt lat="50.452931" lon="-104.548744">
<ele>561</ele>
<time>2026-09-10T17:50:40.291-06:00</time>
<extensions>
<gpxtpx:TrackPointExtension>
<gpxtpx:speed>7.58</gpxtpx:speed>
</gpxtpx:TrackPointExtension>
<opentracks:accuracy_horizontal>4.306</opentracks:accuracy_horizontal></extensions>
</trkpt>
<trkpt lat="50.452801" lon="-104.548743">
<ele>561</ele>
<time>2026-09-10T17:50:42.289-06:00</time>
<extensions>
<gpxtpx:TrackPointExtension>
<gpxtpx:speed>7.6</gpxtpx:speed>
</gpxtpx:TrackPointExtension>
<opentracks:accuracy_horizontal>4.306</opentracks:accuracy_horizontal></extensions>
</trkpt>
<trkpt lat="50.452659" lon="-104.548727">
<ele>561.1</ele>
<time>2026-09-10T17:50:44.297-06:00</time>
<extensions>
<gpxtpx:TrackPointExtension>
<gpxtpx:speed>8.08</gpxtpx:speed>
</gpxtpx:TrackPointExtension>
<opentracks:accuracy_horizontal>4.616</opentracks:accuracy_horizontal></extensions>
</trkpt>
<trkpt lat="50.452512" lon="-104.548717">
<ele>561.1</ele>
<time>2026-09-10T17:50:46.291-06:00</time>
<extensions>
<gpxtpx:TrackPointExtension>
<gpxtpx:speed>8.07</gpxtpx:speed>
</gpxtpx:TrackPointExtension>
<opentracks:accuracy_horizontal>4.215</opentracks:accuracy_horizontal></extensions>
</trkpt>
<trkpt lat="50.452359" lon="-104.548725">
<ele>561.1</ele>
<time>2026-09-10T17:50:48.308-06:00</time>
<extensions>
<gpxtpx:TrackPointExtension>
<gpxtpx:speed>8.15</gpxtpx:speed>
</gpxtpx:TrackPointExtension>
<opentracks:accuracy_horizontal>4.215</opentracks:accuracy_horizontal></extensions>
</trkpt>
<trkpt lat="50.452209" lon="-104.548712">
<ele>561.3</ele>
<time>2026-09-10T17:50:50.268-06:00</time>
<extensions>
<gpxtpx:TrackPointExtension>
<gpxtpx:speed>8.16</gpxtpx:speed>
</gpxtpx:TrackPointExtension>
<opentracks:accuracy_horizontal>4.616</opentracks:accuracy_horizontal></extensions>
</trkpt>
<trkpt lat="50.452062" lon="-104.548711">
<ele>561.1</ele>
<time>2026-09-10T17:50:52.29-06:00</time>
<extensions>
<gpxtpx:TrackPointExtension>
<gpxtpx:speed>7.87</gpxtpx:speed>
</gpxtpx:TrackPointExtension>
<opentracks:accuracy_horizontal>4.616</opentracks:accuracy_horizontal></extensions>
</trkpt>
<trkpt lat="50.451914" lon="-104.54873">
<ele>560.9</ele>
<time>2026-09-10T17:50:54.303-06:00</time>
<extensions>
<gpxtpx:TrackPointExtension>
<gpxtpx:speed>8.21</gpxtpx:speed>
</gpxtpx:TrackPointExtension>
<opentracks:accuracy_horizontal>4.215</opentracks:accuracy_horizontal></extensions>
</trkpt>
<trkpt lat="50.451775" lon="-104.548738">
<ele>560.8</ele>
<time>2026-09-10T17:50:56.301-06:00</time>
<extensions>
<gpxtpx:TrackPointExtension>
<gpxtpx:speed>7.86</gpxtpx:speed>
</gpxtpx:TrackPointExtension>
<opentracks:accuracy_horizontal>4.214</opentracks:accuracy_horizontal></extensions>
</trkpt>
<trkpt lat="50.451642" lon="-104.548742">
<ele>560.6</ele>
<time>2026-09-10T17:50:58.314-06:00</time>
<extensions>
<gpxtpx:TrackPointExtension>
<gpxtpx:speed>7.33</gpxtpx:speed>
</gpxtpx:TrackPointExtension>
<opentracks:accuracy_horizontal>4.214</opentracks:accuracy_horizontal></extensions>
</trkpt>
<trkpt lat="50.451503" lon="-104.548746">
<ele>559.9</ele>
<time>2026-09-10T17:51:00.299-06:00</time>
<extensions>
<gpxtpx:TrackPointExtension>
<gpxtpx:speed>7.81</gpxtpx:speed>
</gpxtpx:TrackPointExtension>
<opentracks:accuracy_horizontal>4.283</opentracks:accuracy_horizontal></extensions>
</trkpt>
<trkpt lat="50.451355" lon="-104.548765">
<ele>561.6</ele>
<time>2026-09-10T17:51:02.297-06:00</time>
<extensions>
<gpxtpx:TrackPointExtension>
<gpxtpx:speed>8</gpxtpx:speed>
</gpxtpx:TrackPointExtension>
<opentracks:accuracy_horizontal>4.289</opentracks:accuracy_horizontal></extensions>
</trkpt>
<trkpt lat="50.451213" lon="-104.548775">
<ele>561.2</ele>
<time>2026-09-10T17:51:04.314-06:00</time>
<extensions>
<gpxtpx:TrackPointExtension>
<gpxtpx:speed>8.05</gpxtpx:speed>
</gpxtpx:TrackPointExtension>
<opentracks:accuracy_horizontal>4.369</opentracks:accuracy_horizontal></extensions>
</trkpt>
<trkpt lat="50.451063" lon="-104.548796">
<ele>560.3</ele>
<time>2026-09-10T17:51:06.307-06:00</time>
<extensions>
<gpxtpx:TrackPointExtension>
<gpxtpx:speed>7.91</gpxtpx:speed>
</gpxtpx:TrackPointExtension>
<opentracks:accuracy_horizontal>4.616</opentracks:accuracy_horizontal></extensions>
</trkpt>
<trkpt lat="50.450911" lon="-104.54884">
<ele>560.4</ele>
<time>2026-09-10T17:51:08.301-06:00</time>
<extensions>
<gpxtpx:TrackPointExtension>
<gpxtpx:speed>7.88</gpxtpx:speed>
</gpxtpx:TrackPointExtension>
<opentracks:accuracy_horizontal>4.616</opentracks:accuracy_horizontal></extensions>
</trkpt>
<trkpt lat="50.450777" lon="-104.548893">
<ele>560.9</ele>
<time>2026-09-10T17:51:10.307-06:00</time>
<extensions>
<gpxtpx:TrackPointExtension>
<gpxtpx:speed>7.66</gpxtpx:speed>
</gpxtpx:TrackPointExtension>
<opentracks:accuracy_horizontal>4.616</opentracks:accuracy_horizontal></extensions>
</trkpt>
<trkpt lat="50.450641" lon="-104.548948">
<ele>560.9</ele>
<time>2026-09-10T17:51:12.292-06:00</time>
<extensions>
<gpxtpx:TrackPointExtension>
<gpxtpx:speed>7.66</gpxtpx:speed>
</gpxtpx:TrackPointExtension>
<opentracks:accuracy_horizontal>4.213</opentracks:accuracy_horizontal></extensions>
</trkpt>
<trkpt lat="50.450501" lon="-104.549007">
<ele>561.3</ele>
<time>2026-09-10T17:51:14.299-06:00</time>
<extensions>
<gpxtpx:TrackPointExtension>
<gpxtpx:speed>7.85</gpxtpx:speed>
</gpxtpx:TrackPointExtension>
<opentracks:accuracy_horizontal>4.616</opentracks:accuracy_horizontal></extensions>
</trkpt>
<trkpt lat="50.450363" lon="-104.549077">
<ele>561.5</ele>
<time>2026-09-10T17:51:16.294-06:00</time>
<extensions>
<gpxtpx:TrackPointExtension>
<gpxtpx:speed>7.6</gpxtpx:speed>
</gpxtpx:TrackPointExtension>
<opentracks:accuracy_horizontal>4.616</opentracks:accuracy_horizontal></extensions>
</trkpt>
<trkpt lat="50.450232" lon="-104.54914">
<ele>561.3</ele>
<time>2026-09-10T17:51:18.305-06:00</time>
<extensions>
<gpxtpx:TrackPointExtension>
<gpxtpx:speed>7.28</gpxtpx:speed>
</gpxtpx:TrackPointExtension>
<opentracks:accuracy_horizontal>4.616</opentracks:accuracy_horizontal></extensions>
</trkpt>
<trkpt lat="50.450102" lon="-104.549178">
<ele>561</ele>
<time>2026-09-10T17:51:20.307-06:00</time>
<extensions>
<gpxtpx:TrackPointExtension>
<gpxtpx:speed>7.63</gpxtpx:speed>
</gpxtpx:TrackPointExtension>
<opentracks:accuracy_horizontal>4.616</opentracks:accuracy_horizontal></extensions>
</trkpt>
<trkpt lat="50.449969" lon="-104.549219">
<ele>560.9</ele>
<time>2026-09-10T17:51:22.299-06:00</time>
<extensions>
<gpxtpx:TrackPointExtension>
<gpxtpx:speed>7.41</gpxtpx:speed>
</gpxtpx:TrackPointExtension>
<opentracks:accuracy_horizontal>4.212</opentracks:accuracy_horizontal></extensions>
</trkpt>
<trkpt lat="50.449834" lon="-104.549248">
<ele>560.9</ele>
<time>2026-09-10T17:51:24.306-06:00</time>
<extensions>
<gpxtpx:TrackPointExtension>
<gpxtpx:speed>7.47</gpxtpx:speed>
</gpxtpx:TrackPointExtension>
<opentracks:accuracy_horizontal>4.616</opentracks:accuracy_horizontal></extensions>
</trkpt>
<trkpt lat="50.449695" lon="-104.549255">
<ele>561</ele>
<time>2026-09-10T17:51:26.303-06:00</time>
<extensions>
<gpxtpx:TrackPointExtension>
<gpxtpx:speed>7.59</gpxtpx:speed>
</gpxtpx:TrackPointExtension>
<opentracks:accuracy_horizontal>4.616</opentracks:accuracy_horizontal></extensions>
</trkpt>
<trkpt lat="50.449554" lon="-104.549265">
<ele>561</ele>
<time>2026-09-10T17:51:28.291-06:00</time>
<extensions>
<gpxtpx:TrackPointExtension>
<gpxtpx:speed>7.36</gpxtpx:speed>
</gpxtpx:TrackPointExtension>
<opentracks:accuracy_horizontal>4.616</opentracks:accuracy_horizontal></extensions>
</trkpt>
<trkpt lat="50.449422" lon="-104.549247">
<ele>560.8</ele>
<time>2026-09-10T17:51:30.301-06:00</time>
<extensions>
<gpxtpx:TrackPointExtension>
<gpxtpx:speed>7.79</gpxtpx:speed>
</gpxtpx:TrackPointExtension>
<opentracks:accuracy_horizontal>4.211</opentracks:accuracy_horizontal></extensions>
</trkpt>
<trkpt lat="50.449281" lon="-104.549257">
<ele>560.6</ele>
<time>2026-09-10T17:51:32.297-06:00</time>
<extensions>
<gpxtpx:TrackPointExtension>
<gpxtpx:speed>8.04</gpxtpx:speed>
</gpxtpx:TrackPointExtension>
<opentracks:accuracy_horizontal>4.303</opentracks:accuracy_horizontal></extensions>
</trkpt>
<trkpt lat="50.449134" lon="-104.549275">
<ele>560.9</ele>
<time>2026-09-10T17:51:34.303-06:00</time>
<extensions>
<gpxtpx:TrackPointExtension>
<gpxtpx:speed>7.61</gpxtpx:speed>
</gpxtpx:TrackPointExtension>
<opentracks:accuracy_horizontal>4.616</opentracks:accuracy_horizontal></extensions>
</trkpt>
<trkpt lat="50.449001" lon="-104.54927">
<ele>560.7</ele>
<time>2026-09-10T17:51:36.293-06:00</time>
<extensions>
<gpxtpx:TrackPointExtension>
<gpxtpx:speed>7.38</gpxtpx:speed>
</gpxtpx:TrackPointExtension>
<opentracks:accuracy_horizontal>4.616</opentracks:accuracy_horizontal></extensions>
</trkpt>
<trkpt lat="50.448868" lon="-104.549271">
<ele>560.7</ele>
<time>2026-09-10T17:51:38.307-06:00</time>
<extensions>
<gpxtpx:TrackPointExtension>
<gpxtpx:speed>7.38</gpxtpx:speed>
</gpxtpx:TrackPointExtension>
<opentracks:accuracy_horizontal>4.211</opentracks:accuracy_horizontal></extensions>
</trkpt>
<trkpt lat="50.448732" lon="-104.549286">
<ele>560.9</ele>
<time>2026-09-10T17:51:40.294-06:00</time>
<extensions>
<gpxtpx:TrackPointExtension>
<gpxtpx:speed>7.89</gpxtpx:speed>
</gpxtpx:TrackPointExtension>
<opentracks:accuracy_horizontal>4.211</opentracks:accuracy_horizontal></extensions>
</trkpt>
<trkpt lat="50.448588" lon="-104.549294">
<ele>560.8</ele>
<time>2026-09-10T17:51:42.29-06:00</time>
<extensions>
<gpxtpx:TrackPointExtension>
<gpxtpx:speed>8</gpxtpx:speed>
</gpxtpx:TrackPointExtension>
<opentracks:accuracy_horizontal>4.21</opentracks:accuracy_horizontal></extensions>
</trkpt>
<trkpt lat="50.448445" lon="-104.549307">
<ele>560.2</ele>
<time>2026-09-10T17:51:44.298-06:00</time>
<extensions>
<gpxtpx:TrackPointExtension>
<gpxtpx:speed>7.48</gpxtpx:speed>
</gpxtpx:TrackPointExtension>
<opentracks:accuracy_horizontal>4.234</opentracks:accuracy_horizontal></extensions>
</trkpt>
<trkpt lat="50.448312" lon="-104.549337">
<ele>560</ele>
<time>2026-09-10T17:51:46.302-06:00</time>
<extensions>
<gpxtpx:TrackPointExtension>
<gpxtpx:speed>7.01</gpxtpx:speed>
</gpxtpx:TrackPointExtension>
<opentracks:accuracy_horizontal>3.982</opentracks:accuracy_horizontal></extensions>
</trkpt>
<trkpt lat="50.448194" lon="-104.549347">
<ele>560.2</ele>
<time>2026-09-10T17:51:48.293-06:00</time>
<extensions>
<gpxtpx:TrackPointExtension>
<gpxtpx:speed>6.04</gpxtpx:speed>
</gpxtpx:TrackPointExtension>
<opentracks:accuracy_horizontal>4.014</opentracks:accuracy_horizontal></extensions>
</trkpt>
<trkpt lat="50.448094" lon="-104.549337">
<ele>560.1</ele>
<time>2026-09-10T17:51:50.301-06:00</time>
<extensions>
<gpxtpx:TrackPointExtension>
<gpxtpx:speed>5.1</gpxtpx:speed>
</gpxtpx:TrackPointExtension>
<opentracks:accuracy_horizontal>4.21</opentracks:accuracy_horizontal></extensions>
</trkpt>
<trkpt lat="50.44797" lon="-104.549337">
<ele>560.1</ele>
<time>2026-09-10T17:51:53.297-06:00</time>
<extensions>
<gpxtpx:TrackPointExtension>
<gpxtpx:speed>4.52</gpxtpx:speed>
</gpxtpx:TrackPointExtension>
<opentracks:accuracy_horizontal>4.032</opentracks:accuracy_horizontal></extensions>
</trkpt>
<trkpt lat="50.447858" lon="-104.549353">
<ele>559.8</ele>
<time>2026-09-10T17:51:56.287-06:00</time>
<extensions>
<gpxtpx:TrackPointExtension>
<gpxtpx:speed>4.29</gpxtpx:speed>
</gpxtpx:TrackPointExtension>
<opentracks:accuracy_horizontal>4.209</opentracks:accuracy_horizontal></extensions>
</trkpt>
<trkpt lat="50.447754" lon="-104.549343">
<ele>558.9</ele>
<time>2026-09-10T17:51:59.283-06:00</time>
<extensions>
<gpxtpx:TrackPointExtension>
<gpxtpx:speed>3.33</gpxtpx:speed>
</gpxtpx:TrackPointExtension>
<opentracks:accuracy_horizontal>4.209</opentracks:accuracy_horizontal></extensions>
</trkpt>
<trkpt lat="50.447664" lon="-104.549362">
<ele>559.8</ele>
<time>2026-09-10T17:52:04.306-06:00</time>
<extensions>
<gpxtpx:TrackPointExtension>
<gpxtpx:speed>2.05</gpxtpx:speed>
</gpxtpx:TrackPointExtension>
<opentracks:accuracy_horizontal>4.323</opentracks:accuracy_horizontal></extensions>
</trkpt>
<trkpt lat="50.447567" lon="-104.549383">
<ele>558.5</ele>
<time>2026-09-10T17:52:10.302-06:00</time>
<extensions>
<gpxtpx:TrackPointExtension>
<gpxtpx:speed>2.1</gpxtpx:speed>
</gpxtpx:TrackPointExtension>
<opentracks:accuracy_horizontal>4.2</opentracks:accuracy_horizontal></extensions>
</trkpt>
<trkpt lat="50.447453" lon="-104.549385">
<ele>558.7</ele>
<time>2026-09-10T17:52:14.306-06:00</time>
<extensions>
<gpxtpx:TrackPointExtension>
<gpxtpx:speed>3.87</gpxtpx:speed>
</gpxtpx:TrackPointExtension>
<opentracks:accuracy_horizontal>4.295</opentracks:accuracy_horizontal></extensions>
</trkpt>
<trkpt lat="50.447361" lon="-104.54937">
<ele>558.2</ele>
<time>2026-09-10T17:52:16.306-06:00</time>
<extensions>
<gpxtpx:TrackPointExtension>
<gpxtpx:speed>5.29</gpxtpx:speed>
</gpxtpx:TrackPointExtension>
<opentracks:accuracy_horizontal>4.272</opentracks:accuracy_horizontal></extensions>
</trkpt>
<trkpt lat="50.447258" lon="-104.549373">
<ele>557.8</ele>
<time>2026-09-10T17:52:18.308-06:00</time>
<extensions>
<gpxtpx:TrackPointExtension>
<gpxtpx:speed>5.62</gpxtpx:speed>
</gpxtpx:TrackPointExtension>
<opentracks:accuracy_horizontal>4.135</opentracks:accuracy_horizontal></extensions>
</trkpt>
<trkpt lat="50.447151" lon="-104.549385">
<ele>557.8</ele>
<time>2026-09-10T17:52:20.3-06:00</time>
<extensions>
<gpxtpx:TrackPointExtension>
<gpxtpx:speed>6.2</gpxtpx:speed>
</gpxtpx:TrackPointExtension>
<opentracks:accuracy_horizontal>4.191</opentracks:accuracy_horizontal></extensions>
</trkpt>
<trkpt lat="50.447023" lon="-104.549397">
<ele>558.1</ele>
<time>2026-09-10T17:52:22.295-06:00</time>
<extensions>
<gpxtpx:TrackPointExtension>
<gpxtpx:speed>7.82</gpxtpx:speed>
</gpxtpx:TrackPointExtension>
<opentracks:accuracy_horizontal>4.274</opentracks:accuracy_horizontal></extensions>
</trkpt>
<trkpt lat="50.446869" lon="-104.549425">
<ele>558.2</ele>
<time>2026-09-10T17:52:24.291-06:00</time>
<extensions>
<gpxtpx:TrackPointExtension>
<gpxtpx:speed>8.46</gpxtpx:speed>
</gpxtpx:TrackPointExtension>
<opentracks:accuracy_horizontal>4.615</opentracks:accuracy_horizontal></extensions>
</trkpt>
<trkpt lat="50.446707" lon="-104.549422">
<ele>558</ele>
<time>2026-09-10T17:52:26.299-06:00</time>
<extensions>
<gpxtpx:TrackPointExtension>
<gpxtpx:speed>8.51</gpxtpx:speed>
</gpxtpx:TrackPointExtension>
<opentracks:accuracy_horizontal>4.434</opentracks:accuracy_horizontal></extensions>
</trkpt>
<trkpt lat="50.44655" lon="-104.549406">
<ele>558.3</ele>
<time>2026-09-10T17:52:28.312-06:00</time>
<extensions>
<gpxtpx:TrackPointExtension>
<gpxtpx:speed>8.75</gpxtpx:speed>
</gpxtpx:TrackPointExtension>
<opentracks:accuracy_horizontal>4.243</opentracks:accuracy_horizontal></extensions>
</trkpt>
<trkpt lat="50.446397" lon="-104.549402">
<ele>558.9</ele>
<time>2026-09-10T17:52:30.286-06:00</time>
<extensions>
<gpxtpx:TrackPointExtension>
<gpxtpx:speed>8.51</gpxtpx:speed>
</gpxtpx:TrackPointExtension>
<opentracks:accuracy_horizontal>4.144</opentracks:accuracy_horizontal></extensions>
</trkpt>
<trkpt lat="50.446258" lon="-104.549392">
<ele>559.4</ele>
<time>2026-09-10T17:52:32.294-06:00</time>
<extensions>
<gpxtpx:TrackPointExtension>
<gpxtpx:speed>7.41</gpxtpx:speed>
</gpxtpx:TrackPointExtension>
<opentracks:accuracy_horizontal>4.327</opentracks:accuracy_horizontal></extensions>
</trkpt>
<trkpt lat="50.446137" lon="-104.549392">
<ele>559</ele>
<time>2026-09-10T17:52:34.298-06:00</time>
<extensions>
<gpxtpx:TrackPointExtension>
<gpxtpx:speed>5.91</gpxtpx:speed>
</gpxtpx:TrackPointExtension>
<opentracks:accuracy_horizontal>4.533</opentracks:accuracy_horizontal></extensions>
</trkpt>
<trkpt lat="50.44604" lon="-104.549392">
<ele>558.8</ele>
<time>2026-09-10T17:52:36.286-06:00</time>
<extensions>
<gpxtpx:TrackPointExtension>
<gpxtpx:speed>5.39</gpxtpx:speed>
</gpxtpx:TrackPointExtension>
<opentracks:accuracy_horizontal>4.405</opentracks:accuracy_horizontal></extensions>
</trkpt>
<trkpt lat="50.445945" lon="-104.549386">
<ele>558.3</ele>
<time>2026-09-10T17:52:38.295-06:00</time>
<extensions>
<gpxtpx:TrackPointExtension>
<gpxtpx:speed>5.3</gpxtpx:speed>
</gpxtpx:TrackPointExtension>
<opentracks:accuracy_horizontal>4.326</opentracks:accuracy_horizontal></extensions>
</trkpt>
<trkpt lat="50.445849" lon="-104.549367">
<ele>558.3</ele>
<time>2026-09-10T17:52:40.311-06:00</time>
<extensions>
<gpxtpx:TrackPointExtension>
<gpxtpx:speed>5.12</gpxtpx:speed>
</gpxtpx:TrackPointExtension>
<opentracks:accuracy_horizontal>4.167</opentracks:accuracy_horizontal></extensions>
</trkpt>
<trkpt lat="50.44572" lon="-104.549364">
<ele>558.2</ele>
<time>2026-09-10T17:52:43.305-06:00</time>
<extensions>
<gpxtpx:TrackPointExtension>
<gpxtpx:speed>4.58</gpxtpx:speed>
</gpxtpx:TrackPointExtension>
<opentracks:accuracy_horizontal>3.975</opentracks:accuracy_horizontal></extensions>
</trkpt>
<trkpt lat="50.445617" lon="-104.549368">
<ele>557.7</ele>
<time>2026-09-10T17:52:46.306-06:00</time>
<extensions>
<gpxtpx:TrackPointExtension>
<gpxtpx:speed>2.52</gpxtpx:speed>
</gpxtpx:TrackPointExtension>
<opentracks:accuracy_horizontal>4.01</opentracks:accuracy_horizontal></extensions>
</trkpt>
<trkpt lat="50.445516" lon="-104.549366">
<ele>557.4</ele>
<time>2026-09-10T17:52:51.31-06:00</time>
<extensions>
<gpxtpx:TrackPointExtension>
<gpxtpx:speed>2.37</gpxtpx:speed>
</gpxtpx:TrackPointExtension>
<opentracks:accuracy_horizontal>4.171</opentracks:accuracy_horizontal></extensions>
</trkpt>
<trkpt lat="50.445422" lon="-104.549363">
<ele>557.5</ele>
<time>2026-09-10T17:52:55.277-06:00</time>
<extensions>
<gpxtpx:TrackPointExtension>
<gpxtpx:speed>2.65</gpxtpx:speed>
</gpxtpx:TrackPointExtension>
<opentracks:accuracy_horizontal>4.168</opentracks:accuracy_horizontal></extensions>
</trkpt>
<trkpt lat="50.445311" lon="-104.549357">
<ele>558</ele>
<time>2026-09-10T17:52:58.301-06:00</time>
<extensions>
<gpxtpx:TrackPointExtension>
<gpxtpx:speed>5</gpxtpx:speed>
</gpxtpx:TrackPointExtension>
<opentracks:accuracy_horizontal>4.437</opentracks:accuracy_horizontal></extensions>
</trkpt>
<trkpt lat="50.445215" lon="-104.549353">
<ele>558.3</ele>
<time>2026-09-10T17:53:00.296-06:00</time>
<extensions>
<gpxtpx:TrackPointExtension>
<gpxtpx:speed>5.85</gpxtpx:speed>
</gpxtpx:TrackPointExtension>
<opentracks:accuracy_horizontal>4.635</opentracks:accuracy_horizontal></extensions>
</trkpt>
<trkpt lat="50.445107" lon="-104.549369">
<ele>558.9</ele>
<time>2026-09-10T17:53:02.297-06:00</time>
<extensions>
<gpxtpx:TrackPointExtension>
<gpxtpx:speed>5.82</gpxtpx:speed>
</gpxtpx:TrackPointExtension>
<opentracks:accuracy_horizontal>4.385</opentracks:accuracy_horizontal></extensions>
</trkpt>
<trkpt lat="50.445006" lon="-104.54936">
<ele>558.7</ele>
<time>2026-09-10T17:53:04.303-06:00</time>
<extensions>
<gpxtpx:TrackPointExtension>
<gpxtpx:speed>5.62</gpxtpx:speed>
</gpxtpx:TrackPointExtension>
<opentracks:accuracy_horizontal>4.613</opentracks:accuracy_horizontal></extensions>
</trkpt>
<trkpt lat="50.444904" lon="-104.549362">
<ele>557.6</ele>
<time>2026-09-10T17:53:06.294-06:00</time>
<extensions>
<gpxtpx:TrackPointExtension>
<gpxtpx:speed>5.82</gpxtpx:speed>
</gpxtpx:TrackPointExtension>
<opentracks:accuracy_horizontal>4.807</opentracks:accuracy_horizontal></extensions>
</trkpt>
<trkpt lat="50.444794" lon="-104.549363">
<ele>557.8</ele>
<time>2026-09-10T17:53:08.296-06:00</time>
<extensions>
<gpxtpx:TrackPointExtension>
<gpxtpx:speed>5.93</gpxtpx:speed>
</gpxtpx:TrackPointExtension>
<opentracks:accuracy_horizontal>4.595</opentracks:accuracy_horizontal></extensions>
</trkpt>
<trkpt lat="50.444689" lon="-104.549368">
<ele>557.7</ele>
<time>2026-09-10T17:53:10.279-06:00</time>
<extensions>
<gpxtpx:TrackPointExtension>
<gpxtpx:speed>6</gpxtpx:speed>
</gpxtpx:TrackPointExtension>
<opentracks:accuracy_horizontal>5.195</opentracks:accuracy_horizontal></extensions>
</trkpt>
<trkpt lat="50.444576" lon="-104.549369">
<ele>557.8</ele>
<time>2026-09-10T17:53:12.29-06:00</time>
<extensions>
<gpxtpx:TrackPointExtension>
<gpxtpx:speed>6.07</gpxtpx:speed>
</gpxtpx:TrackPointExtension>
<opentracks:accuracy_horizontal>5.235</opentracks:accuracy_horizontal></extensions>
</trkpt>
<trkpt lat="50.444469" lon="-104.549368">
<ele>557.4</ele>
<time>2026-09-10T17:53:14.313-06:00</time>
<extensions>
<gpxtpx:TrackPointExtension>
<gpxtpx:speed>5.57</gpxtpx:speed>
</gpxtpx:TrackPointExtension>
<opentracks:accuracy_horizontal>4.806</opentracks:accuracy_horizontal></extensions>
</trkpt>
<trkpt lat="50.444369" lon="-104.549369">
<ele>556.1</ele>
<time>2026-09-10T17:53:16.299-06:00</time>
<extensions>
<gpxtpx:TrackPointExtension>
<gpxtpx:speed>5.11</gpxtpx:speed>
</gpxtpx:TrackPointExtension>
<opentracks:accuracy_horizontal>5.281</opentracks:accuracy_horizontal></extensions>
</trkpt>
<trkpt lat="50.444243" lon="-104.549366">
<ele>555.5</ele>
<time>2026-09-10T17:53:19.3-06:00</time>
<extensions>
<gpxtpx:TrackPointExtension>
<gpxtpx:speed>4.5</gpxtpx:speed>
</gpxtpx:TrackPointExtension>
<opentracks:accuracy_horizontal>5.703</opentracks:accuracy_horizontal></extensions>
</trkpt>
<trkpt lat="50.444143" lon="-104.549374">
<ele>555</ele>
<time>2026-09-10T17:53:22.308-06:00</time>
<extensions>
<gpxtpx:TrackPointExtension>
<gpxtpx:speed>3.34</gpxtpx:speed>
</gpxtpx:TrackPointExtension>
<opentracks:accuracy_horizontal>5.684</opentracks:accuracy_horizontal></extensions>
</trkpt>
<trkpt lat="50.444099" lon="-104.549352">
<ele>557.4</ele>
<time>2026-09-10T17:53:32.302-06:00</time>
<extensions>
<gpxtpx:TrackPointExtension>
<gpxtpx:speed>1.5</gpxtpx:speed>
</gpxtpx:TrackPointExtension>
<opentracks:accuracy_horizontal>4.05</opentracks:accuracy_horizontal></extensions>
</trkpt>
<trkpt lat="50.443965" lon="-104.54936">
<ele>557.1</ele>
<time>2026-09-10T17:53:36.314-06:00</time>
<extensions>
<gpxtpx:TrackPointExtension>
<gpxtpx:speed>4.67</gpxtpx:speed>
</gpxtpx:TrackPointExtension>
<opentracks:accuracy_horizontal>4.05</opentracks:accuracy_horizontal></extensions>
</trkpt>
<trkpt lat="50.443865" lon="-104.549345">
<ele>556.8</ele>
<time>2026-09-10T17:53:38.298-06:00</time>
<extensions>
<gpxtpx:TrackPointExtension>
<gpxtpx:speed>5.79</gpxtpx:speed>
</gpxtpx:TrackPointExtension>
<opentracks:accuracy_horizontal>4.14</opentracks:accuracy_horizontal></extensions>
</trkpt>
<trkpt lat="50.44374" lon="-104.549333">
<ele>557.3</ele>
<time>2026-09-10T17:53:40.301-06:00</time>
<extensions>
<gpxtpx:TrackPointExtension>
<gpxtpx:speed>6.65</gpxtpx:speed>
</gpxtpx:TrackPointExtension>
<opentracks:accuracy_horizontal>4.051</opentracks:accuracy_horizontal></extensions>
</trkpt>
<trkpt lat="50.443606" lon="-104.549342">
<ele>557.9</ele>
<time>2026-09-10T17:53:42.308-06:00</time>
<extensions>
<gpxtpx:TrackPointExtension>
<gpxtpx:speed>7.82</gpxtpx:speed>
</gpxtpx:TrackPointExtension>
<opentracks:accuracy_horizontal>4.086</opentracks:accuracy_horizontal></extensions>
</trkpt>
<trkpt lat="50.443447" lon="-104.549339">
<ele>557.6</ele>
<time>2026-09-10T17:53:44.292-06:00</time>
<extensions>
<gpxtpx:TrackPointExtension>
<gpxtpx:speed>8.88</gpxtpx:speed>
</gpxtpx:TrackPointExtension>
<opentracks:accuracy_horizontal>3.973</opentracks:accuracy_horizontal></extensions>
</trkpt>
<trkpt lat="50.443273" lon="-104.549341">
<ele>557.8</ele>
<time>2026-09-10T17:53:46.309-06:00</time>
<extensions>
<gpxtpx:TrackPointExtension>
<gpxtpx:speed>9.01</gpxtpx:speed>
</gpxtpx:TrackPointExtension>
<opentracks:accuracy_horizontal>3.884</opentracks:accuracy_horizontal></extensions>
</trkpt>
<trkpt lat="50.443102" lon="-104.549345">
<ele>558.6</ele>
<time>2026-09-10T17:53:48.308-06:00</time>
<extensions>
<gpxtpx:TrackPointExtension>
<gpxtpx:speed>9.24</gpxtpx:speed>
</gpxtpx:TrackPointExtension>
<opentracks:accuracy_horizontal>3.941</opentracks:accuracy_horizontal></extensions>
</trkpt>
<trkpt lat="50.442934" lon="-104.54934">
<ele>559.2</ele>
<time>2026-09-10T17:53:50.315-06:00</time>
<extensions>
<gpxtpx:TrackPointExtension>
<gpxtpx:speed>9.23</gpxtpx:speed>
</gpxtpx:TrackPointExtension>
<opentracks:accuracy_horizontal>3.962</opentracks:accuracy_horizontal></extensions>
</trkpt>
<trkpt lat="50.442766" lon="-104.54934">
<ele>559.4</ele>
<time>2026-09-10T17:53:52.301-06:00</time>
<extensions>
<gpxtpx:TrackPointExtension>
<gpxtpx:speed>9.28</gpxtpx:speed>
</gpxtpx:TrackPointExtension>
<opentracks:accuracy_horizontal>4.014</opentracks:accuracy_horizontal></extensions>
</trkpt>
<trkpt lat="50.442601" lon="-104.549337">
<ele>559.6</ele>
<time>2026-09-10T17:53:54.294-06:00</time>
<extensions>
<gpxtpx:TrackPointExtension>
<gpxtpx:speed>8.94</gpxtpx:speed>
</gpxtpx:TrackPointExtension>
<opentracks:accuracy_horizontal>4.046</opentracks:accuracy_horizontal></extensions>
</trkpt>
<trkpt lat="50.442442" lon="-104.54933">
<ele>559.9</ele>
<time>2026-09-10T17:53:56.293-06:00</time>
<extensions>
<gpxtpx:TrackPointExtension>
<gpxtpx:speed>8.77</gpxtpx:speed>
</gpxtpx:TrackPointExtension>
<opentracks:accuracy_horizontal>4.609</opentracks:accuracy_horizontal></extensions>
</trkpt>
<trkpt lat="50.442288" lon="-104.54933">
<ele>559</ele>
<time>2026-09-10T17:53:58.3-06:00</time>
<extensions>
<gpxtpx:TrackPointExtension>
<gpxtpx:speed>8.53</gpxtpx:speed>
</gpxtpx:TrackPointExtension>
<opentracks:accuracy_horizontal>3.985</opentracks:accuracy_horizontal></extensions>
</trkpt>
<trkpt lat="50.442139" lon="-104.549341">
<ele>559.1</ele>
<time>2026-09-10T17:54:00.297-06:00</time>
<extensions>
<gpxtpx:TrackPointExtension>
<gpxtpx:speed>8.63</gpxtpx:speed>
</gpxtpx:TrackPointExtension>
<opentracks:accuracy_horizontal>4.218</opentracks:accuracy_horizontal></extensions>
</trkpt>
<trkpt lat="50.442001" lon="-104.549346">
<ele>560.4</ele>
<time>2026-09-10T17:54:02.297-06:00</time>
<extensions>
<gpxtpx:TrackPointExtension>
<gpxtpx:speed>7.64</gpxtpx:speed>
</gpxtpx:TrackPointExtension>
<opentracks:accuracy_horizontal>4.609</opentracks:accuracy_horizontal></extensions>
</trkpt>
<trkpt lat="50.44187" lon="-104.549328">
<ele>560.4</ele>
<time>2026-09-10T17:54:04.314-06:00</time>
<extensions>
<gpxtpx:TrackPointExtension>
<gpxtpx:speed>7.2</gpxtpx:speed>
</gpxtpx:TrackPointExtension>
<opentracks:accuracy_horizontal>4.608</opentracks:accuracy_horizontal></extensions>
</trkpt>
<trkpt lat="50.441747" lon="-104.549323">
<ele>559.9</ele>
<time>2026-09-10T17:54:06.298-06:00</time>
<extensions>
<gpxtpx:TrackPointExtension>
<gpxtpx:speed>7.1</gpxtpx:speed>
</gpxtpx:TrackPointExtension>
<opentracks:accuracy_horizontal>4.795</opentracks:accuracy_horizontal></extensions>
</trkpt>
<trkpt lat="50.44162" lon="-104.549323">
<ele>559.7</ele>
<time>2026-09-10T17:54:08.313-06:00</time>
<extensions>
<gpxtpx:TrackPointExtension>
<gpxtpx:speed>6.85</gpxtpx:speed>
</gpxtpx:TrackPointExtension>
<opentracks:accuracy_horizontal>4.869</opentracks:accuracy_horizontal></extensions>
</trkpt>
<trkpt lat="50.441497" lon="-104.549343">
<ele>559.3</ele>
<time>2026-09-10T17:54:10.289-06:00</time>
<extensions>
<gpxtpx:TrackPointExtension>
<gpxtpx:speed>7.05</gpxtpx:speed>
</gpxtpx:TrackPointExtension>
<opentracks:accuracy_horizontal>4.801</opentracks:accuracy_horizontal></extensions>
</trkpt>
<trkpt lat="50.441374" lon="-104.549358">
<ele>558.6</ele>
<time>2026-09-10T17:54:12.295-06:00</time>
<extensions>
<gpxtpx:TrackPointExtension>
<gpxtpx:speed>6.85</gpxtpx:speed>
</gpxtpx:TrackPointExtension>
<opentracks:accuracy_horizontal>5.219</opentracks:accuracy_horizontal></extensions>
</trkpt>
<trkpt lat="50.441248" lon="-104.549338">
<ele>558.8</ele>
<time>2026-09-10T17:54:14.297-06:00</time>
<extensions>
<gpxtpx:TrackPointExtension>
<gpxtpx:speed>7.35</gpxtpx:speed>
</gpxtpx:TrackPointExtension>
<opentracks:accuracy_horizontal>5.219</opentracks:accuracy_horizontal></extensions>
</trkpt>
<trkpt lat="50.441105" lon="-104.549339">
<ele>558.7</ele>
<time>2026-09-10T17:54:16.295-06:00</time>
<extensions>
<gpxtpx:TrackPointExtension>
<gpxtpx:speed>7.88</gpxtpx:speed>
</gpxtpx:TrackPointExtension>
<opentracks:accuracy_horizontal>4.406</opentracks:accuracy_horizontal></extensions>
</trkpt>
<trkpt lat="50.440949" lon="-104.549333">
<ele>558.5</ele>
<time>2026-09-10T17:54:18.282-06:00</time>
<extensions>
<gpxtpx:TrackPointExtension>
<gpxtpx:speed>8.39</gpxtpx:speed>
</gpxtpx:TrackPointExtension>
<opentracks:accuracy_horizontal>4.473</opentracks:accuracy_horizontal></extensions>
</trkpt>
<trkpt lat="50.440793" lon="-104.549339">
<ele>558</ele>
<time>2026-09-10T17:54:20.293-06:00</time>
<extensions>
<gpxtpx:TrackPointExtension>
<gpxtpx:speed>8.75</gpxtpx:speed>
</gpxtpx:TrackPointExtension>
<opentracks:accuracy_horizontal>4.378</opentracks:accuracy_horizontal></extensions>
</trkpt>
<trkpt lat="50.44063" lon="-104.549338">
<ele>558.2</ele>
<time>2026-09-10T17:54:22.301-06:00</time>
<extensions>
<gpxtpx:TrackPointExtension>
<gpxtpx:speed>9.01</gpxtpx:speed>
</gpxtpx:TrackPointExtension>
<opentracks:accuracy_horizontal>4.354</opentracks:accuracy_horizontal></extensions>
</trkpt>
<trkpt lat="50.440464" lon="-104.549343">
<ele>558.1</ele>
<time>2026-09-10T17:54:24.302-06:00</time>
<extensions>
<gpxtpx:TrackPointExtension>
<gpxtpx:speed>9.12</gpxtpx:speed>
</gpxtpx:TrackPointExtension>
<opentracks:accuracy_horizontal>4.351</opentracks:accuracy_horizontal></extensions>
</trkpt>
<trkpt lat="50.440299" lon="-104.549353">
<ele>557.9</ele>
<time>2026-09-10T17:54:26.298-06:00</time>
<extensions>
<gpxtpx:TrackPointExtension>
<gpxtpx:speed>9.03</gpxtpx:speed>
</gpxtpx:TrackPointExtension>
<opentracks:accuracy_horizontal>4.312</opentracks:accuracy_horizontal></extensions>
</trkpt>
<trkpt lat="50.440131" lon="-104.549365">
<ele>557.8</ele>
<time>2026-09-10T17:54:28.297-06:00</time>
<extensions>
<gpxtpx:TrackPointExtension>
<gpxtpx:speed>9.19</gpxtpx:speed>
</gpxtpx:TrackPointExtension>
<opentracks:accuracy_horizontal>4.251</opentracks:accuracy_horizontal></extensions>
</trkpt>
<trkpt lat="50.439967" lon="-104.549404">
<ele>558</ele>
<time>2026-09-10T17:54:30.304-06:00</time>
<extensions>
<gpxtpx:TrackPointExtension>
<gpxtpx:speed>9.12</gpxtpx:speed>
</gpxtpx:TrackPointExtension>
<opentracks:accuracy_horizontal>4.192</opentracks:accuracy_horizontal></extensions>
</trkpt>
<trkpt lat="50.439807" lon="-104.549478">
<ele>558.3</ele>
<time>2026-09-10T17:54:32.291-06:00</time>
<extensions>
<gpxtpx:TrackPointExtension>
<gpxtpx:speed>8.97</gpxtpx:speed>
</gpxtpx:TrackPointExtension>
<opentracks:accuracy_horizontal>4.234</opentracks:accuracy_horizontal></extensions>
</trkpt>
<trkpt lat="50.439653" lon="-104.549564">
<ele>558.4</ele>
<time>2026-09-10T17:54:34.293-06:00</time>
<extensions>
<gpxtpx:TrackPointExtension>
<gpxtpx:speed>9.18</gpxtpx:speed>
</gpxtpx:TrackPointExtension>
<opentracks:accuracy_horizontal>4.577</opentracks:accuracy_horizontal></extensions>
</trkpt>
<trkpt lat="50.439496" lon="-104.549659">
<ele>558.7</ele>
<time>2026-09-10T17:54:36.308-06:00</time>
<extensions>
<gpxtpx:TrackPointExtension>
<gpxtpx:speed>9.27</gpxtpx:speed>
</gpxtpx:TrackPointExtension>
<opentracks:accuracy_horizontal>4.576</opentracks:accuracy_horizontal></extensions>
</trkpt>
<trkpt lat="50.439343" lon="-104.549772">
<ele>559.1</ele>
<time>2026-09-10T17:54:38.311-06:00</time>
<extensions>
<gpxtpx:TrackPointExtension>
<gpxtpx:speed>9.11</gpxtpx:speed>
</gpxtpx:TrackPointExtension>
<opentracks:accuracy_horizontal>6.089</opentracks:accuracy_horizontal></extensions>
</trkpt>
<trkpt lat="50.439197" lon="-104.549894">
<ele>558.8</ele>
<time>2026-09-10T17:54:40.277-06:00</time>
<extensions>
<gpxtpx:TrackPointExtension>
<gpxtpx:speed>8.99</gpxtpx:speed>
</gpxtpx:TrackPointExtension>
<opentracks:accuracy_horizontal>4.531</opentracks:accuracy_horizontal></extensions>
</trkpt>
<trkpt lat="50.439062" lon="-104.550042">
<ele>559</ele>
<time>2026-09-10T17:54:42.304-06:00</time>
<extensions>
<gpxtpx:TrackPointExtension>
<gpxtpx:speed>9.1</gpxtpx:speed>
</gpxtpx:TrackPointExtension>
<opentracks:accuracy_horizontal>4.531</opentracks:accuracy_horizontal></extensions>
</trkpt>
<trkpt lat="50.438935" lon="-104.550204">
<ele>558.6</ele>
<time>2026-09-10T17:54:44.32-06:00</time>
<extensions>
<gpxtpx:TrackPointExtension>
<gpxtpx:speed>8.97</gpxtpx:speed>
</gpxtpx:TrackPointExtension>
<opentracks:accuracy_horizontal>4.287</opentracks:accuracy_horizontal></extensions>
</trkpt>
<trkpt lat="50.438814" lon="-104.550372">
<ele>558.1</ele>
<time>2026-09-10T17:54:46.315-06:00</time>
<extensions>
<gpxtpx:TrackPointExtension>
<gpxtpx:speed>9.02</gpxtpx:speed>
</gpxtpx:TrackPointExtension>
<opentracks:accuracy_horizontal>4.286</opentracks:accuracy_horizontal></extensions>
</trkpt>
<trkpt lat="50.438698" lon="-104.550547">
<ele>557.8</ele>
<time>2026-09-10T17:54:48.294-06:00</time>
<extensions>
<gpxtpx:TrackPointExtension>
<gpxtpx:speed>8.82</gpxtpx:speed>
</gpxtpx:TrackPointExtension>
<opentracks:accuracy_horizontal>4.531</opentracks:accuracy_horizontal></extensions>
</trkpt>
<trkpt lat="50.438596" lon="-104.550732">
<ele>557.9</ele>
<time>2026-09-10T17:54:50.298-06:00</time>
<extensions>
<gpxtpx:TrackPointExtension>
<gpxtpx:speed>8.47</gpxtpx:speed>
</gpxtpx:TrackPointExtension>
<opentracks:accuracy_horizontal>4.286</opentracks:accuracy_horizontal></extensions>
</trkpt>
<trkpt lat="50.438496" lon="-104.550905">
<ele>558.1</ele>
<time>2026-09-10T17:54:52.309-06:00</time>
<extensions>
<gpxtpx:TrackPointExtension>
<gpxtpx:speed>8.25</gpxtpx:speed>
</gpxtpx:TrackPointExtension>
<opentracks:accuracy_horizontal>4.286</opentracks:accuracy_horizontal></extensions>
</trkpt>
<trkpt lat="50.438393" lon="-104.551073">
<ele>558.3</ele>
<time>2026-09-10T17:54:54.282-06:00</time>
<extensions>
<gpxtpx:TrackPointExtension>
<gpxtpx:speed>8.28</gpxtpx:speed>
</gpxtpx:TrackPointExtension>
<opentracks:accuracy_horizontal>4.286</opentracks:accuracy_horizontal></extensions>
</trkpt>
<trkpt lat="50.438289" lon="-104.551235">
<ele>558.8</ele>
<time>2026-09-10T17:54:56.297-06:00</time>
<extensions>
<gpxtpx:TrackPointExtension>
<gpxtpx:speed>8</gpxtpx:speed>
</gpxtpx:TrackPointExtension>
<opentracks:accuracy_horizontal>4.285</opentracks:accuracy_horizontal></extensions>
</trkpt>
<trkpt lat="50.438194" lon="-104.551398">
<ele>558.9</ele>
<time>2026-09-10T17:54:58.302-06:00</time>
<extensions>
<gpxtpx:TrackPointExtension>
<gpxtpx:speed>7.63</gpxtpx:speed>
</gpxtpx:TrackPointExtension>
<opentracks:accuracy_horizontal>4.285</opentracks:accuracy_horizontal></extensions>
</trkpt>
<trkpt lat="50.438105" lon="-104.551576">
<ele>558.8</ele>
<time>2026-09-10T17:55:00.292-06:00</time>
<extensions>
<gpxtpx:TrackPointExtension>
<gpxtpx:speed>8.12</gpxtpx:speed>
</gpxtpx:TrackPointExtension>
<opentracks:accuracy_horizontal>4.285</opentracks:accuracy_horizontal></extensions>
</trkpt>
<trkpt lat="50.438023" lon="-104.55175">
<ele>559.2</ele>
<time>2026-09-10T17:55:02.301-06:00</time>
<extensions>
<gpxtpx:TrackPointExtension>
<gpxtpx:speed>7.65</gpxtpx:speed>
</gpxtpx:TrackPointExtension>
<opentracks:accuracy_horizontal>4.285</opentracks:accuracy_horizontal></extensions>
</trkpt>
<trkpt lat="50.43793" lon="-104.551896">
<ele>559</ele>
<time>2026-09-10T17:55:04.287-06:00</time>
<extensions>
<gpxtpx:TrackPointExtension>
<gpxtpx:speed>7.43</gpxtpx:speed>
</gpxtpx:TrackPointExtension>
<opentracks:accuracy_horizontal>4.285</opentracks:accuracy_horizontal></extensions>
</trkpt>
<trkpt lat="50.437829" lon="-104.552056">
<ele>558.9</ele>
<time>2026-09-10T17:55:06.321-06:00</time>
<extensions>
<gpxtpx:TrackPointExtension>
<gpxtpx:speed>8</gpxtpx:speed>
</gpxtpx:TrackPointExtension>
<opentracks:accuracy_horizontal>4.284</opentracks:accuracy_horizontal></extensions>
</trkpt>
<trkpt lat="50.43773" lon="-104.55222">
<ele>559.2</ele>
<time>2026-09-10T17:55:08.3-06:00</time>
<extensions>
<gpxtpx:TrackPointExtension>
<gpxtpx:speed>7.83</gpxtpx:speed>
</gpxtpx:TrackPointExtension>
<opentracks:accuracy_horizontal>4.284</opentracks:accuracy_horizontal></extensions>
</trkpt>
<trkpt lat="50.437634" lon="-104.552376">
<ele>559.2</ele>
<time>2026-09-10T17:55:10.302-06:00</time>
<extensions>
<gpxtpx:TrackPointExtension>
<gpxtpx:speed>7.59</gpxtpx:speed>
</gpxtpx:TrackPointExtension>
<opentracks:accuracy_horizontal>4.284</opentracks:accuracy_horizontal></extensions>
</trkpt>
<trkpt lat="50.437545" lon="-104.552535">
<ele>559.2</ele>
<time>2026-09-10T17:55:12.309-06:00</time>
<extensions>
<gpxtpx:TrackPointExtension>
<gpxtpx:speed>7.9</gpxtpx:speed>
</gpxtpx:TrackPointExtension>
<opentracks:accuracy_horizontal>4.284</opentracks:accuracy_horizontal></extensions>
</trkpt>
<trkpt lat="50.437445" lon="-104.5527">
<ele>559.3</ele>
<time>2026-09-10T17:55:14.296-06:00</time>
<extensions>
<gpxtpx:TrackPointExtension>
<gpxtpx:speed>7.67</gpxtpx:speed>
</gpxtpx:TrackPointExtension>
<opentracks:accuracy_horizontal>4.284</opentracks:accuracy_horizontal></extensions>
</trkpt>
<trkpt lat="50.437356" lon="-104.552856">
<ele>559.7</ele>
<time>2026-09-10T17:55:16.302-06:00</time>
<extensions>
<gpxtpx:TrackPointExtension>
<gpxtpx:speed>7.42</gpxtpx:speed>
</gpxtpx:TrackPointExtension>
<opentracks:accuracy_horizontal>4.283</opentracks:accuracy_horizontal></extensions>
</trkpt>
<trkpt lat="50.437268" lon="-104.553009">
<ele>559.9</ele>
<time>2026-09-10T17:55:18.3-06:00</time>
<extensions>
<gpxtpx:TrackPointExtension>
<gpxtpx:speed>7.32</gpxtpx:speed>
</gpxtpx:TrackPointExtension>
<opentracks:accuracy_horizontal>4.213</opentracks:accuracy_horizontal></extensions>
</trkpt>
<trkpt lat="50.43717" lon="-104.553163">
<ele>559.6</ele>
<time>2026-09-10T17:55:20.319-06:00</time>
<extensions>
<gpxtpx:TrackPointExtension>
<gpxtpx:speed>7.68</gpxtpx:speed>
</gpxtpx:TrackPointExtension>
<opentracks:accuracy_horizontal>4.049</opentracks:accuracy_horizontal></extensions>
</trkpt>
<trkpt lat="50.437073" lon="-104.553331">
<ele>559.5</ele>
<time>2026-09-10T17:55:22.295-06:00</time>
<extensions>
<gpxtpx:TrackPointExtension>
<gpxtpx:speed>7.79</gpxtpx:speed>
</gpxtpx:TrackPointExtension>
<opentracks:accuracy_horizontal>4.049</opentracks:accuracy_horizontal></extensions>
</trkpt>
<trkpt lat="50.436975" lon="-104.553488">
<ele>559</ele>
<time>2026-09-10T17:55:24.297-06:00</time>
<extensions>
<gpxtpx:TrackPointExtension>
<gpxtpx:speed>7.5</gpxtpx:speed>
</gpxtpx:TrackPointExtension>
<opentracks:accuracy_horizontal>4.049</opentracks:accuracy_horizontal></extensions>
</trkpt>
<trkpt lat="50.436866" lon="-104.553615">
<ele>558.9</ele>
<time>2026-09-10T17:55:26.3-06:00</time>
<extensions>
<gpxtpx:TrackPointExtension>
<gpxtpx:speed>7.54</gpxtpx:speed>
</gpxtpx:TrackPointExtension>
<opentracks:accuracy_horizontal>4.282</opentracks:accuracy_horizontal></extensions>
</trkpt>
<trkpt lat="50.436746" lon="-104.553715">
<ele>558.4</ele>
<time>2026-09-10T17:55:28.298-06:00</time>
<extensions>
<gpxtpx:TrackPointExtension>
<gpxtpx:speed>7.76</gpxtpx:speed>
</gpxtpx:TrackPointExtension>
<opentracks:accuracy_horizontal>4.282</opentracks:accuracy_horizontal></extensions>
</trkpt>
<trkpt lat="50.436621" lon="-104.553817">
<ele>558.9</ele>
<time>2026-09-10T17:55:30.281-06:00</time>
<extensions>
<gpxtpx:TrackPointExtension>
<gpxtpx:speed>7.81</gpxtpx:speed>
</gpxtpx:TrackPointExtension>
<opentracks:accuracy_horizontal>4.282</opentracks:accuracy_horizontal></extensions>
</trkpt>
<trkpt lat="50.436481" lon="-104.553897">
<ele>557.9</ele>
<time>2026-09-10T17:55:32.305-06:00</time>
<extensions>
<gpxtpx:TrackPointExtension>
<gpxtpx:speed>8.38</gpxtpx:speed>
</gpxtpx:TrackPointExtension>
<opentracks:accuracy_horizontal>4.282</opentracks:accuracy_horizontal></extensions>
</trkpt>
<trkpt lat="50.43634" lon="-104.553983">
<ele>558</ele>
<time>2026-09-10T17:55:34.317-06:00</time>
<extensions>
<gpxtpx:TrackPointExtension>
<gpxtpx:speed>8.14</gpxtpx:speed>
</gpxtpx:TrackPointExtension>
<opentracks:accuracy_horizontal>4.281</opentracks:accuracy_horizontal></extensions>
</trkpt>
<trkpt lat="50.436198" lon="-104.554045">
<ele>558.1</ele>
<time>2026-09-10T17:55:36.295-06:00</time>
<extensions>
<gpxtpx:TrackPointExtension>
<gpxtpx:speed>8.21</gpxtpx:speed>
</gpxtpx:TrackPointExtension>
<opentracks:accuracy_horizontal>4.281</opentracks:accuracy_horizontal></extensions>
</trkpt>
<trkpt lat="50.43605" lon="-104.55411">
<ele>558.1</ele>
<time>2026-09-10T17:55:38.315-06:00</time>
<extensions>
<gpxtpx:TrackPointExtension>
<gpxtpx:speed>8.49</gpxtpx:speed>
</gpxtpx:TrackPointExtension>
<opentracks:accuracy_horizontal>4.086</opentracks:accuracy_horizontal></extensions>
</trkpt>
<trkpt lat="50.4359" lon="-104.554188">
<ele>558.5</ele>
<time>2026-09-10T17:55:40.303-06:00</time>
<extensions>
<gpxtpx:TrackPointExtension>
<gpxtpx:speed>8.58</gpxtpx:speed>
</gpxtpx:TrackPointExtension>
<opentracks:accuracy_horizontal>4.089</opentracks:accuracy_horizontal></extensions>
</trkpt>
<trkpt lat="50.435753" lon="-104.554249">
<ele>559.2</ele>
<time>2026-09-10T17:55:42.288-06:00</time>
<extensions>
<gpxtpx:TrackPointExtension>
<gpxtpx:speed>8.65</gpxtpx:speed>
</gpxtpx:TrackPointExtension>
<opentracks:accuracy_horizontal>4.261</opentracks:accuracy_horizontal></extensions>
</trkpt>
<trkpt lat="50.435599" lon="-104.554322">
<ele>559.7</ele>
<time>2026-09-10T17:55:44.308-06:00</time>
<extensions>
<gpxtpx:TrackPointExtension>
<gpxtpx:speed>8.62</gpxtpx:speed>
</gpxtpx:TrackPointExtension>
<opentracks:accuracy_horizontal>4.28</opentracks:accuracy_horizontal></extensions>
</trkpt>
<trkpt lat="50.435447" lon="-104.554397">
<ele>559</ele>
<time>2026-09-10T17:55:46.299-06:00</time>
<extensions>
<gpxtpx:TrackPointExtension>
<gpxtpx:speed>8.57</gpxtpx:speed>
</gpxtpx:TrackPointExtension>
<opentracks:accuracy_horizontal>4.14</opentracks:accuracy_horizontal></extensions>
</trkpt>
<trkpt lat="50.435307" lon="-104.55447">
<ele>559</ele>
<time>2026-09-10T17:55:48.28-06:00</time>
<extensions>
<gpxtpx:TrackPointExtension>
<gpxtpx:speed>8.06</gpxtpx:speed>
</gpxtpx:TrackPointExtension>
<opentracks:accuracy_horizontal>4.596</opentracks:accuracy_horizontal></extensions>
</trkpt>
<trkpt lat="50.435174" lon="-104.554548">
<ele>559.1</ele>
<time>2026-09-10T17:55:50.296-06:00</time>
<extensions>
<gpxtpx:TrackPointExtension>
<gpxtpx:speed>7.91</gpxtpx:speed>
</gpxtpx:TrackPointExtension>
<opentracks:accuracy_horizontal>4.596</opentracks:accuracy_horizontal></extensions>
</trkpt>
<trkpt lat="50.435035" lon="-104.554611">
<ele>558.8</ele>
<time>2026-09-10T17:55:52.311-06:00</time>
<extensions>
<gpxtpx:TrackPointExtension>
<gpxtpx:speed>7.97</gpxtpx:speed>
</gpxtpx:TrackPointExtension>
<opentracks:accuracy_horizontal>4.184</opentracks:accuracy_horizontal></extensions>
</trkpt>
<trkpt lat="50.434895" lon="-104.554683">
<ele>558.9</ele>
<time>2026-09-10T17:55:54.303-06:00</time>
<extensions>
<gpxtpx:TrackPointExtension>
<gpxtpx:speed>8.12</gpxtpx:speed>
</gpxtpx:TrackPointExtension>
<opentracks:accuracy_horizontal>4.181</opentracks:accuracy_horizontal></extensions>
</trkpt>
<trkpt lat="50.434757" lon="-104.55476">
<ele>558.4</ele>
<time>2026-09-10T17:55:56.309-06:00</time>
<extensions>
<gpxtpx:TrackPointExtension>
<gpxtpx:speed>8.1</gpxtpx:speed>
</gpxtpx:TrackPointExtension>
<opentracks:accuracy_horizontal>4.048</opentracks:accuracy_horizontal></extensions>
</trkpt>
<trkpt lat="50.434615" lon="-104.554835">
<ele>558.6</ele>
<time>2026-09-10T17:55:58.329-06:00</time>
<extensions>
<gpxtpx:TrackPointExtension>
<gpxtpx:speed>8.14</gpxtpx:speed>
</gpxtpx:TrackPointExtension>
<opentracks:accuracy_horizontal>4.056</opentracks:accuracy_horizontal></extensions>
</trkpt>
<trkpt lat="50.434477" lon="-104.554939">
<ele>558</ele>
<time>2026-09-10T17:56:00.299-06:00</time>
<extensions>
<gpxtpx:TrackPointExtension>
<gpxtpx:speed>8.3</gpxtpx:speed>
</gpxtpx:TrackPointExtension>
<opentracks:accuracy_horizontal>4.127</opentracks:accuracy_horizontal></extensions>
</trkpt>
<trkpt lat="50.434364" lon="-104.555085">
<ele>559.5</ele>
<time>2026-09-10T17:56:02.318-06:00</time>
<extensions>
<gpxtpx:TrackPointExtension>
<gpxtpx:speed>8.2</gpxtpx:speed>
</gpxtpx:TrackPointExtension>
<opentracks:accuracy_horizontal>4.115</opentracks:accuracy_horizontal></extensions>
</trkpt>
<trkpt lat="50.434253" lon="-104.555228">
<ele>559.5</ele>
<time>2026-09-10T17:56:04.301-06:00</time>
<extensions>
<gpxtpx:TrackPointExtension>
<gpxtpx:speed>7.35</gpxtpx:speed>
</gpxtpx:TrackPointExtension>
<opentracks:accuracy_horizontal>3.916</opentracks:accuracy_horizontal></extensions>
</trkpt>
<trkpt lat="50.434156" lon="-104.555352">
<ele>559.2</ele>
<time>2026-09-10T17:56:06.304-06:00</time>
<extensions>
<gpxtpx:TrackPointExtension>
<gpxtpx:speed>7.31</gpxtpx:speed>
</gpxtpx:TrackPointExtension>
<opentracks:accuracy_horizontal>3.962</opentracks:accuracy_horizontal></extensions>
</trkpt>
<trkpt lat="50.434045" lon="-104.55549">
<ele>558.9</ele>
<time>2026-09-10T17:56:08.306-06:00</time>
<extensions>
<gpxtpx:TrackPointExtension>
<gpxtpx:speed>8.08</gpxtpx:speed>
</gpxtpx:TrackPointExtension>
<opentracks:accuracy_horizontal>4.029</opentracks:accuracy_horizontal></extensions>
</trkpt>
<trkpt lat="50.433916" lon="-104.555644">
<ele>558.7</ele>
<time>2026-09-10T17:56:10.296-06:00</time>
<extensions>
<gpxtpx:TrackPointExtension>
<gpxtpx:speed>8.82</gpxtpx:speed>
</gpxtpx:TrackPointExtension>
<opentracks:accuracy_horizontal>4.048</opentracks:accuracy_horizontal></extensions>
</trkpt>
<trkpt lat="50.433787" lon="-104.555812">
<ele>558.5</ele>
<time>2026-09-10T17:56:12.296-06:00</time>
<extensions>
<gpxtpx:TrackPointExtension>
<gpxtpx:speed>8.88</gpxtpx:speed>
</gpxtpx:TrackPointExtension>
<opentracks:accuracy_horizontal>4.08</opentracks:accuracy_horizontal></extensions>
</trkpt>
<trkpt lat="50.433665" lon="-104.555968">
<ele>558.7</ele>
<time>2026-09-10T17:56:14.306-06:00</time>
<extensions>
<gpxtpx:TrackPointExtension>
<gpxtpx:speed>8.34</gpxtpx:speed>
</gpxtpx:TrackPointExtension>
<opentracks:accuracy_horizontal>4.016</opentracks:accuracy_horizontal></extensions>
</trkpt>
<trkpt lat="50.433551" lon="-104.556105">
<ele>559</ele>
<time>2026-09-10T17:56:16.307-06:00</time>
<extensions>
<gpxtpx:TrackPointExtension>
<gpxtpx:speed>7.9</gpxtpx:speed>
</gpxtpx:TrackPointExtension>
<opentracks:accuracy_horizontal>4.591</opentracks:accuracy_horizontal></extensions>
</trkpt>
<trkpt lat="50.433438" lon="-104.556235">
<ele>559.2</ele>
<time>2026-09-10T17:56:18.286-06:00</time>
<extensions>
<gpxtpx:TrackPointExtension>
<gpxtpx:speed>8.02</gpxtpx:speed>
</gpxtpx:TrackPointExtension>
<opentracks:accuracy_horizontal>3.94</opentracks:accuracy_horizontal></extensions>
</trkpt>
<trkpt lat="50.433321" lon="-104.556382">
<ele>559.6</ele>
<time>2026-09-10T17:56:20.306-06:00</time>
<extensions>
<gpxtpx:TrackPointExtension>
<gpxtpx:speed>8.42</gpxtpx:speed>
</gpxtpx:TrackPointExtension>
<opentracks:accuracy_horizontal>3.981</opentracks:accuracy_horizontal></extensions>
</trkpt>
<trkpt lat="50.433199" lon="-104.556543">
<ele>559.2</ele>
<time>2026-09-10T17:56:22.298-06:00</time>
<extensions>
<gpxtpx:TrackPointExtension>
<gpxtpx:speed>8.82</gpxtpx:speed>
</gpxtpx:TrackPointExtension>
<opentracks:accuracy_horizontal>3.996</opentracks:accuracy_horizontal></extensions>
</trkpt>
<trkpt lat="50.433071" lon="-104.556688">
<ele>558.9</ele>
<time>2026-09-10T17:56:24.294-06:00</time>
<extensions>
<gpxtpx:TrackPointExtension>
<gpxtpx:speed>8.72</gpxtpx:speed>
</gpxtpx:TrackPointExtension>
<opentracks:accuracy_horizontal>4.013</opentracks:accuracy_horizontal></extensions>
</trkpt>
<trkpt lat="50.432944" lon="-104.556828">
<ele>558.7</ele>
<time>2026-09-10T17:56:26.326-06:00</time>
<extensions>
<gpxtpx:TrackPointExtension>
<gpxtpx:speed>8.31</gpxtpx:speed>
</gpxtpx:TrackPointExtension>
<opentracks:accuracy_horizontal>4.055</opentracks:accuracy_horizontal></extensions>
</trkpt>
<trkpt lat="50.432825" lon="-104.556963">
<ele>558.4</ele>
<time>2026-09-10T17:56:28.308-06:00</time>
<extensions>
<gpxtpx:TrackPointExtension>
<gpxtpx:speed>8.12</gpxtpx:speed>
</gpxtpx:TrackPointExtension>
<opentracks:accuracy_horizontal>4.066</opentracks:accuracy_horizontal></extensions>
</trkpt>
<trkpt lat="50.43271" lon="-104.557095">
<ele>558.1</ele>
<time>2026-09-10T17:56:30.297-06:00</time>
<extensions>
<gpxtpx:TrackPointExtension>
<gpxtpx:speed>7.86</gpxtpx:speed>
</gpxtpx:TrackPointExtension>
<opentracks:accuracy_horizontal>4.153</opentracks:accuracy_horizontal></extensions>
</trkpt>
<trkpt lat="50.432593" lon="-104.557227">
<ele>558.4</ele>
<time>2026-09-10T17:56:32.299-06:00</time>
<extensions>
<gpxtpx:TrackPointExtension>
<gpxtpx:speed>8.1</gpxtpx:speed>
</gpxtpx:TrackPointExtension>
<opentracks:accuracy_horizontal>4.589</opentracks:accuracy_horizontal></extensions>
</trkpt>
<trkpt lat="50.432468" lon="-104.557358">
<ele>557.9</ele>
<time>2026-09-10T17:56:34.296-06:00</time>
<extensions>
<gpxtpx:TrackPointExtension>
<gpxtpx:speed>8.16</gpxtpx:speed>
</gpxtpx:TrackPointExtension>
<opentracks:accuracy_horizontal>4.588</opentracks:accuracy_horizontal></extensions>
</trkpt>
<trkpt lat="50.432345" lon="-104.557486">
<ele>557.7</ele>
<time>2026-09-10T17:56:36.292-06:00</time>
<extensions>
<gpxtpx:TrackPointExtension>
<gpxtpx:speed>7.99</gpxtpx:speed>
</gpxtpx:TrackPointExtension>
<opentracks:accuracy_horizontal>4.588</opentracks:accuracy_horizontal></extensions>
</trkpt>
<trkpt lat="50.432223" lon="-104.557621">
<ele>557.4</ele>
<time>2026-09-10T17:56:38.288-06:00</time>
<extensions>
<gpxtpx:TrackPointExtension>
<gpxtpx:speed>8.17</gpxtpx:speed>
</gpxtpx:TrackPointExtension>
<opentracks:accuracy_horizontal>4.588</opentracks:accuracy_horizontal></extensions>
</trkpt>
<trkpt lat="50.432106" lon="-104.557758">
<ele>557.2</ele>
<time>2026-09-10T17:56:40.294-06:00</time>
<extensions>
<gpxtpx:TrackPointExtension>
<gpxtpx:speed>7.99</gpxtpx:speed>
</gpxtpx:TrackPointExtension>
<opentracks:accuracy_horizontal>4.587</opentracks:accuracy_horizontal></extensions>
</trkpt>
<trkpt lat="50.43199" lon="-104.557883">
<ele>557.5</ele>
<time>2026-09-10T17:56:42.284-06:00</time>
<extensions>
<gpxtpx:TrackPointExtension>
<gpxtpx:speed>8.12</gpxtpx:speed>
</gpxtpx:TrackPointExtension>
<opentracks:accuracy_horizontal>4.43</opentracks:accuracy_horizontal></extensions>
</trkpt>
<trkpt lat="50.431874" lon="-104.558019">
<ele>557.7</ele>
<time>2026-09-10T17:56:44.3-06:00</time>
<extensions>
<gpxtpx:TrackPointExtension>
<gpxtpx:speed>7.84</gpxtpx:speed>
</gpxtpx:TrackPointExtension>
<opentracks:accuracy_horizontal>4.536</opentracks:accuracy_horizontal></extensions>
</trkpt>
<trkpt lat="50.43176" lon="-104.55815">
<ele>557.6</ele>
<time>2026-09-10T17:56:46.307-06:00</time>
<extensions>
<gpxtpx:TrackPointExtension>
<gpxtpx:speed>7.73</gpxtpx:speed>
</gpxtpx:TrackPointExtension>
<opentracks:accuracy_horizontal>4.273</opentracks:accuracy_horizontal></extensions>
</trkpt>
<trkpt lat="50.43165" lon="-104.558289">
<ele>558</ele>
<time>2026-09-10T17:56:48.31-06:00</time>
<extensions>
<gpxtpx:TrackPointExtension>
<gpxtpx:speed>7.65</gpxtpx:speed>
</gpxtpx:TrackPointExtension>
<opentracks:accuracy_horizontal>4.258</opentracks:accuracy_horizontal></extensions>
</trkpt>
<trkpt lat="50.431543" lon="-104.558432">
<ele>558.1</ele>
<time>2026-09-10T17:56:50.307-06:00</time>
<extensions>
<gpxtpx:TrackPointExtension>
<gpxtpx:speed>7.27</gpxtpx:speed>
</gpxtpx:TrackPointExtension>
<opentracks:accuracy_horizontal>4.258</opentracks:accuracy_horizontal></extensions>
</trkpt>
<trkpt lat="50.431445" lon="-104.55855">
<ele>558.6</ele>
<time>2026-09-10T17:56:52.314-06:00</time>
<extensions>
<gpxtpx:TrackPointExtension>
<gpxtpx:speed>6.7</gpxtpx:speed>
</gpxtpx:TrackPointExtension>
<opentracks:accuracy_horizontal>4.273</opentracks:accuracy_horizontal></extensions>
</trkpt>
<trkpt lat="50.431341" lon="-104.558645">
<ele>559</ele>
<time>2026-09-10T17:56:54.3-06:00</time>
<extensions>
<gpxtpx:TrackPointExtension>
<gpxtpx:speed>6.63</gpxtpx:speed>
</gpxtpx:TrackPointExtension>
<opentracks:accuracy_horizontal>4.272</opentracks:accuracy_horizontal></extensions>
</trkpt>
<trkpt lat="50.431237" lon="-104.558743">
<ele>558.7</ele>
<time>2026-09-10T17:56:56.299-06:00</time>
<extensions>
<gpxtpx:TrackPointExtension>
<gpxtpx:speed>6.73</gpxtpx:speed>
</gpxtpx:TrackPointExtension>
<opentracks:accuracy_horizontal>4.272</opentracks:accuracy_horizontal></extensions>
</trkpt>
<trkpt lat="50.431144" lon="-104.558871">
<ele>559</ele>
<time>2026-09-10T17:56:58.306-06:00</time>
<extensions>
<gpxtpx:TrackPointExtension>
<gpxtpx:speed>6.81</gpxtpx:speed>
</gpxtpx:TrackPointExtension>
<opentracks:accuracy_horizontal>4.272</opentracks:accuracy_horizontal></extensions>
</trkpt>
<trkpt lat="50.431045" lon="-104.558995">
<ele>559.1</ele>
<time>2026-09-10T17:57:00.291-06:00</time>
<extensions>
<gpxtpx:TrackPointExtension>
<gpxtpx:speed>7.03</gpxtpx:speed>
</gpxtpx:TrackPointExtension>
<opentracks:accuracy_horizontal>4.665</opentracks:accuracy_horizontal></extensions>
</trkpt>
<trkpt lat="50.430949" lon="-104.55913">
<ele>560</ele>
<time>2026-09-10T17:57:02.312-06:00</time>
<extensions>
<gpxtpx:TrackPointExtension>
<gpxtpx:speed>7.05</gpxtpx:speed>
</gpxtpx:TrackPointExtension>
<opentracks:accuracy_horizontal>4.309</opentracks:accuracy_horizontal></extensions>
</trkpt>
<trkpt lat="50.430844" lon="-104.55925">
<ele>560.6</ele>
<time>2026-09-10T17:57:04.319-06:00</time>
<extensions>
<gpxtpx:TrackPointExtension>
<gpxtpx:speed>7.04</gpxtpx:speed>
</gpxtpx:TrackPointExtension>
<opentracks:accuracy_horizontal>4.305</opentracks:accuracy_horizontal></extensions>
</trkpt>
<trkpt lat="50.430736" lon="-104.559356">
<ele>560.1</ele>
<time>2026-09-10T17:57:06.293-06:00</time>
<extensions>
<gpxtpx:TrackPointExtension>
<gpxtpx:speed>6.88</gpxtpx:speed>
</gpxtpx:TrackPointExtension>
<opentracks:accuracy_horizontal>4.271</opentracks:accuracy_horizontal></extensions>
</trkpt>
<trkpt lat="50.430631" lon="-104.55947">
<ele>560.1</ele>
<time>2026-09-10T17:57:08.313-06:00</time>
<extensions>
<gpxtpx:TrackPointExtension>
<gpxtpx:speed>7</gpxtpx:speed>
</gpxtpx:TrackPointExtension>
<opentracks:accuracy_horizontal>4.271</opentracks:accuracy_horizontal></extensions>
</trkpt>
<trkpt lat="50.430533" lon="-104.559579">
<ele>560.5</ele>
<time>2026-09-10T17:57:10.305-06:00</time>
<extensions>
<gpxtpx:TrackPointExtension>
<gpxtpx:speed>6.26</gpxtpx:speed>
</gpxtpx:TrackPointExtension>
<opentracks:accuracy_horizontal>4.274</opentracks:accuracy_horizontal></extensions>
</trkpt>
<trkpt lat="50.430434" lon="-104.559698">
<ele>559.8</ele>
<time>2026-09-10T17:57:12.312-06:00</time>
<extensions>
<gpxtpx:TrackPointExtension>
<gpxtpx:speed>6.93</gpxtpx:speed>
</gpxtpx:TrackPointExtension>
<opentracks:accuracy_horizontal>4.324</opentracks:accuracy_horizontal></extensions>
</trkpt>
<trkpt lat="50.430325" lon="-104.559821">
<ele>559.2</ele>
<time>2026-09-10T17:57:14.304-06:00</time>
<extensions>
<gpxtpx:TrackPointExtension>
<gpxtpx:speed>7.05</gpxtpx:speed>
</gpxtpx:TrackPointExtension>
<opentracks:accuracy_horizontal>4.426</opentracks:accuracy_horizontal></extensions>
</trkpt>
<trkpt lat="50.430216" lon="-104.559945">
<ele>559.4</ele>
<time>2026-09-10T17:57:16.314-06:00</time>
<extensions>
<gpxtpx:TrackPointExtension>
<gpxtpx:speed>7.09</gpxtpx:speed>
</gpxtpx:TrackPointExtension>
<opentracks:accuracy_horizontal>4.351</opentracks:accuracy_horizontal></extensions>
</trkpt>
<trkpt lat="50.430108" lon="-104.560055">
<ele>559.2</ele>
<time>2026-09-10T17:57:18.303-06:00</time>
<extensions>
<gpxtpx:TrackPointExtension>
<gpxtpx:speed>6.88</gpxtpx:speed>
</gpxtpx:TrackPointExtension>
<opentracks:accuracy_horizontal>4.325</opentracks:accuracy_horizontal></extensions>
</trkpt>
<trkpt lat="50.429999" lon="-104.560166">
<ele>559.3</ele>
<time>2026-09-10T17:57:20.312-06:00</time>
<extensions>
<gpxtpx:TrackPointExtension>
<gpxtpx:speed>7.28</gpxtpx:speed>
</gpxtpx:TrackPointExtension>
<opentracks:accuracy_horizontal>4.245</opentracks:accuracy_horizontal></extensions>
</trkpt>
<trkpt lat="50.429892" lon="-104.560298">
<ele>559.1</ele>
<time>2026-09-10T17:57:22.306-06:00</time>
<extensions>
<gpxtpx:TrackPointExtension>
<gpxtpx:speed>7.39</gpxtpx:speed>
</gpxtpx:TrackPointExtension>
<opentracks:accuracy_horizontal>4.23</opentracks:accuracy_horizontal></extensions>
</trkpt>
<trkpt lat="50.429784" lon="-104.560431">
<ele>559.2</ele>
<time>2026-09-10T17:57:24.302-06:00</time>
<extensions>
<gpxtpx:TrackPointExtension>
<gpxtpx:speed>7.71</gpxtpx:speed>
</gpxtpx:TrackPointExtension>
<opentracks:accuracy_horizontal>4.228</opentracks:accuracy_horizontal></extensions>
</trkpt>
<trkpt lat="50.429681" lon="-104.560565">
<ele>559.7</ele>
<time>2026-09-10T17:57:26.292-06:00</time>
<extensions>
<gpxtpx:TrackPointExtension>
<gpxtpx:speed>7.64</gpxtpx:speed>
</gpxtpx:TrackPointExtension>
<opentracks:accuracy_horizontal>4.319</opentracks:accuracy_horizontal></extensions>
</trkpt>
<trkpt lat="50.429574" lon="-104.560692">
<ele>559.3</ele>
<time>2026-09-10T17:57:28.293-06:00</time>
<extensions>
<gpxtpx:TrackPointExtension>
<gpxtpx:speed>7.24</gpxtpx:speed>
</gpxtpx:TrackPointExtension>
<opentracks:accuracy_horizontal>4.307</opentracks:accuracy_horizontal></extensions>
</trkpt>
<trkpt lat="50.429471" lon="-104.56082">
<ele>558.8</ele>
<time>2026-09-10T17:57:30.308-06:00</time>
<extensions>
<gpxtpx:TrackPointExtension>
<gpxtpx:speed>7.35</gpxtpx:speed>
</gpxtpx:TrackPointExtension>
<opentracks:accuracy_horizontal>4.322</opentracks:accuracy_horizontal></extensions>
</trkpt>
<trkpt lat="50.429374" lon="-104.56096">
<ele>558</ele>
<time>2026-09-10T17:57:32.305-06:00</time>
<extensions>
<gpxtpx:TrackPointExtension>
<gpxtpx:speed>7.39</gpxtpx:speed>
</gpxtpx:TrackPointExtension>
<opentracks:accuracy_horizontal>4.296</opentracks:accuracy_horizontal></extensions>
</trkpt>
<trkpt lat="50.429267" lon="-104.56109">
<ele>557.8</ele>
<time>2026-09-10T17:57:34.306-06:00</time>
<extensions>
<gpxtpx:TrackPointExtension>
<gpxtpx:speed>7.49</gpxtpx:speed>
</gpxtpx:TrackPointExtension>
<opentracks:accuracy_horizontal>4.268</opentracks:accuracy_horizontal></extensions>
</trkpt>
<trkpt lat="50.429159" lon="-104.561222">
<ele>557.9</ele>
<time>2026-09-10T17:57:36.306-06:00</time>
<extensions>
<gpxtpx:TrackPointExtension>
<gpxtpx:speed>7.59</gpxtpx:speed>
</gpxtpx:TrackPointExtension>
<opentracks:accuracy_horizontal>4.423</opentracks:accuracy_horizontal></extensions>
</trkpt>
<trkpt lat="50.429049" lon="-104.561358">
<ele>557.5</ele>
<time>2026-09-10T17:57:38.298-06:00</time>
<extensions>
<gpxtpx:TrackPointExtension>
<gpxtpx:speed>7.44</gpxtpx:speed>
</gpxtpx:TrackPointExtension>
<opentracks:accuracy_horizontal>4.419</opentracks:accuracy_horizontal></extensions>
</trkpt>
<trkpt lat="50.428939" lon="-104.561473">
<ele>557.4</ele>
<time>2026-09-10T17:57:40.304-06:00</time>
<extensions>
<gpxtpx:TrackPointExtension>
<gpxtpx:speed>7.14</gpxtpx:speed>
</gpxtpx:TrackPointExtension>
<opentracks:accuracy_horizontal>4.581</opentracks:accuracy_horizontal></extensions>
</trkpt>
<trkpt lat="50.428835" lon="-104.561581">
<ele>557.6</ele>
<time>2026-09-10T17:57:42.295-06:00</time>
<extensions>
<gpxtpx:TrackPointExtension>
<gpxtpx:speed>7.08</gpxtpx:speed>
</gpxtpx:TrackPointExtension>
<opentracks:accuracy_horizontal>4.581</opentracks:accuracy_horizontal></extensions>
</trkpt>
<trkpt lat="50.428727" lon="-104.561699">
<ele>557.6</ele>
<time>2026-09-10T17:57:44.3-06:00</time>
<extensions>
<gpxtpx:TrackPointExtension>
<gpxtpx:speed>7.09</gpxtpx:speed>
</gpxtpx:TrackPointExtension>
<opentracks:accuracy_horizontal>4.581</opentracks:accuracy_horizontal></extensions>
</trkpt>
<trkpt lat="50.42862" lon="-104.561835">
<ele>558.2</ele>
<time>2026-09-10T17:57:46.293-06:00</time>
<extensions>
<gpxtpx:TrackPointExtension>
<gpxtpx:speed>7.43</gpxtpx:speed>
</gpxtpx:TrackPointExtension>
<opentracks:accuracy_horizontal>4.581</opentracks:accuracy_horizontal></extensions>
</trkpt>
<trkpt lat="50.428514" lon="-104.561978">
<ele>558.4</ele>
<time>2026-09-10T17:57:48.295-06:00</time>
<extensions>
<gpxtpx:TrackPointExtension>
<gpxtpx:speed>7.35</gpxtpx:speed>
</gpxtpx:TrackPointExtension>
<opentracks:accuracy_horizontal>4.426</opentracks:accuracy_horizontal></extensions>
</trkpt>
<trkpt lat="50.428411" lon="-104.562089">
<ele>559</ele>
<time>2026-09-10T17:57:50.312-06:00</time>
<extensions>
<gpxtpx:TrackPointExtension>
<gpxtpx:speed>7.13</gpxtpx:speed>
</gpxtpx:TrackPointExtension>
<opentracks:accuracy_horizontal>4.426</opentracks:accuracy_horizontal></extensions>
</trkpt>
<trkpt lat="50.428307" lon="-104.562191">
<ele>558.7</ele>
<time>2026-09-10T17:57:52.294-06:00</time>
<extensions>
<gpxtpx:TrackPointExtension>
<gpxtpx:speed>6.62</gpxtpx:speed>
</gpxtpx:TrackPointExtension>
<opentracks:accuracy_horizontal>4.581</opentracks:accuracy_horizontal></extensions>
</trkpt>
<trkpt lat="50.428212" lon="-104.562295">
<ele>559.6</ele>
<time>2026-09-10T17:57:54.309-06:00</time>
<extensions>
<gpxtpx:TrackPointExtension>
<gpxtpx:speed>6.59</gpxtpx:speed>
</gpxtpx:TrackPointExtension>
<opentracks:accuracy_horizontal>4.348</opentracks:accuracy_horizontal></extensions>
</trkpt>
<trkpt lat="50.428112" lon="-104.562406">
<ele>559.9</ele>
<time>2026-09-10T17:57:56.307-06:00</time>
<extensions>
<gpxtpx:TrackPointExtension>
<gpxtpx:speed>6.62</gpxtpx:speed>
</gpxtpx:TrackPointExtension>
<opentracks:accuracy_horizontal>4.426</opentracks:accuracy_horizontal></extensions>
</trkpt>
<trkpt lat="50.428008" lon="-104.562501">
<ele>559.7</ele>
<time>2026-09-10T17:57:58.303-06:00</time>
<extensions>
<gpxtpx:TrackPointExtension>
<gpxtpx:speed>6.33</gpxtpx:speed>
</gpxtpx:TrackPointExtension>
<opentracks:accuracy_horizontal>4.58</opentracks:accuracy_horizontal></extensions>
</trkpt>
<trkpt lat="50.427893" lon="-104.562586">
<ele>559.1</ele>
<time>2026-09-10T17:58:00.307-06:00</time>
<extensions>
<gpxtpx:TrackPointExtension>
<gpxtpx:speed>6.46</gpxtpx:speed>
</gpxtpx:TrackPointExtension>
<opentracks:accuracy_horizontal>4.58</opentracks:accuracy_horizontal></extensions>
</trkpt>
<trkpt lat="50.427791" lon="-104.562669">
<ele>558.3</ele>
<time>2026-09-10T17:58:02.308-06:00</time>
<extensions>
<gpxtpx:TrackPointExtension>
<gpxtpx:speed>5.82</gpxtpx:speed>
</gpxtpx:TrackPointExtension>
<opentracks:accuracy_horizontal>4.58</opentracks:accuracy_horizontal></extensions>
</trkpt>
<trkpt lat="50.427693" lon="-104.562686">
<ele>558.1</ele>
<time>2026-09-10T17:58:04.305-06:00</time>
<extensions>
<gpxtpx:TrackPointExtension>
<gpxtpx:speed>6.26</gpxtpx:speed>
</gpxtpx:TrackPointExtension>
<opentracks:accuracy_horizontal>4.479</opentracks:accuracy_horizontal></extensions>
</trkpt>
<trkpt lat="50.427574" lon="-104.562683">
<ele>558.9</ele>
<time>2026-09-10T17:58:06.303-06:00</time>
<extensions>
<gpxtpx:TrackPointExtension>
<gpxtpx:speed>6.5</gpxtpx:speed>
</gpxtpx:TrackPointExtension>
<opentracks:accuracy_horizontal>4.66</opentracks:accuracy_horizontal></extensions>
</trkpt>
<trkpt lat="50.427452" lon="-104.562668">
<ele>559.4</ele>
<time>2026-09-10T17:58:08.306-06:00</time>
<extensions>
<gpxtpx:TrackPointExtension>
<gpxtpx:speed>6.29</gpxtpx:speed>
</gpxtpx:TrackPointExtension>
<opentracks:accuracy_horizontal>4.655</opentracks:accuracy_horizontal></extensions>
</trkpt>
<trkpt lat="50.427339" lon="-104.562662">
<ele>560.1</ele>
<time>2026-09-10T17:58:10.309-06:00</time>
<extensions>
<gpxtpx:TrackPointExtension>
<gpxtpx:speed>6.2</gpxtpx:speed>
</gpxtpx:TrackPointExtension>
<opentracks:accuracy_horizontal>4.415</opentracks:accuracy_horizontal></extensions>
</trkpt>
<trkpt lat="50.427248" lon="-104.562779">
<ele>561.8</ele>
<time>2026-09-10T17:58:12.306-06:00</time>
<extensions>
<gpxtpx:TrackPointExtension>
<gpxtpx:speed>5.72</gpxtpx:speed>
</gpxtpx:TrackPointExtension>
<opentracks:accuracy_horizontal>4.336</opentracks:accuracy_horizontal></extensions>
</trkpt>
<trkpt lat="50.427273" lon="-104.563026">
<ele>560.7</ele>
<time>2026-09-10T17:58:14.304-06:00</time>
<extensions>
<gpxtpx:TrackPointExtension>
<gpxtpx:speed>6.48</gpxtpx:speed>
</gpxtpx:TrackPointExtension>
<opentracks:accuracy_horizontal>4.245</opentracks:accuracy_horizontal></extensions>
</trkpt>
<trkpt lat="50.42732" lon="-104.563238">
<ele>559.2</ele>
<time>2026-09-10T17:58:16.307-06:00</time>
<extensions>
<gpxtpx:TrackPointExtension>
<gpxtpx:speed>5.91</gpxtpx:speed>
</gpxtpx:TrackPointExtension>
<opentracks:accuracy_horizontal>4.167</opentracks:accuracy_horizontal></extensions>
</trkpt>
<trkpt lat="50.427334" lon="-104.563412">
<ele>558.9</ele>
<time>2026-09-10T17:58:18.308-06:00</time>
<extensions>
<gpxtpx:TrackPointExtension>
<gpxtpx:speed>5.87</gpxtpx:speed>
</gpxtpx:TrackPointExtension>
<opentracks:accuracy_horizontal>4.244</opentracks:accuracy_horizontal></extensions>
</trkpt>
<trkpt lat="50.427344" lon="-104.563569">
<ele>558</ele>
<time>2026-09-10T17:58:20.295-06:00</time>
<extensions>
<gpxtpx:TrackPointExtension>
<gpxtpx:speed>5.92</gpxtpx:speed>
</gpxtpx:TrackPointExtension>
<opentracks:accuracy_horizontal>3.857</opentracks:accuracy_horizontal></extensions>
</trkpt>
<trkpt lat="50.427348" lon="-104.56373">
<ele>557.6</ele>
<time>2026-09-10T17:58:22.302-06:00</time>
<extensions>
<gpxtpx:TrackPointExtension>
<gpxtpx:speed>5.71</gpxtpx:speed>
</gpxtpx:TrackPointExtension>
<opentracks:accuracy_horizontal>3.857</opentracks:accuracy_horizontal></extensions>
</trkpt>
<trkpt lat="50.427345" lon="-104.56389">
<ele>557.6</ele>
<time>2026-09-10T17:58:24.295-06:00</time>
<extensions>
<gpxtpx:TrackPointExtension>
<gpxtpx:speed>5.89</gpxtpx:speed>
</gpxtpx:TrackPointExtension>
<opentracks:accuracy_horizontal>3.87</opentracks:accuracy_horizontal></extensions>
</trkpt>
<trkpt lat="50.427345" lon="-104.564055">
<ele>557.5</ele>
<time>2026-09-10T17:58:26.321-06:00</time>
<extensions>
<gpxtpx:TrackPointExtension>
<gpxtpx:speed>6.19</gpxtpx:speed>
</gpxtpx:TrackPointExtension>
<opentracks:accuracy_horizontal>4.243</opentracks:accuracy_horizontal></extensions>
</trkpt>
<trkpt lat="50.427345" lon="-104.56424">
<ele>557</ele>
<time>2026-09-10T17:58:28.303-06:00</time>
<extensions>
<gpxtpx:TrackPointExtension>
<gpxtpx:speed>6.35</gpxtpx:speed>
</gpxtpx:TrackPointExtension>
<opentracks:accuracy_horizontal>4.262</opentracks:accuracy_horizontal></extensions>
</trkpt>
<trkpt lat="50.42734" lon="-104.564441">
<ele>556.1</ele>
<time>2026-09-10T17:58:30.319-06:00</time>
<extensions>
<gpxtpx:TrackPointExtension>
<gpxtpx:speed>6.62</gpxtpx:speed>
</gpxtpx:TrackPointExtension>
<opentracks:accuracy_horizontal>4.375</opentracks:accuracy_horizontal></extensions>
</trkpt>
<trkpt lat="50.42734" lon="-104.564625">
<ele>555.2</ele>
<time>2026-09-10T17:58:32.294-06:00</time>
<extensions>
<gpxtpx:TrackPointExtension>
<gpxtpx:speed>6.48</gpxtpx:speed>
</gpxtpx:TrackPointExtension>
<opentracks:accuracy_horizontal>4.242</opentracks:accuracy_horizontal></extensions>
</trkpt>
<trkpt lat="50.427326" lon="-104.564807">
<ele>555.2</ele>
<time>2026-09-10T17:58:34.311-06:00</time>
<extensions>
<gpxtpx:TrackPointExtension>
<gpxtpx:speed>6.39</gpxtpx:speed>
</gpxtpx:TrackPointExtension>
<opentracks:accuracy_horizontal>4.242</opentracks:accuracy_horizontal></extensions>
</trkpt>
<trkpt lat="50.427312" lon="-104.564994">
<ele>555.1</ele>
<time>2026-09-10T17:58:36.308-06:00</time>
<extensions>
<gpxtpx:TrackPointExtension>
<gpxtpx:speed>6.5</gpxtpx:speed>
</gpxtpx:TrackPointExtension>
<opentracks:accuracy_horizontal>4.242</opentracks:accuracy_horizontal></extensions>
</trkpt>
<trkpt lat="50.427317" lon="-104.565203">
<ele>554.7</ele>
<time>2026-09-10T17:58:38.313-06:00</time>
<extensions>
<gpxtpx:TrackPointExtension>
<gpxtpx:speed>6.42</gpxtpx:speed>
</gpxtpx:TrackPointExtension>
<opentracks:accuracy_horizontal>4.277</opentracks:accuracy_horizontal></extensions>
</trkpt>
<trkpt lat="50.427324" lon="-104.565413">
<ele>555.2</ele>
<time>2026-09-10T17:58:40.303-06:00</time>
<extensions>
<gpxtpx:TrackPointExtension>
<gpxtpx:speed>6.97</gpxtpx:speed>
</gpxtpx:TrackPointExtension>
<opentracks:accuracy_horizontal>4.331</opentracks:accuracy_horizontal></extensions>
</trkpt>
<trkpt lat="50.427333" lon="-104.565605">
<ele>555.9</ele>
<time>2026-09-10T17:58:42.299-06:00</time>
<extensions>
<gpxtpx:TrackPointExtension>
<gpxtpx:speed>6.67</gpxtpx:speed>
</gpxtpx:TrackPointExtension>
<opentracks:accuracy_horizontal>4.263</opentracks:accuracy_horizontal></extensions>
</trkpt>
<trkpt lat="50.427335" lon="-104.565788">
<ele>556.2</ele>
<time>2026-09-10T17:58:44.306-06:00</time>
<extensions>
<gpxtpx:TrackPointExtension>
<gpxtpx:speed>6.15</gpxtpx:speed>
</gpxtpx:TrackPointExtension>
<opentracks:accuracy_horizontal>4.192</opentracks:accuracy_horizontal></extensions>
</trkpt>
<trkpt lat="50.42733" lon="-104.565949">
<ele>556.8</ele>
<time>2026-09-10T17:58:46.307-06:00</time>
<extensions>
<gpxtpx:TrackPointExtension>
<gpxtpx:speed>5.9</gpxtpx:speed>
</gpxtpx:TrackPointExtension>
<opentracks:accuracy_horizontal>4.267</opentracks:accuracy_horizontal></extensions>
</trkpt>
<trkpt lat="50.427323" lon="-104.566115">
<ele>557.4</ele>
<time>2026-09-10T17:58:48.303-06:00</time>
<extensions>
<gpxtpx:TrackPointExtension>
<gpxtpx:speed>5.79</gpxtpx:speed>
</gpxtpx:TrackPointExtension>
<opentracks:accuracy_horizontal>4.24</opentracks:accuracy_horizontal></extensions>
</trkpt>
<trkpt lat="50.427329" lon="-104.566282">
<ele>557.7</ele>
<time>2026-09-10T17:58:50.287-06:00</time>
<extensions>
<gpxtpx:TrackPointExtension>
<gpxtpx:speed>5.75</gpxtpx:speed>
</gpxtpx:TrackPointExtension>
<opentracks:accuracy_horizontal>4.249</opentracks:accuracy_horizontal></extensions>
</trkpt>
<trkpt lat="50.427341" lon="-104.56644">
<ele>557.2</ele>
<time>2026-09-10T17:58:52.301-06:00</time>
<extensions>
<gpxtpx:TrackPointExtension>
<gpxtpx:speed>5.66</gpxtpx:speed>
</gpxtpx:TrackPointExtension>
<opentracks:accuracy_horizontal>4.239</opentracks:accuracy_horizontal></extensions>
</trkpt>
<trkpt lat="50.427345" lon="-104.566602">
<ele>557.5</ele>
<time>2026-09-10T17:58:54.277-06:00</time>
<extensions>
<gpxtpx:TrackPointExtension>
<gpxtpx:speed>5.52</gpxtpx:speed>
</gpxtpx:TrackPointExtension>
<opentracks:accuracy_horizontal>3.904</opentracks:accuracy_horizontal></extensions>
</trkpt>
<trkpt lat="50.427343" lon="-104.566748">
<ele>557.4</ele>
<time>2026-09-10T17:58:56.298-06:00</time>
<extensions>
<gpxtpx:TrackPointExtension>
<gpxtpx:speed>5</gpxtpx:speed>
</gpxtpx:TrackPointExtension>
<opentracks:accuracy_horizontal>4.034</opentracks:accuracy_horizontal></extensions>
</trkpt>
<trkpt lat="50.427348" lon="-104.566961">
<ele>557</ele>
<time>2026-09-10T17:58:59.283-06:00</time>
<extensions>
<gpxtpx:TrackPointExtension>
<gpxtpx:speed>4.74</gpxtpx:speed>
</gpxtpx:TrackPointExtension>
<opentracks:accuracy_horizontal>3.856</opentracks:accuracy_horizontal></extensions>
</trkpt>
<trkpt lat="50.427371" lon="-104.567104">
<ele>557</ele>
<time>2026-09-10T17:59:01.3-06:00</time>
<extensions>
<gpxtpx:TrackPointExtension>
<gpxtpx:speed>4.71</gpxtpx:speed>
</gpxtpx:TrackPointExtension>
<opentracks:accuracy_horizontal>3.856</opentracks:accuracy_horizontal></extensions>
</trkpt>
<trkpt lat="50.427357" lon="-104.567248">
<ele>556.7</ele>
<time>2026-09-10T17:59:03.303-06:00</time>
<extensions>
<gpxtpx:TrackPointExtension>
<gpxtpx:speed>5.3</gpxtpx:speed>
</gpxtpx:TrackPointExtension>
<opentracks:accuracy_horizontal>4.237</opentracks:accuracy_horizontal></extensions>
</trkpt>
<trkpt lat="50.427344" lon="-104.567417">
<ele>556.6</ele>
<time>2026-09-10T17:59:05.301-06:00</time>
<extensions>
<gpxtpx:TrackPointExtension>
<gpxtpx:speed>5.61</gpxtpx:speed>
</gpxtpx:TrackPointExtension>
<opentracks:accuracy_horizontal>4.237</opentracks:accuracy_horizontal></extensions>
</trkpt>
<trkpt lat="50.427357" lon="-104.567584">
<ele>556.5</ele>
<time>2026-09-10T17:59:07.302-06:00</time>
<extensions>
<gpxtpx:TrackPointExtension>
<gpxtpx:speed>5.37</gpxtpx:speed>
</gpxtpx:TrackPointExtension>
<opentracks:accuracy_horizontal>4.237</opentracks:accuracy_horizontal></extensions>
</trkpt>
<trkpt lat="50.427361" lon="-104.567779">
<ele>555.8</ele>
<time>2026-09-10T17:59:10.313-06:00</time>
<extensions>
<gpxtpx:TrackPointExtension>
<gpxtpx:speed>4.49</gpxtpx:speed>
</gpxtpx:TrackPointExtension>
<opentracks:accuracy_horizontal>4.236</opentracks:accuracy_horizontal></extensions>
</trkpt>
<trkpt lat="50.427342" lon="-104.567937">
<ele>555.4</ele>
<time>2026-09-10T17:59:13.305-06:00</time>
<extensions>
<gpxtpx:TrackPointExtension>
<gpxtpx:speed>3.17</gpxtpx:speed>
</gpxtpx:TrackPointExtension>
<opentracks:accuracy_horizontal>4.236</opentracks:accuracy_horizontal></extensions>
</trkpt>
<trkpt lat="50.427277" lon="-104.568084">
<ele>555.5</ele>
<time>2026-09-10T17:59:17.301-06:00</time>
<extensions>
<gpxtpx:TrackPointExtension>
<gpxtpx:speed>3.89</gpxtpx:speed>
</gpxtpx:TrackPointExtension>
<opentracks:accuracy_horizontal>4.017</opentracks:accuracy_horizontal></extensions>
</trkpt>
<trkpt lat="50.427172" lon="-104.568163">
<ele>556</ele>
<time>2026-09-10T17:59:20.297-06:00</time>
<extensions>
<gpxtpx:TrackPointExtension>
<gpxtpx:speed>4.5</gpxtpx:speed>
</gpxtpx:TrackPointExtension>
<opentracks:accuracy_horizontal>4.235</opentracks:accuracy_horizontal></extensions>
</trkpt>
<trkpt lat="50.427084" lon="-104.568208">
<ele>556.4</ele>
<time>2026-09-10T17:59:22.317-06:00</time>
<extensions>
<gpxtpx:TrackPointExtension>
<gpxtpx:speed>5.3</gpxtpx:speed>
</gpxtpx:TrackPointExtension>
<opentracks:accuracy_horizontal>4.625</opentracks:accuracy_horizontal></extensions>
</trkpt>
<trkpt lat="50.42698" lon="-104.568214">
<ele>555.2</ele>
<time>2026-09-10T17:59:24.303-06:00</time>
<extensions>
<gpxtpx:TrackPointExtension>
<gpxtpx:speed>6.03</gpxtpx:speed>
</gpxtpx:TrackPointExtension>
<opentracks:accuracy_horizontal>4.757</opentracks:accuracy_horizontal></extensions>
</trkpt>
<trkpt lat="50.426856" lon="-104.568202">
<ele>555.5</ele>
<time>2026-09-10T17:59:26.306-06:00</time>
<extensions>
<gpxtpx:TrackPointExtension>
<gpxtpx:speed>6.64</gpxtpx:speed>
</gpxtpx:TrackPointExtension>
<opentracks:accuracy_horizontal>4.891</opentracks:accuracy_horizontal></extensions>
</trkpt>
<trkpt lat="50.426732" lon="-104.568198">
<ele>556.7</ele>
<time>2026-09-10T17:59:28.297-06:00</time>
<extensions>
<gpxtpx:TrackPointExtension>
<gpxtpx:speed>6.56</gpxtpx:speed>
</gpxtpx:TrackPointExtension>
<opentracks:accuracy_horizontal>5.451</opentracks:accuracy_horizontal></extensions>
</trkpt>
<trkpt lat="50.426614" lon="-104.568189">
<ele>557.4</ele>
<time>2026-09-10T17:59:30.313-06:00</time>
<extensions>
<gpxtpx:TrackPointExtension>
<gpxtpx:speed>5.92</gpxtpx:speed>
</gpxtpx:TrackPointExtension>
<opentracks:accuracy_horizontal>5.912</opentracks:accuracy_horizontal></extensions>
</trkpt>
<trkpt lat="50.426499" lon="-104.568162">
<ele>557.3</ele>
<time>2026-09-10T17:59:32.317-06:00</time>
<extensions>
<gpxtpx:TrackPointExtension>
<gpxtpx:speed>5.99</gpxtpx:speed>
</gpxtpx:TrackPointExtension>
<opentracks:accuracy_horizontal>5.243</opentracks:accuracy_horizontal></extensions>
</trkpt>
<trkpt lat="50.426386" lon="-104.568176">
<ele>558.4</ele>
<time>2026-09-10T17:59:34.306-06:00</time>
<extensions>
<gpxtpx:TrackPointExtension>
<gpxtpx:speed>5.44</gpxtpx:speed>
</gpxtpx:TrackPointExtension>
<opentracks:accuracy_horizontal>5.132</opentracks:accuracy_horizontal></extensions>
</trkpt>
<trkpt lat="50.426295" lon="-104.568162">
<ele>559.4</ele>
<time>2026-09-10T17:59:36.302-06:00</time>
<extensions>
<gpxtpx:TrackPointExtension>
<gpxtpx:speed>5.04</gpxtpx:speed>
</gpxtpx:TrackPointExtension>
<opentracks:accuracy_horizontal>5.22</opentracks:accuracy_horizontal></extensions>
</trkpt>
<trkpt lat="50.426205" lon="-104.568127">
<ele>560.4</ele>
<time>2026-09-10T17:59:38.301-06:00</time>
<extensions>
<gpxtpx:TrackPointExtension>
<gpxtpx:speed>4.5</gpxtpx:speed>
</gpxtpx:TrackPointExtension>
<opentracks:accuracy_horizontal>4.912</opentracks:accuracy_horizontal></extensions>
</trkpt>
<trkpt lat="50.426102" lon="-104.568143">
<ele>561.4</ele>
<time>2026-09-10T17:59:41.308-06:00</time>
<extensions>
<gpxtpx:TrackPointExtension>
<gpxtpx:speed>3.91</gpxtpx:speed>
</gpxtpx:TrackPointExtension>
<opentracks:accuracy_horizontal>4.316</opentracks:accuracy_horizontal></extensions>
</trkpt>
<trkpt lat="50.426054" lon="-104.568285">
<ele>560.1</ele>
<time>2026-09-10T17:59:43.323-06:00</time>
<extensions>
<gpxtpx:TrackPointExtension>
<gpxtpx:speed>4.51</gpxtpx:speed>
</gpxtpx:TrackPointExtension>
<opentracks:accuracy_horizontal>4.231</opentracks:accuracy_horizontal></extensions>
</trkpt>
<trkpt lat="50.426062" lon="-104.568449">
<ele>559.4</ele>
<time>2026-09-10T17:59:45.302-06:00</time>
<extensions>
<gpxtpx:TrackPointExtension>
<gpxtpx:speed>4.49</gpxtpx:speed>
</gpxtpx:TrackPointExtension>
<opentracks:accuracy_horizontal>4.231</opentracks:accuracy_horizontal></extensions>
</trkpt>
<trkpt lat="50.426071" lon="-104.56866">
<ele>558.5</ele>
<time>2026-09-10T17:59:48.313-06:00</time>
<extensions>
<gpxtpx:TrackPointExtension>
<gpxtpx:speed>4.78</gpxtpx:speed>
</gpxtpx:TrackPointExtension>
<opentracks:accuracy_horizontal>4.319</opentracks:accuracy_horizontal></extensions>
</trkpt>
<trkpt lat="50.426071" lon="-104.568808">
<ele>557.9</ele>
<time>2026-09-10T17:59:50.306-06:00</time>
<extensions>
<gpxtpx:TrackPointExtension>
<gpxtpx:speed>4.83</gpxtpx:speed>
</gpxtpx:TrackPointExtension>
<opentracks:accuracy_horizontal>4.288</opentracks:accuracy_horizontal></extensions>
</trkpt>
<trkpt lat="50.426066" lon="-104.568955">
<ele>557.7</ele>
<time>2026-09-10T17:59:52.295-06:00</time>
<extensions>
<gpxtpx:TrackPointExtension>
<gpxtpx:speed>5.34</gpxtpx:speed>
</gpxtpx:TrackPointExtension>
<opentracks:accuracy_horizontal>4.23</opentracks:accuracy_horizontal></extensions>
</trkpt>
<trkpt lat="50.426058" lon="-104.569123">
<ele>558</ele>
<time>2026-09-10T17:59:54.301-06:00</time>
<extensions>
<gpxtpx:TrackPointExtension>
<gpxtpx:speed>5.83</gpxtpx:speed>
</gpxtpx:TrackPointExtension>
<opentracks:accuracy_horizontal>4.229</opentracks:accuracy_horizontal></extensions>
</trkpt>
<trkpt lat="50.426066" lon="-104.569301">
<ele>558</ele>
<time>2026-09-10T17:59:56.313-06:00</time>
<extensions>
<gpxtpx:TrackPointExtension>
<gpxtpx:speed>5.52</gpxtpx:speed>
</gpxtpx:TrackPointExtension>
<opentracks:accuracy_horizontal>4.229</opentracks:accuracy_horizontal></extensions>
</trkpt>
<trkpt lat="50.426066" lon="-104.569474">
<ele>557.8</ele>
<time>2026-09-10T17:59:58.299-06:00</time>
<extensions>
<gpxtpx:TrackPointExtension>
<gpxtpx:speed>5.08</gpxtpx:speed>
</gpxtpx:TrackPointExtension>
<opentracks:accuracy_horizontal>4.229</opentracks:accuracy_horizontal></extensions>
</trkpt>
<trkpt lat="50.426071" lon="-104.569627">
<ele>557.6</ele>
<time>2026-09-10T18:00:00.305-06:00</time>
<extensions>
<gpxtpx:TrackPointExtension>
<gpxtpx:speed>5.93</gpxtpx:speed>
</gpxtpx:TrackPointExtension>
<opentracks:accuracy_horizontal>4.366</opentracks:accuracy_horizontal></extensions>
</trkpt>
<trkpt lat="50.426084" lon="-104.569796">
<ele>557.7</ele>
<time>2026-09-10T18:00:02.282-06:00</time>
<extensions>
<gpxtpx:TrackPointExtension>
<gpxtpx:speed>6.04</gpxtpx:speed>
</gpxtpx:TrackPointExtension>
<opentracks:accuracy_horizontal>4.228</opentracks:accuracy_horizontal></extensions>
</trkpt>
<trkpt lat="50.426096" lon="-104.569984">
<ele>557.6</ele>
<time>2026-09-10T18:00:04.314-06:00</time>
<extensions>
<gpxtpx:TrackPointExtension>
<gpxtpx:speed>6.64</gpxtpx:speed>
</gpxtpx:TrackPointExtension>
<opentracks:accuracy_horizontal>4.228</opentracks:accuracy_horizontal></extensions>
</trkpt>
<trkpt lat="50.426092" lon="-104.570188">
<ele>557.2</ele>
<time>2026-09-10T18:00:06.3-06:00</time>
<extensions>
<gpxtpx:TrackPointExtension>
<gpxtpx:speed>6.86</gpxtpx:speed>
</gpxtpx:TrackPointExtension>
<opentracks:accuracy_horizontal>4.139</opentracks:accuracy_horizontal></extensions>
</trkpt>
<trkpt lat="50.426086" lon="-104.570394">
<ele>555.9</ele>
<time>2026-09-10T18:00:08.3-06:00</time>
<extensions>
<gpxtpx:TrackPointExtension>
<gpxtpx:speed>6.96</gpxtpx:speed>
</gpxtpx:TrackPointExtension>
<opentracks:accuracy_horizontal>4.022</opentracks:accuracy_horizontal></extensions>
</trkpt>
<trkpt lat="50.42609" lon="-104.570594">
<ele>555.4</ele>
<time>2026-09-10T18:00:10.287-06:00</time>
<extensions>
<gpxtpx:TrackPointExtension>
<gpxtpx:speed>6.9</gpxtpx:speed>
</gpxtpx:TrackPointExtension>
<opentracks:accuracy_horizontal>3.939</opentracks:accuracy_horizontal></extensions>
</trkpt>
<trkpt lat="50.426085" lon="-104.570777">
<ele>555.4</ele>
<time>2026-09-10T18:00:12.314-06:00</time>
<extensions>
<gpxtpx:TrackPointExtension>
<gpxtpx:speed>6.71</gpxtpx:speed>
</gpxtpx:TrackPointExtension>
<opentracks:accuracy_horizontal>4.226</opentracks:accuracy_horizontal></extensions>
</trkpt>
<trkpt lat="50.426083" lon="-104.570959">
<ele>555.6</ele>
<time>2026-09-10T18:00:14.3-06:00</time>
<extensions>
<gpxtpx:TrackPointExtension>
<gpxtpx:speed>6.5</gpxtpx:speed>
</gpxtpx:TrackPointExtension>
<opentracks:accuracy_horizontal>4.226</opentracks:accuracy_horizontal></extensions>
</trkpt>
<trkpt lat="50.426083" lon="-104.571127">
<ele>556</ele>
<time>2026-09-10T18:00:16.311-06:00</time>
<extensions>
<gpxtpx:TrackPointExtension>
<gpxtpx:speed>5.9</gpxtpx:speed>
</gpxtpx:TrackPointExtension>
<opentracks:accuracy_horizontal>4.226</opentracks:accuracy_horizontal></extensions>
</trkpt>
<trkpt lat="50.42608" lon="-104.571296">
<ele>556.3</ele>
<time>2026-09-10T18:00:18.309-06:00</time>
<extensions>
<gpxtpx:TrackPointExtension>
<gpxtpx:speed>5.86</gpxtpx:speed>
</gpxtpx:TrackPointExtension>
<opentracks:accuracy_horizontal>4.225</opentracks:accuracy_horizontal></extensions>
</trkpt>
<trkpt lat="50.426081" lon="-104.571454">
<ele>557</ele>
<time>2026-09-10T18:00:20.303-06:00</time>
<extensions>
<gpxtpx:TrackPointExtension>
<gpxtpx:speed>5.72</gpxtpx:speed>
</gpxtpx:TrackPointExtension>
<opentracks:accuracy_horizontal>4.225</opentracks:accuracy_horizontal></extensions>
</trkpt>
<trkpt lat="50.426085" lon="-104.571605">
<ele>557</ele>
<time>2026-09-10T18:00:22.31-06:00</time>
<extensions>
<gpxtpx:TrackPointExtension>
<gpxtpx:speed>5.36</gpxtpx:speed>
</gpxtpx:TrackPointExtension>
<opentracks:accuracy_horizontal>4.225</opentracks:accuracy_horizontal></extensions>
</trkpt>
<trkpt lat="50.426087" lon="-104.571749">
<ele>556.9</ele>
<time>2026-09-10T18:00:24.318-06:00</time>
<extensions>
<gpxtpx:TrackPointExtension>
<gpxtpx:speed>5.1</gpxtpx:speed>
</gpxtpx:TrackPointExtension>
<opentracks:accuracy_horizontal>4.225</opentracks:accuracy_horizontal></extensions>
</trkpt>
<trkpt lat="50.426087" lon="-104.57195">
<ele>556.8</ele>
<time>2026-09-10T18:00:27.303-06:00</time>
<extensions>
<gpxtpx:TrackPointExtension>
<gpxtpx:speed>4.58</gpxtpx:speed>
</gpxtpx:TrackPointExtension>
<opentracks:accuracy_horizontal>4.15</opentracks:accuracy_horizontal></extensions>
</trkpt>
<trkpt lat="50.426082" lon="-104.572116">
<ele>557.3</ele>
<time>2026-09-10T18:00:30.312-06:00</time>
<extensions>
<gpxtpx:TrackPointExtension>
<gpxtpx:speed>4.11</gpxtpx:speed>
</gpxtpx:TrackPointExtension>
<opentracks:accuracy_horizontal>4.04</opentracks:accuracy_horizontal></extensions>
</trkpt>
<trkpt lat="50.426107" lon="-104.572285">
<ele>558.6</ele>
<time>2026-09-10T18:00:33.318-06:00</time>
<extensions>
<gpxtpx:TrackPointExtension>
<gpxtpx:speed>4</gpxtpx:speed>
</gpxtpx:TrackPointExtension>
<opentracks:accuracy_horizontal>3.914</opentracks:accuracy_horizontal></extensions>
</trkpt>
<trkpt lat="50.426126" lon="-104.572446">
<ele>558.6</ele>
<time>2026-09-10T18:00:36.303-06:00</time>
<extensions>
<gpxtpx:TrackPointExtension>
<gpxtpx:speed>3.59</gpxtpx:speed>
</gpxtpx:TrackPointExtension>
<opentracks:accuracy_horizontal>4.014</opentracks:accuracy_horizontal></extensions>
</trkpt>
<trkpt lat="50.426143" lon="-104.572606">
<ele>559</ele>
<time>2026-09-10T18:00:39.304-06:00</time>
<extensions>
<gpxtpx:TrackPointExtension>
<gpxtpx:speed>4.13</gpxtpx:speed>
</gpxtpx:TrackPointExtension>
<opentracks:accuracy_horizontal>3.874</opentracks:accuracy_horizontal></extensions>
</trkpt>
<trkpt lat="50.426152" lon="-104.572801">
<ele>559.4</ele>
<time>2026-09-10T18:00:42.291-06:00</time>
<extensions>
<gpxtpx:TrackPointExtension>
<gpxtpx:speed>4.75</gpxtpx:speed>
</gpxtpx:TrackPointExtension>
<opentracks:accuracy_horizontal>3.853</opentracks:accuracy_horizontal></extensions>
</trkpt>
<trkpt lat="50.42615" lon="-104.572953">
<ele>559.4</ele>
<time>2026-09-10T18:00:44.305-06:00</time>
<extensions>
<gpxtpx:TrackPointExtension>
<gpxtpx:speed>5.3</gpxtpx:speed>
</gpxtpx:TrackPointExtension>
<opentracks:accuracy_horizontal>3.969</opentracks:accuracy_horizontal></extensions>
</trkpt>
<trkpt lat="50.426157" lon="-104.573112">
<ele>559.9</ele>
<time>2026-09-10T18:00:46.307-06:00</time>
<extensions>
<gpxtpx:TrackPointExtension>
<gpxtpx:speed>5.37</gpxtpx:speed>
</gpxtpx:TrackPointExtension>
<opentracks:accuracy_horizontal>4.091</opentracks:accuracy_horizontal></extensions>
</trkpt>
<trkpt lat="50.426167" lon="-104.573265">
<ele>559.8</ele>
<time>2026-09-10T18:00:48.302-06:00</time>
<extensions>
<gpxtpx:TrackPointExtension>
<gpxtpx:speed>5.29</gpxtpx:speed>
</gpxtpx:TrackPointExtension>
<opentracks:accuracy_horizontal>4.034</opentracks:accuracy_horizontal></extensions>
</trkpt>
<trkpt lat="50.426174" lon="-104.573424">
<ele>560.3</ele>
<time>2026-09-10T18:00:50.32-06:00</time>
<extensions>
<gpxtpx:TrackPointExtension>
<gpxtpx:speed>5.51</gpxtpx:speed>
</gpxtpx:TrackPointExtension>
<opentracks:accuracy_horizontal>4.089</opentracks:accuracy_horizontal></extensions>
</trkpt>
<trkpt lat="50.426183" lon="-104.573583">
<ele>560.7</ele>
<time>2026-09-10T18:00:52.312-06:00</time>
<extensions>
<gpxtpx:TrackPointExtension>
<gpxtpx:speed>5.51</gpxtpx:speed>
</gpxtpx:TrackPointExtension>
<opentracks:accuracy_horizontal>4.233</opentracks:accuracy_horizontal></extensions>
</trkpt>
<trkpt lat="50.4262" lon="-104.573736">
<ele>561.1</ele>
<time>2026-09-10T18:00:54.312-06:00</time>
<extensions>
<gpxtpx:TrackPointExtension>
<gpxtpx:speed>5.25</gpxtpx:speed>
</gpxtpx:TrackPointExtension>
<opentracks:accuracy_horizontal>4.419</opentracks:accuracy_horizontal></extensions>
</trkpt>
<trkpt lat="50.426218" lon="-104.573941">
<ele>561</ele>
<time>2026-09-10T18:00:57.315-06:00</time>
<extensions>
<gpxtpx:TrackPointExtension>
<gpxtpx:speed>4.53</gpxtpx:speed>
</gpxtpx:TrackPointExtension>
<opentracks:accuracy_horizontal>4.536</opentracks:accuracy_horizontal></extensions>
</trkpt>
<trkpt lat="50.426225" lon="-104.574116">
<ele>560.8</ele>
<time>2026-09-10T18:01:00.315-06:00</time>
<extensions>
<gpxtpx:TrackPointExtension>
<gpxtpx:speed>4.47</gpxtpx:speed>
</gpxtpx:TrackPointExtension>
<opentracks:accuracy_horizontal>4.404</opentracks:accuracy_horizontal></extensions>
</trkpt>
<trkpt lat="50.426254" lon="-104.574255">
<ele>561.5</ele>
<time>2026-09-10T18:01:03.304-06:00</time>
<extensions>
<gpxtpx:TrackPointExtension>
<gpxtpx:speed>3.48</gpxtpx:speed>
</gpxtpx:TrackPointExtension>
<opentracks:accuracy_horizontal>4.245</opentracks:accuracy_horizontal></extensions>
</trkpt>
<trkpt lat="50.426276" lon="-104.574424">
<ele>561.1</ele>
<time>2026-09-10T18:01:06.299-06:00</time>
<extensions>
<gpxtpx:TrackPointExtension>
<gpxtpx:speed>4.19</gpxtpx:speed>
</gpxtpx:TrackPointExtension>
<opentracks:accuracy_horizontal>4.094</opentracks:accuracy_horizontal></extensions>
</trkpt>
<trkpt lat="50.426274" lon="-104.574606">
<ele>560.2</ele>
<time>2026-09-10T18:01:09.301-06:00</time>
<extensions>
<gpxtpx:TrackPointExtension>
<gpxtpx:speed>4.37</gpxtpx:speed>
</gpxtpx:TrackPointExtension>
<opentracks:accuracy_horizontal>4.094</opentracks:accuracy_horizontal></extensions>
</trkpt>
<trkpt lat="50.426227" lon="-104.574789">
<ele>559.2</ele>
<time>2026-09-10T18:01:12.291-06:00</time>
<extensions>
<gpxtpx:TrackPointExtension>
<gpxtpx:speed>4.91</gpxtpx:speed>
</gpxtpx:TrackPointExtension>
<opentracks:accuracy_horizontal>3.852</opentracks:accuracy_horizontal></extensions>
</trkpt>
<trkpt lat="50.426155" lon="-104.574936">
<ele>559</ele>
<time>2026-09-10T18:01:15.295-06:00</time>
<extensions>
<gpxtpx:TrackPointExtension>
<gpxtpx:speed>4.05</gpxtpx:speed>
</gpxtpx:TrackPointExtension>
<opentracks:accuracy_horizontal>3.852</opentracks:accuracy_horizontal></extensions>
</trkpt>
<trkpt lat="50.426091" lon="-104.575045">
<ele>558.5</ele>
<time>2026-09-10T18:01:18.292-06:00</time>
<extensions>
<gpxtpx:TrackPointExtension>
<gpxtpx:speed>3.17</gpxtpx:speed>
</gpxtpx:TrackPointExtension>
<opentracks:accuracy_horizontal>3.852</opentracks:accuracy_horizontal></extensions>
</trkpt>
<trkpt lat="50.426013" lon="-104.575178">
<ele>559</ele>
<time>2026-09-10T18:01:22.3-06:00</time>
<extensions>
<gpxtpx:TrackPointExtension>
<gpxtpx:speed>3.42</gpxtpx:speed>
</gpxtpx:TrackPointExtension>
<opentracks:accuracy_horizontal>3.852</opentracks:accuracy_horizontal></extensions>
</trkpt>
<trkpt lat="50.42595" lon="-104.575307">
<ele>559.6</ele>
<time>2026-09-10T18:01:25.292-06:00</time>
<extensions>
<gpxtpx:TrackPointExtension>
<gpxtpx:speed>4.02</gpxtpx:speed>
</gpxtpx:TrackPointExtension>
<opentracks:accuracy_horizontal>3.9</opentracks:accuracy_horizontal></extensions>
</trkpt>
<trkpt lat="50.425897" lon="-104.57547">
<ele>559.9</ele>
<time>2026-09-10T18:01:28.318-06:00</time>
<extensions>
<gpxtpx:TrackPointExtension>
<gpxtpx:speed>2.95</gpxtpx:speed>
</gpxtpx:TrackPointExtension>
<opentracks:accuracy_horizontal>4.091</opentracks:accuracy_horizontal></extensions>
</trkpt>
<trkpt lat="50.425901" lon="-104.575613">
<ele>558.5</ele>
<time>2026-09-10T18:01:31.309-06:00</time>
<extensions>
<gpxtpx:TrackPointExtension>
<gpxtpx:speed>2.23</gpxtpx:speed>
</gpxtpx:TrackPointExtension>
<opentracks:accuracy_horizontal>4.329</opentracks:accuracy_horizontal></extensions>
</trkpt>
<trkpt lat="50.425993" lon="-104.575704">
<ele>558.9</ele>
<time>2026-09-10T18:01:34.315-06:00</time>
<extensions>
<gpxtpx:TrackPointExtension>
<gpxtpx:speed>2.34</gpxtpx:speed>
</gpxtpx:TrackPointExtension>
<opentracks:accuracy_horizontal>4.124</opentracks:accuracy_horizontal></extensions>
</trkpt>
<trkpt lat="50.426085" lon="-104.575552">
<ele>558.8</ele>
<time>2026-09-10T18:01:37.311-06:00</time>
<extensions>
<gpxtpx:TrackPointExtension>
<gpxtpx:speed>4.68</gpxtpx:speed>
</gpxtpx:TrackPointExtension>
<opentracks:accuracy_horizontal>4.495</opentracks:accuracy_horizontal></extensions>
</trkpt>
<trkpt lat="50.426111" lon="-104.575393">
<ele>558.5</ele>
<time>2026-09-10T18:01:39.299-06:00</time>
<extensions>
<gpxtpx:TrackPointExtension>
<gpxtpx:speed>4.63</gpxtpx:speed>
</gpxtpx:TrackPointExtension>
<opentracks:accuracy_horizontal>4.537</opentracks:accuracy_horizontal></extensions>
</trkpt>
<trkpt lat="50.42617" lon="-104.575221">
<ele>557.5</ele>
<time>2026-09-10T18:01:42.297-06:00</time>
<extensions>
<gpxtpx:TrackPointExtension>
<gpxtpx:speed>4.56</gpxtpx:speed>
</gpxtpx:TrackPointExtension>
<opentracks:accuracy_horizontal>4.711</opentracks:accuracy_horizontal></extensions>
</trkpt>
<trkpt lat="50.426226" lon="-104.575108">
<ele>557.9</ele>
<time>2026-09-10T18:01:44.315-06:00</time>
<extensions>
<gpxtpx:TrackPointExtension>
<gpxtpx:speed>4.97</gpxtpx:speed>
</gpxtpx:TrackPointExtension>
<opentracks:accuracy_horizontal>4.709</opentracks:accuracy_horizontal></extensions>
</trkpt>
<trkpt lat="50.426328" lon="-104.574978">
<ele>557.5</ele>
<time>2026-09-10T18:01:47.309-06:00</time>
<extensions>
<gpxtpx:TrackPointExtension>
<gpxtpx:speed>4.78</gpxtpx:speed>
</gpxtpx:TrackPointExtension>
<opentracks:accuracy_horizontal>4.402</opentracks:accuracy_horizontal></extensions>
</trkpt>
<trkpt lat="50.426439" lon="-104.574858">
<ele>558</ele>
<time>2026-09-10T18:01:50.312-06:00</time>
<extensions>
<gpxtpx:TrackPointExtension>
<gpxtpx:speed>4.8</gpxtpx:speed>
</gpxtpx:TrackPointExtension>
<opentracks:accuracy_horizontal>4.525</opentracks:accuracy_horizontal></extensions>
</trkpt>
<trkpt lat="50.426523" lon="-104.574788">
<ele>557.9</ele>
<time>2026-09-10T18:01:52.315-06:00</time>
<extensions>
<gpxtpx:TrackPointExtension>
<gpxtpx:speed>5.02</gpxtpx:speed>
</gpxtpx:TrackPointExtension>
<opentracks:accuracy_horizontal>4.465</opentracks:accuracy_horizontal></extensions>
</trkpt>
<trkpt lat="50.426641" lon="-104.57472">
<ele>558.8</ele>
<time>2026-09-10T18:01:55.306-06:00</time>
<extensions>
<gpxtpx:TrackPointExtension>
<gpxtpx:speed>4.79</gpxtpx:speed>
</gpxtpx:TrackPointExtension>
<opentracks:accuracy_horizontal>4.368</opentracks:accuracy_horizontal></extensions>
</trkpt>
<trkpt lat="50.426726" lon="-104.574661">
<ele>559.5</ele>
<time>2026-09-10T18:01:57.314-06:00</time>
<extensions>
<gpxtpx:TrackPointExtension>
<gpxtpx:speed>5</gpxtpx:speed>
</gpxtpx:TrackPointExtension>
<opentracks:accuracy_horizontal>4.441</opentracks:accuracy_horizontal></extensions>
</trkpt>
<trkpt lat="50.426822" lon="-104.574601">
<ele>560</ele>
<time>2026-09-10T18:01:59.316-06:00</time>
<extensions>
<gpxtpx:TrackPointExtension>
<gpxtpx:speed>5.06</gpxtpx:speed>
</gpxtpx:TrackPointExtension>
<opentracks:accuracy_horizontal>4.567</opentracks:accuracy_horizontal></extensions>
</trkpt>
<trkpt lat="50.426935" lon="-104.574496">
<ele>560.5</ele>
<time>2026-09-10T18:02:02.312-06:00</time>
<extensions>
<gpxtpx:TrackPointExtension>
<gpxtpx:speed>5.14</gpxtpx:speed>
</gpxtpx:TrackPointExtension>
<opentracks:accuracy_horizontal>4.52</opentracks:accuracy_horizontal></extensions>
</trkpt>
<trkpt lat="50.427027" lon="-104.574428">
<ele>559.8</ele>
<time>2026-09-10T18:02:04.305-06:00</time>
<extensions>
<gpxtpx:TrackPointExtension>
<gpxtpx:speed>5.44</gpxtpx:speed>
</gpxtpx:TrackPointExtension>
<opentracks:accuracy_horizontal>4.388</opentracks:accuracy_horizontal></extensions>
</trkpt>
<trkpt lat="50.427118" lon="-104.574348">
<ele>559.3</ele>
<time>2026-09-10T18:02:06.302-06:00</time>
<extensions>
<gpxtpx:TrackPointExtension>
<gpxtpx:speed>5.62</gpxtpx:speed>
</gpxtpx:TrackPointExtension>
<opentracks:accuracy_horizontal>4.319</opentracks:accuracy_horizontal></extensions>
</trkpt>
<trkpt lat="50.42721" lon="-104.574282">
<ele>559.3</ele>
<time>2026-09-10T18:02:08.305-06:00</time>
<extensions>
<gpxtpx:TrackPointExtension>
<gpxtpx:speed>5.68</gpxtpx:speed>
</gpxtpx:TrackPointExtension>
<opentracks:accuracy_horizontal>4.287</opentracks:accuracy_horizontal></extensions>
</trkpt>
<trkpt lat="50.4273" lon="-104.574213">
<ele>559.1</ele>
<time>2026-09-10T18:02:10.305-06:00</time>
<extensions>
<gpxtpx:TrackPointExtension>
<gpxtpx:speed>5.73</gpxtpx:speed>
</gpxtpx:TrackPointExtension>
<opentracks:accuracy_horizontal>4.3</opentracks:accuracy_horizontal></extensions>
</trkpt>
<trkpt lat="50.4274" lon="-104.574126">
<ele>558.9</ele>
<time>2026-09-10T18:02:12.306-06:00</time>
<extensions>
<gpxtpx:TrackPointExtension>
<gpxtpx:speed>6.26</gpxtpx:speed>
</gpxtpx:TrackPointExtension>
<opentracks:accuracy_horizontal>4.307</opentracks:accuracy_horizontal></extensions>
</trkpt>
<trkpt lat="50.427519" lon="-104.574041">
<ele>558.3</ele>
<time>2026-09-10T18:02:14.296-06:00</time>
<extensions>
<gpxtpx:TrackPointExtension>
<gpxtpx:speed>6.73</gpxtpx:speed>
</gpxtpx:TrackPointExtension>
<opentracks:accuracy_horizontal>4.328</opentracks:accuracy_horizontal></extensions>
</trkpt>
<trkpt lat="50.427637" lon="-104.573941">
<ele>558.1</ele>
<time>2026-09-10T18:02:16.304-06:00</time>
<extensions>
<gpxtpx:TrackPointExtension>
<gpxtpx:speed>6.35</gpxtpx:speed>
</gpxtpx:TrackPointExtension>
<opentracks:accuracy_horizontal>4.067</opentracks:accuracy_horizontal></extensions>
</trkpt>
<trkpt lat="50.427739" lon="-104.573857">
<ele>557.9</ele>
<time>2026-09-10T18:02:18.286-06:00</time>
<extensions>
<gpxtpx:TrackPointExtension>
<gpxtpx:speed>6.2</gpxtpx:speed>
</gpxtpx:TrackPointExtension>
<opentracks:accuracy_horizontal>4.159</opentracks:accuracy_horizontal></extensions>
</trkpt>
<trkpt lat="50.427841" lon="-104.573787">
<ele>558.5</ele>
<time>2026-09-10T18:02:20.3-06:00</time>
<extensions>
<gpxtpx:TrackPointExtension>
<gpxtpx:speed>6.4</gpxtpx:speed>
</gpxtpx:TrackPointExtension>
<opentracks:accuracy_horizontal>4.319</opentracks:accuracy_horizontal></extensions>
</trkpt>
<trkpt lat="50.427942" lon="-104.573713">
<ele>558.8</ele>
<time>2026-09-10T18:02:22.313-06:00</time>
<extensions>
<gpxtpx:TrackPointExtension>
<gpxtpx:speed>6.22</gpxtpx:speed>
</gpxtpx:TrackPointExtension>
<opentracks:accuracy_horizontal>4.313</opentracks:accuracy_horizontal></extensions>
</trkpt>
<trkpt lat="50.428049" lon="-104.573635">
<ele>558.5</ele>
<time>2026-09-10T18:02:24.297-06:00</time>
<extensions>
<gpxtpx:TrackPointExtension>
<gpxtpx:speed>6.34</gpxtpx:speed>
</gpxtpx:TrackPointExtension>
<opentracks:accuracy_horizontal>4.206</opentracks:accuracy_horizontal></extensions>
</trkpt>
<trkpt lat="50.428156" lon="-104.573632">
<ele>557.1</ele>
<time>2026-09-10T18:02:26.3-06:00</time>
<extensions>
<gpxtpx:TrackPointExtension>
<gpxtpx:speed>6.74</gpxtpx:speed>
</gpxtpx:TrackPointExtension>
<opentracks:accuracy_horizontal>4.383</opentracks:accuracy_horizontal></extensions>
</trkpt>
<trkpt lat="50.428268" lon="-104.573721">
<ele>555.6</ele>
<time>2026-09-10T18:02:28.3-06:00</time>
<extensions>
<gpxtpx:TrackPointExtension>
<gpxtpx:speed>6.37</gpxtpx:speed>
</gpxtpx:TrackPointExtension>
<opentracks:accuracy_horizontal>4.35</opentracks:accuracy_horizontal></extensions>
</trkpt>
<trkpt lat="50.428363" lon="-104.573852">
<ele>555.7</ele>
<time>2026-09-10T18:02:30.286-06:00</time>
<extensions>
<gpxtpx:TrackPointExtension>
<gpxtpx:speed>6.57</gpxtpx:speed>
</gpxtpx:TrackPointExtension>
<opentracks:accuracy_horizontal>4.235</opentracks:accuracy_horizontal></extensions>
</trkpt>
<trkpt lat="50.428448" lon="-104.573998">
<ele>556.4</ele>
<time>2026-09-10T18:02:32.305-06:00</time>
<extensions>
<gpxtpx:TrackPointExtension>
<gpxtpx:speed>6.79</gpxtpx:speed>
</gpxtpx:TrackPointExtension>
<opentracks:accuracy_horizontal>4.203</opentracks:accuracy_horizontal></extensions>
</trkpt>
<trkpt lat="50.428519" lon="-104.574156">
<ele>555.9</ele>
<time>2026-09-10T18:02:34.303-06:00</time>
<extensions>
<gpxtpx:TrackPointExtension>
<gpxtpx:speed>6.5</gpxtpx:speed>
</gpxtpx:TrackPointExtension>
<opentracks:accuracy_horizontal>4.101</opentracks:accuracy_horizontal></extensions>
</trkpt>
<trkpt lat="50.428583" lon="-104.574299">
<ele>555.6</ele>
<time>2026-09-10T18:02:36.298-06:00</time>
<extensions>
<gpxtpx:TrackPointExtension>
<gpxtpx:speed>5.9</gpxtpx:speed>
</gpxtpx:TrackPointExtension>
<opentracks:accuracy_horizontal>4.035</opentracks:accuracy_horizontal></extensions>
</trkpt>
<trkpt lat="50.428658" lon="-104.574419">
<ele>555.6</ele>
<time>2026-09-10T18:02:38.309-06:00</time>
<extensions>
<gpxtpx:TrackPointExtension>
<gpxtpx:speed>6.06</gpxtpx:speed>
</gpxtpx:TrackPointExtension>
<opentracks:accuracy_horizontal>4.138</opentracks:accuracy_horizontal></extensions>
</trkpt>
<trkpt lat="50.428739" lon="-104.574544">
<ele>556</ele>
<time>2026-09-10T18:02:40.315-06:00</time>
<extensions>
<gpxtpx:TrackPointExtension>
<gpxtpx:speed>6.01</gpxtpx:speed>
</gpxtpx:TrackPointExtension>
<opentracks:accuracy_horizontal>4.234</opentracks:accuracy_horizontal></extensions>
</trkpt>
<trkpt lat="50.428813" lon="-104.574673">
<ele>556</ele>
<time>2026-09-10T18:02:42.302-06:00</time>
<extensions>
<gpxtpx:TrackPointExtension>
<gpxtpx:speed>6</gpxtpx:speed>
</gpxtpx:TrackPointExtension>
<opentracks:accuracy_horizontal>4.221</opentracks:accuracy_horizontal></extensions>
</trkpt>
<trkpt lat="50.428883" lon="-104.574796">
<ele>555.9</ele>
<time>2026-09-10T18:02:44.301-06:00</time>
<extensions>
<gpxtpx:TrackPointExtension>
<gpxtpx:speed>5.72</gpxtpx:speed>
</gpxtpx:TrackPointExtension>
<opentracks:accuracy_horizontal>4.138</opentracks:accuracy_horizontal></extensions>
</trkpt>
<trkpt lat="50.428942" lon="-104.57493">
<ele>555.9</ele>
<time>2026-09-10T18:02:46.306-06:00</time>
<extensions>
<gpxtpx:TrackPointExtension>
<gpxtpx:speed>5.79</gpxtpx:speed>
</gpxtpx:TrackPointExtension>
<opentracks:accuracy_horizontal>4.153</opentracks:accuracy_horizontal></extensions>
</trkpt>
<trkpt lat="50.429003" lon="-104.575065">
<ele>555.9</ele>
<time>2026-09-10T18:02:48.308-06:00</time>
<extensions>
<gpxtpx:TrackPointExtension>
<gpxtpx:speed>5.68</gpxtpx:speed>
</gpxtpx:TrackPointExtension>
<opentracks:accuracy_horizontal>4.336</opentracks:accuracy_horizontal></extensions>
</trkpt>
<trkpt lat="50.429064" lon="-104.575197">
<ele>556.1</ele>
<time>2026-09-10T18:02:50.308-06:00</time>
<extensions>
<gpxtpx:TrackPointExtension>
<gpxtpx:speed>5.54</gpxtpx:speed>
</gpxtpx:TrackPointExtension>
<opentracks:accuracy_horizontal>4.21</opentracks:accuracy_horizontal></extensions>
</trkpt>
<trkpt lat="50.429135" lon="-104.575322">
<ele>556.6</ele>
<time>2026-09-10T18:02:52.307-06:00</time>
<extensions>
<gpxtpx:TrackPointExtension>
<gpxtpx:speed>5.58</gpxtpx:speed>
</gpxtpx:TrackPointExtension>
<opentracks:accuracy_horizontal>4.398</opentracks:accuracy_horizontal></extensions>
</trkpt>
<trkpt lat="50.429207" lon="-104.575437">
<ele>557</ele>
<time>2026-09-10T18:02:54.308-06:00</time>
<extensions>
<gpxtpx:TrackPointExtension>
<gpxtpx:speed>5.66</gpxtpx:speed>
</gpxtpx:TrackPointExtension>
<opentracks:accuracy_horizontal>4.418</opentracks:accuracy_horizontal></extensions>
</trkpt>
<trkpt lat="50.429272" lon="-104.575559">
<ele>557.2</ele>
<time>2026-09-10T18:02:56.314-06:00</time>
<extensions>
<gpxtpx:TrackPointExtension>
<gpxtpx:speed>5.77</gpxtpx:speed>
</gpxtpx:TrackPointExtension>
<opentracks:accuracy_horizontal>4.344</opentracks:accuracy_horizontal></extensions>
</trkpt>
<trkpt lat="50.429336" lon="-104.5757">
<ele>558.2</ele>
<time>2026-09-10T18:02:58.314-06:00</time>
<extensions>
<gpxtpx:TrackPointExtension>
<gpxtpx:speed>5.96</gpxtpx:speed>
</gpxtpx:TrackPointExtension>
<opentracks:accuracy_horizontal>4.488</opentracks:accuracy_horizontal></extensions>
</trkpt>
<trkpt lat="50.429416" lon="-104.575865">
<ele>558.4</ele>
<time>2026-09-10T18:03:00.299-06:00</time>
<extensions>
<gpxtpx:TrackPointExtension>
<gpxtpx:speed>6.15</gpxtpx:speed>
</gpxtpx:TrackPointExtension>
<opentracks:accuracy_horizontal>4.307</opentracks:accuracy_horizontal></extensions>
</trkpt>
<trkpt lat="50.429505" lon="-104.575987">
<ele>558.2</ele>
<time>2026-09-10T18:03:02.306-06:00</time>
<extensions>
<gpxtpx:TrackPointExtension>
<gpxtpx:speed>6.1</gpxtpx:speed>
</gpxtpx:TrackPointExtension>
<opentracks:accuracy_horizontal>4.083</opentracks:accuracy_horizontal></extensions>
</trkpt>
<trkpt lat="50.429584" lon="-104.576107">
<ele>557.7</ele>
<time>2026-09-10T18:03:04.307-06:00</time>
<extensions>
<gpxtpx:TrackPointExtension>
<gpxtpx:speed>6.1</gpxtpx:speed>
</gpxtpx:TrackPointExtension>
<opentracks:accuracy_horizontal>4.083</opentracks:accuracy_horizontal></extensions>
</trkpt>
<trkpt lat="50.429664" lon="-104.576238">
<ele>557</ele>
<time>2026-09-10T18:03:06.309-06:00</time>
<extensions>
<gpxtpx:TrackPointExtension>
<gpxtpx:speed>6.25</gpxtpx:speed>
</gpxtpx:TrackPointExtension>
<opentracks:accuracy_horizontal>4.083</opentracks:accuracy_horizontal></extensions>
</trkpt>
<trkpt lat="50.429747" lon="-104.576368">
<ele>556.2</ele>
<time>2026-09-10T18:03:08.3-06:00</time>
<extensions>
<gpxtpx:TrackPointExtension>
<gpxtpx:speed>6.36</gpxtpx:speed>
</gpxtpx:TrackPointExtension>
<opentracks:accuracy_horizontal>4.083</opentracks:accuracy_horizontal></extensions>
</trkpt>
<trkpt lat="50.429831" lon="-104.576509">
<ele>555.9</ele>
<time>2026-09-10T18:03:10.309-06:00</time>
<extensions>
<gpxtpx:TrackPointExtension>
<gpxtpx:speed>6.37</gpxtpx:speed>
</gpxtpx:TrackPointExtension>
<opentracks:accuracy_horizontal>4.082</opentracks:accuracy_horizontal></extensions>
</trkpt>
<trkpt lat="50.429906" lon="-104.576646">
<ele>554.9</ele>
<time>2026-09-10T18:03:12.325-06:00</time>
<extensions>
<gpxtpx:TrackPointExtension>
<gpxtpx:speed>6.01</gpxtpx:speed>
</gpxtpx:TrackPointExtension>
<opentracks:accuracy_horizontal>4.082</opentracks:accuracy_horizontal></extensions>
</trkpt>
<trkpt lat="50.429969" lon="-104.576772">
<ele>554.7</ele>
<time>2026-09-10T18:03:14.307-06:00</time>
<extensions>
<gpxtpx:TrackPointExtension>
<gpxtpx:speed>5.52</gpxtpx:speed>
</gpxtpx:TrackPointExtension>
<opentracks:accuracy_horizontal>4.209</opentracks:accuracy_horizontal></extensions>
</trkpt>
<trkpt lat="50.430035" lon="-104.576881">
<ele>554.7</ele>
<time>2026-09-10T18:03:16.314-06:00</time>
<extensions>
<gpxtpx:TrackPointExtension>
<gpxtpx:speed>5.42</gpxtpx:speed>
</gpxtpx:TrackPointExtension>
<opentracks:accuracy_horizontal>4.208</opentracks:accuracy_horizontal></extensions>
</trkpt>
<trkpt lat="50.430109" lon="-104.576991">
<ele>554.3</ele>
<time>2026-09-10T18:03:18.311-06:00</time>
<extensions>
<gpxtpx:TrackPointExtension>
<gpxtpx:speed>5.53</gpxtpx:speed>
</gpxtpx:TrackPointExtension>
<opentracks:accuracy_horizontal>4.208</opentracks:accuracy_horizontal></extensions>
</trkpt>
<trkpt lat="50.430188" lon="-104.577121">
<ele>554.7</ele>
<time>2026-09-10T18:03:20.314-06:00</time>
<extensions>
<gpxtpx:TrackPointExtension>
<gpxtpx:speed>6.17</gpxtpx:speed>
</gpxtpx:TrackPointExtension>
<opentracks:accuracy_horizontal>4.179</opentracks:accuracy_horizontal></extensions>
</trkpt>
<trkpt lat="50.430261" lon="-104.57726">
<ele>554.8</ele>
<time>2026-09-10T18:03:22.31-06:00</time>
<extensions>
<gpxtpx:TrackPointExtension>
<gpxtpx:speed>6.07</gpxtpx:speed>
</gpxtpx:TrackPointExtension>
<opentracks:accuracy_horizontal>4.309</opentracks:accuracy_horizontal></extensions>
</trkpt>
<trkpt lat="50.430327" lon="-104.577391">
<ele>555.2</ele>
<time>2026-09-10T18:03:24.303-06:00</time>
<extensions>
<gpxtpx:TrackPointExtension>
<gpxtpx:speed>5.88</gpxtpx:speed>
</gpxtpx:TrackPointExtension>
<opentracks:accuracy_horizontal>4.523</opentracks:accuracy_horizontal></extensions>
</trkpt>
<trkpt lat="50.43039" lon="-104.577529">
<ele>555.8</ele>
<time>2026-09-10T18:03:26.304-06:00</time>
<extensions>
<gpxtpx:TrackPointExtension>
<gpxtpx:speed>6.21</gpxtpx:speed>
</gpxtpx:TrackPointExtension>
<opentracks:accuracy_horizontal>4.9</opentracks:accuracy_horizontal></extensions>
</trkpt>
<trkpt lat="50.430456" lon="-104.577668">
<ele>556.8</ele>
<time>2026-09-10T18:03:28.311-06:00</time>
<extensions>
<gpxtpx:TrackPointExtension>
<gpxtpx:speed>5.91</gpxtpx:speed>
</gpxtpx:TrackPointExtension>
<opentracks:accuracy_horizontal>4.788</opentracks:accuracy_horizontal></extensions>
</trkpt>
<trkpt lat="50.430535" lon="-104.577789">
<ele>557</ele>
<time>2026-09-10T18:03:30.312-06:00</time>
<extensions>
<gpxtpx:TrackPointExtension>
<gpxtpx:speed>6</gpxtpx:speed>
</gpxtpx:TrackPointExtension>
<opentracks:accuracy_horizontal>4.68</opentracks:accuracy_horizontal></extensions>
</trkpt>
<trkpt lat="50.430613" lon="-104.577898">
<ele>556.4</ele>
<time>2026-09-10T18:03:32.313-06:00</time>
<extensions>
<gpxtpx:TrackPointExtension>
<gpxtpx:speed>5.66</gpxtpx:speed>
</gpxtpx:TrackPointExtension>
<opentracks:accuracy_horizontal>4.559</opentracks:accuracy_horizontal></extensions>
</trkpt>
<trkpt lat="50.430681" lon="-104.578033">
<ele>555.6</ele>
<time>2026-09-10T18:03:34.304-06:00</time>
<extensions>
<gpxtpx:TrackPointExtension>
<gpxtpx:speed>5.91</gpxtpx:speed>
</gpxtpx:TrackPointExtension>
<opentracks:accuracy_horizontal>4.482</opentracks:accuracy_horizontal></extensions>
</trkpt>
<trkpt lat="50.430759" lon="-104.578169">
<ele>556.2</ele>
<time>2026-09-10T18:03:36.315-06:00</time>
<extensions>
<gpxtpx:TrackPointExtension>
<gpxtpx:speed>6.09</gpxtpx:speed>
</gpxtpx:TrackPointExtension>
<opentracks:accuracy_horizontal>4.606</opentracks:accuracy_horizontal></extensions>
</trkpt>
<trkpt lat="50.430839" lon="-104.578293">
<ele>556.2</ele>
<time>2026-09-10T18:03:38.31-06:00</time>
<extensions>
<gpxtpx:TrackPointExtension>
<gpxtpx:speed>6.13</gpxtpx:speed>
</gpxtpx:TrackPointExtension>
<opentracks:accuracy_horizontal>4.863</opentracks:accuracy_horizontal></extensions>
</trkpt>
<trkpt lat="50.43092" lon="-104.578412">
<ele>557.5</ele>
<time>2026-09-10T18:03:40.291-06:00</time>
<extensions>
<gpxtpx:TrackPointExtension>
<gpxtpx:speed>5.91</gpxtpx:speed>
</gpxtpx:TrackPointExtension>
<opentracks:accuracy_horizontal>4.848</opentracks:accuracy_horizontal></extensions>
</trkpt>
<trkpt lat="50.431015" lon="-104.578502">
<ele>558.8</ele>
<time>2026-09-10T18:03:42.317-06:00</time>
<extensions>
<gpxtpx:TrackPointExtension>
<gpxtpx:speed>5.72</gpxtpx:speed>
</gpxtpx:TrackPointExtension>
<opentracks:accuracy_horizontal>4.662</opentracks:accuracy_horizontal></extensions>
</trkpt>
<trkpt lat="50.43112" lon="-104.578554">
<ele>559.3</ele>
<time>2026-09-10T18:03:44.311-06:00</time>
<extensions>
<gpxtpx:TrackPointExtension>
<gpxtpx:speed>5.6</gpxtpx:speed>
</gpxtpx:TrackPointExtension>
<opentracks:accuracy_horizontal>4.538</opentracks:accuracy_horizontal></extensions>
</trkpt>
<trkpt lat="50.431228" lon="-104.578581">
<ele>559.5</ele>
<time>2026-09-10T18:03:46.319-06:00</time>
<extensions>
<gpxtpx:TrackPointExtension>
<gpxtpx:speed>5.47</gpxtpx:speed>
</gpxtpx:TrackPointExtension>
<opentracks:accuracy_horizontal>4.451</opentracks:accuracy_horizontal></extensions>
</trkpt>
<trkpt lat="50.431333" lon="-104.578565">
<ele>559.4</ele>
<time>2026-09-10T18:03:48.293-06:00</time>
<extensions>
<gpxtpx:TrackPointExtension>
<gpxtpx:speed>5.29</gpxtpx:speed>
</gpxtpx:TrackPointExtension>
<opentracks:accuracy_horizontal>4.662</opentracks:accuracy_horizontal></extensions>
</trkpt>
<trkpt lat="50.431436" lon="-104.57855">
<ele>559.9</ele>
<time>2026-09-10T18:03:50.306-06:00</time>
<extensions>
<gpxtpx:TrackPointExtension>
<gpxtpx:speed>5.16</gpxtpx:speed>
</gpxtpx:TrackPointExtension>
<opentracks:accuracy_horizontal>4.954</opentracks:accuracy_horizontal></extensions>
</trkpt>
<trkpt lat="50.431545" lon="-104.578559">
<ele>560.3</ele>
<time>2026-09-10T18:03:53.31-06:00</time>
<extensions>
<gpxtpx:TrackPointExtension>
<gpxtpx:speed>4.01</gpxtpx:speed>
</gpxtpx:TrackPointExtension>
<opentracks:accuracy_horizontal>4.88</opentracks:accuracy_horizontal></extensions>
</trkpt>
<trkpt lat="50.431627" lon="-104.578702">
<ele>559.4</ele>
<time>2026-09-10T18:03:56.311-06:00</time>
<extensions>
<gpxtpx:TrackPointExtension>
<gpxtpx:speed>5.51</gpxtpx:speed>
</gpxtpx:TrackPointExtension>
<opentracks:accuracy_horizontal>4.645</opentracks:accuracy_horizontal></extensions>
</trkpt>
<trkpt lat="50.431663" lon="-104.578842">
<ele>559</ele>
<time>2026-09-10T18:03:58.318-06:00</time>
<extensions>
<gpxtpx:TrackPointExtension>
<gpxtpx:speed>5.49</gpxtpx:speed>
</gpxtpx:TrackPointExtension>
<opentracks:accuracy_horizontal>4.611</opentracks:accuracy_horizontal></extensions>
</trkpt>
<trkpt lat="50.431686" lon="-104.579">
<ele>558.1</ele>
<time>2026-09-10T18:04:00.288-06:00</time>
<extensions>
<gpxtpx:TrackPointExtension>
<gpxtpx:speed>5.65</gpxtpx:speed>
</gpxtpx:TrackPointExtension>
<opentracks:accuracy_horizontal>4.379</opentracks:accuracy_horizontal></extensions>
</trkpt>
<trkpt lat="50.431705" lon="-104.579167">
<ele>559.5</ele>
<time>2026-09-10T18:04:02.303-06:00</time>
<extensions>
<gpxtpx:TrackPointExtension>
<gpxtpx:speed>6.03</gpxtpx:speed>
</gpxtpx:TrackPointExtension>
<opentracks:accuracy_horizontal>4.234</opentracks:accuracy_horizontal></extensions>
</trkpt>
<trkpt lat="50.431699" lon="-104.579335">
<ele>559.1</ele>
<time>2026-09-10T18:04:04.313-06:00</time>
<extensions>
<gpxtpx:TrackPointExtension>
<gpxtpx:speed>6.16</gpxtpx:speed>
</gpxtpx:TrackPointExtension>
<opentracks:accuracy_horizontal>4.386</opentracks:accuracy_horizontal></extensions>
</trkpt>
<trkpt lat="50.43169" lon="-104.579486">
<ele>558.7</ele>
<time>2026-09-10T18:04:06.316-06:00</time>
<extensions>
<gpxtpx:TrackPointExtension>
<gpxtpx:speed>6.14</gpxtpx:speed>
</gpxtpx:TrackPointExtension>
<opentracks:accuracy_horizontal>4.843</opentracks:accuracy_horizontal></extensions>
</trkpt>
<trkpt lat="50.431671" lon="-104.579659">
<ele>558.2</ele>
<time>2026-09-10T18:04:08.315-06:00</time>
<extensions>
<gpxtpx:TrackPointExtension>
<gpxtpx:speed>6.21</gpxtpx:speed>
</gpxtpx:TrackPointExtension>
<opentracks:accuracy_horizontal>4.521</opentracks:accuracy_horizontal></extensions>
</trkpt>
<trkpt lat="50.431661" lon="-104.579842">
<ele>557.1</ele>
<time>2026-09-10T18:04:10.311-06:00</time>
<extensions>
<gpxtpx:TrackPointExtension>
<gpxtpx:speed>6.13</gpxtpx:speed>
</gpxtpx:TrackPointExtension>
<opentracks:accuracy_horizontal>4.252</opentracks:accuracy_horizontal></extensions>
</trkpt>
<trkpt lat="50.431661" lon="-104.580012">
<ele>556</ele>
<time>2026-09-10T18:04:12.312-06:00</time>
<extensions>
<gpxtpx:TrackPointExtension>
<gpxtpx:speed>5.87</gpxtpx:speed>
</gpxtpx:TrackPointExtension>
<opentracks:accuracy_horizontal>4.242</opentracks:accuracy_horizontal></extensions>
</trkpt>
<trkpt lat="50.431661" lon="-104.580175">
<ele>555.8</ele>
<time>2026-09-10T18:04:14.313-06:00</time>
<extensions>
<gpxtpx:TrackPointExtension>
<gpxtpx:speed>5.86</gpxtpx:speed>
</gpxtpx:TrackPointExtension>
<opentracks:accuracy_horizontal>4.462</opentracks:accuracy_horizontal></extensions>
</trkpt>
<trkpt lat="50.431656" lon="-104.580344">
<ele>555.9</ele>
<time>2026-09-10T18:04:16.31-06:00</time>
<extensions>
<gpxtpx:TrackPointExtension>
<gpxtpx:speed>5.91</gpxtpx:speed>
</gpxtpx:TrackPointExtension>
<opentracks:accuracy_horizontal>4.569</opentracks:accuracy_horizontal></extensions>
</trkpt>
<trkpt lat="50.431648" lon="-104.580529">
<ele>556.7</ele>
<time>2026-09-10T18:04:18.319-06:00</time>
<extensions>
<gpxtpx:TrackPointExtension>
<gpxtpx:speed>6.11</gpxtpx:speed>
</gpxtpx:TrackPointExtension>
<opentracks:accuracy_horizontal>4.528</opentracks:accuracy_horizontal></extensions>
</trkpt>
<trkpt lat="50.431642" lon="-104.580706">
<ele>556.6</ele>
<time>2026-09-10T18:04:20.321-06:00</time>
<extensions>
<gpxtpx:TrackPointExtension>
<gpxtpx:speed>5.94</gpxtpx:speed>
</gpxtpx:TrackPointExtension>
<opentracks:accuracy_horizontal>4.597</opentracks:accuracy_horizontal></extensions>
</trkpt>
<trkpt lat="50.431642" lon="-104.580875">
<ele>555.6</ele>
<time>2026-09-10T18:04:22.298-06:00</time>
<extensions>
<gpxtpx:TrackPointExtension>
<gpxtpx:speed>5.84</gpxtpx:speed>
</gpxtpx:TrackPointExtension>
<opentracks:accuracy_horizontal>4.371</opentracks:accuracy_horizontal></extensions>
</trkpt>
<trkpt lat="50.43164" lon="-104.581032">
<ele>555.1</ele>
<time>2026-09-10T18:04:24.31-06:00</time>
<extensions>
<gpxtpx:TrackPointExtension>
<gpxtpx:speed>5.7</gpxtpx:speed>
</gpxtpx:TrackPointExtension>
<opentracks:accuracy_horizontal>4.22</opentracks:accuracy_horizontal></extensions>
</trkpt>
<trkpt lat="50.431639" lon="-104.5812">
<ele>555.5</ele>
<time>2026-09-10T18:04:26.312-06:00</time>
<extensions>
<gpxtpx:TrackPointExtension>
<gpxtpx:speed>5.58</gpxtpx:speed>
</gpxtpx:TrackPointExtension>
<opentracks:accuracy_horizontal>4.198</opentracks:accuracy_horizontal></extensions>
</trkpt>
<trkpt lat="50.431646" lon="-104.581348">
<ele>555.6</ele>
<time>2026-09-10T18:04:28.294-06:00</time>
<extensions>
<gpxtpx:TrackPointExtension>
<gpxtpx:speed>5.46</gpxtpx:speed>
</gpxtpx:TrackPointExtension>
<opentracks:accuracy_horizontal>4.434</opentracks:accuracy_horizontal></extensions>
</trkpt>
<trkpt lat="50.43165" lon="-104.581508">
<ele>555.1</ele>
<time>2026-09-10T18:04:30.297-06:00</time>
<extensions>
<gpxtpx:TrackPointExtension>
<gpxtpx:speed>5.64</gpxtpx:speed>
</gpxtpx:TrackPointExtension>
<opentracks:accuracy_horizontal>4.722</opentracks:accuracy_horizontal></extensions>
</trkpt>
<trkpt lat="50.431647" lon="-104.581681">
<ele>555.2</ele>
<time>2026-09-10T18:04:32.313-06:00</time>
<extensions>
<gpxtpx:TrackPointExtension>
<gpxtpx:speed>5.82</gpxtpx:speed>
</gpxtpx:TrackPointExtension>
<opentracks:accuracy_horizontal>4.532</opentracks:accuracy_horizontal></extensions>
</trkpt>
<trkpt lat="50.431652" lon="-104.58186">
<ele>555.1</ele>
<time>2026-09-10T18:04:34.303-06:00</time>
<extensions>
<gpxtpx:TrackPointExtension>
<gpxtpx:speed>6.22</gpxtpx:speed>
</gpxtpx:TrackPointExtension>
<opentracks:accuracy_horizontal>4.482</opentracks:accuracy_horizontal></extensions>
</trkpt>
<trkpt lat="50.431663" lon="-104.582046">
<ele>554.2</ele>
<time>2026-09-10T18:04:36.303-06:00</time>
<extensions>
<gpxtpx:TrackPointExtension>
<gpxtpx:speed>6.26</gpxtpx:speed>
</gpxtpx:TrackPointExtension>
<opentracks:accuracy_horizontal>4.595</opentracks:accuracy_horizontal></extensions>
</trkpt>
<trkpt lat="50.431661" lon="-104.582215">
<ele>554.2</ele>
<time>2026-09-10T18:04:38.301-06:00</time>
<extensions>
<gpxtpx:TrackPointExtension>
<gpxtpx:speed>5.56</gpxtpx:speed>
</gpxtpx:TrackPointExtension>
<opentracks:accuracy_horizontal>4.635</opentracks:accuracy_horizontal></extensions>
</trkpt>
<trkpt lat="50.431656" lon="-104.582357">
<ele>553.8</ele>
<time>2026-09-10T18:04:40.309-06:00</time>
<extensions>
<gpxtpx:TrackPointExtension>
<gpxtpx:speed>5.47</gpxtpx:speed>
</gpxtpx:TrackPointExtension>
<opentracks:accuracy_horizontal>4.568</opentracks:accuracy_horizontal></extensions>
</trkpt>
<trkpt lat="50.431655" lon="-104.58253">
<ele>553.5</ele>
<time>2026-09-10T18:04:42.309-06:00</time>
<extensions>
<gpxtpx:TrackPointExtension>
<gpxtpx:speed>5.7</gpxtpx:speed>
</gpxtpx:TrackPointExtension>
<opentracks:accuracy_horizontal>4.665</opentracks:accuracy_horizontal></extensions>
</trkpt>
<trkpt lat="50.43166" lon="-104.582698">
<ele>553</ele>
<time>2026-09-10T18:04:44.319-06:00</time>
<extensions>
<gpxtpx:TrackPointExtension>
<gpxtpx:speed>5.83</gpxtpx:speed>
</gpxtpx:TrackPointExtension>
<opentracks:accuracy_horizontal>4.556</opentracks:accuracy_horizontal></extensions>
</trkpt>
<trkpt lat="50.431663" lon="-104.58287">
<ele>552.8</ele>
<time>2026-09-10T18:04:46.306-06:00</time>
<extensions>
<gpxtpx:TrackPointExtension>
<gpxtpx:speed>5.71</gpxtpx:speed>
</gpxtpx:TrackPointExtension>
<opentracks:accuracy_horizontal>4.454</opentracks:accuracy_horizontal></extensions>
</trkpt>
<trkpt lat="50.431668" lon="-104.583022">
<ele>552.7</ele>
<time>2026-09-10T18:04:48.299-06:00</time>
<extensions>
<gpxtpx:TrackPointExtension>
<gpxtpx:speed>5.21</gpxtpx:speed>
</gpxtpx:TrackPointExtension>
<opentracks:accuracy_horizontal>4.305</opentracks:accuracy_horizontal></extensions>
</trkpt>
<trkpt lat="50.431673" lon="-104.583205">
<ele>552.2</ele>
<time>2026-09-10T18:04:51.297-06:00</time>
<extensions>
<gpxtpx:TrackPointExtension>
<gpxtpx:speed>3.62</gpxtpx:speed>
</gpxtpx:TrackPointExtension>
<opentracks:accuracy_horizontal>4.285</opentracks:accuracy_horizontal></extensions>
</trkpt>
<trkpt lat="50.43166" lon="-104.58339">
<ele>552.6</ele>
<time>2026-09-10T18:04:55.328-06:00</time>
<extensions>
<gpxtpx:TrackPointExtension>
<gpxtpx:speed>3.24</gpxtpx:speed>
</gpxtpx:TrackPointExtension>
<opentracks:accuracy_horizontal>4.544</opentracks:accuracy_horizontal></extensions>
</trkpt>
<trkpt lat="50.431686" lon="-104.583585">
<ele>552.9</ele>
<time>2026-09-10T18:04:59.301-06:00</time>
<extensions>
<gpxtpx:TrackPointExtension>
<gpxtpx:speed>3.17</gpxtpx:speed>
</gpxtpx:TrackPointExtension>
<opentracks:accuracy_horizontal>4.071</opentracks:accuracy_horizontal></extensions>
</trkpt>
<trkpt lat="50.43176" lon="-104.583721">
<ele>554.1</ele>
<time>2026-09-10T18:05:03.293-06:00</time>
<extensions>
<gpxtpx:TrackPointExtension>
<gpxtpx:speed>3.5</gpxtpx:speed>
</gpxtpx:TrackPointExtension>
<opentracks:accuracy_horizontal>4.415</opentracks:accuracy_horizontal></extensions>
</trkpt>
<trkpt lat="50.4319" lon="-104.583702">
<ele>554.7</ele>
<time>2026-09-10T18:05:06.319-06:00</time>
<extensions>
<gpxtpx:TrackPointExtension>
<gpxtpx:speed>4.8</gpxtpx:speed>
</gpxtpx:TrackPointExtension>
<opentracks:accuracy_horizontal>4.387</opentracks:accuracy_horizontal></extensions>
</trkpt>
<trkpt lat="50.431997" lon="-104.583609">
<ele>554</ele>
<time>2026-09-10T18:05:08.32-06:00</time>
<extensions>
<gpxtpx:TrackPointExtension>
<gpxtpx:speed>5</gpxtpx:speed>
</gpxtpx:TrackPointExtension>
<opentracks:accuracy_horizontal>4.105</opentracks:accuracy_horizontal></extensions>
</trkpt>
<trkpt lat="50.432089" lon="-104.583578">
<ele>553.9</ele>
<time>2026-09-10T18:05:10.307-06:00</time>
<extensions>
<gpxtpx:TrackPointExtension>
<gpxtpx:speed>5.43</gpxtpx:speed>
</gpxtpx:TrackPointExtension>
<opentracks:accuracy_horizontal>4.445</opentracks:accuracy_horizontal></extensions>
</trkpt>
<trkpt lat="50.432186" lon="-104.583592">
<ele>553.6</ele>
<time>2026-09-10T18:05:12.294-06:00</time>
<extensions>
<gpxtpx:TrackPointExtension>
<gpxtpx:speed>5.25</gpxtpx:speed>
</gpxtpx:TrackPointExtension>
<opentracks:accuracy_horizontal>4.524</opentracks:accuracy_horizontal></extensions>
</trkpt>
<trkpt lat="50.432279" lon="-104.583596">
<ele>553.9</ele>
<time>2026-09-10T18:05:14.316-06:00</time>
<extensions>
<gpxtpx:TrackPointExtension>
<gpxtpx:speed>5.33</gpxtpx:speed>
</gpxtpx:TrackPointExtension>
<opentracks:accuracy_horizontal>4.37</opentracks:accuracy_horizontal></extensions>
</trkpt>
<trkpt lat="50.432379" lon="-104.583595">
<ele>553.3</ele>
<time>2026-09-10T18:05:16.319-06:00</time>
<extensions>
<gpxtpx:TrackPointExtension>
<gpxtpx:speed>5.9</gpxtpx:speed>
</gpxtpx:TrackPointExtension>
<opentracks:accuracy_horizontal>4.391</opentracks:accuracy_horizontal></extensions>
</trkpt>
<trkpt lat="50.432484" lon="-104.583607">
<ele>552.5</ele>
<time>2026-09-10T18:05:18.337-06:00</time>
<extensions>
<gpxtpx:TrackPointExtension>
<gpxtpx:speed>6.02</gpxtpx:speed>
</gpxtpx:TrackPointExtension>
<opentracks:accuracy_horizontal>4.248</opentracks:accuracy_horizontal></extensions>
</trkpt>
<trkpt lat="50.432592" lon="-104.583619">
<ele>552.8</ele>
<time>2026-09-10T18:05:20.298-06:00</time>
<extensions>
<gpxtpx:TrackPointExtension>
<gpxtpx:speed>6.09</gpxtpx:speed>
</gpxtpx:TrackPointExtension>
<opentracks:accuracy_horizontal>4.161</opentracks:accuracy_horizontal></extensions>
</trkpt>
<trkpt lat="50.432701" lon="-104.583624">
<ele>553</ele>
<time>2026-09-10T18:05:22.314-06:00</time>
<extensions>
<gpxtpx:TrackPointExtension>
<gpxtpx:speed>5.93</gpxtpx:speed>
</gpxtpx:TrackPointExtension>
<opentracks:accuracy_horizontal>4.133</opentracks:accuracy_horizontal></extensions>
</trkpt>
<trkpt lat="50.432799" lon="-104.583636">
<ele>553.7</ele>
<time>2026-09-10T18:05:24.313-06:00</time>
<extensions>
<gpxtpx:TrackPointExtension>
<gpxtpx:speed>4.9</gpxtpx:speed>
</gpxtpx:TrackPointExtension>
<opentracks:accuracy_horizontal>4.068</opentracks:accuracy_horizontal></extensions>
</trkpt>
<trkpt lat="50.432918" lon="-104.583642">
<ele>554.9</ele>
<time>2026-09-10T18:05:27.312-06:00</time>
<extensions>
<gpxtpx:TrackPointExtension>
<gpxtpx:speed>4.31</gpxtpx:speed>
</gpxtpx:TrackPointExtension>
<opentracks:accuracy_horizontal>4.067</opentracks:accuracy_horizontal></extensions>
</trkpt>
<trkpt lat="50.433041" lon="-104.58363">
<ele>555.2</ele>
<time>2026-09-10T18:05:30.311-06:00</time>
<extensions>
<gpxtpx:TrackPointExtension>
<gpxtpx:speed>5.16</gpxtpx:speed>
</gpxtpx:TrackPointExtension>
<opentracks:accuracy_horizontal>4.067</opentracks:accuracy_horizontal></extensions>
</trkpt>
<trkpt lat="50.433139" lon="-104.583682">
<ele>555.2</ele>
<time>2026-09-10T18:05:32.306-06:00</time>
<extensions>
<gpxtpx:TrackPointExtension>
<gpxtpx:speed>5.99</gpxtpx:speed>
</gpxtpx:TrackPointExtension>
<opentracks:accuracy_horizontal>4.2</opentracks:accuracy_horizontal></extensions>
</trkpt>
<trkpt lat="50.433211" lon="-104.583824">
<ele>555</ele>
<time>2026-09-10T18:05:34.297-06:00</time>
<extensions>
<gpxtpx:TrackPointExtension>
<gpxtpx:speed>6.02</gpxtpx:speed>
</gpxtpx:TrackPointExtension>
<opentracks:accuracy_horizontal>4.285</opentracks:accuracy_horizontal></extensions>
</trkpt>
<trkpt lat="50.433265" lon="-104.583979">
<ele>554.9</ele>
<time>2026-09-10T18:05:36.31-06:00</time>
<extensions>
<gpxtpx:TrackPointExtension>
<gpxtpx:speed>5.83</gpxtpx:speed>
</gpxtpx:TrackPointExtension>
<opentracks:accuracy_horizontal>4.243</opentracks:accuracy_horizontal></extensions>
</trkpt>
<trkpt lat="50.433279" lon="-104.584152">
<ele>555.7</ele>
<time>2026-09-10T18:05:38.321-06:00</time>
<extensions>
<gpxtpx:TrackPointExtension>
<gpxtpx:speed>6.02</gpxtpx:speed>
</gpxtpx:TrackPointExtension>
<opentracks:accuracy_horizontal>4.205</opentracks:accuracy_horizontal></extensions>
</trkpt>
<trkpt lat="50.433263" lon="-104.584323">
<ele>555</ele>
<time>2026-09-10T18:05:40.316-06:00</time>
<extensions>
<gpxtpx:TrackPointExtension>
<gpxtpx:speed>6.25</gpxtpx:speed>
</gpxtpx:TrackPointExtension>
<opentracks:accuracy_horizontal>3.958</opentracks:accuracy_horizontal></extensions>
</trkpt>
<trkpt lat="50.433261" lon="-104.584496">
<ele>554.5</ele>
<time>2026-09-10T18:05:42.303-06:00</time>
<extensions>
<gpxtpx:TrackPointExtension>
<gpxtpx:speed>6.2</gpxtpx:speed>
</gpxtpx:TrackPointExtension>
<opentracks:accuracy_horizontal>3.842</opentracks:accuracy_horizontal></extensions>
</trkpt>
<trkpt lat="50.433267" lon="-104.584679">
<ele>555</ele>
<time>2026-09-10T18:05:44.305-06:00</time>
<extensions>
<gpxtpx:TrackPointExtension>
<gpxtpx:speed>6.16</gpxtpx:speed>
</gpxtpx:TrackPointExtension>
<opentracks:accuracy_horizontal>4.17</opentracks:accuracy_horizontal></extensions>
</trkpt>
<trkpt lat="50.433286" lon="-104.584857">
<ele>556.3</ele>
<time>2026-09-10T18:05:46.319-06:00</time>
<extensions>
<gpxtpx:TrackPointExtension>
<gpxtpx:speed>6.38</gpxtpx:speed>
</gpxtpx:TrackPointExtension>
<opentracks:accuracy_horizontal>3.881</opentracks:accuracy_horizontal></extensions>
</trkpt>
<trkpt lat="50.433321" lon="-104.585038">
<ele>556.9</ele>
<time>2026-09-10T18:05:48.31-06:00</time>
<extensions>
<gpxtpx:TrackPointExtension>
<gpxtpx:speed>6.92</gpxtpx:speed>
</gpxtpx:TrackPointExtension>
<opentracks:accuracy_horizontal>3.841</opentracks:accuracy_horizontal></extensions>
</trkpt>
<trkpt lat="50.433378" lon="-104.585206">
<ele>557.2</ele>
<time>2026-09-10T18:05:50.304-06:00</time>
<extensions>
<gpxtpx:TrackPointExtension>
<gpxtpx:speed>6.57</gpxtpx:speed>
</gpxtpx:TrackPointExtension>
<opentracks:accuracy_horizontal>3.841</opentracks:accuracy_horizontal></extensions>
</trkpt>
<trkpt lat="50.433438" lon="-104.585364">
<ele>557.2</ele>
<time>2026-09-10T18:05:52.31-06:00</time>
<extensions>
<gpxtpx:TrackPointExtension>
<gpxtpx:speed>6.81</gpxtpx:speed>
</gpxtpx:TrackPointExtension>
<opentracks:accuracy_horizontal>3.887</opentracks:accuracy_horizontal></extensions>
</trkpt>
<trkpt lat="50.433505" lon="-104.58553">
<ele>557.7</ele>
<time>2026-09-10T18:05:54.304-06:00</time>
<extensions>
<gpxtpx:TrackPointExtension>
<gpxtpx:speed>7.08</gpxtpx:speed>
</gpxtpx:TrackPointExtension>
<opentracks:accuracy_horizontal>3.841</opentracks:accuracy_horizontal></extensions>
</trkpt>
<trkpt lat="50.433581" lon="-104.585685">
<ele>557.8</ele>
<time>2026-09-10T18:05:56.308-06:00</time>
<extensions>
<gpxtpx:TrackPointExtension>
<gpxtpx:speed>6.58</gpxtpx:speed>
</gpxtpx:TrackPointExtension>
<opentracks:accuracy_horizontal>3.841</opentracks:accuracy_horizontal></extensions>
</trkpt>
<trkpt lat="50.433649" lon="-104.585833">
<ele>558.1</ele>
<time>2026-09-10T18:05:58.294-06:00</time>
<extensions>
<gpxtpx:TrackPointExtension>
<gpxtpx:speed>6.51</gpxtpx:speed>
</gpxtpx:TrackPointExtension>
<opentracks:accuracy_horizontal>3.861</opentracks:accuracy_horizontal></extensions>
</trkpt>
<trkpt lat="50.433718" lon="-104.585977">
<ele>558.3</ele>
<time>2026-09-10T18:06:00.301-06:00</time>
<extensions>
<gpxtpx:TrackPointExtension>
<gpxtpx:speed>6.85</gpxtpx:speed>
</gpxtpx:TrackPointExtension>
<opentracks:accuracy_horizontal>3.841</opentracks:accuracy_horizontal></extensions>
</trkpt>
<trkpt lat="50.433811" lon="-104.586098">
<ele>558.9</ele>
<time>2026-09-10T18:06:02.291-06:00</time>
<extensions>
<gpxtpx:TrackPointExtension>
<gpxtpx:speed>6.51</gpxtpx:speed>
</gpxtpx:TrackPointExtension>
<opentracks:accuracy_horizontal>3.841</opentracks:accuracy_horizontal></extensions>
</trkpt>
<trkpt lat="50.433897" lon="-104.586229">
<ele>558.7</ele>
<time>2026-09-10T18:06:04.313-06:00</time>
<extensions>
<gpxtpx:TrackPointExtension>
<gpxtpx:speed>6.64</gpxtpx:speed>
</gpxtpx:TrackPointExtension>
<opentracks:accuracy_horizontal>4.254</opentracks:accuracy_horizontal></extensions>
</trkpt>
<trkpt lat="50.433982" lon="-104.586369">
<ele>558.1</ele>
<time>2026-09-10T18:06:06.313-06:00</time>
<extensions>
<gpxtpx:TrackPointExtension>
<gpxtpx:speed>6.74</gpxtpx:speed>
</gpxtpx:TrackPointExtension>
<opentracks:accuracy_horizontal>3.84</opentracks:accuracy_horizontal></extensions>
</trkpt>
<trkpt lat="50.434067" lon="-104.586497">
<ele>557.6</ele>
<time>2026-09-10T18:06:08.306-06:00</time>
<extensions>
<gpxtpx:TrackPointExtension>
<gpxtpx:speed>6.52</gpxtpx:speed>
</gpxtpx:TrackPointExtension>
<opentracks:accuracy_horizontal>3.854</opentracks:accuracy_horizontal></extensions>
</trkpt>
<trkpt lat="50.434146" lon="-104.586653">
<ele>558</ele>
<time>2026-09-10T18:06:10.318-06:00</time>
<extensions>
<gpxtpx:TrackPointExtension>
<gpxtpx:speed>6.84</gpxtpx:speed>
</gpxtpx:TrackPointExtension>
<opentracks:accuracy_horizontal>3.84</opentracks:accuracy_horizontal></extensions>
</trkpt>
<trkpt lat="50.43422" lon="-104.586811">
<ele>557.9</ele>
<time>2026-09-10T18:06:12.289-06:00</time>
<extensions>
<gpxtpx:TrackPointExtension>
<gpxtpx:speed>6.68</gpxtpx:speed>
</gpxtpx:TrackPointExtension>
<opentracks:accuracy_horizontal>3.84</opentracks:accuracy_horizontal></extensions>
</trkpt>
<trkpt lat="50.434292" lon="-104.586961">
<ele>557.5</ele>
<time>2026-09-10T18:06:14.301-06:00</time>
<extensions>
<gpxtpx:TrackPointExtension>
<gpxtpx:speed>6.78</gpxtpx:speed>
</gpxtpx:TrackPointExtension>
<opentracks:accuracy_horizontal>4.165</opentracks:accuracy_horizontal></extensions>
</trkpt>
<trkpt lat="50.434359" lon="-104.587131">
<ele>557</ele>
<time>2026-09-10T18:06:16.332-06:00</time>
<extensions>
<gpxtpx:TrackPointExtension>
<gpxtpx:speed>6.9</gpxtpx:speed>
</gpxtpx:TrackPointExtension>
<opentracks:accuracy_horizontal>3.849</opentracks:accuracy_horizontal></extensions>
</trkpt>
<trkpt lat="50.434411" lon="-104.587307">
<ele>556.5</ele>
<time>2026-09-10T18:06:18.308-06:00</time>
<extensions>
<gpxtpx:TrackPointExtension>
<gpxtpx:speed>6.74</gpxtpx:speed>
</gpxtpx:TrackPointExtension>
<opentracks:accuracy_horizontal>3.84</opentracks:accuracy_horizontal></extensions>
</trkpt>
<trkpt lat="50.434452" lon="-104.587492">
<ele>556.3</ele>
<time>2026-09-10T18:06:20.315-06:00</time>
<extensions>
<gpxtpx:TrackPointExtension>
<gpxtpx:speed>7.04</gpxtpx:speed>
</gpxtpx:TrackPointExtension>
<opentracks:accuracy_horizontal>3.84</opentracks:accuracy_horizontal></extensions>
</trkpt>
<trkpt lat="50.434489" lon="-104.587686">
<ele>556.1</ele>
<time>2026-09-10T18:06:22.312-06:00</time>
<extensions>
<gpxtpx:TrackPointExtension>
<gpxtpx:speed>6.97</gpxtpx:speed>
</gpxtpx:TrackPointExtension>
<opentracks:accuracy_horizontal>3.84</opentracks:accuracy_horizontal></extensions>
</trkpt>
<trkpt lat="50.43452" lon="-104.587885">
<ele>556.2</ele>
<time>2026-09-10T18:06:24.322-06:00</time>
<extensions>
<gpxtpx:TrackPointExtension>
<gpxtpx:speed>7.07</gpxtpx:speed>
</gpxtpx:TrackPointExtension>
<opentracks:accuracy_horizontal>3.87</opentracks:accuracy_horizontal></extensions>
</trkpt>
<trkpt lat="50.434536" lon="-104.588088">
<ele>556.4</ele>
<time>2026-09-10T18:06:26.316-06:00</time>
<extensions>
<gpxtpx:TrackPointExtension>
<gpxtpx:speed>7.13</gpxtpx:speed>
</gpxtpx:TrackPointExtension>
<opentracks:accuracy_horizontal>4.008</opentracks:accuracy_horizontal></extensions>
</trkpt>
<trkpt lat="50.434526" lon="-104.588306">
<ele>556.9</ele>
<time>2026-09-10T18:06:28.308-06:00</time>
<extensions>
<gpxtpx:TrackPointExtension>
<gpxtpx:speed>7.27</gpxtpx:speed>
</gpxtpx:TrackPointExtension>
<opentracks:accuracy_horizontal>3.847</opentracks:accuracy_horizontal></extensions>
</trkpt>
<trkpt lat="50.43452" lon="-104.588514">
<ele>556.7</ele>
<time>2026-09-10T18:06:30.308-06:00</time>
<extensions>
<gpxtpx:TrackPointExtension>
<gpxtpx:speed>7.13</gpxtpx:speed>
</gpxtpx:TrackPointExtension>
<opentracks:accuracy_horizontal>3.839</opentracks:accuracy_horizontal></extensions>
</trkpt>
<trkpt lat="50.434518" lon="-104.58871">
<ele>556.7</ele>
<time>2026-09-10T18:06:32.319-06:00</time>
<extensions>
<gpxtpx:TrackPointExtension>
<gpxtpx:speed>7.19</gpxtpx:speed>
</gpxtpx:TrackPointExtension>
<opentracks:accuracy_horizontal>3.874</opentracks:accuracy_horizontal></extensions>
</trkpt>
<trkpt lat="50.434517" lon="-104.588903">
<ele>556</ele>
<time>2026-09-10T18:06:34.308-06:00</time>
<extensions>
<gpxtpx:TrackPointExtension>
<gpxtpx:speed>7.01</gpxtpx:speed>
</gpxtpx:TrackPointExtension>
<opentracks:accuracy_horizontal>3.839</opentracks:accuracy_horizontal></extensions>
</trkpt>
<trkpt lat="50.434509" lon="-104.589096">
<ele>556</ele>
<time>2026-09-10T18:06:36.294-06:00</time>
<extensions>
<gpxtpx:TrackPointExtension>
<gpxtpx:speed>5.91</gpxtpx:speed>
</gpxtpx:TrackPointExtension>
<opentracks:accuracy_horizontal>3.839</opentracks:accuracy_horizontal></extensions>
</trkpt>
<trkpt lat="50.434524" lon="-104.589154">
<ele>555.4</ele>
<time>2026-09-10T18:06:46.295-06:00</time>
<extensions>
<gpxtpx:TrackPointExtension>
<gpxtpx:speed>0</gpxtpx:speed>
</gpxtpx:TrackPointExtension>
<opentracks:accuracy_horizontal>3.838</opentracks:accuracy_horizontal></extensions>
</trkpt>
<trkpt lat="50.434544" lon="-104.589336">
<ele>557.4</ele>
<time>2026-09-10T18:07:05.301-06:00</time>
<extensions>
<gpxtpx:TrackPointExtension>
<gpxtpx:speed>3.17</gpxtpx:speed>
</gpxtpx:TrackPointExtension>
<opentracks:accuracy_horizontal>3.856</opentracks:accuracy_horizontal></extensions>
</trkpt>
<trkpt lat="50.434543" lon="-104.589486">
<ele>556.4</ele>
<time>2026-09-10T18:07:08.32-06:00</time>
<extensions>
<gpxtpx:TrackPointExtension>
<gpxtpx:speed>3.77</gpxtpx:speed>
</gpxtpx:TrackPointExtension>
<opentracks:accuracy_horizontal>3.966</opentracks:accuracy_horizontal></extensions>
</trkpt>
<trkpt lat="50.434538" lon="-104.589706">
<ele>557</ele>
<time>2026-09-10T18:07:11.295-06:00</time>
<extensions>
<gpxtpx:TrackPointExtension>
<gpxtpx:speed>5.34</gpxtpx:speed>
</gpxtpx:TrackPointExtension>
<opentracks:accuracy_horizontal>3.878</opentracks:accuracy_horizontal></extensions>
</trkpt>
<trkpt lat="50.434529" lon="-104.589889">
<ele>557.2</ele>
<time>2026-09-10T18:07:13.312-06:00</time>
<extensions>
<gpxtpx:TrackPointExtension>
<gpxtpx:speed>6.11</gpxtpx:speed>
</gpxtpx:TrackPointExtension>
<opentracks:accuracy_horizontal>3.838</opentracks:accuracy_horizontal></extensions>
</trkpt>
<trkpt lat="50.43453" lon="-104.590081">
<ele>556.5</ele>
<time>2026-09-10T18:07:15.31-06:00</time>
<extensions>
<gpxtpx:TrackPointExtension>
<gpxtpx:speed>6.99</gpxtpx:speed>
</gpxtpx:TrackPointExtension>
<opentracks:accuracy_horizontal>3.877</opentracks:accuracy_horizontal></extensions>
</trkpt>
<trkpt lat="50.434527" lon="-104.5903">
<ele>555.9</ele>
<time>2026-09-10T18:07:17.308-06:00</time>
<extensions>
<gpxtpx:TrackPointExtension>
<gpxtpx:speed>7.89</gpxtpx:speed>
</gpxtpx:TrackPointExtension>
<opentracks:accuracy_horizontal>3.836</opentracks:accuracy_horizontal></extensions>
</trkpt>
<trkpt lat="50.43453" lon="-104.590509">
<ele>555.9</ele>
<time>2026-09-10T18:07:19.321-06:00</time>
<extensions>
<gpxtpx:TrackPointExtension>
<gpxtpx:speed>7.39</gpxtpx:speed>
</gpxtpx:TrackPointExtension>
<opentracks:accuracy_horizontal>3.836</opentracks:accuracy_horizontal></extensions>
</trkpt>
<trkpt lat="50.43453" lon="-104.590714">
<ele>557.1</ele>
<time>2026-09-10T18:07:21.291-06:00</time>
<extensions>
<gpxtpx:TrackPointExtension>
<gpxtpx:speed>7.38</gpxtpx:speed>
</gpxtpx:TrackPointExtension>
<opentracks:accuracy_horizontal>3.836</opentracks:accuracy_horizontal></extensions>
</trkpt>
<trkpt lat="50.43452" lon="-104.590937">
<ele>557</ele>
<time>2026-09-10T18:07:23.295-06:00</time>
<extensions>
<gpxtpx:TrackPointExtension>
<gpxtpx:speed>7.81</gpxtpx:speed>
</gpxtpx:TrackPointExtension>
<opentracks:accuracy_horizontal>3.836</opentracks:accuracy_horizontal></extensions>
</trkpt>
<trkpt lat="50.434513" lon="-104.591161">
<ele>556.8</ele>
<time>2026-09-10T18:07:25.311-06:00</time>
<extensions>
<gpxtpx:TrackPointExtension>
<gpxtpx:speed>7.51</gpxtpx:speed>
</gpxtpx:TrackPointExtension>
<opentracks:accuracy_horizontal>3.836</opentracks:accuracy_horizontal></extensions>
</trkpt>
<trkpt lat="50.434526" lon="-104.591374">
<ele>556.7</ele>
<time>2026-09-10T18:07:27.317-06:00</time>
<extensions>
<gpxtpx:TrackPointExtension>
<gpxtpx:speed>7.5</gpxtpx:speed>
</gpxtpx:TrackPointExtension>
<opentracks:accuracy_horizontal>3.836</opentracks:accuracy_horizontal></extensions>
</trkpt>
<trkpt lat="50.434532" lon="-104.591588">
<ele>556.5</ele>
<time>2026-09-10T18:07:29.316-06:00</time>
<extensions>
<gpxtpx:TrackPointExtension>
<gpxtpx:speed>7.82</gpxtpx:speed>
</gpxtpx:TrackPointExtension>
<opentracks:accuracy_horizontal>3.836</opentracks:accuracy_horizontal></extensions>
</trkpt>
<trkpt lat="50.43453" lon="-104.591807">
<ele>556.3</ele>
<time>2026-09-10T18:07:31.314-06:00</time>
<extensions>
<gpxtpx:TrackPointExtension>
<gpxtpx:speed>7.8</gpxtpx:speed>
</gpxtpx:TrackPointExtension>
<opentracks:accuracy_horizontal>3.836</opentracks:accuracy_horizontal></extensions>
</trkpt>
<trkpt lat="50.434524" lon="-104.592027">
<ele>556.2</ele>
<time>2026-09-10T18:07:33.308-06:00</time>
<extensions>
<gpxtpx:TrackPointExtension>
<gpxtpx:speed>7.97</gpxtpx:speed>
</gpxtpx:TrackPointExtension>
<opentracks:accuracy_horizontal>3.836</opentracks:accuracy_horizontal></extensions>
</trkpt>
<trkpt lat="50.434526" lon="-104.592261">
<ele>556.1</ele>
<time>2026-09-10T18:07:35.306-06:00</time>
<extensions>
<gpxtpx:TrackPointExtension>
<gpxtpx:speed>8.03</gpxtpx:speed>
</gpxtpx:TrackPointExtension>
<opentracks:accuracy_horizontal>3.835</opentracks:accuracy_horizontal></extensions>
</trkpt>
<trkpt lat="50.434523" lon="-104.592487">
<ele>555.9</ele>
<time>2026-09-10T18:07:37.316-06:00</time>
<extensions>
<gpxtpx:TrackPointExtension>
<gpxtpx:speed>8.07</gpxtpx:speed>
</gpxtpx:TrackPointExtension>
<opentracks:accuracy_horizontal>3.835</opentracks:accuracy_horizontal></extensions>
</trkpt>
<trkpt lat="50.434517" lon="-104.592719">
<ele>554.8</ele>
<time>2026-09-10T18:07:39.313-06:00</time>
<extensions>
<gpxtpx:TrackPointExtension>
<gpxtpx:speed>7.76</gpxtpx:speed>
</gpxtpx:TrackPointExtension>
<opentracks:accuracy_horizontal>3.835</opentracks:accuracy_horizontal></extensions>
</trkpt>
<trkpt lat="50.43453" lon="-104.592939">
<ele>555.9</ele>
<time>2026-09-10T18:07:41.313-06:00</time>
<extensions>
<gpxtpx:TrackPointExtension>
<gpxtpx:speed>7.58</gpxtpx:speed>
</gpxtpx:TrackPointExtension>
<opentracks:accuracy_horizontal>3.835</opentracks:accuracy_horizontal></extensions>
</trkpt>
<trkpt lat="50.434528" lon="-104.593174">
<ele>556.4</ele>
<time>2026-09-10T18:07:43.303-06:00</time>
<extensions>
<gpxtpx:TrackPointExtension>
<gpxtpx:speed>8.13</gpxtpx:speed>
</gpxtpx:TrackPointExtension>
<opentracks:accuracy_horizontal>4.149</opentracks:accuracy_horizontal></extensions>
</trkpt>
<trkpt lat="50.434518" lon="-104.5934">
<ele>555.9</ele>
<time>2026-09-10T18:07:45.322-06:00</time>
<extensions>
<gpxtpx:TrackPointExtension>
<gpxtpx:speed>7.55</gpxtpx:speed>
</gpxtpx:TrackPointExtension>
<opentracks:accuracy_horizontal>3.835</opentracks:accuracy_horizontal></extensions>
</trkpt>
<trkpt lat="50.434523" lon="-104.593608">
<ele>555.4</ele>
<time>2026-09-10T18:07:47.305-06:00</time>
<extensions>
<gpxtpx:TrackPointExtension>
<gpxtpx:speed>7.38</gpxtpx:speed>
</gpxtpx:TrackPointExtension>
<opentracks:accuracy_horizontal>3.835</opentracks:accuracy_horizontal></extensions>
</trkpt>
<trkpt lat="50.434528" lon="-104.59381">
<ele>555.1</ele>
<time>2026-09-10T18:07:49.314-06:00</time>
<extensions>
<gpxtpx:TrackPointExtension>
<gpxtpx:speed>7.31</gpxtpx:speed>
</gpxtpx:TrackPointExtension>
<opentracks:accuracy_horizontal>3.835</opentracks:accuracy_horizontal></extensions>
</trkpt>
<trkpt lat="50.434523" lon="-104.59401">
<ele>555.3</ele>
<time>2026-09-10T18:07:51.321-06:00</time>
<extensions>
<gpxtpx:TrackPointExtension>
<gpxtpx:speed>6.82</gpxtpx:speed>
</gpxtpx:TrackPointExtension>
<opentracks:accuracy_horizontal>3.834</opentracks:accuracy_horizontal></extensions>
</trkpt>
<trkpt lat="50.434521" lon="-104.594205">
<ele>555.7</ele>
<time>2026-09-10T18:07:53.303-06:00</time>
<extensions>
<gpxtpx:TrackPointExtension>
<gpxtpx:speed>7.2</gpxtpx:speed>
</gpxtpx:TrackPointExtension>
<opentracks:accuracy_horizontal>3.834</opentracks:accuracy_horizontal></extensions>
</trkpt>
<trkpt lat="50.434524" lon="-104.594408">
<ele>555.6</ele>
<time>2026-09-10T18:07:55.293-06:00</time>
<extensions>
<gpxtpx:TrackPointExtension>
<gpxtpx:speed>6.72</gpxtpx:speed>
</gpxtpx:TrackPointExtension>
<opentracks:accuracy_horizontal>3.834</opentracks:accuracy_horizontal></extensions>
</trkpt>
<trkpt lat="50.434522" lon="-104.594597">
<ele>555.4</ele>
<time>2026-09-10T18:07:57.311-06:00</time>
<extensions>
<gpxtpx:TrackPointExtension>
<gpxtpx:speed>6.67</gpxtpx:speed>
</gpxtpx:TrackPointExtension>
<opentracks:accuracy_horizontal>3.834</opentracks:accuracy_horizontal></extensions>
</trkpt>
<trkpt lat="50.434518" lon="-104.594791">
<ele>555.2</ele>
<time>2026-09-10T18:07:59.323-06:00</time>
<extensions>
<gpxtpx:TrackPointExtension>
<gpxtpx:speed>6.86</gpxtpx:speed>
</gpxtpx:TrackPointExtension>
<opentracks:accuracy_horizontal>3.834</opentracks:accuracy_horizontal></extensions>
</trkpt>
<trkpt lat="50.434528" lon="-104.59498">
<ele>554.7</ele>
<time>2026-09-10T18:08:01.324-06:00</time>
<extensions>
<gpxtpx:TrackPointExtension>
<gpxtpx:speed>6.52</gpxtpx:speed>
</gpxtpx:TrackPointExtension>
<opentracks:accuracy_horizontal>3.834</opentracks:accuracy_horizontal></extensions>
</trkpt>
<trkpt lat="50.434583" lon="-104.595163">
<ele>555.1</ele>
<time>2026-09-10T18:08:03.301-06:00</time>
<extensions>
<gpxtpx:TrackPointExtension>
<gpxtpx:speed>6.71</gpxtpx:speed>
</gpxtpx:TrackPointExtension>
<opentracks:accuracy_horizontal>3.834</opentracks:accuracy_horizontal></extensions>
</trkpt>
<trkpt lat="50.434685" lon="-104.595267">
<ele>555.9</ele>
<time>2026-09-10T18:08:05.303-06:00</time>
<extensions>
<gpxtpx:TrackPointExtension>
<gpxtpx:speed>6.17</gpxtpx:speed>
</gpxtpx:TrackPointExtension>
<opentracks:accuracy_horizontal>3.834</opentracks:accuracy_horizontal></extensions>
</trkpt>
<trkpt lat="50.434821" lon="-104.595217">
<ele>554.4</ele>
<time>2026-09-10T18:08:07.303-06:00</time>
<extensions>
<gpxtpx:TrackPointExtension>
<gpxtpx:speed>6.55</gpxtpx:speed>
</gpxtpx:TrackPointExtension>
<opentracks:accuracy_horizontal>3.833</opentracks:accuracy_horizontal></extensions>
</trkpt>
<trkpt lat="50.434951" lon="-104.595167">
<ele>554.5</ele>
<time>2026-09-10T18:08:09.309-06:00</time>
<extensions>
<gpxtpx:TrackPointExtension>
<gpxtpx:speed>6.32</gpxtpx:speed>
</gpxtpx:TrackPointExtension>
<opentracks:accuracy_horizontal>3.833</opentracks:accuracy_horizontal></extensions>
</trkpt>
<trkpt lat="50.435072" lon="-104.595154">
<ele>554.7</ele>
<time>2026-09-10T18:08:11.311-06:00</time>
<extensions>
<gpxtpx:TrackPointExtension>
<gpxtpx:speed>6.63</gpxtpx:speed>
</gpxtpx:TrackPointExtension>
<opentracks:accuracy_horizontal>3.833</opentracks:accuracy_horizontal></extensions>
</trkpt>
<trkpt lat="50.435193" lon="-104.59517">
<ele>554.4</ele>
<time>2026-09-10T18:08:13.312-06:00</time>
<extensions>
<gpxtpx:TrackPointExtension>
<gpxtpx:speed>6.64</gpxtpx:speed>
</gpxtpx:TrackPointExtension>
<opentracks:accuracy_horizontal>3.833</opentracks:accuracy_horizontal></extensions>
</trkpt>
<trkpt lat="50.435311" lon="-104.595166">
<ele>554.4</ele>
<time>2026-09-10T18:08:15.307-06:00</time>
<extensions>
<gpxtpx:TrackPointExtension>
<gpxtpx:speed>6.38</gpxtpx:speed>
</gpxtpx:TrackPointExtension>
<opentracks:accuracy_horizontal>3.876</opentracks:accuracy_horizontal></extensions>
</trkpt>
<trkpt lat="50.435432" lon="-104.595168">
<ele>554.7</ele>
<time>2026-09-10T18:08:17.302-06:00</time>
<extensions>
<gpxtpx:TrackPointExtension>
<gpxtpx:speed>6.94</gpxtpx:speed>
</gpxtpx:TrackPointExtension>
<opentracks:accuracy_horizontal>3.954</opentracks:accuracy_horizontal></extensions>
</trkpt>
<trkpt lat="50.435573" lon="-104.595158">
<ele>555.3</ele>
<time>2026-09-10T18:08:19.303-06:00</time>
<extensions>
<gpxtpx:TrackPointExtension>
<gpxtpx:speed>7.38</gpxtpx:speed>
</gpxtpx:TrackPointExtension>
<opentracks:accuracy_horizontal>4.046</opentracks:accuracy_horizontal></extensions>
</trkpt>
<trkpt lat="50.43571" lon="-104.595158">
<ele>556.3</ele>
<time>2026-09-10T18:08:21.31-06:00</time>
<extensions>
<gpxtpx:TrackPointExtension>
<gpxtpx:speed>7.06</gpxtpx:speed>
</gpxtpx:TrackPointExtension>
<opentracks:accuracy_horizontal>3.833</opentracks:accuracy_horizontal></extensions>
</trkpt>
<trkpt lat="50.435834" lon="-104.595159">
<ele>556.1</ele>
<time>2026-09-10T18:08:23.314-06:00</time>
<extensions>
<gpxtpx:TrackPointExtension>
<gpxtpx:speed>6.49</gpxtpx:speed>
</gpxtpx:TrackPointExtension>
<opentracks:accuracy_horizontal>3.832</opentracks:accuracy_horizontal></extensions>
</trkpt>
<trkpt lat="50.435958" lon="-104.595149">
<ele>556.7</ele>
<time>2026-09-10T18:08:25.316-06:00</time>
<extensions>
<gpxtpx:TrackPointExtension>
<gpxtpx:speed>6.6</gpxtpx:speed>
</gpxtpx:TrackPointExtension>
<opentracks:accuracy_horizontal>3.832</opentracks:accuracy_horizontal></extensions>
</trkpt>
<trkpt lat="50.436078" lon="-104.595149">
<ele>556.2</ele>
<time>2026-09-10T18:08:27.31-06:00</time>
<extensions>
<gpxtpx:TrackPointExtension>
<gpxtpx:speed>6.29</gpxtpx:speed>
</gpxtpx:TrackPointExtension>
<opentracks:accuracy_horizontal>4.045</opentracks:accuracy_horizontal></extensions>
</trkpt>
<trkpt lat="50.436188" lon="-104.595147">
<ele>556.3</ele>
<time>2026-09-10T18:08:29.309-06:00</time>
<extensions>
<gpxtpx:TrackPointExtension>
<gpxtpx:speed>5.99</gpxtpx:speed>
</gpxtpx:TrackPointExtension>
<opentracks:accuracy_horizontal>3.832</opentracks:accuracy_horizontal></extensions>
</trkpt>
<trkpt lat="50.436299" lon="-104.595161">
<ele>556.4</ele>
<time>2026-09-10T18:08:31.292-06:00</time>
<extensions>
<gpxtpx:TrackPointExtension>
<gpxtpx:speed>6.15</gpxtpx:speed>
</gpxtpx:TrackPointExtension>
<opentracks:accuracy_horizontal>3.946</opentracks:accuracy_horizontal></extensions>
</trkpt>
<trkpt lat="50.436412" lon="-104.59519">
<ele>556.8</ele>
<time>2026-09-10T18:08:33.289-06:00</time>
<extensions>
<gpxtpx:TrackPointExtension>
<gpxtpx:speed>6.05</gpxtpx:speed>
</gpxtpx:TrackPointExtension>
<opentracks:accuracy_horizontal>3.832</opentracks:accuracy_horizontal></extensions>
</trkpt>
<trkpt lat="50.436524" lon="-104.595196">
<ele>557.5</ele>
<time>2026-09-10T18:08:35.307-06:00</time>
<extensions>
<gpxtpx:TrackPointExtension>
<gpxtpx:speed>6.16</gpxtpx:speed>
</gpxtpx:TrackPointExtension>
<opentracks:accuracy_horizontal>3.832</opentracks:accuracy_horizontal></extensions>
</trkpt>
<trkpt lat="50.436635" lon="-104.595195">
<ele>557.8</ele>
<time>2026-09-10T18:08:37.31-06:00</time>
<extensions>
<gpxtpx:TrackPointExtension>
<gpxtpx:speed>6.24</gpxtpx:speed>
</gpxtpx:TrackPointExtension>
<opentracks:accuracy_horizontal>3.831</opentracks:accuracy_horizontal></extensions>
</trkpt>
<trkpt lat="50.436746" lon="-104.595205">
<ele>558.2</ele>
<time>2026-09-10T18:08:39.304-06:00</time>
<extensions>
<gpxtpx:TrackPointExtension>
<gpxtpx:speed>5.63</gpxtpx:speed>
</gpxtpx:TrackPointExtension>
<opentracks:accuracy_horizontal>4.139</opentracks:accuracy_horizontal></extensions>
</trkpt>
<trkpt lat="50.43684" lon="-104.595199">
<ele>558.3</ele>
<time>2026-09-10T18:08:41.324-06:00</time>
<extensions>
<gpxtpx:TrackPointExtension>
<gpxtpx:speed>5.41</gpxtpx:speed>
</gpxtpx:TrackPointExtension>
<opentracks:accuracy_horizontal>4.139</opentracks:accuracy_horizontal></extensions>
</trkpt>
<trkpt lat="50.436939" lon="-104.595189">
<ele>558.4</ele>
<time>2026-09-10T18:08:43.336-06:00</time>
<extensions>
<gpxtpx:TrackPointExtension>
<gpxtpx:speed>5.27</gpxtpx:speed>
</gpxtpx:TrackPointExtension>
<opentracks:accuracy_horizontal>4.059</opentracks:accuracy_horizontal></extensions>
</trkpt>
<trkpt lat="50.437038" lon="-104.595196">
<ele>558.4</ele>
<time>2026-09-10T18:08:45.302-06:00</time>
<extensions>
<gpxtpx:TrackPointExtension>
<gpxtpx:speed>5.36</gpxtpx:speed>
</gpxtpx:TrackPointExtension>
<opentracks:accuracy_horizontal>4.066</opentracks:accuracy_horizontal></extensions>
</trkpt>
<trkpt lat="50.437133" lon="-104.595212">
<ele>559</ele>
<time>2026-09-10T18:08:47.309-06:00</time>
<extensions>
<gpxtpx:TrackPointExtension>
<gpxtpx:speed>5.09</gpxtpx:speed>
</gpxtpx:TrackPointExtension>
<opentracks:accuracy_horizontal>4.139</opentracks:accuracy_horizontal></extensions>
</trkpt>
<trkpt lat="50.437224" lon="-104.595219">
<ele>559.7</ele>
<time>2026-09-10T18:08:49.314-06:00</time>
<extensions>
<gpxtpx:TrackPointExtension>
<gpxtpx:speed>4.68</gpxtpx:speed>
</gpxtpx:TrackPointExtension>
<opentracks:accuracy_horizontal>4.278</opentracks:accuracy_horizontal></extensions>
</trkpt>
<trkpt lat="50.437319" lon="-104.595205">
<ele>559.7</ele>
<time>2026-09-10T18:08:51.316-06:00</time>
<extensions>
<gpxtpx:TrackPointExtension>
<gpxtpx:speed>5.44</gpxtpx:speed>
</gpxtpx:TrackPointExtension>
<opentracks:accuracy_horizontal>3.887</opentracks:accuracy_horizontal></extensions>
</trkpt>
<trkpt lat="50.437424" lon="-104.595197">
<ele>559.2</ele>
<time>2026-09-10T18:08:53.305-06:00</time>
<extensions>
<gpxtpx:TrackPointExtension>
<gpxtpx:speed>5.7</gpxtpx:speed>
</gpxtpx:TrackPointExtension>
<opentracks:accuracy_horizontal>4.041</opentracks:accuracy_horizontal></extensions>
</trkpt>
<trkpt lat="50.437528" lon="-104.595174">
<ele>558.3</ele>
<time>2026-09-10T18:08:55.307-06:00</time>
<extensions>
<gpxtpx:TrackPointExtension>
<gpxtpx:speed>5.09</gpxtpx:speed>
</gpxtpx:TrackPointExtension>
<opentracks:accuracy_horizontal>4.041</opentracks:accuracy_horizontal></extensions>
</trkpt>
<trkpt lat="50.437618" lon="-104.595159">
<ele>557.7</ele>
<time>2026-09-10T18:08:57.31-06:00</time>
<extensions>
<gpxtpx:TrackPointExtension>
<gpxtpx:speed>4.6</gpxtpx:speed>
</gpxtpx:TrackPointExtension>
<opentracks:accuracy_horizontal>4.041</opentracks:accuracy_horizontal></extensions>
</trkpt>
<trkpt lat="50.4377" lon="-104.595062">
<ele>557.6</ele>
<time>2026-09-10T18:08:59.319-06:00</time>
<extensions>
<gpxtpx:TrackPointExtension>
<gpxtpx:speed>5.77</gpxtpx:speed>
</gpxtpx:TrackPointExtension>
<opentracks:accuracy_horizontal>4.041</opentracks:accuracy_horizontal></extensions>
</trkpt>
<trkpt lat="50.437717" lon="-104.59488">
<ele>558</ele>
<time>2026-09-10T18:09:01.303-06:00</time>
<extensions>
<gpxtpx:TrackPointExtension>
<gpxtpx:speed>5.88</gpxtpx:speed>
</gpxtpx:TrackPointExtension>
<opentracks:accuracy_horizontal>4.151</opentracks:accuracy_horizontal></extensions>
</trkpt>
<trkpt lat="50.437694" lon="-104.594677">
<ele>558.2</ele>
<time>2026-09-10T18:09:03.316-06:00</time>
<extensions>
<gpxtpx:TrackPointExtension>
<gpxtpx:speed>6.03</gpxtpx:speed>
</gpxtpx:TrackPointExtension>
<opentracks:accuracy_horizontal>4.135</opentracks:accuracy_horizontal></extensions>
</trkpt>
<trkpt lat="50.437669" lon="-104.594485">
<ele>557.6</ele>
<time>2026-09-10T18:09:05.316-06:00</time>
<extensions>
<gpxtpx:TrackPointExtension>
<gpxtpx:speed>6.06</gpxtpx:speed>
</gpxtpx:TrackPointExtension>
<opentracks:accuracy_horizontal>3.83</opentracks:accuracy_horizontal></extensions>
</trkpt>
<trkpt lat="50.437667" lon="-104.594302">
<ele>557.8</ele>
<time>2026-09-10T18:09:07.321-06:00</time>
<extensions>
<gpxtpx:TrackPointExtension>
<gpxtpx:speed>6.58</gpxtpx:speed>
</gpxtpx:TrackPointExtension>
<opentracks:accuracy_horizontal>3.829</opentracks:accuracy_horizontal></extensions>
</trkpt>
<trkpt lat="50.437667" lon="-104.594101">
<ele>558</ele>
<time>2026-09-10T18:09:09.314-06:00</time>
<extensions>
<gpxtpx:TrackPointExtension>
<gpxtpx:speed>7.02</gpxtpx:speed>
</gpxtpx:TrackPointExtension>
<opentracks:accuracy_horizontal>3.829</opentracks:accuracy_horizontal></extensions>
</trkpt>
<trkpt lat="50.43767" lon="-104.593901">
<ele>557.4</ele>
<time>2026-09-10T18:09:11.308-06:00</time>
<extensions>
<gpxtpx:TrackPointExtension>
<gpxtpx:speed>7.01</gpxtpx:speed>
</gpxtpx:TrackPointExtension>
<opentracks:accuracy_horizontal>3.829</opentracks:accuracy_horizontal></extensions>
</trkpt>
<trkpt lat="50.437661" lon="-104.593687">
<ele>556.6</ele>
<time>2026-09-10T18:09:13.307-06:00</time>
<extensions>
<gpxtpx:TrackPointExtension>
<gpxtpx:speed>7.59</gpxtpx:speed>
</gpxtpx:TrackPointExtension>
<opentracks:accuracy_horizontal>3.829</opentracks:accuracy_horizontal></extensions>
</trkpt>
<trkpt lat="50.43767" lon="-104.593477">
<ele>556</ele>
<time>2026-09-10T18:09:15.318-06:00</time>
<extensions>
<gpxtpx:TrackPointExtension>
<gpxtpx:speed>7.43</gpxtpx:speed>
</gpxtpx:TrackPointExtension>
<opentracks:accuracy_horizontal>3.829</opentracks:accuracy_horizontal></extensions>
</trkpt>
<trkpt lat="50.437684" lon="-104.59327">
<ele>555.4</ele>
<time>2026-09-10T18:09:17.305-06:00</time>
<extensions>
<gpxtpx:TrackPointExtension>
<gpxtpx:speed>7.08</gpxtpx:speed>
</gpxtpx:TrackPointExtension>
<opentracks:accuracy_horizontal>3.845</opentracks:accuracy_horizontal></extensions>
</trkpt>
<trkpt lat="50.437695" lon="-104.593068">
<ele>555.4</ele>
<time>2026-09-10T18:09:19.315-06:00</time>
<extensions>
<gpxtpx:TrackPointExtension>
<gpxtpx:speed>6.92</gpxtpx:speed>
</gpxtpx:TrackPointExtension>
<opentracks:accuracy_horizontal>4.349</opentracks:accuracy_horizontal></extensions>
</trkpt>
<trkpt lat="50.437699" lon="-104.592857">
<ele>554.8</ele>
<time>2026-09-10T18:09:21.304-06:00</time>
<extensions>
<gpxtpx:TrackPointExtension>
<gpxtpx:speed>7.17</gpxtpx:speed>
</gpxtpx:TrackPointExtension>
<opentracks:accuracy_horizontal>4.348</opentracks:accuracy_horizontal></extensions>
</trkpt>
<trkpt lat="50.437704" lon="-104.592641">
<ele>555.1</ele>
<time>2026-09-10T18:09:23.314-06:00</time>
<extensions>
<gpxtpx:TrackPointExtension>
<gpxtpx:speed>7.05</gpxtpx:speed>
</gpxtpx:TrackPointExtension>
<opentracks:accuracy_horizontal>4.019</opentracks:accuracy_horizontal></extensions>
</trkpt>
<trkpt lat="50.437698" lon="-104.592429">
<ele>555.4</ele>
<time>2026-09-10T18:09:25.307-06:00</time>
<extensions>
<gpxtpx:TrackPointExtension>
<gpxtpx:speed>7.02</gpxtpx:speed>
</gpxtpx:TrackPointExtension>
<opentracks:accuracy_horizontal>3.849</opentracks:accuracy_horizontal></extensions>
</trkpt>
<trkpt lat="50.437694" lon="-104.592223">
<ele>555.6</ele>
<time>2026-09-10T18:09:27.314-06:00</time>
<extensions>
<gpxtpx:TrackPointExtension>
<gpxtpx:speed>6.93</gpxtpx:speed>
</gpxtpx:TrackPointExtension>
<opentracks:accuracy_horizontal>3.828</opentracks:accuracy_horizontal></extensions>
</trkpt>
<trkpt lat="50.437691" lon="-104.592031">
<ele>555.7</ele>
<time>2026-09-10T18:09:29.32-06:00</time>
<extensions>
<gpxtpx:TrackPointExtension>
<gpxtpx:speed>6.78</gpxtpx:speed>
</gpxtpx:TrackPointExtension>
<opentracks:accuracy_horizontal>3.828</opentracks:accuracy_horizontal></extensions>
</trkpt>
<trkpt lat="50.437693" lon="-104.591829">
<ele>555.5</ele>
<time>2026-09-10T18:09:31.316-06:00</time>
<extensions>
<gpxtpx:TrackPointExtension>
<gpxtpx:speed>7.01</gpxtpx:speed>
</gpxtpx:TrackPointExtension>
<opentracks:accuracy_horizontal>3.828</opentracks:accuracy_horizontal></extensions>
</trkpt>
<trkpt lat="50.4377" lon="-104.591632">
<ele>555.7</ele>
<time>2026-09-10T18:09:33.313-06:00</time>
<extensions>
<gpxtpx:TrackPointExtension>
<gpxtpx:speed>6.44</gpxtpx:speed>
</gpxtpx:TrackPointExtension>
<opentracks:accuracy_horizontal>3.828</opentracks:accuracy_horizontal></extensions>
</trkpt>
<trkpt lat="50.4377" lon="-104.591452">
<ele>556.2</ele>
<time>2026-09-10T18:09:35.322-06:00</time>
<extensions>
<gpxtpx:TrackPointExtension>
<gpxtpx:speed>6.46</gpxtpx:speed>
</gpxtpx:TrackPointExtension>
<opentracks:accuracy_horizontal>3.868</opentracks:accuracy_horizontal></extensions>
</trkpt>
<trkpt lat="50.437697" lon="-104.591258">
<ele>555.8</ele>
<time>2026-09-10T18:09:37.314-06:00</time>
<extensions>
<gpxtpx:TrackPointExtension>
<gpxtpx:speed>6.5</gpxtpx:speed>
</gpxtpx:TrackPointExtension>
<opentracks:accuracy_horizontal>3.83</opentracks:accuracy_horizontal></extensions>
</trkpt>
<trkpt lat="50.43769" lon="-104.591067">
<ele>553.6</ele>
<time>2026-09-10T18:09:39.309-06:00</time>
<extensions>
<gpxtpx:TrackPointExtension>
<gpxtpx:speed>5.52</gpxtpx:speed>
</gpxtpx:TrackPointExtension>
<opentracks:accuracy_horizontal>3.882</opentracks:accuracy_horizontal></extensions>
</trkpt>
<trkpt lat="50.43769" lon="-104.590894">
<ele>552.8</ele>
<time>2026-09-10T18:09:42.291-06:00</time>
<extensions>
<gpxtpx:TrackPointExtension>
<gpxtpx:speed>3.62</gpxtpx:speed>
</gpxtpx:TrackPointExtension>
<opentracks:accuracy_horizontal>4.123</opentracks:accuracy_horizontal></extensions>
</trkpt>
<trkpt lat="50.437811" lon="-104.590797">
<ele>552.3</ele>
<time>2026-09-10T18:09:45.299-06:00</time>
<extensions>
<gpxtpx:TrackPointExtension>
<gpxtpx:speed>4.95</gpxtpx:speed>
</gpxtpx:TrackPointExtension>
<opentracks:accuracy_horizontal>4.845</opentracks:accuracy_horizontal></extensions>
</trkpt>
<trkpt lat="50.437933" lon="-104.59081">
<ele>552.1</ele>
<time>2026-09-10T18:09:47.313-06:00</time>
<extensions>
<gpxtpx:TrackPointExtension>
<gpxtpx:speed>4.73</gpxtpx:speed>
</gpxtpx:TrackPointExtension>
<opentracks:accuracy_horizontal>4.128</opentracks:accuracy_horizontal></extensions>
</trkpt>
<trkpt lat="50.438031" lon="-104.590835">
<ele>552.2</ele>
<time>2026-09-10T18:09:49.303-06:00</time>
<extensions>
<gpxtpx:TrackPointExtension>
<gpxtpx:speed>4.96</gpxtpx:speed>
</gpxtpx:TrackPointExtension>
<opentracks:accuracy_horizontal>3.879</opentracks:accuracy_horizontal></extensions>
</trkpt>
<trkpt lat="50.438139" lon="-104.590852">
<ele>552.3</ele>
<time>2026-09-10T18:09:51.322-06:00</time>
<extensions>
<gpxtpx:TrackPointExtension>
<gpxtpx:speed>5.31</gpxtpx:speed>
</gpxtpx:TrackPointExtension>
<opentracks:accuracy_horizontal>3.921</opentracks:accuracy_horizontal></extensions>
</trkpt>
<trkpt lat="50.438269" lon="-104.590855">
<ele>553.3</ele>
<time>2026-09-10T18:09:53.304-06:00</time>
<extensions>
<gpxtpx:TrackPointExtension>
<gpxtpx:speed>6.36</gpxtpx:speed>
</gpxtpx:TrackPointExtension>
<opentracks:accuracy_horizontal>3.968</opentracks:accuracy_horizontal></extensions>
</trkpt>
<trkpt lat="50.438397" lon="-104.590867">
<ele>553.8</ele>
<time>2026-09-10T18:09:55.313-06:00</time>
<extensions>
<gpxtpx:TrackPointExtension>
<gpxtpx:speed>6.43</gpxtpx:speed>
</gpxtpx:TrackPointExtension>
<opentracks:accuracy_horizontal>4.069</opentracks:accuracy_horizontal></extensions>
</trkpt>
<trkpt lat="50.438521" lon="-104.590888">
<ele>554.3</ele>
<time>2026-09-10T18:09:57.32-06:00</time>
<extensions>
<gpxtpx:TrackPointExtension>
<gpxtpx:speed>6.35</gpxtpx:speed>
</gpxtpx:TrackPointExtension>
<opentracks:accuracy_horizontal>4.202</opentracks:accuracy_horizontal></extensions>
</trkpt>
<trkpt lat="50.438637" lon="-104.590873">
<ele>554.7</ele>
<time>2026-09-10T18:09:59.318-06:00</time>
<extensions>
<gpxtpx:TrackPointExtension>
<gpxtpx:speed>6.54</gpxtpx:speed>
</gpxtpx:TrackPointExtension>
<opentracks:accuracy_horizontal>4.224</opentracks:accuracy_horizontal></extensions>
</trkpt>
<trkpt lat="50.438763" lon="-104.59086">
<ele>556.1</ele>
<time>2026-09-10T18:10:01.304-06:00</time>
<extensions>
<gpxtpx:TrackPointExtension>
<gpxtpx:speed>6.58</gpxtpx:speed>
</gpxtpx:TrackPointExtension>
<opentracks:accuracy_horizontal>4.2</opentracks:accuracy_horizontal></extensions>
</trkpt>
<trkpt lat="50.438868" lon="-104.590863">
<ele>556.3</ele>
<time>2026-09-10T18:10:03.32-06:00</time>
<extensions>
<gpxtpx:TrackPointExtension>
<gpxtpx:speed>5.58</gpxtpx:speed>
</gpxtpx:TrackPointExtension>
<opentracks:accuracy_horizontal>4.023</opentracks:accuracy_horizontal></extensions>
</trkpt>
<trkpt lat="50.438965" lon="-104.590871">
<ele>556.5</ele>
<time>2026-09-10T18:10:05.309-06:00</time>
<extensions>
<gpxtpx:TrackPointExtension>
<gpxtpx:speed>5.3</gpxtpx:speed>
</gpxtpx:TrackPointExtension>
<opentracks:accuracy_horizontal>3.949</opentracks:accuracy_horizontal></extensions>
</trkpt>
<trkpt lat="50.43907" lon="-104.590884">
<ele>557</ele>
<time>2026-09-10T18:10:07.317-06:00</time>
<extensions>
<gpxtpx:TrackPointExtension>
<gpxtpx:speed>5.41</gpxtpx:speed>
</gpxtpx:TrackPointExtension>
<opentracks:accuracy_horizontal>4.027</opentracks:accuracy_horizontal></extensions>
</trkpt>
<trkpt lat="50.439178" lon="-104.590882">
<ele>557.7</ele>
<time>2026-09-10T18:10:09.32-06:00</time>
<extensions>
<gpxtpx:TrackPointExtension>
<gpxtpx:speed>5.22</gpxtpx:speed>
</gpxtpx:TrackPointExtension>
<opentracks:accuracy_horizontal>3.911</opentracks:accuracy_horizontal></extensions>
</trkpt>
<trkpt lat="50.43927" lon="-104.590851">
<ele>557.6</ele>
<time>2026-09-10T18:10:11.318-06:00</time>
<extensions>
<gpxtpx:TrackPointExtension>
<gpxtpx:speed>4.61</gpxtpx:speed>
</gpxtpx:TrackPointExtension>
<opentracks:accuracy_horizontal>3.825</opentracks:accuracy_horizontal></extensions>
</trkpt>
<trkpt lat="50.439325" lon="-104.590739">
<ele>557.3</ele>
<time>2026-09-10T18:10:13.315-06:00</time>
<extensions>
<gpxtpx:TrackPointExtension>
<gpxtpx:speed>4.62</gpxtpx:speed>
</gpxtpx:TrackPointExtension>
<opentracks:accuracy_horizontal>3.825</opentracks:accuracy_horizontal></extensions>
</trkpt>
<trkpt lat="50.43933" lon="-104.590574">
<ele>557.2</ele>
<time>2026-09-10T18:10:16.302-06:00</time>
<extensions>
<gpxtpx:TrackPointExtension>
<gpxtpx:speed>2.5</gpxtpx:speed>
</gpxtpx:TrackPointExtension>
<opentracks:accuracy_horizontal>3.824</opentracks:accuracy_horizontal></extensions>
</trkpt>
<trkpt lat="50.439329" lon="-104.590409">
<ele>557.8</ele>
<time>2026-09-10T18:10:21.312-06:00</time>
<extensions>
<gpxtpx:TrackPointExtension>
<gpxtpx:speed>2.05</gpxtpx:speed>
</gpxtpx:TrackPointExtension>
<opentracks:accuracy_horizontal>3.824</opentracks:accuracy_horizontal></extensions>
</trkpt>
<trkpt lat="50.439334" lon="-104.590247">
<ele>559.2</ele>
<time>2026-09-10T18:10:27.313-06:00</time>
<extensions>
<gpxtpx:TrackPointExtension>
<gpxtpx:speed>1.55</gpxtpx:speed>
</gpxtpx:TrackPointExtension>
<opentracks:accuracy_horizontal>3.893</opentracks:accuracy_horizontal></extensions>
</trkpt>
<trkpt lat="50.439361" lon="-104.59015">
<ele>556.3</ele>
<time>2026-09-10T18:10:37.317-06:00</time>
<extensions>
<gpxtpx:TrackPointExtension>
<gpxtpx:speed>2.53</gpxtpx:speed>
</gpxtpx:TrackPointExtension>
<opentracks:accuracy_horizontal>4.118</opentracks:accuracy_horizontal></extensions>
</trkpt>
<trkpt lat="50.439286" lon="-104.59028">
<ele>554.8</ele>
<time>2026-09-10T18:10:45.29-06:00</time>
<extensions>
<gpxtpx:TrackPointExtension>
<gpxtpx:speed>3.72</gpxtpx:speed>
</gpxtpx:TrackPointExtension>
<opentracks:accuracy_horizontal>4.415</opentracks:accuracy_horizontal></extensions>
</trkpt>
<trkpt lat="50.439312" lon="-104.59042">
<ele>554.4</ele>
<time>2026-09-10T18:10:47.323-06:00</time>
<extensions>
<gpxtpx:TrackPointExtension>
<gpxtpx:speed>4.04</gpxtpx:speed>
</gpxtpx:TrackPointExtension>
<opentracks:accuracy_horizontal>4.276</opentracks:accuracy_horizontal></extensions>
</trkpt>
<trkpt lat="50.439319" lon="-104.590596">
<ele>555.3</ele>
<time>2026-09-10T18:10:50.307-06:00</time>
<extensions>
<gpxtpx:TrackPointExtension>
<gpxtpx:speed>3.67</gpxtpx:speed>
</gpxtpx:TrackPointExtension>
<opentracks:accuracy_horizontal>4.182</opentracks:accuracy_horizontal></extensions>
</trkpt>
<trkpt lat="50.439327" lon="-104.590776">
<ele>554.8</ele>
<time>2026-09-10T18:10:53.295-06:00</time>
<extensions>
<gpxtpx:TrackPointExtension>
<gpxtpx:speed>4.44</gpxtpx:speed>
</gpxtpx:TrackPointExtension>
<opentracks:accuracy_horizontal>4.238</opentracks:accuracy_horizontal></extensions>
</trkpt>
<trkpt lat="50.439415" lon="-104.590946">
<ele>553.9</ele>
<time>2026-09-10T18:10:56.308-06:00</time>
<extensions>
<gpxtpx:TrackPointExtension>
<gpxtpx:speed>6.13</gpxtpx:speed>
</gpxtpx:TrackPointExtension>
<opentracks:accuracy_horizontal>4.58</opentracks:accuracy_horizontal></extensions>
</trkpt>
<trkpt lat="50.439567" lon="-104.590942">
<ele>554.8</ele>
<time>2026-09-10T18:10:58.324-06:00</time>
<extensions>
<gpxtpx:TrackPointExtension>
<gpxtpx:speed>7.28</gpxtpx:speed>
</gpxtpx:TrackPointExtension>
<opentracks:accuracy_horizontal>4.856</opentracks:accuracy_horizontal></extensions>
</trkpt>
<trkpt lat="50.439716" lon="-104.590878">
<ele>554.6</ele>
<time>2026-09-10T18:11:00.319-06:00</time>
<extensions>
<gpxtpx:TrackPointExtension>
<gpxtpx:speed>7.44</gpxtpx:speed>
</gpxtpx:TrackPointExtension>
<opentracks:accuracy_horizontal>4.801</opentracks:accuracy_horizontal></extensions>
</trkpt>
<trkpt lat="50.439853" lon="-104.590856">
<ele>553.8</ele>
<time>2026-09-10T18:11:02.315-06:00</time>
<extensions>
<gpxtpx:TrackPointExtension>
<gpxtpx:speed>6.84</gpxtpx:speed>
</gpxtpx:TrackPointExtension>
<opentracks:accuracy_horizontal>4.574</opentracks:accuracy_horizontal></extensions>
</trkpt>
<trkpt lat="50.439971" lon="-104.590865">
<ele>554</ele>
<time>2026-09-10T18:11:04.318-06:00</time>
<extensions>
<gpxtpx:TrackPointExtension>
<gpxtpx:speed>6.35</gpxtpx:speed>
</gpxtpx:TrackPointExtension>
<opentracks:accuracy_horizontal>4.418</opentracks:accuracy_horizontal></extensions>
</trkpt>
<trkpt lat="50.440093" lon="-104.590869">
<ele>554.4</ele>
<time>2026-09-10T18:11:06.314-06:00</time>
<extensions>
<gpxtpx:TrackPointExtension>
<gpxtpx:speed>6.46</gpxtpx:speed>
</gpxtpx:TrackPointExtension>
<opentracks:accuracy_horizontal>4.235</opentracks:accuracy_horizontal></extensions>
</trkpt>
<trkpt lat="50.440211" lon="-104.590861">
<ele>554.3</ele>
<time>2026-09-10T18:11:08.289-06:00</time>
<extensions>
<gpxtpx:TrackPointExtension>
<gpxtpx:speed>6.19</gpxtpx:speed>
</gpxtpx:TrackPointExtension>
<opentracks:accuracy_horizontal>4.649</opentracks:accuracy_horizontal></extensions>
</trkpt>
<trkpt lat="50.440322" lon="-104.590858">
<ele>555.1</ele>
<time>2026-09-10T18:11:10.308-06:00</time>
<extensions>
<gpxtpx:TrackPointExtension>
<gpxtpx:speed>6.01</gpxtpx:speed>
</gpxtpx:TrackPointExtension>
<opentracks:accuracy_horizontal>4.42</opentracks:accuracy_horizontal></extensions>
</trkpt>
<trkpt lat="50.440431" lon="-104.590858">
<ele>555.1</ele>
<time>2026-09-10T18:11:12.308-06:00</time>
<extensions>
<gpxtpx:TrackPointExtension>
<gpxtpx:speed>6.17</gpxtpx:speed>
</gpxtpx:TrackPointExtension>
<opentracks:accuracy_horizontal>4.097</opentracks:accuracy_horizontal></extensions>
</trkpt>
<trkpt lat="50.440538" lon="-104.590866">
<ele>554.8</ele>
<time>2026-09-10T18:11:14.306-06:00</time>
<extensions>
<gpxtpx:TrackPointExtension>
<gpxtpx:speed>5.87</gpxtpx:speed>
</gpxtpx:TrackPointExtension>
<opentracks:accuracy_horizontal>4.091</opentracks:accuracy_horizontal></extensions>
</trkpt>
<trkpt lat="50.440631" lon="-104.590869">
<ele>554.6</ele>
<time>2026-09-10T18:11:16.315-06:00</time>
<extensions>
<gpxtpx:TrackPointExtension>
<gpxtpx:speed>4.12</gpxtpx:speed>
</gpxtpx:TrackPointExtension>
<opentracks:accuracy_horizontal>4.215</opentracks:accuracy_horizontal></extensions>
</trkpt>
<trkpt lat="50.440727" lon="-104.590873">
<ele>555.5</ele>
<time>2026-09-10T18:11:20.33-06:00</time>
<extensions>
<gpxtpx:TrackPointExtension>
<gpxtpx:speed>2.42</gpxtpx:speed>
</gpxtpx:TrackPointExtension>
<opentracks:accuracy_horizontal>4.52</opentracks:accuracy_horizontal></extensions>
</trkpt>
<trkpt lat="50.440798" lon="-104.59085">
<ele>558.8</ele>
<time>2026-09-10T18:11:30.312-06:00</time>
<extensions>
<gpxtpx:TrackPointExtension>
<gpxtpx:speed>0</gpxtpx:speed>
</gpxtpx:TrackPointExtension>
<opentracks:accuracy_horizontal>4.291</opentracks:accuracy_horizontal></extensions>
</trkpt>
<trkpt lat="50.440831" lon="-104.590689">
<ele>558.3</ele>
<time>2026-09-10T18:11:51.317-06:00</time>
<extensions>
<gpxtpx:TrackPointExtension>
<gpxtpx:speed>2.26</gpxtpx:speed>
</gpxtpx:TrackPointExtension>
<opentracks:accuracy_horizontal>4.192</opentracks:accuracy_horizontal></extensions>
</trkpt>
<trkpt lat="50.440919" lon="-104.590733">
<ele>556.4</ele>
<time>2026-09-10T18:12:00.307-06:00</time>
<extensions>
<gpxtpx:TrackPointExtension>
<gpxtpx:speed>3.26</gpxtpx:speed>
</gpxtpx:TrackPointExtension>
<opentracks:accuracy_horizontal>4.033</opentracks:accuracy_horizontal></extensions>
</trkpt>
<trkpt lat="50.440961" lon="-104.590894">
<ele>554.9</ele>
<time>2026-09-10T18:12:03.304-06:00</time>
<extensions>
<gpxtpx:TrackPointExtension>
<gpxtpx:speed>4.3</gpxtpx:speed>
</gpxtpx:TrackPointExtension>
<opentracks:accuracy_horizontal>4.268</opentracks:accuracy_horizontal></extensions>
</trkpt>
<trkpt lat="50.441052" lon="-104.590889">
<ele>555.6</ele>
<time>2026-09-10T18:12:05.294-06:00</time>
<extensions>
<gpxtpx:TrackPointExtension>
<gpxtpx:speed>4.56</gpxtpx:speed>
</gpxtpx:TrackPointExtension>
<opentracks:accuracy_horizontal>4.486</opentracks:accuracy_horizontal></extensions>
</trkpt>
<trkpt lat="50.441174" lon="-104.590867">
<ele>555.8</ele>
<time>2026-09-10T18:12:08.31-06:00</time>
<extensions>
<gpxtpx:TrackPointExtension>
<gpxtpx:speed>3.74</gpxtpx:speed>
</gpxtpx:TrackPointExtension>
<opentracks:accuracy_horizontal>4.887</opentracks:accuracy_horizontal></extensions>
</trkpt>
<trkpt lat="50.441279" lon="-104.59088">
<ele>555.3</ele>
<time>2026-09-10T18:12:11.304-06:00</time>
<extensions>
<gpxtpx:TrackPointExtension>
<gpxtpx:speed>3.74</gpxtpx:speed>
</gpxtpx:TrackPointExtension>
<opentracks:accuracy_horizontal>4.677</opentracks:accuracy_horizontal></extensions>
</trkpt>
<trkpt lat="50.441404" lon="-104.590869">
<ele>554.8</ele>
<time>2026-09-10T18:12:14.311-06:00</time>
<extensions>
<gpxtpx:TrackPointExtension>
<gpxtpx:speed>4.96</gpxtpx:speed>
</gpxtpx:TrackPointExtension>
<opentracks:accuracy_horizontal>4.268</opentracks:accuracy_horizontal></extensions>
</trkpt>
<trkpt lat="50.441499" lon="-104.590855">
<ele>554.8</ele>
<time>2026-09-10T18:12:16.314-06:00</time>
<extensions>
<gpxtpx:TrackPointExtension>
<gpxtpx:speed>5.27</gpxtpx:speed>
</gpxtpx:TrackPointExtension>
<opentracks:accuracy_horizontal>4.282</opentracks:accuracy_horizontal></extensions>
</trkpt>
<trkpt lat="50.441602" lon="-104.590849">
<ele>554.6</ele>
<time>2026-09-10T18:12:18.312-06:00</time>
<extensions>
<gpxtpx:TrackPointExtension>
<gpxtpx:speed>5.6</gpxtpx:speed>
</gpxtpx:TrackPointExtension>
<opentracks:accuracy_horizontal>4.232</opentracks:accuracy_horizontal></extensions>
</trkpt>
<trkpt lat="50.441708" lon="-104.590848">
<ele>554.4</ele>
<time>2026-09-10T18:12:20.315-06:00</time>
<extensions>
<gpxtpx:TrackPointExtension>
<gpxtpx:speed>5.63</gpxtpx:speed>
</gpxtpx:TrackPointExtension>
<opentracks:accuracy_horizontal>4.401</opentracks:accuracy_horizontal></extensions>
</trkpt>
<trkpt lat="50.441819" lon="-104.59085">
<ele>554.7</ele>
<time>2026-09-10T18:12:22.312-06:00</time>
<extensions>
<gpxtpx:TrackPointExtension>
<gpxtpx:speed>5.66</gpxtpx:speed>
</gpxtpx:TrackPointExtension>
<opentracks:accuracy_horizontal>4.422</opentracks:accuracy_horizontal></extensions>
</trkpt>
<trkpt lat="50.441933" lon="-104.590844">
<ele>555.1</ele>
<time>2026-09-10T18:12:24.313-06:00</time>
<extensions>
<gpxtpx:TrackPointExtension>
<gpxtpx:speed>5.89</gpxtpx:speed>
</gpxtpx:TrackPointExtension>
<opentracks:accuracy_horizontal>4.147</opentracks:accuracy_horizontal></extensions>
</trkpt>
<trkpt lat="50.442052" lon="-104.590838">
<ele>556</ele>
<time>2026-09-10T18:12:26.309-06:00</time>
<extensions>
<gpxtpx:TrackPointExtension>
<gpxtpx:speed>6.08</gpxtpx:speed>
</gpxtpx:TrackPointExtension>
<opentracks:accuracy_horizontal>4.419</opentracks:accuracy_horizontal></extensions>
</trkpt>
<trkpt lat="50.442152" lon="-104.590839">
<ele>556.3</ele>
<time>2026-09-10T18:12:28.311-06:00</time>
<extensions>
<gpxtpx:TrackPointExtension>
<gpxtpx:speed>5.13</gpxtpx:speed>
</gpxtpx:TrackPointExtension>
<opentracks:accuracy_horizontal>4.584</opentracks:accuracy_horizontal></extensions>
</trkpt>
<trkpt lat="50.442262" lon="-104.590847">
<ele>556.1</ele>
<time>2026-09-10T18:12:31.323-06:00</time>
<extensions>
<gpxtpx:TrackPointExtension>
<gpxtpx:speed>3.74</gpxtpx:speed>
</gpxtpx:TrackPointExtension>
<opentracks:accuracy_horizontal>4.31</opentracks:accuracy_horizontal></extensions>
</trkpt>
<trkpt lat="50.442368" lon="-104.59082">
<ele>555.9</ele>
<time>2026-09-10T18:12:35.321-06:00</time>
<extensions>
<gpxtpx:TrackPointExtension>
<gpxtpx:speed>2.66</gpxtpx:speed>
</gpxtpx:TrackPointExtension>
<opentracks:accuracy_horizontal>4.146</opentracks:accuracy_horizontal></extensions>
</trkpt>
<trkpt lat="50.442433" lon="-104.590677">
<ele>555.9</ele>
<time>2026-09-10T18:12:38.317-06:00</time>
<extensions>
<gpxtpx:TrackPointExtension>
<gpxtpx:speed>4.97</gpxtpx:speed>
</gpxtpx:TrackPointExtension>
<opentracks:accuracy_horizontal>4.406</opentracks:accuracy_horizontal></extensions>
</trkpt>
<trkpt lat="50.442444" lon="-104.590527">
<ele>555.2</ele>
<time>2026-09-10T18:12:40.312-06:00</time>
<extensions>
<gpxtpx:TrackPointExtension>
<gpxtpx:speed>4.39</gpxtpx:speed>
</gpxtpx:TrackPointExtension>
<opentracks:accuracy_horizontal>4.367</opentracks:accuracy_horizontal></extensions>
</trkpt>
<trkpt lat="50.442432" lon="-104.590375">
<ele>556</ele>
<time>2026-09-10T18:12:42.321-06:00</time>
<extensions>
<gpxtpx:TrackPointExtension>
<gpxtpx:speed>5.07</gpxtpx:speed>
</gpxtpx:TrackPointExtension>
<opentracks:accuracy_horizontal>4.09</opentracks:accuracy_horizontal></extensions>
</trkpt>
<trkpt lat="50.44243" lon="-104.590211">
<ele>555.8</ele>
<time>2026-09-10T18:12:44.309-06:00</time>
<extensions>
<gpxtpx:TrackPointExtension>
<gpxtpx:speed>5.37</gpxtpx:speed>
</gpxtpx:TrackPointExtension>
<opentracks:accuracy_horizontal>4.257</opentracks:accuracy_horizontal></extensions>
</trkpt>
<trkpt lat="50.44242" lon="-104.590056">
<ele>555.4</ele>
<time>2026-09-10T18:12:46.321-06:00</time>
<extensions>
<gpxtpx:TrackPointExtension>
<gpxtpx:speed>5.27</gpxtpx:speed>
</gpxtpx:TrackPointExtension>
<opentracks:accuracy_horizontal>4.256</opentracks:accuracy_horizontal></extensions>
</trkpt>
<trkpt lat="50.442418" lon="-104.589908">
<ele>555.2</ele>
<time>2026-09-10T18:12:48.316-06:00</time>
<extensions>
<gpxtpx:TrackPointExtension>
<gpxtpx:speed>5.4</gpxtpx:speed>
</gpxtpx:TrackPointExtension>
<opentracks:accuracy_horizontal>4.255</opentracks:accuracy_horizontal></extensions>
</trkpt>
<trkpt lat="50.442428" lon="-104.589767">
<ele>554.9</ele>
<time>2026-09-10T18:12:50.312-06:00</time>
<extensions>
<gpxtpx:TrackPointExtension>
<gpxtpx:speed>5.14</gpxtpx:speed>
</gpxtpx:TrackPointExtension>
<opentracks:accuracy_horizontal>3.811</opentracks:accuracy_horizontal></extensions>
</trkpt>
<trkpt lat="50.442428" lon="-104.589618">
<ele>555.5</ele>
<time>2026-09-10T18:12:52.292-06:00</time>
<extensions>
<gpxtpx:TrackPointExtension>
<gpxtpx:speed>5.4</gpxtpx:speed>
</gpxtpx:TrackPointExtension>
<opentracks:accuracy_horizontal>3.811</opentracks:accuracy_horizontal></extensions>
</trkpt>
<trkpt lat="50.44243" lon="-104.589443">
<ele>556.2</ele>
<time>2026-09-10T18:12:54.309-06:00</time>
<extensions>
<gpxtpx:TrackPointExtension>
<gpxtpx:speed>5.66</gpxtpx:speed>
</gpxtpx:TrackPointExtension>
<opentracks:accuracy_horizontal>3.811</opentracks:accuracy_horizontal></extensions>
</trkpt>
<trkpt lat="50.442432" lon="-104.589283">
<ele>556</ele>
<time>2026-09-10T18:12:56.316-06:00</time>
<extensions>
<gpxtpx:TrackPointExtension>
<gpxtpx:speed>5.3</gpxtpx:speed>
</gpxtpx:TrackPointExtension>
<opentracks:accuracy_horizontal>3.811</opentracks:accuracy_horizontal></extensions>
</trkpt>
<trkpt lat="50.442434" lon="-104.589131">
<ele>556</ele>
<time>2026-09-10T18:12:58.322-06:00</time>
<extensions>
<gpxtpx:TrackPointExtension>
<gpxtpx:speed>4.92</gpxtpx:speed>
</gpxtpx:TrackPointExtension>
<opentracks:accuracy_horizontal>3.84</opentracks:accuracy_horizontal></extensions>
</trkpt>
<trkpt lat="50.442433" lon="-104.588925">
<ele>556.3</ele>
<time>2026-09-10T18:13:01.32-06:00</time>
<extensions>
<gpxtpx:TrackPointExtension>
<gpxtpx:speed>5.07</gpxtpx:speed>
</gpxtpx:TrackPointExtension>
<opentracks:accuracy_horizontal>3.81</opentracks:accuracy_horizontal></extensions>
</trkpt>
<trkpt lat="50.442419" lon="-104.588779">
<ele>556.4</ele>
<time>2026-09-10T18:13:03.308-06:00</time>
<extensions>
<gpxtpx:TrackPointExtension>
<gpxtpx:speed>5.13</gpxtpx:speed>
</gpxtpx:TrackPointExtension>
<opentracks:accuracy_horizontal>3.81</opentracks:accuracy_horizontal></extensions>
</trkpt>
<trkpt lat="50.442403" lon="-104.588615">
<ele>556.1</ele>
<time>2026-09-10T18:13:05.326-06:00</time>
<extensions>
<gpxtpx:TrackPointExtension>
<gpxtpx:speed>5.25</gpxtpx:speed>
</gpxtpx:TrackPointExtension>
<opentracks:accuracy_horizontal>3.875</opentracks:accuracy_horizontal></extensions>
</trkpt>
<trkpt lat="50.442393" lon="-104.588423">
<ele>556.5</ele>
<time>2026-09-10T18:13:08.331-06:00</time>
<extensions>
<gpxtpx:TrackPointExtension>
<gpxtpx:speed>3.83</gpxtpx:speed>
</gpxtpx:TrackPointExtension>
<opentracks:accuracy_horizontal>3.951</opentracks:accuracy_horizontal></extensions>
</trkpt>
<trkpt lat="50.442399" lon="-104.588277">
<ele>556.7</ele>
<time>2026-09-10T18:13:11.314-06:00</time>
<extensions>
<gpxtpx:TrackPointExtension>
<gpxtpx:speed>3.38</gpxtpx:speed>
</gpxtpx:TrackPointExtension>
<opentracks:accuracy_horizontal>3.809</opentracks:accuracy_horizontal></extensions>
</trkpt>
<trkpt lat="50.442405" lon="-104.588129">
<ele>555.2</ele>
<time>2026-09-10T18:13:14.315-06:00</time>
<extensions>
<gpxtpx:TrackPointExtension>
<gpxtpx:speed>3.11</gpxtpx:speed>
</gpxtpx:TrackPointExtension>
<opentracks:accuracy_horizontal>3.809</opentracks:accuracy_horizontal></extensions>
</trkpt>
<trkpt lat="50.442485" lon="-104.587983">
<ele>553.3</ele>
<time>2026-09-10T18:13:18.315-06:00</time>
<extensions>
<gpxtpx:TrackPointExtension>
<gpxtpx:speed>3.69</gpxtpx:speed>
</gpxtpx:TrackPointExtension>
<opentracks:accuracy_horizontal>4.481</opentracks:accuracy_horizontal></extensions>
</trkpt>
<trkpt lat="50.442611" lon="-104.587924">
<ele>551.7</ele>
<time>2026-09-10T18:13:21.314-06:00</time>
<extensions>
<gpxtpx:TrackPointExtension>
<gpxtpx:speed>5.31</gpxtpx:speed>
</gpxtpx:TrackPointExtension>
<opentracks:accuracy_horizontal>4.753</opentracks:accuracy_horizontal></extensions>
</trkpt>
<trkpt lat="50.442742" lon="-104.587927">
<ele>551.1</ele>
<time>2026-09-10T18:13:23.338-06:00</time>
<extensions>
<gpxtpx:TrackPointExtension>
<gpxtpx:speed>5.83</gpxtpx:speed>
</gpxtpx:TrackPointExtension>
<opentracks:accuracy_horizontal>4.685</opentracks:accuracy_horizontal></extensions>
</trkpt>
<trkpt lat="50.442872" lon="-104.587947">
<ele>551.9</ele>
<time>2026-09-10T18:13:25.315-06:00</time>
<extensions>
<gpxtpx:TrackPointExtension>
<gpxtpx:speed>6.11</gpxtpx:speed>
</gpxtpx:TrackPointExtension>
<opentracks:accuracy_horizontal>4.594</opentracks:accuracy_horizontal></extensions>
</trkpt>
<trkpt lat="50.442989" lon="-104.587938">
<ele>551.1</ele>
<time>2026-09-10T18:13:27.31-06:00</time>
<extensions>
<gpxtpx:TrackPointExtension>
<gpxtpx:speed>6.23</gpxtpx:speed>
</gpxtpx:TrackPointExtension>
<opentracks:accuracy_horizontal>4.444</opentracks:accuracy_horizontal></extensions>
</trkpt>
<trkpt lat="50.443114" lon="-104.587942">
<ele>551.8</ele>
<time>2026-09-10T18:13:29.321-06:00</time>
<extensions>
<gpxtpx:TrackPointExtension>
<gpxtpx:speed>5.96</gpxtpx:speed>
</gpxtpx:TrackPointExtension>
<opentracks:accuracy_horizontal>4.176</opentracks:accuracy_horizontal></extensions>
</trkpt>
<trkpt lat="50.443234" lon="-104.587942">
<ele>552.7</ele>
<time>2026-09-10T18:13:31.309-06:00</time>
<extensions>
<gpxtpx:TrackPointExtension>
<gpxtpx:speed>6.34</gpxtpx:speed>
</gpxtpx:TrackPointExtension>
<opentracks:accuracy_horizontal>4.017</opentracks:accuracy_horizontal></extensions>
</trkpt>
<trkpt lat="50.443362" lon="-104.587948">
<ele>553.4</ele>
<time>2026-09-10T18:13:33.318-06:00</time>
<extensions>
<gpxtpx:TrackPointExtension>
<gpxtpx:speed>6.6</gpxtpx:speed>
</gpxtpx:TrackPointExtension>
<opentracks:accuracy_horizontal>3.99</opentracks:accuracy_horizontal></extensions>
</trkpt>
<trkpt lat="50.443482" lon="-104.587956">
<ele>553.9</ele>
<time>2026-09-10T18:13:35.325-06:00</time>
<extensions>
<gpxtpx:TrackPointExtension>
<gpxtpx:speed>6.25</gpxtpx:speed>
</gpxtpx:TrackPointExtension>
<opentracks:accuracy_horizontal>4.15</opentracks:accuracy_horizontal></extensions>
</trkpt>
<trkpt lat="50.443597" lon="-104.587951">
<ele>553.6</ele>
<time>2026-09-10T18:13:37.317-06:00</time>
<extensions>
<gpxtpx:TrackPointExtension>
<gpxtpx:speed>6.31</gpxtpx:speed>
</gpxtpx:TrackPointExtension>
<opentracks:accuracy_horizontal>4.156</opentracks:accuracy_horizontal></extensions>
</trkpt>
<trkpt lat="50.443692" lon="-104.587942">
<ele>553.2</ele>
<time>2026-09-10T18:13:39.319-06:00</time>
<extensions>
<gpxtpx:TrackPointExtension>
<gpxtpx:speed>5.38</gpxtpx:speed>
</gpxtpx:TrackPointExtension>
<opentracks:accuracy_horizontal>4.178</opentracks:accuracy_horizontal></extensions>
</trkpt>
<trkpt lat="50.443818" lon="-104.587939">
<ele>553.9</ele>
<time>2026-09-10T18:13:42.324-06:00</time>
<extensions>
<gpxtpx:TrackPointExtension>
<gpxtpx:speed>4.28</gpxtpx:speed>
</gpxtpx:TrackPointExtension>
<opentracks:accuracy_horizontal>4.416</opentracks:accuracy_horizontal></extensions>
</trkpt>
<trkpt lat="50.443932" lon="-104.587929">
<ele>554.6</ele>
<time>2026-09-10T18:13:45.316-06:00</time>
<extensions>
<gpxtpx:TrackPointExtension>
<gpxtpx:speed>4.13</gpxtpx:speed>
</gpxtpx:TrackPointExtension>
<opentracks:accuracy_horizontal>4.05</opentracks:accuracy_horizontal></extensions>
</trkpt>
<trkpt lat="50.444007" lon="-104.587763">
<ele>555.4</ele>
<time>2026-09-10T18:13:48.321-06:00</time>
<extensions>
<gpxtpx:TrackPointExtension>
<gpxtpx:speed>5.02</gpxtpx:speed>
</gpxtpx:TrackPointExtension>
<opentracks:accuracy_horizontal>4.53</opentracks:accuracy_horizontal></extensions>
</trkpt>
<trkpt lat="50.443977" lon="-104.587605">
<ele>554.2</ele>
<time>2026-09-10T18:13:50.315-06:00</time>
<extensions>
<gpxtpx:TrackPointExtension>
<gpxtpx:speed>5.04</gpxtpx:speed>
</gpxtpx:TrackPointExtension>
<opentracks:accuracy_horizontal>4.066</opentracks:accuracy_horizontal></extensions>
</trkpt>
<trkpt lat="50.443946" lon="-104.58746">
<ele>553.9</ele>
<time>2026-09-10T18:13:52.309-06:00</time>
<extensions>
<gpxtpx:TrackPointExtension>
<gpxtpx:speed>4.85</gpxtpx:speed>
</gpxtpx:TrackPointExtension>
<opentracks:accuracy_horizontal>3.896</opentracks:accuracy_horizontal></extensions>
</trkpt>
<trkpt lat="50.44394" lon="-104.587248">
<ele>553.7</ele>
<time>2026-09-10T18:13:55.315-06:00</time>
<extensions>
<gpxtpx:TrackPointExtension>
<gpxtpx:speed>5.35</gpxtpx:speed>
</gpxtpx:TrackPointExtension>
<opentracks:accuracy_horizontal>3.84</opentracks:accuracy_horizontal></extensions>
</trkpt>
<trkpt lat="50.443942" lon="-104.587086">
<ele>554.1</ele>
<time>2026-09-10T18:13:57.319-06:00</time>
<extensions>
<gpxtpx:TrackPointExtension>
<gpxtpx:speed>5.54</gpxtpx:speed>
</gpxtpx:TrackPointExtension>
<opentracks:accuracy_horizontal>3.805</opentracks:accuracy_horizontal></extensions>
</trkpt>
<trkpt lat="50.44394" lon="-104.586921">
<ele>554.1</ele>
<time>2026-09-10T18:13:59.323-06:00</time>
<extensions>
<gpxtpx:TrackPointExtension>
<gpxtpx:speed>6.02</gpxtpx:speed>
</gpxtpx:TrackPointExtension>
<opentracks:accuracy_horizontal>3.805</opentracks:accuracy_horizontal></extensions>
</trkpt>
<trkpt lat="50.443939" lon="-104.586731">
<ele>554.4</ele>
<time>2026-09-10T18:14:01.312-06:00</time>
<extensions>
<gpxtpx:TrackPointExtension>
<gpxtpx:speed>6.37</gpxtpx:speed>
</gpxtpx:TrackPointExtension>
<opentracks:accuracy_horizontal>3.878</opentracks:accuracy_horizontal></extensions>
</trkpt>
<trkpt lat="50.443936" lon="-104.586543">
<ele>554.6</ele>
<time>2026-09-10T18:14:03.319-06:00</time>
<extensions>
<gpxtpx:TrackPointExtension>
<gpxtpx:speed>6.48</gpxtpx:speed>
</gpxtpx:TrackPointExtension>
<opentracks:accuracy_horizontal>3.866</opentracks:accuracy_horizontal></extensions>
</trkpt>
<trkpt lat="50.44393" lon="-104.586366">
<ele>554.9</ele>
<time>2026-09-10T18:14:05.31-06:00</time>
<extensions>
<gpxtpx:TrackPointExtension>
<gpxtpx:speed>6.18</gpxtpx:speed>
</gpxtpx:TrackPointExtension>
<opentracks:accuracy_horizontal>3.866</opentracks:accuracy_horizontal></extensions>
</trkpt>
<trkpt lat="50.443927" lon="-104.5862">
<ele>555.3</ele>
<time>2026-09-10T18:14:07.298-06:00</time>
<extensions>
<gpxtpx:TrackPointExtension>
<gpxtpx:speed>6.07</gpxtpx:speed>
</gpxtpx:TrackPointExtension>
<opentracks:accuracy_horizontal>3.865</opentracks:accuracy_horizontal></extensions>
</trkpt>
<trkpt lat="50.443928" lon="-104.586028">
<ele>555.4</ele>
<time>2026-09-10T18:14:09.309-06:00</time>
<extensions>
<gpxtpx:TrackPointExtension>
<gpxtpx:speed>6.27</gpxtpx:speed>
</gpxtpx:TrackPointExtension>
<opentracks:accuracy_horizontal>3.865</opentracks:accuracy_horizontal></extensions>
</trkpt>
<trkpt lat="50.443928" lon="-104.58585">
<ele>555.6</ele>
<time>2026-09-10T18:14:11.319-06:00</time>
<extensions>
<gpxtpx:TrackPointExtension>
<gpxtpx:speed>6.37</gpxtpx:speed>
</gpxtpx:TrackPointExtension>
<opentracks:accuracy_horizontal>3.855</opentracks:accuracy_horizontal></extensions>
</trkpt>
<trkpt lat="50.443927" lon="-104.585662">
<ele>555.7</ele>
<time>2026-09-10T18:14:13.321-06:00</time>
<extensions>
<gpxtpx:TrackPointExtension>
<gpxtpx:speed>6.6</gpxtpx:speed>
</gpxtpx:TrackPointExtension>
<opentracks:accuracy_horizontal>3.884</opentracks:accuracy_horizontal></extensions>
</trkpt>
<trkpt lat="50.443933" lon="-104.585461">
<ele>556.4</ele>
<time>2026-09-10T18:14:15.314-06:00</time>
<extensions>
<gpxtpx:TrackPointExtension>
<gpxtpx:speed>6.78</gpxtpx:speed>
</gpxtpx:TrackPointExtension>
<opentracks:accuracy_horizontal>3.828</opentracks:accuracy_horizontal></extensions>
</trkpt>
<trkpt lat="50.443933" lon="-104.585266">
<ele>556.9</ele>
<time>2026-09-10T18:14:17.316-06:00</time>
<extensions>
<gpxtpx:TrackPointExtension>
<gpxtpx:speed>7.07</gpxtpx:speed>
</gpxtpx:TrackPointExtension>
<opentracks:accuracy_horizontal>3.843</opentracks:accuracy_horizontal></extensions>
</trkpt>
<trkpt lat="50.443925" lon="-104.585066">
<ele>556.6</ele>
<time>2026-09-10T18:14:19.312-06:00</time>
<extensions>
<gpxtpx:TrackPointExtension>
<gpxtpx:speed>7.28</gpxtpx:speed>
</gpxtpx:TrackPointExtension>
<opentracks:accuracy_horizontal>3.803</opentracks:accuracy_horizontal></extensions>
</trkpt>
<trkpt lat="50.443921" lon="-104.584861">
<ele>556.4</ele>
<time>2026-09-10T18:14:21.309-06:00</time>
<extensions>
<gpxtpx:TrackPointExtension>
<gpxtpx:speed>7.11</gpxtpx:speed>
</gpxtpx:TrackPointExtension>
<opentracks:accuracy_horizontal>3.802</opentracks:accuracy_horizontal></extensions>
</trkpt>
<trkpt lat="50.44393" lon="-104.584663">
<ele>556.5</ele>
<time>2026-09-10T18:14:23.312-06:00</time>
<extensions>
<gpxtpx:TrackPointExtension>
<gpxtpx:speed>6.64</gpxtpx:speed>
</gpxtpx:TrackPointExtension>
<opentracks:accuracy_horizontal>3.802</opentracks:accuracy_horizontal></extensions>
</trkpt>
<trkpt lat="50.443934" lon="-104.584484">
<ele>556.1</ele>
<time>2026-09-10T18:14:25.302-06:00</time>
<extensions>
<gpxtpx:TrackPointExtension>
<gpxtpx:speed>6.42</gpxtpx:speed>
</gpxtpx:TrackPointExtension>
<opentracks:accuracy_horizontal>3.802</opentracks:accuracy_horizontal></extensions>
</trkpt>
<trkpt lat="50.443934" lon="-104.58431">
<ele>555.7</ele>
<time>2026-09-10T18:14:27.297-06:00</time>
<extensions>
<gpxtpx:TrackPointExtension>
<gpxtpx:speed>6.41</gpxtpx:speed>
</gpxtpx:TrackPointExtension>
<opentracks:accuracy_horizontal>3.802</opentracks:accuracy_horizontal></extensions>
</trkpt>
<trkpt lat="50.443941" lon="-104.584122">
<ele>555.1</ele>
<time>2026-09-10T18:14:29.297-06:00</time>
<extensions>
<gpxtpx:TrackPointExtension>
<gpxtpx:speed>6.6</gpxtpx:speed>
</gpxtpx:TrackPointExtension>
<opentracks:accuracy_horizontal>3.802</opentracks:accuracy_horizontal></extensions>
</trkpt>
<trkpt lat="50.443944" lon="-104.583923">
<ele>554.6</ele>
<time>2026-09-10T18:14:31.317-06:00</time>
<extensions>
<gpxtpx:TrackPointExtension>
<gpxtpx:speed>6.93</gpxtpx:speed>
</gpxtpx:TrackPointExtension>
<opentracks:accuracy_horizontal>3.801</opentracks:accuracy_horizontal></extensions>
</trkpt>
<trkpt lat="50.443945" lon="-104.583718">
<ele>554.6</ele>
<time>2026-09-10T18:14:33.305-06:00</time>
<extensions>
<gpxtpx:TrackPointExtension>
<gpxtpx:speed>7.49</gpxtpx:speed>
</gpxtpx:TrackPointExtension>
<opentracks:accuracy_horizontal>3.856</opentracks:accuracy_horizontal></extensions>
</trkpt>
<trkpt lat="50.443945" lon="-104.583498">
<ele>554.7</ele>
<time>2026-09-10T18:14:35.308-06:00</time>
<extensions>
<gpxtpx:TrackPointExtension>
<gpxtpx:speed>7.6</gpxtpx:speed>
</gpxtpx:TrackPointExtension>
<opentracks:accuracy_horizontal>4.09</opentracks:accuracy_horizontal></extensions>
</trkpt>
<trkpt lat="50.443945" lon="-104.583282">
<ele>554.9</ele>
<time>2026-09-10T18:14:37.306-06:00</time>
<extensions>
<gpxtpx:TrackPointExtension>
<gpxtpx:speed>8.01</gpxtpx:speed>
</gpxtpx:TrackPointExtension>
<opentracks:accuracy_horizontal>4.108</opentracks:accuracy_horizontal></extensions>
</trkpt>
<trkpt lat="50.443949" lon="-104.58305">
<ele>554.6</ele>
<time>2026-09-10T18:14:39.317-06:00</time>
<extensions>
<gpxtpx:TrackPointExtension>
<gpxtpx:speed>7.33</gpxtpx:speed>
</gpxtpx:TrackPointExtension>
<opentracks:accuracy_horizontal>4.061</opentracks:accuracy_horizontal></extensions>
</trkpt>
<trkpt lat="50.443957" lon="-104.582846">
<ele>554.5</ele>
<time>2026-09-10T18:14:41.315-06:00</time>
<extensions>
<gpxtpx:TrackPointExtension>
<gpxtpx:speed>7.01</gpxtpx:speed>
</gpxtpx:TrackPointExtension>
<opentracks:accuracy_horizontal>4.353</opentracks:accuracy_horizontal></extensions>
</trkpt>
<trkpt lat="50.443953" lon="-104.582634">
<ele>555</ele>
<time>2026-09-10T18:14:43.299-06:00</time>
<extensions>
<gpxtpx:TrackPointExtension>
<gpxtpx:speed>7.46</gpxtpx:speed>
</gpxtpx:TrackPointExtension>
<opentracks:accuracy_horizontal>4.204</opentracks:accuracy_horizontal></extensions>
</trkpt>
<trkpt lat="50.443954" lon="-104.582416">
<ele>555</ele>
<time>2026-09-10T18:14:45.314-06:00</time>
<extensions>
<gpxtpx:TrackPointExtension>
<gpxtpx:speed>7.65</gpxtpx:speed>
</gpxtpx:TrackPointExtension>
<opentracks:accuracy_horizontal>3.828</opentracks:accuracy_horizontal></extensions>
</trkpt>
<trkpt lat="50.443946" lon="-104.582191">
<ele>555.3</ele>
<time>2026-09-10T18:14:47.327-06:00</time>
<extensions>
<gpxtpx:TrackPointExtension>
<gpxtpx:speed>7.72</gpxtpx:speed>
</gpxtpx:TrackPointExtension>
<opentracks:accuracy_horizontal>3.8</opentracks:accuracy_horizontal></extensions>
</trkpt>
<trkpt lat="50.443943" lon="-104.581975">
<ele>555.1</ele>
<time>2026-09-10T18:14:49.3-06:00</time>
<extensions>
<gpxtpx:TrackPointExtension>
<gpxtpx:speed>7.77</gpxtpx:speed>
</gpxtpx:TrackPointExtension>
<opentracks:accuracy_horizontal>3.848</opentracks:accuracy_horizontal></extensions>
</trkpt>
<trkpt lat="50.443949" lon="-104.581751">
<ele>555.5</ele>
<time>2026-09-10T18:14:51.317-06:00</time>
<extensions>
<gpxtpx:TrackPointExtension>
<gpxtpx:speed>7.58</gpxtpx:speed>
</gpxtpx:TrackPointExtension>
<opentracks:accuracy_horizontal>3.875</opentracks:accuracy_horizontal></extensions>
</trkpt>
<trkpt lat="50.443952" lon="-104.58154">
<ele>555.5</ele>
<time>2026-09-10T18:14:53.324-06:00</time>
<extensions>
<gpxtpx:TrackPointExtension>
<gpxtpx:speed>7.32</gpxtpx:speed>
</gpxtpx:TrackPointExtension>
<opentracks:accuracy_horizontal>3.949</opentracks:accuracy_horizontal></extensions>
</trkpt>
<trkpt lat="50.443944" lon="-104.58134">
<ele>555.4</ele>
<time>2026-09-10T18:14:55.312-06:00</time>
<extensions>
<gpxtpx:TrackPointExtension>
<gpxtpx:speed>7.05</gpxtpx:speed>
</gpxtpx:TrackPointExtension>
<opentracks:accuracy_horizontal>3.844</opentracks:accuracy_horizontal></extensions>
</trkpt>
<trkpt lat="50.443938" lon="-104.581147">
<ele>554.8</ele>
<time>2026-09-10T18:14:57.321-06:00</time>
<extensions>
<gpxtpx:TrackPointExtension>
<gpxtpx:speed>6.65</gpxtpx:speed>
</gpxtpx:TrackPointExtension>
<opentracks:accuracy_horizontal>3.799</opentracks:accuracy_horizontal></extensions>
</trkpt>
<trkpt lat="50.443939" lon="-104.580966">
<ele>554.9</ele>
<time>2026-09-10T18:14:59.318-06:00</time>
<extensions>
<gpxtpx:TrackPointExtension>
<gpxtpx:speed>6.46</gpxtpx:speed>
</gpxtpx:TrackPointExtension>
<opentracks:accuracy_horizontal>3.819</opentracks:accuracy_horizontal></extensions>
</trkpt>
<trkpt lat="50.443943" lon="-104.580789">
<ele>555.1</ele>
<time>2026-09-10T18:15:01.32-06:00</time>
<extensions>
<gpxtpx:TrackPointExtension>
<gpxtpx:speed>6.02</gpxtpx:speed>
</gpxtpx:TrackPointExtension>
<opentracks:accuracy_horizontal>3.858</opentracks:accuracy_horizontal></extensions>
</trkpt>
<trkpt lat="50.443949" lon="-104.580624">
<ele>555.3</ele>
<time>2026-09-10T18:15:03.317-06:00</time>
<extensions>
<gpxtpx:TrackPointExtension>
<gpxtpx:speed>6.18</gpxtpx:speed>
</gpxtpx:TrackPointExtension>
<opentracks:accuracy_horizontal>3.858</opentracks:accuracy_horizontal></extensions>
</trkpt>
<trkpt lat="50.443951" lon="-104.580446">
<ele>555.6</ele>
<time>2026-09-10T18:15:05.322-06:00</time>
<extensions>
<gpxtpx:TrackPointExtension>
<gpxtpx:speed>6.54</gpxtpx:speed>
</gpxtpx:TrackPointExtension>
<opentracks:accuracy_horizontal>3.943</opentracks:accuracy_horizontal></extensions>
</trkpt>
<trkpt lat="50.44395" lon="-104.58026">
<ele>555.5</ele>
<time>2026-09-10T18:15:07.327-06:00</time>
<extensions>
<gpxtpx:TrackPointExtension>
<gpxtpx:speed>6.39</gpxtpx:speed>
</gpxtpx:TrackPointExtension>
<opentracks:accuracy_horizontal>4.193</opentracks:accuracy_horizontal></extensions>
</trkpt>
<trkpt lat="50.44395" lon="-104.580073">
<ele>555.1</ele>
<time>2026-09-10T18:15:09.337-06:00</time>
<extensions>
<gpxtpx:TrackPointExtension>
<gpxtpx:speed>6.31</gpxtpx:speed>
</gpxtpx:TrackPointExtension>
<opentracks:accuracy_horizontal>3.93</opentracks:accuracy_horizontal></extensions>
</trkpt>
<trkpt lat="50.443962" lon="-104.579891">
<ele>554.4</ele>
<time>2026-09-10T18:15:11.322-06:00</time>
<extensions>
<gpxtpx:TrackPointExtension>
<gpxtpx:speed>6.22</gpxtpx:speed>
</gpxtpx:TrackPointExtension>
<opentracks:accuracy_horizontal>3.797</opentracks:accuracy_horizontal></extensions>
</trkpt>
<trkpt lat="50.443971" lon="-104.57971">
<ele>554.2</ele>
<time>2026-09-10T18:15:13.32-06:00</time>
<extensions>
<gpxtpx:TrackPointExtension>
<gpxtpx:speed>6.59</gpxtpx:speed>
</gpxtpx:TrackPointExtension>
<opentracks:accuracy_horizontal>3.828</opentracks:accuracy_horizontal></extensions>
</trkpt>
<trkpt lat="50.443965" lon="-104.579515">
<ele>554.3</ele>
<time>2026-09-10T18:15:15.329-06:00</time>
<extensions>
<gpxtpx:TrackPointExtension>
<gpxtpx:speed>6.84</gpxtpx:speed>
</gpxtpx:TrackPointExtension>
<opentracks:accuracy_horizontal>3.891</opentracks:accuracy_horizontal></extensions>
</trkpt>
<trkpt lat="50.443961" lon="-104.579333">
<ele>555.2</ele>
<time>2026-09-10T18:15:17.322-06:00</time>
<extensions>
<gpxtpx:TrackPointExtension>
<gpxtpx:speed>6.57</gpxtpx:speed>
</gpxtpx:TrackPointExtension>
<opentracks:accuracy_horizontal>3.916</opentracks:accuracy_horizontal></extensions>
</trkpt>
<trkpt lat="50.443965" lon="-104.579166">
<ele>555.9</ele>
<time>2026-09-10T18:15:19.312-06:00</time>
<extensions>
<gpxtpx:TrackPointExtension>
<gpxtpx:speed>5.39</gpxtpx:speed>
</gpxtpx:TrackPointExtension>
<opentracks:accuracy_horizontal>4.047</opentracks:accuracy_horizontal></extensions>
</trkpt>
<trkpt lat="50.443971" lon="-104.579017">
<ele>555.5</ele>
<time>2026-09-10T18:15:21.312-06:00</time>
<extensions>
<gpxtpx:TrackPointExtension>
<gpxtpx:speed>5.1</gpxtpx:speed>
</gpxtpx:TrackPointExtension>
<opentracks:accuracy_horizontal>3.88</opentracks:accuracy_horizontal></extensions>
</trkpt>
<trkpt lat="50.443968" lon="-104.578861">
<ele>555.6</ele>
<time>2026-09-10T18:15:23.31-06:00</time>
<extensions>
<gpxtpx:TrackPointExtension>
<gpxtpx:speed>5.73</gpxtpx:speed>
</gpxtpx:TrackPointExtension>
<opentracks:accuracy_horizontal>3.81</opentracks:accuracy_horizontal></extensions>
</trkpt>
<trkpt lat="50.443965" lon="-104.578691">
<ele>555.6</ele>
<time>2026-09-10T18:15:25.314-06:00</time>
<extensions>
<gpxtpx:TrackPointExtension>
<gpxtpx:speed>5.86</gpxtpx:speed>
</gpxtpx:TrackPointExtension>
<opentracks:accuracy_horizontal>3.855</opentracks:accuracy_horizontal></extensions>
</trkpt>
<trkpt lat="50.443955" lon="-104.578521">
<ele>555.8</ele>
<time>2026-09-10T18:15:27.325-06:00</time>
<extensions>
<gpxtpx:TrackPointExtension>
<gpxtpx:speed>6.07</gpxtpx:speed>
</gpxtpx:TrackPointExtension>
<opentracks:accuracy_horizontal>3.796</opentracks:accuracy_horizontal></extensions>
</trkpt>
<trkpt lat="50.443952" lon="-104.578355">
<ele>555.2</ele>
<time>2026-09-10T18:15:29.309-06:00</time>
<extensions>
<gpxtpx:TrackPointExtension>
<gpxtpx:speed>5.59</gpxtpx:speed>
</gpxtpx:TrackPointExtension>
<opentracks:accuracy_horizontal>3.795</opentracks:accuracy_horizontal></extensions>
</trkpt>
<trkpt lat="50.443954" lon="-104.578205">
<ele>554.9</ele>
<time>2026-09-10T18:15:31.308-06:00</time>
<extensions>
<gpxtpx:TrackPointExtension>
<gpxtpx:speed>5.03</gpxtpx:speed>
</gpxtpx:TrackPointExtension>
<opentracks:accuracy_horizontal>3.795</opentracks:accuracy_horizontal></extensions>
</trkpt>
<trkpt lat="50.443949" lon="-104.578012">
<ele>554.7</ele>
<time>2026-09-10T18:15:34.316-06:00</time>
<extensions>
<gpxtpx:TrackPointExtension>
<gpxtpx:speed>4.44</gpxtpx:speed>
</gpxtpx:TrackPointExtension>
<opentracks:accuracy_horizontal>3.795</opentracks:accuracy_horizontal></extensions>
</trkpt>
<trkpt lat="50.443941" lon="-104.577849">
<ele>554.6</ele>
<time>2026-09-10T18:15:37.304-06:00</time>
<extensions>
<gpxtpx:TrackPointExtension>
<gpxtpx:speed>3.92</gpxtpx:speed>
</gpxtpx:TrackPointExtension>
<opentracks:accuracy_horizontal>3.795</opentracks:accuracy_horizontal></extensions>
</trkpt>
<trkpt lat="50.443955" lon="-104.577682">
<ele>556.6</ele>
<time>2026-09-10T18:15:41.314-06:00</time>
<extensions>
<gpxtpx:TrackPointExtension>
<gpxtpx:speed>2.52</gpxtpx:speed>
</gpxtpx:TrackPointExtension>
<opentracks:accuracy_horizontal>3.922</opentracks:accuracy_horizontal></extensions>
</trkpt>
<trkpt lat="50.443997" lon="-104.577535">
<ele>555.6</ele>
<time>2026-09-10T18:15:46.315-06:00</time>
<extensions>
<gpxtpx:TrackPointExtension>
<gpxtpx:speed>2.65</gpxtpx:speed>
</gpxtpx:TrackPointExtension>
<opentracks:accuracy_horizontal>3.852</opentracks:accuracy_horizontal></extensions>
</trkpt>
<trkpt lat="50.444082" lon="-104.577416">
<ele>555.4</ele>
<time>2026-09-10T18:15:50.313-06:00</time>
<extensions>
<gpxtpx:TrackPointExtension>
<gpxtpx:speed>2.73</gpxtpx:speed>
</gpxtpx:TrackPointExtension>
<opentracks:accuracy_horizontal>3.985</opentracks:accuracy_horizontal></extensions>
</trkpt>
<trkpt lat="50.444171" lon="-104.577316">
<ele>554.8</ele>
<time>2026-09-10T18:15:54.319-06:00</time>
<extensions>
<gpxtpx:TrackPointExtension>
<gpxtpx:speed>4.12</gpxtpx:speed>
</gpxtpx:TrackPointExtension>
<opentracks:accuracy_horizontal>3.992</opentracks:accuracy_horizontal></extensions>
</trkpt>
<trkpt lat="50.444249" lon="-104.577242">
<ele>554.1</ele>
<time>2026-09-10T18:15:56.333-06:00</time>
<extensions>
<gpxtpx:TrackPointExtension>
<gpxtpx:speed>5.1</gpxtpx:speed>
</gpxtpx:TrackPointExtension>
<opentracks:accuracy_horizontal>4.206</opentracks:accuracy_horizontal></extensions>
</trkpt>
<trkpt lat="50.444346" lon="-104.577173">
<ele>554</ele>
<time>2026-09-10T18:15:58.32-06:00</time>
<extensions>
<gpxtpx:TrackPointExtension>
<gpxtpx:speed>5.9</gpxtpx:speed>
</gpxtpx:TrackPointExtension>
<opentracks:accuracy_horizontal>4.226</opentracks:accuracy_horizontal></extensions>
</trkpt>
<trkpt lat="50.444454" lon="-104.577086">
<ele>554</ele>
<time>2026-09-10T18:16:00.32-06:00</time>
<extensions>
<gpxtpx:TrackPointExtension>
<gpxtpx:speed>6.46</gpxtpx:speed>
</gpxtpx:TrackPointExtension>
<opentracks:accuracy_horizontal>4.294</opentracks:accuracy_horizontal></extensions>
</trkpt>
<trkpt lat="50.444563" lon="-104.577003">
<ele>554</ele>
<time>2026-09-10T18:16:02.321-06:00</time>
<extensions>
<gpxtpx:TrackPointExtension>
<gpxtpx:speed>6.47</gpxtpx:speed>
</gpxtpx:TrackPointExtension>
<opentracks:accuracy_horizontal>4.373</opentracks:accuracy_horizontal></extensions>
</trkpt>
<trkpt lat="50.444677" lon="-104.57698">
<ele>552.9</ele>
<time>2026-09-10T18:16:04.326-06:00</time>
<extensions>
<gpxtpx:TrackPointExtension>
<gpxtpx:speed>6.9</gpxtpx:speed>
</gpxtpx:TrackPointExtension>
<opentracks:accuracy_horizontal>4.566</opentracks:accuracy_horizontal></extensions>
</trkpt>
<trkpt lat="50.444815" lon="-104.576987">
<ele>551.7</ele>
<time>2026-09-10T18:16:06.323-06:00</time>
<extensions>
<gpxtpx:TrackPointExtension>
<gpxtpx:speed>7.2</gpxtpx:speed>
</gpxtpx:TrackPointExtension>
<opentracks:accuracy_horizontal>4.461</opentracks:accuracy_horizontal></extensions>
</trkpt>
<trkpt lat="50.444949" lon="-104.577015">
<ele>552</ele>
<time>2026-09-10T18:16:08.307-06:00</time>
<extensions>
<gpxtpx:TrackPointExtension>
<gpxtpx:speed>6.92</gpxtpx:speed>
</gpxtpx:TrackPointExtension>
<opentracks:accuracy_horizontal>4.23</opentracks:accuracy_horizontal></extensions>
</trkpt>
<trkpt lat="50.445081" lon="-104.577037">
<ele>552.4</ele>
<time>2026-09-10T18:16:10.324-06:00</time>
<extensions>
<gpxtpx:TrackPointExtension>
<gpxtpx:speed>6.89</gpxtpx:speed>
</gpxtpx:TrackPointExtension>
<opentracks:accuracy_horizontal>4.2</opentracks:accuracy_horizontal></extensions>
</trkpt>
<trkpt lat="50.445211" lon="-104.577053">
<ele>553.4</ele>
<time>2026-09-10T18:16:12.322-06:00</time>
<extensions>
<gpxtpx:TrackPointExtension>
<gpxtpx:speed>6.09</gpxtpx:speed>
</gpxtpx:TrackPointExtension>
<opentracks:accuracy_horizontal>4.404</opentracks:accuracy_horizontal></extensions>
</trkpt>
<trkpt lat="50.445324" lon="-104.577036">
<ele>554.3</ele>
<time>2026-09-10T18:16:14.314-06:00</time>
<extensions>
<gpxtpx:TrackPointExtension>
<gpxtpx:speed>5.69</gpxtpx:speed>
</gpxtpx:TrackPointExtension>
<opentracks:accuracy_horizontal>4.938</opentracks:accuracy_horizontal></extensions>
</trkpt>
<trkpt lat="50.445425" lon="-104.577049">
<ele>555</ele>
<time>2026-09-10T18:16:16.309-06:00</time>
<extensions>
<gpxtpx:TrackPointExtension>
<gpxtpx:speed>5.35</gpxtpx:speed>
</gpxtpx:TrackPointExtension>
<opentracks:accuracy_horizontal>4.71</opentracks:accuracy_horizontal></extensions>
</trkpt>
<trkpt lat="50.445539" lon="-104.577062">
<ele>555.5</ele>
<time>2026-09-10T18:16:19.316-06:00</time>
<extensions>
<gpxtpx:TrackPointExtension>
<gpxtpx:speed>3.55</gpxtpx:speed>
</gpxtpx:TrackPointExtension>
<opentracks:accuracy_horizontal>4.007</opentracks:accuracy_horizontal></extensions>
</trkpt>
<trkpt lat="50.445621" lon="-104.576985">
<ele>555.5</ele>
<time>2026-09-10T18:16:22.308-06:00</time>
<extensions>
<gpxtpx:TrackPointExtension>
<gpxtpx:speed>4.1</gpxtpx:speed>
</gpxtpx:TrackPointExtension>
<opentracks:accuracy_horizontal>4.054</opentracks:accuracy_horizontal></extensions>
</trkpt>
<trkpt lat="50.445604" lon="-104.576803">
<ele>555.2</ele>
<time>2026-09-10T18:16:25.319-06:00</time>
<extensions>
<gpxtpx:TrackPointExtension>
<gpxtpx:speed>4</gpxtpx:speed>
</gpxtpx:TrackPointExtension>
<opentracks:accuracy_horizontal>4.502</opentracks:accuracy_horizontal></extensions>
</trkpt>
<trkpt lat="50.445565" lon="-104.576616">
<ele>555.3</ele>
<time>2026-09-10T18:16:28.303-06:00</time>
<extensions>
<gpxtpx:TrackPointExtension>
<gpxtpx:speed>4.59</gpxtpx:speed>
</gpxtpx:TrackPointExtension>
<opentracks:accuracy_horizontal>3.795</opentracks:accuracy_horizontal></extensions>
</trkpt>
<trkpt lat="50.445548" lon="-104.57647">
<ele>555.3</ele>
<time>2026-09-10T18:16:30.327-06:00</time>
<extensions>
<gpxtpx:TrackPointExtension>
<gpxtpx:speed>5.19</gpxtpx:speed>
</gpxtpx:TrackPointExtension>
<opentracks:accuracy_horizontal>3.789</opentracks:accuracy_horizontal></extensions>
</trkpt>
<trkpt lat="50.44554" lon="-104.576315">
<ele>554.7</ele>
<time>2026-09-10T18:16:32.322-06:00</time>
<extensions>
<gpxtpx:TrackPointExtension>
<gpxtpx:speed>5.33</gpxtpx:speed>
</gpxtpx:TrackPointExtension>
<opentracks:accuracy_horizontal>3.788</opentracks:accuracy_horizontal></extensions>
</trkpt>
<trkpt lat="50.445545" lon="-104.57615">
<ele>554.8</ele>
<time>2026-09-10T18:16:34.32-06:00</time>
<extensions>
<gpxtpx:TrackPointExtension>
<gpxtpx:speed>5.64</gpxtpx:speed>
</gpxtpx:TrackPointExtension>
<opentracks:accuracy_horizontal>3.788</opentracks:accuracy_horizontal></extensions>
</trkpt>
<trkpt lat="50.445551" lon="-104.575989">
<ele>555.7</ele>
<time>2026-09-10T18:16:36.3-06:00</time>
<extensions>
<gpxtpx:TrackPointExtension>
<gpxtpx:speed>5.51</gpxtpx:speed>
</gpxtpx:TrackPointExtension>
<opentracks:accuracy_horizontal>3.806</opentracks:accuracy_horizontal></extensions>
</trkpt>
<trkpt lat="50.445548" lon="-104.575837">
<ele>555.9</ele>
<time>2026-09-10T18:16:38.312-06:00</time>
<extensions>
<gpxtpx:TrackPointExtension>
<gpxtpx:speed>5.47</gpxtpx:speed>
</gpxtpx:TrackPointExtension>
<opentracks:accuracy_horizontal>3.891</opentracks:accuracy_horizontal></extensions>
</trkpt>
<trkpt lat="50.445539" lon="-104.575687">
<ele>556.7</ele>
<time>2026-09-10T18:16:40.31-06:00</time>
<extensions>
<gpxtpx:TrackPointExtension>
<gpxtpx:speed>5.23</gpxtpx:speed>
</gpxtpx:TrackPointExtension>
<opentracks:accuracy_horizontal>4.01</opentracks:accuracy_horizontal></extensions>
</trkpt>
<trkpt lat="50.445535" lon="-104.575532">
<ele>557.7</ele>
<time>2026-09-10T18:16:42.324-06:00</time>
<extensions>
<gpxtpx:TrackPointExtension>
<gpxtpx:speed>5.73</gpxtpx:speed>
</gpxtpx:TrackPointExtension>
<opentracks:accuracy_horizontal>4</opentracks:accuracy_horizontal></extensions>
</trkpt>
<trkpt lat="50.445526" lon="-104.575364">
<ele>557.5</ele>
<time>2026-09-10T18:16:44.308-06:00</time>
<extensions>
<gpxtpx:TrackPointExtension>
<gpxtpx:speed>6.31</gpxtpx:speed>
</gpxtpx:TrackPointExtension>
<opentracks:accuracy_horizontal>4.161</opentracks:accuracy_horizontal></extensions>
</trkpt>
<trkpt lat="50.445522" lon="-104.575185">
<ele>556.8</ele>
<time>2026-09-10T18:16:46.327-06:00</time>
<extensions>
<gpxtpx:TrackPointExtension>
<gpxtpx:speed>6.03</gpxtpx:speed>
</gpxtpx:TrackPointExtension>
<opentracks:accuracy_horizontal>4.21</opentracks:accuracy_horizontal></extensions>
</trkpt>
<trkpt lat="50.445523" lon="-104.575">
<ele>556.6</ele>
<time>2026-09-10T18:16:48.312-06:00</time>
<extensions>
<gpxtpx:TrackPointExtension>
<gpxtpx:speed>5.94</gpxtpx:speed>
</gpxtpx:TrackPointExtension>
<opentracks:accuracy_horizontal>4.139</opentracks:accuracy_horizontal></extensions>
</trkpt>
<trkpt lat="50.445539" lon="-104.574825">
<ele>556.6</ele>
<time>2026-09-10T18:16:50.285-06:00</time>
<extensions>
<gpxtpx:TrackPointExtension>
<gpxtpx:speed>6.09</gpxtpx:speed>
</gpxtpx:TrackPointExtension>
<opentracks:accuracy_horizontal>4.147</opentracks:accuracy_horizontal></extensions>
</trkpt>
<trkpt lat="50.445543" lon="-104.574636">
<ele>556</ele>
<time>2026-09-10T18:16:52.307-06:00</time>
<extensions>
<gpxtpx:TrackPointExtension>
<gpxtpx:speed>6.04</gpxtpx:speed>
</gpxtpx:TrackPointExtension>
<opentracks:accuracy_horizontal>3.912</opentracks:accuracy_horizontal></extensions>
</trkpt>
<trkpt lat="50.44554" lon="-104.574465">
<ele>555.7</ele>
<time>2026-09-10T18:16:54.298-06:00</time>
<extensions>
<gpxtpx:TrackPointExtension>
<gpxtpx:speed>6.07</gpxtpx:speed>
</gpxtpx:TrackPointExtension>
<opentracks:accuracy_horizontal>3.929</opentracks:accuracy_horizontal></extensions>
</trkpt>
<trkpt lat="50.44554" lon="-104.574295">
<ele>555.6</ele>
<time>2026-09-10T18:16:56.308-06:00</time>
<extensions>
<gpxtpx:TrackPointExtension>
<gpxtpx:speed>6.07</gpxtpx:speed>
</gpxtpx:TrackPointExtension>
<opentracks:accuracy_horizontal>3.945</opentracks:accuracy_horizontal></extensions>
</trkpt>
<trkpt lat="50.445546" lon="-104.574125">
<ele>555.6</ele>
<time>2026-09-10T18:16:58.325-06:00</time>
<extensions>
<gpxtpx:TrackPointExtension>
<gpxtpx:speed>6.22</gpxtpx:speed>
</gpxtpx:TrackPointExtension>
<opentracks:accuracy_horizontal>3.842</opentracks:accuracy_horizontal></extensions>
</trkpt>
<trkpt lat="50.445548" lon="-104.573956">
<ele>555.9</ele>
<time>2026-09-10T18:17:00.313-06:00</time>
<extensions>
<gpxtpx:TrackPointExtension>
<gpxtpx:speed>6.03</gpxtpx:speed>
</gpxtpx:TrackPointExtension>
<opentracks:accuracy_horizontal>3.785</opentracks:accuracy_horizontal></extensions>
</trkpt>
<trkpt lat="50.44555" lon="-104.573802">
<ele>556.6</ele>
<time>2026-09-10T18:17:02.332-06:00</time>
<extensions>
<gpxtpx:TrackPointExtension>
<gpxtpx:speed>5.48</gpxtpx:speed>
</gpxtpx:TrackPointExtension>
<opentracks:accuracy_horizontal>3.785</opentracks:accuracy_horizontal></extensions>
</trkpt>
<trkpt lat="50.445554" lon="-104.573658">
<ele>556.9</ele>
<time>2026-09-10T18:17:04.321-06:00</time>
<extensions>
<gpxtpx:TrackPointExtension>
<gpxtpx:speed>5.26</gpxtpx:speed>
</gpxtpx:TrackPointExtension>
<opentracks:accuracy_horizontal>3.785</opentracks:accuracy_horizontal></extensions>
</trkpt>
<trkpt lat="50.445554" lon="-104.573515">
<ele>557</ele>
<time>2026-09-10T18:17:06.318-06:00</time>
<extensions>
<gpxtpx:TrackPointExtension>
<gpxtpx:speed>5.09</gpxtpx:speed>
</gpxtpx:TrackPointExtension>
<opentracks:accuracy_horizontal>3.784</opentracks:accuracy_horizontal></extensions>
</trkpt>
<trkpt lat="50.445558" lon="-104.573373">
<ele>557.3</ele>
<time>2026-09-10T18:17:08.333-06:00</time>
<extensions>
<gpxtpx:TrackPointExtension>
<gpxtpx:speed>4.89</gpxtpx:speed>
</gpxtpx:TrackPointExtension>
<opentracks:accuracy_horizontal>4.139</opentracks:accuracy_horizontal></extensions>
</trkpt>
<trkpt lat="50.445552" lon="-104.57317">
<ele>556.9</ele>
<time>2026-09-10T18:17:11.308-06:00</time>
<extensions>
<gpxtpx:TrackPointExtension>
<gpxtpx:speed>4.25</gpxtpx:speed>
</gpxtpx:TrackPointExtension>
<opentracks:accuracy_horizontal>4.138</opentracks:accuracy_horizontal></extensions>
</trkpt>
<trkpt lat="50.445551" lon="-104.573007">
<ele>557.2</ele>
<time>2026-09-10T18:17:14.311-06:00</time>
<extensions>
<gpxtpx:TrackPointExtension>
<gpxtpx:speed>3.83</gpxtpx:speed>
</gpxtpx:TrackPointExtension>
<opentracks:accuracy_horizontal>3.783</opentracks:accuracy_horizontal></extensions>
</trkpt>
<trkpt lat="50.445547" lon="-104.572858">
<ele>557.5</ele>
<time>2026-09-10T18:17:17.317-06:00</time>
<extensions>
<gpxtpx:TrackPointExtension>
<gpxtpx:speed>3.07</gpxtpx:speed>
</gpxtpx:TrackPointExtension>
<opentracks:accuracy_horizontal>3.839</opentracks:accuracy_horizontal></extensions>
</trkpt>
<trkpt lat="50.445567" lon="-104.572703">
<ele>558</ele>
<time>2026-09-10T18:17:21.294-06:00</time>
<extensions>
<gpxtpx:TrackPointExtension>
<gpxtpx:speed>3.01</gpxtpx:speed>
</gpxtpx:TrackPointExtension>
<opentracks:accuracy_horizontal>3.839</opentracks:accuracy_horizontal></extensions>
</trkpt>
<trkpt lat="50.445562" lon="-104.572536">
<ele>558</ele>
<time>2026-09-10T18:17:25.317-06:00</time>
<extensions>
<gpxtpx:TrackPointExtension>
<gpxtpx:speed>2.13</gpxtpx:speed>
</gpxtpx:TrackPointExtension>
<opentracks:accuracy_horizontal>3.838</opentracks:accuracy_horizontal></extensions>
</trkpt>
<trkpt lat="50.445551" lon="-104.572374">
<ele>557.8</ele>
<time>2026-09-10T18:17:33.314-06:00</time>
<extensions>
<gpxtpx:TrackPointExtension>
<gpxtpx:speed>2.16</gpxtpx:speed>
</gpxtpx:TrackPointExtension>
<opentracks:accuracy_horizontal>4.178</opentracks:accuracy_horizontal></extensions>
</trkpt>
<trkpt lat="50.445443" lon="-104.572318">
<ele>558.4</ele>
<time>2026-09-10T18:17:37.324-06:00</time>
<extensions>
<gpxtpx:TrackPointExtension>
<gpxtpx:speed>2.55</gpxtpx:speed>
</gpxtpx:TrackPointExtension>
<opentracks:accuracy_horizontal>4.283</opentracks:accuracy_horizontal></extensions>
</trkpt>
<trkpt lat="50.445453" lon="-104.572157">
<ele>555.6</ele>
<time>2026-09-10T18:17:40.316-06:00</time>
<extensions>
<gpxtpx:TrackPointExtension>
<gpxtpx:speed>3.28</gpxtpx:speed>
</gpxtpx:TrackPointExtension>
<opentracks:accuracy_horizontal>4.411</opentracks:accuracy_horizontal></extensions>
</trkpt>
<trkpt lat="50.445502" lon="-104.572035">
<ele>555.4</ele>
<time>2026-09-10T18:17:42.31-06:00</time>
<extensions>
<gpxtpx:TrackPointExtension>
<gpxtpx:speed>5.62</gpxtpx:speed>
</gpxtpx:TrackPointExtension>
<opentracks:accuracy_horizontal>4.498</opentracks:accuracy_horizontal></extensions>
</trkpt>
<trkpt lat="50.445556" lon="-104.571853">
<ele>554.5</ele>
<time>2026-09-10T18:17:44.326-06:00</time>
<extensions>
<gpxtpx:TrackPointExtension>
<gpxtpx:speed>6.22</gpxtpx:speed>
</gpxtpx:TrackPointExtension>
<opentracks:accuracy_horizontal>4.455</opentracks:accuracy_horizontal></extensions>
</trkpt>
<trkpt lat="50.445565" lon="-104.57166">
<ele>554.4</ele>
<time>2026-09-10T18:17:46.322-06:00</time>
<extensions>
<gpxtpx:TrackPointExtension>
<gpxtpx:speed>6.61</gpxtpx:speed>
</gpxtpx:TrackPointExtension>
<opentracks:accuracy_horizontal>4.384</opentracks:accuracy_horizontal></extensions>
</trkpt>
<trkpt lat="50.445571" lon="-104.571463">
<ele>554.3</ele>
<time>2026-09-10T18:17:48.317-06:00</time>
<extensions>
<gpxtpx:TrackPointExtension>
<gpxtpx:speed>7.04</gpxtpx:speed>
</gpxtpx:TrackPointExtension>
<opentracks:accuracy_horizontal>4.06</opentracks:accuracy_horizontal></extensions>
</trkpt>
<trkpt lat="50.445578" lon="-104.571266">
<ele>554.3</ele>
<time>2026-09-10T18:17:50.315-06:00</time>
<extensions>
<gpxtpx:TrackPointExtension>
<gpxtpx:speed>7.06</gpxtpx:speed>
</gpxtpx:TrackPointExtension>
<opentracks:accuracy_horizontal>4.063</opentracks:accuracy_horizontal></extensions>
</trkpt>
<trkpt lat="50.445589" lon="-104.571062">
<ele>554.5</ele>
<time>2026-09-10T18:17:52.322-06:00</time>
<extensions>
<gpxtpx:TrackPointExtension>
<gpxtpx:speed>7.36</gpxtpx:speed>
</gpxtpx:TrackPointExtension>
<opentracks:accuracy_horizontal>4.169</opentracks:accuracy_horizontal></extensions>
</trkpt>
<trkpt lat="50.445576" lon="-104.570854">
<ele>555.4</ele>
<time>2026-09-10T18:17:54.333-06:00</time>
<extensions>
<gpxtpx:TrackPointExtension>
<gpxtpx:speed>7.47</gpxtpx:speed>
</gpxtpx:TrackPointExtension>
<opentracks:accuracy_horizontal>3.962</opentracks:accuracy_horizontal></extensions>
</trkpt>
<trkpt lat="50.445573" lon="-104.570647">
<ele>555.4</ele>
<time>2026-09-10T18:17:56.317-06:00</time>
<extensions>
<gpxtpx:TrackPointExtension>
<gpxtpx:speed>7.36</gpxtpx:speed>
</gpxtpx:TrackPointExtension>
<opentracks:accuracy_horizontal>3.892</opentracks:accuracy_horizontal></extensions>
</trkpt>
<trkpt lat="50.445566" lon="-104.570428">
<ele>555.3</ele>
<time>2026-09-10T18:17:58.312-06:00</time>
<extensions>
<gpxtpx:TrackPointExtension>
<gpxtpx:speed>7.4</gpxtpx:speed>
</gpxtpx:TrackPointExtension>
<opentracks:accuracy_horizontal>4.008</opentracks:accuracy_horizontal></extensions>
</trkpt>
<trkpt lat="50.445556" lon="-104.570214">
<ele>555.7</ele>
<time>2026-09-10T18:18:00.311-06:00</time>
<extensions>
<gpxtpx:TrackPointExtension>
<gpxtpx:speed>7.17</gpxtpx:speed>
</gpxtpx:TrackPointExtension>
<opentracks:accuracy_horizontal>3.967</opentracks:accuracy_horizontal></extensions>
</trkpt>
<trkpt lat="50.445556" lon="-104.570008">
<ele>555.6</ele>
<time>2026-09-10T18:18:02.303-06:00</time>
<extensions>
<gpxtpx:TrackPointExtension>
<gpxtpx:speed>7.19</gpxtpx:speed>
</gpxtpx:TrackPointExtension>
<opentracks:accuracy_horizontal>3.968</opentracks:accuracy_horizontal></extensions>
</trkpt>
<trkpt lat="50.445558" lon="-104.569802">
<ele>554.9</ele>
<time>2026-09-10T18:18:04.306-06:00</time>
<extensions>
<gpxtpx:TrackPointExtension>
<gpxtpx:speed>7.03</gpxtpx:speed>
</gpxtpx:TrackPointExtension>
<opentracks:accuracy_horizontal>4.077</opentracks:accuracy_horizontal></extensions>
</trkpt>
<trkpt lat="50.445562" lon="-104.569596">
<ele>554.4</ele>
<time>2026-09-10T18:18:06.32-06:00</time>
<extensions>
<gpxtpx:TrackPointExtension>
<gpxtpx:speed>7.46</gpxtpx:speed>
</gpxtpx:TrackPointExtension>
<opentracks:accuracy_horizontal>3.958</opentracks:accuracy_horizontal></extensions>
</trkpt>
<trkpt lat="50.445563" lon="-104.569383">
<ele>554.7</ele>
<time>2026-09-10T18:18:08.313-06:00</time>
<extensions>
<gpxtpx:TrackPointExtension>
<gpxtpx:speed>7.38</gpxtpx:speed>
</gpxtpx:TrackPointExtension>
<opentracks:accuracy_horizontal>3.95</opentracks:accuracy_horizontal></extensions>
</trkpt>
<trkpt lat="50.445567" lon="-104.569176">
<ele>554.6</ele>
<time>2026-09-10T18:18:10.308-06:00</time>
<extensions>
<gpxtpx:TrackPointExtension>
<gpxtpx:speed>7.45</gpxtpx:speed>
</gpxtpx:TrackPointExtension>
<opentracks:accuracy_horizontal>3.812</opentracks:accuracy_horizontal></extensions>
</trkpt>
<trkpt lat="50.445568" lon="-104.568968">
<ele>554.8</ele>
<time>2026-09-10T18:18:12.316-06:00</time>
<extensions>
<gpxtpx:TrackPointExtension>
<gpxtpx:speed>7.47</gpxtpx:speed>
</gpxtpx:TrackPointExtension>
<opentracks:accuracy_horizontal>3.972</opentracks:accuracy_horizontal></extensions>
</trkpt>
<trkpt lat="50.445565" lon="-104.568755">
<ele>554.8</ele>
<time>2026-09-10T18:18:14.306-06:00</time>
<extensions>
<gpxtpx:TrackPointExtension>
<gpxtpx:speed>7.37</gpxtpx:speed>
</gpxtpx:TrackPointExtension>
<opentracks:accuracy_horizontal>4.052</opentracks:accuracy_horizontal></extensions>
</trkpt>
<trkpt lat="50.445561" lon="-104.568531">
<ele>555.8</ele>
<time>2026-09-10T18:18:16.31-06:00</time>
<extensions>
<gpxtpx:TrackPointExtension>
<gpxtpx:speed>7.63</gpxtpx:speed>
</gpxtpx:TrackPointExtension>
<opentracks:accuracy_horizontal>3.944</opentracks:accuracy_horizontal></extensions>
</trkpt>
<trkpt lat="50.445568" lon="-104.568318">
<ele>555.9</ele>
<time>2026-09-10T18:18:18.319-06:00</time>
<extensions>
<gpxtpx:TrackPointExtension>
<gpxtpx:speed>7.45</gpxtpx:speed>
</gpxtpx:TrackPointExtension>
<opentracks:accuracy_horizontal>3.851</opentracks:accuracy_horizontal></extensions>
</trkpt>
<trkpt lat="50.44558" lon="-104.568096">
<ele>555.5</ele>
<time>2026-09-10T18:18:20.318-06:00</time>
<extensions>
<gpxtpx:TrackPointExtension>
<gpxtpx:speed>7.2</gpxtpx:speed>
</gpxtpx:TrackPointExtension>
<opentracks:accuracy_horizontal>3.83</opentracks:accuracy_horizontal></extensions>
</trkpt>
<trkpt lat="50.445589" lon="-104.567897">
<ele>555.5</ele>
<time>2026-09-10T18:18:22.322-06:00</time>
<extensions>
<gpxtpx:TrackPointExtension>
<gpxtpx:speed>6.68</gpxtpx:speed>
</gpxtpx:TrackPointExtension>
<opentracks:accuracy_horizontal>3.83</opentracks:accuracy_horizontal></extensions>
</trkpt>
<trkpt lat="50.445584" lon="-104.567721">
<ele>556.2</ele>
<time>2026-09-10T18:18:24.317-06:00</time>
<extensions>
<gpxtpx:TrackPointExtension>
<gpxtpx:speed>5.96</gpxtpx:speed>
</gpxtpx:TrackPointExtension>
<opentracks:accuracy_horizontal>3.83</opentracks:accuracy_horizontal></extensions>
</trkpt>
<trkpt lat="50.445571" lon="-104.567571">
<ele>556.8</ele>
<time>2026-09-10T18:18:26.323-06:00</time>
<extensions>
<gpxtpx:TrackPointExtension>
<gpxtpx:speed>5.15</gpxtpx:speed>
</gpxtpx:TrackPointExtension>
<opentracks:accuracy_horizontal>3.83</opentracks:accuracy_horizontal></extensions>
</trkpt>
<trkpt lat="50.445575" lon="-104.567428">
<ele>557.2</ele>
<time>2026-09-10T18:18:28.327-06:00</time>
<extensions>
<gpxtpx:TrackPointExtension>
<gpxtpx:speed>4.79</gpxtpx:speed>
</gpxtpx:TrackPointExtension>
<opentracks:accuracy_horizontal>3.829</opentracks:accuracy_horizontal></extensions>
</trkpt>
<trkpt lat="50.445583" lon="-104.567219">
<ele>557.3</ele>
<time>2026-09-10T18:18:31.306-06:00</time>
<extensions>
<gpxtpx:TrackPointExtension>
<gpxtpx:speed>3.89</gpxtpx:speed>
</gpxtpx:TrackPointExtension>
<opentracks:accuracy_horizontal>3.774</opentracks:accuracy_horizontal></extensions>
</trkpt>
<trkpt lat="50.445571" lon="-104.567057">
<ele>557.1</ele>
<time>2026-09-10T18:18:34.285-06:00</time>
<extensions>
<gpxtpx:TrackPointExtension>
<gpxtpx:speed>3.74</gpxtpx:speed>
</gpxtpx:TrackPointExtension>
<opentracks:accuracy_horizontal>3.774</opentracks:accuracy_horizontal></extensions>
</trkpt>
<trkpt lat="50.445569" lon="-104.566909">
<ele>557.9</ele>
<time>2026-09-10T18:18:37.317-06:00</time>
<extensions>
<gpxtpx:TrackPointExtension>
<gpxtpx:speed>3.98</gpxtpx:speed>
</gpxtpx:TrackPointExtension>
<opentracks:accuracy_horizontal>3.633</opentracks:accuracy_horizontal></extensions>
</trkpt>
<trkpt lat="50.445559" lon="-104.566743">
<ele>556.8</ele>
<time>2026-09-10T18:18:40.315-06:00</time>
<extensions>
<gpxtpx:TrackPointExtension>
<gpxtpx:speed>3.69</gpxtpx:speed>
</gpxtpx:TrackPointExtension>
<opentracks:accuracy_horizontal>3.834</opentracks:accuracy_horizontal></extensions>
</trkpt>
<trkpt lat="50.44554" lon="-104.566578">
<ele>557.9</ele>
<time>2026-09-10T18:18:43.316-06:00</time>
<extensions>
<gpxtpx:TrackPointExtension>
<gpxtpx:speed>3.82</gpxtpx:speed>
</gpxtpx:TrackPointExtension>
<opentracks:accuracy_horizontal>3.773</opentracks:accuracy_horizontal></extensions>
</trkpt>
<trkpt lat="50.445522" lon="-104.566397">
<ele>557.9</ele>
<time>2026-09-10T18:18:46.328-06:00</time>
<extensions>
<gpxtpx:TrackPointExtension>
<gpxtpx:speed>3.92</gpxtpx:speed>
</gpxtpx:TrackPointExtension>
<opentracks:accuracy_horizontal>3.827</opentracks:accuracy_horizontal></extensions>
</trkpt>
<trkpt lat="50.4455" lon="-104.566247">
<ele>558</ele>
<time>2026-09-10T18:18:49.307-06:00</time>
<extensions>
<gpxtpx:TrackPointExtension>
<gpxtpx:speed>3.2</gpxtpx:speed>
</gpxtpx:TrackPointExtension>
<opentracks:accuracy_horizontal>4.096</opentracks:accuracy_horizontal></extensions>
</trkpt>
<trkpt lat="50.445487" lon="-104.566103">
<ele>558.3</ele>
<time>2026-09-10T18:18:52.309-06:00</time>
<extensions>
<gpxtpx:TrackPointExtension>
<gpxtpx:speed>3.83</gpxtpx:speed>
</gpxtpx:TrackPointExtension>
<opentracks:accuracy_horizontal>3.771</opentracks:accuracy_horizontal></extensions>
</trkpt>
<trkpt lat="50.445469" lon="-104.565953">
<ele>558.3</ele>
<time>2026-09-10T18:18:55.304-06:00</time>
<extensions>
<gpxtpx:TrackPointExtension>
<gpxtpx:speed>3.31</gpxtpx:speed>
</gpxtpx:TrackPointExtension>
<opentracks:accuracy_horizontal>3.897</opentracks:accuracy_horizontal></extensions>
</trkpt>
<trkpt lat="50.445438" lon="-104.565795">
<ele>557.8</ele>
<time>2026-09-10T18:18:58.308-06:00</time>
<extensions>
<gpxtpx:TrackPointExtension>
<gpxtpx:speed>3.41</gpxtpx:speed>
</gpxtpx:TrackPointExtension>
<opentracks:accuracy_horizontal>3.939</opentracks:accuracy_horizontal></extensions>
</trkpt>
<trkpt lat="50.44543" lon="-104.565644">
<ele>556.9</ele>
<time>2026-09-10T18:19:01.291-06:00</time>
<extensions>
<gpxtpx:TrackPointExtension>
<gpxtpx:speed>3.08</gpxtpx:speed>
</gpxtpx:TrackPointExtension>
<opentracks:accuracy_horizontal>3.77</opentracks:accuracy_horizontal></extensions>
</trkpt>
<trkpt lat="50.445414" lon="-104.565465">
<ele>557.6</ele>
<time>2026-09-10T18:19:05.311-06:00</time>
<extensions>
<gpxtpx:TrackPointExtension>
<gpxtpx:speed>2.75</gpxtpx:speed>
</gpxtpx:TrackPointExtension>
<opentracks:accuracy_horizontal>4.027</opentracks:accuracy_horizontal></extensions>
</trkpt>
<trkpt lat="50.445403" lon="-104.565319">
<ele>555</ele>
<time>2026-09-10T18:19:09.312-06:00</time>
<extensions>
<gpxtpx:TrackPointExtension>
<gpxtpx:speed>2.74</gpxtpx:speed>
</gpxtpx:TrackPointExtension>
<opentracks:accuracy_horizontal>3.886</opentracks:accuracy_horizontal></extensions>
</trkpt>
<trkpt lat="50.44535" lon="-104.565176">
<ele>556</ele>
<time>2026-09-10T18:19:13.312-06:00</time>
<extensions>
<gpxtpx:TrackPointExtension>
<gpxtpx:speed>3.57</gpxtpx:speed>
</gpxtpx:TrackPointExtension>
<opentracks:accuracy_horizontal>4.059</opentracks:accuracy_horizontal></extensions>
</trkpt>
<trkpt lat="50.445274" lon="-104.565015">
<ele>556.8</ele>
<time>2026-09-10T18:19:16.292-06:00</time>
<extensions>
<gpxtpx:TrackPointExtension>
<gpxtpx:speed>5.13</gpxtpx:speed>
</gpxtpx:TrackPointExtension>
<opentracks:accuracy_horizontal>4.156</opentracks:accuracy_horizontal></extensions>
</trkpt>
<trkpt lat="50.445195" lon="-104.564905">
<ele>556.6</ele>
<time>2026-09-10T18:19:18.295-06:00</time>
<extensions>
<gpxtpx:TrackPointExtension>
<gpxtpx:speed>6.1</gpxtpx:speed>
</gpxtpx:TrackPointExtension>
<opentracks:accuracy_horizontal>4.262</opentracks:accuracy_horizontal></extensions>
</trkpt>
<trkpt lat="50.445064" lon="-104.564876">
<ele>557.3</ele>
<time>2026-09-10T18:19:20.312-06:00</time>
<extensions>
<gpxtpx:TrackPointExtension>
<gpxtpx:speed>7.42</gpxtpx:speed>
</gpxtpx:TrackPointExtension>
<opentracks:accuracy_horizontal>4.448</opentracks:accuracy_horizontal></extensions>
</trkpt>
<trkpt lat="50.444899" lon="-104.564893">
<ele>558.1</ele>
<time>2026-09-10T18:19:22.327-06:00</time>
<extensions>
<gpxtpx:TrackPointExtension>
<gpxtpx:speed>8.19</gpxtpx:speed>
</gpxtpx:TrackPointExtension>
<opentracks:accuracy_horizontal>4.353</opentracks:accuracy_horizontal></extensions>
</trkpt>
<trkpt lat="50.444739" lon="-104.564927">
<ele>559.2</ele>
<time>2026-09-10T18:19:24.305-06:00</time>
<extensions>
<gpxtpx:TrackPointExtension>
<gpxtpx:speed>7.86</gpxtpx:speed>
</gpxtpx:TrackPointExtension>
<opentracks:accuracy_horizontal>4.237</opentracks:accuracy_horizontal></extensions>
</trkpt>
<trkpt lat="50.444591" lon="-104.564913">
<ele>560.4</ele>
<time>2026-09-10T18:19:26.326-06:00</time>
<extensions>
<gpxtpx:TrackPointExtension>
<gpxtpx:speed>7.32</gpxtpx:speed>
</gpxtpx:TrackPointExtension>
<opentracks:accuracy_horizontal>4.063</opentracks:accuracy_horizontal></extensions>
</trkpt>
<trkpt lat="50.444457" lon="-104.564909">
<ele>560.9</ele>
<time>2026-09-10T18:19:28.313-06:00</time>
<extensions>
<gpxtpx:TrackPointExtension>
<gpxtpx:speed>7</gpxtpx:speed>
</gpxtpx:TrackPointExtension>
<opentracks:accuracy_horizontal>4.068</opentracks:accuracy_horizontal></extensions>
</trkpt>
<trkpt lat="50.444334" lon="-104.564939">
<ele>561.3</ele>
<time>2026-09-10T18:19:30.321-06:00</time>
<extensions>
<gpxtpx:TrackPointExtension>
<gpxtpx:speed>6.56</gpxtpx:speed>
</gpxtpx:TrackPointExtension>
<opentracks:accuracy_horizontal>4.278</opentracks:accuracy_horizontal></extensions>
</trkpt>
<trkpt lat="50.444214" lon="-104.564957">
<ele>561.5</ele>
<time>2026-09-10T18:19:32.31-06:00</time>
<extensions>
<gpxtpx:TrackPointExtension>
<gpxtpx:speed>6.25</gpxtpx:speed>
</gpxtpx:TrackPointExtension>
<opentracks:accuracy_horizontal>4.444</opentracks:accuracy_horizontal></extensions>
</trkpt>
<trkpt lat="50.444102" lon="-104.564967">
<ele>562.7</ele>
<time>2026-09-10T18:19:34.317-06:00</time>
<extensions>
<gpxtpx:TrackPointExtension>
<gpxtpx:speed>5.93</gpxtpx:speed>
</gpxtpx:TrackPointExtension>
<opentracks:accuracy_horizontal>4.133</opentracks:accuracy_horizontal></extensions>
</trkpt>
<trkpt lat="50.443991" lon="-104.564954">
<ele>563.2</ele>
<time>2026-09-10T18:19:36.32-06:00</time>
<extensions>
<gpxtpx:TrackPointExtension>
<gpxtpx:speed>5.74</gpxtpx:speed>
</gpxtpx:TrackPointExtension>
<opentracks:accuracy_horizontal>3.977</opentracks:accuracy_horizontal></extensions>
</trkpt>
<trkpt lat="50.443892" lon="-104.564924">
<ele>562.6</ele>
<time>2026-09-10T18:19:38.314-06:00</time>
<extensions>
<gpxtpx:TrackPointExtension>
<gpxtpx:speed>5.72</gpxtpx:speed>
</gpxtpx:TrackPointExtension>
<opentracks:accuracy_horizontal>3.91</opentracks:accuracy_horizontal></extensions>
</trkpt>
<trkpt lat="50.443801" lon="-104.564879">
<ele>561</ele>
<time>2026-09-10T18:19:40.312-06:00</time>
<extensions>
<gpxtpx:TrackPointExtension>
<gpxtpx:speed>5.76</gpxtpx:speed>
</gpxtpx:TrackPointExtension>
<opentracks:accuracy_horizontal>3.985</opentracks:accuracy_horizontal></extensions>
</trkpt>
<trkpt lat="50.4437" lon="-104.564857">
<ele>562.1</ele>
<time>2026-09-10T18:19:42.31-06:00</time>
<extensions>
<gpxtpx:TrackPointExtension>
<gpxtpx:speed>6.27</gpxtpx:speed>
</gpxtpx:TrackPointExtension>
<opentracks:accuracy_horizontal>3.872</opentracks:accuracy_horizontal></extensions>
</trkpt>
<trkpt lat="50.443586" lon="-104.564829">
<ele>561.4</ele>
<time>2026-09-10T18:19:44.31-06:00</time>
<extensions>
<gpxtpx:TrackPointExtension>
<gpxtpx:speed>6.11</gpxtpx:speed>
</gpxtpx:TrackPointExtension>
<opentracks:accuracy_horizontal>3.932</opentracks:accuracy_horizontal></extensions>
</trkpt>
<trkpt lat="50.44347" lon="-104.564799">
<ele>560.9</ele>
<time>2026-09-10T18:19:46.311-06:00</time>
<extensions>
<gpxtpx:TrackPointExtension>
<gpxtpx:speed>5.93</gpxtpx:speed>
</gpxtpx:TrackPointExtension>
<opentracks:accuracy_horizontal>4.143</opentracks:accuracy_horizontal></extensions>
</trkpt>
<trkpt lat="50.443355" lon="-104.56475">
<ele>559.7</ele>
<time>2026-09-10T18:19:48.312-06:00</time>
<extensions>
<gpxtpx:TrackPointExtension>
<gpxtpx:speed>6.08</gpxtpx:speed>
</gpxtpx:TrackPointExtension>
<opentracks:accuracy_horizontal>4.157</opentracks:accuracy_horizontal></extensions>
</trkpt>
<trkpt lat="50.443234" lon="-104.56471">
<ele>558.9</ele>
<time>2026-09-10T18:19:50.321-06:00</time>
<extensions>
<gpxtpx:TrackPointExtension>
<gpxtpx:speed>6.28</gpxtpx:speed>
</gpxtpx:TrackPointExtension>
<opentracks:accuracy_horizontal>4.202</opentracks:accuracy_horizontal></extensions>
</trkpt>
<trkpt lat="50.44312" lon="-104.56468">
<ele>558.7</ele>
<time>2026-09-10T18:19:52.295-06:00</time>
<extensions>
<gpxtpx:TrackPointExtension>
<gpxtpx:speed>6.26</gpxtpx:speed>
</gpxtpx:TrackPointExtension>
<opentracks:accuracy_horizontal>4.252</opentracks:accuracy_horizontal></extensions>
</trkpt>
<trkpt lat="50.443006" lon="-104.564664">
<ele>559</ele>
<time>2026-09-10T18:19:54.327-06:00</time>
<extensions>
<gpxtpx:TrackPointExtension>
<gpxtpx:speed>6.15</gpxtpx:speed>
</gpxtpx:TrackPointExtension>
<opentracks:accuracy_horizontal>4.39</opentracks:accuracy_horizontal></extensions>
</trkpt>
<trkpt lat="50.442888" lon="-104.564645">
<ele>557.4</ele>
<time>2026-09-10T18:19:56.324-06:00</time>
<extensions>
<gpxtpx:TrackPointExtension>
<gpxtpx:speed>6.05</gpxtpx:speed>
</gpxtpx:TrackPointExtension>
<opentracks:accuracy_horizontal>4.42</opentracks:accuracy_horizontal></extensions>
</trkpt>
<trkpt lat="50.44277" lon="-104.564613">
<ele>557.2</ele>
<time>2026-09-10T18:19:58.319-06:00</time>
<extensions>
<gpxtpx:TrackPointExtension>
<gpxtpx:speed>5.96</gpxtpx:speed>
</gpxtpx:TrackPointExtension>
<opentracks:accuracy_horizontal>4.279</opentracks:accuracy_horizontal></extensions>
</trkpt>
<trkpt lat="50.442655" lon="-104.564581">
<ele>557.7</ele>
<time>2026-09-10T18:20:00.322-06:00</time>
<extensions>
<gpxtpx:TrackPointExtension>
<gpxtpx:speed>6</gpxtpx:speed>
</gpxtpx:TrackPointExtension>
<opentracks:accuracy_horizontal>4.327</opentracks:accuracy_horizontal></extensions>
</trkpt>
<trkpt lat="50.442527" lon="-104.56454">
<ele>557.4</ele>
<time>2026-09-10T18:20:02.307-06:00</time>
<extensions>
<gpxtpx:TrackPointExtension>
<gpxtpx:speed>6.18</gpxtpx:speed>
</gpxtpx:TrackPointExtension>
<opentracks:accuracy_horizontal>4.323</opentracks:accuracy_horizontal></extensions>
</trkpt>
<trkpt lat="50.442407" lon="-104.564501">
<ele>557.6</ele>
<time>2026-09-10T18:20:04.315-06:00</time>
<extensions>
<gpxtpx:TrackPointExtension>
<gpxtpx:speed>5.98</gpxtpx:speed>
</gpxtpx:TrackPointExtension>
<opentracks:accuracy_horizontal>4.368</opentracks:accuracy_horizontal></extensions>
</trkpt>
<trkpt lat="50.442298" lon="-104.564453">
<ele>557.3</ele>
<time>2026-09-10T18:20:06.32-06:00</time>
<extensions>
<gpxtpx:TrackPointExtension>
<gpxtpx:speed>6.29</gpxtpx:speed>
</gpxtpx:TrackPointExtension>
<opentracks:accuracy_horizontal>4.648</opentracks:accuracy_horizontal></extensions>
</trkpt>
<trkpt lat="50.442186" lon="-104.564399">
<ele>557.8</ele>
<time>2026-09-10T18:20:08.326-06:00</time>
<extensions>
<gpxtpx:TrackPointExtension>
<gpxtpx:speed>6.24</gpxtpx:speed>
</gpxtpx:TrackPointExtension>
<opentracks:accuracy_horizontal>4.289</opentracks:accuracy_horizontal></extensions>
</trkpt>
<trkpt lat="50.442076" lon="-104.564358">
<ele>557.5</ele>
<time>2026-09-10T18:20:10.313-06:00</time>
<extensions>
<gpxtpx:TrackPointExtension>
<gpxtpx:speed>5.59</gpxtpx:speed>
</gpxtpx:TrackPointExtension>
<opentracks:accuracy_horizontal>4.378</opentracks:accuracy_horizontal></extensions>
</trkpt>
<trkpt lat="50.441975" lon="-104.564304">
<ele>557</ele>
<time>2026-09-10T18:20:12.313-06:00</time>
<extensions>
<gpxtpx:TrackPointExtension>
<gpxtpx:speed>5.7</gpxtpx:speed>
</gpxtpx:TrackPointExtension>
<opentracks:accuracy_horizontal>4.767</opentracks:accuracy_horizontal></extensions>
</trkpt>
<trkpt lat="50.441867" lon="-104.564232">
<ele>556.3</ele>
<time>2026-09-10T18:20:14.313-06:00</time>
<extensions>
<gpxtpx:TrackPointExtension>
<gpxtpx:speed>5.94</gpxtpx:speed>
</gpxtpx:TrackPointExtension>
<opentracks:accuracy_horizontal>4.722</opentracks:accuracy_horizontal></extensions>
</trkpt>
<trkpt lat="50.44175" lon="-104.564163">
<ele>556.3</ele>
<time>2026-09-10T18:20:16.318-06:00</time>
<extensions>
<gpxtpx:TrackPointExtension>
<gpxtpx:speed>6.23</gpxtpx:speed>
</gpxtpx:TrackPointExtension>
<opentracks:accuracy_horizontal>4.591</opentracks:accuracy_horizontal></extensions>
</trkpt>
<trkpt lat="50.441628" lon="-104.564121">
<ele>555.7</ele>
<time>2026-09-10T18:20:18.312-06:00</time>
<extensions>
<gpxtpx:TrackPointExtension>
<gpxtpx:speed>6.16</gpxtpx:speed>
</gpxtpx:TrackPointExtension>
<opentracks:accuracy_horizontal>4.499</opentracks:accuracy_horizontal></extensions>
</trkpt>
<trkpt lat="50.44151" lon="-104.564082">
<ele>554.6</ele>
<time>2026-09-10T18:20:20.304-06:00</time>
<extensions>
<gpxtpx:TrackPointExtension>
<gpxtpx:speed>6.33</gpxtpx:speed>
</gpxtpx:TrackPointExtension>
<opentracks:accuracy_horizontal>4.51</opentracks:accuracy_horizontal></extensions>
</trkpt>
<trkpt lat="50.441394" lon="-104.564027">
<ele>554.9</ele>
<time>2026-09-10T18:20:22.322-06:00</time>
<extensions>
<gpxtpx:TrackPointExtension>
<gpxtpx:speed>6.32</gpxtpx:speed>
</gpxtpx:TrackPointExtension>
<opentracks:accuracy_horizontal>4.286</opentracks:accuracy_horizontal></extensions>
</trkpt>
<trkpt lat="50.441286" lon="-104.564001">
<ele>555.6</ele>
<time>2026-09-10T18:20:24.327-06:00</time>
<extensions>
<gpxtpx:TrackPointExtension>
<gpxtpx:speed>5.84</gpxtpx:speed>
</gpxtpx:TrackPointExtension>
<opentracks:accuracy_horizontal>4.14</opentracks:accuracy_horizontal></extensions>
</trkpt>
<trkpt lat="50.441177" lon="-104.563979">
<ele>555.2</ele>
<time>2026-09-10T18:20:26.31-06:00</time>
<extensions>
<gpxtpx:TrackPointExtension>
<gpxtpx:speed>5.76</gpxtpx:speed>
</gpxtpx:TrackPointExtension>
<opentracks:accuracy_horizontal>4.198</opentracks:accuracy_horizontal></extensions>
</trkpt>
<trkpt lat="50.441076" lon="-104.563925">
<ele>555.3</ele>
<time>2026-09-10T18:20:28.314-06:00</time>
<extensions>
<gpxtpx:TrackPointExtension>
<gpxtpx:speed>5.06</gpxtpx:speed>
</gpxtpx:TrackPointExtension>
<opentracks:accuracy_horizontal>4.232</opentracks:accuracy_horizontal></extensions>
</trkpt>
<trkpt lat="50.440994" lon="-104.563855">
<ele>555.7</ele>
<time>2026-09-10T18:20:30.311-06:00</time>
<extensions>
<gpxtpx:TrackPointExtension>
<gpxtpx:speed>4.32</gpxtpx:speed>
</gpxtpx:TrackPointExtension>
<opentracks:accuracy_horizontal>4.021</opentracks:accuracy_horizontal></extensions>
</trkpt>
<trkpt lat="50.440887" lon="-104.563777">
<ele>555.9</ele>
<time>2026-09-10T18:20:33.319-06:00</time>
<extensions>
<gpxtpx:TrackPointExtension>
<gpxtpx:speed>3.79</gpxtpx:speed>
</gpxtpx:TrackPointExtension>
<opentracks:accuracy_horizontal>4.469</opentracks:accuracy_horizontal></extensions>
</trkpt>
<trkpt lat="50.440774" lon="-104.563715">
<ele>556.8</ele>
<time>2026-09-10T18:20:36.299-06:00</time>
<extensions>
<gpxtpx:TrackPointExtension>
<gpxtpx:speed>4.21</gpxtpx:speed>
</gpxtpx:TrackPointExtension>
<opentracks:accuracy_horizontal>4.734</opentracks:accuracy_horizontal></extensions>
</trkpt>
<trkpt lat="50.440675" lon="-104.563698">
<ele>556.6</ele>
<time>2026-09-10T18:20:38.317-06:00</time>
<extensions>
<gpxtpx:TrackPointExtension>
<gpxtpx:speed>4.95</gpxtpx:speed>
</gpxtpx:TrackPointExtension>
<opentracks:accuracy_horizontal>4.52</opentracks:accuracy_horizontal></extensions>
</trkpt>
<trkpt lat="50.440578" lon="-104.563664">
<ele>557.2</ele>
<time>2026-09-10T18:20:40.314-06:00</time>
<extensions>
<gpxtpx:TrackPointExtension>
<gpxtpx:speed>4.48</gpxtpx:speed>
</gpxtpx:TrackPointExtension>
<opentracks:accuracy_horizontal>4.143</opentracks:accuracy_horizontal></extensions>
</trkpt>
<trkpt lat="50.440449" lon="-104.563623">
<ele>558.3</ele>
<time>2026-09-10T18:20:43.325-06:00</time>
<extensions>
<gpxtpx:TrackPointExtension>
<gpxtpx:speed>4.61</gpxtpx:speed>
</gpxtpx:TrackPointExtension>
<opentracks:accuracy_horizontal>4.08</opentracks:accuracy_horizontal></extensions>
</trkpt>
<trkpt lat="50.440351" lon="-104.563594">
<ele>558.8</ele>
<time>2026-09-10T18:20:45.314-06:00</time>
<extensions>
<gpxtpx:TrackPointExtension>
<gpxtpx:speed>4.85</gpxtpx:speed>
</gpxtpx:TrackPointExtension>
<opentracks:accuracy_horizontal>4.246</opentracks:accuracy_horizontal></extensions>
</trkpt>
<trkpt lat="50.440259" lon="-104.563561">
<ele>558.6</ele>
<time>2026-09-10T18:20:47.319-06:00</time>
<extensions>
<gpxtpx:TrackPointExtension>
<gpxtpx:speed>4.29</gpxtpx:speed>
</gpxtpx:TrackPointExtension>
<opentracks:accuracy_horizontal>4.402</opentracks:accuracy_horizontal></extensions>
</trkpt>
<trkpt lat="50.44017" lon="-104.563519">
<ele>559.1</ele>
<time>2026-09-10T18:20:49.317-06:00</time>
<extensions>
<gpxtpx:TrackPointExtension>
<gpxtpx:speed>4.83</gpxtpx:speed>
</gpxtpx:TrackPointExtension>
<opentracks:accuracy_horizontal>4.391</opentracks:accuracy_horizontal></extensions>
</trkpt>
<trkpt lat="50.440067" lon="-104.563493">
<ele>559.4</ele>
<time>2026-09-10T18:20:51.312-06:00</time>
<extensions>
<gpxtpx:TrackPointExtension>
<gpxtpx:speed>5.12</gpxtpx:speed>
</gpxtpx:TrackPointExtension>
<opentracks:accuracy_horizontal>4.271</opentracks:accuracy_horizontal></extensions>
</trkpt>
<trkpt lat="50.439975" lon="-104.563483">
<ele>559.9</ele>
<time>2026-09-10T18:20:53.318-06:00</time>
<extensions>
<gpxtpx:TrackPointExtension>
<gpxtpx:speed>5</gpxtpx:speed>
</gpxtpx:TrackPointExtension>
<opentracks:accuracy_horizontal>4.499</opentracks:accuracy_horizontal></extensions>
</trkpt>
<trkpt lat="50.439854" lon="-104.563485">
<ele>560.4</ele>
<time>2026-09-10T18:20:56.32-06:00</time>
<extensions>
<gpxtpx:TrackPointExtension>
<gpxtpx:speed>4.35</gpxtpx:speed>
</gpxtpx:TrackPointExtension>
<opentracks:accuracy_horizontal>4.911</opentracks:accuracy_horizontal></extensions>
</trkpt>
<trkpt lat="50.439762" lon="-104.563552">
<ele>562.1</ele>
<time>2026-09-10T18:20:58.313-06:00</time>
<extensions>
<gpxtpx:TrackPointExtension>
<gpxtpx:speed>5.1</gpxtpx:speed>
</gpxtpx:TrackPointExtension>
<opentracks:accuracy_horizontal>4.488</opentracks:accuracy_horizontal></extensions>
</trkpt>
<trkpt lat="50.439682" lon="-104.563645">
<ele>561.9</ele>
<time>2026-09-10T18:21:00.34-06:00</time>
<extensions>
<gpxtpx:TrackPointExtension>
<gpxtpx:speed>4.99</gpxtpx:speed>
</gpxtpx:TrackPointExtension>
<opentracks:accuracy_horizontal>4.145</opentracks:accuracy_horizontal></extensions>
</trkpt>
<trkpt lat="50.439612" lon="-104.563748">
<ele>560.2</ele>
<time>2026-09-10T18:21:02.31-06:00</time>
<extensions>
<gpxtpx:TrackPointExtension>
<gpxtpx:speed>4.37</gpxtpx:speed>
</gpxtpx:TrackPointExtension>
<opentracks:accuracy_horizontal>4.14</opentracks:accuracy_horizontal></extensions>
</trkpt>
<trkpt lat="50.439541" lon="-104.563857">
<ele>558.9</ele>
<time>2026-09-10T18:21:04.309-06:00</time>
<extensions>
<gpxtpx:TrackPointExtension>
<gpxtpx:speed>4.07</gpxtpx:speed>
</gpxtpx:TrackPointExtension>
<opentracks:accuracy_horizontal>3.895</opentracks:accuracy_horizontal></extensions>
</trkpt>
<trkpt lat="50.439457" lon="-104.563966">
<ele>558.8</ele>
<time>2026-09-10T18:21:07.333-06:00</time>
<extensions>
<gpxtpx:TrackPointExtension>
<gpxtpx:speed>3.99</gpxtpx:speed>
</gpxtpx:TrackPointExtension>
<opentracks:accuracy_horizontal>3.837</opentracks:accuracy_horizontal></extensions>
</trkpt>
<trkpt lat="50.439359" lon="-104.564061">
<ele>558.3</ele>
<time>2026-09-10T18:21:10.306-06:00</time>
<extensions>
<gpxtpx:TrackPointExtension>
<gpxtpx:speed>3.71</gpxtpx:speed>
</gpxtpx:TrackPointExtension>
<opentracks:accuracy_horizontal>3.805</opentracks:accuracy_horizontal></extensions>
</trkpt>
<trkpt lat="50.439279" lon="-104.564176">
<ele>557.4</ele>
<time>2026-09-10T18:21:13.324-06:00</time>
<extensions>
<gpxtpx:TrackPointExtension>
<gpxtpx:speed>3.64</gpxtpx:speed>
</gpxtpx:TrackPointExtension>
<opentracks:accuracy_horizontal>3.805</opentracks:accuracy_horizontal></extensions>
</trkpt>
<trkpt lat="50.439207" lon="-104.564283">
<ele>557.1</ele>
<time>2026-09-10T18:21:16.315-06:00</time>
<extensions>
<gpxtpx:TrackPointExtension>
<gpxtpx:speed>3.37</gpxtpx:speed>
</gpxtpx:TrackPointExtension>
<opentracks:accuracy_horizontal>3.804</opentracks:accuracy_horizontal></extensions>
</trkpt>
<trkpt lat="50.439099" lon="-104.564363">
<ele>556.8</ele>
<time>2026-09-10T18:21:20.318-06:00</time>
<extensions>
<gpxtpx:TrackPointExtension>
<gpxtpx:speed>3.36</gpxtpx:speed>
</gpxtpx:TrackPointExtension>
<opentracks:accuracy_horizontal>3.706</opentracks:accuracy_horizontal></extensions>
</trkpt>
<trkpt lat="50.439011" lon="-104.564468">
<ele>556.5</ele>
<time>2026-09-10T18:21:23.323-06:00</time>
<extensions>
<gpxtpx:TrackPointExtension>
<gpxtpx:speed>4.17</gpxtpx:speed>
</gpxtpx:TrackPointExtension>
<opentracks:accuracy_horizontal>3.803</opentracks:accuracy_horizontal></extensions>
</trkpt>
<trkpt lat="50.438937" lon="-104.56464">
<ele>557.5</ele>
<time>2026-09-10T18:21:26.325-06:00</time>
<extensions>
<gpxtpx:TrackPointExtension>
<gpxtpx:speed>5.18</gpxtpx:speed>
</gpxtpx:TrackPointExtension>
<opentracks:accuracy_horizontal>3.803</opentracks:accuracy_horizontal></extensions>
</trkpt>
<trkpt lat="50.438956" lon="-104.564823">
<ele>557.8</ele>
<time>2026-09-10T18:21:28.317-06:00</time>
<extensions>
<gpxtpx:TrackPointExtension>
<gpxtpx:speed>6.3</gpxtpx:speed>
</gpxtpx:TrackPointExtension>
<opentracks:accuracy_horizontal>4.024</opentracks:accuracy_horizontal></extensions>
</trkpt>
<trkpt lat="50.439027" lon="-104.564994">
<ele>557.8</ele>
<time>2026-09-10T18:21:30.333-06:00</time>
<extensions>
<gpxtpx:TrackPointExtension>
<gpxtpx:speed>6.07</gpxtpx:speed>
</gpxtpx:TrackPointExtension>
<opentracks:accuracy_horizontal>4.044</opentracks:accuracy_horizontal></extensions>
</trkpt>
<trkpt lat="50.4391" lon="-104.565131">
<ele>557.5</ele>
<time>2026-09-10T18:21:32.317-06:00</time>
<extensions>
<gpxtpx:TrackPointExtension>
<gpxtpx:speed>5.65</gpxtpx:speed>
</gpxtpx:TrackPointExtension>
<opentracks:accuracy_horizontal>4.114</opentracks:accuracy_horizontal></extensions>
</trkpt>
<trkpt lat="50.439161" lon="-104.565261">
<ele>556.6</ele>
<time>2026-09-10T18:21:34.313-06:00</time>
<extensions>
<gpxtpx:TrackPointExtension>
<gpxtpx:speed>5.61</gpxtpx:speed>
</gpxtpx:TrackPointExtension>
<opentracks:accuracy_horizontal>4.254</opentracks:accuracy_horizontal></extensions>
</trkpt>
<trkpt lat="50.439211" lon="-104.565382">
<ele>557</ele>
<time>2026-09-10T18:21:36.321-06:00</time>
<extensions>
<gpxtpx:TrackPointExtension>
<gpxtpx:speed>4.5</gpxtpx:speed>
</gpxtpx:TrackPointExtension>
<opentracks:accuracy_horizontal>4.041</opentracks:accuracy_horizontal></extensions>
</trkpt>
<trkpt lat="50.439282" lon="-104.565539">
<ele>555.7</ele>
<time>2026-09-10T18:21:39.324-06:00</time>
<extensions>
<gpxtpx:TrackPointExtension>
<gpxtpx:speed>3.53</gpxtpx:speed>
</gpxtpx:TrackPointExtension>
<opentracks:accuracy_horizontal>4.081</opentracks:accuracy_horizontal></extensions>
</trkpt>
<trkpt lat="50.439344" lon="-104.565643">
<ele>556.9</ele>
<time>2026-09-10T18:21:42.302-06:00</time>
<extensions>
<gpxtpx:TrackPointExtension>
<gpxtpx:speed>3.97</gpxtpx:speed>
</gpxtpx:TrackPointExtension>
<opentracks:accuracy_horizontal>4.057</opentracks:accuracy_horizontal></extensions>
</trkpt>
<trkpt lat="50.439406" lon="-104.565745">
<ele>557.9</ele>
<time>2026-09-10T18:21:44.3-06:00</time>
<extensions>
<gpxtpx:TrackPointExtension>
<gpxtpx:speed>5.02</gpxtpx:speed>
</gpxtpx:TrackPointExtension>
<opentracks:accuracy_horizontal>3.979</opentracks:accuracy_horizontal></extensions>
</trkpt>
<trkpt lat="50.439472" lon="-104.565848">
<ele>558.5</ele>
<time>2026-09-10T18:21:46.308-06:00</time>
<extensions>
<gpxtpx:TrackPointExtension>
<gpxtpx:speed>4.87</gpxtpx:speed>
</gpxtpx:TrackPointExtension>
<opentracks:accuracy_horizontal>3.973</opentracks:accuracy_horizontal></extensions>
</trkpt>
<trkpt lat="50.439526" lon="-104.565968">
<ele>558.2</ele>
<time>2026-09-10T18:21:48.3-06:00</time>
<extensions>
<gpxtpx:TrackPointExtension>
<gpxtpx:speed>4.95</gpxtpx:speed>
</gpxtpx:TrackPointExtension>
<opentracks:accuracy_horizontal>3.925</opentracks:accuracy_horizontal></extensions>
</trkpt>
<trkpt lat="50.439597" lon="-104.566154">
<ele>557.3</ele>
<time>2026-09-10T18:21:51.33-06:00</time>
<extensions>
<gpxtpx:TrackPointExtension>
<gpxtpx:speed>5.2</gpxtpx:speed>
</gpxtpx:TrackPointExtension>
<opentracks:accuracy_horizontal>3.799</opentracks:accuracy_horizontal></extensions>
</trkpt>
<trkpt lat="50.439652" lon="-104.566279">
<ele>557.2</ele>
<time>2026-09-10T18:21:53.311-06:00</time>
<extensions>
<gpxtpx:TrackPointExtension>
<gpxtpx:speed>5.06</gpxtpx:speed>
</gpxtpx:TrackPointExtension>
<opentracks:accuracy_horizontal>3.798</opentracks:accuracy_horizontal></extensions>
</trkpt>
<trkpt lat="50.439704" lon="-104.566402">
<ele>556.3</ele>
<time>2026-09-10T18:21:55.321-06:00</time>
<extensions>
<gpxtpx:TrackPointExtension>
<gpxtpx:speed>5.09</gpxtpx:speed>
</gpxtpx:TrackPointExtension>
<opentracks:accuracy_horizontal>3.798</opentracks:accuracy_horizontal></extensions>
</trkpt>
<trkpt lat="50.439756" lon="-104.566524">
<ele>556.6</ele>
<time>2026-09-10T18:21:57.336-06:00</time>
<extensions>
<gpxtpx:TrackPointExtension>
<gpxtpx:speed>5.05</gpxtpx:speed>
</gpxtpx:TrackPointExtension>
<opentracks:accuracy_horizontal>3.798</opentracks:accuracy_horizontal></extensions>
</trkpt>
<trkpt lat="50.439815" lon="-104.566637">
<ele>556.1</ele>
<time>2026-09-10T18:21:59.309-06:00</time>
<extensions>
<gpxtpx:TrackPointExtension>
<gpxtpx:speed>5.06</gpxtpx:speed>
</gpxtpx:TrackPointExtension>
<opentracks:accuracy_horizontal>3.798</opentracks:accuracy_horizontal></extensions>
</trkpt>
<trkpt lat="50.439872" lon="-104.566753">
<ele>555.8</ele>
<time>2026-09-10T18:22:01.32-06:00</time>
<extensions>
<gpxtpx:TrackPointExtension>
<gpxtpx:speed>4.9</gpxtpx:speed>
</gpxtpx:TrackPointExtension>
<opentracks:accuracy_horizontal>3.797</opentracks:accuracy_horizontal></extensions>
</trkpt>
<trkpt lat="50.439955" lon="-104.566917">
<ele>554.7</ele>
<time>2026-09-10T18:22:04.334-06:00</time>
<extensions>
<gpxtpx:TrackPointExtension>
<gpxtpx:speed>5.08</gpxtpx:speed>
</gpxtpx:TrackPointExtension>
<opentracks:accuracy_horizontal>3.96</opentracks:accuracy_horizontal></extensions>
</trkpt>
<trkpt lat="50.440014" lon="-104.567042">
<ele>554.5</ele>
<time>2026-09-10T18:22:06.318-06:00</time>
<extensions>
<gpxtpx:TrackPointExtension>
<gpxtpx:speed>5.36</gpxtpx:speed>
</gpxtpx:TrackPointExtension>
<opentracks:accuracy_horizontal>4.442</opentracks:accuracy_horizontal></extensions>
</trkpt>
<trkpt lat="50.440071" lon="-104.567176">
<ele>555.2</ele>
<time>2026-09-10T18:22:08.322-06:00</time>
<extensions>
<gpxtpx:TrackPointExtension>
<gpxtpx:speed>4.9</gpxtpx:speed>
</gpxtpx:TrackPointExtension>
<opentracks:accuracy_horizontal>4.172</opentracks:accuracy_horizontal></extensions>
</trkpt>
<trkpt lat="50.440128" lon="-104.567288">
<ele>555.6</ele>
<time>2026-09-10T18:22:10.314-06:00</time>
<extensions>
<gpxtpx:TrackPointExtension>
<gpxtpx:speed>4.39</gpxtpx:speed>
</gpxtpx:TrackPointExtension>
<opentracks:accuracy_horizontal>4.134</opentracks:accuracy_horizontal></extensions>
</trkpt>
<trkpt lat="50.440217" lon="-104.56742">
<ele>555.9</ele>
<time>2026-09-10T18:22:13.329-06:00</time>
<extensions>
<gpxtpx:TrackPointExtension>
<gpxtpx:speed>4.19</gpxtpx:speed>
</gpxtpx:TrackPointExtension>
<opentracks:accuracy_horizontal>4.345</opentracks:accuracy_horizontal></extensions>
</trkpt>
<trkpt lat="50.440284" lon="-104.56755">
<ele>555.6</ele>
<time>2026-09-10T18:22:16.324-06:00</time>
<extensions>
<gpxtpx:TrackPointExtension>
<gpxtpx:speed>3.72</gpxtpx:speed>
</gpxtpx:TrackPointExtension>
<opentracks:accuracy_horizontal>4.081</opentracks:accuracy_horizontal></extensions>
</trkpt>
<trkpt lat="50.440341" lon="-104.56766">
<ele>554.6</ele>
<time>2026-09-10T18:22:19.327-06:00</time>
<extensions>
<gpxtpx:TrackPointExtension>
<gpxtpx:speed>3.36</gpxtpx:speed>
</gpxtpx:TrackPointExtension>
<opentracks:accuracy_horizontal>3.976</opentracks:accuracy_horizontal></extensions>
</trkpt>
<trkpt lat="50.440384" lon="-104.567783">
<ele>554.8</ele>
<time>2026-09-10T18:22:22.323-06:00</time>
<extensions>
<gpxtpx:TrackPointExtension>
<gpxtpx:speed>2.45</gpxtpx:speed>
</gpxtpx:TrackPointExtension>
<opentracks:accuracy_horizontal>3.901</opentracks:accuracy_horizontal></extensions>
</trkpt>
<trkpt lat="50.440409" lon="-104.567933">
<ele>554.6</ele>
<time>2026-09-10T18:22:25.319-06:00</time>
<extensions>
<gpxtpx:TrackPointExtension>
<gpxtpx:speed>3.48</gpxtpx:speed>
</gpxtpx:TrackPointExtension>
<opentracks:accuracy_horizontal>4.024</opentracks:accuracy_horizontal></extensions>
</trkpt>
<trkpt lat="50.440412" lon="-104.568137">
<ele>553.3</ele>
<time>2026-09-10T18:22:28.321-06:00</time>
<extensions>
<gpxtpx:TrackPointExtension>
<gpxtpx:speed>4.44</gpxtpx:speed>
</gpxtpx:TrackPointExtension>
<opentracks:accuracy_horizontal>4.532</opentracks:accuracy_horizontal></extensions>
</trkpt>
<trkpt lat="50.440343" lon="-104.568304">
<ele>553</ele>
<time>2026-09-10T18:22:31.315-06:00</time>
<extensions>
<gpxtpx:TrackPointExtension>
<gpxtpx:speed>4.79</gpxtpx:speed>
</gpxtpx:TrackPointExtension>
<opentracks:accuracy_horizontal>4.3</opentracks:accuracy_horizontal></extensions>
</trkpt>
<trkpt lat="50.440264" lon="-104.568426">
<ele>554.5</ele>
<time>2026-09-10T18:22:33.325-06:00</time>
<extensions>
<gpxtpx:TrackPointExtension>
<gpxtpx:speed>4.8</gpxtpx:speed>
</gpxtpx:TrackPointExtension>
<opentracks:accuracy_horizontal>3.995</opentracks:accuracy_horizontal></extensions>
</trkpt>
<trkpt lat="50.440181" lon="-104.568507">
<ele>555.6</ele>
<time>2026-09-10T18:22:35.315-06:00</time>
<extensions>
<gpxtpx:TrackPointExtension>
<gpxtpx:speed>4.33</gpxtpx:speed>
</gpxtpx:TrackPointExtension>
<opentracks:accuracy_horizontal>3.893</opentracks:accuracy_horizontal></extensions>
</trkpt>
<trkpt lat="50.44009" lon="-104.568594">
<ele>554.7</ele>
<time>2026-09-10T18:22:38.319-06:00</time>
<extensions>
<gpxtpx:TrackPointExtension>
<gpxtpx:speed>2.86</gpxtpx:speed>
</gpxtpx:TrackPointExtension>
<opentracks:accuracy_horizontal>3.815</opentracks:accuracy_horizontal></extensions>
</trkpt>
<trkpt lat="50.440057" lon="-104.568478">
<ele>557.6</ele>
<time>2026-09-10T18:22:48.327-06:00</time>
<extensions>
<gpxtpx:TrackPointExtension>
<gpxtpx:speed>1.59</gpxtpx:speed>
</gpxtpx:TrackPointExtension>
<opentracks:accuracy_horizontal>3.926</opentracks:accuracy_horizontal></extensions>
</trkpt>
<trkpt lat="50.440115" lon="-104.568348">
<ele>558.9</ele>
<time>2026-09-10T18:23:40.321-06:00</time>
<extensions>
<gpxtpx:TrackPointExtension>
<gpxtpx:speed>1.87</gpxtpx:speed>
</gpxtpx:TrackPointExtension>
<opentracks:accuracy_horizontal>3.941</opentracks:accuracy_horizontal></extensions>
</trkpt>
<trkpt lat="50.440242" lon="-104.5683">
<ele>557.1</ele>
<time>2026-09-10T18:23:44.314-06:00</time>
<extensions>
<gpxtpx:TrackPointExtension>
<gpxtpx:speed>4.25</gpxtpx:speed>
</gpxtpx:TrackPointExtension>
<opentracks:accuracy_horizontal>4.878</opentracks:accuracy_horizontal></extensions>
</trkpt>
<trkpt lat="50.440336" lon="-104.568238">
<ele>557.8</ele>
<time>2026-09-10T18:23:46.323-06:00</time>
<extensions>
<gpxtpx:TrackPointExtension>
<gpxtpx:speed>5.17</gpxtpx:speed>
</gpxtpx:TrackPointExtension>
<opentracks:accuracy_horizontal>4.525</opentracks:accuracy_horizontal></extensions>
</trkpt>
<trkpt lat="50.440441" lon="-104.568169">
<ele>557.1</ele>
<time>2026-09-10T18:23:48.33-06:00</time>
<extensions>
<gpxtpx:TrackPointExtension>
<gpxtpx:speed>5.47</gpxtpx:speed>
</gpxtpx:TrackPointExtension>
<opentracks:accuracy_horizontal>4.31</opentracks:accuracy_horizontal></extensions>
</trkpt>
<trkpt lat="50.440547" lon="-104.568128">
<ele>557.6</ele>
<time>2026-09-10T18:23:50.325-06:00</time>
<extensions>
<gpxtpx:TrackPointExtension>
<gpxtpx:speed>5.4</gpxtpx:speed>
</gpxtpx:TrackPointExtension>
<opentracks:accuracy_horizontal>4.455</opentracks:accuracy_horizontal></extensions>
</trkpt>
<trkpt lat="50.440658" lon="-104.568214">
<ele>555.8</ele>
<time>2026-09-10T18:23:52.309-06:00</time>
<extensions>
<gpxtpx:TrackPointExtension>
<gpxtpx:speed>6.3</gpxtpx:speed>
</gpxtpx:TrackPointExtension>
<opentracks:accuracy_horizontal>4.582</opentracks:accuracy_horizontal></extensions>
</trkpt>
<trkpt lat="50.44075" lon="-104.568415">
<ele>553.3</ele>
<time>2026-09-10T18:23:54.323-06:00</time>
<extensions>
<gpxtpx:TrackPointExtension>
<gpxtpx:speed>6.73</gpxtpx:speed>
</gpxtpx:TrackPointExtension>
<opentracks:accuracy_horizontal>4.178</opentracks:accuracy_horizontal></extensions>
</trkpt>
<trkpt lat="50.440818" lon="-104.568597">
<ele>552.5</ele>
<time>2026-09-10T18:23:56.325-06:00</time>
<extensions>
<gpxtpx:TrackPointExtension>
<gpxtpx:speed>6.73</gpxtpx:speed>
</gpxtpx:TrackPointExtension>
<opentracks:accuracy_horizontal>4.131</opentracks:accuracy_horizontal></extensions>
</trkpt>
<trkpt lat="50.440885" lon="-104.568742">
<ele>551.2</ele>
<time>2026-09-10T18:23:58.326-06:00</time>
<extensions>
<gpxtpx:TrackPointExtension>
<gpxtpx:speed>6.33</gpxtpx:speed>
</gpxtpx:TrackPointExtension>
<opentracks:accuracy_horizontal>4.076</opentracks:accuracy_horizontal></extensions>
</trkpt>
<trkpt lat="50.440947" lon="-104.568903">
<ele>550.5</ele>
<time>2026-09-10T18:24:00.323-06:00</time>
<extensions>
<gpxtpx:TrackPointExtension>
<gpxtpx:speed>6.27</gpxtpx:speed>
</gpxtpx:TrackPointExtension>
<opentracks:accuracy_horizontal>4.189</opentracks:accuracy_horizontal></extensions>
</trkpt>
<trkpt lat="50.441021" lon="-104.569063">
<ele>550.9</ele>
<time>2026-09-10T18:24:02.329-06:00</time>
<extensions>
<gpxtpx:TrackPointExtension>
<gpxtpx:speed>6.77</gpxtpx:speed>
</gpxtpx:TrackPointExtension>
<opentracks:accuracy_horizontal>4.445</opentracks:accuracy_horizontal></extensions>
</trkpt>
<trkpt lat="50.441096" lon="-104.569247">
<ele>550.6</ele>
<time>2026-09-10T18:24:04.312-06:00</time>
<extensions>
<gpxtpx:TrackPointExtension>
<gpxtpx:speed>6.5</gpxtpx:speed>
</gpxtpx:TrackPointExtension>
<opentracks:accuracy_horizontal>3.974</opentracks:accuracy_horizontal></extensions>
</trkpt>
<trkpt lat="50.441165" lon="-104.569393">
<ele>551.1</ele>
<time>2026-09-10T18:24:06.323-06:00</time>
<extensions>
<gpxtpx:TrackPointExtension>
<gpxtpx:speed>6.33</gpxtpx:speed>
</gpxtpx:TrackPointExtension>
<opentracks:accuracy_horizontal>3.955</opentracks:accuracy_horizontal></extensions>
</trkpt>
<trkpt lat="50.441226" lon="-104.56956">
<ele>551.6</ele>
<time>2026-09-10T18:24:08.301-06:00</time>
<extensions>
<gpxtpx:TrackPointExtension>
<gpxtpx:speed>6.57</gpxtpx:speed>
</gpxtpx:TrackPointExtension>
<opentracks:accuracy_horizontal>3.903</opentracks:accuracy_horizontal></extensions>
</trkpt>
<trkpt lat="50.441282" lon="-104.569729">
<ele>551.8</ele>
<time>2026-09-10T18:24:10.327-06:00</time>
<extensions>
<gpxtpx:TrackPointExtension>
<gpxtpx:speed>6.6</gpxtpx:speed>
</gpxtpx:TrackPointExtension>
<opentracks:accuracy_horizontal>3.974</opentracks:accuracy_horizontal></extensions>
</trkpt>
<trkpt lat="50.441367" lon="-104.569859">
<ele>552.3</ele>
<time>2026-09-10T18:24:12.317-06:00</time>
<extensions>
<gpxtpx:TrackPointExtension>
<gpxtpx:speed>6.47</gpxtpx:speed>
</gpxtpx:TrackPointExtension>
<opentracks:accuracy_horizontal>4.041</opentracks:accuracy_horizontal></extensions>
</trkpt>
<trkpt lat="50.441452" lon="-104.569995">
<ele>551.5</ele>
<time>2026-09-10T18:24:14.315-06:00</time>
<extensions>
<gpxtpx:TrackPointExtension>
<gpxtpx:speed>6.56</gpxtpx:speed>
</gpxtpx:TrackPointExtension>
<opentracks:accuracy_horizontal>4.122</opentracks:accuracy_horizontal></extensions>
</trkpt>
<trkpt lat="50.441518" lon="-104.570141">
<ele>551.3</ele>
<time>2026-09-10T18:24:16.299-06:00</time>
<extensions>
<gpxtpx:TrackPointExtension>
<gpxtpx:speed>6.04</gpxtpx:speed>
</gpxtpx:TrackPointExtension>
<opentracks:accuracy_horizontal>4.095</opentracks:accuracy_horizontal></extensions>
</trkpt>
<trkpt lat="50.441587" lon="-104.570277">
<ele>552.2</ele>
<time>2026-09-10T18:24:18.32-06:00</time>
<extensions>
<gpxtpx:TrackPointExtension>
<gpxtpx:speed>5.59</gpxtpx:speed>
</gpxtpx:TrackPointExtension>
<opentracks:accuracy_horizontal>4.107</opentracks:accuracy_horizontal></extensions>
</trkpt>
<trkpt lat="50.441655" lon="-104.570401">
<ele>553.4</ele>
<time>2026-09-10T18:24:20.312-06:00</time>
<extensions>
<gpxtpx:TrackPointExtension>
<gpxtpx:speed>5.96</gpxtpx:speed>
</gpxtpx:TrackPointExtension>
<opentracks:accuracy_horizontal>4.05</opentracks:accuracy_horizontal></extensions>
</trkpt>
<trkpt lat="50.441722" lon="-104.570537">
<ele>554.2</ele>
<time>2026-09-10T18:24:22.321-06:00</time>
<extensions>
<gpxtpx:TrackPointExtension>
<gpxtpx:speed>5.74</gpxtpx:speed>
</gpxtpx:TrackPointExtension>
<opentracks:accuracy_horizontal>3.967</opentracks:accuracy_horizontal></extensions>
</trkpt>
<trkpt lat="50.441797" lon="-104.570664">
<ele>554.1</ele>
<time>2026-09-10T18:24:24.329-06:00</time>
<extensions>
<gpxtpx:TrackPointExtension>
<gpxtpx:speed>5.92</gpxtpx:speed>
</gpxtpx:TrackPointExtension>
<opentracks:accuracy_horizontal>3.939</opentracks:accuracy_horizontal></extensions>
</trkpt>
<trkpt lat="50.441888" lon="-104.570775">
<ele>555.3</ele>
<time>2026-09-10T18:24:26.317-06:00</time>
<extensions>
<gpxtpx:TrackPointExtension>
<gpxtpx:speed>6.25</gpxtpx:speed>
</gpxtpx:TrackPointExtension>
<opentracks:accuracy_horizontal>4.085</opentracks:accuracy_horizontal></extensions>
</trkpt>
<trkpt lat="50.442013" lon="-104.570805">
<ele>556.3</ele>
<time>2026-09-10T18:24:28.32-06:00</time>
<extensions>
<gpxtpx:TrackPointExtension>
<gpxtpx:speed>6.42</gpxtpx:speed>
</gpxtpx:TrackPointExtension>
<opentracks:accuracy_horizontal>4.013</opentracks:accuracy_horizontal></extensions>
</trkpt>
<trkpt lat="50.442143" lon="-104.570786">
<ele>556</ele>
<time>2026-09-10T18:24:30.313-06:00</time>
<extensions>
<gpxtpx:TrackPointExtension>
<gpxtpx:speed>6.25</gpxtpx:speed>
</gpxtpx:TrackPointExtension>
<opentracks:accuracy_horizontal>3.831</opentracks:accuracy_horizontal></extensions>
</trkpt>
<trkpt lat="50.442259" lon="-104.570785">
<ele>556.7</ele>
<time>2026-09-10T18:24:32.301-06:00</time>
<extensions>
<gpxtpx:TrackPointExtension>
<gpxtpx:speed>5.9</gpxtpx:speed>
</gpxtpx:TrackPointExtension>
<opentracks:accuracy_horizontal>3.849</opentracks:accuracy_horizontal></extensions>
</trkpt>
<trkpt lat="50.44237" lon="-104.570764">
<ele>556.7</ele>
<time>2026-09-10T18:24:34.32-06:00</time>
<extensions>
<gpxtpx:TrackPointExtension>
<gpxtpx:speed>5.9</gpxtpx:speed>
</gpxtpx:TrackPointExtension>
<opentracks:accuracy_horizontal>4.05</opentracks:accuracy_horizontal></extensions>
</trkpt>
<trkpt lat="50.442478" lon="-104.57074">
<ele>556.2</ele>
<time>2026-09-10T18:24:36.312-06:00</time>
<extensions>
<gpxtpx:TrackPointExtension>
<gpxtpx:speed>6.16</gpxtpx:speed>
</gpxtpx:TrackPointExtension>
<opentracks:accuracy_horizontal>4.294</opentracks:accuracy_horizontal></extensions>
</trkpt>
<trkpt lat="50.44259" lon="-104.570738">
<ele>556.1</ele>
<time>2026-09-10T18:24:38.324-06:00</time>
<extensions>
<gpxtpx:TrackPointExtension>
<gpxtpx:speed>6.21</gpxtpx:speed>
</gpxtpx:TrackPointExtension>
<opentracks:accuracy_horizontal>4.288</opentracks:accuracy_horizontal></extensions>
</trkpt>
<trkpt lat="50.442701" lon="-104.570744">
<ele>555.7</ele>
<time>2026-09-10T18:24:40.322-06:00</time>
<extensions>
<gpxtpx:TrackPointExtension>
<gpxtpx:speed>6.43</gpxtpx:speed>
</gpxtpx:TrackPointExtension>
<opentracks:accuracy_horizontal>4.251</opentracks:accuracy_horizontal></extensions>
</trkpt>
<trkpt lat="50.442813" lon="-104.570733">
<ele>555.7</ele>
<time>2026-09-10T18:24:42.323-06:00</time>
<extensions>
<gpxtpx:TrackPointExtension>
<gpxtpx:speed>6.2</gpxtpx:speed>
</gpxtpx:TrackPointExtension>
<opentracks:accuracy_horizontal>4.267</opentracks:accuracy_horizontal></extensions>
</trkpt>
<trkpt lat="50.442933" lon="-104.570731">
<ele>556.7</ele>
<time>2026-09-10T18:24:44.333-06:00</time>
<extensions>
<gpxtpx:TrackPointExtension>
<gpxtpx:speed>6.01</gpxtpx:speed>
</gpxtpx:TrackPointExtension>
<opentracks:accuracy_horizontal>4.408</opentracks:accuracy_horizontal></extensions>
</trkpt>
<trkpt lat="50.443045" lon="-104.570753">
<ele>557.6</ele>
<time>2026-09-10T18:24:46.321-06:00</time>
<extensions>
<gpxtpx:TrackPointExtension>
<gpxtpx:speed>6.03</gpxtpx:speed>
</gpxtpx:TrackPointExtension>
<opentracks:accuracy_horizontal>4.397</opentracks:accuracy_horizontal></extensions>
</trkpt>
<trkpt lat="50.443161" lon="-104.570756">
<ele>557.4</ele>
<time>2026-09-10T18:24:48.331-06:00</time>
<extensions>
<gpxtpx:TrackPointExtension>
<gpxtpx:speed>6.34</gpxtpx:speed>
</gpxtpx:TrackPointExtension>
<opentracks:accuracy_horizontal>4.295</opentracks:accuracy_horizontal></extensions>
</trkpt>
<trkpt lat="50.44328" lon="-104.570749">
<ele>556.8</ele>
<time>2026-09-10T18:24:50.315-06:00</time>
<extensions>
<gpxtpx:TrackPointExtension>
<gpxtpx:speed>6.19</gpxtpx:speed>
</gpxtpx:TrackPointExtension>
<opentracks:accuracy_horizontal>4.274</opentracks:accuracy_horizontal></extensions>
</trkpt>
<trkpt lat="50.443395" lon="-104.570745">
<ele>556.5</ele>
<time>2026-09-10T18:24:52.318-06:00</time>
<extensions>
<gpxtpx:TrackPointExtension>
<gpxtpx:speed>5.86</gpxtpx:speed>
</gpxtpx:TrackPointExtension>
<opentracks:accuracy_horizontal>4.379</opentracks:accuracy_horizontal></extensions>
</trkpt>
<trkpt lat="50.443504" lon="-104.570755">
<ele>556</ele>
<time>2026-09-10T18:24:54.324-06:00</time>
<extensions>
<gpxtpx:TrackPointExtension>
<gpxtpx:speed>5.85</gpxtpx:speed>
</gpxtpx:TrackPointExtension>
<opentracks:accuracy_horizontal>4.756</opentracks:accuracy_horizontal></extensions>
</trkpt>
<trkpt lat="50.443608" lon="-104.570775">
<ele>556</ele>
<time>2026-09-10T18:24:56.313-06:00</time>
<extensions>
<gpxtpx:TrackPointExtension>
<gpxtpx:speed>5.82</gpxtpx:speed>
</gpxtpx:TrackPointExtension>
<opentracks:accuracy_horizontal>4.778</opentracks:accuracy_horizontal></extensions>
</trkpt>
<trkpt lat="50.443704" lon="-104.570769">
<ele>555.6</ele>
<time>2026-09-10T18:24:58.328-06:00</time>
<extensions>
<gpxtpx:TrackPointExtension>
<gpxtpx:speed>4.8</gpxtpx:speed>
</gpxtpx:TrackPointExtension>
<opentracks:accuracy_horizontal>4.65</opentracks:accuracy_horizontal></extensions>
</trkpt>
<trkpt lat="50.443794" lon="-104.570778">
<ele>555.4</ele>
<time>2026-09-10T18:25:00.329-06:00</time>
<extensions>
<gpxtpx:TrackPointExtension>
<gpxtpx:speed>4.38</gpxtpx:speed>
</gpxtpx:TrackPointExtension>
<opentracks:accuracy_horizontal>4.321</opentracks:accuracy_horizontal></extensions>
</trkpt>
<trkpt lat="50.443894" lon="-104.570788">
<ele>555.9</ele>
<time>2026-09-10T18:25:03.332-06:00</time>
<extensions>
<gpxtpx:TrackPointExtension>
<gpxtpx:speed>2.91</gpxtpx:speed>
</gpxtpx:TrackPointExtension>
<opentracks:accuracy_horizontal>4.44</opentracks:accuracy_horizontal></extensions>
</trkpt>
<trkpt lat="50.443993" lon="-104.570838">
<ele>554.3</ele>
<time>2026-09-10T18:25:07.332-06:00</time>
<extensions>
<gpxtpx:TrackPointExtension>
<gpxtpx:speed>3.83</gpxtpx:speed>
</gpxtpx:TrackPointExtension>
<opentracks:accuracy_horizontal>4.75</opentracks:accuracy_horizontal></extensions>
</trkpt>
<trkpt lat="50.444044" lon="-104.570959">
<ele>552.9</ele>
<time>2026-09-10T18:25:09.315-06:00</time>
<extensions>
<gpxtpx:TrackPointExtension>
<gpxtpx:speed>4.54</gpxtpx:speed>
</gpxtpx:TrackPointExtension>
<opentracks:accuracy_horizontal>4.608</opentracks:accuracy_horizontal></extensions>
</trkpt>
<trkpt lat="50.444049" lon="-104.571127">
<ele>552.4</ele>
<time>2026-09-10T18:25:11.322-06:00</time>
<extensions>
<gpxtpx:TrackPointExtension>
<gpxtpx:speed>5.4</gpxtpx:speed>
</gpxtpx:TrackPointExtension>
<opentracks:accuracy_horizontal>4.448</opentracks:accuracy_horizontal></extensions>
</trkpt>
<trkpt lat="50.44405" lon="-104.571307">
<ele>552.2</ele>
<time>2026-09-10T18:25:13.333-06:00</time>
<extensions>
<gpxtpx:TrackPointExtension>
<gpxtpx:speed>5.82</gpxtpx:speed>
</gpxtpx:TrackPointExtension>
<opentracks:accuracy_horizontal>4.438</opentracks:accuracy_horizontal></extensions>
</trkpt>
<trkpt lat="50.444053" lon="-104.571474">
<ele>552.9</ele>
<time>2026-09-10T18:25:15.321-06:00</time>
<extensions>
<gpxtpx:TrackPointExtension>
<gpxtpx:speed>5.36</gpxtpx:speed>
</gpxtpx:TrackPointExtension>
<opentracks:accuracy_horizontal>4.274</opentracks:accuracy_horizontal></extensions>
</trkpt>
<trkpt lat="50.444036" lon="-104.571663">
<ele>553.4</ele>
<time>2026-09-10T18:25:18.322-06:00</time>
<extensions>
<gpxtpx:TrackPointExtension>
<gpxtpx:speed>3.91</gpxtpx:speed>
</gpxtpx:TrackPointExtension>
<opentracks:accuracy_horizontal>4.106</opentracks:accuracy_horizontal></extensions>
</trkpt>
<trkpt lat="50.444054" lon="-104.571834">
<ele>555.2</ele>
<time>2026-09-10T18:25:21.323-06:00</time>
<extensions>
<gpxtpx:TrackPointExtension>
<gpxtpx:speed>3.8</gpxtpx:speed>
</gpxtpx:TrackPointExtension>
<opentracks:accuracy_horizontal>3.98</opentracks:accuracy_horizontal></extensions>
</trkpt>
<trkpt lat="50.444073" lon="-104.572002">
<ele>556.2</ele>
<time>2026-09-10T18:25:24.325-06:00</time>
<extensions>
<gpxtpx:TrackPointExtension>
<gpxtpx:speed>3.44</gpxtpx:speed>
</gpxtpx:TrackPointExtension>
<opentracks:accuracy_horizontal>4.006</opentracks:accuracy_horizontal></extensions>
</trkpt>
<trkpt lat="50.444114" lon="-104.572161">
<ele>555.7</ele>
<time>2026-09-10T18:25:28.314-06:00</time>
<extensions>
<gpxtpx:TrackPointExtension>
<gpxtpx:speed>3.42</gpxtpx:speed>
</gpxtpx:TrackPointExtension>
<opentracks:accuracy_horizontal>4.099</opentracks:accuracy_horizontal></extensions>
</trkpt>
<trkpt lat="50.444248" lon="-104.572149">
<ele>556.2</ele>
<time>2026-09-10T18:25:31.321-06:00</time>
<extensions>
<gpxtpx:TrackPointExtension>
<gpxtpx:speed>5.15</gpxtpx:speed>
</gpxtpx:TrackPointExtension>
<opentracks:accuracy_horizontal>4.912</opentracks:accuracy_horizontal></extensions>
</trkpt>
<trkpt lat="50.44437" lon="-104.57214">
<ele>555.2</ele>
<time>2026-09-10T18:25:33.334-06:00</time>
<extensions>
<gpxtpx:TrackPointExtension>
<gpxtpx:speed>5.39</gpxtpx:speed>
</gpxtpx:TrackPointExtension>
<opentracks:accuracy_horizontal>4.798</opentracks:accuracy_horizontal></extensions>
</trkpt>
<trkpt lat="50.444486" lon="-104.572155">
<ele>555.4</ele>
<time>2026-09-10T18:25:35.325-06:00</time>
<extensions>
<gpxtpx:TrackPointExtension>
<gpxtpx:speed>6.21</gpxtpx:speed>
</gpxtpx:TrackPointExtension>
<opentracks:accuracy_horizontal>4.467</opentracks:accuracy_horizontal></extensions>
</trkpt>
<trkpt lat="50.444614" lon="-104.572151">
<ele>555.8</ele>
<time>2026-09-10T18:25:37.313-06:00</time>
<extensions>
<gpxtpx:TrackPointExtension>
<gpxtpx:speed>6.79</gpxtpx:speed>
</gpxtpx:TrackPointExtension>
<opentracks:accuracy_horizontal>3.956</opentracks:accuracy_horizontal></extensions>
</trkpt>
<trkpt lat="50.444739" lon="-104.572148">
<ele>555.9</ele>
<time>2026-09-10T18:25:39.331-06:00</time>
<extensions>
<gpxtpx:TrackPointExtension>
<gpxtpx:speed>6.85</gpxtpx:speed>
</gpxtpx:TrackPointExtension>
<opentracks:accuracy_horizontal>3.858</opentracks:accuracy_horizontal></extensions>
</trkpt>
<trkpt lat="50.44487" lon="-104.572159">
<ele>556.1</ele>
<time>2026-09-10T18:25:41.314-06:00</time>
<extensions>
<gpxtpx:TrackPointExtension>
<gpxtpx:speed>7.48</gpxtpx:speed>
</gpxtpx:TrackPointExtension>
<opentracks:accuracy_horizontal>3.763</opentracks:accuracy_horizontal></extensions>
</trkpt>
<trkpt lat="50.445001" lon="-104.572168">
<ele>556.5</ele>
<time>2026-09-10T18:25:43.309-06:00</time>
<extensions>
<gpxtpx:TrackPointExtension>
<gpxtpx:speed>7.62</gpxtpx:speed>
</gpxtpx:TrackPointExtension>
<opentracks:accuracy_horizontal>3.763</opentracks:accuracy_horizontal></extensions>
</trkpt>
<trkpt lat="50.445137" lon="-104.572172">
<ele>556.7</ele>
<time>2026-09-10T18:25:45.301-06:00</time>
<extensions>
<gpxtpx:TrackPointExtension>
<gpxtpx:speed>7.4</gpxtpx:speed>
</gpxtpx:TrackPointExtension>
<opentracks:accuracy_horizontal>3.762</opentracks:accuracy_horizontal></extensions>
</trkpt>
<trkpt lat="50.445273" lon="-104.572176">
<ele>556.7</ele>
<time>2026-09-10T18:25:47.317-06:00</time>
<extensions>
<gpxtpx:TrackPointExtension>
<gpxtpx:speed>7.5</gpxtpx:speed>
</gpxtpx:TrackPointExtension>
<opentracks:accuracy_horizontal>3.786</opentracks:accuracy_horizontal></extensions>
</trkpt>
<trkpt lat="50.445406" lon="-104.572172">
<ele>556.2</ele>
<time>2026-09-10T18:25:49.343-06:00</time>
<extensions>
<gpxtpx:TrackPointExtension>
<gpxtpx:speed>7.07</gpxtpx:speed>
</gpxtpx:TrackPointExtension>
<opentracks:accuracy_horizontal>3.825</opentracks:accuracy_horizontal></extensions>
</trkpt>
<trkpt lat="50.44554" lon="-104.572148">
<ele>555.9</ele>
<time>2026-09-10T18:25:51.325-06:00</time>
<extensions>
<gpxtpx:TrackPointExtension>
<gpxtpx:speed>7.6</gpxtpx:speed>
</gpxtpx:TrackPointExtension>
<opentracks:accuracy_horizontal>3.761</opentracks:accuracy_horizontal></extensions>
</trkpt>
<trkpt lat="50.445672" lon="-104.572147">
<ele>555.8</ele>
<time>2026-09-10T18:25:53.314-06:00</time>
<extensions>
<gpxtpx:TrackPointExtension>
<gpxtpx:speed>7.46</gpxtpx:speed>
</gpxtpx:TrackPointExtension>
<opentracks:accuracy_horizontal>3.761</opentracks:accuracy_horizontal></extensions>
</trkpt>
<trkpt lat="50.445805" lon="-104.572153">
<ele>555.7</ele>
<time>2026-09-10T18:25:55.332-06:00</time>
<extensions>
<gpxtpx:TrackPointExtension>
<gpxtpx:speed>7.27</gpxtpx:speed>
</gpxtpx:TrackPointExtension>
<opentracks:accuracy_horizontal>3.809</opentracks:accuracy_horizontal></extensions>
</trkpt>
<trkpt lat="50.445938" lon="-104.572149">
<ele>556.1</ele>
<time>2026-09-10T18:25:57.323-06:00</time>
<extensions>
<gpxtpx:TrackPointExtension>
<gpxtpx:speed>7.31</gpxtpx:speed>
</gpxtpx:TrackPointExtension>
<opentracks:accuracy_horizontal>3.783</opentracks:accuracy_horizontal></extensions>
</trkpt>
<trkpt lat="50.446072" lon="-104.572144">
<ele>555.8</ele>
<time>2026-09-10T18:25:59.332-06:00</time>
<extensions>
<gpxtpx:TrackPointExtension>
<gpxtpx:speed>7.33</gpxtpx:speed>
</gpxtpx:TrackPointExtension>
<opentracks:accuracy_horizontal>3.76</opentracks:accuracy_horizontal></extensions>
</trkpt>
<trkpt lat="50.446203" lon="-104.572145">
<ele>555.8</ele>
<time>2026-09-10T18:26:01.318-06:00</time>
<extensions>
<gpxtpx:TrackPointExtension>
<gpxtpx:speed>7.18</gpxtpx:speed>
</gpxtpx:TrackPointExtension>
<opentracks:accuracy_horizontal>3.76</opentracks:accuracy_horizontal></extensions>
</trkpt>
<trkpt lat="50.446329" lon="-104.572164">
<ele>556.2</ele>
<time>2026-09-10T18:26:03.329-06:00</time>
<extensions>
<gpxtpx:TrackPointExtension>
<gpxtpx:speed>6.69</gpxtpx:speed>
</gpxtpx:TrackPointExtension>
<opentracks:accuracy_horizontal>3.76</opentracks:accuracy_horizontal></extensions>
</trkpt>
<trkpt lat="50.446441" lon="-104.572179">
<ele>556</ele>
<time>2026-09-10T18:26:05.323-06:00</time>
<extensions>
<gpxtpx:TrackPointExtension>
<gpxtpx:speed>6</gpxtpx:speed>
</gpxtpx:TrackPointExtension>
<opentracks:accuracy_horizontal>3.759</opentracks:accuracy_horizontal></extensions>
</trkpt>
<trkpt lat="50.446539" lon="-104.572185">
<ele>556.2</ele>
<time>2026-09-10T18:26:07.338-06:00</time>
<extensions>
<gpxtpx:TrackPointExtension>
<gpxtpx:speed>5</gpxtpx:speed>
</gpxtpx:TrackPointExtension>
<opentracks:accuracy_horizontal>3.759</opentracks:accuracy_horizontal></extensions>
</trkpt>
<trkpt lat="50.446657" lon="-104.572184">
<ele>556.3</ele>
<time>2026-09-10T18:26:10.308-06:00</time>
<extensions>
<gpxtpx:TrackPointExtension>
<gpxtpx:speed>4.34</gpxtpx:speed>
</gpxtpx:TrackPointExtension>
<opentracks:accuracy_horizontal>3.759</opentracks:accuracy_horizontal></extensions>
</trkpt>
<trkpt lat="50.446748" lon="-104.572187">
<ele>556.1</ele>
<time>2026-09-10T18:26:13.324-06:00</time>
<extensions>
<gpxtpx:TrackPointExtension>
<gpxtpx:speed>2.91</gpxtpx:speed>
</gpxtpx:TrackPointExtension>
<opentracks:accuracy_horizontal>3.758</opentracks:accuracy_horizontal></extensions>
</trkpt>
<trkpt lat="50.446845" lon="-104.572195">
<ele>556.3</ele>
<time>2026-09-10T18:26:18.319-06:00</time>
<extensions>
<gpxtpx:TrackPointExtension>
<gpxtpx:speed>1.13</gpxtpx:speed>
</gpxtpx:TrackPointExtension>
<opentracks:accuracy_horizontal>4.003</opentracks:accuracy_horizontal></extensions>
</trkpt>
<trkpt lat="50.446923" lon="-104.572193">
<ele>555.9</ele>
<time>2026-09-10T18:26:28.327-06:00</time>
<extensions>
<gpxtpx:TrackPointExtension>
<gpxtpx:speed>0</gpxtpx:speed>
</gpxtpx:TrackPointExtension>
<opentracks:accuracy_horizontal>3.756</opentracks:accuracy_horizontal></extensions>
</trkpt>
<trkpt lat="50.44702" lon="-104.57215">
<ele>556.3</ele>
<time>2026-09-10T18:26:55.317-06:00</time>
<extensions>
<gpxtpx:TrackPointExtension>
<gpxtpx:speed>3.05</gpxtpx:speed>
</gpxtpx:TrackPointExtension>
<opentracks:accuracy_horizontal>4.028</opentracks:accuracy_horizontal></extensions>
</trkpt>
<trkpt lat="50.447133" lon="-104.572109">
<ele>556.2</ele>
<time>2026-09-10T18:26:58.34-06:00</time>
<extensions>
<gpxtpx:TrackPointExtension>
<gpxtpx:speed>4.63</gpxtpx:speed>
</gpxtpx:TrackPointExtension>
<opentracks:accuracy_horizontal>4.039</opentracks:accuracy_horizontal></extensions>
</trkpt>
<trkpt lat="50.447272" lon="-104.572096">
<ele>555.3</ele>
<time>2026-09-10T18:27:01.312-06:00</time>
<extensions>
<gpxtpx:TrackPointExtension>
<gpxtpx:speed>6.08</gpxtpx:speed>
</gpxtpx:TrackPointExtension>
<opentracks:accuracy_horizontal>4.177</opentracks:accuracy_horizontal></extensions>
</trkpt>
<trkpt lat="50.447394" lon="-104.572132">
<ele>555.8</ele>
<time>2026-09-10T18:27:03.327-06:00</time>
<extensions>
<gpxtpx:TrackPointExtension>
<gpxtpx:speed>6.71</gpxtpx:speed>
</gpxtpx:TrackPointExtension>
<opentracks:accuracy_horizontal>4.137</opentracks:accuracy_horizontal></extensions>
</trkpt>
<trkpt lat="50.447523" lon="-104.572138">
<ele>555.5</ele>
<time>2026-09-10T18:27:05.322-06:00</time>
<extensions>
<gpxtpx:TrackPointExtension>
<gpxtpx:speed>7</gpxtpx:speed>
</gpxtpx:TrackPointExtension>
<opentracks:accuracy_horizontal>4.242</opentracks:accuracy_horizontal></extensions>
</trkpt>
<trkpt lat="50.447614" lon="-104.571997">
<ele>553.3</ele>
<time>2026-09-10T18:27:07.298-06:00</time>
<extensions>
<gpxtpx:TrackPointExtension>
<gpxtpx:speed>6.64</gpxtpx:speed>
</gpxtpx:TrackPointExtension>
<opentracks:accuracy_horizontal>4.821</opentracks:accuracy_horizontal></extensions>
</trkpt>
<trkpt lat="50.447602" lon="-104.57179">
<ele>552.5</ele>
<time>2026-09-10T18:27:09.318-06:00</time>
<extensions>
<gpxtpx:TrackPointExtension>
<gpxtpx:speed>6.62</gpxtpx:speed>
</gpxtpx:TrackPointExtension>
<opentracks:accuracy_horizontal>5.061</opentracks:accuracy_horizontal></extensions>
</trkpt>
<trkpt lat="50.44756" lon="-104.571568">
<ele>552.9</ele>
<time>2026-09-10T18:27:11.317-06:00</time>
<extensions>
<gpxtpx:TrackPointExtension>
<gpxtpx:speed>6.56</gpxtpx:speed>
</gpxtpx:TrackPointExtension>
<opentracks:accuracy_horizontal>4.696</opentracks:accuracy_horizontal></extensions>
</trkpt>
<trkpt lat="50.447537" lon="-104.571367">
<ele>554.7</ele>
<time>2026-09-10T18:27:13.314-06:00</time>
<extensions>
<gpxtpx:TrackPointExtension>
<gpxtpx:speed>7.06</gpxtpx:speed>
</gpxtpx:TrackPointExtension>
<opentracks:accuracy_horizontal>4.323</opentracks:accuracy_horizontal></extensions>
</trkpt>
<trkpt lat="50.447532" lon="-104.571133">
<ele>555.6</ele>
<time>2026-09-10T18:27:15.33-06:00</time>
<extensions>
<gpxtpx:TrackPointExtension>
<gpxtpx:speed>7.36</gpxtpx:speed>
</gpxtpx:TrackPointExtension>
<opentracks:accuracy_horizontal>4.047</opentracks:accuracy_horizontal></extensions>
</trkpt>
<trkpt lat="50.447544" lon="-104.570931">
<ele>555.6</ele>
<time>2026-09-10T18:27:17.319-06:00</time>
<extensions>
<gpxtpx:TrackPointExtension>
<gpxtpx:speed>6.57</gpxtpx:speed>
</gpxtpx:TrackPointExtension>
<opentracks:accuracy_horizontal>3.949</opentracks:accuracy_horizontal></extensions>
</trkpt>
<trkpt lat="50.447572" lon="-104.570784">
<ele>555.5</ele>
<time>2026-09-10T18:27:19.336-06:00</time>
<extensions>
<gpxtpx:TrackPointExtension>
<gpxtpx:speed>5.63</gpxtpx:speed>
</gpxtpx:TrackPointExtension>
<opentracks:accuracy_horizontal>4.019</opentracks:accuracy_horizontal></extensions>
</trkpt>
<trkpt lat="50.447694" lon="-104.570705">
<ele>556.3</ele>
<time>2026-09-10T18:27:22.315-06:00</time>
<extensions>
<gpxtpx:TrackPointExtension>
<gpxtpx:speed>5.23</gpxtpx:speed>
</gpxtpx:TrackPointExtension>
<opentracks:accuracy_horizontal>4.108</opentracks:accuracy_horizontal></extensions>
</trkpt>
<trkpt lat="50.447818" lon="-104.570757">
<ele>556.3</ele>
<time>2026-09-10T18:27:24.32-06:00</time>
<extensions>
<gpxtpx:TrackPointExtension>
<gpxtpx:speed>5.09</gpxtpx:speed>
</gpxtpx:TrackPointExtension>
<opentracks:accuracy_horizontal>4.016</opentracks:accuracy_horizontal></extensions>
</trkpt>
<trkpt lat="50.447935" lon="-104.570759">
<ele>556.5</ele>
<time>2026-09-10T18:27:26.326-06:00</time>
<extensions>
<gpxtpx:TrackPointExtension>
<gpxtpx:speed>5.45</gpxtpx:speed>
</gpxtpx:TrackPointExtension>
<opentracks:accuracy_horizontal>3.767</opentracks:accuracy_horizontal></extensions>
</trkpt>
<trkpt lat="50.448037" lon="-104.570753">
<ele>556.1</ele>
<time>2026-09-10T18:27:28.313-06:00</time>
<extensions>
<gpxtpx:TrackPointExtension>
<gpxtpx:speed>5.48</gpxtpx:speed>
</gpxtpx:TrackPointExtension>
<opentracks:accuracy_horizontal>3.881</opentracks:accuracy_horizontal></extensions>
</trkpt>
<trkpt lat="50.448137" lon="-104.570759">
<ele>556</ele>
<time>2026-09-10T18:27:30.338-06:00</time>
<extensions>
<gpxtpx:TrackPointExtension>
<gpxtpx:speed>5.46</gpxtpx:speed>
</gpxtpx:TrackPointExtension>
<opentracks:accuracy_horizontal>3.955</opentracks:accuracy_horizontal></extensions>
</trkpt>
<trkpt lat="50.448234" lon="-104.570746">
<ele>556.1</ele>
<time>2026-09-10T18:27:32.302-06:00</time>
<extensions>
<gpxtpx:TrackPointExtension>
<gpxtpx:speed>5.66</gpxtpx:speed>
</gpxtpx:TrackPointExtension>
<opentracks:accuracy_horizontal>4.005</opentracks:accuracy_horizontal></extensions>
</trkpt>
<trkpt lat="50.448348" lon="-104.57075">
<ele>555.9</ele>
<time>2026-09-10T18:27:34.327-06:00</time>
<extensions>
<gpxtpx:TrackPointExtension>
<gpxtpx:speed>5.65</gpxtpx:speed>
</gpxtpx:TrackPointExtension>
<opentracks:accuracy_horizontal>4.185</opentracks:accuracy_horizontal></extensions>
</trkpt>
<trkpt lat="50.44845" lon="-104.570767">
<ele>556</ele>
<time>2026-09-10T18:27:36.322-06:00</time>
<extensions>
<gpxtpx:TrackPointExtension>
<gpxtpx:speed>5.26</gpxtpx:speed>
</gpxtpx:TrackPointExtension>
<opentracks:accuracy_horizontal>4.056</opentracks:accuracy_horizontal></extensions>
</trkpt>
<trkpt lat="50.448577" lon="-104.570756">
<ele>557.4</ele>
<time>2026-09-10T18:27:39.311-06:00</time>
<extensions>
<gpxtpx:TrackPointExtension>
<gpxtpx:speed>4.9</gpxtpx:speed>
</gpxtpx:TrackPointExtension>
<opentracks:accuracy_horizontal>4.539</opentracks:accuracy_horizontal></extensions>
</trkpt>
<trkpt lat="50.448695" lon="-104.570769">
<ele>556.6</ele>
<time>2026-09-10T18:27:42.324-06:00</time>
<extensions>
<gpxtpx:TrackPointExtension>
<gpxtpx:speed>4.07</gpxtpx:speed>
</gpxtpx:TrackPointExtension>
<opentracks:accuracy_horizontal>4.414</opentracks:accuracy_horizontal></extensions>
</trkpt>
<trkpt lat="50.4488" lon="-104.570711">
<ele>557.5</ele>
<time>2026-09-10T18:27:45.334-06:00</time>
<extensions>
<gpxtpx:TrackPointExtension>
<gpxtpx:speed>3.99</gpxtpx:speed>
</gpxtpx:TrackPointExtension>
<opentracks:accuracy_horizontal>4.467</opentracks:accuracy_horizontal></extensions>
</trkpt>
<trkpt lat="50.448826" lon="-104.570507">
<ele>557.1</ele>
<time>2026-09-10T18:27:48.322-06:00</time>
<extensions>
<gpxtpx:TrackPointExtension>
<gpxtpx:speed>4.33</gpxtpx:speed>
</gpxtpx:TrackPointExtension>
<opentracks:accuracy_horizontal>3.989</opentracks:accuracy_horizontal></extensions>
</trkpt>
<trkpt lat="50.448813" lon="-104.570366">
<ele>557</ele>
<time>2026-09-10T18:27:50.295-06:00</time>
<extensions>
<gpxtpx:TrackPointExtension>
<gpxtpx:speed>4.39</gpxtpx:speed>
</gpxtpx:TrackPointExtension>
<opentracks:accuracy_horizontal>3.906</opentracks:accuracy_horizontal></extensions>
</trkpt>
<trkpt lat="50.448806" lon="-104.570162">
<ele>556.5</ele>
<time>2026-09-10T18:27:53.319-06:00</time>
<extensions>
<gpxtpx:TrackPointExtension>
<gpxtpx:speed>4.55</gpxtpx:speed>
</gpxtpx:TrackPointExtension>
<opentracks:accuracy_horizontal>3.743</opentracks:accuracy_horizontal></extensions>
</trkpt>
<trkpt lat="50.448809" lon="-104.569982">
<ele>557.2</ele>
<time>2026-09-10T18:27:56.318-06:00</time>
<extensions>
<gpxtpx:TrackPointExtension>
<gpxtpx:speed>4.04</gpxtpx:speed>
</gpxtpx:TrackPointExtension>
<opentracks:accuracy_horizontal>3.693</opentracks:accuracy_horizontal></extensions>
</trkpt>
<trkpt lat="50.448814" lon="-104.569812">
<ele>557.8</ele>
<time>2026-09-10T18:27:59.316-06:00</time>
<extensions>
<gpxtpx:TrackPointExtension>
<gpxtpx:speed>3.86</gpxtpx:speed>
</gpxtpx:TrackPointExtension>
<opentracks:accuracy_horizontal>3.692</opentracks:accuracy_horizontal></extensions>
</trkpt>
<trkpt lat="50.448811" lon="-104.569647">
<ele>558.1</ele>
<time>2026-09-10T18:28:02.316-06:00</time>
<extensions>
<gpxtpx:TrackPointExtension>
<gpxtpx:speed>4.31</gpxtpx:speed>
</gpxtpx:TrackPointExtension>
<opentracks:accuracy_horizontal>3.741</opentracks:accuracy_horizontal></extensions>
</trkpt>
<trkpt lat="50.448852" lon="-104.569456">
<ele>557.5</ele>
<time>2026-09-10T18:28:05.311-06:00</time>
<extensions>
<gpxtpx:TrackPointExtension>
<gpxtpx:speed>4.59</gpxtpx:speed>
</gpxtpx:TrackPointExtension>
<opentracks:accuracy_horizontal>3.736</opentracks:accuracy_horizontal></extensions>
</trkpt>
<trkpt lat="50.44894" lon="-104.569303">
<ele>558</ele>
<time>2026-09-10T18:28:08.319-06:00</time>
<extensions>
<gpxtpx:TrackPointExtension>
<gpxtpx:speed>5.07</gpxtpx:speed>
</gpxtpx:TrackPointExtension>
<opentracks:accuracy_horizontal>3.752</opentracks:accuracy_horizontal></extensions>
</trkpt>
<trkpt lat="50.44905" lon="-104.569288">
<ele>557.3</ele>
<time>2026-09-10T18:28:10.335-06:00</time>
<extensions>
<gpxtpx:TrackPointExtension>
<gpxtpx:speed>5.68</gpxtpx:speed>
</gpxtpx:TrackPointExtension>
<opentracks:accuracy_horizontal>3.911</opentracks:accuracy_horizontal></extensions>
</trkpt>
<trkpt lat="50.44916" lon="-104.56929">
<ele>556.8</ele>
<time>2026-09-10T18:28:12.331-06:00</time>
<extensions>
<gpxtpx:TrackPointExtension>
<gpxtpx:speed>5.57</gpxtpx:speed>
</gpxtpx:TrackPointExtension>
<opentracks:accuracy_horizontal>3.83</opentracks:accuracy_horizontal></extensions>
</trkpt>
<trkpt lat="50.449263" lon="-104.569299">
<ele>556.4</ele>
<time>2026-09-10T18:28:14.322-06:00</time>
<extensions>
<gpxtpx:TrackPointExtension>
<gpxtpx:speed>5.63</gpxtpx:speed>
</gpxtpx:TrackPointExtension>
<opentracks:accuracy_horizontal>3.74</opentracks:accuracy_horizontal></extensions>
</trkpt>
<trkpt lat="50.449372" lon="-104.569313">
<ele>556</ele>
<time>2026-09-10T18:28:16.32-06:00</time>
<extensions>
<gpxtpx:TrackPointExtension>
<gpxtpx:speed>5.58</gpxtpx:speed>
</gpxtpx:TrackPointExtension>
<opentracks:accuracy_horizontal>3.73</opentracks:accuracy_horizontal></extensions>
</trkpt>
<trkpt lat="50.449466" lon="-104.569318">
<ele>556.8</ele>
<time>2026-09-10T18:28:18.327-06:00</time>
<extensions>
<gpxtpx:TrackPointExtension>
<gpxtpx:speed>5.16</gpxtpx:speed>
</gpxtpx:TrackPointExtension>
<opentracks:accuracy_horizontal>3.82</opentracks:accuracy_horizontal></extensions>
</trkpt>
<trkpt lat="50.449571" lon="-104.569322">
<ele>556.8</ele>
<time>2026-09-10T18:28:20.325-06:00</time>
<extensions>
<gpxtpx:TrackPointExtension>
<gpxtpx:speed>5.43</gpxtpx:speed>
</gpxtpx:TrackPointExtension>
<opentracks:accuracy_horizontal>3.739</opentracks:accuracy_horizontal></extensions>
</trkpt>
<trkpt lat="50.449674" lon="-104.569315">
<ele>555.8</ele>
<time>2026-09-10T18:28:22.319-06:00</time>
<extensions>
<gpxtpx:TrackPointExtension>
<gpxtpx:speed>5.4</gpxtpx:speed>
</gpxtpx:TrackPointExtension>
<opentracks:accuracy_horizontal>3.783</opentracks:accuracy_horizontal></extensions>
</trkpt>
<trkpt lat="50.449775" lon="-104.569307">
<ele>555.4</ele>
<time>2026-09-10T18:28:24.334-06:00</time>
<extensions>
<gpxtpx:TrackPointExtension>
<gpxtpx:speed>5.32</gpxtpx:speed>
</gpxtpx:TrackPointExtension>
<opentracks:accuracy_horizontal>3.828</opentracks:accuracy_horizontal></extensions>
</trkpt>
<trkpt lat="50.449874" lon="-104.569298">
<ele>555.5</ele>
<time>2026-09-10T18:28:26.33-06:00</time>
<extensions>
<gpxtpx:TrackPointExtension>
<gpxtpx:speed>5.43</gpxtpx:speed>
</gpxtpx:TrackPointExtension>
<opentracks:accuracy_horizontal>3.971</opentracks:accuracy_horizontal></extensions>
</trkpt>
<trkpt lat="50.449971" lon="-104.569299">
<ele>554.9</ele>
<time>2026-09-10T18:28:28.334-06:00</time>
<extensions>
<gpxtpx:TrackPointExtension>
<gpxtpx:speed>5.33</gpxtpx:speed>
</gpxtpx:TrackPointExtension>
<opentracks:accuracy_horizontal>4.142</opentracks:accuracy_horizontal></extensions>
</trkpt>
<trkpt lat="50.450096" lon="-104.569312">
<ele>554</ele>
<time>2026-09-10T18:28:31.326-06:00</time>
<extensions>
<gpxtpx:TrackPointExtension>
<gpxtpx:speed>4.42</gpxtpx:speed>
</gpxtpx:TrackPointExtension>
<opentracks:accuracy_horizontal>4.063</opentracks:accuracy_horizontal></extensions>
</trkpt>
<trkpt lat="50.450212" lon="-104.569322">
<ele>553.7</ele>
<time>2026-09-10T18:28:34.331-06:00</time>
<extensions>
<gpxtpx:TrackPointExtension>
<gpxtpx:speed>3.4</gpxtpx:speed>
</gpxtpx:TrackPointExtension>
<opentracks:accuracy_horizontal>4.217</opentracks:accuracy_horizontal></extensions>
</trkpt>
<trkpt lat="50.450302" lon="-104.569319">
<ele>553.2</ele>
<time>2026-09-10T18:28:40.328-06:00</time>
<extensions>
<gpxtpx:TrackPointExtension>
<gpxtpx:speed>1.23</gpxtpx:speed>
</gpxtpx:TrackPointExtension>
<opentracks:accuracy_horizontal>4.377</opentracks:accuracy_horizontal></extensions>
</trkpt>
<trkpt lat="50.450388" lon="-104.569397">
<ele>553.4</ele>
<time>2026-09-10T18:28:46.333-06:00</time>
<extensions>
<gpxtpx:TrackPointExtension>
<gpxtpx:speed>3.45</gpxtpx:speed>
</gpxtpx:TrackPointExtension>
<opentracks:accuracy_horizontal>4.603</opentracks:accuracy_horizontal></extensions>
</trkpt>
<trkpt lat="50.450473" lon="-104.56935">
<ele>554</ele>
<time>2026-09-10T18:28:48.327-06:00</time>
<extensions>
<gpxtpx:TrackPointExtension>
<gpxtpx:speed>4.97</gpxtpx:speed>
</gpxtpx:TrackPointExtension>
<opentracks:accuracy_horizontal>4.631</opentracks:accuracy_horizontal></extensions>
</trkpt>
<trkpt lat="50.450579" lon="-104.569327">
<ele>554.7</ele>
<time>2026-09-10T18:28:50.328-06:00</time>
<extensions>
<gpxtpx:TrackPointExtension>
<gpxtpx:speed>6.16</gpxtpx:speed>
</gpxtpx:TrackPointExtension>
<opentracks:accuracy_horizontal>4.448</opentracks:accuracy_horizontal></extensions>
</trkpt>
<trkpt lat="50.450711" lon="-104.569331">
<ele>555.6</ele>
<time>2026-09-10T18:28:52.307-06:00</time>
<extensions>
<gpxtpx:TrackPointExtension>
<gpxtpx:speed>7.04</gpxtpx:speed>
</gpxtpx:TrackPointExtension>
<opentracks:accuracy_horizontal>4.525</opentracks:accuracy_horizontal></extensions>
</trkpt>
<trkpt lat="50.450859" lon="-104.56934">
<ele>555.9</ele>
<time>2026-09-10T18:28:54.305-06:00</time>
<extensions>
<gpxtpx:TrackPointExtension>
<gpxtpx:speed>7.51</gpxtpx:speed>
</gpxtpx:TrackPointExtension>
<opentracks:accuracy_horizontal>4.174</opentracks:accuracy_horizontal></extensions>
</trkpt>
<trkpt lat="50.451004" lon="-104.569326">
<ele>556.5</ele>
<time>2026-09-10T18:28:56.33-06:00</time>
<extensions>
<gpxtpx:TrackPointExtension>
<gpxtpx:speed>7.63</gpxtpx:speed>
</gpxtpx:TrackPointExtension>
<opentracks:accuracy_horizontal>3.988</opentracks:accuracy_horizontal></extensions>
</trkpt>
<trkpt lat="50.451142" lon="-104.569328">
<ele>557.1</ele>
<time>2026-09-10T18:28:58.326-06:00</time>
<extensions>
<gpxtpx:TrackPointExtension>
<gpxtpx:speed>7.39</gpxtpx:speed>
</gpxtpx:TrackPointExtension>
<opentracks:accuracy_horizontal>4.083</opentracks:accuracy_horizontal></extensions>
</trkpt>
<trkpt lat="50.451275" lon="-104.569331">
<ele>557.7</ele>
<time>2026-09-10T18:29:00.324-06:00</time>
<extensions>
<gpxtpx:TrackPointExtension>
<gpxtpx:speed>6.92</gpxtpx:speed>
</gpxtpx:TrackPointExtension>
<opentracks:accuracy_horizontal>4.276</opentracks:accuracy_horizontal></extensions>
</trkpt>
<trkpt lat="50.451401" lon="-104.569324">
<ele>557.8</ele>
<time>2026-09-10T18:29:02.322-06:00</time>
<extensions>
<gpxtpx:TrackPointExtension>
<gpxtpx:speed>6.79</gpxtpx:speed>
</gpxtpx:TrackPointExtension>
<opentracks:accuracy_horizontal>4.274</opentracks:accuracy_horizontal></extensions>
</trkpt>
<trkpt lat="50.451517" lon="-104.569317">
<ele>558.5</ele>
<time>2026-09-10T18:29:04.316-06:00</time>
<extensions>
<gpxtpx:TrackPointExtension>
<gpxtpx:speed>6.46</gpxtpx:speed>
</gpxtpx:TrackPointExtension>
<opentracks:accuracy_horizontal>4.011</opentracks:accuracy_horizontal></extensions>
</trkpt>
<trkpt lat="50.451627" lon="-104.569315">
<ele>558</ele>
<time>2026-09-10T18:29:06.316-06:00</time>
<extensions>
<gpxtpx:TrackPointExtension>
<gpxtpx:speed>5.44</gpxtpx:speed>
</gpxtpx:TrackPointExtension>
<opentracks:accuracy_horizontal>3.784</opentracks:accuracy_horizontal></extensions>
</trkpt>
<trkpt lat="50.451721" lon="-104.569322">
<ele>558.5</ele>
<time>2026-09-10T18:29:08.332-06:00</time>
<extensions>
<gpxtpx:TrackPointExtension>
<gpxtpx:speed>4.88</gpxtpx:speed>
</gpxtpx:TrackPointExtension>
<opentracks:accuracy_horizontal>3.767</opentracks:accuracy_horizontal></extensions>
</trkpt>
<trkpt lat="50.451832" lon="-104.569327">
<ele>558.4</ele>
<time>2026-09-10T18:29:11.326-06:00</time>
<extensions>
<gpxtpx:TrackPointExtension>
<gpxtpx:speed>3.91</gpxtpx:speed>
</gpxtpx:TrackPointExtension>
<opentracks:accuracy_horizontal>3.878</opentracks:accuracy_horizontal></extensions>
</trkpt>
<trkpt lat="50.451947" lon="-104.569329">
<ele>557.5</ele>
<time>2026-09-10T18:29:14.314-06:00</time>
<extensions>
<gpxtpx:TrackPointExtension>
<gpxtpx:speed>4.8</gpxtpx:speed>
</gpxtpx:TrackPointExtension>
<opentracks:accuracy_horizontal>4.133</opentracks:accuracy_horizontal></extensions>
</trkpt>
<trkpt lat="50.452045" lon="-104.569345">
<ele>557.2</ele>
<time>2026-09-10T18:29:16.319-06:00</time>
<extensions>
<gpxtpx:TrackPointExtension>
<gpxtpx:speed>5.13</gpxtpx:speed>
</gpxtpx:TrackPointExtension>
<opentracks:accuracy_horizontal>4.174</opentracks:accuracy_horizontal></extensions>
</trkpt>
<trkpt lat="50.452152" lon="-104.569351">
<ele>557.4</ele>
<time>2026-09-10T18:29:18.304-06:00</time>
<extensions>
<gpxtpx:TrackPointExtension>
<gpxtpx:speed>4.93</gpxtpx:speed>
</gpxtpx:TrackPointExtension>
<opentracks:accuracy_horizontal>4.331</opentracks:accuracy_horizontal></extensions>
</trkpt>
<trkpt lat="50.452267" lon="-104.569341">
<ele>557.8</ele>
<time>2026-09-10T18:29:20.31-06:00</time>
<extensions>
<gpxtpx:TrackPointExtension>
<gpxtpx:speed>6.21</gpxtpx:speed>
</gpxtpx:TrackPointExtension>
<opentracks:accuracy_horizontal>4.35</opentracks:accuracy_horizontal></extensions>
</trkpt>
<trkpt lat="50.452405" lon="-104.56935">
<ele>557.2</ele>
<time>2026-09-10T18:29:22.327-06:00</time>
<extensions>
<gpxtpx:TrackPointExtension>
<gpxtpx:speed>6.97</gpxtpx:speed>
</gpxtpx:TrackPointExtension>
<opentracks:accuracy_horizontal>4.026</opentracks:accuracy_horizontal></extensions>
</trkpt>
<trkpt lat="50.452546" lon="-104.569345">
<ele>557.1</ele>
<time>2026-09-10T18:29:24.328-06:00</time>
<extensions>
<gpxtpx:TrackPointExtension>
<gpxtpx:speed>6.47</gpxtpx:speed>
</gpxtpx:TrackPointExtension>
<opentracks:accuracy_horizontal>4.024</opentracks:accuracy_horizontal></extensions>
</trkpt>
<trkpt lat="50.452668" lon="-104.569356">
<ele>557.5</ele>
<time>2026-09-10T18:29:26.312-06:00</time>
<extensions>
<gpxtpx:TrackPointExtension>
<gpxtpx:speed>6.51</gpxtpx:speed>
</gpxtpx:TrackPointExtension>
<opentracks:accuracy_horizontal>4.205</opentracks:accuracy_horizontal></extensions>
</trkpt>
<trkpt lat="50.452781" lon="-104.56936">
<ele>557</ele>
<time>2026-09-10T18:29:28.324-06:00</time>
<extensions>
<gpxtpx:TrackPointExtension>
<gpxtpx:speed>6.23</gpxtpx:speed>
</gpxtpx:TrackPointExtension>
<opentracks:accuracy_horizontal>4.012</opentracks:accuracy_horizontal></extensions>
</trkpt>
<trkpt lat="50.452892" lon="-104.569359">
<ele>556.3</ele>
<time>2026-09-10T18:29:30.323-06:00</time>
<extensions>
<gpxtpx:TrackPointExtension>
<gpxtpx:speed>6.3</gpxtpx:speed>
</gpxtpx:TrackPointExtension>
<opentracks:accuracy_horizontal>4.044</opentracks:accuracy_horizontal></extensions>
</trkpt>
<trkpt lat="50.453009" lon="-104.569364">
<ele>556.7</ele>
<time>2026-09-10T18:29:32.323-06:00</time>
<extensions>
<gpxtpx:TrackPointExtension>
<gpxtpx:speed>6.32</gpxtpx:speed>
</gpxtpx:TrackPointExtension>
<opentracks:accuracy_horizontal>4.262</opentracks:accuracy_horizontal></extensions>
</trkpt>
<trkpt lat="50.453124" lon="-104.569389">
<ele>557.1</ele>
<time>2026-09-10T18:29:34.319-06:00</time>
<extensions>
<gpxtpx:TrackPointExtension>
<gpxtpx:speed>6.2</gpxtpx:speed>
</gpxtpx:TrackPointExtension>
<opentracks:accuracy_horizontal>4.213</opentracks:accuracy_horizontal></extensions>
</trkpt>
<trkpt lat="50.453237" lon="-104.569395">
<ele>557.6</ele>
<time>2026-09-10T18:29:36.339-06:00</time>
<extensions>
<gpxtpx:TrackPointExtension>
<gpxtpx:speed>5.92</gpxtpx:speed>
</gpxtpx:TrackPointExtension>
<opentracks:accuracy_horizontal>4.227</opentracks:accuracy_horizontal></extensions>
</trkpt>
<trkpt lat="50.453339" lon="-104.569388">
<ele>557.9</ele>
<time>2026-09-10T18:29:38.334-06:00</time>
<extensions>
<gpxtpx:TrackPointExtension>
<gpxtpx:speed>5.56</gpxtpx:speed>
</gpxtpx:TrackPointExtension>
<opentracks:accuracy_horizontal>4.171</opentracks:accuracy_horizontal></extensions>
</trkpt>
<trkpt lat="50.45344" lon="-104.569375">
<ele>557.9</ele>
<time>2026-09-10T18:29:40.325-06:00</time>
<extensions>
<gpxtpx:TrackPointExtension>
<gpxtpx:speed>5.93</gpxtpx:speed>
</gpxtpx:TrackPointExtension>
<opentracks:accuracy_horizontal>4.023</opentracks:accuracy_horizontal></extensions>
</trkpt>
<trkpt lat="50.453534" lon="-104.569358">
<ele>557.1</ele>
<time>2026-09-10T18:29:42.333-06:00</time>
<extensions>
<gpxtpx:TrackPointExtension>
<gpxtpx:speed>5.54</gpxtpx:speed>
</gpxtpx:TrackPointExtension>
<opentracks:accuracy_horizontal>4.311</opentracks:accuracy_horizontal></extensions>
</trkpt>
<trkpt lat="50.453627" lon="-104.569345">
<ele>556.6</ele>
<time>2026-09-10T18:29:44.323-06:00</time>
<extensions>
<gpxtpx:TrackPointExtension>
<gpxtpx:speed>5.3</gpxtpx:speed>
</gpxtpx:TrackPointExtension>
<opentracks:accuracy_horizontal>4.489</opentracks:accuracy_horizontal></extensions>
</trkpt>
<trkpt lat="50.453753" lon="-104.569355">
<ele>555.1</ele>
<time>2026-09-10T18:29:47.307-06:00</time>
<extensions>
<gpxtpx:TrackPointExtension>
<gpxtpx:speed>4.71</gpxtpx:speed>
</gpxtpx:TrackPointExtension>
<opentracks:accuracy_horizontal>3.933</opentracks:accuracy_horizontal></extensions>
</trkpt>
<trkpt lat="50.453888" lon="-104.569348">
<ele>554.5</ele>
<time>2026-09-10T18:29:50.324-06:00</time>
<extensions>
<gpxtpx:TrackPointExtension>
<gpxtpx:speed>4.95</gpxtpx:speed>
</gpxtpx:TrackPointExtension>
<opentracks:accuracy_horizontal>4.077</opentracks:accuracy_horizontal></extensions>
</trkpt>
<trkpt lat="50.453993" lon="-104.569334">
<ele>555.1</ele>
<time>2026-09-10T18:29:52.323-06:00</time>
<extensions>
<gpxtpx:TrackPointExtension>
<gpxtpx:speed>5.58</gpxtpx:speed>
</gpxtpx:TrackPointExtension>
<opentracks:accuracy_horizontal>3.869</opentracks:accuracy_horizontal></extensions>
</trkpt>
<trkpt lat="50.454091" lon="-104.569344">
<ele>555.5</ele>
<time>2026-09-10T18:29:54.322-06:00</time>
<extensions>
<gpxtpx:TrackPointExtension>
<gpxtpx:speed>5.39</gpxtpx:speed>
</gpxtpx:TrackPointExtension>
<opentracks:accuracy_horizontal>3.725</opentracks:accuracy_horizontal></extensions>
</trkpt>
<trkpt lat="50.45419" lon="-104.569354">
<ele>555.3</ele>
<time>2026-09-10T18:29:56.329-06:00</time>
<extensions>
<gpxtpx:TrackPointExtension>
<gpxtpx:speed>5.23</gpxtpx:speed>
</gpxtpx:TrackPointExtension>
<opentracks:accuracy_horizontal>3.724</opentracks:accuracy_horizontal></extensions>
</trkpt>
<trkpt lat="50.454288" lon="-104.569363">
<ele>555.6</ele>
<time>2026-09-10T18:29:58.329-06:00</time>
<extensions>
<gpxtpx:TrackPointExtension>
<gpxtpx:speed>5.09</gpxtpx:speed>
</gpxtpx:TrackPointExtension>
<opentracks:accuracy_horizontal>3.761</opentracks:accuracy_horizontal></extensions>
</trkpt>
<trkpt lat="50.454384" lon="-104.569346">
<ele>556.1</ele>
<time>2026-09-10T18:30:00.314-06:00</time>
<extensions>
<gpxtpx:TrackPointExtension>
<gpxtpx:speed>4.84</gpxtpx:speed>
</gpxtpx:TrackPointExtension>
<opentracks:accuracy_horizontal>4.109</opentracks:accuracy_horizontal></extensions>
</trkpt>
<trkpt lat="50.454475" lon="-104.569336">
<ele>556.3</ele>
<time>2026-09-10T18:30:02.328-06:00</time>
<extensions>
<gpxtpx:TrackPointExtension>
<gpxtpx:speed>5.01</gpxtpx:speed>
</gpxtpx:TrackPointExtension>
<opentracks:accuracy_horizontal>3.986</opentracks:accuracy_horizontal></extensions>
</trkpt>
<trkpt lat="50.454565" lon="-104.569335">
<ele>556.5</ele>
<time>2026-09-10T18:30:04.309-06:00</time>
<extensions>
<gpxtpx:TrackPointExtension>
<gpxtpx:speed>4.86</gpxtpx:speed>
</gpxtpx:TrackPointExtension>
<opentracks:accuracy_horizontal>4.48</opentracks:accuracy_horizontal></extensions>
</trkpt>
<trkpt lat="50.454693" lon="-104.569344">
<ele>556.7</ele>
<time>2026-09-10T18:30:07.307-06:00</time>
<extensions>
<gpxtpx:TrackPointExtension>
<gpxtpx:speed>4.72</gpxtpx:speed>
</gpxtpx:TrackPointExtension>
<opentracks:accuracy_horizontal>4.035</opentracks:accuracy_horizontal></extensions>
</trkpt>
<trkpt lat="50.454819" lon="-104.569353">
<ele>555.6</ele>
<time>2026-09-10T18:30:10.323-06:00</time>
<extensions>
<gpxtpx:TrackPointExtension>
<gpxtpx:speed>4.32</gpxtpx:speed>
</gpxtpx:TrackPointExtension>
<opentracks:accuracy_horizontal>4.04</opentracks:accuracy_horizontal></extensions>
</trkpt>
<trkpt lat="50.45494" lon="-104.569359">
<ele>555.2</ele>
<time>2026-09-10T18:30:13.336-06:00</time>
<extensions>
<gpxtpx:TrackPointExtension>
<gpxtpx:speed>3.58</gpxtpx:speed>
</gpxtpx:TrackPointExtension>
<opentracks:accuracy_horizontal>3.99</opentracks:accuracy_horizontal></extensions>
</trkpt>
<trkpt lat="50.455031" lon="-104.569351">
<ele>553.8</ele>
<time>2026-09-10T18:30:16.311-06:00</time>
<extensions>
<gpxtpx:TrackPointExtension>
<gpxtpx:speed>2.86</gpxtpx:speed>
</gpxtpx:TrackPointExtension>
<opentracks:accuracy_horizontal>4.117</opentracks:accuracy_horizontal></extensions>
</trkpt>
<trkpt lat="50.455128" lon="-104.569248">
<ele>556.5</ele>
<time>2026-09-10T18:30:21.328-06:00</time>
<extensions>
<gpxtpx:TrackPointExtension>
<gpxtpx:speed>3.42</gpxtpx:speed>
</gpxtpx:TrackPointExtension>
<opentracks:accuracy_horizontal>3.951</opentracks:accuracy_horizontal></extensions>
</trkpt>
<trkpt lat="50.455166" lon="-104.56908">
<ele>556.4</ele>
<time>2026-09-10T18:30:24.313-06:00</time>
<extensions>
<gpxtpx:TrackPointExtension>
<gpxtpx:speed>4.48</gpxtpx:speed>
</gpxtpx:TrackPointExtension>
<opentracks:accuracy_horizontal>3.999</opentracks:accuracy_horizontal></extensions>
</trkpt>
<trkpt lat="50.455155" lon="-104.568917">
<ele>556.7</ele>
<time>2026-09-10T18:30:26.339-06:00</time>
<extensions>
<gpxtpx:TrackPointExtension>
<gpxtpx:speed>5.83</gpxtpx:speed>
</gpxtpx:TrackPointExtension>
<opentracks:accuracy_horizontal>3.89</opentracks:accuracy_horizontal></extensions>
</trkpt>
<trkpt lat="50.455145" lon="-104.568732">
<ele>556.9</ele>
<time>2026-09-10T18:30:28.326-06:00</time>
<extensions>
<gpxtpx:TrackPointExtension>
<gpxtpx:speed>6.26</gpxtpx:speed>
</gpxtpx:TrackPointExtension>
<opentracks:accuracy_horizontal>3.818</opentracks:accuracy_horizontal></extensions>
</trkpt>
<trkpt lat="50.455133" lon="-104.568542">
<ele>556.8</ele>
<time>2026-09-10T18:30:30.32-06:00</time>
<extensions>
<gpxtpx:TrackPointExtension>
<gpxtpx:speed>6.85</gpxtpx:speed>
</gpxtpx:TrackPointExtension>
<opentracks:accuracy_horizontal>3.721</opentracks:accuracy_horizontal></extensions>
</trkpt>
<trkpt lat="50.455125" lon="-104.568336">
<ele>557</ele>
<time>2026-09-10T18:30:32.313-06:00</time>
<extensions>
<gpxtpx:TrackPointExtension>
<gpxtpx:speed>7.28</gpxtpx:speed>
</gpxtpx:TrackPointExtension>
<opentracks:accuracy_horizontal>3.798</opentracks:accuracy_horizontal></extensions>
</trkpt>
<trkpt lat="50.455126" lon="-104.56812">
<ele>557.2</ele>
<time>2026-09-10T18:30:34.304-06:00</time>
<extensions>
<gpxtpx:TrackPointExtension>
<gpxtpx:speed>7.19</gpxtpx:speed>
</gpxtpx:TrackPointExtension>
<opentracks:accuracy_horizontal>3.741</opentracks:accuracy_horizontal></extensions>
</trkpt>
<trkpt lat="50.455118" lon="-104.567905">
<ele>557.6</ele>
<time>2026-09-10T18:30:36.331-06:00</time>
<extensions>
<gpxtpx:TrackPointExtension>
<gpxtpx:speed>7.48</gpxtpx:speed>
</gpxtpx:TrackPointExtension>
<opentracks:accuracy_horizontal>3.718</opentracks:accuracy_horizontal></extensions>
</trkpt>
<trkpt lat="50.455115" lon="-104.567689">
<ele>557.1</ele>
<time>2026-09-10T18:30:38.326-06:00</time>
<extensions>
<gpxtpx:TrackPointExtension>
<gpxtpx:speed>7.28</gpxtpx:speed>
</gpxtpx:TrackPointExtension>
<opentracks:accuracy_horizontal>3.718</opentracks:accuracy_horizontal></extensions>
</trkpt>
<trkpt lat="50.455118" lon="-104.567475">
<ele>557.3</ele>
<time>2026-09-10T18:30:40.325-06:00</time>
<extensions>
<gpxtpx:TrackPointExtension>
<gpxtpx:speed>7.05</gpxtpx:speed>
</gpxtpx:TrackPointExtension>
<opentracks:accuracy_horizontal>3.755</opentracks:accuracy_horizontal></extensions>
</trkpt>
<trkpt lat="50.455114" lon="-104.567273">
<ele>558</ele>
<time>2026-09-10T18:30:42.333-06:00</time>
<extensions>
<gpxtpx:TrackPointExtension>
<gpxtpx:speed>7.16</gpxtpx:speed>
</gpxtpx:TrackPointExtension>
<opentracks:accuracy_horizontal>3.718</opentracks:accuracy_horizontal></extensions>
</trkpt>
<trkpt lat="50.455122" lon="-104.567063">
<ele>557.4</ele>
<time>2026-09-10T18:30:44.331-06:00</time>
<extensions>
<gpxtpx:TrackPointExtension>
<gpxtpx:speed>7.43</gpxtpx:speed>
</gpxtpx:TrackPointExtension>
<opentracks:accuracy_horizontal>3.717</opentracks:accuracy_horizontal></extensions>
</trkpt>
<trkpt lat="50.455126" lon="-104.566848">
<ele>556.9</ele>
<time>2026-09-10T18:30:46.337-06:00</time>
<extensions>
<gpxtpx:TrackPointExtension>
<gpxtpx:speed>7.61</gpxtpx:speed>
</gpxtpx:TrackPointExtension>
<opentracks:accuracy_horizontal>3.717</opentracks:accuracy_horizontal></extensions>
</trkpt>
<trkpt lat="50.455128" lon="-104.566629">
<ele>557.1</ele>
<time>2026-09-10T18:30:48.353-06:00</time>
<extensions>
<gpxtpx:TrackPointExtension>
<gpxtpx:speed>7.7</gpxtpx:speed>
</gpxtpx:TrackPointExtension>
<opentracks:accuracy_horizontal>3.717</opentracks:accuracy_horizontal></extensions>
</trkpt>
<trkpt lat="50.455127" lon="-104.566404">
<ele>557.9</ele>
<time>2026-09-10T18:30:50.327-06:00</time>
<extensions>
<gpxtpx:TrackPointExtension>
<gpxtpx:speed>7.69</gpxtpx:speed>
</gpxtpx:TrackPointExtension>
<opentracks:accuracy_horizontal>3.716</opentracks:accuracy_horizontal></extensions>
</trkpt>
<trkpt lat="50.455124" lon="-104.566178">
<ele>558.2</ele>
<time>2026-09-10T18:30:52.319-06:00</time>
<extensions>
<gpxtpx:TrackPointExtension>
<gpxtpx:speed>7.92</gpxtpx:speed>
</gpxtpx:TrackPointExtension>
<opentracks:accuracy_horizontal>3.716</opentracks:accuracy_horizontal></extensions>
</trkpt>
<trkpt lat="50.455121" lon="-104.565959">
<ele>558.1</ele>
<time>2026-09-10T18:30:54.323-06:00</time>
<extensions>
<gpxtpx:TrackPointExtension>
<gpxtpx:speed>8.19</gpxtpx:speed>
</gpxtpx:TrackPointExtension>
<opentracks:accuracy_horizontal>3.716</opentracks:accuracy_horizontal></extensions>
</trkpt>
<trkpt lat="50.455123" lon="-104.565723">
<ele>557.9</ele>
<time>2026-09-10T18:30:56.333-06:00</time>
<extensions>
<gpxtpx:TrackPointExtension>
<gpxtpx:speed>8.11</gpxtpx:speed>
</gpxtpx:TrackPointExtension>
<opentracks:accuracy_horizontal>3.716</opentracks:accuracy_horizontal></extensions>
</trkpt>
<trkpt lat="50.455126" lon="-104.565487">
<ele>557.5</ele>
<time>2026-09-10T18:30:58.324-06:00</time>
<extensions>
<gpxtpx:TrackPointExtension>
<gpxtpx:speed>8.05</gpxtpx:speed>
</gpxtpx:TrackPointExtension>
<opentracks:accuracy_horizontal>3.715</opentracks:accuracy_horizontal></extensions>
</trkpt>
<trkpt lat="50.455123" lon="-104.565252">
<ele>557.7</ele>
<time>2026-09-10T18:31:00.321-06:00</time>
<extensions>
<gpxtpx:TrackPointExtension>
<gpxtpx:speed>8.26</gpxtpx:speed>
</gpxtpx:TrackPointExtension>
<opentracks:accuracy_horizontal>3.715</opentracks:accuracy_horizontal></extensions>
</trkpt>
<trkpt lat="50.455128" lon="-104.565021">
<ele>558</ele>
<time>2026-09-10T18:31:02.319-06:00</time>
<extensions>
<gpxtpx:TrackPointExtension>
<gpxtpx:speed>8.06</gpxtpx:speed>
</gpxtpx:TrackPointExtension>
<opentracks:accuracy_horizontal>3.715</opentracks:accuracy_horizontal></extensions>
</trkpt>
<trkpt lat="50.455125" lon="-104.564793">
<ele>558.2</ele>
<time>2026-09-10T18:31:04.311-06:00</time>
<extensions>
<gpxtpx:TrackPointExtension>
<gpxtpx:speed>8.01</gpxtpx:speed>
</gpxtpx:TrackPointExtension>
<opentracks:accuracy_horizontal>3.714</opentracks:accuracy_horizontal></extensions>
</trkpt>
<trkpt lat="50.455111" lon="-104.56455">
<ele>558.4</ele>
<time>2026-09-10T18:31:06.337-06:00</time>
<extensions>
<gpxtpx:TrackPointExtension>
<gpxtpx:speed>8.8</gpxtpx:speed>
</gpxtpx:TrackPointExtension>
<opentracks:accuracy_horizontal>3.714</opentracks:accuracy_horizontal></extensions>
</trkpt>
<trkpt lat="50.45511" lon="-104.564284">
<ele>558.2</ele>
<time>2026-09-10T18:31:08.341-06:00</time>
<extensions>
<gpxtpx:TrackPointExtension>
<gpxtpx:speed>9.36</gpxtpx:speed>
</gpxtpx:TrackPointExtension>
<opentracks:accuracy_horizontal>3.714</opentracks:accuracy_horizontal></extensions>
</trkpt>
<trkpt lat="50.455115" lon="-104.56401">
<ele>557.6</ele>
<time>2026-09-10T18:31:10.331-06:00</time>
<extensions>
<gpxtpx:TrackPointExtension>
<gpxtpx:speed>9.59</gpxtpx:speed>
</gpxtpx:TrackPointExtension>
<opentracks:accuracy_horizontal>3.714</opentracks:accuracy_horizontal></extensions>
</trkpt>
<trkpt lat="50.455118" lon="-104.563744">
<ele>557.3</ele>
<time>2026-09-10T18:31:12.335-06:00</time>
<extensions>
<gpxtpx:TrackPointExtension>
<gpxtpx:speed>9.61</gpxtpx:speed>
</gpxtpx:TrackPointExtension>
<opentracks:accuracy_horizontal>3.94</opentracks:accuracy_horizontal></extensions>
</trkpt>
<trkpt lat="50.455125" lon="-104.563476">
<ele>557.2</ele>
<time>2026-09-10T18:31:14.34-06:00</time>
<extensions>
<gpxtpx:TrackPointExtension>
<gpxtpx:speed>9.64</gpxtpx:speed>
</gpxtpx:TrackPointExtension>
<opentracks:accuracy_horizontal>4.489</opentracks:accuracy_horizontal></extensions>
</trkpt>
<trkpt lat="50.455131" lon="-104.563332">
<ele>557</ele>
<time>2026-09-10T18:31:15.335-06:00</time>
<extensions>
<gpxtpx:TrackPointExtension>
<gpxtpx:speed>10.12</gpxtpx:speed>
</gpxtpx:TrackPointExtension>
<opentracks:accuracy_horizontal>4.492</opentracks:accuracy_horizontal></extensions>
</trkpt>
<trkpt lat="50.455138" lon="-104.563175">
<ele>556</ele>
<time>2026-09-10T18:31:16.302-06:00</time>
<extensions>
<gpxtpx:TrackPointExtension>
<gpxtpx:speed>9.76</gpxtpx:speed>
</gpxtpx:TrackPointExtension>
<opentracks:accuracy_horizontal>4.195</opentracks:accuracy_horizontal></extensions>
</trkpt>
<trkpt lat="50.45512" lon="-104.562903">
<ele>557</ele>
<time>2026-09-10T18:31:18.337-06:00</time>
<extensions>
<gpxtpx:TrackPointExtension>
<gpxtpx:speed>9.59</gpxtpx:speed>
</gpxtpx:TrackPointExtension>
<opentracks:accuracy_horizontal>3.713</opentracks:accuracy_horizontal></extensions>
</trkpt>
<trkpt lat="50.455106" lon="-104.562654">
<ele>557.2</ele>
<time>2026-09-10T18:31:20.328-06:00</time>
<extensions>
<gpxtpx:TrackPointExtension>
<gpxtpx:speed>8.71</gpxtpx:speed>
</gpxtpx:TrackPointExtension>
<opentracks:accuracy_horizontal>3.712</opentracks:accuracy_horizontal></extensions>
</trkpt>
<trkpt lat="50.45511" lon="-104.562419">
<ele>557.2</ele>
<time>2026-09-10T18:31:22.333-06:00</time>
<extensions>
<gpxtpx:TrackPointExtension>
<gpxtpx:speed>8.27</gpxtpx:speed>
</gpxtpx:TrackPointExtension>
<opentracks:accuracy_horizontal>3.712</opentracks:accuracy_horizontal></extensions>
</trkpt>
<trkpt lat="50.45511" lon="-104.562192">
<ele>557.1</ele>
<time>2026-09-10T18:31:24.339-06:00</time>
<extensions>
<gpxtpx:TrackPointExtension>
<gpxtpx:speed>8.06</gpxtpx:speed>
</gpxtpx:TrackPointExtension>
<opentracks:accuracy_horizontal>3.712</opentracks:accuracy_horizontal></extensions>
</trkpt>
<trkpt lat="50.455111" lon="-104.561971">
<ele>557.1</ele>
<time>2026-09-10T18:31:26.324-06:00</time>
<extensions>
<gpxtpx:TrackPointExtension>
<gpxtpx:speed>7.53</gpxtpx:speed>
</gpxtpx:TrackPointExtension>
<opentracks:accuracy_horizontal>3.711</opentracks:accuracy_horizontal></extensions>
</trkpt>
<trkpt lat="50.455118" lon="-104.56176">
<ele>557.5</ele>
<time>2026-09-10T18:31:28.321-06:00</time>
<extensions>
<gpxtpx:TrackPointExtension>
<gpxtpx:speed>7.82</gpxtpx:speed>
</gpxtpx:TrackPointExtension>
<opentracks:accuracy_horizontal>3.711</opentracks:accuracy_horizontal></extensions>
</trkpt>
<trkpt lat="50.455122" lon="-104.56153">
<ele>557</ele>
<time>2026-09-10T18:31:30.325-06:00</time>
<extensions>
<gpxtpx:TrackPointExtension>
<gpxtpx:speed>8.06</gpxtpx:speed>
</gpxtpx:TrackPointExtension>
<opentracks:accuracy_horizontal>3.711</opentracks:accuracy_horizontal></extensions>
</trkpt>
<trkpt lat="50.455119" lon="-104.561293">
<ele>555.6</ele>
<time>2026-09-10T18:31:32.323-06:00</time>
<extensions>
<gpxtpx:TrackPointExtension>
<gpxtpx:speed>8.33</gpxtpx:speed>
</gpxtpx:TrackPointExtension>
<opentracks:accuracy_horizontal>3.711</opentracks:accuracy_horizontal></extensions>
</trkpt>
<trkpt lat="50.455118" lon="-104.561049">
<ele>554.9</ele>
<time>2026-09-10T18:31:34.323-06:00</time>
<extensions>
<gpxtpx:TrackPointExtension>
<gpxtpx:speed>8.79</gpxtpx:speed>
</gpxtpx:TrackPointExtension>
<opentracks:accuracy_horizontal>3.71</opentracks:accuracy_horizontal></extensions>
</trkpt>
<trkpt lat="50.455117" lon="-104.560796">
<ele>555</ele>
<time>2026-09-10T18:31:36.306-06:00</time>
<extensions>
<gpxtpx:TrackPointExtension>
<gpxtpx:speed>9.36</gpxtpx:speed>
</gpxtpx:TrackPointExtension>
<opentracks:accuracy_horizontal>3.711</opentracks:accuracy_horizontal></extensions>
</trkpt>
<trkpt lat="50.455122" lon="-104.560532">
<ele>554.8</ele>
<time>2026-09-10T18:31:38.336-06:00</time>
<extensions>
<gpxtpx:TrackPointExtension>
<gpxtpx:speed>9.4</gpxtpx:speed>
</gpxtpx:TrackPointExtension>
<opentracks:accuracy_horizontal>3.71</opentracks:accuracy_horizontal></extensions>
</trkpt>
<trkpt lat="50.455124" lon="-104.560266">
<ele>555.3</ele>
<time>2026-09-10T18:31:40.318-06:00</time>
<extensions>
<gpxtpx:TrackPointExtension>
<gpxtpx:speed>9.58</gpxtpx:speed>
</gpxtpx:TrackPointExtension>
<opentracks:accuracy_horizontal>3.709</opentracks:accuracy_horizontal></extensions>
</trkpt>
<trkpt lat="50.455123" lon="-104.559989">
<ele>555.8</ele>
<time>2026-09-10T18:31:42.325-06:00</time>
<extensions>
<gpxtpx:TrackPointExtension>
<gpxtpx:speed>9.41</gpxtpx:speed>
</gpxtpx:TrackPointExtension>
<opentracks:accuracy_horizontal>3.709</opentracks:accuracy_horizontal></extensions>
</trkpt>
<trkpt lat="50.455124" lon="-104.559728">
<ele>556.2</ele>
<time>2026-09-10T18:31:44.324-06:00</time>
<extensions>
<gpxtpx:TrackPointExtension>
<gpxtpx:speed>8.79</gpxtpx:speed>
</gpxtpx:TrackPointExtension>
<opentracks:accuracy_horizontal>3.709</opentracks:accuracy_horizontal></extensions>
</trkpt>
<trkpt lat="50.455126" lon="-104.559492">
<ele>556.7</ele>
<time>2026-09-10T18:31:46.324-06:00</time>
<extensions>
<gpxtpx:TrackPointExtension>
<gpxtpx:speed>8.15</gpxtpx:speed>
</gpxtpx:TrackPointExtension>
<opentracks:accuracy_horizontal>3.709</opentracks:accuracy_horizontal></extensions>
</trkpt>
<trkpt lat="50.455129" lon="-104.559275">
<ele>557.5</ele>
<time>2026-09-10T18:31:48.292-06:00</time>
<extensions>
<gpxtpx:TrackPointExtension>
<gpxtpx:speed>7.71</gpxtpx:speed>
</gpxtpx:TrackPointExtension>
<opentracks:accuracy_horizontal>3.708</opentracks:accuracy_horizontal></extensions>
</trkpt>
<trkpt lat="50.455123" lon="-104.559071">
<ele>557.7</ele>
<time>2026-09-10T18:31:50.322-06:00</time>
<extensions>
<gpxtpx:TrackPointExtension>
<gpxtpx:speed>6.92</gpxtpx:speed>
</gpxtpx:TrackPointExtension>
<opentracks:accuracy_horizontal>3.708</opentracks:accuracy_horizontal></extensions>
</trkpt>
<trkpt lat="50.455118" lon="-104.558871">
<ele>558</ele>
<time>2026-09-10T18:31:52.333-06:00</time>
<extensions>
<gpxtpx:TrackPointExtension>
<gpxtpx:speed>6.94</gpxtpx:speed>
</gpxtpx:TrackPointExtension>
<opentracks:accuracy_horizontal>3.708</opentracks:accuracy_horizontal></extensions>
</trkpt>
<trkpt lat="50.455109" lon="-104.558688">
<ele>558.4</ele>
<time>2026-09-10T18:31:54.311-06:00</time>
<extensions>
<gpxtpx:TrackPointExtension>
<gpxtpx:speed>6.04</gpxtpx:speed>
</gpxtpx:TrackPointExtension>
<opentracks:accuracy_horizontal>3.707</opentracks:accuracy_horizontal></extensions>
</trkpt>
<trkpt lat="50.455108" lon="-104.55853">
<ele>557.8</ele>
<time>2026-09-10T18:31:56.328-06:00</time>
<extensions>
<gpxtpx:TrackPointExtension>
<gpxtpx:speed>5.81</gpxtpx:speed>
</gpxtpx:TrackPointExtension>
<opentracks:accuracy_horizontal>3.707</opentracks:accuracy_horizontal></extensions>
</trkpt>
<trkpt lat="50.45511" lon="-104.558376">
<ele>557.8</ele>
<time>2026-09-10T18:31:58.325-06:00</time>
<extensions>
<gpxtpx:TrackPointExtension>
<gpxtpx:speed>5.34</gpxtpx:speed>
</gpxtpx:TrackPointExtension>
<opentracks:accuracy_horizontal>3.707</opentracks:accuracy_horizontal></extensions>
</trkpt>
<trkpt lat="50.455116" lon="-104.558221">
<ele>558</ele>
<time>2026-09-10T18:32:00.329-06:00</time>
<extensions>
<gpxtpx:TrackPointExtension>
<gpxtpx:speed>6.08</gpxtpx:speed>
</gpxtpx:TrackPointExtension>
<opentracks:accuracy_horizontal>3.707</opentracks:accuracy_horizontal></extensions>
</trkpt>
<trkpt lat="50.455124" lon="-104.558028">
<ele>558.2</ele>
<time>2026-09-10T18:32:02.336-06:00</time>
<extensions>
<gpxtpx:TrackPointExtension>
<gpxtpx:speed>7.15</gpxtpx:speed>
</gpxtpx:TrackPointExtension>
<opentracks:accuracy_horizontal>3.706</opentracks:accuracy_horizontal></extensions>
</trkpt>
<trkpt lat="50.455124" lon="-104.557807">
<ele>557.7</ele>
<time>2026-09-10T18:32:04.31-06:00</time>
<extensions>
<gpxtpx:TrackPointExtension>
<gpxtpx:speed>7.41</gpxtpx:speed>
</gpxtpx:TrackPointExtension>
<opentracks:accuracy_horizontal>3.706</opentracks:accuracy_horizontal></extensions>
</trkpt>
<trkpt lat="50.455121" lon="-104.557598">
<ele>557</ele>
<time>2026-09-10T18:32:06.341-06:00</time>
<extensions>
<gpxtpx:TrackPointExtension>
<gpxtpx:speed>7.99</gpxtpx:speed>
</gpxtpx:TrackPointExtension>
<opentracks:accuracy_horizontal>3.706</opentracks:accuracy_horizontal></extensions>
</trkpt>
<trkpt lat="50.455115" lon="-104.557372">
<ele>557.4</ele>
<time>2026-09-10T18:32:08.333-06:00</time>
<extensions>
<gpxtpx:TrackPointExtension>
<gpxtpx:speed>8.04</gpxtpx:speed>
</gpxtpx:TrackPointExtension>
<opentracks:accuracy_horizontal>3.706</opentracks:accuracy_horizontal></extensions>
</trkpt>
<trkpt lat="50.455116" lon="-104.55714">
<ele>557.3</ele>
<time>2026-09-10T18:32:10.339-06:00</time>
<extensions>
<gpxtpx:TrackPointExtension>
<gpxtpx:speed>7.93</gpxtpx:speed>
</gpxtpx:TrackPointExtension>
<opentracks:accuracy_horizontal>3.705</opentracks:accuracy_horizontal></extensions>
</trkpt>
<trkpt lat="50.455122" lon="-104.556919">
<ele>557.2</ele>
<time>2026-09-10T18:32:12.332-06:00</time>
<extensions>
<gpxtpx:TrackPointExtension>
<gpxtpx:speed>7.77</gpxtpx:speed>
</gpxtpx:TrackPointExtension>
<opentracks:accuracy_horizontal>3.705</opentracks:accuracy_horizontal></extensions>
</trkpt>
<trkpt lat="50.455131" lon="-104.556704">
<ele>557.3</ele>
<time>2026-09-10T18:32:14.34-06:00</time>
<extensions>
<gpxtpx:TrackPointExtension>
<gpxtpx:speed>7.59</gpxtpx:speed>
</gpxtpx:TrackPointExtension>
<opentracks:accuracy_horizontal>3.705</opentracks:accuracy_horizontal></extensions>
</trkpt>
<trkpt lat="50.455145" lon="-104.556494">
<ele>556.8</ele>
<time>2026-09-10T18:32:16.334-06:00</time>
<extensions>
<gpxtpx:TrackPointExtension>
<gpxtpx:speed>7.43</gpxtpx:speed>
</gpxtpx:TrackPointExtension>
<opentracks:accuracy_horizontal>3.704</opentracks:accuracy_horizontal></extensions>
</trkpt>
<trkpt lat="50.455143" lon="-104.556277">
<ele>557.1</ele>
<time>2026-09-10T18:32:18.334-06:00</time>
<extensions>
<gpxtpx:TrackPointExtension>
<gpxtpx:speed>7.36</gpxtpx:speed>
</gpxtpx:TrackPointExtension>
<opentracks:accuracy_horizontal>3.704</opentracks:accuracy_horizontal></extensions>
</trkpt>
<trkpt lat="50.455134" lon="-104.556047">
<ele>558.4</ele>
<time>2026-09-10T18:32:20.343-06:00</time>
<extensions>
<gpxtpx:TrackPointExtension>
<gpxtpx:speed>7.59</gpxtpx:speed>
</gpxtpx:TrackPointExtension>
<opentracks:accuracy_horizontal>3.704</opentracks:accuracy_horizontal></extensions>
</trkpt>
<trkpt lat="50.45513" lon="-104.555833">
<ele>558</ele>
<time>2026-09-10T18:32:22.32-06:00</time>
<extensions>
<gpxtpx:TrackPointExtension>
<gpxtpx:speed>7.16</gpxtpx:speed>
</gpxtpx:TrackPointExtension>
<opentracks:accuracy_horizontal>3.704</opentracks:accuracy_horizontal></extensions>
</trkpt>
<trkpt lat="50.455133" lon="-104.55563">
<ele>557.2</ele>
<time>2026-09-10T18:32:24.334-06:00</time>
<extensions>
<gpxtpx:TrackPointExtension>
<gpxtpx:speed>7.49</gpxtpx:speed>
</gpxtpx:TrackPointExtension>
<opentracks:accuracy_horizontal>3.703</opentracks:accuracy_horizontal></extensions>
</trkpt>
<trkpt lat="50.45513" lon="-104.555406">
<ele>557.1</ele>
<time>2026-09-10T18:32:26.333-06:00</time>
<extensions>
<gpxtpx:TrackPointExtension>
<gpxtpx:speed>7.73</gpxtpx:speed>
</gpxtpx:TrackPointExtension>
<opentracks:accuracy_horizontal>3.703</opentracks:accuracy_horizontal></extensions>
</trkpt>
<trkpt lat="50.455132" lon="-104.555187">
<ele>557.5</ele>
<time>2026-09-10T18:32:28.322-06:00</time>
<extensions>
<gpxtpx:TrackPointExtension>
<gpxtpx:speed>7.63</gpxtpx:speed>
</gpxtpx:TrackPointExtension>
<opentracks:accuracy_horizontal>3.703</opentracks:accuracy_horizontal></extensions>
</trkpt>
<trkpt lat="50.455134" lon="-104.554978">
<ele>558.2</ele>
<time>2026-09-10T18:32:30.328-06:00</time>
<extensions>
<gpxtpx:TrackPointExtension>
<gpxtpx:speed>7.19</gpxtpx:speed>
</gpxtpx:TrackPointExtension>
<opentracks:accuracy_horizontal>3.702</opentracks:accuracy_horizontal></extensions>
</trkpt>
<trkpt lat="50.455136" lon="-104.554772">
<ele>558.5</ele>
<time>2026-09-10T18:32:32.334-06:00</time>
<extensions>
<gpxtpx:TrackPointExtension>
<gpxtpx:speed>7.26</gpxtpx:speed>
</gpxtpx:TrackPointExtension>
<opentracks:accuracy_horizontal>3.702</opentracks:accuracy_horizontal></extensions>
</trkpt>
<trkpt lat="50.455139" lon="-104.554571">
<ele>558.8</ele>
<time>2026-09-10T18:32:34.301-06:00</time>
<extensions>
<gpxtpx:TrackPointExtension>
<gpxtpx:speed>7.01</gpxtpx:speed>
</gpxtpx:TrackPointExtension>
<opentracks:accuracy_horizontal>3.702</opentracks:accuracy_horizontal></extensions>
</trkpt>
<trkpt lat="50.455137" lon="-104.554381">
<ele>559.2</ele>
<time>2026-09-10T18:32:36.328-06:00</time>
<extensions>
<gpxtpx:TrackPointExtension>
<gpxtpx:speed>6.82</gpxtpx:speed>
</gpxtpx:TrackPointExtension>
<opentracks:accuracy_horizontal>3.702</opentracks:accuracy_horizontal></extensions>
</trkpt>
<trkpt lat="50.455131" lon="-104.554192">
<ele>559</ele>
<time>2026-09-10T18:32:38.303-06:00</time>
<extensions>
<gpxtpx:TrackPointExtension>
<gpxtpx:speed>6.81</gpxtpx:speed>
</gpxtpx:TrackPointExtension>
<opentracks:accuracy_horizontal>3.701</opentracks:accuracy_horizontal></extensions>
</trkpt>
<trkpt lat="50.455124" lon="-104.553987">
<ele>558.4</ele>
<time>2026-09-10T18:32:40.326-06:00</time>
<extensions>
<gpxtpx:TrackPointExtension>
<gpxtpx:speed>7.51</gpxtpx:speed>
</gpxtpx:TrackPointExtension>
<opentracks:accuracy_horizontal>3.705</opentracks:accuracy_horizontal></extensions>
</trkpt>
<trkpt lat="50.455122" lon="-104.553777">
<ele>557.3</ele>
<time>2026-09-10T18:32:42.327-06:00</time>
<extensions>
<gpxtpx:TrackPointExtension>
<gpxtpx:speed>7.25</gpxtpx:speed>
</gpxtpx:TrackPointExtension>
<opentracks:accuracy_horizontal>3.791</opentracks:accuracy_horizontal></extensions>
</trkpt>
<trkpt lat="50.455122" lon="-104.55358">
<ele>557.1</ele>
<time>2026-09-10T18:32:44.329-06:00</time>
<extensions>
<gpxtpx:TrackPointExtension>
<gpxtpx:speed>7.11</gpxtpx:speed>
</gpxtpx:TrackPointExtension>
<opentracks:accuracy_horizontal>3.727</opentracks:accuracy_horizontal></extensions>
</trkpt>
<trkpt lat="50.455131" lon="-104.553367">
<ele>557.1</ele>
<time>2026-09-10T18:32:46.333-06:00</time>
<extensions>
<gpxtpx:TrackPointExtension>
<gpxtpx:speed>7.32</gpxtpx:speed>
</gpxtpx:TrackPointExtension>
<opentracks:accuracy_horizontal>3.746</opentracks:accuracy_horizontal></extensions>
</trkpt>
<trkpt lat="50.455136" lon="-104.553151">
<ele>557.3</ele>
<time>2026-09-10T18:32:48.316-06:00</time>
<extensions>
<gpxtpx:TrackPointExtension>
<gpxtpx:speed>7.52</gpxtpx:speed>
</gpxtpx:TrackPointExtension>
<opentracks:accuracy_horizontal>3.796</opentracks:accuracy_horizontal></extensions>
</trkpt>
<trkpt lat="50.455145" lon="-104.552928">
<ele>557.6</ele>
<time>2026-09-10T18:32:50.346-06:00</time>
<extensions>
<gpxtpx:TrackPointExtension>
<gpxtpx:speed>7.56</gpxtpx:speed>
</gpxtpx:TrackPointExtension>
<opentracks:accuracy_horizontal>3.84</opentracks:accuracy_horizontal></extensions>
</trkpt>
<trkpt lat="50.455143" lon="-104.552716">
<ele>558.1</ele>
<time>2026-09-10T18:32:52.337-06:00</time>
<extensions>
<gpxtpx:TrackPointExtension>
<gpxtpx:speed>7.28</gpxtpx:speed>
</gpxtpx:TrackPointExtension>
<opentracks:accuracy_horizontal>3.699</opentracks:accuracy_horizontal></extensions>
</trkpt>
<trkpt lat="50.455145" lon="-104.552503">
<ele>558.5</ele>
<time>2026-09-10T18:32:54.322-06:00</time>
<extensions>
<gpxtpx:TrackPointExtension>
<gpxtpx:speed>7.66</gpxtpx:speed>
</gpxtpx:TrackPointExtension>
<opentracks:accuracy_horizontal>3.699</opentracks:accuracy_horizontal></extensions>
</trkpt>
<trkpt lat="50.45514" lon="-104.552283">
<ele>558.5</ele>
<time>2026-09-10T18:32:56.318-06:00</time>
<extensions>
<gpxtpx:TrackPointExtension>
<gpxtpx:speed>7.81</gpxtpx:speed>
</gpxtpx:TrackPointExtension>
<opentracks:accuracy_horizontal>3.699</opentracks:accuracy_horizontal></extensions>
</trkpt>
<trkpt lat="50.455138" lon="-104.552057">
<ele>558.7</ele>
<time>2026-09-10T18:32:58.323-06:00</time>
<extensions>
<gpxtpx:TrackPointExtension>
<gpxtpx:speed>8.04</gpxtpx:speed>
</gpxtpx:TrackPointExtension>
<opentracks:accuracy_horizontal>3.699</opentracks:accuracy_horizontal></extensions>
</trkpt>
<trkpt lat="50.455141" lon="-104.551829">
<ele>558.7</ele>
<time>2026-09-10T18:33:00.321-06:00</time>
<extensions>
<gpxtpx:TrackPointExtension>
<gpxtpx:speed>7.93</gpxtpx:speed>
</gpxtpx:TrackPointExtension>
<opentracks:accuracy_horizontal>3.708</opentracks:accuracy_horizontal></extensions>
</trkpt>
<trkpt lat="50.455142" lon="-104.551609">
<ele>558.4</ele>
<time>2026-09-10T18:33:02.325-06:00</time>
<extensions>
<gpxtpx:TrackPointExtension>
<gpxtpx:speed>7.84</gpxtpx:speed>
</gpxtpx:TrackPointExtension>
<opentracks:accuracy_horizontal>3.698</opentracks:accuracy_horizontal></extensions>
</trkpt>
<trkpt lat="50.455146" lon="-104.551384">
<ele>558.6</ele>
<time>2026-09-10T18:33:04.311-06:00</time>
<extensions>
<gpxtpx:TrackPointExtension>
<gpxtpx:speed>7.89</gpxtpx:speed>
</gpxtpx:TrackPointExtension>
<opentracks:accuracy_horizontal>3.698</opentracks:accuracy_horizontal></extensions>
</trkpt>
<trkpt lat="50.455148" lon="-104.551162">
<ele>559.1</ele>
<time>2026-09-10T18:33:06.319-06:00</time>
<extensions>
<gpxtpx:TrackPointExtension>
<gpxtpx:speed>7.61</gpxtpx:speed>
</gpxtpx:TrackPointExtension>
<opentracks:accuracy_horizontal>3.795</opentracks:accuracy_horizontal></extensions>
</trkpt>
<trkpt lat="50.455148" lon="-104.550948">
<ele>557.7</ele>
<time>2026-09-10T18:33:08.337-06:00</time>
<extensions>
<gpxtpx:TrackPointExtension>
<gpxtpx:speed>7.55</gpxtpx:speed>
</gpxtpx:TrackPointExtension>
<opentracks:accuracy_horizontal>3.791</opentracks:accuracy_horizontal></extensions>
</trkpt>
<trkpt lat="50.455147" lon="-104.550723">
<ele>557.4</ele>
<time>2026-09-10T18:33:10.353-06:00</time>
<extensions>
<gpxtpx:TrackPointExtension>
<gpxtpx:speed>7.53</gpxtpx:speed>
</gpxtpx:TrackPointExtension>
<opentracks:accuracy_horizontal>3.697</opentracks:accuracy_horizontal></extensions>
</trkpt>
<trkpt lat="50.455143" lon="-104.550515">
<ele>557.6</ele>
<time>2026-09-10T18:33:12.333-06:00</time>
<extensions>
<gpxtpx:TrackPointExtension>
<gpxtpx:speed>7.14</gpxtpx:speed>
</gpxtpx:TrackPointExtension>
<opentracks:accuracy_horizontal>3.643</opentracks:accuracy_horizontal></extensions>
</trkpt>
<trkpt lat="50.455142" lon="-104.55032">
<ele>558.3</ele>
<time>2026-09-10T18:33:14.329-06:00</time>
<extensions>
<gpxtpx:TrackPointExtension>
<gpxtpx:speed>6.91</gpxtpx:speed>
</gpxtpx:TrackPointExtension>
<opentracks:accuracy_horizontal>4.026</opentracks:accuracy_horizontal></extensions>
</trkpt>
<trkpt lat="50.455152" lon="-104.550126">
<ele>558.4</ele>
<time>2026-09-10T18:33:16.335-06:00</time>
<extensions>
<gpxtpx:TrackPointExtension>
<gpxtpx:speed>6.3</gpxtpx:speed>
</gpxtpx:TrackPointExtension>
<opentracks:accuracy_horizontal>4.204</opentracks:accuracy_horizontal></extensions>
</trkpt>
<trkpt lat="50.455147" lon="-104.549956">
<ele>559.1</ele>
<time>2026-09-10T18:33:18.332-06:00</time>
<extensions>
<gpxtpx:TrackPointExtension>
<gpxtpx:speed>5.63</gpxtpx:speed>
</gpxtpx:TrackPointExtension>
<opentracks:accuracy_horizontal>4.265</opentracks:accuracy_horizontal></extensions>
</trkpt>
<trkpt lat="50.455149" lon="-104.549793">
<ele>559.2</ele>
<time>2026-09-10T18:33:20.319-06:00</time>
<extensions>
<gpxtpx:TrackPointExtension>
<gpxtpx:speed>5.87</gpxtpx:speed>
</gpxtpx:TrackPointExtension>
<opentracks:accuracy_horizontal>4.297</opentracks:accuracy_horizontal></extensions>
</trkpt>
<trkpt lat="50.455155" lon="-104.549632">
<ele>559.8</ele>
<time>2026-09-10T18:33:22.328-06:00</time>
<extensions>
<gpxtpx:TrackPointExtension>
<gpxtpx:speed>5.2</gpxtpx:speed>
</gpxtpx:TrackPointExtension>
<opentracks:accuracy_horizontal>4.174</opentracks:accuracy_horizontal></extensions>
</trkpt>
<trkpt lat="50.455156" lon="-104.549474">
<ele>560.3</ele>
<time>2026-09-10T18:33:24.333-06:00</time>
<extensions>
<gpxtpx:TrackPointExtension>
<gpxtpx:speed>4.97</gpxtpx:speed>
</gpxtpx:TrackPointExtension>
<opentracks:accuracy_horizontal>4.045</opentracks:accuracy_horizontal></extensions>
</trkpt>
<trkpt lat="50.455155" lon="-104.549281">
<ele>560.3</ele>
<time>2026-09-10T18:33:27.324-06:00</time>
<extensions>
<gpxtpx:TrackPointExtension>
<gpxtpx:speed>4.03</gpxtpx:speed>
</gpxtpx:TrackPointExtension>
<opentracks:accuracy_horizontal>3.946</opentracks:accuracy_horizontal></extensions>
</trkpt>
<trkpt lat="50.455162" lon="-104.54914">
<ele>560</ele>
<time>2026-09-10T18:33:30.327-06:00</time>
<extensions>
<gpxtpx:TrackPointExtension>
<gpxtpx:speed>3.08</gpxtpx:speed>
</gpxtpx:TrackPointExtension>
<opentracks:accuracy_horizontal>3.694</opentracks:accuracy_horizontal></extensions>
</trkpt>
<trkpt lat="50.455157" lon="-104.548977">
<ele>558.8</ele>
<time>2026-09-10T18:33:35.333-06:00</time>
<extensions>
<gpxtpx:TrackPointExtension>
<gpxtpx:speed>1.86</gpxtpx:speed>
</gpxtpx:TrackPointExtension>
<opentracks:accuracy_horizontal>3.694</opentracks:accuracy_horizontal></extensions>
</trkpt>
<trkpt lat="50.455139" lon="-104.548788">
<ele>557.2</ele>
<time>2026-09-10T18:33:42.333-06:00</time>
<extensions>
<gpxtpx:TrackPointExtension>
<gpxtpx:speed>3.41</gpxtpx:speed>
</gpxtpx:TrackPointExtension>
<opentracks:accuracy_horizontal>4.266</opentracks:accuracy_horizontal></extensions>
</trkpt>
<trkpt lat="50.45513" lon="-104.548598">
<ele>557</ele>
<time>2026-09-10T18:33:45.319-06:00</time>
<extensions>
<gpxtpx:TrackPointExtension>
<gpxtpx:speed>4.8</gpxtpx:speed>
</gpxtpx:TrackPointExtension>
<opentracks:accuracy_horizontal>4.094</opentracks:accuracy_horizontal></extensions>
</trkpt>
<trkpt lat="50.455121" lon="-104.548453">
<ele>556.2</ele>
<time>2026-09-10T18:33:47.325-06:00</time>
<extensions>
<gpxtpx:TrackPointExtension>
<gpxtpx:speed>5.23</gpxtpx:speed>
</gpxtpx:TrackPointExtension>
<opentracks:accuracy_horizontal>4.153</opentracks:accuracy_horizontal></extensions>
</trkpt>
<trkpt lat="50.455119" lon="-104.54828">
<ele>555.5</ele>
<time>2026-09-10T18:33:49.328-06:00</time>
<extensions>
<gpxtpx:TrackPointExtension>
<gpxtpx:speed>6.27</gpxtpx:speed>
</gpxtpx:TrackPointExtension>
<opentracks:accuracy_horizontal>4.103</opentracks:accuracy_horizontal></extensions>
</trkpt>
<trkpt lat="50.455123" lon="-104.548078">
<ele>555.5</ele>
<time>2026-09-10T18:33:51.319-06:00</time>
<extensions>
<gpxtpx:TrackPointExtension>
<gpxtpx:speed>6.83</gpxtpx:speed>
</gpxtpx:TrackPointExtension>
<opentracks:accuracy_horizontal>3.907</opentracks:accuracy_horizontal></extensions>
</trkpt>
<trkpt lat="50.455119" lon="-104.547864">
<ele>556.4</ele>
<time>2026-09-10T18:33:53.328-06:00</time>
<extensions>
<gpxtpx:TrackPointExtension>
<gpxtpx:speed>7.37</gpxtpx:speed>
</gpxtpx:TrackPointExtension>
<opentracks:accuracy_horizontal>3.959</opentracks:accuracy_horizontal></extensions>
</trkpt>
<trkpt lat="50.455107" lon="-104.547644">
<ele>557.2</ele>
<time>2026-09-10T18:33:55.333-06:00</time>
<extensions>
<gpxtpx:TrackPointExtension>
<gpxtpx:speed>7.49</gpxtpx:speed>
</gpxtpx:TrackPointExtension>
<opentracks:accuracy_horizontal>3.827</opentracks:accuracy_horizontal></extensions>
</trkpt>
<trkpt lat="50.455104" lon="-104.547422">
<ele>557.5</ele>
<time>2026-09-10T18:33:57.323-06:00</time>
<extensions>
<gpxtpx:TrackPointExtension>
<gpxtpx:speed>7.59</gpxtpx:speed>
</gpxtpx:TrackPointExtension>
<opentracks:accuracy_horizontal>3.833</opentracks:accuracy_horizontal></extensions>
</trkpt>
<trkpt lat="50.455107" lon="-104.547197">
<ele>557.6</ele>
<time>2026-09-10T18:33:59.345-06:00</time>
<extensions>
<gpxtpx:TrackPointExtension>
<gpxtpx:speed>7.66</gpxtpx:speed>
</gpxtpx:TrackPointExtension>
<opentracks:accuracy_horizontal>3.797</opentracks:accuracy_horizontal></extensions>
</trkpt>
<trkpt lat="50.455111" lon="-104.546972">
<ele>557.7</ele>
<time>2026-09-10T18:34:01.336-06:00</time>
<extensions>
<gpxtpx:TrackPointExtension>
<gpxtpx:speed>7.68</gpxtpx:speed>
</gpxtpx:TrackPointExtension>
<opentracks:accuracy_horizontal>3.781</opentracks:accuracy_horizontal></extensions>
</trkpt>
<trkpt lat="50.455113" lon="-104.546749">
<ele>557.2</ele>
<time>2026-09-10T18:34:03.333-06:00</time>
<extensions>
<gpxtpx:TrackPointExtension>
<gpxtpx:speed>7.65</gpxtpx:speed>
</gpxtpx:TrackPointExtension>
<opentracks:accuracy_horizontal>3.873</opentracks:accuracy_horizontal></extensions>
</trkpt>
<trkpt lat="50.455117" lon="-104.546541">
<ele>557.2</ele>
<time>2026-09-10T18:34:05.328-06:00</time>
<extensions>
<gpxtpx:TrackPointExtension>
<gpxtpx:speed>7.56</gpxtpx:speed>
</gpxtpx:TrackPointExtension>
<opentracks:accuracy_horizontal>3.854</opentracks:accuracy_horizontal></extensions>
</trkpt>
<trkpt lat="50.455112" lon="-104.546335">
<ele>557.3</ele>
<time>2026-09-10T18:34:07.321-06:00</time>
<extensions>
<gpxtpx:TrackPointExtension>
<gpxtpx:speed>7.18</gpxtpx:speed>
</gpxtpx:TrackPointExtension>
<opentracks:accuracy_horizontal>3.804</opentracks:accuracy_horizontal></extensions>
</trkpt>
<trkpt lat="50.455117" lon="-104.546137">
<ele>557.3</ele>
<time>2026-09-10T18:34:09.318-06:00</time>
<extensions>
<gpxtpx:TrackPointExtension>
<gpxtpx:speed>6.97</gpxtpx:speed>
</gpxtpx:TrackPointExtension>
<opentracks:accuracy_horizontal>3.789</opentracks:accuracy_horizontal></extensions>
</trkpt>
<trkpt lat="50.455115" lon="-104.545946">
<ele>557.8</ele>
<time>2026-09-10T18:34:11.332-06:00</time>
<extensions>
<gpxtpx:TrackPointExtension>
<gpxtpx:speed>6.7</gpxtpx:speed>
</gpxtpx:TrackPointExtension>
<opentracks:accuracy_horizontal>3.759</opentracks:accuracy_horizontal></extensions>
</trkpt>
<trkpt lat="50.455109" lon="-104.545748">
<ele>558.2</ele>
<time>2026-09-10T18:34:13.316-06:00</time>
<extensions>
<gpxtpx:TrackPointExtension>
<gpxtpx:speed>6.85</gpxtpx:speed>
</gpxtpx:TrackPointExtension>
<opentracks:accuracy_horizontal>4.033</opentracks:accuracy_horizontal></extensions>
</trkpt>
<trkpt lat="50.455119" lon="-104.545556">
<ele>558</ele>
<time>2026-09-10T18:34:15.326-06:00</time>
<extensions>
<gpxtpx:TrackPointExtension>
<gpxtpx:speed>6.63</gpxtpx:speed>
</gpxtpx:TrackPointExtension>
<opentracks:accuracy_horizontal>4.054</opentracks:accuracy_horizontal></extensions>
</trkpt>
<trkpt lat="50.455115" lon="-104.545375">
<ele>557.5</ele>
<time>2026-09-10T18:34:17.313-06:00</time>
<extensions>
<gpxtpx:TrackPointExtension>
<gpxtpx:speed>5.79</gpxtpx:speed>
</gpxtpx:TrackPointExtension>
<opentracks:accuracy_horizontal>4.125</opentracks:accuracy_horizontal></extensions>
</trkpt>
<trkpt lat="50.455111" lon="-104.545194">
<ele>559</ele>
<time>2026-09-10T18:34:19.318-06:00</time>
<extensions>
<gpxtpx:TrackPointExtension>
<gpxtpx:speed>6.51</gpxtpx:speed>
</gpxtpx:TrackPointExtension>
<opentracks:accuracy_horizontal>4.255</opentracks:accuracy_horizontal></extensions>
</trkpt>
<trkpt lat="50.455118" lon="-104.544993">
<ele>559.5</ele>
<time>2026-09-10T18:34:21.346-06:00</time>
<extensions>
<gpxtpx:TrackPointExtension>
<gpxtpx:speed>6.87</gpxtpx:speed>
</gpxtpx:TrackPointExtension>
<opentracks:accuracy_horizontal>3.827</opentracks:accuracy_horizontal></extensions>
</trkpt>
<trkpt lat="50.455118" lon="-104.544803">
<ele>559.1</ele>
<time>2026-09-10T18:34:23.325-06:00</time>
<extensions>
<gpxtpx:TrackPointExtension>
<gpxtpx:speed>6.47</gpxtpx:speed>
</gpxtpx:TrackPointExtension>
<opentracks:accuracy_horizontal>3.687</opentracks:accuracy_horizontal></extensions>
</trkpt>
<trkpt lat="50.455121" lon="-104.544624">
<ele>558.8</ele>
<time>2026-09-10T18:34:25.342-06:00</time>
<extensions>
<gpxtpx:TrackPointExtension>
<gpxtpx:speed>6.71</gpxtpx:speed>
</gpxtpx:TrackPointExtension>
<opentracks:accuracy_horizontal>3.746</opentracks:accuracy_horizontal></extensions>
</trkpt>
<trkpt lat="50.455122" lon="-104.544431">
<ele>559.1</ele>
<time>2026-09-10T18:34:27.33-06:00</time>
<extensions>
<gpxtpx:TrackPointExtension>
<gpxtpx:speed>6.75</gpxtpx:speed>
</gpxtpx:TrackPointExtension>
<opentracks:accuracy_horizontal>3.687</opentracks:accuracy_horizontal></extensions>
</trkpt>
<trkpt lat="50.45512" lon="-104.544238">
<ele>559.4</ele>
<time>2026-09-10T18:34:29.337-06:00</time>
<extensions>
<gpxtpx:TrackPointExtension>
<gpxtpx:speed>6.65</gpxtpx:speed>
</gpxtpx:TrackPointExtension>
<opentracks:accuracy_horizontal>3.727</opentracks:accuracy_horizontal></extensions>
</trkpt>
<trkpt lat="50.455124" lon="-104.544043">
<ele>559.2</ele>
<time>2026-09-10T18:34:31.321-06:00</time>
<extensions>
<gpxtpx:TrackPointExtension>
<gpxtpx:speed>6.92</gpxtpx:speed>
</gpxtpx:TrackPointExtension>
<opentracks:accuracy_horizontal>3.812</opentracks:accuracy_horizontal></extensions>
</trkpt>
<trkpt lat="50.455131" lon="-104.543842">
<ele>559.1</ele>
<time>2026-09-10T18:34:33.319-06:00</time>
<extensions>
<gpxtpx:TrackPointExtension>
<gpxtpx:speed>6.89</gpxtpx:speed>
</gpxtpx:TrackPointExtension>
<opentracks:accuracy_horizontal>3.73</opentracks:accuracy_horizontal></extensions>
</trkpt>
<trkpt lat="50.455134" lon="-104.543644">
<ele>559.6</ele>
<time>2026-09-10T18:34:35.319-06:00</time>
<extensions>
<gpxtpx:TrackPointExtension>
<gpxtpx:speed>7.04</gpxtpx:speed>
</gpxtpx:TrackPointExtension>
<opentracks:accuracy_horizontal>3.787</opentracks:accuracy_horizontal></extensions>
</trkpt>
<trkpt lat="50.455135" lon="-104.543447">
<ele>560.2</ele>
<time>2026-09-10T18:34:37.329-06:00</time>
<extensions>
<gpxtpx:TrackPointExtension>
<gpxtpx:speed>6.67</gpxtpx:speed>
</gpxtpx:TrackPointExtension>
<opentracks:accuracy_horizontal>3.686</opentracks:accuracy_horizontal></extensions>
</trkpt>
<trkpt lat="50.455133" lon="-104.543272">
<ele>561</ele>
<time>2026-09-10T18:34:39.335-06:00</time>
<extensions>
<gpxtpx:TrackPointExtension>
<gpxtpx:speed>5.9</gpxtpx:speed>
</gpxtpx:TrackPointExtension>
<opentracks:accuracy_horizontal>3.685</opentracks:accuracy_horizontal></extensions>
</trkpt>
<trkpt lat="50.455131" lon="-104.543108">
<ele>561.8</ele>
<time>2026-09-10T18:34:41.337-06:00</time>
<extensions>
<gpxtpx:TrackPointExtension>
<gpxtpx:speed>5.81</gpxtpx:speed>
</gpxtpx:TrackPointExtension>
<opentracks:accuracy_horizontal>3.685</opentracks:accuracy_horizontal></extensions>
</trkpt>
<trkpt lat="50.455118" lon="-104.54295">
<ele>561.3</ele>
<time>2026-09-10T18:34:43.328-06:00</time>
<extensions>
<gpxtpx:TrackPointExtension>
<gpxtpx:speed>5.56</gpxtpx:speed>
</gpxtpx:TrackPointExtension>
<opentracks:accuracy_horizontal>3.685</opentracks:accuracy_horizontal></extensions>
</trkpt>
<trkpt lat="50.455112" lon="-104.542795">
<ele>560.9</ele>
<time>2026-09-10T18:34:45.34-06:00</time>
<extensions>
<gpxtpx:TrackPointExtension>
<gpxtpx:speed>5.85</gpxtpx:speed>
</gpxtpx:TrackPointExtension>
<opentracks:accuracy_horizontal>3.684</opentracks:accuracy_horizontal></extensions>
</trkpt>
<trkpt lat="50.455109" lon="-104.54262">
<ele>561.4</ele>
<time>2026-09-10T18:34:47.336-06:00</time>
<extensions>
<gpxtpx:TrackPointExtension>
<gpxtpx:speed>6.57</gpxtpx:speed>
</gpxtpx:TrackPointExtension>
<opentracks:accuracy_horizontal>3.684</opentracks:accuracy_horizontal></extensions>
</trkpt>
<trkpt lat="50.455112" lon="-104.542415">
<ele>560.8</ele>
<time>2026-09-10T18:34:49.309-06:00</time>
<extensions>
<gpxtpx:TrackPointExtension>
<gpxtpx:speed>6.91</gpxtpx:speed>
</gpxtpx:TrackPointExtension>
<opentracks:accuracy_horizontal>3.684</opentracks:accuracy_horizontal></extensions>
</trkpt>
<trkpt lat="50.455123" lon="-104.542226">
<ele>559.8</ele>
<time>2026-09-10T18:34:51.33-06:00</time>
<extensions>
<gpxtpx:TrackPointExtension>
<gpxtpx:speed>6.75</gpxtpx:speed>
</gpxtpx:TrackPointExtension>
<opentracks:accuracy_horizontal>3.684</opentracks:accuracy_horizontal></extensions>
</trkpt>
<trkpt lat="50.455117" lon="-104.542033">
<ele>560.2</ele>
<time>2026-09-10T18:34:53.332-06:00</time>
<extensions>
<gpxtpx:TrackPointExtension>
<gpxtpx:speed>6.88</gpxtpx:speed>
</gpxtpx:TrackPointExtension>
<opentracks:accuracy_horizontal>3.759</opentracks:accuracy_horizontal></extensions>
</trkpt>
<trkpt lat="50.455111" lon="-104.541833">
<ele>561</ele>
<time>2026-09-10T18:34:55.327-06:00</time>
<extensions>
<gpxtpx:TrackPointExtension>
<gpxtpx:speed>6.54</gpxtpx:speed>
</gpxtpx:TrackPointExtension>
<opentracks:accuracy_horizontal>3.872</opentracks:accuracy_horizontal></extensions>
</trkpt>
<trkpt lat="50.455108" lon="-104.541647">
<ele>561.3</ele>
<time>2026-09-10T18:34:57.31-06:00</time>
<extensions>
<gpxtpx:TrackPointExtension>
<gpxtpx:speed>6.64</gpxtpx:speed>
</gpxtpx:TrackPointExtension>
<opentracks:accuracy_horizontal>4.06</opentracks:accuracy_horizontal></extensions>
</trkpt>
<trkpt lat="50.455111" lon="-104.541454">
<ele>561.6</ele>
<time>2026-09-10T18:34:59.325-06:00</time>
<extensions>
<gpxtpx:TrackPointExtension>
<gpxtpx:speed>6.55</gpxtpx:speed>
</gpxtpx:TrackPointExtension>
<opentracks:accuracy_horizontal>3.969</opentracks:accuracy_horizontal></extensions>
</trkpt>
<trkpt lat="50.455115" lon="-104.541277">
<ele>561.4</ele>
<time>2026-09-10T18:35:01.325-06:00</time>
<extensions>
<gpxtpx:TrackPointExtension>
<gpxtpx:speed>5.67</gpxtpx:speed>
</gpxtpx:TrackPointExtension>
<opentracks:accuracy_horizontal>3.682</opentracks:accuracy_horizontal></extensions>
</trkpt>
<trkpt lat="50.455124" lon="-104.541131">
<ele>561.2</ele>
<time>2026-09-10T18:35:03.319-06:00</time>
<extensions>
<gpxtpx:TrackPointExtension>
<gpxtpx:speed>4.22</gpxtpx:speed>
</gpxtpx:TrackPointExtension>
<opentracks:accuracy_horizontal>3.682</opentracks:accuracy_horizontal></extensions>
</trkpt>
<trkpt lat="50.455127" lon="-104.540964">
<ele>560.7</ele>
<time>2026-09-10T18:35:07.332-06:00</time>
<extensions>
<gpxtpx:TrackPointExtension>
<gpxtpx:speed>2.5</gpxtpx:speed>
</gpxtpx:TrackPointExtension>
<opentracks:accuracy_horizontal>3.682</opentracks:accuracy_horizontal></extensions>
</trkpt>
<trkpt lat="50.45511" lon="-104.54081">
<ele>560.7</ele>
<time>2026-09-10T18:35:13.318-06:00</time>
<extensions>
<gpxtpx:TrackPointExtension>
<gpxtpx:speed>1.45</gpxtpx:speed>
</gpxtpx:TrackPointExtension>
<opentracks:accuracy_horizontal>3.681</opentracks:accuracy_horizontal></extensions>
</trkpt>
<trkpt lat="50.455071" lon="-104.540655">
<ele>559.2</ele>
<time>2026-09-10T18:35:20.329-06:00</time>
<extensions>
<gpxtpx:TrackPointExtension>
<gpxtpx:speed>2.31</gpxtpx:speed>
</gpxtpx:TrackPointExtension>
<opentracks:accuracy_horizontal>4.069</opentracks:accuracy_horizontal></extensions>
</trkpt>
<trkpt lat="50.455076" lon="-104.540493">
<ele>559.1</ele>
<time>2026-09-10T18:35:23.334-06:00</time>
<extensions>
<gpxtpx:TrackPointExtension>
<gpxtpx:speed>3.08</gpxtpx:speed>
</gpxtpx:TrackPointExtension>
<opentracks:accuracy_horizontal>3.925</opentracks:accuracy_horizontal></extensions>
</trkpt>
<trkpt lat="50.455098" lon="-104.540337">
<ele>559.6</ele>
<time>2026-09-10T18:35:26.307-06:00</time>
<extensions>
<gpxtpx:TrackPointExtension>
<gpxtpx:speed>4.37</gpxtpx:speed>
</gpxtpx:TrackPointExtension>
<opentracks:accuracy_horizontal>4.021</opentracks:accuracy_horizontal></extensions>
</trkpt>
<trkpt lat="50.455104" lon="-104.540192">
<ele>559.7</ele>
<time>2026-09-10T18:35:28.323-06:00</time>
<extensions>
<gpxtpx:TrackPointExtension>
<gpxtpx:speed>4.86</gpxtpx:speed>
</gpxtpx:TrackPointExtension>
<opentracks:accuracy_horizontal>4.252</opentracks:accuracy_horizontal></extensions>
</trkpt>
<trkpt lat="50.4551" lon="-104.540028">
<ele>560.1</ele>
<time>2026-09-10T18:35:30.322-06:00</time>
<extensions>
<gpxtpx:TrackPointExtension>
<gpxtpx:speed>5.38</gpxtpx:speed>
</gpxtpx:TrackPointExtension>
<opentracks:accuracy_horizontal>4.168</opentracks:accuracy_horizontal></extensions>
</trkpt>
<trkpt lat="50.455094" lon="-104.539858">
<ele>561.1</ele>
<time>2026-09-10T18:35:32.313-06:00</time>
<extensions>
<gpxtpx:TrackPointExtension>
<gpxtpx:speed>5.68</gpxtpx:speed>
</gpxtpx:TrackPointExtension>
<opentracks:accuracy_horizontal>4.059</opentracks:accuracy_horizontal></extensions>
</trkpt>
<trkpt lat="50.455094" lon="-104.53969">
<ele>561.3</ele>
<time>2026-09-10T18:35:34.341-06:00</time>
<extensions>
<gpxtpx:TrackPointExtension>
<gpxtpx:speed>5.59</gpxtpx:speed>
</gpxtpx:TrackPointExtension>
<opentracks:accuracy_horizontal>4.03</opentracks:accuracy_horizontal></extensions>
</trkpt>
<trkpt lat="50.455094" lon="-104.539531">
<ele>561.7</ele>
<time>2026-09-10T18:35:36.336-06:00</time>
<extensions>
<gpxtpx:TrackPointExtension>
<gpxtpx:speed>5.63</gpxtpx:speed>
</gpxtpx:TrackPointExtension>
<opentracks:accuracy_horizontal>4.053</opentracks:accuracy_horizontal></extensions>
</trkpt>
<trkpt lat="50.45509" lon="-104.539381">
<ele>562</ele>
<time>2026-09-10T18:35:38.324-06:00</time>
<extensions>
<gpxtpx:TrackPointExtension>
<gpxtpx:speed>5.54</gpxtpx:speed>
</gpxtpx:TrackPointExtension>
<opentracks:accuracy_horizontal>4.011</opentracks:accuracy_horizontal></extensions>
</trkpt>
<trkpt lat="50.455092" lon="-104.539221">
<ele>561.5</ele>
<time>2026-09-10T18:35:40.335-06:00</time>
<extensions>
<gpxtpx:TrackPointExtension>
<gpxtpx:speed>5.74</gpxtpx:speed>
</gpxtpx:TrackPointExtension>
<opentracks:accuracy_horizontal>3.992</opentracks:accuracy_horizontal></extensions>
</trkpt>
<trkpt lat="50.455095" lon="-104.539052">
<ele>562.2</ele>
<time>2026-09-10T18:35:42.329-06:00</time>
<extensions>
<gpxtpx:TrackPointExtension>
<gpxtpx:speed>5.62</gpxtpx:speed>
</gpxtpx:TrackPointExtension>
<opentracks:accuracy_horizontal>3.906</opentracks:accuracy_horizontal></extensions>
</trkpt>
<trkpt lat="50.455096" lon="-104.538895">
<ele>562.9</ele>
<time>2026-09-10T18:35:44.329-06:00</time>
<extensions>
<gpxtpx:TrackPointExtension>
<gpxtpx:speed>5.73</gpxtpx:speed>
</gpxtpx:TrackPointExtension>
<opentracks:accuracy_horizontal>3.981</opentracks:accuracy_horizontal></extensions>
</trkpt>
<trkpt lat="50.455093" lon="-104.538726">
<ele>562.6</ele>
<time>2026-09-10T18:35:46.328-06:00</time>
<extensions>
<gpxtpx:TrackPointExtension>
<gpxtpx:speed>5.49</gpxtpx:speed>
</gpxtpx:TrackPointExtension>
<opentracks:accuracy_horizontal>3.904</opentracks:accuracy_horizontal></extensions>
</trkpt>
<trkpt lat="50.455102" lon="-104.538571">
<ele>562.9</ele>
<time>2026-09-10T18:35:48.304-06:00</time>
<extensions>
<gpxtpx:TrackPointExtension>
<gpxtpx:speed>5.22</gpxtpx:speed>
</gpxtpx:TrackPointExtension>
<opentracks:accuracy_horizontal>3.906</opentracks:accuracy_horizontal></extensions>
</trkpt>
<trkpt lat="50.455106" lon="-104.538427">
<ele>563.6</ele>
<time>2026-09-10T18:35:50.332-06:00</time>
<extensions>
<gpxtpx:TrackPointExtension>
<gpxtpx:speed>4.75</gpxtpx:speed>
</gpxtpx:TrackPointExtension>
<opentracks:accuracy_horizontal>3.938</opentracks:accuracy_horizontal></extensions>
</trkpt>
<trkpt lat="50.45511" lon="-104.538224">
<ele>563.4</ele>
<time>2026-09-10T18:35:53.334-06:00</time>
<extensions>
<gpxtpx:TrackPointExtension>
<gpxtpx:speed>4.91</gpxtpx:speed>
</gpxtpx:TrackPointExtension>
<opentracks:accuracy_horizontal>3.941</opentracks:accuracy_horizontal></extensions>
</trkpt>
<trkpt lat="50.45511" lon="-104.538076">
<ele>562.9</ele>
<time>2026-09-10T18:35:55.333-06:00</time>
<extensions>
<gpxtpx:TrackPointExtension>
<gpxtpx:speed>4.85</gpxtpx:speed>
</gpxtpx:TrackPointExtension>
<opentracks:accuracy_horizontal>3.689</opentracks:accuracy_horizontal></extensions>
</trkpt>
<trkpt lat="50.455106" lon="-104.537879">
<ele>562.4</ele>
<time>2026-09-10T18:35:58.326-06:00</time>
<extensions>
<gpxtpx:TrackPointExtension>
<gpxtpx:speed>4.24</gpxtpx:speed>
</gpxtpx:TrackPointExtension>
<opentracks:accuracy_horizontal>3.651</opentracks:accuracy_horizontal></extensions>
</trkpt>
<trkpt lat="50.455082" lon="-104.537733">
<ele>561</ele>
<time>2026-09-10T18:36:01.328-06:00</time>
<extensions>
<gpxtpx:TrackPointExtension>
<gpxtpx:speed>3.03</gpxtpx:speed>
</gpxtpx:TrackPointExtension>
<opentracks:accuracy_horizontal>3.764</opentracks:accuracy_horizontal></extensions>
</trkpt>
<trkpt lat="50.455024" lon="-104.537611">
<ele>559.3</ele>
<time>2026-09-10T18:36:07.33-06:00</time>
<extensions>
<gpxtpx:TrackPointExtension>
<gpxtpx:speed>2.26</gpxtpx:speed>
</gpxtpx:TrackPointExtension>
<opentracks:accuracy_horizontal>3.944</opentracks:accuracy_horizontal></extensions>
</trkpt>
<trkpt lat="50.454917" lon="-104.537682">
<ele>559</ele>
<time>2026-09-10T18:36:11.327-06:00</time>
<extensions>
<gpxtpx:TrackPointExtension>
<gpxtpx:speed>3.59</gpxtpx:speed>
</gpxtpx:TrackPointExtension>
<opentracks:accuracy_horizontal>3.776</opentracks:accuracy_horizontal></extensions>
</trkpt>
<trkpt lat="50.454806" lon="-104.537737">
<ele>557.9</ele>
<time>2026-09-10T18:36:14.34-06:00</time>
<extensions>
<gpxtpx:TrackPointExtension>
<gpxtpx:speed>3.39</gpxtpx:speed>
</gpxtpx:TrackPointExtension>
<opentracks:accuracy_horizontal>3.807</opentracks:accuracy_horizontal></extensions>
</trkpt>
<trkpt lat="50.454716" lon="-104.537762">
<ele>559.4</ele>
<time>2026-09-10T18:36:17.342-06:00</time>
<extensions>
<gpxtpx:TrackPointExtension>
<gpxtpx:speed>2.5</gpxtpx:speed>
</gpxtpx:TrackPointExtension>
<opentracks:accuracy_horizontal>4.224</opentracks:accuracy_horizontal></extensions>
</trkpt>
<trkpt lat="50.454617" lon="-104.537721">
<ele>559.4</ele>
<time>2026-09-10T18:36:21.331-06:00</time>
<extensions>
<gpxtpx:TrackPointExtension>
<gpxtpx:speed>3.15</gpxtpx:speed>
</gpxtpx:TrackPointExtension>
<opentracks:accuracy_horizontal>3.998</opentracks:accuracy_horizontal></extensions>
</trkpt>
<trkpt lat="50.454524" lon="-104.537701">
<ele>557.5</ele>
<time>2026-09-10T18:36:24.337-06:00</time>
<extensions>
<gpxtpx:TrackPointExtension>
<gpxtpx:speed>3.25</gpxtpx:speed>
</gpxtpx:TrackPointExtension>
<opentracks:accuracy_horizontal>4.215</opentracks:accuracy_horizontal></extensions>
</trkpt>
<trkpt lat="50.454404" lon="-104.537669">
<ele>556.7</ele>
<time>2026-09-10T18:36:28.335-06:00</time>
<extensions>
<gpxtpx:TrackPointExtension>
<gpxtpx:speed>3.58</gpxtpx:speed>
</gpxtpx:TrackPointExtension>
<opentracks:accuracy_horizontal>4.408</opentracks:accuracy_horizontal></extensions>
</trkpt>
<trkpt lat="50.454291" lon="-104.537619">
<ele>557.5</ele>
<time>2026-09-10T18:36:31.33-06:00</time>
<extensions>
<gpxtpx:TrackPointExtension>
<gpxtpx:speed>4.29</gpxtpx:speed>
</gpxtpx:TrackPointExtension>
<opentracks:accuracy_horizontal>4.581</opentracks:accuracy_horizontal></extensions>
</trkpt>
<trkpt lat="50.454169" lon="-104.537598">
<ele>558.2</ele>
<time>2026-09-10T18:36:34.324-06:00</time>
<extensions>
<gpxtpx:TrackPointExtension>
<gpxtpx:speed>4.25</gpxtpx:speed>
</gpxtpx:TrackPointExtension>
<opentracks:accuracy_horizontal>4.241</opentracks:accuracy_horizontal></extensions>
</trkpt>
<trkpt lat="50.45404" lon="-104.537594">
<ele>557.6</ele>
<time>2026-09-10T18:36:37.348-06:00</time>
<extensions>
<gpxtpx:TrackPointExtension>
<gpxtpx:speed>4.78</gpxtpx:speed>
</gpxtpx:TrackPointExtension>
<opentracks:accuracy_horizontal>4.284</opentracks:accuracy_horizontal></extensions>
</trkpt>
<trkpt lat="50.453948" lon="-104.537602">
<ele>558</ele>
<time>2026-09-10T18:36:39.327-06:00</time>
<extensions>
<gpxtpx:TrackPointExtension>
<gpxtpx:speed>4.38</gpxtpx:speed>
</gpxtpx:TrackPointExtension>
<opentracks:accuracy_horizontal>4.133</opentracks:accuracy_horizontal></extensions>
</trkpt>
<trkpt lat="50.453839" lon="-104.537644">
<ele>558.2</ele>
<time>2026-09-10T18:36:42.313-06:00</time>
<extensions>
<gpxtpx:TrackPointExtension>
<gpxtpx:speed>3.44</gpxtpx:speed>
</gpxtpx:TrackPointExtension>
<opentracks:accuracy_horizontal>4.174</opentracks:accuracy_horizontal></extensions>
</trkpt>
<trkpt lat="50.453727" lon="-104.537667">
<ele>558.1</ele>
<time>2026-09-10T18:36:46.34-06:00</time>
<extensions>
<gpxtpx:TrackPointExtension>
<gpxtpx:speed>2.9</gpxtpx:speed>
</gpxtpx:TrackPointExtension>
<opentracks:accuracy_horizontal>4.029</opentracks:accuracy_horizontal></extensions>
</trkpt>
<trkpt lat="50.453603" lon="-104.537642">
<ele>558.5</ele>
<time>2026-09-10T18:36:50.326-06:00</time>
<extensions>
<gpxtpx:TrackPointExtension>
<gpxtpx:speed>3.81</gpxtpx:speed>
</gpxtpx:TrackPointExtension>
<opentracks:accuracy_horizontal>4.112</opentracks:accuracy_horizontal></extensions>
</trkpt>
<trkpt lat="50.453501" lon="-104.537571">
<ele>557.9</ele>
<time>2026-09-10T18:36:53.333-06:00</time>
<extensions>
<gpxtpx:TrackPointExtension>
<gpxtpx:speed>3.59</gpxtpx:speed>
</gpxtpx:TrackPointExtension>
<opentracks:accuracy_horizontal>3.907</opentracks:accuracy_horizontal></extensions>
</trkpt>
<trkpt lat="50.453389" lon="-104.537522">
<ele>558.2</ele>
<time>2026-09-10T18:36:56.341-06:00</time>
<extensions>
<gpxtpx:TrackPointExtension>
<gpxtpx:speed>4.7</gpxtpx:speed>
</gpxtpx:TrackPointExtension>
<opentracks:accuracy_horizontal>4.018</opentracks:accuracy_horizontal></extensions>
</trkpt>
<trkpt lat="50.453274" lon="-104.53746">
<ele>559.6</ele>
<time>2026-09-10T18:36:59.337-06:00</time>
<extensions>
<gpxtpx:TrackPointExtension>
<gpxtpx:speed>4.19</gpxtpx:speed>
</gpxtpx:TrackPointExtension>
<opentracks:accuracy_horizontal>3.87</opentracks:accuracy_horizontal></extensions>
</trkpt>
<trkpt lat="50.453178" lon="-104.53743">
<ele>560.2</ele>
<time>2026-09-10T18:37:02.333-06:00</time>
<extensions>
<gpxtpx:TrackPointExtension>
<gpxtpx:speed>3.54</gpxtpx:speed>
</gpxtpx:TrackPointExtension>
<opentracks:accuracy_horizontal>3.804</opentracks:accuracy_horizontal></extensions>
</trkpt>
<trkpt lat="50.453085" lon="-104.53739">
<ele>560.1</ele>
<time>2026-09-10T18:37:05.32-06:00</time>
<extensions>
<gpxtpx:TrackPointExtension>
<gpxtpx:speed>3.15</gpxtpx:speed>
</gpxtpx:TrackPointExtension>
<opentracks:accuracy_horizontal>3.766</opentracks:accuracy_horizontal></extensions>
</trkpt>
<trkpt lat="50.452975" lon="-104.537331">
<ele>560.4</ele>
<time>2026-09-10T18:37:09.316-06:00</time>
<extensions>
<gpxtpx:TrackPointExtension>
<gpxtpx:speed>3.22</gpxtpx:speed>
</gpxtpx:TrackPointExtension>
<opentracks:accuracy_horizontal>3.971</opentracks:accuracy_horizontal></extensions>
</trkpt>
<trkpt lat="50.452865" lon="-104.537267">
<ele>560.5</ele>
<time>2026-09-10T18:37:13.334-06:00</time>
<extensions>
<gpxtpx:TrackPointExtension>
<gpxtpx:speed>3.26</gpxtpx:speed>
</gpxtpx:TrackPointExtension>
<opentracks:accuracy_horizontal>4.038</opentracks:accuracy_horizontal></extensions>
</trkpt>
<trkpt lat="50.452783" lon="-104.537203">
<ele>559.3</ele>
<time>2026-09-10T18:37:16.333-06:00</time>
<extensions>
<gpxtpx:TrackPointExtension>
<gpxtpx:speed>3.11</gpxtpx:speed>
</gpxtpx:TrackPointExtension>
<opentracks:accuracy_horizontal>4.045</opentracks:accuracy_horizontal></extensions>
</trkpt>
<trkpt lat="50.452664" lon="-104.537199">
<ele>560.4</ele>
<time>2026-09-10T18:37:20.355-06:00</time>
<extensions>
<gpxtpx:TrackPointExtension>
<gpxtpx:speed>3.01</gpxtpx:speed>
</gpxtpx:TrackPointExtension>
<opentracks:accuracy_horizontal>3.745</opentracks:accuracy_horizontal></extensions>
</trkpt>
<trkpt lat="50.452551" lon="-104.537173">
<ele>559.6</ele>
<time>2026-09-10T18:37:24.338-06:00</time>
<extensions>
<gpxtpx:TrackPointExtension>
<gpxtpx:speed>2.8</gpxtpx:speed>
</gpxtpx:TrackPointExtension>
<opentracks:accuracy_horizontal>3.871</opentracks:accuracy_horizontal></extensions>
</trkpt>
<trkpt lat="50.452458" lon="-104.537167">
<ele>559.5</ele>
<time>2026-09-10T18:37:28.332-06:00</time>
<extensions>
<gpxtpx:TrackPointExtension>
<gpxtpx:speed>2.7</gpxtpx:speed>
</gpxtpx:TrackPointExtension>
<opentracks:accuracy_horizontal>4.07</opentracks:accuracy_horizontal></extensions>
</trkpt>
<trkpt lat="50.452357" lon="-104.537167">
<ele>559.6</ele>
<time>2026-09-10T18:37:32.34-06:00</time>
<extensions>
<gpxtpx:TrackPointExtension>
<gpxtpx:speed>2.76</gpxtpx:speed>
</gpxtpx:TrackPointExtension>
<opentracks:accuracy_horizontal>3.933</opentracks:accuracy_horizontal></extensions>
</trkpt>
<trkpt lat="50.452267" lon="-104.537178">
<ele>559.1</ele>
<time>2026-09-10T18:37:36.339-06:00</time>
<extensions>
<gpxtpx:TrackPointExtension>
<gpxtpx:speed>2.77</gpxtpx:speed>
</gpxtpx:TrackPointExtension>
<opentracks:accuracy_horizontal>3.685</opentracks:accuracy_horizontal></extensions>
</trkpt>
<trkpt lat="50.45216" lon="-104.53716">
<ele>558.8</ele>
<time>2026-09-10T18:37:40.306-06:00</time>
<extensions>
<gpxtpx:TrackPointExtension>
<gpxtpx:speed>2.46</gpxtpx:speed>
</gpxtpx:TrackPointExtension>
<opentracks:accuracy_horizontal>3.663</opentracks:accuracy_horizontal></extensions>
</trkpt>
<trkpt lat="50.452067" lon="-104.537058">
<ele>559.8</ele>
<time>2026-09-10T18:37:45.327-06:00</time>
<extensions>
<gpxtpx:TrackPointExtension>
<gpxtpx:speed>2.61</gpxtpx:speed>
</gpxtpx:TrackPointExtension>
<opentracks:accuracy_horizontal>4.783</opentracks:accuracy_horizontal></extensions>
</trkpt>
<trkpt lat="50.452015" lon="-104.536939">
<ele>561.1</ele>
<time>2026-09-10T18:37:49.329-06:00</time>
<extensions>
<gpxtpx:TrackPointExtension>
<gpxtpx:speed>3.08</gpxtpx:speed>
</gpxtpx:TrackPointExtension>
<opentracks:accuracy_horizontal>3.806</opentracks:accuracy_horizontal></extensions>
</trkpt>
<trkpt lat="50.451963" lon="-104.536784">
<ele>560.6</ele>
<time>2026-09-10T18:37:53.322-06:00</time>
<extensions>
<gpxtpx:TrackPointExtension>
<gpxtpx:speed>2.58</gpxtpx:speed>
</gpxtpx:TrackPointExtension>
<opentracks:accuracy_horizontal>3.709</opentracks:accuracy_horizontal></extensions>
</trkpt>
<trkpt lat="50.451909" lon="-104.536645">
<ele>559.8</ele>
<time>2026-09-10T18:37:58.323-06:00</time>
<extensions>
<gpxtpx:TrackPointExtension>
<gpxtpx:speed>2.66</gpxtpx:speed>
</gpxtpx:TrackPointExtension>
<opentracks:accuracy_horizontal>3.661</opentracks:accuracy_horizontal></extensions>
</trkpt>
<trkpt lat="50.451835" lon="-104.536538">
<ele>559.7</ele>
<time>2026-09-10T18:38:02.345-06:00</time>
<extensions>
<gpxtpx:TrackPointExtension>
<gpxtpx:speed>3.12</gpxtpx:speed>
</gpxtpx:TrackPointExtension>
<opentracks:accuracy_horizontal>3.919</opentracks:accuracy_horizontal></extensions>
</trkpt>
<trkpt lat="50.451765" lon="-104.53644">
<ele>560.4</ele>
<time>2026-09-10T18:38:06.324-06:00</time>
<extensions>
<gpxtpx:TrackPointExtension>
<gpxtpx:speed>2.7</gpxtpx:speed>
</gpxtpx:TrackPointExtension>
<opentracks:accuracy_horizontal>4.397</opentracks:accuracy_horizontal></extensions>
</trkpt>
<trkpt lat="50.451665" lon="-104.536347">
<ele>560.1</ele>
<time>2026-09-10T18:38:10.332-06:00</time>
<extensions>
<gpxtpx:TrackPointExtension>
<gpxtpx:speed>3.32</gpxtpx:speed>
</gpxtpx:TrackPointExtension>
<opentracks:accuracy_horizontal>4.081</opentracks:accuracy_horizontal></extensions>
</trkpt>
<trkpt lat="50.451573" lon="-104.536311">
<ele>560</ele>
<time>2026-09-10T18:38:13.32-06:00</time>
<extensions>
<gpxtpx:TrackPointExtension>
<gpxtpx:speed>3.74</gpxtpx:speed>
</gpxtpx:TrackPointExtension>
<opentracks:accuracy_horizontal>3.998</opentracks:accuracy_horizontal></extensions>
</trkpt>
<trkpt lat="50.451465" lon="-104.536294">
<ele>560.3</ele>
<time>2026-09-10T18:38:16.331-06:00</time>
<extensions>
<gpxtpx:TrackPointExtension>
<gpxtpx:speed>3.65</gpxtpx:speed>
</gpxtpx:TrackPointExtension>
<opentracks:accuracy_horizontal>3.978</opentracks:accuracy_horizontal></extensions>
</trkpt>
<trkpt lat="50.45137" lon="-104.536304">
<ele>560.2</ele>
<time>2026-09-10T18:38:19.335-06:00</time>
<extensions>
<gpxtpx:TrackPointExtension>
<gpxtpx:speed>3.65</gpxtpx:speed>
</gpxtpx:TrackPointExtension>
<opentracks:accuracy_horizontal>3.894</opentracks:accuracy_horizontal></extensions>
</trkpt>
<trkpt lat="50.451275" lon="-104.536361">
<ele>559.7</ele>
<time>2026-09-10T18:38:22.327-06:00</time>
<extensions>
<gpxtpx:TrackPointExtension>
<gpxtpx:speed>3.9</gpxtpx:speed>
</gpxtpx:TrackPointExtension>
<opentracks:accuracy_horizontal>3.816</opentracks:accuracy_horizontal></extensions>
</trkpt>
<trkpt lat="50.451177" lon="-104.53642">
<ele>559.4</ele>
<time>2026-09-10T18:38:25.341-06:00</time>
<extensions>
<gpxtpx:TrackPointExtension>
<gpxtpx:speed>3.68</gpxtpx:speed>
</gpxtpx:TrackPointExtension>
<opentracks:accuracy_horizontal>3.658</opentracks:accuracy_horizontal></extensions>
</trkpt>
<trkpt lat="50.451083" lon="-104.53646">
<ele>560.8</ele>
<time>2026-09-10T18:38:28.352-06:00</time>
<extensions>
<gpxtpx:TrackPointExtension>
<gpxtpx:speed>3.58</gpxtpx:speed>
</gpxtpx:TrackPointExtension>
<opentracks:accuracy_horizontal>3.739</opentracks:accuracy_horizontal></extensions>
</trkpt>
<trkpt lat="50.451002" lon="-104.536527">
<ele>561.2</ele>
<time>2026-09-10T18:38:31.338-06:00</time>
<extensions>
<gpxtpx:TrackPointExtension>
<gpxtpx:speed>3.43</gpxtpx:speed>
</gpxtpx:TrackPointExtension>
<opentracks:accuracy_horizontal>3.657</opentracks:accuracy_horizontal></extensions>
</trkpt>
<trkpt lat="50.45091" lon="-104.536659">
<ele>560.9</ele>
<time>2026-09-10T18:38:35.346-06:00</time>
<extensions>
<gpxtpx:TrackPointExtension>
<gpxtpx:speed>4.07</gpxtpx:speed>
</gpxtpx:TrackPointExtension>
<opentracks:accuracy_horizontal>3.657</opentracks:accuracy_horizontal></extensions>
</trkpt>
<trkpt lat="50.450827" lon="-104.536786">
<ele>560.3</ele>
<time>2026-09-10T18:38:38.327-06:00</time>
<extensions>
<gpxtpx:TrackPointExtension>
<gpxtpx:speed>4.24</gpxtpx:speed>
</gpxtpx:TrackPointExtension>
<opentracks:accuracy_horizontal>3.656</opentracks:accuracy_horizontal></extensions>
</trkpt>
<trkpt lat="50.450763" lon="-104.536936">
<ele>559.8</ele>
<time>2026-09-10T18:38:41.336-06:00</time>
<extensions>
<gpxtpx:TrackPointExtension>
<gpxtpx:speed>4.14</gpxtpx:speed>
</gpxtpx:TrackPointExtension>
<opentracks:accuracy_horizontal>3.8</opentracks:accuracy_horizontal></extensions>
</trkpt>
<trkpt lat="50.450692" lon="-104.53708">
<ele>559.2</ele>
<time>2026-09-10T18:38:44.328-06:00</time>
<extensions>
<gpxtpx:TrackPointExtension>
<gpxtpx:speed>4.17</gpxtpx:speed>
</gpxtpx:TrackPointExtension>
<opentracks:accuracy_horizontal>3.656</opentracks:accuracy_horizontal></extensions>
</trkpt>
<trkpt lat="50.450619" lon="-104.537235">
<ele>559</ele>
<time>2026-09-10T18:38:47.338-06:00</time>
<extensions>
<gpxtpx:TrackPointExtension>
<gpxtpx:speed>4.51</gpxtpx:speed>
</gpxtpx:TrackPointExtension>
<opentracks:accuracy_horizontal>3.655</opentracks:accuracy_horizontal></extensions>
</trkpt>
<trkpt lat="50.450552" lon="-104.537402">
<ele>558.9</ele>
<time>2026-09-10T18:38:50.334-06:00</time>
<extensions>
<gpxtpx:TrackPointExtension>
<gpxtpx:speed>4.78</gpxtpx:speed>
</gpxtpx:TrackPointExtension>
<opentracks:accuracy_horizontal>3.655</opentracks:accuracy_horizontal></extensions>
</trkpt>
<trkpt lat="50.450468" lon="-104.537545">
<ele>558.9</ele>
<time>2026-09-10T18:38:53.33-06:00</time>
<extensions>
<gpxtpx:TrackPointExtension>
<gpxtpx:speed>4.92</gpxtpx:speed>
</gpxtpx:TrackPointExtension>
<opentracks:accuracy_horizontal>3.655</opentracks:accuracy_horizontal></extensions>
</trkpt>
<trkpt lat="50.450384" lon="-104.537603">
<ele>559</ele>
<time>2026-09-10T18:38:55.331-06:00</time>
<extensions>
<gpxtpx:TrackPointExtension>
<gpxtpx:speed>4.83</gpxtpx:speed>
</gpxtpx:TrackPointExtension>
<opentracks:accuracy_horizontal>3.8</opentracks:accuracy_horizontal></extensions>
</trkpt>
<trkpt lat="50.450276" lon="-104.53768">
<ele>558.9</ele>
<time>2026-09-10T18:38:58.331-06:00</time>
<extensions>
<gpxtpx:TrackPointExtension>
<gpxtpx:speed>3.92</gpxtpx:speed>
</gpxtpx:TrackPointExtension>
<opentracks:accuracy_horizontal>3.8</opentracks:accuracy_horizontal></extensions>
</trkpt>
<trkpt lat="50.450179" lon="-104.537699">
<ele>558.7</ele>
<time>2026-09-10T18:39:01.344-06:00</time>
<extensions>
<gpxtpx:TrackPointExtension>
<gpxtpx:speed>3.8</gpxtpx:speed>
</gpxtpx:TrackPointExtension>
<opentracks:accuracy_horizontal>3.654</opentracks:accuracy_horizontal></extensions>
</trkpt>
<trkpt lat="50.450065" lon="-104.537715">
<ele>558.7</ele>
<time>2026-09-10T18:39:04.319-06:00</time>
<extensions>
<gpxtpx:TrackPointExtension>
<gpxtpx:speed>4.12</gpxtpx:speed>
</gpxtpx:TrackPointExtension>
<opentracks:accuracy_horizontal>3.654</opentracks:accuracy_horizontal></extensions>
</trkpt>
<trkpt lat="50.449951" lon="-104.537748">
<ele>558.9</ele>
<time>2026-09-10T18:39:07.33-06:00</time>
<extensions>
<gpxtpx:TrackPointExtension>
<gpxtpx:speed>4.32</gpxtpx:speed>
</gpxtpx:TrackPointExtension>
<opentracks:accuracy_horizontal>3.653</opentracks:accuracy_horizontal></extensions>
</trkpt>
<trkpt lat="50.449846" lon="-104.537838">
<ele>559.1</ele>
<time>2026-09-10T18:39:10.323-06:00</time>
<extensions>
<gpxtpx:TrackPointExtension>
<gpxtpx:speed>4.84</gpxtpx:speed>
</gpxtpx:TrackPointExtension>
<opentracks:accuracy_horizontal>3.653</opentracks:accuracy_horizontal></extensions>
</trkpt>
<trkpt lat="50.449799" lon="-104.537971">
<ele>559</ele>
<time>2026-09-10T18:39:12.314-06:00</time>
<extensions>
<gpxtpx:TrackPointExtension>
<gpxtpx:speed>5.73</gpxtpx:speed>
</gpxtpx:TrackPointExtension>
<opentracks:accuracy_horizontal>3.799</opentracks:accuracy_horizontal></extensions>
</trkpt>
<trkpt lat="50.44977" lon="-104.538146">
<ele>558.8</ele>
<time>2026-09-10T18:39:14.323-06:00</time>
<extensions>
<gpxtpx:TrackPointExtension>
<gpxtpx:speed>6.12</gpxtpx:speed>
</gpxtpx:TrackPointExtension>
<opentracks:accuracy_horizontal>3.652</opentracks:accuracy_horizontal></extensions>
</trkpt>
<trkpt lat="50.449752" lon="-104.538321">
<ele>558.7</ele>
<time>2026-09-10T18:39:16.321-06:00</time>
<extensions>
<gpxtpx:TrackPointExtension>
<gpxtpx:speed>5.68</gpxtpx:speed>
</gpxtpx:TrackPointExtension>
<opentracks:accuracy_horizontal>3.652</opentracks:accuracy_horizontal></extensions>
</trkpt>
<trkpt lat="50.449734" lon="-104.538479">
<ele>558.2</ele>
<time>2026-09-10T18:39:18.34-06:00</time>
<extensions>
<gpxtpx:TrackPointExtension>
<gpxtpx:speed>5.4</gpxtpx:speed>
</gpxtpx:TrackPointExtension>
<opentracks:accuracy_horizontal>3.652</opentracks:accuracy_horizontal></extensions>
</trkpt>
<trkpt lat="50.449697" lon="-104.538622">
<ele>558.1</ele>
<time>2026-09-10T18:39:20.332-06:00</time>
<extensions>
<gpxtpx:TrackPointExtension>
<gpxtpx:speed>5.42</gpxtpx:speed>
</gpxtpx:TrackPointExtension>
<opentracks:accuracy_horizontal>3.652</opentracks:accuracy_horizontal></extensions>
</trkpt>
<trkpt lat="50.449632" lon="-104.538755">
<ele>558</ele>
<time>2026-09-10T18:39:22.344-06:00</time>
<extensions>
<gpxtpx:TrackPointExtension>
<gpxtpx:speed>6.19</gpxtpx:speed>
</gpxtpx:TrackPointExtension>
<opentracks:accuracy_horizontal>3.652</opentracks:accuracy_horizontal></extensions>
</trkpt>
<trkpt lat="50.449551" lon="-104.538878">
<ele>557.9</ele>
<time>2026-09-10T18:39:24.323-06:00</time>
<extensions>
<gpxtpx:TrackPointExtension>
<gpxtpx:speed>5.26</gpxtpx:speed>
</gpxtpx:TrackPointExtension>
<opentracks:accuracy_horizontal>3.651</opentracks:accuracy_horizontal></extensions>
</trkpt>
<trkpt lat="50.449474" lon="-104.538958">
<ele>558.8</ele>
<time>2026-09-10T18:39:26.339-06:00</time>
<extensions>
<gpxtpx:TrackPointExtension>
<gpxtpx:speed>5.25</gpxtpx:speed>
</gpxtpx:TrackPointExtension>
<opentracks:accuracy_horizontal>3.651</opentracks:accuracy_horizontal></extensions>
</trkpt>
<trkpt lat="50.449378" lon="-104.538983">
<ele>558.4</ele>
<time>2026-09-10T18:39:28.346-06:00</time>
<extensions>
<gpxtpx:TrackPointExtension>
<gpxtpx:speed>5.19</gpxtpx:speed>
</gpxtpx:TrackPointExtension>
<opentracks:accuracy_horizontal>3.651</opentracks:accuracy_horizontal></extensions>
</trkpt>
<trkpt lat="50.449282" lon="-104.539005">
<ele>558.6</ele>
<time>2026-09-10T18:39:30.344-06:00</time>
<extensions>
<gpxtpx:TrackPointExtension>
<gpxtpx:speed>4.76</gpxtpx:speed>
</gpxtpx:TrackPointExtension>
<opentracks:accuracy_horizontal>3.651</opentracks:accuracy_horizontal></extensions>
</trkpt>
<trkpt lat="50.449156" lon="-104.53904">
<ele>558.8</ele>
<time>2026-09-10T18:39:33.335-06:00</time>
<extensions>
<gpxtpx:TrackPointExtension>
<gpxtpx:speed>4.93</gpxtpx:speed>
</gpxtpx:TrackPointExtension>
<opentracks:accuracy_horizontal>3.65</opentracks:accuracy_horizontal></extensions>
</trkpt>
<trkpt lat="50.449065" lon="-104.539041">
<ele>559.2</ele>
<time>2026-09-10T18:39:35.338-06:00</time>
<extensions>
<gpxtpx:TrackPointExtension>
<gpxtpx:speed>4.86</gpxtpx:speed>
</gpxtpx:TrackPointExtension>
<opentracks:accuracy_horizontal>3.669</opentracks:accuracy_horizontal></extensions>
</trkpt>
<trkpt lat="50.448945" lon="-104.53905">
<ele>559</ele>
<time>2026-09-10T18:39:38.334-06:00</time>
<extensions>
<gpxtpx:TrackPointExtension>
<gpxtpx:speed>4.62</gpxtpx:speed>
</gpxtpx:TrackPointExtension>
<opentracks:accuracy_horizontal>3.772</opentracks:accuracy_horizontal></extensions>
</trkpt>
<trkpt lat="50.448823" lon="-104.539072">
<ele>559.1</ele>
<time>2026-09-10T18:39:41.324-06:00</time>
<extensions>
<gpxtpx:TrackPointExtension>
<gpxtpx:speed>4.55</gpxtpx:speed>
</gpxtpx:TrackPointExtension>
<opentracks:accuracy_horizontal>3.675</opentracks:accuracy_horizontal></extensions>
</trkpt>
<trkpt lat="50.448705" lon="-104.539141">
<ele>559.1</ele>
<time>2026-09-10T18:39:44.338-06:00</time>
<extensions>
<gpxtpx:TrackPointExtension>
<gpxtpx:speed>5.13</gpxtpx:speed>
</gpxtpx:TrackPointExtension>
<opentracks:accuracy_horizontal>3.649</opentracks:accuracy_horizontal></extensions>
</trkpt>
<trkpt lat="50.448652" lon="-104.539268">
<ele>559.3</ele>
<time>2026-09-10T18:39:46.338-06:00</time>
<extensions>
<gpxtpx:TrackPointExtension>
<gpxtpx:speed>5.8</gpxtpx:speed>
</gpxtpx:TrackPointExtension>
<opentracks:accuracy_horizontal>3.703</opentracks:accuracy_horizontal></extensions>
</trkpt>
<trkpt lat="50.448655" lon="-104.539448">
<ele>559.3</ele>
<time>2026-09-10T18:39:48.348-06:00</time>
<extensions>
<gpxtpx:TrackPointExtension>
<gpxtpx:speed>5.14</gpxtpx:speed>
</gpxtpx:TrackPointExtension>
<opentracks:accuracy_horizontal>3.802</opentracks:accuracy_horizontal></extensions>
</trkpt>
<trkpt lat="50.448686" lon="-104.539589">
<ele>558.3</ele>
<time>2026-09-10T18:39:50.329-06:00</time>
<extensions>
<gpxtpx:TrackPointExtension>
<gpxtpx:speed>4.13</gpxtpx:speed>
</gpxtpx:TrackPointExtension>
<opentracks:accuracy_horizontal>3.649</opentracks:accuracy_horizontal></extensions>
</trkpt>
<trkpt lat="50.44871" lon="-104.539744">
<ele>557</ele>
<time>2026-09-10T18:39:53.341-06:00</time>
<extensions>
<gpxtpx:TrackPointExtension>
<gpxtpx:speed>3.89</gpxtpx:speed>
</gpxtpx:TrackPointExtension>
<opentracks:accuracy_horizontal>3.648</opentracks:accuracy_horizontal></extensions>
</trkpt>
<trkpt lat="50.448721" lon="-104.539915">
<ele>557</ele>
<time>2026-09-10T18:39:56.332-06:00</time>
<extensions>
<gpxtpx:TrackPointExtension>
<gpxtpx:speed>4.36</gpxtpx:speed>
</gpxtpx:TrackPointExtension>
<opentracks:accuracy_horizontal>3.648</opentracks:accuracy_horizontal></extensions>
</trkpt>
<trkpt lat="50.448718" lon="-104.540104">
<ele>556.6</ele>
<time>2026-09-10T18:39:59.356-06:00</time>
<extensions>
<gpxtpx:TrackPointExtension>
<gpxtpx:speed>3.81</gpxtpx:speed>
</gpxtpx:TrackPointExtension>
<opentracks:accuracy_horizontal>3.864</opentracks:accuracy_horizontal></extensions>
</trkpt>
<trkpt lat="50.44869" lon="-104.540271">
<ele>556.6</ele>
<time>2026-09-10T18:40:03.333-06:00</time>
<extensions>
<gpxtpx:TrackPointExtension>
<gpxtpx:speed>3.27</gpxtpx:speed>
</gpxtpx:TrackPointExtension>
<opentracks:accuracy_horizontal>3.692</opentracks:accuracy_horizontal></extensions>
</trkpt>
<trkpt lat="50.448674" lon="-104.540441">
<ele>557.2</ele>
<time>2026-09-10T18:40:07.335-06:00</time>
<extensions>
<gpxtpx:TrackPointExtension>
<gpxtpx:speed>2.83</gpxtpx:speed>
</gpxtpx:TrackPointExtension>
<opentracks:accuracy_horizontal>3.742</opentracks:accuracy_horizontal></extensions>
</trkpt>
<trkpt lat="50.448579" lon="-104.540485">
<ele>558.5</ele>
<time>2026-09-10T18:40:13.331-06:00</time>
<extensions>
<gpxtpx:TrackPointExtension>
<gpxtpx:speed>2.43</gpxtpx:speed>
</gpxtpx:TrackPointExtension>
<opentracks:accuracy_horizontal>3.864</opentracks:accuracy_horizontal></extensions>
</trkpt>
<trkpt lat="50.448485" lon="-104.540467">
<ele>559.3</ele>
<time>2026-09-10T18:40:17.329-06:00</time>
<extensions>
<gpxtpx:TrackPointExtension>
<gpxtpx:speed>2.67</gpxtpx:speed>
</gpxtpx:TrackPointExtension>
<opentracks:accuracy_horizontal>3.646</opentracks:accuracy_horizontal></extensions>
</trkpt>
<trkpt lat="50.448383" lon="-104.540437">
<ele>558.7</ele>
<time>2026-09-10T18:40:21.328-06:00</time>
<extensions>
<gpxtpx:TrackPointExtension>
<gpxtpx:speed>3.44</gpxtpx:speed>
</gpxtpx:TrackPointExtension>
<opentracks:accuracy_horizontal>3.645</opentracks:accuracy_horizontal></extensions>
</trkpt>
<trkpt lat="50.448275" lon="-104.540454">
<ele>557.9</ele>
<time>2026-09-10T18:40:24.337-06:00</time>
<extensions>
<gpxtpx:TrackPointExtension>
<gpxtpx:speed>2.89</gpxtpx:speed>
</gpxtpx:TrackPointExtension>
<opentracks:accuracy_horizontal>3.713</opentracks:accuracy_horizontal></extensions>
</trkpt>
<trkpt lat="50.448176" lon="-104.54045">
<ele>558.2</ele>
<time>2026-09-10T18:40:28.334-06:00</time>
<extensions>
<gpxtpx:TrackPointExtension>
<gpxtpx:speed>2.79</gpxtpx:speed>
</gpxtpx:TrackPointExtension>
<opentracks:accuracy_horizontal>3.645</opentracks:accuracy_horizontal></extensions>
</trkpt>
<trkpt lat="50.448068" lon="-104.540453">
<ele>558.4</ele>
<time>2026-09-10T18:40:33.349-06:00</time>
<extensions>
<gpxtpx:TrackPointExtension>
<gpxtpx:speed>2.82</gpxtpx:speed>
</gpxtpx:TrackPointExtension>
<opentracks:accuracy_horizontal>3.644</opentracks:accuracy_horizontal></extensions>
</trkpt>
<trkpt lat="50.447973" lon="-104.540446">
<ele>558.4</ele>
<time>2026-09-10T18:40:37.319-06:00</time>
<extensions>
<gpxtpx:TrackPointExtension>
<gpxtpx:speed>2.16</gpxtpx:speed>
</gpxtpx:TrackPointExtension>
<opentracks:accuracy_horizontal>3.644</opentracks:accuracy_horizontal></extensions>
</trkpt>
<trkpt lat="50.447872" lon="-104.540445">
<ele>557.9</ele>
<time>2026-09-10T18:40:42.335-06:00</time>
<extensions>
<gpxtpx:TrackPointExtension>
<gpxtpx:speed>2.13</gpxtpx:speed>
</gpxtpx:TrackPointExtension>
<opentracks:accuracy_horizontal>3.92</opentracks:accuracy_horizontal></extensions>
</trkpt>
<trkpt lat="50.447766" lon="-104.540385">
<ele>558.1</ele>
<time>2026-09-10T18:40:48.335-06:00</time>
<extensions>
<gpxtpx:TrackPointExtension>
<gpxtpx:speed>2.79</gpxtpx:speed>
</gpxtpx:TrackPointExtension>
<opentracks:accuracy_horizontal>3.643</opentracks:accuracy_horizontal></extensions>
</trkpt>
<trkpt lat="50.447669" lon="-104.540432">
<ele>558.5</ele>
<time>2026-09-10T18:40:53.338-06:00</time>
<extensions>
<gpxtpx:TrackPointExtension>
<gpxtpx:speed>1.86</gpxtpx:speed>
</gpxtpx:TrackPointExtension>
<opentracks:accuracy_horizontal>3.743</opentracks:accuracy_horizontal></extensions>
</trkpt>
<trkpt lat="50.447576" lon="-104.54042">
<ele>559.5</ele>
<time>2026-09-10T18:41:01.333-06:00</time>
<extensions>
<gpxtpx:TrackPointExtension>
<gpxtpx:speed>0.73</gpxtpx:speed>
</gpxtpx:TrackPointExtension>
<opentracks:accuracy_horizontal>3.954</opentracks:accuracy_horizontal></extensions>
</trkpt>
<trkpt lat="50.447563" lon="-104.540382">
<ele>559.3</ele>
<time>2026-09-10T18:41:11.333-06:00</time>
<extensions>
<gpxtpx:TrackPointExtension>
<gpxtpx:speed>0</gpxtpx:speed>
</gpxtpx:TrackPointExtension>
<opentracks:accuracy_horizontal>3.64</opentracks:accuracy_horizontal></extensions>
</trkpt>
<trkpt lat="50.447461" lon="-104.540399">
<ele>557.8</ele>
<time>2026-09-10T18:42:18.329-06:00</time>
<extensions>
<gpxtpx:TrackPointExtension>
<gpxtpx:speed>2.3</gpxtpx:speed>
</gpxtpx:TrackPointExtension>
<opentracks:accuracy_horizontal>3.634</opentracks:accuracy_horizontal></extensions>
</trkpt>
<trkpt lat="50.447369" lon="-104.54039">
<ele>557.2</ele>
<time>2026-09-10T18:42:22.341-06:00</time>
<extensions>
<gpxtpx:TrackPointExtension>
<gpxtpx:speed>2.04</gpxtpx:speed>
</gpxtpx:TrackPointExtension>
<opentracks:accuracy_horizontal>3.968</opentracks:accuracy_horizontal></extensions>
</trkpt>
<trkpt lat="50.447276" lon="-104.540388">
<ele>558.9</ele>
<time>2026-09-10T18:42:26.331-06:00</time>
<extensions>
<gpxtpx:TrackPointExtension>
<gpxtpx:speed>2.93</gpxtpx:speed>
</gpxtpx:TrackPointExtension>
<opentracks:accuracy_horizontal>3.94</opentracks:accuracy_horizontal></extensions>
</trkpt>
<trkpt lat="50.447187" lon="-104.540369">
<ele>558</ele>
<time>2026-09-10T18:42:29.34-06:00</time>
<extensions>
<gpxtpx:TrackPointExtension>
<gpxtpx:speed>3.09</gpxtpx:speed>
</gpxtpx:TrackPointExtension>
<opentracks:accuracy_horizontal>3.895</opentracks:accuracy_horizontal></extensions>
</trkpt>
<trkpt lat="50.447095" lon="-104.540374">
<ele>557.7</ele>
<time>2026-09-10T18:42:32.354-06:00</time>
<extensions>
<gpxtpx:TrackPointExtension>
<gpxtpx:speed>3.05</gpxtpx:speed>
</gpxtpx:TrackPointExtension>
<opentracks:accuracy_horizontal>3.873</opentracks:accuracy_horizontal></extensions>
</trkpt>
<trkpt lat="50.446991" lon="-104.540412">
<ele>557.6</ele>
<time>2026-09-10T18:42:36.321-06:00</time>
<extensions>
<gpxtpx:TrackPointExtension>
<gpxtpx:speed>2.98</gpxtpx:speed>
</gpxtpx:TrackPointExtension>
<opentracks:accuracy_horizontal>3.689</opentracks:accuracy_horizontal></extensions>
</trkpt>
<trkpt lat="50.446899" lon="-104.540392">
<ele>557.7</ele>
<time>2026-09-10T18:42:39.315-06:00</time>
<extensions>
<gpxtpx:TrackPointExtension>
<gpxtpx:speed>3.75</gpxtpx:speed>
</gpxtpx:TrackPointExtension>
<opentracks:accuracy_horizontal>3.722</opentracks:accuracy_horizontal></extensions>
</trkpt>
<trkpt lat="50.446789" lon="-104.540391">
<ele>557.4</ele>
<time>2026-09-10T18:42:42.321-06:00</time>
<extensions>
<gpxtpx:TrackPointExtension>
<gpxtpx:speed>3.68</gpxtpx:speed>
</gpxtpx:TrackPointExtension>
<opentracks:accuracy_horizontal>3.913</opentracks:accuracy_horizontal></extensions>
</trkpt>
<trkpt lat="50.446688" lon="-104.540388">
<ele>556.9</ele>
<time>2026-09-10T18:42:45.343-06:00</time>
<extensions>
<gpxtpx:TrackPointExtension>
<gpxtpx:speed>3.62</gpxtpx:speed>
</gpxtpx:TrackPointExtension>
<opentracks:accuracy_horizontal>3.851</opentracks:accuracy_horizontal></extensions>
</trkpt>
<trkpt lat="50.446571" lon="-104.540379">
<ele>557</ele>
<time>2026-09-10T18:42:48.332-06:00</time>
<extensions>
<gpxtpx:TrackPointExtension>
<gpxtpx:speed>4.06</gpxtpx:speed>
</gpxtpx:TrackPointExtension>
<opentracks:accuracy_horizontal>4.105</opentracks:accuracy_horizontal></extensions>
</trkpt>
<trkpt lat="50.446453" lon="-104.540368">
<ele>556.9</ele>
<time>2026-09-10T18:42:51.328-06:00</time>
<extensions>
<gpxtpx:TrackPointExtension>
<gpxtpx:speed>3.96</gpxtpx:speed>
</gpxtpx:TrackPointExtension>
<opentracks:accuracy_horizontal>4.396</opentracks:accuracy_horizontal></extensions>
</trkpt>
<trkpt lat="50.446335" lon="-104.540358">
<ele>557.1</ele>
<time>2026-09-10T18:42:54.349-06:00</time>
<extensions>
<gpxtpx:TrackPointExtension>
<gpxtpx:speed>3.4</gpxtpx:speed>
</gpxtpx:TrackPointExtension>
<opentracks:accuracy_horizontal>4.392</opentracks:accuracy_horizontal></extensions>
</trkpt>
<trkpt lat="50.44625" lon="-104.540292">
<ele>559.5</ele>
<time>2026-09-10T18:42:59.34-06:00</time>
<extensions>
<gpxtpx:TrackPointExtension>
<gpxtpx:speed>1.5</gpxtpx:speed>
</gpxtpx:TrackPointExtension>
<opentracks:accuracy_horizontal>4.539</opentracks:accuracy_horizontal></extensions>
</trkpt>
<trkpt lat="50.446187" lon="-104.54019">
<ele>557</ele>
<time>2026-09-10T18:43:04.316-06:00</time>
<extensions>
<gpxtpx:TrackPointExtension>
<gpxtpx:speed>1.73</gpxtpx:speed>
</gpxtpx:TrackPointExtension>
<opentracks:accuracy_horizontal>4.227</opentracks:accuracy_horizontal></extensions>
</trkpt>
<trkpt lat="50.446192" lon="-104.540026">
<ele>557.4</ele>
<time>2026-09-10T18:43:08.339-06:00</time>
<extensions>
<gpxtpx:TrackPointExtension>
<gpxtpx:speed>2.62</gpxtpx:speed>
</gpxtpx:TrackPointExtension>
<opentracks:accuracy_horizontal>4.451</opentracks:accuracy_horizontal></extensions>
</trkpt>
<trkpt lat="50.446204" lon="-104.539875">
<ele>556.9</ele>
<time>2026-09-10T18:43:12.336-06:00</time>
<extensions>
<gpxtpx:TrackPointExtension>
<gpxtpx:speed>2</gpxtpx:speed>
</gpxtpx:TrackPointExtension>
<opentracks:accuracy_horizontal>4.149</opentracks:accuracy_horizontal></extensions>
</trkpt>
<trkpt lat="50.446173" lon="-104.539713">
<ele>558.9</ele>
<time>2026-09-10T18:43:17.337-06:00</time>
<extensions>
<gpxtpx:TrackPointExtension>
<gpxtpx:speed>2.28</gpxtpx:speed>
</gpxtpx:TrackPointExtension>
<opentracks:accuracy_horizontal>3.814</opentracks:accuracy_horizontal></extensions>
</trkpt>
<trkpt lat="50.446173" lon="-104.539552">
<ele>558.6</ele>
<time>2026-09-10T18:43:22.343-06:00</time>
<extensions>
<gpxtpx:TrackPointExtension>
<gpxtpx:speed>1.73</gpxtpx:speed>
</gpxtpx:TrackPointExtension>
<opentracks:accuracy_horizontal>3.897</opentracks:accuracy_horizontal></extensions>
</trkpt>
<trkpt lat="50.44616" lon="-104.539374">
<ele>557.8</ele>
<time>2026-09-10T18:43:27.346-06:00</time>
<extensions>
<gpxtpx:TrackPointExtension>
<gpxtpx:speed>2.71</gpxtpx:speed>
</gpxtpx:TrackPointExtension>
<opentracks:accuracy_horizontal>3.962</opentracks:accuracy_horizontal></extensions>
</trkpt>
<trkpt lat="50.446143" lon="-104.539232">
<ele>556.5</ele>
<time>2026-09-10T18:43:31.332-06:00</time>
<extensions>
<gpxtpx:TrackPointExtension>
<gpxtpx:speed>3.05</gpxtpx:speed>
</gpxtpx:TrackPointExtension>
<opentracks:accuracy_horizontal>3.877</opentracks:accuracy_horizontal></extensions>
</trkpt>
<trkpt lat="50.446123" lon="-104.539074">
<ele>555.4</ele>
<time>2026-09-10T18:43:35.344-06:00</time>
<extensions>
<gpxtpx:TrackPointExtension>
<gpxtpx:speed>2.2</gpxtpx:speed>
</gpxtpx:TrackPointExtension>
<opentracks:accuracy_horizontal>4.145</opentracks:accuracy_horizontal></extensions>
</trkpt>
<trkpt lat="50.446103" lon="-104.538926">
<ele>557</ele>
<time>2026-09-10T18:43:40.319-06:00</time>
<extensions>
<gpxtpx:TrackPointExtension>
<gpxtpx:speed>2.49</gpxtpx:speed>
</gpxtpx:TrackPointExtension>
<opentracks:accuracy_horizontal>4.119</opentracks:accuracy_horizontal></extensions>
</trkpt>
<trkpt lat="50.44605" lon="-104.538792">
<ele>556.4</ele>
<time>2026-09-10T18:43:43.333-06:00</time>
<extensions>
<gpxtpx:TrackPointExtension>
<gpxtpx:speed>2.44</gpxtpx:speed>
</gpxtpx:TrackPointExtension>
<opentracks:accuracy_horizontal>4.178</opentracks:accuracy_horizontal></extensions>
</trkpt>
<trkpt lat="50.446003" lon="-104.538647">
<ele>556.4</ele>
<time>2026-09-10T18:43:47.354-06:00</time>
<extensions>
<gpxtpx:TrackPointExtension>
<gpxtpx:speed>3.66</gpxtpx:speed>
</gpxtpx:TrackPointExtension>
<opentracks:accuracy_horizontal>3.763</opentracks:accuracy_horizontal></extensions>
</trkpt>
<trkpt lat="50.445954" lon="-104.538485">
<ele>556.9</ele>
<time>2026-09-10T18:43:50.34-06:00</time>
<extensions>
<gpxtpx:TrackPointExtension>
<gpxtpx:speed>4.92</gpxtpx:speed>
</gpxtpx:TrackPointExtension>
<opentracks:accuracy_horizontal>3.833</opentracks:accuracy_horizontal></extensions>
</trkpt>
<trkpt lat="50.445882" lon="-104.538342">
<ele>556.9</ele>
<time>2026-09-10T18:43:52.334-06:00</time>
<extensions>
<gpxtpx:TrackPointExtension>
<gpxtpx:speed>6.38</gpxtpx:speed>
</gpxtpx:TrackPointExtension>
<opentracks:accuracy_horizontal>3.989</opentracks:accuracy_horizontal></extensions>
</trkpt>
<trkpt lat="50.445789" lon="-104.538186">
<ele>556.6</ele>
<time>2026-09-10T18:43:54.331-06:00</time>
<extensions>
<gpxtpx:TrackPointExtension>
<gpxtpx:speed>7.06</gpxtpx:speed>
</gpxtpx:TrackPointExtension>
<opentracks:accuracy_horizontal>4.021</opentracks:accuracy_horizontal></extensions>
</trkpt>
<trkpt lat="50.445688" lon="-104.538044">
<ele>557.3</ele>
<time>2026-09-10T18:43:56.322-06:00</time>
<extensions>
<gpxtpx:TrackPointExtension>
<gpxtpx:speed>6.18</gpxtpx:speed>
</gpxtpx:TrackPointExtension>
<opentracks:accuracy_horizontal>4.141</opentracks:accuracy_horizontal></extensions>
</trkpt>
<trkpt lat="50.445615" lon="-104.537936">
<ele>558.1</ele>
<time>2026-09-10T18:43:58.332-06:00</time>
<extensions>
<gpxtpx:TrackPointExtension>
<gpxtpx:speed>5.04</gpxtpx:speed>
</gpxtpx:TrackPointExtension>
<opentracks:accuracy_horizontal>4.155</opentracks:accuracy_horizontal></extensions>
</trkpt>
<trkpt lat="50.445501" lon="-104.537822">
<ele>559.2</ele>
<time>2026-09-10T18:44:01.349-06:00</time>
<extensions>
<gpxtpx:TrackPointExtension>
<gpxtpx:speed>4.66</gpxtpx:speed>
</gpxtpx:TrackPointExtension>
<opentracks:accuracy_horizontal>3.978</opentracks:accuracy_horizontal></extensions>
</trkpt>
<trkpt lat="50.445424" lon="-104.53773">
<ele>559.8</ele>
<time>2026-09-10T18:44:03.351-06:00</time>
<extensions>
<gpxtpx:TrackPointExtension>
<gpxtpx:speed>4.82</gpxtpx:speed>
</gpxtpx:TrackPointExtension>
<opentracks:accuracy_horizontal>4.172</opentracks:accuracy_horizontal></extensions>
</trkpt>
<trkpt lat="50.445353" lon="-104.537642">
<ele>560.2</ele>
<time>2026-09-10T18:44:05.353-06:00</time>
<extensions>
<gpxtpx:TrackPointExtension>
<gpxtpx:speed>5.09</gpxtpx:speed>
</gpxtpx:TrackPointExtension>
<opentracks:accuracy_horizontal>4.262</opentracks:accuracy_horizontal></extensions>
</trkpt>
<trkpt lat="50.445279" lon="-104.537557">
<ele>560.1</ele>
<time>2026-09-10T18:44:07.342-06:00</time>
<extensions>
<gpxtpx:TrackPointExtension>
<gpxtpx:speed>5.28</gpxtpx:speed>
</gpxtpx:TrackPointExtension>
<opentracks:accuracy_horizontal>4.161</opentracks:accuracy_horizontal></extensions>
</trkpt>
<trkpt lat="50.4452" lon="-104.537482">
<ele>560.1</ele>
<time>2026-09-10T18:44:09.344-06:00</time>
<extensions>
<gpxtpx:TrackPointExtension>
<gpxtpx:speed>4.16</gpxtpx:speed>
</gpxtpx:TrackPointExtension>
<opentracks:accuracy_horizontal>3.929</opentracks:accuracy_horizontal></extensions>
</trkpt>
<trkpt lat="50.445118" lon="-104.5374">
<ele>560.9</ele>
<time>2026-09-10T18:44:12.342-06:00</time>
<extensions>
<gpxtpx:TrackPointExtension>
<gpxtpx:speed>3.2</gpxtpx:speed>
</gpxtpx:TrackPointExtension>
<opentracks:accuracy_horizontal>3.644</opentracks:accuracy_horizontal></extensions>
</trkpt>
<trkpt lat="50.445034" lon="-104.537321">
<ele>560.8</ele>
<time>2026-09-10T18:44:15.343-06:00</time>
<extensions>
<gpxtpx:TrackPointExtension>
<gpxtpx:speed>3.83</gpxtpx:speed>
</gpxtpx:TrackPointExtension>
<opentracks:accuracy_horizontal>3.863</opentracks:accuracy_horizontal></extensions>
</trkpt>
<trkpt lat="50.444935" lon="-104.537208">
<ele>560.1</ele>
<time>2026-09-10T18:44:18.339-06:00</time>
<extensions>
<gpxtpx:TrackPointExtension>
<gpxtpx:speed>3.85</gpxtpx:speed>
</gpxtpx:TrackPointExtension>
<opentracks:accuracy_horizontal>3.887</opentracks:accuracy_horizontal></extensions>
</trkpt>
<trkpt lat="50.444873" lon="-104.53708">
<ele>560.4</ele>
<time>2026-09-10T18:44:21.342-06:00</time>
<extensions>
<gpxtpx:TrackPointExtension>
<gpxtpx:speed>3.33</gpxtpx:speed>
</gpxtpx:TrackPointExtension>
<opentracks:accuracy_horizontal>3.854</opentracks:accuracy_horizontal></extensions>
</trkpt>
<trkpt lat="50.444892" lon="-104.536896">
<ele>558.8</ele>
<time>2026-09-10T18:44:24.317-06:00</time>
<extensions>
<gpxtpx:TrackPointExtension>
<gpxtpx:speed>3.13</gpxtpx:speed>
</gpxtpx:TrackPointExtension>
<opentracks:accuracy_horizontal>3.843</opentracks:accuracy_horizontal></extensions>
</trkpt>
<trkpt lat="50.44492" lon="-104.536761">
<ele>557.7</ele>
<time>2026-09-10T18:44:28.35-06:00</time>
<extensions>
<gpxtpx:TrackPointExtension>
<gpxtpx:speed>2.32</gpxtpx:speed>
</gpxtpx:TrackPointExtension>
<opentracks:accuracy_horizontal>4.373</opentracks:accuracy_horizontal></extensions>
</trkpt>
<trkpt lat="50.444922" lon="-104.536581">
<ele>559</ele>
<time>2026-09-10T18:44:33.343-06:00</time>
<extensions>
<gpxtpx:TrackPointExtension>
<gpxtpx:speed>2.71</gpxtpx:speed>
</gpxtpx:TrackPointExtension>
<opentracks:accuracy_horizontal>4.853</opentracks:accuracy_horizontal></extensions>
</trkpt>
<trkpt lat="50.444925" lon="-104.536435">
<ele>560.6</ele>
<time>2026-09-10T18:44:37.324-06:00</time>
<extensions>
<gpxtpx:TrackPointExtension>
<gpxtpx:speed>2</gpxtpx:speed>
</gpxtpx:TrackPointExtension>
<opentracks:accuracy_horizontal>3.995</opentracks:accuracy_horizontal></extensions>
</trkpt>
<trkpt lat="50.444843" lon="-104.536353">
<ele>560.4</ele>
<time>2026-09-10T18:44:42.345-06:00</time>
<extensions>
<gpxtpx:TrackPointExtension>
<gpxtpx:speed>2.7</gpxtpx:speed>
</gpxtpx:TrackPointExtension>
<opentracks:accuracy_horizontal>3.931</opentracks:accuracy_horizontal></extensions>
</trkpt>
<trkpt lat="50.444738" lon="-104.536298">
<ele>560.5</ele>
<time>2026-09-10T18:44:46.346-06:00</time>
<extensions>
<gpxtpx:TrackPointExtension>
<gpxtpx:speed>3.11</gpxtpx:speed>
</gpxtpx:TrackPointExtension>
<opentracks:accuracy_horizontal>4.397</opentracks:accuracy_horizontal></extensions>
</trkpt>
<trkpt lat="50.444707" lon="-104.536144">
<ele>559.6</ele>
<time>2026-09-10T18:44:49.34-06:00</time>
<extensions>
<gpxtpx:TrackPointExtension>
<gpxtpx:speed>3.9</gpxtpx:speed>
</gpxtpx:TrackPointExtension>
<opentracks:accuracy_horizontal>4.282</opentracks:accuracy_horizontal></extensions>
</trkpt>
<trkpt lat="50.444699" lon="-104.535998">
<ele>559.2</ele>
<time>2026-09-10T18:44:51.313-06:00</time>
<extensions>
<gpxtpx:TrackPointExtension>
<gpxtpx:speed>4.48</gpxtpx:speed>
</gpxtpx:TrackPointExtension>
<opentracks:accuracy_horizontal>4.203</opentracks:accuracy_horizontal></extensions>
</trkpt>
<trkpt lat="50.444701" lon="-104.535818">
<ele>560.3</ele>
<time>2026-09-10T18:44:54.323-06:00</time>
<extensions>
<gpxtpx:TrackPointExtension>
<gpxtpx:speed>3.6</gpxtpx:speed>
</gpxtpx:TrackPointExtension>
<opentracks:accuracy_horizontal>3.621</opentracks:accuracy_horizontal></extensions>
</trkpt>
<trkpt lat="50.444688" lon="-104.535661">
<ele>560</ele>
<time>2026-09-10T18:44:58.321-06:00</time>
<extensions>
<gpxtpx:TrackPointExtension>
<gpxtpx:speed>1.94</gpxtpx:speed>
</gpxtpx:TrackPointExtension>
<opentracks:accuracy_horizontal>3.852</opentracks:accuracy_horizontal></extensions>
</trkpt>
<trkpt lat="50.444684" lon="-104.535497">
<ele>559.9</ele>
<time>2026-09-10T18:45:03.324-06:00</time>
<extensions>
<gpxtpx:TrackPointExtension>
<gpxtpx:speed>2.61</gpxtpx:speed>
</gpxtpx:TrackPointExtension>
<opentracks:accuracy_horizontal>4.38</opentracks:accuracy_horizontal></extensions>
</trkpt>
<trkpt lat="50.444689" lon="-104.535325">
<ele>560.6</ele>
<time>2026-09-10T18:45:07.327-06:00</time>
<extensions>
<gpxtpx:TrackPointExtension>
<gpxtpx:speed>3.19</gpxtpx:speed>
</gpxtpx:TrackPointExtension>
<opentracks:accuracy_horizontal>6.003</opentracks:accuracy_horizontal></extensions>
</trkpt>
<trkpt lat="50.444696" lon="-104.535162">
<ele>560.9</ele>
<time>2026-09-10T18:45:11.35-06:00</time>
<extensions>
<gpxtpx:TrackPointExtension>
<gpxtpx:speed>2.09</gpxtpx:speed>
</gpxtpx:TrackPointExtension>
<opentracks:accuracy_horizontal>5.038</opentracks:accuracy_horizontal></extensions>
</trkpt>
<trkpt lat="50.444704" lon="-104.535017">
<ele>561.3</ele>
<time>2026-09-10T18:45:17.343-06:00</time>
<extensions>
<gpxtpx:TrackPointExtension>
<gpxtpx:speed>1.06</gpxtpx:speed>
</gpxtpx:TrackPointExtension>
<opentracks:accuracy_horizontal>5.22</opentracks:accuracy_horizontal></extensions>
</trkpt>
<trkpt lat="50.444671" lon="-104.534827">
<ele>560.5</ele>
<time>2026-09-10T18:45:21.33-06:00</time>
<extensions>
<gpxtpx:TrackPointExtension>
<gpxtpx:speed>4.1</gpxtpx:speed>
</gpxtpx:TrackPointExtension>
<opentracks:accuracy_horizontal>4.86</opentracks:accuracy_horizontal></extensions>
</trkpt>
<trkpt lat="50.444669" lon="-104.534628">
<ele>561</ele>
<time>2026-09-10T18:45:24.341-06:00</time>
<extensions>
<gpxtpx:TrackPointExtension>
<gpxtpx:speed>3.9</gpxtpx:speed>
</gpxtpx:TrackPointExtension>
<opentracks:accuracy_horizontal>4.868</opentracks:accuracy_horizontal></extensions>
</trkpt>
<trkpt lat="50.444676" lon="-104.534443">
<ele>560.4</ele>
<time>2026-09-10T18:45:27.356-06:00</time>
<extensions>
<gpxtpx:TrackPointExtension>
<gpxtpx:speed>3.9</gpxtpx:speed>
</gpxtpx:TrackPointExtension>
<opentracks:accuracy_horizontal>4.861</opentracks:accuracy_horizontal></extensions>
</trkpt>
<trkpt lat="50.444684" lon="-104.534281">
<ele>558.6</ele>
<time>2026-09-10T18:45:30.332-06:00</time>
<extensions>
<gpxtpx:TrackPointExtension>
<gpxtpx:speed>3.73</gpxtpx:speed>
</gpxtpx:TrackPointExtension>
<opentracks:accuracy_horizontal>4.645</opentracks:accuracy_horizontal></extensions>
</trkpt>
<trkpt lat="50.444628" lon="-104.534393">
<ele>556.9</ele>
<time>2026-09-10T18:45:37.338-06:00</time>
<extensions>
<gpxtpx:TrackPointExtension>
<gpxtpx:speed>0</gpxtpx:speed>
</gpxtpx:TrackPointExtension>
<opentracks:accuracy_horizontal>5.037</opentracks:accuracy_horizontal></extensions>
</trkpt>
<trkpt lat="50.444612" lon="-104.534451">
<ele>559.6</ele>
<time>2026-09-10T18:45:47.339-06:00</time>
<extensions>
<gpxtpx:TrackPointExtension>
<gpxtpx:speed>0</gpxtpx:speed>
</gpxtpx:TrackPointExtension>
<opentracks:accuracy_horizontal>4.513</opentracks:accuracy_horizontal></extensions>
</trkpt>
<trkpt lat="50.444657" lon="-104.534429">
<ele>564.2</ele>
<time>2026-09-10T18:46:29.308-06:00</time>
<extensions>
<gpxtpx:TrackPointExtension>
<gpxtpx:speed>0</gpxtpx:speed>
</gpxtpx:TrackPointExtension>
<opentracks:accuracy_horizontal>4.833</opentracks:accuracy_horizontal></extensions>
</trkpt>
</trkseg>
</trk>
</gpx>
